junction_id,connection_id,issue,detail
1,0,connector_end_pose_mismatch,3.499999
1,2,connector_start_pose_mismatch,3.5
1,2,connector_end_pose_mismatch,3.5
1,3,connector_start_pose_mismatch,3.499997
10,0,connector_end_pose_mismatch,3.5
10,2,connector_end_pose_mismatch,3.5
87,2,connector_start_pose_mismatch,3.500001
87,2,connector_end_pose_mismatch,3.5
87,5,connector_start_pose_mismatch,3.5
87,5,connector_end_pose_mismatch,3.5
906,0,connector_end_pose_mismatch,3.5
907,0,connector_start_pose_mismatch,3.499999
907,0,connector_end_pose_mismatch,3.500001
909,6,connector_start_pose_mismatch,3.499999
909,6,connector_end_pose_mismatch,3.500001
910,2,connector_start_pose_mismatch,3.5
910,2,connector_end_pose_mismatch,3.5
910,5,connector_start_pose_mismatch,3.499999
910,5,connector_end_pose_mismatch,3.5
910,8,connector_start_pose_mismatch,3.5
910,8,connector_end_pose_mismatch,3.5
911,3,connector_start_pose_mismatch,3.5
911,3,connector_end_pose_mismatch,3.5
911,4,connector_end_pose_mismatch,6.999999
911,6,connector_start_pose_mismatch,3.5
911,6,connector_end_pose_mismatch,3.5
911,7,connector_start_pose_mismatch,7.0
912,1,connector_start_pose_mismatch,3.499999
912,1,connector_end_pose_mismatch,3.5
913,2,connector_start_pose_mismatch,3.500001
913,2,connector_end_pose_mismatch,3.5
913,5,connector_start_pose_mismatch,3.5
913,5,connector_end_pose_mismatch,3.5
88,2,connector_start_pose_mismatch,3.5
88,2,connector_end_pose_mismatch,3.5
88,5,connector_start_pose_mismatch,3.5
88,5,connector_end_pose_mismatch,3.5
915,2,connector_start_pose_mismatch,3.5
915,2,connector_end_pose_mismatch,3.5
915,5,connector_start_pose_mismatch,3.5
915,5,connector_end_pose_mismatch,3.5
915,8,connector_start_pose_mismatch,3.5
915,8,connector_end_pose_mismatch,3.5
916,0,connector_start_pose_mismatch,3.5
916,0,connector_end_pose_mismatch,3.5
917,0,connector_start_pose_mismatch,3.5
917,0,connector_end_pose_mismatch,3.5
919,6,connector_start_pose_mismatch,3.5
919,6,connector_end_pose_mismatch,3.5
920,3,connector_start_pose_mismatch,3.499999
920,3,connector_end_pose_mismatch,3.5
920,13,connector_start_pose_mismatch,3.499999
920,13,connector_end_pose_mismatch,3.5
922,3,connector_start_pose_mismatch,3.500001
922,3,connector_end_pose_mismatch,3.5
922,10,connector_start_pose_mismatch,3.5
922,10,connector_end_pose_mismatch,3.5
89,4,connector_start_pose_mismatch,3.499999
89,4,connector_end_pose_mismatch,3.5
89,7,connector_start_pose_mismatch,3.5
89,7,connector_end_pose_mismatch,3.5
923,6,connector_start_pose_mismatch,3.500001
923,6,connector_end_pose_mismatch,3.5
924,7,connector_start_pose_mismatch,3.499999
924,7,connector_end_pose_mismatch,3.5
926,2,connector_start_pose_mismatch,3.5
926,2,connector_end_pose_mismatch,3.5
926,5,connector_start_pose_mismatch,3.499999
926,5,connector_end_pose_mismatch,3.5
929,6,connector_start_pose_mismatch,3.499999
929,6,connector_end_pose_mismatch,3.5
90,4,connector_start_pose_mismatch,3.5
90,4,connector_end_pose_mismatch,3.5
90,7,connector_start_pose_mismatch,3.5
90,7,connector_end_pose_mismatch,3.499999
930,6,connector_start_pose_mismatch,3.5
930,6,connector_end_pose_mismatch,3.5
931,4,connector_start_pose_mismatch,3.5
931,4,connector_end_pose_mismatch,3.5
933,6,connector_start_pose_mismatch,3.5
933,6,connector_end_pose_mismatch,3.500001
934,2,connector_start_pose_mismatch,3.5
934,2,connector_end_pose_mismatch,3.5
934,5,connector_start_pose_mismatch,3.5
934,5,connector_end_pose_mismatch,3.5
934,8,connector_start_pose_mismatch,3.5
934,8,connector_end_pose_mismatch,3.5
935,0,connector_start_pose_mismatch,3.5
935,0,connector_end_pose_mismatch,3.5
936,9,connector_start_pose_mismatch,3.500001
936,9,connector_end_pose_mismatch,3.499999
936,13,connector_start_pose_mismatch,3.5
936,13,connector_end_pose_mismatch,3.5
91,2,connector_start_pose_mismatch,3.5
91,2,connector_end_pose_mismatch,3.5
91,5,connector_start_pose_mismatch,3.5
91,5,connector_end_pose_mismatch,3.5
91,8,connector_start_pose_mismatch,3.500001
91,8,connector_end_pose_mismatch,3.5
940,4,connector_start_pose_mismatch,3.5
940,4,connector_end_pose_mismatch,3.5
944,6,connector_start_pose_mismatch,3.5
944,6,connector_end_pose_mismatch,3.499999
945,2,connector_start_pose_mismatch,3.500001
945,2,connector_end_pose_mismatch,3.5
946,0,connector_start_pose_mismatch,3.5
946,0,connector_end_pose_mismatch,3.499999
947,2,connector_start_pose_mismatch,3.5
947,2,connector_end_pose_mismatch,3.5
947,5,connector_start_pose_mismatch,3.5
947,5,connector_end_pose_mismatch,3.5
947,8,connector_start_pose_mismatch,3.5
947,8,connector_end_pose_mismatch,3.5
948,2,connector_start_pose_mismatch,3.500001
948,2,connector_end_pose_mismatch,3.5
948,5,connector_start_pose_mismatch,3.5
948,5,connector_end_pose_mismatch,3.500001
92,0,connector_end_pose_mismatch,3.5
92,3,connector_start_pose_mismatch,3.5
92,3,connector_end_pose_mismatch,3.5
92,6,connector_start_pose_mismatch,3.5
92,6,connector_end_pose_mismatch,3.500001
92,7,connector_start_pose_mismatch,3.5
92,8,connector_start_pose_mismatch,3.5
949,0,connector_start_pose_mismatch,3.5
949,4,connector_end_pose_mismatch,3.500048
949,6,connector_start_pose_mismatch,3.5
949,6,connector_end_pose_mismatch,3.5
949,7,connector_start_pose_mismatch,7.0
949,8,connector_start_pose_mismatch,3.5
950,2,connector_start_pose_mismatch,3.5
950,2,connector_end_pose_mismatch,3.5
951,4,connector_start_pose_mismatch,3.5
951,4,connector_end_pose_mismatch,3.5
952,7,connector_start_pose_mismatch,3.5
952,7,connector_end_pose_mismatch,3.5
953,0,connector_start_pose_mismatch,3.500001
953,3,connector_end_pose_mismatch,3.5
953,4,connector_start_pose_mismatch,3.5
953,4,connector_end_pose_mismatch,3.5
954,2,connector_start_pose_mismatch,3.500001
954,2,connector_end_pose_mismatch,3.5
954,5,connector_start_pose_mismatch,3.5
954,5,connector_end_pose_mismatch,3.5
954,8,connector_start_pose_mismatch,3.5
954,8,connector_end_pose_mismatch,3.5
955,4,connector_start_pose_mismatch,3.5
955,4,connector_end_pose_mismatch,3.5
955,7,connector_start_pose_mismatch,3.5
955,7,connector_end_pose_mismatch,3.5
956,2,connector_start_pose_mismatch,3.500001
956,2,connector_end_pose_mismatch,3.5
956,8,connector_start_pose_mismatch,3.5
956,8,connector_end_pose_mismatch,3.5
957,4,connector_start_pose_mismatch,3.5
957,4,connector_end_pose_mismatch,3.500001
958,13,connector_start_pose_mismatch,3.5
958,13,connector_end_pose_mismatch,3.5
93,1,connector_start_pose_mismatch,3.500001
93,1,connector_end_pose_mismatch,3.5
959,4,connector_start_pose_mismatch,3.499999
959,4,connector_end_pose_mismatch,3.5
960,2,connector_start_pose_mismatch,3.5
960,2,connector_end_pose_mismatch,3.5
960,5,connector_start_pose_mismatch,3.5
960,5,connector_end_pose_mismatch,3.5
961,6,connector_start_pose_mismatch,3.5
961,6,connector_end_pose_mismatch,3.499999
961,10,connector_start_pose_mismatch,3.5
961,10,connector_end_pose_mismatch,3.5
962,6,connector_start_pose_mismatch,3.5
962,6,connector_end_pose_mismatch,3.500001
964,9,connector_start_pose_mismatch,3.5
964,9,connector_end_pose_mismatch,3.5
964,13,connector_start_pose_mismatch,3.5
964,13,connector_end_pose_mismatch,3.5
965,3,connector_start_pose_mismatch,3.5
965,3,connector_end_pose_mismatch,3.5
965,7,connector_start_pose_mismatch,3.500001
965,7,connector_end_pose_mismatch,3.499999
966,3,connector_start_pose_mismatch,3.500001
966,3,connector_end_pose_mismatch,3.5
966,10,connector_start_pose_mismatch,3.5
966,10,connector_end_pose_mismatch,3.5
966,14,connector_start_pose_mismatch,3.5
966,14,connector_end_pose_mismatch,3.5
94,2,connector_start_pose_mismatch,3.500001
94,2,connector_end_pose_mismatch,3.5
94,7,connector_start_pose_mismatch,3.5
94,7,connector_end_pose_mismatch,3.5
969,3,connector_start_pose_mismatch,3.499999
969,3,connector_end_pose_mismatch,3.500001
969,4,connector_end_pose_mismatch,3.5
969,6,connector_start_pose_mismatch,3.5
969,6,connector_end_pose_mismatch,3.5
969,7,connector_start_pose_mismatch,3.5
970,0,connector_start_pose_mismatch,3.5
970,0,connector_end_pose_mismatch,3.5
971,0,connector_start_pose_mismatch,3.500001
971,4,connector_start_pose_mismatch,3.5
971,6,connector_end_pose_mismatch,3.500001
971,7,connector_end_pose_mismatch,3.5
971,9,connector_start_pose_mismatch,3.5
971,9,connector_end_pose_mismatch,3.5
972,0,connector_end_pose_mismatch,3.5
972,1,connector_end_pose_mismatch,3.5
972,3,connector_start_pose_mismatch,3.5
972,3,connector_end_pose_mismatch,3.5
972,4,connector_start_pose_mismatch,3.5
972,8,connector_start_pose_mismatch,3.5
974,3,connector_start_pose_mismatch,3.5
974,3,connector_end_pose_mismatch,3.5
975,2,connector_start_pose_mismatch,3.5
975,2,connector_end_pose_mismatch,3.5
975,5,connector_start_pose_mismatch,3.5
975,5,connector_end_pose_mismatch,3.5
975,8,connector_start_pose_mismatch,3.5
975,8,connector_end_pose_mismatch,3.5
976,2,connector_start_pose_mismatch,3.5
976,2,connector_end_pose_mismatch,3.5
976,5,connector_start_pose_mismatch,3.5
976,5,connector_end_pose_mismatch,3.5
977,2,connector_start_pose_mismatch,3.5
977,2,connector_end_pose_mismatch,3.5
980,2,connector_start_pose_mismatch,3.5
980,2,connector_end_pose_mismatch,3.5
980,5,connector_start_pose_mismatch,3.5
980,5,connector_end_pose_mismatch,3.5
980,8,connector_start_pose_mismatch,3.5
980,8,connector_end_pose_mismatch,3.5
981,2,connector_start_pose_mismatch,3.5
981,2,connector_end_pose_mismatch,3.5
981,5,connector_start_pose_mismatch,3.5
981,5,connector_end_pose_mismatch,3.5
981,8,connector_start_pose_mismatch,3.499999
981,8,connector_end_pose_mismatch,3.5
982,3,connector_start_pose_mismatch,3.5
982,3,connector_end_pose_mismatch,3.5
982,7,connector_start_pose_mismatch,3.5
982,7,connector_end_pose_mismatch,3.5
982,11,connector_start_pose_mismatch,3.5
982,11,connector_end_pose_mismatch,3.5
982,15,connector_start_pose_mismatch,3.5
982,15,connector_end_pose_mismatch,3.5
983,5,connector_start_pose_mismatch,3.500001
983,5,connector_end_pose_mismatch,3.5
983,8,connector_start_pose_mismatch,3.5
983,8,connector_end_pose_mismatch,3.500001
984,0,connector_start_pose_mismatch,3.5
984,0,connector_end_pose_mismatch,3.5
985,2,connector_start_pose_mismatch,3.5
985,2,connector_end_pose_mismatch,3.5
985,7,connector_start_pose_mismatch,3.500001
985,7,connector_end_pose_mismatch,3.5
96,1,connector_start_pose_mismatch,3.500001
986,4,connector_start_pose_mismatch,3.5
986,4,connector_end_pose_mismatch,3.5
986,7,connector_start_pose_mismatch,3.5
986,7,connector_end_pose_mismatch,3.5
987,2,connector_start_pose_mismatch,3.5
987,2,connector_end_pose_mismatch,3.5
987,7,connector_start_pose_mismatch,3.5
987,7,connector_end_pose_mismatch,3.5
988,3,connector_start_pose_mismatch,3.499999
988,3,connector_end_pose_mismatch,3.500001
988,7,connector_start_pose_mismatch,3.5
988,7,connector_end_pose_mismatch,3.5
988,11,connector_start_pose_mismatch,3.499999
988,11,connector_end_pose_mismatch,3.5
989,0,connector_start_pose_mismatch,3.5
989,0,connector_end_pose_mismatch,3.5
990,2,connector_start_pose_mismatch,3.5
990,2,connector_end_pose_mismatch,3.5
990,5,connector_start_pose_mismatch,3.499999
990,5,connector_end_pose_mismatch,3.5
990,8,connector_start_pose_mismatch,3.5
990,8,connector_end_pose_mismatch,3.5
991,9,connector_start_pose_mismatch,3.5
991,9,connector_end_pose_mismatch,3.5
991,13,connector_start_pose_mismatch,3.499999
991,13,connector_end_pose_mismatch,3.5
992,2,connector_start_pose_mismatch,3.500001
992,2,connector_end_pose_mismatch,3.5
992,5,connector_start_pose_mismatch,3.5
992,5,connector_end_pose_mismatch,3.5
993,7,connector_start_pose_mismatch,3.499999
993,7,connector_end_pose_mismatch,3.500001
993,11,connector_start_pose_mismatch,3.500001
993,11,connector_end_pose_mismatch,3.5
993,15,connector_start_pose_mismatch,3.5
993,15,connector_end_pose_mismatch,3.5
994,4,connector_start_pose_mismatch,3.5
994,4,connector_end_pose_mismatch,3.5
994,7,connector_start_pose_mismatch,3.500001
994,7,connector_end_pose_mismatch,3.499999
97,1,connector_start_pose_mismatch,3.5
97,1,connector_end_pose_mismatch,3.5
996,4,connector_start_pose_mismatch,3.499999
996,4,connector_end_pose_mismatch,3.500001
996,7,connector_start_pose_mismatch,3.5
996,7,connector_end_pose_mismatch,3.5
997,2,connector_start_pose_mismatch,3.5
997,2,connector_end_pose_mismatch,3.500001
997,5,connector_start_pose_mismatch,3.500001
997,5,connector_end_pose_mismatch,3.5
997,8,connector_start_pose_mismatch,3.5
997,8,connector_end_pose_mismatch,3.5
998,2,connector_start_pose_mismatch,3.5
998,2,connector_end_pose_mismatch,3.499999
998,7,connector_start_pose_mismatch,3.500001
998,7,connector_end_pose_mismatch,3.5
999,2,connector_start_pose_mismatch,3.5
999,2,connector_end_pose_mismatch,3.5
999,4,connector_end_pose_mismatch,3.5
999,6,connector_start_pose_mismatch,3.5
999,6,connector_end_pose_mismatch,3.5
1000,0,connector_start_pose_mismatch,3.500001
1000,3,connector_start_pose_mismatch,3.500001
1000,3,connector_end_pose_mismatch,3.5
1000,4,connector_start_pose_mismatch,3.5
1000,4,connector_end_pose_mismatch,3.5
1000,6,connector_start_pose_mismatch,3.5
1000,6,connector_end_pose_mismatch,3.5
1000,7,connector_start_pose_mismatch,3.5
1000,10,connector_start_pose_mismatch,3.5
1000,10,connector_end_pose_mismatch,3.5
1001,4,connector_start_pose_mismatch,3.5
1001,4,connector_end_pose_mismatch,3.5
1003,4,connector_start_pose_mismatch,3.5
1003,4,connector_end_pose_mismatch,3.499999
1003,7,connector_start_pose_mismatch,3.499999
1003,7,connector_end_pose_mismatch,3.5
1004,3,connector_start_pose_mismatch,3.5
1004,3,connector_end_pose_mismatch,3.5
1004,13,connector_start_pose_mismatch,3.5
1004,13,connector_end_pose_mismatch,3.5
1005,4,connector_start_pose_mismatch,3.5
1005,4,connector_end_pose_mismatch,3.5
1005,7,connector_start_pose_mismatch,3.5
1005,7,connector_end_pose_mismatch,3.5
1006,2,connector_start_pose_mismatch,3.5
1006,2,connector_end_pose_mismatch,3.5
1006,5,connector_start_pose_mismatch,3.500001
1006,5,connector_end_pose_mismatch,3.5
1007,4,connector_start_pose_mismatch,3.5
1007,4,connector_end_pose_mismatch,3.5
1008,2,connector_start_pose_mismatch,3.5
1008,2,connector_end_pose_mismatch,3.5
1008,5,connector_start_pose_mismatch,3.5
1008,5,connector_end_pose_mismatch,3.5
596,10,connector_start_pose_mismatch,3.5
596,10,connector_end_pose_mismatch,3.5
596,14,connector_start_pose_mismatch,3.5
596,14,connector_end_pose_mismatch,3.5
99,2,connector_start_pose_mismatch,3.5
99,2,connector_end_pose_mismatch,3.500001
99,3,connector_end_pose_mismatch,3.500002
99,5,connector_start_pose_mismatch,3.500167
1011,3,connector_start_pose_mismatch,3.5
1011,3,connector_end_pose_mismatch,3.5
1011,7,connector_start_pose_mismatch,3.5
1011,7,connector_end_pose_mismatch,3.5
1011,11,connector_start_pose_mismatch,3.5
1011,11,connector_end_pose_mismatch,3.5
1011,15,connector_start_pose_mismatch,3.5
1011,15,connector_end_pose_mismatch,3.5
1012,2,connector_start_pose_mismatch,3.5
1012,2,connector_end_pose_mismatch,3.5
1012,3,connector_end_pose_mismatch,3.5
1012,5,connector_start_pose_mismatch,3.5
1012,5,connector_end_pose_mismatch,3.5
1012,6,connector_start_pose_mismatch,3.5
1013,2,connector_start_pose_mismatch,3.5
1013,2,connector_end_pose_mismatch,3.5
1013,5,connector_start_pose_mismatch,3.5
1013,5,connector_end_pose_mismatch,3.5
1013,8,connector_start_pose_mismatch,3.5
1013,8,connector_end_pose_mismatch,3.5
1014,4,connector_start_pose_mismatch,3.5
1014,4,connector_end_pose_mismatch,3.5
1014,7,connector_start_pose_mismatch,3.499999
1014,7,connector_end_pose_mismatch,3.5
1015,0,connector_start_pose_mismatch,3.5
1015,0,connector_end_pose_mismatch,3.5
4,1,connector_end_pose_mismatch,3.5
1017,2,connector_end_pose_mismatch,3.5
1018,0,connector_start_pose_mismatch,3.5
1018,3,connector_start_pose_mismatch,3.5
100,0,connector_start_pose_mismatch,3.5
100,1,connector_start_pose_mismatch,3.5
100,6,connector_start_pose_mismatch,3.5
100,6,connector_end_pose_mismatch,3.5
100,7,connector_start_pose_mismatch,3.5
100,8,connector_start_pose_mismatch,3.5
100,13,connector_start_pose_mismatch,3.499999
100,13,connector_end_pose_mismatch,3.5
1020,5,connector_start_pose_mismatch,3.5
1021,3,connector_start_pose_mismatch,3.5
1021,6,connector_start_pose_mismatch,3.5
1021,6,connector_end_pose_mismatch,3.5
1022,2,connector_start_pose_mismatch,3.5
1022,2,connector_end_pose_mismatch,3.5
1022,7,connector_start_pose_mismatch,3.500001
1022,7,connector_end_pose_mismatch,3.499999
2,2,connector_start_pose_mismatch,3.5
2,2,connector_end_pose_mismatch,3.500001
2,5,connector_start_pose_mismatch,3.5
2,5,connector_end_pose_mismatch,3.5
2,8,connector_start_pose_mismatch,3.5
2,8,connector_end_pose_mismatch,3.5
1024,0,connector_end_pose_mismatch,3.499997
1024,2,connector_start_pose_mismatch,3.499999
1024,2,connector_end_pose_mismatch,3.5
1024,5,connector_start_pose_mismatch,3.5
1024,5,connector_end_pose_mismatch,3.5
1024,8,connector_start_pose_mismatch,3.5
1024,8,connector_end_pose_mismatch,3.5
1025,9,connector_start_pose_mismatch,3.5
1025,9,connector_end_pose_mismatch,3.5
1025,13,connector_start_pose_mismatch,3.5
1025,13,connector_end_pose_mismatch,3.5
1026,3,connector_start_pose_mismatch,3.5
1026,3,connector_end_pose_mismatch,3.5
1026,7,connector_start_pose_mismatch,3.500001
1026,7,connector_end_pose_mismatch,3.5
1026,11,connector_start_pose_mismatch,3.5
1026,11,connector_end_pose_mismatch,3.5
1026,15,connector_start_pose_mismatch,3.5
1026,15,connector_end_pose_mismatch,3.5
1027,0,connector_end_pose_mismatch,3.500266
1027,4,connector_start_pose_mismatch,3.499999
1027,5,connector_start_pose_mismatch,3.499999
101,1,connector_end_pose_mismatch,3.5
1028,4,connector_start_pose_mismatch,3.5
1028,4,connector_end_pose_mismatch,3.5
1029,4,connector_start_pose_mismatch,3.5
1029,4,connector_end_pose_mismatch,3.5
1029,7,connector_start_pose_mismatch,3.5
1029,7,connector_end_pose_mismatch,3.5
1030,4,connector_start_pose_mismatch,3.5
1030,4,connector_end_pose_mismatch,3.5
1030,7,connector_start_pose_mismatch,3.5
1030,7,connector_end_pose_mismatch,3.5
1031,4,connector_start_pose_mismatch,3.5
1031,4,connector_end_pose_mismatch,3.5
1031,7,connector_start_pose_mismatch,3.5
1031,7,connector_end_pose_mismatch,3.5
1032,3,connector_start_pose_mismatch,3.5
1032,3,connector_end_pose_mismatch,3.5
1032,7,connector_start_pose_mismatch,3.5
1032,7,connector_end_pose_mismatch,3.5
1032,11,connector_start_pose_mismatch,3.5
1032,11,connector_end_pose_mismatch,3.5
1032,15,connector_start_pose_mismatch,3.5
1032,15,connector_end_pose_mismatch,3.5
1033,0,connector_end_pose_mismatch,3.499999
1033,3,connector_start_pose_mismatch,3.5
1033,3,connector_end_pose_mismatch,3.5
1033,7,connector_start_pose_mismatch,3.5
1033,7,connector_end_pose_mismatch,3.5
1033,11,connector_start_pose_mismatch,3.5
1033,11,connector_end_pose_mismatch,3.5
1033,15,connector_start_pose_mismatch,3.5
1033,15,connector_end_pose_mismatch,3.5
1034,0,connector_end_pose_mismatch,7.035218
1034,2,connector_start_pose_mismatch,3.499999
1034,2,connector_end_pose_mismatch,3.5
1034,4,connector_end_pose_mismatch,3.5
1035,4,connector_start_pose_mismatch,3.5
1035,4,connector_end_pose_mismatch,3.5
1035,7,connector_start_pose_mismatch,3.5
1035,7,connector_end_pose_mismatch,3.5
1036,1,connector_end_pose_mismatch,3.5
102,0,connector_end_pose_mismatch,3.5
1037,0,connector_end_pose_mismatch,3.5
1039,6,connector_start_pose_mismatch,3.5
1039,6,connector_end_pose_mismatch,3.5
1040,,high_connection_count,22
1040,4,connector_start_pose_mismatch,3.5
1040,4,connector_end_pose_mismatch,3.5
1040,21,connector_start_pose_mismatch,3.5
1040,21,connector_end_pose_mismatch,3.5
1041,3,connector_start_pose_mismatch,3.5
1041,3,connector_end_pose_mismatch,3.5
1041,7,connector_start_pose_mismatch,3.5
1041,7,connector_end_pose_mismatch,3.5
1041,11,connector_start_pose_mismatch,3.499999
1041,11,connector_end_pose_mismatch,3.5
1041,15,connector_start_pose_mismatch,3.5
1041,15,connector_end_pose_mismatch,3.5
1042,2,connector_start_pose_mismatch,3.5
1042,2,connector_end_pose_mismatch,3.5
1042,5,connector_start_pose_mismatch,3.5
1042,5,connector_end_pose_mismatch,3.5
1042,8,connector_start_pose_mismatch,3.5
1042,8,connector_end_pose_mismatch,3.5
1043,2,connector_end_pose_mismatch,3.499999
1044,3,connector_start_pose_mismatch,3.499999
1046,3,connector_start_pose_mismatch,3.5
1046,3,connector_end_pose_mismatch,3.5
1046,7,connector_start_pose_mismatch,3.5
1046,7,connector_end_pose_mismatch,3.500001
103,0,connector_end_pose_mismatch,3.5
1051,2,connector_start_pose_mismatch,3.5
1051,2,connector_end_pose_mismatch,3.5
1051,5,connector_start_pose_mismatch,3.499999
1051,5,connector_end_pose_mismatch,3.5
1052,4,connector_start_pose_mismatch,3.5
1052,4,connector_end_pose_mismatch,3.5
1055,3,connector_start_pose_mismatch,3.5
1055,3,connector_end_pose_mismatch,3.5
1057,2,connector_start_pose_mismatch,3.5
1057,2,connector_end_pose_mismatch,3.5
1057,5,connector_start_pose_mismatch,3.5
1057,5,connector_end_pose_mismatch,3.5
104,0,connector_start_pose_mismatch,3.5
104,2,connector_start_pose_mismatch,3.5
104,2,connector_end_pose_mismatch,3.5
1058,2,connector_start_pose_mismatch,3.5
1058,2,connector_end_pose_mismatch,3.5
378,3,connector_start_pose_mismatch,3.5
378,3,connector_end_pose_mismatch,3.5
378,7,connector_start_pose_mismatch,3.5
378,7,connector_end_pose_mismatch,3.5
1059,4,connector_start_pose_mismatch,3.5
1059,4,connector_end_pose_mismatch,3.5
1060,2,connector_start_pose_mismatch,3.500001
1060,2,connector_end_pose_mismatch,3.5
1060,5,connector_start_pose_mismatch,3.499999
1060,5,connector_end_pose_mismatch,3.5
1060,8,connector_start_pose_mismatch,3.5
1060,8,connector_end_pose_mismatch,3.5
1061,4,connector_start_pose_mismatch,3.5
1061,4,connector_end_pose_mismatch,3.5
1062,2,connector_start_pose_mismatch,3.5
1062,2,connector_end_pose_mismatch,3.5
1062,7,connector_start_pose_mismatch,3.5
1062,7,connector_end_pose_mismatch,3.5
1063,4,connector_start_pose_mismatch,3.5
1063,4,connector_end_pose_mismatch,3.5
1063,7,connector_start_pose_mismatch,3.5
1063,7,connector_end_pose_mismatch,3.5
1064,2,connector_start_pose_mismatch,3.500001
1064,2,connector_end_pose_mismatch,3.499999
1064,7,connector_start_pose_mismatch,3.500001
1064,7,connector_end_pose_mismatch,3.5
1065,2,connector_start_pose_mismatch,3.5
1065,2,connector_end_pose_mismatch,3.5
1066,2,connector_start_pose_mismatch,3.499999
1066,2,connector_end_pose_mismatch,3.5
1066,5,connector_start_pose_mismatch,3.5
1066,5,connector_end_pose_mismatch,3.5
1066,8,connector_start_pose_mismatch,3.5
1066,8,connector_end_pose_mismatch,3.5
105,1,connector_end_pose_mismatch,3.5
1068,2,connector_start_pose_mismatch,3.5
1068,2,connector_end_pose_mismatch,3.5
1069,2,connector_start_pose_mismatch,3.5
1069,2,connector_end_pose_mismatch,3.5
1069,5,connector_start_pose_mismatch,3.499999
1069,5,connector_end_pose_mismatch,3.5
1070,4,connector_start_pose_mismatch,3.499999
1070,4,connector_end_pose_mismatch,3.5
1070,7,connector_start_pose_mismatch,3.5
1070,7,connector_end_pose_mismatch,3.5
1071,2,connector_start_pose_mismatch,3.5
1071,2,connector_end_pose_mismatch,3.5
1071,5,connector_start_pose_mismatch,3.5
1071,5,connector_end_pose_mismatch,3.5
1072,2,connector_start_pose_mismatch,3.5
1072,2,connector_end_pose_mismatch,3.5
1073,0,connector_start_pose_mismatch,3.5
1074,9,connector_start_pose_mismatch,3.499999
1074,9,connector_end_pose_mismatch,3.5
1075,6,connector_start_pose_mismatch,3.5
1075,6,connector_end_pose_mismatch,3.5
106,2,connector_start_pose_mismatch,3.5
106,2,connector_end_pose_mismatch,3.5
106,5,connector_start_pose_mismatch,3.5
106,5,connector_end_pose_mismatch,3.5
106,8,connector_start_pose_mismatch,3.5
106,8,connector_end_pose_mismatch,3.5
1076,4,connector_start_pose_mismatch,3.5
1076,4,connector_end_pose_mismatch,3.5
1076,7,connector_start_pose_mismatch,3.5
1076,7,connector_end_pose_mismatch,3.5
1077,2,connector_start_pose_mismatch,3.5
1077,2,connector_end_pose_mismatch,3.5
1078,5,connector_start_pose_mismatch,3.5
1078,5,connector_end_pose_mismatch,3.5
1078,8,connector_start_pose_mismatch,3.500001
1078,8,connector_end_pose_mismatch,3.5
1079,4,connector_start_pose_mismatch,3.5
1079,4,connector_end_pose_mismatch,3.5
1080,4,connector_start_pose_mismatch,3.5
1080,4,connector_end_pose_mismatch,3.5
1083,6,connector_start_pose_mismatch,3.5
1083,6,connector_end_pose_mismatch,3.5
107,5,connector_start_pose_mismatch,3.5
107,8,connector_start_pose_mismatch,3.5
107,8,connector_end_pose_mismatch,3.500001
1086,2,connector_start_pose_mismatch,3.500001
1086,2,connector_end_pose_mismatch,3.499999
1086,7,connector_start_pose_mismatch,3.500001
1086,7,connector_end_pose_mismatch,3.5
1087,9,connector_start_pose_mismatch,3.5
1087,9,connector_end_pose_mismatch,3.5
1089,3,connector_start_pose_mismatch,3.5
1089,3,connector_end_pose_mismatch,3.5
1089,4,connector_end_pose_mismatch,3.5
1089,6,connector_start_pose_mismatch,3.499999
1089,9,connector_start_pose_mismatch,3.499999
1089,9,connector_end_pose_mismatch,3.5
1090,2,connector_start_pose_mismatch,3.5
1090,2,connector_end_pose_mismatch,3.500001
1090,3,connector_end_pose_mismatch,3.5
1090,7,connector_start_pose_mismatch,3.499999
1090,7,connector_end_pose_mismatch,3.5
1091,2,connector_start_pose_mismatch,3.5
1091,2,connector_end_pose_mismatch,3.5
1092,3,connector_start_pose_mismatch,3.5
1092,3,connector_end_pose_mismatch,3.5
1093,3,connector_start_pose_mismatch,3.5
1093,3,connector_end_pose_mismatch,3.5
108,1,connector_start_pose_mismatch,3.500001
1095,2,connector_start_pose_mismatch,3.5
1095,2,connector_end_pose_mismatch,3.5
1095,7,connector_start_pose_mismatch,3.5
1095,7,connector_end_pose_mismatch,3.500001
1096,4,connector_start_pose_mismatch,3.5
1096,4,connector_end_pose_mismatch,3.5
1096,7,connector_start_pose_mismatch,3.5
1096,7,connector_end_pose_mismatch,3.499999
1097,2,connector_start_pose_mismatch,3.5
1097,2,connector_end_pose_mismatch,3.5
1097,7,connector_start_pose_mismatch,3.5
1097,7,connector_end_pose_mismatch,3.5
1099,1,connector_end_pose_mismatch,3.5
1100,4,connector_start_pose_mismatch,3.5
1100,4,connector_end_pose_mismatch,3.5
1100,7,connector_start_pose_mismatch,3.5
1100,7,connector_end_pose_mismatch,3.5
1101,4,connector_start_pose_mismatch,3.5
1101,4,connector_end_pose_mismatch,3.5
1102,2,connector_start_pose_mismatch,3.5
1102,2,connector_end_pose_mismatch,3.5
1103,3,connector_start_pose_mismatch,3.500001
1103,3,connector_end_pose_mismatch,3.5
1103,7,connector_start_pose_mismatch,3.5
1103,7,connector_end_pose_mismatch,3.5
1103,11,connector_start_pose_mismatch,3.500001
1103,11,connector_end_pose_mismatch,3.5
1103,15,connector_start_pose_mismatch,3.5
1103,15,connector_end_pose_mismatch,3.5
109,13,connector_start_pose_mismatch,3.5
109,13,connector_end_pose_mismatch,3.5
1104,3,connector_start_pose_mismatch,3.499999
1104,3,connector_end_pose_mismatch,3.5
1104,7,connector_start_pose_mismatch,3.500001
1104,7,connector_end_pose_mismatch,3.5
1104,11,connector_start_pose_mismatch,3.5
1104,11,connector_end_pose_mismatch,3.5
1105,,high_connection_count,23
1105,4,connector_start_pose_mismatch,3.5
1105,4,connector_end_pose_mismatch,3.5
1105,13,connector_start_pose_mismatch,3.5
1105,13,connector_end_pose_mismatch,3.5
1105,18,connector_start_pose_mismatch,3.5
1105,18,connector_end_pose_mismatch,3.5
1106,3,connector_start_pose_mismatch,3.499999
1106,3,connector_end_pose_mismatch,3.5
1106,7,connector_start_pose_mismatch,3.5
1106,7,connector_end_pose_mismatch,3.5
1106,14,connector_start_pose_mismatch,3.5
1106,14,connector_end_pose_mismatch,3.5
1107,2,connector_start_pose_mismatch,3.5
1107,2,connector_end_pose_mismatch,3.5
1107,7,connector_start_pose_mismatch,3.5
1107,7,connector_end_pose_mismatch,3.5
1108,2,connector_end_pose_mismatch,3.5
1109,0,connector_end_pose_mismatch,3.5
1109,3,connector_start_pose_mismatch,3.5
1109,3,connector_end_pose_mismatch,3.5
1109,4,connector_start_pose_mismatch,7.0
1109,5,connector_start_pose_mismatch,3.5
1109,8,connector_end_pose_mismatch,3.499999
1109,12,connector_start_pose_mismatch,7.0
1109,13,connector_start_pose_mismatch,3.5
1110,3,connector_start_pose_mismatch,3.5
1110,3,connector_end_pose_mismatch,3.5
1110,7,connector_start_pose_mismatch,3.5
1110,7,connector_end_pose_mismatch,3.5
1110,11,connector_start_pose_mismatch,3.5
1110,11,connector_end_pose_mismatch,3.5
1110,15,connector_start_pose_mismatch,3.5
1110,15,connector_end_pose_mismatch,3.5
1111,2,connector_start_pose_mismatch,3.5
1111,2,connector_end_pose_mismatch,3.5
1111,7,connector_start_pose_mismatch,3.499999
1111,7,connector_end_pose_mismatch,3.5
1112,2,connector_start_pose_mismatch,3.499999
1112,2,connector_end_pose_mismatch,3.5
1112,5,connector_start_pose_mismatch,3.5
1112,5,connector_end_pose_mismatch,3.5
1112,8,connector_start_pose_mismatch,3.5
1112,8,connector_end_pose_mismatch,3.5
1113,3,connector_start_pose_mismatch,3.5
1113,3,connector_end_pose_mismatch,3.500001
1113,7,connector_start_pose_mismatch,3.5
1113,7,connector_end_pose_mismatch,3.5
1113,11,connector_start_pose_mismatch,3.5
1113,11,connector_end_pose_mismatch,3.5
1113,15,connector_start_pose_mismatch,3.499999
1113,15,connector_end_pose_mismatch,3.5
110,2,connector_start_pose_mismatch,3.5
110,2,connector_end_pose_mismatch,3.5
110,5,connector_start_pose_mismatch,3.5
110,5,connector_end_pose_mismatch,3.5
110,8,connector_start_pose_mismatch,3.5
110,8,connector_end_pose_mismatch,3.5
1114,2,connector_start_pose_mismatch,3.5
1114,2,connector_end_pose_mismatch,3.5
1114,7,connector_start_pose_mismatch,3.5
1114,7,connector_end_pose_mismatch,3.5
1115,2,connector_start_pose_mismatch,3.5
1115,2,connector_end_pose_mismatch,3.5
1115,7,connector_start_pose_mismatch,3.5
1115,7,connector_end_pose_mismatch,3.500001
1116,6,connector_start_pose_mismatch,3.5
1116,6,connector_end_pose_mismatch,3.5
1116,13,connector_start_pose_mismatch,3.499999
1116,13,connector_end_pose_mismatch,3.5
1117,4,connector_start_pose_mismatch,3.5
1117,4,connector_end_pose_mismatch,3.5
1117,7,connector_start_pose_mismatch,3.5
1117,7,connector_end_pose_mismatch,3.5
1118,3,connector_start_pose_mismatch,3.5
1118,3,connector_end_pose_mismatch,3.5
1118,10,connector_start_pose_mismatch,3.500001
1118,10,connector_end_pose_mismatch,3.5
1118,14,connector_start_pose_mismatch,3.5
1118,14,connector_end_pose_mismatch,3.5
1119,4,connector_start_pose_mismatch,3.5
1119,4,connector_end_pose_mismatch,3.5
1119,7,connector_start_pose_mismatch,3.5
1119,7,connector_end_pose_mismatch,3.5
1120,6,connector_start_pose_mismatch,3.5
1120,6,connector_end_pose_mismatch,3.5
1120,10,connector_start_pose_mismatch,3.5
1120,10,connector_end_pose_mismatch,3.5
1120,14,connector_start_pose_mismatch,3.5
1120,14,connector_end_pose_mismatch,3.5
1121,3,connector_start_pose_mismatch,3.5
1121,3,connector_end_pose_mismatch,3.5
1121,7,connector_start_pose_mismatch,3.499999
1121,7,connector_end_pose_mismatch,3.5
1121,14,connector_start_pose_mismatch,3.5
1121,14,connector_end_pose_mismatch,3.5
1122,2,connector_start_pose_mismatch,3.499999
1122,2,connector_end_pose_mismatch,3.5
1122,7,connector_start_pose_mismatch,3.5
1122,7,connector_end_pose_mismatch,3.5
1123,2,connector_start_pose_mismatch,3.499999
1123,2,connector_end_pose_mismatch,3.5
111,1,connector_end_pose_mismatch,3.5
1124,4,connector_start_pose_mismatch,3.5
1124,4,connector_end_pose_mismatch,3.5
1125,2,connector_start_pose_mismatch,3.5
1125,2,connector_end_pose_mismatch,3.5
1125,5,connector_start_pose_mismatch,3.500001
1125,5,connector_end_pose_mismatch,3.5
1125,8,connector_start_pose_mismatch,3.5
1125,8,connector_end_pose_mismatch,3.5
470,2,connector_start_pose_mismatch,3.5
470,2,connector_end_pose_mismatch,3.5
1129,2,connector_start_pose_mismatch,3.5
1129,2,connector_end_pose_mismatch,3.5
1129,5,connector_start_pose_mismatch,3.5
1129,5,connector_end_pose_mismatch,3.5
1130,3,connector_start_pose_mismatch,3.5
1130,3,connector_end_pose_mismatch,3.5
1130,4,connector_end_pose_mismatch,3.5
1130,6,connector_start_pose_mismatch,3.5
1130,6,connector_end_pose_mismatch,3.500001
1130,7,connector_start_pose_mismatch,3.5
1131,1,connector_start_pose_mismatch,3.5
1131,1,connector_end_pose_mismatch,3.5
1131,5,connector_start_pose_mismatch,3.5
1131,5,connector_end_pose_mismatch,3.500001
1132,3,connector_start_pose_mismatch,3.5
1132,3,connector_end_pose_mismatch,3.5
1132,7,connector_start_pose_mismatch,3.5
1132,7,connector_end_pose_mismatch,3.499999
1132,11,connector_start_pose_mismatch,3.5
1132,11,connector_end_pose_mismatch,3.5
1132,15,connector_start_pose_mismatch,3.5
1132,15,connector_end_pose_mismatch,3.500001
112,0,connector_start_pose_mismatch,3.499999
112,1,connector_start_pose_mismatch,3.499999
112,2,connector_start_pose_mismatch,3.5
112,6,connector_start_pose_mismatch,3.500001
112,6,connector_end_pose_mismatch,3.5
1133,4,connector_start_pose_mismatch,3.500001
1133,4,connector_end_pose_mismatch,3.5
1137,6,connector_start_pose_mismatch,3.5
1137,6,connector_end_pose_mismatch,3.5
1138,7,connector_start_pose_mismatch,3.499999
1138,7,connector_end_pose_mismatch,3.500001
1139,4,connector_start_pose_mismatch,3.500001
1139,4,connector_end_pose_mismatch,3.499999
1140,2,connector_start_pose_mismatch,3.5
1140,2,connector_end_pose_mismatch,3.5
1140,5,connector_start_pose_mismatch,3.5
1140,5,connector_end_pose_mismatch,3.5
1140,8,connector_start_pose_mismatch,3.5
1140,8,connector_end_pose_mismatch,3.5
1141,2,connector_start_pose_mismatch,3.500001
1141,2,connector_end_pose_mismatch,3.499999
1141,5,connector_start_pose_mismatch,3.500001
1141,5,connector_end_pose_mismatch,3.5
1142,2,connector_start_pose_mismatch,3.499999
1142,2,connector_end_pose_mismatch,3.5
1142,5,connector_start_pose_mismatch,3.5
1142,5,connector_end_pose_mismatch,3.5
1142,8,connector_start_pose_mismatch,3.499999
1142,8,connector_end_pose_mismatch,3.5
1143,3,connector_start_pose_mismatch,3.5
1143,3,connector_end_pose_mismatch,3.5
1143,7,connector_start_pose_mismatch,3.5
1143,7,connector_end_pose_mismatch,3.5
1143,11,connector_start_pose_mismatch,3.5
1143,11,connector_end_pose_mismatch,3.5
1143,15,connector_start_pose_mismatch,3.5
1143,15,connector_end_pose_mismatch,3.5
1144,2,connector_start_pose_mismatch,3.5
1144,2,connector_end_pose_mismatch,3.5
1144,5,connector_start_pose_mismatch,3.499999
1144,5,connector_end_pose_mismatch,3.5
1144,8,connector_start_pose_mismatch,3.500001
1144,8,connector_end_pose_mismatch,3.5
1145,2,connector_start_pose_mismatch,3.5
1145,2,connector_end_pose_mismatch,3.5
1145,7,connector_start_pose_mismatch,3.500001
1145,7,connector_end_pose_mismatch,3.5
1146,3,connector_start_pose_mismatch,3.5
1146,3,connector_end_pose_mismatch,3.5
1146,11,connector_start_pose_mismatch,3.5
1146,11,connector_end_pose_mismatch,3.5
1146,15,connector_start_pose_mismatch,3.5
1146,15,connector_end_pose_mismatch,3.5
1146,19,connector_start_pose_mismatch,3.5
1146,19,connector_end_pose_mismatch,3.5
1150,2,connector_start_pose_mismatch,3.5
1150,2,connector_end_pose_mismatch,3.5
1151,2,connector_start_pose_mismatch,3.5
1151,2,connector_end_pose_mismatch,3.500001
1151,5,connector_start_pose_mismatch,3.5
1151,5,connector_end_pose_mismatch,3.5
335,10,connector_start_pose_mismatch,3.500001
335,10,connector_end_pose_mismatch,3.5
335,14,connector_start_pose_mismatch,3.5
335,14,connector_end_pose_mismatch,3.5
1154,3,connector_start_pose_mismatch,3.499999
1154,3,connector_end_pose_mismatch,3.5
1155,7,connector_start_pose_mismatch,3.5
1155,7,connector_end_pose_mismatch,3.5
1158,3,connector_start_pose_mismatch,3.5
1158,3,connector_end_pose_mismatch,3.5
1158,10,connector_start_pose_mismatch,3.5
1158,10,connector_end_pose_mismatch,3.5
1159,2,connector_start_pose_mismatch,3.5
1159,2,connector_end_pose_mismatch,3.5
1159,7,connector_start_pose_mismatch,3.5
1159,7,connector_end_pose_mismatch,3.5
1160,3,connector_start_pose_mismatch,3.500001
1160,3,connector_end_pose_mismatch,3.5
1160,10,connector_start_pose_mismatch,3.5
1160,10,connector_end_pose_mismatch,3.5
1160,14,connector_start_pose_mismatch,3.5
1160,14,connector_end_pose_mismatch,3.5
1161,2,connector_start_pose_mismatch,3.5
1161,2,connector_end_pose_mismatch,3.5
1163,2,connector_start_pose_mismatch,3.5
1163,2,connector_end_pose_mismatch,3.5
1165,2,connector_start_pose_mismatch,3.5
1165,2,connector_end_pose_mismatch,3.5
1165,5,connector_start_pose_mismatch,3.5
1165,5,connector_end_pose_mismatch,3.5
1166,2,connector_start_pose_mismatch,3.5
1166,2,connector_end_pose_mismatch,3.5
1166,7,connector_start_pose_mismatch,3.5
1166,7,connector_end_pose_mismatch,3.5
1167,2,connector_start_pose_mismatch,3.5
1167,2,connector_end_pose_mismatch,3.5
1167,5,connector_start_pose_mismatch,3.500001
1167,5,connector_end_pose_mismatch,3.5
1167,8,connector_start_pose_mismatch,3.5
1167,8,connector_end_pose_mismatch,3.5
1168,3,connector_start_pose_mismatch,3.5
1168,3,connector_end_pose_mismatch,3.5
1168,4,connector_start_pose_mismatch,7.0
1168,5,connector_start_pose_mismatch,3.5
1169,2,connector_end_pose_mismatch,3.5
1170,0,connector_start_pose_mismatch,3.500001
1170,0,connector_end_pose_mismatch,3.5
1171,3,connector_start_pose_mismatch,3.5
1171,3,connector_end_pose_mismatch,3.5
1173,2,connector_start_pose_mismatch,3.5
1173,2,connector_end_pose_mismatch,3.5
1173,5,connector_start_pose_mismatch,3.5
1173,5,connector_end_pose_mismatch,3.5
1175,2,connector_start_pose_mismatch,3.5
1175,2,connector_end_pose_mismatch,3.5
1175,5,connector_start_pose_mismatch,3.5
1175,5,connector_end_pose_mismatch,3.5
1176,2,connector_start_pose_mismatch,3.5
1176,2,connector_end_pose_mismatch,3.5
1176,7,connector_start_pose_mismatch,3.500001
1176,7,connector_end_pose_mismatch,3.499999
1178,4,connector_start_pose_mismatch,3.499999
1178,4,connector_end_pose_mismatch,3.5
1180,2,connector_start_pose_mismatch,3.5
1180,2,connector_end_pose_mismatch,3.5
1180,7,connector_start_pose_mismatch,3.5
1180,7,connector_end_pose_mismatch,3.5
12,2,connector_start_pose_mismatch,3.5
12,2,connector_end_pose_mismatch,3.5
12,8,connector_start_pose_mismatch,3.500001
12,8,connector_end_pose_mismatch,3.5
12,11,connector_start_pose_mismatch,3.5
12,11,connector_end_pose_mismatch,3.5
115,1,connector_start_pose_mismatch,3.500001
1181,3,connector_start_pose_mismatch,3.5
1181,3,connector_end_pose_mismatch,3.5
1181,4,connector_end_pose_mismatch,3.5
1181,6,connector_start_pose_mismatch,3.5
1181,6,connector_end_pose_mismatch,3.5
1181,7,connector_start_pose_mismatch,3.500001
1181,10,connector_start_pose_mismatch,3.500001
1181,10,connector_end_pose_mismatch,3.499999
1182,4,connector_start_pose_mismatch,3.5
1182,4,connector_end_pose_mismatch,3.5
1184,4,connector_start_pose_mismatch,3.5
1184,4,connector_end_pose_mismatch,3.5
1186,4,connector_start_pose_mismatch,3.5
1186,4,connector_end_pose_mismatch,3.5
1187,3,connector_start_pose_mismatch,3.5
1187,3,connector_end_pose_mismatch,3.5
1187,7,connector_start_pose_mismatch,3.5
1187,7,connector_end_pose_mismatch,3.5
1187,14,connector_start_pose_mismatch,3.5
1187,14,connector_end_pose_mismatch,3.5
1188,12,connector_start_pose_mismatch,3.5
1188,12,connector_end_pose_mismatch,3.5
1190,2,connector_start_pose_mismatch,3.5
1190,2,connector_end_pose_mismatch,3.5
1191,6,connector_start_pose_mismatch,3.5
1191,6,connector_end_pose_mismatch,3.5
1192,3,connector_start_pose_mismatch,3.5
1192,3,connector_end_pose_mismatch,3.5
1192,10,connector_start_pose_mismatch,3.499999
1192,10,connector_end_pose_mismatch,3.5
1192,14,connector_start_pose_mismatch,3.5
1192,14,connector_end_pose_mismatch,3.5
1195,2,connector_start_pose_mismatch,3.5
1195,2,connector_end_pose_mismatch,3.5
1195,5,connector_start_pose_mismatch,3.499999
1195,5,connector_end_pose_mismatch,3.5
1195,8,connector_start_pose_mismatch,3.5
1195,8,connector_end_pose_mismatch,3.5
1196,4,connector_start_pose_mismatch,3.5
1196,4,connector_end_pose_mismatch,3.5
1198,2,connector_start_pose_mismatch,3.500001
1198,2,connector_end_pose_mismatch,3.5
1198,5,connector_start_pose_mismatch,3.5
1198,5,connector_end_pose_mismatch,3.5
117,0,connector_start_pose_mismatch,3.5
117,0,connector_end_pose_mismatch,3.5
1200,2,connector_start_pose_mismatch,3.499999
1200,2,connector_end_pose_mismatch,3.5
1201,6,connector_start_pose_mismatch,3.5
1201,6,connector_end_pose_mismatch,3.5
1203,6,connector_start_pose_mismatch,3.5
1203,6,connector_end_pose_mismatch,3.5
1204,4,connector_start_pose_mismatch,3.499999
1204,4,connector_end_pose_mismatch,3.5
1204,7,connector_start_pose_mismatch,3.5
1204,7,connector_end_pose_mismatch,3.499999
1205,2,connector_start_pose_mismatch,3.5
1205,2,connector_end_pose_mismatch,3.5
1206,4,connector_start_pose_mismatch,3.5
1206,4,connector_end_pose_mismatch,3.499999
1207,4,connector_start_pose_mismatch,3.5
1207,4,connector_end_pose_mismatch,3.5
1208,4,connector_start_pose_mismatch,3.5
1208,4,connector_end_pose_mismatch,3.5
118,0,connector_end_pose_mismatch,3.5
118,4,connector_start_pose_mismatch,3.5
118,4,connector_end_pose_mismatch,3.5
1209,4,connector_start_pose_mismatch,3.5
1209,4,connector_end_pose_mismatch,3.5
1210,2,connector_start_pose_mismatch,3.5
1210,2,connector_end_pose_mismatch,3.5
1213,6,connector_start_pose_mismatch,3.5
1213,6,connector_end_pose_mismatch,3.500001
1215,4,connector_start_pose_mismatch,3.5
1215,4,connector_end_pose_mismatch,3.5
1216,2,connector_start_pose_mismatch,3.5
1216,2,connector_end_pose_mismatch,3.5
1216,7,connector_start_pose_mismatch,3.5
1216,7,connector_end_pose_mismatch,3.499999
1217,2,connector_start_pose_mismatch,3.499999
1217,2,connector_end_pose_mismatch,3.5
1217,5,connector_start_pose_mismatch,3.500001
1217,5,connector_end_pose_mismatch,3.5
1217,8,connector_start_pose_mismatch,3.5
1217,8,connector_end_pose_mismatch,3.5
1218,3,connector_start_pose_mismatch,3.5
1218,3,connector_end_pose_mismatch,3.5
1218,10,connector_start_pose_mismatch,3.5
1218,10,connector_end_pose_mismatch,3.5
1218,14,connector_start_pose_mismatch,3.499999
1218,14,connector_end_pose_mismatch,3.5
1219,2,connector_start_pose_mismatch,3.5
1219,2,connector_end_pose_mismatch,3.5
1219,5,connector_start_pose_mismatch,3.5
1219,5,connector_end_pose_mismatch,3.5
1219,8,connector_start_pose_mismatch,3.499999
1219,8,connector_end_pose_mismatch,3.5
1220,4,connector_start_pose_mismatch,3.5
1220,4,connector_end_pose_mismatch,3.499999
1221,3,connector_start_pose_mismatch,3.5
1221,3,connector_end_pose_mismatch,3.5
1221,7,connector_start_pose_mismatch,3.5
1221,7,connector_end_pose_mismatch,3.5
1221,11,connector_start_pose_mismatch,3.499999
1221,11,connector_end_pose_mismatch,3.5
1221,15,connector_start_pose_mismatch,3.5
1221,15,connector_end_pose_mismatch,3.5
1222,4,connector_start_pose_mismatch,3.5
1222,4,connector_end_pose_mismatch,3.5
1223,2,connector_start_pose_mismatch,3.5
1223,2,connector_end_pose_mismatch,3.5
1223,7,connector_start_pose_mismatch,3.5
1223,7,connector_end_pose_mismatch,3.5
1224,3,connector_start_pose_mismatch,3.5
1224,3,connector_end_pose_mismatch,3.5
1224,7,connector_start_pose_mismatch,3.5
1224,7,connector_end_pose_mismatch,3.5
1224,14,connector_start_pose_mismatch,3.5
1224,14,connector_end_pose_mismatch,3.5
1225,2,connector_start_pose_mismatch,3.499999
1225,2,connector_end_pose_mismatch,3.500001
1227,2,connector_start_pose_mismatch,3.5
1227,2,connector_end_pose_mismatch,3.5
1227,7,connector_start_pose_mismatch,3.499999
1227,7,connector_end_pose_mismatch,3.500001
120,0,connector_end_pose_mismatch,3.5
1228,2,connector_start_pose_mismatch,3.5
1228,2,connector_end_pose_mismatch,3.5
1228,5,connector_start_pose_mismatch,3.5
1228,5,connector_end_pose_mismatch,3.5
1228,8,connector_start_pose_mismatch,3.5
1228,8,connector_end_pose_mismatch,3.499999
1229,3,connector_start_pose_mismatch,3.5
1229,3,connector_end_pose_mismatch,3.5
1229,7,connector_start_pose_mismatch,3.5
1229,7,connector_end_pose_mismatch,3.5
1230,4,connector_start_pose_mismatch,3.5
1230,4,connector_end_pose_mismatch,3.5
1231,2,connector_start_pose_mismatch,3.5
1231,2,connector_end_pose_mismatch,3.499999
1231,5,connector_start_pose_mismatch,3.5
1231,5,connector_end_pose_mismatch,3.5
1232,2,connector_start_pose_mismatch,3.5
1232,2,connector_end_pose_mismatch,3.5
1232,5,connector_start_pose_mismatch,3.5
1232,5,connector_end_pose_mismatch,3.5
1232,8,connector_start_pose_mismatch,3.5
1232,8,connector_end_pose_mismatch,3.5
1234,6,connector_start_pose_mismatch,3.5
1234,6,connector_end_pose_mismatch,3.5
1235,6,connector_start_pose_mismatch,3.5
1235,6,connector_end_pose_mismatch,3.5
1236,2,connector_start_pose_mismatch,3.5
1236,2,connector_end_pose_mismatch,3.5
1237,2,connector_start_pose_mismatch,3.499999
1237,2,connector_end_pose_mismatch,3.5
1238,4,connector_start_pose_mismatch,3.5
1238,4,connector_end_pose_mismatch,3.5
1238,7,connector_start_pose_mismatch,3.500001
1238,7,connector_end_pose_mismatch,3.5
1239,2,connector_start_pose_mismatch,3.5
1239,2,connector_end_pose_mismatch,3.5
1240,2,connector_start_pose_mismatch,3.5
1240,2,connector_end_pose_mismatch,3.5
1240,5,connector_start_pose_mismatch,3.5
1240,5,connector_end_pose_mismatch,3.499999
1240,8,connector_start_pose_mismatch,3.5
1240,8,connector_end_pose_mismatch,3.5
1241,1,connector_end_pose_mismatch,3.5
1242,0,connector_end_pose_mismatch,3.5
1243,0,connector_end_pose_mismatch,3.5
1244,3,connector_end_pose_mismatch,3.5
1244,6,connector_start_pose_mismatch,3.499999
1245,0,connector_start_pose_mismatch,3.500001
1246,0,connector_start_pose_mismatch,3.5
1248,6,connector_start_pose_mismatch,3.5
1248,6,connector_end_pose_mismatch,3.5
1248,13,connector_start_pose_mismatch,3.5
1248,13,connector_end_pose_mismatch,3.500001
1250,4,connector_start_pose_mismatch,3.5
1250,4,connector_end_pose_mismatch,3.5
1251,2,connector_start_pose_mismatch,3.5
1251,2,connector_end_pose_mismatch,3.500001
1251,5,connector_start_pose_mismatch,3.499999
1251,5,connector_end_pose_mismatch,3.5
1252,6,connector_start_pose_mismatch,3.5
1252,6,connector_end_pose_mismatch,3.5
1253,9,connector_start_pose_mismatch,3.5
1253,9,connector_end_pose_mismatch,3.5
1253,13,connector_start_pose_mismatch,3.5
1253,13,connector_end_pose_mismatch,3.5
1254,2,connector_start_pose_mismatch,3.5
1254,2,connector_end_pose_mismatch,3.5
1254,5,connector_start_pose_mismatch,3.5
1254,5,connector_end_pose_mismatch,3.5
1255,3,connector_start_pose_mismatch,3.499999
1255,3,connector_end_pose_mismatch,3.5
1255,13,connector_start_pose_mismatch,3.499999
1255,13,connector_end_pose_mismatch,3.500001
1256,0,connector_start_pose_mismatch,3.5
1256,0,connector_end_pose_mismatch,3.5
1257,3,connector_start_pose_mismatch,3.5
1257,3,connector_end_pose_mismatch,3.5
1258,4,connector_start_pose_mismatch,3.5
1258,4,connector_end_pose_mismatch,3.5
1260,12,connector_start_pose_mismatch,3.5
1260,12,connector_end_pose_mismatch,3.5
1261,2,connector_start_pose_mismatch,3.499999
1261,2,connector_end_pose_mismatch,3.5
1261,5,connector_start_pose_mismatch,3.5
1261,5,connector_end_pose_mismatch,3.5
1261,8,connector_start_pose_mismatch,3.499999
1261,8,connector_end_pose_mismatch,3.5
1262,2,connector_start_pose_mismatch,3.5
1262,2,connector_end_pose_mismatch,3.5
1262,5,connector_start_pose_mismatch,3.5
1262,5,connector_end_pose_mismatch,3.5
1262,8,connector_start_pose_mismatch,3.5
1262,8,connector_end_pose_mismatch,3.5
124,0,connector_end_pose_mismatch,3.5
124,3,connector_start_pose_mismatch,3.5
124,3,connector_end_pose_mismatch,3.5
1264,2,connector_start_pose_mismatch,3.499999
1264,2,connector_end_pose_mismatch,3.5
1264,7,connector_start_pose_mismatch,3.499999
1264,7,connector_end_pose_mismatch,3.500001
1265,12,connector_start_pose_mismatch,3.5
1265,12,connector_end_pose_mismatch,3.5
1266,6,connector_start_pose_mismatch,3.5
1266,6,connector_end_pose_mismatch,3.5
1267,6,connector_start_pose_mismatch,3.5
1267,6,connector_end_pose_mismatch,3.5
1267,10,connector_start_pose_mismatch,3.500001
1267,10,connector_end_pose_mismatch,3.5
1267,14,connector_start_pose_mismatch,3.5
1267,14,connector_end_pose_mismatch,3.5
1268,2,connector_start_pose_mismatch,3.5
1268,2,connector_end_pose_mismatch,3.5
1268,5,connector_start_pose_mismatch,3.5
1268,5,connector_end_pose_mismatch,3.500001
1269,2,connector_start_pose_mismatch,3.5
1269,2,connector_end_pose_mismatch,3.5
1269,7,connector_start_pose_mismatch,3.5
1269,7,connector_end_pose_mismatch,3.5
1270,6,connector_start_pose_mismatch,3.5
1270,6,connector_end_pose_mismatch,3.5
125,0,connector_start_pose_mismatch,3.5
1271,6,connector_start_pose_mismatch,3.5
1271,6,connector_end_pose_mismatch,3.5
1272,6,connector_start_pose_mismatch,3.5
1272,6,connector_end_pose_mismatch,3.5
1272,13,connector_start_pose_mismatch,3.5
1272,13,connector_end_pose_mismatch,3.5
1273,2,connector_start_pose_mismatch,3.500001
1273,2,connector_end_pose_mismatch,3.5
1273,5,connector_start_pose_mismatch,3.5
1273,5,connector_end_pose_mismatch,3.5
1274,2,connector_start_pose_mismatch,3.499999
1274,2,connector_end_pose_mismatch,3.500001
1274,5,connector_start_pose_mismatch,3.5
1274,5,connector_end_pose_mismatch,3.5
1274,8,connector_start_pose_mismatch,3.5
1274,8,connector_end_pose_mismatch,3.5
1276,2,connector_start_pose_mismatch,3.5
1276,2,connector_end_pose_mismatch,3.5
1279,2,connector_start_pose_mismatch,3.500001
1279,2,connector_end_pose_mismatch,3.5
1279,5,connector_start_pose_mismatch,3.5
1279,5,connector_end_pose_mismatch,3.5
1279,8,connector_start_pose_mismatch,3.5
1279,8,connector_end_pose_mismatch,3.5
1280,2,connector_start_pose_mismatch,3.5
1280,2,connector_end_pose_mismatch,3.5
126,1,connector_end_pose_mismatch,3.5
1281,2,connector_start_pose_mismatch,3.5
1281,2,connector_end_pose_mismatch,3.5
1281,5,connector_start_pose_mismatch,3.5
1281,5,connector_end_pose_mismatch,3.5
1282,4,connector_start_pose_mismatch,3.5
1282,4,connector_end_pose_mismatch,3.499999
1282,7,connector_start_pose_mismatch,3.5
1282,7,connector_end_pose_mismatch,3.500001
1283,2,connector_start_pose_mismatch,3.5
1283,2,connector_end_pose_mismatch,3.5
1284,4,connector_start_pose_mismatch,3.5
1284,4,connector_end_pose_mismatch,3.5
1285,0,connector_start_pose_mismatch,3.5
1285,0,connector_end_pose_mismatch,3.5
1287,6,connector_start_pose_mismatch,3.5
1287,6,connector_end_pose_mismatch,3.5
1288,6,connector_start_pose_mismatch,3.5
1288,6,connector_end_pose_mismatch,3.5
1289,2,connector_start_pose_mismatch,3.5
1289,2,connector_end_pose_mismatch,3.5
1289,5,connector_start_pose_mismatch,3.5
1289,5,connector_end_pose_mismatch,3.5
1290,2,connector_start_pose_mismatch,3.5
1290,2,connector_end_pose_mismatch,3.5
1291,6,connector_start_pose_mismatch,3.5
1291,6,connector_end_pose_mismatch,3.5
1292,2,connector_start_pose_mismatch,3.499999
1292,2,connector_end_pose_mismatch,3.5
1292,5,connector_start_pose_mismatch,3.5
1292,5,connector_end_pose_mismatch,3.5
1292,8,connector_start_pose_mismatch,3.5
1292,8,connector_end_pose_mismatch,3.5
1294,2,connector_start_pose_mismatch,3.5
1294,2,connector_end_pose_mismatch,3.5
1294,7,connector_start_pose_mismatch,3.5
1294,7,connector_end_pose_mismatch,3.5
1295,2,connector_start_pose_mismatch,3.5
1295,2,connector_end_pose_mismatch,3.5
1295,7,connector_start_pose_mismatch,3.5
1295,7,connector_end_pose_mismatch,3.5
1296,9,connector_start_pose_mismatch,3.5
1296,9,connector_end_pose_mismatch,3.5
1296,13,connector_start_pose_mismatch,3.5
1296,13,connector_end_pose_mismatch,3.499999
1297,6,connector_start_pose_mismatch,3.5
1297,6,connector_end_pose_mismatch,3.5
1300,4,connector_start_pose_mismatch,3.5
1300,4,connector_end_pose_mismatch,3.5
1301,6,connector_start_pose_mismatch,3.5
1301,6,connector_end_pose_mismatch,3.5
1303,5,connector_start_pose_mismatch,3.5
1303,5,connector_end_pose_mismatch,3.5
1303,8,connector_start_pose_mismatch,3.5
1303,8,connector_end_pose_mismatch,3.5
1306,4,connector_start_pose_mismatch,3.5
1306,4,connector_end_pose_mismatch,3.5
1307,2,connector_start_pose_mismatch,3.5
1307,2,connector_end_pose_mismatch,3.5
1309,2,connector_start_pose_mismatch,3.5
1309,2,connector_end_pose_mismatch,3.5
1310,2,connector_start_pose_mismatch,3.500001
1310,2,connector_end_pose_mismatch,3.5
1311,4,connector_start_pose_mismatch,3.500001
1311,4,connector_end_pose_mismatch,3.5
1312,2,connector_start_pose_mismatch,3.499999
1312,2,connector_end_pose_mismatch,3.500001
1312,7,connector_start_pose_mismatch,3.5
1312,7,connector_end_pose_mismatch,3.5
1313,2,connector_start_pose_mismatch,3.5
1313,2,connector_end_pose_mismatch,3.5
1313,5,connector_start_pose_mismatch,3.499999
1313,5,connector_end_pose_mismatch,3.500001
1313,8,connector_start_pose_mismatch,3.5
1313,8,connector_end_pose_mismatch,3.5
1314,2,connector_start_pose_mismatch,3.5
1314,2,connector_end_pose_mismatch,3.5
1314,8,connector_start_pose_mismatch,3.5
1314,8,connector_end_pose_mismatch,3.5
1315,2,connector_start_pose_mismatch,3.5
1315,2,connector_end_pose_mismatch,3.5
1315,5,connector_start_pose_mismatch,3.5
1315,5,connector_end_pose_mismatch,3.5
1315,8,connector_start_pose_mismatch,3.500001
1315,8,connector_end_pose_mismatch,3.499999
1316,4,connector_start_pose_mismatch,3.5
1316,4,connector_end_pose_mismatch,3.5
1316,7,connector_start_pose_mismatch,3.499999
1316,7,connector_end_pose_mismatch,3.5
130,6,connector_start_pose_mismatch,3.5
130,6,connector_end_pose_mismatch,3.5
130,10,connector_start_pose_mismatch,3.5
130,10,connector_end_pose_mismatch,3.500001
1318,2,connector_start_pose_mismatch,3.500001
1318,2,connector_end_pose_mismatch,3.5
1318,5,connector_start_pose_mismatch,3.5
1318,5,connector_end_pose_mismatch,3.5
1318,8,connector_start_pose_mismatch,3.5
1318,8,connector_end_pose_mismatch,3.5
1319,2,connector_start_pose_mismatch,3.5
1319,2,connector_end_pose_mismatch,3.500001
1319,5,connector_start_pose_mismatch,3.5
1319,5,connector_end_pose_mismatch,3.5
1319,8,connector_start_pose_mismatch,3.5
1319,8,connector_end_pose_mismatch,3.5
1320,4,connector_start_pose_mismatch,3.5
1320,4,connector_end_pose_mismatch,3.5
1321,2,connector_start_pose_mismatch,3.500001
1321,2,connector_end_pose_mismatch,3.5
1321,5,connector_start_pose_mismatch,3.5
1321,5,connector_end_pose_mismatch,3.5
1321,8,connector_start_pose_mismatch,3.499999
1321,8,connector_end_pose_mismatch,3.5
1322,2,connector_start_pose_mismatch,3.5
1322,2,connector_end_pose_mismatch,3.5
1322,5,connector_start_pose_mismatch,3.499999
1322,5,connector_end_pose_mismatch,3.5
1322,8,connector_start_pose_mismatch,3.5
1322,8,connector_end_pose_mismatch,3.5
1323,2,connector_start_pose_mismatch,3.5
1323,2,connector_end_pose_mismatch,3.5
1323,5,connector_start_pose_mismatch,3.5
1323,5,connector_end_pose_mismatch,3.499999
1323,8,connector_start_pose_mismatch,3.5
1323,8,connector_end_pose_mismatch,3.5
1324,1,connector_start_pose_mismatch,3.5
1324,1,connector_end_pose_mismatch,3.5
1325,2,connector_start_pose_mismatch,3.500001
1325,2,connector_end_pose_mismatch,3.499999
1325,5,connector_start_pose_mismatch,3.5
1325,5,connector_end_pose_mismatch,3.5
1326,4,connector_start_pose_mismatch,3.499999
1326,4,connector_end_pose_mismatch,3.5
1327,2,connector_start_pose_mismatch,3.5
1327,2,connector_end_pose_mismatch,3.5
1330,4,connector_start_pose_mismatch,3.499999
1330,4,connector_end_pose_mismatch,3.5
1331,2,connector_start_pose_mismatch,3.5
1331,2,connector_end_pose_mismatch,3.5
1331,5,connector_start_pose_mismatch,3.5
1331,5,connector_end_pose_mismatch,3.5
1334,,high_connection_count,22
1334,8,connector_start_pose_mismatch,3.5
1334,8,connector_end_pose_mismatch,3.5
1334,21,connector_start_pose_mismatch,3.5
1334,21,connector_end_pose_mismatch,3.5
1335,6,connector_start_pose_mismatch,3.5
1335,6,connector_end_pose_mismatch,3.5
1335,13,connector_start_pose_mismatch,3.499999
1335,13,connector_end_pose_mismatch,3.5
132,4,connector_start_pose_mismatch,3.500001
132,4,connector_end_pose_mismatch,3.499999
1336,2,connector_start_pose_mismatch,3.5
1336,2,connector_end_pose_mismatch,3.5
1336,7,connector_start_pose_mismatch,3.5
1336,7,connector_end_pose_mismatch,3.5
1337,2,connector_start_pose_mismatch,3.5
1337,2,connector_end_pose_mismatch,3.5
1337,5,connector_start_pose_mismatch,3.5
1337,5,connector_end_pose_mismatch,3.5
1337,8,connector_start_pose_mismatch,3.5
1337,8,connector_end_pose_mismatch,3.5
1338,4,connector_start_pose_mismatch,3.5
1338,4,connector_end_pose_mismatch,3.500001
1338,7,connector_start_pose_mismatch,3.5
1338,7,connector_end_pose_mismatch,3.5
1339,2,connector_start_pose_mismatch,3.5
1339,2,connector_end_pose_mismatch,3.5
1342,2,connector_start_pose_mismatch,3.499999
1342,2,connector_end_pose_mismatch,3.5
1342,5,connector_start_pose_mismatch,3.499999
1342,5,connector_end_pose_mismatch,3.5
1343,2,connector_start_pose_mismatch,3.5
1343,2,connector_end_pose_mismatch,3.5
1343,5,connector_start_pose_mismatch,3.5
1343,5,connector_end_pose_mismatch,3.5
1343,8,connector_start_pose_mismatch,3.5
1343,8,connector_end_pose_mismatch,3.5
1345,2,connector_start_pose_mismatch,3.499999
1345,2,connector_end_pose_mismatch,3.5
1345,7,connector_start_pose_mismatch,3.5
1345,7,connector_end_pose_mismatch,3.5
1346,2,connector_start_pose_mismatch,3.5
1346,2,connector_end_pose_mismatch,3.5
1346,7,connector_start_pose_mismatch,3.5
1346,7,connector_end_pose_mismatch,3.5
1347,0,connector_start_pose_mismatch,3.5
1347,0,connector_end_pose_mismatch,3.5
1348,6,connector_start_pose_mismatch,3.5
1348,6,connector_end_pose_mismatch,3.5
1349,2,connector_start_pose_mismatch,3.5
1349,2,connector_end_pose_mismatch,3.5
1349,5,connector_start_pose_mismatch,3.5
1349,5,connector_end_pose_mismatch,3.5
1349,8,connector_start_pose_mismatch,3.5
1349,8,connector_end_pose_mismatch,3.5
1350,3,connector_start_pose_mismatch,3.5
1350,3,connector_end_pose_mismatch,3.5
1350,7,connector_start_pose_mismatch,3.499999
1350,7,connector_end_pose_mismatch,3.5
1351,4,connector_start_pose_mismatch,3.5
1351,4,connector_end_pose_mismatch,3.5
1352,2,connector_start_pose_mismatch,3.5
1352,2,connector_end_pose_mismatch,3.5
1352,7,connector_start_pose_mismatch,3.5
1352,7,connector_end_pose_mismatch,3.5
1353,2,connector_start_pose_mismatch,3.5
1353,2,connector_end_pose_mismatch,3.5
1353,7,connector_start_pose_mismatch,3.5
1353,7,connector_end_pose_mismatch,3.5
1355,1,connector_start_pose_mismatch,3.500001
1355,1,connector_end_pose_mismatch,3.499999
1356,2,connector_start_pose_mismatch,3.5
1356,2,connector_end_pose_mismatch,3.5
1356,5,connector_start_pose_mismatch,3.5
1356,5,connector_end_pose_mismatch,3.5
1356,8,connector_start_pose_mismatch,3.500001
1356,8,connector_end_pose_mismatch,3.5
1357,1,connector_start_pose_mismatch,3.5
1357,1,connector_end_pose_mismatch,3.5
1357,5,connector_start_pose_mismatch,3.5
1357,5,connector_end_pose_mismatch,3.5
1358,2,connector_start_pose_mismatch,3.5
1358,2,connector_end_pose_mismatch,3.5
1358,5,connector_start_pose_mismatch,3.499999
1358,5,connector_end_pose_mismatch,3.5
1358,8,connector_start_pose_mismatch,3.5
1358,8,connector_end_pose_mismatch,3.5
1360,6,connector_start_pose_mismatch,3.499999
1360,6,connector_end_pose_mismatch,3.5
1360,10,connector_start_pose_mismatch,3.500001
1360,10,connector_end_pose_mismatch,3.5
1362,4,connector_start_pose_mismatch,3.5
1362,4,connector_end_pose_mismatch,3.5
1362,7,connector_start_pose_mismatch,3.5
1362,7,connector_end_pose_mismatch,3.5
1363,6,connector_start_pose_mismatch,3.5
1363,6,connector_end_pose_mismatch,3.5
1363,13,connector_start_pose_mismatch,3.499999
1363,13,connector_end_pose_mismatch,3.500001
14,1,connector_end_pose_mismatch,3.5
3044,0,connector_start_pose_mismatch,3.5
3044,0,connector_end_pose_mismatch,3.5
1364,6,connector_start_pose_mismatch,3.499999
1364,6,connector_end_pose_mismatch,3.5
1364,10,connector_start_pose_mismatch,3.5
1364,10,connector_end_pose_mismatch,3.5
1364,14,connector_start_pose_mismatch,3.5
1364,14,connector_end_pose_mismatch,3.5
1365,6,connector_start_pose_mismatch,3.499999
1365,6,connector_end_pose_mismatch,3.5
1366,4,connector_start_pose_mismatch,3.5
1366,4,connector_end_pose_mismatch,3.5
1370,4,connector_start_pose_mismatch,3.499999
1370,4,connector_end_pose_mismatch,3.500001
1371,4,connector_start_pose_mismatch,3.5
1371,4,connector_end_pose_mismatch,3.5
1372,2,connector_start_pose_mismatch,3.5
1372,2,connector_end_pose_mismatch,3.5
1372,7,connector_start_pose_mismatch,3.5
1372,7,connector_end_pose_mismatch,3.499999
135,3,connector_start_pose_mismatch,3.5
135,3,connector_end_pose_mismatch,3.5
135,5,connector_end_pose_mismatch,3.5
135,8,connector_start_pose_mismatch,3.499999
135,8,connector_end_pose_mismatch,3.5
1373,4,connector_start_pose_mismatch,3.5
1373,4,connector_end_pose_mismatch,3.5
1373,7,connector_start_pose_mismatch,3.499999
1373,7,connector_end_pose_mismatch,3.5
1374,6,connector_start_pose_mismatch,3.5
1374,6,connector_end_pose_mismatch,3.5
1375,6,connector_start_pose_mismatch,3.5
1375,6,connector_end_pose_mismatch,3.5
1376,4,connector_start_pose_mismatch,3.5
1376,4,connector_end_pose_mismatch,3.5
1376,7,connector_start_pose_mismatch,3.5
1376,7,connector_end_pose_mismatch,3.5
1377,0,connector_end_pose_mismatch,3.5
1377,2,connector_start_pose_mismatch,3.5
1377,2,connector_end_pose_mismatch,3.5
1378,12,connector_start_pose_mismatch,3.5
1378,12,connector_end_pose_mismatch,3.5
1379,2,connector_start_pose_mismatch,3.5
1379,2,connector_end_pose_mismatch,3.5
1379,5,connector_start_pose_mismatch,3.5
1379,5,connector_end_pose_mismatch,3.5
1380,2,connector_start_pose_mismatch,3.5
1380,2,connector_end_pose_mismatch,3.5
1381,2,connector_start_pose_mismatch,3.5
1381,2,connector_end_pose_mismatch,3.5
1382,2,connector_start_pose_mismatch,3.500001
1382,2,connector_end_pose_mismatch,3.5
1382,5,connector_start_pose_mismatch,3.5
1382,5,connector_end_pose_mismatch,3.5
136,0,connector_end_pose_mismatch,7.0
136,1,connector_end_pose_mismatch,3.5
1383,2,connector_start_pose_mismatch,3.5
1383,2,connector_end_pose_mismatch,3.5
1383,5,connector_start_pose_mismatch,3.5
1383,5,connector_end_pose_mismatch,3.5
1384,6,connector_start_pose_mismatch,3.5
1384,6,connector_end_pose_mismatch,3.5
1384,13,connector_start_pose_mismatch,3.5
1384,13,connector_end_pose_mismatch,3.5
1385,12,connector_start_pose_mismatch,3.5
1385,12,connector_end_pose_mismatch,3.5
1387,2,connector_start_pose_mismatch,3.499999
1387,2,connector_end_pose_mismatch,3.500001
1388,4,connector_start_pose_mismatch,3.5
1388,4,connector_end_pose_mismatch,3.5
1389,4,connector_start_pose_mismatch,3.5
1389,4,connector_end_pose_mismatch,3.5
1389,7,connector_start_pose_mismatch,3.5
1389,7,connector_end_pose_mismatch,3.5
1390,2,connector_start_pose_mismatch,3.500001
1390,2,connector_end_pose_mismatch,3.5
657,1,connector_start_pose_mismatch,3.5
657,1,connector_end_pose_mismatch,3.5
1391,6,connector_start_pose_mismatch,3.5
1391,6,connector_end_pose_mismatch,3.5
1392,0,connector_start_pose_mismatch,3.5
1392,0,connector_end_pose_mismatch,3.5
1393,2,connector_start_pose_mismatch,3.500001
1393,2,connector_end_pose_mismatch,3.5
1393,5,connector_start_pose_mismatch,3.499999
1393,5,connector_end_pose_mismatch,3.5
1393,8,connector_start_pose_mismatch,3.5
1393,8,connector_end_pose_mismatch,3.5
1394,2,connector_start_pose_mismatch,3.5
1394,2,connector_end_pose_mismatch,3.5
1395,2,connector_start_pose_mismatch,3.5
1395,2,connector_end_pose_mismatch,3.5
1396,6,connector_start_pose_mismatch,3.5
1396,6,connector_end_pose_mismatch,3.5
1397,6,connector_start_pose_mismatch,3.499999
1397,6,connector_end_pose_mismatch,3.5
1397,13,connector_start_pose_mismatch,3.5
1397,13,connector_end_pose_mismatch,3.5
1398,0,connector_start_pose_mismatch,3.5
1398,0,connector_end_pose_mismatch,3.5
1399,2,connector_start_pose_mismatch,3.5
1399,2,connector_end_pose_mismatch,3.499999
1399,5,connector_start_pose_mismatch,3.5
1399,5,connector_end_pose_mismatch,3.5
1400,2,connector_start_pose_mismatch,3.5
1400,2,connector_end_pose_mismatch,3.5
1400,5,connector_start_pose_mismatch,3.5
1400,5,connector_end_pose_mismatch,3.5
1400,8,connector_start_pose_mismatch,3.500001
1400,8,connector_end_pose_mismatch,3.5
137,4,connector_end_pose_mismatch,3.5
137,5,connector_end_pose_mismatch,3.5
137,7,connector_start_pose_mismatch,3.499999
137,7,connector_end_pose_mismatch,3.5
137,8,connector_start_pose_mismatch,3.5
1401,0,connector_start_pose_mismatch,3.499999
1401,0,connector_end_pose_mismatch,3.5
1402,2,connector_start_pose_mismatch,3.5
1402,2,connector_end_pose_mismatch,3.5
1402,5,connector_start_pose_mismatch,3.500001
1402,5,connector_end_pose_mismatch,3.499999
1402,8,connector_start_pose_mismatch,3.500001
1402,8,connector_end_pose_mismatch,3.5
1403,2,connector_start_pose_mismatch,3.5
1403,2,connector_end_pose_mismatch,3.5
1403,5,connector_start_pose_mismatch,3.5
1403,5,connector_end_pose_mismatch,3.5
1403,8,connector_start_pose_mismatch,3.5
1403,8,connector_end_pose_mismatch,3.5
1404,2,connector_start_pose_mismatch,3.5
1404,2,connector_end_pose_mismatch,3.5
1404,5,connector_start_pose_mismatch,3.500001
1404,5,connector_end_pose_mismatch,3.5
1404,8,connector_start_pose_mismatch,3.5
1404,8,connector_end_pose_mismatch,3.5
1405,4,connector_start_pose_mismatch,3.5
1405,4,connector_end_pose_mismatch,3.5
1405,7,connector_start_pose_mismatch,3.5
1405,7,connector_end_pose_mismatch,3.5
1407,0,connector_start_pose_mismatch,3.5
1407,0,connector_end_pose_mismatch,3.5
1408,4,connector_start_pose_mismatch,3.500001
1408,4,connector_end_pose_mismatch,3.5
1408,7,connector_start_pose_mismatch,3.499999
1408,7,connector_end_pose_mismatch,3.5
1409,2,connector_start_pose_mismatch,3.5
1409,2,connector_end_pose_mismatch,3.5
1409,5,connector_start_pose_mismatch,3.5
1409,5,connector_end_pose_mismatch,3.5
1410,2,connector_start_pose_mismatch,3.5
1410,2,connector_end_pose_mismatch,3.5
1410,5,connector_start_pose_mismatch,3.5
1410,5,connector_end_pose_mismatch,3.5
138,0,connector_start_pose_mismatch,3.5
138,0,connector_end_pose_mismatch,3.5
1411,2,connector_start_pose_mismatch,3.5
1411,2,connector_end_pose_mismatch,3.5
1411,5,connector_start_pose_mismatch,3.5
1411,5,connector_end_pose_mismatch,3.5
1412,0,connector_start_pose_mismatch,3.5
1412,0,connector_end_pose_mismatch,3.499999
1414,3,connector_start_pose_mismatch,3.5
1414,3,connector_end_pose_mismatch,3.5
1414,10,connector_start_pose_mismatch,3.5
1414,10,connector_end_pose_mismatch,3.5
1415,2,connector_start_pose_mismatch,3.499999
1415,2,connector_end_pose_mismatch,3.5
1415,5,connector_start_pose_mismatch,3.5
1415,5,connector_end_pose_mismatch,3.5
1415,8,connector_start_pose_mismatch,3.5
1415,8,connector_end_pose_mismatch,3.5
1416,2,connector_start_pose_mismatch,3.5
1416,2,connector_end_pose_mismatch,3.5
1416,5,connector_start_pose_mismatch,3.5
1416,5,connector_end_pose_mismatch,3.499999
1416,8,connector_start_pose_mismatch,3.499999
1416,8,connector_end_pose_mismatch,3.5
1417,2,connector_start_pose_mismatch,3.5
1417,2,connector_end_pose_mismatch,3.5
1417,7,connector_start_pose_mismatch,3.5
1417,7,connector_end_pose_mismatch,3.5
1418,4,connector_start_pose_mismatch,3.5
1418,4,connector_end_pose_mismatch,3.5
1418,7,connector_start_pose_mismatch,3.5
1418,7,connector_end_pose_mismatch,3.5
1419,2,connector_start_pose_mismatch,3.5
1419,2,connector_end_pose_mismatch,3.5
1419,5,connector_start_pose_mismatch,3.5
1419,5,connector_end_pose_mismatch,3.5
1421,6,connector_start_pose_mismatch,3.499999
1421,6,connector_end_pose_mismatch,3.5
1422,2,connector_start_pose_mismatch,3.5
1422,2,connector_end_pose_mismatch,3.5
1423,0,connector_start_pose_mismatch,3.5
1423,0,connector_end_pose_mismatch,3.5
1424,4,connector_start_pose_mismatch,3.5
1424,4,connector_end_pose_mismatch,3.5
1427,12,connector_start_pose_mismatch,3.500001
1427,12,connector_end_pose_mismatch,3.499999
1428,3,connector_start_pose_mismatch,3.5
1428,3,connector_end_pose_mismatch,3.5
140,2,connector_start_pose_mismatch,3.5
140,2,connector_end_pose_mismatch,3.5
1429,7,connector_start_pose_mismatch,3.5
1429,7,connector_end_pose_mismatch,3.499999
1432,2,connector_start_pose_mismatch,3.5
1432,2,connector_end_pose_mismatch,3.5
1432,5,connector_start_pose_mismatch,3.500001
1432,5,connector_end_pose_mismatch,3.5
1433,4,connector_start_pose_mismatch,3.5
1433,4,connector_end_pose_mismatch,3.5
1434,4,connector_start_pose_mismatch,3.5
1434,4,connector_end_pose_mismatch,3.5
1435,6,connector_start_pose_mismatch,3.500001
1435,6,connector_end_pose_mismatch,3.499999
1438,4,connector_start_pose_mismatch,3.5
1438,4,connector_end_pose_mismatch,3.5
141,2,connector_start_pose_mismatch,3.5
141,2,connector_end_pose_mismatch,3.5
141,5,connector_start_pose_mismatch,3.500001
141,5,connector_end_pose_mismatch,3.5
1441,6,connector_start_pose_mismatch,3.500001
1441,6,connector_end_pose_mismatch,3.5
1442,2,connector_start_pose_mismatch,3.500001
1442,2,connector_end_pose_mismatch,3.5
1442,5,connector_start_pose_mismatch,3.5
1442,5,connector_end_pose_mismatch,3.5
1442,8,connector_start_pose_mismatch,3.5
1442,8,connector_end_pose_mismatch,3.5
1444,2,connector_start_pose_mismatch,3.5
1444,2,connector_end_pose_mismatch,3.500001
1444,7,connector_start_pose_mismatch,3.5
1444,7,connector_end_pose_mismatch,3.5
1445,4,connector_start_pose_mismatch,3.5
1445,4,connector_end_pose_mismatch,3.500001
1445,7,connector_start_pose_mismatch,3.5
1445,7,connector_end_pose_mismatch,3.5
1446,2,connector_start_pose_mismatch,3.5
1446,2,connector_end_pose_mismatch,3.5
1446,5,connector_start_pose_mismatch,3.5
1446,5,connector_end_pose_mismatch,3.5
1446,8,connector_start_pose_mismatch,3.500001
1446,8,connector_end_pose_mismatch,3.5
1447,1,connector_start_pose_mismatch,3.5
1447,1,connector_end_pose_mismatch,3.5
142,0,connector_end_pose_mismatch,3.5
142,3,connector_start_pose_mismatch,3.5
142,3,connector_end_pose_mismatch,3.5
142,7,connector_start_pose_mismatch,3.5
142,7,connector_end_pose_mismatch,3.5
142,11,connector_start_pose_mismatch,3.5
142,11,connector_end_pose_mismatch,3.5
1448,4,connector_start_pose_mismatch,3.500001
1448,4,connector_end_pose_mismatch,3.5
1448,7,connector_start_pose_mismatch,3.5
1448,7,connector_end_pose_mismatch,3.5
1449,5,connector_start_pose_mismatch,3.499999
1449,5,connector_end_pose_mismatch,3.5
1450,2,connector_start_pose_mismatch,3.5
1450,2,connector_end_pose_mismatch,3.5
1451,2,connector_start_pose_mismatch,3.5
1451,2,connector_end_pose_mismatch,3.5
1451,5,connector_start_pose_mismatch,3.5
1451,5,connector_end_pose_mismatch,3.5
1451,8,connector_start_pose_mismatch,3.5
1451,8,connector_end_pose_mismatch,3.5
1453,9,connector_start_pose_mismatch,3.500001
1453,9,connector_end_pose_mismatch,3.499999
1454,2,connector_start_pose_mismatch,3.500001
1454,2,connector_end_pose_mismatch,3.5
1454,5,connector_start_pose_mismatch,3.5
1454,5,connector_end_pose_mismatch,3.5
1454,8,connector_start_pose_mismatch,3.5
1454,8,connector_end_pose_mismatch,3.5
1455,2,connector_start_pose_mismatch,3.5
1455,2,connector_end_pose_mismatch,3.5
1455,5,connector_start_pose_mismatch,3.5
1455,5,connector_end_pose_mismatch,3.499999
1456,6,connector_start_pose_mismatch,3.5
1456,6,connector_end_pose_mismatch,3.5
1457,2,connector_start_pose_mismatch,3.5
1457,2,connector_end_pose_mismatch,3.5
1457,5,connector_start_pose_mismatch,3.5
1457,5,connector_end_pose_mismatch,3.5
15,2,connector_start_pose_mismatch,3.5
15,2,connector_end_pose_mismatch,3.5
15,5,connector_start_pose_mismatch,3.5
15,5,connector_end_pose_mismatch,3.5
15,8,connector_start_pose_mismatch,3.5
15,8,connector_end_pose_mismatch,3.5
143,0,connector_end_pose_mismatch,3.5
1458,6,connector_start_pose_mismatch,3.5
1458,6,connector_end_pose_mismatch,3.5
1460,2,connector_start_pose_mismatch,3.5
1460,2,connector_end_pose_mismatch,3.5
1460,5,connector_start_pose_mismatch,3.5
1460,5,connector_end_pose_mismatch,3.5
1460,8,connector_start_pose_mismatch,3.5
1460,8,connector_end_pose_mismatch,3.5
1461,0,connector_end_pose_mismatch,3.5
1461,3,connector_start_pose_mismatch,3.499999
1461,3,connector_end_pose_mismatch,3.5
1461,4,connector_start_pose_mismatch,7.0
1461,5,connector_start_pose_mismatch,3.5
1461,8,connector_start_pose_mismatch,3.5
1461,8,connector_end_pose_mismatch,3.5
1461,9,connector_end_pose_mismatch,3.5
1461,12,connector_start_pose_mismatch,3.5
1461,12,connector_end_pose_mismatch,3.500001
1461,13,connector_start_pose_mismatch,7.0
1461,14,connector_start_pose_mismatch,3.5
1461,17,connector_start_pose_mismatch,3.5
1461,17,connector_end_pose_mismatch,3.5
1067,6,connector_start_pose_mismatch,3.5
1067,6,connector_end_pose_mismatch,3.5
1463,3,connector_start_pose_mismatch,3.5
1463,3,connector_end_pose_mismatch,3.5
144,0,connector_start_pose_mismatch,3.5
144,1,connector_start_pose_mismatch,3.5
144,3,connector_start_pose_mismatch,3.5
144,3,connector_end_pose_mismatch,3.5
144,4,connector_start_pose_mismatch,3.500001
144,5,connector_start_pose_mismatch,3.500001
144,7,connector_start_pose_mismatch,3.500001
144,7,connector_end_pose_mismatch,3.5
144,8,connector_start_pose_mismatch,3.499999
144,8,connector_end_pose_mismatch,3.5
144,9,connector_start_pose_mismatch,3.499999
144,11,connector_start_pose_mismatch,3.499999
144,11,connector_end_pose_mismatch,3.5
144,12,connector_start_pose_mismatch,7.0
144,13,connector_start_pose_mismatch,3.5
144,16,connector_start_pose_mismatch,3.500001
144,16,connector_end_pose_mismatch,3.5
1465,2,connector_start_pose_mismatch,3.499999
1465,2,connector_end_pose_mismatch,3.5
1465,7,connector_start_pose_mismatch,3.5
1465,7,connector_end_pose_mismatch,3.5
1466,2,connector_start_pose_mismatch,3.499999
1466,2,connector_end_pose_mismatch,3.5
1467,0,connector_start_pose_mismatch,3.499999
1467,0,connector_end_pose_mismatch,3.500001
1468,6,connector_start_pose_mismatch,3.5
1468,6,connector_end_pose_mismatch,3.5
1469,0,connector_start_pose_mismatch,3.5
1469,0,connector_end_pose_mismatch,3.500001
1470,2,connector_start_pose_mismatch,3.5
1470,2,connector_end_pose_mismatch,3.5
1470,5,connector_start_pose_mismatch,3.499999
1470,5,connector_end_pose_mismatch,3.500001
1471,2,connector_start_pose_mismatch,3.5
1471,2,connector_end_pose_mismatch,3.5
1471,7,connector_start_pose_mismatch,3.500001
1471,7,connector_end_pose_mismatch,3.5
145,1,connector_end_pose_mismatch,3.5
1472,0,connector_start_pose_mismatch,3.5
1472,0,connector_end_pose_mismatch,3.5
1473,4,connector_start_pose_mismatch,3.5
1473,4,connector_end_pose_mismatch,3.5
1474,0,connector_start_pose_mismatch,3.500001
1474,0,connector_end_pose_mismatch,3.5
1475,2,connector_start_pose_mismatch,3.499999
1475,2,connector_end_pose_mismatch,3.5
1476,4,connector_start_pose_mismatch,3.5
1476,4,connector_end_pose_mismatch,3.5
1477,4,connector_start_pose_mismatch,3.5
1477,4,connector_end_pose_mismatch,3.5
1477,7,connector_start_pose_mismatch,3.5
1477,7,connector_end_pose_mismatch,3.5
1478,3,connector_start_pose_mismatch,3.5
1478,3,connector_end_pose_mismatch,3.5
1478,7,connector_start_pose_mismatch,3.5
1478,7,connector_end_pose_mismatch,3.500001
1479,4,connector_start_pose_mismatch,3.5
1479,4,connector_end_pose_mismatch,3.5
1479,7,connector_start_pose_mismatch,3.5
1479,7,connector_end_pose_mismatch,3.5
1480,4,connector_start_pose_mismatch,3.5
1480,4,connector_end_pose_mismatch,3.499999
1481,2,connector_start_pose_mismatch,3.500002
1481,2,connector_end_pose_mismatch,3.5
146,1,connector_start_pose_mismatch,3.5
146,1,connector_end_pose_mismatch,3.5
1483,2,connector_start_pose_mismatch,3.5
1483,2,connector_end_pose_mismatch,3.5
1486,6,connector_start_pose_mismatch,3.5
1486,6,connector_end_pose_mismatch,3.5
1487,4,connector_start_pose_mismatch,3.499999
1487,4,connector_end_pose_mismatch,3.5
1488,0,connector_start_pose_mismatch,3.5
1488,0,connector_end_pose_mismatch,3.5
1490,2,connector_start_pose_mismatch,3.5
1490,2,connector_end_pose_mismatch,3.500001
147,0,connector_start_pose_mismatch,3.5
147,2,connector_start_pose_mismatch,3.5
147,2,connector_end_pose_mismatch,3.5
147,3,connector_start_pose_mismatch,3.499999
147,4,connector_start_pose_mismatch,3.499999
147,5,connector_start_pose_mismatch,3.5
147,5,connector_end_pose_mismatch,3.5
147,8,connector_start_pose_mismatch,3.499999
147,8,connector_end_pose_mismatch,3.500001
1493,2,connector_start_pose_mismatch,3.499999
1493,2,connector_end_pose_mismatch,3.5
1494,8,connector_start_pose_mismatch,3.5
1494,8,connector_end_pose_mismatch,3.5
1495,5,connector_start_pose_mismatch,3.5
1495,5,connector_end_pose_mismatch,3.499999
2929,2,connector_start_pose_mismatch,3.5
2929,2,connector_end_pose_mismatch,3.499999
1497,4,connector_start_pose_mismatch,3.5
1497,4,connector_end_pose_mismatch,3.5
1499,6,connector_start_pose_mismatch,3.5
1499,6,connector_end_pose_mismatch,3.5
1500,2,connector_start_pose_mismatch,3.5
1500,2,connector_end_pose_mismatch,3.5
1500,5,connector_start_pose_mismatch,3.5
1500,5,connector_end_pose_mismatch,3.5
1500,8,connector_start_pose_mismatch,3.5
1500,8,connector_end_pose_mismatch,3.5
1501,0,connector_start_pose_mismatch,3.5
1501,0,connector_end_pose_mismatch,3.5
1502,3,connector_start_pose_mismatch,3.5
1502,3,connector_end_pose_mismatch,3.5
1502,4,connector_end_pose_mismatch,3.5
1502,6,connector_start_pose_mismatch,3.5
1502,6,connector_end_pose_mismatch,3.500001
1502,7,connector_start_pose_mismatch,3.500001
1503,4,connector_end_pose_mismatch,3.5
1503,6,connector_start_pose_mismatch,3.5
1503,6,connector_end_pose_mismatch,3.5
1503,7,connector_start_pose_mismatch,3.5
1503,10,connector_start_pose_mismatch,3.499999
1503,10,connector_end_pose_mismatch,3.5
1504,3,connector_start_pose_mismatch,3.5
1504,3,connector_end_pose_mismatch,3.5
1504,4,connector_end_pose_mismatch,3.5
1504,6,connector_start_pose_mismatch,3.5
1504,6,connector_end_pose_mismatch,3.5
1504,7,connector_start_pose_mismatch,3.500001
1504,10,connector_start_pose_mismatch,3.500001
1504,10,connector_end_pose_mismatch,3.499999
1505,2,connector_end_pose_mismatch,3.5
1506,3,connector_start_pose_mismatch,3.500001
1506,3,connector_end_pose_mismatch,3.5
1506,4,connector_end_pose_mismatch,3.5
1506,6,connector_start_pose_mismatch,3.500001
1506,6,connector_end_pose_mismatch,3.5
1506,7,connector_start_pose_mismatch,3.5
1506,10,connector_start_pose_mismatch,3.5
1506,10,connector_end_pose_mismatch,3.5
1507,0,connector_end_pose_mismatch,3.5
1507,3,connector_end_pose_mismatch,3.5
148,6,connector_start_pose_mismatch,3.5
148,6,connector_end_pose_mismatch,3.500001
1508,2,connector_start_pose_mismatch,3.499999
1508,2,connector_end_pose_mismatch,3.500001
1508,5,connector_start_pose_mismatch,3.499999
1508,5,connector_end_pose_mismatch,3.5
1508,8,connector_start_pose_mismatch,3.5
1508,8,connector_end_pose_mismatch,3.5
1509,4,connector_start_pose_mismatch,3.5
1509,4,connector_end_pose_mismatch,3.5
1509,7,connector_start_pose_mismatch,3.5
1509,7,connector_end_pose_mismatch,3.5
1510,2,connector_start_pose_mismatch,3.5
1510,2,connector_end_pose_mismatch,3.5
1510,5,connector_start_pose_mismatch,3.5
1510,5,connector_end_pose_mismatch,3.5
1510,8,connector_start_pose_mismatch,3.500001
1510,8,connector_end_pose_mismatch,3.5
1512,0,connector_start_pose_mismatch,3.499999
1512,1,connector_start_pose_mismatch,3.499999
1512,2,connector_end_pose_mismatch,3.5
1512,5,connector_end_pose_mismatch,3.5
1513,0,connector_end_pose_mismatch,3.5
1514,3,connector_end_pose_mismatch,7.0
1514,5,connector_start_pose_mismatch,3.5
1514,5,connector_end_pose_mismatch,3.5
1514,7,connector_end_pose_mismatch,3.5
1514,9,connector_start_pose_mismatch,3.5
1514,9,connector_end_pose_mismatch,3.5
1515,2,connector_start_pose_mismatch,3.5
1515,2,connector_end_pose_mismatch,3.5
1515,5,connector_start_pose_mismatch,3.5
1515,5,connector_end_pose_mismatch,3.5
1515,8,connector_start_pose_mismatch,3.5
1515,8,connector_end_pose_mismatch,3.5
1516,2,connector_start_pose_mismatch,3.5
1516,2,connector_end_pose_mismatch,3.5
1516,7,connector_start_pose_mismatch,3.5
1516,7,connector_end_pose_mismatch,3.5
1517,4,connector_start_pose_mismatch,3.5
1517,4,connector_end_pose_mismatch,3.5
149,0,connector_start_pose_mismatch,3.499999
149,4,connector_start_pose_mismatch,3.5
149,4,connector_end_pose_mismatch,3.5
1519,4,connector_start_pose_mismatch,3.5
1519,4,connector_end_pose_mismatch,3.5
1522,4,connector_start_pose_mismatch,3.5
1522,4,connector_end_pose_mismatch,3.5
1522,7,connector_start_pose_mismatch,3.499999
1522,7,connector_end_pose_mismatch,3.5
150,0,connector_end_pose_mismatch,3.5
1524,4,connector_start_pose_mismatch,3.499999
1524,4,connector_end_pose_mismatch,3.5
1525,2,connector_start_pose_mismatch,3.5
1525,2,connector_end_pose_mismatch,3.5
1526,2,connector_start_pose_mismatch,3.499999
1526,2,connector_end_pose_mismatch,3.500001
1526,7,connector_start_pose_mismatch,3.5
1526,7,connector_end_pose_mismatch,3.5
1527,6,connector_start_pose_mismatch,3.5
1527,6,connector_end_pose_mismatch,3.5
1528,6,connector_start_pose_mismatch,3.5
1528,6,connector_end_pose_mismatch,3.5
1529,0,connector_start_pose_mismatch,3.5
1529,0,connector_end_pose_mismatch,3.5
1530,4,connector_start_pose_mismatch,3.5
1530,4,connector_end_pose_mismatch,3.5
1530,7,connector_start_pose_mismatch,3.5
1530,7,connector_end_pose_mismatch,3.5
1532,2,connector_start_pose_mismatch,3.5
1532,2,connector_end_pose_mismatch,3.5
1532,5,connector_start_pose_mismatch,3.5
1532,5,connector_end_pose_mismatch,3.5
1533,3,connector_start_pose_mismatch,3.5
1533,3,connector_end_pose_mismatch,3.5
1533,7,connector_start_pose_mismatch,3.5
1533,7,connector_end_pose_mismatch,3.5
1533,11,connector_start_pose_mismatch,3.5
1533,11,connector_end_pose_mismatch,3.5
1533,15,connector_start_pose_mismatch,3.5
1533,15,connector_end_pose_mismatch,3.5
1534,4,connector_start_pose_mismatch,3.5
1534,4,connector_end_pose_mismatch,3.5
1534,7,connector_start_pose_mismatch,3.5
1534,7,connector_end_pose_mismatch,3.5
1535,2,connector_start_pose_mismatch,3.5
1535,2,connector_end_pose_mismatch,3.5
1535,5,connector_start_pose_mismatch,3.5
1535,5,connector_end_pose_mismatch,3.5
1535,8,connector_start_pose_mismatch,3.500001
1535,8,connector_end_pose_mismatch,3.5
1536,5,connector_start_pose_mismatch,3.5
1536,5,connector_end_pose_mismatch,3.5
1536,8,connector_start_pose_mismatch,3.5
1536,8,connector_end_pose_mismatch,3.5
1537,2,connector_start_pose_mismatch,3.5
1537,2,connector_end_pose_mismatch,3.5
1537,5,connector_start_pose_mismatch,3.499999
1537,5,connector_end_pose_mismatch,3.5
1537,8,connector_start_pose_mismatch,3.5
1537,8,connector_end_pose_mismatch,3.5
1538,7,connector_start_pose_mismatch,3.499999
1538,7,connector_end_pose_mismatch,3.5
1539,2,connector_start_pose_mismatch,3.5
1539,2,connector_end_pose_mismatch,3.5
1539,7,connector_start_pose_mismatch,3.499999
1539,7,connector_end_pose_mismatch,3.5
1540,2,connector_start_pose_mismatch,3.5
1540,2,connector_end_pose_mismatch,3.5
1540,5,connector_start_pose_mismatch,3.5
1540,5,connector_end_pose_mismatch,3.5
1541,2,connector_start_pose_mismatch,3.5
1541,2,connector_end_pose_mismatch,3.5
1541,5,connector_start_pose_mismatch,3.5
1541,5,connector_end_pose_mismatch,3.5
1542,2,connector_start_pose_mismatch,3.499999
1542,2,connector_end_pose_mismatch,3.5
1542,8,connector_start_pose_mismatch,3.5
1542,8,connector_end_pose_mismatch,3.5
1543,2,connector_start_pose_mismatch,3.5
1543,2,connector_end_pose_mismatch,3.5
1543,7,connector_start_pose_mismatch,3.5
1543,7,connector_end_pose_mismatch,3.5
1544,2,connector_start_pose_mismatch,3.5
1544,2,connector_end_pose_mismatch,3.5
1544,8,connector_start_pose_mismatch,3.5
1544,8,connector_end_pose_mismatch,3.5
1545,2,connector_start_pose_mismatch,3.5
1545,2,connector_end_pose_mismatch,3.5
1546,9,connector_start_pose_mismatch,3.499999
1546,9,connector_end_pose_mismatch,3.500001
1546,13,connector_start_pose_mismatch,3.5
1546,13,connector_end_pose_mismatch,3.5
1547,2,connector_start_pose_mismatch,3.499999
1547,2,connector_end_pose_mismatch,3.5
1547,5,connector_start_pose_mismatch,3.5
1547,5,connector_end_pose_mismatch,3.5
153,6,connector_start_pose_mismatch,3.5
153,6,connector_end_pose_mismatch,3.5
1549,3,connector_start_pose_mismatch,3.5
1549,3,connector_end_pose_mismatch,3.5
1549,7,connector_start_pose_mismatch,3.5
1549,7,connector_end_pose_mismatch,3.5
1550,4,connector_start_pose_mismatch,3.5
1550,4,connector_end_pose_mismatch,3.5
1550,7,connector_start_pose_mismatch,3.5
1550,7,connector_end_pose_mismatch,3.5
1552,2,connector_start_pose_mismatch,3.5
1552,2,connector_end_pose_mismatch,3.5
1553,12,connector_start_pose_mismatch,3.5
1553,12,connector_end_pose_mismatch,3.5
1554,2,connector_start_pose_mismatch,3.5
1554,2,connector_end_pose_mismatch,3.5
1554,5,connector_start_pose_mismatch,3.5
1554,5,connector_end_pose_mismatch,3.5
1555,2,connector_start_pose_mismatch,3.5
1555,2,connector_end_pose_mismatch,3.5
1555,5,connector_start_pose_mismatch,3.5
1555,5,connector_end_pose_mismatch,3.5
1556,6,connector_start_pose_mismatch,3.5
1556,6,connector_end_pose_mismatch,3.5
1556,13,connector_start_pose_mismatch,3.5
1556,13,connector_end_pose_mismatch,3.5
1558,2,connector_start_pose_mismatch,3.5
1558,2,connector_end_pose_mismatch,3.500001
1558,5,connector_start_pose_mismatch,3.5
1558,5,connector_end_pose_mismatch,3.499999
1560,4,connector_start_pose_mismatch,3.5
1560,4,connector_end_pose_mismatch,3.5
1561,4,connector_start_pose_mismatch,3.5
1561,4,connector_end_pose_mismatch,3.5
1562,4,connector_start_pose_mismatch,3.5
1562,4,connector_end_pose_mismatch,3.5
1563,2,connector_start_pose_mismatch,3.5
1563,2,connector_end_pose_mismatch,3.5
154,0,connector_end_pose_mismatch,3.5
1570,4,connector_start_pose_mismatch,3.5
1570,4,connector_end_pose_mismatch,3.5
1571,2,connector_start_pose_mismatch,3.5
1571,2,connector_end_pose_mismatch,3.499999
1571,5,connector_start_pose_mismatch,3.5
1571,5,connector_end_pose_mismatch,3.5
1572,4,connector_start_pose_mismatch,3.5
1572,4,connector_end_pose_mismatch,3.5
1572,7,connector_start_pose_mismatch,3.5
1572,7,connector_end_pose_mismatch,3.5
1573,2,connector_start_pose_mismatch,3.5
1573,2,connector_end_pose_mismatch,3.5
1573,5,connector_start_pose_mismatch,3.499999
1573,5,connector_end_pose_mismatch,3.5
1573,8,connector_start_pose_mismatch,3.499999
1573,8,connector_end_pose_mismatch,3.5
1574,2,connector_start_pose_mismatch,3.5
1574,2,connector_end_pose_mismatch,3.5
1574,5,connector_start_pose_mismatch,3.5
1574,5,connector_end_pose_mismatch,3.5
1574,8,connector_start_pose_mismatch,3.5
1574,8,connector_end_pose_mismatch,3.5
1575,2,connector_start_pose_mismatch,3.5
1575,2,connector_end_pose_mismatch,3.5
1575,5,connector_start_pose_mismatch,3.5
1575,5,connector_end_pose_mismatch,3.5
1576,4,connector_start_pose_mismatch,3.5
1576,4,connector_end_pose_mismatch,3.5
155,0,connector_start_pose_mismatch,3.5
155,4,connector_start_pose_mismatch,3.5
155,4,connector_end_pose_mismatch,3.5
155,7,connector_start_pose_mismatch,3.5
155,7,connector_end_pose_mismatch,3.5
1580,2,connector_start_pose_mismatch,3.5
1580,2,connector_end_pose_mismatch,3.5
1581,6,connector_start_pose_mismatch,3.5
1581,6,connector_end_pose_mismatch,3.5
1583,4,connector_start_pose_mismatch,3.5
1583,4,connector_end_pose_mismatch,3.499999
1584,6,connector_start_pose_mismatch,3.500001
1584,6,connector_end_pose_mismatch,3.5
1585,2,connector_start_pose_mismatch,3.5
1585,2,connector_end_pose_mismatch,3.5
1585,5,connector_start_pose_mismatch,3.5
1585,5,connector_end_pose_mismatch,3.5
156,1,connector_end_pose_mismatch,7.0
156,2,connector_end_pose_mismatch,3.5
1587,5,connector_start_pose_mismatch,3.5
1587,5,connector_end_pose_mismatch,3.5
1588,4,connector_start_pose_mismatch,3.5
1588,4,connector_end_pose_mismatch,3.5
1589,2,connector_start_pose_mismatch,3.5
1589,2,connector_end_pose_mismatch,3.5
1589,5,connector_start_pose_mismatch,3.5
1589,5,connector_end_pose_mismatch,3.5
1590,2,connector_start_pose_mismatch,3.5
1590,2,connector_end_pose_mismatch,3.5
1591,2,connector_start_pose_mismatch,3.5
1591,2,connector_end_pose_mismatch,3.5
1591,5,connector_start_pose_mismatch,3.499999
1591,5,connector_end_pose_mismatch,3.5
1591,8,connector_start_pose_mismatch,3.5
1591,8,connector_end_pose_mismatch,3.5
1592,0,connector_end_pose_mismatch,3.5
1592,3,connector_start_pose_mismatch,3.500001
1592,3,connector_end_pose_mismatch,3.5
1592,6,connector_start_pose_mismatch,3.5
1592,6,connector_end_pose_mismatch,3.500001
157,0,connector_start_pose_mismatch,3.5
157,0,connector_end_pose_mismatch,3.5
1594,4,connector_start_pose_mismatch,3.499999
1594,4,connector_end_pose_mismatch,3.500001
1597,6,connector_start_pose_mismatch,3.499999
1597,6,connector_end_pose_mismatch,3.500001
1598,6,connector_start_pose_mismatch,3.5
1598,6,connector_end_pose_mismatch,3.499999
1600,2,connector_start_pose_mismatch,3.5
1600,2,connector_end_pose_mismatch,3.499999
1600,5,connector_start_pose_mismatch,3.499999
1600,5,connector_end_pose_mismatch,3.5
1602,2,connector_start_pose_mismatch,3.5
1602,2,connector_end_pose_mismatch,3.5
1602,5,connector_start_pose_mismatch,3.5
1602,5,connector_end_pose_mismatch,3.500001
158,3,connector_start_pose_mismatch,3.5
158,3,connector_end_pose_mismatch,3.5
158,7,connector_start_pose_mismatch,3.5
158,7,connector_end_pose_mismatch,3.5
1603,4,connector_start_pose_mismatch,3.5
1603,4,connector_end_pose_mismatch,3.5
1603,7,connector_start_pose_mismatch,3.5
1603,7,connector_end_pose_mismatch,3.5
1604,4,connector_start_pose_mismatch,3.5
1604,4,connector_end_pose_mismatch,3.5
1604,7,connector_start_pose_mismatch,3.500001
1604,7,connector_end_pose_mismatch,3.5
1606,0,connector_start_pose_mismatch,3.5
1606,0,connector_end_pose_mismatch,3.5
3018,0,connector_start_pose_mismatch,3.500001
3018,0,connector_end_pose_mismatch,3.5
1610,9,connector_start_pose_mismatch,3.5
1610,9,connector_end_pose_mismatch,3.5
1611,2,connector_start_pose_mismatch,3.500001
1611,2,connector_end_pose_mismatch,3.5
1612,2,connector_start_pose_mismatch,3.5
1612,2,connector_end_pose_mismatch,3.5
1612,5,connector_start_pose_mismatch,3.5
1612,5,connector_end_pose_mismatch,3.5
1612,8,connector_start_pose_mismatch,3.5
1612,8,connector_end_pose_mismatch,3.499999
1614,2,connector_start_pose_mismatch,3.499999
1614,2,connector_end_pose_mismatch,3.500001
1615,2,connector_start_pose_mismatch,3.5
1615,2,connector_end_pose_mismatch,3.5
1616,4,connector_start_pose_mismatch,3.499999
1616,4,connector_end_pose_mismatch,3.5
1616,7,connector_start_pose_mismatch,3.5
1616,7,connector_end_pose_mismatch,3.5
1617,6,connector_start_pose_mismatch,3.5
1617,6,connector_end_pose_mismatch,3.5
1618,2,connector_start_pose_mismatch,3.5
1618,2,connector_end_pose_mismatch,3.5
1618,5,connector_start_pose_mismatch,3.499999
1618,5,connector_end_pose_mismatch,3.5
1618,8,connector_start_pose_mismatch,3.5
1618,8,connector_end_pose_mismatch,3.5
1619,2,connector_start_pose_mismatch,3.5
1619,2,connector_end_pose_mismatch,3.5
1619,5,connector_start_pose_mismatch,3.500001
1619,5,connector_end_pose_mismatch,3.5
1619,8,connector_start_pose_mismatch,3.5
1619,8,connector_end_pose_mismatch,3.5
1620,4,connector_start_pose_mismatch,3.5
1620,4,connector_end_pose_mismatch,3.5
1620,7,connector_start_pose_mismatch,3.5
1620,7,connector_end_pose_mismatch,3.5
1621,0,connector_start_pose_mismatch,3.5
1621,0,connector_end_pose_mismatch,3.5
1622,2,connector_start_pose_mismatch,3.5
1622,2,connector_end_pose_mismatch,3.5
1623,2,connector_start_pose_mismatch,3.5
1623,2,connector_end_pose_mismatch,3.5
1624,4,connector_start_pose_mismatch,3.500001
1624,4,connector_end_pose_mismatch,3.5
1625,2,connector_start_pose_mismatch,3.5
1625,2,connector_end_pose_mismatch,3.5
1625,5,connector_start_pose_mismatch,3.5
1625,5,connector_end_pose_mismatch,3.5
1626,2,connector_start_pose_mismatch,3.5
1626,2,connector_end_pose_mismatch,3.5
1626,5,connector_start_pose_mismatch,3.500001
1626,5,connector_end_pose_mismatch,3.5
1627,2,connector_start_pose_mismatch,3.5
1627,2,connector_end_pose_mismatch,3.5
1627,5,connector_start_pose_mismatch,3.5
1627,5,connector_end_pose_mismatch,3.5
1627,8,connector_start_pose_mismatch,3.5
1627,8,connector_end_pose_mismatch,3.5
1628,6,connector_start_pose_mismatch,3.500001
1628,6,connector_end_pose_mismatch,3.5
1629,2,connector_start_pose_mismatch,3.5
1629,2,connector_end_pose_mismatch,3.5
1629,5,connector_start_pose_mismatch,3.5
1629,5,connector_end_pose_mismatch,3.5
16,4,connector_start_pose_mismatch,3.5
16,4,connector_end_pose_mismatch,3.5
161,0,connector_end_pose_mismatch,3.5
1630,0,connector_start_pose_mismatch,3.5
1630,1,connector_start_pose_mismatch,3.5
1630,3,connector_start_pose_mismatch,3.5
1630,3,connector_end_pose_mismatch,3.500001
1630,7,connector_start_pose_mismatch,3.5
1630,7,connector_end_pose_mismatch,3.5
1630,8,connector_start_pose_mismatch,3.5
1630,9,connector_start_pose_mismatch,3.5
1630,11,connector_start_pose_mismatch,3.5
1630,11,connector_end_pose_mismatch,3.5
1630,15,connector_start_pose_mismatch,3.5
1630,15,connector_end_pose_mismatch,3.5
1631,9,connector_start_pose_mismatch,3.500001
1631,9,connector_end_pose_mismatch,3.5
1632,6,connector_start_pose_mismatch,3.5
1632,6,connector_end_pose_mismatch,3.5
1632,13,connector_start_pose_mismatch,3.499999
1632,13,connector_end_pose_mismatch,3.5
1633,2,connector_start_pose_mismatch,3.5
1633,2,connector_end_pose_mismatch,3.5
1633,5,connector_start_pose_mismatch,3.499999
1633,5,connector_end_pose_mismatch,3.5
1633,8,connector_start_pose_mismatch,3.5
1633,8,connector_end_pose_mismatch,3.5
1634,9,connector_start_pose_mismatch,3.5
1634,9,connector_end_pose_mismatch,3.5
1634,13,connector_start_pose_mismatch,3.5
1634,13,connector_end_pose_mismatch,3.5
1635,2,connector_start_pose_mismatch,3.5
1635,2,connector_end_pose_mismatch,3.5
1635,7,connector_start_pose_mismatch,3.5
1635,7,connector_end_pose_mismatch,3.5
1636,6,connector_start_pose_mismatch,3.5
1636,6,connector_end_pose_mismatch,3.5
1637,2,connector_start_pose_mismatch,3.5
1637,2,connector_end_pose_mismatch,3.5
1637,7,connector_start_pose_mismatch,3.5
1637,7,connector_end_pose_mismatch,3.5
1638,6,connector_start_pose_mismatch,3.5
1638,6,connector_end_pose_mismatch,3.5
1638,10,connector_start_pose_mismatch,3.5
1638,10,connector_end_pose_mismatch,3.5
160,0,connector_start_pose_mismatch,3.5
160,1,connector_start_pose_mismatch,3.5
160,2,connector_end_pose_mismatch,3.5
1639,2,connector_start_pose_mismatch,3.5
1639,2,connector_end_pose_mismatch,3.5
1639,3,connector_start_pose_mismatch,3.5
1639,8,connector_start_pose_mismatch,3.5
1639,8,connector_end_pose_mismatch,3.499999
1640,4,connector_start_pose_mismatch,3.5
1640,4,connector_end_pose_mismatch,3.5
1641,2,connector_start_pose_mismatch,3.5
1641,2,connector_end_pose_mismatch,3.5
1641,5,connector_start_pose_mismatch,3.5
1641,5,connector_end_pose_mismatch,3.5
1642,9,connector_start_pose_mismatch,3.5
1642,9,connector_end_pose_mismatch,3.5
1643,6,connector_start_pose_mismatch,3.499999
1643,6,connector_end_pose_mismatch,3.5
1644,4,connector_start_pose_mismatch,3.499999
1644,4,connector_end_pose_mismatch,3.5
1647,2,connector_start_pose_mismatch,3.5
1647,2,connector_end_pose_mismatch,3.5
1647,7,connector_start_pose_mismatch,3.5
1647,7,connector_end_pose_mismatch,3.5
162,0,connector_start_pose_mismatch,3.5
162,0,connector_end_pose_mismatch,3.5
1650,2,connector_start_pose_mismatch,3.5
1650,2,connector_end_pose_mismatch,3.5
1650,7,connector_start_pose_mismatch,3.5
1650,7,connector_end_pose_mismatch,3.499999
1651,7,connector_start_pose_mismatch,3.500001
1651,7,connector_end_pose_mismatch,3.499999
1652,2,connector_start_pose_mismatch,3.5
1652,2,connector_end_pose_mismatch,3.5
1652,5,connector_start_pose_mismatch,3.5
1652,5,connector_end_pose_mismatch,3.5
1653,5,connector_start_pose_mismatch,3.5
1653,5,connector_end_pose_mismatch,3.5
1655,2,connector_start_pose_mismatch,3.5
1655,2,connector_end_pose_mismatch,3.5
163,4,connector_start_pose_mismatch,3.500001
163,4,connector_end_pose_mismatch,3.5
163,7,connector_start_pose_mismatch,3.5
163,7,connector_end_pose_mismatch,3.499999
1657,2,connector_start_pose_mismatch,3.5
1657,2,connector_end_pose_mismatch,3.5
1658,2,connector_start_pose_mismatch,3.5
1658,2,connector_end_pose_mismatch,3.499999
1658,7,connector_start_pose_mismatch,3.5
1658,7,connector_end_pose_mismatch,3.5
1659,2,connector_start_pose_mismatch,3.499999
1659,2,connector_end_pose_mismatch,3.5
1659,5,connector_start_pose_mismatch,3.5
1659,5,connector_end_pose_mismatch,3.5
1660,4,connector_start_pose_mismatch,3.5
1660,4,connector_end_pose_mismatch,3.5
1660,7,connector_start_pose_mismatch,3.5
1660,7,connector_end_pose_mismatch,3.5
164,1,connector_end_pose_mismatch,3.5
1666,2,connector_start_pose_mismatch,3.500001
1666,2,connector_end_pose_mismatch,3.499999
1666,5,connector_start_pose_mismatch,3.5
1666,5,connector_end_pose_mismatch,3.5
1667,0,connector_start_pose_mismatch,3.5
1667,0,connector_end_pose_mismatch,3.5
1668,9,connector_start_pose_mismatch,3.5
1668,9,connector_end_pose_mismatch,3.500001
1668,13,connector_start_pose_mismatch,3.500001
1668,13,connector_end_pose_mismatch,3.5
1669,4,connector_start_pose_mismatch,3.5
1669,4,connector_end_pose_mismatch,3.5
1670,3,connector_end_pose_mismatch,3.5
1670,5,connector_start_pose_mismatch,3.499999
1670,5,connector_end_pose_mismatch,3.5
1670,6,connector_start_pose_mismatch,3.5
1670,9,connector_start_pose_mismatch,3.5
1670,9,connector_end_pose_mismatch,3.5
1671,0,connector_start_pose_mismatch,3.5
1671,0,connector_end_pose_mismatch,3.5
1673,4,connector_start_pose_mismatch,3.499999
1673,4,connector_end_pose_mismatch,3.500001
1674,6,connector_start_pose_mismatch,3.5
1674,6,connector_end_pose_mismatch,3.5
165,0,connector_start_pose_mismatch,3.5
165,0,connector_end_pose_mismatch,3.5
1675,6,connector_start_pose_mismatch,3.5
1675,6,connector_end_pose_mismatch,3.500001
1675,10,connector_start_pose_mismatch,3.5
1675,10,connector_end_pose_mismatch,3.5
1676,0,connector_end_pose_mismatch,3.5
1677,3,connector_start_pose_mismatch,3.5
1677,3,connector_end_pose_mismatch,3.5
1679,2,connector_start_pose_mismatch,3.500001
1679,2,connector_end_pose_mismatch,3.499999
1679,5,connector_start_pose_mismatch,3.5
1679,5,connector_end_pose_mismatch,3.5
1680,2,connector_start_pose_mismatch,3.499999
1680,2,connector_end_pose_mismatch,3.5
1680,5,connector_start_pose_mismatch,3.499999
1680,5,connector_end_pose_mismatch,3.500001
1680,8,connector_start_pose_mismatch,3.5
1680,8,connector_end_pose_mismatch,3.5
1681,2,connector_start_pose_mismatch,3.5
1681,2,connector_end_pose_mismatch,3.5
1682,1,connector_end_pose_mismatch,3.5
1684,0,connector_end_pose_mismatch,3.5
1684,3,connector_start_pose_mismatch,6.999999
1685,0,connector_end_pose_mismatch,3.5
1685,2,connector_start_pose_mismatch,3.5
1685,2,connector_end_pose_mismatch,3.5
1685,5,connector_start_pose_mismatch,3.5
1685,5,connector_end_pose_mismatch,3.5
1685,8,connector_start_pose_mismatch,3.499999
1685,8,connector_end_pose_mismatch,3.500001
1686,4,connector_start_pose_mismatch,3.5
1686,4,connector_end_pose_mismatch,3.5
1686,7,connector_start_pose_mismatch,3.500001
1686,7,connector_end_pose_mismatch,3.5
1688,0,connector_end_pose_mismatch,3.5
1688,1,connector_start_pose_mismatch,3.5
1688,1,connector_end_pose_mismatch,3.5
1688,2,connector_start_pose_mismatch,3.5
1689,1,connector_start_pose_mismatch,3.5
1689,1,connector_end_pose_mismatch,3.5
1690,4,connector_start_pose_mismatch,3.5
1690,4,connector_end_pose_mismatch,3.5
1690,7,connector_start_pose_mismatch,3.5
1690,7,connector_end_pose_mismatch,3.5
1691,0,connector_start_pose_mismatch,7.0
1691,4,connector_end_pose_mismatch,7.0
1691,5,connector_start_pose_mismatch,3.5
1691,5,connector_end_pose_mismatch,3.5
1692,3,connector_start_pose_mismatch,3.5
1692,3,connector_end_pose_mismatch,3.5
1692,7,connector_start_pose_mismatch,3.5
1692,7,connector_end_pose_mismatch,3.5
1692,11,connector_start_pose_mismatch,3.5
1692,11,connector_end_pose_mismatch,3.5
1692,15,connector_start_pose_mismatch,3.5
1692,15,connector_end_pose_mismatch,3.5
1693,4,connector_start_pose_mismatch,3.5
1693,4,connector_end_pose_mismatch,3.5
167,0,connector_start_pose_mismatch,3.499999
167,1,connector_end_pose_mismatch,7.0
167,2,connector_end_pose_mismatch,3.5
1694,2,connector_start_pose_mismatch,3.5
1694,2,connector_end_pose_mismatch,3.500001
1694,7,connector_start_pose_mismatch,3.5
1694,7,connector_end_pose_mismatch,3.5
1695,0,connector_end_pose_mismatch,3.5
1695,1,connector_start_pose_mismatch,3.499999
1695,1,connector_end_pose_mismatch,3.5
1695,2,connector_start_pose_mismatch,3.499999
1696,0,connector_end_pose_mismatch,3.5
1696,1,connector_start_pose_mismatch,3.5
1696,1,connector_end_pose_mismatch,3.5
1696,2,connector_start_pose_mismatch,3.5
1701,0,connector_end_pose_mismatch,3.5
1701,1,connector_start_pose_mismatch,3.5
1701,1,connector_end_pose_mismatch,3.500001
1701,2,connector_start_pose_mismatch,3.5
1702,2,connector_start_pose_mismatch,3.5
1702,2,connector_end_pose_mismatch,3.5
168,2,connector_start_pose_mismatch,3.500001
168,2,connector_end_pose_mismatch,3.5
168,7,connector_start_pose_mismatch,3.5
168,7,connector_end_pose_mismatch,3.5
1703,2,connector_end_pose_mismatch,7.0
1703,4,connector_start_pose_mismatch,3.5
1703,4,connector_end_pose_mismatch,3.5
1703,6,connector_end_pose_mismatch,3.5
1703,8,connector_start_pose_mismatch,3.5
1703,8,connector_end_pose_mismatch,3.5
1704,2,connector_start_pose_mismatch,3.500001
1704,2,connector_end_pose_mismatch,3.5
1704,7,connector_start_pose_mismatch,3.5
1704,7,connector_end_pose_mismatch,3.5
1705,2,connector_start_pose_mismatch,3.5
1705,2,connector_end_pose_mismatch,3.5
1705,5,connector_start_pose_mismatch,3.499999
1705,5,connector_end_pose_mismatch,3.500001
1706,2,connector_start_pose_mismatch,3.5
1706,2,connector_end_pose_mismatch,3.5
1706,5,connector_start_pose_mismatch,3.500001
1706,5,connector_end_pose_mismatch,3.5
1707,4,connector_start_pose_mismatch,3.5
1707,4,connector_end_pose_mismatch,3.5
1707,7,connector_start_pose_mismatch,3.500001
1707,7,connector_end_pose_mismatch,3.5
1709,2,connector_start_pose_mismatch,3.5
1709,2,connector_end_pose_mismatch,3.499999
1709,5,connector_start_pose_mismatch,3.5
1709,5,connector_end_pose_mismatch,3.5
1710,4,connector_start_pose_mismatch,3.5
1710,4,connector_end_pose_mismatch,3.5
1710,7,connector_start_pose_mismatch,3.5
1710,7,connector_end_pose_mismatch,3.5
169,0,connector_start_pose_mismatch,3.499999
1712,2,connector_start_pose_mismatch,3.5
1712,2,connector_end_pose_mismatch,3.5
1712,5,connector_start_pose_mismatch,3.5
1712,5,connector_end_pose_mismatch,3.5
1713,6,connector_start_pose_mismatch,3.5
1713,6,connector_end_pose_mismatch,3.5
1714,13,connector_start_pose_mismatch,3.5
1714,13,connector_end_pose_mismatch,3.5
1715,3,connector_start_pose_mismatch,3.5
1715,3,connector_end_pose_mismatch,3.5
1715,7,connector_start_pose_mismatch,3.5
1715,7,connector_end_pose_mismatch,3.5
1715,11,connector_start_pose_mismatch,3.499999
1715,11,connector_end_pose_mismatch,3.5
1716,6,connector_start_pose_mismatch,3.500001
1716,6,connector_end_pose_mismatch,3.5
1717,2,connector_start_pose_mismatch,3.500001
1717,2,connector_end_pose_mismatch,3.5
1717,7,connector_start_pose_mismatch,3.5
1717,7,connector_end_pose_mismatch,3.5
1718,2,connector_start_pose_mismatch,3.500001
1718,2,connector_end_pose_mismatch,3.5
1718,5,connector_start_pose_mismatch,3.499999
1718,5,connector_end_pose_mismatch,3.5
1719,6,connector_start_pose_mismatch,3.499999
1719,6,connector_end_pose_mismatch,3.5
17,1,connector_start_pose_mismatch,3.5
17,1,connector_end_pose_mismatch,3.5
170,0,connector_end_pose_mismatch,3.5
1720,6,connector_start_pose_mismatch,3.5
1720,6,connector_end_pose_mismatch,3.5
1723,2,connector_start_pose_mismatch,3.5
1723,2,connector_end_pose_mismatch,3.5
1724,0,connector_start_pose_mismatch,3.5
1725,2,connector_start_pose_mismatch,3.5
1725,2,connector_end_pose_mismatch,3.5
1725,5,connector_start_pose_mismatch,3.5
1725,5,connector_end_pose_mismatch,3.5
1725,8,connector_start_pose_mismatch,3.5
1725,8,connector_end_pose_mismatch,3.500001
1726,2,connector_start_pose_mismatch,3.5
1726,2,connector_end_pose_mismatch,3.5
1727,1,connector_start_pose_mismatch,3.5
1727,1,connector_end_pose_mismatch,3.5
1728,4,connector_start_pose_mismatch,3.500001
1728,4,connector_end_pose_mismatch,3.499999
1729,4,connector_start_pose_mismatch,3.5
1729,4,connector_end_pose_mismatch,3.5
1731,0,connector_start_pose_mismatch,3.5
1731,0,connector_end_pose_mismatch,3.5
1732,6,connector_start_pose_mismatch,3.5
1732,6,connector_end_pose_mismatch,3.5
1734,6,connector_start_pose_mismatch,3.5
1734,6,connector_end_pose_mismatch,3.5
1735,2,connector_start_pose_mismatch,3.5
1735,2,connector_end_pose_mismatch,3.5
172,2,connector_start_pose_mismatch,3.5
172,2,connector_end_pose_mismatch,3.500001
172,5,connector_start_pose_mismatch,3.5
172,5,connector_end_pose_mismatch,3.5
172,8,connector_start_pose_mismatch,3.5
172,8,connector_end_pose_mismatch,3.5
1743,0,connector_end_pose_mismatch,3.500004
1743,3,connector_start_pose_mismatch,3.5
1743,6,connector_start_pose_mismatch,3.5
1743,6,connector_end_pose_mismatch,3.5
1743,7,connector_end_pose_mismatch,3.5
1743,13,connector_start_pose_mismatch,3.499999
1743,13,connector_end_pose_mismatch,3.5
1744,0,connector_end_pose_mismatch,3.5
1744,1,connector_start_pose_mismatch,3.5
1744,1,connector_end_pose_mismatch,3.5
1744,2,connector_start_pose_mismatch,3.500001
173,6,connector_start_pose_mismatch,3.5
173,6,connector_end_pose_mismatch,3.5
173,13,connector_start_pose_mismatch,3.5
173,13,connector_end_pose_mismatch,3.5
1746,1,connector_end_pose_mismatch,3.5
1748,0,connector_start_pose_mismatch,3.5
1748,1,connector_end_pose_mismatch,3.5
1749,2,connector_start_pose_mismatch,3.5
1749,2,connector_end_pose_mismatch,3.5
1749,5,connector_start_pose_mismatch,3.5
1749,5,connector_end_pose_mismatch,3.5
1749,8,connector_start_pose_mismatch,3.5
1749,8,connector_end_pose_mismatch,3.5
1753,9,connector_start_pose_mismatch,3.5
1753,9,connector_end_pose_mismatch,3.5
1754,4,connector_start_pose_mismatch,3.500001
1754,4,connector_end_pose_mismatch,3.499999
1756,6,connector_start_pose_mismatch,3.500001
1756,6,connector_end_pose_mismatch,3.5
1757,2,connector_start_pose_mismatch,3.5
1757,2,connector_end_pose_mismatch,3.5
1759,2,connector_start_pose_mismatch,3.5
1759,2,connector_end_pose_mismatch,3.5
2995,0,connector_start_pose_mismatch,3.5
2995,5,connector_end_pose_mismatch,3.5
2995,8,connector_start_pose_mismatch,7.0
2995,9,connector_start_pose_mismatch,3.5
2995,13,connector_start_pose_mismatch,3.499359
2995,13,connector_end_pose_mismatch,3.500033
2995,14,connector_start_pose_mismatch,3.499359
1762,2,connector_start_pose_mismatch,3.5
1762,2,connector_end_pose_mismatch,3.5
1762,5,connector_start_pose_mismatch,3.5
1762,5,connector_end_pose_mismatch,3.5
1762,8,connector_start_pose_mismatch,3.5
1762,8,connector_end_pose_mismatch,3.5
1763,2,connector_start_pose_mismatch,3.5
1763,2,connector_end_pose_mismatch,3.5
1763,7,connector_start_pose_mismatch,3.5
1763,7,connector_end_pose_mismatch,3.5
1764,2,connector_start_pose_mismatch,3.5
1764,2,connector_end_pose_mismatch,3.5
1764,7,connector_start_pose_mismatch,3.500001
1764,7,connector_end_pose_mismatch,3.499999
1765,3,connector_start_pose_mismatch,3.500001
1765,3,connector_end_pose_mismatch,3.5
1765,7,connector_start_pose_mismatch,3.5
1765,7,connector_end_pose_mismatch,3.5
1765,14,connector_start_pose_mismatch,3.500001
1765,14,connector_end_pose_mismatch,3.5
1766,2,connector_start_pose_mismatch,3.499999
1766,2,connector_end_pose_mismatch,3.5
1766,5,connector_start_pose_mismatch,3.500001
1766,5,connector_end_pose_mismatch,3.5
1766,8,connector_start_pose_mismatch,3.5
1766,8,connector_end_pose_mismatch,3.5
1767,6,connector_start_pose_mismatch,3.499999
1767,6,connector_end_pose_mismatch,3.5
1767,10,connector_start_pose_mismatch,3.5
1767,10,connector_end_pose_mismatch,3.5
1767,14,connector_start_pose_mismatch,3.500001
1767,14,connector_end_pose_mismatch,3.5
1768,2,connector_start_pose_mismatch,3.5
1768,2,connector_end_pose_mismatch,3.5
1768,7,connector_start_pose_mismatch,3.5
1768,7,connector_end_pose_mismatch,3.5
1770,4,connector_start_pose_mismatch,3.5
1770,4,connector_end_pose_mismatch,3.5
1771,2,connector_start_pose_mismatch,3.5
1771,2,connector_end_pose_mismatch,3.5
1771,5,connector_start_pose_mismatch,3.5
1771,5,connector_end_pose_mismatch,3.5
1772,4,connector_start_pose_mismatch,3.500001
1772,4,connector_end_pose_mismatch,3.5
174,4,connector_start_pose_mismatch,3.500001
174,4,connector_end_pose_mismatch,3.5
174,7,connector_start_pose_mismatch,3.5
174,7,connector_end_pose_mismatch,3.5
1775,4,connector_start_pose_mismatch,3.499999
1775,4,connector_end_pose_mismatch,3.5
1775,7,connector_start_pose_mismatch,3.500001
1775,7,connector_end_pose_mismatch,3.5
1776,4,connector_start_pose_mismatch,3.5
1776,4,connector_end_pose_mismatch,3.5
1777,2,connector_start_pose_mismatch,3.5
1777,2,connector_end_pose_mismatch,3.5
1777,7,connector_start_pose_mismatch,3.499999
1777,7,connector_end_pose_mismatch,3.5
1778,2,connector_start_pose_mismatch,3.5
1778,2,connector_end_pose_mismatch,3.5
1778,7,connector_start_pose_mismatch,3.5
1778,7,connector_end_pose_mismatch,3.5
1779,1,connector_start_pose_mismatch,3.5
1779,1,connector_end_pose_mismatch,3.5
1781,2,connector_start_pose_mismatch,3.5
1781,2,connector_end_pose_mismatch,3.5
1781,8,connector_start_pose_mismatch,3.499999
1781,8,connector_end_pose_mismatch,3.5
175,3,connector_start_pose_mismatch,3.500001
175,3,connector_end_pose_mismatch,3.5
175,4,connector_start_pose_mismatch,3.5
175,5,connector_start_pose_mismatch,3.5
175,10,connector_start_pose_mismatch,3.5
175,10,connector_end_pose_mismatch,3.5
175,11,connector_start_pose_mismatch,3.5
175,12,connector_start_pose_mismatch,3.5
1782,2,connector_start_pose_mismatch,3.5
1782,2,connector_end_pose_mismatch,3.5
1783,4,connector_start_pose_mismatch,3.5
1783,4,connector_end_pose_mismatch,3.5
1783,7,connector_start_pose_mismatch,3.5
1783,7,connector_end_pose_mismatch,3.5
1784,2,connector_start_pose_mismatch,3.5
1784,2,connector_end_pose_mismatch,3.5
1784,8,connector_start_pose_mismatch,3.5
1784,8,connector_end_pose_mismatch,3.5
1785,5,connector_start_pose_mismatch,3.5
1785,5,connector_end_pose_mismatch,3.500001
1785,8,connector_start_pose_mismatch,3.5
1785,8,connector_end_pose_mismatch,3.5
1786,4,connector_start_pose_mismatch,3.5
1786,4,connector_end_pose_mismatch,3.5
1787,4,connector_start_pose_mismatch,3.5
1787,4,connector_end_pose_mismatch,3.5
176,3,connector_start_pose_mismatch,3.5
176,3,connector_end_pose_mismatch,3.5
176,7,connector_start_pose_mismatch,3.5
176,7,connector_end_pose_mismatch,3.5
176,14,connector_start_pose_mismatch,3.5
176,14,connector_end_pose_mismatch,3.5
1791,2,connector_start_pose_mismatch,3.5
1791,2,connector_end_pose_mismatch,3.5
1792,4,connector_start_pose_mismatch,3.5
1792,4,connector_end_pose_mismatch,3.5
1792,7,connector_start_pose_mismatch,3.5
1792,7,connector_end_pose_mismatch,3.5
1793,2,connector_start_pose_mismatch,3.5
1793,2,connector_end_pose_mismatch,3.5
1793,5,connector_start_pose_mismatch,3.5
1793,5,connector_end_pose_mismatch,3.5
1793,8,connector_start_pose_mismatch,3.5
1793,8,connector_end_pose_mismatch,3.5
1794,2,connector_start_pose_mismatch,3.5
1794,2,connector_end_pose_mismatch,3.5
177,6,connector_start_pose_mismatch,3.5
177,6,connector_end_pose_mismatch,3.5
1799,2,connector_start_pose_mismatch,3.5
1799,2,connector_end_pose_mismatch,3.5
1800,6,connector_start_pose_mismatch,3.5
1800,6,connector_end_pose_mismatch,3.5
1801,2,connector_start_pose_mismatch,3.5
1801,2,connector_end_pose_mismatch,3.5
1801,5,connector_start_pose_mismatch,3.5
1801,5,connector_end_pose_mismatch,3.5
1802,2,connector_start_pose_mismatch,3.5
1802,2,connector_end_pose_mismatch,3.5
1802,5,connector_start_pose_mismatch,3.500001
1802,5,connector_end_pose_mismatch,3.499999
1802,8,connector_start_pose_mismatch,3.5
1802,8,connector_end_pose_mismatch,3.5
1803,2,connector_start_pose_mismatch,3.5
1803,2,connector_end_pose_mismatch,3.5
1803,7,connector_start_pose_mismatch,3.5
1803,7,connector_end_pose_mismatch,3.5
1804,2,connector_start_pose_mismatch,3.5
1804,2,connector_end_pose_mismatch,3.5
1804,7,connector_start_pose_mismatch,3.5
1804,7,connector_end_pose_mismatch,3.5
1805,0,connector_start_pose_mismatch,3.499999
1805,0,connector_end_pose_mismatch,3.500001
1806,6,connector_start_pose_mismatch,3.5
1806,6,connector_end_pose_mismatch,3.5
18,3,connector_start_pose_mismatch,3.5
18,3,connector_end_pose_mismatch,3.5
18,11,connector_start_pose_mismatch,3.5
18,11,connector_end_pose_mismatch,3.5
18,15,connector_start_pose_mismatch,3.5
18,15,connector_end_pose_mismatch,3.5
178,0,connector_start_pose_mismatch,3.5
178,5,connector_end_pose_mismatch,3.5
178,8,connector_start_pose_mismatch,3.5
178,8,connector_end_pose_mismatch,3.5
178,9,connector_start_pose_mismatch,3.5
1807,0,connector_start_pose_mismatch,3.5
1807,0,connector_end_pose_mismatch,3.5
1808,3,connector_start_pose_mismatch,3.500001
1808,3,connector_end_pose_mismatch,3.499999
1808,10,connector_start_pose_mismatch,3.5
1808,10,connector_end_pose_mismatch,3.5
1808,14,connector_start_pose_mismatch,3.499999
1808,14,connector_end_pose_mismatch,3.5
1809,2,connector_start_pose_mismatch,3.500001
1809,2,connector_end_pose_mismatch,3.5
1809,5,connector_start_pose_mismatch,3.5
1809,5,connector_end_pose_mismatch,3.499999
1809,8,connector_start_pose_mismatch,3.5
1809,8,connector_end_pose_mismatch,3.499999
1810,1,connector_start_pose_mismatch,3.5
1810,1,connector_end_pose_mismatch,3.5
1812,2,connector_start_pose_mismatch,3.5
1812,2,connector_end_pose_mismatch,3.5
1812,5,connector_start_pose_mismatch,3.5
1812,5,connector_end_pose_mismatch,3.5
1812,8,connector_start_pose_mismatch,3.500001
1812,8,connector_end_pose_mismatch,3.499999
1813,3,connector_start_pose_mismatch,3.5
1813,3,connector_end_pose_mismatch,3.5
1813,10,connector_start_pose_mismatch,3.5
1813,10,connector_end_pose_mismatch,3.5
1813,14,connector_start_pose_mismatch,3.5
1813,14,connector_end_pose_mismatch,3.5
1814,2,connector_start_pose_mismatch,3.5
1814,2,connector_end_pose_mismatch,3.5
1814,7,connector_start_pose_mismatch,3.5
1814,7,connector_end_pose_mismatch,3.5
1815,0,connector_start_pose_mismatch,3.499999
1815,0,connector_end_pose_mismatch,3.5
1816,3,connector_start_pose_mismatch,3.5
1816,3,connector_end_pose_mismatch,3.500001
1817,0,connector_start_pose_mismatch,3.5
1817,0,connector_end_pose_mismatch,3.5
1819,10,connector_start_pose_mismatch,3.5
1819,10,connector_end_pose_mismatch,3.5
1820,4,connector_start_pose_mismatch,3.5
1820,4,connector_end_pose_mismatch,3.5
1822,2,connector_start_pose_mismatch,3.5
1822,2,connector_end_pose_mismatch,3.5
1822,5,connector_start_pose_mismatch,3.5
1822,5,connector_end_pose_mismatch,3.5
1822,8,connector_start_pose_mismatch,3.5
1822,8,connector_end_pose_mismatch,3.5
180,2,connector_start_pose_mismatch,3.5
180,2,connector_end_pose_mismatch,3.5
180,7,connector_start_pose_mismatch,3.499999
180,7,connector_end_pose_mismatch,3.5
1823,0,connector_start_pose_mismatch,3.5
1823,0,connector_end_pose_mismatch,3.5
1824,2,connector_start_pose_mismatch,3.5
1824,2,connector_end_pose_mismatch,3.5
1824,5,connector_start_pose_mismatch,3.5
1824,5,connector_end_pose_mismatch,3.499999
1824,8,connector_start_pose_mismatch,3.5
1824,8,connector_end_pose_mismatch,3.500001
1825,3,connector_start_pose_mismatch,3.5
1825,3,connector_end_pose_mismatch,3.500001
1825,7,connector_start_pose_mismatch,3.5
1825,7,connector_end_pose_mismatch,3.5
1825,14,connector_start_pose_mismatch,3.500001
1825,14,connector_end_pose_mismatch,3.5
1826,3,connector_start_pose_mismatch,3.500001
1826,3,connector_end_pose_mismatch,3.5
1826,7,connector_start_pose_mismatch,3.5
1826,7,connector_end_pose_mismatch,3.5
1826,11,connector_start_pose_mismatch,3.5
1826,11,connector_end_pose_mismatch,3.5
1827,3,connector_start_pose_mismatch,3.5
1827,3,connector_end_pose_mismatch,3.5
1827,13,connector_start_pose_mismatch,3.500001
1827,13,connector_end_pose_mismatch,3.5
1828,2,connector_start_pose_mismatch,3.499999
1828,2,connector_end_pose_mismatch,3.5
1828,5,connector_start_pose_mismatch,3.5
1828,5,connector_end_pose_mismatch,3.5
1829,6,connector_start_pose_mismatch,3.5
1829,6,connector_end_pose_mismatch,3.499999
1830,4,connector_start_pose_mismatch,3.499999
1830,4,connector_end_pose_mismatch,3.5
1832,3,connector_start_pose_mismatch,3.5
1832,3,connector_end_pose_mismatch,3.5
1832,7,connector_start_pose_mismatch,3.5
1832,7,connector_end_pose_mismatch,3.5
1832,14,connector_start_pose_mismatch,3.5
1832,14,connector_end_pose_mismatch,3.5
181,2,connector_start_pose_mismatch,3.5
181,2,connector_end_pose_mismatch,3.5
181,7,connector_start_pose_mismatch,3.5
181,7,connector_end_pose_mismatch,3.5
1834,3,connector_start_pose_mismatch,3.5
1834,3,connector_end_pose_mismatch,3.5
1834,7,connector_start_pose_mismatch,3.5
1834,7,connector_end_pose_mismatch,3.5
1834,11,connector_start_pose_mismatch,3.500001
1834,11,connector_end_pose_mismatch,3.499999
1834,15,connector_start_pose_mismatch,3.5
1834,15,connector_end_pose_mismatch,3.5
1835,4,connector_start_pose_mismatch,3.5
1835,4,connector_end_pose_mismatch,3.5
1836,2,connector_start_pose_mismatch,3.5
1836,2,connector_end_pose_mismatch,3.5
1838,6,connector_start_pose_mismatch,3.5
1838,6,connector_end_pose_mismatch,3.5
1839,3,connector_start_pose_mismatch,3.5
1839,3,connector_end_pose_mismatch,3.5
1839,13,connector_start_pose_mismatch,3.5
1839,13,connector_end_pose_mismatch,3.5
1840,5,connector_start_pose_mismatch,3.499999
1840,5,connector_end_pose_mismatch,3.5
1841,4,connector_start_pose_mismatch,3.5
1841,4,connector_end_pose_mismatch,3.499999
182,0,connector_start_pose_mismatch,3.5
182,3,connector_end_pose_mismatch,3.5
1844,2,connector_start_pose_mismatch,3.5
1844,2,connector_end_pose_mismatch,3.5
1847,4,connector_start_pose_mismatch,3.5
1847,4,connector_end_pose_mismatch,3.500001
1847,7,connector_start_pose_mismatch,3.500001
1847,7,connector_end_pose_mismatch,3.5
1855,5,connector_end_pose_mismatch,3.5
1855,6,connector_end_pose_mismatch,3.5
1856,0,connector_start_pose_mismatch,3.5
1856,4,connector_start_pose_mismatch,3.499999
1856,7,connector_start_pose_mismatch,3.500001
1856,7,connector_end_pose_mismatch,3.500001
1858,6,connector_start_pose_mismatch,3.500001
1858,6,connector_end_pose_mismatch,3.499999
1859,6,connector_start_pose_mismatch,3.500001
1859,6,connector_end_pose_mismatch,3.5
184,12,connector_start_pose_mismatch,3.5
184,12,connector_end_pose_mismatch,3.5
1861,0,connector_end_pose_mismatch,3.5
1862,0,connector_start_pose_mismatch,3.5
1862,0,connector_end_pose_mismatch,3.5
1863,6,connector_start_pose_mismatch,3.5
1863,6,connector_end_pose_mismatch,3.5
1863,13,connector_start_pose_mismatch,3.5
1863,13,connector_end_pose_mismatch,3.5
1864,3,connector_start_pose_mismatch,3.5
1864,3,connector_end_pose_mismatch,3.499999
1864,7,connector_start_pose_mismatch,3.500001
1864,7,connector_end_pose_mismatch,3.5
1865,0,connector_start_pose_mismatch,3.499999
1865,3,connector_end_pose_mismatch,3.5
1865,5,connector_start_pose_mismatch,3.5
1865,5,connector_end_pose_mismatch,3.5
1865,6,connector_start_pose_mismatch,7.0
1865,7,connector_start_pose_mismatch,3.5
1865,9,connector_start_pose_mismatch,3.5
1865,9,connector_end_pose_mismatch,3.5
1866,4,connector_start_pose_mismatch,3.5
1866,4,connector_end_pose_mismatch,3.5
1866,7,connector_start_pose_mismatch,3.499999
1866,7,connector_end_pose_mismatch,3.5
1867,4,connector_start_pose_mismatch,3.5
1867,4,connector_end_pose_mismatch,3.5
1867,7,connector_start_pose_mismatch,3.5
1867,7,connector_end_pose_mismatch,3.499999
1868,3,connector_start_pose_mismatch,3.499999
1868,3,connector_end_pose_mismatch,3.500001
1868,7,connector_start_pose_mismatch,3.5
1868,7,connector_end_pose_mismatch,3.5
1868,11,connector_start_pose_mismatch,3.499999
1868,11,connector_end_pose_mismatch,3.5
1868,15,connector_start_pose_mismatch,3.5
1868,15,connector_end_pose_mismatch,3.5
1869,6,connector_start_pose_mismatch,3.500001
1869,6,connector_end_pose_mismatch,3.499999
1869,13,connector_start_pose_mismatch,3.5
1869,13,connector_end_pose_mismatch,3.5
1870,2,connector_start_pose_mismatch,3.5
1870,2,connector_end_pose_mismatch,3.5
1870,5,connector_start_pose_mismatch,3.5
1870,5,connector_end_pose_mismatch,3.5
1871,2,connector_start_pose_mismatch,3.5
1871,2,connector_end_pose_mismatch,3.5
1871,7,connector_start_pose_mismatch,3.5
1871,7,connector_end_pose_mismatch,3.5
1872,6,connector_start_pose_mismatch,3.5
1872,6,connector_end_pose_mismatch,3.5
1873,2,connector_start_pose_mismatch,3.499999
1873,2,connector_end_pose_mismatch,3.5
1873,5,connector_start_pose_mismatch,3.5
1873,5,connector_end_pose_mismatch,3.5
1874,13,connector_start_pose_mismatch,3.5
1874,13,connector_end_pose_mismatch,3.5
1875,2,connector_start_pose_mismatch,3.5
1875,2,connector_end_pose_mismatch,3.5
1875,7,connector_start_pose_mismatch,3.500001
1875,7,connector_end_pose_mismatch,3.5
1876,2,connector_start_pose_mismatch,3.5
1876,2,connector_end_pose_mismatch,3.500001
1876,5,connector_start_pose_mismatch,3.5
1876,5,connector_end_pose_mismatch,3.5
1877,0,connector_start_pose_mismatch,3.500001
1877,4,connector_start_pose_mismatch,3.500001
1877,4,connector_end_pose_mismatch,3.499999
1877,5,connector_end_pose_mismatch,3.5
1877,8,connector_start_pose_mismatch,3.5
1877,8,connector_end_pose_mismatch,3.5
1877,9,connector_start_pose_mismatch,3.5
1877,13,connector_start_pose_mismatch,3.5
1877,13,connector_end_pose_mismatch,3.5
1877,14,connector_end_pose_mismatch,3.5
1877,17,connector_start_pose_mismatch,3.5
1877,17,connector_end_pose_mismatch,3.5
1878,4,connector_start_pose_mismatch,3.5
1878,4,connector_end_pose_mismatch,3.5
1879,6,connector_start_pose_mismatch,3.5
1879,6,connector_end_pose_mismatch,3.5
1880,0,connector_start_pose_mismatch,3.5
1880,4,connector_end_pose_mismatch,3.5
1880,7,connector_start_pose_mismatch,3.500001
1880,7,connector_end_pose_mismatch,3.5
1880,8,connector_start_pose_mismatch,3.5
1880,12,connector_start_pose_mismatch,3.5
1880,12,connector_end_pose_mismatch,3.5
1880,13,connector_end_pose_mismatch,3.5
1880,16,connector_start_pose_mismatch,3.5
1880,16,connector_end_pose_mismatch,3.5
1882,2,connector_start_pose_mismatch,3.5
1882,2,connector_end_pose_mismatch,3.5
1882,5,connector_start_pose_mismatch,3.5
1882,5,connector_end_pose_mismatch,3.5
1883,4,connector_start_pose_mismatch,3.5
1883,4,connector_end_pose_mismatch,3.5
1883,7,connector_start_pose_mismatch,3.5
1883,7,connector_end_pose_mismatch,3.5
1884,6,connector_start_pose_mismatch,3.5
1884,6,connector_end_pose_mismatch,3.5
1885,2,connector_start_pose_mismatch,3.5
1885,2,connector_end_pose_mismatch,3.499999
1885,5,connector_start_pose_mismatch,3.500001
1885,5,connector_end_pose_mismatch,3.5
1885,8,connector_start_pose_mismatch,3.5
1885,8,connector_end_pose_mismatch,3.5
1886,2,connector_start_pose_mismatch,3.5
1886,2,connector_end_pose_mismatch,3.5
1886,5,connector_start_pose_mismatch,3.5
1886,5,connector_end_pose_mismatch,3.5
1887,2,connector_start_pose_mismatch,3.5
1887,2,connector_end_pose_mismatch,3.5
1887,5,connector_start_pose_mismatch,3.499999
1887,5,connector_end_pose_mismatch,3.5
1888,6,connector_start_pose_mismatch,3.5
1888,6,connector_end_pose_mismatch,3.5
186,0,connector_start_pose_mismatch,3.5
186,0,connector_end_pose_mismatch,3.499999
1889,2,connector_start_pose_mismatch,3.5
1889,2,connector_end_pose_mismatch,3.5
1890,3,connector_start_pose_mismatch,3.500001
1890,3,connector_end_pose_mismatch,3.5
1890,7,connector_start_pose_mismatch,3.5
1890,7,connector_end_pose_mismatch,3.5
1890,11,connector_start_pose_mismatch,3.5
1890,11,connector_end_pose_mismatch,3.5
1891,2,connector_start_pose_mismatch,3.5
1891,2,connector_end_pose_mismatch,3.5
1895,6,connector_start_pose_mismatch,3.5
1895,6,connector_end_pose_mismatch,3.500001
1896,6,connector_start_pose_mismatch,3.5
1896,6,connector_end_pose_mismatch,3.5
1897,2,connector_start_pose_mismatch,3.499999
1897,2,connector_end_pose_mismatch,3.5
19,0,connector_end_pose_mismatch,3.5
187,7,connector_start_pose_mismatch,3.5
187,7,connector_end_pose_mismatch,3.5
1898,2,connector_start_pose_mismatch,3.5
1898,2,connector_end_pose_mismatch,3.5
1898,5,connector_start_pose_mismatch,3.5
1898,5,connector_end_pose_mismatch,3.5
1899,2,connector_start_pose_mismatch,3.500001
1899,2,connector_end_pose_mismatch,3.5
1899,5,connector_start_pose_mismatch,3.5
1899,5,connector_end_pose_mismatch,3.5
1899,8,connector_start_pose_mismatch,3.5
1899,8,connector_end_pose_mismatch,3.5
1900,2,connector_start_pose_mismatch,3.5
1900,2,connector_end_pose_mismatch,3.5
1901,6,connector_start_pose_mismatch,3.5
1901,6,connector_end_pose_mismatch,3.5
1902,0,connector_start_pose_mismatch,3.500001
1902,0,connector_end_pose_mismatch,3.5
1904,1,connector_start_pose_mismatch,3.5
1904,1,connector_end_pose_mismatch,3.5
1905,6,connector_start_pose_mismatch,3.5
1905,6,connector_end_pose_mismatch,3.5
188,0,connector_end_pose_mismatch,3.499999
1906,4,connector_start_pose_mismatch,3.500001
1906,4,connector_end_pose_mismatch,3.5
1907,2,connector_start_pose_mismatch,3.5
1907,2,connector_end_pose_mismatch,3.5
1908,6,connector_start_pose_mismatch,3.5
1908,6,connector_end_pose_mismatch,3.5
1909,2,connector_start_pose_mismatch,3.499999
1909,2,connector_end_pose_mismatch,3.5
1909,7,connector_start_pose_mismatch,3.499999
1909,7,connector_end_pose_mismatch,3.5
1910,6,connector_start_pose_mismatch,3.5
1910,6,connector_end_pose_mismatch,3.5
1910,13,connector_start_pose_mismatch,3.500001
1910,13,connector_end_pose_mismatch,3.499999
1911,0,connector_start_pose_mismatch,3.5
1911,0,connector_end_pose_mismatch,3.5
1912,1,connector_start_pose_mismatch,3.5
1912,1,connector_end_pose_mismatch,3.5
1912,5,connector_start_pose_mismatch,3.5
1912,5,connector_end_pose_mismatch,3.5
1913,2,connector_start_pose_mismatch,3.5
1913,2,connector_end_pose_mismatch,3.5
1913,7,connector_start_pose_mismatch,3.499999
1913,7,connector_end_pose_mismatch,3.5
1917,9,connector_start_pose_mismatch,3.5
1917,9,connector_end_pose_mismatch,3.499999
1918,4,connector_start_pose_mismatch,3.5
1918,4,connector_end_pose_mismatch,3.5
1919,2,connector_start_pose_mismatch,3.5
1919,2,connector_end_pose_mismatch,3.5
1920,3,connector_start_pose_mismatch,3.5
1920,3,connector_end_pose_mismatch,3.5
1920,7,connector_start_pose_mismatch,3.5
1920,7,connector_end_pose_mismatch,3.5
1920,11,connector_start_pose_mismatch,3.5
1920,11,connector_end_pose_mismatch,3.5
1920,15,connector_start_pose_mismatch,3.5
1920,15,connector_end_pose_mismatch,3.5
1921,3,connector_start_pose_mismatch,3.5
1921,3,connector_end_pose_mismatch,3.5
1921,10,connector_start_pose_mismatch,3.5
1921,10,connector_end_pose_mismatch,3.499999
1922,2,connector_start_pose_mismatch,3.5
1922,2,connector_end_pose_mismatch,3.500001
1922,5,connector_start_pose_mismatch,3.5
1922,5,connector_end_pose_mismatch,3.5
1922,8,connector_start_pose_mismatch,3.5
1922,8,connector_end_pose_mismatch,3.5
190,0,connector_start_pose_mismatch,3.5
190,0,connector_end_pose_mismatch,3.5
1925,2,connector_start_pose_mismatch,3.5
1925,2,connector_end_pose_mismatch,3.5
1926,4,connector_start_pose_mismatch,3.500001
1926,4,connector_end_pose_mismatch,3.5
1927,2,connector_start_pose_mismatch,3.5
1927,2,connector_end_pose_mismatch,3.500001
1927,5,connector_start_pose_mismatch,3.5
1927,5,connector_end_pose_mismatch,3.5
1927,8,connector_start_pose_mismatch,3.5
1927,8,connector_end_pose_mismatch,3.5
1928,2,connector_start_pose_mismatch,3.5
1928,2,connector_end_pose_mismatch,3.5
1928,7,connector_start_pose_mismatch,3.499999
1928,7,connector_end_pose_mismatch,3.5
1929,4,connector_start_pose_mismatch,3.5
1929,4,connector_end_pose_mismatch,3.5
1929,7,connector_start_pose_mismatch,3.5
1929,7,connector_end_pose_mismatch,3.5
1931,6,connector_start_pose_mismatch,3.499999
1931,6,connector_end_pose_mismatch,3.500001
1932,2,connector_start_pose_mismatch,3.5
1932,2,connector_end_pose_mismatch,3.5
1932,5,connector_start_pose_mismatch,3.500001
1932,5,connector_end_pose_mismatch,3.5
191,2,connector_start_pose_mismatch,3.5
191,2,connector_end_pose_mismatch,3.500001
191,5,connector_start_pose_mismatch,3.5
191,5,connector_end_pose_mismatch,3.5
1934,6,connector_start_pose_mismatch,3.5
1934,6,connector_end_pose_mismatch,3.5
1935,2,connector_start_pose_mismatch,3.499999
1935,2,connector_end_pose_mismatch,3.5
1935,5,connector_start_pose_mismatch,3.5
1935,5,connector_end_pose_mismatch,3.5
1924,2,connector_start_pose_mismatch,3.5
1924,2,connector_end_pose_mismatch,3.5
1924,5,connector_start_pose_mismatch,3.5
1924,5,connector_end_pose_mismatch,3.5
1936,4,connector_start_pose_mismatch,3.5
1936,4,connector_end_pose_mismatch,3.5
1937,2,connector_start_pose_mismatch,3.5
1937,2,connector_end_pose_mismatch,3.5
1937,5,connector_start_pose_mismatch,3.5
1937,5,connector_end_pose_mismatch,3.5
2553,4,connector_start_pose_mismatch,3.5
2553,4,connector_end_pose_mismatch,3.5
1938,4,connector_start_pose_mismatch,3.5
1938,4,connector_end_pose_mismatch,3.5
1938,7,connector_start_pose_mismatch,3.5
1938,7,connector_end_pose_mismatch,3.5
1939,3,connector_start_pose_mismatch,3.5
1939,3,connector_end_pose_mismatch,3.5
1939,13,connector_start_pose_mismatch,3.5
1939,13,connector_end_pose_mismatch,3.5
1941,6,connector_start_pose_mismatch,3.5
1941,6,connector_end_pose_mismatch,3.5
1942,2,connector_start_pose_mismatch,3.500001
1942,2,connector_end_pose_mismatch,3.5
1942,7,connector_start_pose_mismatch,3.5
1942,7,connector_end_pose_mismatch,3.5
1943,2,connector_start_pose_mismatch,3.500001
1943,2,connector_end_pose_mismatch,3.5
1943,5,connector_start_pose_mismatch,3.5
1943,5,connector_end_pose_mismatch,3.5
1943,8,connector_start_pose_mismatch,3.499999
1943,8,connector_end_pose_mismatch,3.5
1944,1,connector_start_pose_mismatch,3.5
1944,1,connector_end_pose_mismatch,3.499999
1944,5,connector_start_pose_mismatch,3.5
1944,5,connector_end_pose_mismatch,3.5
1945,2,connector_start_pose_mismatch,3.5
1945,2,connector_end_pose_mismatch,3.5
1945,5,connector_start_pose_mismatch,3.5
1945,5,connector_end_pose_mismatch,3.5
1945,8,connector_start_pose_mismatch,3.5
1945,8,connector_end_pose_mismatch,3.5
1946,2,connector_start_pose_mismatch,3.5
1946,2,connector_end_pose_mismatch,3.5
1946,5,connector_start_pose_mismatch,3.5
1946,5,connector_end_pose_mismatch,3.5
1946,8,connector_start_pose_mismatch,3.499999
1946,8,connector_end_pose_mismatch,3.5
1947,0,connector_start_pose_mismatch,3.5
1947,5,connector_end_pose_mismatch,3.5
1947,6,connector_start_pose_mismatch,3.499999
1947,6,connector_end_pose_mismatch,3.5
1948,1,connector_end_pose_mismatch,3.499993
192,2,connector_start_pose_mismatch,3.5
192,2,connector_end_pose_mismatch,3.5
192,7,connector_start_pose_mismatch,3.5
192,7,connector_end_pose_mismatch,3.5
1950,0,connector_end_pose_mismatch,3.5
1950,3,connector_start_pose_mismatch,3.500001
1950,3,connector_end_pose_mismatch,3.5
1950,6,connector_start_pose_mismatch,3.499999
1950,6,connector_end_pose_mismatch,3.5
1950,9,connector_start_pose_mismatch,3.5
1950,9,connector_end_pose_mismatch,3.5
1951,0,connector_start_pose_mismatch,3.500001
1951,1,connector_start_pose_mismatch,3.500001
1951,3,connector_start_pose_mismatch,3.500001
1951,3,connector_end_pose_mismatch,3.499999
1951,7,connector_start_pose_mismatch,3.5
1951,7,connector_end_pose_mismatch,3.5
1951,8,connector_start_pose_mismatch,3.5
1951,9,connector_start_pose_mismatch,3.5
1951,11,connector_start_pose_mismatch,3.5
1951,11,connector_end_pose_mismatch,3.5
1951,15,connector_start_pose_mismatch,3.5
1951,15,connector_end_pose_mismatch,3.5
1952,0,connector_start_pose_mismatch,3.5
1952,0,connector_end_pose_mismatch,3.5
1607,0,connector_start_pose_mismatch,3.5
1607,0,connector_end_pose_mismatch,3.5
1954,0,connector_start_pose_mismatch,2.103948
1954,5,connector_end_pose_mismatch,3.5
1954,8,connector_start_pose_mismatch,3.5
1954,8,connector_end_pose_mismatch,3.5
1954,9,connector_start_pose_mismatch,7.0
1954,10,connector_start_pose_mismatch,3.5
1954,14,connector_start_pose_mismatch,7.0
1954,14,connector_end_pose_mismatch,3.499999
1954,15,connector_start_pose_mismatch,7.0
1956,0,connector_start_pose_mismatch,3.5
1956,0,connector_end_pose_mismatch,3.5
1957,9,connector_start_pose_mismatch,3.5
1957,9,connector_end_pose_mismatch,3.5
1957,13,connector_start_pose_mismatch,3.5
1957,13,connector_end_pose_mismatch,3.5
193,2,connector_end_pose_mismatch,3.5
1961,2,connector_start_pose_mismatch,3.5
1961,2,connector_end_pose_mismatch,3.5
1962,4,connector_start_pose_mismatch,3.5
1962,4,connector_end_pose_mismatch,3.5
1963,2,connector_start_pose_mismatch,3.5
1963,2,connector_end_pose_mismatch,3.500001
1963,5,connector_start_pose_mismatch,3.500001
1963,5,connector_end_pose_mismatch,3.5
1963,8,connector_start_pose_mismatch,3.5
1963,8,connector_end_pose_mismatch,3.5
1965,3,connector_start_pose_mismatch,3.5
1965,3,connector_end_pose_mismatch,3.5
1965,7,connector_start_pose_mismatch,3.5
1965,7,connector_end_pose_mismatch,3.5
1966,2,connector_start_pose_mismatch,3.5
1966,2,connector_end_pose_mismatch,3.5
1966,7,connector_start_pose_mismatch,3.500001
1966,7,connector_end_pose_mismatch,3.5
194,0,connector_start_pose_mismatch,3.5
194,0,connector_end_pose_mismatch,3.5
194,1,connector_start_pose_mismatch,3.5
194,3,connector_start_pose_mismatch,3.5
194,3,connector_end_pose_mismatch,3.5
194,4,connector_start_pose_mismatch,7.0
194,4,connector_end_pose_mismatch,3.5
194,5,connector_start_pose_mismatch,3.5
194,8,connector_start_pose_mismatch,3.5
194,8,connector_end_pose_mismatch,3.5
194,9,connector_end_pose_mismatch,3.5
194,10,connector_end_pose_mismatch,3.5
194,13,connector_start_pose_mismatch,3.5
194,13,connector_end_pose_mismatch,3.5
194,14,connector_start_pose_mismatch,7.0
194,15,connector_start_pose_mismatch,3.5
194,18,connector_start_pose_mismatch,3.5
194,18,connector_end_pose_mismatch,3.5
1967,6,connector_start_pose_mismatch,3.5
1967,6,connector_end_pose_mismatch,3.5
1968,6,connector_start_pose_mismatch,3.5
1968,6,connector_end_pose_mismatch,3.5
1968,10,connector_start_pose_mismatch,3.5
1968,10,connector_end_pose_mismatch,3.5
1970,2,connector_start_pose_mismatch,3.5
1970,2,connector_end_pose_mismatch,3.5
1970,5,connector_start_pose_mismatch,3.5
1970,5,connector_end_pose_mismatch,3.5
1971,3,connector_start_pose_mismatch,3.5
1971,3,connector_end_pose_mismatch,3.5
1971,7,connector_start_pose_mismatch,3.5
1971,7,connector_end_pose_mismatch,3.5
1972,0,connector_start_pose_mismatch,3.5
1972,3,connector_start_pose_mismatch,3.5
1972,3,connector_end_pose_mismatch,3.499999
1972,7,connector_end_pose_mismatch,3.5
1972,9,connector_start_pose_mismatch,3.5
1972,9,connector_end_pose_mismatch,3.5
1973,2,connector_start_pose_mismatch,3.5
1973,2,connector_end_pose_mismatch,3.499999
1973,5,connector_start_pose_mismatch,3.500001
1973,5,connector_end_pose_mismatch,3.5
1974,6,connector_start_pose_mismatch,3.5
1974,6,connector_end_pose_mismatch,3.500001
1975,2,connector_start_pose_mismatch,3.5
1975,2,connector_end_pose_mismatch,3.5
1975,5,connector_start_pose_mismatch,3.5
1975,5,connector_end_pose_mismatch,3.5
1975,8,connector_start_pose_mismatch,3.5
1975,8,connector_end_pose_mismatch,3.5
195,3,connector_start_pose_mismatch,3.5
195,3,connector_end_pose_mismatch,3.5
195,10,connector_start_pose_mismatch,3.5
195,10,connector_end_pose_mismatch,3.5
195,14,connector_start_pose_mismatch,3.5
195,14,connector_end_pose_mismatch,3.5
1976,6,connector_start_pose_mismatch,3.5
1976,6,connector_end_pose_mismatch,3.5
1976,13,connector_start_pose_mismatch,3.5
1976,13,connector_end_pose_mismatch,3.5
1977,2,connector_start_pose_mismatch,3.5
1977,2,connector_end_pose_mismatch,3.499999
1977,5,connector_start_pose_mismatch,3.5
1977,5,connector_end_pose_mismatch,3.5
1978,0,connector_start_pose_mismatch,3.5
1978,0,connector_end_pose_mismatch,3.5
1979,2,connector_start_pose_mismatch,3.5
1979,2,connector_end_pose_mismatch,3.5
1979,5,connector_start_pose_mismatch,3.500001
1979,5,connector_end_pose_mismatch,3.5
1980,0,connector_start_pose_mismatch,3.5
1980,0,connector_end_pose_mismatch,3.5
1982,2,connector_start_pose_mismatch,3.5
1982,2,connector_end_pose_mismatch,3.5
1983,0,connector_start_pose_mismatch,3.499999
1983,0,connector_end_pose_mismatch,3.5
1984,0,connector_start_pose_mismatch,3.5
1984,0,connector_end_pose_mismatch,3.5
1985,0,connector_start_pose_mismatch,3.5
1985,7,connector_end_pose_mismatch,3.500161
20,1,connector_end_pose_mismatch,3.5
196,0,connector_start_pose_mismatch,3.500001
196,0,connector_end_pose_mismatch,3.5
1986,0,connector_end_pose_mismatch,3.500001
1986,1,connector_start_pose_mismatch,3.5
1986,1,connector_end_pose_mismatch,3.5
1986,2,connector_start_pose_mismatch,3.5
1987,6,connector_start_pose_mismatch,3.5
1987,6,connector_end_pose_mismatch,3.5
1989,0,connector_start_pose_mismatch,3.500001
1989,0,connector_end_pose_mismatch,3.5
1990,0,connector_start_pose_mismatch,3.5
1990,0,connector_end_pose_mismatch,3.500001
1993,2,connector_start_pose_mismatch,3.5
1993,2,connector_end_pose_mismatch,3.5
1994,3,connector_start_pose_mismatch,3.5
1994,3,connector_end_pose_mismatch,3.5
197,2,connector_start_pose_mismatch,3.5
197,2,connector_end_pose_mismatch,3.5
197,7,connector_start_pose_mismatch,3.5
197,7,connector_end_pose_mismatch,3.5
1996,2,connector_start_pose_mismatch,3.500001
1996,2,connector_end_pose_mismatch,3.5
1996,5,connector_start_pose_mismatch,3.5
1996,5,connector_end_pose_mismatch,3.5
1996,8,connector_start_pose_mismatch,3.5
1996,8,connector_end_pose_mismatch,3.5
1999,2,connector_start_pose_mismatch,3.5
1999,2,connector_end_pose_mismatch,3.5
1999,5,connector_start_pose_mismatch,3.5
1999,5,connector_end_pose_mismatch,3.5
2000,2,connector_start_pose_mismatch,3.5
2000,2,connector_end_pose_mismatch,3.5
2001,9,connector_start_pose_mismatch,3.5
2001,9,connector_end_pose_mismatch,3.5
2001,13,connector_start_pose_mismatch,3.5
2001,13,connector_end_pose_mismatch,3.5
2002,13,connector_start_pose_mismatch,3.499999
2002,13,connector_end_pose_mismatch,3.5
198,2,connector_start_pose_mismatch,3.5
198,2,connector_end_pose_mismatch,3.5
198,7,connector_start_pose_mismatch,3.5
198,7,connector_end_pose_mismatch,3.5
2003,4,connector_start_pose_mismatch,3.5
2003,4,connector_end_pose_mismatch,3.5
2004,4,connector_start_pose_mismatch,3.5
2004,4,connector_end_pose_mismatch,3.5
2004,7,connector_start_pose_mismatch,3.5
2004,7,connector_end_pose_mismatch,3.5
2005,2,connector_start_pose_mismatch,3.5
2005,2,connector_end_pose_mismatch,3.5
2006,6,connector_start_pose_mismatch,3.5
2006,6,connector_end_pose_mismatch,3.5
2007,2,connector_start_pose_mismatch,3.5
2007,2,connector_end_pose_mismatch,3.5
2007,5,connector_start_pose_mismatch,3.5
2007,5,connector_end_pose_mismatch,3.5
2008,0,connector_start_pose_mismatch,3.5
2008,0,connector_end_pose_mismatch,3.5
2009,0,connector_start_pose_mismatch,3.5
2009,0,connector_end_pose_mismatch,3.5
2011,2,connector_start_pose_mismatch,3.5
2011,2,connector_end_pose_mismatch,3.5
2011,5,connector_start_pose_mismatch,3.5
2011,5,connector_end_pose_mismatch,3.5
2011,8,connector_start_pose_mismatch,3.5
2011,8,connector_end_pose_mismatch,3.5
199,4,connector_start_pose_mismatch,3.5
199,4,connector_end_pose_mismatch,3.5
199,7,connector_start_pose_mismatch,3.5
199,7,connector_end_pose_mismatch,3.5
2014,0,connector_start_pose_mismatch,3.5
2014,0,connector_end_pose_mismatch,3.5
2016,6,connector_start_pose_mismatch,3.5
2016,6,connector_end_pose_mismatch,3.499999
2018,2,connector_start_pose_mismatch,3.5
2018,2,connector_end_pose_mismatch,3.5
2018,5,connector_start_pose_mismatch,3.500001
2018,5,connector_end_pose_mismatch,3.5
2018,8,connector_start_pose_mismatch,3.5
2018,8,connector_end_pose_mismatch,3.5
200,2,connector_start_pose_mismatch,3.5
200,2,connector_end_pose_mismatch,3.5
200,5,connector_start_pose_mismatch,3.5
200,5,connector_end_pose_mismatch,3.5
200,8,connector_start_pose_mismatch,3.500001
200,8,connector_end_pose_mismatch,3.5
2019,4,connector_start_pose_mismatch,3.5
2019,4,connector_end_pose_mismatch,3.5
2020,4,connector_start_pose_mismatch,3.499999
2020,4,connector_end_pose_mismatch,3.5
2021,2,connector_start_pose_mismatch,3.5
2021,2,connector_end_pose_mismatch,3.5
2021,5,connector_start_pose_mismatch,3.500001
2021,5,connector_end_pose_mismatch,3.5
2022,2,connector_start_pose_mismatch,3.5
2022,2,connector_end_pose_mismatch,3.5
2022,7,connector_start_pose_mismatch,3.5
2022,7,connector_end_pose_mismatch,3.5
2025,6,connector_start_pose_mismatch,3.5
2025,6,connector_end_pose_mismatch,3.5
2026,6,connector_start_pose_mismatch,3.5
2026,6,connector_end_pose_mismatch,3.5
201,2,connector_start_pose_mismatch,3.5
201,2,connector_end_pose_mismatch,3.5
2027,2,connector_start_pose_mismatch,3.5
2027,2,connector_end_pose_mismatch,3.5
2028,6,connector_start_pose_mismatch,3.5
2028,6,connector_end_pose_mismatch,3.5
2029,2,connector_start_pose_mismatch,3.5
2029,2,connector_end_pose_mismatch,3.5
2030,6,connector_start_pose_mismatch,3.5
2030,6,connector_end_pose_mismatch,3.5
2035,0,connector_start_pose_mismatch,3.5
2035,0,connector_end_pose_mismatch,3.5
202,2,connector_start_pose_mismatch,3.5
202,2,connector_end_pose_mismatch,3.5
202,7,connector_start_pose_mismatch,3.499999
202,7,connector_end_pose_mismatch,3.5
2037,6,connector_start_pose_mismatch,3.5
2037,6,connector_end_pose_mismatch,3.499999
2038,2,connector_start_pose_mismatch,3.5
2038,2,connector_end_pose_mismatch,3.5
2039,2,connector_start_pose_mismatch,3.5
2039,2,connector_end_pose_mismatch,3.499999
2040,2,connector_start_pose_mismatch,3.5
2040,2,connector_end_pose_mismatch,3.5
2040,5,connector_start_pose_mismatch,3.5
2040,5,connector_end_pose_mismatch,3.5
2040,8,connector_start_pose_mismatch,3.500001
2040,8,connector_end_pose_mismatch,3.499999
2042,2,connector_start_pose_mismatch,3.500001
2042,2,connector_end_pose_mismatch,3.5
2042,5,connector_start_pose_mismatch,3.5
2042,5,connector_end_pose_mismatch,3.5
203,2,connector_start_pose_mismatch,3.5
203,2,connector_end_pose_mismatch,3.5
203,5,connector_start_pose_mismatch,3.5
203,5,connector_end_pose_mismatch,3.5
203,8,connector_start_pose_mismatch,3.499999
203,8,connector_end_pose_mismatch,3.5
2046,4,connector_start_pose_mismatch,3.5
2046,4,connector_end_pose_mismatch,3.5
2048,4,connector_start_pose_mismatch,3.5
2048,4,connector_end_pose_mismatch,3.5
2051,2,connector_start_pose_mismatch,3.5
2051,2,connector_end_pose_mismatch,3.5
2051,7,connector_start_pose_mismatch,3.5
2051,7,connector_end_pose_mismatch,3.5
2052,6,connector_start_pose_mismatch,3.5
2052,6,connector_end_pose_mismatch,3.5
204,2,connector_start_pose_mismatch,3.5
204,2,connector_end_pose_mismatch,3.5
2055,2,connector_start_pose_mismatch,3.5
2055,2,connector_end_pose_mismatch,3.5
2056,2,connector_start_pose_mismatch,3.5
2056,2,connector_end_pose_mismatch,3.5
2056,5,connector_start_pose_mismatch,3.5
2056,5,connector_end_pose_mismatch,3.5
2059,6,connector_start_pose_mismatch,3.5
2059,6,connector_end_pose_mismatch,3.5
2060,4,connector_start_pose_mismatch,3.5
2060,4,connector_end_pose_mismatch,3.5
205,2,connector_start_pose_mismatch,3.5
205,2,connector_end_pose_mismatch,3.5
205,5,connector_start_pose_mismatch,3.5
205,5,connector_end_pose_mismatch,3.5
205,8,connector_start_pose_mismatch,3.5
205,8,connector_end_pose_mismatch,3.5
2062,2,connector_start_pose_mismatch,3.5
2062,2,connector_end_pose_mismatch,3.5
2065,3,connector_start_pose_mismatch,3.500001
2065,3,connector_end_pose_mismatch,3.5
2065,7,connector_start_pose_mismatch,3.5
2065,7,connector_end_pose_mismatch,3.5
2065,14,connector_start_pose_mismatch,3.5
2065,14,connector_end_pose_mismatch,3.5
2066,6,connector_start_pose_mismatch,3.5
2066,6,connector_end_pose_mismatch,3.5
2067,2,connector_start_pose_mismatch,3.5
2067,2,connector_end_pose_mismatch,3.5
2068,2,connector_start_pose_mismatch,3.5
2068,2,connector_end_pose_mismatch,3.5
2068,7,connector_start_pose_mismatch,3.5
2068,7,connector_end_pose_mismatch,3.5
21,1,connector_start_pose_mismatch,3.5
21,1,connector_end_pose_mismatch,3.5
2069,4,connector_start_pose_mismatch,3.5
2069,4,connector_end_pose_mismatch,3.5
3062,7,connector_start_pose_mismatch,3.5
3062,7,connector_end_pose_mismatch,3.5
2070,3,connector_start_pose_mismatch,3.5
2070,3,connector_end_pose_mismatch,3.5
2071,2,connector_start_pose_mismatch,3.499999
2071,2,connector_end_pose_mismatch,3.5
2072,2,connector_start_pose_mismatch,3.5
2072,2,connector_end_pose_mismatch,3.5
2072,5,connector_start_pose_mismatch,3.5
2072,5,connector_end_pose_mismatch,3.5
2072,8,connector_start_pose_mismatch,3.5
2072,8,connector_end_pose_mismatch,3.5
2073,2,connector_start_pose_mismatch,3.5
2073,2,connector_end_pose_mismatch,3.5
2073,5,connector_start_pose_mismatch,3.5
2073,5,connector_end_pose_mismatch,3.5
2073,8,connector_start_pose_mismatch,3.500001
2073,8,connector_end_pose_mismatch,3.5
2074,2,connector_start_pose_mismatch,3.5
2074,2,connector_end_pose_mismatch,3.5
2074,7,connector_start_pose_mismatch,3.5
2074,7,connector_end_pose_mismatch,3.5
2673,9,connector_start_pose_mismatch,3.5
2673,9,connector_end_pose_mismatch,3.5
2075,10,connector_start_pose_mismatch,3.499999
2075,10,connector_end_pose_mismatch,3.500001
2076,2,connector_start_pose_mismatch,3.5
2076,2,connector_end_pose_mismatch,3.5
2076,5,connector_start_pose_mismatch,3.5
2076,5,connector_end_pose_mismatch,3.5
2076,8,connector_start_pose_mismatch,3.5
2076,8,connector_end_pose_mismatch,3.500001
2077,2,connector_start_pose_mismatch,3.5
2077,2,connector_end_pose_mismatch,3.5
2077,5,connector_start_pose_mismatch,3.5
2077,5,connector_end_pose_mismatch,3.5
2077,8,connector_start_pose_mismatch,3.5
2077,8,connector_end_pose_mismatch,3.5
2078,6,connector_start_pose_mismatch,3.5
2078,6,connector_end_pose_mismatch,3.5
2079,4,connector_start_pose_mismatch,3.5
2079,4,connector_end_pose_mismatch,3.5
2080,2,connector_start_pose_mismatch,3.5
2080,2,connector_end_pose_mismatch,3.5
2080,7,connector_start_pose_mismatch,3.5
2080,7,connector_end_pose_mismatch,3.5
2081,2,connector_start_pose_mismatch,3.500001
2081,2,connector_end_pose_mismatch,3.5
2081,5,connector_start_pose_mismatch,3.5
2081,5,connector_end_pose_mismatch,3.5
2082,6,connector_start_pose_mismatch,3.500001
2082,6,connector_end_pose_mismatch,3.5
2083,4,connector_start_pose_mismatch,3.5
2083,4,connector_end_pose_mismatch,3.5
2083,7,connector_start_pose_mismatch,3.5
2083,7,connector_end_pose_mismatch,3.5
2084,2,connector_start_pose_mismatch,3.5
2084,2,connector_end_pose_mismatch,3.5
2084,5,connector_start_pose_mismatch,3.5
2084,5,connector_end_pose_mismatch,3.5
2085,6,connector_start_pose_mismatch,3.5
2085,6,connector_end_pose_mismatch,3.5
2086,2,connector_start_pose_mismatch,3.5
2086,2,connector_end_pose_mismatch,3.5
2086,5,connector_start_pose_mismatch,3.5
2086,5,connector_end_pose_mismatch,3.5
2086,8,connector_start_pose_mismatch,3.5
2086,8,connector_end_pose_mismatch,3.5
2087,2,connector_start_pose_mismatch,3.5
2087,2,connector_end_pose_mismatch,3.5
2087,5,connector_start_pose_mismatch,3.5
2087,5,connector_end_pose_mismatch,3.5
2088,2,connector_start_pose_mismatch,3.5
2088,2,connector_end_pose_mismatch,3.5
2088,5,connector_start_pose_mismatch,3.5
2088,5,connector_end_pose_mismatch,3.5
2089,2,connector_start_pose_mismatch,3.5
2089,2,connector_end_pose_mismatch,3.5
2089,5,connector_start_pose_mismatch,3.5
2089,5,connector_end_pose_mismatch,3.5
2089,8,connector_start_pose_mismatch,3.5
2089,8,connector_end_pose_mismatch,3.5
2090,4,connector_start_pose_mismatch,3.499999
2090,4,connector_end_pose_mismatch,3.500001
2090,7,connector_start_pose_mismatch,3.5
2090,7,connector_end_pose_mismatch,3.5
2091,3,connector_start_pose_mismatch,3.5
2091,3,connector_end_pose_mismatch,3.5
2091,7,connector_start_pose_mismatch,3.5
2091,7,connector_end_pose_mismatch,3.5
2091,11,connector_start_pose_mismatch,3.500001
2091,11,connector_end_pose_mismatch,3.5
2091,15,connector_start_pose_mismatch,3.5
2091,15,connector_end_pose_mismatch,3.5
2092,2,connector_start_pose_mismatch,3.5
2092,2,connector_end_pose_mismatch,3.5
2092,5,connector_start_pose_mismatch,3.5
2092,5,connector_end_pose_mismatch,3.5
2093,2,connector_start_pose_mismatch,3.499999
2093,2,connector_end_pose_mismatch,3.500001
2093,5,connector_start_pose_mismatch,3.5
2093,5,connector_end_pose_mismatch,3.5
2093,8,connector_start_pose_mismatch,3.499999
2093,8,connector_end_pose_mismatch,3.5
2094,2,connector_start_pose_mismatch,3.5
2094,2,connector_end_pose_mismatch,3.499999
2095,2,connector_start_pose_mismatch,3.5
2095,2,connector_end_pose_mismatch,3.499999
2096,2,connector_start_pose_mismatch,3.5
2096,2,connector_end_pose_mismatch,3.5
2096,5,connector_start_pose_mismatch,3.5
2096,5,connector_end_pose_mismatch,3.5
2097,4,connector_start_pose_mismatch,3.5
2097,4,connector_end_pose_mismatch,3.5
2097,7,connector_start_pose_mismatch,3.5
2097,7,connector_end_pose_mismatch,3.5
2098,2,connector_start_pose_mismatch,3.5
2098,2,connector_end_pose_mismatch,3.5
2098,5,connector_start_pose_mismatch,3.5
2098,5,connector_end_pose_mismatch,3.500001
2099,2,connector_start_pose_mismatch,3.500001
2099,2,connector_end_pose_mismatch,3.499999
2099,5,connector_start_pose_mismatch,3.5
2099,5,connector_end_pose_mismatch,3.5
2099,8,connector_start_pose_mismatch,3.5
2099,8,connector_end_pose_mismatch,3.5
2100,4,connector_start_pose_mismatch,3.5
2100,4,connector_end_pose_mismatch,3.5
2100,7,connector_start_pose_mismatch,3.5
2100,7,connector_end_pose_mismatch,3.5
2101,3,connector_start_pose_mismatch,3.5
2101,3,connector_end_pose_mismatch,3.500001
2101,10,connector_start_pose_mismatch,3.5
2101,10,connector_end_pose_mismatch,3.5
208,4,connector_start_pose_mismatch,3.500001
208,4,connector_end_pose_mismatch,3.5
2102,2,connector_start_pose_mismatch,3.5
2102,2,connector_end_pose_mismatch,3.5
2103,2,connector_start_pose_mismatch,3.5
2103,2,connector_end_pose_mismatch,3.5
2103,7,connector_start_pose_mismatch,3.499999
2103,7,connector_end_pose_mismatch,3.5
2104,2,connector_start_pose_mismatch,3.5
2104,2,connector_end_pose_mismatch,3.5
2104,5,connector_start_pose_mismatch,3.5
2104,5,connector_end_pose_mismatch,3.5
2104,8,connector_start_pose_mismatch,3.5
2104,8,connector_end_pose_mismatch,3.5
209,1,connector_end_pose_mismatch,3.5
2109,3,connector_start_pose_mismatch,3.500001
2109,3,connector_end_pose_mismatch,3.5
2109,7,connector_start_pose_mismatch,3.5
2109,7,connector_end_pose_mismatch,3.5
2109,11,connector_start_pose_mismatch,3.5
2109,11,connector_end_pose_mismatch,3.5
2109,15,connector_start_pose_mismatch,3.5
2109,15,connector_end_pose_mismatch,3.5
2110,2,connector_start_pose_mismatch,3.5
2110,2,connector_end_pose_mismatch,3.5
2110,5,connector_start_pose_mismatch,3.5
2110,5,connector_end_pose_mismatch,3.5
2110,8,connector_start_pose_mismatch,3.5
2110,8,connector_end_pose_mismatch,3.5
2112,2,connector_start_pose_mismatch,3.5
2112,2,connector_end_pose_mismatch,3.500001
2114,4,connector_start_pose_mismatch,3.5
2114,4,connector_end_pose_mismatch,3.5
2115,6,connector_start_pose_mismatch,3.5
2115,6,connector_end_pose_mismatch,3.5
2116,6,connector_start_pose_mismatch,3.5
2116,6,connector_end_pose_mismatch,3.5
2118,9,connector_start_pose_mismatch,3.500001
2118,9,connector_end_pose_mismatch,3.5
2118,13,connector_start_pose_mismatch,3.5
2118,13,connector_end_pose_mismatch,3.5
210,6,connector_start_pose_mismatch,3.499999
210,6,connector_end_pose_mismatch,3.5
2119,4,connector_start_pose_mismatch,3.499999
2119,4,connector_end_pose_mismatch,3.5
2119,7,connector_start_pose_mismatch,3.499999
2119,7,connector_end_pose_mismatch,3.5
2121,4,connector_start_pose_mismatch,3.500001
2121,4,connector_end_pose_mismatch,3.5
2122,4,connector_start_pose_mismatch,3.500001
2122,4,connector_end_pose_mismatch,3.499999
2123,6,connector_start_pose_mismatch,3.500001
2123,6,connector_end_pose_mismatch,3.5
2124,6,connector_start_pose_mismatch,3.5
2124,6,connector_end_pose_mismatch,3.5
2125,4,connector_start_pose_mismatch,3.5
2125,4,connector_end_pose_mismatch,3.5
2934,4,connector_start_pose_mismatch,3.5
2934,4,connector_end_pose_mismatch,3.5
2934,7,connector_start_pose_mismatch,3.5
2934,7,connector_end_pose_mismatch,3.5
2127,2,connector_end_pose_mismatch,3.5
2127,4,connector_start_pose_mismatch,3.500001
2127,4,connector_end_pose_mismatch,3.5
2127,7,connector_start_pose_mismatch,3.5
2127,7,connector_end_pose_mismatch,3.5
2128,9,connector_start_pose_mismatch,3.5
2128,9,connector_end_pose_mismatch,3.5
2128,13,connector_start_pose_mismatch,3.5
2128,13,connector_end_pose_mismatch,3.5
2129,2,connector_start_pose_mismatch,3.499999
2129,2,connector_end_pose_mismatch,3.5
2130,6,connector_start_pose_mismatch,3.500001
2130,6,connector_end_pose_mismatch,3.5
2131,2,connector_start_pose_mismatch,3.5
2131,2,connector_end_pose_mismatch,3.5
2131,5,connector_start_pose_mismatch,3.5
2131,5,connector_end_pose_mismatch,3.5
2132,2,connector_start_pose_mismatch,3.500001
2132,2,connector_end_pose_mismatch,3.499999
2133,3,connector_start_pose_mismatch,3.5
2133,3,connector_end_pose_mismatch,3.5
2133,4,connector_end_pose_mismatch,3.5
2133,6,connector_start_pose_mismatch,3.500001
2133,6,connector_end_pose_mismatch,3.5
2133,7,connector_start_pose_mismatch,3.5
2133,10,connector_start_pose_mismatch,3.5
2133,10,connector_end_pose_mismatch,3.5
2134,3,connector_start_pose_mismatch,3.5
2134,3,connector_end_pose_mismatch,3.5
2134,7,connector_start_pose_mismatch,3.5
2134,7,connector_end_pose_mismatch,3.5
2134,11,connector_start_pose_mismatch,3.5
2134,11,connector_end_pose_mismatch,3.499999
212,4,connector_start_pose_mismatch,3.499999
212,4,connector_end_pose_mismatch,3.5
212,7,connector_start_pose_mismatch,3.5
212,7,connector_end_pose_mismatch,3.499999
2135,4,connector_end_pose_mismatch,3.5
2135,5,connector_end_pose_mismatch,3.5
2135,7,connector_start_pose_mismatch,3.5
2135,7,connector_end_pose_mismatch,3.5
2135,8,connector_start_pose_mismatch,3.5
2135,11,connector_start_pose_mismatch,3.5
2135,11,connector_end_pose_mismatch,3.5
2136,4,connector_start_pose_mismatch,3.5
2136,4,connector_end_pose_mismatch,3.5
2137,9,connector_start_pose_mismatch,3.5
2137,9,connector_end_pose_mismatch,3.5
2138,4,connector_start_pose_mismatch,3.5
2138,4,connector_end_pose_mismatch,3.5
2139,12,connector_start_pose_mismatch,3.499999
2139,12,connector_end_pose_mismatch,3.5
2140,6,connector_start_pose_mismatch,3.5
2140,6,connector_end_pose_mismatch,3.5
2140,10,connector_start_pose_mismatch,3.5
2140,10,connector_end_pose_mismatch,3.5
2140,14,connector_start_pose_mismatch,3.5
2140,14,connector_end_pose_mismatch,3.5
2141,3,connector_start_pose_mismatch,3.5
2141,3,connector_end_pose_mismatch,3.5
2141,7,connector_start_pose_mismatch,3.499999
2141,7,connector_end_pose_mismatch,3.500001
2141,14,connector_start_pose_mismatch,3.500001
2141,14,connector_end_pose_mismatch,3.5
2142,3,connector_start_pose_mismatch,3.499999
2142,3,connector_end_pose_mismatch,3.5
2142,4,connector_end_pose_mismatch,3.499999
2142,6,connector_start_pose_mismatch,3.500001
2142,6,connector_end_pose_mismatch,3.5
2142,7,connector_start_pose_mismatch,3.5
2143,2,connector_start_pose_mismatch,3.5
2143,2,connector_end_pose_mismatch,3.5
213,0,connector_start_pose_mismatch,3.5
213,0,connector_end_pose_mismatch,3.5
2144,4,connector_start_pose_mismatch,3.5
2144,4,connector_end_pose_mismatch,3.5
2144,7,connector_start_pose_mismatch,3.5
2144,7,connector_end_pose_mismatch,3.5
2145,6,connector_start_pose_mismatch,3.5
2145,6,connector_end_pose_mismatch,3.5
2146,4,connector_start_pose_mismatch,3.5
2146,4,connector_end_pose_mismatch,3.5
2146,7,connector_start_pose_mismatch,3.5
2146,7,connector_end_pose_mismatch,3.5
2147,4,connector_start_pose_mismatch,3.5
2147,4,connector_end_pose_mismatch,3.5
2148,2,connector_start_pose_mismatch,3.5
2148,2,connector_end_pose_mismatch,3.5
2148,7,connector_start_pose_mismatch,3.5
2148,7,connector_end_pose_mismatch,3.500001
2149,0,connector_start_pose_mismatch,3.499999
2149,0,connector_end_pose_mismatch,3.500001
2152,2,connector_start_pose_mismatch,3.5
2152,2,connector_end_pose_mismatch,3.5
2152,5,connector_start_pose_mismatch,3.5
2152,5,connector_end_pose_mismatch,3.5
22,4,connector_start_pose_mismatch,3.5
22,4,connector_end_pose_mismatch,3.5
214,2,connector_start_pose_mismatch,3.5
214,2,connector_end_pose_mismatch,3.5
214,5,connector_start_pose_mismatch,3.499999
214,5,connector_end_pose_mismatch,3.5
214,8,connector_start_pose_mismatch,3.5
214,8,connector_end_pose_mismatch,3.5
2933,2,connector_start_pose_mismatch,3.500001
2933,2,connector_end_pose_mismatch,3.5
2933,5,connector_start_pose_mismatch,3.499999
2933,5,connector_end_pose_mismatch,3.5
2933,8,connector_start_pose_mismatch,3.5
2933,8,connector_end_pose_mismatch,3.5
215,0,connector_start_pose_mismatch,3.5
215,0,connector_end_pose_mismatch,3.5
2158,4,connector_start_pose_mismatch,3.5
2158,4,connector_end_pose_mismatch,3.5
2158,7,connector_start_pose_mismatch,3.5
2158,7,connector_end_pose_mismatch,3.5
2159,6,connector_start_pose_mismatch,3.5
2159,6,connector_end_pose_mismatch,3.5
2159,10,connector_start_pose_mismatch,3.5
2159,10,connector_end_pose_mismatch,3.5
2160,2,connector_start_pose_mismatch,3.5
2160,2,connector_end_pose_mismatch,3.5
2160,7,connector_start_pose_mismatch,3.5
2160,7,connector_end_pose_mismatch,3.5
2161,2,connector_start_pose_mismatch,3.5
2161,2,connector_end_pose_mismatch,3.500001
2161,5,connector_start_pose_mismatch,3.499999
2161,5,connector_end_pose_mismatch,3.5
2161,8,connector_start_pose_mismatch,3.5
2161,8,connector_end_pose_mismatch,3.5
2162,4,connector_start_pose_mismatch,3.500001
2162,4,connector_end_pose_mismatch,3.499999
2162,7,connector_start_pose_mismatch,3.5
2162,7,connector_end_pose_mismatch,3.5
2163,6,connector_start_pose_mismatch,3.5
2163,6,connector_end_pose_mismatch,3.5
2164,2,connector_start_pose_mismatch,3.499999
2164,2,connector_end_pose_mismatch,3.5
2165,2,connector_start_pose_mismatch,3.5
2165,2,connector_end_pose_mismatch,3.500001
2166,4,connector_start_pose_mismatch,3.5
2166,4,connector_end_pose_mismatch,3.5
2166,7,connector_start_pose_mismatch,3.5
2166,7,connector_end_pose_mismatch,3.5
2167,2,connector_start_pose_mismatch,3.5
2167,2,connector_end_pose_mismatch,3.5
2174,2,connector_start_pose_mismatch,3.500001
2174,2,connector_end_pose_mismatch,3.5
2174,5,connector_start_pose_mismatch,3.5
2174,5,connector_end_pose_mismatch,3.5
2174,8,connector_start_pose_mismatch,3.5
2174,8,connector_end_pose_mismatch,3.5
2175,2,connector_start_pose_mismatch,3.499999
2175,2,connector_end_pose_mismatch,3.5
2175,5,connector_start_pose_mismatch,3.5
2175,5,connector_end_pose_mismatch,3.499999
2175,8,connector_start_pose_mismatch,3.5
2175,8,connector_end_pose_mismatch,3.5
2176,4,connector_start_pose_mismatch,3.500001
2176,4,connector_end_pose_mismatch,3.5
2176,7,connector_start_pose_mismatch,3.5
2176,7,connector_end_pose_mismatch,3.5
2177,2,connector_start_pose_mismatch,3.5
2177,2,connector_end_pose_mismatch,3.5
2177,5,connector_start_pose_mismatch,3.500001
2177,5,connector_end_pose_mismatch,3.5
2177,8,connector_start_pose_mismatch,3.499999
2177,8,connector_end_pose_mismatch,3.500001
2182,6,connector_start_pose_mismatch,3.5
2182,6,connector_end_pose_mismatch,3.5
2182,10,connector_start_pose_mismatch,3.5
2182,10,connector_end_pose_mismatch,3.5
2182,14,connector_start_pose_mismatch,3.5
2182,14,connector_end_pose_mismatch,3.5
2184,0,connector_start_pose_mismatch,3.5
2184,0,connector_end_pose_mismatch,3.5
217,2,connector_start_pose_mismatch,3.5
217,2,connector_end_pose_mismatch,3.5
217,5,connector_start_pose_mismatch,3.5
217,5,connector_end_pose_mismatch,3.5
217,8,connector_start_pose_mismatch,3.5
217,8,connector_end_pose_mismatch,3.5
2185,4,connector_start_pose_mismatch,3.5
2185,4,connector_end_pose_mismatch,3.5
2186,4,connector_start_pose_mismatch,3.5
2186,4,connector_end_pose_mismatch,3.5
2187,6,connector_start_pose_mismatch,3.5
2187,6,connector_end_pose_mismatch,3.5
2187,10,connector_start_pose_mismatch,3.5
2187,10,connector_end_pose_mismatch,3.5
2188,3,connector_start_pose_mismatch,3.499999
2188,3,connector_end_pose_mismatch,3.5
2188,10,connector_start_pose_mismatch,3.500001
2188,10,connector_end_pose_mismatch,3.5
2188,14,connector_start_pose_mismatch,3.5
2188,14,connector_end_pose_mismatch,3.5
2189,4,connector_start_pose_mismatch,3.5
2189,4,connector_end_pose_mismatch,3.5
2190,6,connector_start_pose_mismatch,3.5
2190,6,connector_end_pose_mismatch,3.5
2191,2,connector_start_pose_mismatch,3.5
2191,2,connector_end_pose_mismatch,3.5
2191,5,connector_start_pose_mismatch,3.5
2191,5,connector_end_pose_mismatch,3.5
2191,8,connector_start_pose_mismatch,3.499999
2191,8,connector_end_pose_mismatch,3.500001
2192,2,connector_start_pose_mismatch,3.499999
2192,2,connector_end_pose_mismatch,3.5
2192,5,connector_start_pose_mismatch,3.5
2192,5,connector_end_pose_mismatch,3.500001
2192,8,connector_start_pose_mismatch,3.5
2192,8,connector_end_pose_mismatch,3.5
2193,0,connector_start_pose_mismatch,3.5
2193,0,connector_end_pose_mismatch,3.5
218,0,connector_start_pose_mismatch,3.5
218,0,connector_end_pose_mismatch,3.5
2194,4,connector_start_pose_mismatch,3.5
2194,4,connector_end_pose_mismatch,3.5
2194,7,connector_start_pose_mismatch,3.5
2194,7,connector_end_pose_mismatch,3.499999
2195,0,connector_start_pose_mismatch,3.5
2195,0,connector_end_pose_mismatch,3.5
2196,2,connector_start_pose_mismatch,3.5
2196,2,connector_end_pose_mismatch,3.5
2196,7,connector_start_pose_mismatch,3.5
2196,7,connector_end_pose_mismatch,3.5
2197,2,connector_start_pose_mismatch,3.500001
2197,2,connector_end_pose_mismatch,3.5
2197,5,connector_start_pose_mismatch,3.5
2197,5,connector_end_pose_mismatch,3.5
2197,8,connector_start_pose_mismatch,3.5
2197,8,connector_end_pose_mismatch,3.5
2198,0,connector_start_pose_mismatch,3.5
2198,1,connector_end_pose_mismatch,3.499999
2199,6,connector_start_pose_mismatch,3.5
2199,6,connector_end_pose_mismatch,3.5
2200,4,connector_start_pose_mismatch,3.5
2200,4,connector_end_pose_mismatch,3.5
2201,2,connector_start_pose_mismatch,3.5
2201,2,connector_end_pose_mismatch,3.499999
2201,5,connector_start_pose_mismatch,3.5
2201,5,connector_end_pose_mismatch,3.500001
2202,9,connector_start_pose_mismatch,3.5
2202,9,connector_end_pose_mismatch,3.5
2204,0,connector_end_pose_mismatch,3.5
2204,2,connector_start_pose_mismatch,3.5
2204,2,connector_end_pose_mismatch,3.5
2204,3,connector_start_pose_mismatch,3.5
2204,9,connector_start_pose_mismatch,3.5
2204,9,connector_end_pose_mismatch,3.5
2205,0,connector_start_pose_mismatch,3.5
2205,0,connector_end_pose_mismatch,3.5
2206,2,connector_start_pose_mismatch,3.5
2206,2,connector_end_pose_mismatch,3.5
2206,5,connector_start_pose_mismatch,3.499999
2206,5,connector_end_pose_mismatch,3.5
2208,7,connector_start_pose_mismatch,3.5
2208,7,connector_end_pose_mismatch,3.500001
2209,2,connector_start_pose_mismatch,3.5
2209,2,connector_end_pose_mismatch,3.5
2211,0,connector_start_pose_mismatch,3.5
2211,1,connector_end_pose_mismatch,3.5
2213,0,connector_end_pose_mismatch,3.5
2216,2,connector_start_pose_mismatch,3.499999
2216,2,connector_end_pose_mismatch,3.500001
2217,0,connector_start_pose_mismatch,3.5
2217,0,connector_end_pose_mismatch,3.5
2218,9,connector_start_pose_mismatch,3.5
2218,9,connector_end_pose_mismatch,3.5
2218,13,connector_start_pose_mismatch,3.5
2218,13,connector_end_pose_mismatch,3.5
2219,0,connector_start_pose_mismatch,7.000009
2219,1,connector_start_pose_mismatch,3.500004
2219,3,connector_start_pose_mismatch,3.500004
2219,6,connector_end_pose_mismatch,7.0
2219,9,connector_start_pose_mismatch,7.0
2219,14,connector_start_pose_mismatch,3.5
2219,14,connector_end_pose_mismatch,3.5
2219,15,connector_end_pose_mismatch,3.5
2219,17,connector_end_pose_mismatch,3.5
2219,18,connector_start_pose_mismatch,3.5
2219,18,connector_end_pose_mismatch,3.499999
2220,2,connector_end_pose_mismatch,3.5
2221,0,connector_start_pose_mismatch,7.0
2221,1,connector_start_pose_mismatch,3.5
2221,6,connector_start_pose_mismatch,3.5
2221,6,connector_end_pose_mismatch,3.5
2221,7,connector_start_pose_mismatch,3.499999
2221,8,connector_start_pose_mismatch,3.499999
2221,10,connector_start_pose_mismatch,3.499999
2221,13,connector_start_pose_mismatch,3.5
2221,13,connector_end_pose_mismatch,3.5
2222,0,connector_end_pose_mismatch,3.5
2223,0,connector_end_pose_mismatch,7.000001
2223,1,connector_end_pose_mismatch,3.500001
2224,1,connector_end_pose_mismatch,3.5
2225,2,connector_end_pose_mismatch,3.5
2226,0,connector_end_pose_mismatch,3.5
2226,3,connector_start_pose_mismatch,3.5
2226,3,connector_end_pose_mismatch,3.5
2226,4,connector_start_pose_mismatch,7.0
2226,4,connector_end_pose_mismatch,3.5
2226,5,connector_start_pose_mismatch,7.0
2227,0,connector_end_pose_mismatch,3.5
2228,0,connector_start_pose_mismatch,3.5
2228,1,connector_start_pose_mismatch,3.5
2228,4,connector_start_pose_mismatch,3.5
2228,5,connector_start_pose_mismatch,3.5
2228,8,connector_start_pose_mismatch,3.5
2228,8,connector_end_pose_mismatch,3.500192
2228,11,connector_start_pose_mismatch,7.0
2228,12,connector_start_pose_mismatch,3.5
2229,0,connector_end_pose_mismatch,3.505152
2230,0,connector_start_pose_mismatch,3.5
2231,1,connector_end_pose_mismatch,3.5
2232,2,connector_start_pose_mismatch,3.500001
2233,0,connector_end_pose_mismatch,3.5
2233,2,connector_end_pose_mismatch,3.5
2234,1,connector_end_pose_mismatch,3.5
2235,0,connector_end_pose_mismatch,3.5
2236,1,connector_end_pose_mismatch,3.5
2238,2,connector_start_pose_mismatch,3.500001
2238,2,connector_end_pose_mismatch,3.499999
2238,3,connector_start_pose_mismatch,3.5
2238,4,connector_start_pose_mismatch,3.5
2238,5,connector_start_pose_mismatch,3.5
2238,5,connector_end_pose_mismatch,3.5
2238,6,connector_start_pose_mismatch,3.5
2238,8,connector_start_pose_mismatch,3.5
2238,8,connector_end_pose_mismatch,3.5
2239,0,connector_end_pose_mismatch,3.5
23,1,connector_start_pose_mismatch,3.500001
23,1,connector_end_pose_mismatch,3.5
2240,0,connector_end_pose_mismatch,3.5
2241,0,connector_end_pose_mismatch,3.500001
2242,2,connector_end_pose_mismatch,3.5
2243,2,connector_end_pose_mismatch,3.5
2244,0,connector_start_pose_mismatch,3.5
2244,0,connector_end_pose_mismatch,3.5
2245,4,connector_start_pose_mismatch,3.500001
2245,4,connector_end_pose_mismatch,3.5
2246,4,connector_start_pose_mismatch,3.499999
2246,4,connector_end_pose_mismatch,3.5
2248,2,connector_start_pose_mismatch,3.5
2248,2,connector_end_pose_mismatch,3.5
2248,5,connector_start_pose_mismatch,3.5
2248,5,connector_end_pose_mismatch,3.5
2249,3,connector_start_pose_mismatch,3.5
2249,3,connector_end_pose_mismatch,3.5
2249,7,connector_start_pose_mismatch,3.5
2249,7,connector_end_pose_mismatch,3.5
2249,14,connector_start_pose_mismatch,3.500001
2249,14,connector_end_pose_mismatch,3.5
223,2,connector_start_pose_mismatch,3.5
223,2,connector_end_pose_mismatch,3.5
2250,0,connector_start_pose_mismatch,3.499995
2250,3,connector_end_pose_mismatch,3.5
2250,4,connector_start_pose_mismatch,3.5
2250,4,connector_end_pose_mismatch,3.5
2251,4,connector_start_pose_mismatch,3.500001
2251,4,connector_end_pose_mismatch,3.5
2251,7,connector_start_pose_mismatch,3.5
2251,7,connector_end_pose_mismatch,3.5
2252,0,connector_start_pose_mismatch,3.5
2252,0,connector_end_pose_mismatch,3.5
2254,2,connector_start_pose_mismatch,3.5
2254,2,connector_end_pose_mismatch,3.5
2255,5,connector_start_pose_mismatch,3.5
2255,5,connector_end_pose_mismatch,3.5
2255,8,connector_start_pose_mismatch,3.5
2255,8,connector_end_pose_mismatch,3.5
2256,10,connector_start_pose_mismatch,3.5
2256,10,connector_end_pose_mismatch,3.5
2256,14,connector_start_pose_mismatch,3.5
2256,14,connector_end_pose_mismatch,3.5
224,7,connector_start_pose_mismatch,3.5
224,7,connector_end_pose_mismatch,3.5
2259,0,connector_end_pose_mismatch,3.5
2260,0,connector_start_pose_mismatch,3.5
2260,2,connector_end_pose_mismatch,3.5
2261,0,connector_end_pose_mismatch,7.0
2261,3,connector_start_pose_mismatch,7.000917
2261,4,connector_start_pose_mismatch,3.50054
2261,4,connector_end_pose_mismatch,3.500001
2261,8,connector_start_pose_mismatch,3.5
2261,11,connector_start_pose_mismatch,3.5
2261,11,connector_end_pose_mismatch,3.5
2263,0,connector_start_pose_mismatch,3.5
2263,0,connector_end_pose_mismatch,3.5
2264,2,connector_start_pose_mismatch,3.5
2264,2,connector_end_pose_mismatch,3.5
2264,5,connector_start_pose_mismatch,3.5
2264,5,connector_end_pose_mismatch,3.5
2266,2,connector_start_pose_mismatch,3.5
2266,2,connector_end_pose_mismatch,3.5
2266,5,connector_start_pose_mismatch,3.5
2266,5,connector_end_pose_mismatch,3.5
2266,8,connector_start_pose_mismatch,3.5
2266,8,connector_end_pose_mismatch,3.5
225,2,connector_start_pose_mismatch,3.500001
225,2,connector_end_pose_mismatch,3.5
225,7,connector_start_pose_mismatch,3.5
225,7,connector_end_pose_mismatch,3.5
2267,6,connector_start_pose_mismatch,3.5
2267,6,connector_end_pose_mismatch,3.5
2268,2,connector_start_pose_mismatch,3.5
2268,2,connector_end_pose_mismatch,3.5
2268,5,connector_start_pose_mismatch,3.5
2268,5,connector_end_pose_mismatch,3.5
2269,4,connector_start_pose_mismatch,3.500001
2269,4,connector_end_pose_mismatch,3.5
2269,7,connector_start_pose_mismatch,3.5
2269,7,connector_end_pose_mismatch,3.5
2272,6,connector_start_pose_mismatch,3.5
2272,6,connector_end_pose_mismatch,3.5
2272,13,connector_start_pose_mismatch,3.5
2272,13,connector_end_pose_mismatch,3.5
2273,6,connector_start_pose_mismatch,3.5
2273,6,connector_end_pose_mismatch,3.5
2274,2,connector_start_pose_mismatch,3.5
2274,2,connector_end_pose_mismatch,3.5
2275,3,connector_start_pose_mismatch,3.5
2275,3,connector_end_pose_mismatch,3.5
2275,7,connector_start_pose_mismatch,3.499999
2275,7,connector_end_pose_mismatch,3.5
2276,2,connector_start_pose_mismatch,3.5
2276,2,connector_end_pose_mismatch,3.5
2277,6,connector_start_pose_mismatch,3.5
2277,6,connector_end_pose_mismatch,3.5
2278,2,connector_start_pose_mismatch,3.5
2278,2,connector_end_pose_mismatch,3.5
2278,5,connector_start_pose_mismatch,3.5
2278,5,connector_end_pose_mismatch,3.5
2285,9,connector_start_pose_mismatch,3.5
2285,9,connector_end_pose_mismatch,3.5
2286,9,connector_start_pose_mismatch,3.5
2286,9,connector_end_pose_mismatch,3.5
2288,2,connector_start_pose_mismatch,3.499999
2288,2,connector_end_pose_mismatch,3.500001
228,2,connector_start_pose_mismatch,3.5
228,2,connector_end_pose_mismatch,3.5
2292,2,connector_start_pose_mismatch,3.5
2292,2,connector_end_pose_mismatch,3.499999
2293,2,connector_start_pose_mismatch,3.5
2293,2,connector_end_pose_mismatch,3.5
2293,5,connector_start_pose_mismatch,3.5
2293,5,connector_end_pose_mismatch,3.5
2293,8,connector_start_pose_mismatch,3.5
2293,8,connector_end_pose_mismatch,3.5
2294,0,connector_start_pose_mismatch,3.5
2294,0,connector_end_pose_mismatch,3.5
2295,0,connector_start_pose_mismatch,3.5
2295,0,connector_end_pose_mismatch,3.5
229,2,connector_start_pose_mismatch,3.5
229,2,connector_end_pose_mismatch,3.5
2298,4,connector_start_pose_mismatch,3.5
2298,4,connector_end_pose_mismatch,3.5
2298,7,connector_start_pose_mismatch,3.5
2298,7,connector_end_pose_mismatch,3.5
2299,6,connector_start_pose_mismatch,3.5
2299,6,connector_end_pose_mismatch,3.5
2301,0,connector_start_pose_mismatch,3.500001
2301,0,connector_end_pose_mismatch,3.5
2302,4,connector_start_pose_mismatch,3.5
2302,4,connector_end_pose_mismatch,3.5
2303,2,connector_start_pose_mismatch,3.5
2303,2,connector_end_pose_mismatch,3.5
2303,5,connector_start_pose_mismatch,3.500001
2303,5,connector_end_pose_mismatch,3.5
230,6,connector_start_pose_mismatch,3.5
230,6,connector_end_pose_mismatch,3.5
2304,3,connector_start_pose_mismatch,3.5
2304,3,connector_end_pose_mismatch,3.5
2304,10,connector_start_pose_mismatch,3.500001
2304,10,connector_end_pose_mismatch,3.5
2306,4,connector_start_pose_mismatch,3.5
2306,4,connector_end_pose_mismatch,3.5
2306,7,connector_start_pose_mismatch,3.5
2306,7,connector_end_pose_mismatch,3.5
2307,,high_connection_count,22
2307,8,connector_start_pose_mismatch,3.499999
2307,8,connector_end_pose_mismatch,3.500001
2307,17,connector_start_pose_mismatch,3.5
2307,17,connector_end_pose_mismatch,3.5
2308,2,connector_start_pose_mismatch,3.5
2308,2,connector_end_pose_mismatch,3.5
2308,5,connector_start_pose_mismatch,3.5
2308,5,connector_end_pose_mismatch,3.5
2308,8,connector_start_pose_mismatch,3.5
2308,8,connector_end_pose_mismatch,3.5
2309,2,connector_start_pose_mismatch,3.5
2309,2,connector_end_pose_mismatch,3.5
2309,5,connector_start_pose_mismatch,3.499999
2309,5,connector_end_pose_mismatch,3.5
2311,6,connector_start_pose_mismatch,3.5
2311,6,connector_end_pose_mismatch,3.500001
2312,2,connector_start_pose_mismatch,3.499999
2312,2,connector_end_pose_mismatch,3.5
2314,4,connector_start_pose_mismatch,3.5
2314,4,connector_end_pose_mismatch,3.5
2315,2,connector_start_pose_mismatch,3.5
2315,2,connector_end_pose_mismatch,3.5
2315,5,connector_start_pose_mismatch,3.5
2315,5,connector_end_pose_mismatch,3.499999
2316,2,connector_start_pose_mismatch,3.5
2316,2,connector_end_pose_mismatch,3.5
2316,7,connector_start_pose_mismatch,3.5
2316,7,connector_end_pose_mismatch,3.5
2317,4,connector_start_pose_mismatch,3.500001
2317,4,connector_end_pose_mismatch,3.5
2317,7,connector_start_pose_mismatch,3.5
2317,7,connector_end_pose_mismatch,3.5
2318,6,connector_start_pose_mismatch,3.5
2318,6,connector_end_pose_mismatch,3.5
2319,2,connector_end_pose_mismatch,3.5
2320,2,connector_end_pose_mismatch,3.5
2322,6,connector_start_pose_mismatch,3.500001
2322,6,connector_end_pose_mismatch,3.5
24,5,connector_start_pose_mismatch,3.5
24,5,connector_end_pose_mismatch,3.5
24,8,connector_start_pose_mismatch,3.5
24,8,connector_end_pose_mismatch,3.5
2324,2,connector_start_pose_mismatch,3.500001
2324,2,connector_end_pose_mismatch,3.5
2326,4,connector_start_pose_mismatch,3.5
2326,4,connector_end_pose_mismatch,3.5
2327,2,connector_start_pose_mismatch,3.5
2327,2,connector_end_pose_mismatch,3.5
2327,5,connector_start_pose_mismatch,3.5
2327,5,connector_end_pose_mismatch,3.5
2327,8,connector_start_pose_mismatch,3.5
2327,8,connector_end_pose_mismatch,3.499999
2328,2,connector_start_pose_mismatch,3.5
2328,2,connector_end_pose_mismatch,3.5
2329,4,connector_start_pose_mismatch,3.5
2329,4,connector_end_pose_mismatch,3.5
2329,7,connector_start_pose_mismatch,3.5
2329,7,connector_end_pose_mismatch,3.5
2331,1,connector_start_pose_mismatch,3.5
2331,1,connector_end_pose_mismatch,3.5
2332,2,connector_start_pose_mismatch,3.5
2332,2,connector_end_pose_mismatch,3.5
2333,0,connector_start_pose_mismatch,3.5
2333,0,connector_end_pose_mismatch,3.5
2334,6,connector_start_pose_mismatch,3.5
2334,6,connector_end_pose_mismatch,3.5
2336,2,connector_start_pose_mismatch,3.5
2336,2,connector_end_pose_mismatch,3.5
2336,7,connector_start_pose_mismatch,3.499999
2336,7,connector_end_pose_mismatch,3.5
2338,0,connector_end_pose_mismatch,3.5
2338,1,connector_start_pose_mismatch,3.5
2338,1,connector_end_pose_mismatch,3.5
2338,2,connector_start_pose_mismatch,3.5
2339,9,connector_start_pose_mismatch,3.5
2339,9,connector_end_pose_mismatch,3.5
2339,13,connector_start_pose_mismatch,3.5
2339,13,connector_end_pose_mismatch,3.5
234,2,connector_start_pose_mismatch,3.5
234,2,connector_end_pose_mismatch,3.5
234,5,connector_start_pose_mismatch,3.5
234,5,connector_end_pose_mismatch,3.5
234,8,connector_start_pose_mismatch,3.5
234,8,connector_end_pose_mismatch,3.5
2343,4,connector_start_pose_mismatch,3.5
2343,4,connector_end_pose_mismatch,3.5
2344,3,connector_start_pose_mismatch,3.5
2344,3,connector_end_pose_mismatch,3.5
2345,3,connector_start_pose_mismatch,3.5
2345,3,connector_end_pose_mismatch,3.5
2345,10,connector_start_pose_mismatch,3.500001
2345,10,connector_end_pose_mismatch,3.5
2346,0,connector_start_pose_mismatch,3.499999
2346,0,connector_end_pose_mismatch,3.500001
2347,4,connector_start_pose_mismatch,3.5
2347,4,connector_end_pose_mismatch,3.5
2348,2,connector_start_pose_mismatch,3.5
2348,2,connector_end_pose_mismatch,3.5
2348,5,connector_start_pose_mismatch,3.499999
2348,5,connector_end_pose_mismatch,3.5
2351,4,connector_start_pose_mismatch,3.5
2351,4,connector_end_pose_mismatch,3.5
2351,7,connector_start_pose_mismatch,3.5
2351,7,connector_end_pose_mismatch,3.5
235,3,connector_start_pose_mismatch,3.5
235,3,connector_end_pose_mismatch,3.5
236,0,connector_start_pose_mismatch,3.5
2360,3,connector_start_pose_mismatch,3.5
2360,3,connector_end_pose_mismatch,3.5
2363,6,connector_start_pose_mismatch,3.5
2363,6,connector_end_pose_mismatch,3.5
2364,3,connector_start_pose_mismatch,3.5
2364,3,connector_end_pose_mismatch,3.5
2365,6,connector_start_pose_mismatch,3.5
2365,6,connector_end_pose_mismatch,3.5
2367,7,connector_start_pose_mismatch,3.499999
2367,7,connector_end_pose_mismatch,3.500001
2368,4,connector_start_pose_mismatch,3.5
2368,4,connector_end_pose_mismatch,3.5
2368,7,connector_start_pose_mismatch,3.5
2368,7,connector_end_pose_mismatch,3.5
2369,13,connector_start_pose_mismatch,3.5
2369,13,connector_end_pose_mismatch,3.5
2370,2,connector_start_pose_mismatch,3.5
2370,2,connector_end_pose_mismatch,3.5
2371,3,connector_start_pose_mismatch,3.5
2371,3,connector_end_pose_mismatch,3.5
2371,7,connector_start_pose_mismatch,3.5
2371,7,connector_end_pose_mismatch,3.5
2371,11,connector_start_pose_mismatch,3.5
2371,11,connector_end_pose_mismatch,3.5
2372,0,connector_start_pose_mismatch,3.5
2372,4,connector_start_pose_mismatch,3.5
2372,4,connector_end_pose_mismatch,3.500001
2372,8,connector_start_pose_mismatch,3.5
2372,8,connector_end_pose_mismatch,3.5
2373,0,connector_end_pose_mismatch,3.499999
2373,3,connector_start_pose_mismatch,3.5
2373,3,connector_end_pose_mismatch,3.5
2373,4,connector_start_pose_mismatch,3.5
2373,8,connector_start_pose_mismatch,3.5
2373,8,connector_end_pose_mismatch,3.500001
2373,9,connector_end_pose_mismatch,3.5
2373,12,connector_start_pose_mismatch,3.499999
2373,12,connector_end_pose_mismatch,3.5
2373,13,connector_start_pose_mismatch,3.500001
238,0,connector_end_pose_mismatch,3.499999
238,2,connector_start_pose_mismatch,3.5
238,2,connector_end_pose_mismatch,3.500001
238,3,connector_start_pose_mismatch,3.5
238,9,connector_start_pose_mismatch,3.5
238,9,connector_end_pose_mismatch,3.499999
2375,4,connector_start_pose_mismatch,3.5
2375,4,connector_end_pose_mismatch,3.5
2375,7,connector_start_pose_mismatch,3.5
2375,7,connector_end_pose_mismatch,3.5
2377,1,connector_start_pose_mismatch,3.5
2377,1,connector_end_pose_mismatch,3.5
2378,3,connector_start_pose_mismatch,3.5
2378,3,connector_end_pose_mismatch,3.5
2379,0,connector_start_pose_mismatch,3.5
2379,0,connector_end_pose_mismatch,3.5
2380,6,connector_start_pose_mismatch,3.5
2380,6,connector_end_pose_mismatch,3.5
2381,6,connector_start_pose_mismatch,3.5
2381,6,connector_end_pose_mismatch,3.5
2383,1,connector_start_pose_mismatch,3.499999
2383,1,connector_end_pose_mismatch,3.5
2383,5,connector_start_pose_mismatch,3.5
2383,5,connector_end_pose_mismatch,3.5
2384,4,connector_start_pose_mismatch,3.5
2384,4,connector_end_pose_mismatch,3.500001
2388,6,connector_start_pose_mismatch,3.500001
2388,6,connector_end_pose_mismatch,3.5
2389,4,connector_start_pose_mismatch,3.499999
2389,4,connector_end_pose_mismatch,3.5
2390,4,connector_start_pose_mismatch,3.5
2390,4,connector_end_pose_mismatch,3.5
2391,3,connector_start_pose_mismatch,3.499999
2391,3,connector_end_pose_mismatch,3.5
2392,2,connector_start_pose_mismatch,3.5
2392,2,connector_end_pose_mismatch,3.5
2392,7,connector_start_pose_mismatch,3.5
2392,7,connector_end_pose_mismatch,3.5
2393,3,connector_start_pose_mismatch,3.499999
2393,3,connector_end_pose_mismatch,3.5
2393,7,connector_start_pose_mismatch,3.5
2393,7,connector_end_pose_mismatch,3.499999
2394,3,connector_start_pose_mismatch,3.5
2394,3,connector_end_pose_mismatch,3.5
2395,6,connector_start_pose_mismatch,3.5
2395,6,connector_end_pose_mismatch,3.5
2396,2,connector_start_pose_mismatch,3.499999
2396,2,connector_end_pose_mismatch,3.5
2396,5,connector_start_pose_mismatch,3.499999
2396,5,connector_end_pose_mismatch,3.5
2396,8,connector_start_pose_mismatch,3.5
2396,8,connector_end_pose_mismatch,3.5
2397,0,connector_start_pose_mismatch,3.5
2397,0,connector_end_pose_mismatch,3.5
2398,0,connector_start_pose_mismatch,3.5
2398,0,connector_end_pose_mismatch,3.5
2399,0,connector_end_pose_mismatch,10.5
2399,1,connector_end_pose_mismatch,7.0
2399,2,connector_start_pose_mismatch,3.5
2399,2,connector_end_pose_mismatch,3.5
2399,3,connector_start_pose_mismatch,10.5
2400,2,connector_start_pose_mismatch,3.5
2400,2,connector_end_pose_mismatch,3.5
2400,5,connector_start_pose_mismatch,3.500001
2400,5,connector_end_pose_mismatch,3.5
2400,8,connector_start_pose_mismatch,3.5
2400,8,connector_end_pose_mismatch,3.5
2401,2,connector_start_pose_mismatch,3.500001
2401,2,connector_end_pose_mismatch,3.5
2401,5,connector_start_pose_mismatch,3.5
2401,5,connector_end_pose_mismatch,3.500001
2402,2,connector_start_pose_mismatch,3.5
2402,2,connector_end_pose_mismatch,3.499999
2402,5,connector_start_pose_mismatch,3.5
2402,5,connector_end_pose_mismatch,3.5
2402,8,connector_start_pose_mismatch,3.5
2402,8,connector_end_pose_mismatch,3.499999
2403,1,connector_start_pose_mismatch,3.5
2403,1,connector_end_pose_mismatch,3.5
2403,5,connector_start_pose_mismatch,3.500001
2403,5,connector_end_pose_mismatch,3.5
2404,0,connector_start_pose_mismatch,3.5
2404,5,connector_start_pose_mismatch,3.5
2404,5,connector_end_pose_mismatch,3.5
2404,6,connector_start_pose_mismatch,3.5
2404,8,connector_start_pose_mismatch,3.5
2404,8,connector_end_pose_mismatch,3.5
2404,9,connector_start_pose_mismatch,3.5
2404,14,connector_end_pose_mismatch,3.5
2404,17,connector_start_pose_mismatch,3.5
2404,17,connector_end_pose_mismatch,3.5
2406,0,connector_start_pose_mismatch,3.5
2406,3,connector_end_pose_mismatch,3.5
2406,4,connector_end_pose_mismatch,3.5
2406,5,connector_start_pose_mismatch,3.5
2406,5,connector_end_pose_mismatch,3.5
2406,6,connector_start_pose_mismatch,7.000001
2406,7,connector_start_pose_mismatch,3.5
2409,0,connector_start_pose_mismatch,3.5
2409,0,connector_end_pose_mismatch,3.5
25,1,connector_end_pose_mismatch,3.5
25,3,connector_start_pose_mismatch,3.5
25,3,connector_end_pose_mismatch,3.5
240,2,connector_start_pose_mismatch,3.5
240,2,connector_end_pose_mismatch,3.5
240,5,connector_start_pose_mismatch,3.5
240,5,connector_end_pose_mismatch,3.5
2412,6,connector_start_pose_mismatch,3.499999
2412,6,connector_end_pose_mismatch,3.500001
2412,10,connector_start_pose_mismatch,3.5
2412,10,connector_end_pose_mismatch,3.5
2413,6,connector_start_pose_mismatch,3.5
2413,6,connector_end_pose_mismatch,3.5
2415,2,connector_start_pose_mismatch,3.500001
2415,2,connector_end_pose_mismatch,3.5
2417,4,connector_start_pose_mismatch,3.5
2417,4,connector_end_pose_mismatch,3.5
2418,3,connector_start_pose_mismatch,3.499999
2418,3,connector_end_pose_mismatch,3.5
2420,4,connector_start_pose_mismatch,3.500001
2420,4,connector_end_pose_mismatch,3.5
2422,6,connector_start_pose_mismatch,3.5
2422,6,connector_end_pose_mismatch,3.5
2424,2,connector_start_pose_mismatch,3.5
2424,2,connector_end_pose_mismatch,3.5
2425,6,connector_start_pose_mismatch,3.5
2425,6,connector_end_pose_mismatch,3.5
2426,2,connector_start_pose_mismatch,3.5
2426,2,connector_end_pose_mismatch,3.5
2427,3,connector_start_pose_mismatch,3.5
2427,3,connector_end_pose_mismatch,3.5
2427,10,connector_start_pose_mismatch,3.5
2427,10,connector_end_pose_mismatch,3.5
2428,6,connector_start_pose_mismatch,3.5
2428,6,connector_end_pose_mismatch,3.5
2428,10,connector_start_pose_mismatch,3.5
2428,10,connector_end_pose_mismatch,3.5
2429,2,connector_start_pose_mismatch,3.5
2429,2,connector_end_pose_mismatch,3.5
241,6,connector_start_pose_mismatch,3.5
241,6,connector_end_pose_mismatch,3.5
2430,4,connector_start_pose_mismatch,3.5
2430,4,connector_end_pose_mismatch,3.5
2431,2,connector_start_pose_mismatch,3.5
2431,2,connector_end_pose_mismatch,3.5
2434,2,connector_start_pose_mismatch,3.5
2434,2,connector_end_pose_mismatch,3.5
2435,4,connector_start_pose_mismatch,3.5
2435,4,connector_end_pose_mismatch,3.5
2435,7,connector_start_pose_mismatch,3.5
2435,7,connector_end_pose_mismatch,3.5
2436,2,connector_start_pose_mismatch,3.5
2436,2,connector_end_pose_mismatch,3.500001
2437,6,connector_start_pose_mismatch,3.5
2437,6,connector_end_pose_mismatch,3.499999
242,2,connector_start_pose_mismatch,3.5
242,2,connector_end_pose_mismatch,3.5
242,5,connector_start_pose_mismatch,3.5
242,5,connector_end_pose_mismatch,3.5
242,8,connector_start_pose_mismatch,3.5
242,8,connector_end_pose_mismatch,3.5
2438,2,connector_start_pose_mismatch,3.5
2438,2,connector_end_pose_mismatch,3.5
2438,7,connector_start_pose_mismatch,3.5
2438,7,connector_end_pose_mismatch,3.5
2440,2,connector_start_pose_mismatch,3.5
2440,2,connector_end_pose_mismatch,3.5
2440,5,connector_start_pose_mismatch,3.5
2440,5,connector_end_pose_mismatch,3.5
2443,2,connector_start_pose_mismatch,3.5
2443,2,connector_end_pose_mismatch,3.5
2444,6,connector_start_pose_mismatch,3.5
2444,6,connector_end_pose_mismatch,3.5
2445,6,connector_start_pose_mismatch,3.5
2445,6,connector_end_pose_mismatch,3.5
2445,10,connector_start_pose_mismatch,3.5
2445,10,connector_end_pose_mismatch,3.5
2445,14,connector_start_pose_mismatch,3.5
2445,14,connector_end_pose_mismatch,3.5
2446,9,connector_start_pose_mismatch,3.5
2446,9,connector_end_pose_mismatch,3.5
2446,13,connector_start_pose_mismatch,3.500001
2446,13,connector_end_pose_mismatch,3.499999
243,2,connector_start_pose_mismatch,3.5
243,2,connector_end_pose_mismatch,3.5
243,5,connector_start_pose_mismatch,3.5
243,5,connector_end_pose_mismatch,3.5
243,8,connector_start_pose_mismatch,3.500001
243,8,connector_end_pose_mismatch,3.5
2447,6,connector_start_pose_mismatch,3.499999
2447,6,connector_end_pose_mismatch,3.5
2448,2,connector_start_pose_mismatch,3.5
2448,2,connector_end_pose_mismatch,3.500001
2449,4,connector_start_pose_mismatch,3.5
2449,4,connector_end_pose_mismatch,3.5
2450,2,connector_start_pose_mismatch,3.5
2450,2,connector_end_pose_mismatch,3.5
2450,7,connector_start_pose_mismatch,3.5
2450,7,connector_end_pose_mismatch,3.5
2452,6,connector_start_pose_mismatch,3.5
2452,6,connector_end_pose_mismatch,3.5
244,2,connector_start_pose_mismatch,3.5
244,2,connector_end_pose_mismatch,3.5
244,5,connector_start_pose_mismatch,3.5
244,5,connector_end_pose_mismatch,3.5
244,8,connector_start_pose_mismatch,3.5
244,8,connector_end_pose_mismatch,3.5
2456,4,connector_start_pose_mismatch,3.500001
2456,4,connector_end_pose_mismatch,3.499999
2457,4,connector_start_pose_mismatch,3.500001
2457,4,connector_end_pose_mismatch,3.5
2458,2,connector_start_pose_mismatch,3.5
2458,2,connector_end_pose_mismatch,3.5
2458,7,connector_start_pose_mismatch,3.5
2458,7,connector_end_pose_mismatch,3.5
2459,4,connector_start_pose_mismatch,3.499999
2459,4,connector_end_pose_mismatch,3.5
2460,2,connector_start_pose_mismatch,3.5
2460,2,connector_end_pose_mismatch,3.5
2460,7,connector_start_pose_mismatch,3.500001
2460,7,connector_end_pose_mismatch,3.5
2461,6,connector_start_pose_mismatch,3.499999
2461,6,connector_end_pose_mismatch,3.5
2462,4,connector_start_pose_mismatch,3.5
2462,4,connector_end_pose_mismatch,3.5
245,0,connector_end_pose_mismatch,3.5
2464,0,connector_start_pose_mismatch,3.5
2464,0,connector_end_pose_mismatch,3.5
2465,4,connector_start_pose_mismatch,3.500001
2465,4,connector_end_pose_mismatch,3.5
2466,4,connector_start_pose_mismatch,3.500001
2466,4,connector_end_pose_mismatch,3.5
2466,7,connector_start_pose_mismatch,3.5
2466,7,connector_end_pose_mismatch,3.5
2467,4,connector_start_pose_mismatch,3.500001
2467,4,connector_end_pose_mismatch,3.5
2468,2,connector_start_pose_mismatch,3.5
2468,2,connector_end_pose_mismatch,3.5
2468,7,connector_start_pose_mismatch,3.5
2468,7,connector_end_pose_mismatch,3.5
2469,2,connector_start_pose_mismatch,3.5
2469,2,connector_end_pose_mismatch,3.5
2469,7,connector_start_pose_mismatch,3.5
2469,7,connector_end_pose_mismatch,3.500001
2470,2,connector_start_pose_mismatch,3.5
2470,2,connector_end_pose_mismatch,3.499999
2470,5,connector_start_pose_mismatch,3.5
2470,5,connector_end_pose_mismatch,3.5
2471,10,connector_start_pose_mismatch,3.500001
2471,10,connector_end_pose_mismatch,3.5
2472,4,connector_start_pose_mismatch,3.5
2472,4,connector_end_pose_mismatch,3.5
246,0,connector_start_pose_mismatch,3.5
246,1,connector_start_pose_mismatch,3.5
246,3,connector_start_pose_mismatch,3.5
246,3,connector_end_pose_mismatch,3.500001
246,7,connector_start_pose_mismatch,3.500001
246,7,connector_end_pose_mismatch,3.499999
246,11,connector_start_pose_mismatch,3.5
246,11,connector_end_pose_mismatch,3.5
246,12,connector_start_pose_mismatch,3.5
246,13,connector_start_pose_mismatch,3.5
246,15,connector_start_pose_mismatch,3.5
246,15,connector_end_pose_mismatch,3.5
2474,4,connector_start_pose_mismatch,3.5
2474,4,connector_end_pose_mismatch,3.5
2474,7,connector_start_pose_mismatch,3.5
2474,7,connector_end_pose_mismatch,3.5
2476,2,connector_start_pose_mismatch,3.500001
2476,2,connector_end_pose_mismatch,3.499999
2476,5,connector_start_pose_mismatch,3.5
2476,5,connector_end_pose_mismatch,3.5
2476,8,connector_start_pose_mismatch,3.5
2476,8,connector_end_pose_mismatch,3.5
2478,7,connector_start_pose_mismatch,3.5
2478,7,connector_end_pose_mismatch,3.5
2479,4,connector_start_pose_mismatch,3.5
2479,4,connector_end_pose_mismatch,3.5
2480,7,connector_start_pose_mismatch,3.5
2480,7,connector_end_pose_mismatch,3.500001
2481,2,connector_start_pose_mismatch,3.5
2481,2,connector_end_pose_mismatch,3.5
2483,2,connector_start_pose_mismatch,3.499999
2483,2,connector_end_pose_mismatch,3.500001
2483,5,connector_start_pose_mismatch,3.5
2483,5,connector_end_pose_mismatch,3.5
2484,6,connector_start_pose_mismatch,3.5
2484,6,connector_end_pose_mismatch,3.5
2485,4,connector_start_pose_mismatch,3.5
2485,4,connector_end_pose_mismatch,3.5
2486,4,connector_start_pose_mismatch,3.5
2486,4,connector_end_pose_mismatch,3.5
2487,3,connector_start_pose_mismatch,3.500001
2487,3,connector_end_pose_mismatch,3.5
2489,6,connector_start_pose_mismatch,3.5
2489,6,connector_end_pose_mismatch,3.5
2490,6,connector_start_pose_mismatch,3.5
2490,6,connector_end_pose_mismatch,3.5
2491,6,connector_start_pose_mismatch,3.5
2491,6,connector_end_pose_mismatch,3.5
2492,2,connector_start_pose_mismatch,3.5
2492,2,connector_end_pose_mismatch,3.5
2492,5,connector_start_pose_mismatch,3.499999
2492,5,connector_end_pose_mismatch,3.500001
2493,9,connector_start_pose_mismatch,3.5
2493,9,connector_end_pose_mismatch,3.5
2494,2,connector_start_pose_mismatch,3.5
2494,2,connector_end_pose_mismatch,3.5
2494,5,connector_start_pose_mismatch,3.5
2494,5,connector_end_pose_mismatch,3.5
2495,9,connector_start_pose_mismatch,3.500001
2495,9,connector_end_pose_mismatch,3.5
2496,9,connector_start_pose_mismatch,3.5
2496,9,connector_end_pose_mismatch,3.5
2498,7,connector_start_pose_mismatch,3.5
2498,7,connector_end_pose_mismatch,3.5
26,2,connector_start_pose_mismatch,3.499999
26,2,connector_end_pose_mismatch,3.500001
2502,3,connector_start_pose_mismatch,3.5
2502,3,connector_end_pose_mismatch,3.5
2502,7,connector_start_pose_mismatch,3.5
2502,7,connector_end_pose_mismatch,3.5
2503,0,connector_start_pose_mismatch,3.5
2503,0,connector_end_pose_mismatch,3.5
2505,4,connector_start_pose_mismatch,3.5
2505,4,connector_end_pose_mismatch,3.5
2508,0,connector_start_pose_mismatch,3.499999
2508,0,connector_end_pose_mismatch,3.500001
2509,2,connector_start_pose_mismatch,3.5
2509,2,connector_end_pose_mismatch,3.5
2510,0,connector_start_pose_mismatch,3.5
2510,0,connector_end_pose_mismatch,3.5
2511,2,connector_start_pose_mismatch,3.5
2511,2,connector_end_pose_mismatch,3.499999
2512,6,connector_start_pose_mismatch,3.500001
2512,6,connector_end_pose_mismatch,3.499999
2513,0,connector_start_pose_mismatch,3.5
2513,0,connector_end_pose_mismatch,3.5
2514,2,connector_start_pose_mismatch,3.5
2514,2,connector_end_pose_mismatch,3.5
2515,4,connector_start_pose_mismatch,3.5
2515,4,connector_end_pose_mismatch,3.5
2516,2,connector_start_pose_mismatch,3.5
2516,2,connector_end_pose_mismatch,3.500001
2516,7,connector_start_pose_mismatch,3.5
2516,7,connector_end_pose_mismatch,3.5
2627,1,connector_end_pose_mismatch,3.5
2627,4,connector_start_pose_mismatch,3.5
2627,4,connector_end_pose_mismatch,3.5
2517,3,connector_start_pose_mismatch,3.5
2517,3,connector_end_pose_mismatch,3.5
2517,7,connector_start_pose_mismatch,3.499999
2517,7,connector_end_pose_mismatch,3.5
2517,11,connector_start_pose_mismatch,3.5
2517,11,connector_end_pose_mismatch,3.500001
2518,0,connector_end_pose_mismatch,3.5
2519,0,connector_start_pose_mismatch,3.5
2519,2,connector_start_pose_mismatch,3.5
2519,2,connector_end_pose_mismatch,3.5
2519,3,connector_start_pose_mismatch,3.5
2519,4,connector_start_pose_mismatch,3.5
2519,5,connector_start_pose_mismatch,3.5
2519,5,connector_end_pose_mismatch,3.499999
2519,8,connector_start_pose_mismatch,3.5
2519,8,connector_end_pose_mismatch,3.5
2520,4,connector_start_pose_mismatch,3.5
2520,4,connector_end_pose_mismatch,3.5
2520,7,connector_start_pose_mismatch,3.5
2520,7,connector_end_pose_mismatch,3.5
2521,1,connector_start_pose_mismatch,3.5
2521,1,connector_end_pose_mismatch,3.5
2522,2,connector_start_pose_mismatch,3.5
2522,2,connector_end_pose_mismatch,3.5
2523,4,connector_start_pose_mismatch,3.5
2523,4,connector_end_pose_mismatch,3.5
2523,7,connector_start_pose_mismatch,3.499999
2523,7,connector_end_pose_mismatch,3.500001
2524,4,connector_start_pose_mismatch,3.5
2524,4,connector_end_pose_mismatch,3.5
2525,2,connector_start_pose_mismatch,3.5
2525,2,connector_end_pose_mismatch,3.5
2526,2,connector_start_pose_mismatch,3.500001
2526,2,connector_end_pose_mismatch,3.499999
2526,5,connector_start_pose_mismatch,3.5
2526,5,connector_end_pose_mismatch,3.499999
250,0,connector_end_pose_mismatch,3.5
250,2,connector_start_pose_mismatch,3.5
250,2,connector_end_pose_mismatch,3.5
2527,2,connector_start_pose_mismatch,3.5
2527,2,connector_end_pose_mismatch,3.5
2527,5,connector_start_pose_mismatch,3.5
2527,5,connector_end_pose_mismatch,3.5
2528,2,connector_start_pose_mismatch,3.5
2528,2,connector_end_pose_mismatch,3.5
2528,5,connector_start_pose_mismatch,3.5
2528,5,connector_end_pose_mismatch,3.5
2528,8,connector_start_pose_mismatch,3.5
2528,8,connector_end_pose_mismatch,3.5
2529,3,connector_start_pose_mismatch,3.5
2529,3,connector_end_pose_mismatch,3.5
2529,7,connector_start_pose_mismatch,3.5
2529,7,connector_end_pose_mismatch,3.5
2530,4,connector_start_pose_mismatch,3.5
2530,4,connector_end_pose_mismatch,3.5
2531,2,connector_start_pose_mismatch,3.5
2531,2,connector_end_pose_mismatch,3.5
2531,5,connector_start_pose_mismatch,3.5
2531,5,connector_end_pose_mismatch,3.500001
2533,12,connector_start_pose_mismatch,3.5
2533,12,connector_end_pose_mismatch,3.5
2534,0,connector_end_pose_mismatch,3.5
251,2,connector_start_pose_mismatch,3.5
251,2,connector_end_pose_mismatch,3.5
251,5,connector_start_pose_mismatch,3.5
251,5,connector_end_pose_mismatch,3.5
251,8,connector_start_pose_mismatch,3.5
251,8,connector_end_pose_mismatch,3.5
2536,6,connector_start_pose_mismatch,3.500001
2536,6,connector_end_pose_mismatch,3.5
2537,6,connector_start_pose_mismatch,3.5
2537,6,connector_end_pose_mismatch,3.5
2538,2,connector_start_pose_mismatch,3.5
2538,2,connector_end_pose_mismatch,3.5
2538,3,connector_start_pose_mismatch,3.5
2538,5,connector_start_pose_mismatch,3.5
2538,5,connector_end_pose_mismatch,3.499999
2538,8,connector_start_pose_mismatch,3.499999
2538,8,connector_end_pose_mismatch,3.500001
2539,2,connector_start_pose_mismatch,3.499999
2539,2,connector_end_pose_mismatch,3.500001
2540,1,connector_start_pose_mismatch,3.5
2541,0,connector_start_pose_mismatch,3.5
2542,0,connector_end_pose_mismatch,3.5
2542,2,connector_end_pose_mismatch,3.5
2543,5,connector_start_pose_mismatch,3.5
2543,5,connector_end_pose_mismatch,3.5
2543,8,connector_start_pose_mismatch,3.5
2543,8,connector_end_pose_mismatch,3.5
2544,2,connector_start_pose_mismatch,3.5
2544,2,connector_end_pose_mismatch,3.5
2544,5,connector_start_pose_mismatch,3.5
2544,5,connector_end_pose_mismatch,3.5
2545,2,connector_start_pose_mismatch,3.5
2545,2,connector_end_pose_mismatch,3.5
2545,7,connector_start_pose_mismatch,3.5
2545,7,connector_end_pose_mismatch,3.5
252,1,connector_end_pose_mismatch,3.5
2546,3,connector_start_pose_mismatch,3.5
2546,3,connector_end_pose_mismatch,3.500001
2546,7,connector_start_pose_mismatch,3.500001
2546,7,connector_end_pose_mismatch,3.499999
2547,2,connector_start_pose_mismatch,3.5
2547,2,connector_end_pose_mismatch,3.500001
2547,7,connector_start_pose_mismatch,3.5
2547,7,connector_end_pose_mismatch,3.5
2548,4,connector_start_pose_mismatch,3.5
2548,4,connector_end_pose_mismatch,3.5
2552,2,connector_start_pose_mismatch,3.5
2552,2,connector_end_pose_mismatch,3.5
2554,14,connector_start_pose_mismatch,3.5
2554,14,connector_end_pose_mismatch,3.5
2555,0,connector_start_pose_mismatch,3.5
2555,0,connector_end_pose_mismatch,3.500001
253,2,connector_start_pose_mismatch,3.5
253,2,connector_end_pose_mismatch,3.5
253,7,connector_start_pose_mismatch,3.5
253,7,connector_end_pose_mismatch,3.500001
2558,2,connector_start_pose_mismatch,3.499999
2559,0,connector_end_pose_mismatch,3.5
2560,0,connector_start_pose_mismatch,3.5
2560,0,connector_end_pose_mismatch,3.499999
2561,0,connector_start_pose_mismatch,3.5
2561,0,connector_end_pose_mismatch,3.5
2565,0,connector_start_pose_mismatch,3.5
2565,0,connector_end_pose_mismatch,3.5
2567,4,connector_start_pose_mismatch,3.5
2567,4,connector_end_pose_mismatch,3.5
2568,3,connector_start_pose_mismatch,3.5
2568,3,connector_end_pose_mismatch,3.499999
2568,10,connector_start_pose_mismatch,3.5
2568,10,connector_end_pose_mismatch,3.5
2569,2,connector_start_pose_mismatch,3.5
2569,2,connector_end_pose_mismatch,3.500001
2569,5,connector_start_pose_mismatch,3.5
2569,5,connector_end_pose_mismatch,3.5
2570,3,connector_start_pose_mismatch,3.5
2570,3,connector_end_pose_mismatch,3.5
2570,7,connector_start_pose_mismatch,3.5
2570,7,connector_end_pose_mismatch,3.5
2570,14,connector_start_pose_mismatch,3.5
2570,14,connector_end_pose_mismatch,3.5
2571,6,connector_start_pose_mismatch,3.500001
2571,6,connector_end_pose_mismatch,3.5
2572,2,connector_start_pose_mismatch,3.5
2572,2,connector_end_pose_mismatch,3.5
2572,5,connector_start_pose_mismatch,3.500001
2572,5,connector_end_pose_mismatch,3.5
2575,2,connector_start_pose_mismatch,3.499999
2575,2,connector_end_pose_mismatch,3.5
2575,5,connector_start_pose_mismatch,3.499999
2575,5,connector_end_pose_mismatch,3.5
2575,8,connector_start_pose_mismatch,3.5
2575,8,connector_end_pose_mismatch,3.5
2576,0,connector_start_pose_mismatch,3.5
2576,0,connector_end_pose_mismatch,3.5
2577,3,connector_start_pose_mismatch,3.499999
2577,3,connector_end_pose_mismatch,3.5
2577,7,connector_start_pose_mismatch,3.5
2577,7,connector_end_pose_mismatch,3.5
2577,11,connector_start_pose_mismatch,3.5
2577,11,connector_end_pose_mismatch,3.5
2577,15,connector_start_pose_mismatch,3.5
2577,15,connector_end_pose_mismatch,3.5
2578,0,connector_start_pose_mismatch,3.499999
2578,0,connector_end_pose_mismatch,3.5
2579,2,connector_start_pose_mismatch,3.5
2579,2,connector_end_pose_mismatch,3.5
2579,5,connector_start_pose_mismatch,3.5
2579,5,connector_end_pose_mismatch,3.5
2579,8,connector_start_pose_mismatch,3.499999
2579,8,connector_end_pose_mismatch,3.5
2580,2,connector_start_pose_mismatch,3.499999
2580,2,connector_end_pose_mismatch,3.5
2580,5,connector_start_pose_mismatch,3.5
2580,5,connector_end_pose_mismatch,3.5
2580,8,connector_start_pose_mismatch,3.5
2580,8,connector_end_pose_mismatch,3.5
2581,2,connector_start_pose_mismatch,3.500001
2581,2,connector_end_pose_mismatch,3.5
2581,5,connector_start_pose_mismatch,3.5
2581,5,connector_end_pose_mismatch,3.5
2581,8,connector_start_pose_mismatch,3.5
2581,8,connector_end_pose_mismatch,3.5
2582,0,connector_start_pose_mismatch,3.5
2582,0,connector_end_pose_mismatch,3.5
2583,2,connector_start_pose_mismatch,3.5
2583,2,connector_end_pose_mismatch,3.5
2583,5,connector_start_pose_mismatch,3.499999
2583,5,connector_end_pose_mismatch,3.500001
2583,8,connector_start_pose_mismatch,3.5
2583,8,connector_end_pose_mismatch,3.5
2584,0,connector_start_pose_mismatch,3.5
2584,0,connector_end_pose_mismatch,3.5
2585,2,connector_start_pose_mismatch,3.5
2585,2,connector_end_pose_mismatch,3.5
2585,5,connector_start_pose_mismatch,3.5
2585,5,connector_end_pose_mismatch,3.5
2585,8,connector_start_pose_mismatch,3.5
2585,8,connector_end_pose_mismatch,3.5
2586,0,connector_start_pose_mismatch,3.5
2586,0,connector_end_pose_mismatch,3.5
2587,0,connector_start_pose_mismatch,3.5
2587,0,connector_end_pose_mismatch,3.499999
2588,0,connector_start_pose_mismatch,3.500001
2588,0,connector_end_pose_mismatch,3.499999
2592,3,connector_end_pose_mismatch,3.499999
2592,4,connector_end_pose_mismatch,3.499873
2593,2,connector_start_pose_mismatch,3.5
2593,2,connector_end_pose_mismatch,3.5
27,0,connector_start_pose_mismatch,3.5
27,0,connector_end_pose_mismatch,3.499999
2594,6,connector_start_pose_mismatch,3.5
2594,6,connector_end_pose_mismatch,3.5
2595,2,connector_start_pose_mismatch,3.5
2595,2,connector_end_pose_mismatch,3.5
2595,3,connector_start_pose_mismatch,7.0
2595,4,connector_start_pose_mismatch,3.5
2598,4,connector_start_pose_mismatch,3.5
2598,4,connector_end_pose_mismatch,3.5
2598,7,connector_start_pose_mismatch,3.5
2598,7,connector_end_pose_mismatch,3.5
2599,3,connector_end_pose_mismatch,3.5
2599,5,connector_start_pose_mismatch,3.500001
2599,5,connector_end_pose_mismatch,3.5
2599,6,connector_start_pose_mismatch,3.5
2599,9,connector_start_pose_mismatch,3.5
2599,9,connector_end_pose_mismatch,3.5
2600,0,connector_end_pose_mismatch,3.5
2600,2,connector_start_pose_mismatch,3.5
2600,2,connector_end_pose_mismatch,3.5
2600,3,connector_start_pose_mismatch,3.500004
2600,6,connector_start_pose_mismatch,3.5
2600,6,connector_end_pose_mismatch,3.5
2600,10,connector_start_pose_mismatch,3.5
2600,10,connector_end_pose_mismatch,3.5
2601,0,connector_end_pose_mismatch,3.500001
2601,2,connector_start_pose_mismatch,3.5
2601,2,connector_end_pose_mismatch,3.5
2601,3,connector_start_pose_mismatch,3.5
2602,2,connector_end_pose_mismatch,3.499967
256,2,connector_start_pose_mismatch,3.5
256,2,connector_end_pose_mismatch,3.5
2604,4,connector_start_pose_mismatch,3.5
2604,4,connector_end_pose_mismatch,3.5
2604,7,connector_start_pose_mismatch,3.5
2604,7,connector_end_pose_mismatch,3.5
2606,6,connector_start_pose_mismatch,3.5
2606,6,connector_end_pose_mismatch,3.5
2608,4,connector_start_pose_mismatch,3.5
2608,4,connector_end_pose_mismatch,3.5
2608,7,connector_start_pose_mismatch,3.5
2608,7,connector_end_pose_mismatch,3.5
2609,4,connector_start_pose_mismatch,3.5
2609,4,connector_end_pose_mismatch,3.5
2609,7,connector_start_pose_mismatch,3.5
2609,7,connector_end_pose_mismatch,3.5
2610,0,connector_start_pose_mismatch,3.5
2610,0,connector_end_pose_mismatch,3.5
257,2,connector_start_pose_mismatch,3.5
257,2,connector_end_pose_mismatch,3.5
2611,2,connector_start_pose_mismatch,3.5
2611,2,connector_end_pose_mismatch,3.5
2612,3,connector_start_pose_mismatch,3.5
2612,3,connector_end_pose_mismatch,3.5
2613,2,connector_start_pose_mismatch,3.499999
2613,2,connector_end_pose_mismatch,3.5
2613,5,connector_start_pose_mismatch,3.500001
2613,5,connector_end_pose_mismatch,3.5
2613,8,connector_start_pose_mismatch,3.5
2613,8,connector_end_pose_mismatch,3.5
2614,2,connector_start_pose_mismatch,3.5
2614,2,connector_end_pose_mismatch,3.5
2614,5,connector_start_pose_mismatch,3.5
2614,5,connector_end_pose_mismatch,3.5
2615,2,connector_start_pose_mismatch,3.5
2615,2,connector_end_pose_mismatch,3.5
2615,5,connector_start_pose_mismatch,3.5
2615,5,connector_end_pose_mismatch,3.5
2615,8,connector_start_pose_mismatch,3.5
2615,8,connector_end_pose_mismatch,3.499999
2619,3,connector_start_pose_mismatch,3.5
2619,3,connector_end_pose_mismatch,3.5
258,2,connector_start_pose_mismatch,3.5
258,2,connector_end_pose_mismatch,3.5
258,7,connector_start_pose_mismatch,3.5
258,7,connector_end_pose_mismatch,3.5
2620,0,connector_end_pose_mismatch,3.500001
2620,2,connector_start_pose_mismatch,3.5
2620,2,connector_end_pose_mismatch,3.5
2620,3,connector_start_pose_mismatch,3.5
2620,6,connector_start_pose_mismatch,3.5
2620,6,connector_end_pose_mismatch,3.5
2621,0,connector_start_pose_mismatch,3.5
2621,0,connector_end_pose_mismatch,3.5
2622,0,connector_start_pose_mismatch,3.5
2623,0,connector_start_pose_mismatch,3.5
2624,0,connector_end_pose_mismatch,3.5
2624,3,connector_end_pose_mismatch,3.5
2625,0,connector_end_pose_mismatch,3.5
2626,0,connector_end_pose_mismatch,3.5
2626,3,connector_start_pose_mismatch,3.5
2626,3,connector_end_pose_mismatch,3.5
2626,4,connector_end_pose_mismatch,3.5
2626,5,connector_end_pose_mismatch,3.5
2628,0,connector_end_pose_mismatch,3.5
2629,0,connector_start_pose_mismatch,3.5
2629,6,connector_start_pose_mismatch,3.500001
2629,6,connector_end_pose_mismatch,3.499999
259,4,connector_start_pose_mismatch,3.5
259,4,connector_end_pose_mismatch,3.5
259,7,connector_start_pose_mismatch,3.500001
259,7,connector_end_pose_mismatch,3.5
2630,2,connector_end_pose_mismatch,3.500003
2631,1,connector_end_pose_mismatch,3.5
2635,0,connector_start_pose_mismatch,3.5
2635,0,connector_end_pose_mismatch,3.5
2636,0,connector_start_pose_mismatch,3.5
2636,0,connector_end_pose_mismatch,3.499999
2637,0,connector_start_pose_mismatch,3.500001
2637,0,connector_end_pose_mismatch,3.5
2638,2,connector_start_pose_mismatch,3.5
2638,2,connector_end_pose_mismatch,3.5
2638,5,connector_start_pose_mismatch,3.5
2638,5,connector_end_pose_mismatch,3.5
2638,8,connector_start_pose_mismatch,3.5
2638,8,connector_end_pose_mismatch,3.5
260,3,connector_start_pose_mismatch,3.5
260,3,connector_end_pose_mismatch,3.5
260,7,connector_start_pose_mismatch,3.5
260,7,connector_end_pose_mismatch,3.5
260,11,connector_start_pose_mismatch,3.5
260,11,connector_end_pose_mismatch,3.5
260,15,connector_start_pose_mismatch,3.5
260,15,connector_end_pose_mismatch,3.5
2643,2,connector_start_pose_mismatch,3.5
2644,4,connector_start_pose_mismatch,3.500001
2644,4,connector_end_pose_mismatch,3.5
2645,2,connector_start_pose_mismatch,3.5
2645,2,connector_end_pose_mismatch,3.5
2646,2,connector_start_pose_mismatch,3.500001
2646,2,connector_end_pose_mismatch,3.5
2646,5,connector_start_pose_mismatch,3.499999
2646,5,connector_end_pose_mismatch,3.5
2646,8,connector_start_pose_mismatch,3.500001
2646,8,connector_end_pose_mismatch,3.5
261,2,connector_start_pose_mismatch,3.500001
261,2,connector_end_pose_mismatch,3.5
261,5,connector_start_pose_mismatch,3.499999
261,5,connector_end_pose_mismatch,3.500001
2647,1,connector_start_pose_mismatch,3.5
2647,1,connector_end_pose_mismatch,3.5
2648,2,connector_start_pose_mismatch,3.5
2648,3,connector_start_pose_mismatch,3.5
2648,4,connector_start_pose_mismatch,3.5
2648,4,connector_end_pose_mismatch,3.5
2649,2,connector_start_pose_mismatch,3.5
2649,2,connector_end_pose_mismatch,3.5
2650,4,connector_start_pose_mismatch,3.5
2650,4,connector_end_pose_mismatch,3.5
2651,3,connector_start_pose_mismatch,3.5
2651,6,connector_start_pose_mismatch,3.5
2651,6,connector_end_pose_mismatch,3.5
2653,2,connector_start_pose_mismatch,3.5
2653,2,connector_end_pose_mismatch,3.5
2653,5,connector_start_pose_mismatch,3.5
2653,5,connector_end_pose_mismatch,3.5
2653,8,connector_start_pose_mismatch,3.5
2653,8,connector_end_pose_mismatch,3.5
262,3,connector_start_pose_mismatch,3.5
262,3,connector_end_pose_mismatch,3.5
262,7,connector_start_pose_mismatch,3.499999
262,7,connector_end_pose_mismatch,3.5
262,11,connector_start_pose_mismatch,3.500001
262,11,connector_end_pose_mismatch,3.5
2655,0,connector_start_pose_mismatch,3.500001
2655,0,connector_end_pose_mismatch,3.499999
2656,2,connector_start_pose_mismatch,3.5
2656,2,connector_end_pose_mismatch,3.5
2658,2,connector_start_pose_mismatch,3.5
2658,2,connector_end_pose_mismatch,3.499999
2658,5,connector_start_pose_mismatch,3.5
2658,5,connector_end_pose_mismatch,3.5
2658,8,connector_start_pose_mismatch,3.5
2658,8,connector_end_pose_mismatch,3.5
2659,0,connector_start_pose_mismatch,3.5
2659,0,connector_end_pose_mismatch,3.5
3045,3,connector_start_pose_mismatch,3.5
3045,3,connector_end_pose_mismatch,3.5
263,0,connector_start_pose_mismatch,3.5
263,0,connector_end_pose_mismatch,3.5
2663,2,connector_start_pose_mismatch,3.5
2663,2,connector_end_pose_mismatch,3.5
2664,6,connector_start_pose_mismatch,3.499999
2664,6,connector_end_pose_mismatch,3.500001
2665,2,connector_start_pose_mismatch,3.500001
2665,2,connector_end_pose_mismatch,3.5
2665,5,connector_start_pose_mismatch,3.499999
2665,5,connector_end_pose_mismatch,3.500001
2666,0,connector_start_pose_mismatch,3.5
2666,0,connector_end_pose_mismatch,3.5
2667,2,connector_start_pose_mismatch,3.5
2667,2,connector_end_pose_mismatch,3.5
2668,0,connector_start_pose_mismatch,3.5
2668,0,connector_end_pose_mismatch,3.499999
2669,2,connector_start_pose_mismatch,3.499999
2669,2,connector_end_pose_mismatch,3.5
2670,4,connector_start_pose_mismatch,3.5
2670,4,connector_end_pose_mismatch,3.5
264,4,connector_start_pose_mismatch,3.5
264,4,connector_end_pose_mismatch,3.5
264,7,connector_start_pose_mismatch,3.5
264,7,connector_end_pose_mismatch,3.5
2671,2,connector_start_pose_mismatch,3.499999
2671,2,connector_end_pose_mismatch,3.499999
2672,4,connector_start_pose_mismatch,3.5
2672,4,connector_end_pose_mismatch,3.5
2672,7,connector_start_pose_mismatch,3.5
2672,7,connector_end_pose_mismatch,3.5
2675,0,connector_start_pose_mismatch,3.500001
2675,0,connector_end_pose_mismatch,3.5
2676,2,connector_start_pose_mismatch,3.5
2676,2,connector_end_pose_mismatch,3.5
2676,5,connector_start_pose_mismatch,3.500001
2676,5,connector_end_pose_mismatch,3.5
2677,3,connector_start_pose_mismatch,3.500001
2677,3,connector_end_pose_mismatch,3.5
2677,13,connector_start_pose_mismatch,3.499999
2677,13,connector_end_pose_mismatch,3.5
2678,2,connector_start_pose_mismatch,3.5
2678,2,connector_end_pose_mismatch,3.5
2678,5,connector_start_pose_mismatch,3.499999
2678,5,connector_end_pose_mismatch,3.5
2679,6,connector_start_pose_mismatch,3.500001
2679,6,connector_end_pose_mismatch,3.5
28,3,connector_start_pose_mismatch,3.5
28,3,connector_end_pose_mismatch,3.5
28,10,connector_start_pose_mismatch,3.5
28,10,connector_end_pose_mismatch,3.500001
265,0,connector_start_pose_mismatch,3.5
265,0,connector_end_pose_mismatch,3.5
2681,0,connector_start_pose_mismatch,3.499999
2681,0,connector_end_pose_mismatch,3.500001
2682,2,connector_start_pose_mismatch,3.5
2682,2,connector_end_pose_mismatch,3.5
2682,3,connector_start_pose_mismatch,3.5
2682,4,connector_start_pose_mismatch,3.5
2682,5,connector_start_pose_mismatch,3.5
2682,5,connector_end_pose_mismatch,3.5
2682,6,connector_end_pose_mismatch,3.5
2682,9,connector_start_pose_mismatch,3.5
2682,9,connector_end_pose_mismatch,3.5
2684,0,connector_start_pose_mismatch,3.5
2684,2,connector_end_pose_mismatch,3.499999
2684,4,connector_start_pose_mismatch,3.500001
2684,4,connector_end_pose_mismatch,3.499999
2685,6,connector_start_pose_mismatch,3.500001
2685,6,connector_end_pose_mismatch,3.5
2687,0,connector_start_pose_mismatch,3.5
2687,0,connector_end_pose_mismatch,3.5
2688,4,connector_start_pose_mismatch,3.5
2688,4,connector_end_pose_mismatch,3.5
266,4,connector_start_pose_mismatch,3.5
266,4,connector_end_pose_mismatch,3.5
2690,12,connector_start_pose_mismatch,3.5
2690,12,connector_end_pose_mismatch,3.5
2691,0,connector_start_pose_mismatch,3.5
2691,0,connector_end_pose_mismatch,3.5
2692,0,connector_start_pose_mismatch,3.5
2692,0,connector_end_pose_mismatch,3.5
2693,1,connector_start_pose_mismatch,3.5
2693,1,connector_end_pose_mismatch,3.5
2696,6,connector_start_pose_mismatch,3.5
2696,6,connector_end_pose_mismatch,3.5
2697,0,connector_start_pose_mismatch,3.5
2697,0,connector_end_pose_mismatch,3.5
267,3,connector_start_pose_mismatch,3.5
267,3,connector_end_pose_mismatch,3.5
2699,0,connector_start_pose_mismatch,3.5
2699,0,connector_end_pose_mismatch,3.5
2700,2,connector_start_pose_mismatch,3.5
2700,2,connector_end_pose_mismatch,3.5
2700,5,connector_start_pose_mismatch,3.500001
2700,5,connector_end_pose_mismatch,3.5
2700,8,connector_start_pose_mismatch,3.500001
2700,8,connector_end_pose_mismatch,3.499999
2702,7,connector_start_pose_mismatch,3.5
2702,7,connector_end_pose_mismatch,3.5
2702,11,connector_start_pose_mismatch,3.5
2702,11,connector_end_pose_mismatch,3.5
546,2,connector_start_pose_mismatch,3.5
546,2,connector_end_pose_mismatch,3.5
546,5,connector_start_pose_mismatch,3.499999
546,5,connector_end_pose_mismatch,3.500001
546,8,connector_start_pose_mismatch,3.499999
546,8,connector_end_pose_mismatch,3.500001
268,9,connector_start_pose_mismatch,3.5
268,9,connector_end_pose_mismatch,3.5
268,13,connector_start_pose_mismatch,3.5
268,13,connector_end_pose_mismatch,3.5
2707,0,connector_start_pose_mismatch,3.499999
2707,0,connector_end_pose_mismatch,3.5
2708,4,connector_start_pose_mismatch,3.5
2708,4,connector_end_pose_mismatch,3.500001
2708,7,connector_start_pose_mismatch,3.5
2708,7,connector_end_pose_mismatch,3.499999
2710,2,connector_start_pose_mismatch,3.5
2710,2,connector_end_pose_mismatch,3.5
2710,3,connector_start_pose_mismatch,3.5
2710,6,connector_end_pose_mismatch,3.5
2710,8,connector_start_pose_mismatch,3.5
2710,8,connector_end_pose_mismatch,3.5
3007,0,connector_end_pose_mismatch,3.5
3007,1,connector_start_pose_mismatch,3.5
3007,4,connector_start_pose_mismatch,3.5
2711,2,connector_start_pose_mismatch,3.5
2711,2,connector_end_pose_mismatch,3.5
2711,3,connector_end_pose_mismatch,3.5
2711,6,connector_start_pose_mismatch,3.5
2711,6,connector_end_pose_mismatch,3.5
269,1,connector_end_pose_mismatch,3.5
2712,0,connector_end_pose_mismatch,3.5
2714,6,connector_start_pose_mismatch,3.5
2714,6,connector_end_pose_mismatch,3.5
2717,2,connector_start_pose_mismatch,3.5
2717,2,connector_end_pose_mismatch,3.499999
2717,5,connector_start_pose_mismatch,3.5
2717,5,connector_end_pose_mismatch,3.5
2718,2,connector_start_pose_mismatch,3.5
2718,2,connector_end_pose_mismatch,3.5
2718,7,connector_start_pose_mismatch,3.5
2718,7,connector_end_pose_mismatch,3.5
2720,0,connector_end_pose_mismatch,3.5
2721,0,connector_start_pose_mismatch,3.500001
2722,0,connector_start_pose_mismatch,3.5
2722,0,connector_end_pose_mismatch,3.5
2724,0,connector_start_pose_mismatch,3.5
2724,2,connector_start_pose_mismatch,3.5
2725,0,connector_end_pose_mismatch,3.5
2725,2,connector_start_pose_mismatch,3.5
2726,6,connector_start_pose_mismatch,3.5
2726,6,connector_end_pose_mismatch,3.500001
2727,4,connector_start_pose_mismatch,3.5
2727,4,connector_end_pose_mismatch,3.5
2730,4,connector_start_pose_mismatch,3.5
2730,4,connector_end_pose_mismatch,3.5
2731,4,connector_start_pose_mismatch,3.5
2731,4,connector_end_pose_mismatch,3.5
2731,7,connector_start_pose_mismatch,3.5
2731,7,connector_end_pose_mismatch,3.5
2733,6,connector_start_pose_mismatch,3.5
2733,6,connector_end_pose_mismatch,3.5
2734,4,connector_start_pose_mismatch,3.5
2734,4,connector_end_pose_mismatch,3.5
2735,2,connector_start_pose_mismatch,3.499999
2735,2,connector_end_pose_mismatch,3.5
2736,3,connector_start_pose_mismatch,3.5
2736,3,connector_end_pose_mismatch,3.5
2736,7,connector_start_pose_mismatch,3.5
2736,7,connector_end_pose_mismatch,3.5
2736,11,connector_start_pose_mismatch,3.5
2736,11,connector_end_pose_mismatch,3.5
2736,15,connector_start_pose_mismatch,3.500001
2736,15,connector_end_pose_mismatch,3.5
2737,1,connector_start_pose_mismatch,3.5
2737,1,connector_end_pose_mismatch,3.5
2739,0,connector_start_pose_mismatch,3.5
2739,0,connector_end_pose_mismatch,3.5
2740,2,connector_start_pose_mismatch,3.5
2740,2,connector_end_pose_mismatch,3.5
2742,6,connector_start_pose_mismatch,3.5
2742,6,connector_end_pose_mismatch,3.499999
2743,6,connector_start_pose_mismatch,3.5
2743,6,connector_end_pose_mismatch,3.500001
2744,6,connector_start_pose_mismatch,3.5
2744,6,connector_end_pose_mismatch,3.5
2746,2,connector_start_pose_mismatch,3.5
2746,2,connector_end_pose_mismatch,3.5
2746,5,connector_start_pose_mismatch,3.5
2746,5,connector_end_pose_mismatch,3.5
2746,8,connector_start_pose_mismatch,3.5
2746,8,connector_end_pose_mismatch,3.5
2747,4,connector_start_pose_mismatch,3.5
2747,4,connector_end_pose_mismatch,3.5
2747,7,connector_start_pose_mismatch,3.5
2747,7,connector_end_pose_mismatch,3.5
2748,3,connector_start_pose_mismatch,3.500001
2748,3,connector_end_pose_mismatch,3.499999
2748,10,connector_start_pose_mismatch,3.499999
2748,10,connector_end_pose_mismatch,3.5
2750,2,connector_start_pose_mismatch,3.5
2750,2,connector_end_pose_mismatch,3.5
2751,0,connector_start_pose_mismatch,3.5
2751,0,connector_end_pose_mismatch,3.500016
2751,1,connector_start_pose_mismatch,3.5
2751,3,connector_start_pose_mismatch,3.5
2751,3,connector_end_pose_mismatch,3.499978
2751,6,connector_start_pose_mismatch,3.5
2751,6,connector_end_pose_mismatch,3.5
2751,7,connector_start_pose_mismatch,7.000099
2751,8,connector_start_pose_mismatch,3.500034
272,0,connector_start_pose_mismatch,3.5
2752,0,connector_end_pose_mismatch,3.5
2752,1,connector_start_pose_mismatch,3.5
2752,1,connector_end_pose_mismatch,3.5
2752,2,connector_start_pose_mismatch,3.500001
2753,1,connector_start_pose_mismatch,3.5
2753,1,connector_end_pose_mismatch,3.5
2755,4,connector_start_pose_mismatch,3.5
2755,4,connector_end_pose_mismatch,3.5
2755,7,connector_start_pose_mismatch,3.5
2755,7,connector_end_pose_mismatch,3.5
2758,0,connector_start_pose_mismatch,3.5
2758,0,connector_end_pose_mismatch,3.5
2759,6,connector_start_pose_mismatch,3.499999
2759,6,connector_end_pose_mismatch,3.5
29,3,connector_start_pose_mismatch,3.500001
29,3,connector_end_pose_mismatch,3.5
273,3,connector_start_pose_mismatch,3.499998
273,4,connector_start_pose_mismatch,3.499998
2760,0,connector_start_pose_mismatch,3.5
2760,0,connector_end_pose_mismatch,3.5
2761,6,connector_start_pose_mismatch,3.5
2761,6,connector_end_pose_mismatch,3.5
2764,9,connector_start_pose_mismatch,3.5
2764,9,connector_end_pose_mismatch,3.5
2768,4,connector_start_pose_mismatch,3.499999
2768,4,connector_end_pose_mismatch,3.5
2772,6,connector_start_pose_mismatch,3.5
2772,6,connector_end_pose_mismatch,3.5
2774,0,connector_start_pose_mismatch,3.5
2774,0,connector_end_pose_mismatch,3.5
275,2,connector_start_pose_mismatch,3.5
275,2,connector_end_pose_mismatch,3.500001
275,7,connector_start_pose_mismatch,3.5
275,7,connector_end_pose_mismatch,3.5
2777,6,connector_start_pose_mismatch,3.5
2777,6,connector_end_pose_mismatch,3.5
2778,0,connector_start_pose_mismatch,3.5
2778,0,connector_end_pose_mismatch,3.5
2779,2,connector_start_pose_mismatch,3.5
2779,2,connector_end_pose_mismatch,3.5
2780,4,connector_start_pose_mismatch,3.5
2780,4,connector_end_pose_mismatch,3.499999
2780,7,connector_start_pose_mismatch,3.5
2780,7,connector_end_pose_mismatch,3.5
2781,0,connector_start_pose_mismatch,3.499999
2781,0,connector_end_pose_mismatch,3.5
2782,2,connector_start_pose_mismatch,3.5
2782,2,connector_end_pose_mismatch,3.5
2783,2,connector_start_pose_mismatch,3.5
2783,2,connector_end_pose_mismatch,3.5
2783,5,connector_start_pose_mismatch,3.5
2783,5,connector_end_pose_mismatch,3.5
2783,8,connector_start_pose_mismatch,3.5
2783,8,connector_end_pose_mismatch,3.5
2784,4,connector_start_pose_mismatch,3.5
2784,4,connector_end_pose_mismatch,3.5
2785,6,connector_start_pose_mismatch,3.5
2785,6,connector_end_pose_mismatch,3.5
2786,6,connector_start_pose_mismatch,3.499999
2786,6,connector_end_pose_mismatch,3.5
2787,2,connector_start_pose_mismatch,3.5
2787,2,connector_end_pose_mismatch,3.5
277,1,connector_end_pose_mismatch,3.500401
278,2,connector_start_pose_mismatch,3.5
278,2,connector_end_pose_mismatch,3.5
278,5,connector_start_pose_mismatch,3.5
278,5,connector_end_pose_mismatch,3.5
278,8,connector_start_pose_mismatch,3.5
278,8,connector_end_pose_mismatch,3.5
2796,9,connector_start_pose_mismatch,3.499999
2796,9,connector_end_pose_mismatch,3.5
2797,3,connector_start_pose_mismatch,3.5
2797,3,connector_end_pose_mismatch,3.5
2799,3,connector_start_pose_mismatch,3.5
2799,3,connector_end_pose_mismatch,3.5
2800,6,connector_start_pose_mismatch,3.500001
2800,6,connector_end_pose_mismatch,3.5
2801,12,connector_start_pose_mismatch,3.5
2801,12,connector_end_pose_mismatch,3.5
2803,9,connector_start_pose_mismatch,3.5
2803,9,connector_end_pose_mismatch,3.5
2804,0,connector_end_pose_mismatch,3.5
2804,2,connector_start_pose_mismatch,3.5
2804,2,connector_end_pose_mismatch,3.5
2804,3,connector_start_pose_mismatch,3.5
2804,6,connector_start_pose_mismatch,3.5
2804,6,connector_end_pose_mismatch,3.5
2804,10,connector_start_pose_mismatch,3.5
2804,10,connector_end_pose_mismatch,3.5
279,0,connector_start_pose_mismatch,3.500001
279,3,connector_start_pose_mismatch,3.500001
279,3,connector_end_pose_mismatch,3.5
279,4,connector_start_pose_mismatch,3.500001
279,5,connector_start_pose_mismatch,3.500001
279,7,connector_start_pose_mismatch,3.500001
279,10,connector_start_pose_mismatch,3.500001
279,10,connector_end_pose_mismatch,3.499999
2806,2,connector_start_pose_mismatch,3.500001
2806,2,connector_end_pose_mismatch,3.5
2808,2,connector_start_pose_mismatch,3.5
2808,2,connector_end_pose_mismatch,3.5
2808,7,connector_start_pose_mismatch,3.5
2808,7,connector_end_pose_mismatch,3.5
2809,2,connector_start_pose_mismatch,3.5
2809,2,connector_end_pose_mismatch,3.5
2809,5,connector_start_pose_mismatch,3.500001
2809,5,connector_end_pose_mismatch,3.5
2810,6,connector_start_pose_mismatch,3.500001
2810,6,connector_end_pose_mismatch,3.5
2811,4,connector_start_pose_mismatch,3.500001
2811,4,connector_end_pose_mismatch,3.5
280,0,connector_end_pose_mismatch,3.5
2814,2,connector_start_pose_mismatch,3.5
2814,2,connector_end_pose_mismatch,3.5
2816,3,connector_start_pose_mismatch,3.5
2816,3,connector_end_pose_mismatch,3.5
2816,10,connector_start_pose_mismatch,3.5
2816,10,connector_end_pose_mismatch,3.5
2816,14,connector_start_pose_mismatch,3.5
2816,14,connector_end_pose_mismatch,3.5
2818,1,connector_start_pose_mismatch,3.5
2818,1,connector_end_pose_mismatch,3.5
2819,4,connector_start_pose_mismatch,3.5
2819,4,connector_end_pose_mismatch,3.5
2819,7,connector_start_pose_mismatch,3.5
2819,7,connector_end_pose_mismatch,3.5
2821,9,connector_start_pose_mismatch,3.5
2821,9,connector_end_pose_mismatch,3.5
2822,2,connector_start_pose_mismatch,3.5
2822,2,connector_end_pose_mismatch,3.5
2822,5,connector_start_pose_mismatch,3.499999
2822,5,connector_end_pose_mismatch,3.500001
2823,0,connector_start_pose_mismatch,3.5
2823,0,connector_end_pose_mismatch,3.5
2824,3,connector_start_pose_mismatch,3.5
2824,3,connector_end_pose_mismatch,3.5
2826,0,connector_start_pose_mismatch,7.0
2826,2,connector_start_pose_mismatch,3.499999
2826,3,connector_start_pose_mismatch,3.499999
2826,3,connector_end_pose_mismatch,3.500001
2826,4,connector_start_pose_mismatch,3.499998
2826,4,connector_end_pose_mismatch,3.5
2826,7,connector_start_pose_mismatch,7.0
2826,8,connector_start_pose_mismatch,3.5
2826,10,connector_start_pose_mismatch,3.5
2826,10,connector_end_pose_mismatch,3.5
2828,4,connector_start_pose_mismatch,3.5
2828,4,connector_end_pose_mismatch,3.5
282,0,connector_start_pose_mismatch,3.5
282,1,connector_end_pose_mismatch,3.5
2830,4,connector_start_pose_mismatch,3.5
2830,4,connector_end_pose_mismatch,3.5
2830,7,connector_start_pose_mismatch,3.5
2830,7,connector_end_pose_mismatch,3.5
2831,2,connector_start_pose_mismatch,3.499999
2831,2,connector_end_pose_mismatch,3.5
2831,5,connector_start_pose_mismatch,3.5
2831,5,connector_end_pose_mismatch,3.5
2831,8,connector_start_pose_mismatch,3.5
2831,8,connector_end_pose_mismatch,3.5
2832,0,connector_start_pose_mismatch,3.499999
2832,0,connector_end_pose_mismatch,3.5
2836,4,connector_start_pose_mismatch,3.5
2836,4,connector_end_pose_mismatch,3.5
2838,4,connector_start_pose_mismatch,3.5
2838,4,connector_end_pose_mismatch,3.5
283,2,connector_start_pose_mismatch,3.5
283,2,connector_end_pose_mismatch,3.5
283,7,connector_start_pose_mismatch,3.5
283,7,connector_end_pose_mismatch,3.499999
2839,2,connector_start_pose_mismatch,3.5
2839,2,connector_end_pose_mismatch,3.5
2842,6,connector_start_pose_mismatch,3.5
2842,6,connector_end_pose_mismatch,3.5
2843,0,connector_end_pose_mismatch,3.5
2843,1,connector_start_pose_mismatch,3.5
2844,1,connector_end_pose_mismatch,3.5
2845,4,connector_start_pose_mismatch,3.5
2845,4,connector_end_pose_mismatch,3.5
2846,2,connector_start_pose_mismatch,3.5
2846,2,connector_end_pose_mismatch,3.5
2846,5,connector_start_pose_mismatch,3.5
2846,5,connector_end_pose_mismatch,3.500001
2847,0,connector_start_pose_mismatch,3.5
2847,0,connector_end_pose_mismatch,3.499999
2849,0,connector_end_pose_mismatch,3.5
2849,2,connector_start_pose_mismatch,3.5
2849,2,connector_end_pose_mismatch,3.5
2849,3,connector_start_pose_mismatch,3.5
1903,2,connector_start_pose_mismatch,3.5
1903,2,connector_end_pose_mismatch,3.5
2850,6,connector_start_pose_mismatch,3.5
2850,6,connector_end_pose_mismatch,3.5
2852,0,connector_end_pose_mismatch,3.5
2852,2,connector_start_pose_mismatch,3.5
2852,2,connector_end_pose_mismatch,3.5
2852,3,connector_start_pose_mismatch,3.5
2852,6,connector_start_pose_mismatch,3.5
2852,6,connector_end_pose_mismatch,3.5
2852,10,connector_start_pose_mismatch,3.499999
2852,10,connector_end_pose_mismatch,3.5
2853,4,connector_start_pose_mismatch,3.5
2853,4,connector_end_pose_mismatch,3.5
2854,4,connector_start_pose_mismatch,3.5
2854,4,connector_end_pose_mismatch,3.5
2854,7,connector_start_pose_mismatch,3.5
2854,7,connector_end_pose_mismatch,3.5
2463,4,connector_start_pose_mismatch,3.5
2463,4,connector_end_pose_mismatch,3.5
2463,7,connector_start_pose_mismatch,3.500001
2463,7,connector_end_pose_mismatch,3.5
2855,0,connector_end_pose_mismatch,3.5
2855,2,connector_start_pose_mismatch,3.5
2855,2,connector_end_pose_mismatch,3.5
2855,3,connector_start_pose_mismatch,3.5
2855,6,connector_start_pose_mismatch,3.5
2855,6,connector_end_pose_mismatch,3.5
2855,10,connector_start_pose_mismatch,3.499999
2855,10,connector_end_pose_mismatch,3.5
2857,7,connector_start_pose_mismatch,3.5
2857,7,connector_end_pose_mismatch,3.5
2858,2,connector_start_pose_mismatch,3.5
2858,2,connector_end_pose_mismatch,3.5
2858,5,connector_start_pose_mismatch,3.5
2858,5,connector_end_pose_mismatch,3.5
2859,1,connector_start_pose_mismatch,3.5
2859,1,connector_end_pose_mismatch,3.5
2860,2,connector_start_pose_mismatch,3.5
2860,2,connector_end_pose_mismatch,3.5
2860,7,connector_start_pose_mismatch,3.5
2860,7,connector_end_pose_mismatch,3.5
284,0,connector_start_pose_mismatch,3.5
2861,0,connector_start_pose_mismatch,3.5
2861,0,connector_end_pose_mismatch,3.500001
2863,2,connector_start_pose_mismatch,3.5
2863,2,connector_end_pose_mismatch,3.5
2863,5,connector_start_pose_mismatch,3.499999
2863,5,connector_end_pose_mismatch,3.5
2863,8,connector_start_pose_mismatch,3.5
2863,8,connector_end_pose_mismatch,3.5
2865,1,connector_start_pose_mismatch,3.5
2865,1,connector_end_pose_mismatch,3.5
2866,0,connector_start_pose_mismatch,3.500001
2866,0,connector_end_pose_mismatch,3.499999
2867,4,connector_start_pose_mismatch,3.5
2867,4,connector_end_pose_mismatch,3.5
2867,7,connector_start_pose_mismatch,3.5
2867,7,connector_end_pose_mismatch,3.5
285,4,connector_start_pose_mismatch,3.5
285,5,connector_start_pose_mismatch,3.5
285,10,connector_start_pose_mismatch,3.5
285,10,connector_end_pose_mismatch,3.5
285,11,connector_start_pose_mismatch,3.5
285,12,connector_start_pose_mismatch,3.5
2871,1,connector_start_pose_mismatch,3.5
2871,1,connector_end_pose_mismatch,3.5
2875,2,connector_start_pose_mismatch,3.5
2875,2,connector_end_pose_mismatch,3.5
2875,5,connector_start_pose_mismatch,3.5
2875,5,connector_end_pose_mismatch,3.5
2876,2,connector_start_pose_mismatch,3.500001
2876,2,connector_end_pose_mismatch,3.5
2876,5,connector_start_pose_mismatch,3.5
2876,5,connector_end_pose_mismatch,3.5
2876,8,connector_start_pose_mismatch,3.500001
2876,8,connector_end_pose_mismatch,3.499999
2877,0,connector_start_pose_mismatch,3.5
2877,0,connector_end_pose_mismatch,3.5
2878,0,connector_start_pose_mismatch,3.5
2878,0,connector_end_pose_mismatch,3.5
2879,2,connector_start_pose_mismatch,3.5
2879,2,connector_end_pose_mismatch,3.5
2879,5,connector_start_pose_mismatch,3.500001
2879,5,connector_end_pose_mismatch,3.5
2879,8,connector_start_pose_mismatch,3.5
2879,8,connector_end_pose_mismatch,3.5
2880,4,connector_start_pose_mismatch,3.5
2880,4,connector_end_pose_mismatch,3.5
286,0,connector_start_pose_mismatch,3.5
286,4,connector_start_pose_mismatch,3.5
286,4,connector_end_pose_mismatch,3.5
286,7,connector_start_pose_mismatch,3.5
286,7,connector_end_pose_mismatch,3.5
2881,4,connector_start_pose_mismatch,3.5
2881,4,connector_end_pose_mismatch,3.5
2882,0,connector_start_pose_mismatch,3.5
2882,0,connector_end_pose_mismatch,3.500001
2883,0,connector_start_pose_mismatch,3.499999
2883,0,connector_end_pose_mismatch,3.500001
2884,0,connector_start_pose_mismatch,3.5
2884,0,connector_end_pose_mismatch,3.5
2885,2,connector_start_pose_mismatch,3.500001
2885,2,connector_end_pose_mismatch,3.5
287,6,connector_start_pose_mismatch,3.5
287,6,connector_end_pose_mismatch,3.5
47,3,connector_start_pose_mismatch,3.5
47,3,connector_end_pose_mismatch,3.5
2886,0,connector_start_pose_mismatch,3.499999
2886,0,connector_end_pose_mismatch,3.5
2887,1,connector_end_pose_mismatch,3.5
2887,3,connector_start_pose_mismatch,3.5
2887,3,connector_end_pose_mismatch,3.5
2890,1,connector_end_pose_mismatch,3.5
288,0,connector_end_pose_mismatch,3.5
288,2,connector_start_pose_mismatch,3.499999
288,2,connector_end_pose_mismatch,3.500001
288,3,connector_start_pose_mismatch,3.5
288,6,connector_start_pose_mismatch,3.5
288,6,connector_end_pose_mismatch,3.5
288,7,connector_end_pose_mismatch,3.5
288,13,connector_start_pose_mismatch,3.5
288,13,connector_end_pose_mismatch,3.5
2892,2,connector_start_pose_mismatch,3.5
2892,2,connector_end_pose_mismatch,3.5
2892,5,connector_start_pose_mismatch,3.5
2892,5,connector_end_pose_mismatch,3.5
289,3,connector_start_pose_mismatch,3.5
289,3,connector_end_pose_mismatch,3.5
289,7,connector_start_pose_mismatch,3.5
289,7,connector_end_pose_mismatch,3.5
289,14,connector_start_pose_mismatch,3.499999
289,14,connector_end_pose_mismatch,3.5
2898,0,connector_start_pose_mismatch,3.5
2898,0,connector_end_pose_mismatch,3.499999
2900,0,connector_start_pose_mismatch,3.5
2900,0,connector_end_pose_mismatch,3.5
2901,4,connector_start_pose_mismatch,3.5
2901,4,connector_end_pose_mismatch,3.5
31,7,connector_start_pose_mismatch,3.5
31,7,connector_end_pose_mismatch,3.5
290,7,connector_start_pose_mismatch,3.500001
290,7,connector_end_pose_mismatch,3.5
290,14,connector_start_pose_mismatch,3.499999
290,14,connector_end_pose_mismatch,3.5
2904,2,connector_start_pose_mismatch,3.5
2904,2,connector_end_pose_mismatch,3.499999
2906,0,connector_start_pose_mismatch,3.5
2906,0,connector_end_pose_mismatch,3.5
2907,4,connector_start_pose_mismatch,3.5
2907,4,connector_end_pose_mismatch,3.5
2907,7,connector_start_pose_mismatch,3.5
2907,7,connector_end_pose_mismatch,3.5
2909,2,connector_start_pose_mismatch,3.5
2909,2,connector_end_pose_mismatch,3.5
2910,1,connector_end_pose_mismatch,3.5
2911,0,connector_end_pose_mismatch,3.5
2911,2,connector_end_pose_mismatch,3.5
291,6,connector_start_pose_mismatch,3.5
291,6,connector_end_pose_mismatch,3.5
2912,0,connector_start_pose_mismatch,3.5
2913,0,connector_end_pose_mismatch,3.5
2913,3,connector_start_pose_mismatch,3.5
2913,3,connector_end_pose_mismatch,3.5
2914,0,connector_start_pose_mismatch,3.5
2914,0,connector_end_pose_mismatch,3.499999
2915,0,connector_start_pose_mismatch,3.5
2915,0,connector_end_pose_mismatch,3.5
2916,2,connector_start_pose_mismatch,3.500001
2916,2,connector_end_pose_mismatch,3.5
2918,2,connector_start_pose_mismatch,3.5
292,3,connector_start_pose_mismatch,3.5
292,3,connector_end_pose_mismatch,3.5
292,13,connector_start_pose_mismatch,3.5
292,13,connector_end_pose_mismatch,3.5
2919,0,connector_end_pose_mismatch,3.5
2919,3,connector_end_pose_mismatch,3.5
2920,2,connector_start_pose_mismatch,3.5
2920,2,connector_end_pose_mismatch,3.5
2920,7,connector_start_pose_mismatch,3.5
2920,7,connector_end_pose_mismatch,3.5
2922,0,connector_start_pose_mismatch,3.5
2922,0,connector_end_pose_mismatch,3.5
2923,0,connector_start_pose_mismatch,3.5
2923,0,connector_end_pose_mismatch,3.499999
2924,1,connector_start_pose_mismatch,3.5
2924,1,connector_end_pose_mismatch,3.5
293,0,connector_end_pose_mismatch,3.5
293,2,connector_start_pose_mismatch,3.5
293,2,connector_end_pose_mismatch,3.5
293,3,connector_start_pose_mismatch,3.499999
293,6,connector_start_pose_mismatch,3.499999
293,6,connector_end_pose_mismatch,3.5
2926,0,connector_end_pose_mismatch,3.5
2927,2,connector_start_pose_mismatch,3.5
2927,2,connector_end_pose_mismatch,3.500001
2927,7,connector_start_pose_mismatch,3.5
2927,7,connector_end_pose_mismatch,3.5
2928,0,connector_start_pose_mismatch,3.5
2928,3,connector_start_pose_mismatch,3.499999
2931,0,connector_start_pose_mismatch,3.512545
2931,3,connector_end_pose_mismatch,3.5
2932,0,connector_start_pose_mismatch,3.5
2935,3,connector_start_pose_mismatch,3.499999
2935,3,connector_end_pose_mismatch,3.500001
2935,7,connector_start_pose_mismatch,3.5
2935,7,connector_end_pose_mismatch,3.5
2935,11,connector_start_pose_mismatch,3.5
2935,11,connector_end_pose_mismatch,3.499999
2935,15,connector_start_pose_mismatch,3.5
2935,15,connector_end_pose_mismatch,3.5
2937,0,connector_start_pose_mismatch,3.5
2937,0,connector_end_pose_mismatch,3.500001
2938,2,connector_start_pose_mismatch,3.5
2938,2,connector_end_pose_mismatch,3.5
2938,5,connector_start_pose_mismatch,3.499999
2938,5,connector_end_pose_mismatch,3.500001
2939,0,connector_start_pose_mismatch,3.5
2939,0,connector_end_pose_mismatch,3.499999
2940,0,connector_start_pose_mismatch,3.5
2940,0,connector_end_pose_mismatch,3.5
2941,0,connector_start_pose_mismatch,3.5
2943,0,connector_start_pose_mismatch,3.5
2943,0,connector_end_pose_mismatch,3.5
294,0,connector_start_pose_mismatch,3.5
2945,2,connector_start_pose_mismatch,3.5
2945,2,connector_end_pose_mismatch,3.5
2945,5,connector_start_pose_mismatch,3.5
2945,5,connector_end_pose_mismatch,3.5
2945,8,connector_start_pose_mismatch,3.5
2945,8,connector_end_pose_mismatch,3.5
2946,2,connector_start_pose_mismatch,3.5
2946,2,connector_end_pose_mismatch,3.5
2946,5,connector_start_pose_mismatch,3.5
2946,5,connector_end_pose_mismatch,3.5
2946,8,connector_start_pose_mismatch,3.5
2946,8,connector_end_pose_mismatch,3.5
2947,0,connector_end_pose_mismatch,3.5
2947,1,connector_start_pose_mismatch,3.5
2950,0,connector_start_pose_mismatch,3.5
2950,0,connector_end_pose_mismatch,3.5
295,0,connector_end_pose_mismatch,3.5
2951,0,connector_start_pose_mismatch,3.5
2951,0,connector_end_pose_mismatch,3.5
2953,6,connector_start_pose_mismatch,3.499999
2953,6,connector_end_pose_mismatch,3.5
296,3,connector_start_pose_mismatch,3.5
296,3,connector_end_pose_mismatch,3.5
296,4,connector_start_pose_mismatch,3.5
296,6,connector_start_pose_mismatch,3.5
296,6,connector_end_pose_mismatch,3.5
296,10,connector_start_pose_mismatch,3.5
296,10,connector_end_pose_mismatch,3.5
2955,0,connector_start_pose_mismatch,3.499999
2955,0,connector_end_pose_mismatch,3.5
2956,0,connector_start_pose_mismatch,3.5
2956,0,connector_end_pose_mismatch,3.499999
2958,4,connector_start_pose_mismatch,3.5
2958,4,connector_end_pose_mismatch,3.5
2959,0,connector_start_pose_mismatch,3.5
2959,0,connector_end_pose_mismatch,3.5
2960,0,connector_start_pose_mismatch,3.5
2960,0,connector_end_pose_mismatch,3.5
297,3,connector_start_pose_mismatch,3.5
297,3,connector_end_pose_mismatch,3.5
297,4,connector_start_pose_mismatch,3.5
297,4,connector_end_pose_mismatch,3.5
297,7,connector_start_pose_mismatch,3.5
297,7,connector_end_pose_mismatch,3.499465
297,10,connector_start_pose_mismatch,3.5
297,10,connector_end_pose_mismatch,3.5
2962,3,connector_start_pose_mismatch,3.5
2962,3,connector_end_pose_mismatch,3.5
2963,2,connector_start_pose_mismatch,3.5
2963,2,connector_end_pose_mismatch,3.5
2964,1,connector_start_pose_mismatch,3.500001
2964,1,connector_end_pose_mismatch,3.5
2965,0,connector_start_pose_mismatch,7.0
2965,1,connector_start_pose_mismatch,3.499999
2965,5,connector_start_pose_mismatch,7.0
2965,5,connector_end_pose_mismatch,3.5
2965,6,connector_start_pose_mismatch,3.5
2965,8,connector_start_pose_mismatch,3.5
2965,8,connector_end_pose_mismatch,3.5
2965,9,connector_start_pose_mismatch,7.000001
2965,10,connector_start_pose_mismatch,3.5
2965,14,connector_start_pose_mismatch,3.5
2965,14,connector_end_pose_mismatch,3.5
2965,15,connector_start_pose_mismatch,3.5
2965,17,connector_start_pose_mismatch,3.5
2965,17,connector_end_pose_mismatch,3.5
2966,0,connector_start_pose_mismatch,3.499999
2966,0,connector_end_pose_mismatch,3.5
2967,0,connector_start_pose_mismatch,3.5
2967,0,connector_end_pose_mismatch,3.5
2969,0,connector_start_pose_mismatch,3.5
2969,0,connector_end_pose_mismatch,3.5
2970,0,connector_start_pose_mismatch,3.5
2970,0,connector_end_pose_mismatch,3.5
2972,4,connector_start_pose_mismatch,3.5
2972,4,connector_end_pose_mismatch,3.5
2972,7,connector_start_pose_mismatch,3.5
2972,7,connector_end_pose_mismatch,3.5
2973,6,connector_start_pose_mismatch,3.5
2973,6,connector_end_pose_mismatch,3.5
32,1,connector_start_pose_mismatch,3.5
32,1,connector_end_pose_mismatch,3.5
299,3,connector_start_pose_mismatch,3.5
299,3,connector_end_pose_mismatch,3.5
299,4,connector_start_pose_mismatch,3.5
299,6,connector_start_pose_mismatch,3.5
299,6,connector_end_pose_mismatch,3.5
299,7,connector_start_pose_mismatch,7.0
299,8,connector_start_pose_mismatch,3.5
299,9,connector_start_pose_mismatch,3.5
299,9,connector_end_pose_mismatch,3.500001
2977,0,connector_start_pose_mismatch,3.5
2977,0,connector_end_pose_mismatch,3.5
2980,0,connector_start_pose_mismatch,3.5
2980,0,connector_end_pose_mismatch,3.5
2981,0,connector_start_pose_mismatch,3.5
2981,1,connector_end_pose_mismatch,3.5
2982,0,connector_start_pose_mismatch,3.5
2982,0,connector_end_pose_mismatch,3.500001
2983,0,connector_end_pose_mismatch,3.5
300,1,connector_end_pose_mismatch,3.5
2984,0,connector_start_pose_mismatch,3.499999
2984,0,connector_end_pose_mismatch,3.5
2985,0,connector_start_pose_mismatch,3.5
2985,0,connector_end_pose_mismatch,3.5
2987,2,connector_start_pose_mismatch,3.5
2987,2,connector_end_pose_mismatch,3.499999
2988,0,connector_start_pose_mismatch,3.5
2988,0,connector_end_pose_mismatch,3.5
2990,3,connector_start_pose_mismatch,3.5
2990,6,connector_start_pose_mismatch,3.499991
2990,8,connector_start_pose_mismatch,3.499999
2990,8,connector_end_pose_mismatch,3.500001
301,0,connector_start_pose_mismatch,3.5
301,3,connector_start_pose_mismatch,3.5
301,3,connector_end_pose_mismatch,3.5
301,4,connector_start_pose_mismatch,3.5
301,4,connector_end_pose_mismatch,3.5
301,6,connector_start_pose_mismatch,3.5
301,6,connector_end_pose_mismatch,3.5
301,7,connector_start_pose_mismatch,3.5
2992,0,connector_start_pose_mismatch,3.5
2992,2,connector_start_pose_mismatch,3.5
2993,0,connector_start_pose_mismatch,3.5
2994,0,connector_start_pose_mismatch,3.499999
2994,0,connector_end_pose_mismatch,3.5
2997,0,connector_end_pose_mismatch,3.5
2998,0,connector_start_pose_mismatch,3.5
2998,0,connector_end_pose_mismatch,10.500427
2998,1,connector_end_pose_mismatch,3.500108
2999,0,connector_start_pose_mismatch,3.5
2999,0,connector_end_pose_mismatch,3.5
3000,0,connector_end_pose_mismatch,3.5
3000,2,connector_start_pose_mismatch,3.5
3002,0,connector_end_pose_mismatch,3.499972
3002,1,connector_start_pose_mismatch,3.5
3002,1,connector_end_pose_mismatch,3.5
3002,2,connector_start_pose_mismatch,3.5
3004,0,connector_end_pose_mismatch,3.499616
3004,1,connector_end_pose_mismatch,3.5
3004,3,connector_start_pose_mismatch,3.5
3004,3,connector_end_pose_mismatch,3.5
3004,4,connector_start_pose_mismatch,10.5
3004,5,connector_start_pose_mismatch,3.499999
3004,8,connector_end_pose_mismatch,3.5
3005,0,connector_start_pose_mismatch,3.49999
3005,0,connector_end_pose_mismatch,3.5
3005,1,connector_end_pose_mismatch,3.499999
3005,6,connector_start_pose_mismatch,3.5
3005,6,connector_end_pose_mismatch,3.5
3005,7,connector_end_pose_mismatch,7.0
3005,8,connector_end_pose_mismatch,3.5
3005,11,connector_start_pose_mismatch,3.5
3005,11,connector_end_pose_mismatch,3.5
3006,0,connector_start_pose_mismatch,3.5
3006,0,connector_end_pose_mismatch,3.5
3009,2,connector_start_pose_mismatch,3.5
3009,2,connector_end_pose_mismatch,3.5
3010,0,connector_start_pose_mismatch,3.5
3010,0,connector_end_pose_mismatch,3.5
3011,0,connector_start_pose_mismatch,3.5
3011,1,connector_end_pose_mismatch,7.0
3011,2,connector_end_pose_mismatch,3.5
3013,0,connector_start_pose_mismatch,3.5
3013,0,connector_end_pose_mismatch,3.5
3014,1,connector_start_pose_mismatch,3.5
3014,1,connector_end_pose_mismatch,3.5
2986,4,connector_end_pose_mismatch,3.5
2986,6,connector_start_pose_mismatch,3.499999
2986,6,connector_end_pose_mismatch,3.5
2986,7,connector_start_pose_mismatch,3.5
3016,1,connector_start_pose_mismatch,3.5
3016,1,connector_end_pose_mismatch,3.5
3017,3,connector_start_pose_mismatch,3.5
3017,3,connector_end_pose_mismatch,3.5
304,0,connector_end_pose_mismatch,3.5
304,2,connector_end_pose_mismatch,3.5
3019,0,connector_start_pose_mismatch,3.499999
3019,0,connector_end_pose_mismatch,3.5
3020,0,connector_end_pose_mismatch,3.5
3020,3,connector_start_pose_mismatch,3.5
3020,4,connector_start_pose_mismatch,3.5
3021,1,connector_end_pose_mismatch,3.5
3024,2,connector_end_pose_mismatch,3.5
3025,0,connector_start_pose_mismatch,3.5
3026,0,connector_start_pose_mismatch,3.5
3027,2,connector_start_pose_mismatch,3.5
3027,2,connector_end_pose_mismatch,3.5
3027,3,connector_start_pose_mismatch,3.5
3027,4,connector_start_pose_mismatch,3.5
3028,2,connector_end_pose_mismatch,3.5
3028,4,connector_start_pose_mismatch,3.5
3028,4,connector_end_pose_mismatch,3.5
3029,1,connector_end_pose_mismatch,3.5
3030,2,connector_end_pose_mismatch,3.5
3032,0,connector_start_pose_mismatch,3.500043
3032,1,connector_start_pose_mismatch,3.5
3032,4,connector_start_pose_mismatch,3.499999
3032,4,connector_end_pose_mismatch,3.5
3033,0,connector_start_pose_mismatch,3.5
3033,3,connector_start_pose_mismatch,3.5
3033,3,connector_end_pose_mismatch,3.5
3033,4,connector_end_pose_mismatch,3.5
3033,7,connector_start_pose_mismatch,3.5
3033,7,connector_end_pose_mismatch,3.5
3034,0,connector_start_pose_mismatch,3.499999
3034,1,connector_start_pose_mismatch,3.499999
3034,2,connector_start_pose_mismatch,3.5
3034,2,connector_end_pose_mismatch,3.5
3034,3,connector_start_pose_mismatch,3.5
3034,5,connector_start_pose_mismatch,3.499909
3034,6,connector_start_pose_mismatch,3.499909
3035,0,connector_start_pose_mismatch,3.5
3035,0,connector_end_pose_mismatch,3.5
306,2,connector_start_pose_mismatch,3.5
306,2,connector_end_pose_mismatch,3.5
306,5,connector_start_pose_mismatch,3.5
306,5,connector_end_pose_mismatch,3.5
306,8,connector_start_pose_mismatch,3.500001
306,8,connector_end_pose_mismatch,3.499999
3036,0,connector_start_pose_mismatch,7.0
3036,1,connector_start_pose_mismatch,3.5
3036,8,connector_end_pose_mismatch,3.5
3036,10,connector_start_pose_mismatch,3.5
3036,10,connector_end_pose_mismatch,3.5
3037,3,connector_start_pose_mismatch,3.500001
3037,3,connector_end_pose_mismatch,3.5
3037,4,connector_start_pose_mismatch,3.5
3037,7,connector_start_pose_mismatch,3.5
3037,7,connector_end_pose_mismatch,3.5
3038,0,connector_start_pose_mismatch,3.5
3038,3,connector_start_pose_mismatch,3.5
3038,3,connector_end_pose_mismatch,3.5
3038,4,connector_end_pose_mismatch,3.5
3039,0,connector_start_pose_mismatch,3.5
3040,1,connector_end_pose_mismatch,3.5
3042,0,connector_start_pose_mismatch,3.5
3042,0,connector_end_pose_mismatch,3.500001
3043,2,connector_start_pose_mismatch,3.500001
3043,2,connector_end_pose_mismatch,3.499999
3051,3,connector_start_pose_mismatch,3.5
3051,3,connector_end_pose_mismatch,3.5
3052,0,connector_end_pose_mismatch,3.499999
3052,4,connector_start_pose_mismatch,3.5
3052,4,connector_end_pose_mismatch,3.5
3052,7,connector_start_pose_mismatch,3.499999
3052,7,connector_end_pose_mismatch,3.5
3053,2,connector_start_pose_mismatch,3.499999
3053,3,connector_start_pose_mismatch,3.499999
3054,0,connector_start_pose_mismatch,3.499999
3054,5,connector_start_pose_mismatch,3.5
3054,5,connector_end_pose_mismatch,3.5
3054,6,connector_start_pose_mismatch,3.500001
3054,7,connector_start_pose_mismatch,3.500001
3055,0,connector_end_pose_mismatch,3.5
3056,3,connector_end_pose_mismatch,3.5
3057,0,connector_start_pose_mismatch,3.5
3058,0,connector_end_pose_mismatch,6.999873
3058,4,connector_end_pose_mismatch,3.499856
3060,13,connector_start_pose_mismatch,3.5
3060,13,connector_end_pose_mismatch,3.499999
33,2,connector_start_pose_mismatch,3.5
33,2,connector_end_pose_mismatch,3.499999
33,5,connector_start_pose_mismatch,3.5
33,5,connector_end_pose_mismatch,3.5
33,8,connector_start_pose_mismatch,3.5
33,8,connector_end_pose_mismatch,3.5
308,1,connector_end_pose_mismatch,3.5
3061,0,connector_start_pose_mismatch,3.5
3061,0,connector_end_pose_mismatch,3.5
3063,1,connector_start_pose_mismatch,3.5
3063,1,connector_end_pose_mismatch,3.5
3064,2,connector_start_pose_mismatch,3.5
3064,2,connector_end_pose_mismatch,3.5
309,0,connector_start_pose_mismatch,3.5
309,0,connector_end_pose_mismatch,3.5
3065,0,connector_start_pose_mismatch,3.500001
3065,0,connector_end_pose_mismatch,3.5
3066,0,connector_start_pose_mismatch,3.5
3066,0,connector_end_pose_mismatch,3.5
3068,0,connector_end_pose_mismatch,7.0
3068,1,connector_end_pose_mismatch,3.5
3069,0,connector_end_pose_mismatch,3.5
3069,2,connector_start_pose_mismatch,3.5
3069,2,connector_end_pose_mismatch,3.500001
3070,0,connector_start_pose_mismatch,7.0
3070,1,connector_end_pose_mismatch,3.499998
3071,5,connector_start_pose_mismatch,3.5
3071,6,connector_start_pose_mismatch,3.5
3071,7,connector_end_pose_mismatch,3.5
3071,9,connector_start_pose_mismatch,3.5
3071,9,connector_end_pose_mismatch,3.5
3071,13,connector_start_pose_mismatch,3.5
3071,13,connector_end_pose_mismatch,3.5
3072,3,connector_start_pose_mismatch,3.5
3072,3,connector_end_pose_mismatch,3.5
3073,1,connector_start_pose_mismatch,3.500001
61,0,connector_end_pose_mismatch,3.500289
61,1,connector_start_pose_mismatch,3.500001
61,1,connector_end_pose_mismatch,3.499999
61,2,connector_start_pose_mismatch,3.500001
61,2,connector_end_pose_mismatch,3.499883
61,5,connector_start_pose_mismatch,3.5
61,5,connector_end_pose_mismatch,3.499883
310,1,connector_start_pose_mismatch,3.5
310,1,connector_end_pose_mismatch,3.5
3075,0,connector_end_pose_mismatch,3.5
3075,1,connector_end_pose_mismatch,3.5
3075,4,connector_start_pose_mismatch,6.999975
3075,5,connector_start_pose_mismatch,3.499987
3075,9,connector_start_pose_mismatch,3.5
3075,10,connector_start_pose_mismatch,3.5
3075,13,connector_end_pose_mismatch,3.5
3076,2,connector_start_pose_mismatch,3.5
3076,2,connector_end_pose_mismatch,3.5
3076,7,connector_start_pose_mismatch,3.5
3076,7,connector_end_pose_mismatch,3.5
3077,4,connector_start_pose_mismatch,3.5
3077,4,connector_end_pose_mismatch,3.5
3077,7,connector_start_pose_mismatch,3.5
3077,7,connector_end_pose_mismatch,3.5
311,0,connector_start_pose_mismatch,3.5
311,0,connector_end_pose_mismatch,3.5
3078,0,connector_start_pose_mismatch,3.5
3078,0,connector_end_pose_mismatch,3.500001
3079,0,connector_end_pose_mismatch,3.5
3079,2,connector_end_pose_mismatch,3.5
3082,0,connector_end_pose_mismatch,3.5
3082,3,connector_start_pose_mismatch,3.5
3082,7,connector_start_pose_mismatch,3.500001
3083,0,connector_start_pose_mismatch,3.5
312,0,connector_end_pose_mismatch,3.5
3085,1,connector_start_pose_mismatch,3.5
3085,1,connector_end_pose_mismatch,3.499999
3086,0,connector_start_pose_mismatch,3.5
3087,0,connector_end_pose_mismatch,3.5
3087,3,connector_end_pose_mismatch,3.5
313,3,connector_start_pose_mismatch,3.5
313,3,connector_end_pose_mismatch,3.5
3093,0,connector_start_pose_mismatch,3.5
3093,0,connector_end_pose_mismatch,3.5
3094,1,connector_start_pose_mismatch,3.499999
3094,1,connector_end_pose_mismatch,3.5
3095,1,connector_end_pose_mismatch,3.5
3096,3,connector_start_pose_mismatch,3.499999
3096,3,connector_end_pose_mismatch,3.5
3097,0,connector_end_pose_mismatch,3.5
3098,0,connector_end_pose_mismatch,3.5
3099,3,connector_start_pose_mismatch,3.499982
3099,6,connector_start_pose_mismatch,3.5
3099,6,connector_end_pose_mismatch,3.499999
3099,7,connector_end_pose_mismatch,3.504051
3100,0,connector_start_pose_mismatch,3.5
3100,4,connector_end_pose_mismatch,3.500001
3100,8,connector_end_pose_mismatch,3.5
3100,10,connector_start_pose_mismatch,3.500001
3100,10,connector_end_pose_mismatch,3.499999
3101,0,connector_start_pose_mismatch,3.5
3101,1,connector_start_pose_mismatch,3.5
3102,5,connector_start_pose_mismatch,3.5
3104,2,connector_start_pose_mismatch,3.5
3104,2,connector_end_pose_mismatch,3.5
3105,0,connector_start_pose_mismatch,3.5
3105,0,connector_end_pose_mismatch,3.5
3106,0,connector_start_pose_mismatch,3.5
3106,1,connector_start_pose_mismatch,3.5
3109,2,connector_start_pose_mismatch,3.499997
3109,3,connector_start_pose_mismatch,3.499997
3110,0,connector_end_pose_mismatch,3.5
3111,0,connector_end_pose_mismatch,3.5
3112,0,connector_end_pose_mismatch,3.5
3112,2,connector_end_pose_mismatch,3.5
3113,7,connector_start_pose_mismatch,3.5
3113,7,connector_end_pose_mismatch,3.5
316,3,connector_start_pose_mismatch,3.5
316,3,connector_end_pose_mismatch,3.5
3114,0,connector_start_pose_mismatch,3.5
3114,0,connector_end_pose_mismatch,3.500062
3114,7,connector_start_pose_mismatch,3.5
3114,7,connector_end_pose_mismatch,3.5
3114,8,connector_start_pose_mismatch,3.500001
3114,8,connector_end_pose_mismatch,3.500062
3115,0,connector_end_pose_mismatch,3.5
3115,2,connector_start_pose_mismatch,3.499999
3115,2,connector_end_pose_mismatch,3.5
3116,0,connector_end_pose_mismatch,3.5
3117,0,connector_end_pose_mismatch,3.5
3119,1,connector_end_pose_mismatch,3.5
3120,0,connector_start_pose_mismatch,3.5
3121,0,connector_end_pose_mismatch,3.5
3123,1,connector_end_pose_mismatch,3.5
317,0,connector_start_pose_mismatch,3.5
317,0,connector_end_pose_mismatch,3.5
3124,0,connector_start_pose_mismatch,3.5
3124,0,connector_end_pose_mismatch,10.5
3124,1,connector_start_pose_mismatch,3.5
3124,1,connector_end_pose_mismatch,7.0
3124,4,connector_start_pose_mismatch,10.5
3124,4,connector_end_pose_mismatch,10.5
3124,5,connector_start_pose_mismatch,10.5
3124,5,connector_end_pose_mismatch,7.0
3124,6,connector_start_pose_mismatch,7.0
3125,0,connector_start_pose_mismatch,7.000064
3125,0,connector_end_pose_mismatch,3.5
3125,3,connector_start_pose_mismatch,10.5
3125,4,connector_start_pose_mismatch,3.5
3126,0,connector_end_pose_mismatch,3.5
3127,5,connector_end_pose_mismatch,3.5
3127,6,connector_end_pose_mismatch,3.500001
3127,9,connector_start_pose_mismatch,3.5
3128,0,connector_end_pose_mismatch,3.5
3129,0,connector_start_pose_mismatch,3.5
3129,0,connector_end_pose_mismatch,3.500002
3129,5,connector_start_pose_mismatch,7.000001
3129,5,connector_end_pose_mismatch,3.5
3129,6,connector_start_pose_mismatch,3.5
3129,10,connector_start_pose_mismatch,3.5
3129,15,connector_start_pose_mismatch,7.000001
3129,15,connector_end_pose_mismatch,3.5
3129,16,connector_start_pose_mismatch,3.500001
34,2,connector_start_pose_mismatch,3.5
34,2,connector_end_pose_mismatch,3.5
34,5,connector_start_pose_mismatch,3.5
34,5,connector_end_pose_mismatch,3.5
34,8,connector_start_pose_mismatch,3.5
34,8,connector_end_pose_mismatch,3.5
318,1,connector_start_pose_mismatch,3.5
318,1,connector_end_pose_mismatch,3.500001
3132,0,connector_end_pose_mismatch,3.5
3133,0,connector_end_pose_mismatch,3.5
3135,0,connector_start_pose_mismatch,3.499999
3135,4,connector_start_pose_mismatch,3.499997
3135,4,connector_end_pose_mismatch,7.0
3135,6,connector_start_pose_mismatch,3.499997
3135,6,connector_end_pose_mismatch,3.5
3135,9,connector_start_pose_mismatch,7.0
3137,0,connector_start_pose_mismatch,3.5
3137,0,connector_end_pose_mismatch,3.5
3138,0,connector_start_pose_mismatch,3.5
3139,0,connector_start_pose_mismatch,7.0
3140,0,connector_start_pose_mismatch,3.5
3140,0,connector_end_pose_mismatch,3.5
3140,4,connector_start_pose_mismatch,7.0
3140,6,connector_start_pose_mismatch,3.5
3140,6,connector_end_pose_mismatch,3.499999
3140,9,connector_start_pose_mismatch,3.498974
3140,9,connector_end_pose_mismatch,3.5
3142,0,connector_start_pose_mismatch,3.5
3144,0,connector_end_pose_mismatch,7.000001
3144,2,connector_end_pose_mismatch,3.500001
3146,0,connector_end_pose_mismatch,3.5
3147,0,connector_start_pose_mismatch,7.0
3148,0,connector_end_pose_mismatch,3.5
3149,0,connector_start_pose_mismatch,7.000002
3149,0,connector_end_pose_mismatch,3.499985
3149,4,connector_start_pose_mismatch,7.000005
3149,5,connector_start_pose_mismatch,3.500003
3149,8,connector_start_pose_mismatch,3.499886
3150,0,connector_start_pose_mismatch,7.0
320,6,connector_start_pose_mismatch,3.500001
320,6,connector_end_pose_mismatch,3.499999
320,10,connector_start_pose_mismatch,3.5
320,10,connector_end_pose_mismatch,3.499999
3152,0,connector_end_pose_mismatch,3.500022
3015,0,connector_end_pose_mismatch,3.5
3157,0,connector_end_pose_mismatch,3.5
3159,0,connector_start_pose_mismatch,10.5
321,2,connector_start_pose_mismatch,3.500001
321,2,connector_end_pose_mismatch,3.5
321,5,connector_start_pose_mismatch,3.499999
321,5,connector_end_pose_mismatch,3.5
3160,0,connector_end_pose_mismatch,3.5
3162,0,connector_start_pose_mismatch,7.0
3263,0,connector_end_pose_mismatch,3.5
3165,2,connector_end_pose_mismatch,7.0
3167,0,connector_start_pose_mismatch,3.5
3168,0,connector_start_pose_mismatch,3.500001
3168,0,connector_end_pose_mismatch,3.500001
322,0,connector_end_pose_mismatch,3.500001
322,3,connector_start_pose_mismatch,3.5
322,3,connector_end_pose_mismatch,3.5
322,4,connector_start_pose_mismatch,3.500001
322,9,connector_end_pose_mismatch,3.5
322,13,connector_start_pose_mismatch,3.5
322,17,connector_start_pose_mismatch,3.5
322,17,connector_end_pose_mismatch,3.5
3170,0,connector_start_pose_mismatch,3.500001
3170,0,connector_end_pose_mismatch,7.0
3171,0,connector_end_pose_mismatch,7.0
3173,0,connector_end_pose_mismatch,3.5
3174,0,connector_end_pose_mismatch,3.5
3175,0,connector_start_pose_mismatch,3.5
3175,0,connector_end_pose_mismatch,7.0
3175,3,connector_end_pose_mismatch,3.5
3177,0,connector_end_pose_mismatch,3.5
3178,0,connector_end_pose_mismatch,3.5
323,2,connector_start_pose_mismatch,3.5
323,2,connector_end_pose_mismatch,3.5
323,5,connector_start_pose_mismatch,3.5
323,5,connector_end_pose_mismatch,3.5
3245,0,connector_end_pose_mismatch,3.5
3180,2,connector_end_pose_mismatch,3.5
3183,0,connector_start_pose_mismatch,3.500001
3183,0,connector_end_pose_mismatch,10.5
3183,1,connector_end_pose_mismatch,3.5
2862,0,connector_end_pose_mismatch,3.5
324,2,connector_start_pose_mismatch,3.499999
324,2,connector_end_pose_mismatch,3.5
324,5,connector_start_pose_mismatch,3.5
324,5,connector_end_pose_mismatch,3.5
324,8,connector_start_pose_mismatch,3.5
324,8,connector_end_pose_mismatch,3.5
3187,0,connector_start_pose_mismatch,7.0
3187,1,connector_start_pose_mismatch,3.5
3187,5,connector_start_pose_mismatch,3.499999
3187,5,connector_end_pose_mismatch,3.500089
3187,6,connector_start_pose_mismatch,3.499999
3187,9,connector_start_pose_mismatch,7.0
3187,10,connector_start_pose_mismatch,3.500001
3187,14,connector_start_pose_mismatch,6.999992
3187,14,connector_end_pose_mismatch,3.499998
3187,15,connector_start_pose_mismatch,3.499997
3188,0,connector_start_pose_mismatch,3.5
3189,0,connector_start_pose_mismatch,3.5
3189,0,connector_end_pose_mismatch,7.000009
3190,0,connector_start_pose_mismatch,7.0
3191,0,connector_start_pose_mismatch,3.500071
3192,0,connector_end_pose_mismatch,3.5
325,4,connector_start_pose_mismatch,3.5
325,4,connector_end_pose_mismatch,3.5
325,7,connector_start_pose_mismatch,3.5
325,7,connector_end_pose_mismatch,3.5
3198,0,connector_end_pose_mismatch,3.5
3199,0,connector_start_pose_mismatch,3.5
3200,0,connector_end_pose_mismatch,3.5
3202,0,connector_end_pose_mismatch,3.5
3203,0,connector_start_pose_mismatch,3.5
3204,0,connector_end_pose_mismatch,3.5
326,1,connector_start_pose_mismatch,3.5
326,1,connector_end_pose_mismatch,3.5
3205,0,connector_end_pose_mismatch,3.500001
3208,0,connector_start_pose_mismatch,3.5
3208,0,connector_end_pose_mismatch,7.0
3210,0,connector_start_pose_mismatch,3.499984
3210,0,connector_end_pose_mismatch,7.0
3211,0,connector_start_pose_mismatch,7.0
3212,0,connector_end_pose_mismatch,3.5
3213,0,connector_start_pose_mismatch,3.499986
3213,0,connector_end_pose_mismatch,6.999933
3214,0,connector_start_pose_mismatch,3.500001
3214,0,connector_end_pose_mismatch,7.0
327,2,connector_start_pose_mismatch,3.5
327,2,connector_end_pose_mismatch,3.5
327,8,connector_start_pose_mismatch,3.5
327,8,connector_end_pose_mismatch,3.5
3215,0,connector_start_pose_mismatch,7.0
3216,0,connector_start_pose_mismatch,3.5
3216,0,connector_end_pose_mismatch,7.0
3218,0,connector_start_pose_mismatch,3.500001
3218,0,connector_end_pose_mismatch,6.999993
3222,1,connector_end_pose_mismatch,3.5
35,0,connector_start_pose_mismatch,3.5
35,0,connector_end_pose_mismatch,3.5
328,0,connector_start_pose_mismatch,3.499999
328,1,connector_end_pose_mismatch,3.5
3228,0,connector_start_pose_mismatch,3.5
3228,0,connector_end_pose_mismatch,3.499999
3228,1,connector_start_pose_mismatch,3.5
3228,2,connector_start_pose_mismatch,3.5
3228,2,connector_end_pose_mismatch,10.5
3228,3,connector_end_pose_mismatch,3.5
3229,0,connector_end_pose_mismatch,3.500001
3230,0,connector_end_pose_mismatch,3.5
3231,0,connector_end_pose_mismatch,3.5
329,1,connector_start_pose_mismatch,3.5
3235,2,connector_end_pose_mismatch,7.0
3243,0,connector_end_pose_mismatch,7.0
3243,1,connector_end_pose_mismatch,3.5
3244,0,connector_start_pose_mismatch,7.0
3246,0,connector_start_pose_mismatch,3.500001
3247,0,connector_start_pose_mismatch,3.496416
3254,0,connector_start_pose_mismatch,3.5
3254,0,connector_end_pose_mismatch,10.5
3254,1,connector_end_pose_mismatch,3.5
3255,0,connector_start_pose_mismatch,10.499981
3255,0,connector_end_pose_mismatch,3.5
3255,1,connector_start_pose_mismatch,6.999987
3255,5,connector_start_pose_mismatch,10.499999
3255,5,connector_end_pose_mismatch,3.500007
3255,6,connector_start_pose_mismatch,3.5
3255,10,connector_start_pose_mismatch,3.499957
3255,10,connector_end_pose_mismatch,3.5
3255,15,connector_start_pose_mismatch,10.5
3255,16,connector_start_pose_mismatch,3.5
3256,0,connector_end_pose_mismatch,3.5
3257,0,connector_start_pose_mismatch,3.500001
3257,0,connector_end_pose_mismatch,3.5
331,1,connector_start_pose_mismatch,3.5
331,1,connector_end_pose_mismatch,3.5
411,0,connector_start_pose_mismatch,7.0
411,0,connector_end_pose_mismatch,3.5
411,1,connector_start_pose_mismatch,7.0
411,5,connector_start_pose_mismatch,7.0
411,5,connector_end_pose_mismatch,3.500166
411,6,connector_start_pose_mismatch,3.5
411,10,connector_start_pose_mismatch,3.499992
411,10,connector_end_pose_mismatch,3.499999
411,15,connector_start_pose_mismatch,10.499998
411,16,connector_start_pose_mismatch,3.5
3258,2,connector_end_pose_mismatch,3.499999
3260,0,connector_end_pose_mismatch,3.500001
3262,0,connector_start_pose_mismatch,7.0
2701,0,connector_start_pose_mismatch,3.500001
2701,0,connector_end_pose_mismatch,10.5
2701,1,connector_end_pose_mismatch,3.5
332,0,connector_start_pose_mismatch,6.999999
332,1,connector_start_pose_mismatch,3.5
3268,0,connector_end_pose_mismatch,3.5
3269,0,connector_start_pose_mismatch,7.000006
3269,0,connector_end_pose_mismatch,3.500018
3269,1,connector_start_pose_mismatch,3.500003
3269,6,connector_start_pose_mismatch,3.499991
3269,12,connector_start_pose_mismatch,7.0
3269,12,connector_end_pose_mismatch,3.500002
3269,17,connector_start_pose_mismatch,7.000001
3269,17,connector_end_pose_mismatch,3.5
3269,18,connector_start_pose_mismatch,3.5
3270,0,connector_start_pose_mismatch,10.500001
3270,1,connector_start_pose_mismatch,3.5
3270,5,connector_start_pose_mismatch,3.500018
3270,5,connector_end_pose_mismatch,3.500002
3270,6,connector_start_pose_mismatch,3.500018
3270,9,connector_start_pose_mismatch,7.0
3270,10,connector_start_pose_mismatch,3.5
3270,14,connector_end_pose_mismatch,3.5
3271,0,connector_end_pose_mismatch,3.500001
3272,0,connector_end_pose_mismatch,3.5
3273,0,connector_end_pose_mismatch,3.5
3274,0,connector_end_pose_mismatch,3.5
3275,0,connector_end_pose_mismatch,3.32643
333,0,connector_end_pose_mismatch,3.5
3277,0,connector_end_pose_mismatch,7.0
3283,0,connector_start_pose_mismatch,6.999999
3284,2,connector_end_pose_mismatch,7.0
3290,2,connector_end_pose_mismatch,3.5
3290,4,connector_start_pose_mismatch,3.5
3290,7,connector_end_pose_mismatch,7.0
3290,8,connector_end_pose_mismatch,3.5
3292,0,connector_start_pose_mismatch,3.5
3292,0,connector_end_pose_mismatch,6.999903
3292,1,connector_start_pose_mismatch,3.5
3292,1,connector_end_pose_mismatch,3.499952
3292,2,connector_start_pose_mismatch,3.5
3294,0,connector_start_pose_mismatch,3.5
3294,0,connector_end_pose_mismatch,3.5
3294,1,connector_start_pose_mismatch,3.5
3296,0,connector_start_pose_mismatch,3.5
3297,0,connector_end_pose_mismatch,3.5
3305,0,connector_start_pose_mismatch,10.499999
3306,0,connector_start_pose_mismatch,7.0
3307,0,connector_start_pose_mismatch,3.5
3307,0,connector_end_pose_mismatch,7.0
336,2,connector_start_pose_mismatch,3.500001
336,2,connector_end_pose_mismatch,3.5
336,5,connector_start_pose_mismatch,3.5
336,5,connector_end_pose_mismatch,3.5
3312,0,connector_start_pose_mismatch,3.499999
3312,9,connector_start_pose_mismatch,3.500218
3312,9,connector_end_pose_mismatch,3.5
3310,0,connector_start_pose_mismatch,7.0
3311,0,connector_end_pose_mismatch,3.5
3317,,high_connection_count,21
3317,0,connector_start_pose_mismatch,3.5
3317,0,connector_end_pose_mismatch,3.5
3317,5,connector_start_pose_mismatch,3.5
3317,5,connector_end_pose_mismatch,3.5
3317,6,connector_start_pose_mismatch,3.5
3317,7,connector_start_pose_mismatch,3.5
3317,10,connector_start_pose_mismatch,10.499999
3317,10,connector_end_pose_mismatch,3.5
3317,11,connector_start_pose_mismatch,3.499999
3317,15,connector_start_pose_mismatch,7.000003
3317,15,connector_end_pose_mismatch,3.5
3317,16,connector_start_pose_mismatch,3.500001
3317,21,connector_start_pose_mismatch,3.5
3317,21,connector_end_pose_mismatch,3.5
3319,0,connector_end_pose_mismatch,3.5
3320,0,connector_end_pose_mismatch,3.5
3321,0,connector_start_pose_mismatch,3.499744
3321,0,connector_end_pose_mismatch,3.5
3321,4,connector_start_pose_mismatch,3.5
3321,8,connector_start_pose_mismatch,3.5
3322,0,connector_end_pose_mismatch,3.5
3323,0,connector_start_pose_mismatch,3.500001
36,4,connector_start_pose_mismatch,3.5
36,4,connector_end_pose_mismatch,3.5
36,7,connector_start_pose_mismatch,3.500001
36,7,connector_end_pose_mismatch,3.499999
338,5,connector_start_pose_mismatch,3.5
338,5,connector_end_pose_mismatch,3.5
338,8,connector_start_pose_mismatch,3.499999
338,8,connector_end_pose_mismatch,3.5
3336,0,connector_start_pose_mismatch,7.0
3338,0,connector_end_pose_mismatch,10.499999
3339,0,connector_start_pose_mismatch,10.5
3340,0,connector_end_pose_mismatch,10.500001
3340,1,connector_end_pose_mismatch,7.0
3340,2,connector_end_pose_mismatch,3.5
3341,0,connector_start_pose_mismatch,10.5
3342,0,connector_start_pose_mismatch,6.999999
3344,0,connector_start_pose_mismatch,10.5
3346,0,connector_start_pose_mismatch,7.0
3347,0,connector_start_pose_mismatch,3.5
3348,0,connector_start_pose_mismatch,7.0
3349,0,connector_start_pose_mismatch,3.5
3350,0,connector_start_pose_mismatch,10.5
3351,0,connector_end_pose_mismatch,3.5
3352,1,connector_end_pose_mismatch,3.500001
3353,0,connector_end_pose_mismatch,3.5
3354,0,connector_start_pose_mismatch,7.0
3355,0,connector_start_pose_mismatch,3.5
3356,0,connector_start_pose_mismatch,3.5
3356,0,connector_end_pose_mismatch,10.5
3356,1,connector_start_pose_mismatch,3.5
3356,1,connector_end_pose_mismatch,7.0
3357,0,connector_start_pose_mismatch,3.5
3359,0,connector_start_pose_mismatch,3.5
3359,0,connector_end_pose_mismatch,7.0
3360,0,connector_start_pose_mismatch,3.5
3360,4,connector_start_pose_mismatch,3.5
3360,8,connector_start_pose_mismatch,3.500941
3360,8,connector_end_pose_mismatch,3.5
3361,0,connector_end_pose_mismatch,3.5
3362,0,connector_end_pose_mismatch,3.5
3371,0,connector_end_pose_mismatch,3.5
3372,0,connector_start_pose_mismatch,3.5
342,4,connector_start_pose_mismatch,3.499999
342,4,connector_end_pose_mismatch,3.5
3373,0,connector_start_pose_mismatch,7.0
3375,0,connector_end_pose_mismatch,3.5
3376,0,connector_end_pose_mismatch,10.5
3378,0,connector_start_pose_mismatch,3.5
343,3,connector_start_pose_mismatch,3.500001
343,3,connector_end_pose_mismatch,3.5
343,13,connector_start_pose_mismatch,3.5
343,13,connector_end_pose_mismatch,3.5
3382,0,connector_start_pose_mismatch,3.5
3289,2,connector_start_pose_mismatch,3.500006
3383,0,connector_start_pose_mismatch,3.5
3384,0,connector_end_pose_mismatch,3.5
3387,4,connector_start_pose_mismatch,3.5
3388,0,connector_start_pose_mismatch,3.5
3406,0,connector_end_pose_mismatch,3.5
3406,1,connector_end_pose_mismatch,3.5
3406,4,connector_start_pose_mismatch,3.5
3390,0,connector_end_pose_mismatch,7.0
3391,0,connector_end_pose_mismatch,10.5
3392,3,connector_end_pose_mismatch,10.5
3393,2,connector_end_pose_mismatch,7.0
3396,0,connector_end_pose_mismatch,10.5
345,6,connector_start_pose_mismatch,3.5
345,6,connector_end_pose_mismatch,3.5
3401,0,connector_end_pose_mismatch,7.0
3403,0,connector_start_pose_mismatch,3.5
3403,0,connector_end_pose_mismatch,3.5
3403,1,connector_start_pose_mismatch,3.5
3405,0,connector_start_pose_mismatch,3.500001
3407,0,connector_end_pose_mismatch,3.5
3408,0,connector_end_pose_mismatch,3.5
3409,0,connector_end_pose_mismatch,3.5
3410,0,connector_end_pose_mismatch,3.5
3411,0,connector_start_pose_mismatch,10.5
3412,0,connector_start_pose_mismatch,7.0
3412,0,connector_end_pose_mismatch,10.5
3414,0,connector_start_pose_mismatch,7.0
3415,0,connector_start_pose_mismatch,10.5
347,2,connector_start_pose_mismatch,3.5
347,2,connector_end_pose_mismatch,3.5
347,7,connector_start_pose_mismatch,3.5
347,7,connector_end_pose_mismatch,3.5
3421,0,connector_start_pose_mismatch,7.0
3424,0,connector_start_pose_mismatch,3.5
3424,1,connector_end_pose_mismatch,3.5
37,0,connector_end_pose_mismatch,3.5
37,1,connector_start_pose_mismatch,3.5
348,9,connector_start_pose_mismatch,3.5
348,9,connector_end_pose_mismatch,3.5
348,13,connector_start_pose_mismatch,3.5
348,13,connector_end_pose_mismatch,3.5
3431,0,connector_start_pose_mismatch,3.5
3432,0,connector_end_pose_mismatch,7.0
3433,0,connector_start_pose_mismatch,7.000001
3433,0,connector_end_pose_mismatch,10.5
3434,0,connector_start_pose_mismatch,3.5
3436,0,connector_end_pose_mismatch,3.5
3437,0,connector_start_pose_mismatch,3.5
3447,0,connector_start_pose_mismatch,3.5
3509,2,connector_end_pose_mismatch,7.0
3343,0,connector_end_pose_mismatch,10.5
349,12,connector_start_pose_mismatch,3.5
349,12,connector_end_pose_mismatch,3.5
3450,0,connector_start_pose_mismatch,7.0
3450,0,connector_end_pose_mismatch,10.5
3451,0,connector_start_pose_mismatch,7.0
3451,0,connector_end_pose_mismatch,10.5
3452,0,connector_start_pose_mismatch,10.5
3453,0,connector_end_pose_mismatch,10.5
3454,0,connector_start_pose_mismatch,7.000001
3455,2,connector_end_pose_mismatch,3.5
3455,4,connector_start_pose_mismatch,3.5
3456,0,connector_end_pose_mismatch,3.5
3457,0,connector_end_pose_mismatch,3.5
3458,0,connector_end_pose_mismatch,3.5
3459,0,connector_start_pose_mismatch,6.999999
350,4,connector_start_pose_mismatch,3.5
350,4,connector_end_pose_mismatch,3.5
350,7,connector_start_pose_mismatch,3.500001
350,7,connector_end_pose_mismatch,3.5
3460,0,connector_start_pose_mismatch,3.5
3460,0,connector_end_pose_mismatch,7.0
3461,0,connector_start_pose_mismatch,7.0
3462,0,connector_start_pose_mismatch,10.5
3463,0,connector_start_pose_mismatch,7.000001
3463,0,connector_end_pose_mismatch,3.5
3463,4,connector_start_pose_mismatch,3.5
3463,4,connector_end_pose_mismatch,3.5
3463,5,connector_end_pose_mismatch,3.5
3464,0,connector_end_pose_mismatch,7.0
3465,0,connector_end_pose_mismatch,3.5
3466,0,connector_start_pose_mismatch,3.500001
3466,0,connector_end_pose_mismatch,10.5
3466,1,connector_end_pose_mismatch,3.5
3467,0,connector_end_pose_mismatch,3.5
2596,0,connector_start_pose_mismatch,3.5
351,2,connector_start_pose_mismatch,3.500001
351,2,connector_end_pose_mismatch,3.5
3469,0,connector_start_pose_mismatch,6.999999
3469,0,connector_end_pose_mismatch,10.499999
3470,0,connector_start_pose_mismatch,14.0
3471,4,connector_end_pose_mismatch,14.0
3472,0,connector_start_pose_mismatch,6.999999
3472,0,connector_end_pose_mismatch,10.5
3473,0,connector_start_pose_mismatch,10.5
3473,0,connector_end_pose_mismatch,14.0
3475,0,connector_start_pose_mismatch,3.5
3475,0,connector_end_pose_mismatch,7.0
3477,0,connector_end_pose_mismatch,3.5
352,6,connector_start_pose_mismatch,3.5
352,6,connector_end_pose_mismatch,3.5
3480,0,connector_start_pose_mismatch,6.999999
3480,0,connector_end_pose_mismatch,10.499999
3481,0,connector_end_pose_mismatch,3.499999
3483,2,connector_end_pose_mismatch,3.500001
3485,0,connector_start_pose_mismatch,3.5
353,1,connector_start_pose_mismatch,3.5
353,1,connector_end_pose_mismatch,3.5
3490,0,connector_end_pose_mismatch,3.5
3491,0,connector_start_pose_mismatch,7.000001
3496,0,connector_start_pose_mismatch,3.500001
3496,0,connector_end_pose_mismatch,7.0
354,0,connector_end_pose_mismatch,3.5
354,2,connector_start_pose_mismatch,3.5
354,2,connector_end_pose_mismatch,3.5
3497,0,connector_end_pose_mismatch,7.0
3500,0,connector_start_pose_mismatch,7.0
3504,0,connector_end_pose_mismatch,3.5
3505,3,connector_end_pose_mismatch,4.901714
355,2,connector_start_pose_mismatch,3.499999
355,2,connector_end_pose_mismatch,3.5
355,7,connector_start_pose_mismatch,3.500001
355,7,connector_end_pose_mismatch,3.499999
3506,0,connector_start_pose_mismatch,3.499244
3506,8,connector_start_pose_mismatch,10.5
3506,8,connector_end_pose_mismatch,3.500038
3506,9,connector_start_pose_mismatch,3.5
3507,0,connector_start_pose_mismatch,3.500001
3507,0,connector_end_pose_mismatch,7.0
3186,0,connector_start_pose_mismatch,7.0
3186,1,connector_start_pose_mismatch,3.5
3186,4,connector_start_pose_mismatch,3.5
3186,8,connector_start_pose_mismatch,3.5
3186,8,connector_end_pose_mismatch,3.5
3512,0,connector_start_pose_mismatch,3.5
3512,0,connector_end_pose_mismatch,3.5
356,6,connector_start_pose_mismatch,3.500001
356,6,connector_end_pose_mismatch,3.5
3514,0,connector_start_pose_mismatch,3.5
3514,0,connector_end_pose_mismatch,3.5
3515,0,connector_start_pose_mismatch,7.0
3517,0,connector_start_pose_mismatch,7.0
3518,0,connector_end_pose_mismatch,3.5
3519,0,connector_start_pose_mismatch,7.0
3519,0,connector_end_pose_mismatch,10.5
3521,0,connector_start_pose_mismatch,3.5
3521,0,connector_end_pose_mismatch,7.0
3522,0,connector_start_pose_mismatch,3.5
3522,0,connector_end_pose_mismatch,3.499999
3523,0,connector_start_pose_mismatch,7.0
3524,0,connector_start_pose_mismatch,3.5
3524,0,connector_end_pose_mismatch,7.0
3525,0,connector_start_pose_mismatch,3.5
3529,0,connector_end_pose_mismatch,3.5
3530,0,connector_start_pose_mismatch,3.5
3530,0,connector_end_pose_mismatch,7.0
3532,0,connector_end_pose_mismatch,3.5
358,1,connector_start_pose_mismatch,3.5
358,1,connector_end_pose_mismatch,3.5
3534,0,connector_start_pose_mismatch,3.5
3534,0,connector_end_pose_mismatch,10.5
3534,1,connector_end_pose_mismatch,3.5
3541,0,connector_start_pose_mismatch,3.499999
3542,0,connector_start_pose_mismatch,7.0
3543,2,connector_end_pose_mismatch,3.5
359,0,connector_end_pose_mismatch,3.5
359,2,connector_end_pose_mismatch,7.0
359,3,connector_end_pose_mismatch,3.5
3544,2,connector_end_pose_mismatch,3.499991
3545,0,connector_end_pose_mismatch,3.499997
3546,0,connector_end_pose_mismatch,7.0
3546,1,connector_end_pose_mismatch,3.5
3547,0,connector_start_pose_mismatch,3.5
360,0,connector_start_pose_mismatch,3.5
360,5,connector_start_pose_mismatch,3.5
360,5,connector_end_pose_mismatch,3.5
360,8,connector_start_pose_mismatch,3.5
360,8,connector_end_pose_mismatch,3.5
3555,0,connector_start_pose_mismatch,3.500002
3555,0,connector_end_pose_mismatch,3.5
3555,1,connector_start_pose_mismatch,3.500002
3557,3,connector_start_pose_mismatch,7.0
3557,7,connector_start_pose_mismatch,3.5
3558,0,connector_start_pose_mismatch,10.5
3558,0,connector_end_pose_mismatch,3.5
3558,7,connector_end_pose_mismatch,3.5
3559,0,connector_start_pose_mismatch,7.000001
3560,0,connector_end_pose_mismatch,3.5
3562,0,connector_end_pose_mismatch,3.5
361,3,connector_start_pose_mismatch,3.5
361,3,connector_end_pose_mismatch,3.5
361,7,connector_start_pose_mismatch,3.5
361,7,connector_end_pose_mismatch,3.5
3564,0,connector_start_pose_mismatch,3.500001
3567,1,connector_end_pose_mismatch,3.5
3568,0,connector_end_pose_mismatch,3.5
362,4,connector_start_pose_mismatch,3.5
362,4,connector_end_pose_mismatch,3.5
366,2,connector_start_pose_mismatch,3.5
366,2,connector_end_pose_mismatch,3.5
366,7,connector_start_pose_mismatch,3.5
366,7,connector_end_pose_mismatch,3.5
39,0,connector_start_pose_mismatch,3.500001
39,3,connector_end_pose_mismatch,3.5
39,4,connector_start_pose_mismatch,3.5
39,4,connector_end_pose_mismatch,3.5
367,7,connector_start_pose_mismatch,3.5
367,7,connector_end_pose_mismatch,3.5
368,2,connector_start_pose_mismatch,3.5
368,2,connector_end_pose_mismatch,3.500001
369,2,connector_start_pose_mismatch,3.5
369,2,connector_end_pose_mismatch,3.5
369,7,connector_start_pose_mismatch,3.5
369,7,connector_end_pose_mismatch,3.5
370,2,connector_start_pose_mismatch,3.5
370,2,connector_end_pose_mismatch,3.500001
370,7,connector_start_pose_mismatch,3.5
370,7,connector_end_pose_mismatch,3.5
371,2,connector_start_pose_mismatch,3.5
371,2,connector_end_pose_mismatch,3.5
371,8,connector_start_pose_mismatch,3.5
371,8,connector_end_pose_mismatch,3.5
3242,0,connector_end_pose_mismatch,3.5
373,1,connector_end_pose_mismatch,3.5
40,3,connector_start_pose_mismatch,3.5
40,3,connector_end_pose_mismatch,3.5
40,7,connector_start_pose_mismatch,3.5
40,7,connector_end_pose_mismatch,3.5
40,14,connector_start_pose_mismatch,3.5
40,14,connector_end_pose_mismatch,3.5
374,0,connector_end_pose_mismatch,6.999999
374,1,connector_end_pose_mismatch,3.499999
375,2,connector_start_pose_mismatch,3.5
375,2,connector_end_pose_mismatch,3.5
375,5,connector_start_pose_mismatch,3.5
375,5,connector_end_pose_mismatch,3.5
377,4,connector_start_pose_mismatch,3.500001
377,4,connector_end_pose_mismatch,3.5
379,0,connector_start_pose_mismatch,3.5
379,0,connector_end_pose_mismatch,3.5
380,6,connector_start_pose_mismatch,3.5
380,6,connector_end_pose_mismatch,3.5
380,10,connector_start_pose_mismatch,3.5
380,10,connector_end_pose_mismatch,3.500001
380,14,connector_start_pose_mismatch,3.5
380,14,connector_end_pose_mismatch,3.499999
381,2,connector_start_pose_mismatch,3.500001
381,2,connector_end_pose_mismatch,3.5
382,2,connector_start_pose_mismatch,3.5
382,2,connector_end_pose_mismatch,3.5
382,5,connector_start_pose_mismatch,3.5
382,5,connector_end_pose_mismatch,3.500001
382,8,connector_start_pose_mismatch,3.5
382,8,connector_end_pose_mismatch,3.5
41,0,connector_start_pose_mismatch,3.5
41,4,connector_end_pose_mismatch,3.5
41,6,connector_start_pose_mismatch,3.5
41,6,connector_end_pose_mismatch,3.5
41,7,connector_start_pose_mismatch,3.499937
384,2,connector_start_pose_mismatch,3.499999
384,2,connector_end_pose_mismatch,3.5
384,7,connector_start_pose_mismatch,3.5
384,7,connector_end_pose_mismatch,3.5
385,2,connector_start_pose_mismatch,3.5
385,2,connector_end_pose_mismatch,3.499999
385,5,connector_start_pose_mismatch,3.5
385,5,connector_end_pose_mismatch,3.5
385,8,connector_start_pose_mismatch,3.5
385,8,connector_end_pose_mismatch,3.5
386,9,connector_start_pose_mismatch,3.499999
386,9,connector_end_pose_mismatch,3.5
386,13,connector_start_pose_mismatch,3.5
386,13,connector_end_pose_mismatch,3.5
387,3,connector_start_pose_mismatch,3.5
387,3,connector_end_pose_mismatch,3.5
387,13,connector_start_pose_mismatch,3.5
387,13,connector_end_pose_mismatch,3.5
388,2,connector_start_pose_mismatch,3.5
388,2,connector_end_pose_mismatch,3.5
389,3,connector_start_pose_mismatch,3.5
389,3,connector_end_pose_mismatch,3.5
390,2,connector_start_pose_mismatch,3.5
390,2,connector_end_pose_mismatch,3.5
390,7,connector_start_pose_mismatch,3.499999
390,7,connector_end_pose_mismatch,3.5
42,2,connector_start_pose_mismatch,3.5
42,2,connector_end_pose_mismatch,3.5
42,5,connector_start_pose_mismatch,3.5
42,5,connector_end_pose_mismatch,3.5
42,8,connector_start_pose_mismatch,3.5
42,8,connector_end_pose_mismatch,3.5
330,7,connector_start_pose_mismatch,3.5
330,7,connector_end_pose_mismatch,3.5
330,14,connector_start_pose_mismatch,3.5
330,14,connector_end_pose_mismatch,3.5
391,3,connector_start_pose_mismatch,3.5
391,3,connector_end_pose_mismatch,3.5
391,10,connector_start_pose_mismatch,3.5
391,10,connector_end_pose_mismatch,3.5
391,14,connector_start_pose_mismatch,3.499999
391,14,connector_end_pose_mismatch,3.500001
393,2,connector_start_pose_mismatch,3.500001
393,2,connector_end_pose_mismatch,3.499999
393,5,connector_start_pose_mismatch,3.5
393,5,connector_end_pose_mismatch,3.5
393,8,connector_start_pose_mismatch,3.5
393,8,connector_end_pose_mismatch,3.5
394,1,connector_end_pose_mismatch,3.5
395,0,connector_end_pose_mismatch,3.5
395,3,connector_start_pose_mismatch,3.5
395,3,connector_end_pose_mismatch,3.5
395,5,connector_end_pose_mismatch,3.5
396,12,connector_start_pose_mismatch,3.5
396,12,connector_end_pose_mismatch,3.5
397,6,connector_start_pose_mismatch,3.500001
397,6,connector_end_pose_mismatch,3.499999
398,2,connector_start_pose_mismatch,3.5
398,2,connector_end_pose_mismatch,3.5
398,7,connector_start_pose_mismatch,3.5
398,7,connector_end_pose_mismatch,3.5
43,0,connector_start_pose_mismatch,3.5
399,2,connector_start_pose_mismatch,3.5
399,2,connector_end_pose_mismatch,3.500001
400,6,connector_start_pose_mismatch,3.5
400,6,connector_end_pose_mismatch,3.5
400,10,connector_start_pose_mismatch,3.5
400,10,connector_end_pose_mismatch,3.5
401,3,connector_start_pose_mismatch,3.5
401,3,connector_end_pose_mismatch,3.5
402,9,connector_start_pose_mismatch,3.500001
402,9,connector_end_pose_mismatch,3.5
403,3,connector_start_pose_mismatch,3.5
403,3,connector_end_pose_mismatch,3.5
403,10,connector_start_pose_mismatch,3.5
403,10,connector_end_pose_mismatch,3.5
404,2,connector_start_pose_mismatch,3.5
404,2,connector_end_pose_mismatch,3.5
405,4,connector_start_pose_mismatch,3.5
405,4,connector_end_pose_mismatch,3.5
406,2,connector_start_pose_mismatch,3.5
406,2,connector_end_pose_mismatch,3.5
406,5,connector_start_pose_mismatch,3.499999
406,5,connector_end_pose_mismatch,3.500001
44,0,connector_end_pose_mismatch,3.5
407,0,connector_end_pose_mismatch,3.5
407,3,connector_start_pose_mismatch,3.5
407,3,connector_end_pose_mismatch,3.5
407,4,connector_start_pose_mismatch,3.5
407,9,connector_end_pose_mismatch,3.5
407,12,connector_start_pose_mismatch,3.5
407,12,connector_end_pose_mismatch,3.5
407,13,connector_start_pose_mismatch,3.5
408,4,connector_start_pose_mismatch,3.5
408,4,connector_end_pose_mismatch,3.5
409,4,connector_start_pose_mismatch,3.5
409,4,connector_end_pose_mismatch,3.5
410,0,connector_end_pose_mismatch,3.5
412,4,connector_start_pose_mismatch,3.5
412,4,connector_end_pose_mismatch,3.5
412,7,connector_start_pose_mismatch,3.5
412,7,connector_end_pose_mismatch,3.5
413,2,connector_start_pose_mismatch,3.499999
413,2,connector_end_pose_mismatch,3.5
413,7,connector_start_pose_mismatch,3.499999
413,7,connector_end_pose_mismatch,3.500001
414,0,connector_start_pose_mismatch,3.5
414,0,connector_end_pose_mismatch,3.499999
45,0,connector_end_pose_mismatch,3.5
415,4,connector_start_pose_mismatch,3.500001
415,4,connector_end_pose_mismatch,3.499999
415,5,connector_start_pose_mismatch,3.5
415,5,connector_end_pose_mismatch,3.5
415,9,connector_start_pose_mismatch,3.499872
416,3,connector_end_pose_mismatch,3.499999
416,4,connector_end_pose_mismatch,3.5
416,8,connector_start_pose_mismatch,3.5
416,8,connector_end_pose_mismatch,3.5
417,0,connector_start_pose_mismatch,3.5
417,3,connector_start_pose_mismatch,3.499964
418,4,connector_start_pose_mismatch,3.5
418,4,connector_end_pose_mismatch,3.5
418,7,connector_start_pose_mismatch,3.5
418,7,connector_end_pose_mismatch,3.5
419,0,connector_start_pose_mismatch,3.5
419,0,connector_end_pose_mismatch,3.5
420,0,connector_start_pose_mismatch,3.5
420,0,connector_end_pose_mismatch,3.5
421,1,connector_end_pose_mismatch,3.5
422,0,connector_end_pose_mismatch,3.5
423,0,connector_start_pose_mismatch,3.5
423,3,connector_start_pose_mismatch,3.5
423,3,connector_end_pose_mismatch,3.5
423,7,connector_start_pose_mismatch,3.5
423,7,connector_end_pose_mismatch,3.5
423,8,connector_start_pose_mismatch,7.0
423,8,connector_end_pose_mismatch,3.5
424,0,connector_start_pose_mismatch,3.5
424,4,connector_end_pose_mismatch,3.5
424,7,connector_start_pose_mismatch,3.5
424,7,connector_end_pose_mismatch,3.5
424,8,connector_end_pose_mismatch,3.499998
424,9,connector_end_pose_mismatch,3.5
46,2,connector_start_pose_mismatch,3.499999
46,2,connector_end_pose_mismatch,3.500001
46,5,connector_start_pose_mismatch,3.500001
46,5,connector_end_pose_mismatch,3.5
425,2,connector_start_pose_mismatch,3.50006
425,2,connector_end_pose_mismatch,3.499999
426,0,connector_start_pose_mismatch,3.499999
426,3,connector_start_pose_mismatch,3.499999
426,3,connector_end_pose_mismatch,3.5
426,7,connector_end_pose_mismatch,3.5
426,9,connector_start_pose_mismatch,3.5
426,9,connector_end_pose_mismatch,3.499999
427,0,connector_start_pose_mismatch,3.5
427,7,connector_start_pose_mismatch,3.5
427,7,connector_end_pose_mismatch,3.5
428,0,connector_end_pose_mismatch,3.5
429,0,connector_start_pose_mismatch,3.5
429,1,connector_start_pose_mismatch,3.5
429,2,connector_start_pose_mismatch,3.5
429,2,connector_end_pose_mismatch,3.499999
429,3,connector_end_pose_mismatch,3.5
429,6,connector_start_pose_mismatch,3.5
429,6,connector_end_pose_mismatch,3.500001
430,0,connector_start_pose_mismatch,3.5
430,0,connector_end_pose_mismatch,3.500001
430,1,connector_start_pose_mismatch,3.5
430,3,connector_start_pose_mismatch,3.5
430,3,connector_end_pose_mismatch,3.5
430,4,connector_start_pose_mismatch,6.999988
430,4,connector_end_pose_mismatch,3.5
430,5,connector_start_pose_mismatch,3.499994
430,9,connector_start_pose_mismatch,7.0
430,9,connector_end_pose_mismatch,3.499994
430,10,connector_start_pose_mismatch,3.5
430,13,connector_start_pose_mismatch,3.5
430,13,connector_end_pose_mismatch,3.5
430,14,connector_start_pose_mismatch,7.000001
430,15,connector_start_pose_mismatch,3.5
431,1,connector_end_pose_mismatch,7.0
431,2,connector_end_pose_mismatch,3.5
432,0,connector_start_pose_mismatch,3.5
432,3,connector_start_pose_mismatch,3.5
432,3,connector_end_pose_mismatch,3.5
432,4,connector_start_pose_mismatch,3.5
432,7,connector_start_pose_mismatch,3.5
432,7,connector_end_pose_mismatch,3.5
432,8,connector_start_pose_mismatch,3.500036
432,8,connector_end_pose_mismatch,3.5
433,2,connector_end_pose_mismatch,3.499999
434,0,connector_end_pose_mismatch,3.5
435,2,connector_start_pose_mismatch,3.5
435,2,connector_end_pose_mismatch,3.5
435,5,connector_start_pose_mismatch,3.5
435,5,connector_end_pose_mismatch,3.5
436,7,connector_start_pose_mismatch,3.5
436,7,connector_end_pose_mismatch,3.5
438,2,connector_start_pose_mismatch,3.500001
438,2,connector_end_pose_mismatch,3.5
438,7,connector_start_pose_mismatch,3.5
438,7,connector_end_pose_mismatch,3.5
439,4,connector_start_pose_mismatch,3.5
439,4,connector_end_pose_mismatch,3.5
439,7,connector_start_pose_mismatch,3.5
439,7,connector_end_pose_mismatch,3.5
440,2,connector_start_pose_mismatch,3.499999
440,2,connector_end_pose_mismatch,3.5
440,7,connector_start_pose_mismatch,3.500001
440,7,connector_end_pose_mismatch,3.5
441,6,connector_start_pose_mismatch,3.5
441,6,connector_end_pose_mismatch,3.5
441,10,connector_start_pose_mismatch,3.500001
441,10,connector_end_pose_mismatch,3.5
441,14,connector_start_pose_mismatch,3.5
441,14,connector_end_pose_mismatch,3.5
442,3,connector_start_pose_mismatch,3.5
442,3,connector_end_pose_mismatch,3.5
443,1,connector_end_pose_mismatch,3.5
444,1,connector_start_pose_mismatch,3.5
5,0,connector_end_pose_mismatch,3.499999
5,1,connector_end_pose_mismatch,3.5
48,4,connector_start_pose_mismatch,3.5
48,4,connector_end_pose_mismatch,3.5
48,7,connector_start_pose_mismatch,3.5
48,7,connector_end_pose_mismatch,3.5
445,2,connector_start_pose_mismatch,3.499999
445,4,connector_start_pose_mismatch,3.499999
445,4,connector_end_pose_mismatch,3.5
445,7,connector_start_pose_mismatch,3.499999
445,7,connector_end_pose_mismatch,3.5
446,0,connector_start_pose_mismatch,3.5
446,2,connector_start_pose_mismatch,3.5
446,2,connector_end_pose_mismatch,3.5
448,0,connector_start_pose_mismatch,7.0
448,4,connector_start_pose_mismatch,3.5
448,9,connector_end_pose_mismatch,7.0
449,0,connector_start_pose_mismatch,3.5
449,3,connector_end_pose_mismatch,3.5
449,5,connector_start_pose_mismatch,3.5
449,5,connector_end_pose_mismatch,3.5
449,6,connector_start_pose_mismatch,3.500008
450,0,connector_start_pose_mismatch,7.0
450,0,connector_end_pose_mismatch,3.5
450,4,connector_start_pose_mismatch,3.5
450,7,connector_start_pose_mismatch,3.5
450,7,connector_end_pose_mismatch,3.5
450,8,connector_start_pose_mismatch,3.5
450,11,connector_start_pose_mismatch,3.5
450,11,connector_end_pose_mismatch,3.5
451,0,connector_end_pose_mismatch,3.5
451,3,connector_end_pose_mismatch,3.5
452,0,connector_end_pose_mismatch,3.5
452,5,connector_start_pose_mismatch,3.5
452,5,connector_end_pose_mismatch,3.5
452,6,connector_end_pose_mismatch,3.5
452,7,connector_end_pose_mismatch,3.5
452,9,connector_start_pose_mismatch,3.5
452,9,connector_end_pose_mismatch,3.5
452,10,connector_start_pose_mismatch,3.5
452,13,connector_start_pose_mismatch,3.5
452,13,connector_end_pose_mismatch,3.5
453,0,connector_end_pose_mismatch,3.5
453,3,connector_end_pose_mismatch,3.5
49,3,connector_start_pose_mismatch,3.5
49,3,connector_end_pose_mismatch,3.5
454,0,connector_end_pose_mismatch,3.5
454,2,connector_start_pose_mismatch,3.5
454,2,connector_end_pose_mismatch,3.5
454,3,connector_start_pose_mismatch,7.0
454,4,connector_start_pose_mismatch,3.5
454,6,connector_start_pose_mismatch,3.5
454,9,connector_start_pose_mismatch,3.5
454,9,connector_end_pose_mismatch,3.5
455,0,connector_end_pose_mismatch,3.5
456,9,connector_start_pose_mismatch,3.5
456,9,connector_end_pose_mismatch,3.5
456,13,connector_start_pose_mismatch,3.5
456,13,connector_end_pose_mismatch,3.5
459,6,connector_start_pose_mismatch,3.5
459,6,connector_end_pose_mismatch,3.5
461,1,connector_end_pose_mismatch,3.500001
462,2,connector_start_pose_mismatch,3.5
462,2,connector_end_pose_mismatch,3.5
462,5,connector_start_pose_mismatch,3.499999
462,5,connector_end_pose_mismatch,3.5
462,8,connector_start_pose_mismatch,3.5
462,8,connector_end_pose_mismatch,3.5
463,3,connector_start_pose_mismatch,3.5
463,3,connector_end_pose_mismatch,3.5
50,2,connector_start_pose_mismatch,3.5
50,2,connector_end_pose_mismatch,10.499998
50,3,connector_end_pose_mismatch,3.5
464,6,connector_start_pose_mismatch,3.5
464,6,connector_end_pose_mismatch,3.5
469,12,connector_start_pose_mismatch,3.499999
469,12,connector_end_pose_mismatch,3.5
471,4,connector_start_pose_mismatch,3.5
471,4,connector_end_pose_mismatch,3.5
472,5,connector_start_pose_mismatch,3.5
472,5,connector_end_pose_mismatch,3.5
51,3,connector_start_pose_mismatch,3.5
51,3,connector_end_pose_mismatch,3.499999
51,4,connector_end_pose_mismatch,3.5
51,7,connector_start_pose_mismatch,3.501787
473,9,connector_start_pose_mismatch,3.5
473,9,connector_end_pose_mismatch,3.5
473,13,connector_start_pose_mismatch,3.5
473,13,connector_end_pose_mismatch,3.5
474,2,connector_start_pose_mismatch,3.5
474,2,connector_end_pose_mismatch,3.5
475,4,connector_start_pose_mismatch,3.5
475,4,connector_end_pose_mismatch,3.5
475,7,connector_start_pose_mismatch,3.499999
475,7,connector_end_pose_mismatch,3.5
1045,2,connector_end_pose_mismatch,3.5
476,4,connector_start_pose_mismatch,3.5
476,4,connector_end_pose_mismatch,3.5
478,6,connector_start_pose_mismatch,3.499999
478,6,connector_end_pose_mismatch,3.5
479,3,connector_start_pose_mismatch,3.5
479,3,connector_end_pose_mismatch,3.5
479,13,connector_start_pose_mismatch,3.5
479,13,connector_end_pose_mismatch,3.5
52,0,connector_start_pose_mismatch,3.5
52,3,connector_start_pose_mismatch,3.5
52,3,connector_end_pose_mismatch,3.5
52,4,connector_start_pose_mismatch,3.5
52,6,connector_end_pose_mismatch,3.5
480,2,connector_start_pose_mismatch,3.5
480,2,connector_end_pose_mismatch,3.5
480,5,connector_start_pose_mismatch,3.5
480,5,connector_end_pose_mismatch,3.5
480,8,connector_start_pose_mismatch,3.500001
480,8,connector_end_pose_mismatch,3.499999
481,3,connector_start_pose_mismatch,3.5
481,3,connector_end_pose_mismatch,3.5
481,7,connector_start_pose_mismatch,3.5
481,7,connector_end_pose_mismatch,3.5
481,14,connector_start_pose_mismatch,3.5
481,14,connector_end_pose_mismatch,3.5
482,3,connector_start_pose_mismatch,3.5
482,3,connector_end_pose_mismatch,3.5
482,7,connector_start_pose_mismatch,3.5
482,7,connector_end_pose_mismatch,3.5
482,11,connector_start_pose_mismatch,3.5
482,11,connector_end_pose_mismatch,3.5
482,15,connector_start_pose_mismatch,3.5
482,15,connector_end_pose_mismatch,3.500001
483,2,connector_start_pose_mismatch,3.500001
483,2,connector_end_pose_mismatch,3.5
483,7,connector_start_pose_mismatch,3.5
483,7,connector_end_pose_mismatch,3.5
484,0,connector_end_pose_mismatch,3.5
485,0,connector_start_pose_mismatch,3.5
486,0,connector_start_pose_mismatch,3.500001
486,0,connector_end_pose_mismatch,3.5
486,1,connector_start_pose_mismatch,3.500001
486,3,connector_start_pose_mismatch,3.500001
486,3,connector_end_pose_mismatch,3.5
486,4,connector_start_pose_mismatch,7.0
486,5,connector_start_pose_mismatch,3.5
486,8,connector_start_pose_mismatch,3.5
486,8,connector_end_pose_mismatch,3.5
486,9,connector_start_pose_mismatch,3.5
486,9,connector_end_pose_mismatch,3.5
486,10,connector_start_pose_mismatch,3.5
486,12,connector_start_pose_mismatch,3.5
486,12,connector_end_pose_mismatch,3.5
486,13,connector_start_pose_mismatch,7.000001
486,14,connector_start_pose_mismatch,3.5
486,17,connector_start_pose_mismatch,3.5
486,17,connector_end_pose_mismatch,3.5
487,1,connector_end_pose_mismatch,3.5
488,0,connector_end_pose_mismatch,3.5
489,1,connector_end_pose_mismatch,3.5
490,0,connector_start_pose_mismatch,3.5
490,1,connector_end_pose_mismatch,3.499618
491,6,connector_start_pose_mismatch,3.5
491,6,connector_end_pose_mismatch,3.5
491,10,connector_start_pose_mismatch,3.5
491,10,connector_end_pose_mismatch,3.5
491,14,connector_start_pose_mismatch,3.5
491,14,connector_end_pose_mismatch,3.5
492,3,connector_start_pose_mismatch,3.5
492,3,connector_end_pose_mismatch,3.5
492,10,connector_start_pose_mismatch,3.5
492,10,connector_end_pose_mismatch,3.5
492,14,connector_start_pose_mismatch,3.5
492,14,connector_end_pose_mismatch,3.5
493,2,connector_start_pose_mismatch,3.5
493,2,connector_end_pose_mismatch,3.5
493,7,connector_start_pose_mismatch,3.499999
493,7,connector_end_pose_mismatch,3.5
494,2,connector_start_pose_mismatch,3.5
494,2,connector_end_pose_mismatch,3.5
494,5,connector_start_pose_mismatch,3.499999
494,5,connector_end_pose_mismatch,3.5
497,0,connector_end_pose_mismatch,3.5
497,2,connector_start_pose_mismatch,3.5
54,0,connector_end_pose_mismatch,3.5
500,9,connector_start_pose_mismatch,3.5
500,9,connector_end_pose_mismatch,3.5
503,2,connector_start_pose_mismatch,3.5
503,2,connector_end_pose_mismatch,3.5
504,4,connector_start_pose_mismatch,3.5
504,4,connector_end_pose_mismatch,3.5
504,7,connector_start_pose_mismatch,3.5
504,7,connector_end_pose_mismatch,3.5
505,3,connector_start_pose_mismatch,3.499999
505,3,connector_end_pose_mismatch,3.5
505,13,connector_start_pose_mismatch,3.5
505,13,connector_end_pose_mismatch,3.5
506,3,connector_start_pose_mismatch,3.5
506,3,connector_end_pose_mismatch,3.500001
506,4,connector_start_pose_mismatch,3.500515
506,10,connector_start_pose_mismatch,3.5
506,10,connector_end_pose_mismatch,3.5
507,8,connector_start_pose_mismatch,3.5
507,8,connector_end_pose_mismatch,3.5
55,0,connector_end_pose_mismatch,3.5
55,2,connector_start_pose_mismatch,3.5
508,0,connector_end_pose_mismatch,3.5
509,3,connector_start_pose_mismatch,3.5
509,3,connector_end_pose_mismatch,3.5
509,7,connector_start_pose_mismatch,3.5
509,7,connector_end_pose_mismatch,3.5
510,0,connector_end_pose_mismatch,3.5
510,2,connector_start_pose_mismatch,3.5
510,2,connector_end_pose_mismatch,3.5
510,5,connector_start_pose_mismatch,3.5
510,5,connector_end_pose_mismatch,3.5
510,8,connector_start_pose_mismatch,3.5
510,8,connector_end_pose_mismatch,3.5
511,6,connector_start_pose_mismatch,3.5
511,6,connector_end_pose_mismatch,3.499999
511,10,connector_start_pose_mismatch,3.5
511,10,connector_end_pose_mismatch,3.5
512,3,connector_start_pose_mismatch,3.5
512,3,connector_end_pose_mismatch,3.5
512,7,connector_start_pose_mismatch,3.5
512,7,connector_end_pose_mismatch,3.5
512,11,connector_start_pose_mismatch,3.5
512,11,connector_end_pose_mismatch,3.5
513,3,connector_start_pose_mismatch,3.5
513,3,connector_end_pose_mismatch,3.5
514,1,connector_start_pose_mismatch,3.5
514,1,connector_end_pose_mismatch,3.5
515,3,connector_start_pose_mismatch,3.5
515,3,connector_end_pose_mismatch,3.5
515,10,connector_start_pose_mismatch,3.5
515,10,connector_end_pose_mismatch,3.5
515,14,connector_start_pose_mismatch,3.500001
515,14,connector_end_pose_mismatch,3.5
516,4,connector_start_pose_mismatch,3.5
516,4,connector_end_pose_mismatch,3.5
516,7,connector_start_pose_mismatch,3.5
516,7,connector_end_pose_mismatch,3.5
517,3,connector_start_pose_mismatch,3.500001
517,3,connector_end_pose_mismatch,3.5
56,2,connector_start_pose_mismatch,3.5
56,2,connector_end_pose_mismatch,3.499999
56,5,connector_start_pose_mismatch,3.5
56,5,connector_end_pose_mismatch,3.5
56,6,connector_start_pose_mismatch,3.5
518,1,connector_start_pose_mismatch,3.5
518,1,connector_end_pose_mismatch,3.5
519,0,connector_start_pose_mismatch,7.000001
519,0,connector_end_pose_mismatch,3.5
519,1,connector_start_pose_mismatch,3.5
519,3,connector_start_pose_mismatch,3.5
519,3,connector_end_pose_mismatch,3.5
519,7,connector_start_pose_mismatch,3.499919
520,0,connector_start_pose_mismatch,3.499999
520,0,connector_end_pose_mismatch,3.5
520,3,connector_end_pose_mismatch,3.499993
520,8,connector_start_pose_mismatch,7.000001
520,8,connector_end_pose_mismatch,3.5
520,12,connector_start_pose_mismatch,3.5
520,12,connector_end_pose_mismatch,3.5
521,4,connector_start_pose_mismatch,3.5
521,4,connector_end_pose_mismatch,3.499999
521,7,connector_start_pose_mismatch,3.5
521,7,connector_end_pose_mismatch,3.5
522,2,connector_start_pose_mismatch,3.500001
522,2,connector_end_pose_mismatch,3.499999
522,5,connector_start_pose_mismatch,3.5
522,5,connector_end_pose_mismatch,3.5
523,4,connector_start_pose_mismatch,3.5
523,4,connector_end_pose_mismatch,3.5
524,2,connector_start_pose_mismatch,3.5
524,2,connector_end_pose_mismatch,3.5
524,5,connector_start_pose_mismatch,3.5
524,5,connector_end_pose_mismatch,3.5
524,8,connector_start_pose_mismatch,3.5
524,8,connector_end_pose_mismatch,3.5
525,0,connector_start_pose_mismatch,3.500001
525,0,connector_end_pose_mismatch,3.499999
57,1,connector_start_pose_mismatch,3.5
526,2,connector_start_pose_mismatch,3.5
526,2,connector_end_pose_mismatch,3.5
526,5,connector_start_pose_mismatch,3.5
526,5,connector_end_pose_mismatch,3.5
526,8,connector_start_pose_mismatch,3.500001
526,8,connector_end_pose_mismatch,3.5
527,3,connector_start_pose_mismatch,3.5
527,3,connector_end_pose_mismatch,3.5
527,7,connector_start_pose_mismatch,3.500001
527,7,connector_end_pose_mismatch,3.499999
527,14,connector_start_pose_mismatch,3.499999
527,14,connector_end_pose_mismatch,3.5
528,2,connector_start_pose_mismatch,3.5
528,2,connector_end_pose_mismatch,3.5
528,5,connector_start_pose_mismatch,3.500001
528,5,connector_end_pose_mismatch,3.5
528,8,connector_start_pose_mismatch,3.5
528,8,connector_end_pose_mismatch,3.5
529,2,connector_start_pose_mismatch,3.5
529,2,connector_end_pose_mismatch,3.499999
529,5,connector_start_pose_mismatch,3.5
529,5,connector_end_pose_mismatch,3.5
529,8,connector_start_pose_mismatch,3.5
529,8,connector_end_pose_mismatch,3.499999
534,1,connector_start_pose_mismatch,3.5
534,1,connector_end_pose_mismatch,3.5
534,3,connector_start_pose_mismatch,3.5
534,3,connector_end_pose_mismatch,3.5
6,2,connector_end_pose_mismatch,3.5
58,3,connector_start_pose_mismatch,3.5
58,3,connector_end_pose_mismatch,3.5
58,5,connector_start_pose_mismatch,3.500001
58,5,connector_end_pose_mismatch,3.5
535,0,connector_start_pose_mismatch,3.500001
535,0,connector_end_pose_mismatch,3.5
536,1,connector_start_pose_mismatch,3.5
536,1,connector_end_pose_mismatch,3.500001
537,0,connector_start_pose_mismatch,3.500001
537,0,connector_end_pose_mismatch,3.499999
538,4,connector_start_pose_mismatch,3.499999
538,4,connector_end_pose_mismatch,3.5
538,7,connector_start_pose_mismatch,3.5
538,7,connector_end_pose_mismatch,3.5
539,2,connector_start_pose_mismatch,3.5
539,2,connector_end_pose_mismatch,3.5
539,5,connector_start_pose_mismatch,3.5
539,5,connector_end_pose_mismatch,3.5
540,0,connector_start_pose_mismatch,3.5
540,0,connector_end_pose_mismatch,3.499999
541,2,connector_start_pose_mismatch,3.5
541,2,connector_end_pose_mismatch,3.5
541,5,connector_start_pose_mismatch,3.5
541,5,connector_end_pose_mismatch,3.5
542,3,connector_start_pose_mismatch,3.499671
542,4,connector_start_pose_mismatch,3.499671
542,6,connector_end_pose_mismatch,7.000006
542,9,connector_end_pose_mismatch,3.500003
59,2,connector_start_pose_mismatch,3.5
59,2,connector_end_pose_mismatch,3.5
59,5,connector_end_pose_mismatch,3.500001
59,7,connector_start_pose_mismatch,3.5
59,7,connector_end_pose_mismatch,3.5
543,3,connector_start_pose_mismatch,3.5
543,3,connector_end_pose_mismatch,3.5
543,7,connector_start_pose_mismatch,3.5
543,7,connector_end_pose_mismatch,3.5
543,11,connector_start_pose_mismatch,3.500001
543,11,connector_end_pose_mismatch,3.5
544,2,connector_start_pose_mismatch,3.5
544,2,connector_end_pose_mismatch,3.5
544,5,connector_start_pose_mismatch,3.5
544,5,connector_end_pose_mismatch,3.5
548,1,connector_end_pose_mismatch,3.5
688,0,connector_end_pose_mismatch,3.5
549,2,connector_start_pose_mismatch,3.5
549,2,connector_end_pose_mismatch,3.5
60,1,connector_start_pose_mismatch,3.5
60,1,connector_end_pose_mismatch,3.5
60,3,connector_start_pose_mismatch,3.5
60,3,connector_end_pose_mismatch,3.500001
60,4,connector_end_pose_mismatch,3.500001
551,3,connector_start_pose_mismatch,3.5
551,3,connector_end_pose_mismatch,3.5
551,7,connector_start_pose_mismatch,3.5
551,7,connector_end_pose_mismatch,3.5
551,11,connector_start_pose_mismatch,3.500001
551,11,connector_end_pose_mismatch,3.499999
552,2,connector_start_pose_mismatch,3.500001
552,2,connector_end_pose_mismatch,3.5
552,5,connector_start_pose_mismatch,3.499999
552,5,connector_end_pose_mismatch,3.5
553,6,connector_start_pose_mismatch,3.499999
553,6,connector_end_pose_mismatch,3.5
553,10,connector_start_pose_mismatch,3.500001
553,10,connector_end_pose_mismatch,3.5
553,14,connector_start_pose_mismatch,3.5
553,14,connector_end_pose_mismatch,3.5
554,2,connector_start_pose_mismatch,3.500001
554,2,connector_end_pose_mismatch,3.5
554,7,connector_start_pose_mismatch,3.5
554,7,connector_end_pose_mismatch,3.5
555,0,connector_start_pose_mismatch,3.5
555,3,connector_end_pose_mismatch,3.5
555,4,connector_start_pose_mismatch,3.5
555,4,connector_end_pose_mismatch,3.5
556,4,connector_start_pose_mismatch,3.499999
556,4,connector_end_pose_mismatch,3.500001
557,2,connector_start_pose_mismatch,3.5
557,2,connector_end_pose_mismatch,3.5
557,5,connector_start_pose_mismatch,3.5
557,5,connector_end_pose_mismatch,3.5
557,8,connector_start_pose_mismatch,3.5
557,8,connector_end_pose_mismatch,3.5
558,0,connector_end_pose_mismatch,3.5
558,1,connector_start_pose_mismatch,3.5
558,1,connector_end_pose_mismatch,3.5
558,2,connector_start_pose_mismatch,3.5
559,6,connector_start_pose_mismatch,3.499999
559,6,connector_end_pose_mismatch,3.5
565,6,connector_start_pose_mismatch,3.499999
565,6,connector_end_pose_mismatch,3.5
566,12,connector_start_pose_mismatch,3.5
566,12,connector_end_pose_mismatch,3.5
568,2,connector_start_pose_mismatch,3.500001
568,2,connector_end_pose_mismatch,3.5
568,7,connector_start_pose_mismatch,3.5
568,7,connector_end_pose_mismatch,3.5
62,3,connector_start_pose_mismatch,3.5
62,3,connector_end_pose_mismatch,3.5
62,4,connector_end_pose_mismatch,3.5
62,6,connector_start_pose_mismatch,3.5
62,9,connector_start_pose_mismatch,3.5
62,9,connector_end_pose_mismatch,3.5
569,6,connector_start_pose_mismatch,3.5
569,6,connector_end_pose_mismatch,3.5
570,2,connector_start_pose_mismatch,3.5
570,2,connector_end_pose_mismatch,3.5
572,0,connector_end_pose_mismatch,3.5
573,0,connector_start_pose_mismatch,3.5
573,1,connector_start_pose_mismatch,3.5
573,3,connector_start_pose_mismatch,3.5
573,3,connector_end_pose_mismatch,3.499999
573,4,connector_start_pose_mismatch,3.5
573,5,connector_start_pose_mismatch,3.5
573,7,connector_start_pose_mismatch,3.5
573,7,connector_end_pose_mismatch,3.5
573,8,connector_start_pose_mismatch,3.5
573,9,connector_start_pose_mismatch,3.5
573,14,connector_start_pose_mismatch,3.5
573,14,connector_end_pose_mismatch,3.5
574,0,connector_end_pose_mismatch,3.5
575,0,connector_end_pose_mismatch,3.500002
575,4,connector_end_pose_mismatch,3.5
576,2,connector_start_pose_mismatch,3.5
576,2,connector_end_pose_mismatch,3.5
576,3,connector_start_pose_mismatch,3.499989
577,1,connector_end_pose_mismatch,3.5
577,4,connector_start_pose_mismatch,3.5
577,4,connector_end_pose_mismatch,3.499999
578,0,connector_end_pose_mismatch,3.5
581,2,connector_start_pose_mismatch,3.499999
581,2,connector_end_pose_mismatch,3.500001
581,7,connector_start_pose_mismatch,3.500001
581,7,connector_end_pose_mismatch,3.5
582,3,connector_start_pose_mismatch,3.499999
582,3,connector_end_pose_mismatch,3.5
583,10,connector_start_pose_mismatch,3.5
583,10,connector_end_pose_mismatch,3.499999
583,14,connector_start_pose_mismatch,3.5
583,14,connector_end_pose_mismatch,3.5
64,2,connector_start_pose_mismatch,3.5
64,2,connector_end_pose_mismatch,3.5
64,5,connector_start_pose_mismatch,3.5
64,5,connector_end_pose_mismatch,3.5
587,6,connector_start_pose_mismatch,3.5
587,6,connector_end_pose_mismatch,3.5
587,10,connector_start_pose_mismatch,3.499999
587,10,connector_end_pose_mismatch,3.5
587,14,connector_start_pose_mismatch,3.5
587,14,connector_end_pose_mismatch,3.499999
588,2,connector_start_pose_mismatch,3.5
588,2,connector_end_pose_mismatch,3.5
588,5,connector_start_pose_mismatch,3.5
588,5,connector_end_pose_mismatch,3.5
588,8,connector_start_pose_mismatch,3.5
588,8,connector_end_pose_mismatch,3.5
589,3,connector_start_pose_mismatch,3.500001
589,3,connector_end_pose_mismatch,3.5
589,7,connector_start_pose_mismatch,3.5
589,7,connector_end_pose_mismatch,3.5
589,11,connector_start_pose_mismatch,3.5
589,11,connector_end_pose_mismatch,3.5
589,15,connector_start_pose_mismatch,3.5
589,15,connector_end_pose_mismatch,3.5
590,0,connector_start_pose_mismatch,3.5
590,0,connector_end_pose_mismatch,3.5
591,2,connector_start_pose_mismatch,3.5
591,2,connector_end_pose_mismatch,3.5
591,5,connector_start_pose_mismatch,3.5
591,5,connector_end_pose_mismatch,3.5
591,8,connector_start_pose_mismatch,3.5
591,8,connector_end_pose_mismatch,3.5
592,2,connector_start_pose_mismatch,3.5
592,2,connector_end_pose_mismatch,3.5
592,5,connector_start_pose_mismatch,3.5
592,5,connector_end_pose_mismatch,3.5
592,8,connector_start_pose_mismatch,3.5
592,8,connector_end_pose_mismatch,3.5
593,0,connector_start_pose_mismatch,3.5
593,0,connector_end_pose_mismatch,3.5
65,3,connector_start_pose_mismatch,3.5
65,3,connector_end_pose_mismatch,3.5
65,7,connector_start_pose_mismatch,3.5
65,7,connector_end_pose_mismatch,3.5
65,11,connector_start_pose_mismatch,3.5
65,11,connector_end_pose_mismatch,3.5
65,15,connector_start_pose_mismatch,3.5
65,15,connector_end_pose_mismatch,3.5
594,2,connector_start_pose_mismatch,3.5
594,2,connector_end_pose_mismatch,3.5
594,5,connector_start_pose_mismatch,3.5
594,5,connector_end_pose_mismatch,3.500001
594,8,connector_start_pose_mismatch,3.5
594,8,connector_end_pose_mismatch,3.5
595,4,connector_start_pose_mismatch,3.500001
595,4,connector_end_pose_mismatch,3.5
597,2,connector_start_pose_mismatch,3.500001
597,2,connector_end_pose_mismatch,3.499999
597,5,connector_start_pose_mismatch,3.5
597,5,connector_end_pose_mismatch,3.5
597,8,connector_start_pose_mismatch,3.499999
597,8,connector_end_pose_mismatch,3.5
598,0,connector_start_pose_mismatch,3.5
598,0,connector_end_pose_mismatch,3.499999
599,2,connector_start_pose_mismatch,3.5
599,2,connector_end_pose_mismatch,3.5
599,3,connector_start_pose_mismatch,3.5
599,7,connector_start_pose_mismatch,3.5
599,7,connector_end_pose_mismatch,3.500001
600,1,connector_end_pose_mismatch,3.5
601,1,connector_end_pose_mismatch,3.5
602,6,connector_start_pose_mismatch,3.5
602,6,connector_end_pose_mismatch,3.5
603,2,connector_start_pose_mismatch,3.499999
603,2,connector_end_pose_mismatch,3.500001
603,5,connector_start_pose_mismatch,3.5
603,5,connector_end_pose_mismatch,3.500001
603,8,connector_start_pose_mismatch,3.5
603,8,connector_end_pose_mismatch,3.5
66,2,connector_start_pose_mismatch,3.5
66,2,connector_end_pose_mismatch,3.5
66,5,connector_start_pose_mismatch,3.5
66,5,connector_end_pose_mismatch,3.5
604,2,connector_start_pose_mismatch,3.5
604,2,connector_end_pose_mismatch,3.5
604,7,connector_start_pose_mismatch,3.5
604,7,connector_end_pose_mismatch,3.5
605,3,connector_start_pose_mismatch,3.499999
605,3,connector_end_pose_mismatch,3.5
605,7,connector_start_pose_mismatch,3.5
605,7,connector_end_pose_mismatch,3.5
605,14,connector_start_pose_mismatch,3.500001
605,14,connector_end_pose_mismatch,3.5
606,2,connector_start_pose_mismatch,3.5
606,2,connector_end_pose_mismatch,3.5
606,7,connector_start_pose_mismatch,3.5
606,7,connector_end_pose_mismatch,3.5
607,2,connector_start_pose_mismatch,3.5
607,2,connector_end_pose_mismatch,3.5
607,5,connector_start_pose_mismatch,3.5
607,5,connector_end_pose_mismatch,3.500001
608,2,connector_start_pose_mismatch,3.5
608,2,connector_end_pose_mismatch,3.5
608,7,connector_start_pose_mismatch,3.5
608,7,connector_end_pose_mismatch,3.5
609,4,connector_start_pose_mismatch,3.5
609,4,connector_end_pose_mismatch,3.5
609,7,connector_start_pose_mismatch,3.5
609,7,connector_end_pose_mismatch,3.5
610,3,connector_start_pose_mismatch,3.5
610,3,connector_end_pose_mismatch,3.5
612,6,connector_start_pose_mismatch,3.5
612,6,connector_end_pose_mismatch,3.5
67,2,connector_start_pose_mismatch,3.499999
67,2,connector_end_pose_mismatch,3.500001
67,3,connector_start_pose_mismatch,3.5
67,5,connector_start_pose_mismatch,3.500001
67,5,connector_end_pose_mismatch,3.499999
67,8,connector_start_pose_mismatch,3.5
67,8,connector_end_pose_mismatch,3.500001
613,2,connector_start_pose_mismatch,3.5
613,2,connector_end_pose_mismatch,3.500001
614,6,connector_start_pose_mismatch,3.5
614,6,connector_end_pose_mismatch,3.499999
615,7,connector_start_pose_mismatch,3.5
615,7,connector_end_pose_mismatch,3.5
616,4,connector_start_pose_mismatch,3.500008
616,5,connector_start_pose_mismatch,3.500008
616,11,connector_start_pose_mismatch,3.500001
616,11,connector_end_pose_mismatch,3.499999
616,12,connector_start_pose_mismatch,7.0
616,13,connector_start_pose_mismatch,3.5
616,15,connector_start_pose_mismatch,3.5
616,15,connector_end_pose_mismatch,3.5
617,2,connector_start_pose_mismatch,3.500001
617,2,connector_end_pose_mismatch,3.5
617,5,connector_start_pose_mismatch,3.5
617,5,connector_end_pose_mismatch,3.5
619,4,connector_start_pose_mismatch,3.500001
619,4,connector_end_pose_mismatch,3.499999
620,6,connector_start_pose_mismatch,3.5
620,6,connector_end_pose_mismatch,3.5
621,1,connector_end_pose_mismatch,3.5
7,0,connector_start_pose_mismatch,3.5
7,1,connector_start_pose_mismatch,3.5
622,0,connector_start_pose_mismatch,3.5
622,0,connector_end_pose_mismatch,3.5
623,10,connector_start_pose_mismatch,3.499999
623,10,connector_end_pose_mismatch,3.500001
624,2,connector_start_pose_mismatch,3.5
624,2,connector_end_pose_mismatch,3.5
624,5,connector_start_pose_mismatch,3.500001
624,5,connector_end_pose_mismatch,3.5
624,8,connector_start_pose_mismatch,3.5
624,8,connector_end_pose_mismatch,3.5
625,0,connector_end_pose_mismatch,3.5
625,4,connector_start_pose_mismatch,3.5
625,4,connector_end_pose_mismatch,3.5
626,0,connector_start_pose_mismatch,3.5
626,1,connector_start_pose_mismatch,3.5
626,3,connector_start_pose_mismatch,3.5
626,3,connector_end_pose_mismatch,3.5
626,14,connector_start_pose_mismatch,3.5
626,14,connector_end_pose_mismatch,3.5
627,2,connector_start_pose_mismatch,3.500001
627,2,connector_end_pose_mismatch,3.5
627,7,connector_start_pose_mismatch,3.499999
627,7,connector_end_pose_mismatch,3.5
628,2,connector_start_pose_mismatch,3.500001
628,2,connector_end_pose_mismatch,3.5
628,5,connector_start_pose_mismatch,3.5
628,5,connector_end_pose_mismatch,3.5
628,8,connector_start_pose_mismatch,3.499999
628,8,connector_end_pose_mismatch,3.5
629,2,connector_start_pose_mismatch,3.500001
629,2,connector_end_pose_mismatch,3.499999
629,7,connector_start_pose_mismatch,3.5
629,7,connector_end_pose_mismatch,3.5
630,0,connector_end_pose_mismatch,3.5
631,0,connector_start_pose_mismatch,3.5
631,1,connector_start_pose_mismatch,3.5
631,4,connector_start_pose_mismatch,3.499999
631,5,connector_start_pose_mismatch,3.499999
631,7,connector_start_pose_mismatch,3.5
631,7,connector_end_pose_mismatch,3.5
631,8,connector_start_pose_mismatch,3.5
631,9,connector_start_pose_mismatch,3.5
631,12,connector_start_pose_mismatch,3.5
631,13,connector_start_pose_mismatch,3.5
631,15,connector_start_pose_mismatch,3.5
631,15,connector_end_pose_mismatch,3.5
632,1,connector_end_pose_mismatch,3.5
633,2,connector_start_pose_mismatch,3.500001
633,2,connector_end_pose_mismatch,3.5
633,5,connector_start_pose_mismatch,3.5
633,5,connector_end_pose_mismatch,3.5
633,8,connector_start_pose_mismatch,3.499999
633,8,connector_end_pose_mismatch,3.5
634,2,connector_start_pose_mismatch,3.5
634,2,connector_end_pose_mismatch,3.5
635,6,connector_start_pose_mismatch,3.5
635,6,connector_end_pose_mismatch,3.5
271,6,connector_start_pose_mismatch,3.5
271,6,connector_end_pose_mismatch,3.499999
636,3,connector_start_pose_mismatch,3.5
636,3,connector_end_pose_mismatch,3.5
636,7,connector_start_pose_mismatch,3.499999
636,7,connector_end_pose_mismatch,3.5
636,14,connector_start_pose_mismatch,3.5
636,14,connector_end_pose_mismatch,3.5
637,6,connector_start_pose_mismatch,3.5
637,6,connector_end_pose_mismatch,3.500001
638,2,connector_start_pose_mismatch,3.5
638,2,connector_end_pose_mismatch,3.5
639,10,connector_start_pose_mismatch,3.5
639,10,connector_end_pose_mismatch,3.499999
639,11,connector_start_pose_mismatch,3.500014
639,12,connector_start_pose_mismatch,3.500014
640,5,connector_start_pose_mismatch,3.5
640,5,connector_end_pose_mismatch,3.5
640,8,connector_start_pose_mismatch,3.5
640,8,connector_end_pose_mismatch,3.5
641,2,connector_start_pose_mismatch,3.499999
641,2,connector_end_pose_mismatch,3.5
641,5,connector_start_pose_mismatch,3.5
641,5,connector_end_pose_mismatch,3.5
641,8,connector_start_pose_mismatch,3.500001
641,8,connector_end_pose_mismatch,3.499999
642,0,connector_start_pose_mismatch,3.5
642,0,connector_end_pose_mismatch,3.500001
643,2,connector_start_pose_mismatch,3.499999
643,2,connector_end_pose_mismatch,3.5
643,8,connector_start_pose_mismatch,3.5
643,8,connector_end_pose_mismatch,3.5
644,2,connector_start_pose_mismatch,3.500001
644,2,connector_end_pose_mismatch,3.5
644,7,connector_start_pose_mismatch,3.5
644,7,connector_end_pose_mismatch,3.5
645,0,connector_start_pose_mismatch,3.5
645,0,connector_end_pose_mismatch,3.5
646,4,connector_start_pose_mismatch,3.5
646,4,connector_end_pose_mismatch,3.500001
647,2,connector_start_pose_mismatch,3.5
647,2,connector_end_pose_mismatch,3.5
647,5,connector_start_pose_mismatch,3.499999
647,5,connector_end_pose_mismatch,3.5
647,8,connector_start_pose_mismatch,3.5
647,8,connector_end_pose_mismatch,3.5
649,2,connector_start_pose_mismatch,3.5
649,2,connector_end_pose_mismatch,3.5
649,5,connector_start_pose_mismatch,3.5
649,5,connector_end_pose_mismatch,3.5
650,3,connector_start_pose_mismatch,3.499999
650,3,connector_end_pose_mismatch,3.5
650,7,connector_start_pose_mismatch,3.5
650,7,connector_end_pose_mismatch,3.5
651,0,connector_end_pose_mismatch,3.5
651,1,connector_start_pose_mismatch,3.5
651,1,connector_end_pose_mismatch,3.5
651,2,connector_start_pose_mismatch,3.5
652,4,connector_start_pose_mismatch,3.5
652,4,connector_end_pose_mismatch,3.5
654,3,connector_start_pose_mismatch,3.5
654,3,connector_end_pose_mismatch,3.5
654,7,connector_start_pose_mismatch,3.500001
654,7,connector_end_pose_mismatch,3.5
655,0,connector_start_pose_mismatch,3.500001
655,3,connector_end_pose_mismatch,3.5
655,4,connector_start_pose_mismatch,3.499999
655,4,connector_end_pose_mismatch,3.500001
656,2,connector_start_pose_mismatch,3.5
656,2,connector_end_pose_mismatch,3.5
656,7,connector_start_pose_mismatch,3.5
656,7,connector_end_pose_mismatch,3.5
658,3,connector_start_pose_mismatch,3.5
658,3,connector_end_pose_mismatch,3.5
68,6,connector_start_pose_mismatch,3.500001
68,6,connector_end_pose_mismatch,3.5
661,5,connector_start_pose_mismatch,3.499999
661,5,connector_end_pose_mismatch,3.5
663,2,connector_start_pose_mismatch,3.5
663,2,connector_end_pose_mismatch,3.5
663,11,connector_start_pose_mismatch,3.5
663,11,connector_end_pose_mismatch,3.500001
666,0,connector_start_pose_mismatch,3.499999
666,0,connector_end_pose_mismatch,3.5
667,3,connector_start_pose_mismatch,3.5
667,3,connector_end_pose_mismatch,3.5
69,0,connector_start_pose_mismatch,3.5
69,0,connector_end_pose_mismatch,3.5
670,1,connector_start_pose_mismatch,3.5
670,1,connector_end_pose_mismatch,3.499999
673,2,connector_start_pose_mismatch,3.5
673,2,connector_end_pose_mismatch,3.5
673,5,connector_start_pose_mismatch,3.499999
673,5,connector_end_pose_mismatch,3.500001
674,2,connector_start_pose_mismatch,3.499999
674,2,connector_end_pose_mismatch,3.500001
674,5,connector_start_pose_mismatch,3.499999
674,5,connector_end_pose_mismatch,3.500001
674,6,connector_start_pose_mismatch,3.5
675,3,connector_start_pose_mismatch,3.499999
675,3,connector_end_pose_mismatch,3.500001
676,8,connector_start_pose_mismatch,3.5
676,8,connector_end_pose_mismatch,3.5
677,4,connector_start_pose_mismatch,3.5
677,4,connector_end_pose_mismatch,3.499999
678,1,connector_start_pose_mismatch,3.5
678,1,connector_end_pose_mismatch,3.5
3122,2,connector_start_pose_mismatch,3.5
3122,2,connector_end_pose_mismatch,3.5
679,3,connector_start_pose_mismatch,3.5
679,3,connector_end_pose_mismatch,3.5
680,7,connector_start_pose_mismatch,3.5
680,7,connector_end_pose_mismatch,3.5
2820,3,connector_start_pose_mismatch,3.499999
2820,3,connector_end_pose_mismatch,3.5
684,2,connector_start_pose_mismatch,3.499999
684,2,connector_end_pose_mismatch,3.5
684,5,connector_start_pose_mismatch,3.2
684,5,connector_end_pose_mismatch,3.5
70,2,connector_start_pose_mismatch,3.500001
70,2,connector_end_pose_mismatch,3.5
319,2,connector_start_pose_mismatch,3.499999
319,2,connector_end_pose_mismatch,3.5
319,5,connector_start_pose_mismatch,3.5
319,5,connector_end_pose_mismatch,3.5
319,8,connector_start_pose_mismatch,3.5
319,8,connector_end_pose_mismatch,3.5
685,0,connector_start_pose_mismatch,3.5
686,0,connector_end_pose_mismatch,3.5
687,3,connector_start_pose_mismatch,3.499999
687,3,connector_end_pose_mismatch,3.500001
689,3,connector_start_pose_mismatch,3.5
689,3,connector_end_pose_mismatch,3.5
689,4,connector_end_pose_mismatch,3.5
689,6,connector_start_pose_mismatch,3.5
689,6,connector_end_pose_mismatch,3.5
689,7,connector_start_pose_mismatch,3.5
689,10,connector_start_pose_mismatch,3.5
689,10,connector_end_pose_mismatch,3.5
690,0,connector_end_pose_mismatch,3.499999
691,3,connector_start_pose_mismatch,3.5
691,7,connector_start_pose_mismatch,3.499999
691,7,connector_end_pose_mismatch,3.5
692,2,connector_start_pose_mismatch,3.5
692,2,connector_end_pose_mismatch,3.5
692,5,connector_start_pose_mismatch,3.5
692,5,connector_end_pose_mismatch,3.5
692,8,connector_start_pose_mismatch,3.5
692,8,connector_end_pose_mismatch,3.5
693,4,connector_start_pose_mismatch,3.5
693,4,connector_end_pose_mismatch,3.5
71,2,connector_end_pose_mismatch,3.499986
71,4,connector_start_pose_mismatch,3.5
71,4,connector_end_pose_mismatch,3.5
71,5,connector_start_pose_mismatch,3.5
71,7,connector_start_pose_mismatch,3.5
71,7,connector_end_pose_mismatch,3.5
695,2,connector_start_pose_mismatch,3.5
695,2,connector_end_pose_mismatch,3.5
696,9,connector_start_pose_mismatch,3.500001
696,9,connector_end_pose_mismatch,3.5
697,2,connector_start_pose_mismatch,3.5
697,2,connector_end_pose_mismatch,3.5
698,6,connector_start_pose_mismatch,3.5
698,6,connector_end_pose_mismatch,3.499999
699,3,connector_start_pose_mismatch,3.5
699,3,connector_end_pose_mismatch,3.5
699,13,connector_start_pose_mismatch,3.5
699,13,connector_end_pose_mismatch,3.5
700,2,connector_start_pose_mismatch,3.5
700,2,connector_end_pose_mismatch,3.499999
700,5,connector_start_pose_mismatch,3.5
700,5,connector_end_pose_mismatch,3.5
701,4,connector_start_pose_mismatch,3.5
701,4,connector_end_pose_mismatch,3.5
702,9,connector_start_pose_mismatch,3.5
702,9,connector_end_pose_mismatch,3.5
704,6,connector_start_pose_mismatch,3.5
704,6,connector_end_pose_mismatch,3.5
705,2,connector_start_pose_mismatch,3.5
705,2,connector_end_pose_mismatch,3.5
705,5,connector_start_pose_mismatch,3.5
705,5,connector_end_pose_mismatch,3.5
705,8,connector_start_pose_mismatch,3.5
705,8,connector_end_pose_mismatch,3.5
706,2,connector_start_pose_mismatch,3.5
706,2,connector_end_pose_mismatch,3.5
707,4,connector_start_pose_mismatch,3.5
707,4,connector_end_pose_mismatch,3.5
708,2,connector_start_pose_mismatch,3.5
708,2,connector_end_pose_mismatch,3.5
708,7,connector_start_pose_mismatch,3.5
708,7,connector_end_pose_mismatch,3.5
709,3,connector_start_pose_mismatch,3.5
709,3,connector_end_pose_mismatch,3.5
709,10,connector_start_pose_mismatch,3.5
709,10,connector_end_pose_mismatch,3.5
713,6,connector_start_pose_mismatch,3.5
713,6,connector_end_pose_mismatch,3.5
714,4,connector_start_pose_mismatch,3.500001
714,4,connector_end_pose_mismatch,3.499999
8,2,connector_start_pose_mismatch,7.0
8,2,connector_end_pose_mismatch,3.500001
8,3,connector_start_pose_mismatch,3.5
72,6,connector_start_pose_mismatch,3.5
72,6,connector_end_pose_mismatch,3.5
72,10,connector_start_pose_mismatch,3.5
72,10,connector_end_pose_mismatch,3.5
72,14,connector_start_pose_mismatch,3.5
72,14,connector_end_pose_mismatch,3.5
715,6,connector_start_pose_mismatch,3.500001
715,6,connector_end_pose_mismatch,3.5
716,0,connector_end_pose_mismatch,3.500003
716,2,connector_start_pose_mismatch,3.5
717,0,connector_start_pose_mismatch,3.500001
717,6,connector_end_pose_mismatch,3.500001
717,8,connector_start_pose_mismatch,3.5
717,8,connector_end_pose_mismatch,3.5
718,4,connector_start_pose_mismatch,3.5
718,4,connector_end_pose_mismatch,3.500001
719,0,connector_end_pose_mismatch,3.499999
720,6,connector_start_pose_mismatch,3.5
720,6,connector_end_pose_mismatch,3.5
721,2,connector_start_pose_mismatch,3.5
721,2,connector_end_pose_mismatch,3.5
721,7,connector_start_pose_mismatch,3.5
721,7,connector_end_pose_mismatch,3.5
722,0,connector_start_pose_mismatch,3.5
722,3,connector_start_pose_mismatch,3.5
722,3,connector_end_pose_mismatch,3.5
722,7,connector_end_pose_mismatch,3.5
722,9,connector_start_pose_mismatch,3.5
722,9,connector_end_pose_mismatch,3.5
723,4,connector_start_pose_mismatch,3.500001
723,4,connector_end_pose_mismatch,3.5
73,2,connector_start_pose_mismatch,3.5
73,2,connector_end_pose_mismatch,3.5
73,5,connector_start_pose_mismatch,3.5
73,5,connector_end_pose_mismatch,3.5
73,8,connector_start_pose_mismatch,3.499999
73,8,connector_end_pose_mismatch,3.5
725,2,connector_start_pose_mismatch,3.5
725,2,connector_end_pose_mismatch,3.5
727,4,connector_start_pose_mismatch,3.5
727,4,connector_end_pose_mismatch,3.5
730,1,connector_start_pose_mismatch,3.500001
730,1,connector_end_pose_mismatch,3.5
731,4,connector_start_pose_mismatch,3.5
731,4,connector_end_pose_mismatch,3.5
731,7,connector_start_pose_mismatch,3.5
731,7,connector_end_pose_mismatch,3.5
74,2,connector_start_pose_mismatch,3.5
74,2,connector_end_pose_mismatch,3.5
74,7,connector_start_pose_mismatch,3.5
74,7,connector_end_pose_mismatch,3.5
732,3,connector_start_pose_mismatch,3.500001
732,3,connector_end_pose_mismatch,3.5
732,11,connector_start_pose_mismatch,3.5
732,11,connector_end_pose_mismatch,3.5
733,3,connector_start_pose_mismatch,3.500001
733,3,connector_end_pose_mismatch,3.5
733,7,connector_start_pose_mismatch,3.5
733,7,connector_end_pose_mismatch,3.5
734,3,connector_start_pose_mismatch,3.5
734,3,connector_end_pose_mismatch,3.5
734,10,connector_start_pose_mismatch,3.5
734,10,connector_end_pose_mismatch,3.5
735,6,connector_start_pose_mismatch,3.5
735,6,connector_end_pose_mismatch,3.5
736,2,connector_start_pose_mismatch,3.5
736,2,connector_end_pose_mismatch,3.5
737,6,connector_start_pose_mismatch,3.500001
737,6,connector_end_pose_mismatch,3.5
738,2,connector_start_pose_mismatch,3.500001
738,2,connector_end_pose_mismatch,3.5
738,5,connector_start_pose_mismatch,3.5
738,5,connector_end_pose_mismatch,3.5
739,2,connector_start_pose_mismatch,3.5
739,2,connector_end_pose_mismatch,3.5
740,0,connector_start_pose_mismatch,3.5
740,0,connector_end_pose_mismatch,3.5
741,2,connector_start_pose_mismatch,3.5
741,2,connector_end_pose_mismatch,3.5
741,5,connector_start_pose_mismatch,3.5
741,5,connector_end_pose_mismatch,3.5
742,6,connector_start_pose_mismatch,3.499999
742,6,connector_end_pose_mismatch,3.5
744,6,connector_start_pose_mismatch,3.5
744,6,connector_end_pose_mismatch,3.5
748,2,connector_start_pose_mismatch,3.5
748,2,connector_end_pose_mismatch,3.5
748,7,connector_start_pose_mismatch,3.5
748,7,connector_end_pose_mismatch,3.5
750,1,connector_start_pose_mismatch,3.5
750,1,connector_end_pose_mismatch,3.5
751,2,connector_start_pose_mismatch,3.499999
751,2,connector_end_pose_mismatch,3.5
751,5,connector_start_pose_mismatch,3.5
751,5,connector_end_pose_mismatch,3.5
751,8,connector_start_pose_mismatch,3.5
751,8,connector_end_pose_mismatch,3.5
752,2,connector_start_pose_mismatch,3.500001
752,2,connector_end_pose_mismatch,3.5
752,5,connector_start_pose_mismatch,3.5
752,5,connector_end_pose_mismatch,3.5
753,3,connector_start_pose_mismatch,3.5
753,3,connector_end_pose_mismatch,3.5
755,2,connector_start_pose_mismatch,3.5
755,2,connector_end_pose_mismatch,3.5
755,3,connector_end_pose_mismatch,3.5
760,3,connector_start_pose_mismatch,3.500001
760,3,connector_end_pose_mismatch,3.5
761,0,connector_start_pose_mismatch,3.499999
761,0,connector_end_pose_mismatch,3.5
943,4,connector_start_pose_mismatch,3.5
943,4,connector_end_pose_mismatch,3.5
943,7,connector_start_pose_mismatch,3.5
943,7,connector_end_pose_mismatch,3.5
762,0,connector_end_pose_mismatch,3.500004
764,4,connector_start_pose_mismatch,3.5
764,4,connector_end_pose_mismatch,3.5
765,4,connector_start_pose_mismatch,3.499999
765,4,connector_end_pose_mismatch,3.500001
766,4,connector_start_pose_mismatch,3.5
766,4,connector_end_pose_mismatch,3.5
767,4,connector_start_pose_mismatch,3.5
767,4,connector_end_pose_mismatch,3.5
768,2,connector_start_pose_mismatch,3.5
768,2,connector_end_pose_mismatch,3.5
768,5,connector_start_pose_mismatch,3.5
768,5,connector_end_pose_mismatch,3.5
769,2,connector_start_pose_mismatch,3.5
769,2,connector_end_pose_mismatch,3.5
769,5,connector_start_pose_mismatch,3.5
769,5,connector_end_pose_mismatch,3.5
769,8,connector_start_pose_mismatch,3.5
769,8,connector_end_pose_mismatch,3.5
770,13,connector_start_pose_mismatch,3.5
770,13,connector_end_pose_mismatch,3.5
76,1,connector_start_pose_mismatch,3.5
76,1,connector_end_pose_mismatch,3.5
772,4,connector_start_pose_mismatch,3.5
772,4,connector_end_pose_mismatch,3.5
773,4,connector_start_pose_mismatch,3.5
773,4,connector_end_pose_mismatch,3.5
773,7,connector_start_pose_mismatch,3.5
773,7,connector_end_pose_mismatch,3.5
774,2,connector_start_pose_mismatch,3.5
774,2,connector_end_pose_mismatch,3.5
774,7,connector_start_pose_mismatch,3.500001
774,7,connector_end_pose_mismatch,3.499999
777,4,connector_start_pose_mismatch,3.5
777,4,connector_end_pose_mismatch,3.5
777,7,connector_start_pose_mismatch,3.5
777,7,connector_end_pose_mismatch,3.5
778,2,connector_start_pose_mismatch,3.500001
778,2,connector_end_pose_mismatch,3.499999
77,2,connector_start_pose_mismatch,3.500001
77,2,connector_end_pose_mismatch,3.5
77,5,connector_start_pose_mismatch,3.5
77,5,connector_end_pose_mismatch,3.5
77,11,connector_start_pose_mismatch,3.500001
77,11,connector_end_pose_mismatch,3.5
780,7,connector_start_pose_mismatch,3.5
780,7,connector_end_pose_mismatch,3.5
781,0,connector_start_pose_mismatch,3.499999
781,4,connector_start_pose_mismatch,3.499999
781,4,connector_end_pose_mismatch,3.5
781,5,connector_end_pose_mismatch,3.5
781,8,connector_start_pose_mismatch,3.5
781,8,connector_end_pose_mismatch,3.5
781,9,connector_start_pose_mismatch,3.5
782,2,connector_start_pose_mismatch,3.5
782,2,connector_end_pose_mismatch,3.5
782,5,connector_start_pose_mismatch,3.5
782,5,connector_end_pose_mismatch,3.5
783,2,connector_start_pose_mismatch,3.5
783,2,connector_end_pose_mismatch,3.5
783,5,connector_start_pose_mismatch,3.5
783,5,connector_end_pose_mismatch,3.5
784,6,connector_start_pose_mismatch,3.5
784,6,connector_end_pose_mismatch,3.5
784,10,connector_start_pose_mismatch,3.5
784,10,connector_end_pose_mismatch,3.5
786,2,connector_start_pose_mismatch,3.5
786,2,connector_end_pose_mismatch,3.5
786,5,connector_start_pose_mismatch,3.5
786,5,connector_end_pose_mismatch,3.5
787,2,connector_start_pose_mismatch,3.5
787,2,connector_end_pose_mismatch,3.5
787,5,connector_start_pose_mismatch,3.5
787,5,connector_end_pose_mismatch,3.5
787,8,connector_start_pose_mismatch,3.5
787,8,connector_end_pose_mismatch,3.5
788,2,connector_start_pose_mismatch,3.5
788,2,connector_end_pose_mismatch,3.5
788,7,connector_start_pose_mismatch,3.5
788,7,connector_end_pose_mismatch,3.5
789,7,connector_start_pose_mismatch,3.5
789,7,connector_end_pose_mismatch,3.5
789,11,connector_start_pose_mismatch,3.5
789,11,connector_end_pose_mismatch,3.5
789,15,connector_start_pose_mismatch,3.5
789,15,connector_end_pose_mismatch,3.499999
3046,1,connector_start_pose_mismatch,3.499999
3046,1,connector_end_pose_mismatch,3.500001
790,2,connector_start_pose_mismatch,3.5
790,2,connector_end_pose_mismatch,3.5
790,5,connector_start_pose_mismatch,3.5
790,5,connector_end_pose_mismatch,3.5
790,8,connector_start_pose_mismatch,3.5
790,8,connector_end_pose_mismatch,3.5
791,3,connector_start_pose_mismatch,3.5
791,3,connector_end_pose_mismatch,3.5
791,7,connector_start_pose_mismatch,3.5
791,7,connector_end_pose_mismatch,3.5
791,11,connector_start_pose_mismatch,3.5
791,11,connector_end_pose_mismatch,3.5
791,15,connector_start_pose_mismatch,3.499999
791,15,connector_end_pose_mismatch,3.5
795,4,connector_start_pose_mismatch,3.499999
795,4,connector_end_pose_mismatch,3.5
797,12,connector_start_pose_mismatch,3.5
797,12,connector_end_pose_mismatch,3.500001
798,2,connector_start_pose_mismatch,3.5
798,2,connector_end_pose_mismatch,3.5
798,5,connector_start_pose_mismatch,3.5
798,5,connector_end_pose_mismatch,3.5
798,8,connector_start_pose_mismatch,3.499999
798,8,connector_end_pose_mismatch,3.5
799,2,connector_start_pose_mismatch,3.499999
799,2,connector_end_pose_mismatch,3.5
799,5,connector_start_pose_mismatch,3.5
799,5,connector_end_pose_mismatch,3.5
799,8,connector_start_pose_mismatch,3.5
799,8,connector_end_pose_mismatch,3.5
78,2,connector_start_pose_mismatch,3.5
78,2,connector_end_pose_mismatch,3.5
78,7,connector_start_pose_mismatch,3.5
78,7,connector_end_pose_mismatch,3.5
801,4,connector_start_pose_mismatch,3.500001
801,4,connector_end_pose_mismatch,3.499999
802,2,connector_start_pose_mismatch,3.5
802,2,connector_end_pose_mismatch,3.500001
803,2,connector_start_pose_mismatch,3.5
803,2,connector_end_pose_mismatch,3.5
803,7,connector_start_pose_mismatch,3.499999
803,7,connector_end_pose_mismatch,3.500001
804,6,connector_start_pose_mismatch,3.5
804,6,connector_end_pose_mismatch,3.5
806,2,connector_start_pose_mismatch,3.5
806,2,connector_end_pose_mismatch,3.5
806,5,connector_start_pose_mismatch,3.5
806,5,connector_end_pose_mismatch,3.5
807,2,connector_start_pose_mismatch,3.5
807,2,connector_end_pose_mismatch,3.5
807,5,connector_start_pose_mismatch,3.5
807,5,connector_end_pose_mismatch,3.5
807,8,connector_start_pose_mismatch,3.5
807,8,connector_end_pose_mismatch,3.5
808,6,connector_start_pose_mismatch,3.5
808,6,connector_end_pose_mismatch,3.5
808,10,connector_start_pose_mismatch,3.5
808,10,connector_end_pose_mismatch,3.5
808,14,connector_start_pose_mismatch,3.5
808,14,connector_end_pose_mismatch,3.5
9,1,connector_start_pose_mismatch,3.5
79,2,connector_start_pose_mismatch,3.5
79,2,connector_end_pose_mismatch,3.5
79,5,connector_start_pose_mismatch,3.5
79,5,connector_end_pose_mismatch,3.5
809,2,connector_start_pose_mismatch,3.5
809,2,connector_end_pose_mismatch,3.5
809,5,connector_start_pose_mismatch,3.5
809,5,connector_end_pose_mismatch,3.5
810,7,connector_start_pose_mismatch,3.5
810,7,connector_end_pose_mismatch,3.5
811,2,connector_start_pose_mismatch,3.5
811,2,connector_end_pose_mismatch,3.5
811,5,connector_start_pose_mismatch,3.5
811,5,connector_end_pose_mismatch,3.5
811,8,connector_start_pose_mismatch,3.5
811,8,connector_end_pose_mismatch,3.500001
813,3,connector_start_pose_mismatch,3.5
813,3,connector_end_pose_mismatch,3.5
813,13,connector_start_pose_mismatch,3.5
813,13,connector_end_pose_mismatch,3.5
814,3,connector_start_pose_mismatch,3.5
814,3,connector_end_pose_mismatch,3.5
815,12,connector_start_pose_mismatch,3.5
815,12,connector_end_pose_mismatch,3.5
816,9,connector_start_pose_mismatch,3.5
816,9,connector_end_pose_mismatch,3.5
818,2,connector_start_pose_mismatch,3.500001
818,2,connector_end_pose_mismatch,3.5
80,2,connector_start_pose_mismatch,3.500001
80,2,connector_end_pose_mismatch,3.5
80,5,connector_start_pose_mismatch,3.5
80,5,connector_end_pose_mismatch,3.5
820,2,connector_start_pose_mismatch,3.5
820,2,connector_end_pose_mismatch,3.500001
821,6,connector_start_pose_mismatch,3.499999
821,6,connector_end_pose_mismatch,3.500001
823,4,connector_start_pose_mismatch,3.5
823,4,connector_end_pose_mismatch,3.5
827,4,connector_start_pose_mismatch,3.5
827,4,connector_end_pose_mismatch,3.5
827,7,connector_start_pose_mismatch,3.5
827,7,connector_end_pose_mismatch,3.5
81,13,connector_start_pose_mismatch,3.5
81,13,connector_end_pose_mismatch,3.5
829,6,connector_start_pose_mismatch,3.5
829,6,connector_end_pose_mismatch,3.5
830,2,connector_start_pose_mismatch,3.5
830,2,connector_end_pose_mismatch,3.5
832,2,connector_start_pose_mismatch,3.5
832,2,connector_end_pose_mismatch,3.5
832,5,connector_start_pose_mismatch,3.5
832,5,connector_end_pose_mismatch,3.5
832,8,connector_start_pose_mismatch,3.5
832,8,connector_end_pose_mismatch,3.5
833,9,connector_start_pose_mismatch,3.5
833,9,connector_end_pose_mismatch,3.500001
833,13,connector_start_pose_mismatch,3.500001
833,13,connector_end_pose_mismatch,3.5
835,4,connector_start_pose_mismatch,3.5
835,4,connector_end_pose_mismatch,3.5
836,4,connector_start_pose_mismatch,3.5
836,4,connector_end_pose_mismatch,3.5
837,2,connector_start_pose_mismatch,3.5
837,2,connector_end_pose_mismatch,3.5
838,4,connector_start_pose_mismatch,3.5
838,4,connector_end_pose_mismatch,3.5
82,1,connector_start_pose_mismatch,3.499999
839,6,connector_start_pose_mismatch,3.5
839,6,connector_end_pose_mismatch,3.5
842,3,connector_start_pose_mismatch,3.5
842,3,connector_end_pose_mismatch,3.5
843,6,connector_start_pose_mismatch,3.5
843,6,connector_end_pose_mismatch,3.5
846,2,connector_start_pose_mismatch,3.5
846,2,connector_end_pose_mismatch,3.5
847,2,connector_start_pose_mismatch,3.499999
847,2,connector_end_pose_mismatch,3.500001
847,5,connector_start_pose_mismatch,3.5
847,5,connector_end_pose_mismatch,3.5
847,8,connector_start_pose_mismatch,3.5
847,8,connector_end_pose_mismatch,3.499999
83,0,connector_end_pose_mismatch,3.499999
83,3,connector_start_pose_mismatch,3.5
83,3,connector_end_pose_mismatch,3.5
83,4,connector_start_pose_mismatch,7.0
83,4,connector_end_pose_mismatch,3.5
83,5,connector_start_pose_mismatch,3.500001
83,9,connector_start_pose_mismatch,3.500003
83,9,connector_end_pose_mismatch,3.5
83,14,connector_start_pose_mismatch,7.000001
83,15,connector_start_pose_mismatch,3.5
83,18,connector_start_pose_mismatch,3.500001
83,18,connector_end_pose_mismatch,3.499999
850,0,connector_end_pose_mismatch,3.5
850,2,connector_start_pose_mismatch,3.5
850,2,connector_end_pose_mismatch,3.5
850,5,connector_start_pose_mismatch,3.500001
850,5,connector_end_pose_mismatch,3.5
850,8,connector_start_pose_mismatch,3.500001
850,8,connector_end_pose_mismatch,3.5
851,2,connector_start_pose_mismatch,3.5
851,2,connector_end_pose_mismatch,3.5
851,5,connector_start_pose_mismatch,3.5
851,5,connector_end_pose_mismatch,3.5
851,8,connector_start_pose_mismatch,3.5
851,8,connector_end_pose_mismatch,3.5
852,2,connector_start_pose_mismatch,3.5
852,2,connector_end_pose_mismatch,3.5
854,2,connector_start_pose_mismatch,7.0
854,3,connector_start_pose_mismatch,3.5
855,2,connector_start_pose_mismatch,3.500001
856,1,connector_end_pose_mismatch,3.5
857,0,connector_end_pose_mismatch,3.5
858,3,connector_start_pose_mismatch,3.5
858,4,connector_start_pose_mismatch,3.5
859,6,connector_start_pose_mismatch,3.5
859,6,connector_end_pose_mismatch,3.5
861,4,connector_start_pose_mismatch,3.5
861,4,connector_end_pose_mismatch,3.5
861,7,connector_start_pose_mismatch,3.499999
861,7,connector_end_pose_mismatch,3.5
862,3,connector_start_pose_mismatch,3.500001
862,3,connector_end_pose_mismatch,3.499999
862,10,connector_start_pose_mismatch,3.5
862,10,connector_end_pose_mismatch,3.5
862,14,connector_start_pose_mismatch,3.5
862,14,connector_end_pose_mismatch,3.5
863,4,connector_start_pose_mismatch,3.5
863,4,connector_end_pose_mismatch,3.5
866,4,connector_start_pose_mismatch,3.5
866,4,connector_end_pose_mismatch,3.5
867,12,connector_start_pose_mismatch,3.5
867,12,connector_end_pose_mismatch,3.5
869,4,connector_start_pose_mismatch,3.5
869,4,connector_end_pose_mismatch,3.5
876,6,connector_start_pose_mismatch,3.500001
876,6,connector_end_pose_mismatch,3.5
877,6,connector_start_pose_mismatch,3.499999
877,6,connector_end_pose_mismatch,3.500001
877,10,connector_start_pose_mismatch,3.5
877,10,connector_end_pose_mismatch,3.5
878,6,connector_start_pose_mismatch,3.5
878,6,connector_end_pose_mismatch,3.5
878,13,connector_start_pose_mismatch,3.5
878,13,connector_end_pose_mismatch,3.5
879,2,connector_start_pose_mismatch,3.5
879,2,connector_end_pose_mismatch,3.5
879,5,connector_start_pose_mismatch,3.5
879,5,connector_end_pose_mismatch,3.5
880,4,connector_start_pose_mismatch,3.5
880,4,connector_end_pose_mismatch,3.5
881,7,connector_start_pose_mismatch,3.499999
881,7,connector_end_pose_mismatch,3.5
882,1,connector_start_pose_mismatch,3.5
882,1,connector_end_pose_mismatch,3.5
882,2,connector_end_pose_mismatch,3.5
884,2,connector_start_pose_mismatch,3.5
884,2,connector_end_pose_mismatch,3.499999
884,5,connector_start_pose_mismatch,3.5
884,5,connector_end_pose_mismatch,3.5
85,4,connector_start_pose_mismatch,3.5
85,4,connector_end_pose_mismatch,3.5
85,7,connector_start_pose_mismatch,3.5
85,7,connector_end_pose_mismatch,3.500001
886,2,connector_start_pose_mismatch,3.499999
886,2,connector_end_pose_mismatch,3.500001
886,5,connector_start_pose_mismatch,3.500001
886,5,connector_end_pose_mismatch,3.5
886,8,connector_start_pose_mismatch,3.5
886,8,connector_end_pose_mismatch,3.5
887,3,connector_start_pose_mismatch,3.5
887,3,connector_end_pose_mismatch,3.5
888,0,connector_start_pose_mismatch,3.5
888,4,connector_start_pose_mismatch,3.5
888,4,connector_end_pose_mismatch,3.5
888,5,connector_end_pose_mismatch,7.0
888,8,connector_start_pose_mismatch,3.5
888,8,connector_end_pose_mismatch,3.5
888,9,connector_start_pose_mismatch,3.500001
888,13,connector_start_pose_mismatch,3.500001
888,13,connector_end_pose_mismatch,3.5
888,14,connector_end_pose_mismatch,3.5
888,17,connector_start_pose_mismatch,3.500001
888,17,connector_end_pose_mismatch,3.2
892,3,connector_start_pose_mismatch,3.5
892,3,connector_end_pose_mismatch,3.5
893,4,connector_start_pose_mismatch,3.499999
893,4,connector_end_pose_mismatch,3.5
894,2,connector_start_pose_mismatch,3.5
894,2,connector_end_pose_mismatch,3.5
894,5,connector_start_pose_mismatch,3.5
894,5,connector_end_pose_mismatch,3.5
894,8,connector_start_pose_mismatch,3.499999
894,8,connector_end_pose_mismatch,3.500001
895,2,connector_end_pose_mismatch,3.5
896,2,connector_start_pose_mismatch,3.5
897,0,connector_end_pose_mismatch,3.5
897,2,connector_end_pose_mismatch,3.5
898,1,connector_start_pose_mismatch,3.500001
898,1,connector_end_pose_mismatch,3.499999
899,1,connector_start_pose_mismatch,3.5
899,1,connector_end_pose_mismatch,3.5
903,4,connector_start_pose_mismatch,3.5
903,4,connector_end_pose_mismatch,3.5
904,2,connector_start_pose_mismatch,3.5
904,2,connector_end_pose_mismatch,3.5
