<?xml version='1.0' encoding='utf-8'?>
<osm version="0.6" generator="tile_fbx_generator.py">
  <node id="-1" lat="48.7634222" lon="11.4283432" visible="true" />
  <node id="-2" lat="48.7635627" lon="11.4291368" visible="true" />
  <node id="-3" lat="48.7636471" lon="11.4293063" visible="true" />
  <node id="-4" lat="48.7635735" lon="11.4295939" visible="true" />
  <node id="-5" lat="48.7632556" lon="11.4296495" visible="true" />
  <node id="-6" lat="48.7627777" lon="11.4288133" visible="true" />
  <node id="-7" lat="48.7627799" lon="11.4287573" visible="true" />
  <node id="-8" lat="48.7627881" lon="11.4284681" visible="true" />
  <node id="-9" lat="48.7631346" lon="11.4283291" visible="true" />
  <node id="-10" lat="48.7632624" lon="11.4282076" visible="true" />
  <node id="-11" lat="48.7593519" lon="11.4226751" visible="true" />
  <node id="-12" lat="48.7593853" lon="11.4226588" visible="true" />
  <node id="-13" lat="48.7595014" lon="11.4232071" visible="true" />
  <node id="-14" lat="48.7592436" lon="11.4236865" visible="true" />
  <node id="-15" lat="48.7586868" lon="11.4229977" visible="true" />
  <node id="-16" lat="48.7588741" lon="11.4226492" visible="true" />
  <node id="-17" lat="48.7589236" lon="11.4227104" visible="true" />
  <node id="-18" lat="48.7589828" lon="11.4226002" visible="true" />
  <node id="-19" lat="48.7591306" lon="11.4227829" visible="true" />
  <node id="-20" lat="48.7628558" lon="11.4261647" visible="true" />
  <node id="-21" lat="48.7626299" lon="11.4263401" visible="true" />
  <node id="-22" lat="48.7625669" lon="11.4261518" visible="true" />
  <node id="-23" lat="48.7623811" lon="11.4255971" visible="true" />
  <node id="-24" lat="48.7623559" lon="11.4255220" visible="true" />
  <node id="-25" lat="48.7625766" lon="11.4253517" visible="true" />
  <node id="-26" lat="48.7626205" lon="11.4254784" visible="true" />
  <node id="-27" lat="48.7626876" lon="11.4256720" visible="true" />
  <node id="-28" lat="48.7627193" lon="11.4257672" visible="true" />
  <node id="-29" lat="48.7627373" lon="11.4258196" visible="true" />
  <node id="-30" lat="48.7627722" lon="11.4259211" visible="true" />
  <node id="-31" lat="48.7574786" lon="11.4287577" visible="true" />
  <node id="-32" lat="48.7571689" lon="11.4284999" visible="true" />
  <node id="-33" lat="48.7570606" lon="11.4288029" visible="true" />
  <node id="-34" lat="48.7569297" lon="11.4291692" visible="true" />
  <node id="-35" lat="48.7569435" lon="11.4291818" visible="true" />
  <node id="-36" lat="48.7569220" lon="11.4292426" visible="true" />
  <node id="-37" lat="48.7569899" lon="11.4292964" visible="true" />
  <node id="-38" lat="48.7570187" lon="11.4294537" visible="true" />
  <node id="-39" lat="48.7569523" lon="11.4294853" visible="true" />
  <node id="-40" lat="48.7570152" lon="11.4298043" visible="true" />
  <node id="-41" lat="48.7571707" lon="11.4297338" visible="true" />
  <node id="-42" lat="48.7574212" lon="11.4296200" visible="true" />
  <node id="-43" lat="48.7573554" lon="11.4293026" visible="true" />
  <node id="-44" lat="48.7573335" lon="11.4293131" visible="true" />
  <node id="-45" lat="48.7573150" lon="11.4292219" visible="true" />
  <node id="-46" lat="48.7580290" lon="11.4237051" visible="true" />
  <node id="-47" lat="48.7579616" lon="11.4236393" visible="true" />
  <node id="-48" lat="48.7577680" lon="11.4234664" visible="true" />
  <node id="-49" lat="48.7577512" lon="11.4234135" visible="true" />
  <node id="-50" lat="48.7577398" lon="11.4233660" visible="true" />
  <node id="-51" lat="48.7577410" lon="11.4233227" visible="true" />
  <node id="-52" lat="48.7577549" lon="11.4232885" visible="true" />
  <node id="-53" lat="48.7577682" lon="11.4232690" visible="true" />
  <node id="-54" lat="48.7578036" lon="11.4232534" visible="true" />
  <node id="-55" lat="48.7578377" lon="11.4232594" visible="true" />
  <node id="-56" lat="48.7581015" lon="11.4235121" visible="true" />
  <node id="-57" lat="48.7609193" lon="11.4270441" visible="true" />
  <node id="-58" lat="48.7609019" lon="11.4271721" visible="true" />
  <node id="-59" lat="48.7615376" lon="11.4273665" visible="true" />
  <node id="-60" lat="48.7615939" lon="11.4273757" visible="true" />
  <node id="-61" lat="48.7621400" lon="11.4274561" visible="true" />
  <node id="-62" lat="48.7623267" lon="11.4274688" visible="true" />
  <node id="-63" lat="48.7623322" lon="11.4273502" visible="true" />
  <node id="-64" lat="48.7621448" lon="11.4273287" visible="true" />
  <node id="-65" lat="48.7616039" lon="11.4272469" visible="true" />
  <node id="-66" lat="48.7615646" lon="11.4272337" visible="true" />
  <node id="-67" lat="48.7598296" lon="11.4304920" visible="true" />
  <node id="-68" lat="48.7598753" lon="11.4303553" visible="true" />
  <node id="-69" lat="48.7601933" lon="11.4305996" visible="true" />
  <node id="-70" lat="48.7601476" lon="11.4307364" visible="true" />
  <node id="-71" lat="48.7591811" lon="11.4305619" visible="true" />
  <node id="-72" lat="48.7592064" lon="11.4304857" visible="true" />
  <node id="-73" lat="48.7591887" lon="11.4304721" visible="true" />
  <node id="-74" lat="48.7592915" lon="11.4301627" visible="true" />
  <node id="-75" lat="48.7593577" lon="11.4302134" visible="true" />
  <node id="-76" lat="48.7593884" lon="11.4301212" visible="true" />
  <node id="-77" lat="48.7593551" lon="11.4300958" visible="true" />
  <node id="-78" lat="48.7593242" lon="11.4300721" visible="true" />
  <node id="-79" lat="48.7593675" lon="11.4299418" visible="true" />
  <node id="-80" lat="48.7592713" lon="11.4298682" visible="true" />
  <node id="-81" lat="48.7590692" lon="11.4304763" visible="true" />
  <node id="-82" lat="48.7595419" lon="11.4297882" visible="true" />
  <node id="-83" lat="48.7590361" lon="11.4294014" visible="true" />
  <node id="-84" lat="48.7589960" lon="11.4295181" visible="true" />
  <node id="-85" lat="48.7589088" lon="11.4294528" visible="true" />
  <node id="-86" lat="48.7590411" lon="11.4290657" visible="true" />
  <node id="-87" lat="48.7591268" lon="11.4291312" visible="true" />
  <node id="-88" lat="48.7590921" lon="11.4292370" visible="true" />
  <node id="-89" lat="48.7593646" lon="11.4294442" visible="true" />
  <node id="-90" lat="48.7593859" lon="11.4293774" visible="true" />
  <node id="-91" lat="48.7594615" lon="11.4294342" visible="true" />
  <node id="-92" lat="48.7595282" lon="11.4294844" visible="true" />
  <node id="-93" lat="48.7595071" lon="11.4295543" visible="true" />
  <node id="-94" lat="48.7595950" lon="11.4296259" visible="true" />
  <node id="-95" lat="48.7596046" lon="11.4295943" visible="true" />
  <node id="-96" lat="48.7596912" lon="11.4296581" visible="true" />
  <node id="-97" lat="48.7596161" lon="11.4298891" visible="true" />
  <node id="-98" lat="48.7595315" lon="11.4298262" visible="true" />
  <node id="-99" lat="48.7588399" lon="11.4292715" visible="true" />
  <node id="-100" lat="48.7589069" lon="11.4290790" visible="true" />
  <node id="-101" lat="48.7580348" lon="11.4284224" visible="true" />
  <node id="-102" lat="48.7579434" lon="11.4283536" visible="true" />
  <node id="-103" lat="48.7573915" lon="11.4284132" visible="true" />
  <node id="-104" lat="48.7573336" lon="11.4285781" visible="true" />
  <node id="-105" lat="48.7574966" lon="11.4287118" visible="true" />
  <node id="-106" lat="48.7575057" lon="11.4286880" visible="true" />
  <node id="-107" lat="48.7579565" lon="11.4286541" visible="true" />
  <node id="-108" lat="48.7579549" lon="11.4285908" visible="true" />
  <node id="-109" lat="48.7597472" lon="11.4244919" visible="true" />
  <node id="-110" lat="48.7597147" lon="11.4246376" visible="true" />
  <node id="-111" lat="48.7597134" lon="11.4246460" visible="true" />
  <node id="-112" lat="48.7597341" lon="11.4246564" visible="true" />
  <node id="-113" lat="48.7597291" lon="11.4246793" visible="true" />
  <node id="-114" lat="48.7596589" lon="11.4249962" visible="true" />
  <node id="-115" lat="48.7595992" lon="11.4249689" visible="true" />
  <node id="-116" lat="48.7595635" lon="11.4250605" visible="true" />
  <node id="-117" lat="48.7596174" lon="11.4251176" visible="true" />
  <node id="-118" lat="48.7595009" lon="11.4253359" visible="true" />
  <node id="-119" lat="48.7593491" lon="11.4251495" visible="true" />
  <node id="-120" lat="48.7593127" lon="11.4252176" visible="true" />
  <node id="-121" lat="48.7592503" lon="11.4251409" visible="true" />
  <node id="-122" lat="48.7593418" lon="11.4249693" visible="true" />
  <node id="-123" lat="48.7592584" lon="11.4248669" visible="true" />
  <node id="-124" lat="48.7591058" lon="11.4251528" visible="true" />
  <node id="-125" lat="48.7594445" lon="11.4255688" visible="true" />
  <node id="-126" lat="48.7594594" lon="11.4255408" visible="true" />
  <node id="-127" lat="48.7595324" lon="11.4256304" visible="true" />
  <node id="-128" lat="48.7595327" lon="11.4256525" visible="true" />
  <node id="-129" lat="48.7595395" lon="11.4256720" visible="true" />
  <node id="-130" lat="48.7595546" lon="11.4256802" visible="true" />
  <node id="-131" lat="48.7595709" lon="11.4256728" visible="true" />
  <node id="-132" lat="48.7595822" lon="11.4256521" visible="true" />
  <node id="-133" lat="48.7595825" lon="11.4256243" visible="true" />
  <node id="-134" lat="48.7597571" lon="11.4252941" visible="true" />
  <node id="-135" lat="48.7597059" lon="11.4252239" visible="true" />
  <node id="-136" lat="48.7597445" lon="11.4251509" visible="true" />
  <node id="-137" lat="48.7598358" lon="11.4247124" visible="true" />
  <node id="-138" lat="48.7598552" lon="11.4247210" visible="true" />
  <node id="-139" lat="48.7598793" lon="11.4245886" visible="true" />
  <node id="-140" lat="48.7598193" lon="11.4245302" visible="true" />
  <node id="-141" lat="48.7597785" lon="11.4245070" visible="true" />
  <node id="-142" lat="48.7596909" lon="11.4245396" visible="true" />
  <node id="-143" lat="48.7596175" lon="11.4244495" visible="true" />
  <node id="-144" lat="48.7596383" lon="11.4244105" visible="true" />
  <node id="-145" lat="48.7595983" lon="11.4243613" visible="true" />
  <node id="-146" lat="48.7595775" lon="11.4244003" visible="true" />
  <node id="-147" lat="48.7595645" lon="11.4243843" visible="true" />
  <node id="-148" lat="48.7594190" lon="11.4242055" visible="true" />
  <node id="-149" lat="48.7593692" lon="11.4242987" visible="true" />
  <node id="-150" lat="48.7593363" lon="11.4242582" visible="true" />
  <node id="-151" lat="48.7592747" lon="11.4243735" visible="true" />
  <node id="-152" lat="48.7593738" lon="11.4244953" visible="true" />
  <node id="-153" lat="48.7593808" lon="11.4244822" visible="true" />
  <node id="-154" lat="48.7595866" lon="11.4247350" visible="true" />
  <node id="-155" lat="48.7596289" lon="11.4246557" visible="true" />
  <node id="-156" lat="48.7596461" lon="11.4246236" visible="true" />
  <node id="-157" lat="48.7597009" lon="11.4259371" visible="true" />
  <node id="-158" lat="48.7596784" lon="11.4259707" visible="true" />
  <node id="-159" lat="48.7596563" lon="11.4260038" visible="true" />
  <node id="-160" lat="48.7597018" lon="11.4260738" visible="true" />
  <node id="-161" lat="48.7597241" lon="11.4260404" visible="true" />
  <node id="-162" lat="48.7597464" lon="11.4260070" visible="true" />
  <node id="-163" lat="48.7597151" lon="11.4259588" visible="true" />
  <node id="-164" lat="48.7636651" lon="11.4244900" visible="true" />
  <node id="-165" lat="48.7636743" lon="11.4245974" visible="true" />
  <node id="-166" lat="48.7636785" lon="11.4246390" visible="true" />
  <node id="-167" lat="48.7637078" lon="11.4249306" visible="true" />
  <node id="-168" lat="48.7637205" lon="11.4250606" visible="true" />
  <node id="-169" lat="48.7637296" lon="11.4251556" visible="true" />
  <node id="-170" lat="48.7636742" lon="11.4252010" visible="true" />
  <node id="-171" lat="48.7635506" lon="11.4252426" visible="true" />
  <node id="-172" lat="48.7634168" lon="11.4252234" visible="true" />
  <node id="-173" lat="48.7634128" lon="11.4251566" visible="true" />
  <node id="-174" lat="48.7635283" lon="11.4251366" visible="true" />
  <node id="-175" lat="48.7635192" lon="11.4250174" visible="true" />
  <node id="-176" lat="48.7634341" lon="11.4250297" visible="true" />
  <node id="-177" lat="48.7634047" lon="11.4247763" visible="true" />
  <node id="-178" lat="48.7634425" lon="11.4247661" visible="true" />
  <node id="-179" lat="48.7634393" lon="11.4247311" visible="true" />
  <node id="-180" lat="48.7634300" lon="11.4247232" visible="true" />
  <node id="-181" lat="48.7634163" lon="11.4247063" visible="true" />
  <node id="-182" lat="48.7634110" lon="11.4246954" visible="true" />
  <node id="-183" lat="48.7634077" lon="11.4246815" visible="true" />
  <node id="-184" lat="48.7634057" lon="11.4246629" visible="true" />
  <node id="-185" lat="48.7634095" lon="11.4246524" visible="true" />
  <node id="-186" lat="48.7634175" lon="11.4246490" visible="true" />
  <node id="-187" lat="48.7634147" lon="11.4246314" visible="true" />
  <node id="-188" lat="48.7634262" lon="11.4246270" visible="true" />
  <node id="-189" lat="48.7634328" lon="11.4246610" visible="true" />
  <node id="-190" lat="48.7634993" lon="11.4246312" visible="true" />
  <node id="-191" lat="48.7634775" lon="11.4245192" visible="true" />
  <node id="-192" lat="48.7635633" lon="11.4245009" visible="true" />
  <node id="-193" lat="48.7634110" lon="11.4245491" visible="true" />
  <node id="-194" lat="48.7634198" lon="11.4245946" visible="true" />
  <node id="-195" lat="48.7631192" lon="11.4251684" visible="true" />
  <node id="-196" lat="48.7634253" lon="11.4251376" visible="true" />
  <node id="-197" lat="48.7634071" lon="11.4249156" visible="true" />
  <node id="-198" lat="48.7633888" lon="11.4249172" visible="true" />
  <node id="-199" lat="48.7633733" lon="11.4247342" visible="true" />
  <node id="-200" lat="48.7632671" lon="11.4247622" visible="true" />
  <node id="-201" lat="48.7630907" lon="11.4248088" visible="true" />
  <node id="-202" lat="48.7631127" lon="11.4250160" visible="true" />
  <node id="-203" lat="48.7630891" lon="11.4250191" visible="true" />
  <node id="-204" lat="48.7630913" lon="11.4250573" visible="true" />
  <node id="-205" lat="48.7630938" lon="11.4251022" visible="true" />
  <node id="-206" lat="48.7631153" lon="11.4250994" visible="true" />
  <node id="-207" lat="48.7639170" lon="11.4228625" visible="true" />
  <node id="-208" lat="48.7639570" lon="11.4230846" visible="true" />
  <node id="-209" lat="48.7637574" lon="11.4231673" visible="true" />
  <node id="-210" lat="48.7637513" lon="11.4231698" visible="true" />
  <node id="-211" lat="48.7637287" lon="11.4230443" visible="true" />
  <node id="-212" lat="48.7637113" lon="11.4229477" visible="true" />
  <node id="-213" lat="48.7637292" lon="11.4229403" visible="true" />
  <node id="-214" lat="48.7637590" lon="11.4229280" visible="true" />
  <node id="-215" lat="48.7638403" lon="11.4224286" visible="true" />
  <node id="-216" lat="48.7638299" lon="11.4224165" visible="true" />
  <node id="-217" lat="48.7636757" lon="11.4224549" visible="true" />
  <node id="-218" lat="48.7636862" lon="11.4225312" visible="true" />
  <node id="-219" lat="48.7636907" lon="11.4225672" visible="true" />
  <node id="-220" lat="48.7636947" lon="11.4225987" visible="true" />
  <node id="-221" lat="48.7637192" lon="11.4225918" visible="true" />
  <node id="-222" lat="48.7638519" lon="11.4225487" visible="true" />
  <node id="-223" lat="48.7638570" lon="11.4225905" visible="true" />
  <node id="-224" lat="48.7638647" lon="11.4225879" visible="true" />
  <node id="-225" lat="48.7638951" lon="11.4227506" visible="true" />
  <node id="-226" lat="48.7637385" lon="11.4228170" visible="true" />
  <node id="-227" lat="48.7637126" lon="11.4228265" visible="true" />
  <node id="-228" lat="48.7636366" lon="11.4228534" visible="true" />
  <node id="-229" lat="48.7636212" lon="11.4227715" visible="true" />
  <node id="-230" lat="48.7637379" lon="11.4227258" visible="true" />
  <node id="-231" lat="48.7639823" lon="11.4232245" visible="true" />
  <node id="-232" lat="48.7638460" lon="11.4232808" visible="true" />
  <node id="-233" lat="48.7638070" lon="11.4232986" visible="true" />
  <node id="-234" lat="48.7637766" lon="11.4233124" visible="true" />
  <node id="-235" lat="48.7638567" lon="11.4233529" visible="true" />
  <node id="-236" lat="48.7638512" lon="11.4233161" visible="true" />
  <node id="-237" lat="48.7639957" lon="11.4232979" visible="true" />
  <node id="-238" lat="48.7638866" lon="11.4235152" visible="true" />
  <node id="-239" lat="48.7638073" lon="11.4235410" visible="true" />
  <node id="-240" lat="48.7637936" lon="11.4234429" visible="true" />
  <node id="-241" lat="48.7638635" lon="11.4234240" visible="true" />
  <node id="-242" lat="48.7640269" lon="11.4234704" visible="true" />
  <node id="-243" lat="48.7628769" lon="11.4255244" visible="true" />
  <node id="-244" lat="48.7628345" lon="11.4255556" visible="true" />
  <node id="-245" lat="48.7627888" lon="11.4255923" visible="true" />
  <node id="-246" lat="48.7627089" lon="11.4256566" visible="true" />
  <node id="-247" lat="48.7627429" lon="11.4257486" visible="true" />
  <node id="-248" lat="48.7627609" lon="11.4258009" visible="true" />
  <node id="-249" lat="48.7627737" lon="11.4258368" visible="true" />
  <node id="-250" lat="48.7627963" lon="11.4259039" visible="true" />
  <node id="-251" lat="48.7628672" lon="11.4258478" visible="true" />
  <node id="-252" lat="48.7629907" lon="11.4257502" visible="true" />
  <node id="-253" lat="48.7630805" lon="11.4260541" visible="true" />
  <node id="-254" lat="48.7632939" lon="11.4259085" visible="true" />
  <node id="-255" lat="48.7632296" lon="11.4256589" visible="true" />
  <node id="-256" lat="48.7632112" lon="11.4256693" visible="true" />
  <node id="-257" lat="48.7631916" lon="11.4255914" visible="true" />
  <node id="-258" lat="48.7632370" lon="11.4255554" visible="true" />
  <node id="-259" lat="48.7632142" lon="11.4254891" visible="true" />
  <node id="-260" lat="48.7631517" lon="11.4253071" visible="true" />
  <node id="-261" lat="48.7631319" lon="11.4253227" visible="true" />
  <node id="-262" lat="48.7630969" lon="11.4252964" visible="true" />
  <node id="-263" lat="48.7630891" lon="11.4252905" visible="true" />
  <node id="-264" lat="48.7630447" lon="11.4252748" visible="true" />
  <node id="-265" lat="48.7630016" lon="11.4252825" visible="true" />
  <node id="-266" lat="48.7629611" lon="11.4253057" visible="true" />
  <node id="-267" lat="48.7629324" lon="11.4253394" visible="true" />
  <node id="-268" lat="48.7629234" lon="11.4253501" visible="true" />
  <node id="-269" lat="48.7628962" lon="11.4254038" visible="true" />
  <node id="-270" lat="48.7628808" lon="11.4254729" visible="true" />
  <node id="-271" lat="48.7617308" lon="11.4237367" visible="true" />
  <node id="-272" lat="48.7616169" lon="11.4238408" visible="true" />
  <node id="-273" lat="48.7620288" lon="11.4248775" visible="true" />
  <node id="-274" lat="48.7620165" lon="11.4248888" visible="true" />
  <node id="-275" lat="48.7620313" lon="11.4249180" visible="true" />
  <node id="-276" lat="48.7620447" lon="11.4249466" visible="true" />
  <node id="-277" lat="48.7621709" lon="11.4248312" visible="true" />
  <node id="-278" lat="48.7621392" lon="11.4247531" visible="true" />
  <node id="-279" lat="48.7618867" lon="11.4241316" visible="true" />
  <node id="-280" lat="48.7618250" lon="11.4239732" visible="true" />
  <node id="-281" lat="48.7622430" lon="11.4250224" visible="true" />
  <node id="-282" lat="48.7623022" lon="11.4251789" visible="true" />
  <node id="-283" lat="48.7621805" lon="11.4252846" visible="true" />
  <node id="-284" lat="48.7638603" lon="11.4241111" visible="true" />
  <node id="-285" lat="48.7638567" lon="11.4240434" visible="true" />
  <node id="-286" lat="48.7638542" lon="11.4240114" visible="true" />
  <node id="-287" lat="48.7637612" lon="11.4240239" visible="true" />
  <node id="-288" lat="48.7637775" lon="11.4243358" visible="true" />
  <node id="-289" lat="48.7638705" lon="11.4243198" visible="true" />
  <node id="-290" lat="48.7637014" lon="11.4240343" visible="true" />
  <node id="-291" lat="48.7636900" lon="11.4240348" visible="true" />
  <node id="-292" lat="48.7637031" lon="11.4243372" visible="true" />
  <node id="-293" lat="48.7633211" lon="11.4263846" visible="true" />
  <node id="-294" lat="48.7631418" lon="11.4264982" visible="true" />
  <node id="-295" lat="48.7632397" lon="11.4267645" visible="true" />
  <node id="-296" lat="48.7634466" lon="11.4266788" visible="true" />
  <node id="-297" lat="48.7634041" lon="11.4264871" visible="true" />
  <node id="-298" lat="48.7633518" lon="11.4265157" visible="true" />
  <node id="-299" lat="48.7633706" lon="11.4263488" visible="true" />
  <node id="-300" lat="48.7633328" lon="11.4261634" visible="true" />
  <node id="-301" lat="48.7630878" lon="11.4263199" visible="true" />
  <node id="-302" lat="48.7635333" lon="11.4272746" visible="true" />
  <node id="-303" lat="48.7633929" lon="11.4273605" visible="true" />
  <node id="-304" lat="48.7634993" lon="11.4277609" visible="true" />
  <node id="-305" lat="48.7635515" lon="11.4277290" visible="true" />
  <node id="-306" lat="48.7636397" lon="11.4276750" visible="true" />
  <node id="-307" lat="48.7636132" lon="11.4275841" visible="true" />
  <node id="-308" lat="48.7635963" lon="11.4243365" visible="true" />
  <node id="-309" lat="48.7635390" lon="11.4243475" visible="true" />
  <node id="-310" lat="48.7635066" lon="11.4240752" visible="true" />
  <node id="-311" lat="48.7635673" lon="11.4240687" visible="true" />
  <node id="-312" lat="48.7634879" lon="11.4243648" visible="true" />
  <node id="-313" lat="48.7634527" lon="11.4241343" visible="true" />
  <node id="-314" lat="48.7634469" lon="11.4240653" visible="true" />
  <node id="-315" lat="48.7634636" lon="11.4240609" visible="true" />
  <node id="-316" lat="48.7635040" lon="11.4240526" visible="true" />
  <node id="-317" lat="48.7633578" lon="11.4241603" visible="true" />
  <node id="-318" lat="48.7633807" lon="11.4243988" visible="true" />
  <node id="-319" lat="48.7636796" lon="11.4243219" visible="true" />
  <node id="-320" lat="48.7636598" lon="11.4240587" visible="true" />
  <node id="-321" lat="48.7601878" lon="11.4235789" visible="true" />
  <node id="-322" lat="48.7601418" lon="11.4237143" visible="true" />
  <node id="-323" lat="48.7600330" lon="11.4236294" visible="true" />
  <node id="-324" lat="48.7599748" lon="11.4238010" visible="true" />
  <node id="-325" lat="48.7600837" lon="11.4238860" visible="true" />
  <node id="-326" lat="48.7600396" lon="11.4240160" visible="true" />
  <node id="-327" lat="48.7598436" lon="11.4238630" visible="true" />
  <node id="-328" lat="48.7599920" lon="11.4234260" visible="true" />
  <node id="-329" lat="48.7597339" lon="11.4224927" visible="true" />
  <node id="-330" lat="48.7593099" lon="11.4224731" visible="true" />
  <node id="-331" lat="48.7596918" lon="11.4222904" visible="true" />
  <node id="-332" lat="48.7587908" lon="11.4247811" visible="true" />
  <node id="-333" lat="48.7587520" lon="11.4248524" visible="true" />
  <node id="-334" lat="48.7585861" lon="11.4246449" visible="true" />
  <node id="-335" lat="48.7586248" lon="11.4245736" visible="true" />
  <node id="-336" lat="48.7633549" lon="11.4244577" visible="true" />
  <node id="-337" lat="48.7632974" lon="11.4241757" visible="true" />
  <node id="-338" lat="48.7632074" lon="11.4242176" visible="true" />
  <node id="-339" lat="48.7632649" lon="11.4244997" visible="true" />
  <node id="-340" lat="48.7636607" lon="11.4240404" visible="true" />
  <node id="-341" lat="48.7636475" lon="11.4238682" visible="true" />
  <node id="-342" lat="48.7635389" lon="11.4238876" visible="true" />
  <node id="-343" lat="48.7635011" lon="11.4238944" visible="true" />
  <node id="-344" lat="48.7634497" lon="11.4239203" visible="true" />
  <node id="-345" lat="48.7634996" lon="11.4240281" visible="true" />
  <node id="-346" lat="48.7635310" lon="11.4240243" visible="true" />
  <node id="-347" lat="48.7635330" lon="11.4240573" visible="true" />
  <node id="-348" lat="48.7636121" lon="11.4227236" visible="true" />
  <node id="-349" lat="48.7636309" lon="11.4227170" visible="true" />
  <node id="-350" lat="48.7636115" lon="11.4225907" visible="true" />
  <node id="-351" lat="48.7637774" lon="11.4237501" visible="true" />
  <node id="-352" lat="48.7637829" lon="11.4238256" visible="true" />
  <node id="-353" lat="48.7638390" lon="11.4238157" visible="true" />
  <node id="-354" lat="48.7638494" lon="11.4239505" visible="true" />
  <node id="-355" lat="48.7639315" lon="11.4239404" visible="true" />
  <node id="-356" lat="48.7639278" lon="11.4238511" visible="true" />
  <node id="-357" lat="48.7639247" lon="11.4238264" visible="true" />
  <node id="-358" lat="48.7639125" lon="11.4237280" visible="true" />
  <node id="-359" lat="48.7638944" lon="11.4237309" visible="true" />
  <node id="-360" lat="48.7636295" lon="11.4232165" visible="true" />
  <node id="-361" lat="48.7635846" lon="11.4230514" visible="true" />
  <node id="-362" lat="48.7635542" lon="11.4228892" visible="true" />
  <node id="-363" lat="48.7637042" lon="11.4229074" visible="true" />
  <node id="-364" lat="48.7636439" lon="11.4229277" visible="true" />
  <node id="-365" lat="48.7636701" lon="11.4230702" visible="true" />
  <node id="-366" lat="48.7637268" lon="11.4231779" visible="true" />
  <node id="-367" lat="48.7634432" lon="11.4235117" visible="true" />
  <node id="-368" lat="48.7634327" lon="11.4233390" visible="true" />
  <node id="-369" lat="48.7633286" lon="11.4233604" visible="true" />
  <node id="-370" lat="48.7633352" lon="11.4235271" visible="true" />
  <node id="-371" lat="48.7635957" lon="11.4224801" visible="true" />
  <node id="-372" lat="48.7636062" lon="11.4225565" visible="true" />
  <node id="-373" lat="48.7636505" lon="11.4233388" visible="true" />
  <node id="-374" lat="48.7637478" lon="11.4233002" visible="true" />
  <node id="-375" lat="48.7636289" lon="11.4235941" visible="true" />
  <node id="-376" lat="48.7636152" lon="11.4234735" visible="true" />
  <node id="-377" lat="48.7635360" lon="11.4234927" visible="true" />
  <node id="-378" lat="48.7635494" lon="11.4236147" visible="true" />
  <node id="-379" lat="48.7634578" lon="11.4226760" visible="true" />
  <node id="-380" lat="48.7634474" lon="11.4226212" visible="true" />
  <node id="-381" lat="48.7633969" lon="11.4226422" visible="true" />
  <node id="-382" lat="48.7634041" lon="11.4226907" visible="true" />
  <node id="-383" lat="48.7634941" lon="11.4228712" visible="true" />
  <node id="-384" lat="48.7634786" lon="11.4227959" visible="true" />
  <node id="-385" lat="48.7634086" lon="11.4228186" visible="true" />
  <node id="-386" lat="48.7634244" lon="11.4229028" visible="true" />
  <node id="-387" lat="48.7633077" lon="11.4228514" visible="true" />
  <node id="-388" lat="48.7633105" lon="11.4229456" visible="true" />
  <node id="-389" lat="48.7633841" lon="11.4229197" visible="true" />
  <node id="-390" lat="48.7634009" lon="11.4229135" visible="true" />
  <node id="-391" lat="48.7633881" lon="11.4228253" visible="true" />
  <node id="-392" lat="48.7636473" lon="11.4238058" visible="true" />
  <node id="-393" lat="48.7636398" lon="11.4237004" visible="true" />
  <node id="-394" lat="48.7635517" lon="11.4237225" visible="true" />
  <node id="-395" lat="48.7635342" lon="11.4237297" visible="true" />
  <node id="-396" lat="48.7635445" lon="11.4238376" visible="true" />
  <node id="-397" lat="48.7635276" lon="11.4227529" visible="true" />
  <node id="-398" lat="48.7635176" lon="11.4237219" visible="true" />
  <node id="-399" lat="48.7635051" lon="11.4236307" visible="true" />
  <node id="-400" lat="48.7634453" lon="11.4236392" visible="true" />
  <node id="-401" lat="48.7634590" lon="11.4237450" visible="true" />
  <node id="-402" lat="48.7634777" lon="11.4237375" visible="true" />
  <node id="-403" lat="48.7636027" lon="11.4233612" visible="true" />
  <node id="-404" lat="48.7635165" lon="11.4233834" visible="true" />
  <node id="-405" lat="48.7635290" lon="11.4234947" visible="true" />
  <node id="-406" lat="48.7635402" lon="11.4236167" visible="true" />
  <node id="-407" lat="48.7637991" lon="11.4235435" visible="true" />
  <node id="-408" lat="48.7638146" lon="11.4236604" visible="true" />
  <node id="-409" lat="48.7637704" lon="11.4236726" visible="true" />
  <node id="-410" lat="48.7637018" lon="11.4238391" visible="true" />
  <node id="-411" lat="48.7636855" lon="11.4235788" visible="true" />
  <node id="-412" lat="48.7638225" lon="11.4244744" visible="true" />
  <node id="-413" lat="48.7638373" lon="11.4244817" visible="true" />
  <node id="-414" lat="48.7638436" lon="11.4245579" visible="true" />
  <node id="-415" lat="48.7638249" lon="11.4245768" visible="true" />
  <node id="-416" lat="48.7635059" lon="11.4233861" visible="true" />
  <node id="-417" lat="48.7634704" lon="11.4233950" visible="true" />
  <node id="-418" lat="48.7634827" lon="11.4235060" visible="true" />
  <node id="-419" lat="48.7634972" lon="11.4235039" visible="true" />
  <node id="-420" lat="48.7635266" lon="11.4232119" visible="true" />
  <node id="-421" lat="48.7635179" lon="11.4231670" visible="true" />
  <node id="-422" lat="48.7634813" lon="11.4231775" visible="true" />
  <node id="-423" lat="48.7634522" lon="11.4231892" visible="true" />
  <node id="-424" lat="48.7634449" lon="11.4231911" visible="true" />
  <node id="-425" lat="48.7634508" lon="11.4232514" visible="true" />
  <node id="-426" lat="48.7633162" lon="11.4230495" visible="true" />
  <node id="-427" lat="48.7633880" lon="11.4230262" visible="true" />
  <node id="-428" lat="48.7633815" lon="11.4229840" visible="true" />
  <node id="-429" lat="48.7633936" lon="11.4229807" visible="true" />
  <node id="-430" lat="48.7633359" lon="11.4239405" visible="true" />
  <node id="-431" lat="48.7634327" lon="11.4239289" visible="true" />
  <node id="-432" lat="48.7634916" lon="11.4225140" visible="true" />
  <node id="-433" lat="48.7634989" lon="11.4225116" visible="true" />
  <node id="-434" lat="48.7635692" lon="11.4224888" visible="true" />
  <node id="-435" lat="48.7635910" lon="11.4224817" visible="true" />
  <node id="-436" lat="48.7633229" lon="11.4232203" visible="true" />
  <node id="-437" lat="48.7634588" lon="11.4233344" visible="true" />
  <node id="-438" lat="48.7635547" lon="11.4231564" visible="true" />
  <node id="-439" lat="48.7635419" lon="11.4230540" visible="true" />
  <node id="-440" lat="48.7634681" lon="11.4230788" visible="true" />
  <node id="-441" lat="48.7634723" lon="11.4231053" visible="true" />
  <node id="-442" lat="48.7632970" lon="11.4227228" visible="true" />
  <node id="-443" lat="48.7632853" lon="11.4225886" visible="true" />
  <node id="-444" lat="48.7634304" lon="11.4225247" visible="true" />
  <node id="-445" lat="48.7633603" lon="11.4226593" visible="true" />
  <node id="-446" lat="48.7633653" lon="11.4227024" visible="true" />
  <node id="-447" lat="48.7635237" lon="11.4229794" visible="true" />
  <node id="-448" lat="48.7634309" lon="11.4230126" visible="true" />
  <node id="-449" lat="48.7634386" lon="11.4230791" visible="true" />
  <node id="-450" lat="48.7634427" lon="11.4231141" visible="true" />
  <node id="-451" lat="48.7638120" lon="11.4233276" visible="true" />
  <node id="-452" lat="48.7637832" lon="11.4233624" visible="true" />
  <node id="-453" lat="48.7633431" lon="11.4236539" visible="true" />
  <node id="-454" lat="48.7637869" lon="11.4233899" visible="true" />
  <node id="-455" lat="48.7636614" lon="11.4234002" visible="true" />
  <node id="-456" lat="48.7635740" lon="11.4231873" visible="true" />
  <node id="-457" lat="48.7634954" lon="11.4233262" visible="true" />
  <node id="-458" lat="48.7633028" lon="11.4227869" visible="true" />
  <node id="-459" lat="48.7634216" lon="11.4229714" visible="true" />
  <node id="-460" lat="48.7633970" lon="11.4230907" visible="true" />
  <node id="-461" lat="48.7614616" lon="11.4225822" visible="true" />
  <node id="-462" lat="48.7614863" lon="11.4223945" visible="true" />
  <node id="-463" lat="48.7615068" lon="11.4224048" visible="true" />
  <node id="-464" lat="48.7615190" lon="11.4223275" visible="true" />
  <node id="-465" lat="48.7616072" lon="11.4223534" visible="true" />
  <node id="-466" lat="48.7616014" lon="11.4224220" visible="true" />
  <node id="-467" lat="48.7617304" lon="11.4228850" visible="true" />
  <node id="-468" lat="48.7616529" lon="11.4229034" visible="true" />
  <node id="-469" lat="48.7616363" lon="11.4228518" visible="true" />
  <node id="-470" lat="48.7615248" lon="11.4228924" visible="true" />
  <node id="-471" lat="48.7615265" lon="11.4229933" visible="true" />
  <node id="-472" lat="48.7614625" lon="11.4229966" visible="true" />
  <node id="-473" lat="48.7614610" lon="11.4229097" visible="true" />
  <node id="-474" lat="48.7614603" lon="11.4227770" visible="true" />
  <node id="-475" lat="48.7615545" lon="11.4227676" visible="true" />
  <node id="-476" lat="48.7615529" lon="11.4227418" visible="true" />
  <node id="-477" lat="48.7616050" lon="11.4227248" visible="true" />
  <node id="-478" lat="48.7615678" lon="11.4225966" visible="true" />
  <node id="-479" lat="48.7615436" lon="11.4226112" visible="true" />
  <node id="-480" lat="48.7571806" lon="11.4297995" visible="true" />
  <node id="-481" lat="48.7571660" lon="11.4299054" visible="true" />
  <node id="-482" lat="48.7570492" lon="11.4299612" visible="true" />
  <node id="-483" lat="48.7569978" lon="11.4299189" visible="true" />
  <node id="-484" lat="48.7569765" lon="11.4298429" visible="true" />
  <node id="-485" lat="48.7570190" lon="11.4298236" visible="true" />
  <node id="-486" lat="48.7601089" lon="11.4299455" visible="true" />
  <node id="-487" lat="48.7600220" lon="11.4302218" visible="true" />
  <node id="-488" lat="48.7598901" lon="11.4301263" visible="true" />
  <node id="-489" lat="48.7599770" lon="11.4298500" visible="true" />
  <node id="-490" lat="48.7592826" lon="11.4298476" visible="true" />
  <node id="-491" lat="48.7593122" lon="11.4297595" visible="true" />
  <node id="-492" lat="48.7593441" lon="11.4296627" visible="true" />
  <node id="-493" lat="48.7593516" lon="11.4296685" visible="true" />
  <node id="-494" lat="48.7593583" lon="11.4296483" visible="true" />
  <node id="-495" lat="48.7594384" lon="11.4297095" visible="true" />
  <node id="-496" lat="48.7594314" lon="11.4297306" visible="true" />
  <node id="-497" lat="48.7594373" lon="11.4297352" visible="true" />
  <node id="-498" lat="48.7593759" lon="11.4299200" visible="true" />
  <node id="-499" lat="48.7593692" lon="11.4299148" visible="true" />
  <node id="-500" lat="48.7593618" lon="11.4299371" visible="true" />
  <node id="-501" lat="48.7592813" lon="11.4298755" visible="true" />
  <node id="-502" lat="48.7592890" lon="11.4298524" visible="true" />
  <node id="-503" lat="48.7567872" lon="11.4299288" visible="true" />
  <node id="-504" lat="48.7567163" lon="11.4295693" visible="true" />
  <node id="-505" lat="48.7569056" lon="11.4294834" visible="true" />
  <node id="-506" lat="48.7569481" lon="11.4294641" visible="true" />
  <node id="-507" lat="48.7637592" lon="11.4219800" visible="true" />
  <node id="-508" lat="48.7637576" lon="11.4219559" visible="true" />
  <node id="-509" lat="48.7637566" lon="11.4219366" visible="true" />
  <node id="-510" lat="48.7638129" lon="11.4219318" visible="true" />
  <node id="-511" lat="48.7638290" lon="11.4222764" visible="true" />
  <node id="-512" lat="48.7638323" lon="11.4223240" visible="true" />
  <node id="-513" lat="48.7636636" lon="11.4223430" visible="true" />
  <node id="-514" lat="48.7636561" lon="11.4222230" visible="true" />
  <node id="-515" lat="48.7636531" lon="11.4221750" visible="true" />
  <node id="-516" lat="48.7637183" lon="11.4221656" visible="true" />
  <node id="-517" lat="48.7637083" lon="11.4220061" visible="true" />
  <node id="-518" lat="48.7637072" lon="11.4219875" visible="true" />
  <node id="-519" lat="48.7634676" lon="11.4222366" visible="true" />
  <node id="-520" lat="48.7634397" lon="11.4222448" visible="true" />
  <node id="-521" lat="48.7634350" lon="11.4222134" visible="true" />
  <node id="-522" lat="48.7635407" lon="11.4221949" visible="true" />
  <node id="-523" lat="48.7635444" lon="11.4222568" visible="true" />
  <node id="-524" lat="48.7636011" lon="11.4222395" visible="true" />
  <node id="-525" lat="48.7634883" lon="11.4223971" visible="true" />
  <node id="-526" lat="48.7633056" lon="11.4224576" visible="true" />
  <node id="-527" lat="48.7632859" lon="11.4222956" visible="true" />
  <node id="-528" lat="48.7634412" lon="11.4222573" visible="true" />
  <node id="-529" lat="48.7634194" lon="11.4221024" visible="true" />
  <node id="-530" lat="48.7632651" lon="11.4221468" visible="true" />
  <node id="-531" lat="48.7596356" lon="11.4242427" visible="true" />
  <node id="-532" lat="48.7596874" lon="11.4242854" visible="true" />
  <node id="-533" lat="48.7597924" lon="11.4239771" visible="true" />
  <node id="-534" lat="48.7597794" lon="11.4239660" visible="true" />
  <node id="-535" lat="48.7598290" lon="11.4238754" visible="true" />
  <node id="-536" lat="48.7596315" lon="11.4236770" visible="true" />
  <node id="-537" lat="48.7596094" lon="11.4237234" visible="true" />
  <node id="-538" lat="48.7595652" lon="11.4236726" visible="true" />
  <node id="-539" lat="48.7594628" lon="11.4238661" visible="true" />
  <node id="-540" lat="48.7593604" lon="11.4240706" visible="true" />
  <node id="-541" lat="48.7594216" lon="11.4241410" visible="true" />
  <node id="-542" lat="48.7594021" lon="11.4241823" visible="true" />
  <node id="-543" lat="48.7598464" lon="11.4244283" visible="true" />
  <node id="-544" lat="48.7597990" lon="11.4243911" visible="true" />
  <node id="-545" lat="48.7597681" lon="11.4243669" visible="true" />
  <node id="-546" lat="48.7596825" lon="11.4242998" visible="true" />
  <node id="-547" lat="48.7599563" lon="11.4241055" visible="true" />
  <node id="-548" lat="48.7623884" lon="11.4237701" visible="true" />
  <node id="-549" lat="48.7623286" lon="11.4237567" visible="true" />
  <node id="-550" lat="48.7622639" lon="11.4237884" visible="true" />
  <node id="-551" lat="48.7622826" lon="11.4238652" visible="true" />
  <node id="-552" lat="48.7623328" lon="11.4240518" visible="true" />
  <node id="-553" lat="48.7623747" lon="11.4240332" visible="true" />
  <node id="-554" lat="48.7624283" lon="11.4240094" visible="true" />
  <node id="-555" lat="48.7543818" lon="11.4287739" visible="true" />
  <node id="-556" lat="48.7544747" lon="11.4287759" visible="true" />
  <node id="-557" lat="48.7544693" lon="11.4293385" visible="true" />
  <node id="-558" lat="48.7544914" lon="11.4293390" visible="true" />
  <node id="-559" lat="48.7544886" lon="11.4296361" visible="true" />
  <node id="-560" lat="48.7543986" lon="11.4296342" visible="true" />
  <node id="-561" lat="48.7544012" lon="11.4293630" visible="true" />
  <node id="-562" lat="48.7543762" lon="11.4293624" visible="true" />
  <node id="-563" lat="48.7573825" lon="11.4272897" visible="true" />
  <node id="-564" lat="48.7574869" lon="11.4271645" visible="true" />
  <node id="-565" lat="48.7576012" lon="11.4273836" visible="true" />
  <node id="-566" lat="48.7574968" lon="11.4275088" visible="true" />
  <node id="-567" lat="48.7565758" lon="11.4264638" visible="true" />
  <node id="-568" lat="48.7564901" lon="11.4266141" visible="true" />
  <node id="-569" lat="48.7564349" lon="11.4265418" visible="true" />
  <node id="-570" lat="48.7564667" lon="11.4264860" visible="true" />
  <node id="-571" lat="48.7564065" lon="11.4264081" visible="true" />
  <node id="-572" lat="48.7564648" lon="11.4263034" visible="true" />
  <node id="-573" lat="48.7566834" lon="11.4270267" visible="true" />
  <node id="-574" lat="48.7568094" lon="11.4268433" visible="true" />
  <node id="-575" lat="48.7568676" lon="11.4269353" visible="true" />
  <node id="-576" lat="48.7567416" lon="11.4271187" visible="true" />
  <node id="-577" lat="48.7581737" lon="11.4277280" visible="true" />
  <node id="-578" lat="48.7582466" lon="11.4278570" visible="true" />
  <node id="-579" lat="48.7581643" lon="11.4279640" visible="true" />
  <node id="-580" lat="48.7580914" lon="11.4278350" visible="true" />
  <node id="-581" lat="48.7569155" lon="11.4265304" visible="true" />
  <node id="-582" lat="48.7570112" lon="11.4263661" visible="true" />
  <node id="-583" lat="48.7571557" lon="11.4265598" visible="true" />
  <node id="-584" lat="48.7570600" lon="11.4267240" visible="true" />
  <node id="-585" lat="48.7571910" lon="11.4269381" visible="true" />
  <node id="-586" lat="48.7572830" lon="11.4268290" visible="true" />
  <node id="-587" lat="48.7573855" lon="11.4270277" visible="true" />
  <node id="-588" lat="48.7572935" lon="11.4271368" visible="true" />
  <node id="-589" lat="48.7572028" lon="11.4275292" visible="true" />
  <node id="-590" lat="48.7573204" lon="11.4277509" visible="true" />
  <node id="-591" lat="48.7572170" lon="11.4278771" visible="true" />
  <node id="-592" lat="48.7570994" lon="11.4276554" visible="true" />
  <node id="-593" lat="48.7569189" lon="11.4272871" visible="true" />
  <node id="-594" lat="48.7570097" lon="11.4271763" visible="true" />
  <node id="-595" lat="48.7571138" lon="11.4273725" visible="true" />
  <node id="-596" lat="48.7570230" lon="11.4274833" visible="true" />
  <node id="-597" lat="48.7624308" lon="11.4248588" visible="true" />
  <node id="-598" lat="48.7624905" lon="11.4250139" visible="true" />
  <node id="-599" lat="48.7624246" lon="11.4250723" visible="true" />
  <node id="-600" lat="48.7623395" lon="11.4249387" visible="true" />
  <node id="-601" lat="48.7621160" lon="11.4241128" visible="true" />
  <node id="-602" lat="48.7621940" lon="11.4242627" visible="true" />
  <node id="-603" lat="48.7621304" lon="11.4243646" visible="true" />
  <node id="-604" lat="48.7620360" lon="11.4242323" visible="true" />
  <node id="-605" lat="48.7619740" lon="11.4241327" visible="true" />
  <node id="-606" lat="48.7620540" lon="11.4240132" visible="true" />
  <node id="-607" lat="48.7619140" lon="11.4239372" visible="true" />
  <node id="-608" lat="48.7619601" lon="11.4238622" visible="true" />
  <node id="-609" lat="48.7619294" lon="11.4238061" visible="true" />
  <node id="-610" lat="48.7618775" lon="11.4238520" visible="true" />
  <node id="-611" lat="48.7618121" lon="11.4237641" visible="true" />
  <node id="-612" lat="48.7618886" lon="11.4237024" visible="true" />
  <node id="-613" lat="48.7618525" lon="11.4238742" visible="true" />
  <node id="-614" lat="48.7617763" lon="11.4236620" visible="true" />
  <node id="-615" lat="48.7618529" lon="11.4236003" visible="true" />
  <node id="-616" lat="48.7617271" lon="11.4244448" visible="true" />
  <node id="-617" lat="48.7618076" lon="11.4246453" visible="true" />
  <node id="-618" lat="48.7617123" lon="11.4247328" visible="true" />
  <node id="-619" lat="48.7617002" lon="11.4247025" visible="true" />
  <node id="-620" lat="48.7616460" lon="11.4247522" visible="true" />
  <node id="-621" lat="48.7615809" lon="11.4245901" visible="true" />
  <node id="-622" lat="48.7615423" lon="11.4246256" visible="true" />
  <node id="-623" lat="48.7615170" lon="11.4245626" visible="true" />
  <node id="-624" lat="48.7615759" lon="11.4245089" visible="true" />
  <node id="-625" lat="48.7615992" lon="11.4245623" visible="true" />
  <node id="-626" lat="48.7630310" lon="11.4223244" visible="true" />
  <node id="-627" lat="48.7629773" lon="11.4223356" visible="true" />
  <node id="-628" lat="48.7628127" lon="11.4223770" visible="true" />
  <node id="-629" lat="48.7628063" lon="11.4222949" visible="true" />
  <node id="-630" lat="48.7627957" lon="11.4221602" visible="true" />
  <node id="-631" lat="48.7629430" lon="11.4221046" visible="true" />
  <node id="-632" lat="48.7629945" lon="11.4220838" visible="true" />
  <node id="-633" lat="48.7630097" lon="11.4221782" visible="true" />
  <node id="-634" lat="48.7630293" lon="11.4223047" visible="true" />
  <node id="-635" lat="48.7632078" lon="11.4223901" visible="true" />
  <node id="-636" lat="48.7632250" lon="11.4225794" visible="true" />
  <node id="-637" lat="48.7631740" lon="11.4225900" visible="true" />
  <node id="-638" lat="48.7631101" lon="11.4226034" visible="true" />
  <node id="-639" lat="48.7630929" lon="11.4224141" visible="true" />
  <node id="-640" lat="48.7631072" lon="11.4224112" visible="true" />
  <node id="-641" lat="48.7628947" lon="11.4226646" visible="true" />
  <node id="-642" lat="48.7627943" lon="11.4226732" visible="true" />
  <node id="-643" lat="48.7627917" lon="11.4226080" visible="true" />
  <node id="-644" lat="48.7627876" lon="11.4224953" visible="true" />
  <node id="-645" lat="48.7628881" lon="11.4224866" visible="true" />
  <node id="-646" lat="48.7628908" lon="11.4225632" visible="true" />
  <node id="-647" lat="48.7630260" lon="11.4224443" visible="true" />
  <node id="-648" lat="48.7630495" lon="11.4226201" visible="true" />
  <node id="-649" lat="48.7629678" lon="11.4226451" visible="true" />
  <node id="-650" lat="48.7629483" lon="11.4225001" visible="true" />
  <node id="-651" lat="48.7629443" lon="11.4224694" visible="true" />
  <node id="-652" lat="48.7630975" lon="11.4222804" visible="true" />
  <node id="-653" lat="48.7631921" lon="11.4222468" visible="true" />
  <node id="-654" lat="48.7631725" lon="11.4221203" visible="true" />
  <node id="-655" lat="48.7630526" lon="11.4221629" visible="true" />
  <node id="-656" lat="48.7565879" lon="11.4287097" visible="true" />
  <node id="-657" lat="48.7566508" lon="11.4287586" visible="true" />
  <node id="-658" lat="48.7566279" lon="11.4288258" visible="true" />
  <node id="-659" lat="48.7566645" lon="11.4288543" visible="true" />
  <node id="-660" lat="48.7566085" lon="11.4290191" visible="true" />
  <node id="-661" lat="48.7565347" lon="11.4289617" visible="true" />
  <node id="-662" lat="48.7565546" lon="11.4289031" visible="true" />
  <node id="-663" lat="48.7565290" lon="11.4288832" visible="true" />
  <node id="-664" lat="48.7604111" lon="11.4235811" visible="true" />
  <node id="-665" lat="48.7607168" lon="11.4227554" visible="true" />
  <node id="-666" lat="48.7606810" lon="11.4227249" visible="true" />
  <node id="-667" lat="48.7603752" lon="11.4235506" visible="true" />
  <node id="-668" lat="48.7619188" lon="11.4240486" visible="true" />
  <node id="-669" lat="48.7619312" lon="11.4240285" visible="true" />
  <node id="-670" lat="48.7618920" lon="11.4239731" visible="true" />
  <node id="-671" lat="48.7634218" lon="11.4255682" visible="true" />
  <node id="-672" lat="48.7636336" lon="11.4256143" visible="true" />
  <node id="-673" lat="48.7636519" lon="11.4254130" visible="true" />
  <node id="-674" lat="48.7634315" lon="11.4253493" visible="true" />
  <node id="-675" lat="48.7601503" lon="11.4263562" visible="true" />
  <node id="-676" lat="48.7603312" lon="11.4265375" visible="true" />
  <node id="-677" lat="48.7603608" lon="11.4264600" visible="true" />
  <node id="-678" lat="48.7602498" lon="11.4263469" visible="true" />
  <node id="-679" lat="48.7601743" lon="11.4262774" visible="true" />
  <node id="-680" lat="48.7605419" lon="11.4267211" visible="true" />
  <node id="-681" lat="48.7604553" lon="11.4266490" visible="true" />
  <node id="-682" lat="48.7604831" lon="11.4265622" visible="true" />
  <node id="-683" lat="48.7604922" lon="11.4265168" visible="true" />
  <node id="-684" lat="48.7605846" lon="11.4265888" visible="true" />
  <node id="-685" lat="48.7605710" lon="11.4266280" visible="true" />
  <node id="-686" lat="48.7602772" lon="11.4262664" visible="true" />
  <node id="-687" lat="48.7602041" lon="11.4261983" visible="true" />
  <node id="-688" lat="48.7606958" lon="11.4263328" visible="true" />
  <node id="-689" lat="48.7606493" lon="11.4265144" visible="true" />
  <node id="-690" lat="48.7607893" lon="11.4266267" visible="true" />
  <node id="-691" lat="48.7608499" lon="11.4264563" visible="true" />
  <node id="-692" lat="48.7604466" lon="11.4261968" visible="true" />
  <node id="-693" lat="48.7605751" lon="11.4263122" visible="true" />
  <node id="-694" lat="48.7605437" lon="11.4263922" visible="true" />
  <node id="-695" lat="48.7605195" lon="11.4264538" visible="true" />
  <node id="-696" lat="48.7603910" lon="11.4263384" visible="true" />
  <node id="-697" lat="48.7606147" lon="11.4267808" visible="true" />
  <node id="-698" lat="48.7606426" lon="11.4266855" visible="true" />
  <node id="-699" lat="48.7607412" lon="11.4267646" visible="true" />
  <node id="-700" lat="48.7606191" lon="11.4264901" visible="true" />
  <node id="-701" lat="48.7602677" lon="11.4260422" visible="true" />
  <node id="-702" lat="48.7604048" lon="11.4261630" visible="true" />
  <node id="-703" lat="48.7603528" lon="11.4263265" visible="true" />
  <node id="-704" lat="48.7606275" lon="11.4251154" visible="true" />
  <node id="-705" lat="48.7606778" lon="11.4252644" visible="true" />
  <node id="-706" lat="48.7605238" lon="11.4253743" visible="true" />
  <node id="-707" lat="48.7604770" lon="11.4252199" visible="true" />
  <node id="-708" lat="48.7605113" lon="11.4261232" visible="true" />
  <node id="-709" lat="48.7603332" lon="11.4259175" visible="true" />
  <node id="-710" lat="48.7604439" lon="11.4258602" visible="true" />
  <node id="-711" lat="48.7605606" lon="11.4259955" visible="true" />
  <node id="-712" lat="48.7608067" lon="11.4252617" visible="true" />
  <node id="-713" lat="48.7605901" lon="11.4254488" visible="true" />
  <node id="-714" lat="48.7606015" lon="11.4254794" visible="true" />
  <node id="-715" lat="48.7606577" lon="11.4256258" visible="true" />
  <node id="-716" lat="48.7607391" lon="11.4255111" visible="true" />
  <node id="-717" lat="48.7607375" lon="11.4254838" visible="true" />
  <node id="-718" lat="48.7608509" lon="11.4253898" visible="true" />
  <node id="-719" lat="48.7607433" lon="11.4260243" visible="true" />
  <node id="-720" lat="48.7606875" lon="11.4257766" visible="true" />
  <node id="-721" lat="48.7606437" lon="11.4256434" visible="true" />
  <node id="-722" lat="48.7604951" lon="11.4255865" visible="true" />
  <node id="-723" lat="48.7605960" lon="11.4258329" visible="true" />
  <node id="-724" lat="48.7606264" lon="11.4259512" visible="true" />
  <node id="-725" lat="48.7606585" lon="11.4260694" visible="true" />
  <node id="-726" lat="48.7606981" lon="11.4260449" visible="true" />
  <node id="-727" lat="48.7602165" lon="11.4253787" visible="true" />
  <node id="-728" lat="48.7602807" lon="11.4256995" visible="true" />
  <node id="-729" lat="48.7603611" lon="11.4254822" visible="true" />
  <node id="-730" lat="48.7605531" lon="11.4261379" visible="true" />
  <node id="-731" lat="48.7610067" lon="11.4253861" visible="true" />
  <node id="-732" lat="48.7610476" lon="11.4256445" visible="true" />
  <node id="-733" lat="48.7610918" lon="11.4259248" visible="true" />
  <node id="-734" lat="48.7611151" lon="11.4261790" visible="true" />
  <node id="-735" lat="48.7611183" lon="11.4263017" visible="true" />
  <node id="-736" lat="48.7609530" lon="11.4263413" visible="true" />
  <node id="-737" lat="48.7609382" lon="11.4262504" visible="true" />
  <node id="-738" lat="48.7609211" lon="11.4261349" visible="true" />
  <node id="-739" lat="48.7608167" lon="11.4261375" visible="true" />
  <node id="-740" lat="48.7607358" lon="11.4257408" visible="true" />
  <node id="-741" lat="48.7607250" lon="11.4256553" visible="true" />
  <node id="-742" lat="48.7607432" lon="11.4255956" visible="true" />
  <node id="-743" lat="48.7607822" lon="11.4255468" visible="true" />
  <node id="-744" lat="48.7608246" lon="11.4254903" visible="true" />
  <node id="-745" lat="48.7608979" lon="11.4254336" visible="true" />
  <node id="-746" lat="48.7605329" lon="11.4247904" visible="true" />
  <node id="-747" lat="48.7604223" lon="11.4245587" visible="true" />
  <node id="-748" lat="48.7603469" lon="11.4246428" visible="true" />
  <node id="-749" lat="48.7604188" lon="11.4248078" visible="true" />
  <node id="-750" lat="48.7604901" lon="11.4248448" visible="true" />
  <node id="-751" lat="48.7601484" lon="11.4250173" visible="true" />
  <node id="-752" lat="48.7601393" lon="11.4249651" visible="true" />
  <node id="-753" lat="48.7601844" lon="11.4249380" visible="true" />
  <node id="-754" lat="48.7601453" lon="11.4248472" visible="true" />
  <node id="-755" lat="48.7601970" lon="11.4248007" visible="true" />
  <node id="-756" lat="48.7602613" lon="11.4249401" visible="true" />
  <node id="-757" lat="48.7602298" lon="11.4249809" visible="true" />
  <node id="-758" lat="48.7602624" lon="11.4242029" visible="true" />
  <node id="-759" lat="48.7603252" lon="11.4240338" visible="true" />
  <node id="-760" lat="48.7603997" lon="11.4241630" visible="true" />
  <node id="-761" lat="48.7604737" lon="11.4242861" visible="true" />
  <node id="-762" lat="48.7603898" lon="11.4243988" visible="true" />
  <node id="-763" lat="48.7604183" lon="11.4244700" visible="true" />
  <node id="-764" lat="48.7604428" lon="11.4245290" visible="true" />
  <node id="-765" lat="48.7603072" lon="11.4246727" visible="true" />
  <node id="-766" lat="48.7603006" lon="11.4244795" visible="true" />
  <node id="-767" lat="48.7601884" lon="11.4244299" visible="true" />
  <node id="-768" lat="48.7607072" lon="11.4249157" visible="true" />
  <node id="-769" lat="48.7608407" lon="11.4248282" visible="true" />
  <node id="-770" lat="48.7607868" lon="11.4246536" visible="true" />
  <node id="-771" lat="48.7607165" lon="11.4244863" visible="true" />
  <node id="-772" lat="48.7606324" lon="11.4243132" visible="true" />
  <node id="-773" lat="48.7604204" lon="11.4238746" visible="true" />
  <node id="-774" lat="48.7603526" lon="11.4239565" visible="true" />
  <node id="-775" lat="48.7604298" lon="11.4241306" visible="true" />
  <node id="-776" lat="48.7605258" lon="11.4243418" visible="true" />
  <node id="-777" lat="48.7605037" lon="11.4244621" visible="true" />
  <node id="-778" lat="48.7605378" lon="11.4245309" visible="true" />
  <node id="-779" lat="48.7605903" lon="11.4244756" visible="true" />
  <node id="-780" lat="48.7606348" lon="11.4245682" visible="true" />
  <node id="-781" lat="48.7605784" lon="11.4246194" visible="true" />
  <node id="-782" lat="48.7606460" lon="11.4247533" visible="true" />
  <node id="-783" lat="48.7607125" lon="11.4247126" visible="true" />
  <node id="-784" lat="48.7607193" lon="11.4247333" visible="true" />
  <node id="-785" lat="48.7606661" lon="11.4247757" visible="true" />
  <node id="-786" lat="48.7601769" lon="11.4244977" visible="true" />
  <node id="-787" lat="48.7602392" lon="11.4245028" visible="true" />
  <node id="-788" lat="48.7602491" lon="11.4247023" visible="true" />
  <node id="-789" lat="48.7602449" lon="11.4247746" visible="true" />
  <node id="-790" lat="48.7603032" lon="11.4247792" visible="true" />
  <node id="-791" lat="48.7602704" lon="11.4252008" visible="true" />
  <node id="-792" lat="48.7601892" lon="11.4252370" visible="true" />
  <node id="-793" lat="48.7602567" lon="11.4251189" visible="true" />
  <node id="-794" lat="48.7601360" lon="11.4246848" visible="true" />
  <node id="-795" lat="48.7601550" lon="11.4245243" visible="true" />
  <node id="-796" lat="48.7602035" lon="11.4245282" visible="true" />
  <node id="-797" lat="48.7601965" lon="11.4246943" visible="true" />
  <node id="-798" lat="48.7601178" lon="11.4248581" visible="true" />
  <node id="-799" lat="48.7602434" lon="11.4247974" visible="true" />
  <node id="-800" lat="48.7606109" lon="11.4249863" visible="true" />
  <node id="-801" lat="48.7603316" lon="11.4251663" visible="true" />
  <node id="-802" lat="48.7603209" lon="11.4250923" visible="true" />
  <node id="-803" lat="48.7603101" lon="11.4250271" visible="true" />
  <node id="-804" lat="48.7605745" lon="11.4248501" visible="true" />
  <node id="-805" lat="48.7619357" lon="11.4255309" visible="true" />
  <node id="-806" lat="48.7619998" lon="11.4254762" visible="true" />
  <node id="-807" lat="48.7619292" lon="11.4253047" visible="true" />
  <node id="-808" lat="48.7618701" lon="11.4253575" visible="true" />
  <node id="-809" lat="48.7620988" lon="11.4253735" visible="true" />
  <node id="-810" lat="48.7619008" lon="11.4252293" visible="true" />
  <node id="-811" lat="48.7611212" lon="11.4255953" visible="true" />
  <node id="-812" lat="48.7611034" lon="11.4254844" visible="true" />
  <node id="-813" lat="48.7612670" lon="11.4254148" visible="true" />
  <node id="-814" lat="48.7612858" lon="11.4255161" visible="true" />
  <node id="-815" lat="48.7618190" lon="11.4256535" visible="true" />
  <node id="-816" lat="48.7617591" lon="11.4254674" visible="true" />
  <node id="-817" lat="48.7616764" lon="11.4255343" visible="true" />
  <node id="-818" lat="48.7617141" lon="11.4256386" visible="true" />
  <node id="-819" lat="48.7615858" lon="11.4257595" visible="true" />
  <node id="-820" lat="48.7615494" lon="11.4256398" visible="true" />
  <node id="-821" lat="48.7614573" lon="11.4257164" visible="true" />
  <node id="-822" lat="48.7615053" lon="11.4258423" visible="true" />
  <node id="-823" lat="48.7615424" lon="11.4259340" visible="true" />
  <node id="-824" lat="48.7617707" lon="11.4257050" visible="true" />
  <node id="-825" lat="48.7611313" lon="11.4249194" visible="true" />
  <node id="-826" lat="48.7615049" lon="11.4247526" visible="true" />
  <node id="-827" lat="48.7614925" lon="11.4246749" visible="true" />
  <node id="-828" lat="48.7611099" lon="11.4248448" visible="true" />
  <node id="-829" lat="48.7617049" lon="11.4253388" visible="true" />
  <node id="-830" lat="48.7615652" lon="11.4254386" visible="true" />
  <node id="-831" lat="48.7615055" lon="11.4254885" visible="true" />
  <node id="-832" lat="48.7612026" lon="11.4262323" visible="true" />
  <node id="-833" lat="48.7611701" lon="11.4260028" visible="true" />
  <node id="-834" lat="48.7612563" lon="11.4259603" visible="true" />
  <node id="-835" lat="48.7613031" lon="11.4261827" visible="true" />
  <node id="-836" lat="48.7614506" lon="11.4258918" visible="true" />
  <node id="-837" lat="48.7613398" lon="11.4256107" visible="true" />
  <node id="-838" lat="48.7612336" lon="11.4256577" visible="true" />
  <node id="-839" lat="48.7611363" lon="11.4257120" visible="true" />
  <node id="-840" lat="48.7611499" lon="11.4258188" visible="true" />
  <node id="-841" lat="48.7612532" lon="11.4257576" visible="true" />
  <node id="-842" lat="48.7612812" lon="11.4258295" visible="true" />
  <node id="-843" lat="48.7614348" lon="11.4260893" visible="true" />
  <node id="-844" lat="48.7615531" lon="11.4259756" visible="true" />
  <node id="-845" lat="48.7614924" lon="11.4254332" visible="true" />
  <node id="-846" lat="48.7614613" lon="11.4254480" visible="true" />
  <node id="-847" lat="48.7614441" lon="11.4253745" visible="true" />
  <node id="-848" lat="48.7614027" lon="11.4251906" visible="true" />
  <node id="-849" lat="48.7613766" lon="11.4250782" visible="true" />
  <node id="-850" lat="48.7614669" lon="11.4250283" visible="true" />
  <node id="-851" lat="48.7613585" lon="11.4241834" visible="true" />
  <node id="-852" lat="48.7612093" lon="11.4243195" visible="true" />
  <node id="-853" lat="48.7612201" lon="11.4243467" visible="true" />
  <node id="-854" lat="48.7609008" lon="11.4246377" visible="true" />
  <node id="-855" lat="48.7609552" lon="11.4247750" visible="true" />
  <node id="-856" lat="48.7612776" lon="11.4244811" visible="true" />
  <node id="-857" lat="48.7612731" lon="11.4244697" visible="true" />
  <node id="-858" lat="48.7613918" lon="11.4243614" visible="true" />
  <node id="-859" lat="48.7614836" lon="11.4245931" visible="true" />
  <node id="-860" lat="48.7615094" lon="11.4243409" visible="true" />
  <node id="-861" lat="48.7616393" lon="11.4242225" visible="true" />
  <node id="-862" lat="48.7615866" lon="11.4240895" visible="true" />
  <node id="-863" lat="48.7613917" lon="11.4242671" visible="true" />
  <node id="-864" lat="48.7610070" lon="11.4248998" visible="true" />
  <node id="-865" lat="48.7611001" lon="11.4252402" visible="true" />
  <node id="-866" lat="48.7611931" lon="11.4251820" visible="true" />
  <node id="-867" lat="48.7611000" lon="11.4248416" visible="true" />
  <node id="-868" lat="48.7618481" lon="11.4252895" visible="true" />
  <node id="-869" lat="48.7610912" lon="11.4254228" visible="true" />
  <node id="-870" lat="48.7610599" lon="11.4252621" visible="true" />
  <node id="-871" lat="48.7612351" lon="11.4253348" visible="true" />
  <node id="-872" lat="48.7628900" lon="11.4224648" visible="true" />
  <node id="-873" lat="48.7628245" lon="11.4224743" visible="true" />
  <node id="-874" lat="48.7628196" lon="11.4223977" visible="true" />
  <node id="-875" lat="48.7628852" lon="11.4223882" visible="true" />
  <node id="-876" lat="48.7629243" lon="11.4225564" visible="true" />
  <node id="-877" lat="48.7629198" lon="11.4225071" visible="true" />
  <node id="-878" lat="48.7608578" lon="11.4252175" visible="true" />
  <node id="-879" lat="48.7608430" lon="11.4251653" visible="true" />
  <node id="-880" lat="48.7609199" lon="11.4251180" visible="true" />
  <node id="-881" lat="48.7609379" lon="11.4251812" visible="true" />
  <node id="-882" lat="48.7609682" lon="11.4252846" visible="true" />
  <node id="-883" lat="48.7618017" lon="11.4233346" visible="true" />
  <node id="-884" lat="48.7617273" lon="11.4233772" visible="true" />
  <node id="-885" lat="48.7616928" lon="11.4232406" visible="true" />
  <node id="-886" lat="48.7617797" lon="11.4232144" visible="true" />
  <node id="-887" lat="48.7621621" lon="11.4240328" visible="true" />
  <node id="-888" lat="48.7622174" lon="11.4239894" visible="true" />
  <node id="-889" lat="48.7623269" lon="11.4242600" visible="true" />
  <node id="-890" lat="48.7622657" lon="11.4243207" visible="true" />
  <node id="-891" lat="48.7607499" lon="11.4231442" visible="true" />
  <node id="-892" lat="48.7606797" lon="11.4230904" visible="true" />
  <node id="-893" lat="48.7607228" lon="11.4229592" visible="true" />
  <node id="-894" lat="48.7607950" lon="11.4230130" visible="true" />
  <node id="-895" lat="48.7609672" lon="11.4224926" visible="true" />
  <node id="-896" lat="48.7608915" lon="11.4226626" visible="true" />
  <node id="-897" lat="48.7608322" lon="11.4226248" visible="true" />
  <node id="-898" lat="48.7609036" lon="11.4224361" visible="true" />
  <node id="-899" lat="48.7626180" lon="11.4244962" visible="true" />
  <node id="-900" lat="48.7626496" lon="11.4244811" visible="true" />
  <node id="-901" lat="48.7627305" lon="11.4244422" visible="true" />
  <node id="-902" lat="48.7628115" lon="11.4247996" visible="true" />
  <node id="-903" lat="48.7627152" lon="11.4248547" visible="true" />
  <node id="-904" lat="48.7626785" lon="11.4247163" visible="true" />
  <node id="-905" lat="48.7624783" lon="11.4248456" visible="true" />
  <node id="-906" lat="48.7625796" lon="11.4247754" visible="true" />
  <node id="-907" lat="48.7626204" lon="11.4249191" visible="true" />
  <node id="-908" lat="48.7625767" lon="11.4249524" visible="true" />
  <node id="-909" lat="48.7625281" lon="11.4249917" visible="true" />
  <node id="-910" lat="48.7606669" lon="11.4239001" visible="true" />
  <node id="-911" lat="48.7607041" lon="11.4240281" visible="true" />
  <node id="-912" lat="48.7606390" lon="11.4240929" visible="true" />
  <node id="-913" lat="48.7605884" lon="11.4239795" visible="true" />
  <node id="-914" lat="48.7616776" lon="11.4231105" visible="true" />
  <node id="-915" lat="48.7617650" lon="11.4230858" visible="true" />
  <node id="-916" lat="48.7613076" lon="11.4233687" visible="true" />
  <node id="-917" lat="48.7612576" lon="11.4234317" visible="true" />
  <node id="-918" lat="48.7612365" lon="11.4234532" visible="true" />
  <node id="-919" lat="48.7611569" lon="11.4232629" visible="true" />
  <node id="-920" lat="48.7611476" lon="11.4232727" visible="true" />
  <node id="-921" lat="48.7611248" lon="11.4232209" visible="true" />
  <node id="-922" lat="48.7611934" lon="11.4231439" visible="true" />
  <node id="-923" lat="48.7612092" lon="11.4231292" visible="true" />
  <node id="-924" lat="48.7612321" lon="11.4231849" visible="true" />
  <node id="-925" lat="48.7614011" lon="11.4230704" visible="true" />
  <node id="-926" lat="48.7614223" lon="11.4231905" visible="true" />
  <node id="-927" lat="48.7613697" lon="11.4232237" visible="true" />
  <node id="-928" lat="48.7613489" lon="11.4230991" visible="true" />
  <node id="-929" lat="48.7608209" lon="11.4250857" visible="true" />
  <node id="-930" lat="48.7607858" lon="11.4251074" visible="true" />
  <node id="-931" lat="48.7607638" lon="11.4250185" visible="true" />
  <node id="-932" lat="48.7608697" lon="11.4249388" visible="true" />
  <node id="-933" lat="48.7616396" lon="11.4233622" visible="true" />
  <node id="-934" lat="48.7615615" lon="11.4234115" visible="true" />
  <node id="-935" lat="48.7615149" lon="11.4232843" visible="true" />
  <node id="-936" lat="48.7615691" lon="11.4232357" visible="true" />
  <node id="-937" lat="48.7615955" lon="11.4232127" visible="true" />
  <node id="-938" lat="48.7611880" lon="11.4226762" visible="true" />
  <node id="-939" lat="48.7611673" lon="11.4228474" visible="true" />
  <node id="-940" lat="48.7610794" lon="11.4227906" visible="true" />
  <node id="-941" lat="48.7610885" lon="11.4226461" visible="true" />
  <node id="-942" lat="48.7607186" lon="11.4232376" visible="true" />
  <node id="-943" lat="48.7606470" lon="11.4231853" visible="true" />
  <node id="-944" lat="48.7616906" lon="11.4233982" visible="true" />
  <node id="-945" lat="48.7617203" lon="11.4235176" visible="true" />
  <node id="-946" lat="48.7616169" lon="11.4235768" visible="true" />
  <node id="-947" lat="48.7615816" lon="11.4234613" visible="true" />
  <node id="-948" lat="48.7610286" lon="11.4223720" visible="true" />
  <node id="-949" lat="48.7609797" lon="11.4225041" visible="true" />
  <node id="-950" lat="48.7609544" lon="11.4223011" visible="true" />
  <node id="-951" lat="48.7606118" lon="11.4232892" visible="true" />
  <node id="-952" lat="48.7606746" lon="11.4233399" visible="true" />
  <node id="-953" lat="48.7606189" lon="11.4235042" visible="true" />
  <node id="-954" lat="48.7605570" lon="11.4234493" visible="true" />
  <node id="-955" lat="48.7625165" lon="11.4244970" visible="true" />
  <node id="-956" lat="48.7625715" lon="11.4246384" visible="true" />
  <node id="-957" lat="48.7625485" lon="11.4246572" visible="true" />
  <node id="-958" lat="48.7624484" lon="11.4247501" visible="true" />
  <node id="-959" lat="48.7624051" lon="11.4246038" visible="true" />
  <node id="-960" lat="48.7609623" lon="11.4242494" visible="true" />
  <node id="-961" lat="48.7608854" lon="11.4243493" visible="true" />
  <node id="-962" lat="48.7608287" lon="11.4242419" visible="true" />
  <node id="-963" lat="48.7609016" lon="11.4241452" visible="true" />
  <node id="-964" lat="48.7613105" lon="11.4225592" visible="true" />
  <node id="-965" lat="48.7613986" lon="11.4225792" visible="true" />
  <node id="-966" lat="48.7613809" lon="11.4227548" visible="true" />
  <node id="-967" lat="48.7612872" lon="11.4227415" visible="true" />
  <node id="-968" lat="48.7615437" lon="11.4231047" visible="true" />
  <node id="-969" lat="48.7615835" lon="11.4230737" visible="true" />
  <node id="-970" lat="48.7616163" lon="11.4231919" visible="true" />
  <node id="-971" lat="48.7614615" lon="11.4230679" visible="true" />
  <node id="-972" lat="48.7611988" lon="11.4238731" visible="true" />
  <node id="-973" lat="48.7611655" lon="11.4239064" visible="true" />
  <node id="-974" lat="48.7610914" lon="11.4240376" visible="true" />
  <node id="-975" lat="48.7610208" lon="11.4239364" visible="true" />
  <node id="-976" lat="48.7611534" lon="11.4237455" visible="true" />
  <node id="-977" lat="48.7611096" lon="11.4224866" visible="true" />
  <node id="-978" lat="48.7612068" lon="11.4225169" visible="true" />
  <node id="-979" lat="48.7610372" lon="11.4221060" visible="true" />
  <node id="-980" lat="48.7610610" lon="11.4221030" visible="true" />
  <node id="-981" lat="48.7611114" lon="11.4222436" visible="true" />
  <node id="-982" lat="48.7610541" lon="11.4223839" visible="true" />
  <node id="-983" lat="48.7605102" lon="11.4237857" visible="true" />
  <node id="-984" lat="48.7604717" lon="11.4237026" visible="true" />
  <node id="-985" lat="48.7606581" lon="11.4235410" visible="true" />
  <node id="-986" lat="48.7605884" lon="11.4237078" visible="true" />
  <node id="-987" lat="48.7608254" lon="11.4229197" visible="true" />
  <node id="-988" lat="48.7607532" lon="11.4228659" visible="true" />
  <node id="-989" lat="48.7607862" lon="11.4227601" visible="true" />
  <node id="-990" lat="48.7608619" lon="11.4228086" visible="true" />
  <node id="-991" lat="48.7618314" lon="11.4234540" visible="true" />
  <node id="-992" lat="48.7625032" lon="11.4242789" visible="true" />
  <node id="-993" lat="48.7625355" lon="11.4242934" visible="true" />
  <node id="-994" lat="48.7625908" lon="11.4244258" visible="true" />
  <node id="-995" lat="48.7623419" lon="11.4244520" visible="true" />
  <node id="-996" lat="48.7623832" lon="11.4244082" visible="true" />
  <node id="-997" lat="48.7624225" lon="11.4243652" visible="true" />
  <node id="-998" lat="48.7613828" lon="11.4229297" visible="true" />
  <node id="-999" lat="48.7612933" lon="11.4229545" visible="true" />
  <node id="-1000" lat="48.7612869" lon="11.4228949" visible="true" />
  <node id="-1001" lat="48.7608007" lon="11.4244467" visible="true" />
  <node id="-1002" lat="48.7607435" lon="11.4243266" visible="true" />
  <node id="-1003" lat="48.7607798" lon="11.4241311" visible="true" />
  <node id="-1004" lat="48.7606949" lon="11.4242162" visible="true" />
  <node id="-1005" lat="48.7607249" lon="11.4240087" visible="true" />
  <node id="-1006" lat="48.7613295" lon="11.4231055" visible="true" />
  <node id="-1007" lat="48.7608450" lon="11.4232685" visible="true" />
  <node id="-1008" lat="48.7610750" lon="11.4230180" visible="true" />
  <node id="-1009" lat="48.7611261" lon="11.4229857" visible="true" />
  <node id="-1010" lat="48.7611150" lon="11.4232037" visible="true" />
  <node id="-1011" lat="48.7609224" lon="11.4234253" visible="true" />
  <node id="-1012" lat="48.7609051" lon="11.4234787" visible="true" />
  <node id="-1013" lat="48.7607430" lon="11.4233959" visible="true" />
  <node id="-1014" lat="48.7607586" lon="11.4233369" visible="true" />
  <node id="-1015" lat="48.7607757" lon="11.4232793" visible="true" />
  <node id="-1016" lat="48.7607871" lon="11.4232388" visible="true" />
  <node id="-1017" lat="48.7612892" lon="11.4237420" visible="true" />
  <node id="-1018" lat="48.7613025" lon="11.4235459" visible="true" />
  <node id="-1019" lat="48.7613226" lon="11.4233525" visible="true" />
  <node id="-1020" lat="48.7614213" lon="11.4235862" visible="true" />
  <node id="-1021" lat="48.7614362" lon="11.4236176" visible="true" />
  <node id="-1022" lat="48.7611914" lon="11.4218927" visible="true" />
  <node id="-1023" lat="48.7610826" lon="11.4219856" visible="true" />
  <node id="-1024" lat="48.7611708" lon="11.4222709" visible="true" />
  <node id="-1025" lat="48.7612188" lon="11.4222378" visible="true" />
  <node id="-1026" lat="48.7612469" lon="11.4222156" visible="true" />
  <node id="-1027" lat="48.7612116" lon="11.4221109" visible="true" />
  <node id="-1028" lat="48.7612496" lon="11.4220815" visible="true" />
  <node id="-1029" lat="48.7612245" lon="11.4219879" visible="true" />
  <node id="-1030" lat="48.7612979" lon="11.4219486" visible="true" />
  <node id="-1031" lat="48.7612762" lon="11.4218525" visible="true" />
  <node id="-1032" lat="48.7612407" lon="11.4265529" visible="true" />
  <node id="-1033" lat="48.7612201" lon="11.4265540" visible="true" />
  <node id="-1034" lat="48.7611029" lon="11.4265586" visible="true" />
  <node id="-1035" lat="48.7610946" lon="11.4265743" visible="true" />
  <node id="-1036" lat="48.7610861" lon="11.4265898" visible="true" />
  <node id="-1037" lat="48.7610884" lon="11.4269561" visible="true" />
  <node id="-1038" lat="48.7611050" lon="11.4269804" visible="true" />
  <node id="-1039" lat="48.7612236" lon="11.4270220" visible="true" />
  <node id="-1040" lat="48.7612422" lon="11.4268586" visible="true" />
  <node id="-1041" lat="48.7612443" lon="11.4268427" visible="true" />
  <node id="-1042" lat="48.7612428" lon="11.4267236" visible="true" />
  <node id="-1043" lat="48.7612409" lon="11.4265679" visible="true" />
  <node id="-1044" lat="48.7601631" lon="11.4261279" visible="true" />
  <node id="-1045" lat="48.7602048" lon="11.4259342" visible="true" />
  <node id="-1046" lat="48.7601472" lon="11.4258972" visible="true" />
  <node id="-1047" lat="48.7601035" lon="11.4258690" visible="true" />
  <node id="-1048" lat="48.7600382" lon="11.4258271" visible="true" />
  <node id="-1049" lat="48.7600339" lon="11.4258427" visible="true" />
  <node id="-1050" lat="48.7600136" lon="11.4258244" visible="true" />
  <node id="-1051" lat="48.7599933" lon="11.4259177" visible="true" />
  <node id="-1052" lat="48.7601114" lon="11.4259943" visible="true" />
  <node id="-1053" lat="48.7600913" lon="11.4260933" visible="true" />
  <node id="-1054" lat="48.7618041" lon="11.4227234" visible="true" />
  <node id="-1055" lat="48.7619788" lon="11.4232997" visible="true" />
  <node id="-1056" lat="48.7621459" lon="11.4231704" visible="true" />
  <node id="-1057" lat="48.7620915" lon="11.4229871" visible="true" />
  <node id="-1058" lat="48.7620608" lon="11.4230052" visible="true" />
  <node id="-1059" lat="48.7620302" lon="11.4228814" visible="true" />
  <node id="-1060" lat="48.7620622" lon="11.4228534" visible="true" />
  <node id="-1061" lat="48.7620160" lon="11.4226910" visible="true" />
  <node id="-1062" lat="48.7619977" lon="11.4227013" visible="true" />
  <node id="-1063" lat="48.7619050" lon="11.4227610" visible="true" />
  <node id="-1064" lat="48.7618811" lon="11.4226726" visible="true" />
  <node id="-1065" lat="48.7624279" lon="11.4241135" visible="true" />
  <node id="-1066" lat="48.7624017" lon="11.4241338" visible="true" />
  <node id="-1067" lat="48.7621979" lon="11.4239087" visible="true" />
  <node id="-1068" lat="48.7624176" lon="11.4241738" visible="true" />
  <node id="-1069" lat="48.7624390" lon="11.4241533" visible="true" />
  <node id="-1070" lat="48.7621367" lon="11.4222368" visible="true" />
  <node id="-1071" lat="48.7621015" lon="11.4221383" visible="true" />
  <node id="-1072" lat="48.7620493" lon="11.4221788" visible="true" />
  <node id="-1073" lat="48.7620520" lon="11.4221970" visible="true" />
  <node id="-1074" lat="48.7619633" lon="11.4222568" visible="true" />
  <node id="-1075" lat="48.7620192" lon="11.4224428" visible="true" />
  <node id="-1076" lat="48.7620863" lon="11.4223977" visible="true" />
  <node id="-1077" lat="48.7620666" lon="11.4223326" visible="true" />
  <node id="-1078" lat="48.7620903" lon="11.4223174" visible="true" />
  <node id="-1079" lat="48.7620795" lon="11.4222776" visible="true" />
  <node id="-1080" lat="48.7620970" lon="11.4222652" visible="true" />
  <node id="-1081" lat="48.7608993" lon="11.4228320" visible="true" />
  <node id="-1082" lat="48.7609100" lon="11.4228073" visible="true" />
  <node id="-1083" lat="48.7610871" lon="11.4229460" visible="true" />
  <node id="-1084" lat="48.7617796" lon="11.4266414" visible="true" />
  <node id="-1085" lat="48.7618482" lon="11.4266382" visible="true" />
  <node id="-1086" lat="48.7619379" lon="11.4266319" visible="true" />
  <node id="-1087" lat="48.7619295" lon="11.4267005" visible="true" />
  <node id="-1088" lat="48.7619194" lon="11.4267828" visible="true" />
  <node id="-1089" lat="48.7618419" lon="11.4267888" visible="true" />
  <node id="-1090" lat="48.7617716" lon="11.4267897" visible="true" />
  <node id="-1091" lat="48.7619423" lon="11.4235252" visible="true" />
  <node id="-1092" lat="48.7620414" lon="11.4234310" visible="true" />
  <node id="-1093" lat="48.7622415" lon="11.4233086" visible="true" />
  <node id="-1094" lat="48.7622465" lon="11.4233341" visible="true" />
  <node id="-1095" lat="48.7622663" lon="11.4234348" visible="true" />
  <node id="-1096" lat="48.7622041" lon="11.4234841" visible="true" />
  <node id="-1097" lat="48.7620477" lon="11.4235634" visible="true" />
  <node id="-1098" lat="48.7621270" lon="11.4237275" visible="true" />
  <node id="-1099" lat="48.7622079" lon="11.4236690" visible="true" />
  <node id="-1100" lat="48.7622326" lon="11.4237528" visible="true" />
  <node id="-1101" lat="48.7622006" lon="11.4237737" visible="true" />
  <node id="-1102" lat="48.7620927" lon="11.4238587" visible="true" />
  <node id="-1103" lat="48.7613192" lon="11.4265654" visible="true" />
  <node id="-1104" lat="48.7613182" lon="11.4267212" visible="true" />
  <node id="-1105" lat="48.7628838" lon="11.4229667" visible="true" />
  <node id="-1106" lat="48.7628900" lon="11.4230966" visible="true" />
  <node id="-1107" lat="48.7627486" lon="11.4231016" visible="true" />
  <node id="-1108" lat="48.7627578" lon="11.4230030" visible="true" />
  <node id="-1109" lat="48.7601500" lon="11.4253529" visible="true" />
  <node id="-1110" lat="48.7601913" lon="11.4255922" visible="true" />
  <node id="-1111" lat="48.7601140" lon="11.4256188" visible="true" />
  <node id="-1112" lat="48.7600792" lon="11.4253784" visible="true" />
  <node id="-1113" lat="48.7626406" lon="11.4269635" visible="true" />
  <node id="-1114" lat="48.7625777" lon="11.4267656" visible="true" />
  <node id="-1115" lat="48.7625033" lon="11.4268171" visible="true" />
  <node id="-1116" lat="48.7625475" lon="11.4269736" visible="true" />
  <node id="-1117" lat="48.7619502" lon="11.4259585" visible="true" />
  <node id="-1118" lat="48.7620001" lon="11.4259061" visible="true" />
  <node id="-1119" lat="48.7620219" lon="11.4258832" visible="true" />
  <node id="-1120" lat="48.7620129" lon="11.4258635" visible="true" />
  <node id="-1121" lat="48.7619546" lon="11.4257360" visible="true" />
  <node id="-1122" lat="48.7618830" lon="11.4258113" visible="true" />
  <node id="-1123" lat="48.7628218" lon="11.4235197" visible="true" />
  <node id="-1124" lat="48.7627469" lon="11.4235228" visible="true" />
  <node id="-1125" lat="48.7627512" lon="11.4237674" visible="true" />
  <node id="-1126" lat="48.7628312" lon="11.4237619" visible="true" />
  <node id="-1127" lat="48.7607033" lon="11.4268569" visible="true" />
  <node id="-1128" lat="48.7625511" lon="11.4266856" visible="true" />
  <node id="-1129" lat="48.7625021" lon="11.4265531" visible="true" />
  <node id="-1130" lat="48.7623935" lon="11.4266343" visible="true" />
  <node id="-1131" lat="48.7624468" lon="11.4267578" visible="true" />
  <node id="-1132" lat="48.7602040" lon="11.4239732" visible="true" />
  <node id="-1133" lat="48.7601868" lon="11.4240172" visible="true" />
  <node id="-1134" lat="48.7601745" lon="11.4240124" visible="true" />
  <node id="-1135" lat="48.7601617" lon="11.4240171" visible="true" />
  <node id="-1136" lat="48.7601505" lon="11.4240385" visible="true" />
  <node id="-1137" lat="48.7601491" lon="11.4240647" visible="true" />
  <node id="-1138" lat="48.7601525" lon="11.4240814" visible="true" />
  <node id="-1139" lat="48.7601589" lon="11.4240946" visible="true" />
  <node id="-1140" lat="48.7602248" lon="11.4241462" visible="true" />
  <node id="-1141" lat="48.7602704" lon="11.4240264" visible="true" />
  <node id="-1142" lat="48.7598391" lon="11.4257997" visible="true" />
  <node id="-1143" lat="48.7598131" lon="11.4259186" visible="true" />
  <node id="-1144" lat="48.7597427" lon="11.4258840" visible="true" />
  <node id="-1145" lat="48.7597732" lon="11.4257642" visible="true" />
  <node id="-1146" lat="48.7612310" lon="11.4256377" visible="true" />
  <node id="-1147" lat="48.7613032" lon="11.4256004" visible="true" />
  <node id="-1148" lat="48.7600468" lon="11.4248747" visible="true" />
  <node id="-1149" lat="48.7600209" lon="11.4249949" visible="true" />
  <node id="-1150" lat="48.7599596" lon="11.4249646" visible="true" />
  <node id="-1151" lat="48.7599858" lon="11.4248505" visible="true" />
  <node id="-1152" lat="48.7621711" lon="11.4261136" visible="true" />
  <node id="-1153" lat="48.7620700" lon="11.4261204" visible="true" />
  <node id="-1154" lat="48.7620615" lon="11.4260413" visible="true" />
  <node id="-1155" lat="48.7620597" lon="11.4260225" visible="true" />
  <node id="-1156" lat="48.7621469" lon="11.4259757" visible="true" />
  <node id="-1157" lat="48.7599891" lon="11.4251377" visible="true" />
  <node id="-1158" lat="48.7599283" lon="11.4251112" visible="true" />
  <node id="-1159" lat="48.7600176" lon="11.4255605" visible="true" />
  <node id="-1160" lat="48.7599935" lon="11.4256950" visible="true" />
  <node id="-1161" lat="48.7599301" lon="11.4256646" visible="true" />
  <node id="-1162" lat="48.7599536" lon="11.4255323" visible="true" />
  <node id="-1163" lat="48.7622757" lon="11.4224050" visible="true" />
  <node id="-1164" lat="48.7623535" lon="11.4223545" visible="true" />
  <node id="-1165" lat="48.7623910" lon="11.4225247" visible="true" />
  <node id="-1166" lat="48.7623105" lon="11.4225692" visible="true" />
  <node id="-1167" lat="48.7600982" lon="11.4245992" visible="true" />
  <node id="-1168" lat="48.7600681" lon="11.4247428" visible="true" />
  <node id="-1169" lat="48.7600079" lon="11.4247204" visible="true" />
  <node id="-1170" lat="48.7600363" lon="11.4245737" visible="true" />
  <node id="-1171" lat="48.7609969" lon="11.4239945" visible="true" />
  <node id="-1172" lat="48.7610638" lon="11.4241007" visible="true" />
  <node id="-1173" lat="48.7620091" lon="11.4271283" visible="true" />
  <node id="-1174" lat="48.7621272" lon="11.4271365" visible="true" />
  <node id="-1175" lat="48.7621310" lon="11.4270097" visible="true" />
  <node id="-1176" lat="48.7620129" lon="11.4270014" visible="true" />
  <node id="-1177" lat="48.7599513" lon="11.4253135" visible="true" />
  <node id="-1178" lat="48.7599087" lon="11.4255038" visible="true" />
  <node id="-1179" lat="48.7598427" lon="11.4254683" visible="true" />
  <node id="-1180" lat="48.7598925" lon="11.4252870" visible="true" />
  <node id="-1181" lat="48.7606288" lon="11.4232409" visible="true" />
  <node id="-1182" lat="48.7606916" lon="11.4232917" visible="true" />
  <node id="-1183" lat="48.7617019" lon="11.4225728" visible="true" />
  <node id="-1184" lat="48.7617413" lon="11.4227607" visible="true" />
  <node id="-1185" lat="48.7617700" lon="11.4225626" visible="true" />
  <node id="-1186" lat="48.7598830" lon="11.4259332" visible="true" />
  <node id="-1187" lat="48.7598516" lon="11.4260825" visible="true" />
  <node id="-1188" lat="48.7599242" lon="11.4261325" visible="true" />
  <node id="-1189" lat="48.7599613" lon="11.4259875" visible="true" />
  <node id="-1190" lat="48.7599768" lon="11.4248407" visible="true" />
  <node id="-1191" lat="48.7599715" lon="11.4248252" visible="true" />
  <node id="-1192" lat="48.7599704" lon="11.4248062" visible="true" />
  <node id="-1193" lat="48.7599780" lon="11.4247822" visible="true" />
  <node id="-1194" lat="48.7599873" lon="11.4247748" visible="true" />
  <node id="-1195" lat="48.7599986" lon="11.4247747" visible="true" />
  <node id="-1196" lat="48.7625028" lon="11.4271896" visible="true" />
  <node id="-1197" lat="48.7623646" lon="11.4271694" visible="true" />
  <node id="-1198" lat="48.7623662" lon="11.4270254" visible="true" />
  <node id="-1199" lat="48.7625068" lon="11.4270425" visible="true" />
  <node id="-1200" lat="48.7625057" lon="11.4270797" visible="true" />
  <node id="-1201" lat="48.7599752" lon="11.4262030" visible="true" />
  <node id="-1202" lat="48.7600463" lon="11.4262724" visible="true" />
  <node id="-1203" lat="48.7600752" lon="11.4261439" visible="true" />
  <node id="-1204" lat="48.7600006" lon="11.4260942" visible="true" />
  <node id="-1205" lat="48.7599814" lon="11.4261739" visible="true" />
  <node id="-1206" lat="48.7600543" lon="11.4253604" visible="true" />
  <node id="-1207" lat="48.7600363" lon="11.4254573" visible="true" />
  <node id="-1208" lat="48.7599758" lon="11.4254257" visible="true" />
  <node id="-1209" lat="48.7600007" lon="11.4252998" visible="true" />
  <node id="-1210" lat="48.7626759" lon="11.4221470" visible="true" />
  <node id="-1211" lat="48.7626907" lon="11.4224299" visible="true" />
  <node id="-1212" lat="48.7625860" lon="11.4224435" visible="true" />
  <node id="-1213" lat="48.7625757" lon="11.4221798" visible="true" />
  <node id="-1214" lat="48.7624233" lon="11.4263310" visible="true" />
  <node id="-1215" lat="48.7623309" lon="11.4261046" visible="true" />
  <node id="-1216" lat="48.7622484" lon="11.4261814" visible="true" />
  <node id="-1217" lat="48.7623402" lon="11.4264092" visible="true" />
  <node id="-1218" lat="48.7627450" lon="11.4232896" visible="true" />
  <node id="-1219" lat="48.7627474" lon="11.4234685" visible="true" />
  <node id="-1220" lat="48.7628582" lon="11.4234604" visible="true" />
  <node id="-1221" lat="48.7628565" lon="11.4232806" visible="true" />
  <node id="-1222" lat="48.7620552" lon="11.4262120" visible="true" />
  <node id="-1223" lat="48.7619940" lon="11.4262120" visible="true" />
  <node id="-1224" lat="48.7619927" lon="11.4263359" visible="true" />
  <node id="-1225" lat="48.7619925" lon="11.4263615" visible="true" />
  <node id="-1226" lat="48.7620525" lon="11.4263624" visible="true" />
  <node id="-1227" lat="48.7601123" lon="11.4242507" visible="true" />
  <node id="-1228" lat="48.7600791" lon="11.4243898" visible="true" />
  <node id="-1229" lat="48.7600668" lon="11.4243926" visible="true" />
  <node id="-1230" lat="48.7600578" lon="11.4244049" visible="true" />
  <node id="-1231" lat="48.7600514" lon="11.4244236" visible="true" />
  <node id="-1232" lat="48.7600520" lon="11.4244388" visible="true" />
  <node id="-1233" lat="48.7600538" lon="11.4244528" visible="true" />
  <node id="-1234" lat="48.7600591" lon="11.4244630" visible="true" />
  <node id="-1235" lat="48.7601186" lon="11.4244968" visible="true" />
  <node id="-1236" lat="48.7601770" lon="11.4242899" visible="true" />
  <node id="-1237" lat="48.7598105" lon="11.4256049" visible="true" />
  <node id="-1238" lat="48.7598036" lon="11.4255933" visible="true" />
  <node id="-1239" lat="48.7597996" lon="11.4255778" visible="true" />
  <node id="-1240" lat="48.7597994" lon="11.4255588" visible="true" />
  <node id="-1241" lat="48.7598053" lon="11.4255384" visible="true" />
  <node id="-1242" lat="48.7598156" lon="11.4255310" visible="true" />
  <node id="-1243" lat="48.7598284" lon="11.4255301" visible="true" />
  <node id="-1244" lat="48.7627808" lon="11.4242971" visible="true" />
  <node id="-1245" lat="48.7628155" lon="11.4245071" visible="true" />
  <node id="-1246" lat="48.7628811" lon="11.4244778" visible="true" />
  <node id="-1247" lat="48.7628749" lon="11.4242721" visible="true" />
  <node id="-1248" lat="48.7618363" lon="11.4225121" visible="true" />
  <node id="-1249" lat="48.7608514" lon="11.4223738" visible="true" />
  <node id="-1250" lat="48.7607916" lon="11.4225311" visible="true" />
  <node id="-1251" lat="48.7607417" lon="11.4224907" visible="true" />
  <node id="-1252" lat="48.7608036" lon="11.4223326" visible="true" />
  <node id="-1253" lat="48.7615264" lon="11.4268415" visible="true" />
  <node id="-1254" lat="48.7615238" lon="11.4269651" visible="true" />
  <node id="-1255" lat="48.7616256" lon="11.4269711" visible="true" />
  <node id="-1256" lat="48.7616277" lon="11.4268438" visible="true" />
  <node id="-1257" lat="48.7609078" lon="11.4222239" visible="true" />
  <node id="-1258" lat="48.7608600" lon="11.4221827" visible="true" />
  <node id="-1259" lat="48.7608422" lon="11.4222286" visible="true" />
  <node id="-1260" lat="48.7608299" lon="11.4222279" visible="true" />
  <node id="-1261" lat="48.7608194" lon="11.4222341" visible="true" />
  <node id="-1262" lat="48.7608111" lon="11.4222475" visible="true" />
  <node id="-1263" lat="48.7608082" lon="11.4222704" visible="true" />
  <node id="-1264" lat="48.7608103" lon="11.4222875" visible="true" />
  <node id="-1265" lat="48.7608152" lon="11.4223007" visible="true" />
  <node id="-1266" lat="48.7624442" lon="11.4227745" visible="true" />
  <node id="-1267" lat="48.7623630" lon="11.4228169" visible="true" />
  <node id="-1268" lat="48.7618568" lon="11.4271106" visible="true" />
  <node id="-1269" lat="48.7619207" lon="11.4271181" visible="true" />
  <node id="-1270" lat="48.7619266" lon="11.4268830" visible="true" />
  <node id="-1271" lat="48.7618463" lon="11.4268888" visible="true" />
  <node id="-1272" lat="48.7618451" lon="11.4269292" visible="true" />
  <node id="-1273" lat="48.7618592" lon="11.4269296" visible="true" />
  <node id="-1274" lat="48.7627567" lon="11.4239802" visible="true" />
  <node id="-1275" lat="48.7628555" lon="11.4239688" visible="true" />
  <node id="-1276" lat="48.7624805" lon="11.4227414" visible="true" />
  <node id="-1277" lat="48.7624750" lon="11.4226916" visible="true" />
  <node id="-1278" lat="48.7625244" lon="11.4226877" visible="true" />
  <node id="-1279" lat="48.7625336" lon="11.4227328" visible="true" />
  <node id="-1280" lat="48.7630822" lon="11.4230616" visible="true" />
  <node id="-1281" lat="48.7629865" lon="11.4230717" visible="true" />
  <node id="-1282" lat="48.7629887" lon="11.4232200" visible="true" />
  <node id="-1283" lat="48.7630937" lon="11.4232242" visible="true" />
  <node id="-1284" lat="48.7599064" lon="11.4252327" visible="true" />
  <node id="-1285" lat="48.7598978" lon="11.4252229" visible="true" />
  <node id="-1286" lat="48.7598918" lon="11.4252065" visible="true" />
  <node id="-1287" lat="48.7598920" lon="11.4251825" visible="true" />
  <node id="-1288" lat="48.7598987" lon="11.4251629" visible="true" />
  <node id="-1289" lat="48.7599111" lon="11.4251536" visible="true" />
  <node id="-1290" lat="48.7599216" lon="11.4251539" visible="true" />
  <node id="-1291" lat="48.7617380" lon="11.4264508" visible="true" />
  <node id="-1292" lat="48.7617181" lon="11.4264464" visible="true" />
  <node id="-1293" lat="48.7615798" lon="11.4264162" visible="true" />
  <node id="-1294" lat="48.7615651" lon="11.4265713" visible="true" />
  <node id="-1295" lat="48.7617250" lon="11.4266022" visible="true" />
  <node id="-1296" lat="48.7621266" lon="11.4271484" visible="true" />
  <node id="-1297" lat="48.7622108" lon="11.4271558" visible="true" />
  <node id="-1298" lat="48.7622144" lon="11.4270699" visible="true" />
  <node id="-1299" lat="48.7622166" lon="11.4270167" visible="true" />
  <node id="-1300" lat="48.7614397" lon="11.4269342" visible="true" />
  <node id="-1301" lat="48.7614523" lon="11.4265612" visible="true" />
  <node id="-1302" lat="48.7613887" lon="11.4265632" visible="true" />
  <node id="-1303" lat="48.7613829" lon="11.4269095" visible="true" />
  <node id="-1304" lat="48.7624915" lon="11.4229989" visible="true" />
  <node id="-1305" lat="48.7624096" lon="11.4230367" visible="true" />
  <node id="-1306" lat="48.7602910" lon="11.4237229" visible="true" />
  <node id="-1307" lat="48.7603579" lon="11.4237761" visible="true" />
  <node id="-1308" lat="48.7601074" lon="11.4263270" visible="true" />
  <node id="-1309" lat="48.7601229" lon="11.4262716" visible="true" />
  <node id="-1310" lat="48.7628924" lon="11.4232777" visible="true" />
  <node id="-1311" lat="48.7618279" lon="11.4261368" visible="true" />
  <node id="-1312" lat="48.7617081" lon="11.4261476" visible="true" />
  <node id="-1313" lat="48.7617146" lon="11.4263227" visible="true" />
  <node id="-1314" lat="48.7618362" lon="11.4263123" visible="true" />
  <node id="-1315" lat="48.7619317" lon="11.4262119" visible="true" />
  <node id="-1316" lat="48.7619381" lon="11.4263411" visible="true" />
  <node id="-1317" lat="48.7597902" lon="11.4260294" visible="true" />
  <node id="-1318" lat="48.7615215" lon="11.4270825" visible="true" />
  <node id="-1319" lat="48.7616672" lon="11.4270892" visible="true" />
  <node id="-1320" lat="48.7616646" lon="11.4269752" visible="true" />
  <node id="-1321" lat="48.7625463" lon="11.4270809" visible="true" />
  <node id="-1322" lat="48.7626414" lon="11.4272058" visible="true" />
  <node id="-1323" lat="48.7630315" lon="11.4246900" visible="true" />
  <node id="-1324" lat="48.7628653" lon="11.4247777" visible="true" />
  <node id="-1325" lat="48.7628332" lon="11.4245750" visible="true" />
  <node id="-1326" lat="48.7629907" lon="11.4245015" visible="true" />
  <node id="-1327" lat="48.7617930" lon="11.4259081" visible="true" />
  <node id="-1328" lat="48.7617917" lon="11.4259316" visible="true" />
  <node id="-1329" lat="48.7618734" lon="11.4261207" visible="true" />
  <node id="-1330" lat="48.7618957" lon="11.4261189" visible="true" />
  <node id="-1331" lat="48.7619344" lon="11.4261159" visible="true" />
  <node id="-1332" lat="48.7619931" lon="11.4260524" visible="true" />
  <node id="-1333" lat="48.7613500" lon="11.4268976" visible="true" />
  <node id="-1334" lat="48.7612945" lon="11.4270466" visible="true" />
  <node id="-1335" lat="48.7613405" lon="11.4270561" visible="true" />
  <node id="-1336" lat="48.7626806" lon="11.4227866" visible="true" />
  <node id="-1337" lat="48.7626909" lon="11.4229133" visible="true" />
  <node id="-1338" lat="48.7625975" lon="11.4229393" visible="true" />
  <node id="-1339" lat="48.7625848" lon="11.4228070" visible="true" />
  <node id="-1340" lat="48.7626110" lon="11.4227988" visible="true" />
  <node id="-1341" lat="48.7632556" lon="11.4238941" visible="true" />
  <node id="-1342" lat="48.7632613" lon="11.4239846" visible="true" />
  <node id="-1343" lat="48.7631611" lon="11.4240009" visible="true" />
  <node id="-1344" lat="48.7631117" lon="11.4240089" visible="true" />
  <node id="-1345" lat="48.7631050" lon="11.4239110" visible="true" />
  <node id="-1346" lat="48.7624610" lon="11.4225854" visible="true" />
  <node id="-1347" lat="48.7624410" lon="11.4224758" visible="true" />
  <node id="-1348" lat="48.7625194" lon="11.4224488" visible="true" />
  <node id="-1349" lat="48.7625268" lon="11.4225721" visible="true" />
  <node id="-1350" lat="48.7625118" lon="11.4225746" visible="true" />
  <node id="-1351" lat="48.7618896" lon="11.4223102" visible="true" />
  <node id="-1352" lat="48.7619309" lon="11.4224400" visible="true" />
  <node id="-1353" lat="48.7619469" lon="11.4224902" visible="true" />
  <node id="-1354" lat="48.7624373" lon="11.4267637" visible="true" />
  <node id="-1355" lat="48.7624562" lon="11.4268200" visible="true" />
  <node id="-1356" lat="48.7624732" lon="11.4268064" visible="true" />
  <node id="-1357" lat="48.7624818" lon="11.4268321" visible="true" />
  <node id="-1358" lat="48.7617856" lon="11.4269085" visible="true" />
  <node id="-1359" lat="48.7616649" lon="11.4269047" visible="true" />
  <node id="-1360" lat="48.7617831" lon="11.4271038" visible="true" />
  <node id="-1361" lat="48.7617266" lon="11.4224506" visible="true" />
  <node id="-1362" lat="48.7630231" lon="11.4236021" visible="true" />
  <node id="-1363" lat="48.7630255" lon="11.4237376" visible="true" />
  <node id="-1364" lat="48.7629049" lon="11.4237425" visible="true" />
  <node id="-1365" lat="48.7629025" lon="11.4236070" visible="true" />
  <node id="-1366" lat="48.7629583" lon="11.4236047" visible="true" />
  <node id="-1367" lat="48.7630566" lon="11.4239292" visible="true" />
  <node id="-1368" lat="48.7630902" lon="11.4241578" visible="true" />
  <node id="-1369" lat="48.7630738" lon="11.4241655" visible="true" />
  <node id="-1370" lat="48.7620699" lon="11.4229114" visible="true" />
  <node id="-1371" lat="48.7621787" lon="11.4228443" visible="true" />
  <node id="-1372" lat="48.7622495" lon="11.4231005" visible="true" />
  <node id="-1373" lat="48.7620156" lon="11.4268830" visible="true" />
  <node id="-1374" lat="48.7631861" lon="11.4241131" visible="true" />
  <node id="-1375" lat="48.7629349" lon="11.4227926" visible="true" />
  <node id="-1376" lat="48.7627720" lon="11.4228489" visible="true" />
  <node id="-1377" lat="48.7629553" lon="11.4229461" visible="true" />
  <node id="-1378" lat="48.7625327" lon="11.4229609" visible="true" />
  <node id="-1379" lat="48.7625175" lon="11.4229663" visible="true" />
  <node id="-1380" lat="48.7625452" lon="11.4228210" visible="true" />
  <node id="-1381" lat="48.7625509" lon="11.4241324" visible="true" />
  <node id="-1382" lat="48.7626772" lon="11.4240913" visible="true" />
  <node id="-1383" lat="48.7626159" lon="11.4242680" visible="true" />
  <node id="-1384" lat="48.7625700" lon="11.4242827" visible="true" />
  <node id="-1385" lat="48.7621191" lon="11.4257872" visible="true" />
  <node id="-1386" lat="48.7621827" lon="11.4259628" visible="true" />
  <node id="-1387" lat="48.7621642" lon="11.4259781" visible="true" />
  <node id="-1388" lat="48.7622143" lon="11.4260941" visible="true" />
  <node id="-1389" lat="48.7623216" lon="11.4259877" visible="true" />
  <node id="-1390" lat="48.7622210" lon="11.4257023" visible="true" />
  <node id="-1391" lat="48.7632442" lon="11.4237187" visible="true" />
  <node id="-1392" lat="48.7630872" lon="11.4239130" visible="true" />
  <node id="-1393" lat="48.7630782" lon="11.4237444" visible="true" />
  <node id="-1394" lat="48.7631013" lon="11.4237328" visible="true" />
  <node id="-1395" lat="48.7630628" lon="11.4235124" visible="true" />
  <node id="-1396" lat="48.7630644" lon="11.4236004" visible="true" />
  <node id="-1397" lat="48.7629558" lon="11.4234690" visible="true" />
  <node id="-1398" lat="48.7630620" lon="11.4234646" visible="true" />
  <node id="-1399" lat="48.7622064" lon="11.4221870" visible="true" />
  <node id="-1400" lat="48.7621640" lon="11.4224844" visible="true" />
  <node id="-1401" lat="48.7622417" lon="11.4223059" visible="true" />
  <node id="-1402" lat="48.7606090" lon="11.4262177" visible="true" />
  <node id="-1403" lat="48.7606617" lon="11.4261916" visible="true" />
  <node id="-1404" lat="48.7607307" lon="11.4262239" visible="true" />
  <node id="-1405" lat="48.7626941" lon="11.4237304" visible="true" />
  <node id="-1406" lat="48.7627083" lon="11.4239330" visible="true" />
  <node id="-1407" lat="48.7625379" lon="11.4239804" visible="true" />
  <node id="-1408" lat="48.7625233" lon="11.4238476" visible="true" />
  <node id="-1409" lat="48.7626096" lon="11.4238245" visible="true" />
  <node id="-1410" lat="48.7626021" lon="11.4237392" visible="true" />
  <node id="-1411" lat="48.7632079" lon="11.4230375" visible="true" />
  <node id="-1412" lat="48.7632219" lon="11.4232955" visible="true" />
  <node id="-1413" lat="48.7630991" lon="11.4233014" visible="true" />
  <node id="-1414" lat="48.7631076" lon="11.4230522" visible="true" />
  <node id="-1415" lat="48.7624720" lon="11.4241553" visible="true" />
  <node id="-1416" lat="48.7624861" lon="11.4242741" visible="true" />
  <node id="-1417" lat="48.7612132" lon="11.4223765" visible="true" />
  <node id="-1418" lat="48.7612769" lon="11.4224645" visible="true" />
  <node id="-1419" lat="48.7613170" lon="11.4223645" visible="true" />
  <node id="-1420" lat="48.7612448" lon="11.4222828" visible="true" />
  <node id="-1421" lat="48.7615375" lon="11.4265656" visible="true" />
  <node id="-1422" lat="48.7615352" lon="11.4266237" visible="true" />
  <node id="-1423" lat="48.7617149" lon="11.4268292" visible="true" />
  <node id="-1424" lat="48.7617236" lon="11.4266491" visible="true" />
  <node id="-1425" lat="48.7624365" lon="11.4242358" visible="true" />
  <node id="-1426" lat="48.7624094" lon="11.4243186" visible="true" />
  <node id="-1427" lat="48.7623099" lon="11.4244350" visible="true" />
  <node id="-1428" lat="48.7618474" lon="11.4264905" visible="true" />
  <node id="-1429" lat="48.7622744" lon="11.4267646" visible="true" />
  <node id="-1430" lat="48.7623013" lon="11.4268468" visible="true" />
  <node id="-1431" lat="48.7623414" lon="11.4268491" visible="true" />
  <node id="-1432" lat="48.7623418" lon="11.4269170" visible="true" />
  <node id="-1433" lat="48.7622497" lon="11.4269130" visible="true" />
  <node id="-1434" lat="48.7622198" lon="11.4268074" visible="true" />
  <node id="-1435" lat="48.7599116" lon="11.4257787" visible="true" />
  <node id="-1436" lat="48.7599775" lon="11.4259989" visible="true" />
  <node id="-1437" lat="48.7623979" lon="11.4238147" visible="true" />
  <node id="-1438" lat="48.7624410" lon="11.4238009" visible="true" />
  <node id="-1439" lat="48.7624465" lon="11.4238685" visible="true" />
  <node id="-1440" lat="48.7621773" lon="11.4262121" visible="true" />
  <node id="-1441" lat="48.7620517" lon="11.4264010" visible="true" />
  <node id="-1442" lat="48.7620501" lon="11.4264882" visible="true" />
  <node id="-1443" lat="48.7620487" lon="11.4265667" visible="true" />
  <node id="-1444" lat="48.7620487" lon="11.4266613" visible="true" />
  <node id="-1445" lat="48.7621141" lon="11.4266397" visible="true" />
  <node id="-1446" lat="48.7621580" lon="11.4266263" visible="true" />
  <node id="-1447" lat="48.7621500" lon="11.4266024" visible="true" />
  <node id="-1448" lat="48.7622020" lon="11.4265616" visible="true" />
  <node id="-1449" lat="48.7622002" lon="11.4265142" visible="true" />
  <node id="-1450" lat="48.7622023" lon="11.4263894" visible="true" />
  <node id="-1451" lat="48.7622030" lon="11.4262365" visible="true" />
  <node id="-1452" lat="48.7631270" lon="11.4245970" visible="true" />
  <node id="-1453" lat="48.7631341" lon="11.4246334" visible="true" />
  <node id="-1454" lat="48.7630542" lon="11.4246775" visible="true" />
  <node id="-1455" lat="48.7629748" lon="11.4244235" visible="true" />
  <node id="-1456" lat="48.7630815" lon="11.4243737" visible="true" />
  <node id="-1457" lat="48.7631075" lon="11.4245013" visible="true" />
  <node id="-1458" lat="48.7621591" lon="11.4255311" visible="true" />
  <node id="-1459" lat="48.7620657" lon="11.4256088" visible="true" />
  <node id="-1460" lat="48.7620254" lon="11.4256541" visible="true" />
  <node id="-1461" lat="48.7620825" lon="11.4257902" visible="true" />
  <node id="-1462" lat="48.7621088" lon="11.4257587" visible="true" />
  <node id="-1463" lat="48.7623963" lon="11.4222533" visible="true" />
  <node id="-1464" lat="48.7623911" lon="11.4222272" visible="true" />
  <node id="-1465" lat="48.7624698" lon="11.4222070" visible="true" />
  <node id="-1466" lat="48.7623231" lon="11.4221057" visible="true" />
  <node id="-1467" lat="48.7622022" lon="11.4221728" visible="true" />
  <node id="-1468" lat="48.7622925" lon="11.4222748" visible="true" />
  <node id="-1469" lat="48.7622863" lon="11.4222398" visible="true" />
  <node id="-1470" lat="48.7623558" lon="11.4222016" visible="true" />
  <node id="-1471" lat="48.7626899" lon="11.4225533" visible="true" />
  <node id="-1472" lat="48.7626643" lon="11.4225562" visible="true" />
  <node id="-1473" lat="48.7625574" lon="11.4225686" visible="true" />
  <node id="-1474" lat="48.7622519" lon="11.4264910" visible="true" />
  <node id="-1475" lat="48.7622780" lon="11.4265576" visible="true" />
  <node id="-1476" lat="48.7623408" lon="11.4265053" visible="true" />
  <node id="-1477" lat="48.7623781" lon="11.4265944" visible="true" />
  <node id="-1478" lat="48.7624923" lon="11.4265109" visible="true" />
  <node id="-1479" lat="48.7621338" lon="11.4239623" visible="true" />
  <node id="-1480" lat="48.7622153" lon="11.4238242" visible="true" />
  <node id="-1481" lat="48.7621863" lon="11.4238442" visible="true" />
  <node id="-1482" lat="48.7600604" lon="11.4257458" visible="true" />
  <node id="-1483" lat="48.7627534" lon="11.4239213" visible="true" />
  <node id="-1484" lat="48.7628357" lon="11.4239113" visible="true" />
  <node id="-1485" lat="48.7628353" lon="11.4238332" visible="true" />
  <node id="-1486" lat="48.7628600" lon="11.4238318" visible="true" />
  <node id="-1487" lat="48.7628567" lon="11.4237673" visible="true" />
  <node id="-1488" lat="48.7602139" lon="11.4257848" visible="true" />
  <node id="-1489" lat="48.7601892" lon="11.4256573" visible="true" />
  <node id="-1490" lat="48.7600713" lon="11.4257149" visible="true" />
  <node id="-1491" lat="48.7601398" lon="11.4258597" visible="true" />
  <node id="-1492" lat="48.7631854" lon="11.4227309" visible="true" />
  <node id="-1493" lat="48.7629614" lon="11.4229916" visible="true" />
  <node id="-1494" lat="48.7631004" lon="11.4229628" visible="true" />
  <node id="-1495" lat="48.7613273" lon="11.4220215" visible="true" />
  <node id="-1496" lat="48.7613823" lon="11.4221844" visible="true" />
  <node id="-1497" lat="48.7613964" lon="11.4222261" visible="true" />
  <node id="-1498" lat="48.7612807" lon="11.4223155" visible="true" />
  <node id="-1499" lat="48.7623031" lon="11.4267421" visible="true" />
  <node id="-1500" lat="48.7622332" lon="11.4265371" visible="true" />
  <node id="-1501" lat="48.7607337" lon="11.4226195" visible="true" />
  <node id="-1502" lat="48.7607039" lon="11.4225910" visible="true" />
  <node id="-1503" lat="48.7606896" lon="11.4225868" visible="true" />
  <node id="-1504" lat="48.7606794" lon="11.4226035" visible="true" />
  <node id="-1505" lat="48.7606755" lon="11.4226251" visible="true" />
  <node id="-1506" lat="48.7606814" lon="11.4226494" visible="true" />
  <node id="-1507" lat="48.7607079" lon="11.4226735" visible="true" />
  <node id="-1508" lat="48.7601137" lon="11.4251551" visible="true" />
  <node id="-1509" lat="48.7600205" lon="11.4251875" visible="true" />
  <node id="-1510" lat="48.7600720" lon="11.4253559" visible="true" />
  <node id="-1511" lat="48.7626045" lon="11.4226913" visible="true" />
  <node id="-1512" lat="48.7625603" lon="11.4226918" visible="true" />
  <node id="-1513" lat="48.7625587" lon="11.4226239" visible="true" />
  <node id="-1514" lat="48.7625181" lon="11.4226255" visible="true" />
  <node id="-1515" lat="48.7632355" lon="11.4234708" visible="true" />
  <node id="-1516" lat="48.7630939" lon="11.4235993" visible="true" />
  <node id="-1517" lat="48.7631215" lon="11.4235899" visible="true" />
  <node id="-1518" lat="48.7631152" lon="11.4235186" visible="true" />
  <node id="-1519" lat="48.7628904" lon="11.4234646" visible="true" />
  <node id="-1520" lat="48.7628928" lon="11.4233604" visible="true" />
  <node id="-1521" lat="48.7630934" lon="11.4233581" visible="true" />
  <node id="-1522" lat="48.7622297" lon="11.4229423" visible="true" />
  <node id="-1523" lat="48.7622816" lon="11.4229140" visible="true" />
  <node id="-1524" lat="48.7623716" lon="11.4230543" visible="true" />
  <node id="-1525" lat="48.7622701" lon="11.4231092" visible="true" />
  <node id="-1526" lat="48.7613263" lon="11.4238763" visible="true" />
  <node id="-1527" lat="48.7612316" lon="11.4239574" visible="true" />
  <node id="-1528" lat="48.7611164" lon="11.4236513" visible="true" />
  <node id="-1529" lat="48.7611719" lon="11.4235543" visible="true" />
  <node id="-1530" lat="48.7612574" lon="11.4237717" visible="true" />
  <node id="-1531" lat="48.7624819" lon="11.4232216" visible="true" />
  <node id="-1532" lat="48.7624796" lon="11.4231940" visible="true" />
  <node id="-1533" lat="48.7625822" lon="11.4231777" visible="true" />
  <node id="-1534" lat="48.7626224" lon="11.4234454" visible="true" />
  <node id="-1535" lat="48.7625302" lon="11.4234664" visible="true" />
  <node id="-1536" lat="48.7625157" lon="11.4233591" visible="true" />
  <node id="-1537" lat="48.7626743" lon="11.4234337" visible="true" />
  <node id="-1538" lat="48.7626785" lon="11.4235258" visible="true" />
  <node id="-1539" lat="48.7624159" lon="11.4237569" visible="true" />
  <node id="-1540" lat="48.7624108" lon="11.4236173" visible="true" />
  <node id="-1541" lat="48.7625301" lon="11.4235960" visible="true" />
  <node id="-1542" lat="48.7625221" lon="11.4234698" visible="true" />
  <node id="-1543" lat="48.7618599" lon="11.4262202" visible="true" />
  <node id="-1544" lat="48.7618709" lon="11.4264391" visible="true" />
  <node id="-1545" lat="48.7619092" lon="11.4264347" visible="true" />
  <node id="-1546" lat="48.7619137" lon="11.4265235" visible="true" />
  <node id="-1547" lat="48.7619915" lon="11.4265145" visible="true" />
  <node id="-1548" lat="48.7619838" lon="11.4263612" visible="true" />
  <node id="-1549" lat="48.7619394" lon="11.4263664" visible="true" />
  <node id="-1550" lat="48.7632711" lon="11.4245298" visible="true" />
  <node id="-1551" lat="48.7631392" lon="11.4244865" visible="true" />
  <node id="-1552" lat="48.7623364" lon="11.4266984" visible="true" />
  <node id="-1553" lat="48.7623421" lon="11.4268097" visible="true" />
  <node id="-1554" lat="48.7623639" lon="11.4269209" visible="true" />
  <node id="-1555" lat="48.7624142" lon="11.4269188" visible="true" />
  <node id="-1556" lat="48.7624103" lon="11.4268814" visible="true" />
  <node id="-1557" lat="48.7619922" lon="11.4264068" visible="true" />
  <node id="-1558" lat="48.7619952" lon="11.4264941" visible="true" />
  <node id="-1559" lat="48.7620035" lon="11.4265741" visible="true" />
  <node id="-1560" lat="48.7620055" lon="11.4264945" visible="true" />
  <node id="-1561" lat="48.7622515" lon="11.4264749" visible="true" />
  <node id="-1562" lat="48.7622544" lon="11.4263914" visible="true" />
  <node id="-1563" lat="48.7621242" lon="11.4267103" visible="true" />
  <node id="-1564" lat="48.7619402" lon="11.4267712" visible="true" />
  <node id="-1565" lat="48.7614339" lon="11.4270833" visible="true" />
  <node id="-1566" lat="48.7620008" lon="11.4260448" visible="true" />
  <node id="-1567" lat="48.7617699" lon="11.4268212" visible="true" />
  <node id="-1568" lat="48.7620430" lon="11.4260000" visible="true" />
  <node id="-1569" lat="48.7617859" lon="11.4268879" visible="true" />
  <node id="-1570" lat="48.7556234" lon="11.4253911" visible="true" />
  <node id="-1571" lat="48.7555711" lon="11.4253396" visible="true" />
  <node id="-1572" lat="48.7556108" lon="11.4252516" visible="true" />
  <node id="-1573" lat="48.7556287" lon="11.4252714" visible="true" />
  <node id="-1574" lat="48.7557138" lon="11.4250767" visible="true" />
  <node id="-1575" lat="48.7557476" lon="11.4251103" visible="true" />
  <node id="-1576" lat="48.7555216" lon="11.4253644" visible="true" />
  <node id="-1577" lat="48.7553736" lon="11.4257317" visible="true" />
  <node id="-1578" lat="48.7552452" lon="11.4256126" visible="true" />
  <node id="-1579" lat="48.7553237" lon="11.4254180" visible="true" />
  <node id="-1580" lat="48.7552669" lon="11.4253500" visible="true" />
  <node id="-1581" lat="48.7552917" lon="11.4253026" visible="true" />
  <node id="-1582" lat="48.7552506" lon="11.4252533" visible="true" />
  <node id="-1583" lat="48.7553074" lon="11.4251442" visible="true" />
  <node id="-1584" lat="48.7558965" lon="11.4254675" visible="true" />
  <node id="-1585" lat="48.7559659" lon="11.4255385" visible="true" />
  <node id="-1586" lat="48.7558797" lon="11.4257328" visible="true" />
  <node id="-1587" lat="48.7559185" lon="11.4257733" visible="true" />
  <node id="-1588" lat="48.7559257" lon="11.4257572" visible="true" />
  <node id="-1589" lat="48.7559811" lon="11.4258151" visible="true" />
  <node id="-1590" lat="48.7559163" lon="11.4259674" visible="true" />
  <node id="-1591" lat="48.7558601" lon="11.4259154" visible="true" />
  <node id="-1592" lat="48.7558871" lon="11.4258505" visible="true" />
  <node id="-1593" lat="48.7558166" lon="11.4257735" visible="true" />
  <node id="-1594" lat="48.7558254" lon="11.4257535" visible="true" />
  <node id="-1595" lat="48.7557615" lon="11.4256881" visible="true" />
  <node id="-1596" lat="48.7558301" lon="11.4255337" visible="true" />
  <node id="-1597" lat="48.7556660" lon="11.4253659" visible="true" />
  <node id="-1598" lat="48.7557006" lon="11.4252878" visible="true" />
  <node id="-1599" lat="48.7557291" lon="11.4253170" visible="true" />
  <node id="-1600" lat="48.7557742" lon="11.4252155" visible="true" />
  <node id="-1601" lat="48.7559353" lon="11.4253802" visible="true" />
  <node id="-1602" lat="48.7618487" lon="11.4256216" visible="true" />
  <node id="-1603" lat="48.7616982" lon="11.4252077" visible="true" />
  <node id="-1604" lat="48.7617952" lon="11.4251405" visible="true" />
  <node id="-1605" lat="48.7618645" lon="11.4253621" visible="true" />
  <node id="-1606" lat="48.7619291" lon="11.4255341" visible="true" />
  <node id="-1607" lat="48.7608826" lon="11.4263544" visible="true" />
  <node id="-1608" lat="48.7615011" lon="11.4248990" visible="true" />
  <node id="-1609" lat="48.7615221" lon="11.4249818" visible="true" />
  <node id="-1610" lat="48.7612451" lon="11.4251439" visible="true" />
  <node id="-1611" lat="48.7612241" lon="11.4250612" visible="true" />
  <node id="-1612" lat="48.7636204" lon="11.4264504" visible="true" />
  <node id="-1613" lat="48.7636095" lon="11.4264128" visible="true" />
  <node id="-1614" lat="48.7636892" lon="11.4263580" visible="true" />
  <node id="-1615" lat="48.7637225" lon="11.4264912" visible="true" />
  <node id="-1616" lat="48.7636666" lon="11.4265331" visible="true" />
  <node id="-1617" lat="48.7636166" lon="11.4265547" visible="true" />
  <node id="-1618" lat="48.7636227" lon="11.4265844" visible="true" />
  <node id="-1619" lat="48.7635739" lon="11.4266075" visible="true" />
  <node id="-1620" lat="48.7635262" lon="11.4263756" visible="true" />
  <node id="-1621" lat="48.7635751" lon="11.4263525" visible="true" />
  <node id="-1622" lat="48.7635973" lon="11.4264605" visible="true" />
  <node id="-1623" lat="48.7637431" lon="11.4252649" visible="true" />
  <node id="-1624" lat="48.7637569" lon="11.4255076" visible="true" />
  <node id="-1625" lat="48.7636771" lon="11.4255180" visible="true" />
  <node id="-1626" lat="48.7636634" lon="11.4252753" visible="true" />
  <node id="-1627" lat="48.7634300" lon="11.4259091" visible="true" />
  <node id="-1628" lat="48.7634392" lon="11.4259711" visible="true" />
  <node id="-1629" lat="48.7634607" lon="11.4261292" visible="true" />
  <node id="-1630" lat="48.7633712" lon="11.4261579" visible="true" />
  <node id="-1631" lat="48.7633446" lon="11.4259672" visible="true" />
  <node id="-1632" lat="48.7633405" lon="11.4259378" visible="true" />
  <node id="-1633" lat="48.7635683" lon="11.4263101" visible="true" />
  <node id="-1634" lat="48.7635462" lon="11.4261537" visible="true" />
  <node id="-1635" lat="48.7636084" lon="11.4261242" visible="true" />
  <node id="-1636" lat="48.7636301" lon="11.4262866" visible="true" />
  <node id="-1637" lat="48.7634025" lon="11.4257119" visible="true" />
  <node id="-1638" lat="48.7633118" lon="11.4257392" visible="true" />
  <node id="-1639" lat="48.7634936" lon="11.4259609" visible="true" />
  <node id="-1640" lat="48.7634845" lon="11.4259643" visible="true" />
  <node id="-1641" lat="48.7634575" lon="11.4257972" visible="true" />
  <node id="-1642" lat="48.7636662" lon="11.4257194" visible="true" />
  <node id="-1643" lat="48.7636933" lon="11.4258866" visible="true" />
  <node id="-1644" lat="48.7635817" lon="11.4259281" visible="true" />
  <node id="-1645" lat="48.7635826" lon="11.4259359" visible="true" />
  <node id="-1646" lat="48.7635262" lon="11.4261575" visible="true" />
  <node id="-1647" lat="48.7634948" lon="11.4259691" visible="true" />
  <node id="-1648" lat="48.7632944" lon="11.4256208" visible="true" />
  <node id="-1649" lat="48.7634075" lon="11.4255867" visible="true" />
  <node id="-1650" lat="48.7634130" lon="11.4256154" visible="true" />
  <node id="-1651" lat="48.7634637" lon="11.4256000" visible="true" />
  <node id="-1652" lat="48.7634775" lon="11.4257043" visible="true" />
  <node id="-1653" lat="48.7634246" lon="11.4257203" visible="true" />
  <node id="-1654" lat="48.7634219" lon="11.4256996" visible="true" />
  <node id="-1655" lat="48.7634976" lon="11.4262433" visible="true" />
  <node id="-1656" lat="48.7635544" lon="11.4262201" visible="true" />
  <node id="-1657" lat="48.7635154" lon="11.4263281" visible="true" />
  <node id="-1658" lat="48.7634894" lon="11.4266442" visible="true" />
  <node id="-1659" lat="48.7633786" lon="11.4261997" visible="true" />
  <node id="-1660" lat="48.7634784" lon="11.4261516" visible="true" />
  <node id="-1661" lat="48.7578617" lon="11.4278009" visible="true" />
  <node id="-1662" lat="48.7578198" lon="11.4279440" visible="true" />
  <node id="-1663" lat="48.7577134" lon="11.4278723" visible="true" />
  <node id="-1664" lat="48.7577553" lon="11.4277293" visible="true" />
  <node id="-1665" lat="48.7633100" lon="11.4246733" visible="true" />
  <node id="-1666" lat="48.7633093" lon="11.4247093" visible="true" />
  <node id="-1667" lat="48.7632608" lon="11.4247071" visible="true" />
  <node id="-1668" lat="48.7632618" lon="11.4246579" visible="true" />
  <node id="-1669" lat="48.7599236" lon="11.4263715" visible="true" />
  <node id="-1670" lat="48.7599455" lon="11.4263217" visible="true" />
  <node id="-1671" lat="48.7599940" lon="11.4263709" visible="true" />
  <node id="-1672" lat="48.7599542" lon="11.4264611" visible="true" />
  <node id="-1673" lat="48.7599124" lon="11.4264187" visible="true" />
  <node id="-1674" lat="48.7598929" lon="11.4264630" visible="true" />
  <node id="-1675" lat="48.7598507" lon="11.4264203" visible="true" />
  <node id="-1676" lat="48.7598881" lon="11.4263355" visible="true" />
  <node id="-1677" lat="48.7631211" lon="11.4268724" visible="true" />
  <node id="-1678" lat="48.7631498" lon="11.4269588" visible="true" />
  <node id="-1679" lat="48.7630985" lon="11.4269982" visible="true" />
  <node id="-1680" lat="48.7630697" lon="11.4269117" visible="true" />
  <node id="-1681" lat="48.7630339" lon="11.4266099" visible="true" />
  <node id="-1682" lat="48.7630618" lon="11.4266940" visible="true" />
  <node id="-1683" lat="48.7630105" lon="11.4267333" visible="true" />
  <node id="-1684" lat="48.7629825" lon="11.4266492" visible="true" />
  <node id="-1685" lat="48.7630912" lon="11.4267826" visible="true" />
  <node id="-1686" lat="48.7630399" lon="11.4268219" visible="true" />
  <node id="-1687" lat="48.7573892" lon="11.4265245" visible="true" />
  <node id="-1688" lat="48.7573456" lon="11.4264725" visible="true" />
  <node id="-1689" lat="48.7573195" lon="11.4265229" visible="true" />
  <node id="-1690" lat="48.7573632" lon="11.4265748" visible="true" />
  <node id="-1691" lat="48.7614774" lon="11.4237390" visible="true" />
  <node id="-1692" lat="48.7632392" lon="11.4253004" visible="true" />
  <node id="-1693" lat="48.7629465" lon="11.4268903" visible="true" />
  <node id="-1694" lat="48.7629848" lon="11.4270021" visible="true" />
  <node id="-1695" lat="48.7629347" lon="11.4270420" visible="true" />
  <node id="-1696" lat="48.7628948" lon="11.4269298" visible="true" />
  <node id="-1697" lat="48.7629736" lon="11.4264312" visible="true" />
  <node id="-1698" lat="48.7630015" lon="11.4265153" visible="true" />
  <node id="-1699" lat="48.7629502" lon="11.4265546" visible="true" />
  <node id="-1700" lat="48.7629222" lon="11.4264705" visible="true" />
  <node id="-1701" lat="48.7629722" lon="11.4266946" visible="true" />
  <node id="-1702" lat="48.7629435" lon="11.4266102" visible="true" />
  <node id="-1703" lat="48.7628908" lon="11.4266511" visible="true" />
  <node id="-1704" lat="48.7629197" lon="11.4267349" visible="true" />
  <node id="-1705" lat="48.7628595" lon="11.4266347" visible="true" />
  <node id="-1706" lat="48.7628307" lon="11.4265503" visible="true" />
  <node id="-1707" lat="48.7627781" lon="11.4265911" visible="true" />
  <node id="-1708" lat="48.7628070" lon="11.4266749" visible="true" />
  <node id="-1709" lat="48.7630007" lon="11.4267783" visible="true" />
  <node id="-1710" lat="48.7630307" lon="11.4268665" visible="true" />
  <node id="-1711" lat="48.7629788" lon="11.4269062" visible="true" />
  <node id="-1712" lat="48.7629485" lon="11.4268183" visible="true" />
  <node id="-1713" lat="48.7629180" lon="11.4268065" visible="true" />
  <node id="-1714" lat="48.7628660" lon="11.4268463" visible="true" />
  <node id="-1715" lat="48.7628880" lon="11.4267183" visible="true" />
  <node id="-1716" lat="48.7628357" lon="11.4267584" visible="true" />
  <node id="-1717" lat="48.7630592" lon="11.4269502" visible="true" />
  <node id="-1718" lat="48.7630886" lon="11.4270365" visible="true" />
  <node id="-1719" lat="48.7630372" lon="11.4270758" visible="true" />
  <node id="-1720" lat="48.7630076" lon="11.4269898" visible="true" />
  <node id="-1721" lat="48.7630310" lon="11.4266039" visible="true" />
  <node id="-1722" lat="48.7629796" lon="11.4266432" visible="true" />
  <node id="-1723" lat="48.7629376" lon="11.4265938" visible="true" />
  <node id="-1724" lat="48.7629088" lon="11.4265094" visible="true" />
  <node id="-1725" lat="48.7628562" lon="11.4265502" visible="true" />
  <node id="-1726" lat="48.7628851" lon="11.4266340" visible="true" />
  <node id="-1727" lat="48.7590012" lon="11.4301546" visible="true" />
  <node id="-1728" lat="48.7589397" lon="11.4303395" visible="true" />
  <node id="-1729" lat="48.7586888" lon="11.4301477" visible="true" />
  <node id="-1730" lat="48.7587503" lon="11.4299627" visible="true" />
  <node id="-1731" lat="48.7628108" lon="11.4269311" visible="true" />
  <node id="-1732" lat="48.7628194" lon="11.4269606" visible="true" />
  <node id="-1733" lat="48.7627847" lon="11.4269828" visible="true" />
  <node id="-1734" lat="48.7627761" lon="11.4269533" visible="true" />
  <node id="-1735" lat="48.7627933" lon="11.4270129" visible="true" />
  <node id="-1736" lat="48.7628280" lon="11.4269908" visible="true" />
  <node id="-1737" lat="48.7628362" lon="11.4270192" visible="true" />
  <node id="-1738" lat="48.7628015" lon="11.4270414" visible="true" />
  <node id="-1739" lat="48.7627031" lon="11.4266919" visible="true" />
  <node id="-1740" lat="48.7627378" lon="11.4266697" visible="true" />
  <node id="-1741" lat="48.7627460" lon="11.4266981" visible="true" />
  <node id="-1742" lat="48.7627113" lon="11.4267203" visible="true" />
  <node id="-1743" lat="48.7627292" lon="11.4266396" visible="true" />
  <node id="-1744" lat="48.7626945" lon="11.4266617" visible="true" />
  <node id="-1745" lat="48.7627206" lon="11.4266100" visible="true" />
  <node id="-1746" lat="48.7626859" lon="11.4266322" visible="true" />
  <node id="-1747" lat="48.7640691" lon="11.4238107" visible="true" />
  <node id="-1748" lat="48.7640914" lon="11.4240210" visible="true" />
  <node id="-1749" lat="48.7639898" lon="11.4240397" visible="true" />
  <node id="-1750" lat="48.7636890" lon="11.4238409" visible="true" />
  <node id="-1751" lat="48.7600151" lon="11.4260298" visible="true" />
  <node id="-1752" lat="48.7610147" lon="11.4236388" visible="true" />
  <node id="-1753" lat="48.7610271" lon="11.4237985" visible="true" />
  <node id="-1754" lat="48.7610817" lon="11.4237888" visible="true" />
  <node id="-1755" lat="48.7610693" lon="11.4236291" visible="true" />
  <node id="-1756" lat="48.7608196" lon="11.4235811" visible="true" />
  <node id="-1757" lat="48.7607622" lon="11.4235620" visible="true" />
  <node id="-1758" lat="48.7606995" lon="11.4238988" visible="true" />
  <node id="-1759" lat="48.7607322" lon="11.4239972" visible="true" />
  <node id="-1760" lat="48.7608020" lon="11.4236862" visible="true" />
  <node id="-1761" lat="48.7608375" lon="11.4237542" visible="true" />
  <node id="-1762" lat="48.7609278" lon="11.4239175" visible="true" />
  <node id="-1763" lat="48.7609542" lon="11.4239704" visible="true" />
  <node id="-1764" lat="48.7609911" lon="11.4239167" visible="true" />
  <node id="-1765" lat="48.7608231" lon="11.4240859" visible="true" />
  <node id="-1766" lat="48.7607672" lon="11.4239664" visible="true" />
  <node id="-1767" lat="48.7608015" lon="11.4237881" visible="true" />
  <node id="-1768" lat="48.7612628" lon="11.4252626" visible="true" />
  <node id="-1769" lat="48.7612862" lon="11.4253666" visible="true" />
  <node id="-1770" lat="48.7613131" lon="11.4253528" visible="true" />
  <node id="-1771" lat="48.7613310" lon="11.4254326" visible="true" />
  <node id="-1772" lat="48.7609193" lon="11.4235332" visible="true" />
  <node id="-1773" lat="48.7610185" lon="11.4235906" visible="true" />
  <node id="-1774" lat="48.7610385" lon="11.4235124" visible="true" />
  <node id="-1775" lat="48.7609393" lon="11.4234550" visible="true" />
  <node id="-1776" lat="48.7581689" lon="11.4292820" visible="true" />
  <node id="-1777" lat="48.7581483" lon="11.4295965" visible="true" />
  <node id="-1778" lat="48.7579945" lon="11.4295656" visible="true" />
  <node id="-1779" lat="48.7580171" lon="11.4292491" visible="true" />
  <node id="-1780" lat="48.7597323" lon="11.4291204" visible="true" />
  <node id="-1781" lat="48.7597755" lon="11.4291527" visible="true" />
  <node id="-1782" lat="48.7597927" lon="11.4290999" visible="true" />
  <node id="-1783" lat="48.7597495" lon="11.4290676" visible="true" />
  <node id="-1784" lat="48.7588078" lon="11.4304610" visible="true" />
  <node id="-1785" lat="48.7588517" lon="11.4303268" visible="true" />
  <node id="-1786" lat="48.7588095" lon="11.4302953" visible="true" />
  <node id="-1787" lat="48.7587642" lon="11.4304273" visible="true" />
  <node id="-1788" lat="48.7587847" lon="11.4304432" visible="true" />
  <node id="-1789" lat="48.7583230" lon="11.4291417" visible="true" />
  <node id="-1790" lat="48.7583608" lon="11.4291809" visible="true" />
  <node id="-1791" lat="48.7584002" lon="11.4292340" visible="true" />
  <node id="-1792" lat="48.7584287" lon="11.4293018" visible="true" />
  <node id="-1793" lat="48.7584481" lon="11.4294076" visible="true" />
  <node id="-1794" lat="48.7584479" lon="11.4294904" visible="true" />
  <node id="-1795" lat="48.7584361" lon="11.4295766" visible="true" />
  <node id="-1796" lat="48.7584010" lon="11.4296638" visible="true" />
  <node id="-1797" lat="48.7583607" lon="11.4297257" visible="true" />
  <node id="-1798" lat="48.7582941" lon="11.4297857" visible="true" />
  <node id="-1799" lat="48.7582457" lon="11.4298043" visible="true" />
  <node id="-1800" lat="48.7581968" lon="11.4298062" visible="true" />
  <node id="-1801" lat="48.7579144" lon="11.4297495" visible="true" />
  <node id="-1802" lat="48.7578658" lon="11.4297327" visible="true" />
  <node id="-1803" lat="48.7578313" lon="11.4297070" visible="true" />
  <node id="-1804" lat="48.7577988" lon="11.4296722" visible="true" />
  <node id="-1805" lat="48.7577626" lon="11.4296127" visible="true" />
  <node id="-1806" lat="48.7577367" lon="11.4295417" visible="true" />
  <node id="-1807" lat="48.7577208" lon="11.4294321" visible="true" />
  <node id="-1808" lat="48.7577260" lon="11.4293423" visible="true" />
  <node id="-1809" lat="48.7577444" lon="11.4292643" visible="true" />
  <node id="-1810" lat="48.7577632" lon="11.4292121" visible="true" />
  <node id="-1811" lat="48.7577906" lon="11.4291556" visible="true" />
  <node id="-1812" lat="48.7578202" lon="11.4291195" visible="true" />
  <node id="-1813" lat="48.7578553" lon="11.4290863" visible="true" />
  <node id="-1814" lat="48.7579173" lon="11.4290573" visible="true" />
  <node id="-1815" lat="48.7579792" lon="11.4290518" visible="true" />
  <node id="-1816" lat="48.7580145" lon="11.4290585" visible="true" />
  <node id="-1817" lat="48.7582542" lon="11.4291042" visible="true" />
  <node id="-1818" lat="48.7583533" lon="11.4295269" visible="true" />
  <node id="-1819" lat="48.7583629" lon="11.4294825" visible="true" />
  <node id="-1820" lat="48.7583633" lon="11.4294407" visible="true" />
  <node id="-1821" lat="48.7583559" lon="11.4293859" visible="true" />
  <node id="-1822" lat="48.7583411" lon="11.4293387" visible="true" />
  <node id="-1823" lat="48.7583213" lon="11.4293004" visible="true" />
  <node id="-1824" lat="48.7583036" lon="11.4292815" visible="true" />
  <node id="-1825" lat="48.7582852" lon="11.4292644" visible="true" />
  <node id="-1826" lat="48.7582698" lon="11.4292509" visible="true" />
  <node id="-1827" lat="48.7582472" lon="11.4292435" visible="true" />
  <node id="-1828" lat="48.7582416" lon="11.4292977" visible="true" />
  <node id="-1829" lat="48.7579781" lon="11.4292406" visible="true" />
  <node id="-1830" lat="48.7579579" lon="11.4292398" visible="true" />
  <node id="-1831" lat="48.7579415" lon="11.4292434" visible="true" />
  <node id="-1832" lat="48.7579191" lon="11.4292547" visible="true" />
  <node id="-1833" lat="48.7578969" lon="11.4292755" visible="true" />
  <node id="-1834" lat="48.7578820" lon="11.4292975" visible="true" />
  <node id="-1835" lat="48.7578708" lon="11.4293211" visible="true" />
  <node id="-1836" lat="48.7578615" lon="11.4293519" visible="true" />
  <node id="-1837" lat="48.7578562" lon="11.4293878" visible="true" />
  <node id="-1838" lat="48.7578562" lon="11.4294228" visible="true" />
  <node id="-1839" lat="48.7578606" lon="11.4294553" visible="true" />
  <node id="-1840" lat="48.7578706" lon="11.4294894" visible="true" />
  <node id="-1841" lat="48.7578843" lon="11.4295176" visible="true" />
  <node id="-1842" lat="48.7579077" lon="11.4295425" visible="true" />
  <node id="-1843" lat="48.7579409" lon="11.4295548" visible="true" />
  <node id="-1844" lat="48.7582146" lon="11.4296098" visible="true" />
  <node id="-1845" lat="48.7582115" lon="11.4296636" visible="true" />
  <node id="-1846" lat="48.7582440" lon="11.4296643" visible="true" />
  <node id="-1847" lat="48.7582729" lon="11.4296500" visible="true" />
  <node id="-1848" lat="48.7582999" lon="11.4296287" visible="true" />
  <node id="-1849" lat="48.7583269" lon="11.4295926" visible="true" />
  <node id="-1850" lat="48.7583431" lon="11.4295607" visible="true" />
  <node id="-1851" lat="48.7635733" lon="11.4271783" visible="true" />
  <node id="-1852" lat="48.7634177" lon="11.4272636" visible="true" />
  <node id="-1853" lat="48.7633076" lon="11.4269748" visible="true" />
  <node id="-1854" lat="48.7633688" lon="11.4268695" visible="true" />
  <node id="-1855" lat="48.7634871" lon="11.4268253" visible="true" />
  <node id="-1856" lat="48.7634758" lon="11.4271430" visible="true" />
  <node id="-1857" lat="48.7634217" lon="11.4269887" visible="true" />
  <node id="-1858" lat="48.7633724" lon="11.4270181" visible="true" />
  <node id="-1859" lat="48.7634285" lon="11.4271662" visible="true" />
  <way id="-1000000000" visible="true">
    <nd ref="-1" />
    <nd ref="-2" />
    <nd ref="-3" />
    <nd ref="-4" />
    <nd ref="-5" />
    <nd ref="-6" />
    <nd ref="-7" />
    <nd ref="-8" />
    <nd ref="-9" />
    <nd ref="-10" />
    <nd ref="-1" />
    <tag k="addr:city" v="Ingolstadt" />
    <tag k="addr:country" v="DE" />
    <tag k="addr:housenumber" v="1" />
    <tag k="addr:postcode" v="85049" />
    <tag k="addr:street" v="Schloßlände" />
    <tag k="amenity" v="theatre" />
    <tag k="building" v="yes" />
    <tag k="name" v="Stadttheater" />
    <tag k="note" v="im kleinen Haus gibt es kein Behinderten-WC" />
    <tag k="source" v="HiRes aerial imagery" />
    <tag k="website" v="https://theater.ingolstadt.de/" />
    <tag k="wheelchair" v="yes" />
    <tag k="wikidata" v="Q1772567" />
    <tag k="wikimedia_commons" v="Category:Stadttheater Ingolstadt" />
    <tag k="wikipedia" v="de:Stadttheater Ingolstadt" />
  </way>
  <way id="-1000000001" visible="true">
    <nd ref="-11" />
    <nd ref="-12" />
    <nd ref="-13" />
    <nd ref="-14" />
    <nd ref="-15" />
    <nd ref="-16" />
    <nd ref="-17" />
    <nd ref="-18" />
    <nd ref="-19" />
    <nd ref="-11" />
    <tag k="addr:city" v="Ingolstadt" />
    <tag k="addr:country" v="DE" />
    <tag k="addr:housenumber" v="5a" />
    <tag k="addr:postcode" v="85049" />
    <tag k="addr:street" v="Jahnstraße" />
    <tag k="building" v="yes" />
    <tag k="fee" v="yes" />
    <tag k="leisure" v="sports_centre" />
    <tag k="name" v="Sportbad a. d. Jahnstr." />
    <tag k="opening_hours" v="May-Sep: Mo-Tu 08:00-13:30,18:00-22:00; May-Sep: We 08:00-22:00; May-Sep: Th-Fr 08:00-13:30,18:00-22:00; May-Sep: Sa-Su 08:00-13:30" />
    <tag k="source" v="HiRes aerial imagery" />
    <tag k="sport" v="swimming" />
    <tag k="website" v="https://sw-i.de/freizeit/sportbad/" />
    <tag k="wheelchair" v="yes" />
  </way>
  <way id="-1000000002" visible="true">
    <nd ref="-20" />
    <nd ref="-21" />
    <nd ref="-22" />
    <nd ref="-23" />
    <nd ref="-24" />
    <nd ref="-25" />
    <nd ref="-26" />
    <nd ref="-27" />
    <nd ref="-28" />
    <nd ref="-29" />
    <nd ref="-30" />
    <nd ref="-20" />
    <tag k="addr:city" v="Ingolstadt" />
    <tag k="addr:country" v="DE" />
    <tag k="addr:housenumber" v="6" />
    <tag k="addr:postcode" v="85049" />
    <tag k="addr:street" v="Rathausplatz" />
    <tag k="amenity" v="bank" />
    <tag k="atm" v="yes" />
    <tag k="bic" v="BYLADEM1ING" />
    <tag k="blz" v="72150000" />
    <tag k="building" v="yes" />
    <tag k="building:colour" v="#979394" />
    <tag k="contact:email" v="info@sparkasse-ingolstadt.de" />
    <tag k="contact:fax" v="+49 841 32656" />
    <tag k="contact:phone" v="+49 841 304-1090" />
    <tag k="contact:website" v="https://www.spk-in-ei.de" />
    <tag k="height" v="10.5" />
    <tag k="layer" v="1" />
    <tag k="name" v="Sparkasse Ingolstadt" />
    <tag k="opening_hours" v="Mo, Th 08:30-18:00; Tu, Fr 08:30-16:30; We 08:30-12:30" />
    <tag k="operator" v="Sparkasse Ingolstadt" />
    <tag k="source" v="HiRes aerial imagery" />
    <tag k="wheelchair" v="yes" />
    <tag k="wheelchair:description" v="Automaten und Schalterhalle" />
  </way>
  <way id="-1000000003" visible="true">
    <nd ref="-31" />
    <nd ref="-32" />
    <nd ref="-33" />
    <nd ref="-34" />
    <nd ref="-35" />
    <nd ref="-36" />
    <nd ref="-37" />
    <nd ref="-38" />
    <nd ref="-39" />
    <nd ref="-40" />
    <nd ref="-41" />
    <nd ref="-42" />
    <nd ref="-43" />
    <nd ref="-44" />
    <nd ref="-45" />
    <nd ref="-31" />
    <tag k="addr:city" v="Ingolstadt" />
    <tag k="addr:country" v="DE" />
    <tag k="addr:housenumber" v="5" />
    <tag k="addr:postcode" v="85051" />
    <tag k="addr:street" v="Parkstraße" />
    <tag k="building" v="yes" />
    <tag k="source" v="HiRes aerial imagery" />
  </way>
  <way id="-1000000004" visible="true">
    <nd ref="-46" />
    <nd ref="-47" />
    <nd ref="-48" />
    <nd ref="-49" />
    <nd ref="-50" />
    <nd ref="-51" />
    <nd ref="-52" />
    <nd ref="-53" />
    <nd ref="-54" />
    <nd ref="-55" />
    <nd ref="-56" />
    <nd ref="-46" />
    <tag k="addr:city" v="Ingolstadt" />
    <tag k="addr:housenumber" v="1a" />
    <tag k="addr:postcode" v="85049" />
    <tag k="addr:street" v="Jahnstraße" />
    <tag k="amenity" v="cafe" />
    <tag k="building" v="fortress" />
    <tag k="drink:club-mate" v="served" />
    <tag k="name" v="KAP 94" />
    <tag k="opening_hours" v="&quot;während Veranstaltungen&quot;" />
    <tag k="opening_hours:url" v="https://kap94.de/events" />
    <tag k="operator" v="KAP 94" />
    <tag k="outdoor_seating" v="yes" />
    <tag k="website" v="https://www.kap94.de/" />
  </way>
  <way id="-1000000005" visible="true">
    <nd ref="-57" />
    <nd ref="-58" />
    <nd ref="-59" />
    <nd ref="-60" />
    <nd ref="-61" />
    <nd ref="-62" />
    <nd ref="-63" />
    <nd ref="-64" />
    <nd ref="-65" />
    <nd ref="-66" />
    <nd ref="-57" />
    <tag k="building" v="yes" />
    <tag k="source" v="HiRes aerial imagery" />
  </way>
  <way id="-1000000006" visible="true">
    <nd ref="-67" />
    <nd ref="-68" />
    <nd ref="-69" />
    <nd ref="-70" />
    <nd ref="-67" />
    <tag k="building" v="yes" />
    <tag k="roof:shape" v="hipped" />
    <tag k="source" v="HiRes aerial imagery" />
  </way>
  <way id="-1000000007" visible="true">
    <nd ref="-71" />
    <nd ref="-72" />
    <nd ref="-73" />
    <nd ref="-74" />
    <nd ref="-75" />
    <nd ref="-76" />
    <nd ref="-77" />
    <nd ref="-78" />
    <nd ref="-79" />
    <nd ref="-80" />
    <nd ref="-81" />
    <nd ref="-71" />
    <tag k="building" v="school" />
    <tag k="source" v="HiRes aerial imagery" />
  </way>
  <way id="-1000000008" visible="true">
    <nd ref="-82" />
    <nd ref="-83" />
    <nd ref="-84" />
    <nd ref="-85" />
    <nd ref="-86" />
    <nd ref="-87" />
    <nd ref="-88" />
    <nd ref="-89" />
    <nd ref="-90" />
    <nd ref="-91" />
    <nd ref="-92" />
    <nd ref="-93" />
    <nd ref="-94" />
    <nd ref="-95" />
    <nd ref="-96" />
    <nd ref="-97" />
    <nd ref="-98" />
    <nd ref="-82" />
    <tag k="addr:city" v="Ingolstadt" />
    <tag k="addr:country" v="DE" />
    <tag k="addr:housename" v="Leo-von-Klenze-Berufsschule II" />
    <tag k="addr:housenumber" v="1" />
    <tag k="addr:postcode" v="85051" />
    <tag k="addr:street" v="Brückenkopf" />
    <tag k="amenity" v="school" />
    <tag k="building" v="school" />
    <tag k="name" v="Leo-von-Klenze-Berufsschule II" />
    <tag k="source" v="HiRes aerial imagery" />
    <tag k="website" v="https://www.bs2-in.de/" />
  </way>
  <way id="-1000000009" visible="true">
    <nd ref="-99" />
    <nd ref="-100" />
    <nd ref="-101" />
    <nd ref="-102" />
    <nd ref="-103" />
    <nd ref="-104" />
    <nd ref="-105" />
    <nd ref="-106" />
    <nd ref="-107" />
    <nd ref="-108" />
    <nd ref="-99" />
    <tag k="building" v="yes" />
    <tag k="source" v="HiRes aerial imagery" />
  </way>
  <way id="-1000000010" visible="true">
    <nd ref="-109" />
    <nd ref="-110" />
    <nd ref="-111" />
    <nd ref="-112" />
    <nd ref="-113" />
    <nd ref="-114" />
    <nd ref="-115" />
    <nd ref="-116" />
    <nd ref="-117" />
    <nd ref="-118" />
    <nd ref="-119" />
    <nd ref="-120" />
    <nd ref="-121" />
    <nd ref="-122" />
    <nd ref="-123" />
    <nd ref="-124" />
    <nd ref="-125" />
    <nd ref="-126" />
    <nd ref="-127" />
    <nd ref="-128" />
    <nd ref="-129" />
    <nd ref="-130" />
    <nd ref="-131" />
    <nd ref="-132" />
    <nd ref="-133" />
    <nd ref="-134" />
    <nd ref="-135" />
    <nd ref="-136" />
    <nd ref="-137" />
    <nd ref="-138" />
    <nd ref="-139" />
    <nd ref="-140" />
    <nd ref="-141" />
    <nd ref="-109" />
    <tag k="addr:city" v="Ingolstadt" />
    <tag k="addr:country" v="DE" />
    <tag k="addr:housenumber" v="1" />
    <tag k="addr:postcode" v="85049" />
    <tag k="addr:street" v="Hartmannplatz" />
    <tag k="building" v="school" />
    <tag k="source" v="HiRes aerial imagery" />
  </way>
  <way id="-1000000011" visible="true">
    <nd ref="-142" />
    <nd ref="-143" />
    <nd ref="-144" />
    <nd ref="-145" />
    <nd ref="-146" />
    <nd ref="-147" />
    <nd ref="-148" />
    <nd ref="-149" />
    <nd ref="-150" />
    <nd ref="-151" />
    <nd ref="-152" />
    <nd ref="-153" />
    <nd ref="-154" />
    <nd ref="-155" />
    <nd ref="-156" />
    <nd ref="-142" />
    <tag k="building" v="yes" />
    <tag k="source" v="HiRes aerial imagery" />
  </way>
  <way id="-1000000012" visible="true">
    <nd ref="-110" />
    <nd ref="-156" />
    <nd ref="-155" />
    <nd ref="-113" />
    <nd ref="-112" />
    <nd ref="-111" />
    <nd ref="-110" />
    <tag k="building" v="yes" />
    <tag k="layer" v="1" />
    <tag k="source" v="HiRes aerial imagery" />
  </way>
  <way id="-1000000013" visible="true">
    <nd ref="-157" />
    <nd ref="-158" />
    <nd ref="-159" />
    <nd ref="-160" />
    <nd ref="-161" />
    <nd ref="-162" />
    <nd ref="-163" />
    <nd ref="-157" />
    <tag k="addr:city" v="Ingolstadt" />
    <tag k="addr:country" v="DE" />
    <tag k="addr:housenumber" v="20" />
    <tag k="addr:postcode" v="85049" />
    <tag k="addr:street" v="Am Münzbergtor" />
    <tag k="building" v="yes" />
    <tag k="heritage" v="4" />
    <tag k="heritage:operator" v="BLfD" />
    <tag k="historic" v="city_gate" />
    <tag k="image" v="http://commons.wikimedia.org/wiki/File:M%C3%BCnzbergtor_stadtseitig.JPG" />
    <tag k="name" v="Münzbergtor" />
    <tag k="ref:BLfD" v="D-1-61-000-15" />
    <tag k="source" v="HiRes aerial imagery" />
    <tag k="wikidata" v="Q1959213" />
  </way>
  <way id="-1000000014" visible="true">
    <nd ref="-164" />
    <nd ref="-165" />
    <nd ref="-166" />
    <nd ref="-167" />
    <nd ref="-168" />
    <nd ref="-169" />
    <nd ref="-170" />
    <nd ref="-171" />
    <nd ref="-172" />
    <nd ref="-173" />
    <nd ref="-174" />
    <nd ref="-175" />
    <nd ref="-176" />
    <nd ref="-177" />
    <nd ref="-178" />
    <nd ref="-179" />
    <nd ref="-180" />
    <nd ref="-181" />
    <nd ref="-182" />
    <nd ref="-183" />
    <nd ref="-184" />
    <nd ref="-185" />
    <nd ref="-186" />
    <nd ref="-187" />
    <nd ref="-188" />
    <nd ref="-189" />
    <nd ref="-190" />
    <nd ref="-191" />
    <nd ref="-192" />
    <nd ref="-164" />
    <tag k="addr:city" v="Ingolstadt" />
    <tag k="addr:country" v="DE" />
    <tag k="addr:housenumber" v="6" />
    <tag k="addr:postcode" v="85049" />
    <tag k="addr:street" v="Moritzstraße" />
    <tag k="amenity" v="place_of_worship" />
    <tag k="building" v="church" />
    <tag k="denomination" v="roman_catholic" />
    <tag k="name" v="St. Moritz" />
    <tag k="old_name" v="Untere Pfarr" />
    <tag k="religion" v="christian" />
    <tag k="source" v="HiRes aerial imagery" />
    <tag k="wikidata" v="Q1492013" />
    <tag k="wikipedia" v="de:St. Moritz (Ingolstadt)" />
  </way>
  <way id="-1000000015" visible="true">
    <nd ref="-190" />
    <nd ref="-191" />
    <nd ref="-193" />
    <nd ref="-194" />
    <nd ref="-188" />
    <nd ref="-189" />
    <nd ref="-190" />
    <tag k="building" v="yes" />
    <tag k="height" v="63" />
    <tag k="historic" v="tower" />
    <tag k="man_made" v="tower" />
    <tag k="name" v="Pfeifturm" />
    <tag k="source" v="HiRes aerial imagery" />
    <tag k="tourism" v="viewpoint" />
    <tag k="tower:type" v="observation" />
    <tag k="wheelchair" v="no" />
    <tag k="wikidata" v="Q1146660" />
    <tag k="wikipedia" v="de:Pfeifturm" />
  </way>
  <way id="-1000000016" visible="true">
    <nd ref="-195" />
    <nd ref="-196" />
    <nd ref="-197" />
    <nd ref="-198" />
    <nd ref="-199" />
    <nd ref="-200" />
    <nd ref="-201" />
    <nd ref="-202" />
    <nd ref="-203" />
    <nd ref="-204" />
    <nd ref="-205" />
    <nd ref="-206" />
    <nd ref="-195" />
    <tag k="addr:city" v="Ingolstadt" />
    <tag k="addr:country" v="DE" />
    <tag k="addr:housenumber" v="2" />
    <tag k="addr:postcode" v="85049" />
    <tag k="addr:street" v="Rathausplatz" />
    <tag k="amenity" v="townhall" />
    <tag k="building" v="civic" />
    <tag k="name" v="Altes Rathaus" />
    <tag k="source" v="HiRes aerial imagery" />
    <tag k="wheelchair" v="no" />
    <tag k="wikidata" v="Q439398" />
  </way>
  <way id="-1000000017" visible="true">
    <nd ref="-207" />
    <nd ref="-208" />
    <nd ref="-209" />
    <nd ref="-210" />
    <nd ref="-211" />
    <nd ref="-212" />
    <nd ref="-213" />
    <nd ref="-214" />
    <nd ref="-207" />
    <tag k="addr:city" v="Ingolstadt" />
    <tag k="addr:country" v="DE" />
    <tag k="addr:housenumber" v="14" />
    <tag k="addr:postcode" v="85049" />
    <tag k="addr:street" v="Theresienstraße" />
    <tag k="building" v="yes" />
    <tag k="building:levels" v="4" />
    <tag k="source" v="HiRes aerial imagery" />
  </way>
  <way id="-1000000018" visible="true">
    <nd ref="-215" />
    <nd ref="-216" />
    <nd ref="-217" />
    <nd ref="-218" />
    <nd ref="-219" />
    <nd ref="-220" />
    <nd ref="-221" />
    <nd ref="-222" />
    <nd ref="-215" />
    <tag k="addr:city" v="Ingolstadt" />
    <tag k="addr:country" v="DE" />
    <tag k="addr:housenumber" v="20" />
    <tag k="addr:postcode" v="85049" />
    <tag k="addr:street" v="Theresienstraße" />
    <tag k="building" v="yes" />
    <tag k="building:levels" v="4" />
    <tag k="source" v="HiRes aerial imagery" />
  </way>
  <way id="-1000000019" visible="true">
    <nd ref="-221" />
    <nd ref="-222" />
    <nd ref="-223" />
    <nd ref="-224" />
    <nd ref="-225" />
    <nd ref="-226" />
    <nd ref="-227" />
    <nd ref="-228" />
    <nd ref="-229" />
    <nd ref="-230" />
    <nd ref="-221" />
    <tag k="addr:city" v="Ingolstadt" />
    <tag k="addr:country" v="DE" />
    <tag k="addr:housenumber" v="18" />
    <tag k="addr:postcode" v="85049" />
    <tag k="addr:street" v="Theresienstraße" />
    <tag k="building" v="yes" />
    <tag k="building:levels" v="4" />
    <tag k="name" v="Musikhaus Piano Riemer" />
    <tag k="opening_hours" v="Mo,We-Fr 10:00-12:30,14:00-18:00; Tu 10:00-12:30; Sa 10:00-13:00 || Mo-Sa 07:00-20:00 &quot;nach Vereinbarung&quot;" />
    <tag k="phone" v="+49 841 35229" />
    <tag k="shop" v="musical_instrument" />
    <tag k="source" v="HiRes aerial imagery" />
    <tag k="website" v="https://www.musikhaus-riemer.de/" />
  </way>
  <way id="-1000000020" visible="true">
    <nd ref="-226" />
    <nd ref="-225" />
    <nd ref="-207" />
    <nd ref="-214" />
    <nd ref="-226" />
    <tag k="addr:city" v="Ingolstadt" />
    <tag k="addr:country" v="DE" />
    <tag k="addr:housenumber" v="16" />
    <tag k="addr:postcode" v="85049" />
    <tag k="addr:street" v="Theresienstraße" />
    <tag k="amenity" v="pharmacy" />
    <tag k="building" v="yes" />
    <tag k="building:levels" v="4" />
    <tag k="healthcare" v="pharmacy" />
    <tag k="name" v="Theresien-Apotheke" />
    <tag k="opening_hours" v="Mo-Fr 08:00-18:00" />
    <tag k="source" v="HiRes aerial imagery" />
    <tag k="wheelchair" v="yes" />
  </way>
  <way id="-1000000021" visible="true">
    <nd ref="-209" />
    <nd ref="-208" />
    <nd ref="-231" />
    <nd ref="-232" />
    <nd ref="-233" />
    <nd ref="-234" />
    <nd ref="-210" />
    <nd ref="-209" />
    <tag k="addr:city" v="Ingolstadt" />
    <tag k="addr:housenumber" v="12" />
    <tag k="addr:postcode" v="85049" />
    <tag k="addr:street" v="Theresienstraße" />
    <tag k="building" v="yes" />
    <tag k="building:levels" v="4" />
    <tag k="name" v="Beauty Bar" />
    <tag k="shop" v="cosmetics" />
    <tag k="wheelchair" v="yes" />
  </way>
  <way id="-1000000022" visible="true">
    <nd ref="-235" />
    <nd ref="-236" />
    <nd ref="-232" />
    <nd ref="-231" />
    <nd ref="-237" />
    <nd ref="-235" />
    <tag k="addr:city" v="Ingolstadt" />
    <tag k="addr:housenumber" v="10" />
    <tag k="addr:postcode" v="85049" />
    <tag k="addr:street" v="Theresienstraße" />
    <tag k="beauty" v="nails" />
    <tag k="building" v="yes" />
    <tag k="building:levels" v="4" />
    <tag k="name" v="Beauty, n'Nails" />
    <tag k="phone" v="+49 174 9399388" />
    <tag k="shop" v="beauty" />
    <tag k="website" v="https://beauty-n-nails.business.site" />
  </way>
  <way id="-1000000023" visible="true">
    <nd ref="-238" />
    <nd ref="-239" />
    <nd ref="-240" />
    <nd ref="-241" />
    <nd ref="-235" />
    <nd ref="-237" />
    <nd ref="-242" />
    <nd ref="-238" />
    <tag k="addr:city" v="Ingolstadt" />
    <tag k="addr:housenumber" v="8" />
    <tag k="addr:postcode" v="85049" />
    <tag k="addr:street" v="Theresienstraße" />
    <tag k="building" v="yes" />
    <tag k="building:levels" v="4" />
    <tag k="disused:amenity" v="bank" />
  </way>
  <way id="-1000000024" visible="true">
    <nd ref="-243" />
    <nd ref="-244" />
    <nd ref="-245" />
    <nd ref="-246" />
    <nd ref="-247" />
    <nd ref="-28" />
    <nd ref="-29" />
    <nd ref="-248" />
    <nd ref="-249" />
    <nd ref="-250" />
    <nd ref="-251" />
    <nd ref="-252" />
    <nd ref="-253" />
    <nd ref="-254" />
    <nd ref="-255" />
    <nd ref="-256" />
    <nd ref="-257" />
    <nd ref="-258" />
    <nd ref="-259" />
    <nd ref="-260" />
    <nd ref="-261" />
    <nd ref="-262" />
    <nd ref="-263" />
    <nd ref="-264" />
    <nd ref="-265" />
    <nd ref="-266" />
    <nd ref="-267" />
    <nd ref="-268" />
    <nd ref="-269" />
    <nd ref="-270" />
    <nd ref="-243" />
    <tag k="addr:city" v="Ingolstadt" />
    <tag k="addr:housenumber" v="4" />
    <tag k="addr:postcode" v="85049" />
    <tag k="addr:street" v="Rathausplatz" />
    <tag k="amenity" v="townhall" />
    <tag k="building" v="civic" />
    <tag k="email" v="dialog@ingolstadt.de" />
    <tag k="fax" v="+49 841 3051 035" />
    <tag k="name" v="Stadt Ingolstadt" />
    <tag k="opening_hours" v="Mo-Fr 08:00-12:30, Mo,Tu 13:30-16:00, Th 13:30-17:30" />
    <tag k="operator" v="Stadtverwaltung" />
    <tag k="phone" v="+49 841 3051 600" />
    <tag k="source" v="HiRes aerial imagery" />
    <tag k="website" v="https://www.ingolstadt.de" />
    <tag k="wheelchair" v="yes" />
    <tag k="wikidata" v="Q3004" />
    <tag k="wikipedia" v="de:Ingolstadt" />
  </way>
  <way id="-1000000025" visible="true">
    <nd ref="-271" />
    <nd ref="-272" />
    <nd ref="-273" />
    <nd ref="-274" />
    <nd ref="-275" />
    <nd ref="-276" />
    <nd ref="-277" />
    <nd ref="-278" />
    <nd ref="-279" />
    <nd ref="-280" />
    <nd ref="-271" />
    <tag k="addr:city" v="Ingolstadt" />
    <tag k="addr:country" v="DE" />
    <tag k="addr:housenumber" v="3" />
    <tag k="addr:postcode" v="85049" />
    <tag k="addr:street" v="Spitalstraße" />
    <tag k="building" v="civic" />
    <tag k="name" v="Technisches Rathaus" />
    <tag k="source" v="HiRes aerial imagery" />
  </way>
  <way id="-1000000026" visible="true">
    <nd ref="-277" />
    <nd ref="-281" />
    <nd ref="-282" />
    <nd ref="-283" />
    <nd ref="-276" />
    <nd ref="-277" />
    <tag k="addr:city" v="Ingolstadt" />
    <tag k="addr:country" v="DE" />
    <tag k="addr:housenumber" v="1" />
    <tag k="addr:postcode" v="85049" />
    <tag k="addr:street" v="Spitalstraße" />
    <tag k="amenity" v="place_of_worship" />
    <tag k="building" v="church" />
    <tag k="denomination" v="catholic" />
    <tag k="name" v="Spitalkirche" />
    <tag k="religion" v="christian" />
    <tag k="roof:shape" v="gabled" />
    <tag k="source" v="HiRes aerial imagery" />
    <tag k="wheelchair" v="no" />
  </way>
  <way id="-1000000027" visible="true">
    <nd ref="-284" />
    <nd ref="-285" />
    <nd ref="-286" />
    <nd ref="-287" />
    <nd ref="-288" />
    <nd ref="-289" />
    <nd ref="-284" />
    <tag k="addr:city" v="Ingolstadt" />
    <tag k="addr:country" v="DE" />
    <tag k="addr:housenumber" v="3" />
    <tag k="addr:postcode" v="85049" />
    <tag k="addr:street" v="Moritzstraße" />
    <tag k="brand" v="Fielmann" />
    <tag k="brand:wikidata" v="Q457822" />
    <tag k="brand:wikipedia" v="en:Fielmann" />
    <tag k="building" v="yes" />
    <tag k="building:levels" v="4" />
    <tag k="contact:email" v="kundenservice@fielmann.com" />
    <tag k="contact:fax" v="+49 841 33793" />
    <tag k="contact:phone" v="+49 841 34560" />
    <tag k="contact:website" v="http://www.fielmann.de" />
    <tag k="name" v="Fielmann" />
    <tag k="opening_hours" v="Mo-Fr 09:00-19:00; Sa 09:00-18:00; PH off" />
    <tag k="operator" v="Fielmann AG" />
    <tag k="shop" v="optician" />
    <tag k="source" v="HiRes aerial imagery" />
    <tag k="wheelchair" v="yes" />
  </way>
  <way id="-1000000028" visible="true">
    <nd ref="-287" />
    <nd ref="-290" />
    <nd ref="-291" />
    <nd ref="-292" />
    <nd ref="-288" />
    <nd ref="-287" />
    <tag k="addr:city" v="Ingolstadt" />
    <tag k="addr:country" v="DE" />
    <tag k="addr:housenumber" v="5" />
    <tag k="addr:postcode" v="85049" />
    <tag k="addr:street" v="Moritzstraße" />
    <tag k="building" v="yes" />
    <tag k="building:levels" v="4" />
    <tag k="source" v="HiRes aerial imagery" />
  </way>
  <way id="-1000000029" visible="true">
    <nd ref="-293" />
    <nd ref="-294" />
    <nd ref="-295" />
    <nd ref="-296" />
    <nd ref="-297" />
    <nd ref="-298" />
    <nd ref="-293" />
    <tag k="building" v="yes" />
    <tag k="source" v="Aerowest(10cm)" />
  </way>
  <way id="-1000000030" visible="true">
    <nd ref="-293" />
    <nd ref="-299" />
    <nd ref="-300" />
    <nd ref="-301" />
    <nd ref="-294" />
    <nd ref="-293" />
    <tag k="building" v="yes" />
    <tag k="source" v="HiRes aerial imagery" />
  </way>
  <way id="-1000000031" visible="true">
    <nd ref="-302" />
    <nd ref="-303" />
    <nd ref="-304" />
    <nd ref="-305" />
    <nd ref="-306" />
    <nd ref="-307" />
    <nd ref="-302" />
    <tag k="addr:city" v="Ingolstadt" />
    <tag k="addr:housenumber" v="2" />
    <tag k="addr:postcode" v="85049" />
    <tag k="addr:street" v="Hallstraße" />
    <tag k="building" v="yes" />
    <tag k="castle_type" v="stately" />
    <tag k="heritage" v="yes" />
    <tag k="historic" v="castle" />
    <tag k="name" v="Herzogskasten" />
    <tag k="roof:colour" v="red" />
    <tag k="roof:shape" v="gabled" />
    <tag k="ruins" v="no" />
    <tag k="source" v="HiRes aerial imagery" />
    <tag k="tourism" v="attraction" />
    <tag k="wheelchair" v="yes" />
    <tag k="wikidata" v="Q642772" />
    <tag k="wikipedia" v="de:Herzogskasten (Ingolstadt)" />
  </way>
  <way id="-1000000032" visible="true">
    <nd ref="-308" />
    <nd ref="-309" />
    <nd ref="-310" />
    <nd ref="-311" />
    <nd ref="-308" />
    <tag k="addr:city" v="Ingolstadt" />
    <tag k="addr:country" v="DE" />
    <tag k="addr:housenumber" v="9" />
    <tag k="addr:postcode" v="85049" />
    <tag k="addr:street" v="Moritzstraße" />
    <tag k="amenity" v="fast_food" />
    <tag k="building" v="yes" />
    <tag k="name" v="CHICKCAGO" />
    <tag k="opening_hours" v="Mo-Su 11:00-22:00" />
    <tag k="source" v="HiRes aerial imagery" />
  </way>
  <way id="-1000000033" visible="true">
    <nd ref="-309" />
    <nd ref="-312" />
    <nd ref="-313" />
    <nd ref="-314" />
    <nd ref="-315" />
    <nd ref="-316" />
    <nd ref="-310" />
    <nd ref="-309" />
    <tag k="addr:city" v="Ingolstadt" />
    <tag k="addr:country" v="DE" />
    <tag k="addr:housenumber" v="11" />
    <tag k="addr:postcode" v="85049" />
    <tag k="addr:street" v="Moritzstraße" />
    <tag k="building" v="yes" />
    <tag k="source" v="HiRes aerial imagery" />
  </way>
  <way id="-1000000034" visible="true">
    <nd ref="-317" />
    <nd ref="-318" />
    <nd ref="-312" />
    <nd ref="-313" />
    <nd ref="-317" />
    <tag k="addr:city" v="Ingolstadt" />
    <tag k="addr:country" v="DE" />
    <tag k="addr:housenumber" v="13" />
    <tag k="addr:postcode" v="85049" />
    <tag k="addr:street" v="Moritzstraße" />
    <tag k="building" v="yes" />
  </way>
  <way id="-1000000035" visible="true">
    <nd ref="-319" />
    <nd ref="-308" />
    <nd ref="-311" />
    <nd ref="-320" />
    <nd ref="-319" />
    <tag k="addr:city" v="Ingolstadt" />
    <tag k="addr:country" v="DE" />
    <tag k="addr:housenumber" v="7" />
    <tag k="addr:postcode" v="85049" />
    <tag k="addr:street" v="Moritzstraße" />
    <tag k="building" v="yes" />
    <tag k="source" v="HiRes aerial imagery" />
    <tag k="wheelchair" v="yes" />
  </way>
  <way id="-1000000036" visible="true">
    <nd ref="-321" />
    <nd ref="-322" />
    <nd ref="-323" />
    <nd ref="-324" />
    <nd ref="-325" />
    <nd ref="-326" />
    <nd ref="-327" />
    <nd ref="-328" />
    <nd ref="-321" />
    <tag k="amenity" v="hospital" />
    <tag k="building" v="yes" />
    <tag k="healthcare" v="hospital" />
    <tag k="healthcare:speciality" v="psychiatry" />
    <tag k="source" v="HiRes aerial imagery" />
  </way>
  <way id="-1000000037" visible="true">
    <nd ref="-329" />
    <nd ref="-12" />
    <nd ref="-11" />
    <nd ref="-330" />
    <nd ref="-331" />
    <nd ref="-329" />
    <tag k="addr:city" v="Ingolstadt" />
    <tag k="addr:country" v="DE" />
    <tag k="addr:housenumber" v="5" />
    <tag k="addr:postcode" v="85049" />
    <tag k="addr:street" v="Jahnstraße" />
    <tag k="building" v="yes" />
    <tag k="note" v="Umkleide / ehem. Flankenbatterie" />
    <tag k="source" v="HiRes aerial imagery" />
  </way>
  <way id="-1000000038" visible="true">
    <nd ref="-332" />
    <nd ref="-333" />
    <nd ref="-334" />
    <nd ref="-335" />
    <nd ref="-332" />
    <tag k="addr:city" v="Ingolstadt" />
    <tag k="addr:country" v="DE" />
    <tag k="addr:housenumber" v="1" />
    <tag k="addr:postcode" v="85049" />
    <tag k="addr:street" v="Jahnstraße" />
    <tag k="amenity" v="community_centre" />
    <tag k="building" v="yes" />
    <tag k="check_date:opening_hours" v="2025-04-20" />
    <tag k="community_centre" v="club_home" />
    <tag k="name" v="SKP" />
    <tag k="opening_hours:signed" v="no" />
    <tag k="source" v="HiRes aerial imagery" />
  </way>
  <way id="-1000000039" visible="true">
    <nd ref="-336" />
    <nd ref="-337" />
    <nd ref="-338" />
    <nd ref="-339" />
    <nd ref="-336" />
    <tag k="addr:city" v="Ingolstadt" />
    <tag k="addr:country" v="DE" />
    <tag k="addr:housenumber" v="15" />
    <tag k="addr:postcode" v="85049" />
    <tag k="addr:street" v="Moritzstraße" />
    <tag k="building" v="yes" />
    <tag k="source" v="HiRes aerial imagery" />
  </way>
  <way id="-1000000040" visible="true">
    <nd ref="-340" />
    <nd ref="-341" />
    <nd ref="-342" />
    <nd ref="-343" />
    <nd ref="-344" />
    <nd ref="-315" />
    <nd ref="-316" />
    <nd ref="-345" />
    <nd ref="-346" />
    <nd ref="-347" />
    <nd ref="-340" />
    <tag k="building" v="yes" />
    <tag k="source" v="HiRes aerial imagery" />
  </way>
  <way id="-1000000041" visible="true">
    <nd ref="-219" />
    <nd ref="-220" />
    <nd ref="-221" />
    <nd ref="-230" />
    <nd ref="-229" />
    <nd ref="-348" />
    <nd ref="-349" />
    <nd ref="-350" />
    <nd ref="-219" />
    <tag k="building" v="yes" />
    <tag k="building:levels" v="3" />
    <tag k="source" v="HiRes aerial imagery" />
  </way>
  <way id="-1000000042" visible="true">
    <nd ref="-351" />
    <nd ref="-352" />
    <nd ref="-353" />
    <nd ref="-354" />
    <nd ref="-355" />
    <nd ref="-356" />
    <nd ref="-357" />
    <nd ref="-358" />
    <nd ref="-359" />
    <nd ref="-351" />
    <tag k="building" v="yes" />
    <tag k="building:levels" v="2" />
    <tag k="source" v="HiRes aerial imagery" />
  </way>
  <way id="-1000000043" visible="true">
    <nd ref="-360" />
    <nd ref="-361" />
    <nd ref="-362" />
    <nd ref="-228" />
    <nd ref="-227" />
    <nd ref="-213" />
    <nd ref="-212" />
    <nd ref="-363" />
    <nd ref="-364" />
    <nd ref="-365" />
    <nd ref="-211" />
    <nd ref="-210" />
    <nd ref="-366" />
    <nd ref="-360" />
    <tag k="building" v="yes" />
    <tag k="building:levels" v="3" />
    <tag k="source" v="HiRes aerial imagery" />
  </way>
  <way id="-1000000044" visible="true">
    <nd ref="-367" />
    <nd ref="-368" />
    <nd ref="-369" />
    <nd ref="-370" />
    <nd ref="-367" />
    <tag k="addr:city" v="Ingolstadt" />
    <tag k="addr:country" v="DE" />
    <tag k="addr:housenumber" v="7" />
    <tag k="addr:postcode" v="85049" />
    <tag k="addr:street" v="Dollstraße" />
    <tag k="building" v="yes" />
    <tag k="source" v="HiRes aerial imagery" />
  </way>
  <way id="-1000000045" visible="true">
    <nd ref="-371" />
    <nd ref="-217" />
    <nd ref="-218" />
    <nd ref="-372" />
    <nd ref="-371" />
    <tag k="building" v="yes" />
    <tag k="level" v="2" />
    <tag k="source" v="HiRes aerial imagery" />
  </way>
  <way id="-1000000046" visible="true">
    <nd ref="-366" />
    <nd ref="-360" />
    <nd ref="-373" />
    <nd ref="-374" />
    <nd ref="-366" />
    <tag k="building" v="yes" />
    <tag k="building:levels" v="4" />
    <tag k="source" v="HiRes aerial imagery" />
  </way>
  <way id="-1000000047" visible="true">
    <nd ref="-375" />
    <nd ref="-376" />
    <nd ref="-377" />
    <nd ref="-378" />
    <nd ref="-375" />
    <tag k="building" v="yes" />
    <tag k="source" v="HiRes aerial imagery" />
  </way>
  <way id="-1000000048" visible="true">
    <nd ref="-379" />
    <nd ref="-380" />
    <nd ref="-381" />
    <nd ref="-382" />
    <nd ref="-379" />
    <tag k="building" v="yes" />
    <tag k="source" v="HiRes aerial imagery" />
  </way>
  <way id="-1000000049" visible="true">
    <nd ref="-383" />
    <nd ref="-384" />
    <nd ref="-385" />
    <nd ref="-386" />
    <nd ref="-383" />
    <tag k="building" v="yes" />
    <tag k="source" v="HiRes aerial imagery" />
  </way>
  <way id="-1000000050" visible="true">
    <nd ref="-387" />
    <nd ref="-388" />
    <nd ref="-389" />
    <nd ref="-390" />
    <nd ref="-391" />
    <nd ref="-387" />
    <tag k="addr:city" v="Ingolstadt" />
    <tag k="addr:country" v="DE" />
    <tag k="addr:housenumber" v="15" />
    <tag k="addr:postcode" v="85049" />
    <tag k="addr:street" v="Dollstraße" />
    <tag k="amenity" v="restaurant" />
    <tag k="building" v="yes" />
    <tag k="cuisine" v="mediterranean;croatian" />
    <tag k="name" v="Split" />
    <tag k="opening_hours" v="Tu-Sa 17:30-23:00; PH,Su 11:30-14:00; PH,Su 17:30-23:00" />
    <tag k="source" v="HiRes aerial imagery" />
  </way>
  <way id="-1000000051" visible="true">
    <nd ref="-392" />
    <nd ref="-393" />
    <nd ref="-394" />
    <nd ref="-395" />
    <nd ref="-396" />
    <nd ref="-392" />
    <tag k="building" v="yes" />
    <tag k="source" v="HiRes aerial imagery" />
  </way>
  <way id="-1000000052" visible="true">
    <nd ref="-362" />
    <nd ref="-397" />
    <nd ref="-348" />
    <nd ref="-229" />
    <nd ref="-228" />
    <nd ref="-362" />
    <tag k="building" v="yes" />
    <tag k="building:levels" v="3" />
    <tag k="source" v="HiRes aerial imagery" />
  </way>
  <way id="-1000000053" visible="true">
    <nd ref="-398" />
    <nd ref="-399" />
    <nd ref="-400" />
    <nd ref="-401" />
    <nd ref="-402" />
    <nd ref="-398" />
    <tag k="building" v="yes" />
    <tag k="source" v="HiRes aerial imagery" />
  </way>
  <way id="-1000000054" visible="true">
    <nd ref="-376" />
    <nd ref="-403" />
    <nd ref="-404" />
    <nd ref="-405" />
    <nd ref="-377" />
    <nd ref="-376" />
    <tag k="building" v="yes" />
    <tag k="source" v="HiRes aerial imagery" />
  </way>
  <way id="-1000000055" visible="true">
    <nd ref="-394" />
    <nd ref="-406" />
    <nd ref="-378" />
    <nd ref="-375" />
    <nd ref="-393" />
    <nd ref="-394" />
    <tag k="building" v="yes" />
    <tag k="source" v="HiRes aerial imagery" />
  </way>
  <way id="-1000000056" visible="true">
    <nd ref="-407" />
    <nd ref="-408" />
    <nd ref="-409" />
    <nd ref="-351" />
    <nd ref="-352" />
    <nd ref="-410" />
    <nd ref="-411" />
    <nd ref="-407" />
    <tag k="building" v="yes" />
    <tag k="building:levels" v="4" />
    <tag k="source" v="HiRes aerial imagery" />
  </way>
  <way id="-1000000057" visible="true">
    <nd ref="-164" />
    <nd ref="-412" />
    <nd ref="-413" />
    <nd ref="-414" />
    <nd ref="-415" />
    <nd ref="-165" />
    <nd ref="-164" />
    <tag k="building" v="yes" />
    <tag k="name" v="Straßenambulanz" />
    <tag k="source" v="HiRes aerial imagery" />
  </way>
  <way id="-1000000058" visible="true">
    <nd ref="-404" />
    <nd ref="-416" />
    <nd ref="-417" />
    <nd ref="-418" />
    <nd ref="-419" />
    <nd ref="-405" />
    <nd ref="-404" />
    <tag k="building" v="yes" />
    <tag k="source" v="HiRes aerial imagery" />
  </way>
  <way id="-1000000059" visible="true">
    <nd ref="-420" />
    <nd ref="-421" />
    <nd ref="-422" />
    <nd ref="-423" />
    <nd ref="-424" />
    <nd ref="-425" />
    <nd ref="-420" />
    <tag k="building" v="yes" />
    <tag k="source" v="HiRes aerial imagery" />
  </way>
  <way id="-1000000060" visible="true">
    <nd ref="-389" />
    <nd ref="-388" />
    <nd ref="-426" />
    <nd ref="-427" />
    <nd ref="-428" />
    <nd ref="-429" />
    <nd ref="-389" />
    <tag k="addr:city" v="Ingolstadt" />
    <tag k="addr:country" v="DE" />
    <tag k="addr:housenumber" v="13" />
    <tag k="addr:postcode" v="85049" />
    <tag k="addr:street" v="Dollstraße" />
    <tag k="amenity" v="cafe" />
    <tag k="building" v="yes" />
    <tag k="cocktails" v="yes" />
    <tag k="contact:email" v="info@ouzerie1.de" />
    <tag k="contact:website" v="https://ouzerie1.de/" />
    <tag k="cuisine" v="burger;salad;thai;steak" />
    <tag k="diet:vegetarian" v="yes" />
    <tag k="name" v="Ouzerie1" />
    <tag k="opening_hours" v="Mo-Th, Su 18:00-00:00; Fr,Sa 18:00-02:00" />
    <tag k="phone" v="+49 1512 5577768" />
    <tag k="source" v="HiRes aerial imagery" />
    <tag k="wheelchair" v="limited" />
  </way>
  <way id="-1000000061" visible="true">
    <nd ref="-317" />
    <nd ref="-430" />
    <nd ref="-431" />
    <nd ref="-314" />
    <nd ref="-313" />
    <nd ref="-317" />
    <tag k="addr:city" v="Ingolstadt" />
    <tag k="addr:country" v="DE" />
    <tag k="addr:housenumber" v="1" />
    <tag k="addr:postcode" v="85049" />
    <tag k="addr:street" v="Dollstraße" />
    <tag k="building" v="yes" />
    <tag k="source" v="HiRes aerial imagery" />
  </way>
  <way id="-1000000062" visible="true">
    <nd ref="-397" />
    <nd ref="-432" />
    <nd ref="-433" />
    <nd ref="-434" />
    <nd ref="-435" />
    <nd ref="-371" />
    <nd ref="-372" />
    <nd ref="-350" />
    <nd ref="-349" />
    <nd ref="-348" />
    <nd ref="-397" />
    <tag k="building" v="yes" />
    <tag k="building:levels" v="3" />
    <tag k="source" v="HiRes aerial imagery" />
  </way>
  <way id="-1000000063" visible="true">
    <nd ref="-436" />
    <nd ref="-424" />
    <nd ref="-425" />
    <nd ref="-437" />
    <nd ref="-368" />
    <nd ref="-369" />
    <nd ref="-436" />
    <tag k="addr:city" v="Ingolstadt" />
    <tag k="addr:country" v="DE" />
    <tag k="addr:housenumber" v="9" />
    <tag k="addr:postcode" v="85049" />
    <tag k="addr:street" v="Dollstraße" />
    <tag k="amenity" v="restaurant" />
    <tag k="building" v="yes" />
    <tag k="cuisine" v="spanish" />
    <tag k="name" v="Granada" />
    <tag k="source" v="HiRes aerial imagery" />
    <tag k="wheelchair" v="limited" />
  </way>
  <way id="-1000000064" visible="true">
    <nd ref="-438" />
    <nd ref="-439" />
    <nd ref="-440" />
    <nd ref="-441" />
    <nd ref="-422" />
    <nd ref="-421" />
    <nd ref="-438" />
    <tag k="building" v="yes" />
    <tag k="source" v="HiRes aerial imagery" />
  </way>
  <way id="-1000000065" visible="true">
    <nd ref="-442" />
    <nd ref="-443" />
    <nd ref="-444" />
    <nd ref="-380" />
    <nd ref="-381" />
    <nd ref="-445" />
    <nd ref="-446" />
    <nd ref="-442" />
    <tag k="addr:city" v="Ingolstadt" />
    <tag k="addr:country" v="DE" />
    <tag k="addr:housenumber" v="19" />
    <tag k="addr:postcode" v="85049" />
    <tag k="addr:street" v="Dollstraße" />
    <tag k="building" v="yes" />
    <tag k="name" v="Immo-concept" />
    <tag k="note" v="Hausnummer" />
    <tag k="source" v="HiRes aerial imagery" />
  </way>
  <way id="-1000000066" visible="true">
    <nd ref="-439" />
    <nd ref="-447" />
    <nd ref="-448" />
    <nd ref="-449" />
    <nd ref="-450" />
    <nd ref="-441" />
    <nd ref="-440" />
    <nd ref="-439" />
    <tag k="building" v="yes" />
    <tag k="source" v="HiRes aerial imagery" />
  </way>
  <way id="-1000000067" visible="true">
    <nd ref="-235" />
    <nd ref="-236" />
    <nd ref="-451" />
    <nd ref="-233" />
    <nd ref="-234" />
    <nd ref="-452" />
    <nd ref="-235" />
    <tag k="building" v="yes" />
    <tag k="building:levels" v="3" />
    <tag k="source" v="HiRes aerial imagery" />
  </way>
  <way id="-1000000068" visible="true">
    <nd ref="-419" />
    <nd ref="-399" />
    <nd ref="-400" />
    <nd ref="-453" />
    <nd ref="-370" />
    <nd ref="-367" />
    <nd ref="-418" />
    <nd ref="-419" />
    <tag k="addr:city" v="Ingolstadt" />
    <tag k="addr:housenumber" v="5" />
    <tag k="addr:postcode" v="85049" />
    <tag k="addr:street" v="Dollstraße" />
    <tag k="amenity" v="cafe" />
    <tag k="building" v="yes" />
    <tag k="lgbtq" v="welcome" />
    <tag k="name" v="Café 59" />
    <tag k="opening_hours" v="Tu-Su 10:00-23:00" />
    <tag k="outdoor_seating" v="yes" />
    <tag k="phone" v="+49 841 1288 796" />
    <tag k="website" v="https://www.ingolstadt-tourismus.de/genuss/gastronomie/detail/cafe-59" />
    <tag k="wheelchair" v="no" />
  </way>
  <way id="-1000000069" visible="true">
    <nd ref="-454" />
    <nd ref="-240" />
    <nd ref="-239" />
    <nd ref="-407" />
    <nd ref="-411" />
    <nd ref="-455" />
    <nd ref="-452" />
    <nd ref="-454" />
    <tag k="building" v="yes" />
    <tag k="building:levels" v="4" />
    <tag k="source" v="HiRes aerial imagery" />
  </way>
  <way id="-1000000070" visible="true">
    <nd ref="-431" />
    <nd ref="-344" />
    <nd ref="-343" />
    <nd ref="-402" />
    <nd ref="-401" />
    <nd ref="-400" />
    <nd ref="-453" />
    <nd ref="-430" />
    <nd ref="-431" />
    <tag k="addr:city" v="Ingolstadt" />
    <tag k="addr:country" v="DE" />
    <tag k="addr:housenumber" v="3" />
    <tag k="addr:postcode" v="85049" />
    <tag k="addr:street" v="Dollstraße" />
    <tag k="amenity" v="restaurant" />
    <tag k="building" v="yes" />
    <tag k="cuisine" v="german" />
    <tag k="email" v="info@weissbraeuhaus-in.de" />
    <tag k="fax" v="+49 841 33620" />
    <tag k="level" v="0" />
    <tag k="name" v="Weissbräuhaus zum Herrnbräu" />
    <tag k="opening_hours" v="Mo-Su 09:00-23:00" />
    <tag k="outdoor_seating" v="yes" />
    <tag k="phone" v="+49 841 32890" />
    <tag k="self_service" v="no" />
    <tag k="source" v="HiRes aerial imagery" />
    <tag k="toilets:wheelchair" v="no" />
    <tag k="website" v="https://www.weissbraeuhaus-in.de/" />
    <tag k="website:menu" v="https://www.weissbraeuhaus-in.de/speisekarte/" />
    <tag k="wheelchair" v="limited" />
  </way>
  <way id="-1000000071" visible="true">
    <nd ref="-403" />
    <nd ref="-456" />
    <nd ref="-420" />
    <nd ref="-425" />
    <nd ref="-437" />
    <nd ref="-457" />
    <nd ref="-416" />
    <nd ref="-404" />
    <nd ref="-403" />
    <tag k="building" v="yes" />
    <tag k="source" v="HiRes aerial imagery" />
  </way>
  <way id="-1000000072" visible="true">
    <nd ref="-384" />
    <nd ref="-379" />
    <nd ref="-382" />
    <nd ref="-446" />
    <nd ref="-442" />
    <nd ref="-458" />
    <nd ref="-387" />
    <nd ref="-391" />
    <nd ref="-385" />
    <nd ref="-384" />
    <tag k="building" v="yes" />
  </way>
  <way id="-1000000073" visible="true">
    <nd ref="-447" />
    <nd ref="-383" />
    <nd ref="-386" />
    <nd ref="-390" />
    <nd ref="-389" />
    <nd ref="-429" />
    <nd ref="-459" />
    <nd ref="-448" />
    <nd ref="-447" />
    <tag k="building" v="yes" />
    <tag k="source" v="HiRes aerial imagery" />
  </way>
  <way id="-1000000074" visible="true">
    <nd ref="-426" />
    <nd ref="-436" />
    <nd ref="-424" />
    <nd ref="-423" />
    <nd ref="-450" />
    <nd ref="-449" />
    <nd ref="-460" />
    <nd ref="-427" />
    <nd ref="-426" />
    <tag k="addr:city" v="Ingolstadt" />
    <tag k="addr:country" v="DE" />
    <tag k="addr:housenumber" v="11" />
    <tag k="addr:postcode" v="85049" />
    <tag k="addr:street" v="Dollstraße" />
    <tag k="building" v="yes" />
    <tag k="source" v="HiRes aerial imagery" />
  </way>
  <way id="-1000000075" visible="true">
    <nd ref="-461" />
    <nd ref="-462" />
    <nd ref="-463" />
    <nd ref="-464" />
    <nd ref="-465" />
    <nd ref="-466" />
    <nd ref="-467" />
    <nd ref="-468" />
    <nd ref="-469" />
    <nd ref="-470" />
    <nd ref="-471" />
    <nd ref="-472" />
    <nd ref="-473" />
    <nd ref="-474" />
    <nd ref="-475" />
    <nd ref="-476" />
    <nd ref="-477" />
    <nd ref="-478" />
    <nd ref="-479" />
    <nd ref="-461" />
    <tag k="addr:city" v="Ingolstadt" />
    <tag k="addr:country" v="DE" />
    <tag k="addr:housenumber" v="34" />
    <tag k="addr:postcode" v="85049" />
    <tag k="addr:street" v="Bei der Schleifmühle" />
    <tag k="alt_name" v="Schleifbräuhaus" />
    <tag k="building" v="yes" />
    <tag k="source" v="HiRes aerial imagery" />
  </way>
  <way id="-1000000076" visible="true">
    <nd ref="-41" />
    <nd ref="-480" />
    <nd ref="-481" />
    <nd ref="-482" />
    <nd ref="-483" />
    <nd ref="-484" />
    <nd ref="-485" />
    <nd ref="-40" />
    <nd ref="-41" />
    <tag k="building" v="yes" />
    <tag k="source" v="HiRes aerial imagery" />
  </way>
  <way id="-1000000077" visible="true">
    <nd ref="-486" />
    <nd ref="-487" />
    <nd ref="-488" />
    <nd ref="-489" />
    <nd ref="-486" />
    <tag k="building" v="yes" />
    <tag k="roof:shape" v="hipped" />
    <tag k="source" v="HiRes aerial imagery" />
  </way>
  <way id="-1000000078" visible="true">
    <nd ref="-490" />
    <nd ref="-491" />
    <nd ref="-492" />
    <nd ref="-493" />
    <nd ref="-494" />
    <nd ref="-495" />
    <nd ref="-496" />
    <nd ref="-497" />
    <nd ref="-498" />
    <nd ref="-499" />
    <nd ref="-500" />
    <nd ref="-501" />
    <nd ref="-502" />
    <nd ref="-490" />
    <tag k="building" v="school" />
    <tag k="source" v="HiRes aerial imagery" />
  </way>
  <way id="-1000000079" visible="true">
    <nd ref="-503" />
    <nd ref="-504" />
    <nd ref="-505" />
    <nd ref="-506" />
    <nd ref="-39" />
    <nd ref="-40" />
    <nd ref="-485" />
    <nd ref="-484" />
    <nd ref="-503" />
    <tag k="building" v="yes" />
    <tag k="source" v="HiRes aerial imagery" />
  </way>
  <way id="-1000000080" visible="true">
    <nd ref="-507" />
    <nd ref="-508" />
    <nd ref="-509" />
    <nd ref="-510" />
    <nd ref="-511" />
    <nd ref="-512" />
    <nd ref="-513" />
    <nd ref="-514" />
    <nd ref="-515" />
    <nd ref="-516" />
    <nd ref="-517" />
    <nd ref="-518" />
    <nd ref="-507" />
    <tag k="addr:city" v="Ingolstadt" />
    <tag k="addr:housenumber" v="22" />
    <tag k="addr:postcode" v="85049" />
    <tag k="addr:street" v="Theresienstraße" />
    <tag k="building" v="yes" />
    <tag k="check_date" v="2026-05-13" />
    <tag k="email" v="info@hotel-adler-ingolstadt.de" />
    <tag k="internet_access" v="wlan" />
    <tag k="name" v="Hotel Adler" />
    <tag k="phone" v="+49 841 3 51 07" />
    <tag k="stars" v="3" />
    <tag k="tourism" v="hotel" />
    <tag k="website" v="https://www.hotel-adler-ingolstadt.de/" />
    <tag k="wheelchair" v="no" />
  </way>
  <way id="-1000000081" visible="true">
    <nd ref="-519" />
    <nd ref="-520" />
    <nd ref="-521" />
    <nd ref="-522" />
    <nd ref="-523" />
    <nd ref="-524" />
    <nd ref="-514" />
    <nd ref="-513" />
    <nd ref="-525" />
    <nd ref="-519" />
    <tag k="building" v="yes" />
  </way>
  <way id="-1000000082" visible="true">
    <nd ref="-526" />
    <nd ref="-527" />
    <nd ref="-528" />
    <nd ref="-520" />
    <nd ref="-519" />
    <nd ref="-525" />
    <nd ref="-526" />
    <tag k="addr:city" v="Ingolstadt" />
    <tag k="addr:country" v="DE" />
    <tag k="addr:housenumber" v="1" />
    <tag k="addr:postcode" v="85049" />
    <tag k="addr:street" v="Hohe-Schul-Straße" />
    <tag k="building" v="yes" />
  </way>
  <way id="-1000000083" visible="true">
    <nd ref="-529" />
    <nd ref="-521" />
    <nd ref="-520" />
    <nd ref="-528" />
    <nd ref="-527" />
    <nd ref="-530" />
    <nd ref="-529" />
    <tag k="addr:city" v="Ingolstadt" />
    <tag k="addr:country" v="DE" />
    <tag k="addr:housenumber" v="3 1/2" />
    <tag k="addr:postcode" v="85049" />
    <tag k="addr:street" v="Hohe-Schul-Straße" />
    <tag k="building" v="yes" />
  </way>
  <way id="-1000000084" visible="true">
    <nd ref="-531" />
    <nd ref="-532" />
    <nd ref="-533" />
    <nd ref="-534" />
    <nd ref="-535" />
    <nd ref="-536" />
    <nd ref="-537" />
    <nd ref="-538" />
    <nd ref="-539" />
    <nd ref="-540" />
    <nd ref="-541" />
    <nd ref="-542" />
    <nd ref="-148" />
    <nd ref="-147" />
    <nd ref="-531" />
    <tag k="building" v="yes" />
    <tag k="source" v="HiRes aerial imagery" />
  </way>
  <way id="-1000000085" visible="true">
    <nd ref="-543" />
    <nd ref="-544" />
    <nd ref="-545" />
    <nd ref="-546" />
    <nd ref="-532" />
    <nd ref="-533" />
    <nd ref="-547" />
    <nd ref="-543" />
    <tag k="building" v="yes" />
  </way>
  <way id="-1000000086" visible="true">
    <nd ref="-548" />
    <nd ref="-549" />
    <nd ref="-550" />
    <nd ref="-551" />
    <nd ref="-552" />
    <nd ref="-553" />
    <nd ref="-554" />
    <nd ref="-548" />
    <tag k="addr:city" v="Ingolstadt" />
    <tag k="addr:country" v="DE" />
    <tag k="addr:housenumber" v="5" />
    <tag k="addr:postcode" v="85049" />
    <tag k="addr:street" v="Höllbräugasse" />
    <tag k="building" v="yes" />
    <tag k="source" v="HiRes aerial imagery" />
  </way>
  <way id="-1000000087" visible="true">
    <nd ref="-555" />
    <nd ref="-556" />
    <nd ref="-557" />
    <nd ref="-558" />
    <nd ref="-559" />
    <nd ref="-560" />
    <nd ref="-561" />
    <nd ref="-562" />
    <nd ref="-555" />
    <tag k="building" v="yes" />
  </way>
  <way id="-1000000088" visible="true">
    <nd ref="-563" />
    <nd ref="-564" />
    <nd ref="-565" />
    <nd ref="-566" />
    <nd ref="-563" />
    <tag k="addr:city" v="Ingolstadt" />
    <tag k="addr:country" v="DE" />
    <tag k="addr:housenumber" v="6" />
    <tag k="addr:postcode" v="85051" />
    <tag k="addr:street" v="Parkstraße" />
    <tag k="building" v="yes" />
  </way>
  <way id="-1000000089" visible="true">
    <nd ref="-567" />
    <nd ref="-568" />
    <nd ref="-569" />
    <nd ref="-570" />
    <nd ref="-571" />
    <nd ref="-572" />
    <nd ref="-567" />
    <tag k="addr:city" v="Ingolstadt" />
    <tag k="addr:country" v="DE" />
    <tag k="addr:housenumber" v="7" />
    <tag k="addr:postcode" v="85051" />
    <tag k="addr:street" v="Parkstraße" />
    <tag k="building" v="yes" />
  </way>
  <way id="-1000000090" visible="true">
    <nd ref="-573" />
    <nd ref="-574" />
    <nd ref="-575" />
    <nd ref="-576" />
    <nd ref="-573" />
    <tag k="addr:city" v="Ingolstadt" />
    <tag k="addr:country" v="DE" />
    <tag k="addr:housenumber" v="5" />
    <tag k="addr:postcode" v="85051" />
    <tag k="addr:street" v="Parkstraße" />
    <tag k="building" v="yes" />
  </way>
  <way id="-1000000091" visible="true">
    <nd ref="-577" />
    <nd ref="-578" />
    <nd ref="-579" />
    <nd ref="-580" />
    <nd ref="-577" />
    <tag k="addr:city" v="Ingolstadt" />
    <tag k="addr:country" v="DE" />
    <tag k="addr:housenumber" v="2" />
    <tag k="addr:postcode" v="85051" />
    <tag k="addr:street" v="Parkstraße" />
    <tag k="building" v="yes" />
  </way>
  <way id="-1000000092" visible="true">
    <nd ref="-581" />
    <nd ref="-582" />
    <nd ref="-583" />
    <nd ref="-584" />
    <nd ref="-581" />
    <tag k="addr:city" v="Ingolstadt" />
    <tag k="addr:country" v="DE" />
    <tag k="addr:housenumber" v="10" />
    <tag k="addr:postcode" v="85051" />
    <tag k="addr:street" v="Parkstraße" />
    <tag k="building" v="yes" />
  </way>
  <way id="-1000000093" visible="true">
    <nd ref="-585" />
    <nd ref="-586" />
    <nd ref="-587" />
    <nd ref="-588" />
    <nd ref="-585" />
    <tag k="addr:city" v="Ingolstadt" />
    <tag k="addr:country" v="DE" />
    <tag k="addr:housenumber" v="8" />
    <tag k="addr:postcode" v="85051" />
    <tag k="addr:street" v="Parkstraße" />
    <tag k="building" v="yes" />
  </way>
  <way id="-1000000094" visible="true">
    <nd ref="-589" />
    <nd ref="-590" />
    <nd ref="-591" />
    <nd ref="-592" />
    <nd ref="-589" />
    <tag k="addr:city" v="Ingolstadt" />
    <tag k="addr:country" v="DE" />
    <tag k="addr:housenumber" v="1" />
    <tag k="addr:postcode" v="85051" />
    <tag k="addr:street" v="Parkstraße" />
    <tag k="building" v="yes" />
  </way>
  <way id="-1000000095" visible="true">
    <nd ref="-593" />
    <nd ref="-594" />
    <nd ref="-595" />
    <nd ref="-596" />
    <nd ref="-593" />
    <tag k="addr:city" v="Ingolstadt" />
    <tag k="addr:country" v="DE" />
    <tag k="addr:housenumber" v="3" />
    <tag k="addr:postcode" v="85051" />
    <tag k="addr:street" v="Parkstraße" />
    <tag k="building" v="yes" />
  </way>
  <way id="-1000000096" visible="true">
    <nd ref="-597" />
    <nd ref="-598" />
    <nd ref="-599" />
    <nd ref="-282" />
    <nd ref="-281" />
    <nd ref="-600" />
    <nd ref="-597" />
    <tag k="building" v="yes" />
    <tag k="roof:shape" v="gabled" />
    <tag k="source" v="HiRes aerial imagery" />
  </way>
  <way id="-1000000097" visible="true">
    <nd ref="-601" />
    <nd ref="-602" />
    <nd ref="-603" />
    <nd ref="-604" />
    <nd ref="-601" />
    <tag k="addr:city" v="Ingolstadt" />
    <tag k="addr:country" v="DE" />
    <tag k="addr:housenumber" v="6" />
    <tag k="addr:postcode" v="85049" />
    <tag k="addr:street" v="Josef-Ponschab-Straße" />
    <tag k="building" v="yes" />
    <tag k="source" v="HiRes aerial imagery" />
  </way>
  <way id="-1000000098" visible="true">
    <nd ref="-605" />
    <nd ref="-606" />
    <nd ref="-601" />
    <nd ref="-604" />
    <nd ref="-605" />
    <tag k="addr:city" v="Ingolstadt" />
    <tag k="addr:country" v="DE" />
    <tag k="addr:housenumber" v="8" />
    <tag k="addr:postcode" v="85049" />
    <tag k="addr:street" v="Josef-Ponschab-Straße" />
    <tag k="building" v="yes" />
    <tag k="source" v="HiRes aerial imagery" />
    <tag k="wheelchair" v="yes" />
  </way>
  <way id="-1000000099" visible="true">
    <nd ref="-607" />
    <nd ref="-608" />
    <nd ref="-609" />
    <nd ref="-610" />
    <nd ref="-607" />
    <tag k="addr:city" v="Ingolstadt" />
    <tag k="addr:country" v="DE" />
    <tag k="addr:housenumber" v="12" />
    <tag k="addr:postcode" v="85049" />
    <tag k="addr:street" v="Josef-Ponschab-Straße" />
    <tag k="building" v="yes" />
    <tag k="source" v="HiRes aerial imagery" />
  </way>
  <way id="-1000000100" visible="true">
    <nd ref="-611" />
    <nd ref="-612" />
    <nd ref="-609" />
    <nd ref="-610" />
    <nd ref="-613" />
    <nd ref="-611" />
    <tag k="addr:city" v="Ingolstadt" />
    <tag k="addr:country" v="DE" />
    <tag k="addr:housenumber" v="14" />
    <tag k="addr:postcode" v="85049" />
    <tag k="addr:street" v="Josef-Ponschab-Straße" />
    <tag k="building" v="yes" />
    <tag k="source" v="HiRes aerial imagery" />
  </way>
  <way id="-1000000101" visible="true">
    <nd ref="-614" />
    <nd ref="-615" />
    <nd ref="-612" />
    <nd ref="-611" />
    <nd ref="-614" />
    <tag k="addr:city" v="Ingolstadt" />
    <tag k="addr:country" v="DE" />
    <tag k="addr:housenumber" v="16" />
    <tag k="addr:postcode" v="85049" />
    <tag k="addr:street" v="Josef-Ponschab-Straße" />
    <tag k="building" v="yes" />
    <tag k="source" v="HiRes aerial imagery" />
  </way>
  <way id="-1000000102" visible="true">
    <nd ref="-616" />
    <nd ref="-617" />
    <nd ref="-618" />
    <nd ref="-619" />
    <nd ref="-620" />
    <nd ref="-621" />
    <nd ref="-622" />
    <nd ref="-623" />
    <nd ref="-624" />
    <nd ref="-625" />
    <nd ref="-616" />
    <tag k="addr:city" v="Ingolstadt" />
    <tag k="addr:country" v="DE" />
    <tag k="addr:housenumber" v="8" />
    <tag k="addr:postcode" v="85049" />
    <tag k="addr:street" v="Spitalstraße" />
    <tag k="building" v="yes" />
  </way>
  <way id="-1000000103" visible="true">
    <nd ref="-626" />
    <nd ref="-627" />
    <nd ref="-628" />
    <nd ref="-629" />
    <nd ref="-630" />
    <nd ref="-631" />
    <nd ref="-632" />
    <nd ref="-633" />
    <nd ref="-634" />
    <nd ref="-626" />
    <tag k="building" v="house" />
  </way>
  <way id="-1000000104" visible="true">
    <nd ref="-635" />
    <nd ref="-636" />
    <nd ref="-637" />
    <nd ref="-638" />
    <nd ref="-639" />
    <nd ref="-640" />
    <nd ref="-635" />
    <tag k="addr:city" v="Ingolstadt" />
    <tag k="addr:country" v="DE" />
    <tag k="addr:housenumber" v="1" />
    <tag k="addr:postcode" v="85049" />
    <tag k="addr:street" v="Roseneckstraße" />
    <tag k="building" v="house" />
    <tag k="source" v="HiRes aerial imagery" />
  </way>
  <way id="-1000000105" visible="true">
    <nd ref="-641" />
    <nd ref="-642" />
    <nd ref="-643" />
    <nd ref="-644" />
    <nd ref="-645" />
    <nd ref="-646" />
    <nd ref="-641" />
    <tag k="addr:housenumber" v="1" />
    <tag k="addr:street" v="Kanalstraße" />
    <tag k="building" v="house" />
    <tag k="source" v="HiRes aerial imagery" />
  </way>
  <way id="-1000000106" visible="true">
    <nd ref="-647" />
    <nd ref="-648" />
    <nd ref="-649" />
    <nd ref="-650" />
    <nd ref="-651" />
    <nd ref="-647" />
    <tag k="building" v="house" />
    <tag k="source" v="HiRes aerial imagery" />
  </way>
  <way id="-1000000107" visible="true">
    <nd ref="-640" />
    <nd ref="-652" />
    <nd ref="-653" />
    <nd ref="-635" />
    <nd ref="-640" />
    <tag k="addr:city" v="Ingolstadt" />
    <tag k="addr:country" v="DE" />
    <tag k="addr:housenumber" v="2 1/2" />
    <tag k="addr:postcode" v="85049" />
    <tag k="addr:street" v="Hohe-Schul-Straße" />
    <tag k="building" v="house" />
    <tag k="source" v="HiRes aerial imagery" />
  </way>
  <way id="-1000000108" visible="true">
    <nd ref="-654" />
    <nd ref="-653" />
    <nd ref="-652" />
    <nd ref="-634" />
    <nd ref="-633" />
    <nd ref="-655" />
    <nd ref="-654" />
    <tag k="addr:city" v="Ingolstadt" />
    <tag k="addr:country" v="DE" />
    <tag k="addr:housenumber" v="2a" />
    <tag k="addr:postcode" v="85049" />
    <tag k="addr:street" v="Hohe-Schul-Straße" />
    <tag k="building" v="house" />
    <tag k="source" v="HiRes aerial imagery" />
  </way>
  <way id="-1000000109" visible="true">
    <nd ref="-656" />
    <nd ref="-657" />
    <nd ref="-658" />
    <nd ref="-659" />
    <nd ref="-660" />
    <nd ref="-661" />
    <nd ref="-662" />
    <nd ref="-663" />
    <nd ref="-656" />
    <tag k="addr:city" v="Ingolstadt" />
    <tag k="addr:country" v="DE" />
    <tag k="addr:housenumber" v="1a" />
    <tag k="addr:postcode" v="85051" />
    <tag k="addr:street" v="Parkstraße" />
    <tag k="building" v="yes" />
  </way>
  <way id="-1000000110" visible="true">
    <nd ref="-664" />
    <nd ref="-665" />
    <nd ref="-666" />
    <nd ref="-667" />
    <nd ref="-664" />
    <tag k="addr:city" v="Ingolstadt" />
    <tag k="addr:country" v="DE" />
    <tag k="addr:housename" v="Studentenwohnheim Münzbergstraße" />
    <tag k="addr:housenumber" v="26" />
    <tag k="addr:postcode" v="85049" />
    <tag k="addr:street" v="Münzbergstraße" />
    <tag k="building" v="apartments" />
    <tag k="name" v="Studentenwohnheim Münzbergstraße" />
    <tag k="source" v="HiRes aerial imagery" />
  </way>
  <way id="-1000000111" visible="true">
    <nd ref="-608" />
    <nd ref="-606" />
    <nd ref="-605" />
    <nd ref="-668" />
    <nd ref="-669" />
    <nd ref="-670" />
    <nd ref="-607" />
    <nd ref="-608" />
    <tag k="addr:city" v="Ingolstadt" />
    <tag k="addr:country" v="DE" />
    <tag k="addr:housenumber" v="10" />
    <tag k="addr:postcode" v="85049" />
    <tag k="addr:street" v="Josef-Ponschab-Straße" />
    <tag k="building" v="yes" />
    <tag k="source" v="HiRes aerial imagery" />
  </way>
  <way id="-1000000112" visible="true">
    <nd ref="-671" />
    <nd ref="-672" />
    <nd ref="-673" />
    <nd ref="-674" />
    <nd ref="-671" />
    <tag k="building" v="yes" />
  </way>
  <way id="-1000000113" visible="true">
    <nd ref="-675" />
    <nd ref="-676" />
    <nd ref="-677" />
    <nd ref="-678" />
    <nd ref="-679" />
    <nd ref="-675" />
    <tag k="building" v="yes" />
    <tag k="source" v="HiRes aerial imagery" />
  </way>
  <way id="-1000000114" visible="true">
    <nd ref="-680" />
    <nd ref="-681" />
    <nd ref="-682" />
    <nd ref="-683" />
    <nd ref="-684" />
    <nd ref="-685" />
    <nd ref="-680" />
    <tag k="building" v="yes" />
    <tag k="source" v="HiRes aerial imagery" />
  </way>
  <way id="-1000000115" visible="true">
    <nd ref="-679" />
    <nd ref="-678" />
    <nd ref="-686" />
    <nd ref="-687" />
    <nd ref="-679" />
    <tag k="building" v="yes" />
    <tag k="source" v="HiRes aerial imagery" />
  </way>
  <way id="-1000000116" visible="true">
    <nd ref="-688" />
    <nd ref="-689" />
    <nd ref="-690" />
    <nd ref="-691" />
    <nd ref="-688" />
    <tag k="addr:city" v="Ingolstadt" />
    <tag k="addr:country" v="DE" />
    <tag k="addr:housenumber" v="15" />
    <tag k="addr:postcode" v="85049" />
    <tag k="addr:street" v="Donaustraße" />
    <tag k="building" v="yes" />
    <tag k="source" v="HiRes aerial imagery" />
  </way>
  <way id="-1000000117" visible="true">
    <nd ref="-692" />
    <nd ref="-693" />
    <nd ref="-694" />
    <nd ref="-695" />
    <nd ref="-696" />
    <nd ref="-692" />
    <tag k="building" v="yes" />
    <tag k="source" v="HiRes aerial imagery" />
  </way>
  <way id="-1000000118" visible="true">
    <nd ref="-697" />
    <nd ref="-680" />
    <nd ref="-685" />
    <nd ref="-698" />
    <nd ref="-697" />
    <tag k="addr:city" v="Ingolstadt" />
    <tag k="addr:housenumber" v="3" />
    <tag k="addr:postcode" v="85049" />
    <tag k="addr:street" v="Am Münzbergtor" />
    <tag k="building" v="residential" />
    <tag k="contact:mobile" v="+49 152 25147427" />
    <tag k="name" v="well done." />
    <tag k="opening_hours" v="Tu 08:30-18:00; We-Th 08:00-18:00; Fr 08:30-18:00; PH off" />
    <tag k="shop" v="hairdresser" />
    <tag k="website" v="https://welldone-salon.de" />
  </way>
  <way id="-1000000119" visible="true">
    <nd ref="-699" />
    <nd ref="-698" />
    <nd ref="-685" />
    <nd ref="-684" />
    <nd ref="-700" />
    <nd ref="-689" />
    <nd ref="-690" />
    <nd ref="-699" />
    <tag k="addr:city" v="Ingolstadt" />
    <tag k="addr:country" v="DE" />
    <tag k="addr:housenumber" v="17" />
    <tag k="addr:postcode" v="85049" />
    <tag k="addr:street" v="Donaustraße" />
    <tag k="amenity" v="bar" />
    <tag k="building" v="yes" />
    <tag k="contact:phone" v="+49 841 93187336" />
    <tag k="contact:website" v="https://www.circleonegroup.de/bar-lounge/" />
    <tag k="diet:vegan" v="yes" />
    <tag k="name" v="Circle One" />
    <tag k="opening_hours" v="Tu-Th 18:30 - 00:00; Fr-Sa 18:30 - 02:00" />
    <tag k="source" v="HiRes aerial imagery" />
  </way>
  <way id="-1000000120" visible="true">
    <nd ref="-682" />
    <nd ref="-677" />
    <nd ref="-676" />
    <nd ref="-681" />
    <nd ref="-682" />
    <tag k="building" v="yes" />
    <tag k="source" v="HiRes aerial imagery" />
  </way>
  <way id="-1000000121" visible="true">
    <nd ref="-687" />
    <nd ref="-701" />
    <nd ref="-702" />
    <nd ref="-703" />
    <nd ref="-686" />
    <nd ref="-687" />
    <tag k="building" v="yes" />
    <tag k="source" v="HiRes aerial imagery" />
  </way>
  <way id="-1000000122" visible="true">
    <nd ref="-704" />
    <nd ref="-705" />
    <nd ref="-706" />
    <nd ref="-707" />
    <nd ref="-704" />
    <tag k="building" v="residential" />
    <tag k="source" v="HiRes aerial imagery" />
  </way>
  <way id="-1000000123" visible="true">
    <nd ref="-708" />
    <nd ref="-709" />
    <nd ref="-710" />
    <nd ref="-711" />
    <nd ref="-708" />
    <tag k="building" v="residential" />
  </way>
  <way id="-1000000124" visible="true">
    <nd ref="-712" />
    <nd ref="-713" />
    <nd ref="-714" />
    <nd ref="-715" />
    <nd ref="-716" />
    <nd ref="-717" />
    <nd ref="-718" />
    <nd ref="-712" />
    <tag k="building" v="residential" />
  </way>
  <way id="-1000000125" visible="true">
    <nd ref="-719" />
    <nd ref="-720" />
    <nd ref="-721" />
    <nd ref="-715" />
    <nd ref="-714" />
    <nd ref="-722" />
    <nd ref="-723" />
    <nd ref="-724" />
    <nd ref="-725" />
    <nd ref="-726" />
    <nd ref="-719" />
    <tag k="building" v="yes" />
  </way>
  <way id="-1000000126" visible="true">
    <nd ref="-707" />
    <nd ref="-727" />
    <nd ref="-728" />
    <nd ref="-709" />
    <nd ref="-710" />
    <nd ref="-729" />
    <nd ref="-706" />
    <nd ref="-707" />
    <tag k="building" v="residential" />
    <tag k="source" v="HiRes aerial imagery" />
  </way>
  <way id="-1000000127" visible="true">
    <nd ref="-730" />
    <nd ref="-708" />
    <nd ref="-711" />
    <nd ref="-724" />
    <nd ref="-725" />
    <nd ref="-730" />
    <tag k="building" v="residential" />
  </way>
  <way id="-1000000128" visible="true">
    <nd ref="-731" />
    <nd ref="-732" />
    <nd ref="-733" />
    <nd ref="-734" />
    <nd ref="-735" />
    <nd ref="-736" />
    <nd ref="-737" />
    <nd ref="-738" />
    <nd ref="-739" />
    <nd ref="-740" />
    <nd ref="-741" />
    <nd ref="-742" />
    <nd ref="-743" />
    <nd ref="-744" />
    <nd ref="-745" />
    <nd ref="-731" />
    <tag k="building" v="residential" />
  </way>
  <way id="-1000000129" visible="true">
    <nd ref="-746" />
    <nd ref="-747" />
    <nd ref="-748" />
    <nd ref="-749" />
    <nd ref="-750" />
    <nd ref="-746" />
    <tag k="building" v="residential" />
  </way>
  <way id="-1000000130" visible="true">
    <nd ref="-751" />
    <nd ref="-752" />
    <nd ref="-753" />
    <nd ref="-754" />
    <nd ref="-755" />
    <nd ref="-756" />
    <nd ref="-757" />
    <nd ref="-751" />
    <tag k="building" v="residential" />
  </way>
  <way id="-1000000131" visible="true">
    <nd ref="-758" />
    <nd ref="-759" />
    <nd ref="-760" />
    <nd ref="-761" />
    <nd ref="-762" />
    <nd ref="-763" />
    <nd ref="-764" />
    <nd ref="-765" />
    <nd ref="-766" />
    <nd ref="-767" />
    <nd ref="-758" />
    <tag k="building" v="residential" />
  </way>
  <way id="-1000000132" visible="true">
    <nd ref="-768" />
    <nd ref="-769" />
    <nd ref="-770" />
    <nd ref="-771" />
    <nd ref="-772" />
    <nd ref="-773" />
    <nd ref="-774" />
    <nd ref="-775" />
    <nd ref="-776" />
    <nd ref="-763" />
    <nd ref="-764" />
    <nd ref="-777" />
    <nd ref="-778" />
    <nd ref="-779" />
    <nd ref="-780" />
    <nd ref="-781" />
    <nd ref="-782" />
    <nd ref="-783" />
    <nd ref="-784" />
    <nd ref="-785" />
    <nd ref="-768" />
    <tag k="building" v="residential" />
  </way>
  <way id="-1000000133" visible="true">
    <nd ref="-786" />
    <nd ref="-787" />
    <nd ref="-788" />
    <nd ref="-789" />
    <nd ref="-790" />
    <nd ref="-765" />
    <nd ref="-766" />
    <nd ref="-767" />
    <nd ref="-786" />
    <tag k="building" v="residential" />
  </way>
  <way id="-1000000134" visible="true">
    <nd ref="-791" />
    <nd ref="-792" />
    <nd ref="-751" />
    <nd ref="-757" />
    <nd ref="-793" />
    <nd ref="-791" />
    <tag k="building" v="residential" />
  </way>
  <way id="-1000000135" visible="true">
    <nd ref="-794" />
    <nd ref="-795" />
    <nd ref="-796" />
    <nd ref="-797" />
    <nd ref="-794" />
    <tag k="building" v="residential" />
  </way>
  <way id="-1000000136" visible="true">
    <nd ref="-798" />
    <nd ref="-754" />
    <nd ref="-755" />
    <nd ref="-799" />
    <nd ref="-789" />
    <nd ref="-788" />
    <nd ref="-797" />
    <nd ref="-794" />
    <nd ref="-798" />
    <tag k="building" v="residential" />
  </way>
  <way id="-1000000137" visible="true">
    <nd ref="-774" />
    <nd ref="-775" />
    <nd ref="-760" />
    <nd ref="-759" />
    <nd ref="-774" />
    <tag k="building" v="residential" />
    <tag k="building:levels" v="1" />
  </way>
  <way id="-1000000138" visible="true">
    <nd ref="-800" />
    <nd ref="-801" />
    <nd ref="-802" />
    <nd ref="-803" />
    <nd ref="-804" />
    <nd ref="-800" />
    <tag k="building" v="residential" />
  </way>
  <way id="-1000000139" visible="true">
    <nd ref="-805" />
    <nd ref="-806" />
    <nd ref="-807" />
    <nd ref="-808" />
    <nd ref="-805" />
    <tag k="addr:city" v="Ingolstadt" />
    <tag k="addr:housenumber" v="1" />
    <tag k="addr:postcode" v="85049" />
    <tag k="addr:street" v="Donaustraße" />
    <tag k="building" v="residential" />
  </way>
  <way id="-1000000140" visible="true">
    <nd ref="-617" />
    <nd ref="-809" />
    <nd ref="-806" />
    <nd ref="-807" />
    <nd ref="-810" />
    <nd ref="-618" />
    <nd ref="-617" />
    <tag k="building" v="residential" />
  </way>
  <way id="-1000000141" visible="true">
    <nd ref="-811" />
    <nd ref="-812" />
    <nd ref="-813" />
    <nd ref="-814" />
    <nd ref="-811" />
    <tag k="building" v="residential" />
  </way>
  <way id="-1000000142" visible="true">
    <nd ref="-815" />
    <nd ref="-816" />
    <nd ref="-817" />
    <nd ref="-818" />
    <nd ref="-819" />
    <nd ref="-820" />
    <nd ref="-821" />
    <nd ref="-822" />
    <nd ref="-823" />
    <nd ref="-824" />
    <nd ref="-815" />
    <tag k="building" v="residential" />
  </way>
  <way id="-1000000143" visible="true">
    <nd ref="-825" />
    <nd ref="-826" />
    <nd ref="-827" />
    <nd ref="-828" />
    <nd ref="-825" />
    <tag k="building" v="garage" />
    <tag k="building:use" v="garage" />
  </way>
  <way id="-1000000144" visible="true">
    <nd ref="-829" />
    <nd ref="-830" />
    <nd ref="-831" />
    <nd ref="-820" />
    <nd ref="-817" />
    <nd ref="-816" />
    <nd ref="-829" />
    <tag k="building" v="residential" />
  </way>
  <way id="-1000000145" visible="true">
    <nd ref="-832" />
    <nd ref="-833" />
    <nd ref="-834" />
    <nd ref="-835" />
    <nd ref="-832" />
    <tag k="building" v="hotel" />
  </way>
  <way id="-1000000146" visible="true">
    <nd ref="-822" />
    <nd ref="-836" />
    <nd ref="-837" />
    <nd ref="-838" />
    <nd ref="-839" />
    <nd ref="-840" />
    <nd ref="-841" />
    <nd ref="-842" />
    <nd ref="-834" />
    <nd ref="-835" />
    <nd ref="-843" />
    <nd ref="-844" />
    <nd ref="-823" />
    <nd ref="-822" />
    <tag k="building" v="residential" />
  </way>
  <way id="-1000000147" visible="true">
    <nd ref="-831" />
    <nd ref="-845" />
    <nd ref="-846" />
    <nd ref="-847" />
    <nd ref="-848" />
    <nd ref="-849" />
    <nd ref="-850" />
    <nd ref="-830" />
    <nd ref="-831" />
    <tag k="building" v="residential" />
  </way>
  <way id="-1000000148" visible="true">
    <nd ref="-851" />
    <nd ref="-852" />
    <nd ref="-853" />
    <nd ref="-854" />
    <nd ref="-855" />
    <nd ref="-856" />
    <nd ref="-857" />
    <nd ref="-858" />
    <nd ref="-859" />
    <nd ref="-623" />
    <nd ref="-624" />
    <nd ref="-860" />
    <nd ref="-861" />
    <nd ref="-862" />
    <nd ref="-863" />
    <nd ref="-851" />
    <tag k="building" v="residential" />
  </way>
  <way id="-1000000149" visible="true">
    <nd ref="-864" />
    <nd ref="-865" />
    <nd ref="-866" />
    <nd ref="-867" />
    <nd ref="-864" />
    <tag k="building" v="residential" />
  </way>
  <way id="-1000000150" visible="true">
    <nd ref="-808" />
    <nd ref="-868" />
    <nd ref="-810" />
    <nd ref="-807" />
    <nd ref="-808" />
    <tag k="building" v="residential" />
  </way>
  <way id="-1000000151" visible="true">
    <nd ref="-869" />
    <nd ref="-870" />
    <nd ref="-865" />
    <nd ref="-866" />
    <nd ref="-871" />
    <nd ref="-869" />
    <tag k="building" v="residential" />
  </way>
  <way id="-1000000152" visible="true">
    <nd ref="-872" />
    <nd ref="-873" />
    <nd ref="-874" />
    <nd ref="-875" />
    <nd ref="-872" />
    <tag k="building" v="house" />
    <tag k="source" v="HiRes aerial imagery" />
  </way>
  <way id="-1000000153" visible="true">
    <nd ref="-646" />
    <nd ref="-876" />
    <nd ref="-877" />
    <nd ref="-650" />
    <nd ref="-649" />
    <nd ref="-641" />
    <nd ref="-646" />
    <tag k="building" v="house" />
    <tag k="source" v="HiRes aerial imagery" />
  </way>
  <way id="-1000000154" visible="true">
    <nd ref="-878" />
    <nd ref="-879" />
    <nd ref="-880" />
    <nd ref="-881" />
    <nd ref="-882" />
    <nd ref="-718" />
    <nd ref="-712" />
    <nd ref="-878" />
    <tag k="addr:city" v="Ingolstadt" />
    <tag k="addr:country" v="DE" />
    <tag k="addr:housenumber" v="12" />
    <tag k="addr:postcode" v="85049" />
    <tag k="addr:street" v="Münzbergstraße" />
    <tag k="building" v="yes" />
    <tag k="check_date" v="2024-10-14" />
    <tag k="internet_access" v="wlan" />
    <tag k="internet_access:fee" v="customers" />
    <tag k="max_level" v="2" />
    <tag k="min_level" v="0" />
    <tag k="name" v="Bayerischer Hof" />
    <tag k="payment:cash" v="yes" />
    <tag k="payment:credit_cards" v="yes" />
    <tag k="payment:debit_cards" v="yes" />
    <tag k="tourism" v="hotel" />
  </way>
  <way id="-1000000155" visible="true">
    <nd ref="-883" />
    <nd ref="-884" />
    <nd ref="-885" />
    <nd ref="-886" />
    <nd ref="-883" />
    <tag k="building" v="yes" />
    <tag k="source" v="HiRes aerial imagery" />
  </way>
  <way id="-1000000156" visible="true">
    <nd ref="-887" />
    <nd ref="-888" />
    <nd ref="-889" />
    <nd ref="-890" />
    <nd ref="-887" />
    <tag k="building" v="yes" />
  </way>
  <way id="-1000000157" visible="true">
    <nd ref="-891" />
    <nd ref="-892" />
    <nd ref="-893" />
    <nd ref="-894" />
    <nd ref="-891" />
    <tag k="building" v="yes" />
    <tag k="source" v="HiRes aerial imagery" />
  </way>
  <way id="-1000000158" visible="true">
    <nd ref="-895" />
    <nd ref="-896" />
    <nd ref="-897" />
    <nd ref="-898" />
    <nd ref="-895" />
    <tag k="building" v="yes" />
    <tag k="source" v="HiRes aerial imagery" />
  </way>
  <way id="-1000000159" visible="true">
    <nd ref="-899" />
    <nd ref="-900" />
    <nd ref="-901" />
    <nd ref="-902" />
    <nd ref="-903" />
    <nd ref="-904" />
    <nd ref="-899" />
    <tag k="building" v="yes" />
    <tag k="roof:shape" v="hipped" />
    <tag k="source" v="HiRes aerial imagery" />
  </way>
  <way id="-1000000160" visible="true">
    <nd ref="-905" />
    <nd ref="-906" />
    <nd ref="-907" />
    <nd ref="-908" />
    <nd ref="-909" />
    <nd ref="-905" />
    <tag k="building" v="yes" />
    <tag k="roof:shape" v="gabled" />
    <tag k="source" v="HiRes aerial imagery" />
  </way>
  <way id="-1000000161" visible="true">
    <nd ref="-910" />
    <nd ref="-911" />
    <nd ref="-912" />
    <nd ref="-913" />
    <nd ref="-910" />
    <tag k="building" v="yes" />
  </way>
  <way id="-1000000162" visible="true">
    <nd ref="-886" />
    <nd ref="-885" />
    <nd ref="-914" />
    <nd ref="-915" />
    <nd ref="-886" />
    <tag k="building" v="yes" />
    <tag k="source" v="HiRes aerial imagery" />
  </way>
  <way id="-1000000163" visible="true">
    <nd ref="-916" />
    <nd ref="-917" />
    <nd ref="-918" />
    <nd ref="-919" />
    <nd ref="-920" />
    <nd ref="-921" />
    <nd ref="-922" />
    <nd ref="-923" />
    <nd ref="-924" />
    <nd ref="-916" />
    <tag k="building" v="yes" />
    <tag k="source" v="HiRes aerial imagery" />
  </way>
  <way id="-1000000164" visible="true">
    <nd ref="-925" />
    <nd ref="-926" />
    <nd ref="-927" />
    <nd ref="-928" />
    <nd ref="-925" />
    <tag k="building" v="yes" />
    <tag k="source" v="HiRes aerial imagery" />
  </way>
  <way id="-1000000165" visible="true">
    <nd ref="-880" />
    <nd ref="-879" />
    <nd ref="-929" />
    <nd ref="-930" />
    <nd ref="-931" />
    <nd ref="-932" />
    <nd ref="-880" />
    <tag k="building" v="apartments" />
    <tag k="building:levels" v="3" />
    <tag k="roof:levels" v="0" />
  </way>
  <way id="-1000000166" visible="true">
    <nd ref="-933" />
    <nd ref="-934" />
    <nd ref="-935" />
    <nd ref="-936" />
    <nd ref="-937" />
    <nd ref="-933" />
    <tag k="building" v="yes" />
    <tag k="source" v="HiRes aerial imagery" />
  </way>
  <way id="-1000000167" visible="true">
    <nd ref="-938" />
    <nd ref="-939" />
    <nd ref="-940" />
    <nd ref="-941" />
    <nd ref="-938" />
    <tag k="building" v="yes" />
  </way>
  <way id="-1000000168" visible="true">
    <nd ref="-892" />
    <nd ref="-891" />
    <nd ref="-942" />
    <nd ref="-943" />
    <nd ref="-892" />
    <tag k="building" v="yes" />
  </way>
  <way id="-1000000169" visible="true">
    <nd ref="-944" />
    <nd ref="-945" />
    <nd ref="-946" />
    <nd ref="-947" />
    <nd ref="-944" />
    <tag k="addr:city" v="Ingolstadt" />
    <tag k="addr:housenumber" v="23" />
    <tag k="addr:postcode" v="85049" />
    <tag k="addr:street" v="Schäffbräustraße" />
    <tag k="building" v="yes" />
    <tag k="source" v="HiRes aerial imagery" />
  </way>
  <way id="-1000000170" visible="true">
    <nd ref="-948" />
    <nd ref="-949" />
    <nd ref="-895" />
    <nd ref="-898" />
    <nd ref="-950" />
    <nd ref="-948" />
    <tag k="building" v="yes" />
    <tag k="source" v="HiRes aerial imagery" />
  </way>
  <way id="-1000000171" visible="true">
    <nd ref="-951" />
    <nd ref="-952" />
    <nd ref="-953" />
    <nd ref="-954" />
    <nd ref="-951" />
    <tag k="building" v="yes" />
  </way>
  <way id="-1000000172" visible="true">
    <nd ref="-955" />
    <nd ref="-956" />
    <nd ref="-957" />
    <nd ref="-906" />
    <nd ref="-905" />
    <nd ref="-958" />
    <nd ref="-959" />
    <nd ref="-955" />
    <tag k="building" v="yes" />
  </way>
  <way id="-1000000173" visible="true">
    <nd ref="-960" />
    <nd ref="-961" />
    <nd ref="-962" />
    <nd ref="-963" />
    <nd ref="-960" />
    <tag k="building" v="apartments" />
    <tag k="source" v="HiRes aerial imagery" />
  </way>
  <way id="-1000000174" visible="true">
    <nd ref="-964" />
    <nd ref="-965" />
    <nd ref="-966" />
    <nd ref="-967" />
    <nd ref="-964" />
    <tag k="building" v="yes" />
    <tag k="name" v="Birnbaum-Häusl" />
    <tag k="source" v="HiRes aerial imagery" />
  </way>
  <way id="-1000000175" visible="true">
    <nd ref="-471" />
    <nd ref="-968" />
    <nd ref="-969" />
    <nd ref="-970" />
    <nd ref="-937" />
    <nd ref="-936" />
    <nd ref="-935" />
    <nd ref="-971" />
    <nd ref="-472" />
    <nd ref="-471" />
    <tag k="building" v="yes" />
    <tag k="source" v="HiRes aerial imagery" />
  </way>
  <way id="-1000000176" visible="true">
    <nd ref="-972" />
    <nd ref="-973" />
    <nd ref="-974" />
    <nd ref="-975" />
    <nd ref="-976" />
    <nd ref="-972" />
    <tag k="building" v="yes" />
    <tag k="source" v="HiRes aerial imagery" />
  </way>
  <way id="-1000000177" visible="true">
    <nd ref="-977" />
    <nd ref="-978" />
    <nd ref="-938" />
    <nd ref="-941" />
    <nd ref="-977" />
    <tag k="building" v="yes" />
  </way>
  <way id="-1000000178" visible="true">
    <nd ref="-979" />
    <nd ref="-980" />
    <nd ref="-981" />
    <nd ref="-982" />
    <nd ref="-948" />
    <nd ref="-950" />
    <nd ref="-979" />
    <tag k="building" v="yes" />
    <tag k="source" v="HiRes aerial imagery" />
  </way>
  <way id="-1000000179" visible="true">
    <nd ref="-983" />
    <nd ref="-984" />
    <nd ref="-954" />
    <nd ref="-953" />
    <nd ref="-985" />
    <nd ref="-986" />
    <nd ref="-983" />
    <tag k="building" v="yes" />
    <tag k="source" v="HiRes aerial imagery" />
  </way>
  <way id="-1000000180" visible="true">
    <nd ref="-987" />
    <nd ref="-988" />
    <nd ref="-989" />
    <nd ref="-990" />
    <nd ref="-987" />
    <tag k="building" v="yes" />
    <tag k="source" v="HiRes aerial imagery" />
  </way>
  <way id="-1000000181" visible="true">
    <nd ref="-944" />
    <nd ref="-884" />
    <nd ref="-883" />
    <nd ref="-991" />
    <nd ref="-945" />
    <nd ref="-944" />
    <tag k="building" v="yes" />
    <tag k="source" v="HiRes aerial imagery" />
  </way>
  <way id="-1000000182" visible="true">
    <nd ref="-992" />
    <nd ref="-993" />
    <nd ref="-994" />
    <nd ref="-955" />
    <nd ref="-959" />
    <nd ref="-995" />
    <nd ref="-996" />
    <nd ref="-997" />
    <nd ref="-992" />
    <tag k="addr:city" v="Ingolstadt" />
    <tag k="addr:country" v="DE" />
    <tag k="addr:housenumber" v="1" />
    <tag k="addr:postcode" v="85049" />
    <tag k="addr:street" v="Josef-Ponschab-Straße" />
    <tag k="amenity" v="cinema" />
    <tag k="building" v="yes" />
    <tag k="contact:email" v="filmbuero@t-online.de" />
    <tag k="contact:fax" v="+49 821 1555518" />
    <tag k="contact:phone" v="+49 841 99343999" />
    <tag k="contact:website" v="http://www.kinoin.com/" />
    <tag k="name" v="Union" />
    <tag k="source" v="survey" />
    <tag k="wheelchair" v="no" />
    <tag k="wikidata" v="Q50843501" />
  </way>
  <way id="-1000000183" visible="true">
    <nd ref="-966" />
    <nd ref="-998" />
    <nd ref="-999" />
    <nd ref="-1000" />
    <nd ref="-967" />
    <nd ref="-966" />
    <tag k="building" v="yes" />
    <tag k="source" v="HiRes aerial imagery" />
  </way>
  <way id="-1000000184" visible="true">
    <nd ref="-961" />
    <nd ref="-1001" />
    <nd ref="-1002" />
    <nd ref="-962" />
    <nd ref="-961" />
    <tag k="building" v="yes" />
    <tag k="source" v="HiRes aerial imagery" />
  </way>
  <way id="-1000000185" visible="true">
    <nd ref="-1003" />
    <nd ref="-1004" />
    <nd ref="-912" />
    <nd ref="-911" />
    <nd ref="-1005" />
    <nd ref="-1003" />
    <tag k="building" v="yes" />
  </way>
  <way id="-1000000186" visible="true">
    <nd ref="-998" />
    <nd ref="-925" />
    <nd ref="-928" />
    <nd ref="-1006" />
    <nd ref="-999" />
    <nd ref="-998" />
    <tag k="building" v="yes" />
    <tag k="source" v="HiRes aerial imagery" />
  </way>
  <way id="-1000000187" visible="true">
    <nd ref="-910" />
    <nd ref="-913" />
    <nd ref="-983" />
    <nd ref="-986" />
    <nd ref="-910" />
    <tag k="building" v="yes" />
    <tag k="source" v="HiRes aerial imagery" />
  </way>
  <way id="-1000000188" visible="true">
    <nd ref="-1007" />
    <nd ref="-1008" />
    <nd ref="-1009" />
    <nd ref="-922" />
    <nd ref="-921" />
    <nd ref="-1010" />
    <nd ref="-1011" />
    <nd ref="-1012" />
    <nd ref="-1013" />
    <nd ref="-1014" />
    <nd ref="-1015" />
    <nd ref="-1016" />
    <nd ref="-1007" />
    <tag k="building" v="yes" />
    <tag k="source" v="HiRes aerial imagery" />
  </way>
  <way id="-1000000189" visible="true">
    <nd ref="-1017" />
    <nd ref="-1018" />
    <nd ref="-917" />
    <nd ref="-916" />
    <nd ref="-1019" />
    <nd ref="-1020" />
    <nd ref="-1021" />
    <nd ref="-1017" />
    <tag k="building" v="yes" />
  </way>
  <way id="-1000000190" visible="true">
    <nd ref="-1022" />
    <nd ref="-1023" />
    <nd ref="-1024" />
    <nd ref="-1025" />
    <nd ref="-1026" />
    <nd ref="-1027" />
    <nd ref="-1028" />
    <nd ref="-1029" />
    <nd ref="-1030" />
    <nd ref="-1031" />
    <nd ref="-1022" />
    <tag k="building" v="yes" />
    <tag k="source" v="HiRes aerial imagery" />
  </way>
  <way id="-1000000191" visible="true">
    <nd ref="-1032" />
    <nd ref="-1033" />
    <nd ref="-1034" />
    <nd ref="-1035" />
    <nd ref="-1036" />
    <nd ref="-1037" />
    <nd ref="-1038" />
    <nd ref="-1039" />
    <nd ref="-1040" />
    <nd ref="-1041" />
    <nd ref="-1042" />
    <nd ref="-1043" />
    <nd ref="-1032" />
    <tag k="building" v="house" />
    <tag k="source" v="HiRes aerial imagery" />
  </way>
  <way id="-1000000192" visible="true">
    <nd ref="-1044" />
    <nd ref="-1045" />
    <nd ref="-1046" />
    <nd ref="-1047" />
    <nd ref="-1048" />
    <nd ref="-1049" />
    <nd ref="-1050" />
    <nd ref="-1051" />
    <nd ref="-1052" />
    <nd ref="-1053" />
    <nd ref="-1044" />
    <tag k="building" v="yes" />
    <tag k="source" v="HiRes aerial imagery" />
  </way>
  <way id="-1000000193" visible="true">
    <nd ref="-1054" />
    <nd ref="-1055" />
    <nd ref="-1056" />
    <nd ref="-1057" />
    <nd ref="-1058" />
    <nd ref="-1059" />
    <nd ref="-1060" />
    <nd ref="-1061" />
    <nd ref="-1062" />
    <nd ref="-1063" />
    <nd ref="-1064" />
    <nd ref="-1054" />
    <tag k="addr:city" v="Ingolstadt" />
    <tag k="addr:housenumber" v="11" />
    <tag k="addr:postcode" v="85049" />
    <tag k="addr:street" v="Schäffbräustraße" />
    <tag k="building" v="yes" />
    <tag k="building:levels" v="4" />
    <tag k="source" v="HiRes aerial imagery" />
  </way>
  <way id="-1000000194" visible="true">
    <nd ref="-1065" />
    <nd ref="-1066" />
    <nd ref="-553" />
    <nd ref="-552" />
    <nd ref="-551" />
    <nd ref="-1067" />
    <nd ref="-888" />
    <nd ref="-889" />
    <nd ref="-1068" />
    <nd ref="-1069" />
    <nd ref="-1065" />
    <tag k="building" v="yes" />
    <tag k="source" v="HiRes aerial imagery" />
  </way>
  <way id="-1000000195" visible="true">
    <nd ref="-1070" />
    <nd ref="-1071" />
    <nd ref="-1072" />
    <nd ref="-1073" />
    <nd ref="-1074" />
    <nd ref="-1075" />
    <nd ref="-1076" />
    <nd ref="-1077" />
    <nd ref="-1078" />
    <nd ref="-1079" />
    <nd ref="-1080" />
    <nd ref="-1070" />
    <tag k="building" v="yes" />
    <tag k="source" v="HiRes aerial imagery" />
  </way>
  <way id="-1000000196" visible="true">
    <nd ref="-897" />
    <nd ref="-989" />
    <nd ref="-990" />
    <nd ref="-1081" />
    <nd ref="-1082" />
    <nd ref="-1083" />
    <nd ref="-1008" />
    <nd ref="-1009" />
    <nd ref="-939" />
    <nd ref="-940" />
    <nd ref="-896" />
    <nd ref="-897" />
    <tag k="building" v="yes" />
    <tag k="source" v="HiRes aerial imagery" />
  </way>
  <way id="-1000000197" visible="true">
    <nd ref="-1084" />
    <nd ref="-1085" />
    <nd ref="-1086" />
    <nd ref="-1087" />
    <nd ref="-1088" />
    <nd ref="-1089" />
    <nd ref="-1090" />
    <nd ref="-1084" />
    <tag k="building" v="yes" />
    <tag k="source" v="HiRes aerial imagery" />
  </way>
  <way id="-1000000198" visible="true">
    <nd ref="-1091" />
    <nd ref="-1092" />
    <nd ref="-1093" />
    <nd ref="-1094" />
    <nd ref="-1095" />
    <nd ref="-549" />
    <nd ref="-550" />
    <nd ref="-1096" />
    <nd ref="-1097" />
    <nd ref="-1098" />
    <nd ref="-1099" />
    <nd ref="-1100" />
    <nd ref="-1101" />
    <nd ref="-1102" />
    <nd ref="-1091" />
    <tag k="building" v="yes" />
    <tag k="source" v="HiRes aerial imagery" />
  </way>
  <way id="-1000000199" visible="true">
    <nd ref="-1103" />
    <nd ref="-1043" />
    <nd ref="-1042" />
    <nd ref="-1104" />
    <nd ref="-1103" />
    <tag k="building" v="house" />
    <tag k="source" v="HiRes aerial imagery" />
  </way>
  <way id="-1000000200" visible="true">
    <nd ref="-467" />
    <nd ref="-915" />
    <nd ref="-914" />
    <nd ref="-468" />
    <nd ref="-467" />
    <tag k="building" v="yes" />
    <tag k="source" v="HiRes aerial imagery" />
  </way>
  <way id="-1000000201" visible="true">
    <nd ref="-1105" />
    <nd ref="-1106" />
    <nd ref="-1107" />
    <nd ref="-1108" />
    <nd ref="-1105" />
    <tag k="building" v="yes" />
    <tag k="source" v="HiRes aerial imagery" />
  </way>
  <way id="-1000000202" visible="true">
    <nd ref="-1109" />
    <nd ref="-1110" />
    <nd ref="-1111" />
    <nd ref="-1112" />
    <nd ref="-1109" />
    <tag k="building" v="yes" />
    <tag k="source" v="HiRes aerial imagery" />
  </way>
  <way id="-1000000203" visible="true">
    <nd ref="-1113" />
    <nd ref="-1114" />
    <nd ref="-1115" />
    <nd ref="-1116" />
    <nd ref="-1113" />
    <tag k="addr:city" v="Ingolstadt" />
    <tag k="addr:country" v="DE" />
    <tag k="addr:housenumber" v="14" />
    <tag k="addr:postcode" v="85049" />
    <tag k="addr:street" v="Schutterstraße" />
    <tag k="building" v="house" />
    <tag k="source" v="HiRes aerial imagery" />
  </way>
  <way id="-1000000204" visible="true">
    <nd ref="-1117" />
    <nd ref="-1118" />
    <nd ref="-1119" />
    <nd ref="-1120" />
    <nd ref="-1121" />
    <nd ref="-1122" />
    <nd ref="-1117" />
    <tag k="addr:city" v="Ingolstadt" />
    <tag k="addr:country" v="DE" />
    <tag k="addr:housenumber" v="4" />
    <tag k="addr:postcode" v="85049" />
    <tag k="addr:street" v="Donaustraße" />
    <tag k="building" v="house" />
    <tag k="source" v="HiRes aerial imagery" />
  </way>
  <way id="-1000000205" visible="true">
    <nd ref="-1123" />
    <nd ref="-1124" />
    <nd ref="-1125" />
    <nd ref="-1126" />
    <nd ref="-1123" />
    <tag k="addr:city" v="Ingolstadt" />
    <tag k="addr:country" v="DE" />
    <tag k="addr:housenumber" v="7" />
    <tag k="addr:postcode" v="85049" />
    <tag k="addr:street" v="Sauerstraße" />
    <tag k="building" v="yes" />
    <tag k="source" v="HiRes aerial imagery" />
  </way>
  <way id="-1000000206" visible="true">
    <nd ref="-699" />
    <nd ref="-1127" />
    <nd ref="-697" />
    <nd ref="-698" />
    <nd ref="-699" />
    <tag k="addr:city" v="Ingolstadt" />
    <tag k="addr:country" v="DE" />
    <tag k="addr:housenumber" v="19" />
    <tag k="addr:postcode" v="85049" />
    <tag k="addr:street" v="Donaustraße" />
    <tag k="building" v="yes" />
    <tag k="source" v="HiRes aerial imagery" />
  </way>
  <way id="-1000000207" visible="true">
    <nd ref="-1128" />
    <nd ref="-1129" />
    <nd ref="-1130" />
    <nd ref="-1131" />
    <nd ref="-1128" />
    <tag k="addr:city" v="Ingolstadt" />
    <tag k="addr:country" v="DE" />
    <tag k="addr:housenumber" v="10" />
    <tag k="addr:postcode" v="85049" />
    <tag k="addr:street" v="Schutterstraße" />
    <tag k="building" v="house" />
    <tag k="source" v="HiRes aerial imagery" />
  </way>
  <way id="-1000000208" visible="true">
    <nd ref="-1132" />
    <nd ref="-1133" />
    <nd ref="-1134" />
    <nd ref="-1135" />
    <nd ref="-1136" />
    <nd ref="-1137" />
    <nd ref="-1138" />
    <nd ref="-1139" />
    <nd ref="-1140" />
    <nd ref="-1141" />
    <nd ref="-1132" />
    <tag k="building" v="apartments" />
    <tag k="building:levels" v="3" />
    <tag k="roof:levels" v="1" />
    <tag k="source" v="HiRes aerial imagery" />
  </way>
  <way id="-1000000209" visible="true">
    <nd ref="-1142" />
    <nd ref="-1143" />
    <nd ref="-1144" />
    <nd ref="-1145" />
    <nd ref="-1142" />
    <tag k="building" v="yes" />
    <tag k="source" v="HiRes aerial imagery" />
  </way>
  <way id="-1000000210" visible="true">
    <nd ref="-811" />
    <nd ref="-839" />
    <nd ref="-838" />
    <nd ref="-1146" />
    <nd ref="-1147" />
    <nd ref="-814" />
    <nd ref="-811" />
    <tag k="building" v="yes" />
    <tag k="source" v="HiRes aerial imagery" />
  </way>
  <way id="-1000000211" visible="true">
    <nd ref="-1148" />
    <nd ref="-1149" />
    <nd ref="-1150" />
    <nd ref="-1151" />
    <nd ref="-1148" />
    <tag k="building" v="yes" />
    <tag k="source" v="HiRes aerial imagery" />
  </way>
  <way id="-1000000212" visible="true">
    <nd ref="-1152" />
    <nd ref="-1153" />
    <nd ref="-1154" />
    <nd ref="-1155" />
    <nd ref="-1156" />
    <nd ref="-1152" />
    <tag k="addr:city" v="Ingolstadt" />
    <tag k="addr:country" v="DE" />
    <tag k="addr:housenumber" v="1" />
    <tag k="addr:postcode" v="85049" />
    <tag k="addr:street" v="Manggasse" />
    <tag k="building" v="house" />
    <tag k="source" v="HiRes aerial imagery" />
  </way>
  <way id="-1000000213" visible="true">
    <nd ref="-1149" />
    <nd ref="-1157" />
    <nd ref="-1158" />
    <nd ref="-1150" />
    <nd ref="-1149" />
    <tag k="building" v="yes" />
    <tag k="source" v="HiRes aerial imagery" />
  </way>
  <way id="-1000000214" visible="true">
    <nd ref="-1159" />
    <nd ref="-1160" />
    <nd ref="-1161" />
    <nd ref="-1162" />
    <nd ref="-1159" />
    <tag k="building" v="yes" />
    <tag k="source" v="HiRes aerial imagery" />
  </way>
  <way id="-1000000215" visible="true">
    <nd ref="-1163" />
    <nd ref="-1164" />
    <nd ref="-1165" />
    <nd ref="-1166" />
    <nd ref="-1163" />
    <tag k="building" v="yes" />
    <tag k="source" v="HiRes aerial imagery" />
  </way>
  <way id="-1000000216" visible="true">
    <nd ref="-1167" />
    <nd ref="-1168" />
    <nd ref="-1169" />
    <nd ref="-1170" />
    <nd ref="-1167" />
    <tag k="building" v="yes" />
    <tag k="source" v="HiRes aerial imagery" />
  </way>
  <way id="-1000000217" visible="true">
    <nd ref="-907" />
    <nd ref="-903" />
    <nd ref="-904" />
    <nd ref="-906" />
    <nd ref="-907" />
    <tag k="building" v="yes" />
    <tag k="roof:shape" v="gabled" />
    <tag k="source" v="HiRes aerial imagery" />
  </way>
  <way id="-1000000218" visible="true">
    <nd ref="-963" />
    <nd ref="-1171" />
    <nd ref="-1172" />
    <nd ref="-960" />
    <nd ref="-963" />
    <tag k="building" v="yes" />
    <tag k="source" v="HiRes aerial imagery" />
  </way>
  <way id="-1000000219" visible="true">
    <nd ref="-1173" />
    <nd ref="-1174" />
    <nd ref="-1175" />
    <nd ref="-1176" />
    <nd ref="-1173" />
    <tag k="building" v="house" />
    <tag k="source" v="HiRes aerial imagery" />
  </way>
  <way id="-1000000220" visible="true">
    <nd ref="-1177" />
    <nd ref="-1178" />
    <nd ref="-1179" />
    <nd ref="-1180" />
    <nd ref="-1177" />
    <tag k="building" v="yes" />
    <tag k="source" v="HiRes aerial imagery" />
  </way>
  <way id="-1000000221" visible="true">
    <nd ref="-1181" />
    <nd ref="-951" />
    <nd ref="-952" />
    <nd ref="-1182" />
    <nd ref="-1181" />
    <tag k="building" v="yes" />
    <tag k="source" v="HiRes aerial imagery" />
  </way>
  <way id="-1000000222" visible="true">
    <nd ref="-1183" />
    <nd ref="-1184" />
    <nd ref="-1054" />
    <nd ref="-1185" />
    <nd ref="-1183" />
    <tag k="building" v="yes" />
    <tag k="source" v="HiRes aerial imagery" />
  </way>
  <way id="-1000000223" visible="true">
    <nd ref="-1186" />
    <nd ref="-1187" />
    <nd ref="-1188" />
    <nd ref="-1189" />
    <nd ref="-1186" />
    <tag k="building" v="yes" />
    <tag k="source" v="HiRes aerial imagery" />
  </way>
  <way id="-1000000224" visible="true">
    <nd ref="-1168" />
    <nd ref="-1148" />
    <nd ref="-1151" />
    <nd ref="-1190" />
    <nd ref="-1191" />
    <nd ref="-1192" />
    <nd ref="-1193" />
    <nd ref="-1194" />
    <nd ref="-1195" />
    <nd ref="-1169" />
    <nd ref="-1168" />
    <tag k="building" v="yes" />
    <tag k="source" v="HiRes aerial imagery" />
  </way>
  <way id="-1000000225" visible="true">
    <nd ref="-1196" />
    <nd ref="-1197" />
    <nd ref="-1198" />
    <nd ref="-1199" />
    <nd ref="-1200" />
    <nd ref="-1196" />
    <tag k="building" v="house" />
    <tag k="source" v="HiRes aerial imagery" />
  </way>
  <way id="-1000000226" visible="true">
    <nd ref="-1201" />
    <nd ref="-1202" />
    <nd ref="-1203" />
    <nd ref="-1204" />
    <nd ref="-1205" />
    <nd ref="-1201" />
    <tag k="building" v="yes" />
    <tag k="source" v="HiRes aerial imagery" />
  </way>
  <way id="-1000000227" visible="true">
    <nd ref="-1004" />
    <nd ref="-1002" />
    <nd ref="-962" />
    <nd ref="-1003" />
    <nd ref="-1004" />
    <tag k="building" v="yes" />
    <tag k="source" v="HiRes aerial imagery" />
  </way>
  <way id="-1000000228" visible="true">
    <nd ref="-1206" />
    <nd ref="-1207" />
    <nd ref="-1208" />
    <nd ref="-1209" />
    <nd ref="-1206" />
    <tag k="building" v="yes" />
    <tag k="source" v="HiRes aerial imagery" />
  </way>
  <way id="-1000000229" visible="true">
    <nd ref="-1210" />
    <nd ref="-1211" />
    <nd ref="-1212" />
    <nd ref="-1213" />
    <nd ref="-1210" />
    <tag k="building" v="yes" />
    <tag k="source" v="HiRes aerial imagery" />
  </way>
  <way id="-1000000230" visible="true">
    <nd ref="-1214" />
    <nd ref="-1215" />
    <nd ref="-1216" />
    <nd ref="-1217" />
    <nd ref="-1214" />
    <tag k="addr:city" v="Ingolstadt" />
    <tag k="addr:country" v="DE" />
    <tag k="addr:housenumber" v="6" />
    <tag k="addr:postcode" v="85049" />
    <tag k="addr:street" v="Schutterstraße" />
    <tag k="amenity" v="restaurant" />
    <tag k="beer_garden" v="yes" />
    <tag k="building" v="house" />
    <tag k="cuisine" v="german" />
    <tag k="name" v="Hugl" />
    <tag k="opening_hours" v="Tu-Su,PH 11:00-14:30,17:30-24:00+" />
    <tag k="smoking" v="no" />
    <tag k="source" v="HiRes aerial imagery" />
    <tag k="website" v="http://www.hugl-restaurant.de" />
  </way>
  <way id="-1000000231" visible="true">
    <nd ref="-988" />
    <nd ref="-893" />
    <nd ref="-894" />
    <nd ref="-987" />
    <nd ref="-988" />
    <tag k="building" v="yes" />
    <tag k="source" v="HiRes aerial imagery" />
  </way>
  <way id="-1000000232" visible="true">
    <nd ref="-1218" />
    <nd ref="-1219" />
    <nd ref="-1220" />
    <nd ref="-1221" />
    <nd ref="-1218" />
    <tag k="addr:city" v="Ingolstadt" />
    <tag k="addr:country" v="DE" />
    <tag k="addr:housenumber" v="7b" />
    <tag k="addr:postcode" v="85049" />
    <tag k="addr:street" v="Sauerstraße" />
    <tag k="building" v="yes" />
    <tag k="source" v="HiRes aerial imagery" />
  </way>
  <way id="-1000000233" visible="true">
    <nd ref="-1207" />
    <nd ref="-1159" />
    <nd ref="-1162" />
    <nd ref="-1208" />
    <nd ref="-1207" />
    <tag k="building" v="yes" />
    <tag k="source" v="HiRes aerial imagery" />
  </way>
  <way id="-1000000234" visible="true">
    <nd ref="-1222" />
    <nd ref="-1223" />
    <nd ref="-1224" />
    <nd ref="-1225" />
    <nd ref="-1226" />
    <nd ref="-1222" />
    <tag k="addr:city" v="Ingolstadt" />
    <tag k="addr:country" v="DE" />
    <tag k="addr:housenumber" v="4" />
    <tag k="addr:postcode" v="85049" />
    <tag k="addr:street" v="Manggasse" />
    <tag k="amenity" v="pub" />
    <tag k="building" v="house" />
    <tag k="name" v="Cafe Detter" />
    <tag k="opening_hours" v="Th 19:00-01:30" />
    <tag k="source" v="HiRes aerial imagery" />
    <tag k="wheelchair" v="no" />
    <tag k="wifi" v="no" />
  </way>
  <way id="-1000000235" visible="true">
    <nd ref="-1227" />
    <nd ref="-1228" />
    <nd ref="-1229" />
    <nd ref="-1230" />
    <nd ref="-1231" />
    <nd ref="-1232" />
    <nd ref="-1233" />
    <nd ref="-1234" />
    <nd ref="-1235" />
    <nd ref="-1236" />
    <nd ref="-1227" />
    <tag k="building" v="apartments" />
    <tag k="building:levels" v="3" />
    <tag k="roof:levels" v="1" />
    <tag k="source" v="HiRes aerial imagery" />
  </way>
  <way id="-1000000236" visible="true">
    <nd ref="-1178" />
    <nd ref="-1142" />
    <nd ref="-1145" />
    <nd ref="-1237" />
    <nd ref="-1238" />
    <nd ref="-1239" />
    <nd ref="-1240" />
    <nd ref="-1241" />
    <nd ref="-1242" />
    <nd ref="-1243" />
    <nd ref="-1179" />
    <nd ref="-1178" />
    <tag k="building" v="yes" />
    <tag k="source" v="HiRes aerial imagery" />
  </way>
  <way id="-1000000237" visible="true">
    <nd ref="-1139" />
    <nd ref="-1227" />
    <nd ref="-1236" />
    <nd ref="-1140" />
    <nd ref="-1139" />
    <tag k="building" v="apartments" />
    <tag k="building:levels" v="3" />
    <tag k="roof:levels" v="1" />
    <tag k="source" v="HiRes aerial imagery" />
  </way>
  <way id="-1000000238" visible="true">
    <nd ref="-1244" />
    <nd ref="-1245" />
    <nd ref="-1246" />
    <nd ref="-1247" />
    <nd ref="-1244" />
    <tag k="building" v="yes" />
    <tag k="source" v="HiRes aerial imagery" />
  </way>
  <way id="-1000000239" visible="true">
    <nd ref="-1234" />
    <nd ref="-1170" />
    <nd ref="-1167" />
    <nd ref="-1235" />
    <nd ref="-1234" />
    <tag k="building" v="apartments" />
    <tag k="source" v="HiRes aerial imagery" />
  </way>
  <way id="-1000000240" visible="true">
    <nd ref="-1064" />
    <nd ref="-1248" />
    <nd ref="-1185" />
    <nd ref="-1054" />
    <nd ref="-1064" />
    <tag k="addr:city" v="Ingolstadt" />
    <tag k="addr:housenumber" v="13" />
    <tag k="addr:postcode" v="85049" />
    <tag k="addr:street" v="Schäffbräustraße" />
    <tag k="building" v="yes" />
    <tag k="source" v="HiRes aerial imagery" />
  </way>
  <way id="-1000000241" visible="true">
    <nd ref="-1249" />
    <nd ref="-1250" />
    <nd ref="-1251" />
    <nd ref="-1252" />
    <nd ref="-1249" />
    <tag k="addr:city" v="Ingolstadt" />
    <tag k="addr:country" v="DE" />
    <tag k="addr:housenumber" v="28 1/2" />
    <tag k="addr:postcode" v="85049" />
    <tag k="addr:street" v="Münzbergstraße" />
    <tag k="building" v="yes" />
    <tag k="source" v="HiRes aerial imagery" />
  </way>
  <way id="-1000000242" visible="true">
    <nd ref="-1253" />
    <nd ref="-1254" />
    <nd ref="-1255" />
    <nd ref="-1256" />
    <nd ref="-1253" />
    <tag k="building" v="house" />
    <tag k="source" v="HiRes aerial imagery" />
  </way>
  <way id="-1000000243" visible="true">
    <nd ref="-1257" />
    <nd ref="-1258" />
    <nd ref="-1259" />
    <nd ref="-1260" />
    <nd ref="-1261" />
    <nd ref="-1262" />
    <nd ref="-1263" />
    <nd ref="-1264" />
    <nd ref="-1265" />
    <nd ref="-1252" />
    <nd ref="-1249" />
    <nd ref="-1257" />
    <tag k="addr:city" v="Ingolstadt" />
    <tag k="addr:country" v="DE" />
    <tag k="addr:housenumber" v="30" />
    <tag k="addr:postcode" v="85049" />
    <tag k="addr:street" v="Münzbergstraße" />
    <tag k="building" v="yes" />
    <tag k="source" v="HiRes aerial imagery" />
  </way>
  <way id="-1000000244" visible="true">
    <nd ref="-1165" />
    <nd ref="-1266" />
    <nd ref="-1267" />
    <nd ref="-1166" />
    <nd ref="-1165" />
    <tag k="building" v="yes" />
    <tag k="source" v="HiRes aerial imagery" />
  </way>
  <way id="-1000000245" visible="true">
    <nd ref="-1268" />
    <nd ref="-1269" />
    <nd ref="-1270" />
    <nd ref="-1088" />
    <nd ref="-1089" />
    <nd ref="-1271" />
    <nd ref="-1272" />
    <nd ref="-1273" />
    <nd ref="-1268" />
    <tag k="building" v="house" />
    <tag k="source" v="HiRes aerial imagery" />
  </way>
  <way id="-1000000246" visible="true">
    <nd ref="-1274" />
    <nd ref="-1275" />
    <nd ref="-1247" />
    <nd ref="-1244" />
    <nd ref="-1274" />
    <tag k="addr:city" v="Ingolstadt" />
    <tag k="addr:country" v="DE" />
    <tag k="addr:housenumber" v="1" />
    <tag k="addr:postcode" v="85049" />
    <tag k="addr:street" v="Sauerstraße" />
    <tag k="building" v="yes" />
    <tag k="source" v="HiRes aerial imagery" />
  </way>
  <way id="-1000000247" visible="true">
    <nd ref="-1276" />
    <nd ref="-1277" />
    <nd ref="-1278" />
    <nd ref="-1279" />
    <nd ref="-1276" />
    <tag k="building" v="yes" />
    <tag k="source" v="HiRes aerial imagery" />
  </way>
  <way id="-1000000248" visible="true">
    <nd ref="-1280" />
    <nd ref="-1281" />
    <nd ref="-1282" />
    <nd ref="-1283" />
    <nd ref="-1280" />
    <tag k="building" v="yes" />
    <tag k="source" v="HiRes aerial imagery" />
  </way>
  <way id="-1000000249" visible="true">
    <nd ref="-1157" />
    <nd ref="-1177" />
    <nd ref="-1180" />
    <nd ref="-1284" />
    <nd ref="-1285" />
    <nd ref="-1286" />
    <nd ref="-1287" />
    <nd ref="-1288" />
    <nd ref="-1289" />
    <nd ref="-1290" />
    <nd ref="-1158" />
    <nd ref="-1157" />
    <tag k="building" v="yes" />
    <tag k="source" v="HiRes aerial imagery" />
  </way>
  <way id="-1000000250" visible="true">
    <nd ref="-1291" />
    <nd ref="-1292" />
    <nd ref="-1293" />
    <nd ref="-1294" />
    <nd ref="-1295" />
    <nd ref="-1291" />
    <tag k="addr:housenumber" v="1" />
    <tag k="addr:street" v="Steuartstraße" />
    <tag k="building" v="house" />
    <tag k="source" v="HiRes aerial imagery" />
  </way>
  <way id="-1000000251" visible="true">
    <nd ref="-1174" />
    <nd ref="-1296" />
    <nd ref="-1297" />
    <nd ref="-1298" />
    <nd ref="-1299" />
    <nd ref="-1175" />
    <nd ref="-1174" />
    <tag k="building" v="house" />
    <tag k="source" v="HiRes aerial imagery" />
  </way>
  <way id="-1000000252" visible="true">
    <nd ref="-1300" />
    <nd ref="-1301" />
    <nd ref="-1302" />
    <nd ref="-1303" />
    <nd ref="-1300" />
    <tag k="building" v="house" />
    <tag k="source" v="HiRes aerial imagery" />
  </way>
  <way id="-1000000253" visible="true">
    <nd ref="-1266" />
    <nd ref="-1304" />
    <nd ref="-1305" />
    <nd ref="-1267" />
    <nd ref="-1266" />
    <tag k="addr:city" v="Ingolstadt" />
    <tag k="addr:country" v="DE" />
    <tag k="addr:housenumber" v="5" />
    <tag k="addr:postcode" v="85049" />
    <tag k="addr:street" v="Schäffbräustraße" />
    <tag k="building" v="yes" />
    <tag k="source" v="HiRes aerial imagery" />
  </way>
  <way id="-1000000254" visible="true">
    <nd ref="-1306" />
    <nd ref="-1132" />
    <nd ref="-1141" />
    <nd ref="-1307" />
    <nd ref="-1306" />
    <tag k="building" v="apartments" />
    <tag k="building:levels" v="3" />
    <tag k="roof:levels" v="1" />
    <tag k="source" v="HiRes aerial imagery" />
  </way>
  <way id="-1000000255" visible="true">
    <nd ref="-1202" />
    <nd ref="-1308" />
    <nd ref="-1309" />
    <nd ref="-1044" />
    <nd ref="-1053" />
    <nd ref="-1203" />
    <nd ref="-1202" />
    <tag k="building" v="yes" />
    <tag k="source" v="HiRes aerial imagery" />
  </way>
  <way id="-1000000256" visible="true">
    <nd ref="-1107" />
    <nd ref="-1218" />
    <nd ref="-1221" />
    <nd ref="-1310" />
    <nd ref="-1106" />
    <nd ref="-1107" />
    <tag k="addr:city" v="Ingolstadt" />
    <tag k="addr:country" v="DE" />
    <tag k="addr:housenumber" v="9" />
    <tag k="addr:postcode" v="85049" />
    <tag k="addr:street" v="Sauerstraße" />
    <tag k="building" v="yes" />
    <tag k="source" v="HiRes aerial imagery" />
  </way>
  <way id="-1000000257" visible="true">
    <nd ref="-1311" />
    <nd ref="-1312" />
    <nd ref="-1313" />
    <nd ref="-1314" />
    <nd ref="-1311" />
    <tag k="building" v="house" />
    <tag k="source" v="HiRes aerial imagery" />
  </way>
  <way id="-1000000258" visible="true">
    <nd ref="-1223" />
    <nd ref="-1315" />
    <nd ref="-1316" />
    <nd ref="-1224" />
    <nd ref="-1223" />
    <tag k="addr:city" v="Ingolstadt" />
    <tag k="addr:country" v="DE" />
    <tag k="addr:housenumber" v="6" />
    <tag k="addr:postcode" v="85049" />
    <tag k="addr:street" v="Manggasse" />
    <tag k="building" v="house" />
    <tag k="source" v="HiRes aerial imagery" />
  </way>
  <way id="-1000000259" visible="true">
    <nd ref="-1143" />
    <nd ref="-1317" />
    <nd ref="-162" />
    <nd ref="-163" />
    <nd ref="-1144" />
    <nd ref="-1143" />
    <tag k="building" v="yes" />
    <tag k="source" v="HiRes aerial imagery" />
  </way>
  <way id="-1000000260" visible="true">
    <nd ref="-1254" />
    <nd ref="-1318" />
    <nd ref="-1319" />
    <nd ref="-1320" />
    <nd ref="-1255" />
    <nd ref="-1254" />
    <tag k="building" v="house" />
    <tag k="source" v="HiRes aerial imagery" />
  </way>
  <way id="-1000000261" visible="true">
    <nd ref="-1113" />
    <nd ref="-1116" />
    <nd ref="-1321" />
    <nd ref="-1200" />
    <nd ref="-1196" />
    <nd ref="-1322" />
    <nd ref="-1113" />
    <tag k="building" v="house" />
    <tag k="source" v="HiRes aerial imagery" />
  </way>
  <way id="-1000000262" visible="true">
    <nd ref="-1323" />
    <nd ref="-1324" />
    <nd ref="-1325" />
    <nd ref="-1326" />
    <nd ref="-1323" />
    <tag k="addr:city" v="Ingolstadt" />
    <tag k="addr:country" v="DE" />
    <tag k="addr:housenumber" v="1" />
    <tag k="addr:postcode" v="85049" />
    <tag k="addr:street" v="Rathausplatz" />
    <tag k="building" v="house" />
    <tag k="source" v="HiRes aerial imagery" />
  </way>
  <way id="-1000000263" visible="true">
    <nd ref="-1122" />
    <nd ref="-1327" />
    <nd ref="-1328" />
    <nd ref="-1329" />
    <nd ref="-1330" />
    <nd ref="-1331" />
    <nd ref="-1332" />
    <nd ref="-1117" />
    <nd ref="-1122" />
    <tag k="addr:city" v="Ingolstadt" />
    <tag k="addr:country" v="DE" />
    <tag k="addr:housenumber" v="6" />
    <tag k="addr:postcode" v="85049" />
    <tag k="addr:street" v="Donaustraße" />
    <tag k="building" v="house" />
    <tag k="name" v="DAK Gesundheit Servicecentrum" />
    <tag k="source" v="HiRes aerial imagery" />
  </way>
  <way id="-1000000264" visible="true">
    <nd ref="-1333" />
    <nd ref="-1040" />
    <nd ref="-1039" />
    <nd ref="-1334" />
    <nd ref="-1335" />
    <nd ref="-1333" />
    <tag k="building" v="house" />
    <tag k="source" v="HiRes aerial imagery" />
  </way>
  <way id="-1000000265" visible="true">
    <nd ref="-1336" />
    <nd ref="-1337" />
    <nd ref="-1338" />
    <nd ref="-1339" />
    <nd ref="-1340" />
    <nd ref="-1336" />
    <tag k="addr:city" v="Ingolstadt" />
    <tag k="addr:country" v="DE" />
    <tag k="addr:housenumber" v="1" />
    <tag k="addr:postcode" v="85049" />
    <tag k="addr:street" v="Schäffbräustraße" />
    <tag k="building" v="yes" />
    <tag k="source" v="HiRes aerial imagery" />
  </way>
  <way id="-1000000266" visible="true">
    <nd ref="-1341" />
    <nd ref="-1342" />
    <nd ref="-1343" />
    <nd ref="-1344" />
    <nd ref="-1345" />
    <nd ref="-1341" />
    <tag k="addr:city" v="Ingolstadt" />
    <tag k="addr:country" v="DE" />
    <tag k="addr:housenumber" v="4" />
    <tag k="addr:postcode" v="85049" />
    <tag k="addr:street" v="Dollstraße" />
    <tag k="building" v="yes" />
    <tag k="source" v="HiRes aerial imagery" />
  </way>
  <way id="-1000000267" visible="true">
    <nd ref="-1346" />
    <nd ref="-1347" />
    <nd ref="-1348" />
    <nd ref="-1349" />
    <nd ref="-1350" />
    <nd ref="-1346" />
    <tag k="building" v="yes" />
    <tag k="source" v="HiRes aerial imagery" />
  </way>
  <way id="-1000000268" visible="true">
    <nd ref="-1074" />
    <nd ref="-1351" />
    <nd ref="-1352" />
    <nd ref="-1353" />
    <nd ref="-1075" />
    <nd ref="-1074" />
    <tag k="building" v="yes" />
    <tag k="source" v="HiRes aerial imagery" />
  </way>
  <way id="-1000000269" visible="true">
    <nd ref="-1114" />
    <nd ref="-1128" />
    <nd ref="-1131" />
    <nd ref="-1354" />
    <nd ref="-1355" />
    <nd ref="-1356" />
    <nd ref="-1357" />
    <nd ref="-1115" />
    <nd ref="-1114" />
    <tag k="addr:city" v="Ingolstadt" />
    <tag k="addr:country" v="DE" />
    <tag k="addr:housenumber" v="12" />
    <tag k="addr:postcode" v="85049" />
    <tag k="addr:street" v="Schutterstraße" />
    <tag k="building" v="house" />
    <tag k="source" v="HiRes aerial imagery" />
  </way>
  <way id="-1000000270" visible="true">
    <nd ref="-1358" />
    <nd ref="-1359" />
    <nd ref="-1320" />
    <nd ref="-1319" />
    <nd ref="-1360" />
    <nd ref="-1358" />
    <tag k="addr:city" v="Ingolstadt" />
    <tag k="addr:country" v="DE" />
    <tag k="addr:housenumber" v="15" />
    <tag k="addr:postcode" v="85049" />
    <tag k="addr:street" v="Tränktorstraße" />
    <tag k="building" v="house" />
    <tag k="name" v="Palmyra Markt" />
    <tag k="shop" v="convenience" />
    <tag k="source" v="HiRes aerial imagery" />
  </way>
  <way id="-1000000271" visible="true">
    <nd ref="-1351" />
    <nd ref="-1361" />
    <nd ref="-1185" />
    <nd ref="-1248" />
    <nd ref="-1352" />
    <nd ref="-1351" />
    <tag k="building" v="yes" />
    <tag k="source" v="HiRes aerial imagery" />
  </way>
  <way id="-1000000272" visible="true">
    <nd ref="-1362" />
    <nd ref="-1363" />
    <nd ref="-1364" />
    <nd ref="-1365" />
    <nd ref="-1366" />
    <nd ref="-1362" />
    <tag k="building" v="yes" />
    <tag k="source" v="HiRes aerial imagery" />
  </way>
  <way id="-1000000273" visible="true">
    <nd ref="-1275" />
    <nd ref="-1367" />
    <nd ref="-1368" />
    <nd ref="-1369" />
    <nd ref="-1247" />
    <nd ref="-1275" />
    <tag k="building" v="yes" />
    <tag k="source" v="HiRes aerial imagery" />
  </way>
  <way id="-1000000274" visible="true">
    <nd ref="-1057" />
    <nd ref="-1370" />
    <nd ref="-1371" />
    <nd ref="-1372" />
    <nd ref="-1056" />
    <nd ref="-1057" />
    <tag k="addr:city" v="Ingolstadt" />
    <tag k="addr:country" v="DE" />
    <tag k="addr:housenumber" v="11 a" />
    <tag k="addr:postcode" v="85049" />
    <tag k="addr:street" v="Schäffbräustraße" />
    <tag k="amenity" v="restaurant" />
    <tag k="building" v="yes" />
    <tag k="cuisine" v="regional" />
    <tag k="diet:vegan" v="yes" />
    <tag k="name" v="Biermuseum Kuchlbauer" />
    <tag k="outdoor_seating" v="yes" />
    <tag k="source" v="HiRes aerial imagery" />
    <tag k="website" v="http://www.biermuseum-ingolstadt.de/" />
    <tag k="wheelchair" v="no" />
  </way>
  <way id="-1000000275" visible="true">
    <nd ref="-1269" />
    <nd ref="-1173" />
    <nd ref="-1176" />
    <nd ref="-1373" />
    <nd ref="-1270" />
    <nd ref="-1269" />
    <tag k="building" v="house" />
    <tag k="source" v="HiRes aerial imagery" />
  </way>
  <way id="-1000000276" visible="true">
    <nd ref="-1342" />
    <nd ref="-337" />
    <nd ref="-338" />
    <nd ref="-1374" />
    <nd ref="-1343" />
    <nd ref="-1342" />
    <tag k="building" v="yes" />
  </way>
  <way id="-1000000277" visible="true">
    <nd ref="-1375" />
    <nd ref="-1376" />
    <nd ref="-1108" />
    <nd ref="-1105" />
    <nd ref="-1377" />
    <nd ref="-1375" />
    <tag k="building" v="yes" />
    <tag k="source" v="HiRes aerial imagery" />
  </way>
  <way id="-1000000278" visible="true">
    <nd ref="-1338" />
    <nd ref="-1378" />
    <nd ref="-1379" />
    <nd ref="-1276" />
    <nd ref="-1279" />
    <nd ref="-1380" />
    <nd ref="-1339" />
    <nd ref="-1338" />
    <tag k="addr:city" v="Ingolstadt" />
    <tag k="addr:country" v="DE" />
    <tag k="addr:housenumber" v="3" />
    <tag k="addr:postcode" v="85049" />
    <tag k="addr:street" v="Schäffbräustraße" />
    <tag k="building" v="yes" />
    <tag k="source" v="HiRes aerial imagery" />
  </way>
  <way id="-1000000279" visible="true">
    <nd ref="-1381" />
    <nd ref="-1382" />
    <nd ref="-901" />
    <nd ref="-900" />
    <nd ref="-1383" />
    <nd ref="-1384" />
    <nd ref="-1381" />
    <tag k="addr:city" v="Ingolstadt" />
    <tag k="addr:country" v="DE" />
    <tag k="addr:housenumber" v="2" />
    <tag k="addr:postcode" v="85049" />
    <tag k="addr:street" v="Sauerstraße" />
    <tag k="building" v="yes" />
    <tag k="source" v="HiRes aerial imagery" />
  </way>
  <way id="-1000000280" visible="true">
    <nd ref="-1385" />
    <nd ref="-1386" />
    <nd ref="-1387" />
    <nd ref="-1388" />
    <nd ref="-1389" />
    <nd ref="-1390" />
    <nd ref="-1385" />
    <tag k="building" v="house" />
    <tag k="source" v="HiRes aerial imagery" />
  </way>
  <way id="-1000000281" visible="true">
    <nd ref="-1391" />
    <nd ref="-1341" />
    <nd ref="-1345" />
    <nd ref="-1392" />
    <nd ref="-1393" />
    <nd ref="-1394" />
    <nd ref="-1391" />
    <tag k="addr:city" v="Ingolstadt" />
    <tag k="addr:country" v="DE" />
    <tag k="addr:housenumber" v="6" />
    <tag k="addr:postcode" v="85049" />
    <tag k="addr:street" v="Dollstraße" />
    <tag k="amenity" v="restaurant" />
    <tag k="building" v="yes" />
    <tag k="cuisine" v="turkish" />
    <tag k="name" v="Antalya" />
    <tag k="opening_hours" v="Mo-Su 17:00-01:00, Sa,Su 11:30-15:00" />
    <tag k="phone" v="+49 841 33048" />
    <tag k="source" v="HiRes aerial imagery" />
  </way>
  <way id="-1000000282" visible="true">
    <nd ref="-1395" />
    <nd ref="-1396" />
    <nd ref="-1362" />
    <nd ref="-1366" />
    <nd ref="-1397" />
    <nd ref="-1398" />
    <nd ref="-1395" />
    <tag k="building" v="yes" />
    <tag k="source" v="HiRes aerial imagery" />
  </way>
  <way id="-1000000283" visible="true">
    <nd ref="-1399" />
    <nd ref="-1070" />
    <nd ref="-1080" />
    <nd ref="-1400" />
    <nd ref="-1163" />
    <nd ref="-1401" />
    <nd ref="-1399" />
    <tag k="building" v="yes" />
    <tag k="source" v="HiRes aerial imagery" />
  </way>
  <way id="-1000000284" visible="true">
    <nd ref="-693" />
    <nd ref="-1402" />
    <nd ref="-1403" />
    <nd ref="-1404" />
    <nd ref="-688" />
    <nd ref="-689" />
    <nd ref="-700" />
    <nd ref="-694" />
    <nd ref="-693" />
    <tag k="building" v="yes" />
    <tag k="source" v="HiRes aerial imagery" />
  </way>
  <way id="-1000000285" visible="true">
    <nd ref="-1405" />
    <nd ref="-1406" />
    <nd ref="-1407" />
    <nd ref="-1408" />
    <nd ref="-1409" />
    <nd ref="-1410" />
    <nd ref="-1405" />
    <tag k="building" v="yes" />
    <tag k="source" v="HiRes aerial imagery" />
  </way>
  <way id="-1000000286" visible="true">
    <nd ref="-1411" />
    <nd ref="-1412" />
    <nd ref="-1413" />
    <nd ref="-1283" />
    <nd ref="-1280" />
    <nd ref="-1414" />
    <nd ref="-1411" />
    <tag k="building" v="yes" />
  </way>
  <way id="-1000000287" visible="true">
    <nd ref="-1415" />
    <nd ref="-1381" />
    <nd ref="-1384" />
    <nd ref="-993" />
    <nd ref="-992" />
    <nd ref="-1416" />
    <nd ref="-1415" />
    <tag k="building" v="yes" />
    <tag k="source" v="HiRes aerial imagery" />
  </way>
  <way id="-1000000288" visible="true">
    <nd ref="-1024" />
    <nd ref="-1417" />
    <nd ref="-1418" />
    <nd ref="-1419" />
    <nd ref="-1420" />
    <nd ref="-1025" />
    <nd ref="-1024" />
    <tag k="building" v="yes" />
    <tag k="source" v="HiRes aerial imagery" />
  </way>
  <way id="-1000000289" visible="true">
    <nd ref="-1294" />
    <nd ref="-1421" />
    <nd ref="-1422" />
    <nd ref="-1253" />
    <nd ref="-1256" />
    <nd ref="-1423" />
    <nd ref="-1424" />
    <nd ref="-1295" />
    <nd ref="-1294" />
    <tag k="building" v="house" />
    <tag k="source" v="HiRes aerial imagery" />
  </way>
  <way id="-1000000290" visible="true">
    <nd ref="-1068" />
    <nd ref="-1425" />
    <nd ref="-1426" />
    <nd ref="-1427" />
    <nd ref="-890" />
    <nd ref="-889" />
    <nd ref="-1068" />
    <tag k="addr:city" v="Ingolstadt" />
    <tag k="addr:country" v="DE" />
    <tag k="addr:housenumber" v="1 1/2" />
    <tag k="addr:postcode" v="85049" />
    <tag k="addr:street" v="Josef-Ponschab-Straße" />
    <tag k="building" v="yes" />
  </way>
  <way id="-1000000291" visible="true">
    <nd ref="-1181" />
    <nd ref="-943" />
    <nd ref="-942" />
    <nd ref="-1015" />
    <nd ref="-1014" />
    <nd ref="-1182" />
    <nd ref="-1181" />
    <tag k="building" v="yes" />
    <tag k="source" v="HiRes aerial imagery" />
  </way>
  <way id="-1000000292" visible="true">
    <nd ref="-1428" />
    <nd ref="-1085" />
    <nd ref="-1084" />
    <nd ref="-1424" />
    <nd ref="-1295" />
    <nd ref="-1291" />
    <nd ref="-1428" />
    <tag k="building" v="yes" />
    <tag k="source" v="HiRes aerial imagery" />
  </way>
  <way id="-1000000293" visible="true">
    <nd ref="-1429" />
    <nd ref="-1430" />
    <nd ref="-1431" />
    <nd ref="-1432" />
    <nd ref="-1433" />
    <nd ref="-1434" />
    <nd ref="-1429" />
    <tag k="building" v="house" />
    <tag k="source" v="HiRes aerial imagery" />
  </way>
  <way id="-1000000294" visible="true">
    <nd ref="-1435" />
    <nd ref="-1186" />
    <nd ref="-1189" />
    <nd ref="-1436" />
    <nd ref="-1051" />
    <nd ref="-1050" />
    <nd ref="-1435" />
    <tag k="building" v="yes" />
    <tag k="source" v="HiRes aerial imagery" />
  </way>
  <way id="-1000000295" visible="true">
    <nd ref="-1407" />
    <nd ref="-554" />
    <nd ref="-1437" />
    <nd ref="-1438" />
    <nd ref="-1439" />
    <nd ref="-1408" />
    <nd ref="-1407" />
    <tag k="addr:city" v="Ingolstadt" />
    <tag k="addr:country" v="DE" />
    <tag k="addr:housenumber" v="3" />
    <tag k="addr:postcode" v="85049" />
    <tag k="addr:street" v="Höllbräugasse" />
    <tag k="building" v="yes" />
    <tag k="source" v="HiRes aerial imagery" />
  </way>
  <way id="-1000000296" visible="true">
    <nd ref="-1440" />
    <nd ref="-1222" />
    <nd ref="-1226" />
    <nd ref="-1441" />
    <nd ref="-1442" />
    <nd ref="-1443" />
    <nd ref="-1444" />
    <nd ref="-1445" />
    <nd ref="-1446" />
    <nd ref="-1447" />
    <nd ref="-1448" />
    <nd ref="-1449" />
    <nd ref="-1450" />
    <nd ref="-1451" />
    <nd ref="-1440" />
    <tag k="addr:city" v="Ingolstadt" />
    <tag k="addr:country" v="DE" />
    <tag k="addr:housenumber" v="2" />
    <tag k="addr:postcode" v="85049" />
    <tag k="addr:street" v="Manggasse" />
    <tag k="amenity" v="cinema" />
    <tag k="building" v="yes" />
    <tag k="contact:email" v="filmbuero@t-online.de" />
    <tag k="contact:fax" v="+49 821 1555518" />
    <tag k="contact:phone" v="+49 841 99343999" />
    <tag k="contact:website" v="http://www.kinoin.com/" />
    <tag k="name" v="Cinema" />
    <tag k="opening_hours" v="Mo-Su 09:00+" />
    <tag k="source" v="HiRes aerial imagery" />
    <tag k="wheelchair" v="no" />
    <tag k="wikidata" v="Q50843498" />
  </way>
  <way id="-1000000297" visible="true">
    <nd ref="-1452" />
    <nd ref="-1453" />
    <nd ref="-1454" />
    <nd ref="-1323" />
    <nd ref="-1326" />
    <nd ref="-1455" />
    <nd ref="-1456" />
    <nd ref="-1457" />
    <nd ref="-1452" />
    <tag k="addr:city" v="Ingolstadt" />
    <tag k="addr:country" v="DE" />
    <tag k="addr:housenumber" v="19" />
    <tag k="addr:postcode" v="85049" />
    <tag k="addr:street" v="Moritzstraße" />
    <tag k="building" v="house" />
    <tag k="source" v="HiRes aerial imagery" />
  </way>
  <way id="-1000000298" visible="true">
    <nd ref="-1458" />
    <nd ref="-1459" />
    <nd ref="-1460" />
    <nd ref="-1461" />
    <nd ref="-1462" />
    <nd ref="-1385" />
    <nd ref="-1390" />
    <nd ref="-1458" />
    <tag k="building" v="house" />
    <tag k="source" v="HiRes aerial imagery" />
  </way>
  <way id="-1000000299" visible="true">
    <nd ref="-1347" />
    <nd ref="-1463" />
    <nd ref="-1464" />
    <nd ref="-1465" />
    <nd ref="-1213" />
    <nd ref="-1212" />
    <nd ref="-1348" />
    <nd ref="-1347" />
    <tag k="building" v="yes" />
    <tag k="source" v="HiRes aerial imagery" />
  </way>
  <way id="-1000000300" visible="true">
    <nd ref="-1466" />
    <nd ref="-1467" />
    <nd ref="-1399" />
    <nd ref="-1401" />
    <nd ref="-1468" />
    <nd ref="-1469" />
    <nd ref="-1470" />
    <nd ref="-1466" />
    <tag k="building" v="yes" />
    <tag k="source" v="HiRes aerial imagery" />
  </way>
  <way id="-1000000301" visible="true">
    <nd ref="-1211" />
    <nd ref="-1471" />
    <nd ref="-1472" />
    <nd ref="-1473" />
    <nd ref="-1349" />
    <nd ref="-1348" />
    <nd ref="-1212" />
    <nd ref="-1211" />
    <tag k="building" v="yes" />
    <tag k="source" v="HiRes aerial imagery" />
  </way>
  <way id="-1000000302" visible="true">
    <nd ref="-1214" />
    <nd ref="-1217" />
    <nd ref="-1474" />
    <nd ref="-1475" />
    <nd ref="-1476" />
    <nd ref="-1477" />
    <nd ref="-1478" />
    <nd ref="-1214" />
    <tag k="addr:city" v="Ingolstadt" />
    <tag k="addr:country" v="DE" />
    <tag k="addr:housenumber" v="8" />
    <tag k="addr:postcode" v="85049" />
    <tag k="addr:street" v="Schutterstraße" />
    <tag k="building" v="house" />
    <tag k="source" v="HiRes aerial imagery" />
  </way>
  <way id="-1000000303" visible="true">
    <nd ref="-1479" />
    <nd ref="-1102" />
    <nd ref="-1101" />
    <nd ref="-1480" />
    <nd ref="-1481" />
    <nd ref="-1067" />
    <nd ref="-1479" />
    <tag k="building" v="yes" />
    <tag k="source" v="HiRes aerial imagery" />
  </way>
  <way id="-1000000304" visible="true">
    <nd ref="-1161" />
    <nd ref="-1435" />
    <nd ref="-1050" />
    <nd ref="-1049" />
    <nd ref="-1048" />
    <nd ref="-1482" />
    <nd ref="-1160" />
    <nd ref="-1161" />
    <tag k="building" v="yes" />
    <tag k="source" v="HiRes aerial imagery" />
  </way>
  <way id="-1000000305" visible="true">
    <nd ref="-1302" />
    <nd ref="-1103" />
    <nd ref="-1104" />
    <nd ref="-1042" />
    <nd ref="-1041" />
    <nd ref="-1040" />
    <nd ref="-1333" />
    <nd ref="-1303" />
    <nd ref="-1302" />
    <tag k="building" v="house" />
    <tag k="source" v="HiRes aerial imagery" />
  </way>
  <way id="-1000000306" visible="true">
    <nd ref="-1125" />
    <nd ref="-1483" />
    <nd ref="-1484" />
    <nd ref="-1485" />
    <nd ref="-1486" />
    <nd ref="-1487" />
    <nd ref="-1126" />
    <nd ref="-1125" />
    <tag k="addr:city" v="Ingolstadt" />
    <tag k="addr:country" v="DE" />
    <tag k="addr:housenumber" v="5" />
    <tag k="addr:postcode" v="85049" />
    <tag k="addr:street" v="Sauerstraße" />
    <tag k="building" v="yes" />
    <tag k="source" v="HiRes aerial imagery" />
  </way>
  <way id="-1000000307" visible="true">
    <nd ref="-1045" />
    <nd ref="-1488" />
    <nd ref="-1489" />
    <nd ref="-1490" />
    <nd ref="-1047" />
    <nd ref="-1491" />
    <nd ref="-1046" />
    <nd ref="-1045" />
    <tag k="building" v="yes" />
    <tag k="source" v="HiRes aerial imagery" />
  </way>
  <way id="-1000000308" visible="true">
    <nd ref="-1492" />
    <nd ref="-1375" />
    <nd ref="-1377" />
    <nd ref="-1493" />
    <nd ref="-1494" />
    <nd ref="-1414" />
    <nd ref="-1411" />
    <nd ref="-1492" />
    <tag k="addr:city" v="Ingolstadt" />
    <tag k="addr:country" v="DE" />
    <tag k="addr:housenumber" v="14" />
    <tag k="addr:postcode" v="85049" />
    <tag k="addr:street" v="Dollstraße" />
    <tag k="building" v="dormitory" />
    <tag k="building:levels" v="4" />
    <tag k="name" v="Studentenhaus Roseneck" />
    <tag k="source" v="HiRes aerial imagery" />
  </way>
  <way id="-1000000309" visible="true">
    <nd ref="-1027" />
    <nd ref="-1028" />
    <nd ref="-1495" />
    <nd ref="-1496" />
    <nd ref="-1497" />
    <nd ref="-1498" />
    <nd ref="-1026" />
    <nd ref="-1027" />
    <tag k="building" v="yes" />
    <tag k="source" v="HiRes aerial imagery" />
  </way>
  <way id="-1000000310" visible="true">
    <nd ref="-1499" />
    <nd ref="-1429" />
    <nd ref="-1434" />
    <nd ref="-1446" />
    <nd ref="-1447" />
    <nd ref="-1448" />
    <nd ref="-1500" />
    <nd ref="-1499" />
    <tag k="building" v="house" />
    <tag k="source" v="HiRes aerial imagery" />
  </way>
  <way id="-1000000311" visible="true">
    <nd ref="-1501" />
    <nd ref="-1502" />
    <nd ref="-1503" />
    <nd ref="-1504" />
    <nd ref="-1505" />
    <nd ref="-1506" />
    <nd ref="-1507" />
    <nd ref="-1501" />
    <tag k="addr:city" v="Ingolstadt" />
    <tag k="addr:country" v="DE" />
    <tag k="addr:housenumber" v="28" />
    <tag k="addr:postcode" v="85049" />
    <tag k="addr:street" v="Münzbergstraße" />
    <tag k="building" v="yes" />
    <tag k="source" v="HiRes aerial imagery" />
  </way>
  <way id="-1000000312" visible="true">
    <nd ref="-1109" />
    <nd ref="-1508" />
    <nd ref="-1509" />
    <nd ref="-1209" />
    <nd ref="-1206" />
    <nd ref="-1510" />
    <nd ref="-1112" />
    <nd ref="-1109" />
    <tag k="building" v="yes" />
    <tag k="source" v="HiRes aerial imagery" />
  </way>
  <way id="-1000000313" visible="true">
    <nd ref="-1472" />
    <nd ref="-1336" />
    <nd ref="-1340" />
    <nd ref="-1511" />
    <nd ref="-1512" />
    <nd ref="-1513" />
    <nd ref="-1473" />
    <nd ref="-1472" />
    <tag k="building" v="yes" />
    <tag k="source" v="HiRes aerial imagery" />
  </way>
  <way id="-1000000314" visible="true">
    <nd ref="-1277" />
    <nd ref="-1346" />
    <nd ref="-1350" />
    <nd ref="-1514" />
    <nd ref="-1513" />
    <nd ref="-1512" />
    <nd ref="-1278" />
    <nd ref="-1277" />
    <tag k="building" v="yes" />
    <tag k="source" v="HiRes aerial imagery" />
  </way>
  <way id="-1000000315" visible="true">
    <nd ref="-1515" />
    <nd ref="-1391" />
    <nd ref="-1394" />
    <nd ref="-1516" />
    <nd ref="-1517" />
    <nd ref="-1518" />
    <nd ref="-1395" />
    <nd ref="-1398" />
    <nd ref="-1515" />
    <tag k="addr:city" v="Ingolstadt" />
    <tag k="addr:country" v="DE" />
    <tag k="addr:housenumber" v="8" />
    <tag k="addr:postcode" v="85049" />
    <tag k="addr:street" v="Dollstraße" />
    <tag k="building" v="yes" />
    <tag k="source" v="HiRes aerial imagery" />
  </way>
  <way id="-1000000316" visible="true">
    <nd ref="-1412" />
    <nd ref="-1515" />
    <nd ref="-1398" />
    <nd ref="-1397" />
    <nd ref="-1519" />
    <nd ref="-1520" />
    <nd ref="-1521" />
    <nd ref="-1413" />
    <nd ref="-1412" />
    <tag k="addr:city" v="Ingolstadt" />
    <tag k="addr:country" v="DE" />
    <tag k="addr:housenumber" v="10" />
    <tag k="addr:postcode" v="85049" />
    <tag k="addr:street" v="Dollstraße" />
    <tag k="amenity" v="restaurant" />
    <tag k="building" v="yes" />
    <tag k="cuisine" v="indian" />
    <tag k="name" v="Chai Roti" />
    <tag k="old_name" v="La Mama" />
    <tag k="outdoor_seating" v="yes" />
    <tag k="source" v="HiRes aerial imagery" />
    <tag k="takeaway" v="yes" />
  </way>
  <way id="-1000000317" visible="true">
    <nd ref="-1522" />
    <nd ref="-1523" />
    <nd ref="-1400" />
    <nd ref="-1163" />
    <nd ref="-1166" />
    <nd ref="-1267" />
    <nd ref="-1305" />
    <nd ref="-1524" />
    <nd ref="-1525" />
    <nd ref="-1522" />
    <tag k="building" v="yes" />
    <tag k="source" v="HiRes aerial imagery" />
  </way>
  <way id="-1000000318" visible="true">
    <nd ref="-1526" />
    <nd ref="-1527" />
    <nd ref="-972" />
    <nd ref="-976" />
    <nd ref="-1528" />
    <nd ref="-1529" />
    <nd ref="-1530" />
    <nd ref="-1017" />
    <nd ref="-1526" />
    <tag k="building" v="yes" />
    <tag k="source" v="HiRes aerial imagery" />
  </way>
  <way id="-1000000319" visible="true">
    <nd ref="-1094" />
    <nd ref="-1531" />
    <nd ref="-1532" />
    <nd ref="-1533" />
    <nd ref="-1534" />
    <nd ref="-1535" />
    <nd ref="-1536" />
    <nd ref="-1095" />
    <nd ref="-1094" />
    <tag k="building" v="yes" />
    <tag k="source" v="HiRes aerial imagery" />
  </way>
  <way id="-1000000320" visible="true">
    <nd ref="-1534" />
    <nd ref="-1537" />
    <nd ref="-1538" />
    <nd ref="-1405" />
    <nd ref="-1410" />
    <nd ref="-1539" />
    <nd ref="-1540" />
    <nd ref="-1541" />
    <nd ref="-1542" />
    <nd ref="-1535" />
    <nd ref="-1534" />
    <tag k="building" v="yes" />
    <tag k="source" v="HiRes aerial imagery" />
  </way>
  <way id="-1000000321" visible="true">
    <nd ref="-1315" />
    <nd ref="-1543" />
    <nd ref="-1544" />
    <nd ref="-1545" />
    <nd ref="-1546" />
    <nd ref="-1547" />
    <nd ref="-1548" />
    <nd ref="-1549" />
    <nd ref="-1316" />
    <nd ref="-1315" />
    <tag k="addr:city" v="Ingolstadt" />
    <tag k="addr:country" v="DE" />
    <tag k="addr:housenumber" v="8" />
    <tag k="addr:postcode" v="85049" />
    <tag k="addr:street" v="Manggasse" />
    <tag k="amenity" v="restaurant" />
    <tag k="building" v="house" />
    <tag k="cuisine" v="italian" />
    <tag k="name" v="La Pizzeria" />
    <tag k="source" v="HiRes aerial imagery" />
    <tag k="wheelchair" v="no" />
  </way>
  <way id="-1000000322" visible="true">
    <nd ref="-1550" />
    <nd ref="-1452" />
    <nd ref="-1457" />
    <nd ref="-1551" />
    <nd ref="-1369" />
    <nd ref="-1368" />
    <nd ref="-1374" />
    <nd ref="-338" />
    <nd ref="-339" />
    <nd ref="-1550" />
    <tag k="addr:city" v="Ingolstadt" />
    <tag k="addr:country" v="DE" />
    <tag k="addr:housenumber" v="17" />
    <tag k="addr:postcode" v="85049" />
    <tag k="addr:street" v="Moritzstraße" />
    <tag k="building" v="yes" />
    <tag k="source" v="HiRes aerial imagery" />
  </way>
  <way id="-1000000323" visible="true">
    <nd ref="-1130" />
    <nd ref="-1552" />
    <nd ref="-1553" />
    <nd ref="-1554" />
    <nd ref="-1555" />
    <nd ref="-1556" />
    <nd ref="-1357" />
    <nd ref="-1356" />
    <nd ref="-1355" />
    <nd ref="-1354" />
    <nd ref="-1131" />
    <nd ref="-1130" />
    <tag k="building" v="yes" />
    <tag k="source" v="HiRes aerial imagery" />
  </way>
  <way id="-1000000324" visible="true">
    <nd ref="-1557" />
    <nd ref="-1441" />
    <nd ref="-1442" />
    <nd ref="-1558" />
    <nd ref="-1557" />
    <tag k="building" v="yes" />
  </way>
  <way id="-1000000325" visible="true">
    <nd ref="-1559" />
    <nd ref="-1560" />
    <nd ref="-1442" />
    <nd ref="-1443" />
    <nd ref="-1559" />
    <tag k="building" v="yes" />
  </way>
  <way id="-1000000326" visible="true">
    <nd ref="-1449" />
    <nd ref="-1561" />
    <nd ref="-1562" />
    <nd ref="-1450" />
    <nd ref="-1449" />
    <tag k="building" v="yes" />
    <tag k="source" v="HiRes aerial imagery" />
  </way>
  <way id="-1000000327" visible="true">
    <nd ref="-1121" />
    <nd ref="-1460" />
    <nd ref="-1461" />
    <nd ref="-1120" />
    <nd ref="-1121" />
    <tag k="addr:city" v="Ingolstadt" />
    <tag k="addr:country" v="DE" />
    <tag k="addr:housenumber" v="2" />
    <tag k="addr:postcode" v="85049" />
    <tag k="addr:street" v="Donaustraße" />
    <tag k="building" v="house" />
    <tag k="source" v="HiRes aerial imagery" />
  </way>
  <way id="-1000000328" visible="true">
    <nd ref="-1563" />
    <nd ref="-1445" />
    <nd ref="-1444" />
    <nd ref="-1087" />
    <nd ref="-1564" />
    <nd ref="-1563" />
    <tag k="building" v="garage" />
    <tag k="building:use" v="garage" />
    <tag k="source" v="HiRes aerial imagery" />
  </way>
  <way id="-1000000329" visible="true">
    <nd ref="-1333" />
    <nd ref="-1335" />
    <nd ref="-1565" />
    <nd ref="-1300" />
    <nd ref="-1303" />
    <nd ref="-1333" />
    <tag k="addr:housenumber" v="2" />
    <tag k="addr:street" v="Steuartstraße" />
    <tag k="building" v="house" />
    <tag k="source" v="HiRes aerial imagery" />
  </way>
  <way id="-1000000330" visible="true">
    <nd ref="-1331" />
    <nd ref="-1153" />
    <nd ref="-1154" />
    <nd ref="-1566" />
    <nd ref="-1332" />
    <nd ref="-1331" />
    <tag k="building" v="house" />
  </way>
  <way id="-1000000331" visible="true">
    <nd ref="-1428" />
    <nd ref="-1314" />
    <nd ref="-1313" />
    <nd ref="-1292" />
    <nd ref="-1291" />
    <nd ref="-1428" />
    <tag k="building" v="house" />
    <tag k="source" v="HiRes aerial imagery" />
  </way>
  <way id="-1000000332" visible="true">
    <nd ref="-1423" />
    <nd ref="-1567" />
    <nd ref="-1090" />
    <nd ref="-1084" />
    <nd ref="-1424" />
    <nd ref="-1423" />
    <tag k="building" v="yes" />
    <tag k="source" v="HiRes aerial imagery" />
  </way>
  <way id="-1000000333" visible="true">
    <nd ref="-1117" />
    <nd ref="-1332" />
    <nd ref="-1566" />
    <nd ref="-1568" />
    <nd ref="-1118" />
    <nd ref="-1117" />
    <tag k="building" v="house" />
    <tag k="source" v="HiRes aerial imagery" />
  </way>
  <way id="-1000000334" visible="true">
    <nd ref="-1358" />
    <nd ref="-1360" />
    <nd ref="-1268" />
    <nd ref="-1273" />
    <nd ref="-1272" />
    <nd ref="-1271" />
    <nd ref="-1569" />
    <nd ref="-1358" />
    <tag k="addr:city" v="Ingolstadt" />
    <tag k="addr:country" v="DE" />
    <tag k="addr:housenumber" v="13" />
    <tag k="addr:postcode" v="85049" />
    <tag k="addr:street" v="Tränktorstraße" />
    <tag k="building" v="house" />
    <tag k="check_date" v="2026-05-09" />
    <tag k="name" v="Villa Viktoria" />
    <tag k="source" v="HiRes aerial imagery" />
    <tag k="tourism" v="hotel" />
  </way>
  <way id="-1000000335" visible="true">
    <nd ref="-1570" />
    <nd ref="-1571" />
    <nd ref="-1572" />
    <nd ref="-1573" />
    <nd ref="-1574" />
    <nd ref="-1575" />
    <nd ref="-1570" />
    <tag k="building" v="garage" />
    <tag k="height" v="2.8" />
  </way>
  <way id="-1000000336" visible="true">
    <nd ref="-1576" />
    <nd ref="-1577" />
    <nd ref="-1578" />
    <nd ref="-1579" />
    <nd ref="-1580" />
    <nd ref="-1581" />
    <nd ref="-1582" />
    <nd ref="-1583" />
    <nd ref="-1576" />
    <tag k="addr:city" v="Ingolstadt" />
    <tag k="addr:country" v="DE" />
    <tag k="addr:housenumber" v="3" />
    <tag k="addr:postcode" v="85051" />
    <tag k="addr:street" v="Luitpoldstraße" />
    <tag k="building" v="yes" />
    <tag k="source" v="HiRes aerial imagery" />
  </way>
  <way id="-1000000337" visible="true">
    <nd ref="-1584" />
    <nd ref="-1585" />
    <nd ref="-1586" />
    <nd ref="-1587" />
    <nd ref="-1588" />
    <nd ref="-1589" />
    <nd ref="-1590" />
    <nd ref="-1591" />
    <nd ref="-1592" />
    <nd ref="-1593" />
    <nd ref="-1594" />
    <nd ref="-1595" />
    <nd ref="-1596" />
    <nd ref="-1597" />
    <nd ref="-1598" />
    <nd ref="-1599" />
    <nd ref="-1600" />
    <nd ref="-1601" />
    <nd ref="-1584" />
    <tag k="addr:city" v="Ingolstadt" />
    <tag k="addr:country" v="DE" />
    <tag k="addr:housenumber" v="1" />
    <tag k="addr:postcode" v="85051" />
    <tag k="addr:street" v="Luitpoldstraße" />
    <tag k="amenity" v="kindergarten" />
    <tag k="building" v="school" />
    <tag k="building:levels" v="1" />
    <tag k="name" v="Kindervilla" />
    <tag k="source" v="HiRes aerial imagery" />
  </way>
  <way id="-1000000338" visible="true">
    <nd ref="-1602" />
    <nd ref="-1603" />
    <nd ref="-1604" />
    <nd ref="-1605" />
    <nd ref="-1606" />
    <nd ref="-1602" />
    <tag k="building" v="yes" />
  </way>
  <way id="-1000000339" visible="true">
    <nd ref="-691" />
    <nd ref="-1607" />
    <nd ref="-1404" />
    <nd ref="-688" />
    <nd ref="-691" />
    <tag k="addr:city" v="Ingolstadt" />
    <tag k="addr:country" v="DE" />
    <tag k="addr:housenumber" v="2" />
    <tag k="addr:postcode" v="85049" />
    <tag k="addr:street" v="Am Bachl" />
    <tag k="building" v="yes" />
  </way>
  <way id="-1000000340" visible="true">
    <nd ref="-1608" />
    <nd ref="-1609" />
    <nd ref="-1610" />
    <nd ref="-1611" />
    <nd ref="-1608" />
    <tag k="building" v="garage" />
  </way>
  <way id="-1000000341" visible="true">
    <nd ref="-1612" />
    <nd ref="-1613" />
    <nd ref="-1614" />
    <nd ref="-1615" />
    <nd ref="-1616" />
    <nd ref="-1617" />
    <nd ref="-1618" />
    <nd ref="-1619" />
    <nd ref="-1620" />
    <nd ref="-1621" />
    <nd ref="-1622" />
    <nd ref="-1612" />
    <tag k="building" v="yes" />
  </way>
  <way id="-1000000342" visible="true">
    <nd ref="-1623" />
    <nd ref="-1624" />
    <nd ref="-1625" />
    <nd ref="-1626" />
    <nd ref="-1623" />
    <tag k="building" v="yes" />
  </way>
  <way id="-1000000343" visible="true">
    <nd ref="-1627" />
    <nd ref="-1628" />
    <nd ref="-1629" />
    <nd ref="-1630" />
    <nd ref="-1631" />
    <nd ref="-1632" />
    <nd ref="-1627" />
    <tag k="building" v="yes" />
  </way>
  <way id="-1000000344" visible="true">
    <nd ref="-1633" />
    <nd ref="-1634" />
    <nd ref="-1635" />
    <nd ref="-1636" />
    <nd ref="-1633" />
    <tag k="building" v="yes" />
  </way>
  <way id="-1000000345" visible="true">
    <nd ref="-1637" />
    <nd ref="-1627" />
    <nd ref="-1632" />
    <nd ref="-1638" />
    <nd ref="-1637" />
    <tag k="building" v="apartments" />
  </way>
  <way id="-1000000346" visible="true">
    <nd ref="-1639" />
    <nd ref="-1640" />
    <nd ref="-1641" />
    <nd ref="-1642" />
    <nd ref="-1643" />
    <nd ref="-1644" />
    <nd ref="-1645" />
    <nd ref="-1635" />
    <nd ref="-1646" />
    <nd ref="-1647" />
    <nd ref="-1639" />
    <tag k="building" v="yes" />
  </way>
  <way id="-1000000347" visible="true">
    <nd ref="-1648" />
    <nd ref="-1649" />
    <nd ref="-1650" />
    <nd ref="-1651" />
    <nd ref="-1652" />
    <nd ref="-1653" />
    <nd ref="-1654" />
    <nd ref="-1638" />
    <nd ref="-1648" />
    <tag k="building" v="yes" />
  </way>
  <way id="-1000000348" visible="true">
    <nd ref="-1655" />
    <nd ref="-1656" />
    <nd ref="-1633" />
    <nd ref="-1657" />
    <nd ref="-1619" />
    <nd ref="-1658" />
    <nd ref="-1659" />
    <nd ref="-1660" />
    <nd ref="-1655" />
    <tag k="building" v="apartments" />
  </way>
  <way id="-1000000349" visible="true">
    <nd ref="-1661" />
    <nd ref="-1662" />
    <nd ref="-1663" />
    <nd ref="-1664" />
    <nd ref="-1661" />
    <tag k="addr:city" v="Ingolstadt" />
    <tag k="addr:country" v="DE" />
    <tag k="addr:housenumber" v="4" />
    <tag k="addr:postcode" v="85051" />
    <tag k="addr:street" v="Parkstraße" />
    <tag k="building" v="yes" />
  </way>
  <way id="-1000000350" visible="true">
    <nd ref="-193" />
    <nd ref="-194" />
    <nd ref="-1665" />
    <nd ref="-1666" />
    <nd ref="-1667" />
    <nd ref="-1668" />
    <nd ref="-193" />
    <tag k="building" v="yes" />
    <tag k="building:levels" v="1" />
    <tag k="roof:shape" v="flat" />
  </way>
  <way id="-1000000351" visible="true">
    <nd ref="-1669" />
    <nd ref="-1670" />
    <nd ref="-1671" />
    <nd ref="-1672" />
    <nd ref="-1673" />
    <nd ref="-1674" />
    <nd ref="-1675" />
    <nd ref="-1676" />
    <nd ref="-1669" />
    <tag k="addr:city" v="Ingolstadt" />
    <tag k="addr:country" v="DE" />
    <tag k="addr:housenumber" v="16" />
    <tag k="addr:postcode" v="85049" />
    <tag k="addr:street" v="Am Münzbergtor" />
    <tag k="building" v="service" />
    <tag k="operator" v="Stadtwerke Ingolstadt" />
    <tag k="source" v="HiRes aerial imagery" />
    <tag k="start_date" v="1998" />
  </way>
  <way id="-1000000352" visible="true">
    <nd ref="-1677" />
    <nd ref="-1678" />
    <nd ref="-1679" />
    <nd ref="-1680" />
    <nd ref="-1677" />
    <tag k="building" v="roof" />
    <tag k="layer" v="1" />
  </way>
  <way id="-1000000353" visible="true">
    <nd ref="-1681" />
    <nd ref="-1682" />
    <nd ref="-1683" />
    <nd ref="-1684" />
    <nd ref="-1681" />
    <tag k="building" v="roof" />
    <tag k="layer" v="1" />
  </way>
  <way id="-1000000354" visible="true">
    <nd ref="-1682" />
    <nd ref="-1685" />
    <nd ref="-1686" />
    <nd ref="-1683" />
    <nd ref="-1682" />
    <tag k="building" v="roof" />
    <tag k="layer" v="1" />
  </way>
  <way id="-1000000355" visible="true">
    <nd ref="-1685" />
    <nd ref="-1677" />
    <nd ref="-1680" />
    <nd ref="-1686" />
    <nd ref="-1685" />
    <tag k="building" v="roof" />
    <tag k="layer" v="1" />
  </way>
  <way id="-1000000356" visible="true">
    <nd ref="-1687" />
    <nd ref="-1688" />
    <nd ref="-1689" />
    <nd ref="-1690" />
    <nd ref="-1687" />
    <tag k="building" v="yes" />
  </way>
  <way id="-1000000357" visible="true">
    <nd ref="-544" />
    <nd ref="-141" />
    <nd ref="-109" />
    <nd ref="-545" />
    <nd ref="-544" />
    <tag k="building" v="yes" />
    <tag k="layer" v="1" />
  </way>
  <way id="-1000000358" visible="true">
    <nd ref="-1067" />
    <nd ref="-888" />
    <nd ref="-887" />
    <nd ref="-1479" />
    <nd ref="-1067" />
    <tag k="building" v="yes" />
    <tag k="source" v="HiRes aerial imagery" />
  </way>
  <way id="-1000000359" visible="true">
    <nd ref="-1021" />
    <nd ref="-1691" />
    <nd ref="-1526" />
    <nd ref="-1017" />
    <nd ref="-1021" />
    <tag k="building" v="yes" />
  </way>
  <way id="-1000000360" visible="true">
    <nd ref="-671" />
    <nd ref="-674" />
    <nd ref="-1692" />
    <nd ref="-1648" />
    <nd ref="-1649" />
    <nd ref="-671" />
    <tag k="building" v="yes" />
  </way>
  <way id="-1000000361" visible="true">
    <nd ref="-1693" />
    <nd ref="-1694" />
    <nd ref="-1695" />
    <nd ref="-1696" />
    <nd ref="-1693" />
    <tag k="amenity" v="toilets" />
    <tag k="building" v="yes" />
    <tag k="building:levels" v="1" />
    <tag k="fee" v="no" />
    <tag k="wheelchair" v="yes" />
  </way>
  <way id="-1000000362" visible="true">
    <nd ref="-1697" />
    <nd ref="-1698" />
    <nd ref="-1699" />
    <nd ref="-1700" />
    <nd ref="-1697" />
    <tag k="amenity" v="fast_food" />
    <tag k="building" v="yes" />
    <tag k="building:levels" v="1" />
    <tag k="cuisine" v="bavarian" />
    <tag k="name" v="Beck's Imbiss" />
  </way>
  <way id="-1000000363" visible="true">
    <nd ref="-1701" />
    <nd ref="-1702" />
    <nd ref="-1703" />
    <nd ref="-1704" />
    <nd ref="-1701" />
    <tag k="amenity" v="fast_food" />
    <tag k="building" v="yes" />
    <tag k="building:levels" v="1" />
    <tag k="cuisine" v="fish_and_chips" />
    <tag k="name" v="little kitchen" />
    <tag k="outdoor_seating" v="yes" />
    <tag k="takeaway" v="yes" />
  </way>
  <way id="-1000000364" visible="true">
    <nd ref="-1705" />
    <nd ref="-1706" />
    <nd ref="-1707" />
    <nd ref="-1708" />
    <nd ref="-1705" />
    <tag k="amenity" v="fast_food" />
    <tag k="building" v="yes" />
    <tag k="building:levels" v="1" />
  </way>
  <way id="-1000000365" visible="true">
    <nd ref="-1709" />
    <nd ref="-1710" />
    <nd ref="-1711" />
    <nd ref="-1712" />
    <nd ref="-1709" />
    <tag k="amenity" v="fast_food" />
    <tag k="building" v="yes" />
    <tag k="building:levels" v="1" />
    <tag k="cuisine" v="turkish" />
    <tag k="name" v="Lara" />
    <tag k="outdoor_seating" v="yes" />
    <tag k="takeaway" v="yes" />
  </way>
  <way id="-1000000366" visible="true">
    <nd ref="-1701" />
    <nd ref="-1709" />
    <nd ref="-1712" />
    <nd ref="-1704" />
    <nd ref="-1701" />
    <tag k="amenity" v="fast_food" />
    <tag k="building" v="yes" />
    <tag k="building:levels" v="1" />
    <tag k="cuisine" v="asian" />
    <tag k="name" v="Tien-Wok" />
    <tag k="outdoor_seating" v="yes" />
    <tag k="takeaway" v="yes" />
  </way>
  <way id="-1000000367" visible="true">
    <nd ref="-1713" />
    <nd ref="-1693" />
    <nd ref="-1696" />
    <nd ref="-1714" />
    <nd ref="-1713" />
    <tag k="amenity" v="fast_food" />
    <tag k="building" v="yes" />
    <tag k="building:levels" v="1" />
    <tag k="cuisine" v="indian" />
    <tag k="name" v="Spice India" />
    <tag k="outdoor_seating" v="yes" />
    <tag k="takeaway" v="yes" />
  </way>
  <way id="-1000000368" visible="true">
    <nd ref="-1715" />
    <nd ref="-1713" />
    <nd ref="-1714" />
    <nd ref="-1716" />
    <nd ref="-1715" />
    <tag k="amenity" v="fast_food" />
    <tag k="building" v="yes" />
    <tag k="building:levels" v="1" />
  </way>
  <way id="-1000000369" visible="true">
    <nd ref="-1717" />
    <nd ref="-1718" />
    <nd ref="-1719" />
    <nd ref="-1720" />
    <nd ref="-1717" />
    <tag k="amenity" v="fast_food" />
    <tag k="building" v="yes" />
    <tag k="building:levels" v="1" />
    <tag k="name" v="Garipler's Imbiss" />
  </way>
  <way id="-1000000370" visible="true">
    <nd ref="-1698" />
    <nd ref="-1721" />
    <nd ref="-1722" />
    <nd ref="-1699" />
    <nd ref="-1698" />
    <tag k="amenity" v="fast_food" />
    <tag k="building" v="yes" />
    <tag k="building:levels" v="1" />
    <tag k="cuisine" v="bavarian" />
    <tag k="name" v="Daufratshofer" />
  </way>
  <way id="-1000000371" visible="true">
    <nd ref="-1723" />
    <nd ref="-1724" />
    <nd ref="-1725" />
    <nd ref="-1726" />
    <nd ref="-1723" />
    <tag k="building" v="roof" />
    <tag k="layer" v="1" />
  </way>
  <way id="-1000000372" visible="true">
    <nd ref="-1705" />
    <nd ref="-1715" />
    <nd ref="-1716" />
    <nd ref="-1708" />
    <nd ref="-1705" />
    <tag k="amenity" v="fast_food" />
    <tag k="building" v="yes" />
    <tag k="building:levels" v="1" />
    <tag k="cuisine" v="italian" />
    <tag k="name" v="La Dolce Vita" />
    <tag k="outdoor_seating" v="yes" />
    <tag k="takeaway" v="yes" />
  </way>
  <way id="-1000000373" visible="true">
    <nd ref="-1710" />
    <nd ref="-1717" />
    <nd ref="-1720" />
    <nd ref="-1711" />
    <nd ref="-1710" />
    <tag k="amenity" v="fast_food" />
    <tag k="building" v="yes" />
    <tag k="building:levels" v="1" />
    <tag k="name" v="Banh Mi Hütte" />
  </way>
  <way id="-1000000374" visible="true">
    <nd ref="-1727" />
    <nd ref="-1728" />
    <nd ref="-1729" />
    <nd ref="-1730" />
    <nd ref="-1727" />
    <tag k="building" v="school" />
  </way>
  <way id="-1000000375" visible="true">
    <nd ref="-1731" />
    <nd ref="-1732" />
    <nd ref="-1733" />
    <nd ref="-1734" />
    <nd ref="-1731" />
    <tag k="building" v="yes" />
  </way>
  <way id="-1000000376" visible="true">
    <nd ref="-1735" />
    <nd ref="-1736" />
    <nd ref="-1737" />
    <nd ref="-1738" />
    <nd ref="-1735" />
    <tag k="building" v="yes" />
  </way>
  <way id="-1000000377" visible="true">
    <nd ref="-1732" />
    <nd ref="-1736" />
    <nd ref="-1735" />
    <nd ref="-1733" />
    <nd ref="-1732" />
    <tag k="building" v="yes" />
  </way>
  <way id="-1000000378" visible="true">
    <nd ref="-1739" />
    <nd ref="-1740" />
    <nd ref="-1741" />
    <nd ref="-1742" />
    <nd ref="-1739" />
    <tag k="building" v="yes" />
  </way>
  <way id="-1000000379" visible="true">
    <nd ref="-1743" />
    <nd ref="-1740" />
    <nd ref="-1739" />
    <nd ref="-1744" />
    <nd ref="-1743" />
    <tag k="building" v="yes" />
  </way>
  <way id="-1000000380" visible="true">
    <nd ref="-1745" />
    <nd ref="-1743" />
    <nd ref="-1744" />
    <nd ref="-1746" />
    <nd ref="-1745" />
    <tag k="building" v="yes" />
  </way>
  <way id="-1000000381" visible="true">
    <nd ref="-356" />
    <nd ref="-1747" />
    <nd ref="-1748" />
    <nd ref="-1749" />
    <nd ref="-285" />
    <nd ref="-286" />
    <nd ref="-287" />
    <nd ref="-290" />
    <nd ref="-1750" />
    <nd ref="-410" />
    <nd ref="-352" />
    <nd ref="-353" />
    <nd ref="-354" />
    <nd ref="-355" />
    <nd ref="-356" />
    <tag k="building" v="yes" />
    <tag k="building:levels" v="4" />
    <tag k="source" v="HiRes aerial imagery" />
  </way>
  <way id="-1000000382" visible="true">
    <nd ref="-1188" />
    <nd ref="-1205" />
    <nd ref="-1204" />
    <nd ref="-1751" />
    <nd ref="-1436" />
    <nd ref="-1189" />
    <nd ref="-1188" />
    <tag k="building" v="yes" />
  </way>
  <way id="-1000000383" visible="true">
    <nd ref="-802" />
    <nd ref="-801" />
    <nd ref="-791" />
    <nd ref="-793" />
    <nd ref="-802" />
    <tag k="building" v="apartments" />
  </way>
  <way id="-1000000384" visible="true">
    <nd ref="-1752" />
    <nd ref="-1753" />
    <nd ref="-1754" />
    <nd ref="-1755" />
    <nd ref="-1752" />
    <tag k="building" v="yes" />
    <tag k="building:use" v="garage" />
  </way>
  <way id="-1000000385" visible="true">
    <nd ref="-1756" />
    <nd ref="-1757" />
    <nd ref="-1758" />
    <nd ref="-1759" />
    <nd ref="-1760" />
    <nd ref="-1756" />
    <tag k="building" v="yes" />
  </way>
  <way id="-1000000386" visible="true">
    <nd ref="-1760" />
    <nd ref="-1761" />
    <nd ref="-1762" />
    <nd ref="-1763" />
    <nd ref="-1764" />
    <nd ref="-1756" />
    <nd ref="-1760" />
    <tag k="building" v="yes" />
    <tag k="building:use" v="garage" />
  </way>
  <way id="-1000000387" visible="true">
    <nd ref="-1761" />
    <nd ref="-1762" />
    <nd ref="-1765" />
    <nd ref="-1766" />
    <nd ref="-1767" />
    <nd ref="-1761" />
    <tag k="building" v="yes" />
  </way>
  <way id="-1000000388" visible="true">
    <nd ref="-848" />
    <nd ref="-1768" />
    <nd ref="-1769" />
    <nd ref="-1770" />
    <nd ref="-1771" />
    <nd ref="-847" />
    <nd ref="-848" />
    <tag k="building" v="yes" />
  </way>
  <way id="-1000000389" visible="true">
    <nd ref="-1772" />
    <nd ref="-1773" />
    <nd ref="-1774" />
    <nd ref="-1775" />
    <nd ref="-1772" />
    <tag k="building" v="yes" />
    <tag k="building:use" v="garage" />
  </way>
  <way id="-1000000390" visible="true">
    <nd ref="-1776" />
    <nd ref="-1777" />
    <nd ref="-1778" />
    <nd ref="-1779" />
    <nd ref="-1776" />
    <tag k="building" v="yes" />
  </way>
  <way id="-1000000391" visible="true">
    <nd ref="-1780" />
    <nd ref="-1781" />
    <nd ref="-1782" />
    <nd ref="-1783" />
    <nd ref="-1780" />
    <tag k="building" v="yes" />
    <tag k="height" v="3.5" />
  </way>
  <way id="-1000000392" visible="true">
    <nd ref="-1784" />
    <nd ref="-1785" />
    <nd ref="-1786" />
    <nd ref="-1787" />
    <nd ref="-1788" />
    <nd ref="-1784" />
    <tag k="building" v="roof" />
    <tag k="layer" v="1" />
  </way>
  <way id="-1000000393" visible="true">
    <nd ref="-1789" />
    <nd ref="-1790" />
    <nd ref="-1791" />
    <nd ref="-1792" />
    <nd ref="-1793" />
    <nd ref="-1794" />
    <nd ref="-1795" />
    <nd ref="-1796" />
    <nd ref="-1797" />
    <nd ref="-1798" />
    <nd ref="-1799" />
    <nd ref="-1800" />
    <nd ref="-1801" />
    <nd ref="-1802" />
    <nd ref="-1803" />
    <nd ref="-1804" />
    <nd ref="-1805" />
    <nd ref="-1806" />
    <nd ref="-1807" />
    <nd ref="-1808" />
    <nd ref="-1809" />
    <nd ref="-1810" />
    <nd ref="-1811" />
    <nd ref="-1812" />
    <nd ref="-1813" />
    <nd ref="-1814" />
    <nd ref="-1815" />
    <nd ref="-1816" />
    <nd ref="-1817" />
    <nd ref="-1789" />
  </way>
  <way id="-1000000394" visible="true">
    <nd ref="-1818" />
    <nd ref="-1819" />
    <nd ref="-1820" />
    <nd ref="-1821" />
    <nd ref="-1822" />
    <nd ref="-1823" />
    <nd ref="-1824" />
    <nd ref="-1825" />
    <nd ref="-1826" />
    <nd ref="-1827" />
    <nd ref="-1828" />
    <nd ref="-1776" />
    <nd ref="-1779" />
    <nd ref="-1829" />
    <nd ref="-1830" />
    <nd ref="-1831" />
    <nd ref="-1832" />
    <nd ref="-1833" />
    <nd ref="-1834" />
    <nd ref="-1835" />
    <nd ref="-1836" />
    <nd ref="-1837" />
    <nd ref="-1838" />
    <nd ref="-1839" />
    <nd ref="-1840" />
    <nd ref="-1841" />
    <nd ref="-1842" />
    <nd ref="-1843" />
    <nd ref="-1778" />
    <nd ref="-1777" />
    <nd ref="-1844" />
    <nd ref="-1845" />
    <nd ref="-1846" />
    <nd ref="-1847" />
    <nd ref="-1848" />
    <nd ref="-1849" />
    <nd ref="-1850" />
    <nd ref="-1818" />
  </way>
  <way id="-1000000395" visible="true">
    <nd ref="-1851" />
    <nd ref="-1852" />
    <nd ref="-1853" />
    <nd ref="-1854" />
    <nd ref="-1855" />
    <nd ref="-1851" />
  </way>
  <way id="-1000000396" visible="true">
    <nd ref="-1856" />
    <nd ref="-1857" />
    <nd ref="-1858" />
    <nd ref="-1859" />
    <nd ref="-1856" />
  </way>
  <relation id="-1001000000" visible="true">
    <member type="way" ref="-1000000393" role="outer" />
    <member type="way" ref="-1000000394" role="inner" />
    <tag k="type" v="multipolygon" />
    <tag k="building" v="yes" />
    <tag k="historic" v="yes" />
    <tag k="man_made" v="tower" />
    <tag k="name" v="Turm Baur" />
    <tag k="ref:BLfD" v="D-1-61-000-82" />
    <tag k="tower:type" v="defensive" />
    </relation>
  <relation id="-1001000001" visible="true">
    <member type="way" ref="-1000000395" role="outer" />
    <member type="way" ref="-1000000396" role="inner" />
    <tag k="type" v="multipolygon" />
    <tag k="addr:city" v="Ingolstadt" />
    <tag k="addr:country" v="DE" />
    <tag k="addr:housenumber" v="10" />
    <tag k="addr:postcode" v="85049" />
    <tag k="addr:street" v="Mauthstraße" />
    <tag k="building" v="house" />
    <tag k="building:levels" v="4" />
    <tag k="roof:levels" v="1" />
    </relation>
</osm>