<?xml version='1.0' encoding='UTF-8'?>
<osm version="0.6" generator="tile_fbx_generator.py">
  <node id="-1" lat="48.7664162" lon="11.4559281" visible="true" />
  <node id="-2" lat="48.7660201" lon="11.4556976" visible="true" />
  <node id="-3" lat="48.7659001" lon="11.4561723" visible="true" />
  <node id="-4" lat="48.7658594" lon="11.4561487" visible="true" />
  <node id="-5" lat="48.7658338" lon="11.4562502" visible="true" />
  <node id="-6" lat="48.7657716" lon="11.4564961" visible="true" />
  <node id="-7" lat="48.7657517" lon="11.4564845" visible="true" />
  <node id="-8" lat="48.7656093" lon="11.4570480" visible="true" />
  <node id="-9" lat="48.7657319" lon="11.4571193" visible="true" />
  <node id="-10" lat="48.7658113" lon="11.4568048" visible="true" />
  <node id="-11" lat="48.7659657" lon="11.4568947" visible="true" />
  <node id="-12" lat="48.7660267" lon="11.4566534" visible="true" />
  <node id="-13" lat="48.7659308" lon="11.4565976" visible="true" />
  <node id="-14" lat="48.7659751" lon="11.4564223" visible="true" />
  <node id="-15" lat="48.7662093" lon="11.4565585" visible="true" />
  <node id="-16" lat="48.7662506" lon="11.4565826" visible="true" />
  <node id="-17" lat="48.7616473" lon="11.4562676" visible="true" />
  <node id="-18" lat="48.7617604" lon="11.4564039" visible="true" />
  <node id="-19" lat="48.7619987" lon="11.4559489" visible="true" />
  <node id="-20" lat="48.7618856" lon="11.4558126" visible="true" />
  <node id="-21" lat="48.7696373" lon="11.4577718" visible="true" />
  <node id="-22" lat="48.7696448" lon="11.4579741" visible="true" />
  <node id="-23" lat="48.7692075" lon="11.4580120" visible="true" />
  <node id="-24" lat="48.7691999" lon="11.4578097" visible="true" />
  <node id="-25" lat="48.7692239" lon="11.4582712" visible="true" />
  <node id="-26" lat="48.7692250" lon="11.4586061" visible="true" />
  <node id="-27" lat="48.7690915" lon="11.4586071" visible="true" />
  <node id="-28" lat="48.7690904" lon="11.4582722" visible="true" />
  <node id="-29" lat="48.7690403" lon="11.4589665" visible="true" />
  <node id="-30" lat="48.7690454" lon="11.4590833" visible="true" />
  <node id="-31" lat="48.7689367" lon="11.4590943" visible="true" />
  <node id="-32" lat="48.7689316" lon="11.4589775" visible="true" />
  <node id="-33" lat="48.7699343" lon="11.4527991" visible="true" />
  <node id="-34" lat="48.7699440" lon="11.4529090" visible="true" />
  <node id="-35" lat="48.7699567" lon="11.4529064" visible="true" />
  <node id="-36" lat="48.7699607" lon="11.4529521" visible="true" />
  <node id="-37" lat="48.7699481" lon="11.4529547" visible="true" />
  <node id="-38" lat="48.7699574" lon="11.4530591" visible="true" />
  <node id="-39" lat="48.7698661" lon="11.4530777" visible="true" />
  <node id="-40" lat="48.7698430" lon="11.4528176" visible="true" />
  <node id="-41" lat="48.7691793" lon="11.4543053" visible="true" />
  <node id="-42" lat="48.7691969" lon="11.4543725" visible="true" />
  <node id="-43" lat="48.7691047" lon="11.4544249" visible="true" />
  <node id="-44" lat="48.7690875" lon="11.4543574" visible="true" />
  <node id="-45" lat="48.7693149" lon="11.4548463" visible="true" />
  <node id="-46" lat="48.7693329" lon="11.4549151" visible="true" />
  <node id="-47" lat="48.7692389" lon="11.4549736" visible="true" />
  <node id="-48" lat="48.7692214" lon="11.4549046" visible="true" />
  <node id="-49" lat="48.7692849" lon="11.4541752" visible="true" />
  <node id="-50" lat="48.7693308" lon="11.4541544" visible="true" />
  <node id="-51" lat="48.7693666" lon="11.4543359" visible="true" />
  <node id="-52" lat="48.7693207" lon="11.4543567" visible="true" />
  <node id="-53" lat="48.7693476" lon="11.4545104" visible="true" />
  <node id="-54" lat="48.7693926" lon="11.4544906" visible="true" />
  <node id="-55" lat="48.7694238" lon="11.4546543" visible="true" />
  <node id="-56" lat="48.7693787" lon="11.4546740" visible="true" />
  <node id="-57" lat="48.7694097" lon="11.4548496" visible="true" />
  <node id="-58" lat="48.7694575" lon="11.4548296" visible="true" />
  <node id="-59" lat="48.7694846" lon="11.4549826" visible="true" />
  <node id="-60" lat="48.7694368" lon="11.4550026" visible="true" />
  <node id="-61" lat="48.7695099" lon="11.4551768" visible="true" />
  <node id="-62" lat="48.7695584" lon="11.4551551" visible="true" />
  <node id="-63" lat="48.7695858" lon="11.4553048" visible="true" />
  <node id="-64" lat="48.7695373" lon="11.4553266" visible="true" />
  <node id="-65" lat="48.7694438" lon="11.4557795" visible="true" />
  <node id="-66" lat="48.7694928" lon="11.4557665" visible="true" />
  <node id="-67" lat="48.7695089" lon="11.4559129" visible="true" />
  <node id="-68" lat="48.7694598" lon="11.4559253" visible="true" />
  <node id="-69" lat="48.7700340" lon="11.4521559" visible="true" />
  <node id="-70" lat="48.7700318" lon="11.4519911" visible="true" />
  <node id="-71" lat="48.7701105" lon="11.4519886" visible="true" />
  <node id="-72" lat="48.7701116" lon="11.4520708" visible="true" />
  <node id="-73" lat="48.7701127" lon="11.4521535" visible="true" />
  <node id="-74" lat="48.7700439" lon="11.4511107" visible="true" />
  <node id="-75" lat="48.7699509" lon="11.4511237" visible="true" />
  <node id="-76" lat="48.7699149" lon="11.4505318" visible="true" />
  <node id="-77" lat="48.7700080" lon="11.4505188" visible="true" />
  <node id="-78" lat="48.7702534" lon="11.4476721" visible="true" />
  <node id="-79" lat="48.7703163" lon="11.4489339" visible="true" />
  <node id="-80" lat="48.7701832" lon="11.4489492" visible="true" />
  <node id="-81" lat="48.7701202" lon="11.4476874" visible="true" />
  <node id="-82" lat="48.7704189" lon="11.4471479" visible="true" />
  <node id="-83" lat="48.7704483" lon="11.4476787" visible="true" />
  <node id="-84" lat="48.7704535" lon="11.4477714" visible="true" />
  <node id="-85" lat="48.7704542" lon="11.4477850" visible="true" />
  <node id="-86" lat="48.7703454" lon="11.4477989" visible="true" />
  <node id="-87" lat="48.7703100" lon="11.4471618" visible="true" />
  <node id="-88" lat="48.7696878" lon="11.4480388" visible="true" />
  <node id="-89" lat="48.7696802" lon="11.4478866" visible="true" />
  <node id="-90" lat="48.7697770" lon="11.4478754" visible="true" />
  <node id="-91" lat="48.7697847" lon="11.4480292" visible="true" />
  <node id="-92" lat="48.7698420" lon="11.4480225" visible="true" />
  <node id="-93" lat="48.7698383" lon="11.4479475" visible="true" />
  <node id="-94" lat="48.7698206" lon="11.4479496" visible="true" />
  <node id="-95" lat="48.7698102" lon="11.4477433" visible="true" />
  <node id="-96" lat="48.7697883" lon="11.4477458" visible="true" />
  <node id="-97" lat="48.7697808" lon="11.4475966" visible="true" />
  <node id="-98" lat="48.7698231" lon="11.4475917" visible="true" />
  <node id="-99" lat="48.7698090" lon="11.4473105" visible="true" />
  <node id="-100" lat="48.7696805" lon="11.4473254" visible="true" />
  <node id="-101" lat="48.7696735" lon="11.4471856" visible="true" />
  <node id="-102" lat="48.7699057" lon="11.4471588" visible="true" />
  <node id="-103" lat="48.7699024" lon="11.4470946" visible="true" />
  <node id="-104" lat="48.7699792" lon="11.4470858" visible="true" />
  <node id="-105" lat="48.7699819" lon="11.4471388" visible="true" />
  <node id="-106" lat="48.7702573" lon="11.4471070" visible="true" />
  <node id="-107" lat="48.7702647" lon="11.4472545" visible="true" />
  <node id="-108" lat="48.7699150" lon="11.4472949" visible="true" />
  <node id="-109" lat="48.7699221" lon="11.4474377" visible="true" />
  <node id="-110" lat="48.7699698" lon="11.4474322" visible="true" />
  <node id="-111" lat="48.7699840" lon="11.4477150" visible="true" />
  <node id="-112" lat="48.7699128" lon="11.4477232" visible="true" />
  <node id="-113" lat="48.7699361" lon="11.4481886" visible="true" />
  <node id="-114" lat="48.7696967" lon="11.4482162" visible="true" />
  <node id="-115" lat="48.7692146" lon="11.4559539" visible="true" />
  <node id="-116" lat="48.7691840" lon="11.4561369" visible="true" />
  <node id="-117" lat="48.7690694" lon="11.4560928" visible="true" />
  <node id="-118" lat="48.7691000" lon="11.4559098" visible="true" />
  <node id="-119" lat="48.7692790" lon="11.4566287" visible="true" />
  <node id="-120" lat="48.7692430" lon="11.4568474" visible="true" />
  <node id="-121" lat="48.7691274" lon="11.4568036" visible="true" />
  <node id="-122" lat="48.7691634" lon="11.4565849" visible="true" />
  <node id="-123" lat="48.7695162" lon="11.4564077" visible="true" />
  <node id="-124" lat="48.7695799" lon="11.4564674" visible="true" />
  <node id="-125" lat="48.7695906" lon="11.4564447" visible="true" />
  <node id="-126" lat="48.7697762" lon="11.4566485" visible="true" />
  <node id="-127" lat="48.7697456" lon="11.4567472" visible="true" />
  <node id="-128" lat="48.7695537" lon="11.4565651" visible="true" />
  <node id="-129" lat="48.7694874" lon="11.4566903" visible="true" />
  <node id="-130" lat="48.7694199" lon="11.4566173" visible="true" />
  <node id="-131" lat="48.7694271" lon="11.4570100" visible="true" />
  <node id="-132" lat="48.7693433" lon="11.4574433" visible="true" />
  <node id="-133" lat="48.7692457" lon="11.4573999" visible="true" />
  <node id="-134" lat="48.7693295" lon="11.4569666" visible="true" />
  <node id="-135" lat="48.7695070" lon="11.4573104" visible="true" />
  <node id="-136" lat="48.7694766" lon="11.4574491" visible="true" />
  <node id="-137" lat="48.7694206" lon="11.4574208" visible="true" />
  <node id="-138" lat="48.7694511" lon="11.4572821" visible="true" />
  <node id="-139" lat="48.7685203" lon="11.4585268" visible="true" />
  <node id="-140" lat="48.7685243" lon="11.4587099" visible="true" />
  <node id="-141" lat="48.7684196" lon="11.4587152" visible="true" />
  <node id="-142" lat="48.7684156" lon="11.4585322" visible="true" />
  <node id="-143" lat="48.7683640" lon="11.4582929" visible="true" />
  <node id="-144" lat="48.7683625" lon="11.4584763" visible="true" />
  <node id="-145" lat="48.7682634" lon="11.4584744" visible="true" />
  <node id="-146" lat="48.7682650" lon="11.4582910" visible="true" />
  <node id="-147" lat="48.7685526" lon="11.4582202" visible="true" />
  <node id="-148" lat="48.7685506" lon="11.4583785" visible="true" />
  <node id="-149" lat="48.7684644" lon="11.4583759" visible="true" />
  <node id="-150" lat="48.7684665" lon="11.4582175" visible="true" />
  <node id="-151" lat="48.7685473" lon="11.4577033" visible="true" />
  <node id="-152" lat="48.7685473" lon="11.4579056" visible="true" />
  <node id="-153" lat="48.7683569" lon="11.4579056" visible="true" />
  <node id="-154" lat="48.7683569" lon="11.4577033" visible="true" />
  <node id="-155" lat="48.7685738" lon="11.4573954" visible="true" />
  <node id="-156" lat="48.7685738" lon="11.4575802" visible="true" />
  <node id="-157" lat="48.7684824" lon="11.4575802" visible="true" />
  <node id="-158" lat="48.7684824" lon="11.4573954" visible="true" />
  <node id="-159" lat="48.7686065" lon="11.4571288" visible="true" />
  <node id="-160" lat="48.7686065" lon="11.4572906" visible="true" />
  <node id="-161" lat="48.7684466" lon="11.4572906" visible="true" />
  <node id="-162" lat="48.7684466" lon="11.4571288" visible="true" />
  <node id="-163" lat="48.7687987" lon="11.4562415" visible="true" />
  <node id="-164" lat="48.7688050" lon="11.4564198" visible="true" />
  <node id="-165" lat="48.7686641" lon="11.4564313" visible="true" />
  <node id="-166" lat="48.7686578" lon="11.4562530" visible="true" />
  <node id="-167" lat="48.7685397" lon="11.4568540" visible="true" />
  <node id="-168" lat="48.7685397" lon="11.4570158" visible="true" />
  <node id="-169" lat="48.7683988" lon="11.4570158" visible="true" />
  <node id="-170" lat="48.7683988" lon="11.4568540" visible="true" />
  <node id="-171" lat="48.7687225" lon="11.4566748" visible="true" />
  <node id="-172" lat="48.7687225" lon="11.4568366" visible="true" />
  <node id="-173" lat="48.7685930" lon="11.4568366" visible="true" />
  <node id="-174" lat="48.7685930" lon="11.4566748" visible="true" />
  <node id="-175" lat="48.7686993" lon="11.4564683" visible="true" />
  <node id="-176" lat="48.7686997" lon="11.4566047" visible="true" />
  <node id="-177" lat="48.7685716" lon="11.4566055" visible="true" />
  <node id="-178" lat="48.7685712" lon="11.4564690" visible="true" />
  <node id="-179" lat="48.7686107" lon="11.4562553" visible="true" />
  <node id="-180" lat="48.7686159" lon="11.4564128" visible="true" />
  <node id="-181" lat="48.7685068" lon="11.4564211" visible="true" />
  <node id="-182" lat="48.7685016" lon="11.4562635" visible="true" />
  <node id="-183" lat="48.7684064" lon="11.4562877" visible="true" />
  <node id="-184" lat="48.7684026" lon="11.4564437" visible="true" />
  <node id="-185" lat="48.7683264" lon="11.4564394" visible="true" />
  <node id="-186" lat="48.7683302" lon="11.4562834" visible="true" />
  <node id="-187" lat="48.7682586" lon="11.4563978" visible="true" />
  <node id="-188" lat="48.7682629" lon="11.4566309" visible="true" />
  <node id="-189" lat="48.7681615" lon="11.4566352" visible="true" />
  <node id="-190" lat="48.7681572" lon="11.4564021" visible="true" />
  <node id="-191" lat="48.7680709" lon="11.4563719" visible="true" />
  <node id="-192" lat="48.7680759" lon="11.4566011" visible="true" />
  <node id="-193" lat="48.7679765" lon="11.4566061" visible="true" />
  <node id="-194" lat="48.7679715" lon="11.4563769" visible="true" />
  <node id="-195" lat="48.7677057" lon="11.4559584" visible="true" />
  <node id="-196" lat="48.7676951" lon="11.4563280" visible="true" />
  <node id="-197" lat="48.7676075" lon="11.4563222" visible="true" />
  <node id="-198" lat="48.7676181" lon="11.4559526" visible="true" />
  <node id="-199" lat="48.7679083" lon="11.4561675" visible="true" />
  <node id="-200" lat="48.7679077" lon="11.4563185" visible="true" />
  <node id="-201" lat="48.7678219" lon="11.4563177" visible="true" />
  <node id="-202" lat="48.7678226" lon="11.4561667" visible="true" />
  <node id="-203" lat="48.7677795" lon="11.4560481" visible="true" />
  <node id="-204" lat="48.7677756" lon="11.4561175" visible="true" />
  <node id="-205" lat="48.7677076" lon="11.4561089" visible="true" />
  <node id="-206" lat="48.7677114" lon="11.4560395" visible="true" />
  <node id="-207" lat="48.7675455" lon="11.4557607" visible="true" />
  <node id="-208" lat="48.7674842" lon="11.4559607" visible="true" />
  <node id="-209" lat="48.7673647" lon="11.4558765" visible="true" />
  <node id="-210" lat="48.7674259" lon="11.4556765" visible="true" />
  <node id="-211" lat="48.7673284" lon="11.4554879" visible="true" />
  <node id="-212" lat="48.7673285" lon="11.4556818" visible="true" />
  <node id="-213" lat="48.7672735" lon="11.4556830" visible="true" />
  <node id="-214" lat="48.7672248" lon="11.4558178" visible="true" />
  <node id="-215" lat="48.7671486" lon="11.4557580" visible="true" />
  <node id="-216" lat="48.7672276" lon="11.4555520" visible="true" />
  <node id="-217" lat="48.7672332" lon="11.4554951" visible="true" />
  <node id="-218" lat="48.7671394" lon="11.4553937" visible="true" />
  <node id="-219" lat="48.7671346" lon="11.4556826" visible="true" />
  <node id="-220" lat="48.7669965" lon="11.4556774" visible="true" />
  <node id="-221" lat="48.7670013" lon="11.4553885" visible="true" />
  <node id="-222" lat="48.7671686" lon="11.4548420" visible="true" />
  <node id="-223" lat="48.7671429" lon="11.4550504" visible="true" />
  <node id="-224" lat="48.7670586" lon="11.4550264" visible="true" />
  <node id="-225" lat="48.7670843" lon="11.4548180" visible="true" />
  <node id="-226" lat="48.7668699" lon="11.4541157" visible="true" />
  <node id="-227" lat="48.7668899" lon="11.4543995" visible="true" />
  <node id="-228" lat="48.7664106" lon="11.4544790" visible="true" />
  <node id="-229" lat="48.7663906" lon="11.4542113" visible="true" />
  <node id="-230" lat="48.7667920" lon="11.4537942" visible="true" />
  <node id="-231" lat="48.7669101" lon="11.4537714" visible="true" />
  <node id="-232" lat="48.7669282" lon="11.4539994" visible="true" />
  <node id="-233" lat="48.7668065" lon="11.4540196" visible="true" />
  <node id="-234" lat="48.7666102" lon="11.4546965" visible="true" />
  <node id="-235" lat="48.7665873" lon="11.4549517" visible="true" />
  <node id="-236" lat="48.7665174" lon="11.4549373" visible="true" />
  <node id="-237" lat="48.7665403" lon="11.4546821" visible="true" />
  <node id="-238" lat="48.7667694" lon="11.4548089" visible="true" />
  <node id="-239" lat="48.7667646" lon="11.4549678" visible="true" />
  <node id="-240" lat="48.7666614" lon="11.4549607" visible="true" />
  <node id="-241" lat="48.7666662" lon="11.4548018" visible="true" />
  <node id="-242" lat="48.7670204" lon="11.4546790" visible="true" />
  <node id="-243" lat="48.7669958" lon="11.4548440" visible="true" />
  <node id="-244" lat="48.7669107" lon="11.4548148" visible="true" />
  <node id="-245" lat="48.7668911" lon="11.4548081" visible="true" />
  <node id="-246" lat="48.7669156" lon="11.4546432" visible="true" />
  <node id="-247" lat="48.7663863" lon="11.4546163" visible="true" />
  <node id="-248" lat="48.7663775" lon="11.4547182" visible="true" />
  <node id="-249" lat="48.7663659" lon="11.4547159" visible="true" />
  <node id="-250" lat="48.7663581" lon="11.4548058" visible="true" />
  <node id="-251" lat="48.7663455" lon="11.4548033" visible="true" />
  <node id="-252" lat="48.7663384" lon="11.4548850" visible="true" />
  <node id="-253" lat="48.7662519" lon="11.4548679" visible="true" />
  <node id="-254" lat="48.7662593" lon="11.4547822" visible="true" />
  <node id="-255" lat="48.7662643" lon="11.4547774" visible="true" />
  <node id="-256" lat="48.7662714" lon="11.4546956" visible="true" />
  <node id="-257" lat="48.7662875" lon="11.4546988" visible="true" />
  <node id="-258" lat="48.7662961" lon="11.4545984" visible="true" />
  <node id="-259" lat="48.7662230" lon="11.4545720" visible="true" />
  <node id="-260" lat="48.7661803" lon="11.4547244" visible="true" />
  <node id="-261" lat="48.7661003" lon="11.4546728" visible="true" />
  <node id="-262" lat="48.7661430" lon="11.4545205" visible="true" />
  <node id="-263" lat="48.7680117" lon="11.4546602" visible="true" />
  <node id="-264" lat="48.7680351" lon="11.4548785" visible="true" />
  <node id="-265" lat="48.7679592" lon="11.4548973" visible="true" />
  <node id="-266" lat="48.7679357" lon="11.4546790" visible="true" />
  <node id="-267" lat="48.7679630" lon="11.4543075" visible="true" />
  <node id="-268" lat="48.7679934" lon="11.4545188" visible="true" />
  <node id="-269" lat="48.7679114" lon="11.4545460" visible="true" />
  <node id="-270" lat="48.7678810" lon="11.4543346" visible="true" />
  <node id="-271" lat="48.7679148" lon="11.4539440" visible="true" />
  <node id="-272" lat="48.7679433" lon="11.4541583" visible="true" />
  <node id="-273" lat="48.7678607" lon="11.4541836" visible="true" />
  <node id="-274" lat="48.7678322" lon="11.4539693" visible="true" />
  <node id="-275" lat="48.7677598" lon="11.4543577" visible="true" />
  <node id="-276" lat="48.7677776" lon="11.4545114" visible="true" />
  <node id="-277" lat="48.7676997" lon="11.4545321" visible="true" />
  <node id="-278" lat="48.7676819" lon="11.4543785" visible="true" />
  <node id="-279" lat="48.7678571" lon="11.4535695" visible="true" />
  <node id="-280" lat="48.7678801" lon="11.4537556" visible="true" />
  <node id="-281" lat="48.7678067" lon="11.4537765" visible="true" />
  <node id="-282" lat="48.7677837" lon="11.4535905" visible="true" />
  <node id="-283" lat="48.7676836" lon="11.4534938" visible="true" />
  <node id="-284" lat="48.7677028" lon="11.4536683" visible="true" />
  <node id="-285" lat="48.7676201" lon="11.4536892" visible="true" />
  <node id="-286" lat="48.7676010" lon="11.4535146" visible="true" />
  <node id="-287" lat="48.7677996" lon="11.4546842" visible="true" />
  <node id="-288" lat="48.7678197" lon="11.4548754" visible="true" />
  <node id="-289" lat="48.7677347" lon="11.4548960" visible="true" />
  <node id="-290" lat="48.7677146" lon="11.4547048" visible="true" />
  <node id="-291" lat="48.7675596" lon="11.4541050" visible="true" />
  <node id="-292" lat="48.7675750" lon="11.4542740" visible="true" />
  <node id="-293" lat="48.7674811" lon="11.4542936" visible="true" />
  <node id="-294" lat="48.7674658" lon="11.4541246" visible="true" />
  <node id="-295" lat="48.7675341" lon="11.4543897" visible="true" />
  <node id="-296" lat="48.7675462" lon="11.4545366" visible="true" />
  <node id="-297" lat="48.7674743" lon="11.4545503" visible="true" />
  <node id="-298" lat="48.7674622" lon="11.4544034" visible="true" />
  <node id="-299" lat="48.7676010" lon="11.4547507" visible="true" />
  <node id="-300" lat="48.7676040" lon="11.4548880" visible="true" />
  <node id="-301" lat="48.7675236" lon="11.4548919" visible="true" />
  <node id="-302" lat="48.7675206" lon="11.4547547" visible="true" />
  <node id="-303" lat="48.7675352" lon="11.4538038" visible="true" />
  <node id="-304" lat="48.7675467" lon="11.4539457" visible="true" />
  <node id="-305" lat="48.7674778" lon="11.4539586" visible="true" />
  <node id="-306" lat="48.7674663" lon="11.4538166" visible="true" />
  <node id="-307" lat="48.7672665" lon="11.4535936" visible="true" />
  <node id="-308" lat="48.7672808" lon="11.4537788" visible="true" />
  <node id="-309" lat="48.7672485" lon="11.4537846" visible="true" />
  <node id="-310" lat="48.7672551" lon="11.4538701" visible="true" />
  <node id="-311" lat="48.7671928" lon="11.4538812" visible="true" />
  <node id="-312" lat="48.7671719" lon="11.4536104" visible="true" />
  <node id="-313" lat="48.7671529" lon="11.4540743" visible="true" />
  <node id="-314" lat="48.7671675" lon="11.4542573" visible="true" />
  <node id="-315" lat="48.7670837" lon="11.4542726" visible="true" />
  <node id="-316" lat="48.7670692" lon="11.4540897" visible="true" />
  <node id="-317" lat="48.7673164" lon="11.4542723" visible="true" />
  <node id="-318" lat="48.7673380" lon="11.4545096" visible="true" />
  <node id="-319" lat="48.7672581" lon="11.4545263" visible="true" />
  <node id="-320" lat="48.7672365" lon="11.4542891" visible="true" />
  <node id="-321" lat="48.7671309" lon="11.4537674" visible="true" />
  <node id="-322" lat="48.7671427" lon="11.4539446" visible="true" />
  <node id="-323" lat="48.7670671" lon="11.4539563" visible="true" />
  <node id="-324" lat="48.7670553" lon="11.4537790" visible="true" />
  <node id="-325" lat="48.7671861" lon="11.4545396" visible="true" />
  <node id="-326" lat="48.7671830" lon="11.4546818" visible="true" />
  <node id="-327" lat="48.7671062" lon="11.4546780" visible="true" />
  <node id="-328" lat="48.7671093" lon="11.4545358" visible="true" />
  <node id="-329" lat="48.7679641" lon="11.4534127" visible="true" />
  <node id="-330" lat="48.7679962" lon="11.4535749" visible="true" />
  <node id="-331" lat="48.7679200" lon="11.4536095" visible="true" />
  <node id="-332" lat="48.7678879" lon="11.4534473" visible="true" />
  <node id="-333" lat="48.7679626" lon="11.4537372" visible="true" />
  <node id="-334" lat="48.7680511" lon="11.4537108" visible="true" />
  <node id="-335" lat="48.7680847" lon="11.4539697" visible="true" />
  <node id="-336" lat="48.7679961" lon="11.4539961" visible="true" />
  <node id="-337" lat="48.7688427" lon="11.4548456" visible="true" />
  <node id="-338" lat="48.7688828" lon="11.4551793" visible="true" />
  <node id="-339" lat="48.7687559" lon="11.4552182" visible="true" />
  <node id="-340" lat="48.7687140" lon="11.4548791" visible="true" />
  <node id="-341" lat="48.7684531" lon="11.4550870" visible="true" />
  <node id="-342" lat="48.7684531" lon="11.4553366" visible="true" />
  <node id="-343" lat="48.7683252" lon="11.4553366" visible="true" />
  <node id="-344" lat="48.7683252" lon="11.4550870" visible="true" />
  <node id="-345" lat="48.7683205" lon="11.4549834" visible="true" />
  <node id="-346" lat="48.7683934" lon="11.4549758" visible="true" />
  <node id="-347" lat="48.7683981" lon="11.4550794" visible="true" />
  <node id="-348" lat="48.7682480" lon="11.4550831" visible="true" />
  <node id="-349" lat="48.7682480" lon="11.4553272" visible="true" />
  <node id="-350" lat="48.7681237" lon="11.4553272" visible="true" />
  <node id="-351" lat="48.7681237" lon="11.4550831" visible="true" />
  <node id="-352" lat="48.7680791" lon="11.4550987" visible="true" />
  <node id="-353" lat="48.7680937" lon="11.4553206" visible="true" />
  <node id="-354" lat="48.7679583" lon="11.4553411" visible="true" />
  <node id="-355" lat="48.7679437" lon="11.4551192" visible="true" />
  <node id="-356" lat="48.7682448" lon="11.4558827" visible="true" />
  <node id="-357" lat="48.7682448" lon="11.4560935" visible="true" />
  <node id="-358" lat="48.7681376" lon="11.4560935" visible="true" />
  <node id="-359" lat="48.7681376" lon="11.4558827" visible="true" />
  <node id="-360" lat="48.7680888" lon="11.4557680" visible="true" />
  <node id="-361" lat="48.7680864" lon="11.4560269" visible="true" />
  <node id="-362" lat="48.7679449" lon="11.4560238" visible="true" />
  <node id="-363" lat="48.7679474" lon="11.4557650" visible="true" />
  <node id="-364" lat="48.7684228" lon="11.4558309" visible="true" />
  <node id="-365" lat="48.7684252" lon="11.4560787" visible="true" />
  <node id="-366" lat="48.7683033" lon="11.4560814" visible="true" />
  <node id="-367" lat="48.7683008" lon="11.4558337" visible="true" />
  <node id="-368" lat="48.7685544" lon="11.4558864" visible="true" />
  <node id="-369" lat="48.7685568" lon="11.4560861" visible="true" />
  <node id="-370" lat="48.7684742" lon="11.4560884" visible="true" />
  <node id="-371" lat="48.7684718" lon="11.4558887" visible="true" />
  <node id="-372" lat="48.7688639" lon="11.4558568" visible="true" />
  <node id="-373" lat="48.7688615" lon="11.4561009" visible="true" />
  <node id="-374" lat="48.7687297" lon="11.4560978" visible="true" />
  <node id="-375" lat="48.7687321" lon="11.4558538" visible="true" />
  <node id="-376" lat="48.7688127" lon="11.4553650" visible="true" />
  <node id="-377" lat="48.7688152" lon="11.4555720" visible="true" />
  <node id="-378" lat="48.7686862" lon="11.4555755" visible="true" />
  <node id="-379" lat="48.7686837" lon="11.4553684" visible="true" />
  <node id="-380" lat="48.7688468" lon="11.4556830" visible="true" />
  <node id="-381" lat="48.7688444" lon="11.4558346" visible="true" />
  <node id="-382" lat="48.7687176" lon="11.4558299" visible="true" />
  <node id="-383" lat="48.7687200" lon="11.4556783" visible="true" />
  <node id="-384" lat="48.7688883" lon="11.4554796" visible="true" />
  <node id="-385" lat="48.7688883" lon="11.4555683" visible="true" />
  <node id="-386" lat="48.7688225" lon="11.4555683" visible="true" />
  <node id="-387" lat="48.7688225" lon="11.4554796" visible="true" />
  <node id="-388" lat="48.7678585" lon="11.4553086" visible="true" />
  <node id="-389" lat="48.7678732" lon="11.4554424" visible="true" />
  <node id="-390" lat="48.7677876" lon="11.4554580" visible="true" />
  <node id="-391" lat="48.7677776" lon="11.4553301" visible="true" />
  <node id="-392" lat="48.7676791" lon="11.4553563" visible="true" />
  <node id="-393" lat="48.7676621" lon="11.4552092" visible="true" />
  <node id="-394" lat="48.7678985" lon="11.4551463" visible="true" />
  <node id="-395" lat="48.7679155" lon="11.4552934" visible="true" />
  <node id="-396" lat="48.7689203" lon="11.4535134" visible="true" />
  <node id="-397" lat="48.7689545" lon="11.4537330" visible="true" />
  <node id="-398" lat="48.7688102" lon="11.4537849" visible="true" />
  <node id="-399" lat="48.7687759" lon="11.4535653" visible="true" />
  <node id="-400" lat="48.7691031" lon="11.4534325" visible="true" />
  <node id="-401" lat="48.7691373" lon="11.4536463" visible="true" />
  <node id="-402" lat="48.7689938" lon="11.4536993" visible="true" />
  <node id="-403" lat="48.7689595" lon="11.4534855" visible="true" />
  <node id="-404" lat="48.7691259" lon="11.4537330" visible="true" />
  <node id="-405" lat="48.7691602" lon="11.4539121" visible="true" />
  <node id="-406" lat="48.7689475" lon="11.4540058" visible="true" />
  <node id="-407" lat="48.7689133" lon="11.4538267" visible="true" />
  <node id="-408" lat="48.7690498" lon="11.4532187" visible="true" />
  <node id="-409" lat="48.7690991" lon="11.4533900" visible="true" />
  <node id="-410" lat="48.7690382" lon="11.4534305" visible="true" />
  <node id="-411" lat="48.7689888" lon="11.4532592" visible="true" />
  <node id="-412" lat="48.7692783" lon="11.4535597" visible="true" />
  <node id="-413" lat="48.7692859" lon="11.4537446" visible="true" />
  <node id="-414" lat="48.7692055" lon="11.4537522" visible="true" />
  <node id="-415" lat="48.7691979" lon="11.4535673" visible="true" />
  <node id="-416" lat="48.7693201" lon="11.4531610" visible="true" />
  <node id="-417" lat="48.7693240" lon="11.4533805" visible="true" />
  <node id="-418" lat="48.7691636" lon="11.4533869" visible="true" />
  <node id="-419" lat="48.7691598" lon="11.4531674" visible="true" />
  <node id="-420" lat="48.7694687" lon="11.4536174" visible="true" />
  <node id="-421" lat="48.7694839" lon="11.4537792" visible="true" />
  <node id="-422" lat="48.7693719" lon="11.4538035" visible="true" />
  <node id="-423" lat="48.7693567" lon="11.4536417" visible="true" />
  <node id="-424" lat="48.7696438" lon="11.4534730" visible="true" />
  <node id="-425" lat="48.7696781" lon="11.4537214" visible="true" />
  <node id="-426" lat="48.7695363" lon="11.4537670" visible="true" />
  <node id="-427" lat="48.7695059" lon="11.4535186" visible="true" />
  <node id="-428" lat="48.7697886" lon="11.4535654" visible="true" />
  <node id="-429" lat="48.7697886" lon="11.4537214" visible="true" />
  <node id="-430" lat="48.7697200" lon="11.4537214" visible="true" />
  <node id="-431" lat="48.7697200" lon="11.4535654" visible="true" />
  <node id="-432" lat="48.7697352" lon="11.4528778" visible="true" />
  <node id="-433" lat="48.7697619" lon="11.4532823" visible="true" />
  <node id="-434" lat="48.7696548" lon="11.4532986" visible="true" />
  <node id="-435" lat="48.7696282" lon="11.4528941" visible="true" />
  <node id="-436" lat="48.7695715" lon="11.4531725" visible="true" />
  <node id="-437" lat="48.7695981" lon="11.4533632" visible="true" />
  <node id="-438" lat="48.7694987" lon="11.4533913" visible="true" />
  <node id="-439" lat="48.7694720" lon="11.4531948" visible="true" />
  <node id="-440" lat="48.7673137" lon="11.4490327" visible="true" />
  <node id="-441" lat="48.7673203" lon="11.4490902" visible="true" />
  <node id="-442" lat="48.7673561" lon="11.4494002" visible="true" />
  <node id="-443" lat="48.7671174" lon="11.4494636" visible="true" />
  <node id="-444" lat="48.7670750" lon="11.4490961" visible="true" />
  <node id="-445" lat="48.7664156" lon="11.4493598" visible="true" />
  <node id="-446" lat="48.7664052" lon="11.4492635" visible="true" />
  <node id="-447" lat="48.7667495" lon="11.4491779" visible="true" />
  <node id="-448" lat="48.7667599" lon="11.4492742" visible="true" />
  <node id="-449" lat="48.7665500" lon="11.4493264" visible="true" />
  <node id="-450" lat="48.7664445" lon="11.4493526" visible="true" />
  <node id="-451" lat="48.7673919" lon="11.4503264" visible="true" />
  <node id="-452" lat="48.7674214" lon="11.4505899" visible="true" />
  <node id="-453" lat="48.7668258" lon="11.4507438" visible="true" />
  <node id="-454" lat="48.7667962" lon="11.4504804" visible="true" />
  <node id="-455" lat="48.7695129" lon="11.4480259" visible="true" />
  <node id="-456" lat="48.7695148" lon="11.4480650" visible="true" />
  <node id="-457" lat="48.7695693" lon="11.4480589" visible="true" />
  <node id="-458" lat="48.7695726" lon="11.4481267" visible="true" />
  <node id="-459" lat="48.7695321" lon="11.4481312" visible="true" />
  <node id="-460" lat="48.7695528" lon="11.4485577" visible="true" />
  <node id="-461" lat="48.7695267" lon="11.4485610" visible="true" />
  <node id="-462" lat="48.7695317" lon="11.4486532" visible="true" />
  <node id="-463" lat="48.7695552" lon="11.4486502" visible="true" />
  <node id="-464" lat="48.7695583" lon="11.4487170" visible="true" />
  <node id="-465" lat="48.7694005" lon="11.4487258" visible="true" />
  <node id="-466" lat="48.7693931" lon="11.4485253" visible="true" />
  <node id="-467" lat="48.7693566" lon="11.4485293" visible="true" />
  <node id="-468" lat="48.7693548" lon="11.4484938" visible="true" />
  <node id="-469" lat="48.7693533" lon="11.4484627" visible="true" />
  <node id="-470" lat="48.7693904" lon="11.4484586" visible="true" />
  <node id="-471" lat="48.7693768" lon="11.4481766" visible="true" />
  <node id="-472" lat="48.7693687" lon="11.4481775" visible="true" />
  <node id="-473" lat="48.7693639" lon="11.4480803" visible="true" />
  <node id="-474" lat="48.7694129" lon="11.4480748" visible="true" />
  <node id="-475" lat="48.7694111" lon="11.4480372" visible="true" />
  <node id="-476" lat="48.7694613" lon="11.4480316" visible="true" />
  <node id="-477" lat="48.7694950" lon="11.4489825" visible="true" />
  <node id="-478" lat="48.7695035" lon="11.4491298" visible="true" />
  <node id="-479" lat="48.7693059" lon="11.4491561" visible="true" />
  <node id="-480" lat="48.7692974" lon="11.4490088" visible="true" />
  <node id="-481" lat="48.7694051" lon="11.4489944" visible="true" />
  <node id="-482" lat="48.7694287" lon="11.4489913" visible="true" />
  <node id="-483" lat="48.7617660" lon="11.4534835" visible="true" />
  <node id="-484" lat="48.7617660" lon="11.4536870" visible="true" />
  <node id="-485" lat="48.7616433" lon="11.4536870" visible="true" />
  <node id="-486" lat="48.7616433" lon="11.4534835" visible="true" />
  <node id="-487" lat="48.7616280" lon="11.4530007" visible="true" />
  <node id="-488" lat="48.7616318" lon="11.4534137" visible="true" />
  <node id="-489" lat="48.7615089" lon="11.4534163" visible="true" />
  <node id="-490" lat="48.7615051" lon="11.4530033" visible="true" />
  <node id="-491" lat="48.7613864" lon="11.4534369" visible="true" />
  <node id="-492" lat="48.7612714" lon="11.4534395" visible="true" />
  <node id="-493" lat="48.7612675" lon="11.4530381" visible="true" />
  <node id="-494" lat="48.7613826" lon="11.4530356" visible="true" />
  <node id="-495" lat="48.7617469" lon="11.4548038" visible="true" />
  <node id="-496" lat="48.7614746" lon="11.4554786" visible="true" />
  <node id="-497" lat="48.7613825" lon="11.4553931" visible="true" />
  <node id="-498" lat="48.7616548" lon="11.4547183" visible="true" />
  <node id="-499" lat="48.7614248" lon="11.4556415" visible="true" />
  <node id="-500" lat="48.7612829" lon="11.4559265" visible="true" />
  <node id="-501" lat="48.7611856" lon="11.4558150" visible="true" />
  <node id="-502" lat="48.7613275" lon="11.4555300" visible="true" />
  <node id="-503" lat="48.7611679" lon="11.4558625" visible="true" />
  <node id="-504" lat="48.7611768" lon="11.4560310" visible="true" />
  <node id="-505" lat="48.7608432" lon="11.4560717" visible="true" />
  <node id="-506" lat="48.7608343" lon="11.4559032" visible="true" />
  <node id="-507" lat="48.7611065" lon="11.4548504" visible="true" />
  <node id="-508" lat="48.7612368" lon="11.4548473" visible="true" />
  <node id="-509" lat="48.7612407" lon="11.4553650" visible="true" />
  <node id="-510" lat="48.7611104" lon="11.4553681" visible="true" />
  <node id="-511" lat="48.7616165" lon="11.4542164" visible="true" />
  <node id="-512" lat="48.7617315" lon="11.4542139" visible="true" />
  <node id="-513" lat="48.7617353" lon="11.4546327" visible="true" />
  <node id="-514" lat="48.7616203" lon="11.4546352" visible="true" />
  <node id="-515" lat="48.7620728" lon="11.4535940" visible="true" />
  <node id="-516" lat="48.7620689" lon="11.4541175" visible="true" />
  <node id="-517" lat="48.7619464" lon="11.4541154" visible="true" />
  <node id="-518" lat="48.7619503" lon="11.4535919" visible="true" />
  <node id="-519" lat="48.7619386" lon="11.4533148" visible="true" />
  <node id="-520" lat="48.7620573" lon="11.4533201" visible="true" />
  <node id="-521" lat="48.7620535" lon="11.4535178" visible="true" />
  <node id="-522" lat="48.7619347" lon="11.4535125" visible="true" />
  <node id="-523" lat="48.7620459" lon="11.4530181" visible="true" />
  <node id="-524" lat="48.7620459" lon="11.4532333" visible="true" />
  <node id="-525" lat="48.7619386" lon="11.4532333" visible="true" />
  <node id="-526" lat="48.7619386" lon="11.4530181" visible="true" />
  <node id="-527" lat="48.7610874" lon="11.4545828" visible="true" />
  <node id="-528" lat="48.7610912" lon="11.4547507" visible="true" />
  <node id="-529" lat="48.7608727" lon="11.4547623" visible="true" />
  <node id="-530" lat="48.7608688" lon="11.4545944" visible="true" />
  <node id="-531" lat="48.7610222" lon="11.4537278" visible="true" />
  <node id="-532" lat="48.7611249" lon="11.4537320" visible="true" />
  <node id="-533" lat="48.7611211" lon="11.4539472" visible="true" />
  <node id="-534" lat="48.7610183" lon="11.4539430" visible="true" />
  <node id="-535" lat="48.7612139" lon="11.4540011" visible="true" />
  <node id="-536" lat="48.7612062" lon="11.4544199" visible="true" />
  <node id="-537" lat="48.7610877" lon="11.4544149" visible="true" />
  <node id="-538" lat="48.7610953" lon="11.4539961" visible="true" />
  <node id="-539" lat="48.7608611" lon="11.4548620" visible="true" />
  <node id="-540" lat="48.7609682" lon="11.4548669" visible="true" />
  <node id="-541" lat="48.7609643" lon="11.4550589" visible="true" />
  <node id="-542" lat="48.7608573" lon="11.4550540" visible="true" />
  <node id="-543" lat="48.7608726" lon="11.4551179" visible="true" />
  <node id="-544" lat="48.7609915" lon="11.4551179" visible="true" />
  <node id="-545" lat="48.7609915" lon="11.4553099" visible="true" />
  <node id="-546" lat="48.7608726" lon="11.4553099" visible="true" />
  <node id="-547" lat="48.7614056" lon="11.4539662" visible="true" />
  <node id="-548" lat="48.7617929" lon="11.4538964" visible="true" />
  <node id="-549" lat="48.7618068" lon="11.4540742" visible="true" />
  <node id="-550" lat="48.7614195" lon="11.4541440" visible="true" />
  <node id="-551" lat="48.7622563" lon="11.4526810" visible="true" />
  <node id="-552" lat="48.7622563" lon="11.4528855" visible="true" />
  <node id="-553" lat="48.7618445" lon="11.4528855" visible="true" />
  <node id="-554" lat="48.7618445" lon="11.4526810" visible="true" />
  <node id="-555" lat="48.7610556" lon="11.4554592" visible="true" />
  <node id="-556" lat="48.7610647" lon="11.4556589" visible="true" />
  <node id="-557" lat="48.7608392" lon="11.4556825" visible="true" />
  <node id="-558" lat="48.7608301" lon="11.4554828" visible="true" />
  <node id="-559" lat="48.7611451" lon="11.4567511" visible="true" />
  <node id="-560" lat="48.7611490" lon="11.4569576" visible="true" />
  <node id="-561" lat="48.7609153" lon="11.4569677" visible="true" />
  <node id="-562" lat="48.7609114" lon="11.4567612" visible="true" />
  <node id="-563" lat="48.7605812" lon="11.4565859" visible="true" />
  <node id="-564" lat="48.7607480" lon="11.4565900" visible="true" />
  <node id="-565" lat="48.7607441" lon="11.4569616" visible="true" />
  <node id="-566" lat="48.7605773" lon="11.4569576" visible="true" />
  <node id="-567" lat="48.7702436" lon="11.4496729" visible="true" />
  <node id="-568" lat="48.7702575" lon="11.4498795" visible="true" />
  <node id="-569" lat="48.7698704" lon="11.4499368" visible="true" />
  <node id="-570" lat="48.7698551" lon="11.4497328" visible="true" />
  <node id="-571" lat="48.7696971" lon="11.4513512" visible="true" />
  <node id="-572" lat="48.7697011" lon="11.4515408" visible="true" />
  <node id="-573" lat="48.7694970" lon="11.4515508" visible="true" />
  <node id="-574" lat="48.7694930" lon="11.4513612" visible="true" />
  <node id="-575" lat="48.7695823" lon="11.4515482" visible="true" />
  <node id="-576" lat="48.7695849" lon="11.4517357" visible="true" />
  <node id="-577" lat="48.7694996" lon="11.4517408" visible="true" />
  <node id="-578" lat="48.7691967" lon="11.4519306" visible="true" />
  <node id="-579" lat="48.7693603" lon="11.4518639" visible="true" />
  <node id="-580" lat="48.7694788" lon="11.4525333" visible="true" />
  <node id="-581" lat="48.7693152" lon="11.4526000" visible="true" />
  <node id="-582" lat="48.7695654" lon="11.4525500" visible="true" />
  <node id="-583" lat="48.7695391" lon="11.4520405" visible="true" />
  <node id="-584" lat="48.7696861" lon="11.4520230" visible="true" />
  <node id="-585" lat="48.7697125" lon="11.4525325" visible="true" />
  <node id="-586" lat="48.7697761" lon="11.4522703" visible="true" />
  <node id="-587" lat="48.7698551" lon="11.4522703" visible="true" />
  <node id="-588" lat="48.7698551" lon="11.4524701" visible="true" />
  <node id="-589" lat="48.7697761" lon="11.4524701" visible="true" />
  <node id="-590" lat="48.7696971" lon="11.4517308" visible="true" />
  <node id="-591" lat="48.7697002" lon="11.4518705" visible="true" />
  <node id="-592" lat="48.7695026" lon="11.4518805" visible="true" />
  <node id="-593" lat="48.7698749" lon="11.4520106" visible="true" />
  <node id="-594" lat="48.7698749" lon="11.4521604" visible="true" />
  <node id="-595" lat="48.7697630" lon="11.4521604" visible="true" />
  <node id="-596" lat="48.7697630" lon="11.4520106" visible="true" />
  <node id="-597" lat="48.7692099" lon="11.4475350" visible="true" />
  <node id="-598" lat="48.7691835" lon="11.4478247" visible="true" />
  <node id="-599" lat="48.7690414" lon="11.4477950" visible="true" />
  <node id="-600" lat="48.7690677" lon="11.4475052" visible="true" />
  <node id="-601" lat="48.7691704" lon="11.4479746" visible="true" />
  <node id="-602" lat="48.7691704" lon="11.4481844" visible="true" />
  <node id="-603" lat="48.7690189" lon="11.4481844" visible="true" />
  <node id="-604" lat="48.7690189" lon="11.4479746" visible="true" />
  <node id="-605" lat="48.7691440" lon="11.4482743" visible="true" />
  <node id="-606" lat="48.7691420" lon="11.4483969" visible="true" />
  <node id="-607" lat="48.7690068" lon="11.4483918" visible="true" />
  <node id="-608" lat="48.7690088" lon="11.4482691" visible="true" />
  <node id="-609" lat="48.7691436" lon="11.4484584" visible="true" />
  <node id="-610" lat="48.7691398" lon="11.4485809" visible="true" />
  <node id="-611" lat="48.7689982" lon="11.4485706" visible="true" />
  <node id="-612" lat="48.7690021" lon="11.4484482" visible="true" />
  <node id="-613" lat="48.7691032" lon="11.4486425" visible="true" />
  <node id="-614" lat="48.7690977" lon="11.4487599" visible="true" />
  <node id="-615" lat="48.7690033" lon="11.4487497" visible="true" />
  <node id="-616" lat="48.7690088" lon="11.4486323" visible="true" />
  <node id="-617" lat="48.7685436" lon="11.4475940" visible="true" />
  <node id="-618" lat="48.7687020" lon="11.4476011" visible="true" />
  <node id="-619" lat="48.7686952" lon="11.4479438" visible="true" />
  <node id="-620" lat="48.7685368" lon="11.4479367" visible="true" />
  <node id="-621" lat="48.7687357" lon="11.4477577" visible="true" />
  <node id="-622" lat="48.7687391" lon="11.4475275" visible="true" />
  <node id="-623" lat="48.7688367" lon="11.4475308" visible="true" />
  <node id="-624" lat="48.7688333" lon="11.4477609" visible="true" />
  <node id="-625" lat="48.7688470" lon="11.4480748" visible="true" />
  <node id="-626" lat="48.7689110" lon="11.4480748" visible="true" />
  <node id="-627" lat="48.7689110" lon="11.4482385" visible="true" />
  <node id="-628" lat="48.7688470" lon="11.4482385" visible="true" />
  <node id="-629" lat="48.7686009" lon="11.4480390" visible="true" />
  <node id="-630" lat="48.7687022" lon="11.4480504" visible="true" />
  <node id="-631" lat="48.7686955" lon="11.4481885" visible="true" />
  <node id="-632" lat="48.7685941" lon="11.4481771" visible="true" />
  <node id="-633" lat="48.7684323" lon="11.4483868" visible="true" />
  <node id="-634" lat="48.7685099" lon="11.4483868" visible="true" />
  <node id="-635" lat="48.7685099" lon="11.4485760" visible="true" />
  <node id="-636" lat="48.7684323" lon="11.4485760" visible="true" />
  <node id="-637" lat="48.7683851" lon="11.4480390" visible="true" />
  <node id="-638" lat="48.7684591" lon="11.4480329" visible="true" />
  <node id="-639" lat="48.7684658" lon="11.4482222" visible="true" />
  <node id="-640" lat="48.7683919" lon="11.4482282" visible="true" />
  <node id="-641" lat="48.7683345" lon="11.4483817" visible="true" />
  <node id="-642" lat="48.7683345" lon="11.4485556" visible="true" />
  <node id="-643" lat="48.7682064" lon="11.4485556" visible="true" />
  <node id="-644" lat="48.7682085" lon="11.4484681" visible="true" />
  <node id="-645" lat="48.7682064" lon="11.4483817" visible="true" />
  <node id="-646" lat="48.7682018" lon="11.4483212" visible="true" />
  <node id="-647" lat="48.7680804" lon="11.4484814" visible="true" />
  <node id="-648" lat="48.7680738" lon="11.4483345" visible="true" />
  <node id="-649" lat="48.7685099" lon="11.4486374" visible="true" />
  <node id="-650" lat="48.7685099" lon="11.4487551" visible="true" />
  <node id="-651" lat="48.7684020" lon="11.4487551" visible="true" />
  <node id="-652" lat="48.7684020" lon="11.4486374" visible="true" />
  <node id="-653" lat="48.7683851" lon="11.4476093" visible="true" />
  <node id="-654" lat="48.7683888" lon="11.4478501" visible="true" />
  <node id="-655" lat="48.7680367" lon="11.4478871" visible="true" />
  <node id="-656" lat="48.7680331" lon="11.4476464" visible="true" />
  <node id="-657" lat="48.7680783" lon="11.4490620" visible="true" />
  <node id="-658" lat="48.7681862" lon="11.4490620" visible="true" />
  <node id="-659" lat="48.7681862" lon="11.4493177" visible="true" />
  <node id="-660" lat="48.7680783" lon="11.4493177" visible="true" />
  <node id="-661" lat="48.7680918" lon="11.4493842" visible="true" />
  <node id="-662" lat="48.7681900" lon="11.4493766" visible="true" />
  <node id="-663" lat="48.7681968" lon="11.4495760" visible="true" />
  <node id="-664" lat="48.7680986" lon="11.4495837" visible="true" />
  <node id="-665" lat="48.7681154" lon="11.4496451" visible="true" />
  <node id="-666" lat="48.7682166" lon="11.4496451" visible="true" />
  <node id="-667" lat="48.7682166" lon="11.4498241" visible="true" />
  <node id="-668" lat="48.7681154" lon="11.4498241" visible="true" />
  <node id="-669" lat="48.7681356" lon="11.4498957" visible="true" />
  <node id="-670" lat="48.7682166" lon="11.4498957" visible="true" />
  <node id="-671" lat="48.7682166" lon="11.4500798" visible="true" />
  <node id="-672" lat="48.7681356" lon="11.4500798" visible="true" />
  <node id="-673" lat="48.7681458" lon="11.4501412" visible="true" />
  <node id="-674" lat="48.7682300" lon="11.4501412" visible="true" />
  <node id="-675" lat="48.7682300" lon="11.4503305" visible="true" />
  <node id="-676" lat="48.7681458" lon="11.4503305" visible="true" />
  <node id="-677" lat="48.7681458" lon="11.4503918" visible="true" />
  <node id="-678" lat="48.7682433" lon="11.4503843" visible="true" />
  <node id="-679" lat="48.7682500" lon="11.4505837" visible="true" />
  <node id="-680" lat="48.7681525" lon="11.4505913" visible="true" />
  <node id="-681" lat="48.7682840" lon="11.4506118" visible="true" />
  <node id="-682" lat="48.7682871" lon="11.4506831" visible="true" />
  <node id="-683" lat="48.7681860" lon="11.4506933" visible="true" />
  <node id="-684" lat="48.7681828" lon="11.4506220" visible="true" />
  <node id="-685" lat="48.7682907" lon="11.4507652" visible="true" />
  <node id="-686" lat="48.7682972" lon="11.4509071" visible="true" />
  <node id="-687" lat="48.7681994" lon="11.4509173" visible="true" />
  <node id="-688" lat="48.7681930" lon="11.4507755" visible="true" />
  <node id="-689" lat="48.7691099" lon="11.4489750" visible="true" />
  <node id="-690" lat="48.7690965" lon="11.4493382" visible="true" />
  <node id="-691" lat="48.7689728" lon="11.4493276" visible="true" />
  <node id="-692" lat="48.7689863" lon="11.4489644" visible="true" />
  <node id="-693" lat="48.7690998" lon="11.4493893" visible="true" />
  <node id="-694" lat="48.7690796" lon="11.4496809" visible="true" />
  <node id="-695" lat="48.7689469" lon="11.4496597" visible="true" />
  <node id="-696" lat="48.7689672" lon="11.4493681" visible="true" />
  <node id="-697" lat="48.7690729" lon="11.4497320" visible="true" />
  <node id="-698" lat="48.7690627" lon="11.4500389" visible="true" />
  <node id="-699" lat="48.7689281" lon="11.4500287" visible="true" />
  <node id="-700" lat="48.7689382" lon="11.4497218" visible="true" />
  <node id="-701" lat="48.7690526" lon="11.4500952" visible="true" />
  <node id="-702" lat="48.7690459" lon="11.4502435" visible="true" />
  <node id="-703" lat="48.7689251" lon="11.4502309" visible="true" />
  <node id="-704" lat="48.7689318" lon="11.4500825" visible="true" />
  <node id="-705" lat="48.7690290" lon="11.4503407" visible="true" />
  <node id="-706" lat="48.7690290" lon="11.4505197" visible="true" />
  <node id="-707" lat="48.7689313" lon="11.4505197" visible="true" />
  <node id="-708" lat="48.7689313" lon="11.4503407" visible="true" />
  <node id="-709" lat="48.7688841" lon="11.4491080" visible="true" />
  <node id="-710" lat="48.7688872" lon="11.4492657" visible="true" />
  <node id="-711" lat="48.7686613" lon="11.4492759" visible="true" />
  <node id="-712" lat="48.7686582" lon="11.4491182" visible="true" />
  <node id="-713" lat="48.7685874" lon="11.4491336" visible="true" />
  <node id="-714" lat="48.7685961" lon="11.4493167" visible="true" />
  <node id="-715" lat="48.7683635" lon="11.4493423" visible="true" />
  <node id="-716" lat="48.7683548" lon="11.4491591" visible="true" />
  <node id="-717" lat="48.7688318" lon="11.4495495" visible="true" />
  <node id="-718" lat="48.7688366" lon="11.4497131" visible="true" />
  <node id="-719" lat="48.7686698" lon="11.4497166" visible="true" />
  <node id="-720" lat="48.7686649" lon="11.4495530" visible="true" />
  <node id="-721" lat="48.7686043" lon="11.4495479" visible="true" />
  <node id="-722" lat="48.7686090" lon="11.4497262" visible="true" />
  <node id="-723" lat="48.7683595" lon="11.4497415" visible="true" />
  <node id="-724" lat="48.7683548" lon="11.4495632" visible="true" />
  <node id="-725" lat="48.7688234" lon="11.4500338" visible="true" />
  <node id="-726" lat="48.7688356" lon="11.4502466" visible="true" />
  <node id="-727" lat="48.7684108" lon="11.4503028" visible="true" />
  <node id="-728" lat="48.7683986" lon="11.4500901" visible="true" />
  <node id="-729" lat="48.7688032" lon="11.4505709" visible="true" />
  <node id="-730" lat="48.7688104" lon="11.4507631" visible="true" />
  <node id="-731" lat="48.7685171" lon="11.4507887" visible="true" />
  <node id="-732" lat="48.7685099" lon="11.4505964" visible="true" />
  <node id="-733" lat="48.7696476" lon="11.4495563" visible="true" />
  <node id="-734" lat="48.7696788" lon="11.4501559" visible="true" />
  <node id="-735" lat="48.7696147" lon="11.4501636" visible="true" />
  <node id="-736" lat="48.7696162" lon="11.4501932" visible="true" />
  <node id="-737" lat="48.7695182" lon="11.4502049" visible="true" />
  <node id="-738" lat="48.7694945" lon="11.4497477" visible="true" />
  <node id="-739" lat="48.7695242" lon="11.4497441" visible="true" />
  <node id="-740" lat="48.7695153" lon="11.4495722" visible="true" />
  <node id="-741" lat="48.7689683" lon="11.4509698" visible="true" />
  <node id="-742" lat="48.7689973" lon="11.4511455" visible="true" />
  <node id="-743" lat="48.7687681" lon="11.4512325" visible="true" />
  <node id="-744" lat="48.7687391" lon="11.4510568" visible="true" />
  <node id="-745" lat="48.7689852" lon="11.4512716" visible="true" />
  <node id="-746" lat="48.7690493" lon="11.4517575" visible="true" />
  <node id="-747" lat="48.7689390" lon="11.4517910" visible="true" />
  <node id="-748" lat="48.7688750" lon="11.4513051" visible="true" />
  <node id="-749" lat="48.7690661" lon="11.4518752" visible="true" />
  <node id="-750" lat="48.7690903" lon="11.4520272" visible="true" />
  <node id="-751" lat="48.7689925" lon="11.4520630" visible="true" />
  <node id="-752" lat="48.7689683" lon="11.4519110" visible="true" />
  <node id="-753" lat="48.7690965" lon="11.4521053" visible="true" />
  <node id="-754" lat="48.7691302" lon="11.4523099" visible="true" />
  <node id="-755" lat="48.7689937" lon="11.4523617" visible="true" />
  <node id="-756" lat="48.7689600" lon="11.4521571" visible="true" />
  <node id="-757" lat="48.7687694" lon="11.4513586" visible="true" />
  <node id="-758" lat="48.7688270" lon="11.4518302" visible="true" />
  <node id="-759" lat="48.7687360" lon="11.4518558" visible="true" />
  <node id="-760" lat="48.7686784" lon="11.4513841" visible="true" />
  <node id="-761" lat="48.7691597" lon="11.4523708" visible="true" />
  <node id="-762" lat="48.7691867" lon="11.4525816" visible="true" />
  <node id="-763" lat="48.7690673" lon="11.4526168" visible="true" />
  <node id="-764" lat="48.7690403" lon="11.4524061" visible="true" />
  <node id="-765" lat="48.7689717" lon="11.4525606" visible="true" />
  <node id="-766" lat="48.7690061" lon="11.4527578" visible="true" />
  <node id="-767" lat="48.7688915" lon="11.4528039" visible="true" />
  <node id="-768" lat="48.7688571" lon="11.4526066" visible="true" />
  <node id="-769" lat="48.7688874" lon="11.4522076" visible="true" />
  <node id="-770" lat="48.7689189" lon="11.4524396" visible="true" />
  <node id="-771" lat="48.7688043" lon="11.4524754" visible="true" />
  <node id="-772" lat="48.7687728" lon="11.4522434" visible="true" />
  <node id="-773" lat="48.7684964" lon="11.4515632" visible="true" />
  <node id="-774" lat="48.7685320" lon="11.4517863" visible="true" />
  <node id="-775" lat="48.7684208" lon="11.4518272" visible="true" />
  <node id="-776" lat="48.7683851" lon="11.4516041" visible="true" />
  <node id="-777" lat="48.7683500" lon="11.4510755" visible="true" />
  <node id="-778" lat="48.7683689" lon="11.4512326" visible="true" />
  <node id="-779" lat="48.7682205" lon="11.4512735" visible="true" />
  <node id="-780" lat="48.7682017" lon="11.4511164" visible="true" />
  <node id="-781" lat="48.7683142" lon="11.4513080" visible="true" />
  <node id="-782" lat="48.7683479" lon="11.4514954" visible="true" />
  <node id="-783" lat="48.7682804" lon="11.4515309" visible="true" />
  <node id="-784" lat="48.7682468" lon="11.4513435" visible="true" />
  <node id="-785" lat="48.7685792" lon="11.4518363" visible="true" />
  <node id="-786" lat="48.7686016" lon="11.4519595" visible="true" />
  <node id="-787" lat="48.7684750" lon="11.4520087" visible="true" />
  <node id="-788" lat="48.7684525" lon="11.4518854" visible="true" />
  <node id="-789" lat="48.7684140" lon="11.4521305" visible="true" />
  <node id="-790" lat="48.7685657" lon="11.4520589" visible="true" />
  <node id="-791" lat="48.7685927" lon="11.4521906" visible="true" />
  <node id="-792" lat="48.7684410" lon="11.4522622" visible="true" />
  <node id="-793" lat="48.7686132" lon="11.4524144" visible="true" />
  <node id="-794" lat="48.7687071" lon="11.4523750" visible="true" />
  <node id="-795" lat="48.7687387" lon="11.4525484" visible="true" />
  <node id="-796" lat="48.7686899" lon="11.4525675" visible="true" />
  <node id="-797" lat="48.7686447" lon="11.4525878" visible="true" />
  <node id="-798" lat="48.7685990" lon="11.4522163" visible="true" />
  <node id="-799" lat="48.7686216" lon="11.4523411" visible="true" />
  <node id="-800" lat="48.7685084" lon="11.4523883" visible="true" />
  <node id="-801" lat="48.7684859" lon="11.4522635" visible="true" />
  <node id="-802" lat="48.7684458" lon="11.4512307" visible="true" />
  <node id="-803" lat="48.7685195" lon="11.4512071" visible="true" />
  <node id="-804" lat="48.7685465" lon="11.4514015" visible="true" />
  <node id="-805" lat="48.7684728" lon="11.4514251" visible="true" />
  <node id="-806" lat="48.7687539" lon="11.4528273" visible="true" />
  <node id="-807" lat="48.7686402" lon="11.4528624" visible="true" />
  <node id="-808" lat="48.7686182" lon="11.4526986" visible="true" />
  <node id="-809" lat="48.7687319" lon="11.4526635" visible="true" />
  <node id="-810" lat="48.7678033" lon="11.4517436" visible="true" />
  <node id="-811" lat="48.7678328" lon="11.4520234" visible="true" />
  <node id="-812" lat="48.7680826" lon="11.4519628" visible="true" />
  <node id="-813" lat="48.7681143" lon="11.4522637" visible="true" />
  <node id="-814" lat="48.7678584" lon="11.4523258" visible="true" />
  <node id="-815" lat="48.7679018" lon="11.4527373" visible="true" />
  <node id="-816" lat="48.7677968" lon="11.4527628" visible="true" />
  <node id="-817" lat="48.7676922" lon="11.4517706" visible="true" />
  <node id="-818" lat="48.7678634" lon="11.4514329" visible="true" />
  <node id="-819" lat="48.7678592" lon="11.4512155" visible="true" />
  <node id="-820" lat="48.7679519" lon="11.4512114" visible="true" />
  <node id="-821" lat="48.7679561" lon="11.4514287" visible="true" />
  <node id="-822" lat="48.7677471" lon="11.4505348" visible="true" />
  <node id="-823" lat="48.7678652" lon="11.4505390" visible="true" />
  <node id="-824" lat="48.7678609" lon="11.4508146" visible="true" />
  <node id="-825" lat="48.7678745" lon="11.4508148" visible="true" />
  <node id="-826" lat="48.7678723" lon="11.4511029" visible="true" />
  <node id="-827" lat="48.7677708" lon="11.4511011" visible="true" />
  <node id="-828" lat="48.7677730" lon="11.4508174" visible="true" />
  <node id="-829" lat="48.7677428" lon="11.4508163" visible="true" />
  <node id="-830" lat="48.7677081" lon="11.4508614" visible="true" />
  <node id="-831" lat="48.7677081" lon="11.4509765" visible="true" />
  <node id="-832" lat="48.7676322" lon="11.4509765" visible="true" />
  <node id="-833" lat="48.7676322" lon="11.4508614" visible="true" />
  <node id="-834" lat="48.7677333" lon="11.4504522" visible="true" />
  <node id="-835" lat="48.7677376" lon="11.4502540" visible="true" />
  <node id="-836" lat="48.7678345" lon="11.4502587" visible="true" />
  <node id="-837" lat="48.7678303" lon="11.4504569" visible="true" />
  <node id="-838" lat="48.7677207" lon="11.4501005" visible="true" />
  <node id="-839" lat="48.7677249" lon="11.4499471" visible="true" />
  <node id="-840" lat="48.7678261" lon="11.4499535" visible="true" />
  <node id="-841" lat="48.7678218" lon="11.4501069" visible="true" />
  <node id="-842" lat="48.7676364" lon="11.4499727" visible="true" />
  <node id="-843" lat="48.7676448" lon="11.4501773" visible="true" />
  <node id="-844" lat="48.7675630" lon="11.4501850" visible="true" />
  <node id="-845" lat="48.7675546" lon="11.4499804" visible="true" />
  <node id="-846" lat="48.7676538" lon="11.4502241" visible="true" />
  <node id="-847" lat="48.7676619" lon="11.4504491" visible="true" />
  <node id="-848" lat="48.7675731" lon="11.4504565" visible="true" />
  <node id="-849" lat="48.7675650" lon="11.4502314" visible="true" />
  <node id="-850" lat="48.7676106" lon="11.4495162" visible="true" />
  <node id="-851" lat="48.7676295" lon="11.4499295" visible="true" />
  <node id="-852" lat="48.7675582" lon="11.4499370" visible="true" />
  <node id="-853" lat="48.7675393" lon="11.4495237" visible="true" />
  <node id="-854" lat="48.7678210" lon="11.4498435" visible="true" />
  <node id="-855" lat="48.7676970" lon="11.4498489" visible="true" />
  <node id="-856" lat="48.7676943" lon="11.4497057" visible="true" />
  <node id="-857" lat="48.7678183" lon="11.4497003" visible="true" />
  <node id="-858" lat="48.7678129" lon="11.4495612" visible="true" />
  <node id="-859" lat="48.7678153" lon="11.4496594" visible="true" />
  <node id="-860" lat="48.7676697" lon="11.4496676" visible="true" />
  <node id="-861" lat="48.7676673" lon="11.4495694" visible="true" />
  <node id="-862" lat="48.7676471" lon="11.4483345" visible="true" />
  <node id="-863" lat="48.7677580" lon="11.4483219" visible="true" />
  <node id="-864" lat="48.7677706" lon="11.4485776" visible="true" />
  <node id="-865" lat="48.7676598" lon="11.4485902" visible="true" />
  <node id="-866" lat="48.7676176" lon="11.4480212" visible="true" />
  <node id="-867" lat="48.7677320" lon="11.4480168" visible="true" />
  <node id="-868" lat="48.7677362" lon="11.4482661" visible="true" />
  <node id="-869" lat="48.7676218" lon="11.4482706" visible="true" />
  <node id="-870" lat="48.7676008" lon="11.4476951" visible="true" />
  <node id="-871" lat="48.7677098" lon="11.4476908" visible="true" />
  <node id="-872" lat="48.7677140" lon="11.4479337" visible="true" />
  <node id="-873" lat="48.7676050" lon="11.4479381" visible="true" />
  <node id="-874" lat="48.7675861" lon="11.4473863" visible="true" />
  <node id="-875" lat="48.7676211" lon="11.4473819" visible="true" />
  <node id="-876" lat="48.7676695" lon="11.4473758" visible="true" />
  <node id="-877" lat="48.7676798" lon="11.4475649" visible="true" />
  <node id="-878" lat="48.7676277" lon="11.4475714" visible="true" />
  <node id="-879" lat="48.7676305" lon="11.4476235" visible="true" />
  <node id="-880" lat="48.7675798" lon="11.4476299" visible="true" />
  <node id="-881" lat="48.7675780" lon="11.4475973" visible="true" />
  <node id="-882" lat="48.7675764" lon="11.4475676" visible="true" />
  <node id="-883" lat="48.7675958" lon="11.4475652" visible="true" />
  <node id="-884" lat="48.7675757" lon="11.4470465" visible="true" />
  <node id="-885" lat="48.7676611" lon="11.4470265" visible="true" />
  <node id="-886" lat="48.7676843" lon="11.4472552" visible="true" />
  <node id="-887" lat="48.7676123" lon="11.4472720" visible="true" />
  <node id="-888" lat="48.7675989" lon="11.4472751" visible="true" />
  <node id="-889" lat="48.7673846" lon="11.4479230" visible="true" />
  <node id="-890" lat="48.7673997" lon="11.4480850" visible="true" />
  <node id="-891" lat="48.7672400" lon="11.4481190" visible="true" />
  <node id="-892" lat="48.7672250" lon="11.4479571" visible="true" />
  <node id="-893" lat="48.7670571" lon="11.4481107" visible="true" />
  <node id="-894" lat="48.7671376" lon="11.4480919" visible="true" />
  <node id="-895" lat="48.7671629" lon="11.4483413" visible="true" />
  <node id="-896" lat="48.7670824" lon="11.4483601" visible="true" />
  <node id="-897" lat="48.7673268" lon="11.4475353" visible="true" />
  <node id="-898" lat="48.7673522" lon="11.4476935" visible="true" />
  <node id="-899" lat="48.7672726" lon="11.4477231" visible="true" />
  <node id="-900" lat="48.7672442" lon="11.4477332" visible="true" />
  <node id="-901" lat="48.7671963" lon="11.4477511" visible="true" />
  <node id="-902" lat="48.7671709" lon="11.4475928" visible="true" />
  <node id="-903" lat="48.7671161" lon="11.4476376" visible="true" />
  <node id="-904" lat="48.7671381" lon="11.4477893" visible="true" />
  <node id="-905" lat="48.7669653" lon="11.4478469" visible="true" />
  <node id="-906" lat="48.7669434" lon="11.4476951" visible="true" />
  <node id="-907" lat="48.7672660" lon="11.4470938" visible="true" />
  <node id="-908" lat="48.7671925" lon="11.4471197" visible="true" />
  <node id="-909" lat="48.7671688" lon="11.4469644" visible="true" />
  <node id="-910" lat="48.7672422" lon="11.4469385" visible="true" />
  <node id="-911" lat="48.7674667" lon="11.4467831" visible="true" />
  <node id="-912" lat="48.7675671" lon="11.4467493" visible="true" />
  <node id="-913" lat="48.7675754" lon="11.4468053" visible="true" />
  <node id="-914" lat="48.7675900" lon="11.4469049" visible="true" />
  <node id="-915" lat="48.7675987" lon="11.4469646" visible="true" />
  <node id="-916" lat="48.7674983" lon="11.4469984" visible="true" />
  <node id="-917" lat="48.7674197" lon="11.4464868" visible="true" />
  <node id="-918" lat="48.7675265" lon="11.4464549" visible="true" />
  <node id="-919" lat="48.7675336" lon="11.4465095" visible="true" />
  <node id="-920" lat="48.7675466" lon="11.4466101" visible="true" />
  <node id="-921" lat="48.7675579" lon="11.4466973" visible="true" />
  <node id="-922" lat="48.7674511" lon="11.4467292" visible="true" />
  <node id="-923" lat="48.7674084" lon="11.4464243" visible="true" />
  <node id="-924" lat="48.7673789" lon="11.4462285" visible="true" />
  <node id="-925" lat="48.7674844" lon="11.4461920" visible="true" />
  <node id="-926" lat="48.7674923" lon="11.4462441" visible="true" />
  <node id="-927" lat="48.7675054" lon="11.4463318" visible="true" />
  <node id="-928" lat="48.7675139" lon="11.4463878" visible="true" />
  <node id="-929" lat="48.7668135" lon="11.4464029" visible="true" />
  <node id="-930" lat="48.7667502" lon="11.4464282" visible="true" />
  <node id="-931" lat="48.7667215" lon="11.4462634" visible="true" />
  <node id="-932" lat="48.7667848" lon="11.4462381" visible="true" />
  <node id="-933" lat="48.7668100" lon="11.4463828" visible="true" />
  <node id="-934" lat="48.7667920" lon="11.4467400" visible="true" />
  <node id="-935" lat="48.7668551" lon="11.4467189" visible="true" />
  <node id="-936" lat="48.7668762" lon="11.4468641" visible="true" />
  <node id="-937" lat="48.7668131" lon="11.4468852" visible="true" />
  <node id="-938" lat="48.7664709" lon="11.4461629" visible="true" />
  <node id="-939" lat="48.7664945" lon="11.4462959" visible="true" />
  <node id="-940" lat="48.7664454" lon="11.4463159" visible="true" />
  <node id="-941" lat="48.7664218" lon="11.4461829" visible="true" />
  <node id="-942" lat="48.7665408" lon="11.4467347" visible="true" />
  <node id="-943" lat="48.7666413" lon="11.4467002" visible="true" />
  <node id="-944" lat="48.7666658" lon="11.4468645" visible="true" />
  <node id="-945" lat="48.7665654" lon="11.4468991" visible="true" />
  <node id="-946" lat="48.7666024" lon="11.4471501" visible="true" />
  <node id="-947" lat="48.7667109" lon="11.4471198" visible="true" />
  <node id="-948" lat="48.7667413" lon="11.4473704" visible="true" />
  <node id="-949" lat="48.7666327" lon="11.4474007" visible="true" />
  <node id="-950" lat="48.7666529" lon="11.4475490" visible="true" />
  <node id="-951" lat="48.7667762" lon="11.4475124" visible="true" />
  <node id="-952" lat="48.7668065" lon="11.4477477" visible="true" />
  <node id="-953" lat="48.7666833" lon="11.4477843" visible="true" />
  <node id="-954" lat="48.7667103" lon="11.4479019" visible="true" />
  <node id="-955" lat="48.7668269" lon="11.4478651" visible="true" />
  <node id="-956" lat="48.7668606" lon="11.4481106" visible="true" />
  <node id="-957" lat="48.7667440" lon="11.4481475" visible="true" />
  <node id="-958" lat="48.7667487" lon="11.4481945" visible="true" />
  <node id="-959" lat="48.7668797" lon="11.4481579" visible="true" />
  <node id="-960" lat="48.7669175" lon="11.4484689" visible="true" />
  <node id="-961" lat="48.7667865" lon="11.4485055" visible="true" />
  <node id="-962" lat="48.7667972" lon="11.4485914" visible="true" />
  <node id="-963" lat="48.7669355" lon="11.4485565" visible="true" />
  <node id="-964" lat="48.7669705" lon="11.4488757" visible="true" />
  <node id="-965" lat="48.7668323" lon="11.4489106" visible="true" />
  <node id="-966" lat="48.7680112" lon="11.4471650" visible="true" />
  <node id="-967" lat="48.7680979" lon="11.4471465" visible="true" />
  <node id="-968" lat="48.7680923" lon="11.4470856" visible="true" />
  <node id="-969" lat="48.7680705" lon="11.4468504" visible="true" />
  <node id="-970" lat="48.7679686" lon="11.4468721" visible="true" />
  <node id="-971" lat="48.7679839" lon="11.4470369" visible="true" />
  <node id="-972" lat="48.7679990" lon="11.4470337" visible="true" />
  <node id="-973" lat="48.7680061" lon="11.4471108" visible="true" />
  <node id="-974" lat="48.7682417" lon="11.4466582" visible="true" />
  <node id="-975" lat="48.7682579" lon="11.4467955" visible="true" />
  <node id="-976" lat="48.7681662" lon="11.4468203" visible="true" />
  <node id="-977" lat="48.7681501" lon="11.4466830" visible="true" />
  <node id="-978" lat="48.7678319" lon="11.4462428" visible="true" />
  <node id="-979" lat="48.7679394" lon="11.4462234" visible="true" />
  <node id="-980" lat="48.7679523" lon="11.4463837" visible="true" />
  <node id="-981" lat="48.7679601" lon="11.4464903" visible="true" />
  <node id="-982" lat="48.7678515" lon="11.4465087" visible="true" />
  <node id="-983" lat="48.7696403" lon="11.4489629" visible="true" />
  <node id="-984" lat="48.7696479" lon="11.4491043" visible="true" />
  <node id="-985" lat="48.7696152" lon="11.4491084" visible="true" />
  <node id="-986" lat="48.7696125" lon="11.4490577" visible="true" />
  <node id="-987" lat="48.7695962" lon="11.4490598" visible="true" />
  <node id="-988" lat="48.7695913" lon="11.4489690" visible="true" />
  <node id="-989" lat="48.7691538" lon="11.4467217" visible="true" />
  <node id="-990" lat="48.7691647" lon="11.4468879" visible="true" />
  <node id="-991" lat="48.7690881" lon="11.4468995" visible="true" />
  <node id="-992" lat="48.7690772" lon="11.4467333" visible="true" />
  <node id="-993" lat="48.7687310" lon="11.4471647" visible="true" />
  <node id="-994" lat="48.7687405" lon="11.4473160" visible="true" />
  <node id="-995" lat="48.7685193" lon="11.4473479" visible="true" />
  <node id="-996" lat="48.7685098" lon="11.4471967" visible="true" />
  <node id="-997" lat="48.7687152" lon="11.4470209" visible="true" />
  <node id="-998" lat="48.7684887" lon="11.4470848" visible="true" />
  <node id="-999" lat="48.7684698" lon="11.4469309" visible="true" />
  <node id="-1000" lat="48.7686964" lon="11.4468669" visible="true" />
  <node id="-1001" lat="48.7687205" lon="11.4467491" visible="true" />
  <node id="-1002" lat="48.7684835" lon="11.4468211" visible="true" />
  <node id="-1003" lat="48.7684650" lon="11.4466812" visible="true" />
  <node id="-1004" lat="48.7687021" lon="11.4466093" visible="true" />
  <node id="-1005" lat="48.7691788" lon="11.4470209" visible="true" />
  <node id="-1006" lat="48.7692032" lon="11.4471814" visible="true" />
  <node id="-1007" lat="48.7690662" lon="11.4472293" visible="true" />
  <node id="-1008" lat="48.7690418" lon="11.4470688" visible="true" />
  <node id="-1009" lat="48.7689101" lon="11.4470449" visible="true" />
  <node id="-1010" lat="48.7689340" lon="11.4471834" visible="true" />
  <node id="-1011" lat="48.7688128" lon="11.4472314" visible="true" />
  <node id="-1012" lat="48.7687890" lon="11.4470928" visible="true" />
  <node id="-1013" lat="48.7690161" lon="11.4465719" visible="true" />
  <node id="-1014" lat="48.7690229" lon="11.4466694" visible="true" />
  <node id="-1015" lat="48.7689410" lon="11.4466824" visible="true" />
  <node id="-1016" lat="48.7689342" lon="11.4465850" visible="true" />
  <node id="-1017" lat="48.7675456" lon="11.4493607" visible="true" />
  <node id="-1018" lat="48.7675847" lon="11.4493594" visible="true" />
  <node id="-1019" lat="48.7675828" lon="11.4492105" visible="true" />
  <node id="-1020" lat="48.7677715" lon="11.4491870" visible="true" />
  <node id="-1021" lat="48.7677755" lon="11.4493514" visible="true" />
  <node id="-1022" lat="48.7676403" lon="11.4493644" visible="true" />
  <node id="-1023" lat="48.7676412" lon="11.4494463" visible="true" />
  <node id="-1024" lat="48.7675483" lon="11.4494522" visible="true" />
  <node id="-1025" lat="48.7695248" lon="11.4468176" visible="true" />
  <node id="-1026" lat="48.7695482" lon="11.4469603" visible="true" />
  <node id="-1027" lat="48.7694202" lon="11.4470084" visible="true" />
  <node id="-1028" lat="48.7693969" lon="11.4468658" visible="true" />
  <node id="-1029" lat="48.7622443" lon="11.4522350" visible="true" />
  <node id="-1030" lat="48.7622443" lon="11.4525068" visible="true" />
  <node id="-1031" lat="48.7619980" lon="11.4525068" visible="true" />
  <node id="-1032" lat="48.7619980" lon="11.4522350" visible="true" />
  <node id="-1033" lat="48.7621379" lon="11.4521500" visible="true" />
  <node id="-1034" lat="48.7619532" lon="11.4521585" visible="true" />
  <node id="-1035" lat="48.7619508" lon="11.4520395" visible="true" />
  <node id="-1036" lat="48.7621355" lon="11.4520310" visible="true" />
  <node id="-1037" lat="48.7620147" lon="11.4518615" visible="true" />
  <node id="-1038" lat="48.7620737" lon="11.4518615" visible="true" />
  <node id="-1039" lat="48.7620737" lon="11.4520197" visible="true" />
  <node id="-1040" lat="48.7620147" lon="11.4520197" visible="true" />
  <node id="-1041" lat="48.7615623" lon="11.4525864" visible="true" />
  <node id="-1042" lat="48.7614489" lon="11.4528410" visible="true" />
  <node id="-1043" lat="48.7613729" lon="11.4527631" visible="true" />
  <node id="-1044" lat="48.7614863" lon="11.4525085" visible="true" />
  <node id="-1045" lat="48.7615340" lon="11.4525219" visible="true" />
  <node id="-1046" lat="48.7616292" lon="11.4522674" visible="true" />
  <node id="-1047" lat="48.7617098" lon="11.4523367" visible="true" />
  <node id="-1048" lat="48.7616146" lon="11.4525913" visible="true" />
  <node id="-1049" lat="48.7617608" lon="11.4525494" visible="true" />
  <node id="-1050" lat="48.7616623" lon="11.4524665" visible="true" />
  <node id="-1051" lat="48.7617076" lon="11.4523426" visible="true" />
  <node id="-1052" lat="48.7618061" lon="11.4524256" visible="true" />
  <node id="-1053" lat="48.7621658" lon="11.4530002" visible="true" />
  <node id="-1054" lat="48.7622427" lon="11.4530042" visible="true" />
  <node id="-1055" lat="48.7622381" lon="11.4532037" visible="true" />
  <node id="-1056" lat="48.7621613" lon="11.4531997" visible="true" />
  <node id="-1057" lat="48.7621432" lon="11.4532823" visible="true" />
  <node id="-1058" lat="48.7622202" lon="11.4532823" visible="true" />
  <node id="-1059" lat="48.7622202" lon="11.4534818" visible="true" />
  <node id="-1060" lat="48.7621432" lon="11.4534818" visible="true" />
  <node id="-1061" lat="48.7620570" lon="11.4513284" visible="true" />
  <node id="-1062" lat="48.7621792" lon="11.4513373" visible="true" />
  <node id="-1063" lat="48.7621701" lon="11.4516262" visible="true" />
  <node id="-1064" lat="48.7620479" lon="11.4516174" visible="true" />
  <node id="-1065" lat="48.7690399" lon="11.4592700" visible="true" />
  <node id="-1066" lat="48.7690473" lon="11.4593821" visible="true" />
  <node id="-1067" lat="48.7689687" lon="11.4593940" visible="true" />
  <node id="-1068" lat="48.7689613" lon="11.4592819" visible="true" />
  <node id="-1069" lat="48.7626987" lon="11.4525386" visible="true" />
  <node id="-1070" lat="48.7626457" lon="11.4525390" visible="true" />
  <node id="-1071" lat="48.7626454" lon="11.4524601" visible="true" />
  <node id="-1072" lat="48.7626696" lon="11.4524599" visible="true" />
  <node id="-1073" lat="48.7626689" lon="11.4522472" visible="true" />
  <node id="-1074" lat="48.7624716" lon="11.4522486" visible="true" />
  <node id="-1075" lat="48.7624723" lon="11.4524642" visible="true" />
  <node id="-1076" lat="48.7625722" lon="11.4524635" visible="true" />
  <node id="-1077" lat="48.7625724" lon="11.4525437" visible="true" />
  <node id="-1078" lat="48.7625097" lon="11.4525442" visible="true" />
  <node id="-1079" lat="48.7625067" lon="11.4527644" visible="true" />
  <node id="-1080" lat="48.7626300" lon="11.4528224" visible="true" />
  <node id="-1081" lat="48.7624727" lon="11.4515811" visible="true" />
  <node id="-1082" lat="48.7626953" lon="11.4515769" visible="true" />
  <node id="-1083" lat="48.7626956" lon="11.4516242" visible="true" />
  <node id="-1084" lat="48.7627580" lon="11.4516236" visible="true" />
  <node id="-1085" lat="48.7627596" lon="11.4519816" visible="true" />
  <node id="-1086" lat="48.7626689" lon="11.4519826" visible="true" />
  <node id="-1087" lat="48.7626688" lon="11.4519548" visible="true" />
  <node id="-1088" lat="48.7625944" lon="11.4519556" visible="true" />
  <node id="-1089" lat="48.7625942" lon="11.4519162" visible="true" />
  <node id="-1090" lat="48.7625447" lon="11.4519167" visible="true" />
  <node id="-1091" lat="48.7625438" lon="11.4517286" visible="true" />
  <node id="-1092" lat="48.7624735" lon="11.4517290" visible="true" />
  <node id="-1093" lat="48.7622707" lon="11.4517315" visible="true" />
  <node id="-1094" lat="48.7622699" lon="11.4515836" visible="true" />
  <node id="-1095" lat="48.7615534" lon="11.4513356" visible="true" />
  <node id="-1096" lat="48.7614820" lon="11.4514941" visible="true" />
  <node id="-1097" lat="48.7613626" lon="11.4513702" visible="true" />
  <node id="-1098" lat="48.7614340" lon="11.4512117" visible="true" />
  <node id="-1099" lat="48.7612532" lon="11.4512253" visible="true" />
  <node id="-1100" lat="48.7611639" lon="11.4511324" visible="true" />
  <node id="-1101" lat="48.7612354" lon="11.4509742" visible="true" />
  <node id="-1102" lat="48.7613247" lon="11.4510672" visible="true" />
  <node id="-1103" lat="48.7614668" lon="11.4515829" visible="true" />
  <node id="-1104" lat="48.7613791" lon="11.4514952" visible="true" />
  <node id="-1105" lat="48.7612316" lon="11.4518343" visible="true" />
  <node id="-1106" lat="48.7613194" lon="11.4519221" visible="true" />
  <node id="-1107" lat="48.7625547" lon="11.4489907" visible="true" />
  <node id="-1108" lat="48.7624156" lon="11.4488511" visible="true" />
  <node id="-1109" lat="48.7623997" lon="11.4488874" visible="true" />
  <node id="-1110" lat="48.7621631" lon="11.4486500" visible="true" />
  <node id="-1111" lat="48.7621454" lon="11.4486907" visible="true" />
  <node id="-1112" lat="48.7620252" lon="11.4485701" visible="true" />
  <node id="-1113" lat="48.7618324" lon="11.4490123" visible="true" />
  <node id="-1114" lat="48.7619483" lon="11.4491286" visible="true" />
  <node id="-1115" lat="48.7620511" lon="11.4488926" visible="true" />
  <node id="-1116" lat="48.7622910" lon="11.4491333" visible="true" />
  <node id="-1117" lat="48.7621377" lon="11.4494849" visible="true" />
  <node id="-1118" lat="48.7622779" lon="11.4496256" visible="true" />
  <node id="-1119" lat="48.7614362" lon="11.4500463" visible="true" />
  <node id="-1120" lat="48.7613514" lon="11.4502430" visible="true" />
  <node id="-1121" lat="48.7612535" lon="11.4501456" visible="true" />
  <node id="-1122" lat="48.7613383" lon="11.4499489" visible="true" />
  <node id="-1123" lat="48.7623022" lon="11.4463529" visible="true" />
  <node id="-1124" lat="48.7623025" lon="11.4464812" visible="true" />
  <node id="-1125" lat="48.7617355" lon="11.4464835" visible="true" />
  <node id="-1126" lat="48.7617353" lon="11.4463551" visible="true" />
  <node id="-1127" lat="48.7619377" lon="11.4504879" visible="true" />
  <node id="-1128" lat="48.7618712" lon="11.4506461" visible="true" />
  <node id="-1129" lat="48.7617733" lon="11.4505487" visible="true" />
  <node id="-1130" lat="48.7618398" lon="11.4503905" visible="true" />
  <node id="-1131" lat="48.7618154" lon="11.4500731" visible="true" />
  <node id="-1132" lat="48.7617489" lon="11.4502313" visible="true" />
  <node id="-1133" lat="48.7616510" lon="11.4501340" visible="true" />
  <node id="-1134" lat="48.7617175" lon="11.4499758" visible="true" />
  <node id="-1135" lat="48.7628672" lon="11.4473720" visible="true" />
  <node id="-1136" lat="48.7628672" lon="11.4481576" visible="true" />
  <node id="-1137" lat="48.7627657" lon="11.4481576" visible="true" />
  <node id="-1138" lat="48.7627657" lon="11.4473720" visible="true" />
  <node id="-1139" lat="48.7615752" lon="11.4504607" visible="true" />
  <node id="-1140" lat="48.7615086" lon="11.4506189" visible="true" />
  <node id="-1141" lat="48.7614107" lon="11.4505216" visible="true" />
  <node id="-1142" lat="48.7614772" lon="11.4503634" visible="true" />
  <node id="-1143" lat="48.7625400" lon="11.4471385" visible="true" />
  <node id="-1144" lat="48.7624216" lon="11.4471407" visible="true" />
  <node id="-1145" lat="48.7624269" lon="11.4477929" visible="true" />
  <node id="-1146" lat="48.7625453" lon="11.4477906" visible="true" />
  <node id="-1147" lat="48.7614676" lon="11.4506781" visible="true" />
  <node id="-1148" lat="48.7614011" lon="11.4508363" visible="true" />
  <node id="-1149" lat="48.7613032" lon="11.4507389" visible="true" />
  <node id="-1150" lat="48.7613697" lon="11.4505807" visible="true" />
  <node id="-1151" lat="48.7622465" lon="11.4471468" visible="true" />
  <node id="-1152" lat="48.7621326" lon="11.4471538" visible="true" />
  <node id="-1153" lat="48.7621500" lon="11.4478051" visible="true" />
  <node id="-1154" lat="48.7622639" lon="11.4477981" visible="true" />
  <node id="-1155" lat="48.7615662" lon="11.4498246" visible="true" />
  <node id="-1156" lat="48.7614800" lon="11.4500128" visible="true" />
  <node id="-1157" lat="48.7613821" lon="11.4499154" visible="true" />
  <node id="-1158" lat="48.7614683" lon="11.4497272" visible="true" />
  <node id="-1159" lat="48.7617329" lon="11.4509353" visible="true" />
  <node id="-1160" lat="48.7616664" lon="11.4510935" visible="true" />
  <node id="-1161" lat="48.7615685" lon="11.4509961" visible="true" />
  <node id="-1162" lat="48.7616350" lon="11.4508379" visible="true" />
  <node id="-1163" lat="48.7620537" lon="11.4503047" visible="true" />
  <node id="-1164" lat="48.7619871" lon="11.4504629" visible="true" />
  <node id="-1165" lat="48.7618892" lon="11.4503655" visible="true" />
  <node id="-1166" lat="48.7619557" lon="11.4502073" visible="true" />
  <node id="-1167" lat="48.7619943" lon="11.4480743" visible="true" />
  <node id="-1168" lat="48.7619976" lon="11.4482128" visible="true" />
  <node id="-1169" lat="48.7623768" lon="11.4481921" visible="true" />
  <node id="-1170" lat="48.7623735" lon="11.4480536" visible="true" />
  <node id="-1171" lat="48.7616995" lon="11.4502564" visible="true" />
  <node id="-1172" lat="48.7616330" lon="11.4504146" visible="true" />
  <node id="-1173" lat="48.7615351" lon="11.4503172" visible="true" />
  <node id="-1174" lat="48.7616016" lon="11.4501590" visible="true" />
  <node id="-1175" lat="48.7620919" lon="11.4469467" visible="true" />
  <node id="-1176" lat="48.7615622" lon="11.4469577" visible="true" />
  <node id="-1177" lat="48.7615634" lon="11.4470912" visible="true" />
  <node id="-1178" lat="48.7620931" lon="11.4470802" visible="true" />
  <node id="-1179" lat="48.7623696" lon="11.4483305" visible="true" />
  <node id="-1180" lat="48.7623737" lon="11.4484638" visible="true" />
  <node id="-1181" lat="48.7627292" lon="11.4484391" visible="true" />
  <node id="-1182" lat="48.7627252" lon="11.4483058" visible="true" />
  <node id="-1183" lat="48.7620106" lon="11.4474399" visible="true" />
  <node id="-1184" lat="48.7614334" lon="11.4474763" visible="true" />
  <node id="-1185" lat="48.7614382" lon="11.4476507" visible="true" />
  <node id="-1186" lat="48.7620154" lon="11.4476143" visible="true" />
  <node id="-1187" lat="48.7615728" lon="11.4481155" visible="true" />
  <node id="-1188" lat="48.7615063" lon="11.4482737" visible="true" />
  <node id="-1189" lat="48.7614083" lon="11.4481763" visible="true" />
  <node id="-1190" lat="48.7614749" lon="11.4480181" visible="true" />
  <node id="-1191" lat="48.7611747" lon="11.4522035" visible="true" />
  <node id="-1192" lat="48.7610870" lon="11.4521158" visible="true" />
  <node id="-1193" lat="48.7609395" lon="11.4524549" visible="true" />
  <node id="-1194" lat="48.7610273" lon="11.4525427" visible="true" />
  <node id="-1195" lat="48.7618404" lon="11.4507180" visible="true" />
  <node id="-1196" lat="48.7617739" lon="11.4508761" visible="true" />
  <node id="-1197" lat="48.7616760" lon="11.4507788" visible="true" />
  <node id="-1198" lat="48.7617425" lon="11.4506206" visible="true" />
  <node id="-1199" lat="48.7626492" lon="11.4461675" visible="true" />
  <node id="-1200" lat="48.7626219" lon="11.4469972" visible="true" />
  <node id="-1201" lat="48.7625241" lon="11.4469898" visible="true" />
  <node id="-1202" lat="48.7625514" lon="11.4461601" visible="true" />
  <node id="-1203" lat="48.7620134" lon="11.4498195" visible="true" />
  <node id="-1204" lat="48.7619753" lon="11.4499128" visible="true" />
  <node id="-1205" lat="48.7621551" lon="11.4500816" visible="true" />
  <node id="-1206" lat="48.7622485" lon="11.4498526" visible="true" />
  <node id="-1207" lat="48.7621555" lon="11.4497654" visible="true" />
  <node id="-1208" lat="48.7621002" lon="11.4499009" visible="true" />
  <node id="-1209" lat="48.7696004" lon="11.4485518" visible="true" />
  <node id="-1210" lat="48.7696054" lon="11.4486440" visible="true" />
  <node id="-1211" lat="48.7697800" lon="11.4510620" visible="true" />
  <node id="-1212" lat="48.7696720" lon="11.4510637" visible="true" />
  <node id="-1213" lat="48.7696720" lon="11.4512461" visible="true" />
  <node id="-1214" lat="48.7697805" lon="11.4512442" visible="true" />
  <node id="-1215" lat="48.7673599" lon="11.4497804" visible="true" />
  <node id="-1216" lat="48.7670225" lon="11.4498682" visible="true" />
  <node id="-1217" lat="48.7670478" lon="11.4500919" visible="true" />
  <node id="-1218" lat="48.7673852" lon="11.4500040" visible="true" />
  <node id="-1219" lat="48.7670167" lon="11.4465765" visible="true" />
  <node id="-1220" lat="48.7670963" lon="11.4465484" visible="true" />
  <node id="-1221" lat="48.7671231" lon="11.4467232" visible="true" />
  <node id="-1222" lat="48.7670435" lon="11.4467513" visible="true" />
  <node id="-1223" lat="48.7685199" lon="11.4551222" visible="true" />
  <node id="-1224" lat="48.7686375" lon="11.4550806" visible="true" />
  <node id="-1225" lat="48.7686673" lon="11.4552745" visible="true" />
  <node id="-1226" lat="48.7685497" lon="11.4553161" visible="true" />
  <node id="-1227" lat="48.7674706" lon="11.4485800" visible="true" />
  <node id="-1228" lat="48.7674684" lon="11.4484807" visible="true" />
  <node id="-1229" lat="48.7675030" lon="11.4484790" visible="true" />
  <node id="-1230" lat="48.7675052" lon="11.4485782" visible="true" />
  <node id="-1231" lat="48.7667715" lon="11.4517587" visible="true" />
  <node id="-1232" lat="48.7667928" lon="11.4519669" visible="true" />
  <node id="-1233" lat="48.7664095" lon="11.4520574" visible="true" />
  <node id="-1234" lat="48.7663881" lon="11.4518491" visible="true" />
  <node id="-1235" lat="48.7672861" lon="11.4474337" visible="true" />
  <node id="-1236" lat="48.7672595" lon="11.4472635" visible="true" />
  <node id="-1237" lat="48.7673070" lon="11.4472464" visible="true" />
  <node id="-1238" lat="48.7673337" lon="11.4474166" visible="true" />
  <node id="-1239" lat="48.7672937" lon="11.4485020" visible="true" />
  <node id="-1240" lat="48.7673026" lon="11.4485899" visible="true" />
  <node id="-1241" lat="48.7671973" lon="11.4486146" visible="true" />
  <node id="-1242" lat="48.7671884" lon="11.4485267" visible="true" />
  <node id="-1243" lat="48.7671191" lon="11.4474231" visible="true" />
  <node id="-1244" lat="48.7671523" lon="11.4474125" visible="true" />
  <node id="-1245" lat="48.7671697" lon="11.4475382" visible="true" />
  <node id="-1246" lat="48.7671365" lon="11.4475488" visible="true" />
  <node id="-1247" lat="48.7669951" lon="11.4515195" visible="true" />
  <node id="-1248" lat="48.7668951" lon="11.4515404" visible="true" />
  <node id="-1249" lat="48.7668802" lon="11.4513756" visible="true" />
  <node id="-1250" lat="48.7669802" lon="11.4513548" visible="true" />
  <node id="-1251" lat="48.7673188" lon="11.4512772" visible="true" />
  <node id="-1252" lat="48.7673344" lon="11.4514584" visible="true" />
  <node id="-1253" lat="48.7670405" lon="11.4515166" visible="true" />
  <node id="-1254" lat="48.7670249" lon="11.4513354" visible="true" />
  <node id="-1255" lat="48.7673894" lon="11.4519856" visible="true" />
  <node id="-1256" lat="48.7674038" lon="11.4521354" visible="true" />
  <node id="-1257" lat="48.7670669" lon="11.4522100" visible="true" />
  <node id="-1258" lat="48.7670524" lon="11.4520602" visible="true" />
  <node id="-1259" lat="48.7664904" lon="11.4463505" visible="true" />
  <node id="-1260" lat="48.7665126" lon="11.4464790" visible="true" />
  <node id="-1261" lat="48.7664703" lon="11.4464958" visible="true" />
  <node id="-1262" lat="48.7664453" lon="11.4465057" visible="true" />
  <node id="-1263" lat="48.7664231" lon="11.4463773" visible="true" />
  <node id="-1264" lat="48.7672818" lon="11.4539770" visible="true" />
  <node id="-1265" lat="48.7672987" lon="11.4541821" visible="true" />
  <node id="-1266" lat="48.7672255" lon="11.4541960" visible="true" />
  <node id="-1267" lat="48.7672087" lon="11.4539908" visible="true" />
  <node id="-1268" lat="48.7677780" lon="11.4487122" visible="true" />
  <node id="-1269" lat="48.7677189" lon="11.4487197" visible="true" />
  <node id="-1270" lat="48.7677116" lon="11.4485850" visible="true" />
  <node id="-1271" lat="48.7670206" lon="11.4509638" visible="true" />
  <node id="-1272" lat="48.7670384" lon="11.4511696" visible="true" />
  <node id="-1273" lat="48.7668595" lon="11.4512051" visible="true" />
  <node id="-1274" lat="48.7668417" lon="11.4509993" visible="true" />
  <node id="-1275" lat="48.7671560" lon="11.4524010" visible="true" />
  <node id="-1276" lat="48.7671724" lon="11.4525646" visible="true" />
  <node id="-1277" lat="48.7670423" lon="11.4525946" visible="true" />
  <node id="-1278" lat="48.7670259" lon="11.4524310" visible="true" />
  <node id="-1279" lat="48.7668913" lon="11.4520960" visible="true" />
  <node id="-1280" lat="48.7669025" lon="11.4522368" visible="true" />
  <node id="-1281" lat="48.7664130" lon="11.4523499" visible="true" />
  <node id="-1282" lat="48.7663991" lon="11.4522089" visible="true" />
  <node id="-1283" lat="48.7670091" lon="11.4520731" visible="true" />
  <node id="-1284" lat="48.7670224" lon="11.4522304" visible="true" />
  <node id="-1285" lat="48.7669365" lon="11.4522471" visible="true" />
  <node id="-1286" lat="48.7669232" lon="11.4520899" visible="true" />
  <node id="-1287" lat="48.7664605" lon="11.4475925" visible="true" />
  <node id="-1288" lat="48.7665155" lon="11.4475736" visible="true" />
  <node id="-1289" lat="48.7665559" lon="11.4478438" visible="true" />
  <node id="-1290" lat="48.7665008" lon="11.4478627" visible="true" />
  <node id="-1291" lat="48.7674156" lon="11.4479258" visible="true" />
  <node id="-1292" lat="48.7674683" lon="11.4479052" visible="true" />
  <node id="-1293" lat="48.7674879" lon="11.4480210" visible="true" />
  <node id="-1294" lat="48.7674352" lon="11.4480416" visible="true" />
  <node id="-1295" lat="48.7664349" lon="11.4474181" visible="true" />
  <node id="-1296" lat="48.7663935" lon="11.4471459" visible="true" />
  <node id="-1297" lat="48.7664472" lon="11.4471271" visible="true" />
  <node id="-1298" lat="48.7664886" lon="11.4473993" visible="true" />
  <node id="-1299" lat="48.7665296" lon="11.4458890" visible="true" />
  <node id="-1300" lat="48.7665584" lon="11.4460563" visible="true" />
  <node id="-1301" lat="48.7663459" lon="11.4461404" visible="true" />
  <node id="-1302" lat="48.7663171" lon="11.4459731" visible="true" />
  <node id="-1303" lat="48.7669972" lon="11.4517199" visible="true" />
  <node id="-1304" lat="48.7671953" lon="11.4516682" visible="true" />
  <node id="-1305" lat="48.7672150" lon="11.4518421" visible="true" />
  <node id="-1306" lat="48.7670169" lon="11.4518938" visible="true" />
  <node id="-1307" lat="48.7674623" lon="11.4487749" visible="true" />
  <node id="-1308" lat="48.7675648" lon="11.4487597" visible="true" />
  <node id="-1309" lat="48.7675716" lon="11.4488655" visible="true" />
  <node id="-1310" lat="48.7674811" lon="11.4488789" visible="true" />
  <node id="-1311" lat="48.7674747" lon="11.4488705" visible="true" />
  <node id="-1312" lat="48.7674679" lon="11.4488618" visible="true" />
  <node id="-1313" lat="48.7669440" lon="11.4517231" visible="true" />
  <node id="-1314" lat="48.7669656" lon="11.4518819" visible="true" />
  <node id="-1315" lat="48.7668314" lon="11.4519239" visible="true" />
  <node id="-1316" lat="48.7668098" lon="11.4517651" visible="true" />
  <node id="-1317" lat="48.7665962" lon="11.4484941" visible="true" />
  <node id="-1318" lat="48.7666529" lon="11.4484750" visible="true" />
  <node id="-1319" lat="48.7666992" lon="11.4487912" visible="true" />
  <node id="-1320" lat="48.7666165" lon="11.4488191" visible="true" />
  <node id="-1321" lat="48.7666035" lon="11.4487305" visible="true" />
  <node id="-1322" lat="48.7666295" lon="11.4487217" visible="true" />
  <node id="-1323" lat="48.7668859" lon="11.4474397" visible="true" />
  <node id="-1324" lat="48.7669555" lon="11.4474201" visible="true" />
  <node id="-1325" lat="48.7669664" lon="11.4475094" visible="true" />
  <node id="-1326" lat="48.7668968" lon="11.4475290" visible="true" />
  <node id="-1327" lat="48.7665309" lon="11.4480429" visible="true" />
  <node id="-1328" lat="48.7665833" lon="11.4480252" visible="true" />
  <node id="-1329" lat="48.7666404" lon="11.4484156" visible="true" />
  <node id="-1330" lat="48.7665880" lon="11.4484332" visible="true" />
  <node id="-1331" lat="48.7670762" lon="11.4473186" visible="true" />
  <node id="-1332" lat="48.7670118" lon="11.4473384" visible="true" />
  <node id="-1333" lat="48.7669942" lon="11.4472061" visible="true" />
  <node id="-1334" lat="48.7670586" lon="11.4471864" visible="true" />
  <node id="-1335" lat="48.7676426" lon="11.4528295" visible="true" />
  <node id="-1336" lat="48.7675472" lon="11.4528484" visible="true" />
  <node id="-1337" lat="48.7675162" lon="11.4524882" visible="true" />
  <node id="-1338" lat="48.7672146" lon="11.4525479" visible="true" />
  <node id="-1339" lat="48.7672015" lon="11.4523960" visible="true" />
  <node id="-1340" lat="48.7675986" lon="11.4523175" visible="true" />
  <node id="-1341" lat="48.7674468" lon="11.4518044" visible="true" />
  <node id="-1342" lat="48.7672628" lon="11.4518411" visible="true" />
  <node id="-1343" lat="48.7672464" lon="11.4516520" visible="true" />
  <node id="-1344" lat="48.7675382" lon="11.4515939" visible="true" />
  <node id="-1345" lat="48.7675791" lon="11.4521236" visible="true" />
  <node id="-1346" lat="48.7674743" lon="11.4521432" visible="true" />
  <node id="-1347" lat="48.7674765" lon="11.4508700" visible="true" />
  <node id="-1348" lat="48.7675148" lon="11.4514193" visible="true" />
  <node id="-1349" lat="48.7674055" lon="11.4514369" visible="true" />
  <node id="-1350" lat="48.7673827" lon="11.4511094" visible="true" />
  <node id="-1351" lat="48.7670715" lon="11.4511809" visible="true" />
  <node id="-1352" lat="48.7670505" lon="11.4509703" visible="true" />
  <node id="-1353" lat="48.7665851" lon="11.4501124" visible="true" />
  <node id="-1354" lat="48.7665697" lon="11.4499737" visible="true" />
  <node id="-1355" lat="48.7663948" lon="11.4500185" visible="true" />
  <node id="-1356" lat="48.7664100" lon="11.4501547" visible="true" />
  <node id="-1357" lat="48.7663466" lon="11.4501709" visible="true" />
  <node id="-1358" lat="48.7663142" lon="11.4498807" visible="true" />
  <node id="-1359" lat="48.7666087" lon="11.4498051" visible="true" />
  <node id="-1360" lat="48.7666413" lon="11.4500979" visible="true" />
  <node id="-1361" lat="48.7691664" lon="11.4562444" visible="true" />
  <node id="-1362" lat="48.7691352" lon="11.4564272" visible="true" />
  <node id="-1363" lat="48.7690217" lon="11.4563826" visible="true" />
  <node id="-1364" lat="48.7690529" lon="11.4561998" visible="true" />
  <node id="-1365" lat="48.7689704" lon="11.4573062" visible="true" />
  <node id="-1366" lat="48.7689545" lon="11.4574125" visible="true" />
  <node id="-1367" lat="48.7688621" lon="11.4573806" visible="true" />
  <node id="-1368" lat="48.7688781" lon="11.4572743" visible="true" />
  <node id="-1369" lat="48.7693431" lon="11.4560969" visible="true" />
  <node id="-1370" lat="48.7692890" lon="11.4564775" visible="true" />
  <node id="-1371" lat="48.7691837" lon="11.4564431" visible="true" />
  <node id="-1372" lat="48.7692378" lon="11.4560625" visible="true" />
  <node id="-1373" lat="48.7687675" lon="11.4518867" visible="true" />
  <node id="-1374" lat="48.7688075" lon="11.4520815" visible="true" />
  <node id="-1375" lat="48.7687352" lon="11.4521156" visible="true" />
  <node id="-1376" lat="48.7686953" lon="11.4519208" visible="true" />
  <node id="-1377" lat="48.7678394" lon="11.4514511" visible="true" />
  <node id="-1378" lat="48.7678478" lon="11.4515326" visible="true" />
  <node id="-1379" lat="48.7676797" lon="11.4515727" visible="true" />
  <node id="-1380" lat="48.7676712" lon="11.4514912" visible="true" />
  <node id="-1381" lat="48.7685171" lon="11.4541879" visible="true" />
  <node id="-1382" lat="48.7684825" lon="11.4539544" visible="true" />
  <node id="-1383" lat="48.7685744" lon="11.4539230" visible="true" />
  <node id="-1384" lat="48.7686303" lon="11.4542994" visible="true" />
  <node id="-1385" lat="48.7686160" lon="11.4543043" visible="true" />
  <node id="-1386" lat="48.7686655" lon="11.4546376" visible="true" />
  <node id="-1387" lat="48.7681247" lon="11.4548225" visible="true" />
  <node id="-1388" lat="48.7680540" lon="11.4543462" visible="true" />
  <node id="-1389" lat="48.7684759" lon="11.4503319" visible="true" />
  <node id="-1390" lat="48.7684829" lon="11.4504136" visible="true" />
  <node id="-1391" lat="48.7683916" lon="11.4504319" visible="true" />
  <node id="-1392" lat="48.7683845" lon="11.4503501" visible="true" />
  <node id="-1393" lat="48.7688791" lon="11.4590941" visible="true" />
  <node id="-1394" lat="48.7688856" lon="11.4592320" visible="true" />
  <node id="-1395" lat="48.7688381" lon="11.4592371" visible="true" />
  <node id="-1396" lat="48.7688316" lon="11.4590993" visible="true" />
  <node id="-1397" lat="48.7685454" lon="11.4579475" visible="true" />
  <node id="-1398" lat="48.7685421" lon="11.4580837" visible="true" />
  <node id="-1399" lat="48.7684804" lon="11.4580804" visible="true" />
  <node id="-1400" lat="48.7684836" lon="11.4579441" visible="true" />
  <node id="-1401" lat="48.7688717" lon="11.4532591" visible="true" />
  <node id="-1402" lat="48.7689094" lon="11.4533935" visible="true" />
  <node id="-1403" lat="48.7687994" lon="11.4534647" visible="true" />
  <node id="-1404" lat="48.7687616" lon="11.4533303" visible="true" />
  <node id="-1405" lat="48.7698119" lon="11.4553427" visible="true" />
  <node id="-1406" lat="48.7697977" lon="11.4555539" visible="true" />
  <node id="-1407" lat="48.7696327" lon="11.4556232" visible="true" />
  <node id="-1408" lat="48.7695967" lon="11.4554381" visible="true" />
  <node id="-1409" lat="48.7684886" lon="11.4504932" visible="true" />
  <node id="-1410" lat="48.7685013" lon="11.4506618" visible="true" />
  <node id="-1411" lat="48.7684020" lon="11.4506791" visible="true" />
  <node id="-1412" lat="48.7683893" lon="11.4505105" visible="true" />
  <node id="-1413" lat="48.7684220" lon="11.4571974" visible="true" />
  <node id="-1414" lat="48.7684220" lon="11.4573583" visible="true" />
  <node id="-1415" lat="48.7683788" lon="11.4573583" visible="true" />
  <node id="-1416" lat="48.7683788" lon="11.4571974" visible="true" />
  <node id="-1417" lat="48.7684106" lon="11.4509903" visible="true" />
  <node id="-1418" lat="48.7684554" lon="11.4509634" visible="true" />
  <node id="-1419" lat="48.7684824" lon="11.4510667" visible="true" />
  <node id="-1420" lat="48.7684376" lon="11.4510936" visible="true" />
  <node id="-1421" lat="48.7686709" lon="11.4570267" visible="true" />
  <node id="-1422" lat="48.7686709" lon="11.4571288" visible="true" />
  <node id="-1423" lat="48.7686065" lon="11.4570267" visible="true" />
  <node id="-1424" lat="48.7691447" lon="11.4589952" visible="true" />
  <node id="-1425" lat="48.7691467" lon="11.4591034" visible="true" />
  <node id="-1426" lat="48.7690688" lon="11.4591067" visible="true" />
  <node id="-1427" lat="48.7690668" lon="11.4589985" visible="true" />
  <node id="-1428" lat="48.7691231" lon="11.4593760" visible="true" />
  <node id="-1429" lat="48.7691274" lon="11.4594712" visible="true" />
  <node id="-1430" lat="48.7690680" lon="11.4594774" visible="true" />
  <node id="-1431" lat="48.7690637" lon="11.4593822" visible="true" />
  <node id="-1432" lat="48.7683387" lon="11.4581560" visible="true" />
  <node id="-1433" lat="48.7683049" lon="11.4580307" visible="true" />
  <node id="-1434" lat="48.7684097" lon="11.4579715" visible="true" />
  <node id="-1435" lat="48.7684794" lon="11.4579738" visible="true" />
  <node id="-1436" lat="48.7684761" lon="11.4581117" visible="true" />
  <node id="-1437" lat="48.7684152" lon="11.4581084" visible="true" />
  <node id="-1438" lat="48.7691793" lon="11.4591462" visible="true" />
  <node id="-1439" lat="48.7691906" lon="11.4592803" visible="true" />
  <node id="-1440" lat="48.7690716" lon="11.4593033" visible="true" />
  <node id="-1441" lat="48.7690603" lon="11.4591692" visible="true" />
  <node id="-1442" lat="48.7685565" lon="11.4509749" visible="true" />
  <node id="-1443" lat="48.7686269" lon="11.4509606" visible="true" />
  <node id="-1444" lat="48.7686406" lon="11.4511157" visible="true" />
  <node id="-1445" lat="48.7685703" lon="11.4511300" visible="true" />
  <node id="-1446" lat="48.7689576" lon="11.4483354" visible="true" />
  <node id="-1447" lat="48.7689594" lon="11.4483949" visible="true" />
  <node id="-1448" lat="48.7688749" lon="11.4484008" visible="true" />
  <node id="-1449" lat="48.7688730" lon="11.4483413" visible="true" />
  <node id="-1450" lat="48.7696531" lon="11.4467847" visible="true" />
  <node id="-1451" lat="48.7696813" lon="11.4469106" visible="true" />
  <node id="-1452" lat="48.7695889" lon="11.4469583" visible="true" />
  <node id="-1453" lat="48.7695607" lon="11.4468325" visible="true" />
  <node id="-1454" lat="48.7687217" lon="11.4509332" visible="true" />
  <node id="-1455" lat="48.7687272" lon="11.4510117" visible="true" />
  <node id="-1456" lat="48.7686722" lon="11.4510207" visible="true" />
  <node id="-1457" lat="48.7686666" lon="11.4509421" visible="true" />
  <node id="-1458" lat="48.7687374" lon="11.4486187" visible="true" />
  <node id="-1459" lat="48.7687428" lon="11.4487440" visible="true" />
  <node id="-1460" lat="48.7686524" lon="11.4487530" visible="true" />
  <node id="-1461" lat="48.7686470" lon="11.4486277" visible="true" />
  <node id="-1462" lat="48.7681381" lon="11.4466523" visible="true" />
  <node id="-1463" lat="48.7681881" lon="11.4470319" visible="true" />
  <node id="-1464" lat="48.7681330" lon="11.4470486" visible="true" />
  <node id="-1465" lat="48.7680830" lon="11.4466690" visible="true" />
  <node id="-1466" lat="48.7680769" lon="11.4486575" visible="true" />
  <node id="-1467" lat="48.7681319" lon="11.4486575" visible="true" />
  <node id="-1468" lat="48.7681319" lon="11.4487708" visible="true" />
  <node id="-1469" lat="48.7680769" lon="11.4487708" visible="true" />
  <node id="-1470" lat="48.7687492" lon="11.4483413" visible="true" />
  <node id="-1471" lat="48.7687551" lon="11.4485620" visible="true" />
  <node id="-1472" lat="48.7686478" lon="11.4485686" visible="true" />
  <node id="-1473" lat="48.7686419" lon="11.4483479" visible="true" />
  <node id="-1474" lat="48.7694840" lon="11.4466416" visible="true" />
  <node id="-1475" lat="48.7695076" lon="11.4467549" visible="true" />
  <node id="-1476" lat="48.7694225" lon="11.4467957" visible="true" />
  <node id="-1477" lat="48.7693989" lon="11.4466824" visible="true" />
  <node id="-1478" lat="48.7689868" lon="11.4475012" visible="true" />
  <node id="-1479" lat="48.7690103" lon="11.4478234" visible="true" />
  <node id="-1480" lat="48.7688945" lon="11.4478429" visible="true" />
  <node id="-1481" lat="48.7688709" lon="11.4475208" visible="true" />
  <node id="-1482" lat="48.7678968" lon="11.4555548" visible="true" />
  <node id="-1483" lat="48.7679008" lon="11.4556699" visible="true" />
  <node id="-1484" lat="48.7677644" lon="11.4556808" visible="true" />
  <node id="-1485" lat="48.7677604" lon="11.4555657" visible="true" />
  <node id="-1486" lat="48.7679733" lon="11.4556456" visible="true" />
  <node id="-1487" lat="48.7679832" lon="11.4557137" visible="true" />
  <node id="-1488" lat="48.7679107" lon="11.4557380" visible="true" />
  <node id="-1489" lat="48.7625287" lon="11.4501294" visible="true" />
  <node id="-1490" lat="48.7624848" lon="11.4502384" visible="true" />
  <node id="-1491" lat="48.7624176" lon="11.4501761" visible="true" />
  <node id="-1492" lat="48.7624615" lon="11.4500671" visible="true" />
  <node id="-1493" lat="48.7629914" lon="11.4505773" visible="true" />
  <node id="-1494" lat="48.7628933" lon="11.4507845" visible="true" />
  <node id="-1495" lat="48.7626101" lon="11.4504758" visible="true" />
  <node id="-1496" lat="48.7627082" lon="11.4502686" visible="true" />
  <node id="-1497" lat="48.7615005" lon="11.4545030" visible="true" />
  <node id="-1498" lat="48.7615105" lon="11.4546936" visible="true" />
  <node id="-1499" lat="48.7614165" lon="11.4547050" visible="true" />
  <node id="-1500" lat="48.7614065" lon="11.4545143" visible="true" />
  <node id="-1501" lat="48.7614885" lon="11.4542065" visible="true" />
  <node id="-1502" lat="48.7614965" lon="11.4544092" visible="true" />
  <node id="-1503" lat="48.7613931" lon="11.4544186" visible="true" />
  <node id="-1504" lat="48.7613852" lon="11.4542158" visible="true" />
  <node id="-1505" lat="48.7624848" lon="11.4502747" visible="true" />
  <node id="-1506" lat="48.7624125" lon="11.4504209" visible="true" />
  <node id="-1507" lat="48.7623487" lon="11.4503483" visible="true" />
  <node id="-1508" lat="48.7624209" lon="11.4502021" visible="true" />
  <node id="-1509" lat="48.7621542" lon="11.4511007" visible="true" />
  <node id="-1510" lat="48.7621598" lon="11.4512548" visible="true" />
  <node id="-1511" lat="48.7620708" lon="11.4512623" visible="true" />
  <node id="-1512" lat="48.7620651" lon="11.4511082" visible="true" />
  <node id="-1513" lat="48.7629914" lon="11.4510796" visible="true" />
  <node id="-1514" lat="48.7629445" lon="11.4511877" visible="true" />
  <node id="-1515" lat="48.7627929" lon="11.4510364" visible="true" />
  <node id="-1516" lat="48.7628398" lon="11.4509283" visible="true" />
  <node id="-1517" lat="48.7630023" lon="11.4491041" visible="true" />
  <node id="-1518" lat="48.7630063" lon="11.4493582" visible="true" />
  <node id="-1519" lat="48.7628869" lon="11.4493625" visible="true" />
  <node id="-1520" lat="48.7628829" lon="11.4491084" visible="true" />
  <node id="-1521" lat="48.7626603" lon="11.4500871" visible="true" />
  <node id="-1522" lat="48.7626340" lon="11.4501497" visible="true" />
  <node id="-1523" lat="48.7625024" lon="11.4500227" visible="true" />
  <node id="-1524" lat="48.7625287" lon="11.4499600" visible="true" />
  <node id="-1525" lat="48.7628837" lon="11.4514306" visible="true" />
  <node id="-1526" lat="48.7628431" lon="11.4515202" visible="true" />
  <node id="-1527" lat="48.7626516" lon="11.4513205" visible="true" />
  <node id="-1528" lat="48.7626922" lon="11.4512309" visible="true" />
  <node id="-1529" lat="48.7609375" lon="11.4564043" visible="true" />
  <node id="-1530" lat="48.7609415" lon="11.4566040" visible="true" />
  <node id="-1531" lat="48.7608265" lon="11.4566103" visible="true" />
  <node id="-1532" lat="48.7608238" lon="11.4565072" visible="true" />
  <node id="-1533" lat="48.7608611" lon="11.4565049" visible="true" />
  <node id="-1534" lat="48.7608660" lon="11.4564076" visible="true" />
  <node id="-1535" lat="48.7629276" lon="11.4501537" visible="true" />
  <node id="-1536" lat="48.7625765" lon="11.4498208" visible="true" />
  <node id="-1537" lat="48.7627336" lon="11.4494395" visible="true" />
  <node id="-1538" lat="48.7630054" lon="11.4497517" visible="true" />
  <node id="-1539" lat="48.7629526" lon="11.4498637" visible="true" />
  <node id="-1540" lat="48.7629802" lon="11.4498979" visible="true" />
  <node id="-1541" lat="48.7629365" lon="11.4500070" visible="true" />
  <node id="-1542" lat="48.7629745" lon="11.4500498" visible="true" />
  <node id="-1543" lat="48.7670329" lon="11.4525010" visible="true" />
  <node id="-1544" lat="48.7670453" lon="11.4526249" visible="true" />
  <node id="-1545" lat="48.7670023" lon="11.4526348" visible="true" />
  <node id="-1546" lat="48.7669899" lon="11.4525110" visible="true" />
  <node id="-1547" lat="48.7674542" lon="11.4526900" visible="true" />
  <node id="-1548" lat="48.7675072" lon="11.4531912" visible="true" />
  <node id="-1549" lat="48.7673008" lon="11.4532414" visible="true" />
  <node id="-1550" lat="48.7672876" lon="11.4531165" visible="true" />
  <node id="-1551" lat="48.7672478" lon="11.4527402" visible="true" />
  <node id="-1552" lat="48.7669218" lon="11.4492004" visible="true" />
  <node id="-1553" lat="48.7669299" lon="11.4492673" visible="true" />
  <node id="-1554" lat="48.7668586" lon="11.4492871" visible="true" />
  <node id="-1555" lat="48.7668506" lon="11.4492202" visible="true" />
  <node id="-1556" lat="48.7671484" lon="11.4486814" visible="true" />
  <node id="-1557" lat="48.7672267" lon="11.4486616" visible="true" />
  <node id="-1558" lat="48.7672425" lon="11.4488057" visible="true" />
  <node id="-1559" lat="48.7671642" lon="11.4488254" visible="true" />
  <node id="-1560" lat="48.7670702" lon="11.4487011" visible="true" />
  <node id="-1561" lat="48.7670860" lon="11.4488452" visible="true" />
  <node id="-1562" lat="48.7664964" lon="11.4487954" visible="true" />
  <node id="-1563" lat="48.7665515" lon="11.4487766" visible="true" />
  <node id="-1564" lat="48.7665731" lon="11.4489223" visible="true" />
  <node id="-1565" lat="48.7665632" lon="11.4489257" visible="true" />
  <node id="-1566" lat="48.7665180" lon="11.4489411" visible="true" />
  <node id="-1567" lat="48.7664413" lon="11.4488143" visible="true" />
  <node id="-1568" lat="48.7665077" lon="11.4489447" visible="true" />
  <node id="-1569" lat="48.7664629" lon="11.4489600" visible="true" />
  <node id="-1570" lat="48.7663862" lon="11.4488331" visible="true" />
  <node id="-1571" lat="48.7664525" lon="11.4489635" visible="true" />
  <node id="-1572" lat="48.7664078" lon="11.4489788" visible="true" />
  <node id="-1573" lat="48.7661390" lon="11.4470455" visible="true" />
  <node id="-1574" lat="48.7661945" lon="11.4470266" visible="true" />
  <node id="-1575" lat="48.7662160" lon="11.4471723" visible="true" />
  <node id="-1576" lat="48.7662012" lon="11.4471773" visible="true" />
  <node id="-1577" lat="48.7661119" lon="11.4472077" visible="true" />
  <node id="-1578" lat="48.7660993" lon="11.4471226" visible="true" />
  <node id="-1579" lat="48.7661479" lon="11.4471061" visible="true" />
  <node id="-1580" lat="48.7676747" lon="11.4487410" visible="true" />
  <node id="-1581" lat="48.7677555" lon="11.4487294" visible="true" />
  <node id="-1582" lat="48.7677656" lon="11.4488926" visible="true" />
  <node id="-1583" lat="48.7676848" lon="11.4489041" visible="true" />
  <node id="-1584" lat="48.7663311" lon="11.4488519" visible="true" />
  <node id="-1585" lat="48.7663978" lon="11.4489822" visible="true" />
  <node id="-1586" lat="48.7663527" lon="11.4489976" visible="true" />
  <node id="-1587" lat="48.7662496" lon="11.4470078" visible="true" />
  <node id="-1588" lat="48.7662711" lon="11.4471535" visible="true" />
  <node id="-1589" lat="48.7662611" lon="11.4471569" visible="true" />
  <node id="-1590" lat="48.7662756" lon="11.4488709" visible="true" />
  <node id="-1591" lat="48.7663430" lon="11.4490010" visible="true" />
  <node id="-1592" lat="48.7662972" lon="11.4490166" visible="true" />
  <node id="-1593" lat="48.7662906" lon="11.4489719" visible="true" />
  <node id="-1594" lat="48.7663047" lon="11.4469891" visible="true" />
  <node id="-1595" lat="48.7663263" lon="11.4471348" visible="true" />
  <node id="-1596" lat="48.7663158" lon="11.4471383" visible="true" />
  <node id="-1597" lat="48.7662135" lon="11.4488440" visible="true" />
  <node id="-1598" lat="48.7662688" lon="11.4488251" visible="true" />
  <node id="-1599" lat="48.7662821" lon="11.4489749" visible="true" />
  <node id="-1600" lat="48.7662353" lon="11.4489909" visible="true" />
  <node id="-1601" lat="48.7663598" lon="11.4469703" visible="true" />
  <node id="-1602" lat="48.7663814" lon="11.4471160" visible="true" />
  <node id="-1603" lat="48.7663710" lon="11.4471195" visible="true" />
  <node id="-1604" lat="48.7661585" lon="11.4488628" visible="true" />
  <node id="-1605" lat="48.7662265" lon="11.4489938" visible="true" />
  <node id="-1606" lat="48.7661803" lon="11.4490096" visible="true" />
  <node id="-1607" lat="48.7664149" lon="11.4469516" visible="true" />
  <node id="-1608" lat="48.7664365" lon="11.4470973" visible="true" />
  <node id="-1609" lat="48.7664265" lon="11.4471006" visible="true" />
  <node id="-1610" lat="48.7660770" lon="11.4475354" visible="true" />
  <node id="-1611" lat="48.7661325" lon="11.4475165" visible="true" />
  <node id="-1612" lat="48.7661541" lon="11.4476622" visible="true" />
  <node id="-1613" lat="48.7661443" lon="11.4476655" visible="true" />
  <node id="-1614" lat="48.7660986" lon="11.4476811" visible="true" />
  <node id="-1615" lat="48.7662677" lon="11.4492976" visible="true" />
  <node id="-1616" lat="48.7662727" lon="11.4493439" visible="true" />
  <node id="-1617" lat="48.7662781" lon="11.4493940" visible="true" />
  <node id="-1618" lat="48.7663527" lon="11.4493754" visible="true" />
  <node id="-1619" lat="48.7661876" lon="11.4474976" visible="true" />
  <node id="-1620" lat="48.7662092" lon="11.4476433" visible="true" />
  <node id="-1621" lat="48.7661992" lon="11.4476468" visible="true" />
  <node id="-1622" lat="48.7662427" lon="11.4474788" visible="true" />
  <node id="-1623" lat="48.7662643" lon="11.4476245" visible="true" />
  <node id="-1624" lat="48.7662539" lon="11.4476281" visible="true" />
  <node id="-1625" lat="48.7662978" lon="11.4474600" visible="true" />
  <node id="-1626" lat="48.7663194" lon="11.4476057" visible="true" />
  <node id="-1627" lat="48.7663090" lon="11.4476092" visible="true" />
  <node id="-1628" lat="48.7663529" lon="11.4474412" visible="true" />
  <node id="-1629" lat="48.7663745" lon="11.4475868" visible="true" />
  <node id="-1630" lat="48.7663645" lon="11.4475903" visible="true" />
  <node id="-1631" lat="48.7660828" lon="11.4479612" visible="true" />
  <node id="-1632" lat="48.7661378" lon="11.4479424" visible="true" />
  <node id="-1633" lat="48.7661596" lon="11.4480893" visible="true" />
  <node id="-1634" lat="48.7661508" lon="11.4480922" visible="true" />
  <node id="-1635" lat="48.7661046" lon="11.4481080" visible="true" />
  <node id="-1636" lat="48.7675939" lon="11.4487526" visible="true" />
  <node id="-1637" lat="48.7676040" lon="11.4489157" visible="true" />
  <node id="-1638" lat="48.7661931" lon="11.4479235" visible="true" />
  <node id="-1639" lat="48.7661999" lon="11.4479693" visible="true" />
  <node id="-1640" lat="48.7662149" lon="11.4480703" visible="true" />
  <node id="-1641" lat="48.7662064" lon="11.4480732" visible="true" />
  <node id="-1642" lat="48.7662554" lon="11.4479503" visible="true" />
  <node id="-1643" lat="48.7662770" lon="11.4480960" visible="true" />
  <node id="-1644" lat="48.7662673" lon="11.4480993" visible="true" />
  <node id="-1645" lat="48.7662215" lon="11.4481150" visible="true" />
  <node id="-1646" lat="48.7663105" lon="11.4479315" visible="true" />
  <node id="-1647" lat="48.7663321" lon="11.4480772" visible="true" />
  <node id="-1648" lat="48.7663221" lon="11.4480806" visible="true" />
  <node id="-1649" lat="48.7663656" lon="11.4479127" visible="true" />
  <node id="-1650" lat="48.7663872" lon="11.4480583" visible="true" />
  <node id="-1651" lat="48.7663768" lon="11.4480619" visible="true" />
  <node id="-1652" lat="48.7664207" lon="11.4478938" visible="true" />
  <node id="-1653" lat="48.7664423" lon="11.4480395" visible="true" />
  <node id="-1654" lat="48.7664320" lon="11.4480431" visible="true" />
  <node id="-1655" lat="48.7660959" lon="11.4484339" visible="true" />
  <node id="-1656" lat="48.7661509" lon="11.4484151" visible="true" />
  <node id="-1657" lat="48.7661727" lon="11.4485620" visible="true" />
  <node id="-1658" lat="48.7661639" lon="11.4485650" visible="true" />
  <node id="-1659" lat="48.7661177" lon="11.4485808" visible="true" />
  <node id="-1660" lat="48.7662062" lon="11.4483962" visible="true" />
  <node id="-1661" lat="48.7662130" lon="11.4484420" visible="true" />
  <node id="-1662" lat="48.7662280" lon="11.4485431" visible="true" />
  <node id="-1663" lat="48.7662195" lon="11.4485460" visible="true" />
  <node id="-1664" lat="48.7662685" lon="11.4484231" visible="true" />
  <node id="-1665" lat="48.7662901" lon="11.4485688" visible="true" />
  <node id="-1666" lat="48.7662804" lon="11.4485721" visible="true" />
  <node id="-1667" lat="48.7662346" lon="11.4485877" visible="true" />
  <node id="-1668" lat="48.7663236" lon="11.4484042" visible="true" />
  <node id="-1669" lat="48.7663452" lon="11.4485499" visible="true" />
  <node id="-1670" lat="48.7663352" lon="11.4485534" visible="true" />
  <node id="-1671" lat="48.7663787" lon="11.4483854" visible="true" />
  <node id="-1672" lat="48.7664003" lon="11.4485311" visible="true" />
  <node id="-1673" lat="48.7663899" lon="11.4485347" visible="true" />
  <node id="-1674" lat="48.7673642" lon="11.4486262" visible="true" />
  <node id="-1675" lat="48.7673883" lon="11.4486202" visible="true" />
  <node id="-1676" lat="48.7674420" lon="11.4486067" visible="true" />
  <node id="-1677" lat="48.7674580" lon="11.4487531" visible="true" />
  <node id="-1678" lat="48.7673801" lon="11.4487726" visible="true" />
  <node id="-1679" lat="48.7664338" lon="11.4483666" visible="true" />
  <node id="-1680" lat="48.7664554" lon="11.4485123" visible="true" />
  <node id="-1681" lat="48.7664451" lon="11.4485158" visible="true" />
  <node id="-1682" lat="48.7664889" lon="11.4483478" visible="true" />
  <node id="-1683" lat="48.7665105" lon="11.4484934" visible="true" />
  <node id="-1684" lat="48.7665006" lon="11.4484969" visible="true" />
  <node id="-1685" lat="48.7672863" lon="11.4486458" visible="true" />
  <node id="-1686" lat="48.7673467" lon="11.4486306" visible="true" />
  <node id="-1687" lat="48.7673023" lon="11.4487922" visible="true" />
  <node id="-1688" lat="48.7627915" lon="11.4451393" visible="true" />
  <node id="-1689" lat="48.7627911" lon="11.4453532" visible="true" />
  <node id="-1690" lat="48.7627908" lon="11.4454978" visible="true" />
  <node id="-1691" lat="48.7627034" lon="11.4454974" visible="true" />
  <node id="-1692" lat="48.7627063" lon="11.4452062" visible="true" />
  <node id="-1693" lat="48.7627060" lon="11.4451400" visible="true" />
  <node id="-1694" lat="48.7627917" lon="11.4456632" visible="true" />
  <node id="-1695" lat="48.7627926" lon="11.4458592" visible="true" />
  <node id="-1696" lat="48.7627933" lon="11.4460116" visible="true" />
  <node id="-1697" lat="48.7626962" lon="11.4460125" visible="true" />
  <node id="-1698" lat="48.7626943" lon="11.4457347" visible="true" />
  <node id="-1699" lat="48.7626948" lon="11.4456644" visible="true" />
  <node id="-1700" lat="48.7627061" lon="11.4450736" visible="true" />
  <node id="-1701" lat="48.7626330" lon="11.4452062" visible="true" />
  <node id="-1702" lat="48.7625218" lon="11.4452061" visible="true" />
  <node id="-1703" lat="48.7624527" lon="11.4452074" visible="true" />
  <node id="-1704" lat="48.7624524" lon="11.4450748" visible="true" />
  <node id="-1705" lat="48.7625211" lon="11.4453394" visible="true" />
  <node id="-1706" lat="48.7623746" lon="11.4453375" visible="true" />
  <node id="-1707" lat="48.7622184" lon="11.4453354" visible="true" />
  <node id="-1708" lat="48.7622193" lon="11.4452498" visible="true" />
  <node id="-1709" lat="48.7622192" lon="11.4452020" visible="true" />
  <node id="-1710" lat="48.7623729" lon="11.4452056" visible="true" />
  <node id="-1711" lat="48.7622191" lon="11.4451099" visible="true" />
  <node id="-1712" lat="48.7621564" lon="11.4452500" visible="true" />
  <node id="-1713" lat="48.7620342" lon="11.4452505" visible="true" />
  <node id="-1714" lat="48.7620340" lon="11.4451105" visible="true" />
  <node id="-1715" lat="48.7626943" lon="11.4455733" visible="true" />
  <node id="-1716" lat="48.7626352" lon="11.4457348" visible="true" />
  <node id="-1717" lat="48.7625006" lon="11.4457349" visible="true" />
  <node id="-1718" lat="48.7624354" lon="11.4457321" visible="true" />
  <node id="-1719" lat="48.7624361" lon="11.4455718" visible="true" />
  <node id="-1720" lat="48.7625004" lon="11.4458823" visible="true" />
  <node id="-1721" lat="48.7623730" lon="11.4458819" visible="true" />
  <node id="-1722" lat="48.7621853" lon="11.4458812" visible="true" />
  <node id="-1723" lat="48.7621844" lon="11.4457870" visible="true" />
  <node id="-1724" lat="48.7621855" lon="11.4457338" visible="true" />
  <node id="-1725" lat="48.7623705" lon="11.4457344" visible="true" />
  <node id="-1726" lat="48.7621860" lon="11.4456441" visible="true" />
  <node id="-1727" lat="48.7621241" lon="11.4457854" visible="true" />
  <node id="-1728" lat="48.7619210" lon="11.4457801" visible="true" />
  <node id="-1729" lat="48.7618461" lon="11.4457781" visible="true" />
  <node id="-1730" lat="48.7618478" lon="11.4456353" visible="true" />
  <node id="-1731" lat="48.7701168" lon="11.4485621" visible="true" />
  <node id="-1732" lat="48.7701607" lon="11.4492969" visible="true" />
  <node id="-1733" lat="48.7701066" lon="11.4493043" visible="true" />
  <node id="-1734" lat="48.7701035" lon="11.4492530" visible="true" />
  <node id="-1735" lat="48.7700251" lon="11.4492637" visible="true" />
  <node id="-1736" lat="48.7699843" lon="11.4485803" visible="true" />
  <node id="-1737" lat="48.7700329" lon="11.4481394" visible="true" />
  <node id="-1738" lat="48.7699567" lon="11.4481483" visible="true" />
  <node id="-1739" lat="48.7699387" lon="11.4477950" visible="true" />
  <node id="-1740" lat="48.7700149" lon="11.4477861" visible="true" />
  <node id="-1741" lat="48.7700783" lon="11.4477225" visible="true" />
  <node id="-1742" lat="48.7699844" lon="11.4477335" visible="true" />
  <node id="-1743" lat="48.7699640" lon="11.4473330" visible="true" />
  <node id="-1744" lat="48.7700579" lon="11.4473220" visible="true" />
  <node id="-1745" lat="48.7628222" lon="11.4461350" visible="true" />
  <node id="-1746" lat="48.7628226" lon="11.4461937" visible="true" />
  <node id="-1747" lat="48.7627071" lon="11.4461953" visible="true" />
  <node id="-1748" lat="48.7627067" lon="11.4461366" visible="true" />
  <node id="-1749" lat="48.7628337" lon="11.4462823" visible="true" />
  <node id="-1750" lat="48.7628339" lon="11.4463523" visible="true" />
  <node id="-1751" lat="48.7627134" lon="11.4463533" visible="true" />
  <node id="-1752" lat="48.7627131" lon="11.4462834" visible="true" />
  <node id="-1753" lat="48.7661751" lon="11.4566932" visible="true" />
  <node id="-1754" lat="48.7661385" lon="11.4566718" visible="true" />
  <node id="-1755" lat="48.7660743" lon="11.4569243" visible="true" />
  <node id="-1756" lat="48.7662195" lon="11.4570091" visible="true" />
  <node id="-1757" lat="48.7663256" lon="11.4565914" visible="true" />
  <node id="-1758" lat="48.7663463" lon="11.4566035" visible="true" />
  <node id="-1759" lat="48.7665046" lon="11.4559799" visible="true" />
  <node id="-1760" lat="48.7676842" lon="11.4473122" visible="true" />
  <node id="-1761" lat="48.7676857" lon="11.4473409" visible="true" />
  <node id="-1762" lat="48.7676875" lon="11.4473735" visible="true" />
  <node id="-1763" lat="48.7676178" lon="11.4473205" visible="true" />
  <node id="-1764" lat="48.7679649" lon="11.4468353" visible="true" />
  <node id="-1765" lat="48.7678559" lon="11.4468614" visible="true" />
  <node id="-1766" lat="48.7678765" lon="11.4470596" visible="true" />
  <node id="-1767" lat="48.7676435" lon="11.4467824" visible="true" />
  <node id="-1768" lat="48.7676581" lon="11.4468819" visible="true" />
  <node id="-1769" lat="48.7676012" lon="11.4464894" visible="true" />
  <node id="-1770" lat="48.7676142" lon="11.4465899" visible="true" />
  <node id="-1771" lat="48.7675675" lon="11.4462181" visible="true" />
  <node id="-1772" lat="48.7675807" lon="11.4463058" visible="true" />
  <node id="-1773" lat="48.7664823" lon="11.4465650" visible="true" />
  <node id="-1774" lat="48.7664198" lon="11.4465898" visible="true" />
  <node id="-1775" lat="48.7664079" lon="11.4465206" visible="true" />
  <node id="-1776" lat="48.7668453" lon="11.4528458" visible="true" />
  <node id="-1777" lat="48.7663763" lon="11.4529255" visible="true" />
  <node id="-1778" lat="48.7663883" lon="11.4530870" visible="true" />
  <node id="-1779" lat="48.7668573" lon="11.4530071" visible="true" />
  <node id="-1780" lat="48.7672742" lon="11.4465985" visible="true" />
  <node id="-1781" lat="48.7672203" lon="11.4466159" visible="true" />
  <node id="-1782" lat="48.7672406" lon="11.4467474" visible="true" />
  <node id="-1783" lat="48.7672928" lon="11.4467339" visible="true" />
  <node id="-1784" lat="48.7664156" lon="11.4525404" visible="true" />
  <node id="-1785" lat="48.7664300" lon="11.4526997" visible="true" />
  <node id="-1786" lat="48.7668108" lon="11.4526203" visible="true" />
  <node id="-1787" lat="48.7667963" lon="11.4524610" visible="true" />
  <node id="-1788" lat="48.7667204" lon="11.4532302" visible="true" />
  <node id="-1789" lat="48.7663415" lon="11.4533029" visible="true" />
  <node id="-1790" lat="48.7663537" lon="11.4534492" visible="true" />
  <node id="-1791" lat="48.7667325" lon="11.4533766" visible="true" />
  <node id="-1792" lat="48.7670950" lon="11.4527590" visible="true" />
  <node id="-1793" lat="48.7669006" lon="11.4528013" visible="true" />
  <node id="-1794" lat="48.7669178" lon="11.4529825" visible="true" />
  <node id="-1795" lat="48.7671121" lon="11.4529402" visible="true" />
  <node id="-1796" lat="48.7667673" lon="11.4493427" visible="true" />
  <node id="-1797" lat="48.7667749" lon="11.4494131" visible="true" />
  <node id="-1798" lat="48.7667824" lon="11.4494832" visible="true" />
  <node id="-1799" lat="48.7665726" lon="11.4495354" visible="true" />
  <node id="-1800" lat="48.7665650" lon="11.4494648" visible="true" />
  <node id="-1801" lat="48.7665574" lon="11.4493945" visible="true" />
  <node id="-1802" lat="48.7675436" lon="11.4473383" visible="true" />
  <node id="-1803" lat="48.7675387" lon="11.4472892" visible="true" />
  <node id="-1804" lat="48.7691255" lon="11.4565063" visible="true" />
  <node id="-1805" lat="48.7690574" lon="11.4569454" visible="true" />
  <node id="-1806" lat="48.7689381" lon="11.4569028" visible="true" />
  <node id="-1807" lat="48.7690063" lon="11.4564637" visible="true" />
  <node id="-1808" lat="48.7694585" lon="11.4553960" visible="true" />
  <node id="-1809" lat="48.7694764" lon="11.4554647" visible="true" />
  <node id="-1810" lat="48.7693796" lon="11.4555249" visible="true" />
  <node id="-1811" lat="48.7693620" lon="11.4554559" visible="true" />
  <node id="-1812" lat="48.7694405" lon="11.4553273" visible="true" />
  <node id="-1813" lat="48.7693444" lon="11.4553870" visible="true" />
  <node id="-1814" lat="48.7694226" lon="11.4552586" visible="true" />
  <node id="-1815" lat="48.7693268" lon="11.4553181" visible="true" />
  <node id="-1816" lat="48.7694047" lon="11.4551899" visible="true" />
  <node id="-1817" lat="48.7693093" lon="11.4552492" visible="true" />
  <node id="-1818" lat="48.7693867" lon="11.4551212" visible="true" />
  <node id="-1819" lat="48.7692917" lon="11.4551803" visible="true" />
  <node id="-1820" lat="48.7693688" lon="11.4550525" visible="true" />
  <node id="-1821" lat="48.7692741" lon="11.4551114" visible="true" />
  <node id="-1822" lat="48.7693508" lon="11.4549838" visible="true" />
  <node id="-1823" lat="48.7692565" lon="11.4550425" visible="true" />
  <node id="-1824" lat="48.7692846" lon="11.4547086" visible="true" />
  <node id="-1825" lat="48.7693022" lon="11.4547758" visible="true" />
  <node id="-1826" lat="48.7692080" lon="11.4548295" visible="true" />
  <node id="-1827" lat="48.7691908" lon="11.4547621" visible="true" />
  <node id="-1828" lat="48.7692671" lon="11.4546414" visible="true" />
  <node id="-1829" lat="48.7691736" lon="11.4546946" visible="true" />
  <node id="-1830" lat="48.7692495" lon="11.4545742" visible="true" />
  <node id="-1831" lat="48.7691563" lon="11.4546272" visible="true" />
  <node id="-1832" lat="48.7692320" lon="11.4545069" visible="true" />
  <node id="-1833" lat="48.7691391" lon="11.4545598" visible="true" />
  <node id="-1834" lat="48.7692144" lon="11.4544397" visible="true" />
  <node id="-1835" lat="48.7691219" lon="11.4544923" visible="true" />
  <node id="-1836" lat="48.7696399" lon="11.4557276" visible="true" />
  <node id="-1837" lat="48.7696882" lon="11.4557148" visible="true" />
  <node id="-1838" lat="48.7697048" lon="11.4558635" visible="true" />
  <node id="-1839" lat="48.7696565" lon="11.4558757" visible="true" />
  <node id="-1840" lat="48.7695908" lon="11.4557406" visible="true" />
  <node id="-1841" lat="48.7696073" lon="11.4558880" visible="true" />
  <node id="-1842" lat="48.7695418" lon="11.4557535" visible="true" />
  <node id="-1843" lat="48.7695582" lon="11.4559004" visible="true" />
  <node id="-1844" lat="48.7697039" lon="11.4550898" visible="true" />
  <node id="-1845" lat="48.7697524" lon="11.4550681" visible="true" />
  <node id="-1846" lat="48.7697798" lon="11.4552178" visible="true" />
  <node id="-1847" lat="48.7697313" lon="11.4552396" visible="true" />
  <node id="-1848" lat="48.7696554" lon="11.4551116" visible="true" />
  <node id="-1849" lat="48.7696828" lon="11.4552613" visible="true" />
  <node id="-1850" lat="48.7696069" lon="11.4551333" visible="true" />
  <node id="-1851" lat="48.7696343" lon="11.4552831" visible="true" />
  <node id="-1852" lat="48.7697439" lon="11.4547093" visible="true" />
  <node id="-1853" lat="48.7697916" lon="11.4546893" visible="true" />
  <node id="-1854" lat="48.7698187" lon="11.4548423" visible="true" />
  <node id="-1855" lat="48.7697710" lon="11.4548623" visible="true" />
  <node id="-1856" lat="48.7696962" lon="11.4547294" visible="true" />
  <node id="-1857" lat="48.7697233" lon="11.4548824" visible="true" />
  <node id="-1858" lat="48.7696484" lon="11.4547494" visible="true" />
  <node id="-1859" lat="48.7696755" lon="11.4549024" visible="true" />
  <node id="-1860" lat="48.7696007" lon="11.4547695" visible="true" />
  <node id="-1861" lat="48.7696278" lon="11.4549225" visible="true" />
  <node id="-1862" lat="48.7695529" lon="11.4547895" visible="true" />
  <node id="-1863" lat="48.7695800" lon="11.4549425" visible="true" />
  <node id="-1864" lat="48.7695052" lon="11.4548095" visible="true" />
  <node id="-1865" lat="48.7695323" lon="11.4549625" visible="true" />
  <node id="-1866" lat="48.7697532" lon="11.4543326" visible="true" />
  <node id="-1867" lat="48.7697982" lon="11.4543129" visible="true" />
  <node id="-1868" lat="48.7698294" lon="11.4544765" visible="true" />
  <node id="-1869" lat="48.7697843" lon="11.4544963" visible="true" />
  <node id="-1870" lat="48.7697081" lon="11.4543524" visible="true" />
  <node id="-1871" lat="48.7697393" lon="11.4545160" visible="true" />
  <node id="-1872" lat="48.7696630" lon="11.4543721" visible="true" />
  <node id="-1873" lat="48.7696942" lon="11.4545358" visible="true" />
  <node id="-1874" lat="48.7696180" lon="11.4543919" visible="true" />
  <node id="-1875" lat="48.7696491" lon="11.4545555" visible="true" />
  <node id="-1876" lat="48.7695729" lon="11.4544116" visible="true" />
  <node id="-1877" lat="48.7696041" lon="11.4545753" visible="true" />
  <node id="-1878" lat="48.7695278" lon="11.4544314" visible="true" />
  <node id="-1879" lat="48.7695590" lon="11.4545950" visible="true" />
  <node id="-1880" lat="48.7694828" lon="11.4544511" visible="true" />
  <node id="-1881" lat="48.7695139" lon="11.4546148" visible="true" />
  <node id="-1882" lat="48.7694377" lon="11.4544709" visible="true" />
  <node id="-1883" lat="48.7694689" lon="11.4546345" visible="true" />
  <node id="-1884" lat="48.7697443" lon="11.4539667" visible="true" />
  <node id="-1885" lat="48.7697902" lon="11.4539459" visible="true" />
  <node id="-1886" lat="48.7698260" lon="11.4541274" visible="true" />
  <node id="-1887" lat="48.7697801" lon="11.4541482" visible="true" />
  <node id="-1888" lat="48.7696983" lon="11.4539876" visible="true" />
  <node id="-1889" lat="48.7697341" lon="11.4541691" visible="true" />
  <node id="-1890" lat="48.7696524" lon="11.4540084" visible="true" />
  <node id="-1891" lat="48.7696882" lon="11.4541899" visible="true" />
  <node id="-1892" lat="48.7696065" lon="11.4540293" visible="true" />
  <node id="-1893" lat="48.7696422" lon="11.4542108" visible="true" />
  <node id="-1894" lat="48.7695605" lon="11.4540501" visible="true" />
  <node id="-1895" lat="48.7695963" lon="11.4542316" visible="true" />
  <node id="-1896" lat="48.7695146" lon="11.4540710" visible="true" />
  <node id="-1897" lat="48.7695504" lon="11.4542525" visible="true" />
  <node id="-1898" lat="48.7694687" lon="11.4540918" visible="true" />
  <node id="-1899" lat="48.7695044" lon="11.4542733" visible="true" />
  <node id="-1900" lat="48.7694227" lon="11.4541127" visible="true" />
  <node id="-1901" lat="48.7694585" lon="11.4542942" visible="true" />
  <node id="-1902" lat="48.7693768" lon="11.4541335" visible="true" />
  <node id="-1903" lat="48.7694126" lon="11.4543150" visible="true" />
  <node id="-1904" lat="48.7700303" lon="11.4518803" visible="true" />
  <node id="-1905" lat="48.7700288" lon="11.4517696" visible="true" />
  <node id="-1906" lat="48.7701075" lon="11.4517672" visible="true" />
  <node id="-1907" lat="48.7701089" lon="11.4518672" visible="true" />
  <node id="-1908" lat="48.7701090" lon="11.4518779" visible="true" />
  <node id="-1909" lat="48.7701092" lon="11.4518962" visible="true" />
  <node id="-1910" lat="48.7699169" lon="11.4533112" visible="true" />
  <node id="-1911" lat="48.7699186" lon="11.4533310" visible="true" />
  <node id="-1912" lat="48.7698228" lon="11.4533407" visible="true" />
  <node id="-1913" lat="48.7698143" lon="11.4532594" visible="true" />
  <node id="-1914" lat="48.7699115" lon="11.4532497" visible="true" />
  <node id="-1915" lat="48.7699993" lon="11.4530507" visible="true" />
  <node id="-1916" lat="48.7700060" lon="11.4531266" visible="true" />
  <node id="-1917" lat="48.7698680" lon="11.4531545" visible="true" />
  <node id="-1918" lat="48.7698613" lon="11.4530787" visible="true" />
  <node id="-1919" lat="48.7681985" lon="11.4479941" visible="true" />
  <node id="-1920" lat="48.7679583" lon="11.4480031" visible="true" />
  <node id="-1921" lat="48.7679618" lon="11.4482217" visible="true" />
  <node id="-1922" lat="48.7682020" lon="11.4482128" visible="true" />
  <node id="-1923" lat="48.7696172" lon="11.4472061" visible="true" />
  <node id="-1924" lat="48.7695379" lon="11.4472163" visible="true" />
  <node id="-1925" lat="48.7695672" lon="11.4477436" visible="true" />
  <node id="-1926" lat="48.7696465" lon="11.4477335" visible="true" />
  <node id="-1927" lat="48.7693844" lon="11.4510573" visible="true" />
  <node id="-1928" lat="48.7693875" lon="11.4511024" visible="true" />
  <node id="-1929" lat="48.7694213" lon="11.4510971" visible="true" />
  <node id="-1930" lat="48.7694481" lon="11.4514854" visible="true" />
  <node id="-1931" lat="48.7694249" lon="11.4514891" visible="true" />
  <node id="-1932" lat="48.7694294" lon="11.4515547" visible="true" />
  <node id="-1933" lat="48.7693171" lon="11.4515726" visible="true" />
  <node id="-1934" lat="48.7692827" lon="11.4510734" visible="true" />
  <node id="-1935" lat="48.7678700" lon="11.4563284" visible="true" />
  <node id="-1936" lat="48.7678011" lon="11.4563285" visible="true" />
  <node id="-1937" lat="48.7678011" lon="11.4564278" visible="true" />
  <node id="-1938" lat="48.7677403" lon="11.4564279" visible="true" />
  <node id="-1939" lat="48.7677404" lon="11.4564917" visible="true" />
  <node id="-1940" lat="48.7678042" lon="11.4564916" visible="true" />
  <node id="-1941" lat="48.7678042" lon="11.4565467" visible="true" />
  <node id="-1942" lat="48.7678701" lon="11.4565466" visible="true" />
  <node id="-1943" lat="48.7676275" lon="11.4552165" visible="true" />
  <node id="-1944" lat="48.7676342" lon="11.4554218" visible="true" />
  <node id="-1945" lat="48.7676717" lon="11.4554190" visible="true" />
  <node id="-1946" lat="48.7676752" lon="11.4555269" visible="true" />
  <node id="-1947" lat="48.7676042" lon="11.4555322" visible="true" />
  <node id="-1948" lat="48.7676023" lon="11.4554743" visible="true" />
  <node id="-1949" lat="48.7675830" lon="11.4554388" visible="true" />
  <node id="-1950" lat="48.7675100" lon="11.4554443" visible="true" />
  <node id="-1951" lat="48.7675054" lon="11.4553071" visible="true" />
  <node id="-1952" lat="48.7675405" lon="11.4553044" visible="true" />
  <node id="-1953" lat="48.7675378" lon="11.4552233" visible="true" />
  <node id="-1954" lat="48.7699999" lon="11.4515089" visible="true" />
  <node id="-1955" lat="48.7701609" lon="11.4515034" visible="true" />
  <node id="-1956" lat="48.7701625" lon="11.4516109" visible="true" />
  <node id="-1957" lat="48.7700015" lon="11.4516164" visible="true" />
  <node id="-1958" lat="48.7671102" lon="11.4531561" visible="true" />
  <node id="-1959" lat="48.7668232" lon="11.4532137" visible="true" />
  <node id="-1960" lat="48.7668395" lon="11.4534008" visible="true" />
  <node id="-1961" lat="48.7671265" lon="11.4533432" visible="true" />
  <node id="-1962" lat="48.7665771" lon="11.4462370" visible="true" />
  <node id="-1963" lat="48.7666247" lon="11.4465083" visible="true" />
  <node id="-1964" lat="48.7665776" lon="11.4465273" visible="true" />
  <node id="-1965" lat="48.7665300" lon="11.4462560" visible="true" />
  <node id="-1966" lat="48.7663481" lon="11.4464276" visible="true" />
  <node id="-1967" lat="48.7661986" lon="11.4464785" visible="true" />
  <node id="-1968" lat="48.7662211" lon="11.4466305" visible="true" />
  <node id="-1969" lat="48.7663707" lon="11.4465796" visible="true" />
  <node id="-1970" lat="48.7694058" lon="11.4489482" visible="true" />
  <node id="-1971" lat="48.7694276" lon="11.4489470" visible="true" />
  <node id="-1972" lat="48.7694282" lon="11.4489718" visible="true" />
  <node id="-1973" lat="48.7694923" lon="11.4489502" visible="true" />
  <node id="-1974" lat="48.7694903" lon="11.4489206" visible="true" />
  <node id="-1975" lat="48.7695724" lon="11.4489160" visible="true" />
  <node id="-1976" lat="48.7695676" lon="11.4487165" visible="true" />
  <node id="-1977" lat="48.7619347" lon="11.4517286" visible="true" />
  <node id="-1978" lat="48.7618946" lon="11.4518359" visible="true" />
  <node id="-1979" lat="48.7617727" lon="11.4517224" visible="true" />
  <node id="-1980" lat="48.7618181" lon="11.4516089" visible="true" />
  <node id="-1981" lat="48.7619406" lon="11.4520164" visible="true" />
  <node id="-1982" lat="48.7618970" lon="11.4521290" visible="true" />
  <node id="-1983" lat="48.7616873" lon="11.4519342" visible="true" />
  <node id="-1984" lat="48.7617356" lon="11.4518198" visible="true" />
  <node id="-1985" lat="48.7618369" lon="11.4519163" visible="true" />
  <node id="-1986" lat="48.7672520" lon="11.4477840" visible="true" />
  <node id="-1987" lat="48.7672805" lon="11.4477738" visible="true" />
  <node id="-1988" lat="48.7674787" lon="11.4475909" visible="true" />
  <node id="-1989" lat="48.7674306" lon="11.4475909" visible="true" />
  <node id="-1990" lat="48.7674306" lon="11.4476296" visible="true" />
  <node id="-1991" lat="48.7674787" lon="11.4476296" visible="true" />
  <node id="-1992" lat="48.7669720" lon="11.4550099" visible="true" />
  <node id="-1993" lat="48.7668868" lon="11.4549818" visible="true" />
  <node id="-1994" lat="48.7663240" lon="11.4462037" visible="true" />
  <node id="-1995" lat="48.7662347" lon="11.4462351" visible="true" />
  <node id="-1996" lat="48.7662489" lon="11.4463283" visible="true" />
  <node id="-1997" lat="48.7663382" lon="11.4462969" visible="true" />
  <node id="-1998" lat="48.7671758" lon="11.4465203" visible="true" />
  <node id="-1999" lat="48.7672026" lon="11.4466951" visible="true" />
  <node id="-2000" lat="48.7671191" lon="11.4471455" visible="true" />
  <node id="-2001" lat="48.7670953" lon="11.4469902" visible="true" />
  <node id="-2002" lat="48.7669474" lon="11.4473581" visible="true" />
  <node id="-2003" lat="48.7668831" lon="11.4473778" visible="true" />
  <node id="-2004" lat="48.7668655" lon="11.4472455" visible="true" />
  <node id="-2005" lat="48.7669298" lon="11.4472258" visible="true" />
  <node id="-2006" lat="48.7666854" lon="11.4469956" visible="true" />
  <node id="-2007" lat="48.7665849" lon="11.4470301" visible="true" />
  <node id="-2008" lat="48.7666870" lon="11.4464536" visible="true" />
  <node id="-2009" lat="48.7666583" lon="11.4462888" visible="true" />
  <node id="-2010" lat="48.7668996" lon="11.4461776" visible="true" />
  <node id="-2011" lat="48.7669581" lon="11.4461541" visible="true" />
  <node id="-2012" lat="48.7669857" lon="11.4463124" visible="true" />
  <node id="-2013" lat="48.7669271" lon="11.4463358" visible="true" />
  <node id="-2014" lat="48.7668410" lon="11.4462011" visible="true" />
  <node id="-2015" lat="48.7668685" lon="11.4463593" visible="true" />
  <node id="-2016" lat="48.7667824" lon="11.4462245" visible="true" />
  <node id="-2017" lat="48.7667226" lon="11.4465363" visible="true" />
  <node id="-2018" lat="48.7667739" lon="11.4465076" visible="true" />
  <node id="-2019" lat="48.7667828" lon="11.4465442" visible="true" />
  <node id="-2020" lat="48.7667314" lon="11.4465729" visible="true" />
  <node id="-2021" lat="48.7667129" lon="11.4464966" visible="true" />
  <node id="-2022" lat="48.7667766" lon="11.4464611" visible="true" />
  <node id="-2023" lat="48.7667862" lon="11.4465007" visible="true" />
  <node id="-2024" lat="48.7669183" lon="11.4466978" visible="true" />
  <node id="-2025" lat="48.7669814" lon="11.4466766" visible="true" />
  <node id="-2026" lat="48.7670025" lon="11.4468219" visible="true" />
  <node id="-2027" lat="48.7669394" lon="11.4468430" visible="true" />
  <node id="-2028" lat="48.7665386" lon="11.4506923" visible="true" />
  <node id="-2029" lat="48.7664159" lon="11.4507252" visible="true" />
  <node id="-2030" lat="48.7663872" lon="11.4504789" visible="true" />
  <node id="-2031" lat="48.7665084" lon="11.4504464" visible="true" />
  <node id="-2032" lat="48.7664938" lon="11.4503218" visible="true" />
  <node id="-2033" lat="48.7666548" lon="11.4502786" visible="true" />
  <node id="-2034" lat="48.7666981" lon="11.4506500" visible="true" />
  <node id="-2035" lat="48.7666445" lon="11.4506644" visible="true" />
  <node id="-2036" lat="48.7667407" lon="11.4514883" visible="true" />
  <node id="-2037" lat="48.7666348" lon="11.4515167" visible="true" />
  <node id="-2038" lat="48.7666326" lon="11.4505820" visible="true" />
  <node id="-2039" lat="48.7666147" lon="11.4504215" visible="true" />
  <node id="-2040" lat="48.7665495" lon="11.4504382" visible="true" />
  <node id="-2041" lat="48.7665674" lon="11.4505987" visible="true" />
  <way id="-1000000000" visible="true">
    <nd ref="-1" />
    <nd ref="-2" />
    <nd ref="-3" />
    <nd ref="-4" />
    <nd ref="-5" />
    <nd ref="-6" />
    <nd ref="-7" />
    <nd ref="-8" />
    <nd ref="-9" />
    <nd ref="-10" />
    <nd ref="-11" />
    <nd ref="-12" />
    <nd ref="-13" />
    <nd ref="-14" />
    <nd ref="-15" />
    <nd ref="-16" />
    <nd ref="-1" />
    <tag k="building" v="sports_centre" />
    <tag k="name" v="Bezirksportanlage Nord-Ost" />
    <tag k="operator" v="TSV Ingolstadt Nord" />
    <tag k="wikidata" v="Q42261513" />
  </way>
  <way id="-1000000001" visible="true">
    <nd ref="-17" />
    <nd ref="-18" />
    <nd ref="-19" />
    <nd ref="-20" />
    <nd ref="-17" />
    <tag k="addr:housenumber" v="29" />
    <tag k="addr:street" v="Egerlandstraße" />
    <tag k="building" v="yes" />
    <tag k="name" v="Faltboot-Club" />
  </way>
  <way id="-1000000002" visible="true">
    <nd ref="-21" />
    <nd ref="-22" />
    <nd ref="-23" />
    <nd ref="-24" />
    <nd ref="-21" />
    <tag k="building" v="yes" />
  </way>
  <way id="-1000000003" visible="true">
    <nd ref="-25" />
    <nd ref="-26" />
    <nd ref="-27" />
    <nd ref="-28" />
    <nd ref="-25" />
    <tag k="building" v="yes" />
  </way>
  <way id="-1000000004" visible="true">
    <nd ref="-29" />
    <nd ref="-30" />
    <nd ref="-31" />
    <nd ref="-32" />
    <nd ref="-29" />
    <tag k="addr:city" v="Ingolstadt" />
    <tag k="addr:country" v="DE" />
    <tag k="addr:housenumber" v="125" />
    <tag k="addr:postcode" v="85055" />
    <tag k="addr:street" v="Regensburger Straße" />
    <tag k="building" v="yes" />
  </way>
  <way id="-1000000005" visible="true">
    <nd ref="-33" />
    <nd ref="-34" />
    <nd ref="-35" />
    <nd ref="-36" />
    <nd ref="-37" />
    <nd ref="-38" />
    <nd ref="-39" />
    <nd ref="-40" />
    <nd ref="-33" />
    <tag k="building" v="apartments" />
    <tag k="building:levels" v="3" />
    <tag k="roof:levels" v="1" />
    <tag k="roof:orientation" v="along" />
    <tag k="roof:shape" v="gabled" />
  </way>
  <way id="-1000000006" visible="true">
    <nd ref="-41" />
    <nd ref="-42" />
    <nd ref="-43" />
    <nd ref="-44" />
    <nd ref="-41" />
    <tag k="addr:housenumber" v="2" />
    <tag k="addr:street" v="Sartoriusstraße" />
    <tag k="building" v="house" />
  </way>
  <way id="-1000000007" visible="true">
    <nd ref="-45" />
    <nd ref="-46" />
    <nd ref="-47" />
    <nd ref="-48" />
    <nd ref="-45" />
    <tag k="addr:housenumber" v="16" />
    <tag k="addr:street" v="Sartoriusstraße" />
    <tag k="building" v="house" />
  </way>
  <way id="-1000000008" visible="true">
    <nd ref="-49" />
    <nd ref="-50" />
    <nd ref="-51" />
    <nd ref="-52" />
    <nd ref="-49" />
    <tag k="addr:housenumber" v="1" />
    <tag k="addr:street" v="Sartoriusstraße" />
    <tag k="building" v="terrace" />
    <tag k="building:levels" v="2" />
    <tag k="roof:levels" v="1" />
  </way>
  <way id="-1000000009" visible="true">
    <nd ref="-53" />
    <nd ref="-54" />
    <nd ref="-55" />
    <nd ref="-56" />
    <nd ref="-53" />
    <tag k="addr:housenumber" v="23" />
    <tag k="addr:street" v="Sartoriusstraße" />
    <tag k="building" v="terrace" />
    <tag k="building:levels" v="2" />
    <tag k="roof:levels" v="1" />
  </way>
  <way id="-1000000010" visible="true">
    <nd ref="-57" />
    <nd ref="-58" />
    <nd ref="-59" />
    <nd ref="-60" />
    <nd ref="-57" />
    <tag k="addr:housenumber" v="43" />
    <tag k="addr:street" v="Sartoriusstraße" />
    <tag k="building" v="terrace" />
    <tag k="building:levels" v="2" />
    <tag k="roof:levels" v="1" />
  </way>
  <way id="-1000000011" visible="true">
    <nd ref="-61" />
    <nd ref="-62" />
    <nd ref="-63" />
    <nd ref="-64" />
    <nd ref="-61" />
    <tag k="addr:housenumber" v="59" />
    <tag k="addr:street" v="Sartoriusstraße" />
    <tag k="building" v="terrace" />
  </way>
  <way id="-1000000012" visible="true">
    <nd ref="-65" />
    <nd ref="-66" />
    <nd ref="-67" />
    <nd ref="-68" />
    <nd ref="-65" />
    <tag k="addr:housenumber" v="34" />
    <tag k="addr:street" v="Sartoriusstraße" />
    <tag k="building" v="yes" />
  </way>
  <way id="-1000000013" visible="true">
    <nd ref="-69" />
    <nd ref="-70" />
    <nd ref="-71" />
    <nd ref="-72" />
    <nd ref="-73" />
    <nd ref="-69" />
    <tag k="building" v="house" />
    <tag k="building:levels" v="2" />
    <tag k="roof:levels" v="2" />
    <tag k="roof:orientation" v="along" />
    <tag k="roof:shape" v="gabled" />
  </way>
  <way id="-1000000014" visible="true">
    <nd ref="-74" />
    <nd ref="-75" />
    <nd ref="-76" />
    <nd ref="-77" />
    <nd ref="-74" />
    <tag k="building" v="apartments" />
  </way>
  <way id="-1000000015" visible="true">
    <nd ref="-78" />
    <nd ref="-79" />
    <nd ref="-80" />
    <nd ref="-81" />
    <nd ref="-78" />
    <tag k="building" v="school" />
    <tag k="source" v="HiRes aerial imagery" />
  </way>
  <way id="-1000000016" visible="true">
    <nd ref="-82" />
    <nd ref="-83" />
    <nd ref="-84" />
    <nd ref="-85" />
    <nd ref="-86" />
    <nd ref="-87" />
    <nd ref="-82" />
    <tag k="building" v="school" />
    <tag k="source" v="HiRes aerial imagery" />
  </way>
  <way id="-1000000017" visible="true">
    <nd ref="-88" />
    <nd ref="-89" />
    <nd ref="-90" />
    <nd ref="-91" />
    <nd ref="-92" />
    <nd ref="-93" />
    <nd ref="-94" />
    <nd ref="-95" />
    <nd ref="-96" />
    <nd ref="-97" />
    <nd ref="-98" />
    <nd ref="-99" />
    <nd ref="-100" />
    <nd ref="-101" />
    <nd ref="-102" />
    <nd ref="-103" />
    <nd ref="-104" />
    <nd ref="-105" />
    <nd ref="-106" />
    <nd ref="-107" />
    <nd ref="-108" />
    <nd ref="-109" />
    <nd ref="-110" />
    <nd ref="-111" />
    <nd ref="-112" />
    <nd ref="-113" />
    <nd ref="-114" />
    <nd ref="-88" />
    <tag k="building" v="school" />
    <tag k="source" v="HiRes aerial imagery" />
  </way>
  <way id="-1000000018" visible="true">
    <nd ref="-115" />
    <nd ref="-116" />
    <nd ref="-117" />
    <nd ref="-118" />
    <nd ref="-115" />
    <tag k="building" v="semidetached_house" />
  </way>
  <way id="-1000000019" visible="true">
    <nd ref="-119" />
    <nd ref="-120" />
    <nd ref="-121" />
    <nd ref="-122" />
    <nd ref="-119" />
    <tag k="building" v="yes" />
  </way>
  <way id="-1000000020" visible="true">
    <nd ref="-123" />
    <nd ref="-124" />
    <nd ref="-125" />
    <nd ref="-126" />
    <nd ref="-127" />
    <nd ref="-128" />
    <nd ref="-129" />
    <nd ref="-130" />
    <nd ref="-123" />
    <tag k="addr:city" v="Ingolstadt" />
    <tag k="addr:country" v="DE" />
    <tag k="addr:housenumber" v="10" />
    <tag k="addr:postcode" v="85055" />
    <tag k="addr:street" v="Gutenbergstraße" />
    <tag k="amenity" v="police" />
    <tag k="building" v="yes" />
    <tag k="name" v="Verkehrspolizei" />
    <tag k="wheelchair" v="no" />
  </way>
  <way id="-1000000021" visible="true">
    <nd ref="-131" />
    <nd ref="-132" />
    <nd ref="-133" />
    <nd ref="-134" />
    <nd ref="-131" />
    <tag k="building" v="yes" />
  </way>
  <way id="-1000000022" visible="true">
    <nd ref="-135" />
    <nd ref="-136" />
    <nd ref="-137" />
    <nd ref="-138" />
    <nd ref="-135" />
    <tag k="building" v="yes" />
  </way>
  <way id="-1000000023" visible="true">
    <nd ref="-139" />
    <nd ref="-140" />
    <nd ref="-141" />
    <nd ref="-142" />
    <nd ref="-139" />
    <tag k="building" v="yes" />
  </way>
  <way id="-1000000024" visible="true">
    <nd ref="-143" />
    <nd ref="-144" />
    <nd ref="-145" />
    <nd ref="-146" />
    <nd ref="-143" />
    <tag k="building" v="yes" />
  </way>
  <way id="-1000000025" visible="true">
    <nd ref="-147" />
    <nd ref="-148" />
    <nd ref="-149" />
    <nd ref="-150" />
    <nd ref="-147" />
    <tag k="building" v="yes" />
  </way>
  <way id="-1000000026" visible="true">
    <nd ref="-151" />
    <nd ref="-152" />
    <nd ref="-153" />
    <nd ref="-154" />
    <nd ref="-151" />
    <tag k="building" v="yes" />
  </way>
  <way id="-1000000027" visible="true">
    <nd ref="-155" />
    <nd ref="-156" />
    <nd ref="-157" />
    <nd ref="-158" />
    <nd ref="-155" />
    <tag k="building" v="yes" />
  </way>
  <way id="-1000000028" visible="true">
    <nd ref="-159" />
    <nd ref="-160" />
    <nd ref="-161" />
    <nd ref="-162" />
    <nd ref="-159" />
    <tag k="building" v="yes" />
  </way>
  <way id="-1000000029" visible="true">
    <nd ref="-163" />
    <nd ref="-164" />
    <nd ref="-165" />
    <nd ref="-166" />
    <nd ref="-163" />
    <tag k="building" v="yes" />
  </way>
  <way id="-1000000030" visible="true">
    <nd ref="-167" />
    <nd ref="-168" />
    <nd ref="-169" />
    <nd ref="-170" />
    <nd ref="-167" />
    <tag k="building" v="yes" />
  </way>
  <way id="-1000000031" visible="true">
    <nd ref="-171" />
    <nd ref="-172" />
    <nd ref="-173" />
    <nd ref="-174" />
    <nd ref="-171" />
    <tag k="building" v="yes" />
  </way>
  <way id="-1000000032" visible="true">
    <nd ref="-175" />
    <nd ref="-176" />
    <nd ref="-177" />
    <nd ref="-178" />
    <nd ref="-175" />
    <tag k="building" v="yes" />
  </way>
  <way id="-1000000033" visible="true">
    <nd ref="-179" />
    <nd ref="-180" />
    <nd ref="-181" />
    <nd ref="-182" />
    <nd ref="-179" />
    <tag k="building" v="detached" />
  </way>
  <way id="-1000000034" visible="true">
    <nd ref="-183" />
    <nd ref="-184" />
    <nd ref="-185" />
    <nd ref="-186" />
    <nd ref="-183" />
    <tag k="building" v="semidetached_house" />
  </way>
  <way id="-1000000035" visible="true">
    <nd ref="-187" />
    <nd ref="-188" />
    <nd ref="-189" />
    <nd ref="-190" />
    <nd ref="-187" />
    <tag k="building" v="apartments" />
  </way>
  <way id="-1000000036" visible="true">
    <nd ref="-191" />
    <nd ref="-192" />
    <nd ref="-193" />
    <nd ref="-194" />
    <nd ref="-191" />
    <tag k="building" v="apartments" />
  </way>
  <way id="-1000000037" visible="true">
    <nd ref="-195" />
    <nd ref="-196" />
    <nd ref="-197" />
    <nd ref="-198" />
    <nd ref="-195" />
    <tag k="building" v="detached" />
  </way>
  <way id="-1000000038" visible="true">
    <nd ref="-199" />
    <nd ref="-200" />
    <nd ref="-201" />
    <nd ref="-202" />
    <nd ref="-199" />
    <tag k="building" v="detached" />
  </way>
  <way id="-1000000039" visible="true">
    <nd ref="-203" />
    <nd ref="-204" />
    <nd ref="-205" />
    <nd ref="-206" />
    <nd ref="-203" />
    <tag k="building" v="garage" />
  </way>
  <way id="-1000000040" visible="true">
    <nd ref="-207" />
    <nd ref="-208" />
    <nd ref="-209" />
    <nd ref="-210" />
    <nd ref="-207" />
    <tag k="building" v="apartments" />
  </way>
  <way id="-1000000041" visible="true">
    <nd ref="-211" />
    <nd ref="-212" />
    <nd ref="-213" />
    <nd ref="-214" />
    <nd ref="-215" />
    <nd ref="-216" />
    <nd ref="-217" />
    <nd ref="-211" />
    <tag k="building" v="yes" />
  </way>
  <way id="-1000000042" visible="true">
    <nd ref="-218" />
    <nd ref="-219" />
    <nd ref="-220" />
    <nd ref="-221" />
    <nd ref="-218" />
    <tag k="building" v="yes" />
  </way>
  <way id="-1000000043" visible="true">
    <nd ref="-222" />
    <nd ref="-223" />
    <nd ref="-224" />
    <nd ref="-225" />
    <nd ref="-222" />
    <tag k="building" v="yes" />
    <tag k="roof:shape" v="gabled" />
  </way>
  <way id="-1000000044" visible="true">
    <nd ref="-226" />
    <nd ref="-227" />
    <nd ref="-228" />
    <nd ref="-229" />
    <nd ref="-226" />
    <tag k="building" v="yes" />
  </way>
  <way id="-1000000045" visible="true">
    <nd ref="-230" />
    <nd ref="-231" />
    <nd ref="-232" />
    <nd ref="-233" />
    <nd ref="-230" />
    <tag k="building" v="yes" />
  </way>
  <way id="-1000000046" visible="true">
    <nd ref="-234" />
    <nd ref="-235" />
    <nd ref="-236" />
    <nd ref="-237" />
    <nd ref="-234" />
    <tag k="building" v="yes" />
    <tag k="roof:shape" v="gabled" />
  </way>
  <way id="-1000000047" visible="true">
    <nd ref="-238" />
    <nd ref="-239" />
    <nd ref="-240" />
    <nd ref="-241" />
    <nd ref="-238" />
    <tag k="building" v="yes" />
  </way>
  <way id="-1000000048" visible="true">
    <nd ref="-242" />
    <nd ref="-243" />
    <nd ref="-244" />
    <nd ref="-245" />
    <nd ref="-246" />
    <nd ref="-242" />
    <tag k="building" v="yes" />
    <tag k="roof:shape" v="gabled" />
  </way>
  <way id="-1000000049" visible="true">
    <nd ref="-247" />
    <nd ref="-248" />
    <nd ref="-249" />
    <nd ref="-250" />
    <nd ref="-251" />
    <nd ref="-252" />
    <nd ref="-253" />
    <nd ref="-254" />
    <nd ref="-255" />
    <nd ref="-256" />
    <nd ref="-257" />
    <nd ref="-258" />
    <nd ref="-247" />
    <tag k="building" v="yes" />
    <tag k="roof:shape" v="gabled" />
  </way>
  <way id="-1000000050" visible="true">
    <nd ref="-259" />
    <nd ref="-260" />
    <nd ref="-261" />
    <nd ref="-262" />
    <nd ref="-259" />
    <tag k="building" v="yes" />
  </way>
  <way id="-1000000051" visible="true">
    <nd ref="-263" />
    <nd ref="-264" />
    <nd ref="-265" />
    <nd ref="-266" />
    <nd ref="-263" />
    <tag k="building" v="yes" />
    <tag k="roof:shape" v="gabled" />
  </way>
  <way id="-1000000052" visible="true">
    <nd ref="-267" />
    <nd ref="-268" />
    <nd ref="-269" />
    <nd ref="-270" />
    <nd ref="-267" />
    <tag k="building" v="yes" />
    <tag k="roof:shape" v="gabled" />
  </way>
  <way id="-1000000053" visible="true">
    <nd ref="-271" />
    <nd ref="-272" />
    <nd ref="-273" />
    <nd ref="-274" />
    <nd ref="-271" />
    <tag k="building" v="yes" />
    <tag k="roof:shape" v="gabled" />
  </way>
  <way id="-1000000054" visible="true">
    <nd ref="-275" />
    <nd ref="-276" />
    <nd ref="-277" />
    <nd ref="-278" />
    <nd ref="-275" />
    <tag k="building" v="yes" />
    <tag k="roof:shape" v="gabled" />
  </way>
  <way id="-1000000055" visible="true">
    <nd ref="-279" />
    <nd ref="-280" />
    <nd ref="-281" />
    <nd ref="-282" />
    <nd ref="-279" />
    <tag k="building" v="detached" />
    <tag k="roof:shape" v="gabled" />
  </way>
  <way id="-1000000056" visible="true">
    <nd ref="-283" />
    <nd ref="-284" />
    <nd ref="-285" />
    <nd ref="-286" />
    <nd ref="-283" />
    <tag k="building" v="yes" />
    <tag k="roof:shape" v="gabled" />
  </way>
  <way id="-1000000057" visible="true">
    <nd ref="-287" />
    <nd ref="-288" />
    <nd ref="-289" />
    <nd ref="-290" />
    <nd ref="-287" />
    <tag k="building" v="yes" />
    <tag k="roof:shape" v="gabled" />
  </way>
  <way id="-1000000058" visible="true">
    <nd ref="-291" />
    <nd ref="-292" />
    <nd ref="-293" />
    <nd ref="-294" />
    <nd ref="-291" />
    <tag k="building" v="yes" />
    <tag k="roof:shape" v="gabled" />
  </way>
  <way id="-1000000059" visible="true">
    <nd ref="-295" />
    <nd ref="-296" />
    <nd ref="-297" />
    <nd ref="-298" />
    <nd ref="-295" />
    <tag k="building" v="yes" />
    <tag k="roof:shape" v="gabled" />
  </way>
  <way id="-1000000060" visible="true">
    <nd ref="-299" />
    <nd ref="-300" />
    <nd ref="-301" />
    <nd ref="-302" />
    <nd ref="-299" />
    <tag k="building" v="yes" />
    <tag k="roof:shape" v="gabled" />
  </way>
  <way id="-1000000061" visible="true">
    <nd ref="-303" />
    <nd ref="-304" />
    <nd ref="-305" />
    <nd ref="-306" />
    <nd ref="-303" />
    <tag k="building" v="yes" />
    <tag k="roof:shape" v="gabled" />
  </way>
  <way id="-1000000062" visible="true">
    <nd ref="-307" />
    <nd ref="-308" />
    <nd ref="-309" />
    <nd ref="-310" />
    <nd ref="-311" />
    <nd ref="-312" />
    <nd ref="-307" />
    <tag k="building" v="yes" />
    <tag k="roof:shape" v="hipped" />
  </way>
  <way id="-1000000063" visible="true">
    <nd ref="-313" />
    <nd ref="-314" />
    <nd ref="-315" />
    <nd ref="-316" />
    <nd ref="-313" />
    <tag k="building" v="yes" />
    <tag k="roof:shape" v="gabled" />
  </way>
  <way id="-1000000064" visible="true">
    <nd ref="-317" />
    <nd ref="-318" />
    <nd ref="-319" />
    <nd ref="-320" />
    <nd ref="-317" />
    <tag k="building" v="yes" />
    <tag k="roof:shape" v="hipped" />
  </way>
  <way id="-1000000065" visible="true">
    <nd ref="-321" />
    <nd ref="-322" />
    <nd ref="-323" />
    <nd ref="-324" />
    <nd ref="-321" />
    <tag k="building" v="yes" />
    <tag k="roof:shape" v="hipped" />
  </way>
  <way id="-1000000066" visible="true">
    <nd ref="-325" />
    <nd ref="-326" />
    <nd ref="-327" />
    <nd ref="-328" />
    <nd ref="-325" />
    <tag k="building" v="yes" />
    <tag k="roof:shape" v="hipped" />
  </way>
  <way id="-1000000067" visible="true">
    <nd ref="-329" />
    <nd ref="-330" />
    <nd ref="-331" />
    <nd ref="-332" />
    <nd ref="-329" />
    <tag k="building" v="apartments" />
  </way>
  <way id="-1000000068" visible="true">
    <nd ref="-333" />
    <nd ref="-334" />
    <nd ref="-335" />
    <nd ref="-336" />
    <nd ref="-333" />
    <tag k="building" v="apartments" />
  </way>
  <way id="-1000000069" visible="true">
    <nd ref="-337" />
    <nd ref="-338" />
    <nd ref="-339" />
    <nd ref="-340" />
    <nd ref="-337" />
    <tag k="building" v="apartments" />
  </way>
  <way id="-1000000070" visible="true">
    <nd ref="-341" />
    <nd ref="-342" />
    <nd ref="-343" />
    <nd ref="-344" />
    <nd ref="-341" />
    <tag k="building" v="yes" />
  </way>
  <way id="-1000000071" visible="true">
    <nd ref="-344" />
    <nd ref="-345" />
    <nd ref="-346" />
    <nd ref="-347" />
    <nd ref="-344" />
    <tag k="building" v="yes" />
  </way>
  <way id="-1000000072" visible="true">
    <nd ref="-348" />
    <nd ref="-349" />
    <nd ref="-350" />
    <nd ref="-351" />
    <nd ref="-348" />
    <tag k="building" v="yes" />
  </way>
  <way id="-1000000073" visible="true">
    <nd ref="-352" />
    <nd ref="-353" />
    <nd ref="-354" />
    <nd ref="-355" />
    <nd ref="-352" />
    <tag k="building" v="yes" />
  </way>
  <way id="-1000000074" visible="true">
    <nd ref="-356" />
    <nd ref="-357" />
    <nd ref="-358" />
    <nd ref="-359" />
    <nd ref="-356" />
    <tag k="building" v="detached" />
  </way>
  <way id="-1000000075" visible="true">
    <nd ref="-360" />
    <nd ref="-361" />
    <nd ref="-362" />
    <nd ref="-363" />
    <nd ref="-360" />
    <tag k="building" v="detached" />
  </way>
  <way id="-1000000076" visible="true">
    <nd ref="-364" />
    <nd ref="-365" />
    <nd ref="-366" />
    <nd ref="-367" />
    <nd ref="-364" />
    <tag k="building" v="detached" />
  </way>
  <way id="-1000000077" visible="true">
    <nd ref="-368" />
    <nd ref="-369" />
    <nd ref="-370" />
    <nd ref="-371" />
    <nd ref="-368" />
    <tag k="building" v="detached" />
  </way>
  <way id="-1000000078" visible="true">
    <nd ref="-372" />
    <nd ref="-373" />
    <nd ref="-374" />
    <nd ref="-375" />
    <nd ref="-372" />
    <tag k="building" v="detached" />
  </way>
  <way id="-1000000079" visible="true">
    <nd ref="-376" />
    <nd ref="-377" />
    <nd ref="-378" />
    <nd ref="-379" />
    <nd ref="-376" />
    <tag k="building" v="yes" />
  </way>
  <way id="-1000000080" visible="true">
    <nd ref="-380" />
    <nd ref="-381" />
    <nd ref="-382" />
    <nd ref="-383" />
    <nd ref="-380" />
    <tag k="building" v="garage" />
  </way>
  <way id="-1000000081" visible="true">
    <nd ref="-384" />
    <nd ref="-385" />
    <nd ref="-386" />
    <nd ref="-387" />
    <nd ref="-384" />
    <tag k="building" v="yes" />
  </way>
  <way id="-1000000082" visible="true">
    <nd ref="-388" />
    <nd ref="-389" />
    <nd ref="-390" />
    <nd ref="-391" />
    <nd ref="-392" />
    <nd ref="-393" />
    <nd ref="-394" />
    <nd ref="-395" />
    <nd ref="-388" />
    <tag k="building" v="yes" />
  </way>
  <way id="-1000000083" visible="true">
    <nd ref="-396" />
    <nd ref="-397" />
    <nd ref="-398" />
    <nd ref="-399" />
    <nd ref="-396" />
    <tag k="building" v="semidetached_house" />
  </way>
  <way id="-1000000084" visible="true">
    <nd ref="-400" />
    <nd ref="-401" />
    <nd ref="-402" />
    <nd ref="-403" />
    <nd ref="-400" />
    <tag k="building" v="semidetached_house" />
  </way>
  <way id="-1000000085" visible="true">
    <nd ref="-404" />
    <nd ref="-405" />
    <nd ref="-406" />
    <nd ref="-407" />
    <nd ref="-404" />
    <tag k="building" v="yes" />
  </way>
  <way id="-1000000086" visible="true">
    <nd ref="-408" />
    <nd ref="-409" />
    <nd ref="-410" />
    <nd ref="-411" />
    <nd ref="-408" />
    <tag k="addr:housenumber" v="24" />
    <tag k="addr:street" v="Kurt-Huber-Straße" />
    <tag k="building" v="detached" />
  </way>
  <way id="-1000000087" visible="true">
    <nd ref="-412" />
    <nd ref="-413" />
    <nd ref="-414" />
    <nd ref="-415" />
    <nd ref="-412" />
    <tag k="building" v="yes" />
  </way>
  <way id="-1000000088" visible="true">
    <nd ref="-416" />
    <nd ref="-417" />
    <nd ref="-418" />
    <nd ref="-419" />
    <nd ref="-416" />
    <tag k="building" v="apartments" />
  </way>
  <way id="-1000000089" visible="true">
    <nd ref="-420" />
    <nd ref="-421" />
    <nd ref="-422" />
    <nd ref="-423" />
    <nd ref="-420" />
    <tag k="addr:housenumber" v="5" />
    <tag k="addr:street" v="Ayrerstraße" />
    <tag k="building" v="apartments" />
  </way>
  <way id="-1000000090" visible="true">
    <nd ref="-424" />
    <nd ref="-425" />
    <nd ref="-426" />
    <nd ref="-427" />
    <nd ref="-424" />
    <tag k="addr:housenumber" v="7" />
    <tag k="addr:street" v="Ayrerstraße" />
    <tag k="building" v="apartments" />
  </way>
  <way id="-1000000091" visible="true">
    <nd ref="-428" />
    <nd ref="-429" />
    <nd ref="-430" />
    <nd ref="-431" />
    <nd ref="-428" />
    <tag k="building" v="yes" />
  </way>
  <way id="-1000000092" visible="true">
    <nd ref="-432" />
    <nd ref="-433" />
    <nd ref="-434" />
    <nd ref="-435" />
    <nd ref="-432" />
    <tag k="building" v="yes" />
  </way>
  <way id="-1000000093" visible="true">
    <nd ref="-436" />
    <nd ref="-437" />
    <nd ref="-438" />
    <nd ref="-439" />
    <nd ref="-436" />
    <tag k="building" v="detached" />
  </way>
  <way id="-1000000094" visible="true">
    <nd ref="-440" />
    <nd ref="-441" />
    <nd ref="-442" />
    <nd ref="-443" />
    <nd ref="-444" />
    <nd ref="-440" />
    <tag k="addr:city" v="Ingolstadt" />
    <tag k="addr:housenumber" v="1" />
    <tag k="addr:postcode" v="85055" />
    <tag k="addr:street" v="Wiechertstraße" />
    <tag k="building" v="yes" />
    <tag k="contact:email" v="zulassungsstelle@ingolstadt.de" />
    <tag k="contact:fax" v="+49 841 3051796" />
    <tag k="contact:phone" v="+49 841 30517901792" />
    <tag k="contact:website" v="http://www2.ingolstadt.de/Leben_in_Ingolstadt/Verkehr/Kfz_Zulassung/" />
    <tag k="government" v="administrative" />
    <tag k="name" v="Straßenverkehrsamt" />
    <tag k="office" v="government" />
    <tag k="opening_hours" v="Mo-Fr 07:30-12:30; Tu 14:00-16:00; Th 15:00-17:00" />
  </way>
  <way id="-1000000095" visible="true">
    <nd ref="-445" />
    <nd ref="-446" />
    <nd ref="-447" />
    <nd ref="-448" />
    <nd ref="-449" />
    <nd ref="-450" />
    <nd ref="-445" />
    <tag k="amenity" v="vehicle_inspection" />
    <tag k="building" v="yes" />
    <tag k="name" v="TÜV Süd" />
    <tag k="operator" v="TÜV Süd" />
    <tag k="source" v="HiRes aerial imagery" />
  </way>
  <way id="-1000000096" visible="true">
    <nd ref="-451" />
    <nd ref="-452" />
    <nd ref="-453" />
    <nd ref="-454" />
    <nd ref="-451" />
    <tag k="building" v="school" />
  </way>
  <way id="-1000000097" visible="true">
    <nd ref="-455" />
    <nd ref="-456" />
    <nd ref="-457" />
    <nd ref="-458" />
    <nd ref="-459" />
    <nd ref="-460" />
    <nd ref="-461" />
    <nd ref="-462" />
    <nd ref="-463" />
    <nd ref="-464" />
    <nd ref="-465" />
    <nd ref="-466" />
    <nd ref="-467" />
    <nd ref="-468" />
    <nd ref="-469" />
    <nd ref="-470" />
    <nd ref="-471" />
    <nd ref="-472" />
    <nd ref="-473" />
    <nd ref="-474" />
    <nd ref="-475" />
    <nd ref="-476" />
    <nd ref="-455" />
    <tag k="addr:city" v="Ingolstadt" />
    <tag k="addr:country" v="DE" />
    <tag k="addr:housenumber" v="79" />
    <tag k="addr:postcode" v="85055" />
    <tag k="addr:street" v="Feldkirchener Straße" />
    <tag k="amenity" v="place_of_worship" />
    <tag k="building" v="church" />
    <tag k="check_date" v="2024-09-21" />
    <tag k="denomination" v="catholic" />
    <tag k="name" v="Sankt Konrad" />
    <tag k="religion" v="christian" />
    <tag k="source" v="HiRes aerial imagery" />
    <tag k="toilets:wheelchair" v="yes" />
    <tag k="wheelchair" v="limited" />
  </way>
  <way id="-1000000098" visible="true">
    <nd ref="-477" />
    <nd ref="-478" />
    <nd ref="-479" />
    <nd ref="-480" />
    <nd ref="-481" />
    <nd ref="-482" />
    <nd ref="-477" />
    <tag k="addr:city" v="Ingolstadt" />
    <tag k="addr:country" v="DE" />
    <tag k="addr:housenumber" v="81" />
    <tag k="addr:postcode" v="85055" />
    <tag k="addr:street" v="Feldkirchener Straße" />
    <tag k="building" v="house" />
    <tag k="source" v="HiRes aerial imagery" />
  </way>
  <way id="-1000000099" visible="true">
    <nd ref="-483" />
    <nd ref="-484" />
    <nd ref="-485" />
    <nd ref="-486" />
    <nd ref="-483" />
    <tag k="building" v="yes" />
  </way>
  <way id="-1000000100" visible="true">
    <nd ref="-487" />
    <nd ref="-488" />
    <nd ref="-489" />
    <nd ref="-490" />
    <nd ref="-487" />
    <tag k="building" v="yes" />
  </way>
  <way id="-1000000101" visible="true">
    <nd ref="-491" />
    <nd ref="-492" />
    <nd ref="-493" />
    <nd ref="-494" />
    <nd ref="-491" />
    <tag k="building" v="yes" />
  </way>
  <way id="-1000000102" visible="true">
    <nd ref="-495" />
    <nd ref="-496" />
    <nd ref="-497" />
    <nd ref="-498" />
    <nd ref="-495" />
    <tag k="building" v="yes" />
  </way>
  <way id="-1000000103" visible="true">
    <nd ref="-499" />
    <nd ref="-500" />
    <nd ref="-501" />
    <nd ref="-502" />
    <nd ref="-499" />
    <tag k="building" v="yes" />
  </way>
  <way id="-1000000104" visible="true">
    <nd ref="-503" />
    <nd ref="-504" />
    <nd ref="-505" />
    <nd ref="-506" />
    <nd ref="-503" />
    <tag k="building" v="yes" />
  </way>
  <way id="-1000000105" visible="true">
    <nd ref="-507" />
    <nd ref="-508" />
    <nd ref="-509" />
    <nd ref="-510" />
    <nd ref="-507" />
    <tag k="building" v="yes" />
  </way>
  <way id="-1000000106" visible="true">
    <nd ref="-511" />
    <nd ref="-512" />
    <nd ref="-513" />
    <nd ref="-514" />
    <nd ref="-511" />
    <tag k="building" v="yes" />
  </way>
  <way id="-1000000107" visible="true">
    <nd ref="-515" />
    <nd ref="-516" />
    <nd ref="-517" />
    <nd ref="-518" />
    <nd ref="-515" />
    <tag k="building" v="yes" />
  </way>
  <way id="-1000000108" visible="true">
    <nd ref="-519" />
    <nd ref="-520" />
    <nd ref="-521" />
    <nd ref="-522" />
    <nd ref="-519" />
    <tag k="building" v="yes" />
  </way>
  <way id="-1000000109" visible="true">
    <nd ref="-523" />
    <nd ref="-524" />
    <nd ref="-525" />
    <nd ref="-526" />
    <nd ref="-523" />
    <tag k="building" v="yes" />
  </way>
  <way id="-1000000110" visible="true">
    <nd ref="-527" />
    <nd ref="-528" />
    <nd ref="-529" />
    <nd ref="-530" />
    <nd ref="-527" />
    <tag k="building" v="yes" />
  </way>
  <way id="-1000000111" visible="true">
    <nd ref="-531" />
    <nd ref="-532" />
    <nd ref="-533" />
    <nd ref="-534" />
    <nd ref="-531" />
    <tag k="building" v="yes" />
  </way>
  <way id="-1000000112" visible="true">
    <nd ref="-535" />
    <nd ref="-536" />
    <nd ref="-537" />
    <nd ref="-538" />
    <nd ref="-535" />
    <tag k="building" v="yes" />
  </way>
  <way id="-1000000113" visible="true">
    <nd ref="-539" />
    <nd ref="-540" />
    <nd ref="-541" />
    <nd ref="-542" />
    <nd ref="-539" />
    <tag k="building" v="yes" />
  </way>
  <way id="-1000000114" visible="true">
    <nd ref="-543" />
    <nd ref="-544" />
    <nd ref="-545" />
    <nd ref="-546" />
    <nd ref="-543" />
    <tag k="building" v="yes" />
  </way>
  <way id="-1000000115" visible="true">
    <nd ref="-547" />
    <nd ref="-548" />
    <nd ref="-549" />
    <nd ref="-550" />
    <nd ref="-547" />
    <tag k="building" v="yes" />
  </way>
  <way id="-1000000116" visible="true">
    <nd ref="-551" />
    <nd ref="-552" />
    <nd ref="-553" />
    <nd ref="-554" />
    <nd ref="-551" />
    <tag k="building" v="yes" />
  </way>
  <way id="-1000000117" visible="true">
    <nd ref="-555" />
    <nd ref="-556" />
    <nd ref="-557" />
    <nd ref="-558" />
    <nd ref="-555" />
    <tag k="building" v="yes" />
  </way>
  <way id="-1000000118" visible="true">
    <nd ref="-559" />
    <nd ref="-560" />
    <nd ref="-561" />
    <nd ref="-562" />
    <nd ref="-559" />
    <tag k="building" v="yes" />
  </way>
  <way id="-1000000119" visible="true">
    <nd ref="-563" />
    <nd ref="-564" />
    <nd ref="-565" />
    <nd ref="-566" />
    <nd ref="-563" />
    <tag k="building" v="yes" />
  </way>
  <way id="-1000000120" visible="true">
    <nd ref="-567" />
    <nd ref="-568" />
    <nd ref="-569" />
    <nd ref="-570" />
    <nd ref="-567" />
    <tag k="addr:housenumber" v="2,4" />
    <tag k="addr:street" v="Christoph-von-Schmid-Straße" />
    <tag k="building" v="apartments" />
  </way>
  <way id="-1000000121" visible="true">
    <nd ref="-571" />
    <nd ref="-572" />
    <nd ref="-573" />
    <nd ref="-574" />
    <nd ref="-571" />
    <tag k="addr:city" v="Ingolstadt" />
    <tag k="addr:country" v="DE" />
    <tag k="addr:housenumber" v="12" />
    <tag k="addr:postcode" v="85055" />
    <tag k="addr:street" v="Christoph-von-Schmid-Straße" />
    <tag k="amenity" v="place_of_worship" />
    <tag k="building" v="church" />
    <tag k="check_date" v="2024-08-02" />
    <tag k="denomination" v="protestant" />
    <tag k="email" v="sankt.lukas@t-online.de" />
    <tag k="name" v="St. Lukas" />
    <tag k="phone" v="+49 841 920512" />
    <tag k="religion" v="christian" />
    <tag k="url" v="http://www.ingolstadt-st-lukas.de/" />
    <tag k="wheelchair" v="limited" />
  </way>
  <way id="-1000000122" visible="true">
    <nd ref="-573" />
    <nd ref="-575" />
    <nd ref="-576" />
    <nd ref="-577" />
    <nd ref="-573" />
    <tag k="addr:housenumber" v="14" />
    <tag k="addr:street" v="Christoph-von-Schmid-Straße" />
    <tag k="building" v="house" />
  </way>
  <way id="-1000000123" visible="true">
    <nd ref="-578" />
    <nd ref="-579" />
    <nd ref="-580" />
    <nd ref="-581" />
    <nd ref="-578" />
    <tag k="building" v="terrace" />
  </way>
  <way id="-1000000124" visible="true">
    <nd ref="-582" />
    <nd ref="-583" />
    <nd ref="-584" />
    <nd ref="-585" />
    <nd ref="-582" />
    <tag k="building" v="yes" />
  </way>
  <way id="-1000000125" visible="true">
    <nd ref="-586" />
    <nd ref="-587" />
    <nd ref="-588" />
    <nd ref="-589" />
    <nd ref="-586" />
    <tag k="addr:housenumber" v="11" />
    <tag k="addr:street" v="Kurt-Huber-Straße" />
    <tag k="building" v="detached" />
  </way>
  <way id="-1000000126" visible="true">
    <nd ref="-577" />
    <nd ref="-590" />
    <nd ref="-591" />
    <nd ref="-592" />
    <nd ref="-577" />
    <tag k="building" v="house" />
  </way>
  <way id="-1000000127" visible="true">
    <nd ref="-593" />
    <nd ref="-594" />
    <nd ref="-595" />
    <nd ref="-596" />
    <nd ref="-593" />
    <tag k="building" v="apartments" />
  </way>
  <way id="-1000000128" visible="true">
    <nd ref="-597" />
    <nd ref="-598" />
    <nd ref="-599" />
    <nd ref="-600" />
    <nd ref="-597" />
    <tag k="addr:housenumber" v="74" />
    <tag k="addr:street" v="Feldkirchener Straße" />
    <tag k="building" v="semidetached_house" />
  </way>
  <way id="-1000000129" visible="true">
    <nd ref="-601" />
    <nd ref="-602" />
    <nd ref="-603" />
    <nd ref="-604" />
    <nd ref="-601" />
    <tag k="addr:housenumber" v="78,80" />
    <tag k="addr:street" v="Feldkirchener Straße" />
    <tag k="building" v="semidetached_house" />
  </way>
  <way id="-1000000130" visible="true">
    <nd ref="-605" />
    <nd ref="-606" />
    <nd ref="-607" />
    <nd ref="-608" />
    <nd ref="-605" />
    <tag k="building" v="detached" />
  </way>
  <way id="-1000000131" visible="true">
    <nd ref="-609" />
    <nd ref="-610" />
    <nd ref="-611" />
    <nd ref="-612" />
    <nd ref="-609" />
    <tag k="building" v="detached" />
  </way>
  <way id="-1000000132" visible="true">
    <nd ref="-613" />
    <nd ref="-614" />
    <nd ref="-615" />
    <nd ref="-616" />
    <nd ref="-613" />
    <tag k="addr:housenumber" v="9" />
    <tag k="addr:street" v="Ganghoferstraße" />
    <tag k="building" v="apartments" />
  </way>
  <way id="-1000000133" visible="true">
    <nd ref="-617" />
    <nd ref="-618" />
    <nd ref="-619" />
    <nd ref="-620" />
    <nd ref="-617" />
    <tag k="addr:housenumber" v="4" />
    <tag k="addr:street" v="Lessingstraße" />
    <tag k="building" v="apartments" />
  </way>
  <way id="-1000000134" visible="true">
    <nd ref="-621" />
    <nd ref="-622" />
    <nd ref="-623" />
    <nd ref="-624" />
    <nd ref="-621" />
    <tag k="building" v="apartments" />
  </way>
  <way id="-1000000135" visible="true">
    <nd ref="-625" />
    <nd ref="-626" />
    <nd ref="-627" />
    <nd ref="-628" />
    <nd ref="-625" />
    <tag k="building" v="shed" />
  </way>
  <way id="-1000000136" visible="true">
    <nd ref="-629" />
    <nd ref="-630" />
    <nd ref="-631" />
    <nd ref="-632" />
    <nd ref="-629" />
    <tag k="addr:housenumber" v="21" />
    <tag k="addr:street" v="Thomastraße" />
    <tag k="building" v="detached" />
  </way>
  <way id="-1000000137" visible="true">
    <nd ref="-633" />
    <nd ref="-634" />
    <nd ref="-635" />
    <nd ref="-636" />
    <nd ref="-633" />
    <tag k="addr:housenumber" v="24" />
    <tag k="addr:street" v="Thomastraße" />
    <tag k="building" v="detached" />
  </way>
  <way id="-1000000138" visible="true">
    <nd ref="-637" />
    <nd ref="-638" />
    <nd ref="-639" />
    <nd ref="-640" />
    <nd ref="-637" />
    <tag k="building" v="detached" />
  </way>
  <way id="-1000000139" visible="true">
    <nd ref="-641" />
    <nd ref="-642" />
    <nd ref="-643" />
    <nd ref="-644" />
    <nd ref="-645" />
    <nd ref="-641" />
    <tag k="building" v="apartments" />
  </way>
  <way id="-1000000140" visible="true">
    <nd ref="-646" />
    <nd ref="-644" />
    <nd ref="-647" />
    <nd ref="-648" />
    <nd ref="-646" />
    <tag k="building" v="apartments" />
  </way>
  <way id="-1000000141" visible="true">
    <nd ref="-649" />
    <nd ref="-650" />
    <nd ref="-651" />
    <nd ref="-652" />
    <nd ref="-649" />
    <tag k="building" v="detached" />
  </way>
  <way id="-1000000142" visible="true">
    <nd ref="-653" />
    <nd ref="-654" />
    <nd ref="-655" />
    <nd ref="-656" />
    <nd ref="-653" />
    <tag k="building" v="apartments" />
  </way>
  <way id="-1000000143" visible="true">
    <nd ref="-657" />
    <nd ref="-658" />
    <nd ref="-659" />
    <nd ref="-660" />
    <nd ref="-657" />
    <tag k="addr:city" v="Ingolstadt" />
    <tag k="addr:country" v="DE" />
    <tag k="addr:housenumber" v="77" />
    <tag k="addr:postcode" v="85055" />
    <tag k="addr:street" v="Regensburger Straße" />
    <tag k="building" v="yes" />
    <tag k="check_date" v="2024-09-20" />
    <tag k="name" v="Hecht" />
    <tag k="stars" v="3" />
    <tag k="tourism" v="hotel" />
  </way>
  <way id="-1000000144" visible="true">
    <nd ref="-661" />
    <nd ref="-662" />
    <nd ref="-663" />
    <nd ref="-664" />
    <nd ref="-661" />
    <tag k="building" v="semidetached_house" />
  </way>
  <way id="-1000000145" visible="true">
    <nd ref="-665" />
    <nd ref="-666" />
    <nd ref="-667" />
    <nd ref="-668" />
    <nd ref="-665" />
    <tag k="building" v="semidetached_house" />
  </way>
  <way id="-1000000146" visible="true">
    <nd ref="-669" />
    <nd ref="-670" />
    <nd ref="-671" />
    <nd ref="-672" />
    <nd ref="-669" />
    <tag k="building" v="semidetached_house" />
  </way>
  <way id="-1000000147" visible="true">
    <nd ref="-673" />
    <nd ref="-674" />
    <nd ref="-675" />
    <nd ref="-676" />
    <nd ref="-673" />
    <tag k="addr:housenumber" v="16,18" />
    <tag k="addr:street" v="Konradstraße" />
    <tag k="building" v="semidetached_house" />
  </way>
  <way id="-1000000148" visible="true">
    <nd ref="-677" />
    <nd ref="-678" />
    <nd ref="-679" />
    <nd ref="-680" />
    <nd ref="-677" />
    <tag k="building" v="semidetached_house" />
  </way>
  <way id="-1000000149" visible="true">
    <nd ref="-681" />
    <nd ref="-682" />
    <nd ref="-683" />
    <nd ref="-684" />
    <nd ref="-681" />
    <tag k="building" v="yes" />
    <tag k="building:use" v="garage" />
  </way>
  <way id="-1000000150" visible="true">
    <nd ref="-685" />
    <nd ref="-686" />
    <nd ref="-687" />
    <nd ref="-688" />
    <nd ref="-685" />
    <tag k="building" v="yes" />
    <tag k="building:use" v="garage" />
  </way>
  <way id="-1000000151" visible="true">
    <nd ref="-689" />
    <nd ref="-690" />
    <nd ref="-691" />
    <nd ref="-692" />
    <nd ref="-689" />
    <tag k="building" v="apartments" />
  </way>
  <way id="-1000000152" visible="true">
    <nd ref="-693" />
    <nd ref="-694" />
    <nd ref="-695" />
    <nd ref="-696" />
    <nd ref="-693" />
    <tag k="building" v="apartments" />
  </way>
  <way id="-1000000153" visible="true">
    <nd ref="-697" />
    <nd ref="-698" />
    <nd ref="-699" />
    <nd ref="-700" />
    <nd ref="-697" />
    <tag k="addr:housenumber" v="92" />
    <tag k="addr:street" v="Feldkirchener Straße" />
    <tag k="building" v="detached" />
  </way>
  <way id="-1000000154" visible="true">
    <nd ref="-701" />
    <nd ref="-702" />
    <nd ref="-703" />
    <nd ref="-704" />
    <nd ref="-701" />
    <tag k="building" v="detached" />
  </way>
  <way id="-1000000155" visible="true">
    <nd ref="-705" />
    <nd ref="-706" />
    <nd ref="-707" />
    <nd ref="-708" />
    <nd ref="-705" />
    <tag k="addr:housenumber" v="96" />
    <tag k="addr:street" v="Feldkirchener Straße" />
    <tag k="building" v="apartments" />
  </way>
  <way id="-1000000156" visible="true">
    <nd ref="-709" />
    <nd ref="-710" />
    <nd ref="-711" />
    <nd ref="-712" />
    <nd ref="-709" />
    <tag k="building" v="terrace" />
  </way>
  <way id="-1000000157" visible="true">
    <nd ref="-713" />
    <nd ref="-714" />
    <nd ref="-715" />
    <nd ref="-716" />
    <nd ref="-713" />
    <tag k="building" v="terrace" />
  </way>
  <way id="-1000000158" visible="true">
    <nd ref="-717" />
    <nd ref="-718" />
    <nd ref="-719" />
    <nd ref="-720" />
    <nd ref="-717" />
    <tag k="building" v="terrace" />
  </way>
  <way id="-1000000159" visible="true">
    <nd ref="-721" />
    <nd ref="-722" />
    <nd ref="-723" />
    <nd ref="-724" />
    <nd ref="-721" />
    <tag k="building" v="terrace" />
  </way>
  <way id="-1000000160" visible="true">
    <nd ref="-725" />
    <nd ref="-726" />
    <nd ref="-727" />
    <nd ref="-728" />
    <nd ref="-725" />
    <tag k="building" v="terrace" />
  </way>
  <way id="-1000000161" visible="true">
    <nd ref="-729" />
    <nd ref="-730" />
    <nd ref="-731" />
    <nd ref="-732" />
    <nd ref="-729" />
    <tag k="building" v="terrace" />
  </way>
  <way id="-1000000162" visible="true">
    <nd ref="-733" />
    <nd ref="-734" />
    <nd ref="-735" />
    <nd ref="-736" />
    <nd ref="-737" />
    <nd ref="-738" />
    <nd ref="-739" />
    <nd ref="-740" />
    <nd ref="-733" />
    <tag k="building" v="kindergarten" />
    <tag k="name" v="Kindergarten St. Konrad" />
  </way>
  <way id="-1000000163" visible="true">
    <nd ref="-741" />
    <nd ref="-742" />
    <nd ref="-743" />
    <nd ref="-744" />
    <nd ref="-741" />
    <tag k="building" v="terrace" />
  </way>
  <way id="-1000000164" visible="true">
    <nd ref="-745" />
    <nd ref="-746" />
    <nd ref="-747" />
    <nd ref="-748" />
    <nd ref="-745" />
    <tag k="building" v="terrace" />
  </way>
  <way id="-1000000165" visible="true">
    <nd ref="-749" />
    <nd ref="-750" />
    <nd ref="-751" />
    <nd ref="-752" />
    <nd ref="-749" />
    <tag k="building" v="detached" />
  </way>
  <way id="-1000000166" visible="true">
    <nd ref="-753" />
    <nd ref="-754" />
    <nd ref="-755" />
    <nd ref="-756" />
    <nd ref="-753" />
    <tag k="building" v="detached" />
  </way>
  <way id="-1000000167" visible="true">
    <nd ref="-757" />
    <nd ref="-758" />
    <nd ref="-759" />
    <nd ref="-760" />
    <nd ref="-757" />
    <tag k="building" v="yes" />
  </way>
  <way id="-1000000168" visible="true">
    <nd ref="-761" />
    <nd ref="-762" />
    <nd ref="-763" />
    <nd ref="-764" />
    <nd ref="-761" />
    <tag k="building" v="apartments" />
  </way>
  <way id="-1000000169" visible="true">
    <nd ref="-765" />
    <nd ref="-766" />
    <nd ref="-767" />
    <nd ref="-768" />
    <nd ref="-765" />
    <tag k="building" v="apartments" />
  </way>
  <way id="-1000000170" visible="true">
    <nd ref="-769" />
    <nd ref="-770" />
    <nd ref="-771" />
    <nd ref="-772" />
    <nd ref="-769" />
    <tag k="building" v="yes" />
  </way>
  <way id="-1000000171" visible="true">
    <nd ref="-773" />
    <nd ref="-774" />
    <nd ref="-775" />
    <nd ref="-776" />
    <nd ref="-773" />
    <tag k="building" v="apartments" />
  </way>
  <way id="-1000000172" visible="true">
    <nd ref="-777" />
    <nd ref="-778" />
    <nd ref="-779" />
    <nd ref="-780" />
    <nd ref="-777" />
    <tag k="building" v="detached" />
  </way>
  <way id="-1000000173" visible="true">
    <nd ref="-781" />
    <nd ref="-782" />
    <nd ref="-783" />
    <nd ref="-784" />
    <nd ref="-781" />
    <tag k="building" v="semidetached_house" />
  </way>
  <way id="-1000000174" visible="true">
    <nd ref="-785" />
    <nd ref="-786" />
    <nd ref="-787" />
    <nd ref="-788" />
    <nd ref="-785" />
    <tag k="addr:housenumber" v="87" />
    <tag k="addr:street" v="Regensburger Straße" />
    <tag k="building" v="apartments" />
  </way>
  <way id="-1000000175" visible="true">
    <nd ref="-789" />
    <nd ref="-790" />
    <nd ref="-791" />
    <nd ref="-792" />
    <nd ref="-789" />
    <tag k="building" v="apartments" />
  </way>
  <way id="-1000000176" visible="true">
    <nd ref="-793" />
    <nd ref="-794" />
    <nd ref="-795" />
    <nd ref="-796" />
    <nd ref="-797" />
    <nd ref="-793" />
    <tag k="building" v="apartments" />
  </way>
  <way id="-1000000177" visible="true">
    <nd ref="-798" />
    <nd ref="-799" />
    <nd ref="-800" />
    <nd ref="-801" />
    <nd ref="-798" />
    <tag k="addr:housenumber" v="89" />
    <tag k="addr:street" v="Regensburger Straße" />
    <tag k="building" v="apartments" />
  </way>
  <way id="-1000000178" visible="true">
    <nd ref="-802" />
    <nd ref="-803" />
    <nd ref="-804" />
    <nd ref="-805" />
    <nd ref="-802" />
    <tag k="building" v="yes" />
  </way>
  <way id="-1000000179" visible="true">
    <nd ref="-806" />
    <nd ref="-807" />
    <nd ref="-808" />
    <nd ref="-809" />
    <nd ref="-806" />
    <tag k="addr:city" v="Ingolstadt" />
    <tag k="addr:housenumber" v="21" />
    <tag k="addr:postcode" v="85055" />
    <tag k="addr:street" v="Kurt-Huber-Straße" />
    <tag k="brand" v="Backhaus Hackner" />
    <tag k="brand:wikidata" v="Q122761485" />
    <tag k="building" v="yes" />
    <tag k="check_date:opening_hours" v="2025-04-25" />
    <tag k="name" v="Backhaus Hackner" />
    <tag k="opening_hours" v="Mo-Fr 06:00-18:00; Sa 06:00-16:00; Su,PH 07:00-17:00" />
    <tag k="operator" v="Backhaus Hackner" />
    <tag k="phone" v="+49 841 3708779" />
    <tag k="shop" v="bakery" />
    <tag k="website" v="https://www.backhaus-hackner.de" />
    <tag k="wheelchair" v="limited" />
  </way>
  <way id="-1000000180" visible="true">
    <nd ref="-810" />
    <nd ref="-811" />
    <nd ref="-812" />
    <nd ref="-813" />
    <nd ref="-814" />
    <nd ref="-815" />
    <nd ref="-816" />
    <nd ref="-817" />
    <nd ref="-810" />
    <tag k="addr:city" v="Ingolstadt" />
    <tag k="addr:country" v="DE" />
    <tag k="addr:housenumber" v="25" />
    <tag k="addr:postcode" v="85055" />
    <tag k="addr:street" v="Kurt-Huber-Straße" />
    <tag k="building" v="retail" />
    <tag k="building:levels" v="1" />
    <tag k="roof:shape" v="flat" />
  </way>
  <way id="-1000000181" visible="true">
    <nd ref="-818" />
    <nd ref="-819" />
    <nd ref="-820" />
    <nd ref="-821" />
    <nd ref="-818" />
    <tag k="building" v="apartments" />
  </way>
  <way id="-1000000182" visible="true">
    <nd ref="-822" />
    <nd ref="-823" />
    <nd ref="-824" />
    <nd ref="-825" />
    <nd ref="-826" />
    <nd ref="-827" />
    <nd ref="-828" />
    <nd ref="-829" />
    <nd ref="-822" />
    <tag k="building" v="apartments" />
  </way>
  <way id="-1000000183" visible="true">
    <nd ref="-830" />
    <nd ref="-831" />
    <nd ref="-832" />
    <nd ref="-833" />
    <nd ref="-830" />
    <tag k="building" v="garage" />
  </way>
  <way id="-1000000184" visible="true">
    <nd ref="-834" />
    <nd ref="-835" />
    <nd ref="-836" />
    <nd ref="-837" />
    <nd ref="-834" />
    <tag k="building" v="apartments" />
  </way>
  <way id="-1000000185" visible="true">
    <nd ref="-838" />
    <nd ref="-839" />
    <nd ref="-840" />
    <nd ref="-841" />
    <nd ref="-838" />
    <tag k="building" v="apartments" />
  </way>
  <way id="-1000000186" visible="true">
    <nd ref="-842" />
    <nd ref="-843" />
    <nd ref="-844" />
    <nd ref="-845" />
    <nd ref="-842" />
    <tag k="building" v="detached" />
  </way>
  <way id="-1000000187" visible="true">
    <nd ref="-846" />
    <nd ref="-847" />
    <nd ref="-848" />
    <nd ref="-849" />
    <nd ref="-846" />
    <tag k="building" v="detached" />
  </way>
  <way id="-1000000188" visible="true">
    <nd ref="-850" />
    <nd ref="-851" />
    <nd ref="-852" />
    <nd ref="-853" />
    <nd ref="-850" />
    <tag k="building" v="retail" />
  </way>
  <way id="-1000000189" visible="true">
    <nd ref="-854" />
    <nd ref="-855" />
    <nd ref="-856" />
    <nd ref="-857" />
    <nd ref="-854" />
    <tag k="addr:housenumber" v="70" />
    <tag k="addr:street" v="Regensburger Straße" />
    <tag k="building" v="apartments" />
  </way>
  <way id="-1000000190" visible="true">
    <nd ref="-858" />
    <nd ref="-859" />
    <nd ref="-860" />
    <nd ref="-861" />
    <nd ref="-858" />
    <tag k="building" v="garage" />
  </way>
  <way id="-1000000191" visible="true">
    <nd ref="-862" />
    <nd ref="-863" />
    <nd ref="-864" />
    <nd ref="-865" />
    <nd ref="-862" />
    <tag k="building" v="semidetached_house" />
  </way>
  <way id="-1000000192" visible="true">
    <nd ref="-866" />
    <nd ref="-867" />
    <nd ref="-868" />
    <nd ref="-869" />
    <nd ref="-866" />
    <tag k="building" v="semidetached_house" />
  </way>
  <way id="-1000000193" visible="true">
    <nd ref="-870" />
    <nd ref="-871" />
    <nd ref="-872" />
    <nd ref="-873" />
    <nd ref="-870" />
    <tag k="building" v="semidetached_house" />
  </way>
  <way id="-1000000194" visible="true">
    <nd ref="-874" />
    <nd ref="-875" />
    <nd ref="-876" />
    <nd ref="-877" />
    <nd ref="-878" />
    <nd ref="-879" />
    <nd ref="-880" />
    <nd ref="-881" />
    <nd ref="-882" />
    <nd ref="-883" />
    <nd ref="-874" />
    <tag k="building" v="semidetached_house" />
  </way>
  <way id="-1000000195" visible="true">
    <nd ref="-884" />
    <nd ref="-885" />
    <nd ref="-886" />
    <nd ref="-887" />
    <nd ref="-888" />
    <nd ref="-884" />
    <tag k="building" v="semidetached_house" />
  </way>
  <way id="-1000000196" visible="true">
    <nd ref="-889" />
    <nd ref="-890" />
    <nd ref="-891" />
    <nd ref="-892" />
    <nd ref="-889" />
    <tag k="building" v="semidetached_house" />
  </way>
  <way id="-1000000197" visible="true">
    <nd ref="-893" />
    <nd ref="-894" />
    <nd ref="-895" />
    <nd ref="-896" />
    <nd ref="-893" />
    <tag k="building" v="semidetached_house" />
  </way>
  <way id="-1000000198" visible="true">
    <nd ref="-897" />
    <nd ref="-898" />
    <nd ref="-899" />
    <nd ref="-900" />
    <nd ref="-901" />
    <nd ref="-902" />
    <nd ref="-897" />
    <tag k="building" v="apartments" />
  </way>
  <way id="-1000000199" visible="true">
    <nd ref="-903" />
    <nd ref="-904" />
    <nd ref="-905" />
    <nd ref="-906" />
    <nd ref="-903" />
    <tag k="building" v="terrace" />
  </way>
  <way id="-1000000200" visible="true">
    <nd ref="-907" />
    <nd ref="-908" />
    <nd ref="-909" />
    <nd ref="-910" />
    <nd ref="-907" />
    <tag k="building" v="apartments" />
  </way>
  <way id="-1000000201" visible="true">
    <nd ref="-911" />
    <nd ref="-912" />
    <nd ref="-913" />
    <nd ref="-914" />
    <nd ref="-915" />
    <nd ref="-916" />
    <nd ref="-911" />
    <tag k="building" v="semidetached_house" />
  </way>
  <way id="-1000000202" visible="true">
    <nd ref="-917" />
    <nd ref="-918" />
    <nd ref="-919" />
    <nd ref="-920" />
    <nd ref="-921" />
    <nd ref="-922" />
    <nd ref="-917" />
    <tag k="building" v="semidetached_house" />
  </way>
  <way id="-1000000203" visible="true">
    <nd ref="-923" />
    <nd ref="-924" />
    <nd ref="-925" />
    <nd ref="-926" />
    <nd ref="-927" />
    <nd ref="-928" />
    <nd ref="-923" />
    <tag k="building" v="semidetached_house" />
  </way>
  <way id="-1000000204" visible="true">
    <nd ref="-929" />
    <nd ref="-930" />
    <nd ref="-931" />
    <nd ref="-932" />
    <nd ref="-933" />
    <nd ref="-929" />
    <tag k="building" v="residential" />
  </way>
  <way id="-1000000205" visible="true">
    <nd ref="-934" />
    <nd ref="-935" />
    <nd ref="-936" />
    <nd ref="-937" />
    <nd ref="-934" />
    <tag k="building" v="residential" />
  </way>
  <way id="-1000000206" visible="true">
    <nd ref="-938" />
    <nd ref="-939" />
    <nd ref="-940" />
    <nd ref="-941" />
    <nd ref="-938" />
    <tag k="building" v="yes" />
  </way>
  <way id="-1000000207" visible="true">
    <nd ref="-942" />
    <nd ref="-943" />
    <nd ref="-944" />
    <nd ref="-945" />
    <nd ref="-942" />
    <tag k="building" v="apartments" />
  </way>
  <way id="-1000000208" visible="true">
    <nd ref="-946" />
    <nd ref="-947" />
    <nd ref="-948" />
    <nd ref="-949" />
    <nd ref="-946" />
    <tag k="building" v="apartments" />
  </way>
  <way id="-1000000209" visible="true">
    <nd ref="-950" />
    <nd ref="-951" />
    <nd ref="-952" />
    <nd ref="-953" />
    <nd ref="-950" />
    <tag k="building" v="yes" />
  </way>
  <way id="-1000000210" visible="true">
    <nd ref="-954" />
    <nd ref="-955" />
    <nd ref="-956" />
    <nd ref="-957" />
    <nd ref="-954" />
    <tag k="building" v="semidetached_house" />
  </way>
  <way id="-1000000211" visible="true">
    <nd ref="-958" />
    <nd ref="-959" />
    <nd ref="-960" />
    <nd ref="-961" />
    <nd ref="-958" />
    <tag k="building" v="semidetached_house" />
  </way>
  <way id="-1000000212" visible="true">
    <nd ref="-962" />
    <nd ref="-963" />
    <nd ref="-964" />
    <nd ref="-965" />
    <nd ref="-962" />
    <tag k="building" v="apartments" />
  </way>
  <way id="-1000000213" visible="true">
    <nd ref="-966" />
    <nd ref="-967" />
    <nd ref="-968" />
    <nd ref="-969" />
    <nd ref="-970" />
    <nd ref="-971" />
    <nd ref="-972" />
    <nd ref="-973" />
    <nd ref="-966" />
    <tag k="addr:city" v="Ingolstadt" />
    <tag k="addr:country" v="DE" />
    <tag k="addr:housenumber" v="65" />
    <tag k="addr:postcode" v="85055" />
    <tag k="addr:street" v="Regensburger Straße" />
    <tag k="amenity" v="fuel" />
    <tag k="building" v="retail" />
    <tag k="compressed_air" v="yes" />
    <tag k="name" v="AGIP" />
  </way>
  <way id="-1000000214" visible="true">
    <nd ref="-974" />
    <nd ref="-975" />
    <nd ref="-976" />
    <nd ref="-977" />
    <nd ref="-974" />
    <tag k="building" v="warehouse" />
  </way>
  <way id="-1000000215" visible="true">
    <nd ref="-978" />
    <nd ref="-979" />
    <nd ref="-980" />
    <nd ref="-981" />
    <nd ref="-982" />
    <nd ref="-978" />
    <tag k="building" v="apartments" />
  </way>
  <way id="-1000000216" visible="true">
    <nd ref="-983" />
    <nd ref="-984" />
    <nd ref="-985" />
    <nd ref="-986" />
    <nd ref="-987" />
    <nd ref="-988" />
    <nd ref="-983" />
    <tag k="building" v="garage" />
    <tag k="source" v="HiRes aerial imagery" />
  </way>
  <way id="-1000000217" visible="true">
    <nd ref="-989" />
    <nd ref="-990" />
    <nd ref="-991" />
    <nd ref="-992" />
    <nd ref="-989" />
    <tag k="building" v="apartments" />
    <tag k="building:levels" v="2" />
    <tag k="roof:shape" v="gabled" />
  </way>
  <way id="-1000000218" visible="true">
    <nd ref="-993" />
    <nd ref="-994" />
    <nd ref="-995" />
    <nd ref="-996" />
    <nd ref="-993" />
    <tag k="addr:housenumber" v="5" />
    <tag k="addr:street" v="Lessingstraße" />
    <tag k="building" v="apartments" />
  </way>
  <way id="-1000000219" visible="true">
    <nd ref="-997" />
    <nd ref="-998" />
    <nd ref="-999" />
    <nd ref="-1000" />
    <nd ref="-997" />
    <tag k="addr:housenumber" v="17" />
    <tag k="addr:street" v="Thomastraße" />
    <tag k="building" v="apartments" />
  </way>
  <way id="-1000000220" visible="true">
    <nd ref="-1001" />
    <nd ref="-1002" />
    <nd ref="-1003" />
    <nd ref="-1004" />
    <nd ref="-1001" />
    <tag k="building" v="apartments" />
  </way>
  <way id="-1000000221" visible="true">
    <nd ref="-1005" />
    <nd ref="-1006" />
    <nd ref="-1007" />
    <nd ref="-1008" />
    <nd ref="-1005" />
    <tag k="building" v="apartments" />
    <tag k="building:levels" v="2" />
    <tag k="roof:levels" v="1" />
    <tag k="roof:shape" v="gabled" />
  </way>
  <way id="-1000000222" visible="true">
    <nd ref="-1009" />
    <nd ref="-1010" />
    <nd ref="-1011" />
    <nd ref="-1012" />
    <nd ref="-1009" />
    <tag k="building" v="detached" />
  </way>
  <way id="-1000000223" visible="true">
    <nd ref="-1013" />
    <nd ref="-1014" />
    <nd ref="-1015" />
    <nd ref="-1016" />
    <nd ref="-1013" />
    <tag k="building" v="garage" />
  </way>
  <way id="-1000000224" visible="true">
    <nd ref="-1017" />
    <nd ref="-1018" />
    <nd ref="-1019" />
    <nd ref="-1020" />
    <nd ref="-1021" />
    <nd ref="-1022" />
    <nd ref="-1023" />
    <nd ref="-1024" />
    <nd ref="-1017" />
    <tag k="building" v="office" />
  </way>
  <way id="-1000000225" visible="true">
    <nd ref="-1025" />
    <nd ref="-1026" />
    <nd ref="-1027" />
    <nd ref="-1028" />
    <nd ref="-1025" />
    <tag k="addr:housenumber" v="11" />
    <tag k="addr:street" v="Lessingstraße" />
    <tag k="building" v="apartments" />
    <tag k="building:levels" v="2" />
    <tag k="roof:levels" v="1" />
    <tag k="roof:shape" v="gabled" />
    <tag k="source" v="HiRes aerial imagery" />
  </way>
  <way id="-1000000226" visible="true">
    <nd ref="-1029" />
    <nd ref="-1030" />
    <nd ref="-1031" />
    <nd ref="-1032" />
    <nd ref="-1029" />
    <tag k="building" v="yes" />
  </way>
  <way id="-1000000227" visible="true">
    <nd ref="-1033" />
    <nd ref="-1034" />
    <nd ref="-1035" />
    <nd ref="-1036" />
    <nd ref="-1033" />
    <tag k="building" v="yes" />
  </way>
  <way id="-1000000228" visible="true">
    <nd ref="-1037" />
    <nd ref="-1038" />
    <nd ref="-1039" />
    <nd ref="-1040" />
    <nd ref="-1037" />
    <tag k="building" v="yes" />
  </way>
  <way id="-1000000229" visible="true">
    <nd ref="-1041" />
    <nd ref="-1042" />
    <nd ref="-1043" />
    <nd ref="-1044" />
    <nd ref="-1041" />
    <tag k="building" v="yes" />
  </way>
  <way id="-1000000230" visible="true">
    <nd ref="-1045" />
    <nd ref="-1046" />
    <nd ref="-1047" />
    <nd ref="-1048" />
    <nd ref="-1045" />
    <tag k="building" v="yes" />
  </way>
  <way id="-1000000231" visible="true">
    <nd ref="-1049" />
    <nd ref="-1050" />
    <nd ref="-1051" />
    <nd ref="-1052" />
    <nd ref="-1049" />
    <tag k="building" v="yes" />
  </way>
  <way id="-1000000232" visible="true">
    <nd ref="-1053" />
    <nd ref="-1054" />
    <nd ref="-1055" />
    <nd ref="-1056" />
    <nd ref="-1053" />
    <tag k="building" v="yes" />
  </way>
  <way id="-1000000233" visible="true">
    <nd ref="-1057" />
    <nd ref="-1058" />
    <nd ref="-1059" />
    <nd ref="-1060" />
    <nd ref="-1057" />
    <tag k="building" v="yes" />
  </way>
  <way id="-1000000234" visible="true">
    <nd ref="-1061" />
    <nd ref="-1062" />
    <nd ref="-1063" />
    <nd ref="-1064" />
    <nd ref="-1061" />
    <tag k="building" v="yes" />
  </way>
  <way id="-1000000235" visible="true">
    <nd ref="-1065" />
    <nd ref="-1066" />
    <nd ref="-1067" />
    <nd ref="-1068" />
    <nd ref="-1065" />
    <tag k="addr:city" v="Ingolstadt" />
    <tag k="addr:country" v="DE" />
    <tag k="addr:housenumber" v="127" />
    <tag k="addr:postcode" v="85055" />
    <tag k="addr:street" v="Regensburger Straße" />
    <tag k="building" v="yes" />
  </way>
  <way id="-1000000236" visible="true">
    <nd ref="-1069" />
    <nd ref="-1070" />
    <nd ref="-1071" />
    <nd ref="-1072" />
    <nd ref="-1073" />
    <nd ref="-1074" />
    <nd ref="-1075" />
    <nd ref="-1076" />
    <nd ref="-1077" />
    <nd ref="-1078" />
    <nd ref="-1079" />
    <nd ref="-1080" />
    <nd ref="-1069" />
    <tag k="building" v="yes" />
    <tag k="name" v="MX425" />
  </way>
  <way id="-1000000237" visible="true">
    <nd ref="-1081" />
    <nd ref="-1082" />
    <nd ref="-1083" />
    <nd ref="-1084" />
    <nd ref="-1085" />
    <nd ref="-1086" />
    <nd ref="-1087" />
    <nd ref="-1088" />
    <nd ref="-1089" />
    <nd ref="-1090" />
    <nd ref="-1091" />
    <nd ref="-1092" />
    <nd ref="-1081" />
    <tag k="building" v="yes" />
  </way>
  <way id="-1000000238" visible="true">
    <nd ref="-1092" />
    <nd ref="-1093" />
    <nd ref="-1094" />
    <nd ref="-1081" />
    <nd ref="-1092" />
    <tag k="building" v="yes" />
  </way>
  <way id="-1000000239" visible="true">
    <nd ref="-1095" />
    <nd ref="-1096" />
    <nd ref="-1097" />
    <nd ref="-1098" />
    <nd ref="-1095" />
    <tag k="addr:city" v="Ingolstadt" />
    <tag k="addr:country" v="DE" />
    <tag k="addr:housenumber" v="1" />
    <tag k="addr:street" v="Königsberger Straße" />
    <tag k="building" v="yes" />
    <tag k="source" v="HiRes aerial imagery" />
  </way>
  <way id="-1000000240" visible="true">
    <nd ref="-1099" />
    <nd ref="-1100" />
    <nd ref="-1101" />
    <nd ref="-1102" />
    <nd ref="-1099" />
    <tag k="building" v="yes" />
    <tag k="source" v="HiRes aerial imagery" />
  </way>
  <way id="-1000000241" visible="true">
    <nd ref="-1103" />
    <nd ref="-1104" />
    <nd ref="-1105" />
    <nd ref="-1106" />
    <nd ref="-1103" />
    <tag k="building" v="yes" />
    <tag k="source" v="HiRes aerial imagery" />
  </way>
  <way id="-1000000242" visible="true">
    <nd ref="-1107" />
    <nd ref="-1108" />
    <nd ref="-1109" />
    <nd ref="-1110" />
    <nd ref="-1111" />
    <nd ref="-1112" />
    <nd ref="-1113" />
    <nd ref="-1114" />
    <nd ref="-1115" />
    <nd ref="-1116" />
    <nd ref="-1117" />
    <nd ref="-1118" />
    <nd ref="-1107" />
    <tag k="building" v="yes" />
  </way>
  <way id="-1000000243" visible="true">
    <nd ref="-1119" />
    <nd ref="-1120" />
    <nd ref="-1121" />
    <nd ref="-1122" />
    <nd ref="-1119" />
    <tag k="building" v="yes" />
  </way>
  <way id="-1000000244" visible="true">
    <nd ref="-1123" />
    <nd ref="-1124" />
    <nd ref="-1125" />
    <nd ref="-1126" />
    <nd ref="-1123" />
    <tag k="building" v="yes" />
  </way>
  <way id="-1000000245" visible="true">
    <nd ref="-1127" />
    <nd ref="-1128" />
    <nd ref="-1129" />
    <nd ref="-1130" />
    <nd ref="-1127" />
    <tag k="building" v="yes" />
  </way>
  <way id="-1000000246" visible="true">
    <nd ref="-1131" />
    <nd ref="-1132" />
    <nd ref="-1133" />
    <nd ref="-1134" />
    <nd ref="-1131" />
    <tag k="building" v="yes" />
  </way>
  <way id="-1000000247" visible="true">
    <nd ref="-1135" />
    <nd ref="-1136" />
    <nd ref="-1137" />
    <nd ref="-1138" />
    <nd ref="-1135" />
    <tag k="building" v="yes" />
  </way>
  <way id="-1000000248" visible="true">
    <nd ref="-1139" />
    <nd ref="-1140" />
    <nd ref="-1141" />
    <nd ref="-1142" />
    <nd ref="-1139" />
    <tag k="building" v="yes" />
  </way>
  <way id="-1000000249" visible="true">
    <nd ref="-1143" />
    <nd ref="-1144" />
    <nd ref="-1145" />
    <nd ref="-1146" />
    <nd ref="-1143" />
    <tag k="building" v="yes" />
  </way>
  <way id="-1000000250" visible="true">
    <nd ref="-1147" />
    <nd ref="-1148" />
    <nd ref="-1149" />
    <nd ref="-1150" />
    <nd ref="-1147" />
    <tag k="building" v="yes" />
  </way>
  <way id="-1000000251" visible="true">
    <nd ref="-1151" />
    <nd ref="-1152" />
    <nd ref="-1153" />
    <nd ref="-1154" />
    <nd ref="-1151" />
    <tag k="building" v="yes" />
  </way>
  <way id="-1000000252" visible="true">
    <nd ref="-1155" />
    <nd ref="-1156" />
    <nd ref="-1157" />
    <nd ref="-1158" />
    <nd ref="-1155" />
    <tag k="building" v="yes" />
  </way>
  <way id="-1000000253" visible="true">
    <nd ref="-1159" />
    <nd ref="-1160" />
    <nd ref="-1161" />
    <nd ref="-1162" />
    <nd ref="-1159" />
    <tag k="building" v="yes" />
  </way>
  <way id="-1000000254" visible="true">
    <nd ref="-1163" />
    <nd ref="-1164" />
    <nd ref="-1165" />
    <nd ref="-1166" />
    <nd ref="-1163" />
    <tag k="building" v="yes" />
  </way>
  <way id="-1000000255" visible="true">
    <nd ref="-1167" />
    <nd ref="-1168" />
    <nd ref="-1169" />
    <nd ref="-1170" />
    <nd ref="-1167" />
    <tag k="building" v="yes" />
  </way>
  <way id="-1000000256" visible="true">
    <nd ref="-1171" />
    <nd ref="-1172" />
    <nd ref="-1173" />
    <nd ref="-1174" />
    <nd ref="-1171" />
    <tag k="building" v="yes" />
  </way>
  <way id="-1000000257" visible="true">
    <nd ref="-1175" />
    <nd ref="-1176" />
    <nd ref="-1177" />
    <nd ref="-1178" />
    <nd ref="-1175" />
    <tag k="building" v="yes" />
  </way>
  <way id="-1000000258" visible="true">
    <nd ref="-1179" />
    <nd ref="-1180" />
    <nd ref="-1181" />
    <nd ref="-1182" />
    <nd ref="-1179" />
    <tag k="building" v="yes" />
  </way>
  <way id="-1000000259" visible="true">
    <nd ref="-1183" />
    <nd ref="-1184" />
    <nd ref="-1185" />
    <nd ref="-1186" />
    <nd ref="-1183" />
    <tag k="building" v="yes" />
  </way>
  <way id="-1000000260" visible="true">
    <nd ref="-1187" />
    <nd ref="-1188" />
    <nd ref="-1189" />
    <nd ref="-1190" />
    <nd ref="-1187" />
    <tag k="building" v="yes" />
  </way>
  <way id="-1000000261" visible="true">
    <nd ref="-1191" />
    <nd ref="-1192" />
    <nd ref="-1193" />
    <nd ref="-1194" />
    <nd ref="-1191" />
    <tag k="building" v="yes" />
  </way>
  <way id="-1000000262" visible="true">
    <nd ref="-1195" />
    <nd ref="-1196" />
    <nd ref="-1197" />
    <nd ref="-1198" />
    <nd ref="-1195" />
    <tag k="building" v="yes" />
  </way>
  <way id="-1000000263" visible="true">
    <nd ref="-1199" />
    <nd ref="-1200" />
    <nd ref="-1201" />
    <nd ref="-1202" />
    <nd ref="-1199" />
    <tag k="building" v="yes" />
  </way>
  <way id="-1000000264" visible="true">
    <nd ref="-1203" />
    <nd ref="-1204" />
    <nd ref="-1205" />
    <nd ref="-1206" />
    <nd ref="-1207" />
    <nd ref="-1208" />
    <nd ref="-1203" />
    <tag k="building" v="yes" />
  </way>
  <way id="-1000000265" visible="true">
    <nd ref="-460" />
    <nd ref="-1209" />
    <nd ref="-1210" />
    <nd ref="-463" />
    <nd ref="-462" />
    <nd ref="-461" />
    <nd ref="-460" />
    <tag k="building" v="yes" />
    <tag k="man_made" v="tower" />
    <tag k="source" v="HiRes aerial imagery" />
    <tag k="tower:type" v="bell_tower" />
  </way>
  <way id="-1000000266" visible="true">
    <nd ref="-1211" />
    <nd ref="-1212" />
    <nd ref="-1213" />
    <nd ref="-1214" />
    <nd ref="-1211" />
    <tag k="addr:housenumber" v="12" />
    <tag k="addr:street" v="Christoph-von-Schmid-Straße" />
    <tag k="building" v="detached" />
  </way>
  <way id="-1000000267" visible="true">
    <nd ref="-1215" />
    <nd ref="-1216" />
    <nd ref="-1217" />
    <nd ref="-1218" />
    <nd ref="-1215" />
    <tag k="building" v="office" />
  </way>
  <way id="-1000000268" visible="true">
    <nd ref="-1219" />
    <nd ref="-1220" />
    <nd ref="-1221" />
    <nd ref="-1222" />
    <nd ref="-1219" />
    <tag k="building" v="semidetached_house" />
  </way>
  <way id="-1000000269" visible="true">
    <nd ref="-1223" />
    <nd ref="-1224" />
    <nd ref="-1225" />
    <nd ref="-1226" />
    <nd ref="-1223" />
    <tag k="building" v="yes" />
  </way>
  <way id="-1000000270" visible="true">
    <nd ref="-1227" />
    <nd ref="-1228" />
    <nd ref="-1229" />
    <nd ref="-1230" />
    <nd ref="-1227" />
    <tag k="building" v="garage" />
  </way>
  <way id="-1000000271" visible="true">
    <nd ref="-1231" />
    <nd ref="-1232" />
    <nd ref="-1233" />
    <nd ref="-1234" />
    <nd ref="-1231" />
    <tag k="building" v="apartments" />
  </way>
  <way id="-1000000272" visible="true">
    <nd ref="-1235" />
    <nd ref="-1236" />
    <nd ref="-1237" />
    <nd ref="-1238" />
    <nd ref="-1235" />
    <tag k="building" v="garages" />
  </way>
  <way id="-1000000273" visible="true">
    <nd ref="-1239" />
    <nd ref="-1240" />
    <nd ref="-1241" />
    <nd ref="-1242" />
    <nd ref="-1239" />
    <tag k="building" v="garage" />
    <tag k="source" v="HiRes aerial imagery" />
  </way>
  <way id="-1000000274" visible="true">
    <nd ref="-1243" />
    <nd ref="-1244" />
    <nd ref="-1245" />
    <nd ref="-1246" />
    <nd ref="-1243" />
    <tag k="building" v="garage" />
  </way>
  <way id="-1000000275" visible="true">
    <nd ref="-1247" />
    <nd ref="-1248" />
    <nd ref="-1249" />
    <nd ref="-1250" />
    <nd ref="-1247" />
    <tag k="building" v="apartments" />
  </way>
  <way id="-1000000276" visible="true">
    <nd ref="-1251" />
    <nd ref="-1252" />
    <nd ref="-1253" />
    <nd ref="-1254" />
    <nd ref="-1251" />
    <tag k="building" v="apartments" />
    <tag k="building:levels" v="3" />
    <tag k="roof:levels" v="0" />
    <tag k="roof:shape" v="flat" />
  </way>
  <way id="-1000000277" visible="true">
    <nd ref="-1255" />
    <nd ref="-1256" />
    <nd ref="-1257" />
    <nd ref="-1258" />
    <nd ref="-1255" />
    <tag k="building" v="apartments" />
    <tag k="source" v="Bing(2012)" />
  </way>
  <way id="-1000000278" visible="true">
    <nd ref="-1259" />
    <nd ref="-1260" />
    <nd ref="-1261" />
    <nd ref="-1262" />
    <nd ref="-1263" />
    <nd ref="-1259" />
    <tag k="building" v="yes" />
  </way>
  <way id="-1000000279" visible="true">
    <nd ref="-1264" />
    <nd ref="-1265" />
    <nd ref="-1266" />
    <nd ref="-1267" />
    <nd ref="-1264" />
    <tag k="building" v="yes" />
    <tag k="roof:shape" v="gabled" />
  </way>
  <way id="-1000000280" visible="true">
    <nd ref="-1268" />
    <nd ref="-1269" />
    <nd ref="-1270" />
    <nd ref="-864" />
    <nd ref="-1268" />
    <tag k="building" v="garage" />
  </way>
  <way id="-1000000281" visible="true">
    <nd ref="-1271" />
    <nd ref="-1272" />
    <nd ref="-1273" />
    <nd ref="-1274" />
    <nd ref="-1271" />
    <tag k="building" v="apartments" />
  </way>
  <way id="-1000000282" visible="true">
    <nd ref="-1275" />
    <nd ref="-1276" />
    <nd ref="-1277" />
    <nd ref="-1278" />
    <nd ref="-1275" />
    <tag k="building" v="apartments" />
    <tag k="source" v="Bing(2012)" />
  </way>
  <way id="-1000000283" visible="true">
    <nd ref="-1279" />
    <nd ref="-1280" />
    <nd ref="-1281" />
    <nd ref="-1282" />
    <nd ref="-1279" />
    <tag k="building" v="apartments" />
    <tag k="source" v="Bing(2012)" />
  </way>
  <way id="-1000000284" visible="true">
    <nd ref="-1283" />
    <nd ref="-1284" />
    <nd ref="-1285" />
    <nd ref="-1286" />
    <nd ref="-1283" />
    <tag k="building" v="apartments" />
    <tag k="source" v="Bing(2012)" />
  </way>
  <way id="-1000000285" visible="true">
    <nd ref="-1287" />
    <nd ref="-1288" />
    <nd ref="-1289" />
    <nd ref="-1290" />
    <nd ref="-1287" />
    <tag k="building" v="garage" />
    <tag k="building:use" v="garage" />
    <tag k="source" v="HiRes aerial imagery" />
  </way>
  <way id="-1000000286" visible="true">
    <nd ref="-1291" />
    <nd ref="-1292" />
    <nd ref="-1293" />
    <nd ref="-1294" />
    <nd ref="-1291" />
    <tag k="building" v="garage" />
  </way>
  <way id="-1000000287" visible="true">
    <nd ref="-1295" />
    <nd ref="-1296" />
    <nd ref="-1297" />
    <nd ref="-1298" />
    <nd ref="-1295" />
    <tag k="building" v="garage" />
    <tag k="building:use" v="garage" />
    <tag k="source" v="HiRes aerial imagery" />
  </way>
  <way id="-1000000288" visible="true">
    <nd ref="-1299" />
    <nd ref="-1300" />
    <nd ref="-1301" />
    <nd ref="-1302" />
    <nd ref="-1299" />
    <tag k="building" v="terrace" />
  </way>
  <way id="-1000000289" visible="true">
    <nd ref="-1303" />
    <nd ref="-1304" />
    <nd ref="-1305" />
    <nd ref="-1306" />
    <nd ref="-1303" />
    <tag k="building" v="apartments" />
    <tag k="building:levels" v="3" />
    <tag k="roof:levels" v="0" />
    <tag k="roof:shape" v="flat" />
  </way>
  <way id="-1000000290" visible="true">
    <nd ref="-1307" />
    <nd ref="-1308" />
    <nd ref="-1309" />
    <nd ref="-1310" />
    <nd ref="-1311" />
    <nd ref="-1312" />
    <nd ref="-1307" />
    <tag k="addr:city" v="Ingolstadt" />
    <tag k="addr:country" v="DE" />
    <tag k="addr:housenumber" v="4a" />
    <tag k="addr:postcode" v="85055" />
    <tag k="addr:street" v="Wiechertstraße" />
    <tag k="building" v="house" />
    <tag k="source" v="HiRes aerial imagery" />
  </way>
  <way id="-1000000291" visible="true">
    <nd ref="-1313" />
    <nd ref="-1314" />
    <nd ref="-1315" />
    <nd ref="-1316" />
    <nd ref="-1313" />
    <tag k="building" v="apartments" />
  </way>
  <way id="-1000000292" visible="true">
    <nd ref="-1317" />
    <nd ref="-1318" />
    <nd ref="-1319" />
    <nd ref="-1320" />
    <nd ref="-1321" />
    <nd ref="-1322" />
    <nd ref="-1317" />
    <tag k="building" v="garage" />
    <tag k="building:use" v="garage" />
    <tag k="source" v="HiRes aerial imagery" />
  </way>
  <way id="-1000000293" visible="true">
    <nd ref="-1323" />
    <nd ref="-1324" />
    <nd ref="-1325" />
    <nd ref="-1326" />
    <nd ref="-1323" />
    <tag k="building" v="garage" />
  </way>
  <way id="-1000000294" visible="true">
    <nd ref="-1327" />
    <nd ref="-1328" />
    <nd ref="-1329" />
    <nd ref="-1330" />
    <nd ref="-1327" />
    <tag k="building" v="garage" />
    <tag k="building:use" v="garage" />
    <tag k="source" v="HiRes aerial imagery" />
  </way>
  <way id="-1000000295" visible="true">
    <nd ref="-1331" />
    <nd ref="-1332" />
    <nd ref="-1333" />
    <nd ref="-1334" />
    <nd ref="-1331" />
    <tag k="building" v="residential" />
  </way>
  <way id="-1000000296" visible="true">
    <nd ref="-1335" />
    <nd ref="-1336" />
    <nd ref="-1337" />
    <nd ref="-1338" />
    <nd ref="-1339" />
    <nd ref="-1340" />
    <nd ref="-1335" />
    <tag k="building" v="apartments" />
    <tag k="source" v="Bing(2012)" />
  </way>
  <way id="-1000000297" visible="true">
    <nd ref="-1341" />
    <nd ref="-1342" />
    <nd ref="-1343" />
    <nd ref="-1344" />
    <nd ref="-1345" />
    <nd ref="-1346" />
    <nd ref="-1341" />
    <tag k="building" v="apartments" />
    <tag k="building:levels" v="4" />
    <tag k="roof:levels" v="0" />
  </way>
  <way id="-1000000298" visible="true">
    <nd ref="-1347" />
    <nd ref="-1348" />
    <nd ref="-1349" />
    <nd ref="-1350" />
    <nd ref="-1351" />
    <nd ref="-1352" />
    <nd ref="-1347" />
    <tag k="building" v="apartments" />
    <tag k="building:levels" v="4" />
  </way>
  <way id="-1000000299" visible="true">
    <nd ref="-1353" />
    <nd ref="-1354" />
    <nd ref="-1355" />
    <nd ref="-1356" />
    <nd ref="-1357" />
    <nd ref="-1358" />
    <nd ref="-1359" />
    <nd ref="-1360" />
    <nd ref="-1353" />
    <tag k="building" v="yes" />
  </way>
  <way id="-1000000300" visible="true">
    <nd ref="-1361" />
    <nd ref="-1362" />
    <nd ref="-1363" />
    <nd ref="-1364" />
    <nd ref="-1361" />
    <tag k="building" v="semidetached_house" />
  </way>
  <way id="-1000000301" visible="true">
    <nd ref="-1365" />
    <nd ref="-1366" />
    <nd ref="-1367" />
    <nd ref="-1368" />
    <nd ref="-1365" />
    <tag k="building" v="yes" />
  </way>
  <way id="-1000000302" visible="true">
    <nd ref="-1369" />
    <nd ref="-1370" />
    <nd ref="-1371" />
    <nd ref="-1372" />
    <nd ref="-1369" />
    <tag k="building" v="yes" />
  </way>
  <way id="-1000000303" visible="true">
    <nd ref="-1373" />
    <nd ref="-1374" />
    <nd ref="-1375" />
    <nd ref="-1376" />
    <nd ref="-1373" />
    <tag k="building" v="yes" />
  </way>
  <way id="-1000000304" visible="true">
    <nd ref="-1377" />
    <nd ref="-1378" />
    <nd ref="-1379" />
    <nd ref="-1380" />
    <nd ref="-1377" />
    <tag k="building" v="garage" />
  </way>
  <way id="-1000000305" visible="true">
    <nd ref="-1381" />
    <nd ref="-1382" />
    <nd ref="-1383" />
    <nd ref="-1384" />
    <nd ref="-1385" />
    <nd ref="-1386" />
    <nd ref="-1387" />
    <nd ref="-1388" />
    <nd ref="-1381" />
    <tag k="addr:city" v="Ingolstadt" />
    <tag k="addr:country" v="DE" />
    <tag k="addr:housenumber" v="88" />
    <tag k="addr:postcode" v="85055" />
    <tag k="addr:street" v="Regensburger Straße" />
    <tag k="building" v="industrial" />
  </way>
  <way id="-1000000306" visible="true">
    <nd ref="-1389" />
    <nd ref="-1390" />
    <nd ref="-1391" />
    <nd ref="-1392" />
    <nd ref="-1389" />
    <tag k="building" v="garage" />
    <tag k="building:use" v="garage" />
  </way>
  <way id="-1000000307" visible="true">
    <nd ref="-1393" />
    <nd ref="-1394" />
    <nd ref="-1395" />
    <nd ref="-1396" />
    <nd ref="-1393" />
    <tag k="building" v="yes" />
  </way>
  <way id="-1000000308" visible="true">
    <nd ref="-1397" />
    <nd ref="-1398" />
    <nd ref="-1399" />
    <nd ref="-1400" />
    <nd ref="-1397" />
    <tag k="building" v="garage" />
  </way>
  <way id="-1000000309" visible="true">
    <nd ref="-1401" />
    <nd ref="-1402" />
    <nd ref="-1403" />
    <nd ref="-1404" />
    <nd ref="-1401" />
    <tag k="building" v="detached" />
  </way>
  <way id="-1000000310" visible="true">
    <nd ref="-1405" />
    <nd ref="-1406" />
    <nd ref="-1407" />
    <nd ref="-1408" />
    <nd ref="-1405" />
    <tag k="building" v="garage" />
  </way>
  <way id="-1000000311" visible="true">
    <nd ref="-1409" />
    <nd ref="-1410" />
    <nd ref="-1411" />
    <nd ref="-1412" />
    <nd ref="-1409" />
    <tag k="building" v="garage" />
    <tag k="building:use" v="garage" />
  </way>
  <way id="-1000000312" visible="true">
    <nd ref="-1413" />
    <nd ref="-1414" />
    <nd ref="-1415" />
    <nd ref="-1416" />
    <nd ref="-1413" />
    <tag k="building" v="yes" />
  </way>
  <way id="-1000000313" visible="true">
    <nd ref="-1417" />
    <nd ref="-1418" />
    <nd ref="-1419" />
    <nd ref="-1420" />
    <nd ref="-1417" />
    <tag k="building" v="garage" />
  </way>
  <way id="-1000000314" visible="true">
    <nd ref="-1421" />
    <nd ref="-1422" />
    <nd ref="-159" />
    <nd ref="-1423" />
    <nd ref="-1421" />
    <tag k="building" v="yes" />
  </way>
  <way id="-1000000315" visible="true">
    <nd ref="-1424" />
    <nd ref="-1425" />
    <nd ref="-1426" />
    <nd ref="-1427" />
    <nd ref="-1424" />
    <tag k="building" v="yes" />
  </way>
  <way id="-1000000316" visible="true">
    <nd ref="-1428" />
    <nd ref="-1429" />
    <nd ref="-1430" />
    <nd ref="-1431" />
    <nd ref="-1428" />
    <tag k="building" v="yes" />
  </way>
  <way id="-1000000317" visible="true">
    <nd ref="-1432" />
    <nd ref="-1433" />
    <nd ref="-1434" />
    <nd ref="-1435" />
    <nd ref="-1436" />
    <nd ref="-1437" />
    <nd ref="-1432" />
    <tag k="building" v="yes" />
  </way>
  <way id="-1000000318" visible="true">
    <nd ref="-1438" />
    <nd ref="-1439" />
    <nd ref="-1440" />
    <nd ref="-1441" />
    <nd ref="-1438" />
    <tag k="addr:city" v="Ingolstadt" />
    <tag k="addr:country" v="DE" />
    <tag k="addr:housenumber" v="127a" />
    <tag k="addr:postcode" v="85055" />
    <tag k="addr:street" v="Regensburger Straße" />
    <tag k="building" v="yes" />
  </way>
  <way id="-1000000319" visible="true">
    <nd ref="-1442" />
    <nd ref="-1443" />
    <nd ref="-1444" />
    <nd ref="-1445" />
    <nd ref="-1442" />
    <tag k="addr:housenumber" v="2" />
    <tag k="addr:street" v="Lukasstraße" />
    <tag k="building" v="apartments" />
  </way>
  <way id="-1000000320" visible="true">
    <nd ref="-1446" />
    <nd ref="-1447" />
    <nd ref="-1448" />
    <nd ref="-1449" />
    <nd ref="-1446" />
    <tag k="building" v="shed" />
  </way>
  <way id="-1000000321" visible="true">
    <nd ref="-1450" />
    <nd ref="-1451" />
    <nd ref="-1452" />
    <nd ref="-1453" />
    <nd ref="-1450" />
    <tag k="addr:housenumber" v="13" />
    <tag k="addr:street" v="Lessingstraße" />
    <tag k="building" v="detached" />
    <tag k="building:levels" v="2" />
    <tag k="roof:levels" v="1" />
    <tag k="roof:shape" v="gabled" />
  </way>
  <way id="-1000000322" visible="true">
    <nd ref="-1454" />
    <nd ref="-1455" />
    <nd ref="-1456" />
    <nd ref="-1457" />
    <nd ref="-1454" />
    <tag k="building" v="garages" />
  </way>
  <way id="-1000000323" visible="true">
    <nd ref="-1458" />
    <nd ref="-1459" />
    <nd ref="-1460" />
    <nd ref="-1461" />
    <nd ref="-1458" />
    <tag k="building" v="detached" />
  </way>
  <way id="-1000000324" visible="true">
    <nd ref="-1462" />
    <nd ref="-1463" />
    <nd ref="-1464" />
    <nd ref="-1465" />
    <nd ref="-1462" />
    <tag k="building" v="commercial" />
  </way>
  <way id="-1000000325" visible="true">
    <nd ref="-1466" />
    <nd ref="-1467" />
    <nd ref="-1468" />
    <nd ref="-1469" />
    <nd ref="-1466" />
    <tag k="amenity" v="fast_food" />
    <tag k="building" v="yes" />
    <tag k="building:levels" v="1" />
    <tag k="cuisine" v="kebab" />
    <tag k="name" v="Istanbul - IN" />
  </way>
  <way id="-1000000326" visible="true">
    <nd ref="-1470" />
    <nd ref="-1471" />
    <nd ref="-1472" />
    <nd ref="-1473" />
    <nd ref="-1470" />
    <tag k="building" v="detached" />
  </way>
  <way id="-1000000327" visible="true">
    <nd ref="-1474" />
    <nd ref="-1475" />
    <nd ref="-1476" />
    <nd ref="-1477" />
    <nd ref="-1474" />
    <tag k="building" v="detached" />
    <tag k="building:levels" v="1" />
    <tag k="roof:levels" v="1" />
    <tag k="roof:shape" v="gabled" />
  </way>
  <way id="-1000000328" visible="true">
    <nd ref="-1478" />
    <nd ref="-1479" />
    <nd ref="-1480" />
    <nd ref="-1481" />
    <nd ref="-1478" />
    <tag k="building" v="apartments" />
  </way>
  <way id="-1000000329" visible="true">
    <nd ref="-1482" />
    <nd ref="-1483" />
    <nd ref="-1484" />
    <nd ref="-1485" />
    <nd ref="-1482" />
    <tag k="building" v="detached" />
  </way>
  <way id="-1000000330" visible="true">
    <nd ref="-1483" />
    <nd ref="-1486" />
    <nd ref="-1487" />
    <nd ref="-1488" />
    <nd ref="-1483" />
    <tag k="building" v="garage" />
  </way>
  <way id="-1000000331" visible="true">
    <nd ref="-1489" />
    <nd ref="-1490" />
    <nd ref="-1491" />
    <nd ref="-1492" />
    <nd ref="-1489" />
    <tag k="building" v="yes" />
  </way>
  <way id="-1000000332" visible="true">
    <nd ref="-1493" />
    <nd ref="-1494" />
    <nd ref="-1495" />
    <nd ref="-1496" />
    <nd ref="-1493" />
    <tag k="building" v="yes" />
  </way>
  <way id="-1000000333" visible="true">
    <nd ref="-1497" />
    <nd ref="-1498" />
    <nd ref="-1499" />
    <nd ref="-1500" />
    <nd ref="-1497" />
    <tag k="building" v="yes" />
  </way>
  <way id="-1000000334" visible="true">
    <nd ref="-1501" />
    <nd ref="-1502" />
    <nd ref="-1503" />
    <nd ref="-1504" />
    <nd ref="-1501" />
    <tag k="building" v="yes" />
  </way>
  <way id="-1000000335" visible="true">
    <nd ref="-1505" />
    <nd ref="-1506" />
    <nd ref="-1507" />
    <nd ref="-1508" />
    <nd ref="-1505" />
    <tag k="building" v="yes" />
  </way>
  <way id="-1000000336" visible="true">
    <nd ref="-1509" />
    <nd ref="-1510" />
    <nd ref="-1511" />
    <nd ref="-1512" />
    <nd ref="-1509" />
    <tag k="building" v="yes" />
  </way>
  <way id="-1000000337" visible="true">
    <nd ref="-1513" />
    <nd ref="-1514" />
    <nd ref="-1515" />
    <nd ref="-1516" />
    <nd ref="-1513" />
    <tag k="building" v="yes" />
  </way>
  <way id="-1000000338" visible="true">
    <nd ref="-1517" />
    <nd ref="-1518" />
    <nd ref="-1519" />
    <nd ref="-1520" />
    <nd ref="-1517" />
    <tag k="building" v="yes" />
  </way>
  <way id="-1000000339" visible="true">
    <nd ref="-1521" />
    <nd ref="-1522" />
    <nd ref="-1523" />
    <nd ref="-1524" />
    <nd ref="-1521" />
    <tag k="building" v="yes" />
  </way>
  <way id="-1000000340" visible="true">
    <nd ref="-1525" />
    <nd ref="-1526" />
    <nd ref="-1527" />
    <nd ref="-1528" />
    <nd ref="-1525" />
    <tag k="building" v="yes" />
  </way>
  <way id="-1000000341" visible="true">
    <nd ref="-1529" />
    <nd ref="-1530" />
    <nd ref="-1531" />
    <nd ref="-1532" />
    <nd ref="-1533" />
    <nd ref="-1534" />
    <nd ref="-1529" />
    <tag k="building" v="yes" />
  </way>
  <way id="-1000000342" visible="true">
    <nd ref="-1535" />
    <nd ref="-1536" />
    <nd ref="-1537" />
    <nd ref="-1538" />
    <nd ref="-1539" />
    <nd ref="-1540" />
    <nd ref="-1541" />
    <nd ref="-1542" />
    <nd ref="-1535" />
    <tag k="building" v="yes" />
  </way>
  <way id="-1000000343" visible="true">
    <nd ref="-1543" />
    <nd ref="-1277" />
    <nd ref="-1544" />
    <nd ref="-1545" />
    <nd ref="-1546" />
    <nd ref="-1543" />
    <tag k="addr:housenumber" v="7" />
    <tag k="addr:street" v="Luise-Rinser-Straße" />
    <tag k="building" v="apartments" />
    <tag k="source" v="Bing(2012)" />
  </way>
  <way id="-1000000344" visible="true">
    <nd ref="-1547" />
    <nd ref="-1548" />
    <nd ref="-1549" />
    <nd ref="-1550" />
    <nd ref="-1551" />
    <nd ref="-1547" />
    <tag k="addr:city" v="Ingolstadt" />
    <tag k="addr:housenumber" v="17" />
    <tag k="addr:postcode" v="85055" />
    <tag k="addr:street" v="Viehmarktplatz" />
    <tag k="amenity" v="kindergarten" />
    <tag k="building" v="yes" />
    <tag k="check_date" v="2024-10-17" />
    <tag k="internet_access" v="no" />
    <tag k="name" v="kinderWelt" />
    <tag k="note" v="&quot;kinderWelt&quot; ist Eigenschreibung des Trägers, kein Schreibfehler" />
    <tag k="operator" v="Bürgerhilfe Ingolstadt KiTa GmbH" />
    <tag k="operator:type" v="private" />
    <tag k="payment:cards" v="no" />
    <tag k="payment:cash" v="yes" />
    <tag k="payment:credit_cards" v="no" />
    <tag k="payment:debit_cards" v="no" />
    <tag k="preschool" v="yes" />
    <tag k="source" v="Bing(2012);aerial_imagery" />
    <tag k="wheelchair" v="yes" />
  </way>
  <way id="-1000000345" visible="true">
    <nd ref="-1552" />
    <nd ref="-1553" />
    <nd ref="-1554" />
    <nd ref="-1555" />
    <nd ref="-1552" />
    <tag k="building" v="yes" />
  </way>
  <way id="-1000000346" visible="true">
    <nd ref="-1556" />
    <nd ref="-1557" />
    <nd ref="-1558" />
    <nd ref="-1559" />
    <nd ref="-1556" />
    <tag k="addr:city" v="Ingolstadt" />
    <tag k="addr:country" v="DE" />
    <tag k="addr:housenumber" v="10" />
    <tag k="addr:postcode" v="85055" />
    <tag k="addr:street" v="Wiechertstraße" />
    <tag k="building" v="house" />
    <tag k="source" v="HiRes aerial imagery" />
  </way>
  <way id="-1000000347" visible="true">
    <nd ref="-1560" />
    <nd ref="-1556" />
    <nd ref="-1559" />
    <nd ref="-1561" />
    <nd ref="-1560" />
    <tag k="addr:city" v="Ingolstadt" />
    <tag k="addr:country" v="DE" />
    <tag k="addr:housenumber" v="12" />
    <tag k="addr:postcode" v="85055" />
    <tag k="addr:street" v="Wiechertstraße" />
    <tag k="building" v="house" />
    <tag k="source" v="HiRes aerial imagery" />
  </way>
  <way id="-1000000348" visible="true">
    <nd ref="-1562" />
    <nd ref="-1563" />
    <nd ref="-1564" />
    <nd ref="-1565" />
    <nd ref="-1566" />
    <nd ref="-1562" />
    <tag k="addr:city" v="Ingolstadt" />
    <tag k="addr:country" v="DE" />
    <tag k="addr:housenumber" v="14" />
    <tag k="addr:postcode" v="85055" />
    <tag k="addr:street" v="Wiechertstraße" />
    <tag k="building" v="house" />
    <tag k="source" v="HiRes aerial imagery" />
  </way>
  <way id="-1000000349" visible="true">
    <nd ref="-1567" />
    <nd ref="-1562" />
    <nd ref="-1566" />
    <nd ref="-1568" />
    <nd ref="-1569" />
    <nd ref="-1567" />
    <tag k="addr:city" v="Ingolstadt" />
    <tag k="addr:country" v="DE" />
    <tag k="addr:housenumber" v="16" />
    <tag k="addr:postcode" v="85055" />
    <tag k="addr:street" v="Wiechertstraße" />
    <tag k="building" v="house" />
    <tag k="source" v="HiRes aerial imagery" />
  </way>
  <way id="-1000000350" visible="true">
    <nd ref="-1570" />
    <nd ref="-1567" />
    <nd ref="-1569" />
    <nd ref="-1571" />
    <nd ref="-1572" />
    <nd ref="-1570" />
    <tag k="addr:city" v="Ingolstadt" />
    <tag k="addr:country" v="DE" />
    <tag k="addr:housenumber" v="18" />
    <tag k="addr:postcode" v="85055" />
    <tag k="addr:street" v="Wiechertstraße" />
    <tag k="building" v="house" />
    <tag k="source" v="HiRes aerial imagery" />
  </way>
  <way id="-1000000351" visible="true">
    <nd ref="-1573" />
    <nd ref="-1574" />
    <nd ref="-1575" />
    <nd ref="-1576" />
    <nd ref="-1577" />
    <nd ref="-1578" />
    <nd ref="-1579" />
    <nd ref="-1573" />
    <tag k="addr:city" v="Ingolstadt" />
    <tag k="addr:country" v="DE" />
    <tag k="addr:housenumber" v="19" />
    <tag k="addr:postcode" v="85055" />
    <tag k="addr:street" v="Gerhart-Hauptmann-Straße" />
    <tag k="building" v="house" />
    <tag k="source" v="HiRes aerial imagery" />
  </way>
  <way id="-1000000352" visible="true">
    <nd ref="-1580" />
    <nd ref="-1581" />
    <nd ref="-1582" />
    <nd ref="-1583" />
    <nd ref="-1580" />
    <tag k="addr:city" v="Ingolstadt" />
    <tag k="addr:country" v="DE" />
    <tag k="addr:housenumber" v="2" />
    <tag k="addr:postcode" v="85055" />
    <tag k="addr:street" v="Wiechertstraße" />
    <tag k="building" v="house" />
    <tag k="source" v="HiRes aerial imagery" />
  </way>
  <way id="-1000000353" visible="true">
    <nd ref="-1584" />
    <nd ref="-1570" />
    <nd ref="-1572" />
    <nd ref="-1585" />
    <nd ref="-1586" />
    <nd ref="-1584" />
    <tag k="addr:city" v="Ingolstadt" />
    <tag k="addr:country" v="DE" />
    <tag k="addr:housenumber" v="20" />
    <tag k="addr:postcode" v="85055" />
    <tag k="addr:street" v="Wiechertstraße" />
    <tag k="building" v="house" />
    <tag k="source" v="HiRes aerial imagery" />
  </way>
  <way id="-1000000354" visible="true">
    <nd ref="-1574" />
    <nd ref="-1587" />
    <nd ref="-1588" />
    <nd ref="-1589" />
    <nd ref="-1575" />
    <nd ref="-1574" />
    <tag k="addr:city" v="Ingolstadt" />
    <tag k="addr:country" v="DE" />
    <tag k="addr:housenumber" v="21" />
    <tag k="addr:postcode" v="85055" />
    <tag k="addr:street" v="Gerhart-Hauptmann-Straße" />
    <tag k="building" v="house" />
    <tag k="source" v="HiRes aerial imagery" />
  </way>
  <way id="-1000000355" visible="true">
    <nd ref="-1590" />
    <nd ref="-1584" />
    <nd ref="-1586" />
    <nd ref="-1591" />
    <nd ref="-1592" />
    <nd ref="-1593" />
    <nd ref="-1590" />
    <tag k="addr:city" v="Ingolstadt" />
    <tag k="addr:country" v="DE" />
    <tag k="addr:housenumber" v="22" />
    <tag k="addr:postcode" v="85055" />
    <tag k="addr:street" v="Wiechertstraße" />
    <tag k="building" v="house" />
    <tag k="source" v="HiRes aerial imagery" />
  </way>
  <way id="-1000000356" visible="true">
    <nd ref="-1587" />
    <nd ref="-1594" />
    <nd ref="-1595" />
    <nd ref="-1596" />
    <nd ref="-1588" />
    <nd ref="-1587" />
    <tag k="addr:city" v="Ingolstadt" />
    <tag k="addr:country" v="DE" />
    <tag k="addr:housenumber" v="23" />
    <tag k="addr:postcode" v="85055" />
    <tag k="addr:street" v="Gerhart-Hauptmann-Straße" />
    <tag k="building" v="house" />
    <tag k="source" v="HiRes aerial imagery" />
  </way>
  <way id="-1000000357" visible="true">
    <nd ref="-1597" />
    <nd ref="-1598" />
    <nd ref="-1590" />
    <nd ref="-1593" />
    <nd ref="-1599" />
    <nd ref="-1600" />
    <nd ref="-1597" />
    <tag k="addr:city" v="Ingolstadt" />
    <tag k="addr:country" v="DE" />
    <tag k="addr:housenumber" v="24" />
    <tag k="addr:postcode" v="85055" />
    <tag k="addr:street" v="Wiechertstraße" />
    <tag k="building" v="house" />
    <tag k="source" v="HiRes aerial imagery" />
  </way>
  <way id="-1000000358" visible="true">
    <nd ref="-1594" />
    <nd ref="-1601" />
    <nd ref="-1602" />
    <nd ref="-1603" />
    <nd ref="-1595" />
    <nd ref="-1594" />
    <tag k="addr:city" v="Ingolstadt" />
    <tag k="addr:country" v="DE" />
    <tag k="addr:housenumber" v="25" />
    <tag k="addr:postcode" v="85055" />
    <tag k="addr:street" v="Gerhart-Hauptmann-Straße" />
    <tag k="building" v="house" />
    <tag k="source" v="HiRes aerial imagery" />
  </way>
  <way id="-1000000359" visible="true">
    <nd ref="-1604" />
    <nd ref="-1597" />
    <nd ref="-1600" />
    <nd ref="-1605" />
    <nd ref="-1606" />
    <nd ref="-1604" />
    <tag k="addr:city" v="Ingolstadt" />
    <tag k="addr:country" v="DE" />
    <tag k="addr:housenumber" v="26" />
    <tag k="addr:postcode" v="85055" />
    <tag k="addr:street" v="Wiechertstraße" />
    <tag k="building" v="house" />
    <tag k="source" v="HiRes aerial imagery" />
  </way>
  <way id="-1000000360" visible="true">
    <nd ref="-1601" />
    <nd ref="-1607" />
    <nd ref="-1608" />
    <nd ref="-1609" />
    <nd ref="-1602" />
    <nd ref="-1601" />
    <tag k="addr:city" v="Ingolstadt" />
    <tag k="addr:country" v="DE" />
    <tag k="addr:housenumber" v="27" />
    <tag k="addr:postcode" v="85055" />
    <tag k="addr:street" v="Gerhart-Hauptmann-Straße" />
    <tag k="building" v="house" />
    <tag k="source" v="HiRes aerial imagery" />
  </way>
  <way id="-1000000361" visible="true">
    <nd ref="-1610" />
    <nd ref="-1611" />
    <nd ref="-1612" />
    <nd ref="-1613" />
    <nd ref="-1614" />
    <nd ref="-1610" />
    <tag k="addr:city" v="Ingolstadt" />
    <tag k="addr:country" v="DE" />
    <tag k="addr:housenumber" v="29" />
    <tag k="addr:postcode" v="85055" />
    <tag k="addr:street" v="Gerhart-Hauptmann-Straße" />
    <tag k="building" v="house" />
    <tag k="source" v="HiRes aerial imagery" />
  </way>
  <way id="-1000000362" visible="true">
    <nd ref="-445" />
    <nd ref="-446" />
    <nd ref="-1615" />
    <nd ref="-1616" />
    <nd ref="-1617" />
    <nd ref="-1618" />
    <nd ref="-445" />
    <tag k="building" v="house" />
  </way>
  <way id="-1000000363" visible="true">
    <nd ref="-1611" />
    <nd ref="-1619" />
    <nd ref="-1620" />
    <nd ref="-1621" />
    <nd ref="-1612" />
    <nd ref="-1611" />
    <tag k="addr:city" v="Ingolstadt" />
    <tag k="addr:country" v="DE" />
    <tag k="addr:housenumber" v="31" />
    <tag k="addr:postcode" v="85055" />
    <tag k="addr:street" v="Gerhart-Hauptmann-Straße" />
    <tag k="building" v="house" />
    <tag k="source" v="HiRes aerial imagery" />
  </way>
  <way id="-1000000364" visible="true">
    <nd ref="-1619" />
    <nd ref="-1622" />
    <nd ref="-1623" />
    <nd ref="-1624" />
    <nd ref="-1620" />
    <nd ref="-1619" />
    <tag k="addr:city" v="Ingolstadt" />
    <tag k="addr:country" v="DE" />
    <tag k="addr:housenumber" v="33" />
    <tag k="addr:postcode" v="85055" />
    <tag k="addr:street" v="Gerhart-Hauptmann-Straße" />
    <tag k="building" v="house" />
    <tag k="source" v="HiRes aerial imagery" />
  </way>
  <way id="-1000000365" visible="true">
    <nd ref="-1622" />
    <nd ref="-1625" />
    <nd ref="-1626" />
    <nd ref="-1627" />
    <nd ref="-1623" />
    <nd ref="-1622" />
    <tag k="addr:city" v="Ingolstadt" />
    <tag k="addr:country" v="DE" />
    <tag k="addr:housenumber" v="35" />
    <tag k="addr:postcode" v="85055" />
    <tag k="addr:street" v="Gerhart-Hauptmann-Straße" />
    <tag k="building" v="house" />
    <tag k="source" v="HiRes aerial imagery" />
  </way>
  <way id="-1000000366" visible="true">
    <nd ref="-1625" />
    <nd ref="-1628" />
    <nd ref="-1629" />
    <nd ref="-1630" />
    <nd ref="-1626" />
    <nd ref="-1625" />
    <tag k="addr:city" v="Ingolstadt" />
    <tag k="addr:country" v="DE" />
    <tag k="addr:housenumber" v="37" />
    <tag k="addr:postcode" v="85055" />
    <tag k="addr:street" v="Gerhart-Hauptmann-Straße" />
    <tag k="building" v="house" />
    <tag k="source" v="HiRes aerial imagery" />
  </way>
  <way id="-1000000367" visible="true">
    <nd ref="-1631" />
    <nd ref="-1632" />
    <nd ref="-1633" />
    <nd ref="-1634" />
    <nd ref="-1635" />
    <nd ref="-1631" />
    <tag k="addr:city" v="Ingolstadt" />
    <tag k="addr:country" v="DE" />
    <tag k="addr:housenumber" v="39" />
    <tag k="addr:postcode" v="85055" />
    <tag k="addr:street" v="Gerhart-Hauptmann-Straße" />
    <tag k="building" v="house" />
    <tag k="source" v="HiRes aerial imagery" />
  </way>
  <way id="-1000000368" visible="true">
    <nd ref="-1636" />
    <nd ref="-1580" />
    <nd ref="-1583" />
    <nd ref="-1637" />
    <nd ref="-1636" />
    <tag k="addr:city" v="Ingolstadt" />
    <tag k="addr:country" v="DE" />
    <tag k="addr:housenumber" v="4" />
    <tag k="addr:postcode" v="85055" />
    <tag k="addr:street" v="Wiechertstraße" />
    <tag k="building" v="house" />
    <tag k="source" v="HiRes aerial imagery" />
  </way>
  <way id="-1000000369" visible="true">
    <nd ref="-1632" />
    <nd ref="-1638" />
    <nd ref="-1639" />
    <nd ref="-1640" />
    <nd ref="-1641" />
    <nd ref="-1633" />
    <nd ref="-1632" />
    <tag k="addr:city" v="Ingolstadt" />
    <tag k="addr:country" v="DE" />
    <tag k="addr:housenumber" v="41" />
    <tag k="addr:postcode" v="85055" />
    <tag k="addr:street" v="Gerhart-Hauptmann-Straße" />
    <tag k="building" v="house" />
    <tag k="source" v="HiRes aerial imagery" />
  </way>
  <way id="-1000000370" visible="true">
    <nd ref="-1639" />
    <nd ref="-1642" />
    <nd ref="-1643" />
    <nd ref="-1644" />
    <nd ref="-1645" />
    <nd ref="-1640" />
    <nd ref="-1639" />
    <tag k="addr:city" v="Ingolstadt" />
    <tag k="addr:country" v="DE" />
    <tag k="addr:housenumber" v="43" />
    <tag k="addr:postcode" v="85055" />
    <tag k="addr:street" v="Gerhart-Hauptmann-Straße" />
    <tag k="building" v="house" />
    <tag k="source" v="HiRes aerial imagery" />
  </way>
  <way id="-1000000371" visible="true">
    <nd ref="-1642" />
    <nd ref="-1646" />
    <nd ref="-1647" />
    <nd ref="-1648" />
    <nd ref="-1643" />
    <nd ref="-1642" />
    <tag k="addr:city" v="Ingolstadt" />
    <tag k="addr:country" v="DE" />
    <tag k="addr:housenumber" v="45" />
    <tag k="addr:postcode" v="85055" />
    <tag k="addr:street" v="Gerhart-Hauptmann-Straße" />
    <tag k="building" v="house" />
    <tag k="source" v="HiRes aerial imagery" />
  </way>
  <way id="-1000000372" visible="true">
    <nd ref="-1646" />
    <nd ref="-1649" />
    <nd ref="-1650" />
    <nd ref="-1651" />
    <nd ref="-1647" />
    <nd ref="-1646" />
    <tag k="addr:city" v="Ingolstadt" />
    <tag k="addr:country" v="DE" />
    <tag k="addr:housenumber" v="47" />
    <tag k="addr:postcode" v="85055" />
    <tag k="addr:street" v="Gerhart-Hauptmann-Straße" />
    <tag k="building" v="house" />
    <tag k="source" v="HiRes aerial imagery" />
  </way>
  <way id="-1000000373" visible="true">
    <nd ref="-1649" />
    <nd ref="-1652" />
    <nd ref="-1653" />
    <nd ref="-1654" />
    <nd ref="-1650" />
    <nd ref="-1649" />
    <tag k="addr:city" v="Ingolstadt" />
    <tag k="addr:country" v="DE" />
    <tag k="addr:housenumber" v="49" />
    <tag k="addr:postcode" v="85055" />
    <tag k="addr:street" v="Gerhart-Hauptmann-Straße" />
    <tag k="building" v="house" />
    <tag k="source" v="HiRes aerial imagery" />
  </way>
  <way id="-1000000374" visible="true">
    <nd ref="-1655" />
    <nd ref="-1656" />
    <nd ref="-1657" />
    <nd ref="-1658" />
    <nd ref="-1659" />
    <nd ref="-1655" />
    <tag k="addr:city" v="Ingolstadt" />
    <tag k="addr:country" v="DE" />
    <tag k="addr:housenumber" v="51" />
    <tag k="addr:postcode" v="85055" />
    <tag k="addr:street" v="Gerhart-Hauptmann-Straße" />
    <tag k="building" v="house" />
    <tag k="source" v="HiRes aerial imagery" />
  </way>
  <way id="-1000000375" visible="true">
    <nd ref="-1656" />
    <nd ref="-1660" />
    <nd ref="-1661" />
    <nd ref="-1662" />
    <nd ref="-1663" />
    <nd ref="-1657" />
    <nd ref="-1656" />
    <tag k="addr:city" v="Ingolstadt" />
    <tag k="addr:country" v="DE" />
    <tag k="addr:housenumber" v="53" />
    <tag k="addr:postcode" v="85055" />
    <tag k="addr:street" v="Gerhart-Hauptmann-Straße" />
    <tag k="building" v="house" />
    <tag k="source" v="HiRes aerial imagery" />
  </way>
  <way id="-1000000376" visible="true">
    <nd ref="-1661" />
    <nd ref="-1664" />
    <nd ref="-1665" />
    <nd ref="-1666" />
    <nd ref="-1667" />
    <nd ref="-1662" />
    <nd ref="-1661" />
    <tag k="addr:city" v="Ingolstadt" />
    <tag k="addr:country" v="DE" />
    <tag k="addr:housenumber" v="55" />
    <tag k="addr:postcode" v="85055" />
    <tag k="addr:street" v="Gerhart-Hauptmann-Straße" />
    <tag k="building" v="house" />
    <tag k="source" v="HiRes aerial imagery" />
  </way>
  <way id="-1000000377" visible="true">
    <nd ref="-1664" />
    <nd ref="-1668" />
    <nd ref="-1669" />
    <nd ref="-1670" />
    <nd ref="-1665" />
    <nd ref="-1664" />
    <tag k="addr:city" v="Ingolstadt" />
    <tag k="addr:country" v="DE" />
    <tag k="addr:housenumber" v="57" />
    <tag k="addr:postcode" v="85055" />
    <tag k="addr:street" v="Gerhart-Hauptmann-Straße" />
    <tag k="building" v="house" />
    <tag k="source" v="HiRes aerial imagery" />
  </way>
  <way id="-1000000378" visible="true">
    <nd ref="-1668" />
    <nd ref="-1671" />
    <nd ref="-1672" />
    <nd ref="-1673" />
    <nd ref="-1669" />
    <nd ref="-1668" />
    <tag k="addr:city" v="Ingolstadt" />
    <tag k="addr:country" v="DE" />
    <tag k="addr:housenumber" v="59" />
    <tag k="addr:postcode" v="85055" />
    <tag k="addr:street" v="Gerhart-Hauptmann-Straße" />
    <tag k="building" v="house" />
    <tag k="source" v="HiRes aerial imagery" />
  </way>
  <way id="-1000000379" visible="true">
    <nd ref="-1674" />
    <nd ref="-1675" />
    <nd ref="-1676" />
    <nd ref="-1677" />
    <nd ref="-1678" />
    <nd ref="-1674" />
    <tag k="addr:city" v="Ingolstadt" />
    <tag k="addr:country" v="DE" />
    <tag k="addr:housenumber" v="6" />
    <tag k="addr:postcode" v="85055" />
    <tag k="addr:street" v="Wiechertstraße" />
    <tag k="building" v="house" />
    <tag k="source" v="HiRes aerial imagery" />
  </way>
  <way id="-1000000380" visible="true">
    <nd ref="-1671" />
    <nd ref="-1679" />
    <nd ref="-1680" />
    <nd ref="-1681" />
    <nd ref="-1672" />
    <nd ref="-1671" />
    <tag k="addr:city" v="Ingolstadt" />
    <tag k="addr:country" v="DE" />
    <tag k="addr:housenumber" v="61" />
    <tag k="addr:postcode" v="85055" />
    <tag k="addr:street" v="Gerhart-Hauptmann-Straße" />
    <tag k="building" v="house" />
    <tag k="source" v="HiRes aerial imagery" />
  </way>
  <way id="-1000000381" visible="true">
    <nd ref="-1679" />
    <nd ref="-1682" />
    <nd ref="-1683" />
    <nd ref="-1684" />
    <nd ref="-1680" />
    <nd ref="-1679" />
    <tag k="addr:city" v="Ingolstadt" />
    <tag k="addr:country" v="DE" />
    <tag k="addr:housenumber" v="63" />
    <tag k="addr:postcode" v="85055" />
    <tag k="addr:street" v="Gerhart-Hauptmann-Straße" />
    <tag k="building" v="house" />
    <tag k="source" v="HiRes aerial imagery" />
  </way>
  <way id="-1000000382" visible="true">
    <nd ref="-1685" />
    <nd ref="-1686" />
    <nd ref="-1674" />
    <nd ref="-1678" />
    <nd ref="-1687" />
    <nd ref="-1685" />
    <tag k="addr:city" v="Ingolstadt" />
    <tag k="addr:country" v="DE" />
    <tag k="addr:housenumber" v="8" />
    <tag k="addr:postcode" v="85055" />
    <tag k="addr:street" v="Wiechertstraße" />
    <tag k="building" v="house" />
    <tag k="source" v="HiRes aerial imagery" />
  </way>
  <way id="-1000000383" visible="true">
    <nd ref="-1688" />
    <nd ref="-1689" />
    <nd ref="-1690" />
    <nd ref="-1691" />
    <nd ref="-1692" />
    <nd ref="-1693" />
    <nd ref="-1688" />
    <tag k="addr:city" v="Ingolstadt" />
    <tag k="addr:country" v="DE" />
    <tag k="addr:housenumber" v="8b" />
    <tag k="addr:postcode" v="85053" />
    <tag k="addr:street" v="Peisserstraße" />
    <tag k="building" v="residential" />
  </way>
  <way id="-1000000384" visible="true">
    <nd ref="-1694" />
    <nd ref="-1695" />
    <nd ref="-1696" />
    <nd ref="-1697" />
    <nd ref="-1698" />
    <nd ref="-1699" />
    <nd ref="-1694" />
    <tag k="addr:city" v="Ingolstadt" />
    <tag k="addr:country" v="DE" />
    <tag k="addr:housenumber" v="8c" />
    <tag k="addr:postcode" v="85053" />
    <tag k="addr:street" v="Peisserstraße" />
    <tag k="building" v="residential" />
  </way>
  <way id="-1000000385" visible="true">
    <nd ref="-1700" />
    <nd ref="-1693" />
    <nd ref="-1692" />
    <nd ref="-1701" />
    <nd ref="-1702" />
    <nd ref="-1703" />
    <nd ref="-1704" />
    <nd ref="-1700" />
    <tag k="addr:city" v="Ingolstadt" />
    <tag k="addr:country" v="DE" />
    <tag k="addr:housenumber" v="9c" />
    <tag k="addr:postcode" v="85053" />
    <tag k="addr:street" v="Breslauer Straße" />
    <tag k="building" v="residential" />
  </way>
  <way id="-1000000386" visible="true">
    <nd ref="-1702" />
    <nd ref="-1705" />
    <nd ref="-1706" />
    <nd ref="-1707" />
    <nd ref="-1708" />
    <nd ref="-1709" />
    <nd ref="-1710" />
    <nd ref="-1703" />
    <nd ref="-1702" />
    <tag k="addr:city" v="Ingolstadt" />
    <tag k="addr:country" v="DE" />
    <tag k="addr:housenumber" v="9b" />
    <tag k="addr:postcode" v="85053" />
    <tag k="addr:street" v="Breslauer Straße" />
    <tag k="building" v="residential" />
  </way>
  <way id="-1000000387" visible="true">
    <nd ref="-1711" />
    <nd ref="-1709" />
    <nd ref="-1708" />
    <nd ref="-1712" />
    <nd ref="-1713" />
    <nd ref="-1714" />
    <nd ref="-1711" />
    <tag k="addr:city" v="Ingolstadt" />
    <tag k="addr:country" v="DE" />
    <tag k="addr:housenumber" v="9a" />
    <tag k="addr:postcode" v="85053" />
    <tag k="addr:street" v="Breslauer Straße" />
    <tag k="building" v="residential" />
  </way>
  <way id="-1000000388" visible="true">
    <nd ref="-1715" />
    <nd ref="-1698" />
    <nd ref="-1716" />
    <nd ref="-1717" />
    <nd ref="-1718" />
    <nd ref="-1719" />
    <nd ref="-1715" />
    <tag k="addr:city" v="Ingolstadt" />
    <tag k="addr:country" v="DE" />
    <tag k="addr:housenumber" v="11d" />
    <tag k="addr:postcode" v="85053" />
    <tag k="addr:street" v="Breslauer Straße" />
    <tag k="building" v="residential" />
  </way>
  <way id="-1000000389" visible="true">
    <nd ref="-1717" />
    <nd ref="-1720" />
    <nd ref="-1721" />
    <nd ref="-1722" />
    <nd ref="-1723" />
    <nd ref="-1724" />
    <nd ref="-1725" />
    <nd ref="-1717" />
    <tag k="addr:city" v="Ingolstadt" />
    <tag k="addr:country" v="DE" />
    <tag k="addr:housenumber" v="11c" />
    <tag k="addr:postcode" v="85053" />
    <tag k="addr:street" v="Breslauer Straße" />
    <tag k="building" v="residential" />
  </way>
  <way id="-1000000390" visible="true">
    <nd ref="-1726" />
    <nd ref="-1723" />
    <nd ref="-1727" />
    <nd ref="-1728" />
    <nd ref="-1729" />
    <nd ref="-1730" />
    <nd ref="-1726" />
    <tag k="building" v="residential" />
  </way>
  <way id="-1000000391" visible="true">
    <nd ref="-1731" />
    <nd ref="-1732" />
    <nd ref="-1733" />
    <nd ref="-1734" />
    <nd ref="-1735" />
    <nd ref="-1736" />
    <nd ref="-1731" />
    <tag k="building" v="school" />
    <tag k="source" v="Bing" />
  </way>
  <way id="-1000000392" visible="true">
    <nd ref="-1737" />
    <nd ref="-1738" />
    <nd ref="-1739" />
    <nd ref="-1740" />
    <nd ref="-1737" />
    <tag k="building" v="roof" />
    <tag k="source" v="HiRes aerial imagery" />
  </way>
  <way id="-1000000393" visible="true">
    <nd ref="-1741" />
    <nd ref="-1742" />
    <nd ref="-111" />
    <nd ref="-110" />
    <nd ref="-1743" />
    <nd ref="-1744" />
    <nd ref="-1741" />
    <tag k="building" v="school" />
    <tag k="source" v="Bing" />
  </way>
  <way id="-1000000394" visible="true">
    <nd ref="-1745" />
    <nd ref="-1746" />
    <nd ref="-1747" />
    <nd ref="-1748" />
    <nd ref="-1745" />
    <tag k="building" v="garages" />
  </way>
  <way id="-1000000395" visible="true">
    <nd ref="-1749" />
    <nd ref="-1750" />
    <nd ref="-1751" />
    <nd ref="-1752" />
    <nd ref="-1749" />
    <tag k="building" v="garages" />
  </way>
  <way id="-1000000396" visible="true">
    <nd ref="-1753" />
    <nd ref="-1754" />
    <nd ref="-1755" />
    <nd ref="-1756" />
    <nd ref="-1757" />
    <nd ref="-1758" />
    <nd ref="-1759" />
    <nd ref="-1" />
    <nd ref="-16" />
    <nd ref="-15" />
    <nd ref="-1753" />
    <tag k="building" v="yes" />
  </way>
  <way id="-1000000397" visible="true">
    <nd ref="-1760" />
    <nd ref="-1761" />
    <nd ref="-1762" />
    <nd ref="-876" />
    <nd ref="-875" />
    <nd ref="-1763" />
    <nd ref="-1760" />
    <tag k="building" v="garage" />
  </way>
  <way id="-1000000398" visible="true">
    <nd ref="-1764" />
    <nd ref="-1765" />
    <nd ref="-1766" />
    <nd ref="-971" />
    <nd ref="-1764" />
    <tag k="building" v="roof" />
    <tag k="layer" v="1" />
  </way>
  <way id="-1000000399" visible="true">
    <nd ref="-1767" />
    <nd ref="-1768" />
    <nd ref="-914" />
    <nd ref="-913" />
    <nd ref="-1767" />
    <tag k="building" v="garage" />
  </way>
  <way id="-1000000400" visible="true">
    <nd ref="-1769" />
    <nd ref="-1770" />
    <nd ref="-920" />
    <nd ref="-919" />
    <nd ref="-1769" />
    <tag k="building" v="garage" />
  </way>
  <way id="-1000000401" visible="true">
    <nd ref="-1771" />
    <nd ref="-926" />
    <nd ref="-927" />
    <nd ref="-1772" />
    <nd ref="-1771" />
    <tag k="building" v="garage" />
  </way>
  <way id="-1000000402" visible="true">
    <nd ref="-1773" />
    <nd ref="-1774" />
    <nd ref="-1775" />
    <nd ref="-1262" />
    <nd ref="-1261" />
    <nd ref="-1773" />
    <tag k="building" v="garage" />
  </way>
  <way id="-1000000403" visible="true">
    <nd ref="-1776" />
    <nd ref="-1777" />
    <nd ref="-1778" />
    <nd ref="-1779" />
    <nd ref="-1776" />
    <tag k="building" v="apartments" />
  </way>
  <way id="-1000000404" visible="true">
    <nd ref="-1780" />
    <nd ref="-1781" />
    <nd ref="-1782" />
    <nd ref="-1783" />
    <nd ref="-1780" />
    <tag k="building" v="garage" />
  </way>
  <way id="-1000000405" visible="true">
    <nd ref="-1784" />
    <nd ref="-1785" />
    <nd ref="-1786" />
    <nd ref="-1787" />
    <nd ref="-1784" />
    <tag k="building" v="apartments" />
  </way>
  <way id="-1000000406" visible="true">
    <nd ref="-1788" />
    <nd ref="-1789" />
    <nd ref="-1790" />
    <nd ref="-1791" />
    <nd ref="-1788" />
    <tag k="building" v="apartments" />
    <tag k="construction" v="residential" />
  </way>
  <way id="-1000000407" visible="true">
    <nd ref="-1792" />
    <nd ref="-1793" />
    <nd ref="-1794" />
    <nd ref="-1795" />
    <nd ref="-1792" />
    <tag k="building" v="apartments" />
  </way>
  <way id="-1000000408" visible="true">
    <nd ref="-448" />
    <nd ref="-1796" />
    <nd ref="-1797" />
    <nd ref="-1798" />
    <nd ref="-1799" />
    <nd ref="-1800" />
    <nd ref="-1801" />
    <nd ref="-449" />
    <nd ref="-448" />
    <tag k="building" v="roof" />
    <tag k="name" v="TÜV Süd" />
  </way>
  <way id="-1000000409" visible="true">
    <nd ref="-1763" />
    <nd ref="-1802" />
    <nd ref="-1803" />
    <nd ref="-888" />
    <nd ref="-887" />
    <nd ref="-1763" />
    <tag k="building" v="garage" />
  </way>
  <way id="-1000000410" visible="true">
    <nd ref="-1804" />
    <nd ref="-1805" />
    <nd ref="-1806" />
    <nd ref="-1807" />
    <nd ref="-1804" />
    <tag k="building" v="yes" />
  </way>
  <way id="-1000000411" visible="true">
    <nd ref="-1808" />
    <nd ref="-1809" />
    <nd ref="-1810" />
    <nd ref="-1811" />
    <nd ref="-1808" />
    <tag k="addr:housenumber" v="32" />
    <tag k="addr:street" v="Sartoriusstraße" />
    <tag k="building" v="house" />
  </way>
  <way id="-1000000412" visible="true">
    <nd ref="-1812" />
    <nd ref="-1808" />
    <nd ref="-1811" />
    <nd ref="-1813" />
    <nd ref="-1812" />
    <tag k="addr:housenumber" v="30" />
    <tag k="addr:street" v="Sartoriusstraße" />
    <tag k="building" v="house" />
  </way>
  <way id="-1000000413" visible="true">
    <nd ref="-1814" />
    <nd ref="-1812" />
    <nd ref="-1813" />
    <nd ref="-1815" />
    <nd ref="-1814" />
    <tag k="addr:housenumber" v="28" />
    <tag k="addr:street" v="Sartoriusstraße" />
    <tag k="building" v="house" />
  </way>
  <way id="-1000000414" visible="true">
    <nd ref="-1816" />
    <nd ref="-1814" />
    <nd ref="-1815" />
    <nd ref="-1817" />
    <nd ref="-1816" />
    <tag k="addr:housenumber" v="26" />
    <tag k="addr:street" v="Sartoriusstraße" />
    <tag k="building" v="house" />
  </way>
  <way id="-1000000415" visible="true">
    <nd ref="-1818" />
    <nd ref="-1816" />
    <nd ref="-1817" />
    <nd ref="-1819" />
    <nd ref="-1818" />
    <tag k="addr:housenumber" v="24" />
    <tag k="addr:street" v="Sartoriusstraße" />
    <tag k="building" v="house" />
  </way>
  <way id="-1000000416" visible="true">
    <nd ref="-1820" />
    <nd ref="-1818" />
    <nd ref="-1819" />
    <nd ref="-1821" />
    <nd ref="-1820" />
    <tag k="addr:housenumber" v="22" />
    <tag k="addr:street" v="Sartoriusstraße" />
    <tag k="building" v="house" />
  </way>
  <way id="-1000000417" visible="true">
    <nd ref="-1822" />
    <nd ref="-1820" />
    <nd ref="-1821" />
    <nd ref="-1823" />
    <nd ref="-1822" />
    <tag k="addr:housenumber" v="20" />
    <tag k="addr:street" v="Sartoriusstraße" />
    <tag k="building" v="house" />
  </way>
  <way id="-1000000418" visible="true">
    <nd ref="-46" />
    <nd ref="-1822" />
    <nd ref="-1823" />
    <nd ref="-47" />
    <nd ref="-46" />
    <tag k="addr:housenumber" v="18" />
    <tag k="addr:street" v="Sartoriusstraße" />
    <tag k="building" v="house" />
  </way>
  <way id="-1000000419" visible="true">
    <nd ref="-1824" />
    <nd ref="-1825" />
    <nd ref="-1826" />
    <nd ref="-1827" />
    <nd ref="-1824" />
    <tag k="addr:housenumber" v="14" />
    <tag k="addr:street" v="Sartoriusstraße" />
    <tag k="building" v="house" />
  </way>
  <way id="-1000000420" visible="true">
    <nd ref="-1828" />
    <nd ref="-1824" />
    <nd ref="-1827" />
    <nd ref="-1829" />
    <nd ref="-1828" />
    <tag k="addr:housenumber" v="12" />
    <tag k="addr:street" v="Sartoriusstraße" />
    <tag k="building" v="house" />
  </way>
  <way id="-1000000421" visible="true">
    <nd ref="-1830" />
    <nd ref="-1828" />
    <nd ref="-1829" />
    <nd ref="-1831" />
    <nd ref="-1830" />
    <tag k="addr:housenumber" v="10" />
    <tag k="addr:street" v="Sartoriusstraße" />
    <tag k="building" v="house" />
  </way>
  <way id="-1000000422" visible="true">
    <nd ref="-1832" />
    <nd ref="-1830" />
    <nd ref="-1831" />
    <nd ref="-1833" />
    <nd ref="-1832" />
    <tag k="addr:housenumber" v="8" />
    <tag k="addr:street" v="Sartoriusstraße" />
    <tag k="building" v="house" />
  </way>
  <way id="-1000000423" visible="true">
    <nd ref="-1834" />
    <nd ref="-1832" />
    <nd ref="-1833" />
    <nd ref="-1835" />
    <nd ref="-1834" />
    <tag k="addr:housenumber" v="6" />
    <tag k="addr:street" v="Sartoriusstraße" />
    <tag k="building" v="house" />
  </way>
  <way id="-1000000424" visible="true">
    <nd ref="-42" />
    <nd ref="-1834" />
    <nd ref="-1835" />
    <nd ref="-43" />
    <nd ref="-42" />
    <tag k="addr:housenumber" v="4" />
    <tag k="addr:street" v="Sartoriusstraße" />
    <tag k="building" v="house" />
  </way>
  <way id="-1000000425" visible="true">
    <nd ref="-1836" />
    <nd ref="-1837" />
    <nd ref="-1838" />
    <nd ref="-1839" />
    <nd ref="-1836" />
    <tag k="addr:housenumber" v="42" />
    <tag k="addr:street" v="Sartoriusstraße" />
    <tag k="building" v="yes" />
  </way>
  <way id="-1000000426" visible="true">
    <nd ref="-1840" />
    <nd ref="-1836" />
    <nd ref="-1839" />
    <nd ref="-1841" />
    <nd ref="-1840" />
    <tag k="addr:housenumber" v="40" />
    <tag k="addr:street" v="Sartoriusstraße" />
    <tag k="building" v="yes" />
  </way>
  <way id="-1000000427" visible="true">
    <nd ref="-1842" />
    <nd ref="-1840" />
    <nd ref="-1841" />
    <nd ref="-1843" />
    <nd ref="-1842" />
    <tag k="addr:housenumber" v="38" />
    <tag k="addr:street" v="Sartoriusstraße" />
    <tag k="building" v="yes" />
  </way>
  <way id="-1000000428" visible="true">
    <nd ref="-66" />
    <nd ref="-1842" />
    <nd ref="-1843" />
    <nd ref="-67" />
    <nd ref="-66" />
    <tag k="addr:housenumber" v="36" />
    <tag k="addr:street" v="Sartoriusstraße" />
    <tag k="building" v="yes" />
  </way>
  <way id="-1000000429" visible="true">
    <nd ref="-1844" />
    <nd ref="-1845" />
    <nd ref="-1846" />
    <nd ref="-1847" />
    <nd ref="-1844" />
    <tag k="addr:housenumber" v="67" />
    <tag k="addr:street" v="Sartoriusstraße" />
    <tag k="building" v="yes" />
  </way>
  <way id="-1000000430" visible="true">
    <nd ref="-1848" />
    <nd ref="-1844" />
    <nd ref="-1847" />
    <nd ref="-1849" />
    <nd ref="-1848" />
    <tag k="addr:housenumber" v="65" />
    <tag k="addr:street" v="Sartoriusstraße" />
    <tag k="building" v="yes" />
  </way>
  <way id="-1000000431" visible="true">
    <nd ref="-1850" />
    <nd ref="-1848" />
    <nd ref="-1849" />
    <nd ref="-1851" />
    <nd ref="-1850" />
    <tag k="addr:housenumber" v="63" />
    <tag k="addr:street" v="Sartoriusstraße" />
    <tag k="building" v="yes" />
  </way>
  <way id="-1000000432" visible="true">
    <nd ref="-62" />
    <nd ref="-1850" />
    <nd ref="-1851" />
    <nd ref="-63" />
    <nd ref="-62" />
    <tag k="addr:housenumber" v="61" />
    <tag k="addr:street" v="Sartoriusstraße" />
    <tag k="building" v="terrace" />
  </way>
  <way id="-1000000433" visible="true">
    <nd ref="-1852" />
    <nd ref="-1853" />
    <nd ref="-1854" />
    <nd ref="-1855" />
    <nd ref="-1852" />
    <tag k="addr:housenumber" v="57" />
    <tag k="addr:street" v="Sartoriusstraße" />
    <tag k="building" v="terrace" />
    <tag k="building:levels" v="2" />
    <tag k="roof:levels" v="1" />
  </way>
  <way id="-1000000434" visible="true">
    <nd ref="-1856" />
    <nd ref="-1852" />
    <nd ref="-1855" />
    <nd ref="-1857" />
    <nd ref="-1856" />
    <tag k="addr:housenumber" v="55" />
    <tag k="addr:street" v="Sartoriusstraße" />
    <tag k="building" v="terrace" />
    <tag k="building:levels" v="2" />
    <tag k="roof:levels" v="1" />
  </way>
  <way id="-1000000435" visible="true">
    <nd ref="-1858" />
    <nd ref="-1856" />
    <nd ref="-1857" />
    <nd ref="-1859" />
    <nd ref="-1858" />
    <tag k="addr:housenumber" v="53" />
    <tag k="addr:street" v="Sartoriusstraße" />
    <tag k="building" v="terrace" />
    <tag k="building:levels" v="2" />
    <tag k="roof:levels" v="1" />
  </way>
  <way id="-1000000436" visible="true">
    <nd ref="-1860" />
    <nd ref="-1858" />
    <nd ref="-1859" />
    <nd ref="-1861" />
    <nd ref="-1860" />
    <tag k="addr:housenumber" v="51" />
    <tag k="addr:street" v="Sartoriusstraße" />
    <tag k="building" v="terrace" />
    <tag k="building:levels" v="2" />
    <tag k="roof:levels" v="1" />
  </way>
  <way id="-1000000437" visible="true">
    <nd ref="-1862" />
    <nd ref="-1860" />
    <nd ref="-1861" />
    <nd ref="-1863" />
    <nd ref="-1862" />
    <tag k="addr:housenumber" v="49" />
    <tag k="addr:street" v="Sartoriusstraße" />
    <tag k="building" v="terrace" />
    <tag k="building:levels" v="2" />
    <tag k="roof:levels" v="1" />
  </way>
  <way id="-1000000438" visible="true">
    <nd ref="-1864" />
    <nd ref="-1862" />
    <nd ref="-1863" />
    <nd ref="-1865" />
    <nd ref="-1864" />
    <tag k="addr:housenumber" v="47" />
    <tag k="addr:street" v="Sartoriusstraße" />
    <tag k="building" v="terrace" />
    <tag k="building:levels" v="2" />
    <tag k="roof:levels" v="1" />
  </way>
  <way id="-1000000439" visible="true">
    <nd ref="-58" />
    <nd ref="-1864" />
    <nd ref="-1865" />
    <nd ref="-59" />
    <nd ref="-58" />
    <tag k="addr:housenumber" v="45" />
    <tag k="addr:street" v="Sartoriusstraße" />
    <tag k="building" v="terrace" />
    <tag k="building:levels" v="2" />
    <tag k="roof:levels" v="1" />
  </way>
  <way id="-1000000440" visible="true">
    <nd ref="-1866" />
    <nd ref="-1867" />
    <nd ref="-1868" />
    <nd ref="-1869" />
    <nd ref="-1866" />
    <tag k="addr:housenumber" v="41" />
    <tag k="addr:street" v="Sartoriusstraße" />
    <tag k="building" v="terrace" />
    <tag k="building:levels" v="2" />
    <tag k="roof:levels" v="1" />
  </way>
  <way id="-1000000441" visible="true">
    <nd ref="-1870" />
    <nd ref="-1866" />
    <nd ref="-1869" />
    <nd ref="-1871" />
    <nd ref="-1870" />
    <tag k="addr:housenumber" v="39" />
    <tag k="addr:street" v="Sartoriusstraße" />
    <tag k="building" v="terrace" />
    <tag k="building:levels" v="2" />
    <tag k="roof:levels" v="1" />
  </way>
  <way id="-1000000442" visible="true">
    <nd ref="-1872" />
    <nd ref="-1870" />
    <nd ref="-1871" />
    <nd ref="-1873" />
    <nd ref="-1872" />
    <tag k="addr:housenumber" v="37" />
    <tag k="addr:street" v="Sartoriusstraße" />
    <tag k="building" v="terrace" />
    <tag k="building:levels" v="2" />
    <tag k="roof:levels" v="1" />
  </way>
  <way id="-1000000443" visible="true">
    <nd ref="-1874" />
    <nd ref="-1872" />
    <nd ref="-1873" />
    <nd ref="-1875" />
    <nd ref="-1874" />
    <tag k="addr:housenumber" v="35" />
    <tag k="addr:street" v="Sartoriusstraße" />
    <tag k="building" v="terrace" />
    <tag k="building:levels" v="2" />
    <tag k="roof:levels" v="1" />
  </way>
  <way id="-1000000444" visible="true">
    <nd ref="-1876" />
    <nd ref="-1874" />
    <nd ref="-1875" />
    <nd ref="-1877" />
    <nd ref="-1876" />
    <tag k="addr:housenumber" v="33" />
    <tag k="addr:street" v="Sartoriusstraße" />
    <tag k="building" v="terrace" />
    <tag k="building:levels" v="2" />
    <tag k="roof:levels" v="1" />
  </way>
  <way id="-1000000445" visible="true">
    <nd ref="-1878" />
    <nd ref="-1876" />
    <nd ref="-1877" />
    <nd ref="-1879" />
    <nd ref="-1878" />
    <tag k="addr:housenumber" v="31" />
    <tag k="addr:street" v="Sartoriusstraße" />
    <tag k="building" v="terrace" />
    <tag k="building:levels" v="2" />
    <tag k="roof:levels" v="1" />
  </way>
  <way id="-1000000446" visible="true">
    <nd ref="-1880" />
    <nd ref="-1878" />
    <nd ref="-1879" />
    <nd ref="-1881" />
    <nd ref="-1880" />
    <tag k="addr:housenumber" v="29" />
    <tag k="addr:street" v="Sartoriusstraße" />
    <tag k="building" v="terrace" />
    <tag k="building:levels" v="2" />
    <tag k="roof:levels" v="1" />
  </way>
  <way id="-1000000447" visible="true">
    <nd ref="-1882" />
    <nd ref="-1880" />
    <nd ref="-1881" />
    <nd ref="-1883" />
    <nd ref="-1882" />
    <tag k="addr:housenumber" v="27" />
    <tag k="addr:street" v="Sartoriusstraße" />
    <tag k="building" v="terrace" />
    <tag k="building:levels" v="2" />
    <tag k="roof:levels" v="1" />
  </way>
  <way id="-1000000448" visible="true">
    <nd ref="-54" />
    <nd ref="-1882" />
    <nd ref="-1883" />
    <nd ref="-55" />
    <nd ref="-54" />
    <tag k="addr:housenumber" v="25" />
    <tag k="addr:street" v="Sartoriusstraße" />
    <tag k="building" v="terrace" />
    <tag k="building:levels" v="2" />
    <tag k="roof:levels" v="1" />
  </way>
  <way id="-1000000449" visible="true">
    <nd ref="-1884" />
    <nd ref="-1885" />
    <nd ref="-1886" />
    <nd ref="-1887" />
    <nd ref="-1884" />
    <tag k="addr:housenumber" v="21" />
    <tag k="addr:street" v="Sartoriusstraße" />
    <tag k="building" v="terrace" />
    <tag k="building:levels" v="2" />
    <tag k="roof:levels" v="1" />
  </way>
  <way id="-1000000450" visible="true">
    <nd ref="-1888" />
    <nd ref="-1884" />
    <nd ref="-1887" />
    <nd ref="-1889" />
    <nd ref="-1888" />
    <tag k="addr:housenumber" v="19" />
    <tag k="addr:street" v="Sartoriusstraße" />
    <tag k="building" v="terrace" />
    <tag k="building:levels" v="2" />
    <tag k="roof:levels" v="1" />
  </way>
  <way id="-1000000451" visible="true">
    <nd ref="-1890" />
    <nd ref="-1888" />
    <nd ref="-1889" />
    <nd ref="-1891" />
    <nd ref="-1890" />
    <tag k="addr:housenumber" v="17" />
    <tag k="addr:street" v="Sartoriusstraße" />
    <tag k="building" v="terrace" />
    <tag k="building:levels" v="2" />
    <tag k="roof:levels" v="1" />
  </way>
  <way id="-1000000452" visible="true">
    <nd ref="-1892" />
    <nd ref="-1890" />
    <nd ref="-1891" />
    <nd ref="-1893" />
    <nd ref="-1892" />
    <tag k="addr:housenumber" v="15" />
    <tag k="addr:street" v="Sartoriusstraße" />
    <tag k="building" v="terrace" />
    <tag k="building:levels" v="2" />
    <tag k="roof:levels" v="1" />
  </way>
  <way id="-1000000453" visible="true">
    <nd ref="-1894" />
    <nd ref="-1892" />
    <nd ref="-1893" />
    <nd ref="-1895" />
    <nd ref="-1894" />
    <tag k="addr:housenumber" v="13" />
    <tag k="addr:street" v="Sartoriusstraße" />
    <tag k="building" v="terrace" />
    <tag k="building:levels" v="2" />
    <tag k="roof:levels" v="1" />
  </way>
  <way id="-1000000454" visible="true">
    <nd ref="-1896" />
    <nd ref="-1894" />
    <nd ref="-1895" />
    <nd ref="-1897" />
    <nd ref="-1896" />
    <tag k="addr:housenumber" v="11" />
    <tag k="addr:street" v="Sartoriusstraße" />
    <tag k="building" v="terrace" />
    <tag k="building:levels" v="2" />
    <tag k="roof:levels" v="1" />
  </way>
  <way id="-1000000455" visible="true">
    <nd ref="-1898" />
    <nd ref="-1896" />
    <nd ref="-1897" />
    <nd ref="-1899" />
    <nd ref="-1898" />
    <tag k="addr:housenumber" v="9" />
    <tag k="addr:street" v="Sartoriusstraße" />
    <tag k="building" v="terrace" />
    <tag k="building:levels" v="2" />
    <tag k="roof:levels" v="1" />
  </way>
  <way id="-1000000456" visible="true">
    <nd ref="-1900" />
    <nd ref="-1898" />
    <nd ref="-1899" />
    <nd ref="-1901" />
    <nd ref="-1900" />
    <tag k="addr:housenumber" v="7" />
    <tag k="addr:street" v="Sartoriusstraße" />
    <tag k="building" v="terrace" />
    <tag k="building:levels" v="2" />
    <tag k="roof:levels" v="1" />
  </way>
  <way id="-1000000457" visible="true">
    <nd ref="-1902" />
    <nd ref="-1900" />
    <nd ref="-1901" />
    <nd ref="-1903" />
    <nd ref="-1902" />
    <tag k="addr:housenumber" v="5" />
    <tag k="addr:street" v="Sartoriusstraße" />
    <tag k="building" v="terrace" />
    <tag k="building:levels" v="2" />
    <tag k="roof:levels" v="1" />
  </way>
  <way id="-1000000458" visible="true">
    <nd ref="-50" />
    <nd ref="-1902" />
    <nd ref="-1903" />
    <nd ref="-51" />
    <nd ref="-50" />
    <tag k="addr:housenumber" v="3" />
    <tag k="addr:street" v="Sartoriusstraße" />
    <tag k="building" v="terrace" />
    <tag k="building:levels" v="2" />
    <tag k="roof:levels" v="1" />
  </way>
  <way id="-1000000459" visible="true">
    <nd ref="-1904" />
    <nd ref="-1905" />
    <nd ref="-1906" />
    <nd ref="-1907" />
    <nd ref="-1908" />
    <nd ref="-1904" />
    <tag k="building" v="house" />
    <tag k="building:levels" v="2" />
    <tag k="roof:levels" v="2" />
    <tag k="roof:orientation" v="across" />
    <tag k="roof:shape" v="gabled" />
  </way>
  <way id="-1000000460" visible="true">
    <nd ref="-70" />
    <nd ref="-1904" />
    <nd ref="-1908" />
    <nd ref="-1909" />
    <nd ref="-71" />
    <nd ref="-70" />
    <tag k="building" v="house" />
    <tag k="building:levels" v="2" />
    <tag k="roof:levels" v="2" />
    <tag k="roof:orientation" v="across" />
    <tag k="roof:shape" v="gabled" />
  </way>
  <way id="-1000000461" visible="true">
    <nd ref="-1910" />
    <nd ref="-1911" />
    <nd ref="-1912" />
    <nd ref="-1913" />
    <nd ref="-1914" />
    <nd ref="-1910" />
    <tag k="building" v="garages" />
    <tag k="building:levels" v="1" />
    <tag k="roof:shape" v="flat" />
  </way>
  <way id="-1000000462" visible="true">
    <nd ref="-39" />
    <nd ref="-38" />
    <nd ref="-1915" />
    <nd ref="-1916" />
    <nd ref="-1917" />
    <nd ref="-1918" />
    <nd ref="-39" />
    <tag k="building" v="garages" />
    <tag k="building:levels" v="1" />
    <tag k="building:use" v="garage" />
    <tag k="roof:shape" v="flat" />
  </way>
  <way id="-1000000463" visible="true">
    <nd ref="-1919" />
    <nd ref="-1920" />
    <nd ref="-1921" />
    <nd ref="-1922" />
    <nd ref="-1919" />
    <tag k="addr:city" v="Ingolstadt" />
    <tag k="addr:housenumber" v="73" />
    <tag k="addr:postcode" v="85055" />
    <tag k="addr:street" v="Regensburger Straße" />
    <tag k="building" v="apartments" />
    <tag k="contact:website" v="https://www.inhouse-boardinghouse.de/" />
    <tag k="name" v="INhouse Wohnen auf Zeit" />
  </way>
  <way id="-1000000464" visible="true">
    <nd ref="-1923" />
    <nd ref="-1924" />
    <nd ref="-1925" />
    <nd ref="-1926" />
    <nd ref="-1923" />
    <tag k="building" v="container" />
  </way>
  <way id="-1000000465" visible="true">
    <nd ref="-1927" />
    <nd ref="-1928" />
    <nd ref="-1929" />
    <nd ref="-1930" />
    <nd ref="-1931" />
    <nd ref="-1932" />
    <nd ref="-1933" />
    <nd ref="-1934" />
    <nd ref="-1927" />
    <tag k="addr:housenumber" v="91" />
    <tag k="addr:street" v="Feldkirchener Straße" />
    <tag k="building" v="kindergarten" />
  </way>
  <way id="-1000000466" visible="true">
    <nd ref="-1935" />
    <nd ref="-1936" />
    <nd ref="-1937" />
    <nd ref="-1938" />
    <nd ref="-1939" />
    <nd ref="-1940" />
    <nd ref="-1941" />
    <nd ref="-1942" />
    <nd ref="-1935" />
    <tag k="building" v="detached" />
  </way>
  <way id="-1000000467" visible="true">
    <nd ref="-1943" />
    <nd ref="-1944" />
    <nd ref="-1945" />
    <nd ref="-1946" />
    <nd ref="-1947" />
    <nd ref="-1948" />
    <nd ref="-1949" />
    <nd ref="-1950" />
    <nd ref="-1951" />
    <nd ref="-1952" />
    <nd ref="-1953" />
    <nd ref="-1943" />
    <tag k="building" v="yes" />
  </way>
  <way id="-1000000468" visible="true">
    <nd ref="-1954" />
    <nd ref="-1955" />
    <nd ref="-1956" />
    <nd ref="-1957" />
    <nd ref="-1954" />
    <tag k="building" v="yes" />
    <tag k="building:use" v="garage" />
  </way>
  <way id="-1000000469" visible="true">
    <nd ref="-1958" />
    <nd ref="-1959" />
    <nd ref="-1960" />
    <nd ref="-1961" />
    <nd ref="-1958" />
    <tag k="building" v="apartments" />
    <tag k="construction" v="residential" />
  </way>
  <way id="-1000000470" visible="true">
    <nd ref="-1962" />
    <nd ref="-1963" />
    <nd ref="-1964" />
    <nd ref="-1965" />
    <nd ref="-1962" />
    <tag k="building" v="garages" />
  </way>
  <way id="-1000000471" visible="true">
    <nd ref="-1966" />
    <nd ref="-1967" />
    <nd ref="-1968" />
    <nd ref="-1969" />
    <nd ref="-1966" />
    <tag k="addr:city" v="Ingolstadt" />
    <tag k="addr:housenumber" v="17a" />
    <tag k="addr:postcode" v="85055" />
    <tag k="addr:street" v="Gerhart-Hauptmann-Straße" />
    <tag k="building" v="apartments" />
  </way>
  <way id="-1000000472" visible="true">
    <nd ref="-465" />
    <nd ref="-1970" />
    <nd ref="-1971" />
    <nd ref="-1972" />
    <nd ref="-482" />
    <nd ref="-477" />
    <nd ref="-1973" />
    <nd ref="-1974" />
    <nd ref="-1975" />
    <nd ref="-1976" />
    <nd ref="-464" />
    <nd ref="-465" />
    <tag k="building" v="yes" />
    <tag k="building:levels" v="2" />
    <tag k="name" v="Pfarrheim St. Konrad" />
  </way>
  <way id="-1000000473" visible="true">
    <nd ref="-1977" />
    <nd ref="-1978" />
    <nd ref="-1979" />
    <nd ref="-1980" />
    <nd ref="-1977" />
    <tag k="addr:city" v="Ingolstadt" />
    <tag k="addr:housenumber" v="2" />
    <tag k="addr:postcode" v="85053" />
    <tag k="addr:street" v="Egerlandstraße" />
    <tag k="building" v="yes" />
  </way>
  <way id="-1000000474" visible="true">
    <nd ref="-1981" />
    <nd ref="-1982" />
    <nd ref="-1983" />
    <nd ref="-1984" />
    <nd ref="-1985" />
    <nd ref="-1981" />
    <tag k="addr:city" v="Ingolstadt" />
    <tag k="addr:housenumber" v="2a" />
    <tag k="addr:postcode" v="85053" />
    <tag k="addr:street" v="Egerlandstraße" />
    <tag k="building" v="yes" />
  </way>
  <way id="-1000000475" visible="true">
    <nd ref="-900" />
    <nd ref="-1986" />
    <nd ref="-1987" />
    <nd ref="-899" />
    <nd ref="-900" />
    <tag k="building" v="carport" />
  </way>
  <way id="-1000000476" visible="true">
    <nd ref="-1988" />
    <nd ref="-1989" />
    <nd ref="-1990" />
    <nd ref="-1991" />
    <nd ref="-1988" />
    <tag k="building" v="shed" />
  </way>
  <way id="-1000000477" visible="true">
    <nd ref="-243" />
    <nd ref="-1992" />
    <nd ref="-1993" />
    <nd ref="-244" />
    <nd ref="-243" />
    <tag k="building" v="yes" />
    <tag k="roof:shape" v="gabled" />
  </way>
  <way id="-1000000478" visible="true">
    <nd ref="-1994" />
    <nd ref="-1995" />
    <nd ref="-1996" />
    <nd ref="-1997" />
    <nd ref="-1994" />
    <tag k="building" v="house" />
  </way>
  <way id="-1000000479" visible="true">
    <nd ref="-1220" />
    <nd ref="-1998" />
    <nd ref="-1999" />
    <nd ref="-1221" />
    <nd ref="-1220" />
    <tag k="building" v="semidetached_house" />
  </way>
  <way id="-1000000480" visible="true">
    <nd ref="-908" />
    <nd ref="-2000" />
    <nd ref="-2001" />
    <nd ref="-909" />
    <nd ref="-908" />
    <tag k="building" v="yes" />
  </way>
  <way id="-1000000481" visible="true">
    <nd ref="-2002" />
    <nd ref="-2003" />
    <nd ref="-2004" />
    <nd ref="-2005" />
    <nd ref="-2002" />
    <tag k="building" v="residential" />
  </way>
  <way id="-1000000482" visible="true">
    <nd ref="-1332" />
    <nd ref="-2002" />
    <nd ref="-2005" />
    <nd ref="-1333" />
    <nd ref="-1332" />
    <tag k="building" v="residential" />
  </way>
  <way id="-1000000483" visible="true">
    <nd ref="-945" />
    <nd ref="-944" />
    <nd ref="-2006" />
    <nd ref="-2007" />
    <nd ref="-945" />
    <tag k="building" v="yes" />
  </way>
  <way id="-1000000484" visible="true">
    <nd ref="-930" />
    <nd ref="-2008" />
    <nd ref="-2009" />
    <nd ref="-931" />
    <nd ref="-930" />
    <tag k="building" v="residential" />
  </way>
  <way id="-1000000485" visible="true">
    <nd ref="-2010" />
    <nd ref="-2011" />
    <nd ref="-2012" />
    <nd ref="-2013" />
    <nd ref="-2010" />
    <tag k="building" v="residential" />
  </way>
  <way id="-1000000486" visible="true">
    <nd ref="-2014" />
    <nd ref="-2010" />
    <nd ref="-2013" />
    <nd ref="-2015" />
    <nd ref="-2014" />
    <tag k="building" v="residential" />
  </way>
  <way id="-1000000487" visible="true">
    <nd ref="-2016" />
    <nd ref="-2014" />
    <nd ref="-2015" />
    <nd ref="-933" />
    <nd ref="-932" />
    <nd ref="-2016" />
    <tag k="building" v="residential" />
  </way>
  <way id="-1000000488" visible="true">
    <nd ref="-2017" />
    <nd ref="-2018" />
    <nd ref="-2019" />
    <nd ref="-2020" />
    <nd ref="-2017" />
    <tag k="building" v="yes" />
  </way>
  <way id="-1000000489" visible="true">
    <nd ref="-2021" />
    <nd ref="-2022" />
    <nd ref="-2023" />
    <nd ref="-2018" />
    <nd ref="-2017" />
    <nd ref="-2021" />
    <tag k="building" v="yes" />
  </way>
  <way id="-1000000490" visible="true">
    <nd ref="-2024" />
    <nd ref="-2025" />
    <nd ref="-2026" />
    <nd ref="-2027" />
    <nd ref="-2024" />
    <tag k="building" v="residential" />
  </way>
  <way id="-1000000491" visible="true">
    <nd ref="-935" />
    <nd ref="-2024" />
    <nd ref="-2027" />
    <nd ref="-936" />
    <nd ref="-935" />
    <tag k="building" v="residential" />
  </way>
  <way id="-1000000492" visible="true">
    <nd ref="-2028" />
    <nd ref="-2029" />
    <nd ref="-2030" />
    <nd ref="-2031" />
    <nd ref="-2032" />
    <nd ref="-2033" />
    <nd ref="-2034" />
    <nd ref="-2035" />
    <nd ref="-2036" />
    <nd ref="-2037" />
    <nd ref="-2028" />
  </way>
  <way id="-1000000493" visible="true">
    <nd ref="-2038" />
    <nd ref="-2039" />
    <nd ref="-2040" />
    <nd ref="-2041" />
    <nd ref="-2038" />
  </way>
  <relation id="-1001000000" visible="true">
    <member type="way" ref="-1000000492" role="outer" />
    <member type="way" ref="-1000000493" role="inner" />
    <tag k="type" v="multipolygon" />
    <tag k="building" v="yes" />
    <tag k="name" v="Eichamt - Dienststelle Ingolstadt" />
  </relation>
</osm>