source_road,target_road,distance_m,heading_diff,reason
49388,59657,24.57,0.0,distance_exceeded (24.6m > 15.0m)
42723,64873,12.01,36.71,heading_incompatible (36.7° > 15.0°)
43544,58790,27.02,0.0,distance_exceeded (27.0m > 15.0m)
42898,65904,36.46,134.85,distance_exceeded (36.5m > 15.0m); heading_incompatible (134.9° > 15.0°)
41257,70795,45.0,100.65,distance_exceeded (45.0m > 15.0m); heading_incompatible (100.7° > 15.0°)
43756,68695,13.13,113.77,heading_incompatible (113.8° > 15.0°)
46848,60532,16.09,0.0,distance_exceeded (16.1m > 15.0m)
47515,63712,44.14,0.0,distance_exceeded (44.1m > 15.0m)
44485,62065,1.12,31.9,heading_incompatible (31.9° > 15.0°)
46011,54871,29.09,177.38,distance_exceeded (29.1m > 15.0m); heading_incompatible (177.4° > 15.0°)
40073,54997,0.74,149.17,heading_incompatible (149.2° > 15.0°)
41310,58277,26.46,0.0,distance_exceeded (26.5m > 15.0m)
49658,58752,0.2,124.23,heading_incompatible (124.2° > 15.0°)
47085,56588,0.2,89.14,heading_incompatible (89.1° > 15.0°)
40169,56067,30.8,6.01,distance_exceeded (30.8m > 15.0m)
46563,58716,18.01,0.0,distance_exceeded (18.0m > 15.0m)
45474,69770,0.78,67.2,heading_incompatible (67.2° > 15.0°)
42978,61252,13.5,130.87,heading_incompatible (130.9° > 15.0°)
41586,58019,0.2,171.21,heading_incompatible (171.2° > 15.0°)
48488,51792,15.46,0.0,distance_exceeded (15.5m > 15.0m)
41628,55514,31.63,19.44,distance_exceeded (31.6m > 15.0m); heading_incompatible (19.4° > 15.0°)
49477,69118,10.46,33.82,heading_incompatible (33.8° > 15.0°)
41756,54457,6.83,166.12,heading_incompatible (166.1° > 15.0°)
45025,49868,0.2,178.27,heading_incompatible (178.3° > 15.0°)
42316,62610,43.47,0.0,distance_exceeded (43.5m > 15.0m)
46380,57584,36.18,39.92,distance_exceeded (36.2m > 15.0m); heading_incompatible (39.9° > 15.0°)
47380,63009,23.81,47.93,distance_exceeded (23.8m > 15.0m); heading_incompatible (47.9° > 15.0°)
45177,53848,6.31,46.04,heading_incompatible (46.0° > 15.0°)
45768,54399,28.97,25.98,distance_exceeded (29.0m > 15.0m); heading_incompatible (26.0° > 15.0°)
49694,69568,16.61,0.0,distance_exceeded (16.6m > 15.0m)
43477,52899,0.2,155.88,heading_incompatible (155.9° > 15.0°)
44382,56264,18.9,173.0,distance_exceeded (18.9m > 15.0m); heading_incompatible (173.0° > 15.0°)
42531,65598,31.96,0.0,distance_exceeded (32.0m > 15.0m)
47743,64937,30.01,156.17,distance_exceeded (30.0m > 15.0m); heading_incompatible (156.2° > 15.0°)
42420,62989,49.32,0.0,distance_exceeded (49.3m > 15.0m)
49237,52626,48.75,130.89,distance_exceeded (48.7m > 15.0m); heading_incompatible (130.9° > 15.0°)
42566,61295,0.59,116.26,heading_incompatible (116.3° > 15.0°)
49496,69179,5.24,16.14,heading_incompatible (16.1° > 15.0°)
49674,49916,32.91,78.14,distance_exceeded (32.9m > 15.0m); heading_incompatible (78.1° > 15.0°)
41425,65424,11.57,106.79,heading_incompatible (106.8° > 15.0°)
40759,57331,1.98,152.35,heading_incompatible (152.4° > 15.0°)
41179,54910,0.2,112.38,heading_incompatible (112.4° > 15.0°)
46694,59636,7.19,32.54,heading_incompatible (32.5° > 15.0°)
43476,52882,27.6,160.73,distance_exceeded (27.6m > 15.0m); heading_incompatible (160.7° > 15.0°)
45617,50281,6.5,148.04,heading_incompatible (148.0° > 15.0°)
49611,59264,23.49,175.32,distance_exceeded (23.5m > 15.0m); heading_incompatible (175.3° > 15.0°)
43925,63289,23.61,0.0,distance_exceeded (23.6m > 15.0m)
46568,58777,48.16,0.0,distance_exceeded (48.2m > 15.0m)
42243,62187,7.2,148.28,heading_incompatible (148.3° > 15.0°)
48760,51276,1.14,155.99,heading_incompatible (156.0° > 15.0°)
42134,61759,2.12,32.93,heading_incompatible (32.9° > 15.0°)
44224,52014,36.01,165.12,distance_exceeded (36.0m > 15.0m); heading_incompatible (165.1° > 15.0°)
43183,67037,31.16,168.63,distance_exceeded (31.2m > 15.0m); heading_incompatible (168.6° > 15.0°)
48040,50035,45.96,8.66,distance_exceeded (46.0m > 15.0m)
42422,63019,27.9,0.0,distance_exceeded (27.9m > 15.0m)
41004,54770,6.68,97.97,heading_incompatible (98.0° > 15.0°)
49239,69537,3.24,62.37,heading_incompatible (62.4° > 15.0°)
43456,53858,39.14,0.0,distance_exceeded (39.1m > 15.0m)
42009,60982,43.3,96.39,distance_exceeded (43.3m > 15.0m); heading_incompatible (96.4° > 15.0°)
40507,51147,19.37,0.0,distance_exceeded (19.4m > 15.0m)
48652,66886,16.67,139.78,distance_exceeded (16.7m > 15.0m); heading_incompatible (139.8° > 15.0°)
41917,60432,7.17,81.76,heading_incompatible (81.8° > 15.0°)
47396,63070,0.2,61.0,heading_incompatible (61.0° > 15.0°)
46685,59537,32.3,98.75,distance_exceeded (32.3m > 15.0m); heading_incompatible (98.7° > 15.0°)
43894,52342,23.09,72.77,distance_exceeded (23.1m > 15.0m); heading_incompatible (72.8° > 15.0°)
43763,67597,16.37,107.87,distance_exceeded (16.4m > 15.0m); heading_incompatible (107.9° > 15.0°)
49092,69071,23.45,92.18,distance_exceeded (23.5m > 15.0m); heading_incompatible (92.2° > 15.0°)
44018,60344,26.54,124.73,distance_exceeded (26.5m > 15.0m); heading_incompatible (124.7° > 15.0°)
49003,68685,15.05,126.47,distance_exceeded (15.0m > 15.0m); heading_incompatible (126.5° > 15.0°)
48752,55768,5.98,168.63,heading_incompatible (168.6° > 15.0°)
42518,54577,10.99,81.48,heading_incompatible (81.5° > 15.0°)
43454,68059,0.2,178.95,heading_incompatible (178.9° > 15.0°)
43556,52427,23.92,20.32,distance_exceeded (23.9m > 15.0m); heading_incompatible (20.3° > 15.0°)
41295,55703,15.73,164.99,distance_exceeded (15.7m > 15.0m); heading_incompatible (165.0° > 15.0°)
43740,68639,26.69,149.76,distance_exceeded (26.7m > 15.0m); heading_incompatible (149.8° > 15.0°)
48422,67483,29.08,103.39,distance_exceeded (29.1m > 15.0m); heading_incompatible (103.4° > 15.0°)
46831,60621,5.89,69.18,heading_incompatible (69.2° > 15.0°)
45121,70126,5.97,164.35,heading_incompatible (164.3° > 15.0°)
49353,71152,30.05,139.85,distance_exceeded (30.0m > 15.0m); heading_incompatible (139.9° > 15.0°)
40363,50853,37.18,145.63,distance_exceeded (37.2m > 15.0m); heading_incompatible (145.6° > 15.0°)
40773,68097,20.45,54.59,distance_exceeded (20.4m > 15.0m); heading_incompatible (54.6° > 15.0°)
41726,68140,4.14,44.93,heading_incompatible (44.9° > 15.0°)
48304,66990,40.67,15.21,distance_exceeded (40.7m > 15.0m); heading_incompatible (15.2° > 15.0°)
40186,51335,27.6,0.0,distance_exceeded (27.6m > 15.0m)
40139,66390,30.01,26.05,distance_exceeded (30.0m > 15.0m); heading_incompatible (26.1° > 15.0°)
43928,49856,2.96,123.82,heading_incompatible (123.8° > 15.0°)
48966,71391,1.07,170.23,heading_incompatible (170.2° > 15.0°)
48018,59489,29.56,0.0,distance_exceeded (29.6m > 15.0m)
40160,70508,39.72,0.0,distance_exceeded (39.7m > 15.0m)
45682,65085,31.19,134.56,distance_exceeded (31.2m > 15.0m); heading_incompatible (134.6° > 15.0°)
48368,67383,37.57,0.0,distance_exceeded (37.6m > 15.0m)
48214,72259,0.2,81.01,heading_incompatible (81.0° > 15.0°)
47686,50210,44.11,98.45,distance_exceeded (44.1m > 15.0m); heading_incompatible (98.4° > 15.0°)
44811,66686,25.6,90.37,distance_exceeded (25.6m > 15.0m); heading_incompatible (90.4° > 15.0°)
43516,68297,20.38,0.0,distance_exceeded (20.4m > 15.0m)
44389,66692,17.39,158.32,distance_exceeded (17.4m > 15.0m); heading_incompatible (158.3° > 15.0°)
41048,54150,15.18,0.0,distance_exceeded (15.2m > 15.0m)
42403,63518,28.31,90.76,distance_exceeded (28.3m > 15.0m); heading_incompatible (90.8° > 15.0°)
40477,53582,38.75,0.0,distance_exceeded (38.8m > 15.0m)
45719,54671,26.49,177.16,distance_exceeded (26.5m > 15.0m); heading_incompatible (177.2° > 15.0°)
45100,58871,9.51,98.81,heading_incompatible (98.8° > 15.0°)
43687,51466,4.26,30.19,heading_incompatible (30.2° > 15.0°)
41053,67674,24.13,144.8,distance_exceeded (24.1m > 15.0m); heading_incompatible (144.8° > 15.0°)
41523,57581,33.12,0.0,distance_exceeded (33.1m > 15.0m)
46797,60377,45.76,0.0,distance_exceeded (45.8m > 15.0m)
49056,69095,18.29,0.0,distance_exceeded (18.3m > 15.0m)
42683,71620,21.84,0.0,distance_exceeded (21.8m > 15.0m)
40236,50681,8.16,103.52,heading_incompatible (103.5° > 15.0°)
47233,55258,34.91,155.68,distance_exceeded (34.9m > 15.0m); heading_incompatible (155.7° > 15.0°)
43110,66556,24.58,0.0,distance_exceeded (24.6m > 15.0m)
48499,60322,32.17,79.41,distance_exceeded (32.2m > 15.0m); heading_incompatible (79.4° > 15.0°)
41034,54186,41.39,0.0,distance_exceeded (41.4m > 15.0m)
45547,61822,11.16,157.58,heading_incompatible (157.6° > 15.0°)
45965,54311,37.31,92.88,distance_exceeded (37.3m > 15.0m); heading_incompatible (92.9° > 15.0°)
40982,52926,32.22,136.73,distance_exceeded (32.2m > 15.0m); heading_incompatible (136.7° > 15.0°)
47176,54143,23.2,0.0,distance_exceeded (23.2m > 15.0m)
41062,53930,25.24,153.55,distance_exceeded (25.2m > 15.0m); heading_incompatible (153.6° > 15.0°)
44681,51270,11.32,149.62,heading_incompatible (149.6° > 15.0°)
43592,67788,0.2,18.08,heading_incompatible (18.1° > 15.0°)
49707,69303,11.9,65.59,heading_incompatible (65.6° > 15.0°)
44639,71145,32.87,0.0,distance_exceeded (32.9m > 15.0m)
41566,58131,0.2,175.12,heading_incompatible (175.1° > 15.0°)
48624,55614,8.61,88.14,heading_incompatible (88.1° > 15.0°)
47557,55165,0.2,165.46,heading_incompatible (165.5° > 15.0°)
41241,53240,2.74,170.46,heading_incompatible (170.5° > 15.0°)
42133,71763,28.62,0.0,distance_exceeded (28.6m > 15.0m)
40846,52261,30.38,148.93,distance_exceeded (30.4m > 15.0m); heading_incompatible (148.9° > 15.0°)
45948,70874,22.92,149.55,distance_exceeded (22.9m > 15.0m); heading_incompatible (149.5° > 15.0°)
46609,59115,16.83,89.57,distance_exceeded (16.8m > 15.0m); heading_incompatible (89.6° > 15.0°)
47787,56817,23.28,112.79,distance_exceeded (23.3m > 15.0m); heading_incompatible (112.8° > 15.0°)
46213,68526,4.53,121.03,heading_incompatible (121.0° > 15.0°)
49570,53159,27.64,0.0,distance_exceeded (27.6m > 15.0m)
40625,66427,0.2,162.25,heading_incompatible (162.3° > 15.0°)
41401,71195,49.03,169.27,distance_exceeded (49.0m > 15.0m); heading_incompatible (169.3° > 15.0°)
40911,54674,2.13,91.98,heading_incompatible (92.0° > 15.0°)
40671,52411,16.22,35.14,distance_exceeded (16.2m > 15.0m); heading_incompatible (35.1° > 15.0°)
40674,69815,18.48,95.1,distance_exceeded (18.5m > 15.0m); heading_incompatible (95.1° > 15.0°)
44328,68661,0.2,98.03,heading_incompatible (98.0° > 15.0°)
42849,64507,3.69,175.48,heading_incompatible (175.5° > 15.0°)
42488,70193,44.96,0.0,distance_exceeded (45.0m > 15.0m)
48695,68264,13.66,117.08,heading_incompatible (117.1° > 15.0°)
47674,66189,16.43,0.0,distance_exceeded (16.4m > 15.0m)
45126,66813,6.08,142.4,heading_incompatible (142.4° > 15.0°)
48538,60656,3.48,68.52,heading_incompatible (68.5° > 15.0°)
45596,65941,3.38,172.1,heading_incompatible (172.1° > 15.0°)
48529,57372,25.33,109.59,distance_exceeded (25.3m > 15.0m); heading_incompatible (109.6° > 15.0°)
43828,68362,35.17,0.0,distance_exceeded (35.2m > 15.0m)
48841,65329,47.08,74.59,distance_exceeded (47.1m > 15.0m); heading_incompatible (74.6° > 15.0°)
48998,68779,10.94,23.36,heading_incompatible (23.4° > 15.0°)
47982,49884,19.46,0.0,distance_exceeded (19.5m > 15.0m)
46471,58201,45.64,0.0,distance_exceeded (45.6m > 15.0m)
44105,52120,18.81,101.38,distance_exceeded (18.8m > 15.0m); heading_incompatible (101.4° > 15.0°)
44933,52727,20.51,61.57,distance_exceeded (20.5m > 15.0m); heading_incompatible (61.6° > 15.0°)
43699,57493,30.94,79.96,distance_exceeded (30.9m > 15.0m); heading_incompatible (80.0° > 15.0°)
45214,51138,0.2,163.43,heading_incompatible (163.4° > 15.0°)
49294,67419,0.45,83.37,heading_incompatible (83.4° > 15.0°)
39837,51284,3.07,98.64,heading_incompatible (98.6° > 15.0°)
45559,62670,17.36,74.57,distance_exceeded (17.4m > 15.0m); heading_incompatible (74.6° > 15.0°)
48380,65832,16.01,138.81,distance_exceeded (16.0m > 15.0m); heading_incompatible (138.8° > 15.0°)
47649,65209,27.32,71.27,distance_exceeded (27.3m > 15.0m); heading_incompatible (71.3° > 15.0°)
41626,55496,29.64,16.7,distance_exceeded (29.6m > 15.0m); heading_incompatible (16.7° > 15.0°)
42965,57036,19.09,0.0,distance_exceeded (19.1m > 15.0m)
46605,59027,43.82,0.0,distance_exceeded (43.8m > 15.0m)
40461,53944,47.17,0.0,distance_exceeded (47.2m > 15.0m)
40340,51287,4.15,16.99,heading_incompatible (17.0° > 15.0°)
42540,60194,33.15,0.0,distance_exceeded (33.1m > 15.0m)
45830,68941,0.2,146.5,heading_incompatible (146.5° > 15.0°)
47192,68625,41.06,0.0,distance_exceeded (41.1m > 15.0m)
45266,52006,32.5,11.14,distance_exceeded (32.5m > 15.0m)
40984,65255,27.42,82.25,distance_exceeded (27.4m > 15.0m); heading_incompatible (82.2° > 15.0°)
40190,58904,20.86,0.0,distance_exceeded (20.9m > 15.0m)
45376,63362,39.04,0.0,distance_exceeded (39.0m > 15.0m)
45953,53793,1.25,32.59,heading_incompatible (32.6° > 15.0°)
47378,65612,26.15,52.78,distance_exceeded (26.2m > 15.0m); heading_incompatible (52.8° > 15.0°)
41793,69480,15.9,45.11,distance_exceeded (15.9m > 15.0m); heading_incompatible (45.1° > 15.0°)
40178,51797,1.41,172.18,heading_incompatible (172.2° > 15.0°)
42603,64434,0.2,102.73,heading_incompatible (102.7° > 15.0°)
45375,70318,14.68,105.97,heading_incompatible (106.0° > 15.0°)
41550,58040,43.04,111.14,distance_exceeded (43.0m > 15.0m); heading_incompatible (111.1° > 15.0°)
49108,56955,7.62,152.06,heading_incompatible (152.1° > 15.0°)
45400,66859,28.75,9.52,distance_exceeded (28.7m > 15.0m)
47693,59566,0.2,163.9,heading_incompatible (163.9° > 15.0°)
43628,69744,10.45,175.34,heading_incompatible (175.3° > 15.0°)
41942,60552,19.05,23.5,distance_exceeded (19.0m > 15.0m); heading_incompatible (23.5° > 15.0°)
46826,60555,18.09,13.91,distance_exceeded (18.1m > 15.0m)
40426,57503,9.1,46.81,heading_incompatible (46.8° > 15.0°)
40354,67044,17.95,160.42,distance_exceeded (17.9m > 15.0m); heading_incompatible (160.4° > 15.0°)
40423,57501,0.2,94.72,heading_incompatible (94.7° > 15.0°)
46583,50597,6.82,95.45,heading_incompatible (95.5° > 15.0°)
42608,65873,45.7,82.42,distance_exceeded (45.7m > 15.0m); heading_incompatible (82.4° > 15.0°)
44733,66924,17.67,16.06,distance_exceeded (17.7m > 15.0m); heading_incompatible (16.1° > 15.0°)
48724,56201,44.29,0.0,distance_exceeded (44.3m > 15.0m)
40655,70823,1.31,48.62,heading_incompatible (48.6° > 15.0°)
48957,68605,30.72,0.0,distance_exceeded (30.7m > 15.0m)
49070,63178,3.3,171.0,heading_incompatible (171.0° > 15.0°)
43375,67656,0.2,141.16,heading_incompatible (141.2° > 15.0°)
42163,61957,25.3,107.53,distance_exceeded (25.3m > 15.0m); heading_incompatible (107.5° > 15.0°)
45680,67770,5.68,139.15,heading_incompatible (139.1° > 15.0°)
41657,67526,35.66,0.0,distance_exceeded (35.7m > 15.0m)
46143,55575,21.44,0.0,distance_exceeded (21.4m > 15.0m)
41632,55664,37.79,100.43,distance_exceeded (37.8m > 15.0m); heading_incompatible (100.4° > 15.0°)
42434,59586,2.76,118.15,heading_incompatible (118.2° > 15.0°)
47164,69718,24.33,122.57,distance_exceeded (24.3m > 15.0m); heading_incompatible (122.6° > 15.0°)
45046,50102,2.83,175.55,heading_incompatible (175.6° > 15.0°)
46085,53421,30.73,36.75,distance_exceeded (30.7m > 15.0m); heading_incompatible (36.8° > 15.0°)
42984,66065,2.48,52.51,heading_incompatible (52.5° > 15.0°)
46247,70599,41.36,0.0,distance_exceeded (41.4m > 15.0m)
43821,62011,8.42,153.0,heading_incompatible (153.0° > 15.0°)
40580,55720,12.1,155.86,heading_incompatible (155.9° > 15.0°)
47505,54587,18.56,102.54,distance_exceeded (18.6m > 15.0m); heading_incompatible (102.5° > 15.0°)
46172,55886,44.7,0.0,distance_exceeded (44.7m > 15.0m)
42941,57657,36.43,0.0,distance_exceeded (36.4m > 15.0m)
39894,53343,19.45,129.43,distance_exceeded (19.5m > 15.0m); heading_incompatible (129.4° > 15.0°)
40297,62806,36.07,51.07,distance_exceeded (36.1m > 15.0m); heading_incompatible (51.1° > 15.0°)
48682,51155,34.72,43.89,distance_exceeded (34.7m > 15.0m); heading_incompatible (43.9° > 15.0°)
47937,65532,44.69,75.29,distance_exceeded (44.7m > 15.0m); heading_incompatible (75.3° > 15.0°)
40941,52668,27.77,169.94,distance_exceeded (27.8m > 15.0m); heading_incompatible (169.9° > 15.0°)
44848,50586,37.88,173.5,distance_exceeded (37.9m > 15.0m); heading_incompatible (173.5° > 15.0°)
44707,49891,3.17,44.02,heading_incompatible (44.0° > 15.0°)
44802,50457,0.2,38.25,heading_incompatible (38.3° > 15.0°)
41249,56791,41.25,0.0,distance_exceeded (41.3m > 15.0m)
44876,55256,4.91,123.37,heading_incompatible (123.4° > 15.0°)
44865,69401,18.89,0.0,distance_exceeded (18.9m > 15.0m)
45552,56735,12.81,102.52,heading_incompatible (102.5° > 15.0°)
40944,52686,0.2,173.81,heading_incompatible (173.8° > 15.0°)
49281,54013,31.13,0.0,distance_exceeded (31.1m > 15.0m)
41663,67485,6.29,18.05,heading_incompatible (18.1° > 15.0°)
49398,51385,8.13,179.61,heading_incompatible (179.6° > 15.0°)
42912,50374,27.71,126.71,distance_exceeded (27.7m > 15.0m); heading_incompatible (126.7° > 15.0°)
40250,50101,25.94,0.0,distance_exceeded (25.9m > 15.0m)
42609,53174,1.48,96.29,heading_incompatible (96.3° > 15.0°)
48466,61502,21.48,0.0,distance_exceeded (21.5m > 15.0m)
42158,61936,42.55,0.0,distance_exceeded (42.6m > 15.0m)
49587,53491,5.61,114.34,heading_incompatible (114.3° > 15.0°)
46059,54965,37.75,71.35,distance_exceeded (37.8m > 15.0m); heading_incompatible (71.3° > 15.0°)
41016,53253,17.51,72.67,distance_exceeded (17.5m > 15.0m); heading_incompatible (72.7° > 15.0°)
40006,52367,9.6,55.11,heading_incompatible (55.1° > 15.0°)
40284,63431,0.2,28.63,heading_incompatible (28.6° > 15.0°)
46917,60591,9.13,22.3,heading_incompatible (22.3° > 15.0°)
41625,58459,0.2,79.72,heading_incompatible (79.7° > 15.0°)
42794,69588,4.21,150.68,heading_incompatible (150.7° > 15.0°)
48442,64389,10.04,97.25,heading_incompatible (97.2° > 15.0°)
40283,70792,22.66,13.85,distance_exceeded (22.7m > 15.0m)
40180,59255,11.04,76.68,heading_incompatible (76.7° > 15.0°)
48659,52663,6.3,108.12,heading_incompatible (108.1° > 15.0°)
45865,53854,42.18,97.97,distance_exceeded (42.2m > 15.0m); heading_incompatible (98.0° > 15.0°)
46501,58379,2.05,136.52,heading_incompatible (136.5° > 15.0°)
42976,66028,2.81,97.38,heading_incompatible (97.4° > 15.0°)
43342,67573,13.37,169.88,heading_incompatible (169.9° > 15.0°)
41690,58646,8.42,25.4,heading_incompatible (25.4° > 15.0°)
41483,57341,4.39,152.86,heading_incompatible (152.9° > 15.0°)
42997,50587,20.17,168.5,distance_exceeded (20.2m > 15.0m); heading_incompatible (168.5° > 15.0°)
40484,57573,15.69,100.54,distance_exceeded (15.7m > 15.0m); heading_incompatible (100.5° > 15.0°)
44437,50145,29.84,0.0,distance_exceeded (29.8m > 15.0m)
46264,64099,21.43,141.59,distance_exceeded (21.4m > 15.0m); heading_incompatible (141.6° > 15.0°)
42527,68541,37.97,8.01,distance_exceeded (38.0m > 15.0m)
46414,65401,17.87,77.69,distance_exceeded (17.9m > 15.0m); heading_incompatible (77.7° > 15.0°)
41680,66575,42.44,0.0,distance_exceeded (42.4m > 15.0m)
43577,59853,40.99,168.31,distance_exceeded (41.0m > 15.0m); heading_incompatible (168.3° > 15.0°)
45091,56033,31.37,129.84,distance_exceeded (31.4m > 15.0m); heading_incompatible (129.8° > 15.0°)
43824,56603,0.2,97.71,heading_incompatible (97.7° > 15.0°)
41658,65413,36.52,18.94,distance_exceeded (36.5m > 15.0m); heading_incompatible (18.9° > 15.0°)
39865,69405,1.76,118.13,heading_incompatible (118.1° > 15.0°)
44814,50628,19.08,22.04,distance_exceeded (19.1m > 15.0m); heading_incompatible (22.0° > 15.0°)
43990,57217,16.9,0.0,distance_exceeded (16.9m > 15.0m)
48877,56496,28.87,0.0,distance_exceeded (28.9m > 15.0m)
48088,66177,6.26,79.15,heading_incompatible (79.2° > 15.0°)
45978,67724,0.2,169.09,heading_incompatible (169.1° > 15.0°)
43295,70247,0.2,89.01,heading_incompatible (89.0° > 15.0°)
47836,59525,19.29,166.17,distance_exceeded (19.3m > 15.0m); heading_incompatible (166.2° > 15.0°)
48788,51824,15.16,37.2,distance_exceeded (15.2m > 15.0m); heading_incompatible (37.2° > 15.0°)
47850,56839,6.03,138.42,heading_incompatible (138.4° > 15.0°)
45561,62666,24.81,64.88,distance_exceeded (24.8m > 15.0m); heading_incompatible (64.9° > 15.0°)
48026,71490,29.52,22.69,distance_exceeded (29.5m > 15.0m); heading_incompatible (22.7° > 15.0°)
49225,53204,18.63,80.78,distance_exceeded (18.6m > 15.0m); heading_incompatible (80.8° > 15.0°)
44127,52772,9.04,74.8,heading_incompatible (74.8° > 15.0°)
42730,53478,31.88,41.37,distance_exceeded (31.9m > 15.0m); heading_incompatible (41.4° > 15.0°)
47017,61696,31.22,53.66,distance_exceeded (31.2m > 15.0m); heading_incompatible (53.7° > 15.0°)
46626,59195,0.52,84.0,heading_incompatible (84.0° > 15.0°)
42122,61668,0.2,152.06,heading_incompatible (152.1° > 15.0°)
47877,64492,48.43,96.02,distance_exceeded (48.4m > 15.0m); heading_incompatible (96.0° > 15.0°)
45822,51951,2.21,95.51,heading_incompatible (95.5° > 15.0°)
41511,56973,5.38,56.06,heading_incompatible (56.1° > 15.0°)
40943,52680,44.23,0.0,distance_exceeded (44.2m > 15.0m)
40273,54180,4.83,89.89,heading_incompatible (89.9° > 15.0°)
48772,67636,17.88,0.0,distance_exceeded (17.9m > 15.0m)
45706,69167,0.2,30.0,heading_incompatible (30.0° > 15.0°)
46658,59374,37.99,72.18,distance_exceeded (38.0m > 15.0m); heading_incompatible (72.2° > 15.0°)
44651,60148,15.61,127.57,distance_exceeded (15.6m > 15.0m); heading_incompatible (127.6° > 15.0°)
42068,61534,20.16,97.27,distance_exceeded (20.2m > 15.0m); heading_incompatible (97.3° > 15.0°)
48946,68188,40.5,63.28,distance_exceeded (40.5m > 15.0m); heading_incompatible (63.3° > 15.0°)
40323,57051,0.2,174.84,heading_incompatible (174.8° > 15.0°)
48554,60714,15.05,17.55,distance_exceeded (15.1m > 15.0m); heading_incompatible (17.6° > 15.0°)
44714,57471,7.16,90.12,heading_incompatible (90.1° > 15.0°)
40860,67775,2.08,38.87,heading_incompatible (38.9° > 15.0°)
40111,50373,29.77,29.27,distance_exceeded (29.8m > 15.0m); heading_incompatible (29.3° > 15.0°)
42561,63969,10.51,75.19,heading_incompatible (75.2° > 15.0°)
47708,51708,11.9,112.02,heading_incompatible (112.0° > 15.0°)
47347,53488,1.25,126.27,heading_incompatible (126.3° > 15.0°)
40328,62448,2.45,121.45,heading_incompatible (121.5° > 15.0°)
47648,51763,4.73,18.8,heading_incompatible (18.8° > 15.0°)
43481,70042,4.57,164.91,heading_incompatible (164.9° > 15.0°)
49385,57322,17.31,0.0,distance_exceeded (17.3m > 15.0m)
42463,53192,33.59,118.76,distance_exceeded (33.6m > 15.0m); heading_incompatible (118.8° > 15.0°)
42972,57058,15.19,178.88,distance_exceeded (15.2m > 15.0m); heading_incompatible (178.9° > 15.0°)
47251,56982,3.14,92.23,heading_incompatible (92.2° > 15.0°)
44528,63361,31.12,0.0,distance_exceeded (31.1m > 15.0m)
40667,54359,31.87,112.21,distance_exceeded (31.9m > 15.0m); heading_incompatible (112.2° > 15.0°)
47474,63476,3.42,18.68,heading_incompatible (18.7° > 15.0°)
44655,64959,22.07,94.47,distance_exceeded (22.1m > 15.0m); heading_incompatible (94.5° > 15.0°)
49246,59822,0.2,52.85,heading_incompatible (52.9° > 15.0°)
45071,57606,8.46,38.69,heading_incompatible (38.7° > 15.0°)
41633,51728,6.7,70.87,heading_incompatible (70.9° > 15.0°)
42374,64404,0.2,84.21,heading_incompatible (84.2° > 15.0°)
44441,50814,15.2,0.0,distance_exceeded (15.2m > 15.0m)
47351,71882,43.21,0.0,distance_exceeded (43.2m > 15.0m)
40511,51266,13.89,73.83,heading_incompatible (73.8° > 15.0°)
46167,55783,0.21,142.72,heading_incompatible (142.7° > 15.0°)
41411,56505,0.2,62.01,heading_incompatible (62.0° > 15.0°)
41941,60548,5.3,17.41,heading_incompatible (17.4° > 15.0°)
47109,70905,3.55,98.51,heading_incompatible (98.5° > 15.0°)
49451,69691,6.85,19.32,heading_incompatible (19.3° > 15.0°)
44497,56253,5.95,162.82,heading_incompatible (162.8° > 15.0°)
45582,69879,41.88,176.76,distance_exceeded (41.9m > 15.0m); heading_incompatible (176.8° > 15.0°)
41514,51227,15.83,48.47,distance_exceeded (15.8m > 15.0m); heading_incompatible (48.5° > 15.0°)
41408,71244,33.09,78.19,distance_exceeded (33.1m > 15.0m); heading_incompatible (78.2° > 15.0°)
47691,59652,1.06,118.17,heading_incompatible (118.2° > 15.0°)
44236,62156,8.26,127.97,heading_incompatible (128.0° > 15.0°)
47473,63473,44.57,0.0,distance_exceeded (44.6m > 15.0m)
46460,68266,6.04,111.03,heading_incompatible (111.0° > 15.0°)
42281,68979,40.98,0.0,distance_exceeded (41.0m > 15.0m)
40921,52713,6.93,177.9,heading_incompatible (177.9° > 15.0°)
45907,53942,1.22,90.36,heading_incompatible (90.4° > 15.0°)
48014,66008,13.37,82.84,heading_incompatible (82.8° > 15.0°)
46444,58027,42.21,0.0,distance_exceeded (42.2m > 15.0m)
46997,57905,37.36,22.47,distance_exceeded (37.4m > 15.0m); heading_incompatible (22.5° > 15.0°)
42859,63068,0.2,170.38,heading_incompatible (170.4° > 15.0°)
45771,52737,8.09,17.36,heading_incompatible (17.4° > 15.0°)
47972,71574,11.67,86.9,heading_incompatible (86.9° > 15.0°)
46351,55996,28.86,165.93,distance_exceeded (28.9m > 15.0m); heading_incompatible (165.9° > 15.0°)
43660,68537,40.93,0.0,distance_exceeded (40.9m > 15.0m)
47318,59641,14.3,140.45,heading_incompatible (140.4° > 15.0°)
43374,71375,18.43,150.45,distance_exceeded (18.4m > 15.0m); heading_incompatible (150.4° > 15.0°)
42740,67739,24.25,113.4,distance_exceeded (24.3m > 15.0m); heading_incompatible (113.4° > 15.0°)
49360,60647,15.22,40.95,distance_exceeded (15.2m > 15.0m); heading_incompatible (41.0° > 15.0°)
43250,66698,35.15,1.4,distance_exceeded (35.1m > 15.0m)
43394,67727,3.18,124.96,heading_incompatible (125.0° > 15.0°)
40246,50619,33.33,4.94,distance_exceeded (33.3m > 15.0m)
45778,71514,34.16,178.07,distance_exceeded (34.2m > 15.0m); heading_incompatible (178.1° > 15.0°)
48432,49801,18.85,3.06,distance_exceeded (18.8m > 15.0m)
41089,54031,5.95,161.43,heading_incompatible (161.4° > 15.0°)
42604,64206,3.84,18.69,heading_incompatible (18.7° > 15.0°)
39906,50008,39.79,154.3,distance_exceeded (39.8m > 15.0m); heading_incompatible (154.3° > 15.0°)
45359,58800,2.78,76.47,heading_incompatible (76.5° > 15.0°)
46063,71702,0.2,19.68,heading_incompatible (19.7° > 15.0°)
44934,70786,0.53,178.21,heading_incompatible (178.2° > 15.0°)
42117,61685,18.57,126.34,distance_exceeded (18.6m > 15.0m); heading_incompatible (126.3° > 15.0°)
43547,56693,25.16,87.51,distance_exceeded (25.2m > 15.0m); heading_incompatible (87.5° > 15.0°)
40138,69027,6.59,61.6,heading_incompatible (61.6° > 15.0°)
45663,54832,19.16,81.39,distance_exceeded (19.2m > 15.0m); heading_incompatible (81.4° > 15.0°)
44628,67139,17.31,101.22,distance_exceeded (17.3m > 15.0m); heading_incompatible (101.2° > 15.0°)
45614,49927,25.54,102.4,distance_exceeded (25.5m > 15.0m); heading_incompatible (102.4° > 15.0°)
45377,51641,40.3,16.76,distance_exceeded (40.3m > 15.0m); heading_incompatible (16.8° > 15.0°)
43160,66828,35.9,0.0,distance_exceeded (35.9m > 15.0m)
40347,57529,20.5,150.72,distance_exceeded (20.5m > 15.0m); heading_incompatible (150.7° > 15.0°)
49583,57166,45.02,164.44,distance_exceeded (45.0m > 15.0m); heading_incompatible (164.4° > 15.0°)
44637,71709,38.41,0.0,distance_exceeded (38.4m > 15.0m)
40593,61528,33.77,0.0,distance_exceeded (33.8m > 15.0m)
45471,70713,0.2,85.8,heading_incompatible (85.8° > 15.0°)
41677,58504,7.73,81.53,heading_incompatible (81.5° > 15.0°)
48844,51577,0.2,127.46,heading_incompatible (127.5° > 15.0°)
41665,71108,24.71,76.44,distance_exceeded (24.7m > 15.0m); heading_incompatible (76.4° > 15.0°)
47488,51993,2.06,164.18,heading_incompatible (164.2° > 15.0°)
43677,65860,22.39,41.17,distance_exceeded (22.4m > 15.0m); heading_incompatible (41.2° > 15.0°)
40676,54804,36.57,101.54,distance_exceeded (36.6m > 15.0m); heading_incompatible (101.5° > 15.0°)
42142,58676,37.13,73.76,distance_exceeded (37.1m > 15.0m); heading_incompatible (73.8° > 15.0°)
47713,64649,27.35,13.02,distance_exceeded (27.4m > 15.0m)
43508,68280,42.43,0.0,distance_exceeded (42.4m > 15.0m)
46469,58067,33.19,0.0,distance_exceeded (33.2m > 15.0m)
42435,50083,0.2,127.54,heading_incompatible (127.5° > 15.0°)
40002,66493,5.95,106.69,heading_incompatible (106.7° > 15.0°)
44692,67857,17.6,80.43,distance_exceeded (17.6m > 15.0m); heading_incompatible (80.4° > 15.0°)
41799,58555,15.69,0.0,distance_exceeded (15.7m > 15.0m)
46519,67481,21.23,0.0,distance_exceeded (21.2m > 15.0m)
47068,61979,27.1,0.0,distance_exceeded (27.1m > 15.0m)
48500,60328,40.87,0.0,distance_exceeded (40.9m > 15.0m)
43970,51741,29.39,170.68,distance_exceeded (29.4m > 15.0m); heading_incompatible (170.7° > 15.0°)
46489,57771,0.2,110.18,heading_incompatible (110.2° > 15.0°)
49265,51632,2.44,113.55,heading_incompatible (113.6° > 15.0°)
49340,53082,25.39,24.2,distance_exceeded (25.4m > 15.0m); heading_incompatible (24.2° > 15.0°)
48764,63881,8.35,28.65,heading_incompatible (28.6° > 15.0°)
40863,52209,2.12,175.2,heading_incompatible (175.2° > 15.0°)
44499,63333,0.2,71.75,heading_incompatible (71.8° > 15.0°)
47331,62815,29.77,0.0,distance_exceeded (29.8m > 15.0m)
40587,61745,41.29,0.0,distance_exceeded (41.3m > 15.0m)
43353,55912,21.15,98.23,distance_exceeded (21.2m > 15.0m); heading_incompatible (98.2° > 15.0°)
47671,70968,15.56,22.25,distance_exceeded (15.6m > 15.0m); heading_incompatible (22.2° > 15.0°)
41960,60606,33.35,0.0,distance_exceeded (33.4m > 15.0m)
43720,51399,10.32,124.88,heading_incompatible (124.9° > 15.0°)
41393,56250,0.2,77.18,heading_incompatible (77.2° > 15.0°)
47779,54748,35.14,140.04,distance_exceeded (35.1m > 15.0m); heading_incompatible (140.0° > 15.0°)
41405,56482,43.49,0.0,distance_exceeded (43.5m > 15.0m)
43831,50730,29.01,0.0,distance_exceeded (29.0m > 15.0m)
49663,51542,11.03,123.09,heading_incompatible (123.1° > 15.0°)
41909,60380,40.09,94.56,distance_exceeded (40.1m > 15.0m); heading_incompatible (94.6° > 15.0°)
44755,70408,34.16,57.99,distance_exceeded (34.2m > 15.0m); heading_incompatible (58.0° > 15.0°)
44369,53703,28.54,162.18,distance_exceeded (28.5m > 15.0m); heading_incompatible (162.2° > 15.0°)
48330,67217,49.5,0.0,distance_exceeded (49.5m > 15.0m)
42015,60850,26.23,170.33,distance_exceeded (26.2m > 15.0m); heading_incompatible (170.3° > 15.0°)
42028,61103,32.28,0.0,distance_exceeded (32.3m > 15.0m)
40348,66800,19.15,146.68,distance_exceeded (19.2m > 15.0m); heading_incompatible (146.7° > 15.0°)
48837,61753,2.12,126.72,heading_incompatible (126.7° > 15.0°)
43943,51700,9.86,80.6,heading_incompatible (80.6° > 15.0°)
48306,66977,10.81,17.0,heading_incompatible (17.0° > 15.0°)
47867,65972,27.21,65.92,distance_exceeded (27.2m > 15.0m); heading_incompatible (65.9° > 15.0°)
41051,53625,7.46,84.5,heading_incompatible (84.5° > 15.0°)
46600,58270,46.54,57.79,distance_exceeded (46.5m > 15.0m); heading_incompatible (57.8° > 15.0°)
49466,69092,15.43,0.0,distance_exceeded (15.4m > 15.0m)
44560,49906,11.79,111.24,heading_incompatible (111.2° > 15.0°)
42684,59989,17.16,0.0,distance_exceeded (17.2m > 15.0m)
43981,72465,5.02,26.01,heading_incompatible (26.0° > 15.0°)
48379,70322,0.2,113.16,heading_incompatible (113.2° > 15.0°)
40546,52033,1.15,105.48,heading_incompatible (105.5° > 15.0°)
42524,54593,15.2,85.28,distance_exceeded (15.2m > 15.0m); heading_incompatible (85.3° > 15.0°)
47701,50827,30.42,0.0,distance_exceeded (30.4m > 15.0m)
47099,62108,34.87,20.19,distance_exceeded (34.9m > 15.0m); heading_incompatible (20.2° > 15.0°)
43951,54000,8.01,152.22,heading_incompatible (152.2° > 15.0°)
46035,55130,20.0,0.0,distance_exceeded (20.0m > 15.0m)
46252,56492,43.49,0.0,distance_exceeded (43.5m > 15.0m)
47456,66123,13.74,19.03,heading_incompatible (19.0° > 15.0°)
45356,63495,31.54,177.09,distance_exceeded (31.5m > 15.0m); heading_incompatible (177.1° > 15.0°)
42228,53424,16.79,116.49,distance_exceeded (16.8m > 15.0m); heading_incompatible (116.5° > 15.0°)
43331,66647,0.2,179.84,heading_incompatible (179.8° > 15.0°)
43676,68544,39.74,0.0,distance_exceeded (39.7m > 15.0m)
46249,56470,46.82,7.94,distance_exceeded (46.8m > 15.0m)
45601,61819,2.39,97.13,heading_incompatible (97.1° > 15.0°)
45529,69324,2.59,82.54,heading_incompatible (82.5° > 15.0°)
46575,58898,30.01,12.7,distance_exceeded (30.0m > 15.0m)
41092,54929,40.47,158.1,distance_exceeded (40.5m > 15.0m); heading_incompatible (158.1° > 15.0°)
40308,60138,25.23,0.0,distance_exceeded (25.2m > 15.0m)
43186,66982,42.62,0.0,distance_exceeded (42.6m > 15.0m)
45493,53752,30.25,111.53,distance_exceeded (30.2m > 15.0m); heading_incompatible (111.5° > 15.0°)
44023,60909,33.65,60.35,distance_exceeded (33.6m > 15.0m); heading_incompatible (60.3° > 15.0°)
45019,49877,28.35,104.79,distance_exceeded (28.4m > 15.0m); heading_incompatible (104.8° > 15.0°)
41327,55897,0.2,16.72,heading_incompatible (16.7° > 15.0°)
47457,57883,28.91,12.89,distance_exceeded (28.9m > 15.0m)
40680,52570,25.14,110.65,distance_exceeded (25.1m > 15.0m); heading_incompatible (110.6° > 15.0°)
44124,50735,23.27,69.05,distance_exceeded (23.3m > 15.0m); heading_incompatible (69.0° > 15.0°)
48193,66984,42.08,0.0,distance_exceeded (42.1m > 15.0m)
44679,68572,15.06,62.36,distance_exceeded (15.1m > 15.0m); heading_incompatible (62.4° > 15.0°)
45248,62096,15.35,0.0,distance_exceeded (15.3m > 15.0m)
41371,56299,0.2,68.76,heading_incompatible (68.8° > 15.0°)
43772,59217,32.56,47.31,distance_exceeded (32.6m > 15.0m); heading_incompatible (47.3° > 15.0°)
48130,66239,7.82,90.07,heading_incompatible (90.1° > 15.0°)
44935,64263,0.2,173.2,heading_incompatible (173.2° > 15.0°)
49051,64675,19.68,0.0,distance_exceeded (19.7m > 15.0m)
41065,53868,0.2,31.99,heading_incompatible (32.0° > 15.0°)
41815,59638,24.68,130.48,distance_exceeded (24.7m > 15.0m); heading_incompatible (130.5° > 15.0°)
48973,65684,0.29,120.6,heading_incompatible (120.6° > 15.0°)
40342,56186,21.76,0.0,distance_exceeded (21.8m > 15.0m)
43766,70613,27.4,59.41,distance_exceeded (27.4m > 15.0m); heading_incompatible (59.4° > 15.0°)
48534,67641,12.93,172.7,heading_incompatible (172.7° > 15.0°)
41853,59967,41.72,6.39,distance_exceeded (41.7m > 15.0m)
40258,62470,23.62,0.0,distance_exceeded (23.6m > 15.0m)
44046,52488,15.93,164.93,distance_exceeded (15.9m > 15.0m); heading_incompatible (164.9° > 15.0°)
47175,61451,39.95,73.78,distance_exceeded (39.9m > 15.0m); heading_incompatible (73.8° > 15.0°)
40652,54377,1.26,54.82,heading_incompatible (54.8° > 15.0°)
47496,57484,30.5,92.96,distance_exceeded (30.5m > 15.0m); heading_incompatible (93.0° > 15.0°)
40303,55328,7.87,78.58,heading_incompatible (78.6° > 15.0°)
40998,52979,9.82,81.86,heading_incompatible (81.9° > 15.0°)
47926,62053,20.23,28.27,distance_exceeded (20.2m > 15.0m); heading_incompatible (28.3° > 15.0°)
42623,65217,37.88,0.0,distance_exceeded (37.9m > 15.0m)
44267,62095,4.84,72.93,heading_incompatible (72.9° > 15.0°)
43129,66645,33.14,95.41,distance_exceeded (33.1m > 15.0m); heading_incompatible (95.4° > 15.0°)
49171,69555,30.52,1.88,distance_exceeded (30.5m > 15.0m)
44313,50424,2.99,104.34,heading_incompatible (104.3° > 15.0°)
48933,67883,42.81,162.02,distance_exceeded (42.8m > 15.0m); heading_incompatible (162.0° > 15.0°)
43920,69517,18.39,95.46,distance_exceeded (18.4m > 15.0m); heading_incompatible (95.5° > 15.0°)
43155,66809,19.06,77.41,distance_exceeded (19.1m > 15.0m); heading_incompatible (77.4° > 15.0°)
48453,51776,12.58,132.74,heading_incompatible (132.7° > 15.0°)
49351,61811,18.78,0.0,distance_exceeded (18.8m > 15.0m)
48620,55853,0.2,176.01,heading_incompatible (176.0° > 15.0°)
43389,65749,24.13,81.53,distance_exceeded (24.1m > 15.0m); heading_incompatible (81.5° > 15.0°)
41513,70244,28.15,1.22,distance_exceeded (28.2m > 15.0m)
48360,67362,47.4,97.9,distance_exceeded (47.4m > 15.0m); heading_incompatible (97.9° > 15.0°)
40930,51517,25.08,0.0,distance_exceeded (25.1m > 15.0m)
45083,67088,29.95,91.43,distance_exceeded (29.9m > 15.0m); heading_incompatible (91.4° > 15.0°)
44608,52088,27.47,0.0,distance_exceeded (27.5m > 15.0m)
47868,64586,0.2,167.55,heading_incompatible (167.6° > 15.0°)
41109,54841,29.06,86.92,distance_exceeded (29.1m > 15.0m); heading_incompatible (86.9° > 15.0°)
46404,58035,23.74,81.62,distance_exceeded (23.7m > 15.0m); heading_incompatible (81.6° > 15.0°)
40658,53359,20.76,37.42,distance_exceeded (20.8m > 15.0m); heading_incompatible (37.4° > 15.0°)
43517,53509,48.76,149.79,distance_exceeded (48.8m > 15.0m); heading_incompatible (149.8° > 15.0°)
42519,54583,2.7,96.03,heading_incompatible (96.0° > 15.0°)
46975,61898,25.83,4.89,distance_exceeded (25.8m > 15.0m)
44014,60920,25.54,153.13,distance_exceeded (25.5m > 15.0m); heading_incompatible (153.1° > 15.0°)
47989,65977,23.75,145.38,distance_exceeded (23.8m > 15.0m); heading_incompatible (145.4° > 15.0°)
47593,64226,14.39,20.73,heading_incompatible (20.7° > 15.0°)
44457,65817,30.71,0.0,distance_exceeded (30.7m > 15.0m)
42891,65845,7.25,85.8,heading_incompatible (85.8° > 15.0°)
47307,64439,37.43,17.32,distance_exceeded (37.4m > 15.0m); heading_incompatible (17.3° > 15.0°)
46960,61536,17.5,0.0,distance_exceeded (17.5m > 15.0m)
41689,54435,0.2,46.28,heading_incompatible (46.3° > 15.0°)
43324,50516,12.52,92.79,heading_incompatible (92.8° > 15.0°)
43469,68129,30.24,0.0,distance_exceeded (30.2m > 15.0m)
40831,52113,34.97,103.8,distance_exceeded (35.0m > 15.0m); heading_incompatible (103.8° > 15.0°)
49252,68788,16.3,0.0,distance_exceeded (16.3m > 15.0m)
42396,62968,16.83,93.4,distance_exceeded (16.8m > 15.0m); heading_incompatible (93.4° > 15.0°)
40990,65641,12.24,32.92,heading_incompatible (32.9° > 15.0°)
45993,61240,46.46,163.35,distance_exceeded (46.5m > 15.0m); heading_incompatible (163.3° > 15.0°)
40662,55579,2.2,179.01,heading_incompatible (179.0° > 15.0°)
43037,66233,32.89,88.44,distance_exceeded (32.9m > 15.0m); heading_incompatible (88.4° > 15.0°)
44658,49934,0.47,71.32,heading_incompatible (71.3° > 15.0°)
49013,51866,22.7,72.13,distance_exceeded (22.7m > 15.0m); heading_incompatible (72.1° > 15.0°)
44381,63704,1.96,173.18,heading_incompatible (173.2° > 15.0°)
39975,50431,12.27,137.93,heading_incompatible (137.9° > 15.0°)
47637,71845,27.71,0.0,distance_exceeded (27.7m > 15.0m)
43265,65840,8.14,34.63,heading_incompatible (34.6° > 15.0°)
44700,69417,2.64,22.51,heading_incompatible (22.5° > 15.0°)
47522,66325,16.39,170.73,distance_exceeded (16.4m > 15.0m); heading_incompatible (170.7° > 15.0°)
46116,54716,7.31,124.6,heading_incompatible (124.6° > 15.0°)
41174,54867,48.45,4.25,distance_exceeded (48.4m > 15.0m)
40109,71715,23.93,0.0,distance_exceeded (23.9m > 15.0m)
42110,61652,2.24,34.49,heading_incompatible (34.5° > 15.0°)
45196,51077,4.24,107.04,heading_incompatible (107.0° > 15.0°)
48375,70105,31.52,178.22,distance_exceeded (31.5m > 15.0m); heading_incompatible (178.2° > 15.0°)
48411,50551,0.2,135.46,heading_incompatible (135.5° > 15.0°)
40356,66767,12.86,144.81,heading_incompatible (144.8° > 15.0°)
43269,68085,0.2,90.74,heading_incompatible (90.7° > 15.0°)
42503,51992,4.1,137.22,heading_incompatible (137.2° > 15.0°)
40570,51091,28.28,159.09,distance_exceeded (28.3m > 15.0m); heading_incompatible (159.1° > 15.0°)
42081,52036,40.65,0.0,distance_exceeded (40.7m > 15.0m)
40933,52393,7.57,70.77,heading_incompatible (70.8° > 15.0°)
40074,55041,10.05,124.29,heading_incompatible (124.3° > 15.0°)
44488,64604,12.28,73.58,heading_incompatible (73.6° > 15.0°)
42673,54306,7.19,148.6,heading_incompatible (148.6° > 15.0°)
43260,70581,2.13,65.48,heading_incompatible (65.5° > 15.0°)
47832,59309,3.33,18.41,heading_incompatible (18.4° > 15.0°)
43846,60771,23.55,56.5,distance_exceeded (23.6m > 15.0m); heading_incompatible (56.5° > 15.0°)
49134,68688,10.3,124.65,heading_incompatible (124.6° > 15.0°)
41299,71167,21.44,0.0,distance_exceeded (21.4m > 15.0m)
42725,64846,45.48,0.0,distance_exceeded (45.5m > 15.0m)
47258,71810,32.33,43.31,distance_exceeded (32.3m > 15.0m); heading_incompatible (43.3° > 15.0°)
41293,55676,47.35,0.0,distance_exceeded (47.3m > 15.0m)
42308,62556,26.69,172.05,distance_exceeded (26.7m > 15.0m); heading_incompatible (172.0° > 15.0°)
43471,66548,22.49,0.0,distance_exceeded (22.5m > 15.0m)
41164,53036,4.74,153.68,heading_incompatible (153.7° > 15.0°)
45810,51428,1.65,93.2,heading_incompatible (93.2° > 15.0°)
41865,60040,18.5,91.91,distance_exceeded (18.5m > 15.0m); heading_incompatible (91.9° > 15.0°)
40098,59533,9.67,79.57,heading_incompatible (79.6° > 15.0°)
42202,57857,36.22,0.0,distance_exceeded (36.2m > 15.0m)
42223,50997,15.91,0.0,distance_exceeded (15.9m > 15.0m)
45032,71777,6.37,19.25,heading_incompatible (19.3° > 15.0°)
40794,62467,36.66,0.0,distance_exceeded (36.7m > 15.0m)
45058,50890,47.81,10.22,distance_exceeded (47.8m > 15.0m)
46474,67989,30.6,7.19,distance_exceeded (30.6m > 15.0m)
41394,56426,46.55,0.0,distance_exceeded (46.6m > 15.0m)
40427,60220,21.05,36.35,distance_exceeded (21.1m > 15.0m); heading_incompatible (36.3° > 15.0°)
47581,64131,35.41,0.0,distance_exceeded (35.4m > 15.0m)
49723,49839,30.4,0.0,distance_exceeded (30.4m > 15.0m)
47955,66014,16.41,88.74,distance_exceeded (16.4m > 15.0m); heading_incompatible (88.7° > 15.0°)
45599,62484,36.66,0.0,distance_exceeded (36.7m > 15.0m)
43248,67332,21.71,5.25,distance_exceeded (21.7m > 15.0m)
49254,68790,3.33,175.86,heading_incompatible (175.9° > 15.0°)
41639,70402,29.68,81.95,distance_exceeded (29.7m > 15.0m); heading_incompatible (81.9° > 15.0°)
47871,63228,6.19,164.15,heading_incompatible (164.1° > 15.0°)
42573,64050,11.98,164.9,heading_incompatible (164.9° > 15.0°)
45343,61457,41.63,0.0,distance_exceeded (41.6m > 15.0m)
47054,69362,35.23,113.82,distance_exceeded (35.2m > 15.0m); heading_incompatible (113.8° > 15.0°)
44190,62760,42.05,0.0,distance_exceeded (42.0m > 15.0m)
40631,66833,1.5,108.18,heading_incompatible (108.2° > 15.0°)
43770,59022,25.12,166.32,distance_exceeded (25.1m > 15.0m); heading_incompatible (166.3° > 15.0°)
45179,53589,23.49,39.06,distance_exceeded (23.5m > 15.0m); heading_incompatible (39.1° > 15.0°)
49141,50338,32.99,100.21,distance_exceeded (33.0m > 15.0m); heading_incompatible (100.2° > 15.0°)
46525,55216,40.67,135.55,distance_exceeded (40.7m > 15.0m); heading_incompatible (135.6° > 15.0°)
44402,69055,6.97,40.94,heading_incompatible (40.9° > 15.0°)
42818,52941,5.24,152.4,heading_incompatible (152.4° > 15.0°)
47753,68988,11.46,149.83,heading_incompatible (149.8° > 15.0°)
48780,69792,29.15,48.77,distance_exceeded (29.2m > 15.0m); heading_incompatible (48.8° > 15.0°)
41780,59058,44.49,103.02,distance_exceeded (44.5m > 15.0m); heading_incompatible (103.0° > 15.0°)
46829,60498,23.41,95.94,distance_exceeded (23.4m > 15.0m); heading_incompatible (95.9° > 15.0°)
49347,68883,18.74,0.0,distance_exceeded (18.7m > 15.0m)
48717,55565,23.75,155.18,distance_exceeded (23.8m > 15.0m); heading_incompatible (155.2° > 15.0°)
42483,63451,8.83,79.39,heading_incompatible (79.4° > 15.0°)
42571,64029,23.26,93.65,distance_exceeded (23.3m > 15.0m); heading_incompatible (93.7° > 15.0°)
44517,58454,0.2,176.28,heading_incompatible (176.3° > 15.0°)
44815,50837,19.72,117.02,distance_exceeded (19.7m > 15.0m); heading_incompatible (117.0° > 15.0°)
45403,59414,20.84,171.01,distance_exceeded (20.8m > 15.0m); heading_incompatible (171.0° > 15.0°)
46363,51230,27.1,0.0,distance_exceeded (27.1m > 15.0m)
46322,51340,0.2,28.37,heading_incompatible (28.4° > 15.0°)
42960,59577,25.58,0.0,distance_exceeded (25.6m > 15.0m)
46749,60043,34.35,4.39,distance_exceeded (34.4m > 15.0m)
48198,68457,0.2,109.2,heading_incompatible (109.2° > 15.0°)
41852,59371,22.26,0.0,distance_exceeded (22.3m > 15.0m)
47866,54162,36.06,170.43,distance_exceeded (36.1m > 15.0m); heading_incompatible (170.4° > 15.0°)
46122,55479,20.59,91.17,distance_exceeded (20.6m > 15.0m); heading_incompatible (91.2° > 15.0°)
41400,56435,41.36,0.0,distance_exceeded (41.4m > 15.0m)
40482,57544,0.43,152.74,heading_incompatible (152.7° > 15.0°)
42772,65149,33.08,95.03,distance_exceeded (33.1m > 15.0m); heading_incompatible (95.0° > 15.0°)
41024,53293,14.16,161.85,heading_incompatible (161.8° > 15.0°)
43049,63424,47.04,12.73,distance_exceeded (47.0m > 15.0m)
49342,72364,0.2,49.85,heading_incompatible (49.9° > 15.0°)
44365,71319,38.32,8.77,distance_exceeded (38.3m > 15.0m)
45814,55236,1.37,146.99,heading_incompatible (147.0° > 15.0°)
44984,63388,34.24,111.33,distance_exceeded (34.2m > 15.0m); heading_incompatible (111.3° > 15.0°)
39857,54904,26.37,179.65,distance_exceeded (26.4m > 15.0m); heading_incompatible (179.7° > 15.0°)
48895,56271,33.27,104.42,distance_exceeded (33.3m > 15.0m); heading_incompatible (104.4° > 15.0°)
49180,52453,2.87,106.03,heading_incompatible (106.0° > 15.0°)
40107,61089,0.2,77.19,heading_incompatible (77.2° > 15.0°)
42752,65474,6.03,124.05,heading_incompatible (124.1° > 15.0°)
39930,69218,16.51,0.0,distance_exceeded (16.5m > 15.0m)
40880,52122,36.29,123.7,distance_exceeded (36.3m > 15.0m); heading_incompatible (123.7° > 15.0°)
46343,57398,9.35,61.32,heading_incompatible (61.3° > 15.0°)
43058,62792,1.06,118.81,heading_incompatible (118.8° > 15.0°)
40165,62318,28.2,146.99,distance_exceeded (28.2m > 15.0m); heading_incompatible (147.0° > 15.0°)
49126,61647,22.97,123.51,distance_exceeded (23.0m > 15.0m); heading_incompatible (123.5° > 15.0°)
43539,57642,30.35,118.13,distance_exceeded (30.4m > 15.0m); heading_incompatible (118.1° > 15.0°)
42605,62772,11.23,153.94,heading_incompatible (153.9° > 15.0°)
47117,57862,25.41,77.45,distance_exceeded (25.4m > 15.0m); heading_incompatible (77.4° > 15.0°)
45130,63492,12.13,89.63,heading_incompatible (89.6° > 15.0°)
42568,64009,34.73,0.0,distance_exceeded (34.7m > 15.0m)
46752,60061,39.44,0.21,distance_exceeded (39.4m > 15.0m)
46636,59248,44.28,0.0,distance_exceeded (44.3m > 15.0m)
43783,68938,4.77,34.68,heading_incompatible (34.7° > 15.0°)
47125,50328,26.14,135.1,distance_exceeded (26.1m > 15.0m); heading_incompatible (135.1° > 15.0°)
44972,69351,0.95,29.6,heading_incompatible (29.6° > 15.0°)
40371,50873,45.07,0.0,distance_exceeded (45.1m > 15.0m)
48044,56992,34.61,178.83,distance_exceeded (34.6m > 15.0m); heading_incompatible (178.8° > 15.0°)
48118,64955,18.95,24.52,distance_exceeded (18.9m > 15.0m); heading_incompatible (24.5° > 15.0°)
44711,66388,34.71,145.67,distance_exceeded (34.7m > 15.0m); heading_incompatible (145.7° > 15.0°)
41189,71049,43.3,169.74,distance_exceeded (43.3m > 15.0m); heading_incompatible (169.7° > 15.0°)
46055,55031,39.2,85.03,distance_exceeded (39.2m > 15.0m); heading_incompatible (85.0° > 15.0°)
41701,58703,29.06,6.68,distance_exceeded (29.1m > 15.0m)
46009,54857,45.84,110.22,distance_exceeded (45.8m > 15.0m); heading_incompatible (110.2° > 15.0°)
49326,56154,0.2,65.15,heading_incompatible (65.2° > 15.0°)
43541,58543,27.59,62.16,distance_exceeded (27.6m > 15.0m); heading_incompatible (62.2° > 15.0°)
46317,57267,44.13,101.55,distance_exceeded (44.1m > 15.0m); heading_incompatible (101.5° > 15.0°)
43567,68496,10.16,179.19,heading_incompatible (179.2° > 15.0°)
47013,61662,29.36,0.0,distance_exceeded (29.4m > 15.0m)
45386,51683,15.71,104.74,distance_exceeded (15.7m > 15.0m); heading_incompatible (104.7° > 15.0°)
45689,65120,6.31,166.36,heading_incompatible (166.4° > 15.0°)
44333,69648,27.42,106.02,distance_exceeded (27.4m > 15.0m); heading_incompatible (106.0° > 15.0°)
44958,55342,0.2,61.76,heading_incompatible (61.8° > 15.0°)
48066,59250,20.29,101.0,distance_exceeded (20.3m > 15.0m); heading_incompatible (101.0° > 15.0°)
49566,71910,15.03,96.7,distance_exceeded (15.0m > 15.0m); heading_incompatible (96.7° > 15.0°)
47525,58339,30.54,0.0,distance_exceeded (30.5m > 15.0m)
47572,71960,0.27,138.17,heading_incompatible (138.2° > 15.0°)
49423,69011,0.2,175.05,heading_incompatible (175.1° > 15.0°)
47677,71626,34.68,0.0,distance_exceeded (34.7m > 15.0m)
47704,57465,0.2,29.23,heading_incompatible (29.2° > 15.0°)
42526,54585,27.43,0.0,distance_exceeded (27.4m > 15.0m)
47889,55295,43.24,4.58,distance_exceeded (43.2m > 15.0m)
47144,67696,37.04,0.0,distance_exceeded (37.0m > 15.0m)
45060,50878,36.99,0.0,distance_exceeded (37.0m > 15.0m)
49155,68771,4.47,99.32,heading_incompatible (99.3° > 15.0°)
45970,54859,0.39,89.26,heading_incompatible (89.3° > 15.0°)
44642,57312,0.21,91.87,heading_incompatible (91.9° > 15.0°)
47056,61848,7.85,98.48,heading_incompatible (98.5° > 15.0°)
45792,70767,11.71,19.88,heading_incompatible (19.9° > 15.0°)
42432,58356,6.83,112.61,heading_incompatible (112.6° > 15.0°)
40753,61891,45.39,16.63,distance_exceeded (45.4m > 15.0m); heading_incompatible (16.6° > 15.0°)
45786,52810,45.1,0.0,distance_exceeded (45.1m > 15.0m)
47430,63217,0.2,35.72,heading_incompatible (35.7° > 15.0°)
48845,55386,2.18,127.02,heading_incompatible (127.0° > 15.0°)
46980,61568,40.65,0.0,distance_exceeded (40.7m > 15.0m)
42431,59578,16.31,0.0,distance_exceeded (16.3m > 15.0m)
45457,55623,31.51,2.01,distance_exceeded (31.5m > 15.0m)
41561,63945,2.63,102.3,heading_incompatible (102.3° > 15.0°)
43102,64602,16.89,109.4,distance_exceeded (16.9m > 15.0m); heading_incompatible (109.4° > 15.0°)
48942,60205,3.68,89.26,heading_incompatible (89.3° > 15.0°)
47205,62306,24.68,0.0,distance_exceeded (24.7m > 15.0m)
46333,69387,15.3,0.0,distance_exceeded (15.3m > 15.0m)
43304,57069,23.32,135.15,distance_exceeded (23.3m > 15.0m); heading_incompatible (135.1° > 15.0°)
42154,61518,8.03,116.77,heading_incompatible (116.8° > 15.0°)
42749,52052,13.21,175.52,heading_incompatible (175.5° > 15.0°)
45217,51256,6.04,99.6,heading_incompatible (99.6° > 15.0°)
48146,64449,40.06,0.0,distance_exceeded (40.1m > 15.0m)
42927,67142,31.94,79.5,distance_exceeded (31.9m > 15.0m); heading_incompatible (79.5° > 15.0°)
42313,62598,49.24,0.0,distance_exceeded (49.2m > 15.0m)
40542,70264,5.83,96.32,heading_incompatible (96.3° > 15.0°)
39919,71289,10.45,115.57,heading_incompatible (115.6° > 15.0°)
47745,56057,23.53,0.0,distance_exceeded (23.5m > 15.0m)
42589,64107,38.98,176.74,distance_exceeded (39.0m > 15.0m); heading_incompatible (176.7° > 15.0°)
40659,53324,0.2,56.46,heading_incompatible (56.5° > 15.0°)
45577,67680,2.01,61.36,heading_incompatible (61.4° > 15.0°)
45927,54028,31.4,19.37,distance_exceeded (31.4m > 15.0m); heading_incompatible (19.4° > 15.0°)
41216,55012,31.26,162.63,distance_exceeded (31.3m > 15.0m); heading_incompatible (162.6° > 15.0°)
46515,55187,35.66,0.0,distance_exceeded (35.7m > 15.0m)
47090,62071,19.09,174.46,distance_exceeded (19.1m > 15.0m); heading_incompatible (174.5° > 15.0°)
40653,67909,13.38,38.34,heading_incompatible (38.3° > 15.0°)
44641,57303,0.2,143.68,heading_incompatible (143.7° > 15.0°)
42706,64687,6.71,137.1,heading_incompatible (137.1° > 15.0°)
42166,61954,49.95,164.8,distance_exceeded (50.0m > 15.0m); heading_incompatible (164.8° > 15.0°)
49090,62407,6.29,60.54,heading_incompatible (60.5° > 15.0°)
46058,54717,19.0,45.78,distance_exceeded (19.0m > 15.0m); heading_incompatible (45.8° > 15.0°)
43173,65800,33.17,155.19,distance_exceeded (33.2m > 15.0m); heading_incompatible (155.2° > 15.0°)
43067,66362,18.07,0.0,distance_exceeded (18.1m > 15.0m)
41391,71221,0.82,133.82,heading_incompatible (133.8° > 15.0°)
46319,50644,0.2,172.29,heading_incompatible (172.3° > 15.0°)
45853,67920,22.18,143.81,distance_exceeded (22.2m > 15.0m); heading_incompatible (143.8° > 15.0°)
43436,56026,7.22,94.05,heading_incompatible (94.1° > 15.0°)
43863,58363,0.2,100.76,heading_incompatible (100.8° > 15.0°)
41494,55924,4.23,157.68,heading_incompatible (157.7° > 15.0°)
45392,55789,42.16,40.63,distance_exceeded (42.2m > 15.0m); heading_incompatible (40.6° > 15.0°)
46584,58984,0.2,111.85,heading_incompatible (111.8° > 15.0°)
48399,60264,1.14,36.04,heading_incompatible (36.0° > 15.0°)
45464,51885,0.2,29.14,heading_incompatible (29.1° > 15.0°)
44523,53371,5.95,54.42,heading_incompatible (54.4° > 15.0°)
40923,70709,0.87,177.44,heading_incompatible (177.4° > 15.0°)
45453,53335,25.45,125.2,distance_exceeded (25.5m > 15.0m); heading_incompatible (125.2° > 15.0°)
44255,56183,15.15,163.18,distance_exceeded (15.2m > 15.0m); heading_incompatible (163.2° > 15.0°)
43525,60343,22.16,109.12,distance_exceeded (22.2m > 15.0m); heading_incompatible (109.1° > 15.0°)
45398,70535,1.06,124.74,heading_incompatible (124.7° > 15.0°)
43499,51176,35.57,162.61,distance_exceeded (35.6m > 15.0m); heading_incompatible (162.6° > 15.0°)
42460,55627,22.8,88.49,distance_exceeded (22.8m > 15.0m); heading_incompatible (88.5° > 15.0°)
49137,50709,8.33,59.03,heading_incompatible (59.0° > 15.0°)
49085,56608,20.81,21.69,distance_exceeded (20.8m > 15.0m); heading_incompatible (21.7° > 15.0°)
44704,50450,23.89,0.0,distance_exceeded (23.9m > 15.0m)
41430,56701,9.06,167.98,heading_incompatible (168.0° > 15.0°)
40694,53553,0.89,76.57,heading_incompatible (76.6° > 15.0°)
48677,68223,30.77,103.52,distance_exceeded (30.8m > 15.0m); heading_incompatible (103.5° > 15.0°)
44694,67411,14.1,137.45,heading_incompatible (137.5° > 15.0°)
49227,63272,0.2,75.75,heading_incompatible (75.8° > 15.0°)
43165,66864,48.2,0.0,distance_exceeded (48.2m > 15.0m)
40229,63894,16.43,0.0,distance_exceeded (16.4m > 15.0m)
45973,52581,1.8,158.06,heading_incompatible (158.1° > 15.0°)
47392,63017,25.32,81.27,distance_exceeded (25.3m > 15.0m); heading_incompatible (81.3° > 15.0°)
42184,63965,28.49,42.48,distance_exceeded (28.5m > 15.0m); heading_incompatible (42.5° > 15.0°)
46527,60092,0.2,151.46,heading_incompatible (151.5° > 15.0°)
40533,63189,17.16,0.0,distance_exceeded (17.2m > 15.0m)
44685,50398,7.06,159.75,heading_incompatible (159.8° > 15.0°)
40181,60747,42.06,0.0,distance_exceeded (42.1m > 15.0m)
41203,55053,37.07,7.42,distance_exceeded (37.1m > 15.0m)
44243,63811,9.02,161.8,heading_incompatible (161.8° > 15.0°)
47956,67567,11.9,111.78,heading_incompatible (111.8° > 15.0°)
44969,57018,1.03,20.67,heading_incompatible (20.7° > 15.0°)
44017,70723,5.95,53.51,heading_incompatible (53.5° > 15.0°)
47311,54438,0.2,164.08,heading_incompatible (164.1° > 15.0°)
47954,57686,5.46,47.26,heading_incompatible (47.3° > 15.0°)
44769,60748,0.2,31.73,heading_incompatible (31.7° > 15.0°)
40199,67148,23.83,97.86,distance_exceeded (23.8m > 15.0m); heading_incompatible (97.9° > 15.0°)
48907,63739,7.92,84.82,heading_incompatible (84.8° > 15.0°)
42411,63004,29.25,23.49,distance_exceeded (29.2m > 15.0m); heading_incompatible (23.5° > 15.0°)
49644,62127,46.72,112.1,distance_exceeded (46.7m > 15.0m); heading_incompatible (112.1° > 15.0°)
47781,65127,2.25,94.63,heading_incompatible (94.6° > 15.0°)
49258,64616,15.3,154.14,distance_exceeded (15.3m > 15.0m); heading_incompatible (154.1° > 15.0°)
41095,53686,11.37,108.08,heading_incompatible (108.1° > 15.0°)
49199,64669,0.2,127.49,heading_incompatible (127.5° > 15.0°)
44941,49808,33.65,0.0,distance_exceeded (33.6m > 15.0m)
41992,60789,30.71,0.0,distance_exceeded (30.7m > 15.0m)
48972,54075,1.25,92.95,heading_incompatible (93.0° > 15.0°)
47436,55578,13.0,88.48,heading_incompatible (88.5° > 15.0°)
49284,59243,29.55,58.57,distance_exceeded (29.5m > 15.0m); heading_incompatible (58.6° > 15.0°)
46416,63948,11.63,78.08,heading_incompatible (78.1° > 15.0°)
43892,52237,4.46,70.29,heading_incompatible (70.3° > 15.0°)
49327,69229,0.2,47.98,heading_incompatible (48.0° > 15.0°)
42550,64821,25.26,93.18,distance_exceeded (25.3m > 15.0m); heading_incompatible (93.2° > 15.0°)
44507,65849,32.94,178.35,distance_exceeded (32.9m > 15.0m); heading_incompatible (178.3° > 15.0°)
47897,49893,3.54,179.72,heading_incompatible (179.7° > 15.0°)
40495,50499,25.78,1.63,distance_exceeded (25.8m > 15.0m)
41651,58580,0.2,90.2,heading_incompatible (90.2° > 15.0°)
47756,51364,0.2,57.59,heading_incompatible (57.6° > 15.0°)
46897,60952,17.98,177.98,distance_exceeded (18.0m > 15.0m); heading_incompatible (178.0° > 15.0°)
48954,56633,0.2,69.23,heading_incompatible (69.2° > 15.0°)
39834,52009,0.2,150.59,heading_incompatible (150.6° > 15.0°)
42624,62790,24.4,0.0,distance_exceeded (24.4m > 15.0m)
47326,62859,11.63,143.48,heading_incompatible (143.5° > 15.0°)
46589,63548,0.2,162.14,heading_incompatible (162.1° > 15.0°)
41356,56119,0.2,91.33,heading_incompatible (91.3° > 15.0°)
47828,65048,2.36,146.56,heading_incompatible (146.6° > 15.0°)
43618,53068,18.03,149.32,distance_exceeded (18.0m > 15.0m); heading_incompatible (149.3° > 15.0°)
41175,54875,10.99,21.8,heading_incompatible (21.8° > 15.0°)
44150,63770,9.91,176.56,heading_incompatible (176.6° > 15.0°)
40171,62801,28.72,163.58,distance_exceeded (28.7m > 15.0m); heading_incompatible (163.6° > 15.0°)
45127,57505,5.22,161.88,heading_incompatible (161.9° > 15.0°)
48827,56255,0.2,68.45,heading_incompatible (68.4° > 15.0°)
41328,55890,4.88,16.24,heading_incompatible (16.2° > 15.0°)
49073,51650,16.63,18.66,distance_exceeded (16.6m > 15.0m); heading_incompatible (18.7° > 15.0°)
46084,53413,0.2,83.35,heading_incompatible (83.3° > 15.0°)
46064,54121,1.42,88.21,heading_incompatible (88.2° > 15.0°)
45475,52595,12.16,76.3,heading_incompatible (76.3° > 15.0°)
48167,66370,34.76,107.47,distance_exceeded (34.8m > 15.0m); heading_incompatible (107.5° > 15.0°)
41845,59981,7.92,89.93,heading_incompatible (89.9° > 15.0°)
45864,54349,0.2,96.2,heading_incompatible (96.2° > 15.0°)
42250,62246,40.63,90.78,distance_exceeded (40.6m > 15.0m); heading_incompatible (90.8° > 15.0°)
48127,56893,38.9,9.39,distance_exceeded (38.9m > 15.0m)
45556,61889,35.9,0.0,distance_exceeded (35.9m > 15.0m)
43022,50355,20.21,28.92,distance_exceeded (20.2m > 15.0m); heading_incompatible (28.9° > 15.0°)
42738,59355,16.75,55.41,distance_exceeded (16.7m > 15.0m); heading_incompatible (55.4° > 15.0°)
49665,56667,28.49,81.16,distance_exceeded (28.5m > 15.0m); heading_incompatible (81.2° > 15.0°)
41989,60768,0.2,152.84,heading_incompatible (152.8° > 15.0°)
43091,66949,9.63,88.05,heading_incompatible (88.0° > 15.0°)
41491,62591,2.23,122.82,heading_incompatible (122.8° > 15.0°)
40582,57992,0.89,73.33,heading_incompatible (73.3° > 15.0°)
48562,68165,14.37,106.38,heading_incompatible (106.4° > 15.0°)
41971,59799,15.12,136.22,distance_exceeded (15.1m > 15.0m); heading_incompatible (136.2° > 15.0°)
47919,53363,5.95,126.04,heading_incompatible (126.0° > 15.0°)
49651,71948,1.23,82.49,heading_incompatible (82.5° > 15.0°)
40488,51066,18.69,102.89,distance_exceeded (18.7m > 15.0m); heading_incompatible (102.9° > 15.0°)
46923,61101,38.0,0.0,distance_exceeded (38.0m > 15.0m)
49479,54982,8.62,94.99,heading_incompatible (95.0° > 15.0°)
43875,65273,26.1,145.51,distance_exceeded (26.1m > 15.0m); heading_incompatible (145.5° > 15.0°)
40685,70055,8.47,20.67,heading_incompatible (20.7° > 15.0°)
41732,71088,11.52,150.2,heading_incompatible (150.2° > 15.0°)
47225,51966,11.96,148.56,heading_incompatible (148.6° > 15.0°)
43754,68687,31.82,85.72,distance_exceeded (31.8m > 15.0m); heading_incompatible (85.7° > 15.0°)
44924,64373,23.09,164.81,distance_exceeded (23.1m > 15.0m); heading_incompatible (164.8° > 15.0°)
45102,50960,0.95,97.38,heading_incompatible (97.4° > 15.0°)
46662,64912,19.73,86.63,distance_exceeded (19.7m > 15.0m); heading_incompatible (86.6° > 15.0°)
43012,66166,28.26,118.61,distance_exceeded (28.3m > 15.0m); heading_incompatible (118.6° > 15.0°)
45254,50018,14.16,136.69,heading_incompatible (136.7° > 15.0°)
41228,58643,22.32,113.25,distance_exceeded (22.3m > 15.0m); heading_incompatible (113.2° > 15.0°)
46240,56420,42.41,105.4,distance_exceeded (42.4m > 15.0m); heading_incompatible (105.4° > 15.0°)
44705,56830,9.67,148.94,heading_incompatible (148.9° > 15.0°)
42504,71952,42.27,8.53,distance_exceeded (42.3m > 15.0m)
41745,59174,6.42,29.02,heading_incompatible (29.0° > 15.0°)
46736,59979,40.58,0.0,distance_exceeded (40.6m > 15.0m)
49599,51778,5.95,30.44,heading_incompatible (30.4° > 15.0°)
44871,50673,38.16,167.87,distance_exceeded (38.2m > 15.0m); heading_incompatible (167.9° > 15.0°)
46908,60936,0.2,101.58,heading_incompatible (101.6° > 15.0°)
43355,68466,29.27,0.0,distance_exceeded (29.3m > 15.0m)
40997,53001,18.98,102.97,distance_exceeded (19.0m > 15.0m); heading_incompatible (103.0° > 15.0°)
43843,51613,6.2,67.86,heading_incompatible (67.9° > 15.0°)
45636,52163,41.71,0.0,distance_exceeded (41.7m > 15.0m)
49685,69549,41.27,0.0,distance_exceeded (41.3m > 15.0m)
41414,65659,11.6,167.15,heading_incompatible (167.1° > 15.0°)
41640,71423,20.3,8.88,distance_exceeded (20.3m > 15.0m)
46151,55732,12.5,30.39,heading_incompatible (30.4° > 15.0°)
40726,51795,17.93,53.84,distance_exceeded (17.9m > 15.0m); heading_incompatible (53.8° > 15.0°)
46727,59879,8.45,71.71,heading_incompatible (71.7° > 15.0°)
40041,58271,8.64,115.64,heading_incompatible (115.6° > 15.0°)
41820,59743,22.25,83.86,distance_exceeded (22.2m > 15.0m); heading_incompatible (83.9° > 15.0°)
46033,55020,34.99,19.6,distance_exceeded (35.0m > 15.0m); heading_incompatible (19.6° > 15.0°)
46220,56274,31.48,85.74,distance_exceeded (31.5m > 15.0m); heading_incompatible (85.7° > 15.0°)
42555,63942,39.36,82.44,distance_exceeded (39.4m > 15.0m); heading_incompatible (82.4° > 15.0°)
42127,61655,17.81,0.0,distance_exceeded (17.8m > 15.0m)
48604,70490,0.2,68.15,heading_incompatible (68.1° > 15.0°)
46332,61068,16.06,0.0,distance_exceeded (16.1m > 15.0m)
43966,63157,0.2,102.55,heading_incompatible (102.5° > 15.0°)
42877,57813,0.2,41.28,heading_incompatible (41.3° > 15.0°)
47441,63251,23.38,73.03,distance_exceeded (23.4m > 15.0m); heading_incompatible (73.0° > 15.0°)
41008,69138,1.6,35.97,heading_incompatible (36.0° > 15.0°)
43278,58527,39.47,61.38,distance_exceeded (39.5m > 15.0m); heading_incompatible (61.4° > 15.0°)
49596,59445,0.2,143.88,heading_incompatible (143.9° > 15.0°)
41261,53214,44.11,0.0,distance_exceeded (44.1m > 15.0m)
45449,67869,5.95,157.13,heading_incompatible (157.1° > 15.0°)
47414,63183,0.2,81.68,heading_incompatible (81.7° > 15.0°)
43817,62014,0.44,110.19,heading_incompatible (110.2° > 15.0°)
40714,51780,3.05,169.66,heading_incompatible (169.7° > 15.0°)
42034,61159,26.22,0.0,distance_exceeded (26.2m > 15.0m)
47100,62129,0.2,32.32,heading_incompatible (32.3° > 15.0°)
47839,57329,0.2,138.76,heading_incompatible (138.8° > 15.0°)
46984,61581,36.16,0.94,distance_exceeded (36.2m > 15.0m)
41902,60355,32.87,0.0,distance_exceeded (32.9m > 15.0m)
41541,57718,9.05,34.79,heading_incompatible (34.8° > 15.0°)
40760,51807,8.81,127.67,heading_incompatible (127.7° > 15.0°)
44781,55420,41.63,0.0,distance_exceeded (41.6m > 15.0m)
49501,67999,9.07,58.2,heading_incompatible (58.2° > 15.0°)
42583,63848,38.23,6.81,distance_exceeded (38.2m > 15.0m)
48522,67594,7.7,171.67,heading_incompatible (171.7° > 15.0°)
48931,72262,26.4,152.78,distance_exceeded (26.4m > 15.0m); heading_incompatible (152.8° > 15.0°)
41905,60298,45.76,0.0,distance_exceeded (45.8m > 15.0m)
42325,62632,8.71,114.6,heading_incompatible (114.6° > 15.0°)
48243,66744,20.26,61.17,distance_exceeded (20.3m > 15.0m); heading_incompatible (61.2° > 15.0°)
42729,64864,37.85,0.0,distance_exceeded (37.9m > 15.0m)
43825,72398,0.2,105.63,heading_incompatible (105.6° > 15.0°)
44542,63917,0.2,20.75,heading_incompatible (20.8° > 15.0°)
40956,69762,17.6,171.93,distance_exceeded (17.6m > 15.0m); heading_incompatible (171.9° > 15.0°)
47089,56575,35.7,0.0,distance_exceeded (35.7m > 15.0m)
46813,60424,43.83,0.0,distance_exceeded (43.8m > 15.0m)
48043,49830,9.55,81.63,heading_incompatible (81.6° > 15.0°)
40813,51844,10.33,59.24,heading_incompatible (59.2° > 15.0°)
47891,64610,0.4,40.04,heading_incompatible (40.0° > 15.0°)
43698,72349,7.33,89.13,heading_incompatible (89.1° > 15.0°)
43086,66444,0.2,173.5,heading_incompatible (173.5° > 15.0°)
42901,62482,27.85,167.16,distance_exceeded (27.8m > 15.0m); heading_incompatible (167.2° > 15.0°)
44906,50739,45.8,4.47,distance_exceeded (45.8m > 15.0m)
47229,57751,35.56,149.12,distance_exceeded (35.6m > 15.0m); heading_incompatible (149.1° > 15.0°)
46053,55102,24.45,27.37,distance_exceeded (24.5m > 15.0m); heading_incompatible (27.4° > 15.0°)
48816,65692,5.13,126.01,heading_incompatible (126.0° > 15.0°)
40834,58167,0.2,103.81,heading_incompatible (103.8° > 15.0°)
43072,65740,0.2,68.17,heading_incompatible (68.2° > 15.0°)
44857,67702,6.6,159.19,heading_incompatible (159.2° > 15.0°)
41527,68215,24.3,144.48,distance_exceeded (24.3m > 15.0m); heading_incompatible (144.5° > 15.0°)
47088,64014,36.34,0.0,distance_exceeded (36.3m > 15.0m)
45285,65863,0.2,82.04,heading_incompatible (82.0° > 15.0°)
46400,66788,5.27,176.56,heading_incompatible (176.6° > 15.0°)
41829,59772,11.77,58.45,heading_incompatible (58.5° > 15.0°)
41367,56535,10.73,73.2,heading_incompatible (73.2° > 15.0°)
49363,52493,18.44,0.0,distance_exceeded (18.4m > 15.0m)
45979,64561,30.09,83.33,distance_exceeded (30.1m > 15.0m); heading_incompatible (83.3° > 15.0°)
43138,66738,3.79,45.99,heading_incompatible (46.0° > 15.0°)
47987,72233,11.36,146.7,heading_incompatible (146.7° > 15.0°)
43924,63274,2.83,144.5,heading_incompatible (144.5° > 15.0°)
41319,65680,15.03,83.99,distance_exceeded (15.0m > 15.0m); heading_incompatible (84.0° > 15.0°)
47582,64121,45.0,0.0,distance_exceeded (45.0m > 15.0m)
45381,66430,5.43,27.49,heading_incompatible (27.5° > 15.0°)
44649,54461,4.45,83.82,heading_incompatible (83.8° > 15.0°)
43401,63575,29.15,0.0,distance_exceeded (29.1m > 15.0m)
45549,66099,0.2,156.77,heading_incompatible (156.8° > 15.0°)
42961,59962,0.2,24.66,heading_incompatible (24.7° > 15.0°)
44390,50417,39.16,14.03,distance_exceeded (39.2m > 15.0m)
47584,64156,33.01,33.93,distance_exceeded (33.0m > 15.0m); heading_incompatible (33.9° > 15.0°)
39885,69651,16.71,0.0,distance_exceeded (16.7m > 15.0m)
42114,61659,29.36,0.0,distance_exceeded (29.4m > 15.0m)
44541,71461,32.09,25.98,distance_exceeded (32.1m > 15.0m); heading_incompatible (26.0° > 15.0°)
46924,61093,32.28,0.0,distance_exceeded (32.3m > 15.0m)
49080,69073,21.63,17.66,distance_exceeded (21.6m > 15.0m); heading_incompatible (17.7° > 15.0°)
49700,62172,2.5,140.73,heading_incompatible (140.7° > 15.0°)
42144,55425,20.11,98.24,distance_exceeded (20.1m > 15.0m); heading_incompatible (98.2° > 15.0°)
44678,69833,11.9,123.07,heading_incompatible (123.1° > 15.0°)
39880,52057,0.2,165.76,heading_incompatible (165.8° > 15.0°)
42093,61105,12.62,160.66,heading_incompatible (160.7° > 15.0°)
41722,68791,6.74,83.74,heading_incompatible (83.7° > 15.0°)
45738,52557,26.58,101.61,distance_exceeded (26.6m > 15.0m); heading_incompatible (101.6° > 15.0°)
44054,66079,34.97,148.39,distance_exceeded (35.0m > 15.0m); heading_incompatible (148.4° > 15.0°)
47513,68539,27.43,0.0,distance_exceeded (27.4m > 15.0m)
46601,57478,7.03,19.16,heading_incompatible (19.2° > 15.0°)
45447,58453,47.85,0.0,distance_exceeded (47.9m > 15.0m)
42128,61735,1.44,121.95,heading_incompatible (121.9° > 15.0°)
45905,53620,17.85,40.49,distance_exceeded (17.8m > 15.0m); heading_incompatible (40.5° > 15.0°)
40512,51236,16.64,82.51,distance_exceeded (16.6m > 15.0m); heading_incompatible (82.5° > 15.0°)
41345,56096,21.16,101.92,distance_exceeded (21.2m > 15.0m); heading_incompatible (101.9° > 15.0°)
41118,50623,39.54,140.06,distance_exceeded (39.5m > 15.0m); heading_incompatible (140.1° > 15.0°)
46875,60736,6.79,95.77,heading_incompatible (95.8° > 15.0°)
44677,69841,38.29,61.49,distance_exceeded (38.3m > 15.0m); heading_incompatible (61.5° > 15.0°)
40075,50610,3.85,113.02,heading_incompatible (113.0° > 15.0°)
49653,62900,0.9,72.59,heading_incompatible (72.6° > 15.0°)
46445,58031,6.65,141.33,heading_incompatible (141.3° > 15.0°)
44107,53835,19.36,0.0,distance_exceeded (19.4m > 15.0m)
43078,64541,0.2,39.81,heading_incompatible (39.8° > 15.0°)
46251,56486,47.58,0.0,distance_exceeded (47.6m > 15.0m)
45656,53066,5.46,87.99,heading_incompatible (88.0° > 15.0°)
49640,69907,24.77,0.0,distance_exceeded (24.8m > 15.0m)
43953,54007,0.2,169.25,heading_incompatible (169.3° > 15.0°)
40766,62296,27.2,112.36,distance_exceeded (27.2m > 15.0m); heading_incompatible (112.4° > 15.0°)
49176,63825,0.2,17.72,heading_incompatible (17.7° > 15.0°)
49191,71274,7.71,156.39,heading_incompatible (156.4° > 15.0°)
49274,53759,27.62,124.44,distance_exceeded (27.6m > 15.0m); heading_incompatible (124.4° > 15.0°)
40995,52981,26.98,1.54,distance_exceeded (27.0m > 15.0m)
46161,55709,36.25,2.08,distance_exceeded (36.3m > 15.0m)
39905,50012,1.35,159.92,heading_incompatible (159.9° > 15.0°)
42083,61573,47.25,89.66,distance_exceeded (47.2m > 15.0m); heading_incompatible (89.7° > 15.0°)
39942,50078,6.31,156.56,heading_incompatible (156.6° > 15.0°)
49162,50989,24.62,133.06,distance_exceeded (24.6m > 15.0m); heading_incompatible (133.1° > 15.0°)
45639,51924,0.5,160.84,heading_incompatible (160.8° > 15.0°)
47508,65576,0.2,71.05,heading_incompatible (71.1° > 15.0°)
46068,58435,7.74,66.6,heading_incompatible (66.6° > 15.0°)
44175,59335,18.11,18.65,distance_exceeded (18.1m > 15.0m); heading_incompatible (18.7° > 15.0°)
48553,60695,17.58,35.42,distance_exceeded (17.6m > 15.0m); heading_incompatible (35.4° > 15.0°)
46594,59109,21.32,40.75,distance_exceeded (21.3m > 15.0m); heading_incompatible (40.7° > 15.0°)
40439,60940,0.2,78.78,heading_incompatible (78.8° > 15.0°)
45558,50972,0.2,160.85,heading_incompatible (160.8° > 15.0°)
42386,58964,28.31,74.11,distance_exceeded (28.3m > 15.0m); heading_incompatible (74.1° > 15.0°)
43405,57487,37.54,0.0,distance_exceeded (37.5m > 15.0m)
42715,64397,0.2,93.29,heading_incompatible (93.3° > 15.0°)
46651,68230,19.21,77.96,distance_exceeded (19.2m > 15.0m); heading_incompatible (78.0° > 15.0°)
43184,66938,11.1,174.86,heading_incompatible (174.9° > 15.0°)
44143,72428,5.95,30.7,heading_incompatible (30.7° > 15.0°)
44853,71116,6.14,101.25,heading_incompatible (101.3° > 15.0°)
43245,67237,28.91,172.84,distance_exceeded (28.9m > 15.0m); heading_incompatible (172.8° > 15.0°)
40991,55239,0.2,83.13,heading_incompatible (83.1° > 15.0°)
46274,64031,9.75,74.91,heading_incompatible (74.9° > 15.0°)
40536,72222,0.2,173.11,heading_incompatible (173.1° > 15.0°)
47212,66309,23.29,93.1,distance_exceeded (23.3m > 15.0m); heading_incompatible (93.1° > 15.0°)
44119,50346,5.95,19.8,heading_incompatible (19.8° > 15.0°)
45459,51599,0.2,93.61,heading_incompatible (93.6° > 15.0°)
48684,68574,0.46,119.07,heading_incompatible (119.1° > 15.0°)
40069,54516,3.14,143.03,heading_incompatible (143.0° > 15.0°)
45536,67941,2.52,137.59,heading_incompatible (137.6° > 15.0°)
40543,51436,8.12,144.11,heading_incompatible (144.1° > 15.0°)
47913,63190,19.15,0.0,distance_exceeded (19.2m > 15.0m)
43873,64546,29.48,0.0,distance_exceeded (29.5m > 15.0m)
45569,67832,29.22,64.72,distance_exceeded (29.2m > 15.0m); heading_incompatible (64.7° > 15.0°)
43527,50204,0.2,38.7,heading_incompatible (38.7° > 15.0°)
42232,54137,1.46,116.59,heading_incompatible (116.6° > 15.0°)
48616,67959,26.64,18.11,distance_exceeded (26.6m > 15.0m); heading_incompatible (18.1° > 15.0°)
42616,64463,36.37,0.0,distance_exceeded (36.4m > 15.0m)
41286,70292,26.95,152.52,distance_exceeded (27.0m > 15.0m); heading_incompatible (152.5° > 15.0°)
48709,60347,20.48,73.25,distance_exceeded (20.5m > 15.0m); heading_incompatible (73.3° > 15.0°)
45124,57499,0.68,171.23,heading_incompatible (171.2° > 15.0°)
43664,63687,5.74,168.68,heading_incompatible (168.7° > 15.0°)
49401,56640,7.06,46.48,heading_incompatible (46.5° > 15.0°)
47594,64239,9.26,60.62,heading_incompatible (60.6° > 15.0°)
42677,54223,7.52,154.33,heading_incompatible (154.3° > 15.0°)
43535,51715,9.59,168.48,heading_incompatible (168.5° > 15.0°)
49054,63336,17.83,144.1,distance_exceeded (17.8m > 15.0m); heading_incompatible (144.1° > 15.0°)
45632,51908,34.18,120.76,distance_exceeded (34.2m > 15.0m); heading_incompatible (120.8° > 15.0°)
40859,52197,21.38,40.85,distance_exceeded (21.4m > 15.0m); heading_incompatible (40.9° > 15.0°)
44204,51293,9.83,160.87,heading_incompatible (160.9° > 15.0°)
48107,57321,10.67,150.87,heading_incompatible (150.9° > 15.0°)
49444,53905,8.29,176.41,heading_incompatible (176.4° > 15.0°)
49567,53163,44.66,0.0,distance_exceeded (44.7m > 15.0m)
40064,51356,11.7,174.32,heading_incompatible (174.3° > 15.0°)
46355,55607,17.7,93.64,distance_exceeded (17.7m > 15.0m); heading_incompatible (93.6° > 15.0°)
46510,67954,6.88,70.36,heading_incompatible (70.4° > 15.0°)
49202,66182,30.14,155.64,distance_exceeded (30.1m > 15.0m); heading_incompatible (155.6° > 15.0°)
42667,65654,23.34,1.88,distance_exceeded (23.3m > 15.0m)
48722,62083,1.17,99.07,heading_incompatible (99.1° > 15.0°)
42940,56698,11.0,76.74,heading_incompatible (76.7° > 15.0°)
48900,65504,37.55,32.58,distance_exceeded (37.5m > 15.0m); heading_incompatible (32.6° > 15.0°)
49696,69131,45.03,173.05,distance_exceeded (45.0m > 15.0m); heading_incompatible (173.1° > 15.0°)
40711,65885,49.71,0.0,distance_exceeded (49.7m > 15.0m)
47549,63996,0.2,106.61,heading_incompatible (106.6° > 15.0°)
40752,61887,35.9,0.0,distance_exceeded (35.9m > 15.0m)
43931,56895,6.0,92.86,heading_incompatible (92.9° > 15.0°)
46177,70312,1.95,92.92,heading_incompatible (92.9° > 15.0°)
47804,50337,25.78,81.94,distance_exceeded (25.8m > 15.0m); heading_incompatible (81.9° > 15.0°)
48292,52384,10.57,101.94,heading_incompatible (101.9° > 15.0°)
46779,60252,34.45,50.9,distance_exceeded (34.4m > 15.0m); heading_incompatible (50.9° > 15.0°)
43459,68091,0.2,160.14,heading_incompatible (160.1° > 15.0°)
46457,58141,42.75,0.0,distance_exceeded (42.7m > 15.0m)
45753,55439,25.08,0.0,distance_exceeded (25.1m > 15.0m)
47928,71317,39.84,0.0,distance_exceeded (39.8m > 15.0m)
43402,63569,34.77,0.0,distance_exceeded (34.8m > 15.0m)
49474,68436,5.95,159.49,heading_incompatible (159.5° > 15.0°)
42280,62414,18.17,77.52,distance_exceeded (18.2m > 15.0m); heading_incompatible (77.5° > 15.0°)
45350,60169,0.2,97.72,heading_incompatible (97.7° > 15.0°)
40761,67821,24.41,179.55,distance_exceeded (24.4m > 15.0m); heading_incompatible (179.5° > 15.0°)
44562,50555,2.03,176.84,heading_incompatible (176.8° > 15.0°)
47788,57021,16.65,89.98,distance_exceeded (16.7m > 15.0m); heading_incompatible (90.0° > 15.0°)
43148,66779,34.67,174.87,distance_exceeded (34.7m > 15.0m); heading_incompatible (174.9° > 15.0°)
40025,68974,43.41,0.0,distance_exceeded (43.4m > 15.0m)
44648,59140,27.58,127.19,distance_exceeded (27.6m > 15.0m); heading_incompatible (127.2° > 15.0°)
41871,60170,5.99,120.97,heading_incompatible (121.0° > 15.0°)
47027,61737,17.81,0.0,distance_exceeded (17.8m > 15.0m)
40581,70277,7.92,41.33,heading_incompatible (41.3° > 15.0°)
44991,56903,27.76,169.74,distance_exceeded (27.8m > 15.0m); heading_incompatible (169.7° > 15.0°)
44773,70378,18.67,26.73,distance_exceeded (18.7m > 15.0m); heading_incompatible (26.7° > 15.0°)
47422,65219,17.84,69.91,distance_exceeded (17.8m > 15.0m); heading_incompatible (69.9° > 15.0°)
44783,54355,23.58,155.22,distance_exceeded (23.6m > 15.0m); heading_incompatible (155.2° > 15.0°)
47201,67848,2.82,50.68,heading_incompatible (50.7° > 15.0°)
47294,63107,25.65,0.0,distance_exceeded (25.7m > 15.0m)
40718,59071,8.39,156.16,heading_incompatible (156.2° > 15.0°)
42061,61332,24.43,106.21,distance_exceeded (24.4m > 15.0m); heading_incompatible (106.2° > 15.0°)
41208,55374,17.26,24.25,distance_exceeded (17.3m > 15.0m); heading_incompatible (24.2° > 15.0°)
40446,60659,1.65,35.44,heading_incompatible (35.4° > 15.0°)
49194,71275,8.98,88.42,heading_incompatible (88.4° > 15.0°)
43240,67356,44.98,0.0,distance_exceeded (45.0m > 15.0m)
46438,58160,7.37,160.27,heading_incompatible (160.3° > 15.0°)
41376,71199,25.28,98.27,distance_exceeded (25.3m > 15.0m); heading_incompatible (98.3° > 15.0°)
45514,59872,0.2,124.65,heading_incompatible (124.7° > 15.0°)
48996,52621,0.2,128.96,heading_incompatible (129.0° > 15.0°)
40744,61839,18.31,22.23,distance_exceeded (18.3m > 15.0m); heading_incompatible (22.2° > 15.0°)
42689,54723,23.07,93.76,distance_exceeded (23.1m > 15.0m); heading_incompatible (93.8° > 15.0°)
41205,55066,33.38,0.0,distance_exceeded (33.4m > 15.0m)
48661,52905,14.19,19.45,heading_incompatible (19.5° > 15.0°)
45095,60266,35.81,154.63,distance_exceeded (35.8m > 15.0m); heading_incompatible (154.6° > 15.0°)
41747,59160,0.2,18.98,heading_incompatible (19.0° > 15.0°)
47344,70836,16.8,103.92,distance_exceeded (16.8m > 15.0m); heading_incompatible (103.9° > 15.0°)
45839,69474,0.2,16.96,heading_incompatible (17.0° > 15.0°)
41143,54420,15.05,80.24,distance_exceeded (15.1m > 15.0m); heading_incompatible (80.2° > 15.0°)
48878,56503,23.1,114.56,distance_exceeded (23.1m > 15.0m); heading_incompatible (114.6° > 15.0°)
42159,61949,29.1,101.92,distance_exceeded (29.1m > 15.0m); heading_incompatible (101.9° > 15.0°)
43694,68275,26.53,82.02,distance_exceeded (26.5m > 15.0m); heading_incompatible (82.0° > 15.0°)
40639,51569,6.05,137.07,heading_incompatible (137.1° > 15.0°)
45947,54152,8.24,16.35,heading_incompatible (16.3° > 15.0°)
44196,66912,17.2,0.0,distance_exceeded (17.2m > 15.0m)
41949,60595,23.93,0.0,distance_exceeded (23.9m > 15.0m)
43143,66756,5.56,85.78,heading_incompatible (85.8° > 15.0°)
47363,58968,1.77,22.93,heading_incompatible (22.9° > 15.0°)
40252,59829,20.13,92.99,distance_exceeded (20.1m > 15.0m); heading_incompatible (93.0° > 15.0°)
45105,70533,22.33,0.0,distance_exceeded (22.3m > 15.0m)
45295,51474,5.17,112.45,heading_incompatible (112.4° > 15.0°)
42643,64341,29.47,160.68,distance_exceeded (29.5m > 15.0m); heading_incompatible (160.7° > 15.0°)
44338,69780,3.62,66.88,heading_incompatible (66.9° > 15.0°)
42865,64886,17.92,0.0,distance_exceeded (17.9m > 15.0m)
43627,64566,9.84,17.77,heading_incompatible (17.8° > 15.0°)
48137,64234,35.87,159.51,distance_exceeded (35.9m > 15.0m); heading_incompatible (159.5° > 15.0°)
45812,70522,33.48,112.61,distance_exceeded (33.5m > 15.0m); heading_incompatible (112.6° > 15.0°)
43166,62230,16.08,55.11,distance_exceeded (16.1m > 15.0m); heading_incompatible (55.1° > 15.0°)
42601,67905,17.26,68.11,distance_exceeded (17.3m > 15.0m); heading_incompatible (68.1° > 15.0°)
48039,56907,5.37,174.55,heading_incompatible (174.6° > 15.0°)
47086,63959,28.94,134.86,distance_exceeded (28.9m > 15.0m); heading_incompatible (134.9° > 15.0°)
43495,68209,42.63,0.0,distance_exceeded (42.6m > 15.0m)
44321,49747,22.94,20.23,distance_exceeded (22.9m > 15.0m); heading_incompatible (20.2° > 15.0°)
47843,63780,46.81,74.84,distance_exceeded (46.8m > 15.0m); heading_incompatible (74.8° > 15.0°)
49130,57338,37.52,0.0,distance_exceeded (37.5m > 15.0m)
48144,66265,0.53,167.37,heading_incompatible (167.4° > 15.0°)
48157,70366,43.24,6.44,distance_exceeded (43.2m > 15.0m)
48549,53973,38.46,0.0,distance_exceeded (38.5m > 15.0m)
43154,68257,0.2,76.71,heading_incompatible (76.7° > 15.0°)
43574,63433,25.24,141.78,distance_exceeded (25.2m > 15.0m); heading_incompatible (141.8° > 15.0°)
48707,61189,0.2,135.79,heading_incompatible (135.8° > 15.0°)
39830,69585,12.52,45.44,heading_incompatible (45.4° > 15.0°)
42310,66160,8.23,158.43,heading_incompatible (158.4° > 15.0°)
45769,52715,7.32,31.53,heading_incompatible (31.5° > 15.0°)
42125,61717,0.2,63.53,heading_incompatible (63.5° > 15.0°)
46810,60401,22.29,93.7,distance_exceeded (22.3m > 15.0m); heading_incompatible (93.7° > 15.0°)
41951,60529,45.27,100.87,distance_exceeded (45.3m > 15.0m); heading_incompatible (100.9° > 15.0°)
44973,50826,18.33,23.98,distance_exceeded (18.3m > 15.0m); heading_incompatible (24.0° > 15.0°)
41323,71170,40.49,0.0,distance_exceeded (40.5m > 15.0m)
48510,50421,1.29,84.2,heading_incompatible (84.2° > 15.0°)
46192,56073,25.16,71.33,distance_exceeded (25.2m > 15.0m); heading_incompatible (71.3° > 15.0°)
44173,56193,9.77,175.28,heading_incompatible (175.3° > 15.0°)
45608,57838,11.48,86.36,heading_incompatible (86.4° > 15.0°)
42479,63369,37.53,61.59,distance_exceeded (37.5m > 15.0m); heading_incompatible (61.6° > 15.0°)
49632,64500,14.3,81.79,heading_incompatible (81.8° > 15.0°)
40447,60966,29.52,81.51,distance_exceeded (29.5m > 15.0m); heading_incompatible (81.5° > 15.0°)
44825,69731,0.2,16.79,heading_incompatible (16.8° > 15.0°)
49556,50717,34.49,0.0,distance_exceeded (34.5m > 15.0m)
46870,60700,2.21,79.33,heading_incompatible (79.3° > 15.0°)
48862,57068,10.04,64.24,heading_incompatible (64.2° > 15.0°)
41186,55035,13.8,40.61,heading_incompatible (40.6° > 15.0°)
41750,59119,1.09,140.54,heading_incompatible (140.5° > 15.0°)
44456,71803,8.01,70.37,heading_incompatible (70.4° > 15.0°)
45455,51610,6.04,102.49,heading_incompatible (102.5° > 15.0°)
42090,55383,0.2,126.71,heading_incompatible (126.7° > 15.0°)
46868,60697,41.85,30.48,distance_exceeded (41.8m > 15.0m); heading_incompatible (30.5° > 15.0°)
47362,62960,11.54,93.32,heading_incompatible (93.3° > 15.0°)
42530,71955,8.07,88.8,heading_incompatible (88.8° > 15.0°)
41194,55081,7.64,21.93,heading_incompatible (21.9° > 15.0°)
40305,55339,0.2,115.78,heading_incompatible (115.8° > 15.0°)
40504,51185,5.35,16.29,heading_incompatible (16.3° > 15.0°)
41219,55001,20.11,92.36,distance_exceeded (20.1m > 15.0m); heading_incompatible (92.4° > 15.0°)
40173,68195,33.77,1.0,distance_exceeded (33.8m > 15.0m)
45492,67635,43.65,105.26,distance_exceeded (43.6m > 15.0m); heading_incompatible (105.3° > 15.0°)
42717,62588,0.2,16.03,heading_incompatible (16.0° > 15.0°)
42602,57568,44.58,90.61,distance_exceeded (44.6m > 15.0m); heading_incompatible (90.6° > 15.0°)
44074,67446,7.01,40.64,heading_incompatible (40.6° > 15.0°)
40026,49756,0.2,58.34,heading_incompatible (58.3° > 15.0°)
41948,60538,40.26,42.99,distance_exceeded (40.3m > 15.0m); heading_incompatible (43.0° > 15.0°)
42447,63188,9.74,154.49,heading_incompatible (154.5° > 15.0°)
44367,56997,17.87,87.63,distance_exceeded (17.9m > 15.0m); heading_incompatible (87.6° > 15.0°)
46406,57791,0.2,70.56,heading_incompatible (70.6° > 15.0°)
41693,58658,34.56,24.83,distance_exceeded (34.6m > 15.0m); heading_incompatible (24.8° > 15.0°)
47310,63762,28.72,0.0,distance_exceeded (28.7m > 15.0m)
49135,59183,6.5,174.43,heading_incompatible (174.4° > 15.0°)
40271,54745,29.64,19.76,distance_exceeded (29.6m > 15.0m); heading_incompatible (19.8° > 15.0°)
45477,52785,17.35,70.18,distance_exceeded (17.3m > 15.0m); heading_incompatible (70.2° > 15.0°)
42335,63109,15.71,0.0,distance_exceeded (15.7m > 15.0m)
46952,61865,45.65,98.32,distance_exceeded (45.7m > 15.0m); heading_incompatible (98.3° > 15.0°)
46726,59884,17.49,37.69,distance_exceeded (17.5m > 15.0m); heading_incompatible (37.7° > 15.0°)
43675,63714,18.38,0.0,distance_exceeded (18.4m > 15.0m)
45044,57564,0.2,34.74,heading_incompatible (34.7° > 15.0°)
46915,60489,44.23,8.52,distance_exceeded (44.2m > 15.0m)
47554,64011,0.2,63.74,heading_incompatible (63.7° > 15.0°)
48115,71378,49.84,0.0,distance_exceeded (49.8m > 15.0m)
44346,69343,46.16,0.0,distance_exceeded (46.2m > 15.0m)
46761,58932,28.0,0.0,distance_exceeded (28.0m > 15.0m)
41240,53258,0.2,173.18,heading_incompatible (173.2° > 15.0°)
42692,66728,41.01,172.94,distance_exceeded (41.0m > 15.0m); heading_incompatible (172.9° > 15.0°)
46268,51493,33.47,2.44,distance_exceeded (33.5m > 15.0m)
41397,56405,45.42,0.0,distance_exceeded (45.4m > 15.0m)
48443,63654,3.48,92.92,heading_incompatible (92.9° > 15.0°)
45339,55390,0.2,43.18,heading_incompatible (43.2° > 15.0°)
48743,71379,48.74,0.0,distance_exceeded (48.7m > 15.0m)
46878,57404,34.35,42.11,distance_exceeded (34.3m > 15.0m); heading_incompatible (42.1° > 15.0°)
47528,58383,41.98,176.28,distance_exceeded (42.0m > 15.0m); heading_incompatible (176.3° > 15.0°)
45981,62269,5.96,175.28,heading_incompatible (175.3° > 15.0°)
46507,62037,21.62,0.0,distance_exceeded (21.6m > 15.0m)
44138,57816,47.37,178.88,distance_exceeded (47.4m > 15.0m); heading_incompatible (178.9° > 15.0°)
46592,54476,32.76,169.68,distance_exceeded (32.8m > 15.0m); heading_incompatible (169.7° > 15.0°)
49555,68855,5.95,143.6,heading_incompatible (143.6° > 15.0°)
44083,68477,1.94,47.26,heading_incompatible (47.3° > 15.0°)
43641,68512,22.33,100.46,distance_exceeded (22.3m > 15.0m); heading_incompatible (100.5° > 15.0°)
45790,52839,2.43,95.39,heading_incompatible (95.4° > 15.0°)
45635,68176,45.63,0.0,distance_exceeded (45.6m > 15.0m)
47720,64402,0.2,89.78,heading_incompatible (89.8° > 15.0°)
45226,57245,19.82,63.5,distance_exceeded (19.8m > 15.0m); heading_incompatible (63.5° > 15.0°)
40014,65895,10.87,116.93,heading_incompatible (116.9° > 15.0°)
49218,68737,0.2,36.9,heading_incompatible (36.9° > 15.0°)
41776,59037,35.09,0.0,distance_exceeded (35.1m > 15.0m)
45483,71559,7.67,115.86,heading_incompatible (115.9° > 15.0°)
45683,52212,6.34,15.49,heading_incompatible (15.5° > 15.0°)
49507,68564,8.45,21.89,heading_incompatible (21.9° > 15.0°)
48035,57987,6.87,130.05,heading_incompatible (130.1° > 15.0°)
42042,61224,0.2,71.31,heading_incompatible (71.3° > 15.0°)
40992,51944,47.25,0.0,distance_exceeded (47.3m > 15.0m)
45585,65779,24.06,166.07,distance_exceeded (24.1m > 15.0m); heading_incompatible (166.1° > 15.0°)
46990,61119,40.64,51.78,distance_exceeded (40.6m > 15.0m); heading_incompatible (51.8° > 15.0°)
48631,54835,23.69,140.48,distance_exceeded (23.7m > 15.0m); heading_incompatible (140.5° > 15.0°)
43731,54105,12.07,164.63,heading_incompatible (164.6° > 15.0°)
42768,65104,5.85,160.82,heading_incompatible (160.8° > 15.0°)
43442,54062,1.93,89.08,heading_incompatible (89.1° > 15.0°)
45332,56805,3.71,127.73,heading_incompatible (127.7° > 15.0°)
47611,64209,24.4,0.0,distance_exceeded (24.4m > 15.0m)
49652,54480,19.17,81.27,distance_exceeded (19.2m > 15.0m); heading_incompatible (81.3° > 15.0°)
47604,64298,38.35,67.24,distance_exceeded (38.4m > 15.0m); heading_incompatible (67.2° > 15.0°)
43061,65723,2.22,69.77,heading_incompatible (69.8° > 15.0°)
41788,59394,26.43,101.07,distance_exceeded (26.4m > 15.0m); heading_incompatible (101.1° > 15.0°)
44559,51485,23.62,0.0,distance_exceeded (23.6m > 15.0m)
40707,63301,32.42,0.0,distance_exceeded (32.4m > 15.0m)
42425,63042,31.25,7.84,distance_exceeded (31.2m > 15.0m)
46109,68928,0.2,165.88,heading_incompatible (165.9° > 15.0°)
44817,69547,0.2,38.62,heading_incompatible (38.6° > 15.0°)
48742,64540,13.82,175.96,heading_incompatible (176.0° > 15.0°)
47091,62097,2.85,177.73,heading_incompatible (177.7° > 15.0°)
46377,58239,0.2,60.58,heading_incompatible (60.6° > 15.0°)
44980,72515,0.2,149.72,heading_incompatible (149.7° > 15.0°)
44549,68703,0.2,69.8,heading_incompatible (69.8° > 15.0°)
41479,61054,30.21,0.0,distance_exceeded (30.2m > 15.0m)
42103,61620,20.69,138.87,distance_exceeded (20.7m > 15.0m); heading_incompatible (138.9° > 15.0°)
47092,62080,29.26,0.0,distance_exceeded (29.3m > 15.0m)
45932,69497,4.15,131.04,heading_incompatible (131.0° > 15.0°)
47178,57700,23.25,63.48,distance_exceeded (23.3m > 15.0m); heading_incompatible (63.5° > 15.0°)
46991,61110,44.63,47.59,distance_exceeded (44.6m > 15.0m); heading_incompatible (47.6° > 15.0°)
41326,55882,29.19,0.0,distance_exceeded (29.2m > 15.0m)
43326,56598,8.6,124.54,heading_incompatible (124.5° > 15.0°)
40555,62656,1.89,43.24,heading_incompatible (43.2° > 15.0°)
49671,52364,8.76,128.16,heading_incompatible (128.2° > 15.0°)
42842,53396,0.2,92.44,heading_incompatible (92.4° > 15.0°)
43054,64304,36.8,0.0,distance_exceeded (36.8m > 15.0m)
47633,66251,5.49,106.48,heading_incompatible (106.5° > 15.0°)
44764,62324,8.65,33.26,heading_incompatible (33.3° > 15.0°)
44757,56063,37.46,0.0,distance_exceeded (37.5m > 15.0m)
45281,52069,11.9,74.67,heading_incompatible (74.7° > 15.0°)
40296,64626,40.21,0.0,distance_exceeded (40.2m > 15.0m)
39879,69611,15.34,87.67,distance_exceeded (15.3m > 15.0m); heading_incompatible (87.7° > 15.0°)
45489,65927,23.35,105.57,distance_exceeded (23.4m > 15.0m); heading_incompatible (105.6° > 15.0°)
47113,71791,2.06,51.6,heading_incompatible (51.6° > 15.0°)
43602,62120,16.95,152.36,distance_exceeded (16.9m > 15.0m); heading_incompatible (152.4° > 15.0°)
44808,67157,2.57,89.55,heading_incompatible (89.6° > 15.0°)
43520,61203,37.6,0.0,distance_exceeded (37.6m > 15.0m)
42355,50922,38.4,0.0,distance_exceeded (38.4m > 15.0m)
43128,66637,8.95,85.02,heading_incompatible (85.0° > 15.0°)
40670,52290,27.57,45.5,distance_exceeded (27.6m > 15.0m); heading_incompatible (45.5° > 15.0°)
40576,62819,16.5,0.0,distance_exceeded (16.5m > 15.0m)
40806,64193,44.9,81.46,distance_exceeded (44.9m > 15.0m); heading_incompatible (81.5° > 15.0°)
44125,52767,49.51,0.0,distance_exceeded (49.5m > 15.0m)
42831,54165,43.89,0.0,distance_exceeded (43.9m > 15.0m)
41578,56825,25.17,3.11,distance_exceeded (25.2m > 15.0m)
45729,52430,1.38,95.81,heading_incompatible (95.8° > 15.0°)
42627,64247,0.27,71.78,heading_incompatible (71.8° > 15.0°)
49152,51790,32.33,146.73,distance_exceeded (32.3m > 15.0m); heading_incompatible (146.7° > 15.0°)
49149,68426,10.57,103.3,heading_incompatible (103.3° > 15.0°)
41396,56397,21.48,0.0,distance_exceeded (21.5m > 15.0m)
41697,65455,15.3,89.73,distance_exceeded (15.3m > 15.0m); heading_incompatible (89.7° > 15.0°)
40481,53745,18.5,143.15,distance_exceeded (18.5m > 15.0m); heading_incompatible (143.1° > 15.0°)
47025,61709,9.64,108.99,heading_incompatible (109.0° > 15.0°)
42443,63117,27.26,0.0,distance_exceeded (27.3m > 15.0m)
48082,66144,41.21,75.31,distance_exceeded (41.2m > 15.0m); heading_incompatible (75.3° > 15.0°)
45901,54345,16.59,6.6,distance_exceeded (16.6m > 15.0m)
44202,54473,9.88,108.06,heading_incompatible (108.1° > 15.0°)
47612,64245,4.48,97.31,heading_incompatible (97.3° > 15.0°)
45341,61521,36.04,103.83,distance_exceeded (36.0m > 15.0m); heading_incompatible (103.8° > 15.0°)
48505,65672,0.2,155.28,heading_incompatible (155.3° > 15.0°)
42172,69618,32.85,2.28,distance_exceeded (32.8m > 15.0m)
47935,65848,21.27,96.79,distance_exceeded (21.3m > 15.0m); heading_incompatible (96.8° > 15.0°)
41036,54352,15.5,82.03,distance_exceeded (15.5m > 15.0m); heading_incompatible (82.0° > 15.0°)
40801,57285,0.2,164.48,heading_incompatible (164.5° > 15.0°)
42625,64237,0.2,83.8,heading_incompatible (83.8° > 15.0°)
48855,64569,27.27,88.82,distance_exceeded (27.3m > 15.0m); heading_incompatible (88.8° > 15.0°)
45195,51079,27.28,166.24,distance_exceeded (27.3m > 15.0m); heading_incompatible (166.2° > 15.0°)
44956,63769,8.38,50.69,heading_incompatible (50.7° > 15.0°)
40623,51673,14.5,157.47,heading_incompatible (157.5° > 15.0°)
41167,54810,0.2,79.03,heading_incompatible (79.0° > 15.0°)
40100,61768,33.02,16.07,distance_exceeded (33.0m > 15.0m); heading_incompatible (16.1° > 15.0°)
45943,70737,7.65,85.75,heading_incompatible (85.7° > 15.0°)
43246,50484,5.95,82.63,heading_incompatible (82.6° > 15.0°)
49177,52234,2.22,106.41,heading_incompatible (106.4° > 15.0°)
47174,61422,47.38,74.07,distance_exceeded (47.4m > 15.0m); heading_incompatible (74.1° > 15.0°)
43364,69642,25.54,89.52,distance_exceeded (25.5m > 15.0m); heading_incompatible (89.5° > 15.0°)
45649,52136,42.88,96.69,distance_exceeded (42.9m > 15.0m); heading_incompatible (96.7° > 15.0°)
47679,71640,17.16,0.0,distance_exceeded (17.2m > 15.0m)
40206,57064,5.95,62.97,heading_incompatible (63.0° > 15.0°)
44630,69709,0.2,50.15,heading_incompatible (50.2° > 15.0°)
47887,65664,10.05,168.83,heading_incompatible (168.8° > 15.0°)
46043,55068,33.38,0.0,distance_exceeded (33.4m > 15.0m)
46346,55936,4.93,21.92,heading_incompatible (21.9° > 15.0°)
43268,66319,27.37,157.58,distance_exceeded (27.4m > 15.0m); heading_incompatible (157.6° > 15.0°)
46608,58281,1.67,113.98,heading_incompatible (114.0° > 15.0°)
43776,68811,46.99,0.0,distance_exceeded (47.0m > 15.0m)
49133,66422,21.15,0.0,distance_exceeded (21.1m > 15.0m)
45530,69333,31.57,93.88,distance_exceeded (31.6m > 15.0m); heading_incompatible (93.9° > 15.0°)
49717,51573,11.91,142.36,heading_incompatible (142.4° > 15.0°)
46983,61576,14.05,89.97,heading_incompatible (90.0° > 15.0°)
39843,70205,0.51,117.41,heading_incompatible (117.4° > 15.0°)
44527,63867,43.0,0.0,distance_exceeded (43.0m > 15.0m)
42671,64618,2.15,123.5,heading_incompatible (123.5° > 15.0°)
43121,66411,0.2,30.93,heading_incompatible (30.9° > 15.0°)
44242,66364,8.64,133.32,heading_incompatible (133.3° > 15.0°)
44854,58771,12.8,45.05,heading_incompatible (45.0° > 15.0°)
46885,60823,17.32,29.16,distance_exceeded (17.3m > 15.0m); heading_incompatible (29.2° > 15.0°)
45149,61002,29.78,99.01,distance_exceeded (29.8m > 15.0m); heading_incompatible (99.0° > 15.0°)
45371,49996,15.1,125.06,distance_exceeded (15.1m > 15.0m); heading_incompatible (125.1° > 15.0°)
40931,51121,5.12,75.72,heading_incompatible (75.7° > 15.0°)
49470,69110,25.79,0.0,distance_exceeded (25.8m > 15.0m)
43316,61496,27.21,92.33,distance_exceeded (27.2m > 15.0m); heading_incompatible (92.3° > 15.0°)
44158,51916,4.99,132.04,heading_incompatible (132.0° > 15.0°)
47921,53367,6.65,138.77,heading_incompatible (138.8° > 15.0°)
45589,54259,1.57,179.19,heading_incompatible (179.2° > 15.0°)
49475,50356,34.5,168.71,distance_exceeded (34.5m > 15.0m); heading_incompatible (168.7° > 15.0°)
47793,65171,21.8,31.16,distance_exceeded (21.8m > 15.0m); heading_incompatible (31.2° > 15.0°)
40827,61981,22.43,0.0,distance_exceeded (22.4m > 15.0m)
49255,64231,0.2,74.8,heading_incompatible (74.8° > 15.0°)
42381,60150,17.81,52.86,distance_exceeded (17.8m > 15.0m); heading_incompatible (52.9° > 15.0°)
47167,50995,7.55,74.25,heading_incompatible (74.2° > 15.0°)
41922,60440,39.85,0.0,distance_exceeded (39.8m > 15.0m)
43272,62076,2.4,27.12,heading_incompatible (27.1° > 15.0°)
44075,62522,16.09,0.0,distance_exceeded (16.1m > 15.0m)
44939,54558,10.34,101.33,heading_incompatible (101.3° > 15.0°)
47228,51841,0.58,146.78,heading_incompatible (146.8° > 15.0°)
46131,55836,25.1,56.41,distance_exceeded (25.1m > 15.0m); heading_incompatible (56.4° > 15.0°)
44829,62238,39.89,160.74,distance_exceeded (39.9m > 15.0m); heading_incompatible (160.7° > 15.0°)
46704,63379,4.54,106.67,heading_incompatible (106.7° > 15.0°)
49125,60765,14.61,122.94,heading_incompatible (122.9° > 15.0°)
44964,59552,0.47,67.71,heading_incompatible (67.7° > 15.0°)
42712,51390,0.2,111.17,heading_incompatible (111.2° > 15.0°)
46824,60617,20.43,11.87,distance_exceeded (20.4m > 15.0m)
46241,56438,46.55,0.0,distance_exceeded (46.6m > 15.0m)
41066,53563,0.2,179.55,heading_incompatible (179.6° > 15.0°)
48331,67319,14.96,16.18,heading_incompatible (16.2° > 15.0°)
40085,51549,35.65,178.75,distance_exceeded (35.7m > 15.0m); heading_incompatible (178.7° > 15.0°)
44294,69857,29.28,0.0,distance_exceeded (29.3m > 15.0m)
42995,66128,40.15,172.67,distance_exceeded (40.2m > 15.0m); heading_incompatible (172.7° > 15.0°)
47484,54483,47.9,5.05,distance_exceeded (47.9m > 15.0m)
48856,64563,12.79,120.74,heading_incompatible (120.7° > 15.0°)
46958,61369,10.21,73.8,heading_incompatible (73.8° > 15.0°)
42212,65890,47.31,93.04,distance_exceeded (47.3m > 15.0m); heading_incompatible (93.0° > 15.0°)
43196,67053,11.86,176.1,heading_incompatible (176.1° > 15.0°)
48751,55759,20.03,166.63,distance_exceeded (20.0m > 15.0m); heading_incompatible (166.6° > 15.0°)
49406,69720,14.5,37.65,heading_incompatible (37.6° > 15.0°)
40772,62200,9.64,46.46,heading_incompatible (46.5° > 15.0°)
39920,56885,12.73,107.03,heading_incompatible (107.0° > 15.0°)
40129,57844,31.03,0.0,distance_exceeded (31.0m > 15.0m)
46906,60730,22.06,91.2,distance_exceeded (22.1m > 15.0m); heading_incompatible (91.2° > 15.0°)
48284,65802,28.07,0.0,distance_exceeded (28.1m > 15.0m)
44789,56131,31.54,178.15,distance_exceeded (31.5m > 15.0m); heading_incompatible (178.1° > 15.0°)
47045,61807,39.9,112.64,distance_exceeded (39.9m > 15.0m); heading_incompatible (112.6° > 15.0°)
49425,69007,0.2,81.92,heading_incompatible (81.9° > 15.0°)
49105,66011,2.7,97.89,heading_incompatible (97.9° > 15.0°)
45802,52837,3.36,170.1,heading_incompatible (170.1° > 15.0°)
47353,58976,49.59,171.74,distance_exceeded (49.6m > 15.0m); heading_incompatible (171.7° > 15.0°)
44625,70274,15.44,0.0,distance_exceeded (15.4m > 15.0m)
47312,63219,20.29,173.7,distance_exceeded (20.3m > 15.0m); heading_incompatible (173.7° > 15.0°)
49140,52054,31.26,0.59,distance_exceeded (31.3m > 15.0m)
40238,50639,17.65,63.68,distance_exceeded (17.7m > 15.0m); heading_incompatible (63.7° > 15.0°)
45017,50502,4.07,55.46,heading_incompatible (55.5° > 15.0°)
42087,61591,8.87,154.02,heading_incompatible (154.0° > 15.0°)
44860,50082,16.43,0.0,distance_exceeded (16.4m > 15.0m)
48412,64558,2.65,87.11,heading_incompatible (87.1° > 15.0°)
45304,58229,27.59,22.51,distance_exceeded (27.6m > 15.0m); heading_incompatible (22.5° > 15.0°)
45800,54807,11.15,179.64,heading_incompatible (179.6° > 15.0°)
45638,52143,47.44,0.0,distance_exceeded (47.4m > 15.0m)
45486,53781,4.41,94.69,heading_incompatible (94.7° > 15.0°)
47093,56167,2.85,34.29,heading_incompatible (34.3° > 15.0°)
44493,65239,14.16,37.49,heading_incompatible (37.5° > 15.0°)
48746,52203,0.2,87.54,heading_incompatible (87.5° > 15.0°)
44725,58272,13.28,66.71,heading_incompatible (66.7° > 15.0°)
47697,57030,2.62,113.81,heading_incompatible (113.8° > 15.0°)
40294,65881,28.25,0.0,distance_exceeded (28.2m > 15.0m)
46913,61583,8.69,119.26,heading_incompatible (119.3° > 15.0°)
47761,67625,33.38,74.92,distance_exceeded (33.4m > 15.0m); heading_incompatible (74.9° > 15.0°)
45426,54386,10.62,77.77,heading_incompatible (77.8° > 15.0°)
41316,55780,7.35,46.23,heading_incompatible (46.2° > 15.0°)
47428,70530,5.28,82.54,heading_incompatible (82.5° > 15.0°)
48854,65600,3.71,27.74,heading_incompatible (27.7° > 15.0°)
45139,60947,21.81,0.0,distance_exceeded (21.8m > 15.0m)
44785,62379,8.23,126.54,heading_incompatible (126.5° > 15.0°)
42258,62283,29.29,0.0,distance_exceeded (29.3m > 15.0m)
41674,58475,47.42,107.87,distance_exceeded (47.4m > 15.0m); heading_incompatible (107.9° > 15.0°)
40622,58181,29.58,170.58,distance_exceeded (29.6m > 15.0m); heading_incompatible (170.6° > 15.0°)
44155,71556,11.63,41.9,heading_incompatible (41.9° > 15.0°)
49128,66892,12.99,122.74,heading_incompatible (122.7° > 15.0°)
40097,70115,25.91,97.55,distance_exceeded (25.9m > 15.0m); heading_incompatible (97.5° > 15.0°)
42027,57442,38.0,0.0,distance_exceeded (38.0m > 15.0m)
45146,59801,0.2,144.49,heading_incompatible (144.5° > 15.0°)
49618,54565,22.53,0.0,distance_exceeded (22.5m > 15.0m)
47903,49834,5.46,167.9,heading_incompatible (167.9° > 15.0°)
45047,51446,0.2,107.97,heading_incompatible (108.0° > 15.0°)
40608,59722,27.23,2.99,distance_exceeded (27.2m > 15.0m)
47799,65196,19.42,47.43,distance_exceeded (19.4m > 15.0m); heading_incompatible (47.4° > 15.0°)
44919,65014,5.9,160.26,heading_incompatible (160.3° > 15.0°)
43460,71132,19.6,62.94,distance_exceeded (19.6m > 15.0m); heading_incompatible (62.9° > 15.0°)
42505,71944,16.39,169.84,distance_exceeded (16.4m > 15.0m); heading_incompatible (169.8° > 15.0°)
49463,68671,1.77,62.65,heading_incompatible (62.7° > 15.0°)
47034,61779,0.2,177.37,heading_incompatible (177.4° > 15.0°)
46814,60389,42.91,0.0,distance_exceeded (42.9m > 15.0m)
40200,67220,18.19,83.77,distance_exceeded (18.2m > 15.0m); heading_incompatible (83.8° > 15.0°)
40065,49836,5.29,26.43,heading_incompatible (26.4° > 15.0°)
49212,68731,0.2,165.48,heading_incompatible (165.5° > 15.0°)
43214,56870,35.78,82.59,distance_exceeded (35.8m > 15.0m); heading_incompatible (82.6° > 15.0°)
42853,54450,2.15,50.94,heading_incompatible (50.9° > 15.0°)
45288,63366,42.32,131.49,distance_exceeded (42.3m > 15.0m); heading_incompatible (131.5° > 15.0°)
46066,58649,10.56,67.77,heading_incompatible (67.8° > 15.0°)
44611,64502,0.2,175.79,heading_incompatible (175.8° > 15.0°)
44577,51794,40.53,126.54,distance_exceeded (40.5m > 15.0m); heading_incompatible (126.5° > 15.0°)
41583,58003,15.92,33.2,distance_exceeded (15.9m > 15.0m); heading_incompatible (33.2° > 15.0°)
42517,63671,49.01,143.89,distance_exceeded (49.0m > 15.0m); heading_incompatible (143.9° > 15.0°)
47271,72086,44.47,0.0,distance_exceeded (44.5m > 15.0m)
48133,65901,9.98,55.01,heading_incompatible (55.0° > 15.0°)
40666,52044,7.93,115.5,heading_incompatible (115.5° > 15.0°)
47241,62423,40.98,0.0,distance_exceeded (41.0m > 15.0m)
45739,54765,30.59,80.88,distance_exceeded (30.6m > 15.0m); heading_incompatible (80.9° > 15.0°)
41959,60569,1.53,120.04,heading_incompatible (120.0° > 15.0°)
42988,66090,35.88,42.79,distance_exceeded (35.9m > 15.0m); heading_incompatible (42.8° > 15.0°)
45873,53786,22.97,95.67,distance_exceeded (23.0m > 15.0m); heading_incompatible (95.7° > 15.0°)
45886,54020,21.02,29.92,distance_exceeded (21.0m > 15.0m); heading_incompatible (29.9° > 15.0°)
43656,56377,16.88,79.89,distance_exceeded (16.9m > 15.0m); heading_incompatible (79.9° > 15.0°)
40327,69265,10.66,138.74,heading_incompatible (138.7° > 15.0°)
48428,67534,23.0,43.05,distance_exceeded (23.0m > 15.0m); heading_incompatible (43.0° > 15.0°)
49523,66293,0.2,149.36,heading_incompatible (149.4° > 15.0°)
40344,68570,20.32,152.14,distance_exceeded (20.3m > 15.0m); heading_incompatible (152.1° > 15.0°)
42575,64046,2.82,18.83,heading_incompatible (18.8° > 15.0°)
47417,63078,0.2,122.58,heading_incompatible (122.6° > 15.0°)
40947,70730,1.25,159.58,heading_incompatible (159.6° > 15.0°)
46892,60847,9.71,21.94,heading_incompatible (21.9° > 15.0°)
43487,50580,9.38,54.37,heading_incompatible (54.4° > 15.0°)
48123,64929,6.61,115.23,heading_incompatible (115.2° > 15.0°)
40741,62431,0.2,23.23,heading_incompatible (23.2° > 15.0°)
49662,69000,6.12,50.51,heading_incompatible (50.5° > 15.0°)
41447,57118,40.31,95.93,distance_exceeded (40.3m > 15.0m); heading_incompatible (95.9° > 15.0°)
41611,57779,5.21,106.62,heading_incompatible (106.6° > 15.0°)
47386,66321,49.32,0.0,distance_exceeded (49.3m > 15.0m)
43782,68425,8.33,81.68,heading_incompatible (81.7° > 15.0°)
49597,71517,3.45,116.39,heading_incompatible (116.4° > 15.0°)
44575,55406,5.4,35.52,heading_incompatible (35.5° > 15.0°)
49278,53980,0.2,154.88,heading_incompatible (154.9° > 15.0°)
46526,60075,38.73,142.46,distance_exceeded (38.7m > 15.0m); heading_incompatible (142.5° > 15.0°)
44375,69299,5.95,22.25,heading_incompatible (22.2° > 15.0°)
47448,63321,10.2,19.05,heading_incompatible (19.1° > 15.0°)
44316,61597,3.72,57.86,heading_incompatible (57.9° > 15.0°)
44723,49898,9.18,49.4,heading_incompatible (49.4° > 15.0°)
47712,64635,18.63,20.89,distance_exceeded (18.6m > 15.0m); heading_incompatible (20.9° > 15.0°)
44953,57078,6.42,16.34,heading_incompatible (16.3° > 15.0°)
44547,56833,18.54,133.74,distance_exceeded (18.5m > 15.0m); heading_incompatible (133.7° > 15.0°)
49621,62121,24.08,0.0,distance_exceeded (24.1m > 15.0m)
46872,60708,6.6,92.52,heading_incompatible (92.5° > 15.0°)
47835,58688,21.65,7.47,distance_exceeded (21.7m > 15.0m)
42813,58744,0.2,173.58,heading_incompatible (173.6° > 15.0°)
40522,51360,16.45,0.0,distance_exceeded (16.4m > 15.0m)
45391,67652,16.24,126.56,distance_exceeded (16.2m > 15.0m); heading_incompatible (126.6° > 15.0°)
41006,53071,0.2,33.45,heading_incompatible (33.4° > 15.0°)
45764,52684,44.23,0.0,distance_exceeded (44.2m > 15.0m)
47749,56889,0.2,72.78,heading_incompatible (72.8° > 15.0°)
48914,56191,34.3,0.0,distance_exceeded (34.3m > 15.0m)
45813,65639,12.25,147.2,heading_incompatible (147.2° > 15.0°)
40114,65361,41.04,0.0,distance_exceeded (41.0m > 15.0m)
45846,53271,31.31,75.88,distance_exceeded (31.3m > 15.0m); heading_incompatible (75.9° > 15.0°)
42977,51304,31.29,0.0,distance_exceeded (31.3m > 15.0m)
43030,51502,0.2,118.04,heading_incompatible (118.0° > 15.0°)
47728,64868,0.2,160.16,heading_incompatible (160.2° > 15.0°)
48869,54572,18.16,58.39,distance_exceeded (18.2m > 15.0m); heading_incompatible (58.4° > 15.0°)
45555,61882,18.05,163.15,distance_exceeded (18.1m > 15.0m); heading_incompatible (163.2° > 15.0°)
49119,63906,6.2,128.49,heading_incompatible (128.5° > 15.0°)
46244,56414,45.42,0.0,distance_exceeded (45.4m > 15.0m)
42903,65951,4.55,25.42,heading_incompatible (25.4° > 15.0°)
47438,55958,13.88,92.01,heading_incompatible (92.0° > 15.0°)
48736,59855,31.38,11.49,distance_exceeded (31.4m > 15.0m)
43686,68245,6.64,87.06,heading_incompatible (87.1° > 15.0°)
47208,62234,23.87,49.54,distance_exceeded (23.9m > 15.0m); heading_incompatible (49.5° > 15.0°)
48762,65671,46.14,0.0,distance_exceeded (46.1m > 15.0m)
45142,60870,0.2,99.67,heading_incompatible (99.7° > 15.0°)
46285,68039,38.8,0.0,distance_exceeded (38.8m > 15.0m)
39910,50019,22.25,39.79,distance_exceeded (22.2m > 15.0m); heading_incompatible (39.8° > 15.0°)
41755,58377,12.86,161.36,heading_incompatible (161.4° > 15.0°)
42378,49937,2.96,31.52,heading_incompatible (31.5° > 15.0°)
46593,51494,34.28,18.64,distance_exceeded (34.3m > 15.0m); heading_incompatible (18.6° > 15.0°)
43604,57367,8.88,160.99,heading_incompatible (161.0° > 15.0°)
48608,67845,13.21,31.15,heading_incompatible (31.2° > 15.0°)
48688,54783,8.83,170.48,heading_incompatible (170.5° > 15.0°)
42146,61818,33.88,31.16,distance_exceeded (33.9m > 15.0m); heading_incompatible (31.2° > 15.0°)
48354,67266,44.98,0.0,distance_exceeded (45.0m > 15.0m)
46342,60234,0.2,144.57,heading_incompatible (144.6° > 15.0°)
47057,61471,13.82,61.12,heading_incompatible (61.1° > 15.0°)
47654,52102,34.72,0.0,distance_exceeded (34.7m > 15.0m)
42496,63509,42.07,0.0,distance_exceeded (42.1m > 15.0m)
42244,62243,30.19,57.99,distance_exceeded (30.2m > 15.0m); heading_incompatible (58.0° > 15.0°)
45841,53274,37.56,125.01,distance_exceeded (37.6m > 15.0m); heading_incompatible (125.0° > 15.0°)
47372,62977,0.2,174.99,heading_incompatible (175.0° > 15.0°)
43425,67842,14.84,150.88,heading_incompatible (150.9° > 15.0°)
40876,52303,13.62,71.24,heading_incompatible (71.2° > 15.0°)
47094,68401,0.21,116.96,heading_incompatible (117.0° > 15.0°)
40823,51941,0.2,112.4,heading_incompatible (112.4° > 15.0°)
40088,52271,27.47,0.0,distance_exceeded (27.5m > 15.0m)
45505,70556,10.36,179.13,heading_incompatible (179.1° > 15.0°)
43733,54091,0.36,146.03,heading_incompatible (146.0° > 15.0°)
46660,59401,7.66,79.97,heading_incompatible (80.0° > 15.0°)
48503,51630,1.65,68.06,heading_incompatible (68.1° > 15.0°)
41805,59499,20.84,77.53,distance_exceeded (20.8m > 15.0m); heading_incompatible (77.5° > 15.0°)
45988,54535,28.77,80.31,distance_exceeded (28.8m > 15.0m); heading_incompatible (80.3° > 15.0°)
47634,66263,0.2,78.69,heading_incompatible (78.7° > 15.0°)
48860,50606,19.04,134.46,distance_exceeded (19.0m > 15.0m); heading_incompatible (134.5° > 15.0°)
48846,52873,0.2,151.03,heading_incompatible (151.0° > 15.0°)
42816,69609,33.14,82.49,distance_exceeded (33.1m > 15.0m); heading_incompatible (82.5° > 15.0°)
45528,59748,7.87,49.34,heading_incompatible (49.3° > 15.0°)
42529,63716,32.68,7.16,distance_exceeded (32.7m > 15.0m)
41927,60449,38.91,0.0,distance_exceeded (38.9m > 15.0m)
45267,52077,16.37,71.54,distance_exceeded (16.4m > 15.0m); heading_incompatible (71.5° > 15.0°)
40987,51434,38.01,0.0,distance_exceeded (38.0m > 15.0m)
49150,70197,27.45,10.73,distance_exceeded (27.5m > 15.0m)
44567,54646,0.2,83.01,heading_incompatible (83.0° > 15.0°)
48523,55407,5.14,163.63,heading_incompatible (163.6° > 15.0°)
43042,66257,21.28,21.91,distance_exceeded (21.3m > 15.0m); heading_incompatible (21.9° > 15.0°)
48551,53772,2.4,150.94,heading_incompatible (150.9° > 15.0°)
48175,71163,25.26,0.0,distance_exceeded (25.3m > 15.0m)
48009,51032,6.77,38.07,heading_incompatible (38.1° > 15.0°)
45200,50485,10.09,174.6,heading_incompatible (174.6° > 15.0°)
46225,56479,31.29,81.74,distance_exceeded (31.3m > 15.0m); heading_incompatible (81.7° > 15.0°)
42239,63799,12.58,108.32,heading_incompatible (108.3° > 15.0°)
43927,68106,15.75,0.0,distance_exceeded (15.7m > 15.0m)
42861,65746,16.81,179.74,distance_exceeded (16.8m > 15.0m); heading_incompatible (179.7° > 15.0°)
49585,59179,0.2,105.02,heading_incompatible (105.0° > 15.0°)
45833,68946,28.2,57.84,distance_exceeded (28.2m > 15.0m); heading_incompatible (57.8° > 15.0°)
48059,66094,43.99,137.57,distance_exceeded (44.0m > 15.0m); heading_incompatible (137.6° > 15.0°)
44740,70647,33.24,56.43,distance_exceeded (33.2m > 15.0m); heading_incompatible (56.4° > 15.0°)
49635,50952,29.03,70.45,distance_exceeded (29.0m > 15.0m); heading_incompatible (70.4° > 15.0°)
40936,52517,24.79,130.97,distance_exceeded (24.8m > 15.0m); heading_incompatible (131.0° > 15.0°)
40642,57423,11.66,74.23,heading_incompatible (74.2° > 15.0°)
40175,49955,11.17,151.33,heading_incompatible (151.3° > 15.0°)
40485,71385,24.62,11.39,distance_exceeded (24.6m > 15.0m)
45436,63349,23.64,87.72,distance_exceeded (23.6m > 15.0m); heading_incompatible (87.7° > 15.0°)
48955,67075,8.46,20.63,heading_incompatible (20.6° > 15.0°)
39844,70549,49.65,81.1,distance_exceeded (49.7m > 15.0m); heading_incompatible (81.1° > 15.0°)
42868,64359,0.2,94.4,heading_incompatible (94.4° > 15.0°)
42895,65894,0.61,84.06,heading_incompatible (84.1° > 15.0°)
41406,56488,38.54,0.0,distance_exceeded (38.5m > 15.0m)
46802,60315,1.95,67.87,heading_incompatible (67.9° > 15.0°)
45061,50898,0.2,85.15,heading_incompatible (85.2° > 15.0°)
45876,53605,0.2,136.84,heading_incompatible (136.8° > 15.0°)
43671,56538,37.06,151.52,distance_exceeded (37.1m > 15.0m); heading_incompatible (151.5° > 15.0°)
43357,67234,26.0,9.22,distance_exceeded (26.0m > 15.0m)
41446,57134,38.5,88.61,distance_exceeded (38.5m > 15.0m); heading_incompatible (88.6° > 15.0°)
40948,54396,25.61,135.47,distance_exceeded (25.6m > 15.0m); heading_incompatible (135.5° > 15.0°)
40754,61876,37.27,19.35,distance_exceeded (37.3m > 15.0m); heading_incompatible (19.3° > 15.0°)
43634,64367,0.2,84.15,heading_incompatible (84.2° > 15.0°)
49660,69492,18.31,27.73,distance_exceeded (18.3m > 15.0m); heading_incompatible (27.7° > 15.0°)
45451,70380,4.83,84.55,heading_incompatible (84.6° > 15.0°)
48593,67778,6.79,61.73,heading_incompatible (61.7° > 15.0°)
40005,57234,23.23,89.6,distance_exceeded (23.2m > 15.0m); heading_incompatible (89.6° > 15.0°)
48842,70411,0.2,84.5,heading_incompatible (84.5° > 15.0°)
46221,56278,23.06,0.0,distance_exceeded (23.1m > 15.0m)
40420,60307,23.36,112.64,distance_exceeded (23.4m > 15.0m); heading_incompatible (112.6° > 15.0°)
47447,63313,12.3,72.58,heading_incompatible (72.6° > 15.0°)
40362,69136,21.52,0.0,distance_exceeded (21.5m > 15.0m)
48337,67269,19.75,126.92,distance_exceeded (19.8m > 15.0m); heading_incompatible (126.9° > 15.0°)
46996,54613,16.17,0.0,distance_exceeded (16.2m > 15.0m)
46312,57250,21.35,126.8,distance_exceeded (21.3m > 15.0m); heading_incompatible (126.8° > 15.0°)
47556,64020,34.73,0.0,distance_exceeded (34.7m > 15.0m)
43976,68856,13.08,33.4,heading_incompatible (33.4° > 15.0°)
43655,71217,0.87,79.05,heading_incompatible (79.0° > 15.0°)
42045,61235,41.27,16.31,distance_exceeded (41.3m > 15.0m); heading_incompatible (16.3° > 15.0°)
48952,64989,24.03,65.07,distance_exceeded (24.0m > 15.0m); heading_incompatible (65.1° > 15.0°)
40445,59803,43.35,0.0,distance_exceeded (43.4m > 15.0m)
44258,52633,0.2,44.47,heading_incompatible (44.5° > 15.0°)
44090,72113,2.81,163.5,heading_incompatible (163.5° > 15.0°)
41890,60271,0.2,71.42,heading_incompatible (71.4° > 15.0°)
44310,70283,17.07,173.25,distance_exceeded (17.1m > 15.0m); heading_incompatible (173.3° > 15.0°)
47077,62001,19.69,164.81,distance_exceeded (19.7m > 15.0m); heading_incompatible (164.8° > 15.0°)
42979,66032,14.09,160.54,heading_incompatible (160.5° > 15.0°)
45290,62660,48.17,136.76,distance_exceeded (48.2m > 15.0m); heading_incompatible (136.8° > 15.0°)
41236,56613,5.95,154.79,heading_incompatible (154.8° > 15.0°)
46852,60576,31.85,83.37,distance_exceeded (31.9m > 15.0m); heading_incompatible (83.4° > 15.0°)
41230,58429,13.55,112.76,heading_incompatible (112.8° > 15.0°)
41823,59756,33.38,68.28,distance_exceeded (33.4m > 15.0m); heading_incompatible (68.3° > 15.0°)
44768,65732,0.2,150.76,heading_incompatible (150.8° > 15.0°)
44309,55322,4.49,80.47,heading_incompatible (80.5° > 15.0°)
46967,71730,20.9,166.89,distance_exceeded (20.9m > 15.0m); heading_incompatible (166.9° > 15.0°)
42562,62031,3.65,125.27,heading_incompatible (125.3° > 15.0°)
40103,67395,39.39,0.0,distance_exceeded (39.4m > 15.0m)
45351,59705,38.03,174.3,distance_exceeded (38.0m > 15.0m); heading_incompatible (174.3° > 15.0°)
40735,51854,3.67,149.89,heading_incompatible (149.9° > 15.0°)
45330,57974,0.73,106.72,heading_incompatible (106.7° > 15.0°)
41093,54032,23.98,113.85,distance_exceeded (24.0m > 15.0m); heading_incompatible (113.9° > 15.0°)
49535,62889,0.2,43.9,heading_incompatible (43.9° > 15.0°)
43409,66402,26.7,102.31,distance_exceeded (26.7m > 15.0m); heading_incompatible (102.3° > 15.0°)
47553,64005,27.66,82.36,distance_exceeded (27.7m > 15.0m); heading_incompatible (82.4° > 15.0°)
48611,67913,22.27,25.8,distance_exceeded (22.3m > 15.0m); heading_incompatible (25.8° > 15.0°)
49509,51127,13.05,98.41,heading_incompatible (98.4° > 15.0°)
41915,60397,42.25,0.0,distance_exceeded (42.3m > 15.0m)
45284,64967,46.14,140.59,distance_exceeded (46.1m > 15.0m); heading_incompatible (140.6° > 15.0°)
46470,58049,27.33,0.0,distance_exceeded (27.3m > 15.0m)
46728,59880,3.75,87.96,heading_incompatible (88.0° > 15.0°)
45977,52708,0.2,96.07,heading_incompatible (96.1° > 15.0°)
48883,71247,26.2,0.0,distance_exceeded (26.2m > 15.0m)
40796,50771,46.94,148.23,distance_exceeded (46.9m > 15.0m); heading_incompatible (148.2° > 15.0°)
45776,51449,0.2,81.14,heading_incompatible (81.1° > 15.0°)
46838,60557,1.34,148.5,heading_incompatible (148.5° > 15.0°)
46013,70542,2.6,178.29,heading_incompatible (178.3° > 15.0°)
40957,65019,0.2,156.46,heading_incompatible (156.5° > 15.0°)
45117,69971,7.71,66.05,heading_incompatible (66.0° > 15.0°)
45303,51097,48.45,27.06,distance_exceeded (48.5m > 15.0m); heading_incompatible (27.1° > 15.0°)
42438,68643,4.31,129.18,heading_incompatible (129.2° > 15.0°)
47511,65656,9.42,98.99,heading_incompatible (99.0° > 15.0°)
44379,51723,0.2,128.39,heading_incompatible (128.4° > 15.0°)
43315,55410,21.48,0.0,distance_exceeded (21.5m > 15.0m)
48392,69711,23.06,105.56,distance_exceeded (23.1m > 15.0m); heading_incompatible (105.6° > 15.0°)
45372,69396,8.3,97.02,heading_incompatible (97.0° > 15.0°)
44197,72535,2.63,67.9,heading_incompatible (67.9° > 15.0°)
46012,51737,18.08,171.8,distance_exceeded (18.1m > 15.0m); heading_incompatible (171.8° > 15.0°)
40375,50876,48.44,179.87,distance_exceeded (48.4m > 15.0m); heading_incompatible (179.9° > 15.0°)
48142,63414,30.01,133.79,distance_exceeded (30.0m > 15.0m); heading_incompatible (133.8° > 15.0°)
44153,55283,5.95,177.67,heading_incompatible (177.7° > 15.0°)
48976,67627,0.2,132.76,heading_incompatible (132.8° > 15.0°)
43550,55762,26.26,10.51,distance_exceeded (26.3m > 15.0m)
45329,55773,9.12,33.8,heading_incompatible (33.8° > 15.0°)
48012,66000,0.2,33.81,heading_incompatible (33.8° > 15.0°)
48513,55915,0.2,87.42,heading_incompatible (87.4° > 15.0°)
44240,52379,9.8,114.3,heading_incompatible (114.3° > 15.0°)
43562,63399,3.59,178.11,heading_incompatible (178.1° > 15.0°)
46335,60754,48.74,29.02,distance_exceeded (48.7m > 15.0m); heading_incompatible (29.0° > 15.0°)
48814,68452,2.39,121.68,heading_incompatible (121.7° > 15.0°)
40520,53327,30.33,0.0,distance_exceeded (30.3m > 15.0m)
44371,71302,0.2,61.98,heading_incompatible (62.0° > 15.0°)
48452,55849,17.91,82.76,distance_exceeded (17.9m > 15.0m); heading_incompatible (82.8° > 15.0°)
45959,54279,43.95,103.2,distance_exceeded (44.0m > 15.0m); heading_incompatible (103.2° > 15.0°)
46422,58073,23.5,4.88,distance_exceeded (23.5m > 15.0m)
42043,61231,39.38,0.0,distance_exceeded (39.4m > 15.0m)
46073,54923,32.43,97.88,distance_exceeded (32.4m > 15.0m); heading_incompatible (97.9° > 15.0°)
43123,57734,14.96,99.87,heading_incompatible (99.9° > 15.0°)
46194,56102,3.73,88.82,heading_incompatible (88.8° > 15.0°)
40776,65310,3.74,68.47,heading_incompatible (68.5° > 15.0°)
42371,62810,37.18,178.05,distance_exceeded (37.2m > 15.0m); heading_incompatible (178.0° > 15.0°)
49654,69587,0.2,21.41,heading_incompatible (21.4° > 15.0°)
45466,52403,16.15,133.87,distance_exceeded (16.1m > 15.0m); heading_incompatible (133.9° > 15.0°)
48166,66341,18.07,0.0,distance_exceeded (18.1m > 15.0m)
42674,54506,2.74,174.7,heading_incompatible (174.7° > 15.0°)
43381,62164,34.79,128.39,distance_exceeded (34.8m > 15.0m); heading_incompatible (128.4° > 15.0°)
45006,56821,1.42,158.72,heading_incompatible (158.7° > 15.0°)
41614,58055,45.64,0.0,distance_exceeded (45.6m > 15.0m)
48186,66775,29.2,8.38,distance_exceeded (29.2m > 15.0m)
47239,66297,10.69,20.42,heading_incompatible (20.4° > 15.0°)
45488,53656,16.65,115.8,distance_exceeded (16.7m > 15.0m); heading_incompatible (115.8° > 15.0°)
47700,56980,17.41,43.2,distance_exceeded (17.4m > 15.0m); heading_incompatible (43.2° > 15.0°)
48741,67079,16.14,80.57,distance_exceeded (16.1m > 15.0m); heading_incompatible (80.6° > 15.0°)
46893,60855,41.82,3.61,distance_exceeded (41.8m > 15.0m)
44696,50412,0.2,90.1,heading_incompatible (90.1° > 15.0°)
43480,59911,25.4,178.86,distance_exceeded (25.4m > 15.0m); heading_incompatible (178.9° > 15.0°)
42217,59847,25.45,33.48,distance_exceeded (25.5m > 15.0m); heading_incompatible (33.5° > 15.0°)
49718,61255,17.97,103.9,distance_exceeded (18.0m > 15.0m); heading_incompatible (103.9° > 15.0°)
47064,61960,6.22,140.0,heading_incompatible (140.0° > 15.0°)
41936,60494,19.0,93.81,distance_exceeded (19.0m > 15.0m); heading_incompatible (93.8° > 15.0°)
42909,71420,18.78,93.19,distance_exceeded (18.8m > 15.0m); heading_incompatible (93.2° > 15.0°)
48431,71867,5.95,177.0,heading_incompatible (177.0° > 15.0°)
49568,53157,12.87,123.12,heading_incompatible (123.1° > 15.0°)
44930,64531,8.78,146.3,heading_incompatible (146.3° > 15.0°)
40503,51153,13.97,40.79,heading_incompatible (40.8° > 15.0°)
45963,54202,6.05,90.51,heading_incompatible (90.5° > 15.0°)
47827,65037,18.8,115.78,distance_exceeded (18.8m > 15.0m); heading_incompatible (115.8° > 15.0°)
44306,51505,46.03,65.08,distance_exceeded (46.0m > 15.0m); heading_incompatible (65.1° > 15.0°)
46511,58432,37.0,2.27,distance_exceeded (37.0m > 15.0m)
44005,71788,28.85,37.58,distance_exceeded (28.9m > 15.0m); heading_incompatible (37.6° > 15.0°)
45581,72020,14.58,108.91,heading_incompatible (108.9° > 15.0°)
40123,59505,48.24,0.0,distance_exceeded (48.2m > 15.0m)
46818,60338,21.55,0.0,distance_exceeded (21.6m > 15.0m)
42482,52358,18.59,49.16,distance_exceeded (18.6m > 15.0m); heading_incompatible (49.2° > 15.0°)
47729,53464,37.07,159.73,distance_exceeded (37.1m > 15.0m); heading_incompatible (159.7° > 15.0°)
41669,60094,18.77,0.0,distance_exceeded (18.8m > 15.0m)
45910,69903,5.5,119.45,heading_incompatible (119.4° > 15.0°)
44647,65358,28.6,156.14,distance_exceeded (28.6m > 15.0m); heading_incompatible (156.1° > 15.0°)
48249,50605,47.56,89.97,distance_exceeded (47.6m > 15.0m); heading_incompatible (90.0° > 15.0°)
42430,63060,3.33,119.27,heading_incompatible (119.3° > 15.0°)
44978,56940,3.43,109.38,heading_incompatible (109.4° > 15.0°)
48415,56807,2.32,113.44,heading_incompatible (113.4° > 15.0°)
45773,65571,0.2,153.63,heading_incompatible (153.6° > 15.0°)
48906,68546,26.28,139.27,distance_exceeded (26.3m > 15.0m); heading_incompatible (139.3° > 15.0°)
44257,56198,6.68,142.1,heading_incompatible (142.1° > 15.0°)
49550,67102,3.76,88.68,heading_incompatible (88.7° > 15.0°)
45135,58803,33.59,0.0,distance_exceeded (33.6m > 15.0m)
42754,67621,20.78,0.0,distance_exceeded (20.8m > 15.0m)
42200,57849,3.74,100.31,heading_incompatible (100.3° > 15.0°)
40601,60193,17.0,92.03,distance_exceeded (17.0m > 15.0m); heading_incompatible (92.0° > 15.0°)
43473,54888,18.21,75.46,distance_exceeded (18.2m > 15.0m); heading_incompatible (75.5° > 15.0°)
45460,50683,15.07,3.74,distance_exceeded (15.1m > 15.0m)
40917,52553,24.7,79.47,distance_exceeded (24.7m > 15.0m); heading_incompatible (79.5° > 15.0°)
43016,66186,0.2,139.14,heading_incompatible (139.1° > 15.0°)
47715,64579,24.05,0.0,distance_exceeded (24.1m > 15.0m)
43794,65734,11.07,95.98,heading_incompatible (96.0° > 15.0°)
43732,68637,9.21,152.88,heading_incompatible (152.9° > 15.0°)
39963,50155,0.2,116.63,heading_incompatible (116.6° > 15.0°)
44952,50254,15.67,0.0,distance_exceeded (15.7m > 15.0m)
40421,68017,16.99,0.0,distance_exceeded (17.0m > 15.0m)
42617,64292,43.59,176.68,distance_exceeded (43.6m > 15.0m); heading_incompatible (176.7° > 15.0°)
40870,54432,0.2,46.86,heading_incompatible (46.9° > 15.0°)
41204,54994,31.04,0.0,distance_exceeded (31.0m > 15.0m)
42718,65666,32.5,154.45,distance_exceeded (32.5m > 15.0m); heading_incompatible (154.4° > 15.0°)
44512,52011,10.76,36.62,heading_incompatible (36.6° > 15.0°)
42423,63726,41.59,0.0,distance_exceeded (41.6m > 15.0m)
48206,66542,6.23,103.78,heading_incompatible (103.8° > 15.0°)
45539,51921,1.29,30.02,heading_incompatible (30.0° > 15.0°)
40535,56852,9.52,120.06,heading_incompatible (120.1° > 15.0°)
49519,68575,18.88,0.0,distance_exceeded (18.9m > 15.0m)
43225,67273,24.85,85.22,distance_exceeded (24.8m > 15.0m); heading_incompatible (85.2° > 15.0°)
43681,68408,0.2,56.49,heading_incompatible (56.5° > 15.0°)
48109,56771,0.2,152.65,heading_incompatible (152.6° > 15.0°)
43905,65742,0.2,21.56,heading_incompatible (21.6° > 15.0°)
46724,64923,25.78,94.43,distance_exceeded (25.8m > 15.0m); heading_incompatible (94.4° > 15.0°)
42726,66196,37.79,7.21,distance_exceeded (37.8m > 15.0m)
40657,53352,12.98,30.16,heading_incompatible (30.2° > 15.0°)
43839,58734,0.2,101.51,heading_incompatible (101.5° > 15.0°)
48007,56945,0.2,66.6,heading_incompatible (66.6° > 15.0°)
44838,64176,5.95,90.72,heading_incompatible (90.7° > 15.0°)
48367,62741,14.04,88.44,heading_incompatible (88.4° > 15.0°)
46717,59798,38.41,11.85,distance_exceeded (38.4m > 15.0m)
42317,60245,0.2,84.59,heading_incompatible (84.6° > 15.0°)
43940,68789,19.67,165.92,distance_exceeded (19.7m > 15.0m); heading_incompatible (165.9° > 15.0°)
48051,71712,13.92,22.8,heading_incompatible (22.8° > 15.0°)
40045,66663,22.66,155.82,distance_exceeded (22.7m > 15.0m); heading_incompatible (155.8° > 15.0°)
43308,56006,10.75,95.49,heading_incompatible (95.5° > 15.0°)
44099,71854,11.53,101.88,heading_incompatible (101.9° > 15.0°)
45772,52730,23.22,174.27,distance_exceeded (23.2m > 15.0m); heading_incompatible (174.3° > 15.0°)
46308,72110,22.31,0.0,distance_exceeded (22.3m > 15.0m)
42959,59922,21.58,175.09,distance_exceeded (21.6m > 15.0m); heading_incompatible (175.1° > 15.0°)
48806,68061,0.51,114.54,heading_incompatible (114.5° > 15.0°)
40697,68057,12.79,78.9,heading_incompatible (78.9° > 15.0°)
43998,60626,48.97,130.02,distance_exceeded (49.0m > 15.0m); heading_incompatible (130.0° > 15.0°)
41151,56573,40.22,0.0,distance_exceeded (40.2m > 15.0m)
43765,51962,36.84,118.78,distance_exceeded (36.8m > 15.0m); heading_incompatible (118.8° > 15.0°)
48594,67773,22.29,0.0,distance_exceeded (22.3m > 15.0m)
42782,65151,21.81,133.62,distance_exceeded (21.8m > 15.0m); heading_incompatible (133.6° > 15.0°)
47725,64848,40.06,54.12,distance_exceeded (40.1m > 15.0m); heading_incompatible (54.1° > 15.0°)
42637,63267,24.26,0.0,distance_exceeded (24.3m > 15.0m)
39913,60619,21.68,170.86,distance_exceeded (21.7m > 15.0m); heading_incompatible (170.9° > 15.0°)
43847,61650,6.52,57.56,heading_incompatible (57.6° > 15.0°)
41736,68794,20.72,99.11,distance_exceeded (20.7m > 15.0m); heading_incompatible (99.1° > 15.0°)
44184,69310,10.12,120.37,heading_incompatible (120.4° > 15.0°)
46591,63507,37.22,0.0,distance_exceeded (37.2m > 15.0m)
40095,57065,0.2,114.56,heading_incompatible (114.6° > 15.0°)
45598,59334,23.86,171.46,distance_exceeded (23.9m > 15.0m); heading_incompatible (171.5° > 15.0°)
46070,51439,24.71,16.84,distance_exceeded (24.7m > 15.0m); heading_incompatible (16.8° > 15.0°)
44066,59666,27.37,91.75,distance_exceeded (27.4m > 15.0m); heading_incompatible (91.8° > 15.0°)
44069,71277,3.26,28.3,heading_incompatible (28.3° > 15.0°)
47220,51332,45.44,0.0,distance_exceeded (45.4m > 15.0m)
47327,62803,6.94,171.72,heading_incompatible (171.7° > 15.0°)
47490,63538,15.85,168.12,distance_exceeded (15.8m > 15.0m); heading_incompatible (168.1° > 15.0°)
44142,55529,0.2,96.09,heading_incompatible (96.1° > 15.0°)
48232,63352,5.94,92.27,heading_incompatible (92.3° > 15.0°)
48435,51140,10.19,105.63,heading_incompatible (105.6° > 15.0°)
47744,56051,33.26,0.0,distance_exceeded (33.3m > 15.0m)
48876,68515,17.33,0.0,distance_exceeded (17.3m > 15.0m)
47159,72163,5.95,63.11,heading_incompatible (63.1° > 15.0°)
44965,59473,35.3,74.04,distance_exceeded (35.3m > 15.0m); heading_incompatible (74.0° > 15.0°)
39915,69724,0.2,90.14,heading_incompatible (90.1° > 15.0°)
40141,63503,26.57,115.75,distance_exceeded (26.6m > 15.0m); heading_incompatible (115.8° > 15.0°)
47999,59837,36.43,0.0,distance_exceeded (36.4m > 15.0m)
47467,65759,40.12,111.11,distance_exceeded (40.1m > 15.0m); heading_incompatible (111.1° > 15.0°)
48980,68022,27.14,10.56,distance_exceeded (27.1m > 15.0m)
41348,56104,17.73,78.33,distance_exceeded (17.7m > 15.0m); heading_incompatible (78.3° > 15.0°)
48884,71260,38.9,0.0,distance_exceeded (38.9m > 15.0m)
43954,53684,20.46,123.92,distance_exceeded (20.5m > 15.0m); heading_incompatible (123.9° > 15.0°)
40864,52216,1.94,155.99,heading_incompatible (156.0° > 15.0°)
43047,66223,27.4,42.69,distance_exceeded (27.4m > 15.0m); heading_incompatible (42.7° > 15.0°)
43853,66417,21.15,0.0,distance_exceeded (21.1m > 15.0m)
47760,64966,12.92,56.57,heading_incompatible (56.6° > 15.0°)
46580,58940,27.62,29.95,distance_exceeded (27.6m > 15.0m); heading_incompatible (29.9° > 15.0°)
40355,72242,19.24,0.0,distance_exceeded (19.2m > 15.0m)
47740,59350,21.17,124.28,distance_exceeded (21.2m > 15.0m); heading_incompatible (124.3° > 15.0°)
47717,64698,49.06,0.0,distance_exceeded (49.1m > 15.0m)
46337,57413,28.84,10.22,distance_exceeded (28.8m > 15.0m)
41790,64900,1.76,93.53,heading_incompatible (93.5° > 15.0°)
41783,71535,19.24,169.34,distance_exceeded (19.2m > 15.0m); heading_incompatible (169.3° > 15.0°)
46768,60140,34.66,9.01,distance_exceeded (34.7m > 15.0m)
47072,61939,44.02,15.89,distance_exceeded (44.0m > 15.0m); heading_incompatible (15.9° > 15.0°)
49006,51931,5.04,147.96,heading_incompatible (148.0° > 15.0°)
44370,71295,3.72,73.19,heading_incompatible (73.2° > 15.0°)
41797,59423,28.83,0.0,distance_exceeded (28.8m > 15.0m)
44833,62159,4.34,49.66,heading_incompatible (49.7° > 15.0°)
43280,56135,1.26,152.74,heading_incompatible (152.7° > 15.0°)
45975,69482,26.87,22.77,distance_exceeded (26.9m > 15.0m); heading_incompatible (22.8° > 15.0°)
44721,49817,12.32,52.55,heading_incompatible (52.6° > 15.0°)
42053,61280,0.62,177.85,heading_incompatible (177.8° > 15.0°)
49277,53722,40.92,0.0,distance_exceeded (40.9m > 15.0m)
47030,61733,2.97,117.55,heading_incompatible (117.6° > 15.0°)
45088,49990,45.17,0.0,distance_exceeded (45.2m > 15.0m)
47737,59343,18.92,158.21,distance_exceeded (18.9m > 15.0m); heading_incompatible (158.2° > 15.0°)
47538,72017,26.18,0.0,distance_exceeded (26.2m > 15.0m)
40210,62240,26.18,39.41,distance_exceeded (26.2m > 15.0m); heading_incompatible (39.4° > 15.0°)
42883,62047,0.2,165.54,heading_incompatible (165.5° > 15.0°)
40469,51045,0.2,134.29,heading_incompatible (134.3° > 15.0°)
39967,50139,1.01,169.65,heading_incompatible (169.6° > 15.0°)
47886,64756,34.09,31.76,distance_exceeded (34.1m > 15.0m); heading_incompatible (31.8° > 15.0°)
43043,63411,4.48,74.62,heading_incompatible (74.6° > 15.0°)
46743,59378,16.96,2.46,distance_exceeded (17.0m > 15.0m)
45609,69433,22.23,63.21,distance_exceeded (22.2m > 15.0m); heading_incompatible (63.2° > 15.0°)
46536,58491,18.99,0.0,distance_exceeded (19.0m > 15.0m)
42884,59098,1.39,85.12,heading_incompatible (85.1° > 15.0°)
46366,71338,1.12,26.65,heading_incompatible (26.7° > 15.0°)
43820,68957,13.0,110.3,heading_incompatible (110.3° > 15.0°)
44907,50750,38.96,47.36,distance_exceeded (39.0m > 15.0m); heading_incompatible (47.4° > 15.0°)
42094,61046,23.74,105.36,distance_exceeded (23.7m > 15.0m); heading_incompatible (105.4° > 15.0°)
49506,69812,1.46,53.06,heading_incompatible (53.1° > 15.0°)
40514,51253,18.35,91.72,distance_exceeded (18.4m > 15.0m); heading_incompatible (91.7° > 15.0°)
41958,60560,15.71,97.0,distance_exceeded (15.7m > 15.0m); heading_incompatible (97.0° > 15.0°)
45508,71833,0.2,152.02,heading_incompatible (152.0° > 15.0°)
49325,52497,22.46,18.19,distance_exceeded (22.5m > 15.0m); heading_incompatible (18.2° > 15.0°)
46439,57998,21.43,138.32,distance_exceeded (21.4m > 15.0m); heading_incompatible (138.3° > 15.0°)
47196,62265,0.2,89.48,heading_incompatible (89.5° > 15.0°)
40155,69849,38.38,167.69,distance_exceeded (38.4m > 15.0m); heading_incompatible (167.7° > 15.0°)
48336,67203,22.42,79.38,distance_exceeded (22.4m > 15.0m); heading_incompatible (79.4° > 15.0°)
49641,66206,35.37,131.0,distance_exceeded (35.4m > 15.0m); heading_incompatible (131.0° > 15.0°)
41901,70748,49.01,177.74,distance_exceeded (49.0m > 15.0m); heading_incompatible (177.7° > 15.0°)
47711,63870,19.26,41.43,distance_exceeded (19.3m > 15.0m); heading_incompatible (41.4° > 15.0°)
45357,59730,20.58,0.0,distance_exceeded (20.6m > 15.0m)
47941,63416,26.12,1.98,distance_exceeded (26.1m > 15.0m)
43349,67256,16.42,102.47,distance_exceeded (16.4m > 15.0m); heading_incompatible (102.5° > 15.0°)
43636,68755,0.2,122.77,heading_incompatible (122.8° > 15.0°)
49582,70457,11.92,90.1,heading_incompatible (90.1° > 15.0°)
45784,53017,10.19,55.26,heading_incompatible (55.3° > 15.0°)
41715,58879,4.49,100.74,heading_incompatible (100.7° > 15.0°)
41664,55214,0.2,95.98,heading_incompatible (96.0° > 15.0°)
42612,71836,12.18,107.93,heading_incompatible (107.9° > 15.0°)
47846,66490,9.01,27.88,heading_incompatible (27.9° > 15.0°)
41684,58530,44.27,0.0,distance_exceeded (44.3m > 15.0m)
47684,51810,1.16,68.76,heading_incompatible (68.8° > 15.0°)
43388,60713,21.32,113.0,distance_exceeded (21.3m > 15.0m); heading_incompatible (113.0° > 15.0°)
40270,52879,39.41,21.9,distance_exceeded (39.4m > 15.0m); heading_incompatible (21.9° > 15.0°)
48925,68161,0.2,75.7,heading_incompatible (75.7° > 15.0°)
49544,54510,15.53,0.0,distance_exceeded (15.5m > 15.0m)
40115,57788,24.84,23.87,distance_exceeded (24.8m > 15.0m); heading_incompatible (23.9° > 15.0°)
42210,57678,40.62,169.88,distance_exceeded (40.6m > 15.0m); heading_incompatible (169.9° > 15.0°)
43689,72278,25.22,28.0,distance_exceeded (25.2m > 15.0m); heading_incompatible (28.0° > 15.0°)
47134,67709,0.2,177.57,heading_incompatible (177.6° > 15.0°)
40739,61309,5.95,27.02,heading_incompatible (27.0° > 15.0°)
44928,66063,8.71,177.84,heading_incompatible (177.8° > 15.0°)
49049,49963,27.6,0.0,distance_exceeded (27.6m > 15.0m)
49486,50202,5.26,172.13,heading_incompatible (172.1° > 15.0°)
49020,68402,20.35,0.0,distance_exceeded (20.3m > 15.0m)
48169,66356,37.79,0.0,distance_exceeded (37.8m > 15.0m)
42809,70577,0.2,162.71,heading_incompatible (162.7° > 15.0°)
48061,66098,7.35,26.52,heading_incompatible (26.5° > 15.0°)
42001,61750,1.18,32.16,heading_incompatible (32.2° > 15.0°)
41303,51424,6.74,153.14,heading_incompatible (153.1° > 15.0°)
44039,69686,3.09,159.0,heading_incompatible (159.0° > 15.0°)
44988,57060,4.32,132.86,heading_incompatible (132.9° > 15.0°)
48139,64345,19.09,98.05,distance_exceeded (19.1m > 15.0m); heading_incompatible (98.0° > 15.0°)
43667,65481,23.47,114.68,distance_exceeded (23.5m > 15.0m); heading_incompatible (114.7° > 15.0°)
45686,52214,18.45,35.01,distance_exceeded (18.4m > 15.0m); heading_incompatible (35.0° > 15.0°)
48766,72173,43.8,0.0,distance_exceeded (43.8m > 15.0m)
46792,60288,28.78,9.81,distance_exceeded (28.8m > 15.0m)
39997,49784,4.55,57.78,heading_incompatible (57.8° > 15.0°)
49545,71878,12.54,88.25,heading_incompatible (88.2° > 15.0°)
43363,67611,18.23,164.17,distance_exceeded (18.2m > 15.0m); heading_incompatible (164.2° > 15.0°)
46433,58095,0.2,179.47,heading_incompatible (179.5° > 15.0°)
40756,62667,7.1,138.39,heading_incompatible (138.4° > 15.0°)
45406,68331,4.02,19.18,heading_incompatible (19.2° > 15.0°)
44036,50234,24.8,6.17,distance_exceeded (24.8m > 15.0m)
40166,59329,0.2,122.16,heading_incompatible (122.2° > 15.0°)
46696,69918,4.88,51.42,heading_incompatible (51.4° > 15.0°)
43177,66635,17.87,0.0,distance_exceeded (17.9m > 15.0m)
40091,50962,47.5,4.36,distance_exceeded (47.5m > 15.0m)
45210,51160,11.92,167.34,heading_incompatible (167.3° > 15.0°)
41418,56541,15.58,30.85,distance_exceeded (15.6m > 15.0m); heading_incompatible (30.9° > 15.0°)
42820,63778,0.2,156.83,heading_incompatible (156.8° > 15.0°)
46090,56787,42.18,0.0,distance_exceeded (42.2m > 15.0m)
46136,55696,47.35,0.0,distance_exceeded (47.3m > 15.0m)
41549,58033,3.25,106.55,heading_incompatible (106.5° > 15.0°)
47152,53389,5.95,87.01,heading_incompatible (87.0° > 15.0°)
41705,60191,49.06,14.57,distance_exceeded (49.1m > 15.0m)
49043,52578,8.91,160.61,heading_incompatible (160.6° > 15.0°)
44288,58317,4.22,176.47,heading_incompatible (176.5° > 15.0°)
49036,63255,0.2,145.28,heading_incompatible (145.3° > 15.0°)
40150,51456,13.1,168.45,heading_incompatible (168.4° > 15.0°)
43856,59186,17.9,19.34,distance_exceeded (17.9m > 15.0m); heading_incompatible (19.3° > 15.0°)
47598,64221,30.38,70.93,distance_exceeded (30.4m > 15.0m); heading_incompatible (70.9° > 15.0°)
44480,49781,3.33,43.42,heading_incompatible (43.4° > 15.0°)
40664,64521,9.97,86.46,heading_incompatible (86.5° > 15.0°)
47520,62975,6.87,102.41,heading_incompatible (102.4° > 15.0°)
47811,52888,12.29,17.86,heading_incompatible (17.9° > 15.0°)
41906,60373,16.31,0.0,distance_exceeded (16.3m > 15.0m)
41570,64711,15.59,179.24,distance_exceeded (15.6m > 15.0m); heading_incompatible (179.2° > 15.0°)
41100,70952,44.56,128.66,distance_exceeded (44.6m > 15.0m); heading_incompatible (128.7° > 15.0°)
43369,58425,19.98,72.74,distance_exceeded (20.0m > 15.0m); heading_incompatible (72.7° > 15.0°)
42788,50353,13.02,49.7,heading_incompatible (49.7° > 15.0°)
41296,65674,7.42,91.68,heading_incompatible (91.7° > 15.0°)
46032,55011,12.33,157.31,heading_incompatible (157.3° > 15.0°)
47437,55619,3.64,149.09,heading_incompatible (149.1° > 15.0°)
40472,53956,38.68,0.0,distance_exceeded (38.7m > 15.0m)
46458,58134,25.08,92.42,distance_exceeded (25.1m > 15.0m); heading_incompatible (92.4° > 15.0°)
49127,60774,46.63,122.43,distance_exceeded (46.6m > 15.0m); heading_incompatible (122.4° > 15.0°)
45151,65275,5.34,156.3,heading_incompatible (156.3° > 15.0°)
43819,68953,16.19,159.62,distance_exceeded (16.2m > 15.0m); heading_incompatible (159.6° > 15.0°)
49633,69184,16.99,9.36,distance_exceeded (17.0m > 15.0m)
48859,69259,0.2,140.89,heading_incompatible (140.9° > 15.0°)
44152,58795,14.14,169.32,heading_incompatible (169.3° > 15.0°)
43384,53777,38.46,0.0,distance_exceeded (38.5m > 15.0m)
39893,69377,6.22,154.42,heading_incompatible (154.4° > 15.0°)
42345,64436,0.2,175.81,heading_incompatible (175.8° > 15.0°)
46540,66199,42.44,0.0,distance_exceeded (42.4m > 15.0m)
42873,63194,23.19,0.0,distance_exceeded (23.2m > 15.0m)
44809,67151,47.09,0.0,distance_exceeded (47.1m > 15.0m)
43851,57345,18.07,56.26,distance_exceeded (18.1m > 15.0m); heading_incompatible (56.3° > 15.0°)
46705,64790,0.53,127.98,heading_incompatible (128.0° > 15.0°)
42207,61194,41.55,0.0,distance_exceeded (41.6m > 15.0m)
44751,50571,0.45,26.93,heading_incompatible (26.9° > 15.0°)
43180,66926,12.81,77.78,heading_incompatible (77.8° > 15.0°)
43010,68133,0.2,63.51,heading_incompatible (63.5° > 15.0°)
41819,59189,45.18,73.14,distance_exceeded (45.2m > 15.0m); heading_incompatible (73.1° > 15.0°)
44886,69541,0.2,88.66,heading_incompatible (88.7° > 15.0°)
48456,66387,36.23,0.0,distance_exceeded (36.2m > 15.0m)
40654,71906,1.81,167.33,heading_incompatible (167.3° > 15.0°)
45799,52858,20.28,172.5,distance_exceeded (20.3m > 15.0m); heading_incompatible (172.5° > 15.0°)
46206,49999,17.14,29.25,distance_exceeded (17.1m > 15.0m); heading_incompatible (29.2° > 15.0°)
44275,51372,14.27,163.64,heading_incompatible (163.6° > 15.0°)
46640,59262,42.43,80.22,distance_exceeded (42.4m > 15.0m); heading_incompatible (80.2° > 15.0°)
42063,61365,17.5,0.0,distance_exceeded (17.5m > 15.0m)
43599,68524,0.2,111.07,heading_incompatible (111.1° > 15.0°)
49005,68745,26.17,84.63,distance_exceeded (26.2m > 15.0m); heading_incompatible (84.6° > 15.0°)
47647,63225,0.2,132.06,heading_incompatible (132.1° > 15.0°)
41083,53977,7.03,139.95,heading_incompatible (140.0° > 15.0°)
42716,62577,27.72,0.96,distance_exceeded (27.7m > 15.0m)
48543,71686,10.91,175.96,heading_incompatible (176.0° > 15.0°)
45052,53144,1.42,52.13,heading_incompatible (52.1° > 15.0°)
49559,50753,37.77,31.42,distance_exceeded (37.8m > 15.0m); heading_incompatible (31.4° > 15.0°)
45223,57190,27.34,21.13,distance_exceeded (27.3m > 15.0m); heading_incompatible (21.1° > 15.0°)
42057,66019,0.2,155.49,heading_incompatible (155.5° > 15.0°)
47683,55087,1.53,88.07,heading_incompatible (88.1° > 15.0°)
43346,51662,11.89,178.79,heading_incompatible (178.8° > 15.0°)
44889,69121,13.26,86.45,heading_incompatible (86.4° > 15.0°)
46711,59503,18.26,142.35,distance_exceeded (18.3m > 15.0m); heading_incompatible (142.4° > 15.0°)
45164,50843,18.97,176.29,distance_exceeded (19.0m > 15.0m); heading_incompatible (176.3° > 15.0°)
41198,55132,43.22,0.0,distance_exceeded (43.2m > 15.0m)
44908,50124,25.31,104.88,distance_exceeded (25.3m > 15.0m); heading_incompatible (104.9° > 15.0°)
43652,71254,38.9,0.0,distance_exceeded (38.9m > 15.0m)
40904,52407,10.72,18.12,heading_incompatible (18.1° > 15.0°)
42412,71894,0.2,126.93,heading_incompatible (126.9° > 15.0°)
45671,52151,42.15,108.2,distance_exceeded (42.1m > 15.0m); heading_incompatible (108.2° > 15.0°)
42847,53630,19.36,0.0,distance_exceeded (19.4m > 15.0m)
43868,63481,5.06,46.55,heading_incompatible (46.5° > 15.0°)
45049,51315,4.08,124.25,heading_incompatible (124.2° > 15.0°)
41703,58714,18.01,0.0,distance_exceeded (18.0m > 15.0m)
42837,59454,0.2,96.72,heading_incompatible (96.7° > 15.0°)
40961,52783,45.1,0.0,distance_exceeded (45.1m > 15.0m)
44053,59691,39.95,144.79,distance_exceeded (39.9m > 15.0m); heading_incompatible (144.8° > 15.0°)
43509,68286,24.21,0.0,distance_exceeded (24.2m > 15.0m)
47805,50402,11.39,130.22,heading_incompatible (130.2° > 15.0°)
41943,60505,12.94,32.0,heading_incompatible (32.0° > 15.0°)
46291,57664,15.74,61.53,distance_exceeded (15.7m > 15.0m); heading_incompatible (61.5° > 15.0°)
49693,69565,0.2,38.27,heading_incompatible (38.3° > 15.0°)
47500,63758,28.9,22.79,distance_exceeded (28.9m > 15.0m); heading_incompatible (22.8° > 15.0°)
43742,52618,15.32,71.87,distance_exceeded (15.3m > 15.0m); heading_incompatible (71.9° > 15.0°)
41899,60303,17.85,90.96,distance_exceeded (17.8m > 15.0m); heading_incompatible (91.0° > 15.0°)
42188,56170,29.26,0.0,distance_exceeded (29.3m > 15.0m)
45573,62340,4.73,129.69,heading_incompatible (129.7° > 15.0°)
49110,68797,1.21,25.28,heading_incompatible (25.3° > 15.0°)
46138,55715,22.98,13.2,distance_exceeded (23.0m > 15.0m)
40145,49820,5.95,137.62,heading_incompatible (137.6° > 15.0°)
41857,71629,6.12,176.19,heading_incompatible (176.2° > 15.0°)
48235,68894,3.51,83.0,heading_incompatible (83.0° > 15.0°)
42694,63122,47.99,0.0,distance_exceeded (48.0m > 15.0m)
40336,71283,32.65,23.92,distance_exceeded (32.6m > 15.0m); heading_incompatible (23.9° > 15.0°)
48273,66851,10.9,76.7,heading_incompatible (76.7° > 15.0°)
41548,57774,9.09,99.18,heading_incompatible (99.2° > 15.0°)
47848,66474,14.76,23.27,heading_incompatible (23.3° > 15.0°)
43441,55856,0.25,92.42,heading_incompatible (92.4° > 15.0°)
46961,61408,2.3,17.04,heading_incompatible (17.0° > 15.0°)
46395,51219,38.94,0.0,distance_exceeded (38.9m > 15.0m)
47537,72003,38.4,62.22,distance_exceeded (38.4m > 15.0m); heading_incompatible (62.2° > 15.0°)
48771,62608,4.78,96.05,heading_incompatible (96.0° > 15.0°)
41956,60525,8.87,74.61,heading_incompatible (74.6° > 15.0°)
43430,54287,1.35,57.46,heading_incompatible (57.5° > 15.0°)
44923,54957,42.1,168.68,distance_exceeded (42.1m > 15.0m); heading_incompatible (168.7° > 15.0°)
40418,59560,22.37,117.25,distance_exceeded (22.4m > 15.0m); heading_incompatible (117.2° > 15.0°)
41035,70860,3.82,83.8,heading_incompatible (83.8° > 15.0°)
42501,63534,28.84,0.0,distance_exceeded (28.8m > 15.0m)
48469,61809,12.07,16.14,heading_incompatible (16.1° > 15.0°)
40763,67887,26.45,148.88,distance_exceeded (26.5m > 15.0m); heading_incompatible (148.9° > 15.0°)
40505,51172,10.86,16.62,heading_incompatible (16.6° > 15.0°)
43842,58850,13.24,53.72,heading_incompatible (53.7° > 15.0°)
49306,55468,6.31,77.42,heading_incompatible (77.4° > 15.0°)
47800,65165,8.19,38.54,heading_incompatible (38.5° > 15.0°)
45462,51739,8.84,62.91,heading_incompatible (62.9° > 15.0°)
46618,59124,15.1,41.94,distance_exceeded (15.1m > 15.0m); heading_incompatible (41.9° > 15.0°)
47060,61929,47.07,0.0,distance_exceeded (47.1m > 15.0m)
49443,65660,41.7,21.59,distance_exceeded (41.7m > 15.0m); heading_incompatible (21.6° > 15.0°)
44268,69670,8.23,146.81,heading_incompatible (146.8° > 15.0°)
49453,51783,2.93,85.77,heading_incompatible (85.8° > 15.0°)
43910,66175,3.62,88.42,heading_incompatible (88.4° > 15.0°)
39923,51705,33.76,146.93,distance_exceeded (33.8m > 15.0m); heading_incompatible (146.9° > 15.0°)
45861,52777,0.2,83.09,heading_incompatible (83.1° > 15.0°)
48029,59147,45.72,59.15,distance_exceeded (45.7m > 15.0m); heading_incompatible (59.2° > 15.0°)
43467,66400,27.84,1.95,distance_exceeded (27.8m > 15.0m)
43427,67876,10.37,93.06,heading_incompatible (93.1° > 15.0°)
43701,51192,19.29,90.01,distance_exceeded (19.3m > 15.0m); heading_incompatible (90.0° > 15.0°)
41099,69503,14.6,36.21,heading_incompatible (36.2° > 15.0°)
48218,66583,33.69,15.75,distance_exceeded (33.7m > 15.0m); heading_incompatible (15.8° > 15.0°)
45287,58325,13.66,158.63,heading_incompatible (158.6° > 15.0°)
41676,58485,18.99,0.0,distance_exceeded (19.0m > 15.0m)
45653,63931,15.45,74.99,distance_exceeded (15.5m > 15.0m); heading_incompatible (75.0° > 15.0°)
44868,51008,10.01,18.93,heading_incompatible (18.9° > 15.0°)
49590,58797,15.49,10.88,distance_exceeded (15.5m > 15.0m)
49195,64661,43.77,86.1,distance_exceeded (43.8m > 15.0m); heading_incompatible (86.1° > 15.0°)
40691,70887,0.2,46.22,heading_incompatible (46.2° > 15.0°)
41773,59292,19.77,179.14,distance_exceeded (19.8m > 15.0m); heading_incompatible (179.1° > 15.0°)
45974,61991,8.17,122.15,heading_incompatible (122.2° > 15.0°)
42404,63529,0.2,173.5,heading_incompatible (173.5° > 15.0°)
46553,58651,4.15,175.48,heading_incompatible (175.5° > 15.0°)
43107,63788,0.2,134.99,heading_incompatible (135.0° > 15.0°)
43097,54541,10.73,148.65,heading_incompatible (148.7° > 15.0°)
42983,66072,46.8,172.84,distance_exceeded (46.8m > 15.0m); heading_incompatible (172.8° > 15.0°)
40434,58780,5.42,166.85,heading_incompatible (166.9° > 15.0°)
43085,71806,0.2,63.82,heading_incompatible (63.8° > 15.0°)
43090,72252,37.01,0.0,distance_exceeded (37.0m > 15.0m)
41247,62439,41.69,0.0,distance_exceeded (41.7m > 15.0m)
43105,66529,9.94,173.62,heading_incompatible (173.6° > 15.0°)
41272,71079,34.95,77.95,distance_exceeded (34.9m > 15.0m); heading_incompatible (77.9° > 15.0°)
42931,64932,2.29,67.6,heading_incompatible (67.6° > 15.0°)
47434,50278,19.31,43.06,distance_exceeded (19.3m > 15.0m); heading_incompatible (43.1° > 15.0°)
46811,51659,23.74,0.0,distance_exceeded (23.7m > 15.0m)
48005,56896,22.15,168.58,distance_exceeded (22.1m > 15.0m); heading_incompatible (168.6° > 15.0°)
42939,65996,25.16,82.3,distance_exceeded (25.2m > 15.0m); heading_incompatible (82.3° > 15.0°)
46903,61034,38.32,123.69,distance_exceeded (38.3m > 15.0m); heading_incompatible (123.7° > 15.0°)
48031,57046,19.09,0.0,distance_exceeded (19.1m > 15.0m)
40143,49897,7.12,128.1,heading_incompatible (128.1° > 15.0°)
42981,61765,3.74,89.14,heading_incompatible (89.1° > 15.0°)
40480,51048,32.1,155.73,distance_exceeded (32.1m > 15.0m); heading_incompatible (155.7° > 15.0°)
40053,54891,20.9,0.0,distance_exceeded (20.9m > 15.0m)
48930,72276,16.11,174.59,distance_exceeded (16.1m > 15.0m); heading_incompatible (174.6° > 15.0°)
44081,72513,26.21,0.0,distance_exceeded (26.2m > 15.0m)
41028,67924,12.12,42.99,heading_incompatible (43.0° > 15.0°)
46374,51199,41.16,0.0,distance_exceeded (41.2m > 15.0m)
42077,61896,2.54,152.08,heading_incompatible (152.1° > 15.0°)
47475,50493,0.2,178.33,heading_incompatible (178.3° > 15.0°)
44778,58867,18.86,69.51,distance_exceeded (18.9m > 15.0m); heading_incompatible (69.5° > 15.0°)
46774,60217,3.06,90.82,heading_incompatible (90.8° > 15.0°)
40800,69409,5.54,159.99,heading_incompatible (160.0° > 15.0°)
40149,66604,31.12,0.0,distance_exceeded (31.1m > 15.0m)
41921,60420,42.91,0.0,distance_exceeded (42.9m > 15.0m)
44713,62924,12.87,168.34,heading_incompatible (168.3° > 15.0°)
49151,59696,39.96,122.13,distance_exceeded (40.0m > 15.0m); heading_incompatible (122.1° > 15.0°)
49139,50711,19.25,54.54,distance_exceeded (19.3m > 15.0m); heading_incompatible (54.5° > 15.0°)
42113,71752,36.18,0.0,distance_exceeded (36.2m > 15.0m)
44221,63632,41.27,0.0,distance_exceeded (41.3m > 15.0m)
40364,50896,34.04,175.98,distance_exceeded (34.0m > 15.0m); heading_incompatible (176.0° > 15.0°)
44374,62061,18.33,23.27,distance_exceeded (18.3m > 15.0m); heading_incompatible (23.3° > 15.0°)
42614,64296,42.28,0.0,distance_exceeded (42.3m > 15.0m)
45669,52130,42.32,0.0,distance_exceeded (42.3m > 15.0m)
42066,61412,11.65,107.25,heading_incompatible (107.2° > 15.0°)
44135,49732,45.77,55.37,distance_exceeded (45.8m > 15.0m); heading_incompatible (55.4° > 15.0°)
41121,54323,8.88,140.57,heading_incompatible (140.6° > 15.0°)
40919,54758,43.88,97.01,distance_exceeded (43.9m > 15.0m); heading_incompatible (97.0° > 15.0°)
42632,56428,40.11,0.0,distance_exceeded (40.1m > 15.0m)
44130,53167,13.06,53.72,heading_incompatible (53.7° > 15.0°)
47466,63440,40.65,121.38,distance_exceeded (40.6m > 15.0m); heading_incompatible (121.4° > 15.0°)
46463,58443,31.57,78.12,distance_exceeded (31.6m > 15.0m); heading_incompatible (78.1° > 15.0°)
40090,54294,20.67,9.57,distance_exceeded (20.7m > 15.0m)
43219,67175,49.5,0.0,distance_exceeded (49.5m > 15.0m)
40032,71453,8.66,158.75,heading_incompatible (158.7° > 15.0°)
40971,70770,19.21,72.73,distance_exceeded (19.2m > 15.0m); heading_incompatible (72.7° > 15.0°)
40734,70609,23.87,149.51,distance_exceeded (23.9m > 15.0m); heading_incompatible (149.5° > 15.0°)
48372,57213,20.87,10.3,distance_exceeded (20.9m > 15.0m)
41379,56460,29.1,0.0,distance_exceeded (29.1m > 15.0m)
44596,72388,19.61,91.32,distance_exceeded (19.6m > 15.0m); heading_incompatible (91.3° > 15.0°)
47870,56256,49.58,107.15,distance_exceeded (49.6m > 15.0m); heading_incompatible (107.2° > 15.0°)
45150,61011,0.2,100.95,heading_incompatible (100.9° > 15.0°)
48791,58456,14.84,169.11,heading_incompatible (169.1° > 15.0°)
46789,70752,0.49,70.34,heading_incompatible (70.3° > 15.0°)
46129,70300,49.98,0.0,distance_exceeded (50.0m > 15.0m)
43396,67734,21.49,53.27,distance_exceeded (21.5m > 15.0m); heading_incompatible (53.3° > 15.0°)
41218,55093,41.17,92.74,distance_exceeded (41.2m > 15.0m); heading_incompatible (92.7° > 15.0°)
42499,63514,0.2,178.64,heading_incompatible (178.6° > 15.0°)
40531,55604,8.93,174.25,heading_incompatible (174.3° > 15.0°)
41646,58381,8.99,75.64,heading_incompatible (75.6° > 15.0°)
47758,64960,8.62,102.32,heading_incompatible (102.3° > 15.0°)
42520,54575,0.2,153.68,heading_incompatible (153.7° > 15.0°)
42948,56943,2.91,109.78,heading_incompatible (109.8° > 15.0°)
45154,51020,19.99,0.0,distance_exceeded (20.0m > 15.0m)
43620,67369,0.2,177.33,heading_incompatible (177.3° > 15.0°)
42285,68631,5.75,152.75,heading_incompatible (152.7° > 15.0°)
46612,59143,14.24,46.62,heading_incompatible (46.6° > 15.0°)
42397,58937,1.97,157.47,heading_incompatible (157.5° > 15.0°)
43978,52911,3.71,152.38,heading_incompatible (152.4° > 15.0°)
43795,68346,25.96,120.07,distance_exceeded (26.0m > 15.0m); heading_incompatible (120.1° > 15.0°)
49232,55351,15.75,0.0,distance_exceeded (15.7m > 15.0m)
43651,71241,26.2,0.0,distance_exceeded (26.2m > 15.0m)
40157,70650,11.86,30.35,heading_incompatible (30.3° > 15.0°)
44045,67603,32.45,0.0,distance_exceeded (32.4m > 15.0m)
47340,69727,12.76,43.41,heading_incompatible (43.4° > 15.0°)
44985,57029,8.8,68.83,heading_incompatible (68.8° > 15.0°)
49560,49944,49.51,0.0,distance_exceeded (49.5m > 15.0m)
47298,50354,15.42,166.44,distance_exceeded (15.4m > 15.0m); heading_incompatible (166.4° > 15.0°)
47252,65953,45.53,0.0,distance_exceeded (45.5m > 15.0m)
41551,57802,15.47,98.62,distance_exceeded (15.5m > 15.0m); heading_incompatible (98.6° > 15.0°)
48016,59458,28.49,161.01,distance_exceeded (28.5m > 15.0m); heading_incompatible (161.0° > 15.0°)
47853,50906,19.62,0.0,distance_exceeded (19.6m > 15.0m)
42590,64118,38.04,102.45,distance_exceeded (38.0m > 15.0m); heading_incompatible (102.5° > 15.0°)
45544,56741,1.68,156.38,heading_incompatible (156.4° > 15.0°)
44411,67415,6.29,114.94,heading_incompatible (114.9° > 15.0°)
46524,68317,5.58,95.15,heading_incompatible (95.1° > 15.0°)
41672,58498,28.2,0.0,distance_exceeded (28.2m > 15.0m)
49310,55577,2.1,83.9,heading_incompatible (83.9° > 15.0°)
46850,60536,17.98,100.71,distance_exceeded (18.0m > 15.0m); heading_incompatible (100.7° > 15.0°)
45202,50488,3.11,29.64,heading_incompatible (29.6° > 15.0°)
39955,50090,16.87,98.14,distance_exceeded (16.9m > 15.0m); heading_incompatible (98.1° > 15.0°)
43488,65114,3.87,43.21,heading_incompatible (43.2° > 15.0°)
46477,58210,47.57,0.0,distance_exceeded (47.6m > 15.0m)
47189,62196,0.2,33.15,heading_incompatible (33.2° > 15.0°)
47601,64287,42.28,0.0,distance_exceeded (42.3m > 15.0m)
43187,66960,2.0,165.57,heading_incompatible (165.6° > 15.0°)
43126,66633,12.16,107.48,heading_incompatible (107.5° > 15.0°)
43680,69550,18.46,0.0,distance_exceeded (18.5m > 15.0m)
48347,67301,33.88,176.81,distance_exceeded (33.9m > 15.0m); heading_incompatible (176.8° > 15.0°)
47168,57693,15.91,0.0,distance_exceeded (15.9m > 15.0m)
45429,69643,34.15,72.74,distance_exceeded (34.2m > 15.0m); heading_incompatible (72.7° > 15.0°)
45941,68006,3.72,25.02,heading_incompatible (25.0° > 15.0°)
42255,62287,18.05,128.37,distance_exceeded (18.1m > 15.0m); heading_incompatible (128.4° > 15.0°)
40140,71400,5.95,89.56,heading_incompatible (89.6° > 15.0°)
46790,60301,21.26,72.44,distance_exceeded (21.3m > 15.0m); heading_incompatible (72.4° > 15.0°)
41244,65364,38.29,0.0,distance_exceeded (38.3m > 15.0m)
48768,67688,43.78,0.0,distance_exceeded (43.8m > 15.0m)
48579,63594,36.05,82.93,distance_exceeded (36.0m > 15.0m); heading_incompatible (82.9° > 15.0°)
42795,53108,31.86,67.7,distance_exceeded (31.9m > 15.0m); heading_incompatible (67.7° > 15.0°)
45584,54238,0.46,142.88,heading_incompatible (142.9° > 15.0°)
43367,57384,18.14,7.2,distance_exceeded (18.1m > 15.0m)
45039,54490,6.75,22.56,heading_incompatible (22.6° > 15.0°)
46500,58376,7.6,175.92,heading_incompatible (175.9° > 15.0°)
49573,53165,31.02,0.0,distance_exceeded (31.0m > 15.0m)
44168,72183,22.14,1.76,distance_exceeded (22.1m > 15.0m)
49142,58374,6.07,82.94,heading_incompatible (82.9° > 15.0°)
48738,56879,39.04,0.0,distance_exceeded (39.0m > 15.0m)
43596,69496,5.95,130.45,heading_incompatible (130.5° > 15.0°)
48718,55572,0.2,165.35,heading_incompatible (165.4° > 15.0°)
46763,60096,6.04,68.13,heading_incompatible (68.1° > 15.0°)
40219,50565,13.26,88.47,heading_incompatible (88.5° > 15.0°)
42137,61785,0.2,60.08,heading_incompatible (60.1° > 15.0°)
47938,64112,5.78,73.74,heading_incompatible (73.7° > 15.0°)
43298,63649,6.43,85.9,heading_incompatible (85.9° > 15.0°)
46036,55091,43.22,0.0,distance_exceeded (43.2m > 15.0m)
40725,59745,1.31,96.93,heading_incompatible (96.9° > 15.0°)
41346,56094,37.57,149.22,distance_exceeded (37.6m > 15.0m); heading_incompatible (149.2° > 15.0°)
46467,57777,8.73,32.79,heading_incompatible (32.8° > 15.0°)
47010,71744,41.1,145.51,distance_exceeded (41.1m > 15.0m); heading_incompatible (145.5° > 15.0°)
42055,61879,15.25,94.17,distance_exceeded (15.3m > 15.0m); heading_incompatible (94.2° > 15.0°)
45586,50233,3.03,175.54,heading_incompatible (175.5° > 15.0°)
45318,67081,7.8,48.11,heading_incompatible (48.1° > 15.0°)
42359,59605,29.73,0.0,distance_exceeded (29.7m > 15.0m)
46256,71263,33.73,138.08,distance_exceeded (33.7m > 15.0m); heading_incompatible (138.1° > 15.0°)
44404,69936,0.2,177.8,heading_incompatible (177.8° > 15.0°)
42791,50376,0.2,92.75,heading_incompatible (92.8° > 15.0°)
46504,71435,17.24,152.39,distance_exceeded (17.2m > 15.0m); heading_incompatible (152.4° > 15.0°)
45443,67915,5.82,143.03,heading_incompatible (143.0° > 15.0°)
48675,62068,15.84,166.33,distance_exceeded (15.8m > 15.0m); heading_incompatible (166.3° > 15.0°)
45924,54065,27.31,21.85,distance_exceeded (27.3m > 15.0m); heading_incompatible (21.8° > 15.0°)
43710,57623,5.95,110.81,heading_incompatible (110.8° > 15.0°)
40825,52998,22.98,111.83,distance_exceeded (23.0m > 15.0m); heading_incompatible (111.8° > 15.0°)
47831,59079,0.2,21.03,heading_incompatible (21.0° > 15.0°)
48569,65143,5.83,55.18,heading_incompatible (55.2° > 15.0°)
39995,54383,16.27,88.81,distance_exceeded (16.3m > 15.0m); heading_incompatible (88.8° > 15.0°)
40591,60912,10.21,138.11,heading_incompatible (138.1° > 15.0°)
45590,70479,33.92,121.18,distance_exceeded (33.9m > 15.0m); heading_incompatible (121.2° > 15.0°)
45397,63707,32.72,0.0,distance_exceeded (32.7m > 15.0m)
47049,59327,0.2,140.54,heading_incompatible (140.5° > 15.0°)
47814,69341,32.8,0.0,distance_exceeded (32.8m > 15.0m)
47815,68871,37.61,0.0,distance_exceeded (37.6m > 15.0m)
41239,58086,34.06,173.79,distance_exceeded (34.1m > 15.0m); heading_incompatible (173.8° > 15.0°)
44149,68869,20.3,177.49,distance_exceeded (20.3m > 15.0m); heading_incompatible (177.5° > 15.0°)
40361,72180,43.1,160.75,distance_exceeded (43.1m > 15.0m); heading_incompatible (160.7° > 15.0°)
42401,58942,7.21,90.11,heading_incompatible (90.1° > 15.0°)
47829,65000,43.46,0.0,distance_exceeded (43.5m > 15.0m)
43070,66345,37.79,0.0,distance_exceeded (37.8m > 15.0m)
41443,57075,36.43,36.57,distance_exceeded (36.4m > 15.0m); heading_incompatible (36.6° > 15.0°)
40588,60834,39.89,0.0,distance_exceeded (39.9m > 15.0m)
42064,61400,12.4,162.83,heading_incompatible (162.8° > 15.0°)
48341,67297,20.07,0.0,distance_exceeded (20.1m > 15.0m)
43455,53228,0.2,179.46,heading_incompatible (179.5° > 15.0°)
46293,50250,13.3,144.28,heading_incompatible (144.3° > 15.0°)
49493,67612,37.9,14.2,distance_exceeded (37.9m > 15.0m)
44394,50060,4.52,93.69,heading_incompatible (93.7° > 15.0°)
49528,50816,17.92,154.95,distance_exceeded (17.9m > 15.0m); heading_incompatible (154.9° > 15.0°)
46816,60319,1.9,100.61,heading_incompatible (100.6° > 15.0°)
40465,64768,0.2,165.89,heading_incompatible (165.9° > 15.0°)
49060,57806,9.1,36.72,heading_incompatible (36.7° > 15.0°)
42779,65156,12.75,47.79,heading_incompatible (47.8° > 15.0°)
43530,55551,27.66,22.11,distance_exceeded (27.7m > 15.0m); heading_incompatible (22.1° > 15.0°)
43174,66627,17.36,98.56,distance_exceeded (17.4m > 15.0m); heading_incompatible (98.6° > 15.0°)
41369,56454,10.32,68.4,heading_incompatible (68.4° > 15.0°)
42088,61577,1.12,168.91,heading_incompatible (168.9° > 15.0°)
43213,67065,44.21,88.1,distance_exceeded (44.2m > 15.0m); heading_incompatible (88.1° > 15.0°)
44717,71404,12.16,168.39,heading_incompatible (168.4° > 15.0°)
41011,53111,3.79,107.92,heading_incompatible (107.9° > 15.0°)
45212,51188,19.37,0.0,distance_exceeded (19.4m > 15.0m)
48019,59176,32.97,171.49,distance_exceeded (33.0m > 15.0m); heading_incompatible (171.5° > 15.0°)
45824,53015,4.6,179.8,heading_incompatible (179.8° > 15.0°)
49461,66109,37.97,0.0,distance_exceeded (38.0m > 15.0m)
40307,71651,9.15,104.18,heading_incompatible (104.2° > 15.0°)
45301,66988,23.98,99.02,distance_exceeded (24.0m > 15.0m); heading_incompatible (99.0° > 15.0°)
42186,64016,35.7,0.0,distance_exceeded (35.7m > 15.0m)
48697,68298,23.77,66.16,distance_exceeded (23.8m > 15.0m); heading_incompatible (66.2° > 15.0°)
46041,54992,32.55,170.13,distance_exceeded (32.5m > 15.0m); heading_incompatible (170.1° > 15.0°)
43285,67494,20.11,171.82,distance_exceeded (20.1m > 15.0m); heading_incompatible (171.8° > 15.0°)
49159,56181,33.58,121.75,distance_exceeded (33.6m > 15.0m); heading_incompatible (121.8° > 15.0°)
41438,56746,7.85,69.79,heading_incompatible (69.8° > 15.0°)
45594,57989,12.78,141.43,heading_incompatible (141.4° > 15.0°)
49516,68424,37.83,0.0,distance_exceeded (37.8m > 15.0m)
40493,51073,25.02,67.03,distance_exceeded (25.0m > 15.0m); heading_incompatible (67.0° > 15.0°)
43227,67122,26.88,103.56,distance_exceeded (26.9m > 15.0m); heading_incompatible (103.6° > 15.0°)
46673,65739,15.69,0.0,distance_exceeded (15.7m > 15.0m)
41869,49832,1.95,31.35,heading_incompatible (31.3° > 15.0°)
41114,53235,35.16,131.05,distance_exceeded (35.2m > 15.0m); heading_incompatible (131.1° > 15.0°)
49610,59278,6.89,167.9,heading_incompatible (167.9° > 15.0°)
43313,53129,0.2,78.4,heading_incompatible (78.4° > 15.0°)
49058,57511,23.62,140.67,distance_exceeded (23.6m > 15.0m); heading_incompatible (140.7° > 15.0°)
49001,55394,0.2,70.24,heading_incompatible (70.2° > 15.0°)
41331,55822,23.3,0.0,distance_exceeded (23.3m > 15.0m)
40019,68852,12.77,66.03,heading_incompatible (66.0° > 15.0°)
43888,63818,18.91,162.53,distance_exceeded (18.9m > 15.0m); heading_incompatible (162.5° > 15.0°)
43963,68752,24.69,174.5,distance_exceeded (24.7m > 15.0m); heading_incompatible (174.5° > 15.0°)
43803,64877,18.29,0.0,distance_exceeded (18.3m > 15.0m)
43194,66979,39.62,138.72,distance_exceeded (39.6m > 15.0m); heading_incompatible (138.7° > 15.0°)
46641,59289,9.98,94.35,heading_incompatible (94.3° > 15.0°)
43743,52623,30.46,24.84,distance_exceeded (30.5m > 15.0m); heading_incompatible (24.8° > 15.0°)
41744,71497,9.06,93.61,heading_incompatible (93.6° > 15.0°)
41292,55726,1.56,173.34,heading_incompatible (173.3° > 15.0°)
44419,57179,26.52,11.28,distance_exceeded (26.5m > 15.0m)
40618,53310,20.86,76.24,distance_exceeded (20.9m > 15.0m); heading_incompatible (76.2° > 15.0°)
43898,64776,6.44,135.07,heading_incompatible (135.1° > 15.0°)
43975,72424,8.75,131.56,heading_incompatible (131.6° > 15.0°)
45580,65300,2.06,112.16,heading_incompatible (112.2° > 15.0°)
47037,68647,9.31,18.39,heading_incompatible (18.4° > 15.0°)
42888,65815,43.38,101.1,distance_exceeded (43.4m > 15.0m); heading_incompatible (101.1° > 15.0°)
47541,63855,43.09,4.38,distance_exceeded (43.1m > 15.0m)
44925,50842,0.2,127.28,heading_incompatible (127.3° > 15.0°)
46508,68120,2.54,71.52,heading_incompatible (71.5° > 15.0°)
48619,56018,0.2,83.36,heading_incompatible (83.4° > 15.0°)
48255,51688,21.46,8.55,distance_exceeded (21.5m > 15.0m)
42448,55204,0.23,98.27,heading_incompatible (98.3° > 15.0°)
42473,58125,8.04,132.71,heading_incompatible (132.7° > 15.0°)
46753,60012,30.78,16.88,distance_exceeded (30.8m > 15.0m); heading_incompatible (16.9° > 15.0°)
40317,56958,27.53,130.07,distance_exceeded (27.5m > 15.0m); heading_incompatible (130.1° > 15.0°)
43494,68219,28.53,78.99,distance_exceeded (28.5m > 15.0m); heading_incompatible (79.0° > 15.0°)
41472,51337,6.32,174.29,heading_incompatible (174.3° > 15.0°)
46142,71159,39.52,82.6,distance_exceeded (39.5m > 15.0m); heading_incompatible (82.6° > 15.0°)
40838,53064,6.52,100.11,heading_incompatible (100.1° > 15.0°)
48006,56969,6.88,44.97,heading_incompatible (45.0° > 15.0°)
44160,63382,0.56,51.77,heading_incompatible (51.8° > 15.0°)
43624,72410,0.2,151.54,heading_incompatible (151.5° > 15.0°)
44334,69662,16.71,0.0,distance_exceeded (16.7m > 15.0m)
42427,63015,20.42,55.47,distance_exceeded (20.4m > 15.0m); heading_incompatible (55.5° > 15.0°)
44888,50094,33.14,61.61,distance_exceeded (33.1m > 15.0m); heading_incompatible (61.6° > 15.0°)
48204,66543,7.17,98.96,heading_incompatible (99.0° > 15.0°)
41875,70839,43.35,175.07,distance_exceeded (43.4m > 15.0m); heading_incompatible (175.1° > 15.0°)
49031,65682,0.2,30.55,heading_incompatible (30.5° > 15.0°)
46448,58063,48.3,0.0,distance_exceeded (48.3m > 15.0m)
47247,61434,10.92,175.15,heading_incompatible (175.2° > 15.0°)
47631,72060,4.99,32.63,heading_incompatible (32.6° > 15.0°)
44095,68048,10.72,58.72,heading_incompatible (58.7° > 15.0°)
48468,70693,0.87,151.47,heading_incompatible (151.5° > 15.0°)
44731,51459,31.12,0.0,distance_exceeded (31.1m > 15.0m)
43703,67972,13.69,119.07,heading_incompatible (119.1° > 15.0°)
40900,54668,22.8,8.59,distance_exceeded (22.8m > 15.0m)
42467,64309,41.2,0.0,distance_exceeded (41.2m > 15.0m)
41144,65857,12.74,136.35,heading_incompatible (136.3° > 15.0°)
43252,62727,36.85,87.71,distance_exceeded (36.8m > 15.0m); heading_incompatible (87.7° > 15.0°)
45275,64469,16.25,152.49,distance_exceeded (16.3m > 15.0m); heading_incompatible (152.5° > 15.0°)
40276,54962,0.2,15.16,heading_incompatible (15.2° > 15.0°)
46320,64515,20.39,176.66,distance_exceeded (20.4m > 15.0m); heading_incompatible (176.7° > 15.0°)
44481,49773,0.2,134.36,heading_incompatible (134.4° > 15.0°)
40424,54493,3.86,34.52,heading_incompatible (34.5° > 15.0°)
48143,63422,1.05,143.81,heading_incompatible (143.8° > 15.0°)
45670,51883,0.2,106.64,heading_incompatible (106.6° > 15.0°)
40313,57008,19.46,159.01,distance_exceeded (19.5m > 15.0m); heading_incompatible (159.0° > 15.0°)
41998,60997,25.77,0.0,distance_exceeded (25.8m > 15.0m)
42870,70719,9.25,141.94,heading_incompatible (141.9° > 15.0°)
47297,65102,39.24,164.27,distance_exceeded (39.2m > 15.0m); heading_incompatible (164.3° > 15.0°)
44946,65614,32.18,127.93,distance_exceeded (32.2m > 15.0m); heading_incompatible (127.9° > 15.0°)
47468,69459,1.85,25.01,heading_incompatible (25.0° > 15.0°)
42687,54988,38.02,0.0,distance_exceeded (38.0m > 15.0m)
42947,56967,1.98,112.96,heading_incompatible (113.0° > 15.0°)
39855,69673,15.65,16.64,distance_exceeded (15.7m > 15.0m); heading_incompatible (16.6° > 15.0°)
44858,50080,19.95,0.0,distance_exceeded (20.0m > 15.0m)
47052,61833,25.85,66.14,distance_exceeded (25.8m > 15.0m); heading_incompatible (66.1° > 15.0°)
41275,69437,30.62,98.56,distance_exceeded (30.6m > 15.0m); heading_incompatible (98.6° > 15.0°)
40000,55791,2.33,148.24,heading_incompatible (148.2° > 15.0°)
45849,53295,10.38,18.86,heading_incompatible (18.9° > 15.0°)
44104,70652,21.18,79.33,distance_exceeded (21.2m > 15.0m); heading_incompatible (79.3° > 15.0°)
47992,71098,43.72,91.55,distance_exceeded (43.7m > 15.0m); heading_incompatible (91.6° > 15.0°)
45027,54898,31.42,91.2,distance_exceeded (31.4m > 15.0m); heading_incompatible (91.2° > 15.0°)
46069,57705,27.93,67.25,distance_exceeded (27.9m > 15.0m); heading_incompatible (67.2° > 15.0°)
49387,59659,48.61,7.18,distance_exceeded (48.6m > 15.0m)
48229,69392,3.94,93.41,heading_incompatible (93.4° > 15.0°)
40266,56164,13.51,169.57,heading_incompatible (169.6° > 15.0°)
42850,68463,0.2,38.33,heading_incompatible (38.3° > 15.0°)
40650,66869,27.88,107.05,distance_exceeded (27.9m > 15.0m); heading_incompatible (107.1° > 15.0°)
46267,54580,7.73,46.53,heading_incompatible (46.5° > 15.0°)
43322,51990,48.83,0.0,distance_exceeded (48.8m > 15.0m)
43679,63736,17.53,69.97,distance_exceeded (17.5m > 15.0m); heading_incompatible (70.0° > 15.0°)
45042,66771,19.24,0.0,distance_exceeded (19.2m > 15.0m)
42254,62281,34.78,136.04,distance_exceeded (34.8m > 15.0m); heading_incompatible (136.0° > 15.0°)
47592,63344,20.48,160.4,distance_exceeded (20.5m > 15.0m); heading_incompatible (160.4° > 15.0°)
42653,64126,10.09,56.66,heading_incompatible (56.7° > 15.0°)
46627,54447,0.2,91.44,heading_incompatible (91.4° > 15.0°)
41847,59932,48.84,0.0,distance_exceeded (48.8m > 15.0m)
48978,54095,3.59,27.25,heading_incompatible (27.3° > 15.0°)
40225,68247,1.39,156.62,heading_incompatible (156.6° > 15.0°)
48480,58608,8.65,122.47,heading_incompatible (122.5° > 15.0°)
39848,64940,0.2,20.64,heading_incompatible (20.6° > 15.0°)
48970,68638,8.26,18.29,heading_incompatible (18.3° > 15.0°)
44399,50049,4.99,119.5,heading_incompatible (119.5° > 15.0°)
47145,67704,19.27,0.0,distance_exceeded (19.3m > 15.0m)
40603,59736,21.07,0.0,distance_exceeded (21.1m > 15.0m)
42672,68616,22.1,31.99,distance_exceeded (22.1m > 15.0m); heading_incompatible (32.0° > 15.0°)
42910,69279,3.58,94.59,heading_incompatible (94.6° > 15.0°)
42666,64591,15.77,72.3,distance_exceeded (15.8m > 15.0m); heading_incompatible (72.3° > 15.0°)
45484,59532,0.2,125.59,heading_incompatible (125.6° > 15.0°)
47361,62961,29.52,102.2,distance_exceeded (29.5m > 15.0m); heading_incompatible (102.2° > 15.0°)
41289,55667,46.16,0.0,distance_exceeded (46.2m > 15.0m)
45615,71552,21.18,59.6,distance_exceeded (21.2m > 15.0m); heading_incompatible (59.6° > 15.0°)
44531,50415,11.98,34.08,heading_incompatible (34.1° > 15.0°)
43897,61025,4.49,61.86,heading_incompatible (61.9° > 15.0°)
45607,50306,3.43,108.97,heading_incompatible (109.0° > 15.0°)
44395,50043,3.76,119.97,heading_incompatible (120.0° > 15.0°)
46113,54297,15.85,0.0,distance_exceeded (15.8m > 15.0m)
47486,63528,19.41,174.83,distance_exceeded (19.4m > 15.0m); heading_incompatible (174.8° > 15.0°)
43368,67648,18.18,157.2,distance_exceeded (18.2m > 15.0m); heading_incompatible (157.2° > 15.0°)
45850,64895,45.36,0.0,distance_exceeded (45.4m > 15.0m)
47506,54595,0.04,84.0,heading_incompatible (84.0° > 15.0°)
47785,59430,15.42,65.33,distance_exceeded (15.4m > 15.0m); heading_incompatible (65.3° > 15.0°)
47487,51994,28.84,0.0,distance_exceeded (28.8m > 15.0m)
41601,58144,15.83,87.58,distance_exceeded (15.8m > 15.0m); heading_incompatible (87.6° > 15.0°)
47614,64255,8.29,105.67,heading_incompatible (105.7° > 15.0°)
44299,50433,30.26,47.15,distance_exceeded (30.3m > 15.0m); heading_incompatible (47.2° > 15.0°)
48276,62328,11.8,124.77,heading_incompatible (124.8° > 15.0°)
49487,68330,3.12,177.85,heading_incompatible (177.8° > 15.0°)
48540,60689,0.77,53.64,heading_incompatible (53.6° > 15.0°)
40729,51136,16.69,0.0,distance_exceeded (16.7m > 15.0m)
46203,52382,34.21,88.83,distance_exceeded (34.2m > 15.0m); heading_incompatible (88.8° > 15.0°)
41428,66055,2.0,21.97,heading_incompatible (22.0° > 15.0°)
40412,62114,0.54,59.96,heading_incompatible (60.0° > 15.0°)
44867,62045,48.63,0.0,distance_exceeded (48.6m > 15.0m)
43431,54285,48.35,0.0,distance_exceeded (48.4m > 15.0m)
41808,59573,11.24,48.16,heading_incompatible (48.2° > 15.0°)
40549,64597,28.02,154.89,distance_exceeded (28.0m > 15.0m); heading_incompatible (154.9° > 15.0°)
45276,56205,22.69,86.37,distance_exceeded (22.7m > 15.0m); heading_incompatible (86.4° > 15.0°)
42272,71800,41.64,1.11,distance_exceeded (41.6m > 15.0m)
46871,60711,10.64,162.57,heading_incompatible (162.6° > 15.0°)
44361,50023,15.62,1.05,distance_exceeded (15.6m > 15.0m)
43158,66826,48.76,179.41,distance_exceeded (48.8m > 15.0m); heading_incompatible (179.4° > 15.0°)
49721,65665,11.13,104.79,heading_incompatible (104.8° > 15.0°)
43496,68221,27.68,0.0,distance_exceeded (27.7m > 15.0m)
48833,66405,4.12,151.71,heading_incompatible (151.7° > 15.0°)
48316,67022,29.68,0.0,distance_exceeded (29.7m > 15.0m)
44269,62091,4.71,54.69,heading_incompatible (54.7° > 15.0°)
41746,59152,26.38,13.23,distance_exceeded (26.4m > 15.0m)
41248,56799,42.18,0.0,distance_exceeded (42.2m > 15.0m)
45641,51947,11.78,41.36,heading_incompatible (41.4° > 15.0°)
40497,68866,1.54,162.33,heading_incompatible (162.3° > 15.0°)
46760,60015,27.03,0.0,distance_exceeded (27.0m > 15.0m)
43168,62143,0.2,118.23,heading_incompatible (118.2° > 15.0°)
41222,55148,24.28,33.05,distance_exceeded (24.3m > 15.0m); heading_incompatible (33.0° > 15.0°)
44976,71298,15.93,110.03,distance_exceeded (15.9m > 15.0m); heading_incompatible (110.0° > 15.0°)
40082,49809,11.63,146.96,heading_incompatible (147.0° > 15.0°)
40969,70759,14.59,129.35,heading_incompatible (129.4° > 15.0°)
47644,56776,6.88,24.74,heading_incompatible (24.7° > 15.0°)
41723,50603,14.11,67.26,heading_incompatible (67.3° > 15.0°)
44115,60717,24.13,16.94,distance_exceeded (24.1m > 15.0m); heading_incompatible (16.9° > 15.0°)
44880,70154,13.53,176.77,heading_incompatible (176.8° > 15.0°)
49117,58749,49.9,0.0,distance_exceeded (49.9m > 15.0m)
44001,54656,18.44,0.0,distance_exceeded (18.4m > 15.0m)
44977,56947,13.38,126.83,heading_incompatible (126.8° > 15.0°)
44695,66602,3.66,62.56,heading_incompatible (62.6° > 15.0°)
44879,50662,23.35,175.57,distance_exceeded (23.3m > 15.0m); heading_incompatible (175.6° > 15.0°)
47536,63863,23.59,89.81,distance_exceeded (23.6m > 15.0m); heading_incompatible (89.8° > 15.0°)
40444,59694,0.2,36.09,heading_incompatible (36.1° > 15.0°)
40372,50893,34.85,71.78,distance_exceeded (34.8m > 15.0m); heading_incompatible (71.8° > 15.0°)
41897,60290,0.2,109.67,heading_incompatible (109.7° > 15.0°)
41560,65394,25.36,101.91,distance_exceeded (25.4m > 15.0m); heading_incompatible (101.9° > 15.0°)
41802,59512,0.2,106.69,heading_incompatible (106.7° > 15.0°)
41996,60836,0.25,159.18,heading_incompatible (159.2° > 15.0°)
43923,63257,21.93,101.73,distance_exceeded (21.9m > 15.0m); heading_incompatible (101.7° > 15.0°)
48463,51804,42.42,0.0,distance_exceeded (42.4m > 15.0m)
45708,69181,2.14,151.93,heading_incompatible (151.9° > 15.0°)
41867,60029,27.03,0.0,distance_exceeded (27.0m > 15.0m)
40196,67171,0.36,90.88,heading_incompatible (90.9° > 15.0°)
41001,53021,2.26,20.0,heading_incompatible (20.0° > 15.0°)
42743,56053,23.53,0.0,distance_exceeded (23.5m > 15.0m)
44451,70286,11.99,101.95,heading_incompatible (102.0° > 15.0°)
41742,59128,21.26,145.82,distance_exceeded (21.3m > 15.0m); heading_incompatible (145.8° > 15.0°)
48073,69464,15.64,110.36,distance_exceeded (15.6m > 15.0m); heading_incompatible (110.4° > 15.0°)
47514,65492,11.06,171.98,heading_incompatible (172.0° > 15.0°)
44963,59486,25.23,0.0,distance_exceeded (25.2m > 15.0m)
44633,62409,13.17,164.65,heading_incompatible (164.7° > 15.0°)
41481,61062,15.3,0.0,distance_exceeded (15.3m > 15.0m)
41692,58612,29.53,7.26,distance_exceeded (29.5m > 15.0m)
46787,52775,40.22,70.74,distance_exceeded (40.2m > 15.0m); heading_incompatible (70.7° > 15.0°)
40047,62916,26.46,132.58,distance_exceeded (26.5m > 15.0m); heading_incompatible (132.6° > 15.0°)
42456,71416,3.37,144.05,heading_incompatible (144.0° > 15.0°)
39887,63837,7.91,81.55,heading_incompatible (81.5° > 15.0°)
48210,66201,21.8,0.0,distance_exceeded (21.8m > 15.0m)
48691,68268,21.19,170.02,distance_exceeded (21.2m > 15.0m); heading_incompatible (170.0° > 15.0°)
44077,70734,7.19,123.32,heading_incompatible (123.3° > 15.0°)
40086,52085,28.32,26.14,distance_exceeded (28.3m > 15.0m); heading_incompatible (26.1° > 15.0°)
42757,51903,36.16,60.91,distance_exceeded (36.2m > 15.0m); heading_incompatible (60.9° > 15.0°)
47566,64068,5.66,31.73,heading_incompatible (31.7° > 15.0°)
49081,69088,23.19,20.31,distance_exceeded (23.2m > 15.0m); heading_incompatible (20.3° > 15.0°)
40314,57011,34.04,51.93,distance_exceeded (34.0m > 15.0m); heading_incompatible (51.9° > 15.0°)
44893,68746,37.26,134.88,distance_exceeded (37.3m > 15.0m); heading_incompatible (134.9° > 15.0°)
45362,70819,6.01,20.6,heading_incompatible (20.6° > 15.0°)
41450,50641,9.32,75.49,heading_incompatible (75.5° > 15.0°)
49204,68584,24.39,160.39,distance_exceeded (24.4m > 15.0m); heading_incompatible (160.4° > 15.0°)
43751,68683,2.33,49.27,heading_incompatible (49.3° > 15.0°)
44182,69182,48.87,53.41,distance_exceeded (48.9m > 15.0m); heading_incompatible (53.4° > 15.0°)
45563,51806,16.68,51.88,distance_exceeded (16.7m > 15.0m); heading_incompatible (51.9° > 15.0°)
45969,53865,15.75,66.25,distance_exceeded (15.7m > 15.0m); heading_incompatible (66.3° > 15.0°)
47863,54167,38.07,151.03,distance_exceeded (38.1m > 15.0m); heading_incompatible (151.0° > 15.0°)
44163,59267,21.3,13.91,distance_exceeded (21.3m > 15.0m)
46928,61155,10.62,74.34,heading_incompatible (74.3° > 15.0°)
46483,55508,25.43,160.89,distance_exceeded (25.4m > 15.0m); heading_incompatible (160.9° > 15.0°)
40798,57835,19.97,112.71,distance_exceeded (20.0m > 15.0m); heading_incompatible (112.7° > 15.0°)
45305,69185,9.24,102.22,heading_incompatible (102.2° > 15.0°)
46709,58300,12.62,17.89,heading_incompatible (17.9° > 15.0°)
43597,68433,19.95,67.29,distance_exceeded (19.9m > 15.0m); heading_incompatible (67.3° > 15.0°)
43841,58839,31.43,29.42,distance_exceeded (31.4m > 15.0m); heading_incompatible (29.4° > 15.0°)
47047,59325,48.34,83.04,distance_exceeded (48.3m > 15.0m); heading_incompatible (83.0° > 15.0°)
44397,51758,10.22,97.33,heading_incompatible (97.3° > 15.0°)
48478,50507,24.41,80.72,distance_exceeded (24.4m > 15.0m); heading_incompatible (80.7° > 15.0°)
49271,69510,6.13,48.33,heading_incompatible (48.3° > 15.0°)
41896,52773,16.02,0.0,distance_exceeded (16.0m > 15.0m)
42613,64460,41.22,0.0,distance_exceeded (41.2m > 15.0m)
45122,57597,37.13,85.51,distance_exceeded (37.1m > 15.0m); heading_incompatible (85.5° > 15.0°)
43669,72093,2.1,95.19,heading_incompatible (95.2° > 15.0°)
44425,66404,6.34,82.96,heading_incompatible (83.0° > 15.0°)
44279,51334,20.24,165.04,distance_exceeded (20.2m > 15.0m); heading_incompatible (165.0° > 15.0°)
47024,61715,13.54,116.74,heading_incompatible (116.7° > 15.0°)
45043,66803,13.34,32.92,heading_incompatible (32.9° > 15.0°)
48270,66824,35.9,0.0,distance_exceeded (35.9m > 15.0m)
44574,54639,0.2,34.5,heading_incompatible (34.5° > 15.0°)
43339,67511,36.38,0.0,distance_exceeded (36.4m > 15.0m)
41267,68927,0.2,173.09,heading_incompatible (173.1° > 15.0°)
45712,52031,46.82,0.0,distance_exceeded (46.8m > 15.0m)
41554,57807,0.2,146.03,heading_incompatible (146.0° > 15.0°)
42921,51345,5.59,101.4,heading_incompatible (101.4° > 15.0°)
41861,60054,42.18,164.73,distance_exceeded (42.2m > 15.0m); heading_incompatible (164.7° > 15.0°)
40584,58022,0.2,51.98,heading_incompatible (52.0° > 15.0°)
43041,66242,44.68,0.0,distance_exceeded (44.7m > 15.0m)
48899,64708,38.13,28.93,distance_exceeded (38.1m > 15.0m); heading_incompatible (28.9° > 15.0°)
44536,49767,0.7,152.79,heading_incompatible (152.8° > 15.0°)
43157,66811,34.18,7.74,distance_exceeded (34.2m > 15.0m)
46280,63438,31.91,28.1,distance_exceeded (31.9m > 15.0m); heading_incompatible (28.1° > 15.0°)
45450,70453,9.71,171.07,heading_incompatible (171.1° > 15.0°)
49241,65137,11.45,168.2,heading_incompatible (168.2° > 15.0°)
40132,56842,5.95,46.42,heading_incompatible (46.4° > 15.0°)
40232,51000,42.24,161.67,distance_exceeded (42.2m > 15.0m); heading_incompatible (161.7° > 15.0°)
49563,64487,11.36,170.13,heading_incompatible (170.1° > 15.0°)
39953,63090,20.87,96.07,distance_exceeded (20.9m > 15.0m); heading_incompatible (96.1° > 15.0°)
42819,66487,5.95,156.86,heading_incompatible (156.9° > 15.0°)
47215,56857,17.85,110.38,distance_exceeded (17.8m > 15.0m); heading_incompatible (110.4° > 15.0°)
42935,60017,41.43,154.34,distance_exceeded (41.4m > 15.0m); heading_incompatible (154.3° > 15.0°)
48307,72038,16.05,1.19,distance_exceeded (16.1m > 15.0m)
44569,72372,11.9,88.71,heading_incompatible (88.7° > 15.0°)
48208,63443,23.22,0.0,distance_exceeded (23.2m > 15.0m)
41046,53933,36.98,59.48,distance_exceeded (37.0m > 15.0m); heading_incompatible (59.5° > 15.0°)
47320,59597,24.96,164.35,distance_exceeded (25.0m > 15.0m); heading_incompatible (164.4° > 15.0°)
45033,70186,1.71,18.75,heading_incompatible (18.8° > 15.0°)
41968,60637,1.73,24.88,heading_incompatible (24.9° > 15.0°)
42741,69741,5.56,23.77,heading_incompatible (23.8° > 15.0°)
43406,71932,43.09,101.42,distance_exceeded (43.1m > 15.0m); heading_incompatible (101.4° > 15.0°)
48246,71292,19.17,17.57,distance_exceeded (19.2m > 15.0m); heading_incompatible (17.6° > 15.0°)
41152,54625,23.26,68.15,distance_exceeded (23.3m > 15.0m); heading_incompatible (68.1° > 15.0°)
47606,64318,39.31,101.87,distance_exceeded (39.3m > 15.0m); heading_incompatible (101.9° > 15.0°)
40001,55154,14.43,145.1,heading_incompatible (145.1° > 15.0°)
39985,71797,30.71,0.0,distance_exceeded (30.7m > 15.0m)
41818,59628,15.38,58.71,distance_exceeded (15.4m > 15.0m); heading_incompatible (58.7° > 15.0°)
39912,50022,40.93,0.0,distance_exceeded (40.9m > 15.0m)
45440,53349,0.2,131.27,heading_incompatible (131.3° > 15.0°)
44470,54527,0.45,127.31,heading_incompatible (127.3° > 15.0°)
46224,71191,31.89,139.16,distance_exceeded (31.9m > 15.0m); heading_incompatible (139.2° > 15.0°)
48800,64356,11.48,44.9,heading_incompatible (44.9° > 15.0°)
40494,51078,0.2,20.01,heading_incompatible (20.0° > 15.0°)
41291,55717,23.82,174.42,distance_exceeded (23.8m > 15.0m); heading_incompatible (174.4° > 15.0°)
45616,69316,23.86,0.0,distance_exceeded (23.9m > 15.0m)
45010,56813,17.41,140.08,distance_exceeded (17.4m > 15.0m); heading_incompatible (140.1° > 15.0°)
42751,63032,9.23,100.86,heading_incompatible (100.9° > 15.0°)
49302,69151,16.82,5.66,distance_exceeded (16.8m > 15.0m)
47160,71921,11.9,39.88,heading_incompatible (39.9° > 15.0°)
44644,69391,3.89,66.3,heading_incompatible (66.3° > 15.0°)
43593,54241,2.09,115.48,heading_incompatible (115.5° > 15.0°)
49408,72496,0.07,86.55,heading_incompatible (86.5° > 15.0°)
47959,69223,14.91,84.71,heading_incompatible (84.7° > 15.0°)
40203,53521,0.2,155.47,heading_incompatible (155.5° > 15.0°)
40058,62086,18.14,3.88,distance_exceeded (18.1m > 15.0m)
40589,71352,38.52,0.0,distance_exceeded (38.5m > 15.0m)
41022,53307,0.2,161.25,heading_incompatible (161.2° > 15.0°)
44388,69322,8.04,75.49,heading_incompatible (75.5° > 15.0°)
42500,63523,17.25,4.29,distance_exceeded (17.2m > 15.0m)
47747,56045,34.56,134.58,distance_exceeded (34.6m > 15.0m); heading_incompatible (134.6° > 15.0°)
46128,70315,43.01,0.0,distance_exceeded (43.0m > 15.0m)
44598,70419,0.2,105.97,heading_incompatible (106.0° > 15.0°)
41781,68229,41.33,0.0,distance_exceeded (41.3m > 15.0m)
45283,63787,25.02,24.76,distance_exceeded (25.0m > 15.0m); heading_incompatible (24.8° > 15.0°)
46747,59975,20.7,3.15,distance_exceeded (20.7m > 15.0m)
40159,57819,22.51,0.0,distance_exceeded (22.5m > 15.0m)
41454,57207,41.13,110.95,distance_exceeded (41.1m > 15.0m); heading_incompatible (111.0° > 15.0°)
48493,67473,36.38,0.0,distance_exceeded (36.4m > 15.0m)
44291,54684,0.69,46.71,heading_incompatible (46.7° > 15.0°)
40692,53610,12.05,65.62,heading_incompatible (65.6° > 15.0°)
46067,67962,6.97,67.12,heading_incompatible (67.1° > 15.0°)
49146,66214,5.94,34.5,heading_incompatible (34.5° > 15.0°)
45919,53993,36.76,19.45,distance_exceeded (36.8m > 15.0m); heading_incompatible (19.4° > 15.0°)
44241,71585,23.3,133.18,distance_exceeded (23.3m > 15.0m); heading_incompatible (133.2° > 15.0°)
48609,70511,0.9,28.92,heading_incompatible (28.9° > 15.0°)
43088,66453,1.12,166.88,heading_incompatible (166.9° > 15.0°)
46239,68758,0.2,78.39,heading_incompatible (78.4° > 15.0°)
46412,69285,0.2,164.76,heading_incompatible (164.8° > 15.0°)
44400,50070,11.54,108.04,heading_incompatible (108.0° > 15.0°)
40703,65871,36.94,0.0,distance_exceeded (36.9m > 15.0m)
44510,65563,35.19,178.29,distance_exceeded (35.2m > 15.0m); heading_incompatible (178.3° > 15.0°)
45421,51696,4.85,122.68,heading_incompatible (122.7° > 15.0°)
42241,51865,0.2,108.13,heading_incompatible (108.1° > 15.0°)
46170,55873,40.49,0.0,distance_exceeded (40.5m > 15.0m)
44263,67437,8.89,81.75,heading_incompatible (81.7° > 15.0°)
46808,60430,42.25,0.0,distance_exceeded (42.3m > 15.0m)
48692,68288,42.43,0.0,distance_exceeded (42.4m > 15.0m)
48546,55794,0.2,133.92,heading_incompatible (133.9° > 15.0°)
40962,52805,33.31,162.21,distance_exceeded (33.3m > 15.0m); heading_incompatible (162.2° > 15.0°)
42656,68404,5.23,172.33,heading_incompatible (172.3° > 15.0°)
41822,59718,41.98,0.0,distance_exceeded (42.0m > 15.0m)
47676,60072,11.13,95.6,heading_incompatible (95.6° > 15.0°)
43094,66929,44.41,0.0,distance_exceeded (44.4m > 15.0m)
42611,64214,16.06,122.45,distance_exceeded (16.1m > 15.0m); heading_incompatible (122.5° > 15.0°)
47278,62613,45.81,0.0,distance_exceeded (45.8m > 15.0m)
44356,65916,25.67,24.81,distance_exceeded (25.7m > 15.0m); heading_incompatible (24.8° > 15.0°)
44667,68952,7.15,61.62,heading_incompatible (61.6° > 15.0°)
44701,50419,5.19,147.27,heading_incompatible (147.3° > 15.0°)
41504,55814,1.94,106.63,heading_incompatible (106.6° > 15.0°)
40518,68373,39.41,163.73,distance_exceeded (39.4m > 15.0m); heading_incompatible (163.7° > 15.0°)
46201,62940,25.34,4.32,distance_exceeded (25.3m > 15.0m)
44254,54380,8.59,130.58,heading_incompatible (130.6° > 15.0°)
47966,50037,9.66,73.41,heading_incompatible (73.4° > 15.0°)
47435,56961,0.84,33.3,heading_incompatible (33.3° > 15.0°)
42771,65134,44.51,178.8,distance_exceeded (44.5m > 15.0m); heading_incompatible (178.8° > 15.0°)
48514,55899,1.78,83.23,heading_incompatible (83.2° > 15.0°)
43470,66654,33.77,18.23,distance_exceeded (33.8m > 15.0m); heading_incompatible (18.2° > 15.0°)
43800,62107,23.42,0.0,distance_exceeded (23.4m > 15.0m)
42440,63093,17.18,9.57,distance_exceeded (17.2m > 15.0m)
43526,68325,4.4,90.57,heading_incompatible (90.6° > 15.0°)
46873,60712,7.17,20.72,heading_incompatible (20.7° > 15.0°)
46434,57859,44.83,177.66,distance_exceeded (44.8m > 15.0m); heading_incompatible (177.7° > 15.0°)
40811,51877,47.45,0.0,distance_exceeded (47.4m > 15.0m)
41325,55875,44.7,0.0,distance_exceeded (44.7m > 15.0m)
40035,50270,4.96,119.53,heading_incompatible (119.5° > 15.0°)
41071,70959,27.15,97.59,distance_exceeded (27.1m > 15.0m); heading_incompatible (97.6° > 15.0°)
48280,70994,2.69,106.03,heading_incompatible (106.0° > 15.0°)
47319,59611,7.68,140.78,heading_incompatible (140.8° > 15.0°)
40038,72497,3.69,110.19,heading_incompatible (110.2° > 15.0°)
46490,58285,41.11,136.38,distance_exceeded (41.1m > 15.0m); heading_incompatible (136.4° > 15.0°)
39876,71286,26.62,173.05,distance_exceeded (26.6m > 15.0m); heading_incompatible (173.1° > 15.0°)
47203,62294,13.91,142.35,heading_incompatible (142.4° > 15.0°)
46564,58725,48.3,0.0,distance_exceeded (48.3m > 15.0m)
43190,66935,42.06,16.55,distance_exceeded (42.1m > 15.0m); heading_incompatible (16.6° > 15.0°)
49548,57383,0.2,163.06,heading_incompatible (163.1° > 15.0°)
47635,63342,15.71,96.74,distance_exceeded (15.7m > 15.0m); heading_incompatible (96.7° > 15.0°)
46166,67654,7.05,29.41,heading_incompatible (29.4° > 15.0°)
47261,62519,0.2,119.7,heading_incompatible (119.7° > 15.0°)
47778,67762,1.87,93.47,heading_incompatible (93.5° > 15.0°)
48830,68295,28.0,7.6,distance_exceeded (28.0m > 15.0m)
44410,72380,0.2,84.4,heading_incompatible (84.4° > 15.0°)
40983,52918,13.0,99.82,heading_incompatible (99.8° > 15.0°)
39853,51544,0.88,129.12,heading_incompatible (129.1° > 15.0°)
42352,63222,36.2,3.06,distance_exceeded (36.2m > 15.0m)
44000,54653,43.23,0.0,distance_exceeded (43.2m > 15.0m)
41673,58467,32.08,107.23,distance_exceeded (32.1m > 15.0m); heading_incompatible (107.2° > 15.0°)
46331,56769,30.21,0.0,distance_exceeded (30.2m > 15.0m)
44634,61145,38.95,0.0,distance_exceeded (39.0m > 15.0m)
47996,64876,9.61,131.6,heading_incompatible (131.6° > 15.0°)
41129,70924,25.3,76.3,distance_exceeded (25.3m > 15.0m); heading_incompatible (76.3° > 15.0°)
48821,64201,9.11,161.09,heading_incompatible (161.1° > 15.0°)
40422,50979,22.1,80.36,distance_exceeded (22.1m > 15.0m); heading_incompatible (80.4° > 15.0°)
48464,53090,0.2,101.66,heading_incompatible (101.7° > 15.0°)
48610,67882,11.31,86.94,heading_incompatible (86.9° > 15.0°)
47702,71539,37.53,0.0,distance_exceeded (37.5m > 15.0m)
39904,50016,26.1,153.51,distance_exceeded (26.1m > 15.0m); heading_incompatible (153.5° > 15.0°)
43608,61000,36.24,82.7,distance_exceeded (36.2m > 15.0m); heading_incompatible (82.7° > 15.0°)
48013,59318,6.31,167.57,heading_incompatible (167.6° > 15.0°)
47397,63062,0.41,66.28,heading_incompatible (66.3° > 15.0°)
43609,55170,9.83,66.61,heading_incompatible (66.6° > 15.0°)
45754,52391,0.2,179.43,heading_incompatible (179.4° > 15.0°)
39838,69165,24.1,137.96,distance_exceeded (24.1m > 15.0m); heading_incompatible (138.0° > 15.0°)
43729,67559,0.2,173.98,heading_incompatible (174.0° > 15.0°)
40377,50924,44.11,0.0,distance_exceeded (44.1m > 15.0m)
43912,66184,7.54,24.14,heading_incompatible (24.1° > 15.0°)
49720,61116,0.2,145.26,heading_incompatible (145.3° > 15.0°)
39935,60720,37.12,62.96,distance_exceeded (37.1m > 15.0m); heading_incompatible (63.0° > 15.0°)
41398,56238,37.95,156.49,distance_exceeded (37.9m > 15.0m); heading_incompatible (156.5° > 15.0°)
48557,67686,0.2,114.22,heading_incompatible (114.2° > 15.0°)
46205,53897,19.72,83.23,distance_exceeded (19.7m > 15.0m); heading_incompatible (83.2° > 15.0°)
40395,70083,40.22,48.57,distance_exceeded (40.2m > 15.0m); heading_incompatible (48.6° > 15.0°)
46968,61474,21.98,9.46,distance_exceeded (22.0m > 15.0m)
46139,55723,5.41,19.02,heading_incompatible (19.0° > 15.0°)
44340,50480,10.92,124.62,heading_incompatible (124.6° > 15.0°)
48822,54250,0.2,65.16,heading_incompatible (65.2° > 15.0°)
46963,61404,0.2,104.62,heading_incompatible (104.6° > 15.0°)
40288,68760,9.31,78.78,heading_incompatible (78.8° > 15.0°)
43784,56330,0.2,72.49,heading_incompatible (72.5° > 15.0°)
48095,67532,42.81,0.0,distance_exceeded (42.8m > 15.0m)
46976,61525,7.87,26.64,heading_incompatible (26.6° > 15.0°)
49639,50945,27.46,0.0,distance_exceeded (27.5m > 15.0m)
45661,53059,0.2,66.86,heading_incompatible (66.9° > 15.0°)
46964,61427,21.63,79.02,distance_exceeded (21.6m > 15.0m); heading_incompatible (79.0° > 15.0°)
40254,56872,0.2,54.96,heading_incompatible (55.0° > 15.0°)
41991,60750,37.75,0.0,distance_exceeded (37.8m > 15.0m)
45264,57652,13.42,59.55,heading_incompatible (59.6° > 15.0°)
44439,50160,0.2,15.18,heading_incompatible (15.2° > 15.0°)
48847,50865,5.3,31.39,heading_incompatible (31.4° > 15.0°)
45211,51145,0.2,150.43,heading_incompatible (150.4° > 15.0°)
49086,55175,13.6,79.52,heading_incompatible (79.5° > 15.0°)
43721,64495,7.77,15.65,heading_incompatible (15.7° > 15.0°)
43343,67115,9.22,168.85,heading_incompatible (168.8° > 15.0°)
39976,50714,6.45,125.26,heading_incompatible (125.3° > 15.0°)
40663,55615,15.52,171.21,distance_exceeded (15.5m > 15.0m); heading_incompatible (171.2° > 15.0°)
42576,64058,42.83,0.0,distance_exceeded (42.8m > 15.0m)
41635,58287,24.64,0.0,distance_exceeded (24.6m > 15.0m)
40571,51464,20.63,92.34,distance_exceeded (20.6m > 15.0m); heading_incompatible (92.3° > 15.0°)
41382,51839,47.89,13.68,distance_exceeded (47.9m > 15.0m)
41886,62592,42.31,157.73,distance_exceeded (42.3m > 15.0m); heading_incompatible (157.7° > 15.0°)
47171,57697,5.11,51.75,heading_incompatible (51.7° > 15.0°)
43373,60650,43.52,129.63,distance_exceeded (43.5m > 15.0m); heading_incompatible (129.6° > 15.0°)
46168,55866,36.54,0.0,distance_exceeded (36.5m > 15.0m)
42647,66253,0.85,100.96,heading_incompatible (101.0° > 15.0°)
45519,66755,5.91,94.94,heading_incompatible (94.9° > 15.0°)
47079,62016,14.59,48.05,heading_incompatible (48.1° > 15.0°)
40693,53658,45.88,77.98,distance_exceeded (45.9m > 15.0m); heading_incompatible (78.0° > 15.0°)
43870,66533,2.71,160.75,heading_incompatible (160.8° > 15.0°)
46088,62434,33.71,0.0,distance_exceeded (33.7m > 15.0m)
43303,69226,6.37,124.84,heading_incompatible (124.8° > 15.0°)
46323,57294,28.18,11.54,distance_exceeded (28.2m > 15.0m)
47841,53150,1.02,114.53,heading_incompatible (114.5° > 15.0°)
41760,58864,25.1,16.18,distance_exceeded (25.1m > 15.0m); heading_incompatible (16.2° > 15.0°)
49059,50395,6.59,111.93,heading_incompatible (111.9° > 15.0°)
46586,69799,32.14,93.25,distance_exceeded (32.1m > 15.0m); heading_incompatible (93.2° > 15.0°)
41884,62590,1.65,173.74,heading_incompatible (173.7° > 15.0°)
44894,69116,0.2,85.86,heading_incompatible (85.9° > 15.0°)
40154,49907,14.99,167.25,heading_incompatible (167.3° > 15.0°)
42922,63091,3.66,118.75,heading_incompatible (118.8° > 15.0°)
45858,52759,7.7,95.49,heading_incompatible (95.5° > 15.0°)
40740,56738,7.99,22.62,heading_incompatible (22.6° > 15.0°)
42031,61133,48.99,0.0,distance_exceeded (49.0m > 15.0m)
47586,64428,34.96,167.98,distance_exceeded (35.0m > 15.0m); heading_incompatible (168.0° > 15.0°)
40442,59807,0.2,42.64,heading_incompatible (42.6° > 15.0°)
39878,68368,5.88,176.9,heading_incompatible (176.9° > 15.0°)
46229,51833,27.76,171.54,distance_exceeded (27.8m > 15.0m); heading_incompatible (171.5° > 15.0°)
40573,68196,5.32,97.89,heading_incompatible (97.9° > 15.0°)
48252,59699,32.87,94.21,distance_exceeded (32.9m > 15.0m); heading_incompatible (94.2° > 15.0°)
47742,57463,9.83,121.95,heading_incompatible (122.0° > 15.0°)
49462,65838,0.2,90.8,heading_incompatible (90.8° > 15.0°)
41365,56261,0.2,59.59,heading_incompatible (59.6° > 15.0°)
42869,50438,10.97,118.9,heading_incompatible (118.9° > 15.0°)
48423,67492,16.11,9.35,distance_exceeded (16.1m > 15.0m)
42640,66259,19.72,167.09,distance_exceeded (19.7m > 15.0m); heading_incompatible (167.1° > 15.0°)
45013,56935,11.87,29.78,heading_incompatible (29.8° > 15.0°)
45228,67425,37.69,31.97,distance_exceeded (37.7m > 15.0m); heading_incompatible (32.0° > 15.0°)
43200,66461,30.64,0.0,distance_exceeded (30.6m > 15.0m)
46119,55448,0.2,159.95,heading_incompatible (160.0° > 15.0°)
45425,52055,0.2,47.65,heading_incompatible (47.7° > 15.0°)
41084,53719,0.2,130.53,heading_incompatible (130.5° > 15.0°)
40516,53313,29.7,0.0,distance_exceeded (29.7m > 15.0m)
46000,53049,0.2,58.79,heading_incompatible (58.8° > 15.0°)
48046,51312,9.19,83.16,heading_incompatible (83.2° > 15.0°)
44372,50349,10.68,176.2,heading_incompatible (176.2° > 15.0°)
43276,56802,38.98,0.0,distance_exceeded (39.0m > 15.0m)
41180,55075,38.72,149.81,distance_exceeded (38.7m > 15.0m); heading_incompatible (149.8° > 15.0°)
43896,71356,30.93,173.43,distance_exceeded (30.9m > 15.0m); heading_incompatible (173.4° > 15.0°)
40051,53429,10.31,114.31,heading_incompatible (114.3° > 15.0°)
47619,56317,40.11,0.0,distance_exceeded (40.1m > 15.0m)
42059,61317,32.86,152.98,distance_exceeded (32.9m > 15.0m); heading_incompatible (153.0° > 15.0°)
40393,66669,45.17,0.0,distance_exceeded (45.2m > 15.0m)
49097,68339,35.17,0.0,distance_exceeded (35.2m > 15.0m)
47385,62993,10.46,84.15,heading_incompatible (84.1° > 15.0°)
46602,66639,17.04,0.0,distance_exceeded (17.0m > 15.0m)
47952,69313,4.93,45.9,heading_incompatible (45.9° > 15.0°)
47943,66249,7.67,97.01,heading_incompatible (97.0° > 15.0°)
42938,58366,2.5,49.42,heading_incompatible (49.4° > 15.0°)
49273,53669,29.39,173.36,distance_exceeded (29.4m > 15.0m); heading_incompatible (173.4° > 15.0°)
47187,63807,12.01,71.92,heading_incompatible (71.9° > 15.0°)
46733,56561,6.99,85.56,heading_incompatible (85.6° > 15.0°)
46700,59739,27.8,106.55,distance_exceeded (27.8m > 15.0m); heading_incompatible (106.5° > 15.0°)
46087,58536,41.26,0.0,distance_exceeded (41.3m > 15.0m)
47250,66329,21.05,96.34,distance_exceeded (21.1m > 15.0m); heading_incompatible (96.3° > 15.0°)
47641,64363,5.95,110.15,heading_incompatible (110.1° > 15.0°)
42804,65029,10.8,59.71,heading_incompatible (59.7° > 15.0°)
43723,66046,14.22,118.44,heading_incompatible (118.4° > 15.0°)
40723,55356,33.92,0.0,distance_exceeded (33.9m > 15.0m)
44296,69860,15.01,91.85,distance_exceeded (15.0m > 15.0m); heading_incompatible (91.8° > 15.0°)
46655,65963,33.12,174.0,distance_exceeded (33.1m > 15.0m); heading_incompatible (174.0° > 15.0°)
43450,70553,0.2,90.26,heading_incompatible (90.3° > 15.0°)
43644,68506,16.27,0.0,distance_exceeded (16.3m > 15.0m)
48286,70219,20.4,84.14,distance_exceeded (20.4m > 15.0m); heading_incompatible (84.1° > 15.0°)
46023,55026,14.6,178.68,heading_incompatible (178.7° > 15.0°)
49103,62098,43.29,0.0,distance_exceeded (43.3m > 15.0m)
39862,69231,0.2,34.25,heading_incompatible (34.3° > 15.0°)
46054,55095,21.14,12.63,distance_exceeded (21.1m > 15.0m)
40080,59768,40.07,118.97,distance_exceeded (40.1m > 15.0m); heading_incompatible (119.0° > 15.0°)
47317,50926,38.4,0.0,distance_exceeded (38.4m > 15.0m)
43125,72266,22.21,120.0,distance_exceeded (22.2m > 15.0m); heading_incompatible (120.0° > 15.0°)
47118,53300,36.22,0.0,distance_exceeded (36.2m > 15.0m)
48568,68413,13.17,27.64,heading_incompatible (27.6° > 15.0°)
47911,50033,17.92,0.0,distance_exceeded (17.9m > 15.0m)
43167,69486,9.96,79.51,heading_incompatible (79.5° > 15.0°)
43932,57659,3.75,166.42,heading_incompatible (166.4° > 15.0°)
48548,51498,37.44,161.3,distance_exceeded (37.4m > 15.0m); heading_incompatible (161.3° > 15.0°)
47206,62312,27.78,0.0,distance_exceeded (27.8m > 15.0m)
45660,66158,28.95,66.84,distance_exceeded (28.9m > 15.0m); heading_incompatible (66.8° > 15.0°)
49557,50743,10.96,61.76,heading_incompatible (61.8° > 15.0°)
44578,50367,35.79,162.1,distance_exceeded (35.8m > 15.0m); heading_incompatible (162.1° > 15.0°)
48960,68445,16.95,0.0,distance_exceeded (16.9m > 15.0m)
40556,62662,33.48,40.21,distance_exceeded (33.5m > 15.0m); heading_incompatible (40.2° > 15.0°)
40433,63921,30.8,162.18,distance_exceeded (30.8m > 15.0m); heading_incompatible (162.2° > 15.0°)
45491,72194,2.57,102.83,heading_incompatible (102.8° > 15.0°)
48929,70213,11.17,147.83,heading_incompatible (147.8° > 15.0°)
44087,57614,16.81,97.87,distance_exceeded (16.8m > 15.0m); heading_incompatible (97.9° > 15.0°)
44892,51328,26.61,0.0,distance_exceeded (26.6m > 15.0m)
44605,68649,6.3,173.78,heading_incompatible (173.8° > 15.0°)
45302,66450,1.84,44.43,heading_incompatible (44.4° > 15.0°)
48804,53935,18.36,74.49,distance_exceeded (18.4m > 15.0m); heading_incompatible (74.5° > 15.0°)
43891,50806,28.08,74.47,distance_exceeded (28.1m > 15.0m); heading_incompatible (74.5° > 15.0°)
48864,52702,0.2,33.58,heading_incompatible (33.6° > 15.0°)
44600,53783,2.83,32.45,heading_incompatible (32.4° > 15.0°)
45251,51296,5.95,20.76,heading_incompatible (20.8° > 15.0°)
48131,66229,31.23,82.86,distance_exceeded (31.2m > 15.0m); heading_incompatible (82.9° > 15.0°)
41416,56368,26.24,90.28,distance_exceeded (26.2m > 15.0m); heading_incompatible (90.3° > 15.0°)
41634,57769,1.2,35.87,heading_incompatible (35.9° > 15.0°)
48309,67010,21.15,28.8,distance_exceeded (21.1m > 15.0m); heading_incompatible (28.8° > 15.0°)
45852,58253,0.2,168.27,heading_incompatible (168.3° > 15.0°)
46149,52377,8.58,32.12,heading_incompatible (32.1° > 15.0°)
42926,69914,7.82,126.23,heading_incompatible (126.2° > 15.0°)
42973,59792,20.15,93.35,distance_exceeded (20.2m > 15.0m); heading_incompatible (93.4° > 15.0°)
44401,49726,4.31,115.09,heading_incompatible (115.1° > 15.0°)
43611,65341,20.91,104.73,distance_exceeded (20.9m > 15.0m); heading_incompatible (104.7° > 15.0°)
44669,52950,8.9,157.7,heading_incompatible (157.7° > 15.0°)
49242,65142,4.17,163.41,heading_incompatible (163.4° > 15.0°)
43857,50699,15.22,0.0,distance_exceeded (15.2m > 15.0m)
42778,72139,41.19,171.97,distance_exceeded (41.2m > 15.0m); heading_incompatible (172.0° > 15.0°)
43774,65459,0.2,155.75,heading_incompatible (155.7° > 15.0°)
46235,71231,45.01,0.0,distance_exceeded (45.0m > 15.0m)
42580,51413,27.52,173.06,distance_exceeded (27.5m > 15.0m); heading_incompatible (173.1° > 15.0°)
43709,57619,49.22,171.09,distance_exceeded (49.2m > 15.0m); heading_incompatible (171.1° > 15.0°)
45840,52617,16.13,122.26,distance_exceeded (16.1m > 15.0m); heading_incompatible (122.3° > 15.0°)
41708,63924,48.16,0.0,distance_exceeded (48.2m > 15.0m)
46751,60026,42.28,178.96,distance_exceeded (42.3m > 15.0m); heading_incompatible (179.0° > 15.0°)
49614,65913,18.6,0.0,distance_exceeded (18.6m > 15.0m)
48376,52964,49.67,79.99,distance_exceeded (49.7m > 15.0m); heading_incompatible (80.0° > 15.0°)
45557,61873,1.73,163.56,heading_incompatible (163.6° > 15.0°)
45438,63358,29.73,87.88,distance_exceeded (29.7m > 15.0m); heading_incompatible (87.9° > 15.0°)
44183,63866,13.82,92.68,heading_incompatible (92.7° > 15.0°)
40332,65650,25.66,0.0,distance_exceeded (25.7m > 15.0m)
40833,63937,17.22,0.0,distance_exceeded (17.2m > 15.0m)
40009,66221,28.87,110.91,distance_exceeded (28.9m > 15.0m); heading_incompatible (110.9° > 15.0°)
40475,51057,23.2,135.75,distance_exceeded (23.2m > 15.0m); heading_incompatible (135.7° > 15.0°)
44027,59863,0.2,33.09,heading_incompatible (33.1° > 15.0°)
48339,67293,14.57,90.95,heading_incompatible (91.0° > 15.0°)
40513,51260,42.34,0.0,distance_exceeded (42.3m > 15.0m)
44795,49966,4.51,169.82,heading_incompatible (169.8° > 15.0°)
42534,72414,0.2,76.87,heading_incompatible (76.9° > 15.0°)
43111,66558,39.69,0.0,distance_exceeded (39.7m > 15.0m)
42565,62043,13.58,97.47,heading_incompatible (97.5° > 15.0°)
45034,57534,0.2,21.39,heading_incompatible (21.4° > 15.0°)
48861,72239,25.24,12.69,distance_exceeded (25.2m > 15.0m)
47596,53171,0.69,97.62,heading_incompatible (97.6° > 15.0°)
42141,56595,33.13,58.49,distance_exceeded (33.1m > 15.0m); heading_incompatible (58.5° > 15.0°)
48405,67434,11.72,94.8,heading_incompatible (94.8° > 15.0°)
40788,70486,2.62,37.5,heading_incompatible (37.5° > 15.0°)
47576,64128,14.08,75.56,heading_incompatible (75.6° > 15.0°)
46417,63956,13.69,77.94,heading_incompatible (77.9° > 15.0°)
46260,56519,23.44,9.6,distance_exceeded (23.4m > 15.0m)
46543,53570,9.46,121.46,heading_incompatible (121.5° > 15.0°)
46670,62551,17.16,150.01,distance_exceeded (17.2m > 15.0m); heading_incompatible (150.0° > 15.0°)
49035,51595,9.82,98.05,heading_incompatible (98.0° > 15.0°)
43838,58693,31.25,162.77,distance_exceeded (31.3m > 15.0m); heading_incompatible (162.8° > 15.0°)
43769,59313,20.35,0.0,distance_exceeded (20.3m > 15.0m)
40253,69114,1.05,84.82,heading_incompatible (84.8° > 15.0°)
44468,50241,0.2,114.35,heading_incompatible (114.4° > 15.0°)
46165,49853,23.31,67.45,distance_exceeded (23.3m > 15.0m); heading_incompatible (67.4° > 15.0°)
43145,58216,0.2,65.64,heading_incompatible (65.6° > 15.0°)
46318,57273,1.32,159.95,heading_incompatible (159.9° > 15.0°)
47823,55432,1.1,50.15,heading_incompatible (50.1° > 15.0°)
41994,60796,7.7,110.02,heading_incompatible (110.0° > 15.0°)
42307,62562,7.93,169.8,heading_incompatible (169.8° > 15.0°)
43688,70222,17.03,7.31,distance_exceeded (17.0m > 15.0m)
44100,51115,4.02,117.24,heading_incompatible (117.2° > 15.0°)
47599,64466,18.48,70.72,distance_exceeded (18.5m > 15.0m); heading_incompatible (70.7° > 15.0°)
43152,50653,4.53,94.94,heading_incompatible (94.9° > 15.0°)
46512,58588,21.19,74.62,distance_exceeded (21.2m > 15.0m); heading_incompatible (74.6° > 15.0°)
43162,67015,5.41,89.89,heading_incompatible (89.9° > 15.0°)
49034,53375,8.73,43.04,heading_incompatible (43.0° > 15.0°)
45473,52602,12.19,83.04,heading_incompatible (83.0° > 15.0°)
43548,52996,15.63,91.46,distance_exceeded (15.6m > 15.0m); heading_incompatible (91.5° > 15.0°)
39895,54633,8.33,128.27,heading_incompatible (128.3° > 15.0°)
41620,58204,47.57,0.0,distance_exceeded (47.6m > 15.0m)
39971,50810,0.2,159.54,heading_incompatible (159.5° > 15.0°)
46663,59411,0.2,86.24,heading_incompatible (86.2° > 15.0°)
39861,49837,0.2,99.12,heading_incompatible (99.1° > 15.0°)
41926,60350,5.18,18.58,heading_incompatible (18.6° > 15.0°)
39936,49728,28.88,57.68,distance_exceeded (28.9m > 15.0m); heading_incompatible (57.7° > 15.0°)
44409,68389,8.39,178.11,heading_incompatible (178.1° > 15.0°)
40040,62406,0.2,115.19,heading_incompatible (115.2° > 15.0°)
44008,64781,0.2,134.88,heading_incompatible (134.9° > 15.0°)
41622,57949,38.47,0.0,distance_exceeded (38.5m > 15.0m)
42839,64488,6.26,86.05,heading_incompatible (86.0° > 15.0°)
45235,56865,35.39,98.11,distance_exceeded (35.4m > 15.0m); heading_incompatible (98.1° > 15.0°)
45496,53894,8.89,178.92,heading_incompatible (178.9° > 15.0°)
48723,56178,2.42,22.84,heading_incompatible (22.8° > 15.0°)
40168,70080,37.46,0.0,distance_exceeded (37.5m > 15.0m)
41324,55868,9.92,175.23,heading_incompatible (175.2° > 15.0°)
46703,63775,41.98,0.0,distance_exceeded (42.0m > 15.0m)
41320,55774,47.59,171.84,distance_exceeded (47.6m > 15.0m); heading_incompatible (171.8° > 15.0°)
41392,68763,1.72,101.08,heading_incompatible (101.1° > 15.0°)
48201,66525,0.2,59.73,heading_incompatible (59.7° > 15.0°)
47061,61943,22.58,76.01,distance_exceeded (22.6m > 15.0m); heading_incompatible (76.0° > 15.0°)
44337,63823,0.2,105.94,heading_incompatible (105.9° > 15.0°)
40177,64976,0.2,171.96,heading_incompatible (172.0° > 15.0°)
41939,60600,15.32,0.0,distance_exceeded (15.3m > 15.0m)
48383,59145,39.96,165.36,distance_exceeded (40.0m > 15.0m); heading_incompatible (165.4° > 15.0°)
43057,66298,10.35,108.8,heading_incompatible (108.8° > 15.0°)
43734,54098,0.2,168.88,heading_incompatible (168.9° > 15.0°)
47909,57261,23.71,128.81,distance_exceeded (23.7m > 15.0m); heading_incompatible (128.8° > 15.0°)
40312,56995,11.84,169.18,heading_incompatible (169.2° > 15.0°)
46246,56441,49.12,1.97,distance_exceeded (49.1m > 15.0m)
46918,60527,0.2,30.57,heading_incompatible (30.6° > 15.0°)
42289,61826,0.2,105.95,heading_incompatible (105.9° > 15.0°)
48748,69440,9.15,167.06,heading_incompatible (167.1° > 15.0°)
44918,54738,41.25,158.48,distance_exceeded (41.3m > 15.0m); heading_incompatible (158.5° > 15.0°)
40072,50293,28.19,144.85,distance_exceeded (28.2m > 15.0m); heading_incompatible (144.9° > 15.0°)
42041,61237,14.63,75.09,heading_incompatible (75.1° > 15.0°)
46238,68768,2.4,45.91,heading_incompatible (45.9° > 15.0°)
42825,50901,19.62,0.0,distance_exceeded (19.6m > 15.0m)
41227,64089,13.29,112.23,heading_incompatible (112.2° > 15.0°)
48221,66586,15.39,0.0,distance_exceeded (15.4m > 15.0m)
46231,56387,39.77,0.0,distance_exceeded (39.8m > 15.0m)
43949,53770,40.92,0.0,distance_exceeded (40.9m > 15.0m)
46791,60306,36.43,83.68,distance_exceeded (36.4m > 15.0m); heading_incompatible (83.7° > 15.0°)
40242,50664,24.76,3.19,distance_exceeded (24.8m > 15.0m)
40959,72326,31.87,121.76,distance_exceeded (31.9m > 15.0m); heading_incompatible (121.8° > 15.0°)
46140,62398,25.98,93.38,distance_exceeded (26.0m > 15.0m); heading_incompatible (93.4° > 15.0°)
43065,66339,23.66,110.19,distance_exceeded (23.7m > 15.0m); heading_incompatible (110.2° > 15.0°)
43961,69215,1.64,38.2,heading_incompatible (38.2° > 15.0°)
41086,70901,47.05,57.62,distance_exceeded (47.1m > 15.0m); heading_incompatible (57.6° > 15.0°)
40298,65618,0.2,71.88,heading_incompatible (71.9° > 15.0°)
45190,51068,21.91,68.24,distance_exceeded (21.9m > 15.0m); heading_incompatible (68.2° > 15.0°)
40586,69978,25.06,121.29,distance_exceeded (25.1m > 15.0m); heading_incompatible (121.3° > 15.0°)
42194,62124,23.13,174.29,distance_exceeded (23.1m > 15.0m); heading_incompatible (174.3° > 15.0°)
43093,67071,12.14,115.58,heading_incompatible (115.6° > 15.0°)
46788,60296,16.02,0.0,distance_exceeded (16.0m > 15.0m)
48597,67431,36.72,146.08,distance_exceeded (36.7m > 15.0m); heading_incompatible (146.1° > 15.0°)
40281,52705,0.53,156.25,heading_incompatible (156.2° > 15.0°)
40746,61445,0.2,75.03,heading_incompatible (75.0° > 15.0°)
45909,65703,21.01,138.79,distance_exceeded (21.0m > 15.0m); heading_incompatible (138.8° > 15.0°)
46725,68427,1.83,146.82,heading_incompatible (146.8° > 15.0°)
39989,50230,42.69,4.01,distance_exceeded (42.7m > 15.0m)
45510,53206,49.71,0.0,distance_exceeded (49.7m > 15.0m)
45516,66527,3.36,170.13,heading_incompatible (170.1° > 15.0°)
45922,54017,34.55,137.14,distance_exceeded (34.6m > 15.0m); heading_incompatible (137.1° > 15.0°)
49608,59259,18.48,179.3,distance_exceeded (18.5m > 15.0m); heading_incompatible (179.3° > 15.0°)
45834,53116,6.69,64.87,heading_incompatible (64.9° > 15.0°)
41432,68055,39.04,0.0,distance_exceeded (39.0m > 15.0m)
44080,69586,9.12,173.57,heading_incompatible (173.6° > 15.0°)
40027,49762,0.2,27.03,heading_incompatible (27.0° > 15.0°)
43103,66509,0.2,120.31,heading_incompatible (120.3° > 15.0°)
40689,65930,21.01,97.88,distance_exceeded (21.0m > 15.0m); heading_incompatible (97.9° > 15.0°)
42225,50099,20.13,107.29,distance_exceeded (20.1m > 15.0m); heading_incompatible (107.3° > 15.0°)
41741,59111,7.53,141.35,heading_incompatible (141.4° > 15.0°)
44265,68841,17.85,0.0,distance_exceeded (17.8m > 15.0m)
48298,66963,42.62,0.0,distance_exceeded (42.6m > 15.0m)
43514,58584,31.89,11.4,distance_exceeded (31.9m > 15.0m)
43724,54538,35.72,86.73,distance_exceeded (35.7m > 15.0m); heading_incompatible (86.7° > 15.0°)
47002,71677,47.56,0.0,distance_exceeded (47.6m > 15.0m)
41767,68232,44.28,0.0,distance_exceeded (44.3m > 15.0m)
40893,52240,6.28,112.87,heading_incompatible (112.9° > 15.0°)
43099,66469,29.18,114.92,distance_exceeded (29.2m > 15.0m); heading_incompatible (114.9° > 15.0°)
40885,52355,0.2,28.88,heading_incompatible (28.9° > 15.0°)
47844,69615,1.84,101.06,heading_incompatible (101.1° > 15.0°)
39897,69717,46.54,0.0,distance_exceeded (46.5m > 15.0m)
42487,64161,5.95,102.58,heading_incompatible (102.6° > 15.0°)
45437,58466,3.11,88.2,heading_incompatible (88.2° > 15.0°)
44466,68194,17.8,176.0,distance_exceeded (17.8m > 15.0m); heading_incompatible (176.0° > 15.0°)
41542,68174,20.84,0.05,distance_exceeded (20.8m > 15.0m)
43997,60635,9.12,162.24,heading_incompatible (162.2° > 15.0°)
44806,67169,1.35,46.8,heading_incompatible (46.8° > 15.0°)
41652,65463,21.07,92.69,distance_exceeded (21.1m > 15.0m); heading_incompatible (92.7° > 15.0°)
46141,55662,8.29,83.27,heading_incompatible (83.3° > 15.0°)
49292,69053,12.39,135.18,heading_incompatible (135.2° > 15.0°)
47081,62033,46.49,32.23,distance_exceeded (46.5m > 15.0m); heading_incompatible (32.2° > 15.0°)
46091,57170,41.25,0.0,distance_exceeded (41.3m > 15.0m)
43696,56158,30.38,102.96,distance_exceeded (30.4m > 15.0m); heading_incompatible (103.0° > 15.0°)
46082,61797,10.53,120.78,heading_incompatible (120.8° > 15.0°)
43056,63420,0.2,169.5,heading_incompatible (169.5° > 15.0°)
44271,51602,26.0,86.07,distance_exceeded (26.0m > 15.0m); heading_incompatible (86.1° > 15.0°)
41019,53261,2.03,106.2,heading_incompatible (106.2° > 15.0°)
40508,51149,40.56,134.64,distance_exceeded (40.6m > 15.0m); heading_incompatible (134.6° > 15.0°)
40572,51082,4.93,90.88,heading_incompatible (90.9° > 15.0°)
44657,59515,48.24,0.0,distance_exceeded (48.2m > 15.0m)
45524,71135,11.5,48.5,heading_incompatible (48.5° > 15.0°)
39966,50169,29.84,0.0,distance_exceeded (29.8m > 15.0m)
45956,71072,40.44,45.02,distance_exceeded (40.4m > 15.0m); heading_incompatible (45.0° > 15.0°)
43376,65119,5.99,143.51,heading_incompatible (143.5° > 15.0°)
44049,69112,25.79,0.0,distance_exceeded (25.8m > 15.0m)
45354,60166,28.03,176.85,distance_exceeded (28.0m > 15.0m); heading_incompatible (176.8° > 15.0°)
46397,68170,13.85,142.0,heading_incompatible (142.0° > 15.0°)
48233,69742,1.96,93.81,heading_incompatible (93.8° > 15.0°)
48699,58619,44.17,168.99,distance_exceeded (44.2m > 15.0m); heading_incompatible (169.0° > 15.0°)
46441,57966,0.2,176.41,heading_incompatible (176.4° > 15.0°)
46866,60677,45.76,44.67,distance_exceeded (45.8m > 15.0m); heading_incompatible (44.7° > 15.0°)
47651,58640,19.03,22.56,distance_exceeded (19.0m > 15.0m); heading_incompatible (22.6° > 15.0°)
47736,64871,39.73,0.0,distance_exceeded (39.7m > 15.0m)
42661,70431,0.2,158.3,heading_incompatible (158.3° > 15.0°)
46349,55610,9.17,37.39,heading_incompatible (37.4° > 15.0°)
47681,71053,38.02,0.0,distance_exceeded (38.0m > 15.0m)
44987,57055,12.99,147.84,heading_incompatible (147.8° > 15.0°)
47730,53482,5.61,85.25,heading_incompatible (85.2° > 15.0°)
47722,64755,0.2,163.98,heading_incompatible (164.0° > 15.0°)
48561,58982,1.6,174.25,heading_incompatible (174.2° > 15.0°)
48324,72151,10.94,88.82,heading_incompatible (88.8° > 15.0°)
48897,65540,25.49,54.64,distance_exceeded (25.5m > 15.0m); heading_incompatible (54.6° > 15.0°)
44360,51670,27.39,9.63,distance_exceeded (27.4m > 15.0m)
48618,56031,41.59,0.0,distance_exceeded (41.6m > 15.0m)
48753,70504,13.41,175.67,heading_incompatible (175.7° > 15.0°)
48303,67000,29.65,14.61,distance_exceeded (29.6m > 15.0m)
46614,59170,12.54,161.25,heading_incompatible (161.3° > 15.0°)
41273,55436,48.97,0.0,distance_exceeded (49.0m > 15.0m)
46896,60960,36.72,173.88,distance_exceeded (36.7m > 15.0m); heading_incompatible (173.9° > 15.0°)
40310,59550,36.35,107.32,distance_exceeded (36.4m > 15.0m); heading_incompatible (107.3° > 15.0°)
39918,53674,34.47,15.84,distance_exceeded (34.5m > 15.0m); heading_incompatible (15.8° > 15.0°)
48192,69045,44.41,0.0,distance_exceeded (44.4m > 15.0m)
42360,59601,13.67,60.79,heading_incompatible (60.8° > 15.0°)
44736,50391,21.12,71.34,distance_exceeded (21.1m > 15.0m); heading_incompatible (71.3° > 15.0°)
43051,63310,40.06,0.0,distance_exceeded (40.1m > 15.0m)
45889,54252,29.16,169.84,distance_exceeded (29.2m > 15.0m); heading_incompatible (169.8° > 15.0°)
39940,68991,31.84,178.47,distance_exceeded (31.8m > 15.0m); heading_incompatible (178.5° > 15.0°)
44967,57025,18.35,163.15,distance_exceeded (18.4m > 15.0m); heading_incompatible (163.2° > 15.0°)
46993,60456,8.66,72.02,heading_incompatible (72.0° > 15.0°)
45780,72528,7.54,155.28,heading_incompatible (155.3° > 15.0°)
46493,59795,13.21,67.64,heading_incompatible (67.6° > 15.0°)
45031,66539,6.43,29.56,heading_incompatible (29.6° > 15.0°)
46042,55064,31.04,0.0,distance_exceeded (31.0m > 15.0m)
48138,67786,14.78,104.91,heading_incompatible (104.9° > 15.0°)
47900,65997,2.26,102.99,heading_incompatible (103.0° > 15.0°)
45675,65003,31.29,1.67,distance_exceeded (31.3m > 15.0m)
41183,54996,40.84,118.2,distance_exceeded (40.8m > 15.0m); heading_incompatible (118.2° > 15.0°)
48574,63567,29.15,0.0,distance_exceeded (29.1m > 15.0m)
47098,52001,23.63,6.58,distance_exceeded (23.6m > 15.0m)
44304,62575,24.67,161.59,distance_exceeded (24.7m > 15.0m); heading_incompatible (161.6° > 15.0°)
40958,67755,5.28,131.96,heading_incompatible (132.0° > 15.0°)
47561,64043,48.59,40.41,distance_exceeded (48.6m > 15.0m); heading_incompatible (40.4° > 15.0°)
41759,59121,39.85,0.0,distance_exceeded (39.8m > 15.0m)
47934,50591,18.62,80.78,distance_exceeded (18.6m > 15.0m); heading_incompatible (80.8° > 15.0°)
40350,67006,12.0,169.33,heading_incompatible (169.3° > 15.0°)
44193,54334,24.77,0.0,distance_exceeded (24.8m > 15.0m)
45984,54610,27.95,136.67,distance_exceeded (27.9m > 15.0m); heading_incompatible (136.7° > 15.0°)
44408,55846,0.52,31.05,heading_incompatible (31.0° > 15.0°)
43793,67992,21.95,22.19,distance_exceeded (21.9m > 15.0m); heading_incompatible (22.2° > 15.0°)
40030,57639,13.1,154.69,heading_incompatible (154.7° > 15.0°)
44123,50757,9.9,109.75,heading_incompatible (109.8° > 15.0°)
49481,57385,0.2,105.17,heading_incompatible (105.2° > 15.0°)
44421,59869,8.95,101.86,heading_incompatible (101.9° > 15.0°)
42854,70011,0.44,76.92,heading_incompatible (76.9° > 15.0°)
40092,59686,4.57,66.98,heading_incompatible (67.0° > 15.0°)
41552,58024,42.64,110.18,distance_exceeded (42.6m > 15.0m); heading_incompatible (110.2° > 15.0°)
49102,50727,29.01,0.0,distance_exceeded (29.0m > 15.0m)
43986,71179,20.85,0.0,distance_exceeded (20.9m > 15.0m)
44516,65970,10.06,54.47,heading_incompatible (54.5° > 15.0°)
43637,68487,9.68,121.56,heading_incompatible (121.6° > 15.0°)
47003,60608,1.07,49.39,heading_incompatible (49.4° > 15.0°)
47922,53316,0.2,127.92,heading_incompatible (127.9° > 15.0°)
45255,55583,2.67,83.72,heading_incompatible (83.7° > 15.0°)
44308,65236,3.26,143.69,heading_incompatible (143.7° > 15.0°)
40124,70003,0.2,108.54,heading_incompatible (108.5° > 15.0°)
40609,51124,9.34,90.01,heading_incompatible (90.0° > 15.0°)
42121,61679,25.55,134.97,distance_exceeded (25.5m > 15.0m); heading_incompatible (135.0° > 15.0°)
42733,53468,39.73,0.0,distance_exceeded (39.7m > 15.0m)
41653,58595,28.18,112.66,distance_exceeded (28.2m > 15.0m); heading_incompatible (112.7° > 15.0°)
46698,59624,35.14,0.0,distance_exceeded (35.1m > 15.0m)
44732,57738,23.58,11.55,distance_exceeded (23.6m > 15.0m)
43309,52656,0.2,127.29,heading_incompatible (127.3° > 15.0°)
41317,55699,41.37,153.97,distance_exceeded (41.4m > 15.0m); heading_incompatible (154.0° > 15.0°)
40651,68662,10.02,63.88,heading_incompatible (63.9° > 15.0°)
47945,63628,14.67,82.9,heading_incompatible (82.9° > 15.0°)
48580,70046,27.64,0.0,distance_exceeded (27.6m > 15.0m)
43423,67827,20.72,151.29,distance_exceeded (20.7m > 15.0m); heading_incompatible (151.3° > 15.0°)
46432,57894,0.5,169.94,heading_incompatible (169.9° > 15.0°)
41836,59850,44.79,0.0,distance_exceeded (44.8m > 15.0m)
49417,58313,8.71,56.96,heading_incompatible (57.0° > 15.0°)
43801,63330,10.21,37.47,heading_incompatible (37.5° > 15.0°)
40918,52563,6.17,97.74,heading_incompatible (97.7° > 15.0°)
41148,54134,4.88,43.28,heading_incompatible (43.3° > 15.0°)
41592,58058,38.36,0.0,distance_exceeded (38.4m > 15.0m)
41706,60183,20.0,48.0,distance_exceeded (20.0m > 15.0m); heading_incompatible (48.0° > 15.0°)
43341,67125,47.01,168.88,distance_exceeded (47.0m > 15.0m); heading_incompatible (168.9° > 15.0°)
42095,65267,9.47,102.37,heading_incompatible (102.4° > 15.0°)
43259,68884,22.88,168.77,distance_exceeded (22.9m > 15.0m); heading_incompatible (168.8° > 15.0°)
46533,58477,0.2,67.61,heading_incompatible (67.6° > 15.0°)
43026,58319,40.15,29.21,distance_exceeded (40.2m > 15.0m); heading_incompatible (29.2° > 15.0°)
43980,72469,32.3,126.06,distance_exceeded (32.3m > 15.0m); heading_incompatible (126.1° > 15.0°)
42369,64416,47.09,0.0,distance_exceeded (47.1m > 15.0m)
43273,64879,6.19,124.8,heading_incompatible (124.8° > 15.0°)
48654,66547,0.2,160.8,heading_incompatible (160.8° > 15.0°)
44607,52269,11.04,146.9,heading_incompatible (146.9° > 15.0°)
47446,64321,41.2,0.0,distance_exceeded (41.2m > 15.0m)
46943,61179,20.75,148.25,distance_exceeded (20.7m > 15.0m); heading_incompatible (148.2° > 15.0°)
49569,53156,12.17,136.66,heading_incompatible (136.7° > 15.0°)
48285,65809,16.59,15.39,distance_exceeded (16.6m > 15.0m); heading_incompatible (15.4° > 15.0°)
47524,58341,42.65,176.01,distance_exceeded (42.7m > 15.0m); heading_incompatible (176.0° > 15.0°)
43317,69773,0.89,28.71,heading_incompatible (28.7° > 15.0°)
44823,67467,27.26,27.76,distance_exceeded (27.3m > 15.0m); heading_incompatible (27.8° > 15.0°)
41627,55505,29.92,21.11,distance_exceeded (29.9m > 15.0m); heading_incompatible (21.1° > 15.0°)
40248,64683,5.95,118.97,heading_incompatible (119.0° > 15.0°)
46420,58113,47.18,0.0,distance_exceeded (47.2m > 15.0m)
42962,59104,34.94,160.28,distance_exceeded (34.9m > 15.0m); heading_incompatible (160.3° > 15.0°)
48083,68131,0.2,50.64,heading_incompatible (50.6° > 15.0°)
45147,60653,43.35,0.0,distance_exceeded (43.4m > 15.0m)
41638,58323,7.65,145.96,heading_incompatible (146.0° > 15.0°)
43726,65688,0.22,47.08,heading_incompatible (47.1° > 15.0°)
42688,71060,45.2,0.0,distance_exceeded (45.2m > 15.0m)
40819,51897,47.44,0.0,distance_exceeded (47.4m > 15.0m)
48158,51374,22.21,24.11,distance_exceeded (22.2m > 15.0m); heading_incompatible (24.1° > 15.0°)
49091,51268,33.32,91.74,distance_exceeded (33.3m > 15.0m); heading_incompatible (91.7° > 15.0°)
46716,71527,5.95,101.73,heading_incompatible (101.7° > 15.0°)
40316,56919,13.59,31.05,heading_incompatible (31.1° > 15.0°)
40906,52437,2.59,105.28,heading_incompatible (105.3° > 15.0°)
47645,64528,48.49,71.76,distance_exceeded (48.5m > 15.0m); heading_incompatible (71.8° > 15.0°)
42136,61782,0.2,60.05,heading_incompatible (60.0° > 15.0°)
41812,71568,26.12,48.39,distance_exceeded (26.1m > 15.0m); heading_incompatible (48.4° > 15.0°)
48838,59680,20.73,107.2,distance_exceeded (20.7m > 15.0m); heading_incompatible (107.2° > 15.0°)
46026,55043,49.48,0.0,distance_exceeded (49.5m > 15.0m)
47847,63783,8.88,23.16,heading_incompatible (23.2° > 15.0°)
47028,61741,0.2,55.67,heading_incompatible (55.7° > 15.0°)
44228,69564,16.61,0.0,distance_exceeded (16.6m > 15.0m)
40506,51163,25.91,21.45,distance_exceeded (25.9m > 15.0m); heading_incompatible (21.5° > 15.0°)
48381,57841,4.6,167.31,heading_incompatible (167.3° > 15.0°)
41420,64970,5.34,98.32,heading_incompatible (98.3° > 15.0°)
45292,65695,0.28,56.44,heading_incompatible (56.4° > 15.0°)
47602,64456,39.7,109.51,distance_exceeded (39.7m > 15.0m); heading_incompatible (109.5° > 15.0°)
47322,54598,0.29,119.21,heading_incompatible (119.2° > 15.0°)
48857,68479,11.82,151.42,heading_incompatible (151.4° > 15.0°)
48152,62795,28.61,73.78,distance_exceeded (28.6m > 15.0m); heading_incompatible (73.8° > 15.0°)
43161,66822,15.62,0.0,distance_exceeded (15.6m > 15.0m)
48662,53074,40.72,23.31,distance_exceeded (40.7m > 15.0m); heading_incompatible (23.3° > 15.0°)
41112,54183,24.32,45.99,distance_exceeded (24.3m > 15.0m); heading_incompatible (46.0° > 15.0°)
41373,68521,22.78,94.03,distance_exceeded (22.8m > 15.0m); heading_incompatible (94.0° > 15.0°)
48072,52188,43.68,123.63,distance_exceeded (43.7m > 15.0m); heading_incompatible (123.6° > 15.0°)
46561,58708,21.92,173.32,distance_exceeded (21.9m > 15.0m); heading_incompatible (173.3° > 15.0°)
40227,50607,15.53,86.85,distance_exceeded (15.5m > 15.0m); heading_incompatible (86.9° > 15.0°)
42885,56994,39.84,0.0,distance_exceeded (39.8m > 15.0m)
40888,52061,11.9,111.11,heading_incompatible (111.1° > 15.0°)
43447,68009,16.92,20.12,distance_exceeded (16.9m > 15.0m); heading_incompatible (20.1° > 15.0°)
42670,52635,5.95,163.83,heading_incompatible (163.8° > 15.0°)
46160,55765,17.01,146.57,distance_exceeded (17.0m > 15.0m); heading_incompatible (146.6° > 15.0°)
44165,59260,18.04,10.38,distance_exceeded (18.0m > 15.0m)
46579,50237,12.53,160.74,heading_incompatible (160.7° > 15.0°)
40799,63149,26.6,97.23,distance_exceeded (26.6m > 15.0m); heading_incompatible (97.2° > 15.0°)
44043,66130,37.97,0.0,distance_exceeded (38.0m > 15.0m)
46089,56793,41.69,0.0,distance_exceeded (41.7m > 15.0m)
47731,64857,18.69,110.11,distance_exceeded (18.7m > 15.0m); heading_incompatible (110.1° > 15.0°)
41813,59633,2.52,55.25,heading_incompatible (55.3° > 15.0°)
40940,52661,5.54,166.88,heading_incompatible (166.9° > 15.0°)
44698,55969,0.2,175.48,heading_incompatible (175.5° > 15.0°)
42629,64216,16.8,130.95,distance_exceeded (16.8m > 15.0m); heading_incompatible (130.9° > 15.0°)
45041,72248,18.32,19.93,distance_exceeded (18.3m > 15.0m); heading_incompatible (19.9° > 15.0°)
39852,57951,22.03,163.51,distance_exceeded (22.0m > 15.0m); heading_incompatible (163.5° > 15.0°)
40526,71769,17.52,159.92,distance_exceeded (17.5m > 15.0m); heading_incompatible (159.9° > 15.0°)
49228,63293,0.2,36.45,heading_incompatible (36.5° > 15.0°)
46171,55879,24.2,4.78,distance_exceeded (24.2m > 15.0m)
46557,68110,0.2,108.62,heading_incompatible (108.6° > 15.0°)
46823,60459,35.21,25.27,distance_exceeded (35.2m > 15.0m); heading_incompatible (25.3° > 15.0°)
40201,54547,3.57,59.12,heading_incompatible (59.1° > 15.0°)
42699,59954,11.9,17.16,heading_incompatible (17.2° > 15.0°)
46834,60462,15.32,0.0,distance_exceeded (15.3m > 15.0m)
45917,67685,24.5,40.05,distance_exceeded (24.5m > 15.0m); heading_incompatible (40.0° > 15.0°)
46027,55099,40.34,91.9,distance_exceeded (40.3m > 15.0m); heading_incompatible (91.9° > 15.0°)
48991,53149,0.2,107.68,heading_incompatible (107.7° > 15.0°)
44489,51618,38.36,28.94,distance_exceeded (38.4m > 15.0m); heading_incompatible (28.9° > 15.0°)
42559,63991,46.97,13.24,distance_exceeded (47.0m > 15.0m)
47269,66164,40.0,15.26,distance_exceeded (40.0m > 15.0m); heading_incompatible (15.3° > 15.0°)
41518,58191,19.4,0.94,distance_exceeded (19.4m > 15.0m)
44452,50304,9.95,77.5,heading_incompatible (77.5° > 15.0°)
40866,52231,5.93,166.5,heading_incompatible (166.5° > 15.0°)
48588,56163,14.84,78.6,heading_incompatible (78.6° > 15.0°)
45191,51483,7.59,72.49,heading_incompatible (72.5° > 15.0°)
41600,58122,42.75,0.0,distance_exceeded (42.7m > 15.0m)
45176,51062,12.08,87.2,heading_incompatible (87.2° > 15.0°)
49185,65288,0.2,118.16,heading_incompatible (118.2° > 15.0°)
48476,58992,48.83,0.0,distance_exceeded (48.8m > 15.0m)
45427,57326,0.2,48.18,heading_incompatible (48.2° > 15.0°)
43964,70065,26.09,121.19,distance_exceeded (26.1m > 15.0m); heading_incompatible (121.2° > 15.0°)
42311,50213,44.47,0.0,distance_exceeded (44.5m > 15.0m)
41610,57800,35.78,153.4,distance_exceeded (35.8m > 15.0m); heading_incompatible (153.4° > 15.0°)
46949,61271,0.2,34.75,heading_incompatible (34.7° > 15.0°)
45256,71908,0.2,75.64,heading_incompatible (75.6° > 15.0°)
46495,65893,32.68,95.84,distance_exceeded (32.7m > 15.0m); heading_incompatible (95.8° > 15.0°)
44447,49745,38.2,0.0,distance_exceeded (38.2m > 15.0m)
48576,63579,13.48,177.3,heading_incompatible (177.3° > 15.0°)
43027,57306,6.36,88.28,heading_incompatible (88.3° > 15.0°)
43808,67751,30.24,0.08,distance_exceeded (30.2m > 15.0m)
48467,55417,19.74,90.05,distance_exceeded (19.7m > 15.0m); heading_incompatible (90.1° > 15.0°)
47516,63718,2.85,167.8,heading_incompatible (167.8° > 15.0°)
42511,63583,34.55,95.26,distance_exceeded (34.6m > 15.0m); heading_incompatible (95.3° > 15.0°)
47547,63972,23.44,170.1,distance_exceeded (23.4m > 15.0m); heading_incompatible (170.1° > 15.0°)
44687,50344,5.95,133.34,heading_incompatible (133.3° > 15.0°)
48943,51190,35.6,0.0,distance_exceeded (35.6m > 15.0m)
48913,68568,35.52,116.21,distance_exceeded (35.5m > 15.0m); heading_incompatible (116.2° > 15.0°)
44843,50423,0.74,155.97,heading_incompatible (156.0° > 15.0°)
45533,51109,16.69,0.0,distance_exceeded (16.7m > 15.0m)
47949,65959,25.49,179.85,distance_exceeded (25.5m > 15.0m); heading_incompatible (179.9° > 15.0°)
40230,62036,48.63,0.0,distance_exceeded (48.6m > 15.0m)
40583,57977,0.2,62.78,heading_incompatible (62.8° > 15.0°)
48199,66484,32.8,111.98,distance_exceeded (32.8m > 15.0m); heading_incompatible (112.0° > 15.0°)
40686,59530,23.76,62.19,distance_exceeded (23.8m > 15.0m); heading_incompatible (62.2° > 15.0°)
46577,58912,5.31,92.74,heading_incompatible (92.7° > 15.0°)
41716,58906,27.16,87.27,distance_exceeded (27.2m > 15.0m); heading_incompatible (87.3° > 15.0°)
43015,66180,32.02,102.39,distance_exceeded (32.0m > 15.0m); heading_incompatible (102.4° > 15.0°)
45961,54273,38.2,0.0,distance_exceeded (38.2m > 15.0m)
46226,56307,21.61,81.73,distance_exceeded (21.6m > 15.0m); heading_incompatible (81.7° > 15.0°)
45454,70815,3.05,110.68,heading_incompatible (110.7° > 15.0°)
47139,59087,11.9,175.03,heading_incompatible (175.0° > 15.0°)
45180,53602,38.75,0.0,distance_exceeded (38.8m > 15.0m)
43672,64704,37.64,141.56,distance_exceeded (37.6m > 15.0m); heading_incompatible (141.6° > 15.0°)
43690,50685,7.44,20.95,heading_incompatible (21.0° > 15.0°)
46538,66560,31.81,107.5,distance_exceeded (31.8m > 15.0m); heading_incompatible (107.5° > 15.0°)
45245,51379,12.7,53.52,heading_incompatible (53.5° > 15.0°)
42867,64882,18.2,0.0,distance_exceeded (18.2m > 15.0m)
40130,66501,17.29,74.16,distance_exceeded (17.3m > 15.0m); heading_incompatible (74.2° > 15.0°)
48575,71929,34.77,0.0,distance_exceeded (34.8m > 15.0m)
42346,50939,43.45,178.87,distance_exceeded (43.5m > 15.0m); heading_incompatible (178.9° > 15.0°)
44192,62776,27.46,0.0,distance_exceeded (27.5m > 15.0m)
48713,51100,10.46,177.8,heading_incompatible (177.8° > 15.0°)
45408,68311,0.2,44.33,heading_incompatible (44.3° > 15.0°)
44724,49823,6.83,65.8,heading_incompatible (65.8° > 15.0°)
39977,49741,38.2,0.0,distance_exceeded (38.2m > 15.0m)
48024,59948,0.98,155.36,heading_incompatible (155.4° > 15.0°)
40110,61126,32.87,0.0,distance_exceeded (32.9m > 15.0m)
49124,65263,26.63,129.23,distance_exceeded (26.6m > 15.0m); heading_incompatible (129.2° > 15.0°)
45591,50729,0.2,142.03,heading_incompatible (142.0° > 15.0°)
45673,52170,42.73,102.43,distance_exceeded (42.7m > 15.0m); heading_incompatible (102.4° > 15.0°)
44737,69852,4.94,97.74,heading_incompatible (97.7° > 15.0°)
44004,60858,0.2,90.35,heading_incompatible (90.3° > 15.0°)
48964,65221,45.53,0.0,distance_exceeded (45.5m > 15.0m)
41898,70745,31.37,107.65,distance_exceeded (31.4m > 15.0m); heading_incompatible (107.6° > 15.0°)
40600,64294,0.2,71.28,heading_incompatible (71.3° > 15.0°)
46299,55262,11.31,105.86,heading_incompatible (105.9° > 15.0°)
41232,57707,10.34,112.37,heading_incompatible (112.4° > 15.0°)
44979,56938,8.92,167.6,heading_incompatible (167.6° > 15.0°)
47443,63285,15.91,54.52,distance_exceeded (15.9m > 15.0m); heading_incompatible (54.5° > 15.0°)
48165,66358,35.48,100.42,distance_exceeded (35.5m > 15.0m); heading_incompatible (100.4° > 15.0°)
44822,50539,0.2,104.45,heading_incompatible (104.5° > 15.0°)
46162,65677,22.76,109.76,distance_exceeded (22.8m > 15.0m); heading_incompatible (109.8° > 15.0°)
44412,66531,2.98,42.37,heading_incompatible (42.4° > 15.0°)
47590,72035,45.0,91.12,distance_exceeded (45.0m > 15.0m); heading_incompatible (91.1° > 15.0°)
41220,53532,37.95,118.74,distance_exceeded (37.9m > 15.0m); heading_incompatible (118.7° > 15.0°)
49312,68843,17.85,97.25,distance_exceeded (17.8m > 15.0m); heading_incompatible (97.2° > 15.0°)
44503,70439,5.19,21.36,heading_incompatible (21.4° > 15.0°)
46372,62571,6.39,57.64,heading_incompatible (57.6° > 15.0°)
47656,65499,0.2,144.68,heading_incompatible (144.7° > 15.0°)
46230,51827,30.63,169.34,distance_exceeded (30.6m > 15.0m); heading_incompatible (169.3° > 15.0°)
42548,63846,0.2,91.59,heading_incompatible (91.6° > 15.0°)
47960,57072,3.88,79.89,heading_incompatible (79.9° > 15.0°)
42774,65152,10.91,169.71,heading_incompatible (169.7° > 15.0°)
40487,66997,20.47,115.46,distance_exceeded (20.5m > 15.0m); heading_incompatible (115.5° > 15.0°)
46529,71457,40.02,102.87,distance_exceeded (40.0m > 15.0m); heading_incompatible (102.9° > 15.0°)
42171,61997,18.69,31.87,distance_exceeded (18.7m > 15.0m); heading_incompatible (31.9° > 15.0°)
46021,54959,34.16,80.57,distance_exceeded (34.2m > 15.0m); heading_incompatible (80.6° > 15.0°)
45949,53238,2.81,30.0,heading_incompatible (30.0° > 15.0°)
42572,61813,9.93,107.33,heading_incompatible (107.3° > 15.0°)
44490,49943,0.2,90.48,heading_incompatible (90.5° > 15.0°)
43323,50523,22.33,121.23,distance_exceeded (22.3m > 15.0m); heading_incompatible (121.2° > 15.0°)
46451,58060,18.78,88.92,distance_exceeded (18.8m > 15.0m); heading_incompatible (88.9° > 15.0°)
40624,51675,2.23,152.48,heading_incompatible (152.5° > 15.0°)
43239,67271,47.94,169.87,distance_exceeded (47.9m > 15.0m); heading_incompatible (169.9° > 15.0°)
46375,57587,41.48,96.22,distance_exceeded (41.5m > 15.0m); heading_incompatible (96.2° > 15.0°)
46737,59918,25.04,87.42,distance_exceeded (25.0m > 15.0m); heading_incompatible (87.4° > 15.0°)
49510,66373,26.21,77.9,distance_exceeded (26.2m > 15.0m); heading_incompatible (77.9° > 15.0°)
46257,56500,0.2,168.51,heading_incompatible (168.5° > 15.0°)
43844,65262,2.24,67.67,heading_incompatible (67.7° > 15.0°)
43399,59998,16.29,0.0,distance_exceeded (16.3m > 15.0m)
44465,66291,0.2,177.8,heading_incompatible (177.8° > 15.0°)
46304,68889,13.56,77.52,heading_incompatible (77.5° > 15.0°)
42260,62308,27.78,0.0,distance_exceeded (27.8m > 15.0m)
40749,61305,30.29,106.52,distance_exceeded (30.3m > 15.0m); heading_incompatible (106.5° > 15.0°)
49389,68697,1.01,110.15,heading_incompatible (110.2° > 15.0°)
42251,62258,25.58,101.37,distance_exceeded (25.6m > 15.0m); heading_incompatible (101.4° > 15.0°)
47682,54721,45.2,0.0,distance_exceeded (45.2m > 15.0m)
43197,72032,41.09,0.0,distance_exceeded (41.1m > 15.0m)
49298,51489,27.33,67.2,distance_exceeded (27.3m > 15.0m); heading_incompatible (67.2° > 15.0°)
46615,50452,7.55,155.64,heading_incompatible (155.6° > 15.0°)
46902,60944,36.75,171.37,distance_exceeded (36.8m > 15.0m); heading_incompatible (171.4° > 15.0°)
47023,61725,35.13,0.0,distance_exceeded (35.1m > 15.0m)
43445,62511,0.56,75.19,heading_incompatible (75.2° > 15.0°)
48268,68259,31.12,5.08,distance_exceeded (31.1m > 15.0m)
48731,50578,19.51,0.0,distance_exceeded (19.5m > 15.0m)
42282,62417,41.27,0.0,distance_exceeded (41.3m > 15.0m)
40736,51973,12.02,30.09,heading_incompatible (30.1° > 15.0°)
45316,51492,16.5,177.22,distance_exceeded (16.5m > 15.0m); heading_incompatible (177.2° > 15.0°)
46966,61393,6.72,77.26,heading_incompatible (77.3° > 15.0°)
43038,66231,26.96,72.57,distance_exceeded (27.0m > 15.0m); heading_incompatible (72.6° > 15.0°)
47842,53152,0.2,153.72,heading_incompatible (153.7° > 15.0°)
42886,62358,24.24,157.88,distance_exceeded (24.2m > 15.0m); heading_incompatible (157.9° > 15.0°)
41421,53427,1.83,177.28,heading_incompatible (177.3° > 15.0°)
43002,52548,0.2,27.64,heading_incompatible (27.6° > 15.0°)
43028,67694,27.31,98.49,distance_exceeded (27.3m > 15.0m); heading_incompatible (98.5° > 15.0°)
44794,58856,15.58,159.52,distance_exceeded (15.6m > 15.0m); heading_incompatible (159.5° > 15.0°)
44993,56916,48.93,166.06,distance_exceeded (48.9m > 15.0m); heading_incompatible (166.1° > 15.0°)
48809,64919,0.91,83.84,heading_incompatible (83.8° > 15.0°)
39856,64763,27.29,15.97,distance_exceeded (27.3m > 15.0m); heading_incompatible (16.0° > 15.0°)
47973,66367,0.79,53.9,heading_incompatible (53.9° > 15.0°)
44486,55805,0.2,18.03,heading_incompatible (18.0° > 15.0°)
40396,56037,11.49,54.23,heading_incompatible (54.2° > 15.0°)
48774,67465,0.2,175.82,heading_incompatible (175.8° > 15.0°)
46288,61301,8.16,155.29,heading_incompatible (155.3° > 15.0°)
46665,69478,35.18,0.0,distance_exceeded (35.2m > 15.0m)
48418,64962,1.72,16.33,heading_incompatible (16.3° > 15.0°)
46281,55163,1.35,66.49,heading_incompatible (66.5° > 15.0°)
42242,51738,5.19,95.97,heading_incompatible (96.0° > 15.0°)
40946,52682,36.0,173.16,distance_exceeded (36.0m > 15.0m); heading_incompatible (173.2° > 15.0°)
43035,72062,38.32,0.0,distance_exceeded (38.3m > 15.0m)
45107,50510,11.76,34.76,heading_incompatible (34.8° > 15.0°)
42821,66472,17.81,157.42,distance_exceeded (17.8m > 15.0m); heading_incompatible (157.4° > 15.0°)
45485,70881,31.52,162.71,distance_exceeded (31.5m > 15.0m); heading_incompatible (162.7° > 15.0°)
47083,65307,0.2,152.95,heading_incompatible (152.9° > 15.0°)
48721,71188,18.54,53.66,distance_exceeded (18.5m > 15.0m); heading_incompatible (53.7° > 15.0°)
49061,65247,11.98,57.96,heading_incompatible (58.0° > 15.0°)
40787,50129,4.19,58.34,heading_incompatible (58.3° > 15.0°)
42594,72070,35.41,0.0,distance_exceeded (35.4m > 15.0m)
46449,58052,38.36,0.0,distance_exceeded (38.4m > 15.0m)
44683,57833,31.03,0.0,distance_exceeded (31.0m > 15.0m)
44703,50444,16.57,0.0,distance_exceeded (16.6m > 15.0m)
39973,50164,5.16,79.11,heading_incompatible (79.1° > 15.0°)
40641,54884,2.42,94.61,heading_incompatible (94.6° > 15.0°)
44072,71238,47.04,91.41,distance_exceeded (47.0m > 15.0m); heading_incompatible (91.4° > 15.0°)
43523,61174,4.79,26.19,heading_incompatible (26.2° > 15.0°)
47958,54454,0.2,86.81,heading_incompatible (86.8° > 15.0°)
41005,54817,23.2,43.31,distance_exceeded (23.2m > 15.0m); heading_incompatible (43.3° > 15.0°)
44206,69674,43.51,175.34,distance_exceeded (43.5m > 15.0m); heading_incompatible (175.3° > 15.0°)
42480,63376,43.15,90.4,distance_exceeded (43.1m > 15.0m); heading_incompatible (90.4° > 15.0°)
47845,69628,3.37,84.43,heading_incompatible (84.4° > 15.0°)
44093,66372,25.26,102.82,distance_exceeded (25.3m > 15.0m); heading_incompatible (102.8° > 15.0°)
44942,56333,6.2,172.0,heading_incompatible (172.0° > 15.0°)
44500,63426,5.22,85.0,heading_incompatible (85.0° > 15.0°)
40786,51817,10.61,52.19,heading_incompatible (52.2° > 15.0°)
46301,57969,38.57,0.0,distance_exceeded (38.6m > 15.0m)
42208,67645,13.96,105.36,heading_incompatible (105.4° > 15.0°)
47365,63600,18.93,6.93,distance_exceeded (18.9m > 15.0m)
42578,64070,6.06,144.13,heading_incompatible (144.1° > 15.0°)
45293,57333,28.63,55.11,distance_exceeded (28.6m > 15.0m); heading_incompatible (55.1° > 15.0°)
43083,64211,12.34,130.33,heading_incompatible (130.3° > 15.0°)
48612,67922,24.64,133.92,distance_exceeded (24.6m > 15.0m); heading_incompatible (133.9° > 15.0°)
48598,69365,16.25,17.98,distance_exceeded (16.3m > 15.0m); heading_incompatible (18.0° > 15.0°)
49595,66301,9.67,59.71,heading_incompatible (59.7° > 15.0°)
42370,72067,29.77,0.0,distance_exceeded (29.8m > 15.0m)
40985,52932,11.92,157.91,heading_incompatible (157.9° > 15.0°)
45588,70909,6.29,166.38,heading_incompatible (166.4° > 15.0°)
44417,57221,34.0,86.59,distance_exceeded (34.0m > 15.0m); heading_incompatible (86.6° > 15.0°)
46178,55984,23.3,0.0,distance_exceeded (23.3m > 15.0m)
44151,71468,18.79,168.11,distance_exceeded (18.8m > 15.0m); heading_incompatible (168.1° > 15.0°)
40378,50917,45.5,0.0,distance_exceeded (45.5m > 15.0m)
45890,69875,0.2,131.55,heading_incompatible (131.6° > 15.0°)
49041,60118,36.61,179.76,distance_exceeded (36.6m > 15.0m); heading_incompatible (179.8° > 15.0°)
42271,62374,8.86,23.71,heading_incompatible (23.7° > 15.0°)
46396,57714,16.49,137.47,distance_exceeded (16.5m > 15.0m); heading_incompatible (137.5° > 15.0°)
45996,54696,16.06,170.81,distance_exceeded (16.1m > 15.0m); heading_incompatible (170.8° > 15.0°)
47512,71018,0.48,95.06,heading_incompatible (95.1° > 15.0°)
48098,65223,26.28,0.0,distance_exceeded (26.3m > 15.0m)
47041,67650,0.2,132.07,heading_incompatible (132.1° > 15.0°)
47609,65211,31.52,161.9,distance_exceeded (31.5m > 15.0m); heading_incompatible (161.9° > 15.0°)
48506,67569,6.01,172.89,heading_incompatible (172.9° > 15.0°)
46157,55741,47.95,22.94,distance_exceeded (48.0m > 15.0m); heading_incompatible (22.9° > 15.0°)
41381,71203,47.6,9.24,distance_exceeded (47.6m > 15.0m)
42650,66247,27.71,0.0,distance_exceeded (27.7m > 15.0m)
48974,68629,3.13,132.39,heading_incompatible (132.4° > 15.0°)
48310,66466,13.68,31.9,heading_incompatible (31.9° > 15.0°)
49676,62135,0.96,15.1,heading_incompatible (15.1° > 15.0°)
39842,70830,22.12,81.86,distance_exceeded (22.1m > 15.0m); heading_incompatible (81.9° > 15.0°)
43811,58153,4.12,160.08,heading_incompatible (160.1° > 15.0°)
47142,69738,27.87,29.92,distance_exceeded (27.9m > 15.0m); heading_incompatible (29.9° > 15.0°)
46954,61347,17.93,24.51,distance_exceeded (17.9m > 15.0m); heading_incompatible (24.5° > 15.0°)
47563,64048,46.49,139.32,distance_exceeded (46.5m > 15.0m); heading_incompatible (139.3° > 15.0°)
40519,57243,47.4,0.0,distance_exceeded (47.4m > 15.0m)
41207,53923,1.63,95.17,heading_incompatible (95.2° > 15.0°)
47629,64349,29.74,18.15,distance_exceeded (29.7m > 15.0m); heading_incompatible (18.1° > 15.0°)
42040,61212,35.0,0.0,distance_exceeded (35.0m > 15.0m)
42900,64329,27.83,85.03,distance_exceeded (27.8m > 15.0m); heading_incompatible (85.0° > 15.0°)
41270,54709,15.85,0.0,distance_exceeded (15.8m > 15.0m)
48003,57016,16.16,131.08,distance_exceeded (16.2m > 15.0m); heading_incompatible (131.1° > 15.0°)
41918,60408,23.74,0.0,distance_exceeded (23.7m > 15.0m)
47078,62008,40.34,71.78,distance_exceeded (40.3m > 15.0m); heading_incompatible (71.8° > 15.0°)
42703,59358,37.53,0.0,distance_exceeded (37.5m > 15.0m)
46889,60814,34.48,66.95,distance_exceeded (34.5m > 15.0m); heading_incompatible (67.0° > 15.0°)
47643,62982,27.3,36.16,distance_exceeded (27.3m > 15.0m); heading_incompatible (36.2° > 15.0°)
45542,72360,30.77,24.02,distance_exceeded (30.8m > 15.0m); heading_incompatible (24.0° > 15.0°)
40620,69421,0.2,163.47,heading_incompatible (163.5° > 15.0°)
44170,65914,18.6,0.0,distance_exceeded (18.6m > 15.0m)
44746,59939,26.11,0.0,distance_exceeded (26.1m > 15.0m)
48256,66773,4.53,115.03,heading_incompatible (115.0° > 15.0°)
44744,69129,19.11,0.0,distance_exceeded (19.1m > 15.0m)
48901,72101,7.89,59.58,heading_incompatible (59.6° > 15.0°)
40635,66836,20.04,88.4,distance_exceeded (20.0m > 15.0m); heading_incompatible (88.4° > 15.0°)
46259,56514,3.5,15.0,heading_incompatible (15.0° > 15.0°)
46841,60471,19.79,16.81,distance_exceeded (19.8m > 15.0m); heading_incompatible (16.8° > 15.0°)
45035,67047,26.18,29.41,distance_exceeded (26.2m > 15.0m); heading_incompatible (29.4° > 15.0°)
46401,68185,16.61,0.0,distance_exceeded (16.6m > 15.0m)
47976,56659,1.15,100.23,heading_incompatible (100.2° > 15.0°)
47110,62150,8.86,39.84,heading_incompatible (39.8° > 15.0°)
49612,61290,7.62,83.16,heading_incompatible (83.2° > 15.0°)
44384,59117,13.19,122.46,heading_incompatible (122.5° > 15.0°)
45106,64087,23.04,24.15,distance_exceeded (23.0m > 15.0m); heading_incompatible (24.2° > 15.0°)
47440,53194,3.13,95.79,heading_incompatible (95.8° > 15.0°)
43387,60225,5.91,172.93,heading_incompatible (172.9° > 15.0°)
49551,52535,15.61,27.35,distance_exceeded (15.6m > 15.0m); heading_incompatible (27.4° > 15.0°)
45898,53870,16.39,3.19,distance_exceeded (16.4m > 15.0m)
47591,64204,4.2,76.91,heading_incompatible (76.9° > 15.0°)
48865,55243,47.08,81.65,distance_exceeded (47.1m > 15.0m); heading_incompatible (81.6° > 15.0°)
46506,58428,38.49,13.66,distance_exceeded (38.5m > 15.0m)
42990,72190,36.7,152.74,distance_exceeded (36.7m > 15.0m); heading_incompatible (152.7° > 15.0°)
40282,70808,40.2,2.08,distance_exceeded (40.2m > 15.0m)
47237,62375,0.2,138.91,heading_incompatible (138.9° > 15.0°)
46809,60436,46.2,0.0,distance_exceeded (46.2m > 15.0m)
44250,61249,31.33,75.21,distance_exceeded (31.3m > 15.0m); heading_incompatible (75.2° > 15.0°)
48732,65111,8.5,125.01,heading_incompatible (125.0° > 15.0°)
43262,69256,5.15,150.16,heading_incompatible (150.2° > 15.0°)
44134,68931,0.2,80.62,heading_incompatible (80.6° > 15.0°)
43594,54245,0.2,166.42,heading_incompatible (166.4° > 15.0°)
45344,61508,18.12,103.18,distance_exceeded (18.1m > 15.0m); heading_incompatible (103.2° > 15.0°)
48366,62733,34.76,91.75,distance_exceeded (34.8m > 15.0m); heading_incompatible (91.7° > 15.0°)
43350,63161,31.04,167.46,distance_exceeded (31.0m > 15.0m); heading_incompatible (167.5° > 15.0°)
45299,51468,22.17,0.0,distance_exceeded (22.2m > 15.0m)
42020,60487,13.92,159.87,heading_incompatible (159.9° > 15.0°)
48188,66944,37.01,0.0,distance_exceeded (37.0m > 15.0m)
49553,70071,12.87,54.54,heading_incompatible (54.5° > 15.0°)
40419,69964,3.61,133.01,heading_incompatible (133.0° > 15.0°)
46276,56601,34.59,38.8,distance_exceeded (34.6m > 15.0m); heading_incompatible (38.8° > 15.0°)
43164,66856,33.39,151.94,distance_exceeded (33.4m > 15.0m); heading_incompatible (151.9° > 15.0°)
48149,64278,36.8,0.0,distance_exceeded (36.8m > 15.0m)
45402,58255,0.2,89.23,heading_incompatible (89.2° > 15.0°)
46376,51205,28.99,85.0,distance_exceeded (29.0m > 15.0m); heading_incompatible (85.0° > 15.0°)
45703,52333,16.99,0.0,distance_exceeded (17.0m > 15.0m)
43815,57927,14.55,168.83,heading_incompatible (168.8° > 15.0°)
40414,50518,17.65,172.76,distance_exceeded (17.7m > 15.0m); heading_incompatible (172.8° > 15.0°)
40719,68012,17.05,158.62,distance_exceeded (17.0m > 15.0m); heading_incompatible (158.6° > 15.0°)
42348,65978,42.11,18.49,distance_exceeded (42.1m > 15.0m); heading_incompatible (18.5° > 15.0°)
48182,63287,20.66,36.27,distance_exceeded (20.7m > 15.0m); heading_incompatible (36.3° > 15.0°)
41839,59890,45.06,131.09,distance_exceeded (45.1m > 15.0m); heading_incompatible (131.1° > 15.0°)
44617,59360,6.85,82.24,heading_incompatible (82.2° > 15.0°)
40564,68597,22.17,0.0,distance_exceeded (22.2m > 15.0m)
48147,64442,11.46,178.28,heading_incompatible (178.3° > 15.0°)
44021,60890,0.91,117.88,heading_incompatible (117.9° > 15.0°)
41984,60784,0.98,152.97,heading_incompatible (153.0° > 15.0°)
41713,71472,49.39,109.76,distance_exceeded (49.4m > 15.0m); heading_incompatible (109.8° > 15.0°)
44570,70645,49.44,0.0,distance_exceeded (49.4m > 15.0m)
41039,53518,18.25,134.62,distance_exceeded (18.2m > 15.0m); heading_incompatible (134.6° > 15.0°)
44947,72218,0.2,108.16,heading_incompatible (108.2° > 15.0°)
41187,55023,49.48,0.0,distance_exceeded (49.5m > 15.0m)
40367,50912,28.22,46.72,distance_exceeded (28.2m > 15.0m); heading_incompatible (46.7° > 15.0°)
41786,59363,29.38,98.79,distance_exceeded (29.4m > 15.0m); heading_incompatible (98.8° > 15.0°)
44187,50428,11.49,144.87,heading_incompatible (144.9° > 15.0°)
48945,67976,6.45,79.97,heading_incompatible (80.0° > 15.0°)
48028,71504,0.2,25.42,heading_incompatible (25.4° > 15.0°)
43479,59366,20.8,158.62,distance_exceeded (20.8m > 15.0m); heading_incompatible (158.6° > 15.0°)
45213,51158,8.08,18.35,heading_incompatible (18.4° > 15.0°)
40938,65569,20.37,0.0,distance_exceeded (20.4m > 15.0m)
40473,53775,3.12,96.87,heading_incompatible (96.9° > 15.0°)
46232,56313,16.25,173.83,distance_exceeded (16.2m > 15.0m); heading_incompatible (173.8° > 15.0°)
42585,63733,5.95,41.81,heading_incompatible (41.8° > 15.0°)
41073,53573,1.17,38.51,heading_incompatible (38.5° > 15.0°)
41403,56473,8.28,171.81,heading_incompatible (171.8° > 15.0°)
39858,63875,7.3,148.06,heading_incompatible (148.1° > 15.0°)
47234,55421,12.52,161.51,heading_incompatible (161.5° > 15.0°)
49317,70369,18.19,77.02,distance_exceeded (18.2m > 15.0m); heading_incompatible (77.0° > 15.0°)
42949,56971,0.2,143.42,heading_incompatible (143.4° > 15.0°)
48322,67049,2.88,96.89,heading_incompatible (96.9° > 15.0°)
42176,71773,3.71,108.01,heading_incompatible (108.0° > 15.0°)
44996,64681,23.68,169.82,distance_exceeded (23.7m > 15.0m); heading_incompatible (169.8° > 15.0°)
40515,51310,21.74,0.0,distance_exceeded (21.7m > 15.0m)
43752,56781,0.2,110.03,heading_incompatible (110.0° > 15.0°)
43880,52104,0.2,168.63,heading_incompatible (168.6° > 15.0°)
43362,54374,0.2,16.26,heading_incompatible (16.3° > 15.0°)
43475,69473,0.85,161.92,heading_incompatible (161.9° > 15.0°)
47527,70039,33.15,0.0,distance_exceeded (33.1m > 15.0m)
44810,66689,10.65,78.99,heading_incompatible (79.0° > 15.0°)
39949,57184,27.64,173.7,distance_exceeded (27.6m > 15.0m); heading_incompatible (173.7° > 15.0°)
47104,62134,19.88,74.71,distance_exceeded (19.9m > 15.0m); heading_incompatible (74.7° > 15.0°)
49378,68922,6.17,63.09,heading_incompatible (63.1° > 15.0°)
49699,70483,29.27,0.0,distance_exceeded (29.3m > 15.0m)
47727,66191,40.89,12.37,distance_exceeded (40.9m > 15.0m)
44616,70121,22.98,83.04,distance_exceeded (23.0m > 15.0m); heading_incompatible (83.0° > 15.0°)
49678,61800,12.28,66.24,heading_incompatible (66.2° > 15.0°)
47469,52585,21.74,48.85,distance_exceeded (21.7m > 15.0m); heading_incompatible (48.8° > 15.0°)
49287,71549,14.26,120.56,heading_incompatible (120.6° > 15.0°)
45490,64770,0.87,84.88,heading_incompatible (84.9° > 15.0°)
42436,63086,0.2,85.9,heading_incompatible (85.9° > 15.0°)
41461,57248,0.71,62.3,heading_incompatible (62.3° > 15.0°)
43182,66931,32.66,0.0,distance_exceeded (32.7m > 15.0m)
48853,49968,12.11,104.33,heading_incompatible (104.3° > 15.0°)
47710,51717,2.01,62.51,heading_incompatible (62.5° > 15.0°)
46279,62502,40.48,101.48,distance_exceeded (40.5m > 15.0m); heading_incompatible (101.5° > 15.0°)
45407,51561,43.85,127.3,distance_exceeded (43.8m > 15.0m); heading_incompatible (127.3° > 15.0°)
40255,59818,0.2,82.76,heading_incompatible (82.8° > 15.0°)
48197,66478,0.2,67.89,heading_incompatible (67.9° > 15.0°)
47864,70332,43.89,0.0,distance_exceeded (43.9m > 15.0m)
41431,56730,18.66,0.0,distance_exceeded (18.7m > 15.0m)
43713,68595,23.84,110.03,distance_exceeded (23.8m > 15.0m); heading_incompatible (110.0° > 15.0°)
47526,60198,32.93,0.0,distance_exceeded (32.9m > 15.0m)
47918,68850,0.2,77.59,heading_incompatible (77.6° > 15.0°)
41338,67405,5.22,50.2,heading_incompatible (50.2° > 15.0°)
43581,54503,10.84,102.07,heading_incompatible (102.1° > 15.0°)
48194,66955,12.31,54.43,heading_incompatible (54.4° > 15.0°)
49053,65662,22.65,0.0,distance_exceeded (22.7m > 15.0m)
45370,63403,0.41,89.49,heading_incompatible (89.5° > 15.0°)
43613,65326,20.81,94.02,distance_exceeded (20.8m > 15.0m); heading_incompatible (94.0° > 15.0°)
40366,57088,36.99,0.0,distance_exceeded (37.0m > 15.0m)
48050,66038,10.34,50.73,heading_incompatible (50.7° > 15.0°)
41806,59439,23.02,35.08,distance_exceeded (23.0m > 15.0m); heading_incompatible (35.1° > 15.0°)
40192,58814,3.82,20.52,heading_incompatible (20.5° > 15.0°)
46466,57804,17.87,28.92,distance_exceeded (17.9m > 15.0m); heading_incompatible (28.9° > 15.0°)
44672,64615,6.05,40.3,heading_incompatible (40.3° > 15.0°)
40185,62384,26.71,110.12,distance_exceeded (26.7m > 15.0m); heading_incompatible (110.1° > 15.0°)
41811,59905,33.08,0.0,distance_exceeded (33.1m > 15.0m)
44344,69715,19.17,53.55,distance_exceeded (19.2m > 15.0m); heading_incompatible (53.6° > 15.0°)
42078,61562,0.39,95.81,heading_incompatible (95.8° > 15.0°)
45707,52352,4.55,163.76,heading_incompatible (163.8° > 15.0°)
42828,56143,8.48,179.97,heading_incompatible (180.0° > 15.0°)
45441,67902,29.9,144.37,distance_exceeded (29.9m > 15.0m); heading_incompatible (144.4° > 15.0°)
43040,64332,41.23,0.0,distance_exceeded (41.2m > 15.0m)
44999,56927,8.51,93.52,heading_incompatible (93.5° > 15.0°)
46330,61059,4.2,68.09,heading_incompatible (68.1° > 15.0°)
46300,65715,46.3,0.0,distance_exceeded (46.3m > 15.0m)
41547,51221,0.2,25.57,heading_incompatible (25.6° > 15.0°)
45476,52572,12.4,83.2,heading_incompatible (83.2° > 15.0°)
44086,51142,13.16,67.78,heading_incompatible (67.8° > 15.0°)
42252,62327,7.37,145.39,heading_incompatible (145.4° > 15.0°)
43029,65744,0.2,71.0,heading_incompatible (71.0° > 15.0°)
44446,65973,45.63,0.0,distance_exceeded (45.6m > 15.0m)
48511,56014,6.26,75.59,heading_incompatible (75.6° > 15.0°)
44345,53345,18.42,47.49,distance_exceeded (18.4m > 15.0m); heading_incompatible (47.5° > 15.0°)
41648,67970,3.33,31.65,heading_incompatible (31.7° > 15.0°)
40197,67165,5.21,92.56,heading_incompatible (92.6° > 15.0°)
45806,54726,5.72,35.86,heading_incompatible (35.9° > 15.0°)
44147,59181,16.8,74.78,distance_exceeded (16.8m > 15.0m); heading_incompatible (74.8° > 15.0°)
47680,60000,30.94,0.0,distance_exceeded (30.9m > 15.0m)
40204,49811,1.77,156.78,heading_incompatible (156.8° > 15.0°)
45380,51680,30.83,22.92,distance_exceeded (30.8m > 15.0m); heading_incompatible (22.9° > 15.0°)
44200,70971,48.92,97.52,distance_exceeded (48.9m > 15.0m); heading_incompatible (97.5° > 15.0°)
48004,69575,11.05,140.41,heading_incompatible (140.4° > 15.0°)
48999,49913,7.52,63.57,heading_incompatible (63.6° > 15.0°)
41582,58165,33.54,41.44,distance_exceeded (33.5m > 15.0m); heading_incompatible (41.4° > 15.0°)
43466,62586,0.19,87.33,heading_incompatible (87.3° > 15.0°)
45067,57604,0.2,105.42,heading_incompatible (105.4° > 15.0°)
45835,53121,15.44,43.65,distance_exceeded (15.4m > 15.0m); heading_incompatible (43.7° > 15.0°)
40057,66102,39.34,97.0,distance_exceeded (39.3m > 15.0m); heading_incompatible (97.0° > 15.0°)
44251,61257,16.07,0.0,distance_exceeded (16.1m > 15.0m)
47283,62639,0.2,74.2,heading_incompatible (74.2° > 15.0°)
47368,63516,32.02,0.0,distance_exceeded (32.0m > 15.0m)
42032,68982,29.21,105.82,distance_exceeded (29.2m > 15.0m); heading_incompatible (105.8° > 15.0°)
43805,56831,12.8,68.49,heading_incompatible (68.5° > 15.0°)
46532,58469,28.2,0.0,distance_exceeded (28.2m > 15.0m)
47444,63291,39.38,0.0,distance_exceeded (39.4m > 15.0m)
42373,65566,17.8,89.79,distance_exceeded (17.8m > 15.0m); heading_incompatible (89.8° > 15.0°)
40043,49828,16.28,179.2,distance_exceeded (16.3m > 15.0m); heading_incompatible (179.2° > 15.0°)
41354,55902,11.25,175.56,heading_incompatible (175.6° > 15.0°)
42400,62905,45.49,173.54,distance_exceeded (45.5m > 15.0m); heading_incompatible (173.5° > 15.0°)
40986,49859,1.61,86.29,heading_incompatible (86.3° > 15.0°)
46348,55945,28.26,0.0,distance_exceeded (28.3m > 15.0m)
40820,52145,23.12,20.19,distance_exceeded (23.1m > 15.0m); heading_incompatible (20.2° > 15.0°)
40677,52600,0.2,113.15,heading_incompatible (113.2° > 15.0°)
40828,49850,0.53,24.98,heading_incompatible (25.0° > 15.0°)
47924,57429,17.16,27.43,distance_exceeded (17.2m > 15.0m); heading_incompatible (27.4° > 15.0°)
44186,59055,39.36,170.84,distance_exceeded (39.4m > 15.0m); heading_incompatible (170.8° > 15.0°)
45983,54132,7.87,99.51,heading_incompatible (99.5° > 15.0°)
42533,63724,45.23,10.89,distance_exceeded (45.2m > 15.0m)
43032,59901,46.25,0.0,distance_exceeded (46.3m > 15.0m)
45986,56569,4.35,137.21,heading_incompatible (137.2° > 15.0°)
45795,52815,4.86,85.64,heading_incompatible (85.6° > 15.0°)
41033,52769,7.98,99.69,heading_incompatible (99.7° > 15.0°)
40409,64077,0.2,153.87,heading_incompatible (153.9° > 15.0°)
43666,51407,28.61,150.98,distance_exceeded (28.6m > 15.0m); heading_incompatible (151.0° > 15.0°)
43540,68356,19.51,0.0,distance_exceeded (19.5m > 15.0m)
46130,55827,3.03,23.52,heading_incompatible (23.5° > 15.0°)
40668,52094,5.05,152.96,heading_incompatible (153.0° > 15.0°)
45271,62881,20.62,0.0,distance_exceeded (20.6m > 15.0m)
40476,53842,21.07,142.48,distance_exceeded (21.1m > 15.0m); heading_incompatible (142.5° > 15.0°)
40566,71388,2.37,77.23,heading_incompatible (77.2° > 15.0°)
49429,60904,42.98,0.0,distance_exceeded (43.0m > 15.0m)
41526,58207,40.91,0.0,distance_exceeded (40.9m > 15.0m)
41731,63511,32.81,8.51,distance_exceeded (32.8m > 15.0m)
45732,52449,25.6,93.51,distance_exceeded (25.6m > 15.0m); heading_incompatible (93.5° > 15.0°)
40207,58774,20.14,17.12,distance_exceeded (20.1m > 15.0m); heading_incompatible (17.1° > 15.0°)
40167,59331,11.15,41.73,heading_incompatible (41.7° > 15.0°)
49083,68961,23.28,26.74,distance_exceeded (23.3m > 15.0m); heading_incompatible (26.7° > 15.0°)
45913,54188,8.83,173.58,heading_incompatible (173.6° > 15.0°)
39991,65669,17.02,47.21,distance_exceeded (17.0m > 15.0m); heading_incompatible (47.2° > 15.0°)
47216,51274,26.99,107.88,distance_exceeded (27.0m > 15.0m); heading_incompatible (107.9° > 15.0°)
43764,50115,25.78,118.46,distance_exceeded (25.8m > 15.0m); heading_incompatible (118.5° > 15.0°)
44347,65782,0.2,116.97,heading_incompatible (117.0° > 15.0°)
46472,51203,28.59,43.17,distance_exceeded (28.6m > 15.0m); heading_incompatible (43.2° > 15.0°)
42780,65175,0.2,47.94,heading_incompatible (47.9° > 15.0°)
46316,58248,31.79,125.98,distance_exceeded (31.8m > 15.0m); heading_incompatible (126.0° > 15.0°)
47597,64265,8.75,84.39,heading_incompatible (84.4° > 15.0°)
42739,55317,13.14,59.56,heading_incompatible (59.6° > 15.0°)
43537,56199,44.29,0.0,distance_exceeded (44.3m > 15.0m)
42662,58635,37.96,169.3,distance_exceeded (38.0m > 15.0m); heading_incompatible (169.3° > 15.0°)
42153,61869,9.42,80.5,heading_incompatible (80.5° > 15.0°)
46223,56287,4.12,106.71,heading_incompatible (106.7° > 15.0°)
42551,63719,43.99,122.94,distance_exceeded (44.0m > 15.0m); heading_incompatible (122.9° > 15.0°)
47369,63532,0.2,92.19,heading_incompatible (92.2° > 15.0°)
42770,65131,43.3,0.89,distance_exceeded (43.3m > 15.0m)
49106,69350,23.51,0.0,distance_exceeded (23.5m > 15.0m)
42756,72123,26.6,150.85,distance_exceeded (26.6m > 15.0m); heading_incompatible (150.8° > 15.0°)
48578,70975,37.54,0.0,distance_exceeded (37.5m > 15.0m)
44051,69096,16.46,0.0,distance_exceeded (16.5m > 15.0m)
44780,59075,24.01,103.05,distance_exceeded (24.0m > 15.0m); heading_incompatible (103.0° > 15.0°)
46112,54711,37.73,96.44,distance_exceeded (37.7m > 15.0m); heading_incompatible (96.4° > 15.0°)
42012,60955,31.13,92.63,distance_exceeded (31.1m > 15.0m); heading_incompatible (92.6° > 15.0°)
42274,55266,43.48,20.05,distance_exceeded (43.5m > 15.0m); heading_incompatible (20.0° > 15.0°)
42334,66337,25.65,0.0,distance_exceeded (25.7m > 15.0m)
40552,51448,8.86,109.04,heading_incompatible (109.0° > 15.0°)
49450,69644,24.21,160.89,distance_exceeded (24.2m > 15.0m); heading_incompatible (160.9° > 15.0°)
41770,59269,5.18,96.24,heading_incompatible (96.2° > 15.0°)
45334,61747,12.37,57.89,heading_incompatible (57.9° > 15.0°)
48706,61181,42.44,161.36,distance_exceeded (42.4m > 15.0m); heading_incompatible (161.4° > 15.0°)
49243,57661,0.2,83.83,heading_incompatible (83.8° > 15.0°)
39863,68775,14.27,141.69,heading_incompatible (141.7° > 15.0°)
41496,66313,28.26,0.0,distance_exceeded (28.3m > 15.0m)
43882,71696,0.2,177.08,heading_incompatible (177.1° > 15.0°)
48678,68225,42.63,0.0,distance_exceeded (42.6m > 15.0m)
45623,70602,37.77,0.0,distance_exceeded (37.8m > 15.0m)
47230,62373,16.59,126.37,distance_exceeded (16.6m > 15.0m); heading_incompatible (126.4° > 15.0°)
42418,62857,1.83,119.29,heading_incompatible (119.3° > 15.0°)
40789,50792,20.5,178.91,distance_exceeded (20.5m > 15.0m); heading_incompatible (178.9° > 15.0°)
45783,72332,46.87,44.36,distance_exceeded (46.9m > 15.0m); heading_incompatible (44.4° > 15.0°)
44003,60878,0.2,78.83,heading_incompatible (78.8° > 15.0°)
41462,53330,25.25,84.2,distance_exceeded (25.2m > 15.0m); heading_incompatible (84.2° > 15.0°)
45487,53607,21.53,139.13,distance_exceeded (21.5m > 15.0m); heading_incompatible (139.1° > 15.0°)
48573,59915,12.3,173.39,heading_incompatible (173.4° > 15.0°)
45265,69777,0.2,145.56,heading_incompatible (145.6° > 15.0°)
39854,50025,8.94,132.17,heading_incompatible (132.2° > 15.0°)
43033,51686,27.48,0.0,distance_exceeded (27.5m > 15.0m)
42174,69603,27.17,80.19,distance_exceeded (27.2m > 15.0m); heading_incompatible (80.2° > 15.0°)
46093,50631,10.27,101.8,heading_incompatible (101.8° > 15.0°)
41814,59626,16.69,145.01,distance_exceeded (16.7m > 15.0m); heading_incompatible (145.0° > 15.0°)
42835,51823,22.47,81.11,distance_exceeded (22.5m > 15.0m); heading_incompatible (81.1° > 15.0°)
40861,65041,18.06,48.54,distance_exceeded (18.1m > 15.0m); heading_incompatible (48.5° > 15.0°)
47970,53406,43.69,60.08,distance_exceeded (43.7m > 15.0m); heading_incompatible (60.1° > 15.0°)
49403,64887,14.52,36.75,heading_incompatible (36.7° > 15.0°)
48940,57489,13.1,125.59,heading_incompatible (125.6° > 15.0°)
43531,55560,4.79,23.36,heading_incompatible (23.4° > 15.0°)
47356,58958,46.71,105.09,distance_exceeded (46.7m > 15.0m); heading_incompatible (105.1° > 15.0°)
42528,65497,44.14,0.0,distance_exceeded (44.1m > 15.0m)
45881,53612,23.22,101.35,distance_exceeded (23.2m > 15.0m); heading_incompatible (101.4° > 15.0°)
40568,58225,26.38,79.92,distance_exceeded (26.4m > 15.0m); heading_incompatible (79.9° > 15.0°)
41374,56276,23.06,0.0,distance_exceeded (23.1m > 15.0m)
48710,50455,39.03,55.38,distance_exceeded (39.0m > 15.0m); heading_incompatible (55.4° > 15.0°)
46853,60610,4.31,60.66,heading_incompatible (60.7° > 15.0°)
39988,62865,21.87,173.98,distance_exceeded (21.9m > 15.0m); heading_incompatible (174.0° > 15.0°)
40243,50626,15.48,0.0,distance_exceeded (15.5m > 15.0m)
46652,59069,41.33,0.0,distance_exceeded (41.3m > 15.0m)
45326,68839,43.68,177.91,distance_exceeded (43.7m > 15.0m); heading_incompatible (177.9° > 15.0°)
48868,68493,1.61,57.2,heading_incompatible (57.2° > 15.0°)
49631,63389,28.81,56.0,distance_exceeded (28.8m > 15.0m); heading_incompatible (56.0° > 15.0°)
45748,52612,0.2,97.25,heading_incompatible (97.3° > 15.0°)
48402,51634,0.2,22.11,heading_incompatible (22.1° > 15.0°)
44505,63674,12.79,55.58,heading_incompatible (55.6° > 15.0°)
39978,66901,9.96,165.37,heading_incompatible (165.4° > 15.0°)
40539,53219,20.62,0.0,distance_exceeded (20.6m > 15.0m)
42890,69987,20.47,4.6,distance_exceeded (20.5m > 15.0m)
47997,56695,11.06,95.84,heading_incompatible (95.8° > 15.0°)
48482,56727,25.29,22.69,distance_exceeded (25.3m > 15.0m); heading_incompatible (22.7° > 15.0°)
41149,54622,30.66,0.0,distance_exceeded (30.7m > 15.0m)
42268,66765,3.24,33.22,heading_incompatible (33.2° > 15.0°)
49540,52096,16.84,83.72,distance_exceeded (16.8m > 15.0m); heading_incompatible (83.7° > 15.0°)
43069,69910,6.26,162.07,heading_incompatible (162.1° > 15.0°)
45630,52422,47.45,0.0,distance_exceeded (47.4m > 15.0m)
47929,65796,3.24,21.4,heading_incompatible (21.4° > 15.0°)
44943,65869,28.25,0.0,distance_exceeded (28.2m > 15.0m)
46607,51976,21.84,177.62,distance_exceeded (21.8m > 15.0m); heading_incompatible (177.6° > 15.0°)
44665,69817,27.53,124.12,distance_exceeded (27.5m > 15.0m); heading_incompatible (124.1° > 15.0°)
40829,52081,33.76,78.12,distance_exceeded (33.8m > 15.0m); heading_incompatible (78.1° > 15.0°)
45239,57327,0.2,68.72,heading_incompatible (68.7° > 15.0°)
42092,61113,0.2,134.61,heading_incompatible (134.6° > 15.0°)
45801,54768,5.06,177.18,heading_incompatible (177.2° > 15.0°)
43137,56663,0.2,116.87,heading_incompatible (116.9° > 15.0°)
49391,60922,12.78,21.05,heading_incompatible (21.1° > 15.0°)
43745,56581,0.2,35.19,heading_incompatible (35.2° > 15.0°)
44602,68153,0.31,51.79,heading_incompatible (51.8° > 15.0°)
45432,57810,33.37,141.93,distance_exceeded (33.4m > 15.0m); heading_incompatible (141.9° > 15.0°)
48126,50311,27.48,0.0,distance_exceeded (27.5m > 15.0m)
45065,50868,21.92,89.58,distance_exceeded (21.9m > 15.0m); heading_incompatible (89.6° > 15.0°)
48701,66872,20.38,0.0,distance_exceeded (20.4m > 15.0m)
46484,55516,23.35,157.78,distance_exceeded (23.3m > 15.0m); heading_incompatible (157.8° > 15.0°)
45005,71279,10.21,124.15,heading_incompatible (124.1° > 15.0°)
47065,61909,31.2,0.0,distance_exceeded (31.2m > 15.0m)
43311,50859,0.2,173.58,heading_incompatible (173.6° > 15.0°)
46362,56978,12.05,144.46,heading_incompatible (144.5° > 15.0°)
44198,57474,37.66,99.6,distance_exceeded (37.7m > 15.0m); heading_incompatible (99.6° > 15.0°)
42273,56810,16.31,18.16,distance_exceeded (16.3m > 15.0m); heading_incompatible (18.2° > 15.0°)
46664,68648,8.68,87.56,heading_incompatible (87.6° > 15.0°)
49480,50294,27.99,0.0,distance_exceeded (28.0m > 15.0m)
45300,71382,14.73,75.18,heading_incompatible (75.2° > 15.0°)
40852,52165,44.88,59.5,distance_exceeded (44.9m > 15.0m); heading_incompatible (59.5° > 15.0°)
43321,51979,30.46,0.0,distance_exceeded (30.5m > 15.0m)
47183,51751,11.9,66.03,heading_incompatible (66.0° > 15.0°)
49154,72376,22.88,0.0,distance_exceeded (22.9m > 15.0m)
43806,67794,3.13,143.24,heading_incompatible (143.2° > 15.0°)
48484,68139,17.54,0.92,distance_exceeded (17.5m > 15.0m)
40037,50397,11.52,43.85,heading_incompatible (43.8° > 15.0°)
41540,51223,12.36,50.03,heading_incompatible (50.0° > 15.0°)
42407,65610,49.16,123.47,distance_exceeded (49.2m > 15.0m); heading_incompatible (123.5° > 15.0°)
43773,65445,34.6,165.46,distance_exceeded (34.6m > 15.0m); heading_incompatible (165.5° > 15.0°)
46494,64952,25.08,31.82,distance_exceeded (25.1m > 15.0m); heading_incompatible (31.8° > 15.0°)
40162,59384,26.11,0.0,distance_exceeded (26.1m > 15.0m)
49042,60127,0.2,166.59,heading_incompatible (166.6° > 15.0°)
47944,65911,10.01,56.09,heading_incompatible (56.1° > 15.0°)
46148,55534,26.45,13.54,distance_exceeded (26.4m > 15.0m)
47190,62192,6.2,120.22,heading_incompatible (120.2° > 15.0°)
46693,59608,39.1,132.46,distance_exceeded (39.1m > 15.0m); heading_incompatible (132.5° > 15.0°)
46123,55476,35.1,0.0,distance_exceeded (35.1m > 15.0m)
47296,53403,9.02,30.66,heading_incompatible (30.7° > 15.0°)
41426,64027,10.21,125.13,heading_incompatible (125.1° > 15.0°)
47154,57090,5.95,163.55,heading_incompatible (163.6° > 15.0°)
48584,50473,5.97,165.55,heading_incompatible (165.5° > 15.0°)
45982,70811,7.19,167.05,heading_incompatible (167.0° > 15.0°)
48962,56129,8.94,102.75,heading_incompatible (102.8° > 15.0°)
42024,54643,17.48,19.49,distance_exceeded (17.5m > 15.0m); heading_incompatible (19.5° > 15.0°)
46282,56704,33.56,14.94,distance_exceeded (33.6m > 15.0m)
44706,71112,11.9,170.65,heading_incompatible (170.6° > 15.0°)
44603,49838,9.62,84.02,heading_incompatible (84.0° > 15.0°)
40417,55330,6.39,86.49,heading_incompatible (86.5° > 15.0°)
45307,68200,0.2,88.76,heading_incompatible (88.8° > 15.0°)
40431,57468,2.44,79.93,heading_incompatible (79.9° > 15.0°)
47209,62221,22.09,39.63,distance_exceeded (22.1m > 15.0m); heading_incompatible (39.6° > 15.0°)
48023,59957,25.58,0.0,distance_exceeded (25.6m > 15.0m)
43571,51322,24.38,11.22,distance_exceeded (24.4m > 15.0m)
47313,54443,0.26,177.35,heading_incompatible (177.4° > 15.0°)
40205,59202,15.72,123.65,distance_exceeded (15.7m > 15.0m); heading_incompatible (123.6° > 15.0°)
45143,59805,7.56,165.11,heading_incompatible (165.1° > 15.0°)
46277,64038,11.63,54.6,heading_incompatible (54.6° > 15.0°)
43771,63554,32.37,178.28,distance_exceeded (32.4m > 15.0m); heading_incompatible (178.3° > 15.0°)
48703,57432,37.6,0.0,distance_exceeded (37.6m > 15.0m)
47501,63749,17.38,0.0,distance_exceeded (17.4m > 15.0m)
43662,56218,28.25,179.64,distance_exceeded (28.3m > 15.0m); heading_incompatible (179.6° > 15.0°)
42011,60888,2.58,68.52,heading_incompatible (68.5° > 15.0°)
45062,57105,2.52,125.3,heading_incompatible (125.3° > 15.0°)
41050,53633,46.54,161.78,distance_exceeded (46.5m > 15.0m); heading_incompatible (161.8° > 15.0°)
49082,69091,6.71,69.36,heading_incompatible (69.4° > 15.0°)
40920,52861,22.51,97.75,distance_exceeded (22.5m > 15.0m); heading_incompatible (97.8° > 15.0°)
44311,57446,11.77,145.44,heading_incompatible (145.4° > 15.0°)
49230,60311,0.2,165.47,heading_incompatible (165.5° > 15.0°)
48902,65559,0.2,84.71,heading_incompatible (84.7° > 15.0°)
46668,61298,4.68,26.92,heading_incompatible (26.9° > 15.0°)
45308,57521,3.65,86.34,heading_incompatible (86.3° > 15.0°)
41870,60089,27.57,111.89,distance_exceeded (27.6m > 15.0m); heading_incompatible (111.9° > 15.0°)
40567,57531,19.71,135.19,distance_exceeded (19.7m > 15.0m); heading_incompatible (135.2° > 15.0°)
43542,56189,26.54,0.0,distance_exceeded (26.5m > 15.0m)
41668,60079,24.64,24.08,distance_exceeded (24.6m > 15.0m); heading_incompatible (24.1° > 15.0°)
42426,63047,28.27,91.22,distance_exceeded (28.3m > 15.0m); heading_incompatible (91.2° > 15.0°)
40220,51591,34.76,0.0,distance_exceeded (34.8m > 15.0m)
42874,67813,0.2,102.41,heading_incompatible (102.4° > 15.0°)
43643,68497,0.2,92.83,heading_incompatible (92.8° > 15.0°)
46708,55311,4.01,166.48,heading_incompatible (166.5° > 15.0°)
45701,52324,0.2,148.09,heading_incompatible (148.1° > 15.0°)
48213,66568,39.69,0.0,distance_exceeded (39.7m > 15.0m)
42224,57695,0.2,125.55,heading_incompatible (125.6° > 15.0°)
47540,64576,41.69,93.24,distance_exceeded (41.7m > 15.0m); heading_incompatible (93.2° > 15.0°)
47242,65353,41.27,0.0,distance_exceeded (41.3m > 15.0m)
40483,51478,36.81,0.0,distance_exceeded (36.8m > 15.0m)
41439,64946,0.2,132.09,heading_incompatible (132.1° > 15.0°)
40116,62897,4.78,109.26,heading_incompatible (109.3° > 15.0°)
44627,50313,9.14,39.78,heading_incompatible (39.8° > 15.0°)
44522,70390,11.9,15.09,heading_incompatible (15.1° > 15.0°)
43101,66481,6.24,70.35,heading_incompatible (70.4° > 15.0°)
44882,55136,6.26,154.54,heading_incompatible (154.5° > 15.0°)
43545,67080,11.84,108.99,heading_incompatible (109.0° > 15.0°)
39958,68966,12.99,69.02,heading_incompatible (69.0° > 15.0°)
43916,68700,5.95,19.6,heading_incompatible (19.6° > 15.0°)
42070,61454,22.27,174.47,distance_exceeded (22.3m > 15.0m); heading_incompatible (174.5° > 15.0°)
47408,63113,19.07,97.01,distance_exceeded (19.1m > 15.0m); heading_incompatible (97.0° > 15.0°)
41125,54228,38.2,0.0,distance_exceeded (38.2m > 15.0m)
44386,58522,15.4,0.0,distance_exceeded (15.4m > 15.0m)
45883,53891,28.31,101.98,distance_exceeded (28.3m > 15.0m); heading_incompatible (102.0° > 15.0°)
47383,63011,0.2,17.11,heading_incompatible (17.1° > 15.0°)
46642,59297,27.96,14.26,distance_exceeded (28.0m > 15.0m)
45089,67408,13.24,23.61,heading_incompatible (23.6° > 15.0°)
42498,71885,30.02,171.19,distance_exceeded (30.0m > 15.0m); heading_incompatible (171.2° > 15.0°)
47198,62278,12.88,33.85,heading_incompatible (33.8° > 15.0°)
42377,62842,20.09,173.79,distance_exceeded (20.1m > 15.0m); heading_incompatible (173.8° > 15.0°)
49267,60254,0.2,127.75,heading_incompatible (127.7° > 15.0°)
49087,65417,0.47,74.36,heading_incompatible (74.4° > 15.0°)
46558,58637,26.16,113.23,distance_exceeded (26.2m > 15.0m); heading_incompatible (113.2° > 15.0°)
40945,52689,0.2,21.33,heading_incompatible (21.3° > 15.0°)
40077,72329,34.59,0.0,distance_exceeded (34.6m > 15.0m)
46973,61477,28.15,25.47,distance_exceeded (28.1m > 15.0m); heading_incompatible (25.5° > 15.0°)
41555,69425,23.68,0.0,distance_exceeded (23.7m > 15.0m)
44620,69089,7.56,51.69,heading_incompatible (51.7° > 15.0°)
45797,54742,39.42,82.71,distance_exceeded (39.4m > 15.0m); heading_incompatible (82.7° > 15.0°)
44078,54843,10.04,121.92,heading_incompatible (121.9° > 15.0°)
41441,59887,11.61,118.42,heading_incompatible (118.4° > 15.0°)
44145,50589,0.24,98.94,heading_incompatible (98.9° > 15.0°)
45390,56653,0.2,122.76,heading_incompatible (122.8° > 15.0°)
46744,59929,22.26,0.0,distance_exceeded (22.3m > 15.0m)
45551,61343,14.69,102.64,heading_incompatible (102.6° > 15.0°)
46350,55988,22.14,171.13,distance_exceeded (22.1m > 15.0m); heading_incompatible (171.1° > 15.0°)
46435,57982,5.4,124.6,heading_incompatible (124.6° > 15.0°)
48668,58506,20.14,27.6,distance_exceeded (20.1m > 15.0m); heading_incompatible (27.6° > 15.0°)
44788,65754,0.56,148.53,heading_incompatible (148.5° > 15.0°)
40592,70443,0.2,75.62,heading_incompatible (75.6° > 15.0°)
40291,51702,18.11,125.39,distance_exceeded (18.1m > 15.0m); heading_incompatible (125.4° > 15.0°)
43834,72384,6.53,150.76,heading_incompatible (150.8° > 15.0°)
41559,51004,23.03,101.32,distance_exceeded (23.0m > 15.0m); heading_incompatible (101.3° > 15.0°)
41974,60683,5.77,157.42,heading_incompatible (157.4° > 15.0°)
44079,67993,8.34,119.79,heading_incompatible (119.8° > 15.0°)
44096,58615,10.42,78.1,heading_incompatible (78.1° > 15.0°)
40908,52460,8.14,84.64,heading_incompatible (84.6° > 15.0°)
49497,52739,16.09,0.0,distance_exceeded (16.1m > 15.0m)
49397,68993,20.11,1.75,distance_exceeded (20.1m > 15.0m)
46554,58665,14.72,156.59,heading_incompatible (156.6° > 15.0°)
48125,50335,42.15,97.78,distance_exceeded (42.1m > 15.0m); heading_incompatible (97.8° > 15.0°)
40022,49796,7.33,120.92,heading_incompatible (120.9° > 15.0°)
48664,59913,11.04,23.54,heading_incompatible (23.5° > 15.0°)
46364,51225,22.57,178.83,distance_exceeded (22.6m > 15.0m); heading_incompatible (178.8° > 15.0°)
44450,70167,14.23,153.79,heading_incompatible (153.8° > 15.0°)
44010,59656,13.61,172.14,heading_incompatible (172.1° > 15.0°)
46545,58540,44.27,0.0,distance_exceeded (44.3m > 15.0m)
48195,53550,0.2,33.01,heading_incompatible (33.0° > 15.0°)
42189,71185,5.64,145.24,heading_incompatible (145.2° > 15.0°)
47155,57101,12.38,161.0,heading_incompatible (161.0° > 15.0°)
45553,61328,25.65,73.48,distance_exceeded (25.7m > 15.0m); heading_incompatible (73.5° > 15.0°)
45094,69683,8.7,36.47,heading_incompatible (36.5° > 15.0°)
41277,55646,0.71,89.75,heading_incompatible (89.7° > 15.0°)
43590,64607,1.32,141.31,heading_incompatible (141.3° > 15.0°)
43271,69639,0.2,74.45,heading_incompatible (74.5° > 15.0°)
40011,53079,2.56,105.86,heading_incompatible (105.9° > 15.0°)
42356,50928,30.28,38.99,distance_exceeded (30.3m > 15.0m); heading_incompatible (39.0° > 15.0°)
41026,67879,16.64,0.1,distance_exceeded (16.6m > 15.0m)
46891,71699,0.2,78.74,heading_incompatible (78.7° > 15.0°)
44675,69837,13.04,148.14,heading_incompatible (148.1° > 15.0°)
41212,53790,5.72,89.89,heading_incompatible (89.9° > 15.0°)
39921,69291,5.95,156.56,heading_incompatible (156.6° > 15.0°)
45481,69606,22.95,8.19,distance_exceeded (22.9m > 15.0m)
40134,66900,12.29,91.93,heading_incompatible (91.9° > 15.0°)
44790,58843,34.45,67.11,distance_exceeded (34.4m > 15.0m); heading_incompatible (67.1° > 15.0°)
46121,55651,39.82,89.75,distance_exceeded (39.8m > 15.0m); heading_incompatible (89.7° > 15.0°)
41500,56001,37.39,6.75,distance_exceeded (37.4m > 15.0m)
41789,68269,4.08,93.36,heading_incompatible (93.4° > 15.0°)
43813,58006,9.83,161.97,heading_incompatible (162.0° > 15.0°)
41826,66005,29.71,12.12,distance_exceeded (29.7m > 15.0m)
47114,62153,5.05,142.42,heading_incompatible (142.4° > 15.0°)
47763,64983,41.91,176.77,distance_exceeded (41.9m > 15.0m); heading_incompatible (176.8° > 15.0°)
44852,50075,19.26,81.08,distance_exceeded (19.3m > 15.0m); heading_incompatible (81.1° > 15.0°)
43420,63233,41.01,179.12,distance_exceeded (41.0m > 15.0m); heading_incompatible (179.1° > 15.0°)
46390,52370,0.2,87.67,heading_incompatible (87.7° > 15.0°)
48939,50100,9.26,92.73,heading_incompatible (92.7° > 15.0°)
47244,62443,36.92,4.8,distance_exceeded (36.9m > 15.0m)
44583,50840,30.35,35.19,distance_exceeded (30.3m > 15.0m); heading_incompatible (35.2° > 15.0°)
46195,56077,47.07,101.67,distance_exceeded (47.1m > 15.0m); heading_incompatible (101.7° > 15.0°)
40891,55180,46.82,0.0,distance_exceeded (46.8m > 15.0m)
47559,61815,25.8,101.64,distance_exceeded (25.8m > 15.0m); heading_incompatible (101.6° > 15.0°)
44914,50766,24.02,159.7,distance_exceeded (24.0m > 15.0m); heading_incompatible (159.7° > 15.0°)
44588,50614,0.2,52.82,heading_incompatible (52.8° > 15.0°)
46856,61588,29.3,53.71,distance_exceeded (29.3m > 15.0m); heading_incompatible (53.7° > 15.0°)
42876,49865,4.29,148.87,heading_incompatible (148.9° > 15.0°)
43228,70102,20.07,0.0,distance_exceeded (20.1m > 15.0m)
49598,64898,2.11,120.11,heading_incompatible (120.1° > 15.0°)
45428,66874,0.78,72.21,heading_incompatible (72.2° > 15.0°)
49428,51581,0.2,62.08,heading_incompatible (62.1° > 15.0°)
43344,60308,0.2,98.47,heading_incompatible (98.5° > 15.0°)
46556,58623,26.08,89.37,distance_exceeded (26.1m > 15.0m); heading_incompatible (89.4° > 15.0°)
44205,69926,38.26,0.0,distance_exceeded (38.3m > 15.0m)
43999,60643,47.05,140.4,distance_exceeded (47.0m > 15.0m); heading_incompatible (140.4° > 15.0°)
39881,69712,27.88,88.39,distance_exceeded (27.9m > 15.0m); heading_incompatible (88.4° > 15.0°)
39869,49724,49.24,159.77,distance_exceeded (49.2m > 15.0m); heading_incompatible (159.8° > 15.0°)
48294,67042,32.66,0.0,distance_exceeded (32.7m > 15.0m)
40954,50855,22.68,0.0,distance_exceeded (22.7m > 15.0m)
45880,53676,15.18,0.0,distance_exceeded (15.2m > 15.0m)
49716,61186,0.2,118.41,heading_incompatible (118.4° > 15.0°)
45845,53255,13.8,42.76,heading_incompatible (42.8° > 15.0°)
48410,50547,2.91,90.31,heading_incompatible (90.3° > 15.0°)
45809,69631,24.95,28.39,distance_exceeded (24.9m > 15.0m); heading_incompatible (28.4° > 15.0°)
41849,59951,15.64,87.11,distance_exceeded (15.6m > 15.0m); heading_incompatible (87.1° > 15.0°)
46528,59576,18.77,0.0,distance_exceeded (18.8m > 15.0m)
44922,50112,10.0,89.88,heading_incompatible (89.9° > 15.0°)
48793,51318,0.95,108.78,heading_incompatible (108.8° > 15.0°)
41874,60097,29.7,4.35,distance_exceeded (29.7m > 15.0m)
40067,53569,14.46,62.33,heading_incompatible (62.3° > 15.0°)
40842,53056,2.45,99.93,heading_incompatible (99.9° > 15.0°)
40557,58762,40.91,111.63,distance_exceeded (40.9m > 15.0m); heading_incompatible (111.6° > 15.0°)
45369,51619,0.2,178.22,heading_incompatible (178.2° > 15.0°)
45918,53991,22.18,46.96,distance_exceeded (22.2m > 15.0m); heading_incompatible (47.0° > 15.0°)
46625,71091,23.33,3.92,distance_exceeded (23.3m > 15.0m)
41315,55756,46.93,0.0,distance_exceeded (46.9m > 15.0m)
42544,63634,0.2,126.72,heading_incompatible (126.7° > 15.0°)
49719,61259,16.07,0.0,distance_exceeded (16.1m > 15.0m)
47282,62634,1.71,59.19,heading_incompatible (59.2° > 15.0°)
42155,61885,44.45,0.0,distance_exceeded (44.5m > 15.0m)
41128,54195,19.11,92.22,distance_exceeded (19.1m > 15.0m); heading_incompatible (92.2° > 15.0°)
44185,56985,1.73,103.65,heading_incompatible (103.7° > 15.0°)
41451,55270,46.3,0.0,distance_exceeded (46.3m > 15.0m)
45018,67637,2.68,112.54,heading_incompatible (112.5° > 15.0°)
44033,54154,16.59,1.6,distance_exceeded (16.6m > 15.0m)
39886,69667,8.77,74.09,heading_incompatible (74.1° > 15.0°)
48444,62854,24.83,89.96,distance_exceeded (24.8m > 15.0m); heading_incompatible (90.0° > 15.0°)
47384,71897,12.47,63.08,heading_incompatible (63.1° > 15.0°)
43958,57318,0.2,30.59,heading_incompatible (30.6° > 15.0°)
42824,50880,32.44,93.84,distance_exceeded (32.4m > 15.0m); heading_incompatible (93.8° > 15.0°)
40777,65302,15.9,70.19,distance_exceeded (15.9m > 15.0m); heading_incompatible (70.2° > 15.0°)
42143,56146,0.2,105.94,heading_incompatible (105.9° > 15.0°)
44504,63664,1.73,65.33,heading_incompatible (65.3° > 15.0°)
47035,61788,14.19,121.92,heading_incompatible (121.9° > 15.0°)
45920,54004,49.1,169.93,distance_exceeded (49.1m > 15.0m); heading_incompatible (169.9° > 15.0°)
45165,72176,12.9,178.96,heading_incompatible (179.0° > 15.0°)
42737,53493,0.2,55.73,heading_incompatible (55.7° > 15.0°)
47309,68147,27.62,0.16,distance_exceeded (27.6m > 15.0m)
48332,67230,31.22,79.15,distance_exceeded (31.2m > 15.0m); heading_incompatible (79.1° > 15.0°)
47276,62606,43.47,0.0,distance_exceeded (43.5m > 15.0m)
45161,53738,46.47,44.81,distance_exceeded (46.5m > 15.0m); heading_incompatible (44.8° > 15.0°)
45574,50408,12.43,173.61,heading_incompatible (173.6° > 15.0°)
46329,56756,0.39,103.09,heading_incompatible (103.1° > 15.0°)
46344,55922,4.49,79.53,heading_incompatible (79.5° > 15.0°)
44702,50414,0.2,154.49,heading_incompatible (154.5° > 15.0°)
40370,57085,37.52,90.42,distance_exceeded (37.5m > 15.0m); heading_incompatible (90.4° > 15.0°)
41061,53823,29.65,148.41,distance_exceeded (29.6m > 15.0m); heading_incompatible (148.4° > 15.0°)
47455,58157,2.69,39.28,heading_incompatible (39.3° > 15.0°)
43648,56362,0.2,81.52,heading_incompatible (81.5° > 15.0°)
46462,57798,28.65,128.58,distance_exceeded (28.7m > 15.0m); heading_incompatible (128.6° > 15.0°)
48348,67314,48.01,92.75,distance_exceeded (48.0m > 15.0m); heading_incompatible (92.7° > 15.0°)
49046,68307,33.39,45.74,distance_exceeded (33.4m > 15.0m); heading_incompatible (45.7° > 15.0°)
40379,56655,32.57,0.0,distance_exceeded (32.6m > 15.0m)
43360,67588,11.0,99.58,heading_incompatible (99.6° > 15.0°)
44496,58419,6.95,22.47,heading_incompatible (22.5° > 15.0°)
49483,57155,27.9,0.0,distance_exceeded (27.9m > 15.0m)
44937,65876,2.64,148.07,heading_incompatible (148.1° > 15.0°)
45393,55787,43.75,56.36,distance_exceeded (43.8m > 15.0m); heading_incompatible (56.4° > 15.0°)
40470,53962,13.99,131.31,heading_incompatible (131.3° > 15.0°)
40394,55965,14.95,62.23,heading_incompatible (62.2° > 15.0°)
49307,50410,11.46,77.26,heading_incompatible (77.3° > 15.0°)
49558,50719,8.09,107.34,heading_incompatible (107.3° > 15.0°)
49433,51706,16.49,35.31,distance_exceeded (16.5m > 15.0m); heading_incompatible (35.3° > 15.0°)
42760,65011,38.1,0.0,distance_exceeded (38.1m > 15.0m)
44842,51426,18.03,77.44,distance_exceeded (18.0m > 15.0m); heading_incompatible (77.4° > 15.0°)
45183,53750,21.44,20.21,distance_exceeded (21.4m > 15.0m); heading_incompatible (20.2° > 15.0°)
42681,59959,0.2,84.57,heading_incompatible (84.6° > 15.0°)
40558,62665,47.54,109.17,distance_exceeded (47.5m > 15.0m); heading_incompatible (109.2° > 15.0°)
44576,71141,1.41,148.18,heading_incompatible (148.2° > 15.0°)
42474,72208,0.2,162.79,heading_incompatible (162.8° > 15.0°)
44247,63795,0.2,172.26,heading_incompatible (172.3° > 15.0°)
48745,67372,35.76,92.49,distance_exceeded (35.8m > 15.0m); heading_incompatible (92.5° > 15.0°)
47689,64641,33.42,0.0,distance_exceeded (33.4m > 15.0m)
42054,69354,0.2,107.93,heading_incompatible (107.9° > 15.0°)
40858,52974,11.67,37.09,heading_incompatible (37.1° > 15.0°)
46738,59926,26.97,105.39,distance_exceeded (27.0m > 15.0m); heading_incompatible (105.4° > 15.0°)
44873,67667,29.17,80.48,distance_exceeded (29.2m > 15.0m); heading_incompatible (80.5° > 15.0°)
47798,65184,24.06,82.05,distance_exceeded (24.1m > 15.0m); heading_incompatible (82.0° > 15.0°)
46313,57258,8.45,83.65,heading_incompatible (83.6° > 15.0°)
43096,69896,6.7,123.58,heading_incompatible (123.6° > 15.0°)
47070,61925,45.12,16.58,distance_exceeded (45.1m > 15.0m); heading_incompatible (16.6° > 15.0°)
49722,68579,29.93,128.77,distance_exceeded (29.9m > 15.0m); heading_incompatible (128.8° > 15.0°)
47191,62206,1.32,33.74,heading_incompatible (33.7° > 15.0°)
42485,63454,39.19,145.58,distance_exceeded (39.2m > 15.0m); heading_incompatible (145.6° > 15.0°)
44032,54979,25.57,155.8,distance_exceeded (25.6m > 15.0m); heading_incompatible (155.8° > 15.0°)
46900,60925,0.2,22.83,heading_incompatible (22.8° > 15.0°)
48792,62137,37.97,176.23,distance_exceeded (38.0m > 15.0m); heading_incompatible (176.2° > 15.0°)
47188,54416,13.89,84.89,heading_incompatible (84.9° > 15.0°)
47122,61198,35.02,0.0,distance_exceeded (35.0m > 15.0m)
49116,64815,5.11,78.11,heading_incompatible (78.1° > 15.0°)
45506,64480,32.42,0.0,distance_exceeded (32.4m > 15.0m)
47994,58929,16.81,26.76,distance_exceeded (16.8m > 15.0m); heading_incompatible (26.8° > 15.0°)
42879,51743,12.5,152.91,heading_incompatible (152.9° > 15.0°)
48782,59899,2.47,92.43,heading_incompatible (92.4° > 15.0°)
46965,61390,7.39,85.71,heading_incompatible (85.7° > 15.0°)
44341,69866,6.02,98.8,heading_incompatible (98.8° > 15.0°)
47066,61969,16.63,72.56,distance_exceeded (16.6m > 15.0m); heading_incompatible (72.6° > 15.0°)
45854,67860,16.02,140.15,distance_exceeded (16.0m > 15.0m); heading_incompatible (140.2° > 15.0°)
44640,68577,0.78,124.88,heading_incompatible (124.9° > 15.0°)
47343,60115,17.75,99.97,distance_exceeded (17.8m > 15.0m); heading_incompatible (100.0° > 15.0°)
42022,60587,30.1,147.43,distance_exceeded (30.1m > 15.0m); heading_incompatible (147.4° > 15.0°)
49075,51653,17.84,19.95,distance_exceeded (17.8m > 15.0m); heading_incompatible (20.0° > 15.0°)
46164,55637,25.14,9.01,distance_exceeded (25.1m > 15.0m)
49650,70978,5.61,66.26,heading_incompatible (66.3° > 15.0°)
49324,54659,42.06,6.34,distance_exceeded (42.1m > 15.0m)
41868,60010,28.0,0.0,distance_exceeded (28.0m > 15.0m)
44820,50543,0.2,35.69,heading_incompatible (35.7° > 15.0°)
45735,51874,13.62,133.17,heading_incompatible (133.2° > 15.0°)
41233,52741,3.83,82.99,heading_incompatible (83.0° > 15.0°)
45003,49910,25.66,0.0,distance_exceeded (25.7m > 15.0m)
44426,68473,5.95,174.21,heading_incompatible (174.2° > 15.0°)
41347,55932,2.55,87.66,heading_incompatible (87.7° > 15.0°)
48977,54532,35.63,93.79,distance_exceeded (35.6m > 15.0m); heading_incompatible (93.8° > 15.0°)
45163,53831,47.17,0.0,distance_exceeded (47.2m > 15.0m)
44850,63239,8.24,31.62,heading_incompatible (31.6° > 15.0°)
45029,63897,20.45,168.61,distance_exceeded (20.4m > 15.0m); heading_incompatible (168.6° > 15.0°)
47304,62770,32.18,79.12,distance_exceeded (32.2m > 15.0m); heading_incompatible (79.1° > 15.0°)
43555,69149,13.75,173.6,heading_incompatible (173.6° > 15.0°)
45502,63677,36.94,0.0,distance_exceeded (36.9m > 15.0m)
43561,50671,5.9,62.1,heading_incompatible (62.1° > 15.0°)
45543,56732,1.71,152.74,heading_incompatible (152.7° > 15.0°)
49638,62783,30.75,0.0,distance_exceeded (30.7m > 15.0m)
41916,60426,46.2,0.0,distance_exceeded (46.2m > 15.0m)
43971,51452,10.45,70.46,heading_incompatible (70.5° > 15.0°)
48614,67449,48.35,0.0,distance_exceeded (48.4m > 15.0m)
43947,53763,38.01,37.62,distance_exceeded (38.0m > 15.0m); heading_incompatible (37.6° > 15.0°)
49296,52630,7.11,119.16,heading_incompatible (119.2° > 15.0°)
44230,69571,31.23,7.91,distance_exceeded (31.2m > 15.0m)
42305,59418,31.65,79.9,distance_exceeded (31.6m > 15.0m); heading_incompatible (79.9° > 15.0°)
41859,55224,26.58,1.1,distance_exceeded (26.6m > 15.0m)
48264,66807,47.2,96.11,distance_exceeded (47.2m > 15.0m); heading_incompatible (96.1° > 15.0°)
49333,72431,7.32,116.87,heading_incompatible (116.9° > 15.0°)
42138,61791,6.22,158.24,heading_incompatible (158.2° > 15.0°)
47325,65604,35.64,0.0,distance_exceeded (35.6m > 15.0m)
43787,56231,13.94,108.03,heading_incompatible (108.0° > 15.0°)
41105,54112,34.27,154.98,distance_exceeded (34.3m > 15.0m); heading_incompatible (155.0° > 15.0°)
47771,65377,38.1,0.0,distance_exceeded (38.1m > 15.0m)
47851,56829,4.88,29.85,heading_incompatible (29.8° > 15.0°)
41041,53555,6.32,177.52,heading_incompatible (177.5° > 15.0°)
46016,52914,4.54,33.34,heading_incompatible (33.3° > 15.0°)
45928,54043,13.14,66.63,heading_incompatible (66.6° > 15.0°)
49529,55818,31.39,6.75,distance_exceeded (31.4m > 15.0m)
41476,64935,11.96,61.28,heading_incompatible (61.3° > 15.0°)
46667,68657,9.2,137.42,heading_incompatible (137.4° > 15.0°)
41990,60819,22.2,168.35,distance_exceeded (22.2m > 15.0m); heading_incompatible (168.3° > 15.0°)
41298,55657,0.93,97.41,heading_incompatible (97.4° > 15.0°)
43702,67985,8.31,104.51,heading_incompatible (104.5° > 15.0°)
47698,65648,16.76,35.16,distance_exceeded (16.8m > 15.0m); heading_incompatible (35.2° > 15.0°)
47173,69680,16.43,65.33,distance_exceeded (16.4m > 15.0m); heading_incompatible (65.3° > 15.0°)
48912,50324,17.84,70.18,distance_exceeded (17.8m > 15.0m); heading_incompatible (70.2° > 15.0°)
44771,49889,11.69,18.0,heading_incompatible (18.0° > 15.0°)
41473,57291,4.07,100.83,heading_incompatible (100.8° > 15.0°)
41615,58195,0.2,140.09,heading_incompatible (140.1° > 15.0°)
41351,56107,29.31,179.89,distance_exceeded (29.3m > 15.0m); heading_incompatible (179.9° > 15.0°)
45097,58896,24.28,170.31,distance_exceeded (24.3m > 15.0m); heading_incompatible (170.3° > 15.0°)
44945,62395,17.54,173.14,distance_exceeded (17.5m > 15.0m); heading_incompatible (173.1° > 15.0°)
43569,56137,4.26,140.75,heading_incompatible (140.7° > 15.0°)
43614,65296,0.2,59.74,heading_incompatible (59.7° > 15.0°)
43307,57378,6.68,29.68,heading_incompatible (29.7° > 15.0°)
42245,62188,22.76,144.89,distance_exceeded (22.8m > 15.0m); heading_incompatible (144.9° > 15.0°)
41955,60534,42.88,0.0,distance_exceeded (42.9m > 15.0m)
43435,55839,41.59,0.0,distance_exceeded (41.6m > 15.0m)
47784,58015,3.32,127.24,heading_incompatible (127.2° > 15.0°)
47904,63072,26.34,64.61,distance_exceeded (26.3m > 15.0m); heading_incompatible (64.6° > 15.0°)
43512,68292,27.03,16.26,distance_exceeded (27.0m > 15.0m); heading_incompatible (16.3° > 15.0°)
44199,63595,40.58,111.56,distance_exceeded (40.6m > 15.0m); heading_incompatible (111.6° > 15.0°)
48599,58760,30.12,23.18,distance_exceeded (30.1m > 15.0m); heading_incompatible (23.2° > 15.0°)
40301,66432,21.57,95.75,distance_exceeded (21.6m > 15.0m); heading_incompatible (95.7° > 15.0°)
48022,71636,37.75,3.63,distance_exceeded (37.7m > 15.0m)
48813,70007,10.36,165.8,heading_incompatible (165.8° > 15.0°)
39970,50158,15.2,0.0,distance_exceeded (15.2m > 15.0m)
49015,51691,7.04,60.63,heading_incompatible (60.6° > 15.0°)
44253,68581,30.4,0.0,distance_exceeded (30.4m > 15.0m)
46550,54428,9.54,133.54,heading_incompatible (133.5° > 15.0°)
46537,58508,0.2,97.99,heading_incompatible (98.0° > 15.0°)
46046,54698,2.48,132.32,heading_incompatible (132.3° > 15.0°)
46211,53216,22.25,31.69,distance_exceeded (22.2m > 15.0m); heading_incompatible (31.7° > 15.0°)
47014,61670,42.3,168.73,distance_exceeded (42.3m > 15.0m); heading_incompatible (168.7° > 15.0°)
47975,71593,24.49,52.59,distance_exceeded (24.5m > 15.0m); heading_incompatible (52.6° > 15.0°)
46576,58792,5.4,23.37,heading_incompatible (23.4° > 15.0°)
41157,61221,45.68,16.41,distance_exceeded (45.7m > 15.0m); heading_incompatible (16.4° > 15.0°)
43852,69079,38.86,38.86,distance_exceeded (38.9m > 15.0m); heading_incompatible (38.9° > 15.0°)
45136,58783,39.72,18.66,distance_exceeded (39.7m > 15.0m); heading_incompatible (18.7° > 15.0°)
41486,57409,44.62,0.0,distance_exceeded (44.6m > 15.0m)
40629,51731,17.15,53.83,distance_exceeded (17.1m > 15.0m); heading_incompatible (53.8° > 15.0°)
43068,66360,29.07,81.68,distance_exceeded (29.1m > 15.0m); heading_incompatible (81.7° > 15.0°)
43312,51801,42.01,0.0,distance_exceeded (42.0m > 15.0m)
45652,63934,17.22,0.0,distance_exceeded (17.2m > 15.0m)
49136,59462,37.13,161.07,distance_exceeded (37.1m > 15.0m); heading_incompatible (161.1° > 15.0°)
47123,61161,41.55,0.0,distance_exceeded (41.6m > 15.0m)
44398,50065,1.03,26.3,heading_incompatible (26.3° > 15.0°)
46523,71102,25.56,86.6,distance_exceeded (25.6m > 15.0m); heading_incompatible (86.6° > 15.0°)
46227,56463,20.32,0.0,distance_exceeded (20.3m > 15.0m)
45926,54941,45.76,21.9,distance_exceeded (45.8m > 15.0m); heading_incompatible (21.9° > 15.0°)
42322,51450,7.6,118.71,heading_incompatible (118.7° > 15.0°)
46675,50595,8.68,157.28,heading_incompatible (157.3° > 15.0°)
39831,56182,17.58,1.45,distance_exceeded (17.6m > 15.0m)
45805,54727,5.74,71.26,heading_incompatible (71.3° > 15.0°)
43008,66133,3.42,103.76,heading_incompatible (103.8° > 15.0°)
42950,65646,5.02,118.93,heading_incompatible (118.9° > 15.0°)
41985,66895,0.21,152.98,heading_incompatible (153.0° > 15.0°)
41147,54089,0.2,81.5,heading_incompatible (81.5° > 15.0°)
41714,64096,13.49,37.78,heading_incompatible (37.8° > 15.0°)
49025,68664,32.52,24.15,distance_exceeded (32.5m > 15.0m); heading_incompatible (24.2° > 15.0°)
40791,55428,36.14,6.91,distance_exceeded (36.1m > 15.0m)
48560,50330,37.08,84.55,distance_exceeded (37.1m > 15.0m); heading_incompatible (84.5° > 15.0°)
46687,69967,0.2,63.11,heading_incompatible (63.1° > 15.0°)
40529,51734,6.71,40.65,heading_incompatible (40.7° > 15.0°)
47589,64172,14.69,89.31,heading_incompatible (89.3° > 15.0°)
47044,58669,46.76,100.4,distance_exceeded (46.8m > 15.0m); heading_incompatible (100.4° > 15.0°)
44201,71941,14.23,101.28,heading_incompatible (101.3° > 15.0°)
42871,69122,0.2,94.57,heading_incompatible (94.6° > 15.0°)
41258,53202,41.38,0.0,distance_exceeded (41.4m > 15.0m)
43095,69040,42.08,0.0,distance_exceeded (42.1m > 15.0m)
45442,53354,18.44,148.63,distance_exceeded (18.4m > 15.0m); heading_incompatible (148.6° > 15.0°)
40021,60739,12.4,164.97,heading_incompatible (165.0° > 15.0°)
39939,58178,3.18,119.33,heading_incompatible (119.3° > 15.0°)
46920,61070,31.48,159.44,distance_exceeded (31.5m > 15.0m); heading_incompatible (159.4° > 15.0°)
47026,71741,17.65,0.0,distance_exceeded (17.6m > 15.0m)
45777,68549,11.9,69.88,heading_incompatible (69.9° > 15.0°)
42074,61481,25.59,177.43,distance_exceeded (25.6m > 15.0m); heading_incompatible (177.4° > 15.0°)
41448,57270,35.41,128.16,distance_exceeded (35.4m > 15.0m); heading_incompatible (128.2° > 15.0°)
42416,63013,37.28,0.0,distance_exceeded (37.3m > 15.0m)
42734,55304,7.16,18.23,heading_incompatible (18.2° > 15.0°)
43781,68619,23.34,136.6,distance_exceeded (23.3m > 15.0m); heading_incompatible (136.6° > 15.0°)
41287,55824,11.13,116.22,heading_incompatible (116.2° > 15.0°)
47636,66245,49.78,175.38,distance_exceeded (49.8m > 15.0m); heading_incompatible (175.4° > 15.0°)
41758,59200,18.58,88.08,distance_exceeded (18.6m > 15.0m); heading_incompatible (88.1° > 15.0°)
40695,71076,29.71,93.31,distance_exceeded (29.7m > 15.0m); heading_incompatible (93.3° > 15.0°)
45207,51151,24.38,153.94,distance_exceeded (24.4m > 15.0m); heading_incompatible (153.9° > 15.0°)
48716,55557,6.71,159.38,heading_incompatible (159.4° > 15.0°)
45077,67084,36.12,179.04,distance_exceeded (36.1m > 15.0m); heading_incompatible (179.0° > 15.0°)
41521,66782,41.16,0.0,distance_exceeded (41.2m > 15.0m)
45756,52395,3.15,23.03,heading_incompatible (23.0° > 15.0°)
40630,51725,32.72,0.0,distance_exceeded (32.7m > 15.0m)
41013,52614,0.2,58.42,heading_incompatible (58.4° > 15.0°)
41654,58571,36.73,108.22,distance_exceeded (36.7m > 15.0m); heading_incompatible (108.2° > 15.0°)
41063,65924,4.97,161.15,heading_incompatible (161.1° > 15.0°)
46531,66655,27.5,99.88,distance_exceeded (27.5m > 15.0m); heading_incompatible (99.9° > 15.0°)
42708,64706,24.05,0.0,distance_exceeded (24.1m > 15.0m)
47733,53470,2.75,127.76,heading_incompatible (127.8° > 15.0°)
49426,69047,27.13,123.18,distance_exceeded (27.1m > 15.0m); heading_incompatible (123.2° > 15.0°)
43486,72356,15.36,98.02,distance_exceeded (15.4m > 15.0m); heading_incompatible (98.0° > 15.0°)
40083,66278,11.02,165.89,heading_incompatible (165.9° > 15.0°)
47299,69158,14.88,83.17,heading_incompatible (83.2° > 15.0°)
45225,53320,30.33,0.0,distance_exceeded (30.3m > 15.0m)
47621,63249,19.59,142.35,distance_exceeded (19.6m > 15.0m); heading_incompatible (142.4° > 15.0°)
44866,51592,0.2,88.04,heading_incompatible (88.0° > 15.0°)
41190,55055,24.92,165.56,distance_exceeded (24.9m > 15.0m); heading_incompatible (165.6° > 15.0°)
40706,59875,1.47,22.55,heading_incompatible (22.6° > 15.0°)
41246,58538,33.71,0.0,distance_exceeded (33.7m > 15.0m)
44913,50798,27.25,12.08,distance_exceeded (27.3m > 15.0m)
48385,66598,13.41,143.72,heading_incompatible (143.7° > 15.0°)
48087,66171,29.17,93.82,distance_exceeded (29.2m > 15.0m); heading_incompatible (93.8° > 15.0°)
43534,71182,2.79,78.25,heading_incompatible (78.3° > 15.0°)
46686,59534,36.15,140.68,distance_exceeded (36.1m > 15.0m); heading_incompatible (140.7° > 15.0°)
42391,58953,28.26,74.31,distance_exceeded (28.3m > 15.0m); heading_incompatible (74.3° > 15.0°)
42292,62463,45.53,0.0,distance_exceeded (45.5m > 15.0m)
41545,66791,16.61,0.0,distance_exceeded (16.6m > 15.0m)
43778,67386,15.7,172.72,distance_exceeded (15.7m > 15.0m); heading_incompatible (172.7° > 15.0°)
41304,52371,35.14,135.91,distance_exceeded (35.1m > 15.0m); heading_incompatible (135.9° > 15.0°)
48034,57984,2.47,118.87,heading_incompatible (118.9° > 15.0°)
46296,57137,25.69,91.39,distance_exceeded (25.7m > 15.0m); heading_incompatible (91.4° > 15.0°)
41940,51666,1.45,61.47,heading_incompatible (61.5° > 15.0°)
46544,58534,43.89,20.89,distance_exceeded (43.9m > 15.0m); heading_incompatible (20.9° > 15.0°)
44217,52638,5.95,114.15,heading_incompatible (114.2° > 15.0°)
42402,63526,32.02,0.0,distance_exceeded (32.0m > 15.0m)
44041,63133,43.66,0.0,distance_exceeded (43.7m > 15.0m)
41085,53986,31.86,136.54,distance_exceeded (31.9m > 15.0m); heading_incompatible (136.5° > 15.0°)
43862,50336,23.53,91.27,distance_exceeded (23.5m > 15.0m); heading_incompatible (91.3° > 15.0°)
41798,55371,13.1,96.14,heading_incompatible (96.1° > 15.0°)
47482,63542,42.07,0.0,distance_exceeded (42.1m > 15.0m)
40187,58835,1.3,113.39,heading_incompatible (113.4° > 15.0°)
47305,64270,15.17,168.22,distance_exceeded (15.2m > 15.0m); heading_incompatible (168.2° > 15.0°)
42691,54544,4.97,112.46,heading_incompatible (112.5° > 15.0°)
41531,62059,35.2,173.38,distance_exceeded (35.2m > 15.0m); heading_incompatible (173.4° > 15.0°)
41695,50503,2.78,168.7,heading_incompatible (168.7° > 15.0°)
42450,59583,3.98,58.07,heading_incompatible (58.1° > 15.0°)
47569,65616,39.57,114.75,distance_exceeded (39.6m > 15.0m); heading_incompatible (114.8° > 15.0°)
48928,51169,0.2,92.33,heading_incompatible (92.3° > 15.0°)
42742,56049,33.26,0.0,distance_exceeded (33.3m > 15.0m)
47153,57080,18.0,177.55,distance_exceeded (18.0m > 15.0m); heading_incompatible (177.6° > 15.0°)
41604,68261,9.54,178.67,heading_incompatible (178.7° > 15.0°)
47665,68613,11.72,53.61,heading_incompatible (53.6° > 15.0°)
47807,58346,25.84,87.39,distance_exceeded (25.8m > 15.0m); heading_incompatible (87.4° > 15.0°)
47213,63873,25.9,101.49,distance_exceeded (25.9m > 15.0m); heading_incompatible (101.5° > 15.0°)
46669,70435,23.07,105.56,distance_exceeded (23.1m > 15.0m); heading_incompatible (105.6° > 15.0°)
46931,61200,0.2,108.78,heading_incompatible (108.8° > 15.0°)
48671,58542,25.38,128.88,distance_exceeded (25.4m > 15.0m); heading_incompatible (128.9° > 15.0°)
49045,65735,0.2,59.19,heading_incompatible (59.2° > 15.0°)
46520,65405,21.96,162.1,distance_exceeded (22.0m > 15.0m); heading_incompatible (162.1° > 15.0°)
46154,55649,26.46,0.0,distance_exceeded (26.5m > 15.0m)
41284,55811,43.01,0.0,distance_exceeded (43.0m > 15.0m)
40818,52168,32.58,23.76,distance_exceeded (32.6m > 15.0m); heading_incompatible (23.8° > 15.0°)
47121,57852,32.09,0.0,distance_exceeded (32.1m > 15.0m)
46979,61557,6.15,84.59,heading_incompatible (84.6° > 15.0°)
45499,53920,38.95,166.79,distance_exceeded (38.9m > 15.0m); heading_incompatible (166.8° > 15.0°)
49330,72447,11.9,25.5,heading_incompatible (25.5° > 15.0°)
43263,57846,11.63,95.97,heading_incompatible (96.0° > 15.0°)
44385,59132,0.2,60.09,heading_incompatible (60.1° > 15.0°)
46442,57824,3.21,178.24,heading_incompatible (178.2° > 15.0°)
47063,61901,35.65,76.63,distance_exceeded (35.6m > 15.0m); heading_incompatible (76.6° > 15.0°)
43270,58413,43.57,55.91,distance_exceeded (43.6m > 15.0m); heading_incompatible (55.9° > 15.0°)
47011,57348,3.6,33.77,heading_incompatible (33.8° > 15.0°)
47917,67819,23.19,0.0,distance_exceeded (23.2m > 15.0m)
48778,64927,2.28,175.19,heading_incompatible (175.2° > 15.0°)
41609,57794,19.0,149.74,distance_exceeded (19.0m > 15.0m); heading_incompatible (149.7° > 15.0°)
48448,69288,0.2,85.98,heading_incompatible (86.0° > 15.0°)
44259,65667,20.98,29.46,distance_exceeded (21.0m > 15.0m); heading_incompatible (29.5° > 15.0°)
44909,50756,5.98,169.23,heading_incompatible (169.2° > 15.0°)
45009,57035,32.75,1.17,distance_exceeded (32.7m > 15.0m)
40339,56932,3.01,149.15,heading_incompatible (149.1° > 15.0°)
43753,68689,12.97,48.51,heading_incompatible (48.5° > 15.0°)
45216,51232,17.43,102.78,distance_exceeded (17.4m > 15.0m); heading_incompatible (102.8° > 15.0°)
49107,56615,7.43,59.71,heading_incompatible (59.7° > 15.0°)
45333,67871,10.24,69.19,heading_incompatible (69.2° > 15.0°)
43451,68037,18.13,141.37,distance_exceeded (18.1m > 15.0m); heading_incompatible (141.4° > 15.0°)
47797,65150,23.34,132.06,distance_exceeded (23.3m > 15.0m); heading_incompatible (132.1° > 15.0°)
46692,59630,24.71,84.22,distance_exceeded (24.7m > 15.0m); heading_incompatible (84.2° > 15.0°)
44302,64878,0.2,35.58,heading_incompatible (35.6° > 15.0°)
48825,62116,45.4,178.53,distance_exceeded (45.4m > 15.0m); heading_incompatible (178.5° > 15.0°)
48921,50231,11.13,178.32,heading_incompatible (178.3° > 15.0°)
40012,55172,0.38,158.18,heading_incompatible (158.2° > 15.0°)
40602,63498,20.58,0.0,distance_exceeded (20.6m > 15.0m)
44037,54529,27.28,19.25,distance_exceeded (27.3m > 15.0m); heading_incompatible (19.3° > 15.0°)
44330,49988,17.52,157.6,distance_exceeded (17.5m > 15.0m); heading_incompatible (157.6° > 15.0°)
41471,57282,0.2,151.65,heading_incompatible (151.6° > 15.0°)
41792,51555,35.18,0.0,distance_exceeded (35.2m > 15.0m)
48340,70108,30.45,78.24,distance_exceeded (30.4m > 15.0m); heading_incompatible (78.2° > 15.0°)
40407,70528,24.39,0.0,distance_exceeded (24.4m > 15.0m)
41184,71056,47.42,0.01,distance_exceeded (47.4m > 15.0m)
45900,53879,45.17,0.32,distance_exceeded (45.2m > 15.0m)
49285,70447,17.58,119.92,distance_exceeded (17.6m > 15.0m); heading_incompatible (119.9° > 15.0°)
47726,64861,45.48,0.0,distance_exceeded (45.5m > 15.0m)
43623,65981,22.19,173.37,distance_exceeded (22.2m > 15.0m); heading_incompatible (173.4° > 15.0°)
42957,53474,26.91,173.58,distance_exceeded (26.9m > 15.0m); heading_incompatible (173.6° > 15.0°)
43728,54070,12.44,47.78,heading_incompatible (47.8° > 15.0°)
48888,52527,5.95,100.12,heading_incompatible (100.1° > 15.0°)
42790,53695,3.65,87.94,heading_incompatible (87.9° > 15.0°)
40926,63462,1.72,82.72,heading_incompatible (82.7° > 15.0°)
41097,69500,42.37,66.97,distance_exceeded (42.4m > 15.0m); heading_incompatible (67.0° > 15.0°)
42704,71545,38.1,96.06,distance_exceeded (38.1m > 15.0m); heading_incompatible (96.1° > 15.0°)
43415,69367,27.8,161.72,distance_exceeded (27.8m > 15.0m); heading_incompatible (161.7° > 15.0°)
40769,62360,31.85,94.83,distance_exceeded (31.8m > 15.0m); heading_incompatible (94.8° > 15.0°)
46298,57168,49.46,87.57,distance_exceeded (49.5m > 15.0m); heading_incompatible (87.6° > 15.0°)
46988,60861,4.04,101.72,heading_incompatible (101.7° > 15.0°)
41612,58193,33.19,0.0,distance_exceeded (33.2m > 15.0m)
39969,50135,41.41,117.57,distance_exceeded (41.4m > 15.0m); heading_incompatible (117.6° > 15.0°)
44144,70361,15.92,47.71,distance_exceeded (15.9m > 15.0m); heading_incompatible (47.7° > 15.0°)
44636,68067,1.92,102.81,heading_incompatible (102.8° > 15.0°)
48424,67518,32.12,9.25,distance_exceeded (32.1m > 15.0m)
45232,51377,0.2,163.75,heading_incompatible (163.7° > 15.0°)
47402,63089,22.67,95.56,distance_exceeded (22.7m > 15.0m); heading_incompatible (95.6° > 15.0°)
41492,55895,1.24,100.84,heading_incompatible (100.8° > 15.0°)
44891,66866,47.15,21.39,distance_exceeded (47.1m > 15.0m); heading_incompatible (21.4° > 15.0°)
46354,55595,5.39,91.0,heading_incompatible (91.0° > 15.0°)
42783,65190,3.84,141.46,heading_incompatible (141.5° > 15.0°)
42582,65625,21.27,48.93,distance_exceeded (21.3m > 15.0m); heading_incompatible (48.9° > 15.0°)
40865,52226,46.62,153.86,distance_exceeded (46.6m > 15.0m); heading_incompatible (153.9° > 15.0°)
47588,68088,31.27,115.66,distance_exceeded (31.3m > 15.0m); heading_incompatible (115.7° > 15.0°)
42806,65054,43.46,0.0,distance_exceeded (43.5m > 15.0m)
47709,51714,31.44,147.24,distance_exceeded (31.4m > 15.0m); heading_incompatible (147.2° > 15.0°)
43223,67254,26.94,96.81,distance_exceeded (26.9m > 15.0m); heading_incompatible (96.8° > 15.0°)
45289,62654,12.91,139.94,heading_incompatible (139.9° > 15.0°)
39911,50020,3.29,171.45,heading_incompatible (171.5° > 15.0°)
45028,59857,21.76,0.0,distance_exceeded (21.8m > 15.0m)
46208,56242,1.19,41.11,heading_incompatible (41.1° > 15.0°)
42461,63683,42.83,77.87,distance_exceeded (42.8m > 15.0m); heading_incompatible (77.9° > 15.0°)
44650,57760,8.28,70.67,heading_incompatible (70.7° > 15.0°)
40403,58894,5.58,82.97,heading_incompatible (83.0° > 15.0°)
42237,57704,21.32,113.93,distance_exceeded (21.3m > 15.0m); heading_incompatible (113.9° > 15.0°)
43380,58567,4.76,46.82,heading_incompatible (46.8° > 15.0°)
40648,61449,0.2,100.7,heading_incompatible (100.7° > 15.0°)
44262,54895,43.91,178.82,distance_exceeded (43.9m > 15.0m); heading_incompatible (178.8° > 15.0°)
41743,67732,24.82,133.09,distance_exceeded (24.8m > 15.0m); heading_incompatible (133.1° > 15.0°)
40970,52807,27.53,136.0,distance_exceeded (27.5m > 15.0m); heading_incompatible (136.0° > 15.0°)
45869,53504,49.76,54.83,distance_exceeded (49.8m > 15.0m); heading_incompatible (54.8° > 15.0°)
41238,57935,18.32,153.47,distance_exceeded (18.3m > 15.0m); heading_incompatible (153.5° > 15.0°)
46147,52375,2.72,46.71,heading_incompatible (46.7° > 15.0°)
42554,72007,44.36,175.39,distance_exceeded (44.4m > 15.0m); heading_incompatible (175.4° > 15.0°)
46849,60521,42.88,0.0,distance_exceeded (42.9m > 15.0m)
41642,68327,0.2,49.67,heading_incompatible (49.7° > 15.0°)
41718,62337,26.07,2.35,distance_exceeded (26.1m > 15.0m)
43092,70163,43.93,100.07,distance_exceeded (43.9m > 15.0m); heading_incompatible (100.1° > 15.0°)
46031,55107,47.45,87.07,distance_exceeded (47.5m > 15.0m); heading_incompatible (87.1° > 15.0°)
49637,72054,42.05,0.0,distance_exceeded (42.0m > 15.0m)
47497,63587,39.84,86.46,distance_exceeded (39.8m > 15.0m); heading_incompatible (86.5° > 15.0°)
48761,69944,0.2,120.59,heading_incompatible (120.6° > 15.0°)
42932,65979,7.11,174.02,heading_incompatible (174.0° > 15.0°)
47533,63760,32.59,0.0,distance_exceeded (32.6m > 15.0m)
42626,64241,6.82,109.07,heading_incompatible (109.1° > 15.0°)
46904,60990,22.95,63.94,distance_exceeded (22.9m > 15.0m); heading_incompatible (63.9° > 15.0°)
42615,64306,43.55,42.31,distance_exceeded (43.5m > 15.0m); heading_incompatible (42.3° > 15.0°)
45930,54058,46.96,81.36,distance_exceeded (47.0m > 15.0m); heading_incompatible (81.4° > 15.0°)
42259,62302,24.68,0.0,distance_exceeded (24.7m > 15.0m)
43176,72269,32.6,27.44,distance_exceeded (32.6m > 15.0m); heading_incompatible (27.4° > 15.0°)
44968,57013,38.4,10.82,distance_exceeded (38.4m > 15.0m)
42840,66718,6.77,91.66,heading_incompatible (91.7° > 15.0°)
44176,62376,0.2,22.32,heading_incompatible (22.3° > 15.0°)
47565,64074,0.2,146.53,heading_incompatible (146.5° > 15.0°)
40894,51106,28.99,86.92,distance_exceeded (29.0m > 15.0m); heading_incompatible (86.9° > 15.0°)
48314,57517,18.91,21.9,distance_exceeded (18.9m > 15.0m); heading_incompatible (21.9° > 15.0°)
41131,50107,41.66,91.19,distance_exceeded (41.7m > 15.0m); heading_incompatible (91.2° > 15.0°)
43750,68684,11.17,99.42,heading_incompatible (99.4° > 15.0°)
47824,52455,0.55,28.89,heading_incompatible (28.9° > 15.0°)
45125,60215,27.58,134.11,distance_exceeded (27.6m > 15.0m); heading_incompatible (134.1° > 15.0°)
41477,56751,0.2,76.69,heading_incompatible (76.7° > 15.0°)
49357,69078,9.63,162.79,heading_incompatible (162.8° > 15.0°)
43528,55442,27.03,4.51,distance_exceeded (27.0m > 15.0m)
48826,62101,24.52,49.23,distance_exceeded (24.5m > 15.0m); heading_incompatible (49.2° > 15.0°)
46610,59135,22.99,44.01,distance_exceeded (23.0m > 15.0m); heading_incompatible (44.0° > 15.0°)
40883,52335,44.42,0.0,distance_exceeded (44.4m > 15.0m)
48261,50657,21.52,100.63,distance_exceeded (21.5m > 15.0m); heading_incompatible (100.6° > 15.0°)
44589,55079,22.43,67.28,distance_exceeded (22.4m > 15.0m); heading_incompatible (67.3° > 15.0°)
49645,68562,2.71,140.99,heading_incompatible (141.0° > 15.0°)
42664,58569,34.72,0.0,distance_exceeded (34.7m > 15.0m)
42115,61665,0.2,22.68,heading_incompatible (22.7° > 15.0°)
48541,67665,0.2,38.2,heading_incompatible (38.2° > 15.0°)
48831,57381,42.66,0.0,distance_exceeded (42.7m > 15.0m)
45716,50829,1.76,108.22,heading_incompatible (108.2° > 15.0°)
42596,64115,26.36,141.48,distance_exceeded (26.4m > 15.0m); heading_incompatible (141.5° > 15.0°)
41538,69307,1.9,139.16,heading_incompatible (139.2° > 15.0°)
41791,64909,5.83,93.76,heading_incompatible (93.8° > 15.0°)
43809,63173,28.61,77.92,distance_exceeded (28.6m > 15.0m); heading_incompatible (77.9° > 15.0°)
47706,59660,7.51,84.01,heading_incompatible (84.0° > 15.0°)
41256,70801,18.46,118.29,distance_exceeded (18.5m > 15.0m); heading_incompatible (118.3° > 15.0°)
41283,64489,11.44,171.32,heading_incompatible (171.3° > 15.0°)
49393,70358,15.52,165.67,distance_exceeded (15.5m > 15.0m); heading_incompatible (165.7° > 15.0°)
45657,52659,0.2,80.04,heading_incompatible (80.0° > 15.0°)
39896,59860,3.01,144.93,heading_incompatible (144.9° > 15.0°)
42659,64523,34.16,94.95,distance_exceeded (34.2m > 15.0m); heading_incompatible (95.0° > 15.0°)
45355,59714,14.24,166.22,heading_incompatible (166.2° > 15.0°)
41975,60692,0.2,166.25,heading_incompatible (166.3° > 15.0°)
41725,58995,0.12,91.15,heading_incompatible (91.2° > 15.0°)
48352,67214,42.17,0.0,distance_exceeded (42.2m > 15.0m)
43201,72287,28.69,0.0,distance_exceeded (28.7m > 15.0m)
45816,52966,47.25,0.0,distance_exceeded (47.3m > 15.0m)
43914,72076,30.25,160.53,distance_exceeded (30.2m > 15.0m); heading_incompatible (160.5° > 15.0°)
42786,52756,22.04,176.77,distance_exceeded (22.0m > 15.0m); heading_incompatible (176.8° > 15.0°)
43393,67718,14.17,151.95,heading_incompatible (152.0° > 15.0°)
39898,66284,7.73,64.38,heading_incompatible (64.4° > 15.0°)
45650,52107,2.59,105.47,heading_incompatible (105.5° > 15.0°)
41613,58069,27.33,0.0,distance_exceeded (27.3m > 15.0m)
44708,62686,7.4,69.78,heading_incompatible (69.8° > 15.0°)
41456,57224,46.22,0.0,distance_exceeded (46.2m > 15.0m)
49261,56657,5.95,148.12,heading_incompatible (148.1° > 15.0°)
45740,52869,15.1,82.99,distance_exceeded (15.1m > 15.0m); heading_incompatible (83.0° > 15.0°)
44597,69540,2.12,32.69,heading_incompatible (32.7° > 15.0°)
42552,71996,26.18,0.0,distance_exceeded (26.2m > 15.0m)
40099,53460,15.69,48.69,distance_exceeded (15.7m > 15.0m); heading_incompatible (48.7° > 15.0°)
40068,50291,0.2,173.29,heading_incompatible (173.3° > 15.0°)
42676,70920,44.17,176.49,distance_exceeded (44.2m > 15.0m); heading_incompatible (176.5° > 15.0°)
49517,50389,10.14,26.14,heading_incompatible (26.1° > 15.0°)
41679,66562,42.92,0.0,distance_exceeded (42.9m > 15.0m)
46887,60791,37.75,0.0,distance_exceeded (37.8m > 15.0m)
47316,71571,16.66,30.67,distance_exceeded (16.7m > 15.0m); heading_incompatible (30.7° > 15.0°)
40916,52546,0.88,86.43,heading_incompatible (86.4° > 15.0°)
48843,61282,0.2,120.25,heading_incompatible (120.3° > 15.0°)
43810,51647,16.08,174.25,distance_exceeded (16.1m > 15.0m); heading_incompatible (174.2° > 15.0°)
42860,56546,23.99,0.0,distance_exceeded (24.0m > 15.0m)
47357,58972,22.71,105.93,distance_exceeded (22.7m > 15.0m); heading_incompatible (105.9° > 15.0°)
48091,66185,47.46,61.7,distance_exceeded (47.5m > 15.0m); heading_incompatible (61.7° > 15.0°)
46522,67951,18.44,172.83,distance_exceeded (18.4m > 15.0m); heading_incompatible (172.8° > 15.0°)
43551,55771,18.07,3.3,distance_exceeded (18.1m > 15.0m)
44800,50588,28.84,0.0,distance_exceeded (28.8m > 15.0m)
44827,50552,0.2,72.77,heading_incompatible (72.8° > 15.0°)
41413,56508,33.49,170.38,distance_exceeded (33.5m > 15.0m); heading_incompatible (170.4° > 15.0°)
41115,54199,28.83,155.27,distance_exceeded (28.8m > 15.0m); heading_incompatible (155.3° > 15.0°)
44111,68849,1.88,90.4,heading_incompatible (90.4° > 15.0°)
46105,56217,16.08,66.39,distance_exceeded (16.1m > 15.0m); heading_incompatible (66.4° > 15.0°)
48938,70567,14.38,76.53,heading_incompatible (76.5° > 15.0°)
49418,69082,1.94,28.17,heading_incompatible (28.2° > 15.0°)
41229,67956,32.44,113.39,distance_exceeded (32.4m > 15.0m); heading_incompatible (113.4° > 15.0°)
40856,52205,44.2,0.0,distance_exceeded (44.2m > 15.0m)
45233,62743,19.15,2.93,distance_exceeded (19.1m > 15.0m)
49335,64371,5.96,68.1,heading_incompatible (68.1° > 15.0°)
46927,68985,48.99,0.0,distance_exceeded (49.0m > 15.0m)
48373,68157,0.2,43.58,heading_incompatible (43.6° > 15.0°)
43444,66376,8.66,143.81,heading_incompatible (143.8° > 15.0°)
43913,64665,9.83,98.46,heading_incompatible (98.5° > 15.0°)
43683,52004,34.3,0.0,distance_exceeded (34.3m > 15.0m)
42065,61531,10.61,162.61,heading_incompatible (162.6° > 15.0°)
48571,59995,13.35,172.48,heading_incompatible (172.5° > 15.0°)
43179,66622,10.99,174.23,heading_incompatible (174.2° > 15.0°)
43583,54328,6.94,64.38,heading_incompatible (64.4° > 15.0°)
47423,63667,8.41,108.69,heading_incompatible (108.7° > 15.0°)
47491,63589,22.29,9.8,distance_exceeded (22.3m > 15.0m)
49542,54155,13.48,172.87,heading_incompatible (172.9° > 15.0°)
40245,55140,34.4,8.31,distance_exceeded (34.4m > 15.0m)
45148,59683,3.98,144.0,heading_incompatible (144.0° > 15.0°)
40304,59562,5.03,117.87,heading_incompatible (117.9° > 15.0°)
46657,70123,17.12,115.64,distance_exceeded (17.1m > 15.0m); heading_incompatible (115.6° > 15.0°)
44287,68681,8.31,118.85,heading_incompatible (118.8° > 15.0°)
45193,51070,44.42,143.63,distance_exceeded (44.4m > 15.0m); heading_incompatible (143.6° > 15.0°)
40901,52434,24.87,169.74,distance_exceeded (24.9m > 15.0m); heading_incompatible (169.7° > 15.0°)
42991,54078,1.6,177.67,heading_incompatible (177.7° > 15.0°)
48058,71689,40.88,35.64,distance_exceeded (40.9m > 15.0m); heading_incompatible (35.6° > 15.0°)
41681,58502,27.35,0.0,distance_exceeded (27.3m > 15.0m)
41012,53146,4.25,33.88,heading_incompatible (33.9° > 15.0°)
46691,55226,33.08,0.0,distance_exceeded (33.1m > 15.0m)
46888,60799,30.71,0.0,distance_exceeded (30.7m > 15.0m)
47678,59993,21.84,0.0,distance_exceeded (21.8m > 15.0m)
49104,56631,14.59,102.14,heading_incompatible (102.1° > 15.0°)
41931,60615,44.93,0.0,distance_exceeded (44.9m > 15.0m)
48623,55859,0.28,91.88,heading_incompatible (91.9° > 15.0°)
42306,62543,3.45,120.26,heading_incompatible (120.3° > 15.0°)
45911,53916,10.22,173.79,heading_incompatible (173.8° > 15.0°)
47667,55109,47.53,7.24,distance_exceeded (47.5m > 15.0m)
45987,56578,40.22,0.0,distance_exceeded (40.2m > 15.0m)
46459,58149,0.2,32.11,heading_incompatible (32.1° > 15.0°)
40440,65281,8.88,80.34,heading_incompatible (80.3° > 15.0°)
43626,68480,30.77,46.44,distance_exceeded (30.8m > 15.0m); heading_incompatible (46.4° > 15.0°)
46637,68336,23.66,10.25,distance_exceeded (23.7m > 15.0m)
48798,59902,32.95,9.77,distance_exceeded (32.9m > 15.0m)
40084,68873,36.04,102.15,distance_exceeded (36.0m > 15.0m); heading_incompatible (102.2° > 15.0°)
43277,70151,17.06,0.0,distance_exceeded (17.1m > 15.0m)
42815,69625,2.01,105.64,heading_incompatible (105.6° > 15.0°)
43761,49871,8.47,101.14,heading_incompatible (101.1° > 15.0°)
43871,68594,9.37,32.45,heading_incompatible (32.4° > 15.0°)
41591,58236,48.3,0.0,distance_exceeded (48.3m > 15.0m)
48052,68416,14.74,70.97,heading_incompatible (71.0° > 15.0°)
48979,54101,0.2,34.03,heading_incompatible (34.0° > 15.0°)
47810,69601,3.69,29.7,heading_incompatible (29.7° > 15.0°)
42619,64453,2.96,102.25,heading_incompatible (102.3° > 15.0°)
47267,62560,29.38,12.91,distance_exceeded (29.4m > 15.0m)
48750,69125,6.76,177.88,heading_incompatible (177.9° > 15.0°)
42937,63052,18.3,118.98,distance_exceeded (18.3m > 15.0m); heading_incompatible (119.0° > 15.0°)
41962,61603,20.6,125.55,distance_exceeded (20.6m > 15.0m); heading_incompatible (125.5° > 15.0°)
49291,57599,10.63,107.5,heading_incompatible (107.5° > 15.0°)
41667,55220,20.46,40.8,distance_exceeded (20.5m > 15.0m); heading_incompatible (40.8° > 15.0°)
42638,63256,6.36,78.67,heading_incompatible (78.7° > 15.0°)
49499,62516,1.84,137.4,heading_incompatible (137.4° > 15.0°)
47655,62883,21.75,0.0,distance_exceeded (21.7m > 15.0m)
47801,65199,26.26,118.23,distance_exceeded (26.3m > 15.0m); heading_incompatible (118.2° > 15.0°)
40007,54679,0.2,172.34,heading_incompatible (172.3° > 15.0°)
44076,52955,45.0,90.4,distance_exceeded (45.0m > 15.0m); heading_incompatible (90.4° > 15.0°)
40008,50973,5.19,102.43,heading_incompatible (102.4° > 15.0°)
42549,63852,16.51,89.34,distance_exceeded (16.5m > 15.0m); heading_incompatible (89.3° > 15.0°)
40240,66476,3.2,156.43,heading_incompatible (156.4° > 15.0°)
46184,56116,16.41,124.82,distance_exceeded (16.4m > 15.0m); heading_incompatible (124.8° > 15.0°)
47610,62786,37.88,0.0,distance_exceeded (37.9m > 15.0m)
44916,55327,6.35,111.72,heading_incompatible (111.7° > 15.0°)
48140,63327,8.04,133.05,heading_incompatible (133.0° > 15.0°)
44011,69234,37.77,172.44,distance_exceeded (37.8m > 15.0m); heading_incompatible (172.4° > 15.0°)
48230,69931,17.89,80.22,distance_exceeded (17.9m > 15.0m); heading_incompatible (80.2° > 15.0°)
40416,50530,5.02,170.99,heading_incompatible (171.0° > 15.0°)
43738,54938,0.2,160.26,heading_incompatible (160.3° > 15.0°)
45743,54412,12.43,22.13,heading_incompatible (22.1° > 15.0°)
45463,64091,0.2,67.78,heading_incompatible (67.8° > 15.0°)
44765,62679,3.08,69.6,heading_incompatible (69.6° > 15.0°)
40804,51829,37.77,0.0,distance_exceeded (37.8m > 15.0m)
45410,57426,8.18,107.73,heading_incompatible (107.7° > 15.0°)
43334,51988,15.46,0.0,distance_exceeded (15.5m > 15.0m)
45518,64512,36.5,3.98,distance_exceeded (36.5m > 15.0m)
46653,59337,38.72,80.4,distance_exceeded (38.7m > 15.0m); heading_incompatible (80.4° > 15.0°)
48106,58316,11.97,178.58,heading_incompatible (178.6° > 15.0°)
41502,55591,0.2,88.78,heading_incompatible (88.8° > 15.0°)
45480,68578,11.48,51.41,heading_incompatible (51.4° > 15.0°)
40720,58370,0.2,132.35,heading_incompatible (132.3° > 15.0°)
40547,56881,0.2,171.23,heading_incompatible (171.2° > 15.0°)
47411,51539,19.33,12.91,distance_exceeded (19.3m > 15.0m)
47603,64290,36.37,0.0,distance_exceeded (36.4m > 15.0m)
40619,70325,39.04,0.0,distance_exceeded (39.0m > 15.0m)
48362,67308,21.58,178.18,distance_exceeded (21.6m > 15.0m); heading_incompatible (178.2° > 15.0°)
46413,57854,28.8,79.18,distance_exceeded (28.8m > 15.0m); heading_incompatible (79.2° > 15.0°)
46596,51982,38.53,91.16,distance_exceeded (38.5m > 15.0m); heading_incompatible (91.2° > 15.0°)
48992,51956,19.18,147.16,distance_exceeded (19.2m > 15.0m); heading_incompatible (147.2° > 15.0°)
40632,66848,36.09,178.87,distance_exceeded (36.1m > 15.0m); heading_incompatible (178.9° > 15.0°)
44293,63227,22.59,53.64,distance_exceeded (22.6m > 15.0m); heading_incompatible (53.6° > 15.0°)
49554,68370,24.22,7.1,distance_exceeded (24.2m > 15.0m)
42288,61375,30.02,9.37,distance_exceeded (30.0m > 15.0m)
41777,59050,4.51,88.64,heading_incompatible (88.6° > 15.0°)
46473,51242,6.22,30.46,heading_incompatible (30.5° > 15.0°)
42513,63751,10.19,150.72,heading_incompatible (150.7° > 15.0°)
49431,50835,3.04,158.11,heading_incompatible (158.1° > 15.0°)
46389,57022,0.2,174.45,heading_incompatible (174.5° > 15.0°)
41993,60826,19.36,101.24,distance_exceeded (19.4m > 15.0m); heading_incompatible (101.2° > 15.0°)
46890,60829,10.41,70.84,heading_incompatible (70.8° > 15.0°)
44743,67936,23.37,57.81,distance_exceeded (23.4m > 15.0m); heading_incompatible (57.8° > 15.0°)
44584,53513,23.87,51.1,distance_exceeded (23.9m > 15.0m); heading_incompatible (51.1° > 15.0°)
44060,65246,31.33,0.0,distance_exceeded (31.3m > 15.0m)
45494,68058,6.9,56.2,heading_incompatible (56.2° > 15.0°)
41616,51201,25.39,153.03,distance_exceeded (25.4m > 15.0m); heading_incompatible (153.0° > 15.0°)
44233,56875,25.16,157.98,distance_exceeded (25.2m > 15.0m); heading_incompatible (158.0° > 15.0°)
46284,64079,39.04,0.0,distance_exceeded (39.0m > 15.0m)
46754,60064,15.73,82.52,distance_exceeded (15.7m > 15.0m); heading_incompatible (82.5° > 15.0°)
43823,67539,48.76,155.14,distance_exceeded (48.8m > 15.0m); heading_incompatible (155.1° > 15.0°)
45257,51290,10.53,100.79,heading_incompatible (100.8° > 15.0°)
46707,66002,25.97,169.56,distance_exceeded (26.0m > 15.0m); heading_incompatible (169.6° > 15.0°)
40360,53119,30.04,130.78,distance_exceeded (30.0m > 15.0m); heading_incompatible (130.8° > 15.0°)
47963,56688,7.26,178.06,heading_incompatible (178.1° > 15.0°)
47899,49895,34.08,13.17,distance_exceeded (34.1m > 15.0m)
41730,63565,37.22,0.0,distance_exceeded (37.2m > 15.0m)
44315,64518,24.27,59.24,distance_exceeded (24.3m > 15.0m); heading_incompatible (59.2° > 15.0°)
44612,61771,10.16,112.9,heading_incompatible (112.9° > 15.0°)
41973,60663,0.2,126.66,heading_incompatible (126.7° > 15.0°)
42030,61073,44.45,0.0,distance_exceeded (44.5m > 15.0m)
42682,60070,34.68,0.0,distance_exceeded (34.7m > 15.0m)
47400,50088,1.32,65.52,heading_incompatible (65.5° > 15.0°)
47764,64984,6.01,35.58,heading_incompatible (35.6° > 15.0°)
46629,59214,20.85,161.57,distance_exceeded (20.9m > 15.0m); heading_incompatible (161.6° > 15.0°)
41862,60004,21.94,97.49,distance_exceeded (21.9m > 15.0m); heading_incompatible (97.5° > 15.0°)
42727,49931,2.07,90.54,heading_incompatible (90.5° > 15.0°)
44742,50440,9.4,59.75,heading_incompatible (59.7° > 15.0°)
45855,67873,8.19,144.81,heading_incompatible (144.8° > 15.0°)
40010,70804,39.56,93.44,distance_exceeded (39.6m > 15.0m); heading_incompatible (93.4° > 15.0°)
46742,59969,23.64,9.84,distance_exceeded (23.6m > 15.0m)
47703,57457,0.2,84.04,heading_incompatible (84.0° > 15.0°)
39851,64726,2.34,172.72,heading_incompatible (172.7° > 15.0°)
49129,60782,30.93,0.0,distance_exceeded (30.9m > 15.0m)
40456,54124,16.01,78.78,distance_exceeded (16.0m > 15.0m); heading_incompatible (78.8° > 15.0°)
49055,69855,25.52,12.7,distance_exceeded (25.5m > 15.0m)
44380,69701,5.95,105.83,heading_incompatible (105.8° > 15.0°)
42276,62352,30.85,166.11,distance_exceeded (30.8m > 15.0m); heading_incompatible (166.1° > 15.0°)
49672,70375,21.06,124.88,distance_exceeded (21.1m > 15.0m); heading_incompatible (124.9° > 15.0°)
47834,59041,28.86,6.52,distance_exceeded (28.9m > 15.0m)
40108,68072,38.41,0.0,distance_exceeded (38.4m > 15.0m)
45001,57053,10.77,84.79,heading_incompatible (84.8° > 15.0°)
44904,50789,26.59,15.01,distance_exceeded (26.6m > 15.0m); heading_incompatible (15.0° > 15.0°)
43974,50608,5.44,115.08,heading_incompatible (115.1° > 15.0°)
47291,62675,18.55,74.79,distance_exceeded (18.6m > 15.0m); heading_incompatible (74.8° > 15.0°)
47182,52050,16.67,65.47,distance_exceeded (16.7m > 15.0m); heading_incompatible (65.5° > 15.0°)
47022,61731,22.2,42.21,distance_exceeded (22.2m > 15.0m); heading_incompatible (42.2° > 15.0°)
45837,50851,12.92,148.39,heading_incompatible (148.4° > 15.0°)
45642,52207,2.22,67.19,heading_incompatible (67.2° > 15.0°)
41465,58254,4.16,76.75,heading_incompatible (76.8° > 15.0°)
46255,56490,17.83,101.64,distance_exceeded (17.8m > 15.0m); heading_incompatible (101.6° > 15.0°)
48539,60668,49.39,50.46,distance_exceeded (49.4m > 15.0m); heading_incompatible (50.5° > 15.0°)
46216,56448,18.73,112.04,distance_exceeded (18.7m > 15.0m); heading_incompatible (112.0° > 15.0°)
44336,72510,4.78,99.28,heading_incompatible (99.3° > 15.0°)
40770,62355,21.46,42.59,distance_exceeded (21.5m > 15.0m); heading_incompatible (42.6° > 15.0°)
44219,52644,5.11,107.51,heading_incompatible (107.5° > 15.0°)
42987,66085,35.06,134.59,distance_exceeded (35.1m > 15.0m); heading_incompatible (134.6° > 15.0°)
40544,58176,4.72,57.03,heading_incompatible (57.0° > 15.0°)
44117,70525,8.75,35.33,heading_incompatible (35.3° > 15.0°)
44019,69018,10.53,117.97,heading_incompatible (118.0° > 15.0°)
43848,60779,0.83,57.61,heading_incompatible (57.6° > 15.0°)
46398,72339,0.74,176.96,heading_incompatible (177.0° > 15.0°)
40453,54607,0.2,157.7,heading_incompatible (157.7° > 15.0°)
40758,53576,0.2,115.05,heading_incompatible (115.1° > 15.0°)
47087,57416,26.96,137.51,distance_exceeded (27.0m > 15.0m); heading_incompatible (137.5° > 15.0°)
43788,49729,11.98,94.16,heading_incompatible (94.2° > 15.0°)
42829,54968,45.45,0.0,distance_exceeded (45.5m > 15.0m)
44986,71312,2.25,145.54,heading_incompatible (145.5° > 15.0°)
49682,49862,30.4,72.49,distance_exceeded (30.4m > 15.0m); heading_incompatible (72.5° > 15.0°)
47754,71046,26.35,3.0,distance_exceeded (26.3m > 15.0m)
40388,50954,6.49,89.03,heading_incompatible (89.0° > 15.0°)
43202,72299,10.13,177.49,heading_incompatible (177.5° > 15.0°)
41213,55122,36.52,90.08,distance_exceeded (36.5m > 15.0m); heading_incompatible (90.1° > 15.0°)
44502,50182,11.06,60.5,heading_incompatible (60.5° > 15.0°)
41150,56567,35.98,39.94,distance_exceeded (36.0m > 15.0m); heading_incompatible (39.9° > 15.0°)
40290,70560,34.17,0.0,distance_exceeded (34.2m > 15.0m)
45231,67692,19.73,0.0,distance_exceeded (19.7m > 15.0m)
46074,62486,27.01,103.82,distance_exceeded (27.0m > 15.0m); heading_incompatible (103.8° > 15.0°)
43697,68593,23.23,48.71,distance_exceeded (23.2m > 15.0m); heading_incompatible (48.7° > 15.0°)
49069,60742,27.96,4.32,distance_exceeded (28.0m > 15.0m)
46926,61141,44.45,0.0,distance_exceeded (44.5m > 15.0m)
45109,67418,11.62,125.71,heading_incompatible (125.7° > 15.0°)
40056,54636,4.52,101.97,heading_incompatible (102.0° > 15.0°)
45672,52155,48.89,61.74,distance_exceeded (48.9m > 15.0m); heading_incompatible (61.7° > 15.0°)
47734,64840,8.99,178.61,heading_incompatible (178.6° > 15.0°)
42446,71138,36.29,0.0,distance_exceeded (36.3m > 15.0m)
43610,58397,15.62,53.19,distance_exceeded (15.6m > 15.0m); heading_incompatible (53.2° > 15.0°)
45159,68802,3.37,101.25,heading_incompatible (101.3° > 15.0°)
47942,65906,11.98,66.57,heading_incompatible (66.6° > 15.0°)
44460,69990,23.34,133.41,distance_exceeded (23.3m > 15.0m); heading_incompatible (133.4° > 15.0°)
49256,66592,19.16,130.41,distance_exceeded (19.2m > 15.0m); heading_incompatible (130.4° > 15.0°)
48492,67506,30.6,0.0,distance_exceeded (30.6m > 15.0m)
40905,52468,1.69,83.49,heading_incompatible (83.5° > 15.0°)
45335,60839,41.29,0.0,distance_exceeded (41.3m > 15.0m)
46659,59387,35.56,89.74,distance_exceeded (35.6m > 15.0m); heading_incompatible (89.7° > 15.0°)
41649,58394,7.5,147.44,heading_incompatible (147.4° > 15.0°)
49541,53667,19.36,0.0,distance_exceeded (19.4m > 15.0m)
40198,67155,47.09,0.0,distance_exceeded (47.1m > 15.0m)
42800,65371,0.58,123.5,heading_incompatible (123.5° > 15.0°)
43199,66972,2.62,157.37,heading_incompatible (157.4° > 15.0°)
42810,58685,13.69,158.31,heading_incompatible (158.3° > 15.0°)
42196,51621,37.41,0.0,distance_exceeded (37.4m > 15.0m)
40541,51400,48.47,178.76,distance_exceeded (48.5m > 15.0m); heading_incompatible (178.8° > 15.0°)
49698,62451,3.47,40.27,heading_incompatible (40.3° > 15.0°)
40640,68303,17.35,38.17,distance_exceeded (17.3m > 15.0m); heading_incompatible (38.2° > 15.0°)
41370,56268,19.81,82.35,distance_exceeded (19.8m > 15.0m); heading_incompatible (82.3° > 15.0°)
44586,55004,13.99,36.2,heading_incompatible (36.2° > 15.0°)
43181,52389,17.29,0.0,distance_exceeded (17.3m > 15.0m)
40712,53208,13.27,55.27,heading_incompatible (55.3° > 15.0°)
42721,64773,1.75,142.05,heading_incompatible (142.0° > 15.0°)
46894,60978,25.77,0.0,distance_exceeded (25.8m > 15.0m)
48449,70209,29.08,54.82,distance_exceeded (29.1m > 15.0m); heading_incompatible (54.8° > 15.0°)
42246,62204,41.06,0.0,distance_exceeded (41.1m > 15.0m)
47405,68641,31.08,54.56,distance_exceeded (31.1m > 15.0m); heading_incompatible (54.6° > 15.0°)
43987,68892,18.95,0.0,distance_exceeded (19.0m > 15.0m)
46654,59352,45.48,6.29,distance_exceeded (45.5m > 15.0m)
40821,51926,0.2,141.56,heading_incompatible (141.6° > 15.0°)
43850,60787,37.52,0.0,distance_exceeded (37.5m > 15.0m)
42634,64268,0.2,37.72,heading_incompatible (37.7° > 15.0°)
44940,56214,0.2,61.19,heading_incompatible (61.2° > 15.0°)
40335,56952,6.66,57.39,heading_incompatible (57.4° > 15.0°)
41771,59286,17.23,166.12,distance_exceeded (17.2m > 15.0m); heading_incompatible (166.1° > 15.0°)
46228,56345,29.1,0.0,distance_exceeded (29.1m > 15.0m)
39847,72519,0.2,173.92,heading_incompatible (173.9° > 15.0°)
47884,53641,19.36,0.0,distance_exceeded (19.4m > 15.0m)
49395,72479,6.12,176.91,heading_incompatible (176.9° > 15.0°)
48783,63624,15.02,9.89,distance_exceeded (15.0m > 15.0m)
41641,59426,0.2,28.82,heading_incompatible (28.8° > 15.0°)
48686,63165,18.49,77.57,distance_exceeded (18.5m > 15.0m); heading_incompatible (77.6° > 15.0°)
42798,52923,39.55,163.32,distance_exceeded (39.5m > 15.0m); heading_incompatible (163.3° > 15.0°)
41178,52891,8.6,146.37,heading_incompatible (146.4° > 15.0°)
48719,62093,29.86,0.0,distance_exceeded (29.9m > 15.0m)
42784,65193,0.2,60.07,heading_incompatible (60.1° > 15.0°)
42936,58926,32.05,173.72,distance_exceeded (32.0m > 15.0m); heading_incompatible (173.7° > 15.0°)
41307,51418,40.06,126.01,distance_exceeded (40.1m > 15.0m); heading_incompatible (126.0° > 15.0°)
40934,52397,11.14,124.09,heading_incompatible (124.1° > 15.0°)
42003,60882,8.56,156.13,heading_incompatible (156.1° > 15.0°)
47301,62714,19.0,0.0,distance_exceeded (19.0m > 15.0m)
46215,56467,1.19,100.96,heading_incompatible (101.0° > 15.0°)
43708,69598,0.18,115.24,heading_incompatible (115.2° > 15.0°)
46812,60418,41.64,166.6,distance_exceeded (41.6m > 15.0m); heading_incompatible (166.6° > 15.0°)
40263,50795,18.19,73.27,distance_exceeded (18.2m > 15.0m); heading_incompatible (73.3° > 15.0°)
45297,70339,0.2,106.09,heading_incompatible (106.1° > 15.0°)
45277,51445,27.99,36.46,distance_exceeded (28.0m > 15.0m); heading_incompatible (36.5° > 15.0°)
46574,58888,1.91,77.65,heading_incompatible (77.7° > 15.0°)
49198,69199,6.03,168.98,heading_incompatible (169.0° > 15.0°)
47518,63720,29.56,138.93,distance_exceeded (29.6m > 15.0m); heading_incompatible (138.9° > 15.0°)
45498,53644,25.09,175.17,distance_exceeded (25.1m > 15.0m); heading_incompatible (175.2° > 15.0°)
46497,68322,10.9,154.1,heading_incompatible (154.1° > 15.0°)
48227,66621,20.65,62.98,distance_exceeded (20.7m > 15.0m); heading_incompatible (63.0° > 15.0°)
41844,59909,40.58,0.0,distance_exceeded (40.6m > 15.0m)
47776,65067,0.2,65.5,heading_incompatible (65.5° > 15.0°)
44566,66105,6.46,74.66,heading_incompatible (74.7° > 15.0°)
40612,65200,8.43,176.84,heading_incompatible (176.8° > 15.0°)
40049,58770,13.95,135.7,heading_incompatible (135.7° > 15.0°)
41983,57360,47.04,162.69,distance_exceeded (47.0m > 15.0m); heading_incompatible (162.7° > 15.0°)
41636,58304,30.92,59.55,distance_exceeded (30.9m > 15.0m); heading_incompatible (59.5° > 15.0°)
44227,51754,19.44,145.04,distance_exceeded (19.4m > 15.0m); heading_incompatible (145.0° > 15.0°)
44674,68036,7.91,34.06,heading_incompatible (34.1° > 15.0°)
44354,51722,22.71,20.43,distance_exceeded (22.7m > 15.0m); heading_incompatible (20.4° > 15.0°)
42956,59495,46.73,10.68,distance_exceeded (46.7m > 15.0m)
46425,64718,38.46,3.76,distance_exceeded (38.5m > 15.0m)
45331,58017,0.2,117.18,heading_incompatible (117.2° > 15.0°)
43365,69592,48.35,0.0,distance_exceeded (48.4m > 15.0m)
47161,65240,15.33,0.0,distance_exceeded (15.3m > 15.0m)
40358,53141,37.19,140.91,distance_exceeded (37.2m > 15.0m); heading_incompatible (140.9° > 15.0°)
47471,57648,3.31,77.64,heading_incompatible (77.6° > 15.0°)
45762,52675,42.05,13.72,distance_exceeded (42.1m > 15.0m)
42091,55398,44.35,129.53,distance_exceeded (44.4m > 15.0m); heading_incompatible (129.5° > 15.0°)
39867,58446,18.64,179.45,distance_exceeded (18.6m > 15.0m); heading_incompatible (179.4° > 15.0°)
46076,56612,14.51,25.22,heading_incompatible (25.2° > 15.0°)
40104,65344,7.47,15.12,heading_incompatible (15.1° > 15.0°)
47532,68481,28.7,106.23,distance_exceeded (28.7m > 15.0m); heading_incompatible (106.2° > 15.0°)
41503,55601,13.09,85.49,heading_incompatible (85.5° > 15.0°)
48413,70145,38.98,0.0,distance_exceeded (39.0m > 15.0m)
42710,65513,49.06,0.0,distance_exceeded (49.1m > 15.0m)
44726,65769,10.17,85.73,heading_incompatible (85.7° > 15.0°)
45234,51637,15.09,31.57,distance_exceeded (15.1m > 15.0m); heading_incompatible (31.6° > 15.0°)
40189,58874,39.29,2.6,distance_exceeded (39.3m > 15.0m)
43150,72290,44.76,78.96,distance_exceeded (44.8m > 15.0m); heading_incompatible (79.0° > 15.0°)
47008,61624,23.7,6.56,distance_exceeded (23.7m > 15.0m)
41895,60438,16.46,106.77,distance_exceeded (16.5m > 15.0m); heading_incompatible (106.8° > 15.0°)
46611,67736,6.0,32.58,heading_incompatible (32.6° > 15.0°)
43826,65409,18.75,102.01,distance_exceeded (18.7m > 15.0m); heading_incompatible (102.0° > 15.0°)
46071,52947,6.53,34.28,heading_incompatible (34.3° > 15.0°)
44162,59281,23.41,1.6,distance_exceeded (23.4m > 15.0m)
48512,55907,19.82,88.26,distance_exceeded (19.8m > 15.0m); heading_incompatible (88.3° > 15.0°)
45967,53502,16.92,0.0,distance_exceeded (16.9m > 15.0m)
48655,66549,22.49,0.0,distance_exceeded (22.5m > 15.0m)
48271,67013,15.62,0.0,distance_exceeded (15.6m > 15.0m)
46052,55143,2.36,172.31,heading_incompatible (172.3° > 15.0°)
40081,59839,2.68,66.8,heading_incompatible (66.8° > 15.0°)
44171,65910,26.52,0.0,distance_exceeded (26.5m > 15.0m)
48589,55358,18.17,57.64,distance_exceeded (18.2m > 15.0m); heading_incompatible (57.6° > 15.0°)
44085,70234,8.1,82.89,heading_incompatible (82.9° > 15.0°)
44525,49880,41.55,0.0,distance_exceeded (41.5m > 15.0m)
43332,71022,0.2,161.14,heading_incompatible (161.1° > 15.0°)
49468,70727,5.35,31.91,heading_incompatible (31.9° > 15.0°)
41629,55521,28.73,10.37,distance_exceeded (28.7m > 15.0m)
47439,53177,44.83,101.54,distance_exceeded (44.8m > 15.0m); heading_incompatible (101.5° > 15.0°)
46925,61083,0.2,102.74,heading_incompatible (102.7° > 15.0°)
41176,54881,47.53,11.89,distance_exceeded (47.5m > 15.0m)
44680,51554,26.56,118.55,distance_exceeded (26.6m > 15.0m); heading_incompatible (118.6° > 15.0°)
42293,65949,17.25,173.93,distance_exceeded (17.2m > 15.0m); heading_incompatible (173.9° > 15.0°)
44133,51767,6.21,169.28,heading_incompatible (169.3° > 15.0°)
45746,65382,3.29,18.23,heading_incompatible (18.2° > 15.0°)
42160,61966,17.37,102.63,distance_exceeded (17.4m > 15.0m); heading_incompatible (102.6° > 15.0°)
42350,63767,8.68,15.66,heading_incompatible (15.7° > 15.0°)
48117,63896,19.72,17.88,distance_exceeded (19.7m > 15.0m); heading_incompatible (17.9° > 15.0°)
43100,68460,32.64,76.95,distance_exceeded (32.6m > 15.0m); heading_incompatible (76.9° > 15.0°)
44877,50633,25.29,1.52,distance_exceeded (25.3m > 15.0m)
46566,71480,47.82,159.46,distance_exceeded (47.8m > 15.0m); heading_incompatible (159.5° > 15.0°)
47462,63370,0.2,114.43,heading_incompatible (114.4° > 15.0°)
46086,62441,38.29,0.0,distance_exceeded (38.3m > 15.0m)
43130,68896,31.71,0.0,distance_exceeded (31.7m > 15.0m)
40882,69170,16.99,0.0,distance_exceeded (17.0m > 15.0m)
43398,60032,49.09,9.3,distance_exceeded (49.1m > 15.0m)
49012,67600,1.92,72.31,heading_incompatible (72.3° > 15.0°)
43112,66570,2.86,99.88,heading_incompatible (99.9° > 15.0°)
49459,65829,43.66,0.0,distance_exceeded (43.7m > 15.0m)
46784,66880,37.25,90.26,distance_exceeded (37.2m > 15.0m); heading_incompatible (90.3° > 15.0°)
42323,62636,41.92,105.9,distance_exceeded (41.9m > 15.0m); heading_incompatible (105.9° > 15.0°)
42000,60972,34.83,6.38,distance_exceeded (34.8m > 15.0m)
46283,68053,18.66,0.0,distance_exceeded (18.7m > 15.0m)
47404,62378,12.67,52.35,heading_incompatible (52.4° > 15.0°)
49581,56846,0.2,24.01,heading_incompatible (24.0° > 15.0°)
40174,53678,0.2,76.71,heading_incompatible (76.7° > 15.0°)
43789,50942,21.17,102.38,distance_exceeded (21.2m > 15.0m); heading_incompatible (102.4° > 15.0°)
47172,57690,6.97,81.39,heading_incompatible (81.4° > 15.0°)
45113,68692,19.97,9.35,distance_exceeded (20.0m > 15.0m)
48984,68686,15.49,135.63,distance_exceeded (15.5m > 15.0m); heading_incompatible (135.6° > 15.0°)
45647,70519,25.15,158.95,distance_exceeded (25.2m > 15.0m); heading_incompatible (159.0° > 15.0°)
48416,62583,0.2,179.64,heading_incompatible (179.6° > 15.0°)
45667,52110,34.51,0.0,distance_exceeded (34.5m > 15.0m)
45523,69320,7.96,23.2,heading_incompatible (23.2° > 15.0°)
46273,52073,2.81,162.18,heading_incompatible (162.2° > 15.0°)
39866,71657,0.2,121.18,heading_incompatible (121.2° > 15.0°)
40807,51881,2.69,177.65,heading_incompatible (177.7° > 15.0°)
42161,61972,31.2,0.0,distance_exceeded (31.2m > 15.0m)
41660,64002,12.36,18.16,heading_incompatible (18.2° > 15.0°)
44754,70068,25.14,33.11,distance_exceeded (25.1m > 15.0m); heading_incompatible (33.1° > 15.0°)
45587,70850,24.04,169.79,distance_exceeded (24.0m > 15.0m); heading_incompatible (169.8° > 15.0°)
40523,59658,35.21,158.62,distance_exceeded (35.2m > 15.0m); heading_incompatible (158.6° > 15.0°)
44056,53511,27.99,0.0,distance_exceeded (28.0m > 15.0m)
46045,55380,15.41,84.7,distance_exceeded (15.4m > 15.0m); heading_incompatible (84.7° > 15.0°)
46978,61565,36.77,82.23,distance_exceeded (36.8m > 15.0m); heading_incompatible (82.2° > 15.0°)
46585,58989,0.98,175.51,heading_incompatible (175.5° > 15.0°)
45990,65356,11.6,88.14,heading_incompatible (88.1° > 15.0°)
39992,49766,48.0,166.68,distance_exceeded (48.0m > 15.0m); heading_incompatible (166.7° > 15.0°)
43220,67112,43.01,114.66,distance_exceeded (43.0m > 15.0m); heading_incompatible (114.7° > 15.0°)
47048,61817,17.44,0.0,distance_exceeded (17.4m > 15.0m)
43335,56606,5.69,86.22,heading_incompatible (86.2° > 15.0°)
46117,55452,48.97,0.0,distance_exceeded (49.0m > 15.0m)
48481,64060,28.38,57.23,distance_exceeded (28.4m > 15.0m); heading_incompatible (57.2° > 15.0°)
43318,65421,23.94,164.48,distance_exceeded (23.9m > 15.0m); heading_incompatible (164.5° > 15.0°)
49710,67463,1.93,176.31,heading_incompatible (176.3° > 15.0°)
43452,64085,0.2,59.58,heading_incompatible (59.6° > 15.0°)
41821,59711,16.19,17.18,distance_exceeded (16.2m > 15.0m); heading_incompatible (17.2° > 15.0°)
41923,60324,7.46,83.61,heading_incompatible (83.6° > 15.0°)
46910,60852,18.87,23.92,distance_exceeded (18.9m > 15.0m); heading_incompatible (23.9° > 15.0°)
45219,51240,0.2,89.36,heading_incompatible (89.4° > 15.0°)
45014,56933,10.89,15.06,heading_incompatible (15.1° > 15.0°)
44766,53839,8.46,96.39,heading_incompatible (96.4° > 15.0°)
41139,61994,0.2,155.69,heading_incompatible (155.7° > 15.0°)
43366,67623,41.67,0.0,distance_exceeded (41.7m > 15.0m)
42267,68352,6.31,32.36,heading_incompatible (32.4° > 15.0°)
48495,57680,18.42,10.11,distance_exceeded (18.4m > 15.0m)
40320,57027,1.37,112.37,heading_incompatible (112.4° > 15.0°)
42728,53485,28.76,70.44,distance_exceeded (28.8m > 15.0m); heading_incompatible (70.4° > 15.0°)
44718,69074,5.13,86.01,heading_incompatible (86.0° > 15.0°)
45141,65278,36.17,100.92,distance_exceeded (36.2m > 15.0m); heading_incompatible (100.9° > 15.0°)
47240,62420,21.79,104.2,distance_exceeded (21.8m > 15.0m); heading_incompatible (104.2° > 15.0°)
45606,69520,41.03,57.01,distance_exceeded (41.0m > 15.0m); heading_incompatible (57.0° > 15.0°)
44121,50722,34.49,0.0,distance_exceeded (34.5m > 15.0m)
47881,65658,17.52,39.27,distance_exceeded (17.5m > 15.0m); heading_incompatible (39.3° > 15.0°)
43625,63744,29.94,110.21,distance_exceeded (29.9m > 15.0m); heading_incompatible (110.2° > 15.0°)
44621,64867,8.01,137.0,heading_incompatible (137.0° > 15.0°)
45787,52819,2.37,22.66,heading_incompatible (22.7° > 15.0°)
47940,65908,44.2,21.17,distance_exceeded (44.2m > 15.0m); heading_incompatible (21.2° > 15.0°)
46327,56987,19.03,23.96,distance_exceeded (19.0m > 15.0m); heading_incompatible (24.0° > 15.0°)
48153,63504,23.47,61.87,distance_exceeded (23.5m > 15.0m); heading_incompatible (61.9° > 15.0°)
40285,56197,41.94,39.86,distance_exceeded (41.9m > 15.0m); heading_incompatible (39.9° > 15.0°)
44791,58901,14.32,177.36,heading_incompatible (177.4° > 15.0°)
44719,51299,17.84,0.0,distance_exceeded (17.8m > 15.0m)
41539,70231,38.94,0.0,distance_exceeded (38.9m > 15.0m)
47600,64300,41.22,0.0,distance_exceeded (41.2m > 15.0m)
41997,60841,8.6,160.58,heading_incompatible (160.6° > 15.0°)
44348,54946,1.55,176.71,heading_incompatible (176.7° > 15.0°)
40999,51954,44.57,41.09,distance_exceeded (44.6m > 15.0m); heading_incompatible (41.1° > 15.0°)
43345,60326,40.87,0.0,distance_exceeded (40.9m > 15.0m)
42953,59470,25.71,18.35,distance_exceeded (25.7m > 15.0m); heading_incompatible (18.4° > 15.0°)
41624,69209,36.22,167.19,distance_exceeded (36.2m > 15.0m); heading_incompatible (167.2° > 15.0°)
44779,58853,19.34,68.77,distance_exceeded (19.3m > 15.0m); heading_incompatible (68.8° > 15.0°)
49511,50609,2.33,77.16,heading_incompatible (77.2° > 15.0°)
40757,65699,14.8,104.7,heading_incompatible (104.7° > 15.0°)
42462,53182,0.2,85.06,heading_incompatible (85.1° > 15.0°)
47300,62704,15.01,139.73,distance_exceeded (15.0m > 15.0m); heading_incompatible (139.7° > 15.0°)
45188,51064,15.41,173.9,distance_exceeded (15.4m > 15.0m); heading_incompatible (173.9° > 15.0°)
47367,62902,38.0,0.56,distance_exceeded (38.0m > 15.0m)
49303,50097,1.04,94.34,heading_incompatible (94.3° > 15.0°)
45221,57198,29.7,0.0,distance_exceeded (29.7m > 15.0m)
43559,62604,17.88,0.0,distance_exceeded (17.9m > 15.0m)
46624,59198,6.47,21.75,heading_incompatible (21.7° > 15.0°)
43605,68290,42.66,0.0,distance_exceeded (42.7m > 15.0m)
42357,59643,0.2,43.24,heading_incompatible (43.2° > 15.0°)
46680,59504,8.36,74.13,heading_incompatible (74.1° > 15.0°)
44824,50553,2.23,97.08,heading_incompatible (97.1° > 15.0°)
48374,63929,14.3,118.82,heading_incompatible (118.8° > 15.0°)
41201,51819,17.93,179.51,distance_exceeded (17.9m > 15.0m); heading_incompatible (179.5° > 15.0°)
40260,50767,30.06,176.95,distance_exceeded (30.1m > 15.0m); heading_incompatible (177.0° > 15.0°)
42564,72023,0.2,172.14,heading_incompatible (172.1° > 15.0°)
44662,69821,20.66,160.62,distance_exceeded (20.7m > 15.0m); heading_incompatible (160.6° > 15.0°)
47478,60189,39.59,76.41,distance_exceeded (39.6m > 15.0m); heading_incompatible (76.4° > 15.0°)
41737,51793,43.82,0.0,distance_exceeded (43.8m > 15.0m)
42264,62209,44.67,72.91,distance_exceeded (44.7m > 15.0m); heading_incompatible (72.9° > 15.0°)
48528,57375,31.88,170.44,distance_exceeded (31.9m > 15.0m); heading_incompatible (170.4° > 15.0°)
40119,59541,30.17,29.24,distance_exceeded (30.2m > 15.0m); heading_incompatible (29.2° > 15.0°)
47638,62836,0.2,105.03,heading_incompatible (105.0° > 15.0°)
47624,68937,24.26,0.0,distance_exceeded (24.3m > 15.0m)
40762,67829,33.05,106.97,distance_exceeded (33.0m > 15.0m); heading_incompatible (107.0° > 15.0°)
44335,63831,12.38,105.97,heading_incompatible (106.0° > 15.0°)
45385,69273,0.2,120.61,heading_incompatible (120.6° > 15.0°)
47403,59673,7.41,67.52,heading_incompatible (67.5° > 15.0°)
42793,51617,12.44,173.24,heading_incompatible (173.2° > 15.0°)
46571,58822,8.96,167.73,heading_incompatible (167.7° > 15.0°)
48479,68044,8.55,127.09,heading_incompatible (127.1° > 15.0°)
46785,60277,33.55,76.48,distance_exceeded (33.6m > 15.0m); heading_incompatible (76.5° > 15.0°)
40937,71014,16.17,0.68,distance_exceeded (16.2m > 15.0m)
41522,51196,4.78,88.95,heading_incompatible (89.0° > 15.0°)
40054,53097,0.2,21.76,heading_incompatible (21.8° > 15.0°)
40617,63364,34.91,0.0,distance_exceeded (34.9m > 15.0m)
42471,65823,43.01,157.74,distance_exceeded (43.0m > 15.0m); heading_incompatible (157.7° > 15.0°)
40577,62062,5.15,161.63,heading_incompatible (161.6° > 15.0°)
41137,54863,31.78,0.0,distance_exceeded (31.8m > 15.0m)
47625,55246,8.82,101.52,heading_incompatible (101.5° > 15.0°)
44813,53543,28.51,26.28,distance_exceeded (28.5m > 15.0m); heading_incompatible (26.3° > 15.0°)
48128,72057,1.01,134.02,heading_incompatible (134.0° > 15.0°)
48176,64223,6.1,76.92,heading_incompatible (76.9° > 15.0°)
41197,55120,20.0,0.0,distance_exceeded (20.0m > 15.0m)
40428,66818,0.2,18.54,heading_incompatible (18.5° > 15.0°)
45985,56562,30.66,0.0,distance_exceeded (30.7m > 15.0m)
49297,65135,18.61,171.79,distance_exceeded (18.6m > 15.0m); heading_incompatible (171.8° > 15.0°)
41383,51831,39.77,0.0,distance_exceeded (39.8m > 15.0m)
47546,63986,37.88,4.01,distance_exceeded (37.9m > 15.0m)
49270,68804,0.2,46.26,heading_incompatible (46.3° > 15.0°)
46851,60546,23.23,107.65,distance_exceeded (23.2m > 15.0m); heading_incompatible (107.6° > 15.0°)
42190,69893,4.7,85.0,heading_incompatible (85.0° > 15.0°)
47613,64253,2.74,69.4,heading_incompatible (69.4° > 15.0°)
46482,58261,16.39,81.02,distance_exceeded (16.4m > 15.0m); heading_incompatible (81.0° > 15.0°)
48071,65074,11.71,132.09,heading_incompatible (132.1° > 15.0°)
49231,68101,29.47,0.0,distance_exceeded (29.5m > 15.0m)
47974,69922,0.2,52.56,heading_incompatible (52.6° > 15.0°)
42994,66112,15.92,175.88,distance_exceeded (15.9m > 15.0m); heading_incompatible (175.9° > 15.0°)
48893,56220,22.46,0.0,distance_exceeded (22.5m > 15.0m)
41954,60479,16.09,0.0,distance_exceeded (16.1m > 15.0m)
42633,56310,30.72,0.0,distance_exceeded (30.7m > 15.0m)
47416,69161,9.91,178.54,heading_incompatible (178.5° > 15.0°)
46118,55634,16.28,82.46,distance_exceeded (16.3m > 15.0m); heading_incompatible (82.5° > 15.0°)
46159,55777,46.93,0.0,distance_exceeded (46.9m > 15.0m)
40202,69900,5.97,125.84,heading_incompatible (125.8° > 15.0°)
47923,65292,5.96,27.61,heading_incompatible (27.6° > 15.0°)
41587,58438,42.21,0.0,distance_exceeded (42.2m > 15.0m)
43558,67630,0.2,84.66,heading_incompatible (84.7° > 15.0°)
47105,63602,13.38,111.04,heading_incompatible (111.0° > 15.0°)
40688,53705,36.18,20.87,distance_exceeded (36.2m > 15.0m); heading_incompatible (20.9° > 15.0°)
47732,53476,37.85,0.0,distance_exceeded (37.9m > 15.0m)
49095,68396,37.54,88.43,distance_exceeded (37.5m > 15.0m); heading_incompatible (88.4° > 15.0°)
49422,69022,0.53,145.07,heading_incompatible (145.1° > 15.0°)
41014,53246,1.6,51.37,heading_incompatible (51.4° > 15.0°)
43804,57506,2.77,42.59,heading_incompatible (42.6° > 15.0°)
43064,71582,37.35,0.0,distance_exceeded (37.4m > 15.0m)
41155,65350,49.77,0.0,distance_exceeded (49.8m > 15.0m)
43087,68202,3.5,173.04,heading_incompatible (173.0° > 15.0°)
46429,70170,4.3,88.81,heading_incompatible (88.8° > 15.0°)
39849,62381,42.3,43.5,distance_exceeded (42.3m > 15.0m); heading_incompatible (43.5° > 15.0°)
47719,64377,6.64,120.07,heading_incompatible (120.1° > 15.0°)
48995,53094,0.2,170.85,heading_incompatible (170.9° > 15.0°)
41497,55939,14.28,146.84,heading_incompatible (146.8° > 15.0°)
44609,64992,26.73,0.0,distance_exceeded (26.7m > 15.0m)
44995,50831,0.2,58.27,heading_incompatible (58.3° > 15.0°)
44249,61268,3.23,61.94,heading_incompatible (61.9° > 15.0°)
42858,50086,1.27,116.17,heading_incompatible (116.2° > 15.0°)
48150,63429,2.3,171.53,heading_incompatible (171.5° > 15.0°)
45388,50360,0.2,47.7,heading_incompatible (47.7° > 15.0°)
43468,66142,13.61,29.61,heading_incompatible (29.6° > 15.0°)
44317,66414,16.66,143.0,distance_exceeded (16.7m > 15.0m); heading_incompatible (143.0° > 15.0°)
47550,63998,26.16,64.78,distance_exceeded (26.2m > 15.0m); heading_incompatible (64.8° > 15.0°)
46951,61313,28.57,72.08,distance_exceeded (28.6m > 15.0m); heading_incompatible (72.1° > 15.0°)
45879,54145,28.29,134.27,distance_exceeded (28.3m > 15.0m); heading_incompatible (134.3° > 15.0°)
42654,64392,24.0,17.02,distance_exceeded (24.0m > 15.0m); heading_incompatible (17.0° > 15.0°)
42658,50223,26.44,108.23,distance_exceeded (26.4m > 15.0m); heading_incompatible (108.2° > 15.0°)
47789,69200,11.54,84.97,heading_incompatible (85.0° > 15.0°)
41671,57784,8.39,174.89,heading_incompatible (174.9° > 15.0°)
40802,70501,15.15,21.79,distance_exceeded (15.1m > 15.0m); heading_incompatible (21.8° > 15.0°)
42690,55084,0.2,111.72,heading_incompatible (111.7° > 15.0°)
47170,53425,21.29,75.07,distance_exceeded (21.3m > 15.0m); heading_incompatible (75.1° > 15.0°)
43048,63418,7.27,34.34,heading_incompatible (34.3° > 15.0°)
41336,56029,21.71,111.51,distance_exceeded (21.7m > 15.0m); heading_incompatible (111.5° > 15.0°)
43936,68785,12.19,152.18,heading_incompatible (152.2° > 15.0°)
43725,54081,0.2,59.29,heading_incompatible (59.3° > 15.0°)
41107,54388,5.43,93.4,heading_incompatible (93.4° > 15.0°)
49007,70655,46.26,177.29,distance_exceeded (46.3m > 15.0m); heading_incompatible (177.3° > 15.0°)
47616,65879,0.2,48.66,heading_incompatible (48.7° > 15.0°)
46666,52916,27.05,133.67,distance_exceeded (27.0m > 15.0m); heading_incompatible (133.7° > 15.0°)
47608,62757,32.68,170.23,distance_exceeded (32.7m > 15.0m); heading_incompatible (170.2° > 15.0°)
47568,65636,35.91,98.22,distance_exceeded (35.9m > 15.0m); heading_incompatible (98.2° > 15.0°)
46661,64904,30.46,86.64,distance_exceeded (30.5m > 15.0m); heading_incompatible (86.6° > 15.0°)
49515,68014,31.08,23.51,distance_exceeded (31.1m > 15.0m); heading_incompatible (23.5° > 15.0°)
42199,62171,8.15,39.57,heading_incompatible (39.6° > 15.0°)
42545,62845,18.04,79.46,distance_exceeded (18.0m > 15.0m); heading_incompatible (79.5° > 15.0°)
44715,71408,13.89,63.34,heading_incompatible (63.3° > 15.0°)
43205,67061,29.68,0.0,distance_exceeded (29.7m > 15.0m)
44579,69993,2.9,27.48,heading_incompatible (27.5° > 15.0°)
43865,57281,17.5,4.6,distance_exceeded (17.5m > 15.0m)
41387,71207,45.01,0.0,distance_exceeded (45.0m > 15.0m)
45808,52935,44.44,51.65,distance_exceeded (44.4m > 15.0m); heading_incompatible (51.6° > 15.0°)
43437,56021,26.9,3.02,distance_exceeded (26.9m > 15.0m)
48635,68046,34.63,35.22,distance_exceeded (34.6m > 15.0m); heading_incompatible (35.2° > 15.0°)
40464,57448,33.2,37.8,distance_exceeded (33.2m > 15.0m); heading_incompatible (37.8° > 15.0°)
48108,62074,7.13,108.1,heading_incompatible (108.1° > 15.0°)
40078,69933,27.45,121.1,distance_exceeded (27.4m > 15.0m); heading_incompatible (121.1° > 15.0°)
43281,67439,25.32,24.23,distance_exceeded (25.3m > 15.0m); heading_incompatible (24.2° > 15.0°)
41524,58219,34.7,123.55,distance_exceeded (34.7m > 15.0m); heading_incompatible (123.5° > 15.0°)
42814,59034,2.1,171.71,heading_incompatible (171.7° > 15.0°)
41452,65718,38.57,0.0,distance_exceeded (38.6m > 15.0m)
41067,53872,33.37,172.45,distance_exceeded (33.4m > 15.0m); heading_incompatible (172.4° > 15.0°)
40105,62412,38.95,0.0,distance_exceeded (39.0m > 15.0m)
43178,66620,11.97,157.27,heading_incompatible (157.3° > 15.0°)
41106,68003,0.2,177.21,heading_incompatible (177.2° > 15.0°)
40046,49903,23.27,113.17,distance_exceeded (23.3m > 15.0m); heading_incompatible (113.2° > 15.0°)
45379,51648,33.84,9.31,distance_exceeded (33.8m > 15.0m)
43017,58662,36.26,75.21,distance_exceeded (36.3m > 15.0m); heading_incompatible (75.2° > 15.0°)
47185,61431,17.9,71.64,distance_exceeded (17.9m > 15.0m); heading_incompatible (71.6° > 15.0°)
41930,71671,4.11,162.5,heading_incompatible (162.5° > 15.0°)
41794,52921,11.91,41.53,heading_incompatible (41.5° > 15.0°)
44784,68835,5.95,93.45,heading_incompatible (93.4° > 15.0°)
43391,59146,29.12,2.79,distance_exceeded (29.1m > 15.0m)
46836,60550,39.66,166.37,distance_exceeded (39.7m > 15.0m); heading_incompatible (166.4° > 15.0°)
43872,50993,15.14,0.0,distance_exceeded (15.1m > 15.0m)
40793,62465,18.83,7.54,distance_exceeded (18.8m > 15.0m)
42222,57688,13.92,106.39,heading_incompatible (106.4° > 15.0°)
44120,68859,28.05,36.62,distance_exceeded (28.1m > 15.0m); heading_incompatible (36.6° > 15.0°)
46937,61233,35.0,0.0,distance_exceeded (35.0m > 15.0m)
48832,66408,17.91,20.75,distance_exceeded (17.9m > 15.0m); heading_incompatible (20.8° > 15.0°)
44028,51872,21.93,25.05,distance_exceeded (21.9m > 15.0m); heading_incompatible (25.0° > 15.0°)
47135,63887,7.71,73.37,heading_incompatible (73.4° > 15.0°)
47222,66764,6.1,147.56,heading_incompatible (147.6° > 15.0°)
41774,59306,0.2,105.87,heading_incompatible (105.9° > 15.0°)
43885,49806,23.6,91.98,distance_exceeded (23.6m > 15.0m); heading_incompatible (92.0° > 15.0°)
46189,56041,38.17,0.0,distance_exceeded (38.2m > 15.0m)
43615,61285,7.42,52.43,heading_incompatible (52.4° > 15.0°)
47204,62300,29.29,0.0,distance_exceeded (29.3m > 15.0m)
42964,59165,13.83,154.59,heading_incompatible (154.6° > 15.0°)
49376,68920,7.15,123.04,heading_incompatible (123.0° > 15.0°)
43881,50839,0.2,100.85,heading_incompatible (100.9° > 15.0°)
45175,53761,38.68,0.0,distance_exceeded (38.7m > 15.0m)
44110,51805,15.53,0.0,distance_exceeded (15.5m > 15.0m)
40783,65786,18.1,3.6,distance_exceeded (18.1m > 15.0m)
41976,71683,46.8,95.15,distance_exceeded (46.8m > 15.0m); heading_incompatible (95.2° > 15.0°)
41470,57279,31.7,73.69,distance_exceeded (31.7m > 15.0m); heading_incompatible (73.7° > 15.0°)
40278,55144,0.2,53.77,heading_incompatible (53.8° > 15.0°)
49681,52646,9.35,64.77,heading_incompatible (64.8° > 15.0°)
43302,52944,18.97,68.59,distance_exceeded (19.0m > 15.0m); heading_incompatible (68.6° > 15.0°)
40094,69789,24.14,161.68,distance_exceeded (24.1m > 15.0m); heading_incompatible (161.7° > 15.0°)
43984,62558,14.54,94.29,heading_incompatible (94.3° > 15.0°)
42606,64281,5.47,129.25,heading_incompatible (129.2° > 15.0°)
42955,59523,29.56,0.0,distance_exceeded (29.6m > 15.0m)
43036,71863,26.74,92.37,distance_exceeded (26.7m > 15.0m); heading_incompatible (92.4° > 15.0°)
45662,54780,47.62,79.43,distance_exceeded (47.6m > 15.0m); heading_incompatible (79.4° > 15.0°)
41221,54714,11.69,123.06,heading_incompatible (123.1° > 15.0°)
46133,55682,46.16,0.0,distance_exceeded (46.2m > 15.0m)
47202,62223,23.73,142.76,distance_exceeded (23.7m > 15.0m); heading_incompatible (142.8° > 15.0°)
41920,60414,43.83,0.0,distance_exceeded (43.8m > 15.0m)
41843,59903,36.87,0.0,distance_exceeded (36.9m > 15.0m)
45921,68818,6.72,73.33,heading_incompatible (73.3° > 15.0°)
49362,63816,43.23,0.0,distance_exceeded (43.2m > 15.0m)
44427,69981,0.2,153.11,heading_incompatible (153.1° > 15.0°)
43144,66757,25.27,139.11,distance_exceeded (25.3m > 15.0m); heading_incompatible (139.1° > 15.0°)
44137,49734,31.02,0.0,distance_exceeded (31.0m > 15.0m)
42933,65987,39.64,4.24,distance_exceeded (39.6m > 15.0m)
40560,67974,32.73,176.66,distance_exceeded (32.7m > 15.0m); heading_incompatible (176.7° > 15.0°)
44982,57063,22.37,112.91,distance_exceeded (22.4m > 15.0m); heading_incompatible (112.9° > 15.0°)
41880,60200,16.87,45.64,distance_exceeded (16.9m > 15.0m); heading_incompatible (45.6° > 15.0°)
42296,62532,25.91,0.0,distance_exceeded (25.9m > 15.0m)
49703,64784,33.17,37.96,distance_exceeded (33.2m > 15.0m); heading_incompatible (38.0° > 15.0°)
41357,51791,34.0,7.04,distance_exceeded (34.0m > 15.0m)
43021,72079,24.62,143.24,distance_exceeded (24.6m > 15.0m); heading_incompatible (143.2° > 15.0°)
45055,50846,47.65,18.32,distance_exceeded (47.6m > 15.0m); heading_incompatible (18.3° > 15.0°)
49280,70898,0.2,27.87,heading_incompatible (27.9° > 15.0°)
42097,54616,16.17,0.0,distance_exceeded (16.2m > 15.0m)
47888,54499,3.59,85.2,heading_incompatible (85.2° > 15.0°)
44178,50244,32.21,160.01,distance_exceeded (32.2m > 15.0m); heading_incompatible (160.0° > 15.0°)
47219,69945,6.22,147.91,heading_incompatible (147.9° > 15.0°)
48769,58986,1.85,52.49,heading_incompatible (52.5° > 15.0°)
41458,57211,22.31,0.0,distance_exceeded (22.3m > 15.0m)
49626,52361,43.27,126.58,distance_exceeded (43.3m > 15.0m); heading_incompatible (126.6° > 15.0°)
46730,56629,15.71,74.23,distance_exceeded (15.7m > 15.0m); heading_incompatible (74.2° > 15.0°)
46186,70074,32.45,0.0,distance_exceeded (32.5m > 15.0m)
44670,51443,7.68,16.73,heading_incompatible (16.7° > 15.0°)
45696,52310,47.48,0.0,distance_exceeded (47.5m > 15.0m)
43600,58402,0.9,67.39,heading_incompatible (67.4° > 15.0°)
48441,69703,0.2,173.38,heading_incompatible (173.4° > 15.0°)
44792,58886,20.86,0.0,distance_exceeded (20.9m > 15.0m)
47580,62812,42.87,50.65,distance_exceeded (42.9m > 15.0m); heading_incompatible (50.7° > 15.0°)
48572,60002,16.29,0.0,distance_exceeded (16.3m > 15.0m)
42380,60121,27.35,76.22,distance_exceeded (27.3m > 15.0m); heading_incompatible (76.2° > 15.0°)
42893,65509,0.2,104.71,heading_incompatible (104.7° > 15.0°)
48702,70999,13.98,26.64,heading_incompatible (26.6° > 15.0°)
41388,56349,24.36,165.55,distance_exceeded (24.4m > 15.0m); heading_incompatible (165.5° > 15.0°)
44521,50576,42.99,25.89,distance_exceeded (43.0m > 15.0m); heading_incompatible (25.9° > 15.0°)
45352,60159,21.07,0.0,distance_exceeded (21.1m > 15.0m)
41377,56476,16.36,98.26,distance_exceeded (16.4m > 15.0m); heading_incompatible (98.3° > 15.0°)
43758,51929,4.13,22.96,heading_incompatible (23.0° > 15.0°)
44223,69554,10.67,167.96,heading_incompatible (168.0° > 15.0°)
39875,55802,30.89,68.59,distance_exceeded (30.9m > 15.0m); heading_incompatible (68.6° > 15.0°)
39929,59123,25.51,116.51,distance_exceeded (25.5m > 15.0m); heading_incompatible (116.5° > 15.0°)
40441,65691,12.16,15.72,heading_incompatible (15.7° > 15.0°)
49065,57653,41.8,140.37,distance_exceeded (41.8m > 15.0m); heading_incompatible (140.4° > 15.0°)
45526,55361,14.05,36.94,heading_incompatible (36.9° > 15.0°)
42817,69621,35.7,95.98,distance_exceeded (35.7m > 15.0m); heading_incompatible (96.0° > 15.0°)
44760,55971,3.53,45.14,heading_incompatible (45.1° > 15.0°)
41070,54170,24.29,103.2,distance_exceeded (24.3m > 15.0m); heading_incompatible (103.2° > 15.0°)
40524,54601,3.88,140.4,heading_incompatible (140.4° > 15.0°)
46794,60362,32.87,0.0,distance_exceeded (32.9m > 15.0m)
47116,57879,39.0,79.69,distance_exceeded (39.0m > 15.0m); heading_incompatible (79.7° > 15.0°)
40835,51873,11.1,113.65,heading_incompatible (113.7° > 15.0°)
45688,70659,15.76,59.73,distance_exceeded (15.8m > 15.0m); heading_incompatible (59.7° > 15.0°)
43529,55544,15.07,9.85,distance_exceeded (15.1m > 15.0m)
46916,60585,7.86,19.0,heading_incompatible (19.0° > 15.0°)
40709,62707,14.6,27.98,heading_incompatible (28.0° > 15.0°)
42005,61005,38.68,8.63,distance_exceeded (38.7m > 15.0m)
49564,51628,5.95,61.48,heading_incompatible (61.5° > 15.0°)
49088,71033,21.22,77.52,distance_exceeded (21.2m > 15.0m); heading_incompatible (77.5° > 15.0°)
41021,64745,25.71,101.41,distance_exceeded (25.7m > 15.0m); heading_incompatible (101.4° > 15.0°)
42917,62738,0.2,106.92,heading_incompatible (106.9° > 15.0°)
41368,56290,1.76,67.95,heading_incompatible (68.0° > 15.0°)
45610,57288,0.2,20.05,heading_incompatible (20.1° > 15.0°)
40151,57727,4.33,163.96,heading_incompatible (164.0° > 15.0°)
47062,61952,42.55,0.0,distance_exceeded (42.6m > 15.0m)
47177,56707,39.62,63.4,distance_exceeded (39.6m > 15.0m); heading_incompatible (63.4° > 15.0°)
48382,71508,35.35,124.92,distance_exceeded (35.3m > 15.0m); heading_incompatible (124.9° > 15.0°)
40179,58860,31.15,110.84,distance_exceeded (31.2m > 15.0m); heading_incompatible (110.8° > 15.0°)
41076,53937,20.44,67.32,distance_exceeded (20.4m > 15.0m); heading_incompatible (67.3° > 15.0°)
48749,69446,18.03,174.35,distance_exceeded (18.0m > 15.0m); heading_incompatible (174.3° > 15.0°)
49044,54631,6.31,82.37,heading_incompatible (82.4° > 15.0°)
45991,65347,49.77,0.0,distance_exceeded (49.8m > 15.0m)
39884,63828,0.61,73.99,heading_incompatible (74.0° > 15.0°)
47162,71913,19.89,132.67,distance_exceeded (19.9m > 15.0m); heading_incompatible (132.7° > 15.0°)
41386,56305,46.32,0.0,distance_exceeded (46.3m > 15.0m)
45525,55353,8.49,33.68,heading_incompatible (33.7° > 15.0°)
45613,69872,10.53,90.4,heading_incompatible (90.4° > 15.0°)
45291,58764,7.74,139.72,heading_incompatible (139.7° > 15.0°)
46835,60543,2.69,107.52,heading_incompatible (107.5° > 15.0°)
44748,71623,40.8,0.41,distance_exceeded (40.8m > 15.0m)
48265,68278,26.26,103.94,distance_exceeded (26.3m > 15.0m); heading_incompatible (103.9° > 15.0°)
40792,65946,32.1,2.11,distance_exceeded (32.1m > 15.0m)
40343,50081,0.2,172.37,heading_incompatible (172.4° > 15.0°)
46440,58009,4.44,147.39,heading_incompatible (147.4° > 15.0°)
48404,72155,7.24,117.67,heading_incompatible (117.7° > 15.0°)
44387,60224,22.04,67.94,distance_exceeded (22.0m > 15.0m); heading_incompatible (67.9° > 15.0°)
45737,52555,2.67,92.15,heading_incompatible (92.2° > 15.0°)
48055,66049,4.84,126.44,heading_incompatible (126.4° > 15.0°)
44058,69119,27.26,0.0,distance_exceeded (27.3m > 15.0m)
47757,68749,21.97,144.74,distance_exceeded (22.0m > 15.0m); heading_incompatible (144.7° > 15.0°)
44870,72402,0.2,18.29,heading_incompatible (18.3° > 15.0°)
44526,63240,2.16,91.23,heading_incompatible (91.2° > 15.0°)
48349,67337,16.1,149.98,distance_exceeded (16.1m > 15.0m); heading_incompatible (150.0° > 15.0°)
48267,66820,36.36,172.64,distance_exceeded (36.4m > 15.0m); heading_incompatible (172.6° > 15.0°)
47768,63435,29.93,29.07,distance_exceeded (29.9m > 15.0m); heading_incompatible (29.1° > 15.0°)
44044,66115,0.2,89.27,heading_incompatible (89.3° > 15.0°)
48663,59368,33.34,4.23,distance_exceeded (33.3m > 15.0m)
43668,63659,18.96,131.46,distance_exceeded (19.0m > 15.0m); heading_incompatible (131.5° > 15.0°)
48447,52938,8.81,100.89,heading_incompatible (100.9° > 15.0°)
49279,54002,0.2,37.58,heading_incompatible (37.6° > 15.0°)
40004,51825,40.09,151.22,distance_exceeded (40.1m > 15.0m); heading_incompatible (151.2° > 15.0°)
41340,56065,40.68,97.72,distance_exceeded (40.7m > 15.0m); heading_incompatible (97.7° > 15.0°)
45280,52462,4.2,27.27,heading_incompatible (27.3° > 15.0°)
40031,58788,0.26,158.16,heading_incompatible (158.2° > 15.0°)
44501,53131,4.98,74.81,heading_incompatible (74.8° > 15.0°)
40898,63834,21.57,1.01,distance_exceeded (21.6m > 15.0m)
46107,53225,39.1,40.22,distance_exceeded (39.1m > 15.0m); heading_incompatible (40.2° > 15.0°)
41301,55734,24.67,98.46,distance_exceeded (24.7m > 15.0m); heading_incompatible (98.5° > 15.0°)
40721,71128,13.57,147.58,heading_incompatible (147.6° > 15.0°)
48910,63637,19.33,123.69,distance_exceeded (19.3m > 15.0m); heading_incompatible (123.7° > 15.0°)
45925,54932,15.73,20.7,distance_exceeded (15.7m > 15.0m); heading_incompatible (20.7° > 15.0°)
45078,67098,2.49,177.32,heading_incompatible (177.3° > 15.0°)
46176,55808,6.3,100.79,heading_incompatible (100.8° > 15.0°)
42349,63209,28.72,0.0,distance_exceeded (28.7m > 15.0m)
45215,51217,28.74,20.17,distance_exceeded (28.7m > 15.0m); heading_incompatible (20.2° > 15.0°)
45871,53498,20.81,11.21,distance_exceeded (20.8m > 15.0m)
47627,63340,31.14,12.33,distance_exceeded (31.1m > 15.0m)
47560,64053,16.16,72.52,distance_exceeded (16.2m > 15.0m); heading_incompatible (72.5° > 15.0°)
41768,59245,9.36,169.73,heading_incompatible (169.7° > 15.0°)
47115,71785,0.84,129.7,heading_incompatible (129.7° > 15.0°)
46286,58654,42.21,112.32,distance_exceeded (42.2m > 15.0m); heading_incompatible (112.3° > 15.0°)
41795,65284,5.95,153.04,heading_incompatible (153.0° > 15.0°)
47101,51622,37.41,0.0,distance_exceeded (37.4m > 15.0m)
42579,64072,12.72,123.7,heading_incompatible (123.7° > 15.0°)
43034,69262,2.27,50.75,heading_incompatible (50.7° > 15.0°)
45868,53540,12.48,96.57,heading_incompatible (96.6° > 15.0°)
41850,60025,0.2,170.98,heading_incompatible (171.0° > 15.0°)
49502,52744,39.98,60.71,distance_exceeded (40.0m > 15.0m); heading_incompatible (60.7° > 15.0°)
43492,53441,0.2,17.27,heading_incompatible (17.3° > 15.0°)
48526,67615,48.35,0.0,distance_exceeded (48.4m > 15.0m)
41314,55744,23.92,0.0,distance_exceeded (23.9m > 15.0m)
43120,66590,23.28,43.66,distance_exceeded (23.3m > 15.0m); heading_incompatible (43.7° > 15.0°)
49636,62767,32.67,69.0,distance_exceeded (32.7m > 15.0m); heading_incompatible (69.0° > 15.0°)
45247,69760,27.75,96.06,distance_exceeded (27.8m > 15.0m); heading_incompatible (96.1° > 15.0°)
40293,62754,5.2,32.42,heading_incompatible (32.4° > 15.0°)
42982,66052,0.2,130.77,heading_incompatible (130.8° > 15.0°)
40614,52747,15.05,177.06,distance_exceeded (15.1m > 15.0m); heading_incompatible (177.1° > 15.0°)
47510,54590,47.75,135.87,distance_exceeded (47.8m > 15.0m); heading_incompatible (135.9° > 15.0°)
42486,63460,0.2,177.45,heading_incompatible (177.5° > 15.0°)
49427,64549,32.17,0.0,distance_exceeded (32.2m > 15.0m)
46938,61217,0.2,104.9,heading_incompatible (104.9° > 15.0°)
45571,62363,14.14,80.39,heading_incompatible (80.4° > 15.0°)
44244,52495,15.15,0.0,distance_exceeded (15.1m > 15.0m)
46782,60258,4.85,142.71,heading_incompatible (142.7° > 15.0°)
49122,72532,7.16,112.17,heading_incompatible (112.2° > 15.0°)
43462,68108,10.63,176.36,heading_incompatible (176.4° > 15.0°)
47277,66902,7.89,95.33,heading_incompatible (95.3° > 15.0°)
48696,68474,27.9,163.63,distance_exceeded (27.9m > 15.0m); heading_incompatible (163.6° > 15.0°)
49670,52513,30.46,30.18,distance_exceeded (30.5m > 15.0m); heading_incompatible (30.2° > 15.0°)
40212,62126,19.2,67.82,distance_exceeded (19.2m > 15.0m); heading_incompatible (67.8° > 15.0°)
47489,51996,5.22,17.66,heading_incompatible (17.7° > 15.0°)
46305,57226,31.25,74.04,distance_exceeded (31.3m > 15.0m); heading_incompatible (74.0° > 15.0°)
47782,65133,0.2,152.81,heading_incompatible (152.8° > 15.0°)
40633,66854,0.2,140.41,heading_incompatible (140.4° > 15.0°)
42899,64323,13.4,112.62,heading_incompatible (112.6° > 15.0°)
49627,68857,9.45,150.11,heading_incompatible (150.1° > 15.0°)
40646,51757,0.57,130.86,heading_incompatible (130.9° > 15.0°)
41848,59987,11.29,96.52,heading_incompatible (96.5° > 15.0°)
48312,72306,28.69,0.0,distance_exceeded (28.7m > 15.0m)
41402,56457,17.2,172.06,distance_exceeded (17.2m > 15.0m); heading_incompatible (172.1° > 15.0°)
44406,56110,4.68,66.72,heading_incompatible (66.7° > 15.0°)
49047,65101,43.73,0.0,distance_exceeded (43.7m > 15.0m)
41721,58934,25.17,176.62,distance_exceeded (25.2m > 15.0m); heading_incompatible (176.6° > 15.0°)
41569,64741,20.1,175.89,distance_exceeded (20.1m > 15.0m); heading_incompatible (175.9° > 15.0°)
46647,59052,35.09,0.0,distance_exceeded (35.1m > 15.0m)
40404,58877,5.99,88.9,heading_incompatible (88.9° > 15.0°)
42082,61571,40.23,0.0,distance_exceeded (40.2m > 15.0m)
40302,63764,22.44,131.24,distance_exceeded (22.4m > 15.0m); heading_incompatible (131.2° > 15.0°)
42131,61719,0.2,55.47,heading_incompatible (55.5° > 15.0°)
42732,64844,39.9,0.0,distance_exceeded (39.9m > 15.0m)
48433,68773,10.74,176.71,heading_incompatible (176.7° > 15.0°)
44167,61288,1.18,93.28,heading_incompatible (93.3° > 15.0°)
47265,62545,2.57,99.41,heading_incompatible (99.4° > 15.0°)
40112,58494,2.52,36.5,heading_incompatible (36.5° > 15.0°)
42046,71724,37.15,41.89,distance_exceeded (37.1m > 15.0m); heading_incompatible (41.9° > 15.0°)
43836,58730,0.28,176.64,heading_incompatible (176.6° > 15.0°)
41235,62492,24.77,72.36,distance_exceeded (24.8m > 15.0m); heading_incompatible (72.4° > 15.0°)
44047,69094,29.37,150.95,distance_exceeded (29.4m > 15.0m); heading_incompatible (150.9° > 15.0°)
44884,50612,36.45,173.57,distance_exceeded (36.5m > 15.0m); heading_incompatible (173.6° > 15.0°)
46699,59594,27.77,121.43,distance_exceeded (27.8m > 15.0m); heading_incompatible (121.4° > 15.0°)
43942,64258,0.2,105.23,heading_incompatible (105.2° > 15.0°)
45167,69268,5.55,142.41,heading_incompatible (142.4° > 15.0°)
43489,67721,2.74,53.55,heading_incompatible (53.6° > 15.0°)
42331,58767,0.2,106.42,heading_incompatible (106.4° > 15.0°)
41696,68113,0.2,67.85,heading_incompatible (67.8° > 15.0°)
45779,52641,2.78,23.15,heading_incompatible (23.1° > 15.0°)
42384,60134,19.11,4.42,distance_exceeded (19.1m > 15.0m)
40432,55287,33.59,0.0,distance_exceeded (33.6m > 15.0m)
46981,61560,40.23,0.0,distance_exceeded (40.2m > 15.0m)
42363,56648,32.44,93.0,distance_exceeded (32.4m > 15.0m); heading_incompatible (93.0° > 15.0°)
41887,60241,1.11,112.71,heading_incompatible (112.7° > 15.0°)
43301,62849,16.11,0.0,distance_exceeded (16.1m > 15.0m)
41264,53223,40.58,0.0,distance_exceeded (40.6m > 15.0m)
44595,69735,16.32,60.29,distance_exceeded (16.3m > 15.0m); heading_incompatible (60.3° > 15.0°)
49601,59407,47.02,176.85,distance_exceeded (47.0m > 15.0m); heading_incompatible (176.8° > 15.0°)
44981,64680,14.45,54.84,heading_incompatible (54.8° > 15.0°)
47539,64829,28.48,88.0,distance_exceeded (28.5m > 15.0m); heading_incompatible (88.0° > 15.0°)
47389,63039,41.59,0.0,distance_exceeded (41.6m > 15.0m)
45605,70280,14.58,71.31,heading_incompatible (71.3° > 15.0°)
45897,53845,0.96,18.4,heading_incompatible (18.4° > 15.0°)
44498,63296,11.03,157.08,heading_incompatible (157.1° > 15.0°)
48673,51636,40.63,0.0,distance_exceeded (40.6m > 15.0m)
43019,67504,42.81,0.0,distance_exceeded (42.8m > 15.0m)
40491,51094,0.2,27.08,heading_incompatible (27.1° > 15.0°)
44730,54487,31.87,11.01,distance_exceeded (31.9m > 15.0m)
41078,53918,18.71,0.0,distance_exceeded (18.7m > 15.0m)
41827,58292,8.27,163.37,heading_incompatible (163.4° > 15.0°)
48011,56815,43.53,23.96,distance_exceeded (43.5m > 15.0m); heading_incompatible (24.0° > 15.0°)
45118,59570,0.97,46.49,heading_incompatible (46.5° > 15.0°)
49539,52116,46.96,98.11,distance_exceeded (47.0m > 15.0m); heading_incompatible (98.1° > 15.0°)
45677,52972,44.2,0.0,distance_exceeded (44.2m > 15.0m)
45348,54140,27.71,48.05,distance_exceeded (27.7m > 15.0m); heading_incompatible (48.1° > 15.0°)
43579,64355,19.35,130.41,distance_exceeded (19.3m > 15.0m); heading_incompatible (130.4° > 15.0°)
47908,65762,16.75,61.84,distance_exceeded (16.8m > 15.0m); heading_incompatible (61.8° > 15.0°)
43383,53983,29.07,29.04,distance_exceeded (29.1m > 15.0m); heading_incompatible (29.0° > 15.0°)
49164,51875,20.55,0.0,distance_exceeded (20.5m > 15.0m)
41978,60702,2.47,165.75,heading_incompatible (165.8° > 15.0°)
45199,63467,1.16,179.08,heading_incompatible (179.1° > 15.0°)
44050,69107,6.42,169.9,heading_incompatible (169.9° > 15.0°)
42162,61913,46.63,56.4,distance_exceeded (46.6m > 15.0m); heading_incompatible (56.4° > 15.0°)
44837,51701,9.18,107.47,heading_incompatible (107.5° > 15.0°)
45583,65933,0.2,139.19,heading_incompatible (139.2° > 15.0°)
41846,59920,0.4,83.33,heading_incompatible (83.3° > 15.0°)
43426,67837,8.23,99.54,heading_incompatible (99.5° > 15.0°)
44189,50947,17.87,110.94,distance_exceeded (17.9m > 15.0m); heading_incompatible (110.9° > 15.0°)
49272,53964,7.75,173.44,heading_incompatible (173.4° > 15.0°)
44592,50052,3.85,16.99,heading_incompatible (17.0° > 15.0°)
49143,55206,21.36,179.27,distance_exceeded (21.4m > 15.0m); heading_incompatible (179.3° > 15.0°)
40136,68439,6.62,110.33,heading_incompatible (110.3° > 15.0°)
42894,65529,31.24,106.28,distance_exceeded (31.2m > 15.0m); heading_incompatible (106.3° > 15.0°)
48203,64594,5.34,46.65,heading_incompatible (46.6° > 15.0°)
46581,58948,40.9,4.26,distance_exceeded (40.9m > 15.0m)
42008,61028,5.02,113.84,heading_incompatible (113.8° > 15.0°)
47626,63307,18.75,0.0,distance_exceeded (18.7m > 15.0m)
42180,62039,9.44,27.02,heading_incompatible (27.0° > 15.0°)
44758,56069,31.23,170.56,distance_exceeded (31.2m > 15.0m); heading_incompatible (170.6° > 15.0°)
49332,68861,11.95,154.2,heading_incompatible (154.2° > 15.0°)
40538,65627,15.56,175.98,distance_exceeded (15.6m > 15.0m); heading_incompatible (176.0° > 15.0°)
41719,53480,0.2,150.05,heading_incompatible (150.0° > 15.0°)
42999,65081,3.17,60.4,heading_incompatible (60.4° > 15.0°)
43397,57757,0.2,96.15,heading_incompatible (96.1° > 15.0°)
40830,52141,31.63,77.13,distance_exceeded (31.6m > 15.0m); heading_incompatible (77.1° > 15.0°)
42168,61963,45.41,164.11,distance_exceeded (45.4m > 15.0m); heading_incompatible (164.1° > 15.0°)
48714,55542,31.69,172.6,distance_exceeded (31.7m > 15.0m); heading_incompatible (172.6° > 15.0°)
41018,53416,46.72,105.67,distance_exceeded (46.7m > 15.0m); heading_incompatible (105.7° > 15.0°)
40244,55128,5.64,21.77,heading_incompatible (21.8° > 15.0°)
41410,56359,20.7,10.29,distance_exceeded (20.7m > 15.0m)
40748,61351,26.67,77.18,distance_exceeded (26.7m > 15.0m); heading_incompatible (77.2° > 15.0°)
40597,61600,12.46,92.33,heading_incompatible (92.3° > 15.0°)
48445,72421,16.11,0.0,distance_exceeded (16.1m > 15.0m)
46930,52523,26.22,0.0,distance_exceeded (26.2m > 15.0m)
45807,52929,9.75,79.37,heading_incompatible (79.4° > 15.0°)
40910,52480,20.73,81.53,distance_exceeded (20.7m > 15.0m); heading_incompatible (81.5° > 15.0°)
48565,68800,22.18,36.86,distance_exceeded (22.2m > 15.0m); heading_incompatible (36.9° > 15.0°)
40359,53134,16.34,148.05,distance_exceeded (16.3m > 15.0m); heading_incompatible (148.0° > 15.0°)
42409,62983,20.17,179.51,distance_exceeded (20.2m > 15.0m); heading_incompatible (179.5° > 15.0°)
47217,57742,20.49,76.64,distance_exceeded (20.5m > 15.0m); heading_incompatible (76.6° > 15.0°)
43797,68300,43.73,0.0,distance_exceeded (43.7m > 15.0m)
41666,68320,6.05,37.84,heading_incompatible (37.8° > 15.0°)
41817,59619,35.14,0.0,distance_exceeded (35.1m > 15.0m)
46671,59429,29.44,0.0,distance_exceeded (29.4m > 15.0m)
47618,56433,40.82,0.0,distance_exceeded (40.8m > 15.0m)
42887,62343,8.7,105.95,heading_incompatible (105.9° > 15.0°)
46100,53197,41.38,0.0,distance_exceeded (41.4m > 15.0m)
40223,51431,16.4,150.14,distance_exceeded (16.4m > 15.0m); heading_incompatible (150.1° > 15.0°)
44581,50289,20.43,0.0,distance_exceeded (20.4m > 15.0m)
48346,67322,20.27,177.85,distance_exceeded (20.3m > 15.0m); heading_incompatible (177.8° > 15.0°)
42164,61974,27.1,0.0,distance_exceeded (27.1m > 15.0m)
44921,50808,0.2,119.63,heading_incompatible (119.6° > 15.0°)
41054,53725,0.62,45.42,heading_incompatible (45.4° > 15.0°)
44629,68817,0.2,52.3,heading_incompatible (52.3° > 15.0°)
44122,50783,0.2,152.64,heading_incompatible (152.6° > 15.0°)
40193,50462,28.84,0.0,distance_exceeded (28.8m > 15.0m)
43946,53757,19.95,51.31,distance_exceeded (20.0m > 15.0m); heading_incompatible (51.3° > 15.0°)
41358,55372,25.4,93.47,distance_exceeded (25.4m > 15.0m); heading_incompatible (93.5° > 15.0°)
46324,57299,8.06,46.08,heading_incompatible (46.1° > 15.0°)
40724,69321,24.64,126.89,distance_exceeded (24.6m > 15.0m); heading_incompatible (126.9° > 15.0°)
47426,68451,49.01,12.81,distance_exceeded (49.0m > 15.0m)
40972,52856,2.44,104.43,heading_incompatible (104.4° > 15.0°)
42878,53449,47.47,49.85,distance_exceeded (47.5m > 15.0m); heading_incompatible (49.9° > 15.0°)
48644,68100,12.54,16.33,heading_incompatible (16.3° > 15.0°)
41091,54059,21.55,158.23,distance_exceeded (21.6m > 15.0m); heading_incompatible (158.2° > 15.0°)
45051,53124,9.82,22.58,heading_incompatible (22.6° > 15.0°)
43483,60081,40.97,113.5,distance_exceeded (41.0m > 15.0m); heading_incompatible (113.5° > 15.0°)
42214,57083,13.69,17.87,heading_incompatible (17.9° > 15.0°)
43532,55567,43.75,12.97,distance_exceeded (43.8m > 15.0m)
41977,60686,21.43,92.54,distance_exceeded (21.4m > 15.0m); heading_incompatible (92.5° > 15.0°)
40071,50290,38.2,99.52,distance_exceeded (38.2m > 15.0m); heading_incompatible (99.5° > 15.0°)
42049,61095,48.77,0.0,distance_exceeded (48.8m > 15.0m)
48234,66641,7.01,92.86,heading_incompatible (92.9° > 15.0°)
42773,69206,25.15,93.55,distance_exceeded (25.1m > 15.0m); heading_incompatible (93.5° > 15.0°)
47295,63099,15.71,0.0,distance_exceeded (15.7m > 15.0m)
41704,58720,48.3,0.0,distance_exceeded (48.3m > 15.0m)
48920,50232,15.84,7.53,distance_exceeded (15.8m > 15.0m)
47431,63204,4.99,38.9,heading_incompatible (38.9° > 15.0°)
42047,61177,45.21,76.61,distance_exceeded (45.2m > 15.0m); heading_incompatible (76.6° > 15.0°)
49163,49810,10.73,33.25,heading_incompatible (33.3° > 15.0°)
45725,61821,28.02,162.31,distance_exceeded (28.0m > 15.0m); heading_incompatible (162.3° > 15.0°)
44203,68674,14.24,142.69,heading_incompatible (142.7° > 15.0°)
40195,67197,1.72,137.61,heading_incompatible (137.6° > 15.0°)
45856,67798,20.87,178.7,distance_exceeded (20.9m > 15.0m); heading_incompatible (178.7° > 15.0°)
49131,68411,27.77,122.14,distance_exceeded (27.8m > 15.0m); heading_incompatible (122.1° > 15.0°)
39889,52300,35.32,73.98,distance_exceeded (35.3m > 15.0m); heading_incompatible (74.0° > 15.0°)
45218,51247,42.34,0.0,distance_exceeded (42.3m > 15.0m)
45860,52765,0.2,144.17,heading_incompatible (144.2° > 15.0°)
49701,64779,3.12,52.51,heading_incompatible (52.5° > 15.0°)
44551,49814,5.95,65.01,heading_incompatible (65.0° > 15.0°)
41740,59107,13.97,94.45,heading_incompatible (94.5° > 15.0°)
42213,57682,38.93,2.54,distance_exceeded (38.9m > 15.0m)
44366,59782,14.74,89.86,heading_incompatible (89.9° > 15.0°)
40778,67804,10.22,146.79,heading_incompatible (146.8° > 15.0°)
48926,66295,1.19,120.12,heading_incompatible (120.1° > 15.0°)
49313,68822,17.85,0.0,distance_exceeded (17.8m > 15.0m)
45482,55199,45.45,158.06,distance_exceeded (45.5m > 15.0m); heading_incompatible (158.1° > 15.0°)
44861,56844,48.94,130.83,distance_exceeded (48.9m > 15.0m); heading_incompatible (130.8° > 15.0°)
43149,66786,38.26,154.44,distance_exceeded (38.3m > 15.0m); heading_incompatible (154.4° > 15.0°)
47595,64250,0.2,36.38,heading_incompatible (36.4° > 15.0°)
42178,62024,1.97,161.12,heading_incompatible (161.1° > 15.0°)
49518,62895,2.65,124.97,heading_incompatible (125.0° > 15.0°)
41807,59554,19.16,113.25,distance_exceeded (19.2m > 15.0m); heading_incompatible (113.2° > 15.0°)
46393,57651,8.38,155.19,heading_incompatible (155.2° > 15.0°)
40113,67743,13.32,113.67,heading_incompatible (113.7° > 15.0°)
46570,50981,13.71,173.28,heading_incompatible (173.3° > 15.0°)
47413,55345,41.18,26.45,distance_exceeded (41.2m > 15.0m); heading_incompatible (26.4° > 15.0°)
48968,51396,0.2,55.15,heading_incompatible (55.1° > 15.0°)
47795,65159,2.37,15.47,heading_incompatible (15.5° > 15.0°)
44712,66391,6.26,154.6,heading_incompatible (154.6° > 15.0°)
49169,51742,16.08,3.41,distance_exceeded (16.1m > 15.0m)
46065,54606,5.95,178.01,heading_incompatible (178.0° > 15.0°)
47371,64381,34.42,0.0,distance_exceeded (34.4m > 15.0m)
48486,71664,10.5,39.13,heading_incompatible (39.1° > 15.0°)
45702,52138,0.2,57.24,heading_incompatible (57.2° > 15.0°)
40142,67436,16.82,0.0,distance_exceeded (16.8m > 15.0m)
48421,67477,6.9,123.94,heading_incompatible (123.9° > 15.0°)
47330,72073,47.09,0.0,distance_exceeded (47.1m > 15.0m)
43538,69928,16.94,46.41,distance_exceeded (16.9m > 15.0m); heading_incompatible (46.4° > 15.0°)
43580,53495,7.06,172.75,heading_incompatible (172.8° > 15.0°)
42618,64446,40.49,117.84,distance_exceeded (40.5m > 15.0m); heading_incompatible (117.8° > 15.0°)
44483,49778,27.58,152.69,distance_exceeded (27.6m > 15.0m); heading_incompatible (152.7° > 15.0°)
44548,72500,5.95,19.99,heading_incompatible (20.0° > 15.0°)
47163,71607,12.66,46.43,heading_incompatible (46.4° > 15.0°)
40208,69729,28.83,154.99,distance_exceeded (28.8m > 15.0m); heading_incompatible (155.0° > 15.0°)
44038,68714,45.29,160.93,distance_exceeded (45.3m > 15.0m); heading_incompatible (160.9° > 15.0°)
45414,50051,16.88,44.25,distance_exceeded (16.9m > 15.0m); heading_incompatible (44.2° > 15.0°)
41023,53290,45.36,0.0,distance_exceeded (45.4m > 15.0m)
48834,60994,11.57,97.49,heading_incompatible (97.5° > 15.0°)
41533,57125,38.5,82.98,distance_exceeded (38.5m > 15.0m); heading_incompatible (83.0° > 15.0°)
40784,70336,38.17,11.18,distance_exceeded (38.2m > 15.0m)
39924,68442,3.5,21.5,heading_incompatible (21.5° > 15.0°)
40262,50775,37.42,164.02,distance_exceeded (37.4m > 15.0m); heading_incompatible (164.0° > 15.0°)
45945,54093,3.4,93.85,heading_incompatible (93.8° > 15.0°)
43860,69157,13.82,76.17,heading_incompatible (76.2° > 15.0°)
43606,51014,6.18,147.38,heading_incompatible (147.4° > 15.0°)
47273,66905,49.24,0.0,distance_exceeded (49.2m > 15.0m)
45811,69523,38.01,0.0,distance_exceeded (38.0m > 15.0m)
43235,67299,10.27,46.32,heading_incompatible (46.3° > 15.0°)
46496,59420,8.8,170.4,heading_incompatible (170.4° > 15.0°)
43840,64807,49.9,0.0,distance_exceeded (49.9m > 15.0m)
49000,56779,0.2,130.6,heading_incompatible (130.6° > 15.0°)
40767,53788,5.35,174.51,heading_incompatible (174.5° > 15.0°)
49392,51744,9.19,25.88,heading_incompatible (25.9° > 15.0°)
41057,53713,5.07,123.49,heading_incompatible (123.5° > 15.0°)
42453,71431,31.15,115.47,distance_exceeded (31.2m > 15.0m); heading_incompatible (115.5° > 15.0°)
42294,63617,0.2,166.96,heading_incompatible (167.0° > 15.0°)
47707,51870,0.2,68.9,heading_incompatible (68.9° > 15.0°)
45527,50384,33.92,0.0,distance_exceeded (33.9m > 15.0m)
47969,63096,8.21,79.02,heading_incompatible (79.0° > 15.0°)
43749,51416,10.44,156.6,heading_incompatible (156.6° > 15.0°)
44869,57922,37.39,17.71,distance_exceeded (37.4m > 15.0m); heading_incompatible (17.7° > 15.0°)
46767,71647,21.25,164.39,distance_exceeded (21.2m > 15.0m); heading_incompatible (164.4° > 15.0°)
40981,54730,0.26,144.81,heading_incompatible (144.8° > 15.0°)
41363,56244,22.25,121.35,distance_exceeded (22.2m > 15.0m); heading_incompatible (121.3° > 15.0°)
46187,55952,44.5,72.97,distance_exceeded (44.5m > 15.0m); heading_incompatible (73.0° > 15.0°)
42680,64651,16.43,0.0,distance_exceeded (16.4m > 15.0m)
42383,59765,22.36,61.36,distance_exceeded (22.4m > 15.0m); heading_incompatible (61.4° > 15.0°)
47980,69545,6.14,152.64,heading_incompatible (152.6° > 15.0°)
48477,50521,14.1,47.46,heading_incompatible (47.5° > 15.0°)
48112,64471,46.25,0.0,distance_exceeded (46.3m > 15.0m)
42592,64154,0.2,108.96,heading_incompatible (109.0° > 15.0°)
43632,52724,35.9,103.41,distance_exceeded (35.9m > 15.0m); heading_incompatible (103.4° > 15.0°)
44343,69376,23.38,32.01,distance_exceeded (23.4m > 15.0m); heading_incompatible (32.0° > 15.0°)
41032,70756,0.2,35.85,heading_incompatible (35.9° > 15.0°)
40768,62368,5.01,101.53,heading_incompatible (101.5° > 15.0°)
40490,51085,8.51,28.11,heading_incompatible (28.1° > 15.0°)
40093,49843,18.91,0.0,distance_exceeded (18.9m > 15.0m)
40133,65778,12.91,83.32,heading_incompatible (83.3° > 15.0°)
46370,57522,12.21,178.14,heading_incompatible (178.1° > 15.0°)
48944,67987,17.53,91.57,distance_exceeded (17.5m > 15.0m); heading_incompatible (91.6° > 15.0°)
48010,56964,4.14,61.16,heading_incompatible (61.2° > 15.0°)
49411,49942,25.23,103.41,distance_exceeded (25.2m > 15.0m); heading_incompatible (103.4° > 15.0°)
42502,51998,10.39,38.89,heading_incompatible (38.9° > 15.0°)
47517,63734,31.96,0.0,distance_exceeded (32.0m > 15.0m)
41007,68944,0.2,23.48,heading_incompatible (23.5° > 15.0°)
46720,59842,30.33,8.98,distance_exceeded (30.3m > 15.0m)
45208,51180,11.78,135.14,heading_incompatible (135.1° > 15.0°)
45342,61985,33.77,0.0,distance_exceeded (33.8m > 15.0m)
45603,56127,25.55,84.38,distance_exceeded (25.5m > 15.0m); heading_incompatible (84.4° > 15.0°)
46275,58683,20.34,57.5,distance_exceeded (20.3m > 15.0m); heading_incompatible (57.5° > 15.0°)
40728,64179,22.21,10.56,distance_exceeded (22.2m > 15.0m)
47184,57703,4.61,65.43,heading_incompatible (65.4° > 15.0°)
42385,62908,43.21,0.0,distance_exceeded (43.2m > 15.0m)
47792,65168,6.91,30.43,heading_incompatible (30.4° > 15.0°)
46488,55737,0.2,80.62,heading_incompatible (80.6° > 15.0°)
39979,51553,24.57,77.74,distance_exceeded (24.6m > 15.0m); heading_incompatible (77.7° > 15.0°)
44261,71315,23.81,0.0,distance_exceeded (23.8m > 15.0m)
45063,50910,6.38,165.59,heading_incompatible (165.6° > 15.0°)
48189,70157,5.0,92.97,heading_incompatible (93.0° > 15.0°)
41290,55712,3.84,161.54,heading_incompatible (161.5° > 15.0°)
43917,68706,23.41,109.23,distance_exceeded (23.4m > 15.0m); heading_incompatible (109.2° > 15.0°)
42642,64335,38.83,160.68,distance_exceeded (38.8m > 15.0m); heading_incompatible (160.7° > 15.0°)
42685,71633,30.94,0.0,distance_exceeded (30.9m > 15.0m)
43988,68898,23.08,0.0,distance_exceeded (23.1m > 15.0m)
45123,58257,9.94,143.76,heading_incompatible (143.8° > 15.0°)
48990,67991,18.6,152.79,distance_exceeded (18.6m > 15.0m); heading_incompatible (152.8° > 15.0°)
44148,55308,6.78,64.47,heading_incompatible (64.5° > 15.0°)
48472,70636,30.46,0.0,distance_exceeded (30.5m > 15.0m)
44513,69485,3.94,111.72,heading_incompatible (111.7° > 15.0°)
46695,50919,11.69,159.04,heading_incompatible (159.0° > 15.0°)
42449,63185,13.38,23.1,heading_incompatible (23.1° > 15.0°)
46509,58601,14.14,89.81,heading_incompatible (89.8° > 15.0°)
40231,62040,40.47,162.07,distance_exceeded (40.5m > 15.0m); heading_incompatible (162.1° > 15.0°)
44524,51607,6.02,157.53,heading_incompatible (157.5° > 15.0°)
46411,65374,23.68,0.0,distance_exceeded (23.7m > 15.0m)
49485,59529,31.33,0.0,distance_exceeded (31.3m > 15.0m)
49238,69528,1.09,111.38,heading_incompatible (111.4° > 15.0°)
41838,57098,0.2,85.98,heading_incompatible (86.0° > 15.0°)
43952,70891,31.13,0.0,distance_exceeded (31.1m > 15.0m)
45994,54687,0.76,155.77,heading_incompatible (155.8° > 15.0°)
42722,64853,21.08,150.07,distance_exceeded (21.1m > 15.0m); heading_incompatible (150.1° > 15.0°)
45597,62460,35.86,179.91,distance_exceeded (35.9m > 15.0m); heading_incompatible (179.9° > 15.0°)
47519,63728,8.08,177.87,heading_incompatible (177.9° > 15.0°)
49602,64921,3.5,176.54,heading_incompatible (176.5° > 15.0°)
47502,64407,48.42,6.33,distance_exceeded (48.4m > 15.0m)
44391,50048,10.99,144.5,heading_incompatible (144.5° > 15.0°)
49534,68558,0.2,53.73,heading_incompatible (53.7° > 15.0°)
43416,69360,16.21,155.69,distance_exceeded (16.2m > 15.0m); heading_incompatible (155.7° > 15.0°)
45511,70798,0.17,129.4,heading_incompatible (129.4° > 15.0°)
48681,68227,35.21,169.84,distance_exceeded (35.2m > 15.0m); heading_incompatible (169.8° > 15.0°)
46048,70965,48.78,0.0,distance_exceeded (48.8m > 15.0m)
41117,53536,43.94,157.6,distance_exceeded (43.9m > 15.0m); heading_incompatible (157.6° > 15.0°)
46253,56375,38.54,0.0,distance_exceeded (38.5m > 15.0m)
40935,52383,6.03,175.86,heading_incompatible (175.9° > 15.0°)
39846,56922,26.94,176.3,distance_exceeded (26.9m > 15.0m); heading_incompatible (176.3° > 15.0°)
41501,55613,8.15,175.0,heading_incompatible (175.0° > 15.0°)
41029,67866,0.2,33.61,heading_incompatible (33.6° > 15.0°)
45704,52344,44.42,0.0,distance_exceeded (44.4m > 15.0m)
49359,60631,24.51,13.31,distance_exceeded (24.5m > 15.0m)
45842,53251,4.7,124.31,heading_incompatible (124.3° > 15.0°)
45796,52852,8.14,106.37,heading_incompatible (106.4° > 15.0°)
44948,68449,6.86,45.15,heading_incompatible (45.1° > 15.0°)
40183,49962,8.47,24.73,heading_incompatible (24.7° > 15.0°)
49649,63597,5.93,84.51,heading_incompatible (84.5° > 15.0°)
45831,69134,33.87,158.75,distance_exceeded (33.9m > 15.0m); heading_incompatible (158.8° > 15.0°)
45637,51895,17.43,160.51,distance_exceeded (17.4m > 15.0m); heading_incompatible (160.5° > 15.0°)
46334,70405,0.2,37.36,heading_incompatible (37.4° > 15.0°)
41145,63604,17.24,106.1,distance_exceeded (17.2m > 15.0m); heading_incompatible (106.1° > 15.0°)
44454,50224,20.76,0.0,distance_exceeded (20.8m > 15.0m)
47535,63857,40.02,84.81,distance_exceeded (40.0m > 15.0m); heading_incompatible (84.8° > 15.0°)
47862,54975,45.45,0.0,distance_exceeded (45.5m > 15.0m)
47256,62500,25.91,0.0,distance_exceeded (25.9m > 15.0m)
47345,59761,31.86,0.0,distance_exceeded (31.9m > 15.0m)
45431,69584,31.95,125.93,distance_exceeded (31.9m > 15.0m); heading_incompatible (125.9° > 15.0°)
49184,60897,35.27,1.56,distance_exceeded (35.3m > 15.0m)
46757,60036,15.19,87.93,distance_exceeded (15.2m > 15.0m); heading_incompatible (87.9° > 15.0°)
44686,56836,0.2,122.86,heading_incompatible (122.9° > 15.0°)
41757,71084,6.4,96.22,heading_incompatible (96.2° > 15.0°)
45912,54230,18.71,0.0,distance_exceeded (18.7m > 15.0m)
45624,51836,46.3,13.38,distance_exceeded (46.3m > 15.0m)
47920,51703,6.34,29.12,heading_incompatible (29.1° > 15.0°)
42278,65774,0.2,156.84,heading_incompatible (156.8° > 15.0°)
40386,62699,46.13,89.23,distance_exceeded (46.1m > 15.0m); heading_incompatible (89.2° > 15.0°)
45532,68250,0.2,106.67,heading_incompatible (106.7° > 15.0°)
45286,64765,9.3,70.57,heading_incompatible (70.6° > 15.0°)
48873,68503,20.22,79.73,distance_exceeded (20.2m > 15.0m); heading_incompatible (79.7° > 15.0°)
48971,68636,15.4,46.71,distance_exceeded (15.4m > 15.0m); heading_incompatible (46.7° > 15.0°)
44106,53615,4.06,86.52,heading_incompatible (86.5° > 15.0°)
44619,67690,27.77,0.0,distance_exceeded (27.8m > 15.0m)
43286,67513,22.73,163.01,distance_exceeded (22.7m > 15.0m); heading_incompatible (163.0° > 15.0°)
43536,69561,0.2,141.74,heading_incompatible (141.7° > 15.0°)
42229,57711,21.37,106.0,distance_exceeded (21.4m > 15.0m); heading_incompatible (106.0° > 15.0°)
46905,61043,0.2,82.27,heading_incompatible (82.3° > 15.0°)
45467,69656,0.2,144.87,heading_incompatible (144.9° > 15.0°)
49098,68365,14.72,80.11,heading_incompatible (80.1° > 15.0°)
41177,52598,0.2,24.4,heading_incompatible (24.4° > 15.0°)
40665,52718,4.51,94.01,heading_incompatible (94.0° > 15.0°)
43867,71394,0.2,78.6,heading_incompatible (78.6° > 15.0°)
43193,66986,42.37,0.0,distance_exceeded (42.4m > 15.0m)
42433,63065,15.42,67.55,distance_exceeded (15.4m > 15.0m); heading_incompatible (67.5° > 15.0°)
47382,63029,37.28,0.0,distance_exceeded (37.3m > 15.0m)
47148,67643,21.8,0.0,distance_exceeded (21.8m > 15.0m)
43933,68778,8.61,133.46,heading_incompatible (133.5° > 15.0°)
49173,68591,1.88,87.74,heading_incompatible (87.7° > 15.0°)
45238,68359,41.66,0.0,distance_exceeded (41.7m > 15.0m)
45998,62110,2.0,177.9,heading_incompatible (177.9° > 15.0°)
43965,51540,7.41,86.86,heading_incompatible (86.9° > 15.0°)
42366,62861,42.39,18.63,distance_exceeded (42.4m > 15.0m); heading_incompatible (18.6° > 15.0°)
46029,54320,37.15,77.7,distance_exceeded (37.1m > 15.0m); heading_incompatible (77.7° > 15.0°)
44002,58391,12.87,122.16,heading_incompatible (122.2° > 15.0°)
48092,58472,34.46,44.07,distance_exceeded (34.5m > 15.0m); heading_incompatible (44.1° > 15.0°)
46039,54268,25.28,8.15,distance_exceeded (25.3m > 15.0m)
41276,55631,24.25,104.69,distance_exceeded (24.3m > 15.0m); heading_incompatible (104.7° > 15.0°)
42382,70843,31.86,0.0,distance_exceeded (31.9m > 15.0m)
47388,63730,27.9,0.0,distance_exceeded (27.9m > 15.0m)
44684,66754,9.83,105.8,heading_incompatible (105.8° > 15.0°)
44407,50077,6.16,116.46,heading_incompatible (116.5° > 15.0°)
44009,56862,24.6,91.88,distance_exceeded (24.6m > 15.0m); heading_incompatible (91.9° > 15.0°)
45184,51042,15.7,33.32,distance_exceeded (15.7m > 15.0m); heading_incompatible (33.3° > 15.0°)
46405,58042,42.66,76.38,distance_exceeded (42.7m > 15.0m); heading_incompatible (76.4° > 15.0°)
44177,50405,24.08,0.0,distance_exceeded (24.1m > 15.0m)
42713,63656,6.84,57.03,heading_incompatible (57.0° > 15.0°)
40176,64988,8.49,137.96,heading_incompatible (138.0° > 15.0°)
43116,57315,34.17,164.54,distance_exceeded (34.2m > 15.0m); heading_incompatible (164.5° > 15.0°)
43845,69984,0.2,57.2,heading_incompatible (57.2° > 15.0°)
42139,58408,8.62,48.47,heading_incompatible (48.5° > 15.0°)
45084,62690,37.76,0.0,distance_exceeded (37.8m > 15.0m)
48085,66151,0.2,128.06,heading_incompatible (128.1° > 15.0°)
46842,60477,12.42,24.97,heading_incompatible (25.0° > 15.0°)
46722,57108,40.66,102.41,distance_exceeded (40.7m > 15.0m); heading_incompatible (102.4° > 15.0°)
46505,67649,11.74,31.5,heading_incompatible (31.5° > 15.0°)
44699,50041,18.35,0.0,distance_exceeded (18.3m > 15.0m)
42211,51537,18.7,152.0,distance_exceeded (18.7m > 15.0m); heading_incompatible (152.0° > 15.0°)
44084,58264,30.68,77.57,distance_exceeded (30.7m > 15.0m); heading_incompatible (77.6° > 15.0°)
48110,71306,23.62,174.01,distance_exceeded (23.6m > 15.0m); heading_incompatible (174.0° > 15.0°)
43238,67354,42.17,0.0,distance_exceeded (42.2m > 15.0m)
45186,57576,36.81,0.0,distance_exceeded (36.8m > 15.0m)
48080,52218,0.2,15.38,heading_incompatible (15.4° > 15.0°)
45237,68340,0.2,82.24,heading_incompatible (82.2° > 15.0°)
42896,68765,0.2,177.21,heading_incompatible (177.2° > 15.0°)
40797,50747,31.66,148.45,distance_exceeded (31.7m > 15.0m); heading_incompatible (148.4° > 15.0°)
45101,50967,18.56,92.22,distance_exceeded (18.6m > 15.0m); heading_incompatible (92.2° > 15.0°)
45564,67895,3.72,73.25,heading_incompatible (73.2° > 15.0°)
43762,70364,22.57,107.86,distance_exceeded (22.6m > 15.0m); heading_incompatible (107.9° > 15.0°)
47366,63520,6.98,89.18,heading_incompatible (89.2° > 15.0°)
40942,52673,9.96,89.95,heading_incompatible (90.0° > 15.0°)
46739,59985,48.84,0.0,distance_exceeded (48.8m > 15.0m)
43633,52696,11.66,133.48,heading_incompatible (133.5° > 15.0°)
48288,66630,6.92,157.44,heading_incompatible (157.4° > 15.0°)
40376,50903,16.45,141.76,distance_exceeded (16.5m > 15.0m); heading_incompatible (141.8° > 15.0°)
49181,69456,3.8,109.53,heading_incompatible (109.5° > 15.0°)
43950,54015,47.54,142.37,distance_exceeded (47.5m > 15.0m); heading_incompatible (142.4° > 15.0°)
42902,65944,16.66,99.53,distance_exceeded (16.7m > 15.0m); heading_incompatible (99.5° > 15.0°)
44544,58737,12.74,15.76,heading_incompatible (15.8° > 15.0°)
46057,70867,45.94,58.34,distance_exceeded (45.9m > 15.0m); heading_incompatible (58.3° > 15.0°)
44998,56901,1.93,97.27,heading_incompatible (97.3° > 15.0°)
40117,59545,14.32,47.31,heading_incompatible (47.3° > 15.0°)
47961,63247,31.45,48.84,distance_exceeded (31.4m > 15.0m); heading_incompatible (48.8° > 15.0°)
45747,63464,0.2,177.57,heading_incompatible (177.6° > 15.0°)
44234,50268,29.27,0.0,distance_exceeded (29.3m > 15.0m)
41158,63803,8.27,25.61,heading_incompatible (25.6° > 15.0°)
43066,66354,14.0,55.66,heading_incompatible (55.7° > 15.0°)
48148,64302,15.09,176.1,distance_exceeded (15.1m > 15.0m); heading_incompatible (176.1° > 15.0°)
49021,63557,9.14,17.99,heading_incompatible (18.0° > 15.0°)
43816,68949,7.65,126.87,heading_incompatible (126.9° > 15.0°)
46867,60705,19.58,49.34,distance_exceeded (19.6m > 15.0m); heading_incompatible (49.3° > 15.0°)
44537,56547,8.8,21.69,heading_incompatible (21.7° > 15.0°)
45439,69153,11.41,97.78,heading_incompatible (97.8° > 15.0°)
41009,53085,2.84,118.04,heading_incompatible (118.0° > 15.0°)
47042,66059,35.35,106.6,distance_exceeded (35.3m > 15.0m); heading_incompatible (106.6° > 15.0°)
41630,55486,17.51,16.07,distance_exceeded (17.5m > 15.0m); heading_incompatible (16.1° > 15.0°)
46854,71680,33.35,0.0,distance_exceeded (33.4m > 15.0m)
40217,69530,32.75,77.97,distance_exceeded (32.7m > 15.0m); heading_incompatible (78.0° > 15.0°)
47898,60113,33.59,13.21,distance_exceeded (33.6m > 15.0m)
42465,63283,39.38,0.0,distance_exceeded (39.4m > 15.0m)
42249,62213,0.2,117.3,heading_incompatible (117.3° > 15.0°)
41427,58681,9.73,139.88,heading_incompatible (139.9° > 15.0°)
44511,63652,0.2,177.83,heading_incompatible (177.8° > 15.0°)
42175,62005,8.91,134.36,heading_incompatible (134.4° > 15.0°)
45389,50352,13.75,165.74,heading_incompatible (165.7° > 15.0°)
47270,50220,31.07,20.55,distance_exceeded (31.1m > 15.0m); heading_incompatible (20.6° > 15.0°)
42753,72117,0.2,106.67,heading_incompatible (106.7° > 15.0°)
42388,63540,8.91,69.07,heading_incompatible (69.1° > 15.0°)
48932,67851,26.31,153.0,distance_exceeded (26.3m > 15.0m); heading_incompatible (153.0° > 15.0°)
42206,61099,35.02,0.0,distance_exceeded (35.0m > 15.0m)
44905,50763,42.07,26.55,distance_exceeded (42.1m > 15.0m); heading_incompatible (26.6° > 15.0°)
48875,68509,19.94,85.47,distance_exceeded (19.9m > 15.0m); heading_incompatible (85.5° > 15.0°)
48819,52002,21.86,39.39,distance_exceeded (21.9m > 15.0m); heading_incompatible (39.4° > 15.0°)
48008,56976,0.2,71.14,heading_incompatible (71.1° > 15.0°)
46956,61356,1.95,27.38,heading_incompatible (27.4° > 15.0°)
42775,65181,15.53,162.28,distance_exceeded (15.5m > 15.0m); heading_incompatible (162.3° > 15.0°)
45763,52678,43.46,94.72,distance_exceeded (43.5m > 15.0m); heading_incompatible (94.7° > 15.0°)
47067,61976,1.22,76.93,heading_incompatible (76.9° > 15.0°)
42156,61911,47.07,0.0,distance_exceeded (47.1m > 15.0m)
46217,56293,36.21,111.82,distance_exceeded (36.2m > 15.0m); heading_incompatible (111.8° > 15.0°)
42880,61291,44.04,152.57,distance_exceeded (44.0m > 15.0m); heading_incompatible (152.6° > 15.0°)
39871,69688,3.72,66.83,heading_incompatible (66.8° > 15.0°)
40018,66326,28.31,4.8,distance_exceeded (28.3m > 15.0m)
45980,71340,33.33,176.53,distance_exceeded (33.3m > 15.0m); heading_incompatible (176.5° > 15.0°)
45194,70216,0.2,152.46,heading_incompatible (152.5° > 15.0°)
42437,69752,28.08,142.12,distance_exceeded (28.1m > 15.0m); heading_incompatible (142.1° > 15.0°)
42468,64316,0.2,105.99,heading_incompatible (106.0° > 15.0°)
41495,55934,0.2,127.48,heading_incompatible (127.5° > 15.0°)
45166,53661,6.07,178.42,heading_incompatible (178.4° > 15.0°)
41225,71025,12.78,91.37,heading_incompatible (91.4° > 15.0°)
42006,61037,29.67,84.8,distance_exceeded (29.7m > 15.0m); heading_incompatible (84.8° > 15.0°)
41804,59510,13.82,91.19,heading_incompatible (91.2° > 15.0°)
40410,64083,12.85,140.03,heading_incompatible (140.0° > 15.0°)
41360,56228,0.91,136.88,heading_incompatible (136.9° > 15.0°)
44429,65722,16.0,110.19,distance_exceeded (16.0m > 15.0m); heading_incompatible (110.2° > 15.0°)
48708,51565,9.79,59.96,heading_incompatible (60.0° > 15.0°)
47915,57237,4.19,85.24,heading_incompatible (85.2° > 15.0°)
44477,55412,0.2,90.99,heading_incompatible (91.0° > 15.0°)
43617,54890,12.22,29.27,heading_incompatible (29.3° > 15.0°)
40963,52812,17.46,135.37,distance_exceeded (17.5m > 15.0m); heading_incompatible (135.4° > 15.0°)
41096,67996,48.97,51.39,distance_exceeded (49.0m > 15.0m); heading_incompatible (51.4° > 15.0°)
44664,50263,49.05,24.46,distance_exceeded (49.1m > 15.0m); heading_incompatible (24.5° > 15.0°)
44862,69783,0.2,87.37,heading_incompatible (87.4° > 15.0°)
43014,66168,21.33,2.47,distance_exceeded (21.3m > 15.0m)
40660,53340,17.39,69.62,distance_exceeded (17.4m > 15.0m); heading_incompatible (69.6° > 15.0°)
43747,53100,28.0,49.05,distance_exceeded (28.0m > 15.0m); heading_incompatible (49.1° > 15.0°)
44082,55157,10.22,158.57,heading_incompatible (158.6° > 15.0°)
42231,57701,22.42,0.0,distance_exceeded (22.4m > 15.0m)
49144,51596,18.31,175.51,distance_exceeded (18.3m > 15.0m); heading_incompatible (175.5° > 15.0°)
46805,60404,0.41,88.95,heading_incompatible (88.9° > 15.0°)
40585,67863,19.82,110.81,distance_exceeded (19.8m > 15.0m); heading_incompatible (110.8° > 15.0°)
45760,65549,30.09,175.08,distance_exceeded (30.1m > 15.0m); heading_incompatible (175.1° > 15.0°)
49158,64556,5.84,78.12,heading_incompatible (78.1° > 15.0°)
42481,63385,5.16,79.51,heading_incompatible (79.5° > 15.0°)
43973,54662,1.73,175.22,heading_incompatible (175.2° > 15.0°)
41678,58510,0.2,72.31,heading_incompatible (72.3° > 15.0°)
44482,49787,9.87,92.53,heading_incompatible (92.5° > 15.0°)
42558,63981,45.87,136.58,distance_exceeded (45.9m > 15.0m); heading_incompatible (136.6° > 15.0°)
39874,50409,12.27,63.54,heading_incompatible (63.5° > 15.0°)
41217,55097,47.22,121.27,distance_exceeded (47.2m > 15.0m); heading_incompatible (121.3° > 15.0°)
47617,65214,46.37,165.89,distance_exceeded (46.4m > 15.0m); heading_incompatible (165.9° > 15.0°)
41231,68034,1.69,145.74,heading_incompatible (145.7° > 15.0°)
46486,55490,27.75,171.54,distance_exceeded (27.8m > 15.0m); heading_incompatible (171.5° > 15.0°)
48163,66343,37.35,0.0,distance_exceeded (37.4m > 15.0m)
49120,58740,3.45,66.63,heading_incompatible (66.6° > 15.0°)
44859,67660,38.33,54.58,distance_exceeded (38.3m > 15.0m); heading_incompatible (54.6° > 15.0°)
43258,68376,36.09,106.01,distance_exceeded (36.1m > 15.0m); heading_incompatible (106.0° > 15.0°)
48231,50425,2.95,91.74,heading_incompatible (91.7° > 15.0°)
43491,66749,31.98,0.0,distance_exceeded (32.0m > 15.0m)
41010,53113,24.31,123.09,distance_exceeded (24.3m > 15.0m); heading_incompatible (123.1° > 15.0°)
45418,56188,41.18,10.78,distance_exceeded (41.2m > 15.0m)
46974,61907,42.29,0.0,distance_exceeded (42.3m > 15.0m)
49250,68786,3.34,90.75,heading_incompatible (90.8° > 15.0°)
49409,72104,11.59,159.8,heading_incompatible (159.8° > 15.0°)
45788,52827,9.7,37.22,heading_incompatible (37.2° > 15.0°)
43572,58462,15.64,4.84,distance_exceeded (15.6m > 15.0m)
48458,58565,4.0,171.15,heading_incompatible (171.1° > 15.0°)
48308,66798,41.09,0.0,distance_exceeded (41.1m > 15.0m)
46182,56024,12.56,72.81,heading_incompatible (72.8° > 15.0°)
41342,56082,38.17,0.0,distance_exceeded (38.2m > 15.0m)
48155,70177,0.2,164.22,heading_incompatible (164.2° > 15.0°)
41544,57724,29.38,5.16,distance_exceeded (29.4m > 15.0m)
40048,50392,20.02,120.16,distance_exceeded (20.0m > 15.0m); heading_incompatible (120.2° > 15.0°)
49093,68390,15.63,0.0,distance_exceeded (15.6m > 15.0m)
42051,55400,0.2,145.16,heading_incompatible (145.2° > 15.0°)
47012,61657,36.18,0.0,distance_exceeded (36.2m > 15.0m)
40161,60024,41.96,135.56,distance_exceeded (42.0m > 15.0m); heading_incompatible (135.6° > 15.0°)
46306,57232,46.22,0.0,distance_exceeded (46.2m > 15.0m)
45504,68929,27.35,176.14,distance_exceeded (27.3m > 15.0m); heading_incompatible (176.1° > 15.0°)
46517,56590,0.3,161.74,heading_incompatible (161.7° > 15.0°)
42665,71999,36.58,37.82,distance_exceeded (36.6m > 15.0m); heading_incompatible (37.8° > 15.0°)
41120,70930,13.49,74.24,heading_incompatible (74.2° > 15.0°)
43739,56784,12.62,43.19,heading_incompatible (43.2° > 15.0°)
42124,61723,17.67,0.0,distance_exceeded (17.7m > 15.0m)
44936,62750,0.2,150.97,heading_incompatible (151.0° > 15.0°)
45138,58718,33.01,9.78,distance_exceeded (33.0m > 15.0m)
45189,67003,21.7,0.0,distance_exceeded (21.7m > 15.0m)
45823,53005,0.2,142.24,heading_incompatible (142.2° > 15.0°)
46644,59300,42.27,43.69,distance_exceeded (42.3m > 15.0m); heading_incompatible (43.7° > 15.0°)
46352,56003,6.75,171.15,heading_incompatible (171.1° > 15.0°)
42149,69380,29.96,112.52,distance_exceeded (30.0m > 15.0m); heading_incompatible (112.5° > 15.0°)
44741,50696,0.2,61.77,heading_incompatible (61.8° > 15.0°)
42033,61148,0.2,105.46,heading_incompatible (105.5° > 15.0°)
39873,55833,24.19,104.29,distance_exceeded (24.2m > 15.0m); heading_incompatible (104.3° > 15.0°)
41637,58328,29.01,114.51,distance_exceeded (29.0m > 15.0m); heading_incompatible (114.5° > 15.0°)
42636,63281,24.66,0.0,distance_exceeded (24.7m > 15.0m)
44997,56930,6.13,153.22,heading_incompatible (153.2° > 15.0°)
47132,52652,39.19,89.71,distance_exceeded (39.2m > 15.0m); heading_incompatible (89.7° > 15.0°)
43282,67471,35.14,71.78,distance_exceeded (35.1m > 15.0m); heading_incompatible (71.8° > 15.0°)
48989,52619,12.04,107.82,heading_incompatible (107.8° > 15.0°)
43691,67854,21.85,17.98,distance_exceeded (21.9m > 15.0m); heading_incompatible (18.0° > 15.0°)
43919,68721,6.61,165.73,heading_incompatible (165.7° > 15.0°)
47607,64473,5.32,173.28,heading_incompatible (173.3° > 15.0°)
48025,59398,21.37,157.57,distance_exceeded (21.4m > 15.0m); heading_incompatible (157.6° > 15.0°)
43622,55208,22.36,176.98,distance_exceeded (22.4m > 15.0m); heading_incompatible (177.0° > 15.0°)
42491,59733,42.35,0.0,distance_exceeded (42.3m > 15.0m)
44883,50616,46.57,171.44,distance_exceeded (46.6m > 15.0m); heading_incompatible (171.4° > 15.0°)
46328,53444,16.55,119.32,distance_exceeded (16.5m > 15.0m); heading_incompatible (119.3° > 15.0°)
48715,55549,15.76,173.05,distance_exceeded (15.8m > 15.0m); heading_incompatible (173.0° > 15.0°)
42102,61610,47.56,0.0,distance_exceeded (47.6m > 15.0m)
44305,51271,43.86,31.66,distance_exceeded (43.9m > 15.0m); heading_incompatible (31.7° > 15.0°)
46498,58334,45.95,131.3,distance_exceeded (45.9m > 15.0m); heading_incompatible (131.3° > 15.0°)
49446,68394,6.71,108.6,heading_incompatible (108.6° > 15.0°)
42648,66261,15.47,80.37,distance_exceeded (15.5m > 15.0m); heading_incompatible (80.4° > 15.0°)
42219,57663,40.81,116.89,distance_exceeded (40.8m > 15.0m); heading_incompatible (116.9° > 15.0°)
44108,67456,39.56,10.4,distance_exceeded (39.6m > 15.0m)
44830,53346,7.52,146.52,heading_incompatible (146.5° > 15.0°)
49245,58169,3.93,34.11,heading_incompatible (34.1° > 15.0°)
45470,68819,40.28,174.52,distance_exceeded (40.3m > 15.0m); heading_incompatible (174.5° > 15.0°)
42084,61492,18.98,90.02,distance_exceeded (19.0m > 15.0m); heading_incompatible (90.0° > 15.0°)
44260,63445,5.7,155.77,heading_incompatible (155.8° > 15.0°)
41068,54339,10.72,172.29,heading_incompatible (172.3° > 15.0°)
39947,71344,13.89,98.7,heading_incompatible (98.7° > 15.0°)
45687,52228,17.7,11.51,distance_exceeded (17.7m > 15.0m)
49156,68388,6.82,46.5,heading_incompatible (46.5° > 15.0°)
40649,68659,0.78,107.71,heading_incompatible (107.7° > 15.0°)
42515,63756,17.38,0.0,distance_exceeded (17.4m > 15.0m)
42631,56407,40.82,0.0,distance_exceeded (40.8m > 15.0m)
41154,68076,3.8,94.44,heading_incompatible (94.4° > 15.0°)
44929,61762,1.29,159.01,heading_incompatible (159.0° > 15.0°)
42872,63191,12.75,105.98,heading_incompatible (106.0° > 15.0°)
41957,60541,20.13,75.3,distance_exceeded (20.1m > 15.0m); heading_incompatible (75.3° > 15.0°)
40678,70705,3.84,102.89,heading_incompatible (102.9° > 15.0°)
49661,50375,38.72,0.0,distance_exceeded (38.7m > 15.0m)
40914,69467,45.0,23.9,distance_exceeded (45.0m > 15.0m); heading_incompatible (23.9° > 15.0°)
44455,71794,23.35,159.76,distance_exceeded (23.4m > 15.0m); heading_incompatible (159.8° > 15.0°)
42145,61820,17.44,0.0,distance_exceeded (17.4m > 15.0m)
40352,57591,14.3,156.12,heading_incompatible (156.1° > 15.0°)
46573,58881,3.58,139.31,heading_incompatible (139.3° > 15.0°)
40256,65958,0.2,157.21,heading_incompatible (157.2° > 15.0°)
43629,51777,14.72,38.72,heading_incompatible (38.7° > 15.0°)
40551,57507,5.8,179.32,heading_incompatible (179.3° > 15.0°)
46798,60385,16.31,0.0,distance_exceeded (16.3m > 15.0m)
42238,51746,5.95,114.58,heading_incompatible (114.6° > 15.0°)
47615,72044,20.98,171.07,distance_exceeded (21.0m > 15.0m); heading_incompatible (171.1° > 15.0°)
42086,61579,9.28,163.98,heading_incompatible (164.0° > 15.0°)
41334,55998,3.83,175.07,heading_incompatible (175.1° > 15.0°)
40408,67421,22.33,0.0,distance_exceeded (22.3m > 15.0m)
45955,71069,16.33,111.2,distance_exceeded (16.3m > 15.0m); heading_incompatible (111.2° > 15.0°)
41872,59476,8.88,154.06,heading_incompatible (154.1° > 15.0°)
47131,52650,18.68,89.44,distance_exceeded (18.7m > 15.0m); heading_incompatible (89.4° > 15.0°)
42459,55472,0.52,31.59,heading_incompatible (31.6° > 15.0°)
40781,65936,12.37,35.34,heading_incompatible (35.3° > 15.0°)
40158,67928,0.2,120.2,heading_incompatible (120.2° > 15.0°)
40096,57452,48.08,98.68,distance_exceeded (48.1m > 15.0m); heading_incompatible (98.7° > 15.0°)
42762,65051,5.79,22.75,heading_incompatible (22.7° > 15.0°)
45430,54371,0.3,112.35,heading_incompatible (112.4° > 15.0°)
41765,59206,18.2,101.24,distance_exceeded (18.2m > 15.0m); heading_incompatible (101.2° > 15.0°)
41655,68116,16.43,102.89,distance_exceeded (16.4m > 15.0m); heading_incompatible (102.9° > 15.0°)
45576,67807,0.2,126.17,heading_incompatible (126.2° > 15.0°)
45415,69032,19.99,169.38,distance_exceeded (20.0m > 15.0m); heading_incompatible (169.4° > 15.0°)
41702,59044,18.2,0.0,distance_exceeded (18.2m > 15.0m)
41749,59138,45.92,108.49,distance_exceeded (45.9m > 15.0m); heading_incompatible (108.5° > 15.0°)
47735,53453,39.9,0.0,distance_exceeded (39.9m > 15.0m)
43351,53382,1.89,91.74,heading_incompatible (91.7° > 15.0°)
44618,57453,11.87,104.03,heading_incompatible (104.0° > 15.0°)
47946,65918,2.76,135.75,heading_incompatible (135.7° > 15.0°)
41515,57496,16.74,62.86,distance_exceeded (16.7m > 15.0m); heading_incompatible (62.9° > 15.0°)
48245,56902,10.36,49.36,heading_incompatible (49.4° > 15.0°)
41840,59882,9.53,124.18,heading_incompatible (124.2° > 15.0°)
47855,65923,10.09,16.28,heading_incompatible (16.3° > 15.0°)
45971,54865,31.78,0.0,distance_exceeded (31.8m > 15.0m)
42663,61553,30.22,170.13,distance_exceeded (30.2m > 15.0m); heading_incompatible (170.1° > 15.0°)
45347,66026,1.24,78.0,heading_incompatible (78.0° > 15.0°)
47874,57547,0.2,22.71,heading_incompatible (22.7° > 15.0°)
42980,60723,3.43,108.09,heading_incompatible (108.1° > 15.0°)
40669,64994,32.76,63.82,distance_exceeded (32.8m > 15.0m); heading_incompatible (63.8° > 15.0°)
40553,70328,43.14,105.95,distance_exceeded (43.1m > 15.0m); heading_incompatible (106.0° > 15.0°)
49407,50689,19.86,171.0,distance_exceeded (19.9m > 15.0m); heading_incompatible (171.0° > 15.0°)
45468,69645,2.47,167.09,heading_incompatible (167.1° > 15.0°)
43598,56162,18.96,134.84,distance_exceeded (19.0m > 15.0m); heading_incompatible (134.8° > 15.0°)
48391,51735,0.2,97.51,heading_incompatible (97.5° > 15.0°)
48002,56897,30.53,0.0,distance_exceeded (30.5m > 15.0m)
45317,62893,1.24,170.58,heading_incompatible (170.6° > 15.0°)
48451,70628,5.79,59.61,heading_incompatible (59.6° > 15.0°)
46193,56035,9.78,23.06,heading_incompatible (23.1° > 15.0°)
43832,69330,21.8,85.69,distance_exceeded (21.8m > 15.0m); heading_incompatible (85.7° > 15.0°)
47623,63260,24.66,0.0,distance_exceeded (24.7m > 15.0m)
47464,51789,11.34,103.69,heading_incompatible (103.7° > 15.0°)
42546,68485,32.59,0.0,distance_exceeded (32.6m > 15.0m)
48311,72293,30.64,0.0,distance_exceeded (30.6m > 15.0m)
43011,66162,9.86,89.33,heading_incompatible (89.3° > 15.0°)
48377,56931,30.31,38.01,distance_exceeded (30.3m > 15.0m); heading_incompatible (38.0° > 15.0°)
42539,58335,32.93,0.0,distance_exceeded (32.9m > 15.0m)
45819,52986,10.54,178.45,heading_incompatible (178.4° > 15.0°)
44793,58807,31.29,177.92,distance_exceeded (31.3m > 15.0m); heading_incompatible (177.9° > 15.0°)
45278,58173,21.96,149.47,distance_exceeded (22.0m > 15.0m); heading_incompatible (149.5° > 15.0°)
44970,56990,13.64,120.73,heading_incompatible (120.7° > 15.0°)
48017,59519,20.78,166.17,distance_exceeded (20.8m > 15.0m); heading_incompatible (166.2° > 15.0°)
42072,61395,44.69,178.99,distance_exceeded (44.7m > 15.0m); heading_incompatible (179.0° > 15.0°)
42379,65999,26.63,77.22,distance_exceeded (26.6m > 15.0m); heading_incompatible (77.2° > 15.0°)
46341,62622,26.15,0.0,distance_exceeded (26.1m > 15.0m)
47988,69024,46.42,112.18,distance_exceeded (46.4m > 15.0m); heading_incompatible (112.2° > 15.0°)
42123,61727,35.13,0.0,distance_exceeded (35.1m > 15.0m)
39993,50285,19.23,79.1,distance_exceeded (19.2m > 15.0m); heading_incompatible (79.1° > 15.0°)
40351,60201,42.23,168.78,distance_exceeded (42.2m > 15.0m); heading_incompatible (168.8° > 15.0°)
48497,60260,0.77,50.29,heading_incompatible (50.3° > 15.0°)
41132,70912,11.55,160.49,heading_incompatible (160.5° > 15.0°)
47930,65789,35.7,74.52,distance_exceeded (35.7m > 15.0m); heading_incompatible (74.5° > 15.0°)
42641,63338,5.36,163.34,heading_incompatible (163.3° > 15.0°)
43417,58754,0.2,169.33,heading_incompatible (169.3° > 15.0°)
42521,65586,12.06,106.28,heading_incompatible (106.3° > 15.0°)
48406,63119,30.7,0.0,distance_exceeded (30.7m > 15.0m)
44535,49759,0.2,121.65,heading_incompatible (121.7° > 15.0°)
43895,61191,0.2,35.56,heading_incompatible (35.6° > 15.0°)
48090,66179,9.43,179.14,heading_incompatible (179.1° > 15.0°)
45144,66092,0.2,137.45,heading_incompatible (137.5° > 15.0°)
45923,54038,15.15,18.53,distance_exceeded (15.2m > 15.0m); heading_incompatible (18.5° > 15.0°)
47393,62808,19.22,126.06,distance_exceeded (19.2m > 15.0m); heading_incompatible (126.1° > 15.0°)
44656,59341,3.93,85.89,heading_incompatible (85.9° > 15.0°)
41935,60485,21.18,89.3,distance_exceeded (21.2m > 15.0m); heading_incompatible (89.3° > 15.0°)
48434,58447,16.27,8.33,distance_exceeded (16.3m > 15.0m)
49121,53256,6.25,164.67,heading_incompatible (164.7° > 15.0°)
42974,66022,29.54,90.5,distance_exceeded (29.5m > 15.0m); heading_incompatible (90.5° > 15.0°)
42951,60130,37.74,98.64,distance_exceeded (37.7m > 15.0m); heading_incompatible (98.6° > 15.0°)
42002,71755,0.58,146.56,heading_incompatible (146.6° > 15.0°)
48564,69951,5.95,174.64,heading_incompatible (174.6° > 15.0°)
44103,69748,5.95,114.34,heading_incompatible (114.3° > 15.0°)
44214,72506,0.2,149.78,heading_incompatible (149.8° > 15.0°)
44091,67746,37.83,0.0,distance_exceeded (37.8m > 15.0m)
43392,49874,13.93,70.91,heading_incompatible (70.9° > 15.0°)
41650,58422,3.18,150.37,heading_incompatible (150.4° > 15.0°)
41135,54342,39.04,119.68,distance_exceeded (39.0m > 15.0m); heading_incompatible (119.7° > 15.0°)
41505,55974,36.56,95.54,distance_exceeded (36.6m > 15.0m); heading_incompatible (95.5° > 15.0°)
43969,57910,9.57,172.55,heading_incompatible (172.6° > 15.0°)
46977,61549,39.04,84.09,distance_exceeded (39.0m > 15.0m); heading_incompatible (84.1° > 15.0°)
44606,52126,44.24,154.44,distance_exceeded (44.2m > 15.0m); heading_incompatible (154.4° > 15.0°)
46097,64243,15.21,0.13,distance_exceeded (15.2m > 15.0m)
45538,51861,26.07,30.49,distance_exceeded (26.1m > 15.0m); heading_incompatible (30.5° > 15.0°)
41881,60211,6.79,89.69,heading_incompatible (89.7° > 15.0°)
45678,52194,40.83,146.55,distance_exceeded (40.8m > 15.0m); heading_incompatible (146.5° > 15.0°)
42776,65153,12.4,149.57,heading_incompatible (149.6° > 15.0°)
46562,58711,18.2,0.0,distance_exceeded (18.2m > 15.0m)
45378,58186,2.13,16.38,heading_incompatible (16.4° > 15.0°)
49057,50668,1.8,99.29,heading_incompatible (99.3° > 15.0°)
40822,52174,27.0,135.05,distance_exceeded (27.0m > 15.0m); heading_incompatible (135.1° > 15.0°)
49183,52327,34.08,109.4,distance_exceeded (34.1m > 15.0m); heading_incompatible (109.4° > 15.0°)
45119,50976,16.99,0.0,distance_exceeded (17.0m > 15.0m)
41662,67555,21.23,0.0,distance_exceeded (21.2m > 15.0m)
44673,62019,15.81,168.18,distance_exceeded (15.8m > 15.0m); heading_incompatible (168.2° > 15.0°)
44239,57024,5.95,71.04,heading_incompatible (71.0° > 15.0°)
43338,67496,30.6,0.0,distance_exceeded (30.6m > 15.0m)
45999,54732,2.37,30.98,heading_incompatible (31.0° > 15.0°)
48335,67263,27.85,85.64,distance_exceeded (27.9m > 15.0m); heading_incompatible (85.6° > 15.0°)
44573,51496,0.2,140.57,heading_incompatible (140.6° > 15.0°)
41269,54701,34.39,84.13,distance_exceeded (34.4m > 15.0m); heading_incompatible (84.1° > 15.0°)
48507,69684,2.38,63.86,heading_incompatible (63.9° > 15.0°)
42112,61688,49.03,146.22,distance_exceeded (49.0m > 15.0m); heading_incompatible (146.2° > 15.0°)
46898,71759,3.96,148.79,heading_incompatible (148.8° > 15.0°)
44362,60624,40.93,0.0,distance_exceeded (40.9m > 15.0m)
49604,52098,0.34,47.63,heading_incompatible (47.6° > 15.0°)
44464,50236,24.47,15.12,distance_exceeded (24.5m > 15.0m); heading_incompatible (15.1° > 15.0°)
42836,67658,3.38,156.97,heading_incompatible (157.0° > 15.0°)
44668,49725,10.33,112.97,heading_incompatible (113.0° > 15.0°)
46648,59276,24.33,140.06,distance_exceeded (24.3m > 15.0m); heading_incompatible (140.1° > 15.0°)
46365,51182,47.86,147.72,distance_exceeded (47.9m > 15.0m); heading_incompatible (147.7° > 15.0°)
44449,49918,19.47,0.0,distance_exceeded (19.5m > 15.0m)
46989,55403,44.52,52.16,distance_exceeded (44.5m > 15.0m); heading_incompatible (52.2° > 15.0°)
46419,57938,10.07,88.55,heading_incompatible (88.6° > 15.0°)
45274,56203,7.05,134.81,heading_incompatible (134.8° > 15.0°)
40874,52286,47.48,0.0,distance_exceeded (47.5m > 15.0m)
40147,66921,12.78,169.27,heading_incompatible (169.3° > 15.0°)
48775,68236,2.37,25.87,heading_incompatible (25.9° > 15.0°)
40545,52465,15.48,158.1,distance_exceeded (15.5m > 15.0m); heading_incompatible (158.1° > 15.0°)
46613,59155,17.91,167.24,distance_exceeded (17.9m > 15.0m); heading_incompatible (167.2° > 15.0°)
47401,59580,0.2,52.45,heading_incompatible (52.4° > 15.0°)
46815,60445,40.29,0.0,distance_exceeded (40.3m > 15.0m)
42852,64606,0.2,140.45,heading_incompatible (140.5° > 15.0°)
44844,49882,25.23,0.0,distance_exceeded (25.2m > 15.0m)
48818,62873,47.42,114.15,distance_exceeded (47.4m > 15.0m); heading_incompatible (114.1° > 15.0°)
49464,51414,32.45,0.0,distance_exceeded (32.4m > 15.0m)
49077,57954,43.91,7.69,distance_exceeded (43.9m > 15.0m)
49386,70827,0.2,154.51,heading_incompatible (154.5° > 15.0°)
44031,53561,9.91,71.66,heading_incompatible (71.7° > 15.0°)
43722,54083,0.2,161.84,heading_incompatible (161.8° > 15.0°)
41027,53356,0.2,34.74,heading_incompatible (34.7° > 15.0°)
46982,61485,34.16,90.34,distance_exceeded (34.2m > 15.0m); heading_incompatible (90.3° > 15.0°)
43869,55785,6.64,63.4,heading_incompatible (63.4° > 15.0°)
47564,64063,42.83,0.0,distance_exceeded (42.8m > 15.0m)
45540,57754,42.35,149.13,distance_exceeded (42.3m > 15.0m); heading_incompatible (149.1° > 15.0°)
46492,50575,11.2,108.51,heading_incompatible (108.5° > 15.0°)
45244,60280,26.47,38.49,distance_exceeded (26.5m > 15.0m); heading_incompatible (38.5° > 15.0°)
45337,61645,38.52,0.0,distance_exceeded (38.5m > 15.0m)
49014,50118,5.89,60.9,heading_incompatible (60.9° > 15.0°)
43428,67899,36.83,125.42,distance_exceeded (36.8m > 15.0m); heading_incompatible (125.4° > 15.0°)
44812,62331,7.48,56.91,heading_incompatible (56.9° > 15.0°)
44443,50162,3.67,97.79,heading_incompatible (97.8° > 15.0°)
44585,53566,30.67,86.07,distance_exceeded (30.7m > 15.0m); heading_incompatible (86.1° > 15.0°)
40867,52223,9.78,118.09,heading_incompatible (118.1° > 15.0°)
41266,55230,12.31,19.74,heading_incompatible (19.7° > 15.0°)
42811,58772,3.27,161.2,heading_incompatible (161.2° > 15.0°)
41437,54690,2.39,24.17,heading_incompatible (24.2° > 15.0°)
41986,60776,0.59,150.68,heading_incompatible (150.7° > 15.0°)
48290,66625,15.17,21.58,distance_exceeded (15.2m > 15.0m); heading_incompatible (21.6° > 15.0°)
42918,68357,0.2,99.77,heading_incompatible (99.8° > 15.0°)
49236,69543,3.61,90.33,heading_incompatible (90.3° > 15.0°)
40980,70763,32.4,107.14,distance_exceeded (32.4m > 15.0m); heading_incompatible (107.1° > 15.0°)
48135,66236,41.23,0.0,distance_exceeded (41.2m > 15.0m)
43748,54725,6.89,166.69,heading_incompatible (166.7° > 15.0°)
41075,53883,23.3,175.64,distance_exceeded (23.3m > 15.0m); heading_incompatible (175.6° > 15.0°)
44188,62752,14.93,106.65,heading_incompatible (106.6° > 15.0°)
43414,67782,22.29,0.0,distance_exceeded (22.3m > 15.0m)
45495,53647,27.3,99.19,distance_exceeded (27.3m > 15.0m); heading_incompatible (99.2° > 15.0°)
41828,58293,1.7,178.17,heading_incompatible (178.2° > 15.0°)
43799,64652,19.68,0.0,distance_exceeded (19.7m > 15.0m)
42353,59617,33.77,143.35,distance_exceeded (33.8m > 15.0m); heading_incompatible (143.3° > 15.0°)
45022,51732,4.95,16.64,heading_incompatible (16.6° > 15.0°)
41384,56393,33.58,2.82,distance_exceeded (33.6m > 15.0m)
45794,52849,0.2,56.48,heading_incompatible (56.5° > 15.0°)
46017,54893,0.2,67.68,heading_incompatible (67.7° > 15.0°)
44872,50666,3.09,162.7,heading_incompatible (162.7° > 15.0°)
48656,72391,0.2,20.83,heading_incompatible (20.8° > 15.0°)
48949,64906,25.63,137.66,distance_exceeded (25.6m > 15.0m); heading_incompatible (137.7° > 15.0°)
41274,55654,49.11,88.84,distance_exceeded (49.1m > 15.0m); heading_incompatible (88.8° > 15.0°)
46539,66573,42.92,0.0,distance_exceeded (42.9m > 15.0m)
44141,70381,12.33,96.64,heading_incompatible (96.6° > 15.0°)
41332,55982,2.78,90.39,heading_incompatible (90.4° > 15.0°)
43864,69162,22.23,1.63,distance_exceeded (22.2m > 15.0m)
46379,68217,40.91,0.0,distance_exceeded (40.9m > 15.0m)
48587,69672,15.26,177.74,distance_exceeded (15.3m > 15.0m); heading_incompatible (177.7° > 15.0°)
49179,52298,6.71,105.58,heading_incompatible (105.6° > 15.0°)
42801,57827,14.32,130.09,heading_incompatible (130.1° > 15.0°)
42226,69677,9.54,128.23,heading_incompatible (128.2° > 15.0°)
39998,49776,20.7,0.0,distance_exceeded (20.7m > 15.0m)
42044,66042,0.2,40.16,heading_incompatible (40.2° > 15.0°)
45664,52259,43.2,0.0,distance_exceeded (43.2m > 15.0m)
41851,59965,0.45,178.26,heading_incompatible (178.3° > 15.0°)
45134,55319,0.14,148.58,heading_incompatible (148.6° > 15.0°)
43071,66352,21.14,170.69,distance_exceeded (21.1m > 15.0m); heading_incompatible (170.7° > 15.0°)
48281,66281,11.22,88.23,heading_incompatible (88.2° > 15.0°)
41947,60469,5.97,158.38,heading_incompatible (158.4° > 15.0°)
43642,65866,0.2,100.11,heading_incompatible (100.1° > 15.0°)
43283,67479,20.24,75.97,distance_exceeded (20.2m > 15.0m); heading_incompatible (76.0° > 15.0°)
48885,56365,38.63,0.0,distance_exceeded (38.6m > 15.0m)
47773,65056,21.62,160.45,distance_exceeded (21.6m > 15.0m); heading_incompatible (160.4° > 15.0°)
40213,62936,0.2,130.25,heading_incompatible (130.2° > 15.0°)
40968,52825,12.38,158.91,heading_incompatible (158.9° > 15.0°)
46338,60760,44.62,0.0,distance_exceeded (44.6m > 15.0m)
40241,50655,23.04,3.91,distance_exceeded (23.0m > 15.0m)
40817,68178,41.71,0.0,distance_exceeded (41.7m > 15.0m)
42165,61983,0.2,72.18,heading_incompatible (72.2° > 15.0°)
47882,51025,34.33,163.29,distance_exceeded (34.3m > 15.0m); heading_incompatible (163.3° > 15.0°)
47931,65804,45.34,102.08,distance_exceeded (45.3m > 15.0m); heading_incompatible (102.1° > 15.0°)
44237,51381,16.1,175.72,distance_exceeded (16.1m > 15.0m); heading_incompatible (175.7° > 15.0°)
41047,53672,42.89,45.99,distance_exceeded (42.9m > 15.0m); heading_incompatible (46.0° > 15.0°)
40457,72200,14.65,72.8,heading_incompatible (72.8° > 15.0°)
46050,55126,18.12,87.29,distance_exceeded (18.1m > 15.0m); heading_incompatible (87.3° > 15.0°)
46028,55050,15.71,6.11,distance_exceeded (15.7m > 15.0m)
41981,60733,14.53,177.2,heading_incompatible (177.2° > 15.0°)
47445,64314,0.2,67.52,heading_incompatible (67.5° > 15.0°)
49547,60715,0.2,170.25,heading_incompatible (170.3° > 15.0°)
44139,60332,8.09,91.91,heading_incompatible (91.9° > 15.0°)
47200,62292,40.2,40.49,distance_exceeded (40.2m > 15.0m); heading_incompatible (40.5° > 15.0°)
40076,55076,8.04,116.29,heading_incompatible (116.3° > 15.0°)
49203,57766,0.2,155.34,heading_incompatible (155.3° > 15.0°)
48863,69810,28.97,95.22,distance_exceeded (29.0m > 15.0m); heading_incompatible (95.2° > 15.0°)
46464,58183,4.3,168.56,heading_incompatible (168.6° > 15.0°)
45940,54115,9.64,75.62,heading_incompatible (75.6° > 15.0°)
43074,65976,20.04,35.09,distance_exceeded (20.0m > 15.0m); heading_incompatible (35.1° > 15.0°)
42279,62401,32.77,9.2,distance_exceeded (32.8m > 15.0m)
46487,55499,25.85,164.46,distance_exceeded (25.9m > 15.0m); heading_incompatible (164.5° > 15.0°)
43837,58722,0.2,174.97,heading_incompatible (175.0° > 15.0°)
45056,50857,21.52,0.0,distance_exceeded (21.5m > 15.0m)
48936,59413,6.62,94.04,heading_incompatible (94.0° > 15.0°)
49380,60885,37.87,84.31,distance_exceeded (37.9m > 15.0m); heading_incompatible (84.3° > 15.0°)
43790,53105,5.9,121.01,heading_incompatible (121.0° > 15.0°)
45092,56039,28.88,125.42,distance_exceeded (28.9m > 15.0m); heading_incompatible (125.4° > 15.0°)
45721,52429,0.2,171.97,heading_incompatible (172.0° > 15.0°)
45618,49750,22.95,0.0,distance_exceeded (22.9m > 15.0m)
47195,62252,34.93,62.0,distance_exceeded (34.9m > 15.0m); heading_incompatible (62.0° > 15.0°)
40135,50971,24.45,31.86,distance_exceeded (24.5m > 15.0m); heading_incompatible (31.9° > 15.0°)
44015,50257,10.81,22.33,heading_incompatible (22.3° > 15.0°)
43464,68127,16.62,69.63,distance_exceeded (16.6m > 15.0m); heading_incompatible (69.6° > 15.0°)
48378,63136,1.52,85.15,heading_incompatible (85.1° > 15.0°)
49027,65798,46.99,0.0,distance_exceeded (47.0m > 15.0m)
41234,54917,6.65,75.05,heading_incompatible (75.1° > 15.0°)
49584,72488,13.86,166.86,heading_incompatible (166.9° > 15.0°)
42263,62227,39.6,135.77,distance_exceeded (39.6m > 15.0m); heading_incompatible (135.8° > 15.0°)
47073,61460,19.65,13.83,distance_exceeded (19.7m > 15.0m)
42928,62684,0.2,112.58,heading_incompatible (112.6° > 15.0°)
41480,56767,16.06,0.0,distance_exceeded (16.1m > 15.0m)
44174,65920,22.53,0.0,distance_exceeded (22.5m > 15.0m)
47509,71970,4.39,81.79,heading_incompatible (81.8° > 15.0°)
41399,56430,34.39,176.51,distance_exceeded (34.4m > 15.0m); heading_incompatible (176.5° > 15.0°)
41834,59826,11.98,159.59,heading_incompatible (159.6° > 15.0°)
42096,55418,28.07,153.81,distance_exceeded (28.1m > 15.0m); heading_incompatible (153.8° > 15.0°)
42284,62436,35.77,140.3,distance_exceeded (35.8m > 15.0m); heading_incompatible (140.3° > 15.0°)
48132,66268,6.37,108.06,heading_incompatible (108.1° > 15.0°)
45012,56950,0.2,32.0,heading_incompatible (32.0° > 15.0°)
44298,56651,19.85,88.76,distance_exceeded (19.9m > 15.0m); heading_incompatible (88.8° > 15.0°)
45759,64571,20.37,0.0,distance_exceeded (20.4m > 15.0m)
42361,62365,0.2,173.82,heading_incompatible (173.8° > 15.0°)
42290,51017,1.56,65.42,heading_incompatible (65.4° > 15.0°)
46158,69451,23.92,0.0,distance_exceeded (23.9m > 15.0m)
43827,69740,6.58,117.49,heading_incompatible (117.5° > 15.0°)
46819,60446,2.09,161.71,heading_incompatible (161.7° > 15.0°)
47082,65313,0.2,16.28,heading_incompatible (16.3° > 15.0°)
42475,66117,15.87,167.12,distance_exceeded (15.9m > 15.0m); heading_incompatible (167.1° > 15.0°)
45782,67757,10.17,22.2,heading_incompatible (22.2° > 15.0°)
48465,53092,5.01,154.28,heading_incompatible (154.3° > 15.0°)
48725,57631,5.95,61.78,heading_incompatible (61.8° > 15.0°)
42283,62429,25.22,108.55,distance_exceeded (25.2m > 15.0m); heading_incompatible (108.6° > 15.0°)
43328,64055,14.74,174.39,heading_incompatible (174.4° > 15.0°)
47036,61794,36.87,133.56,distance_exceeded (36.9m > 15.0m); heading_incompatible (133.6° > 15.0°)
44492,68609,7.55,170.21,heading_incompatible (170.2° > 15.0°)
44191,72047,30.75,0.0,distance_exceeded (30.7m > 15.0m)
47476,58920,42.35,0.0,distance_exceeded (42.3m > 15.0m)
42052,61275,7.04,143.43,heading_incompatible (143.4° > 15.0°)
41245,62446,41.26,0.0,distance_exceeded (41.3m > 15.0m)
42610,64273,4.52,57.84,heading_incompatible (57.8° > 15.0°)
42365,65606,13.76,19.42,heading_incompatible (19.4° > 15.0°)
43485,51959,22.62,58.06,distance_exceeded (22.6m > 15.0m); heading_incompatible (58.1° > 15.0°)
44273,50315,15.8,141.96,distance_exceeded (15.8m > 15.0m); heading_incompatible (142.0° > 15.0°)
43705,58514,18.69,117.5,distance_exceeded (18.7m > 15.0m); heading_incompatible (117.5° > 15.0°)
45611,57870,8.95,15.99,heading_incompatible (16.0° > 15.0°)
42309,69143,8.5,165.78,heading_incompatible (165.8° > 15.0°)
42318,66907,45.81,0.0,distance_exceeded (45.8m > 15.0m)
48812,58974,13.23,168.72,heading_incompatible (168.7° > 15.0°)
43333,69352,3.83,130.56,heading_incompatible (130.6° > 15.0°)
46075,53692,0.47,107.94,heading_incompatible (107.9° > 15.0°)
45054,58925,26.78,78.91,distance_exceeded (26.8m > 15.0m); heading_incompatible (78.9° > 15.0°)
40559,62676,25.89,127.77,distance_exceeded (25.9m > 15.0m); heading_incompatible (127.8° > 15.0°)
40780,70916,8.15,41.53,heading_incompatible (41.5° > 15.0°)
49018,55797,17.08,34.84,distance_exceeded (17.1m > 15.0m); heading_incompatible (34.8° > 15.0°)
49420,69020,5.95,173.95,heading_incompatible (174.0° > 15.0°)
41000,53011,38.51,5.96,distance_exceeded (38.5m > 15.0m)
40218,58331,26.93,3.07,distance_exceeded (26.9m > 15.0m)
44194,66395,0.2,50.0,heading_incompatible (50.0° > 15.0°)
45727,54663,1.14,75.17,heading_incompatible (75.2° > 15.0°)
43565,63316,4.32,133.67,heading_incompatible (133.7° > 15.0°)
46766,62798,44.9,11.53,distance_exceeded (44.9m > 15.0m)
47249,60228,0.2,114.87,heading_incompatible (114.9° > 15.0°)
40637,62554,26.84,6.21,distance_exceeded (26.8m > 15.0m)
39968,50148,0.2,164.23,heading_incompatible (164.2° > 15.0°)
41173,54873,22.57,169.55,distance_exceeded (22.6m > 15.0m); heading_incompatible (169.5° > 15.0°)
44938,66435,18.69,170.25,distance_exceeded (18.7m > 15.0m); heading_incompatible (170.2° > 15.0°)
40795,59319,5.92,81.95,heading_incompatible (82.0° > 15.0°)
43410,72335,37.18,62.88,distance_exceeded (37.2m > 15.0m); heading_incompatible (62.9° > 15.0°)
47692,59654,0.2,164.6,heading_incompatible (164.6° > 15.0°)
40964,52843,17.52,90.05,distance_exceeded (17.5m > 15.0m); heading_incompatible (90.1° > 15.0°)
43653,71267,38.63,0.0,distance_exceeded (38.6m > 15.0m)
45479,52796,40.73,0.0,distance_exceeded (40.7m > 15.0m)
46590,63561,25.68,166.55,distance_exceeded (25.7m > 15.0m); heading_incompatible (166.6° > 15.0°)
41361,56240,7.43,151.71,heading_incompatible (151.7° > 15.0°)
45565,67825,0.2,36.9,heading_incompatible (36.9° > 15.0°)
44238,51281,7.04,107.83,heading_incompatible (107.8° > 15.0°)
41111,54147,25.7,157.68,distance_exceeded (25.7m > 15.0m); heading_incompatible (157.7° > 15.0°)
46604,59025,30.66,0.0,distance_exceeded (30.7m > 15.0m)
40594,61989,41.63,0.0,distance_exceeded (41.6m > 15.0m)
46899,71365,11.12,38.88,heading_incompatible (38.9° > 15.0°)
41163,66153,19.47,124.99,distance_exceeded (19.5m > 15.0m); heading_incompatible (125.0° > 15.0°)
41404,56380,47.58,0.0,distance_exceeded (47.6m > 15.0m)
40451,51023,27.28,36.97,distance_exceeded (27.3m > 15.0m); heading_incompatible (37.0° > 15.0°)
45011,57034,44.27,84.3,distance_exceeded (44.3m > 15.0m); heading_incompatible (84.3° > 15.0°)
49615,65921,26.52,0.0,distance_exceeded (26.5m > 15.0m)
41015,53280,4.12,58.08,heading_incompatible (58.1° > 15.0°)
42777,65162,3.7,148.84,heading_incompatible (148.8° > 15.0°)
41031,52752,19.22,83.12,distance_exceeded (19.2m > 15.0m); heading_incompatible (83.1° > 15.0°)
44307,65234,22.62,22.08,distance_exceeded (22.6m > 15.0m); heading_incompatible (22.1° > 15.0°)
41460,57239,18.66,97.17,distance_exceeded (18.7m > 15.0m); heading_incompatible (97.2° > 15.0°)
49118,58847,21.19,153.13,distance_exceeded (21.2m > 15.0m); heading_incompatible (153.1° > 15.0°)
43424,67834,20.78,148.85,distance_exceeded (20.8m > 15.0m); heading_incompatible (148.9° > 15.0°)
41748,59436,8.11,112.12,heading_incompatible (112.1° > 15.0°)
41572,64737,35.08,94.11,distance_exceeded (35.1m > 15.0m); heading_incompatible (94.1° > 15.0°)
40013,63658,26.8,1.69,distance_exceeded (26.8m > 15.0m)
48156,62104,28.73,46.4,distance_exceeded (28.7m > 15.0m); heading_incompatible (46.4° > 15.0°)
48758,67413,14.69,20.47,heading_incompatible (20.5° > 15.0°)
44851,59507,0.2,23.73,heading_incompatible (23.7° > 15.0°)
40214,57864,19.9,176.22,distance_exceeded (19.9m > 15.0m); heading_incompatible (176.2° > 15.0°)
44638,61124,23.93,0.0,distance_exceeded (23.9m > 15.0m)
45951,54216,48.87,30.08,distance_exceeded (48.9m > 15.0m); heading_incompatible (30.1° > 15.0°)
45336,71361,39.89,0.0,distance_exceeded (39.9m > 15.0m)
45048,51712,14.08,57.04,heading_incompatible (57.0° > 15.0°)
48728,57139,33.81,0.81,distance_exceeded (33.8m > 15.0m)
43077,65994,25.95,0.0,distance_exceeded (25.9m > 15.0m)
40462,51026,15.45,3.41,distance_exceeded (15.4m > 15.0m)
49064,57684,12.14,43.35,heading_incompatible (43.4° > 15.0°)
49089,49971,2.12,23.67,heading_incompatible (23.7° > 15.0°)
41090,54035,0.2,158.15,heading_incompatible (158.2° > 15.0°)
43877,51906,20.55,0.0,distance_exceeded (20.5m > 15.0m)
48525,49960,23.08,83.94,distance_exceeded (23.1m > 15.0m); heading_incompatible (83.9° > 15.0°)
40066,53787,20.43,0.0,distance_exceeded (20.4m > 15.0m)
40357,53126,13.67,168.02,heading_incompatible (168.0° > 15.0°)
49664,66732,16.54,64.23,distance_exceeded (16.5m > 15.0m); heading_incompatible (64.2° > 15.0°)
49491,66013,16.17,0.0,distance_exceeded (16.2m > 15.0m)
47381,63722,21.82,43.77,distance_exceeded (21.8m > 15.0m); heading_incompatible (43.8° > 15.0°)
42812,59303,47.83,166.54,distance_exceeded (47.8m > 15.0m); heading_incompatible (166.5° > 15.0°)
40932,52387,37.34,0.85,distance_exceeded (37.3m > 15.0m)
42236,57698,24.3,114.95,distance_exceeded (24.3m > 15.0m); heading_incompatible (114.9° > 15.0°)
44966,62057,0.33,66.84,heading_incompatible (66.8° > 15.0°)
47346,60145,0.2,118.16,heading_incompatible (118.2° > 15.0°)
46552,58605,10.03,162.48,heading_incompatible (162.5° > 15.0°)
44663,49886,16.43,167.41,distance_exceeded (16.4m > 15.0m); heading_incompatible (167.4° > 15.0°)
43347,62479,34.02,166.03,distance_exceeded (34.0m > 15.0m); heading_incompatible (166.0° > 15.0°)
43866,50693,2.61,46.31,heading_incompatible (46.3° > 15.0°)
45859,50339,0.4,99.75,heading_incompatible (99.8° > 15.0°)
41040,70864,23.7,170.22,distance_exceeded (23.7m > 15.0m); heading_incompatible (170.2° > 15.0°)
41333,55986,33.84,82.67,distance_exceeded (33.8m > 15.0m); heading_incompatible (82.7° > 15.0°)
41468,50647,46.01,2.3,distance_exceeded (46.0m > 15.0m)
47551,72029,7.74,16.52,heading_incompatible (16.5° > 15.0°)
43314,53088,9.11,25.97,heading_incompatible (26.0° > 15.0°)
45690,54429,1.26,164.94,heading_incompatible (164.9° > 15.0°)
43386,53728,33.1,25.28,distance_exceeded (33.1m > 15.0m); heading_incompatible (25.3° > 15.0°)
41433,64081,38.8,0.0,distance_exceeded (38.8m > 15.0m)
46995,54619,8.06,26.19,heading_incompatible (26.2° > 15.0°)
42126,61711,17.65,0.0,distance_exceeded (17.6m > 15.0m)
39890,68806,29.23,172.58,distance_exceeded (29.2m > 15.0m); heading_incompatible (172.6° > 15.0°)
48763,65670,35.79,0.0,distance_exceeded (35.8m > 15.0m)
42946,64679,0.4,132.76,heading_incompatible (132.8° > 15.0°)
42696,69186,33.42,0.0,distance_exceeded (33.4m > 15.0m)
43198,66795,9.49,147.84,heading_incompatible (147.8° > 15.0°)
47893,54469,0.2,129.47,heading_incompatible (129.5° > 15.0°)
40144,49900,9.68,129.66,heading_incompatible (129.7° > 15.0°)
41140,63878,1.54,57.84,heading_incompatible (57.8° > 15.0°)
42183,56593,33.08,0.0,distance_exceeded (33.1m > 15.0m)
47721,72225,0.2,86.7,heading_incompatible (86.7° > 15.0°)
47453,63241,2.98,77.46,heading_incompatible (77.5° > 15.0°)
40595,61464,9.46,76.82,heading_incompatible (76.8° > 15.0°)
49520,65448,0.2,102.26,heading_incompatible (102.3° > 15.0°)
43195,66951,1.09,167.28,heading_incompatible (167.3° > 15.0°)
49606,52962,22.24,174.02,distance_exceeded (22.2m > 15.0m); heading_incompatible (174.0° > 15.0°)
41564,57944,47.18,0.0,distance_exceeded (47.2m > 15.0m)
40239,55254,24.47,171.54,distance_exceeded (24.5m > 15.0m); heading_incompatible (171.5° > 15.0°)
47399,59588,2.94,117.99,heading_incompatible (118.0° > 15.0°)
48396,69696,5.95,44.83,heading_incompatible (44.8° > 15.0°)
43408,57551,6.77,175.43,heading_incompatible (175.4° > 15.0°)
48835,55168,0.53,97.56,heading_incompatible (97.6° > 15.0°)
45934,54057,10.36,123.36,heading_incompatible (123.4° > 15.0°)
42588,65542,47.77,0.0,distance_exceeded (47.8m > 15.0m)
42845,69038,31.93,16.4,distance_exceeded (31.9m > 15.0m); heading_incompatible (16.4° > 15.0°)
43226,67279,21.58,87.08,distance_exceeded (21.6m > 15.0m); heading_incompatible (87.1° > 15.0°)
44911,68167,5.24,22.3,heading_incompatible (22.3° > 15.0°)
42010,61031,0.2,92.62,heading_incompatible (92.6° > 15.0°)
44912,50701,46.32,58.64,distance_exceeded (46.3m > 15.0m); heading_incompatible (58.6° > 15.0°)
40287,69238,6.98,173.28,heading_incompatible (173.3° > 15.0°)
40319,50443,12.35,68.62,heading_incompatible (68.6° > 15.0°)
45904,67459,17.29,74.54,distance_exceeded (17.3m > 15.0m); heading_incompatible (74.5° > 15.0°)
42735,59346,15.74,5.97,distance_exceeded (15.7m > 15.0m)
42185,57419,36.34,0.0,distance_exceeded (36.3m > 15.0m)
43044,67791,2.13,81.57,heading_incompatible (81.6° > 15.0°)
47059,61916,44.45,0.0,distance_exceeded (44.5m > 15.0m)
46135,55643,39.8,7.53,distance_exceeded (39.8m > 15.0m)
39928,59113,5.02,66.35,heading_incompatible (66.4° > 15.0°)
40315,56937,0.2,72.56,heading_incompatible (72.6° > 15.0°)
40960,53013,15.23,102.21,distance_exceeded (15.2m > 15.0m); heading_incompatible (102.2° > 15.0°)
48898,56544,47.28,0.0,distance_exceeded (47.3m > 15.0m)
44819,50560,0.2,74.38,heading_incompatible (74.4° > 15.0°)
44959,63055,0.2,64.22,heading_incompatible (64.2° > 15.0°)
40722,55348,0.2,141.23,heading_incompatible (141.2° > 15.0°)
47169,50998,0.2,54.45,heading_incompatible (54.4° > 15.0°)
40848,52317,42.32,0.0,distance_exceeded (42.3m > 15.0m)
41712,58884,2.31,25.97,heading_incompatible (26.0° > 15.0°)
42913,63104,19.78,155.14,distance_exceeded (19.8m > 15.0m); heading_incompatible (155.1° > 15.0°)
48669,69476,17.33,123.45,distance_exceeded (17.3m > 15.0m); heading_incompatible (123.5° > 15.0°)
45793,52876,39.25,42.5,distance_exceeded (39.2m > 15.0m); heading_incompatible (42.5° > 15.0°)
46740,59937,27.45,86.36,distance_exceeded (27.4m > 15.0m); heading_incompatible (86.4° > 15.0°)
44898,59648,0.2,106.7,heading_incompatible (106.7° > 15.0°)
45655,52540,3.36,66.34,heading_incompatible (66.3° > 15.0°)
48651,68853,0.2,92.72,heading_incompatible (92.7° > 15.0°)
42076,61904,24.73,172.74,distance_exceeded (24.7m > 15.0m); heading_incompatible (172.7° > 15.0°)
42080,61541,45.14,97.78,distance_exceeded (45.1m > 15.0m); heading_incompatible (97.8° > 15.0°)
46289,58757,0.2,110.21,heading_incompatible (110.2° > 15.0°)
47630,66258,8.76,20.72,heading_incompatible (20.7° > 15.0°)
43930,65140,13.88,22.13,heading_incompatible (22.1° > 15.0°)
42553,72010,41.78,89.63,distance_exceeded (41.8m > 15.0m); heading_incompatible (89.6° > 15.0°)
47075,62000,19.52,148.13,distance_exceeded (19.5m > 15.0m); heading_incompatible (148.1° > 15.0°)
48338,67285,40.44,103.69,distance_exceeded (40.4m > 15.0m); heading_incompatible (103.7° > 15.0°)
40003,66497,0.77,162.58,heading_incompatible (162.6° > 15.0°)
46940,66035,39.38,0.0,distance_exceeded (39.4m > 15.0m)
49441,53568,14.13,100.29,heading_incompatible (100.3° > 15.0°)
45066,50886,45.07,0.0,distance_exceeded (45.1m > 15.0m)
42445,53379,11.9,166.25,heading_incompatible (166.3° > 15.0°)
42522,65574,6.31,95.54,heading_incompatible (95.5° > 15.0°)
40435,64804,39.65,170.93,distance_exceeded (39.7m > 15.0m); heading_incompatible (170.9° > 15.0°)
45133,69721,0.35,100.39,heading_incompatible (100.4° > 15.0°)
48596,67646,1.8,21.25,heading_incompatible (21.3° > 15.0°)
49467,69487,6.82,155.32,heading_incompatible (155.3° > 15.0°)
47180,54367,11.95,68.08,heading_incompatible (68.1° > 15.0°)
45099,58892,19.82,104.19,distance_exceeded (19.8m > 15.0m); heading_incompatible (104.2° > 15.0°)
45116,59557,9.47,93.09,heading_incompatible (93.1° > 15.0°)
43163,66846,0.2,119.98,heading_incompatible (120.0° > 15.0°)
41873,60101,9.37,162.18,heading_incompatible (162.2° > 15.0°)
42897,66227,39.51,162.89,distance_exceeded (39.5m > 15.0m); heading_incompatible (162.9° > 15.0°)
46783,64622,0.83,108.87,heading_incompatible (108.9° > 15.0°)
40628,50937,18.03,56.79,distance_exceeded (18.0m > 15.0m); heading_incompatible (56.8° > 15.0°)
45224,53333,47.4,0.0,distance_exceeded (47.4m > 15.0m)
40050,50541,32.77,55.3,distance_exceeded (32.8m > 15.0m); heading_incompatible (55.3° > 15.0°)
41556,56913,0.57,15.18,heading_incompatible (15.2° > 15.0°)
44856,51532,27.56,89.35,distance_exceeded (27.6m > 15.0m); heading_incompatible (89.3° > 15.0°)
44070,59669,5.95,107.23,heading_incompatible (107.2° > 15.0°)
40851,51887,30.04,101.84,distance_exceeded (30.0m > 15.0m); heading_incompatible (101.8° > 15.0°)
42535,62980,47.17,65.66,distance_exceeded (47.2m > 15.0m); heading_incompatible (65.7° > 15.0°)
41378,56303,20.32,0.0,distance_exceeded (20.3m > 15.0m)
49206,68722,1.02,42.72,heading_incompatible (42.7° > 15.0°)
42389,58980,19.9,75.44,distance_exceeded (19.9m > 15.0m); heading_incompatible (75.4° > 15.0°)
41946,60463,44.77,159.59,distance_exceeded (44.8m > 15.0m); heading_incompatible (159.6° > 15.0°)
46371,58222,3.55,174.42,heading_incompatible (174.4° > 15.0°)
40682,52787,40.73,0.0,distance_exceeded (40.7m > 15.0m)
45374,63143,34.91,0.0,distance_exceeded (34.9m > 15.0m)
40843,52278,43.2,0.0,distance_exceeded (43.2m > 15.0m)
47375,65644,7.92,22.56,heading_incompatible (22.6° > 15.0°)
47662,49867,7.57,16.74,heading_incompatible (16.7° > 15.0°)
45578,65316,45.94,117.87,distance_exceeded (45.9m > 15.0m); heading_incompatible (117.9° > 15.0°)
41172,54854,17.08,86.24,distance_exceeded (17.1m > 15.0m); heading_incompatible (86.2° > 15.0°)
48426,67515,28.86,15.82,distance_exceeded (28.9m > 15.0m); heading_incompatible (15.8° > 15.0°)
46485,55524,33.79,167.29,distance_exceeded (33.8m > 15.0m); heading_incompatible (167.3° > 15.0°)
48200,66517,0.65,70.7,heading_incompatible (70.7° > 15.0°)
49648,50537,2.99,46.52,heading_incompatible (46.5° > 15.0°)
43045,64352,1.53,46.82,heading_incompatible (46.8° > 15.0°)
39984,50225,20.24,109.63,distance_exceeded (20.2m > 15.0m); heading_incompatible (109.6° > 15.0°)
46356,55977,12.18,76.53,heading_incompatible (76.5° > 15.0°)
41972,60670,22.18,130.04,distance_exceeded (22.2m > 15.0m); heading_incompatible (130.0° > 15.0°)
43670,65535,47.28,0.0,distance_exceeded (47.3m > 15.0m)
43552,69448,15.02,2.06,distance_exceeded (15.0m > 15.0m)
45914,53548,9.93,175.17,heading_incompatible (175.2° > 15.0°)
48414,58525,17.06,0.0,distance_exceeded (17.1m > 15.0m)
42506,63585,6.43,178.07,heading_incompatible (178.1° > 15.0°)
45644,52983,20.41,58.93,distance_exceeded (20.4m > 15.0m); heading_incompatible (58.9° > 15.0°)
49715,61266,7.48,164.52,heading_incompatible (164.5° > 15.0°)
43715,68622,17.99,136.2,distance_exceeded (18.0m > 15.0m); heading_incompatible (136.2° > 15.0°)
42538,58351,30.54,0.0,distance_exceeded (30.5m > 15.0m)
46909,60894,13.13,108.8,heading_incompatible (108.8° > 15.0°)
40569,66447,3.82,154.32,heading_incompatible (154.3° > 15.0°)
45785,52994,22.44,75.83,distance_exceeded (22.4m > 15.0m); heading_incompatible (75.8° > 15.0°)
48223,61801,3.64,55.77,heading_incompatible (55.8° > 15.0°)
44710,70356,30.78,115.72,distance_exceeded (30.8m > 15.0m); heading_incompatible (115.7° > 15.0°)
40715,56555,5.04,175.84,heading_incompatible (175.8° > 15.0°)
48556,72323,5.95,93.91,heading_incompatible (93.9° > 15.0°)
39999,49791,2.06,89.93,heading_incompatible (89.9° > 15.0°)
43478,55333,5.01,172.55,heading_incompatible (172.5° > 15.0°)
43889,69470,14.48,73.59,heading_incompatible (73.6° > 15.0°)
44266,62089,36.06,170.47,distance_exceeded (36.1m > 15.0m); heading_incompatible (170.5° > 15.0°)
47323,66751,37.87,6.39,distance_exceeded (37.9m > 15.0m)
47790,72143,2.3,86.46,heading_incompatible (86.5° > 15.0°)
40349,57558,0.2,169.27,heading_incompatible (169.3° > 15.0°)
45320,68566,0.2,80.9,heading_incompatible (80.9° > 15.0°)
45325,72454,1.08,91.7,heading_incompatible (91.7° > 15.0°)
47977,69347,5.95,32.83,heading_incompatible (32.8° > 15.0°)
48179,56174,1.41,102.43,heading_incompatible (102.4° > 15.0°)
48770,53558,0.63,27.42,heading_incompatible (27.4° > 15.0°)
47280,71826,37.4,39.21,distance_exceeded (37.4m > 15.0m); heading_incompatible (39.2° > 15.0°)
46582,58955,40.37,7.82,distance_exceeded (40.4m > 15.0m)
42570,64022,5.34,125.23,heading_incompatible (125.2° > 15.0°)
43098,53546,2.06,94.05,heading_incompatible (94.1° > 15.0°)
46120,55640,19.74,77.39,distance_exceeded (19.7m > 15.0m); heading_incompatible (77.4° > 15.0°)
49112,68870,40.83,0.0,distance_exceeded (40.8m > 15.0m)
40272,65016,38.34,28.65,distance_exceeded (38.3m > 15.0m); heading_incompatible (28.7° > 15.0°)
44855,69531,0.2,146.4,heading_incompatible (146.4° > 15.0°)
47978,59866,9.18,67.36,heading_incompatible (67.4° > 15.0°)
48911,63643,18.37,125.71,distance_exceeded (18.4m > 15.0m); heading_incompatible (125.7° > 15.0°)
47558,56585,30.77,54.6,distance_exceeded (30.8m > 15.0m); heading_incompatible (54.6° > 15.0°)
42227,50054,39.85,98.51,distance_exceeded (39.9m > 15.0m); heading_incompatible (98.5° > 15.0°)
40389,53393,37.76,0.0,distance_exceeded (37.8m > 15.0m)
48605,62932,5.53,168.79,heading_incompatible (168.8° > 15.0°)
45262,64880,17.16,0.0,distance_exceeded (17.2m > 15.0m)
43327,64033,7.02,122.77,heading_incompatible (122.8° > 15.0°)
41720,58945,19.77,172.55,distance_exceeded (19.8m > 15.0m); heading_incompatible (172.6° > 15.0°)
41211,55116,48.78,0.0,distance_exceeded (48.8m > 15.0m)
45832,53077,4.2,147.86,heading_incompatible (147.9° > 15.0°)
48196,70334,12.05,81.6,heading_incompatible (81.6° > 15.0°)
40383,67145,25.95,2.7,distance_exceeded (26.0m > 15.0m)
40690,64766,15.56,84.22,distance_exceeded (15.6m > 15.0m); heading_incompatible (84.2° > 15.0°)
41938,60593,25.45,177.06,distance_exceeded (25.4m > 15.0m); heading_incompatible (177.1° > 15.0°)
45209,51165,7.1,161.7,heading_incompatible (161.7° > 15.0°)
47427,50007,24.23,17.02,distance_exceeded (24.2m > 15.0m); heading_incompatible (17.0° > 15.0°)
48817,58400,1.45,174.28,heading_incompatible (174.3° > 15.0°)
49161,51755,21.2,0.0,distance_exceeded (21.2m > 15.0m)
46672,55373,13.85,82.52,heading_incompatible (82.5° > 15.0°)
44881,55124,15.48,0.0,distance_exceeded (15.5m > 15.0m)
48190,66463,23.13,83.37,distance_exceeded (23.1m > 15.0m); heading_incompatible (83.4° > 15.0°)
42993,64800,38.43,79.03,distance_exceeded (38.4m > 15.0m); heading_incompatible (79.0° > 15.0°)
49217,51787,16.45,161.32,distance_exceeded (16.5m > 15.0m); heading_incompatible (161.3° > 15.0°)
44807,67161,1.78,88.5,heading_incompatible (88.5° > 15.0°)
45572,62349,11.28,83.09,heading_incompatible (83.1° > 15.0°)
43253,62736,21.81,94.59,distance_exceeded (21.8m > 15.0m); heading_incompatible (94.6° > 15.0°)
45612,49920,5.95,106.89,heading_incompatible (106.9° > 15.0°)
45685,52178,40.17,20.72,distance_exceeded (40.2m > 15.0m); heading_incompatible (20.7° > 15.0°)
49473,51546,26.72,54.3,distance_exceeded (26.7m > 15.0m); heading_incompatible (54.3° > 15.0°)
42942,64888,18.39,175.48,distance_exceeded (18.4m > 15.0m); heading_incompatible (175.5° > 15.0°)
49430,60915,27.67,114.55,distance_exceeded (27.7m > 15.0m); heading_incompatible (114.6° > 15.0°)
49100,70372,15.25,120.44,distance_exceeded (15.2m > 15.0m); heading_incompatible (120.4° > 15.0°)
43985,68886,17.77,0.0,distance_exceeded (17.8m > 15.0m)
46001,52566,5.41,25.96,heading_incompatible (26.0° > 15.0°)
42657,64364,3.84,143.28,heading_incompatible (143.3° > 15.0°)
40437,60958,21.81,0.0,distance_exceeded (21.8m > 15.0m)
42998,70701,26.84,47.7,distance_exceeded (26.8m > 15.0m); heading_incompatible (47.7° > 15.0°)
47664,50955,0.95,16.73,heading_incompatible (16.7° > 15.0°)
44863,56854,21.54,27.02,distance_exceeded (21.5m > 15.0m); heading_incompatible (27.0° > 15.0°)
45444,57205,26.03,19.64,distance_exceeded (26.0m > 15.0m); heading_incompatible (19.6° > 15.0°)
44092,68420,13.34,155.39,heading_incompatible (155.4° > 15.0°)
42644,63324,10.67,144.02,heading_incompatible (144.0° > 15.0°)
41285,70309,49.98,0.0,distance_exceeded (50.0m > 15.0m)
45958,54288,2.02,54.79,heading_incompatible (54.8° > 15.0°)
47377,62991,23.44,154.26,distance_exceeded (23.4m > 15.0m); heading_incompatible (154.3° > 15.0°)
43060,66335,0.2,171.89,heading_incompatible (171.9° > 15.0°)
40292,63695,11.97,163.35,heading_incompatible (163.4° > 15.0°)
43711,68602,2.89,160.1,heading_incompatible (160.1° > 15.0°)
40684,69595,6.36,165.45,heading_incompatible (165.4° > 15.0°)
49440,69068,6.37,62.86,heading_incompatible (62.9° > 15.0°)
48000,57002,0.2,87.88,heading_incompatible (87.9° > 15.0°)
49634,50332,25.77,95.66,distance_exceeded (25.8m > 15.0m); heading_incompatible (95.7° > 15.0°)
47266,62549,9.21,55.37,heading_incompatible (55.4° > 15.0°)
48986,71444,14.55,156.97,heading_incompatible (157.0° > 15.0°)
48053,66075,0.2,49.35,heading_incompatible (49.4° > 15.0°)
47236,55282,9.57,76.43,heading_incompatible (76.4° > 15.0°)
47687,69194,43.86,5.22,distance_exceeded (43.9m > 15.0m)
47583,64431,16.36,38.53,distance_exceeded (16.4m > 15.0m); heading_incompatible (38.5° > 15.0°)
47521,63742,4.41,110.35,heading_incompatible (110.3° > 15.0°)
39941,56113,4.83,20.17,heading_incompatible (20.2° > 15.0°)
48756,62922,6.08,68.25,heading_incompatible (68.3° > 15.0°)
45310,58552,41.01,0.0,distance_exceeded (41.0m > 15.0m)
42563,63994,10.26,163.53,heading_incompatible (163.5° > 15.0°)
48236,68900,31.71,0.0,distance_exceeded (31.7m > 15.0m)
48670,67716,3.47,136.7,heading_incompatible (136.7° > 15.0°)
41037,53861,27.99,82.57,distance_exceeded (28.0m > 15.0m); heading_incompatible (82.6° > 15.0°)
43299,64395,46.07,83.55,distance_exceeded (46.1m > 15.0m); heading_incompatible (83.6° > 15.0°)
47477,60167,17.13,75.69,distance_exceeded (17.1m > 15.0m); heading_incompatible (75.7° > 15.0°)
49240,69539,18.9,113.92,distance_exceeded (18.9m > 15.0m); heading_incompatible (113.9° > 15.0°)
49469,69104,0.51,172.38,heading_incompatible (172.4° > 15.0°)
44745,63193,37.9,0.0,distance_exceeded (37.9m > 15.0m)
45658,66761,6.15,53.25,heading_incompatible (53.3° > 15.0°)
45404,70225,0.2,176.71,heading_incompatible (176.7° > 15.0°)
47391,63045,35.06,169.77,distance_exceeded (35.1m > 15.0m); heading_incompatible (169.8° > 15.0°)
43407,54486,13.75,173.56,heading_incompatible (173.6° > 15.0°)
43700,67983,35.6,0.0,distance_exceeded (35.6m > 15.0m)
47156,59845,5.95,165.38,heading_incompatible (165.4° > 15.0°)
42019,60565,12.56,165.6,heading_incompatible (165.6° > 15.0°)
47574,64110,47.77,0.0,distance_exceeded (47.8m > 15.0m)
47738,59336,21.55,170.19,distance_exceeded (21.6m > 15.0m); heading_incompatible (170.2° > 15.0°)
44448,62332,2.35,120.26,heading_incompatible (120.3° > 15.0°)
48948,72342,8.03,54.9,heading_incompatible (54.9° > 15.0°)
48836,61020,0.2,112.89,heading_incompatible (112.9° > 15.0°)
41617,51238,7.82,175.87,heading_incompatible (175.9° > 15.0°)
49683,50442,11.82,85.21,heading_incompatible (85.2° > 15.0°)
46479,57897,38.47,0.0,distance_exceeded (38.5m > 15.0m)
47968,51350,2.61,50.25,heading_incompatible (50.3° > 15.0°)
43849,66898,30.93,0.0,distance_exceeded (30.9m > 15.0m)
49078,69869,11.73,15.91,heading_incompatible (15.9° > 15.0°)
43922,53199,0.2,104.71,heading_incompatible (104.7° > 15.0°)
43171,67754,6.6,74.12,heading_incompatible (74.1° > 15.0°)
49032,69535,14.91,145.26,heading_incompatible (145.3° > 15.0°)
42067,71738,0.2,75.37,heading_incompatible (75.4° > 15.0°)
46630,59228,45.52,168.66,distance_exceeded (45.5m > 15.0m); heading_incompatible (168.7° > 15.0°)
41442,57031,20.76,0.0,distance_exceeded (20.8m > 15.0m)
47398,55202,16.31,0.0,distance_exceeded (16.3m > 15.0m)
49712,69580,15.15,0.0,distance_exceeded (15.1m > 15.0m)
41169,54391,4.14,39.2,heading_incompatible (39.2° > 15.0°)
44378,69698,3.15,81.3,heading_incompatible (81.3° > 15.0°)
47286,68848,5.95,138.18,heading_incompatible (138.2° > 15.0°)
49299,70347,23.57,0.0,distance_exceeded (23.6m > 15.0m)
41385,56320,15.93,15.74,distance_exceeded (15.9m > 15.0m); heading_incompatible (15.7° > 15.0°)
45096,56868,1.95,152.73,heading_incompatible (152.7° > 15.0°)
49260,69548,0.2,40.8,heading_incompatible (40.8° > 15.0°)
