<?xml version='1.0' encoding='utf-8'?>
<osm version="0.6" generator="Overpass API 0.7.62.8 e802775f"><node id="21532545" lat="48.7557915" lon="11.4346464" />
  <node id="21532549" lat="48.7556108" lon="11.4314291" />
  <node id="21532558" lat="48.7418181" lon="11.4352154" />
  <node id="21532562" lat="48.7443059" lon="11.4338978" />
  <node id="21532578" lat="48.7573907" lon="11.4381939" />
  <node id="21532579" lat="48.7582932" lon="11.4402627" />
  <node id="21532588" lat="48.7564985" lon="11.4371623" />
  <node id="21532592" lat="48.7557858" lon="11.4338860" />
  <node id="21532593" lat="48.7557863" lon="11.4319441" />
  <node id="21532599" lat="48.7554112" lon="11.4311592" />
  <node id="21532602" lat="48.7468294" lon="11.4340162" />
  <node id="21532605" lat="48.7440131" lon="11.4340151" />
  <node id="21532607" lat="48.7430905" lon="11.4345054" />
  <node id="21532610" lat="48.7539616" lon="11.4313048" />
  <node id="25633363" lat="48.7575628" lon="11.4381338" />
  <node id="25633366" lat="48.7564538" lon="11.4369250" />
  <node id="25633367" lat="48.7561013" lon="11.4362919" />
  <node id="25633371" lat="48.7558777" lon="11.4320990" />
  <node id="26288189" lat="48.7563749" lon="11.4306450" />
  <node id="26288196" lat="48.7571893" lon="11.4309071" />
  <node id="30965800" lat="48.7513212" lon="11.4324636" />
  <node id="30965805" lat="48.7516523" lon="11.4370477" />
  <node id="30965806" lat="48.7517988" lon="11.4379037" />
  <node id="30965807" lat="48.7521066" lon="11.4394592" />
  <node id="30965809" lat="48.7523029" lon="11.4405084" />
  <node id="30965812" lat="48.7537660" lon="11.4399515" />
  <node id="30965813" lat="48.7542250" lon="11.4398247" />
  <node id="30965815" lat="48.7548832" lon="11.4394364" />
  <node id="30965817" lat="48.7550550" lon="11.4391694" />
  <node id="30965818" lat="48.7552099" lon="11.4389765" />
  <node id="30965819" lat="48.7560101" lon="11.4381734" />
  <node id="30965822" lat="48.7565996" lon="11.4375776" />
  <node id="30965824" lat="48.7570048" lon="11.4378079" />
  <node id="39732721" lat="48.7577314" lon="11.4216593" />
  <node id="40091418" lat="48.7555738" lon="11.4280675" />
  <node id="40091436" lat="48.7555974" lon="11.4277033" />
  <node id="40095631" lat="48.7557096" lon="11.4272566" />
  <node id="40095868" lat="48.7562219" lon="11.4260702" />
  <node id="89170439" lat="48.7535063" lon="11.4297029" />
  <node id="89170443" lat="48.7527945" lon="11.4295449" />
  <node id="89170449" lat="48.7526436" lon="11.4293608" />
  <node id="89170460" lat="48.7523388" lon="11.4287620" />
  <node id="89170471" lat="48.7518915" lon="11.4281663" />
  <node id="89170476" lat="48.7518261" lon="11.4270670" />
  <node id="89170487" lat="48.7513716" lon="11.4253037" />
  <node id="89170491" lat="48.7511672" lon="11.4244247" />
  <node id="89170495" lat="48.7509835" lon="11.4234734" />
  <node id="89170501" lat="48.7507991" lon="11.4225324" />
  <node id="89170505" lat="48.7506182" lon="11.4219573" />
  <node id="89170513" lat="48.7503916" lon="11.4215816" />
  <node id="89179986" lat="48.7476536" lon="11.4425236" />
  <node id="89179992" lat="48.7456200" lon="11.4434723" />
  <node id="92629225" lat="48.7457053" lon="11.4358585" />
  <node id="92629228" lat="48.7443485" lon="11.4362225" />
  <node id="92629231" lat="48.7428686" lon="11.4370569" />
  <node id="214620355" lat="48.7524246" lon="11.4452965" />
  <node id="214620374" lat="48.7557821" lon="11.4438258" />
  <node id="214620428" lat="48.7556284" lon="11.4436793" />
  <node id="214620430" lat="48.7565361" lon="11.4445371" />
  <node id="215614144" lat="48.7491218" lon="11.4444205" />
  <node id="215614160" lat="48.7500754" lon="11.4439164" />
  <node id="215614167" lat="48.7508064" lon="11.4435128" />
  <node id="215614181" lat="48.7517889" lon="11.4424786" />
  <node id="217536178" lat="48.7482760" lon="11.4459024" />
  <node id="217536359" lat="48.7460650" lon="11.4432974" />
  <node id="221054135" lat="48.7550825" lon="11.4431588" />
  <node id="221054144" lat="48.7510247" lon="11.4439514" />
  <node id="221054183" lat="48.7514605" lon="11.4429001" />
  <node id="221054195" lat="48.7510172" lon="11.4409992" />
  <node id="221054208" lat="48.7500097" lon="11.4422458" />
  <node id="221054222" lat="48.7503279" lon="11.4424289" />
  <node id="221054231" lat="48.7512179" lon="11.4419258" />
  <node id="221054238" lat="48.7478045" lon="11.4454213" />
  <node id="221054252" lat="48.7484558" lon="11.4440889" />
  <node id="221054264" lat="48.7486620" lon="11.4437977" />
  <node id="221054272" lat="48.7493570" lon="11.4420430" />
  <node id="221054282" lat="48.7494323" lon="11.4415924" />
  <node id="221054292" lat="48.7472081" lon="11.4448503" />
  <node id="221054308" lat="48.7470265" lon="11.4452618" />
  <node id="221054317" lat="48.7484164" lon="11.4420336" />
  <node id="221054332" lat="48.7475122" lon="11.4441044" />
  <node id="221054346" lat="48.7469418" lon="11.4435645" />
  <node id="221054359" lat="48.7467491" lon="11.4436922" />
  <node id="221054368" lat="48.7466888" lon="11.4443668" />
  <node id="221054379" lat="48.7468032" lon="11.4451114" />
  <node id="221054392" lat="48.7558895" lon="11.4439283" />
  <node id="221054406" lat="48.7562923" lon="11.4428514" />
  <node id="221054415" lat="48.7564477" lon="11.4421300" />
  <node id="221054429" lat="48.7565740" lon="11.4408892" />
  <node id="221054437" lat="48.7565896" lon="11.4406416" />
  <node id="221054445" lat="48.7565549" lon="11.4400517" />
  <node id="221054457" lat="48.7565093" lon="11.4399254" />
  <node id="221054485" lat="48.7554970" lon="11.4386830" />
  <node id="225396193" lat="48.7528202" lon="11.4443506" />
  <node id="225396195" lat="48.7524930" lon="11.4414937" />
  <node id="225396200" lat="48.7542160" lon="11.4452654" />
  <node id="225396203" lat="48.7529181" lon="11.4441081" />
  <node id="225396208" lat="48.7528013" lon="11.4408686" />
  <node id="225396213" lat="48.7531832" lon="11.4459221" />
  <node id="225396239" lat="48.7537304" lon="11.4391401" />
  <node id="225396242" lat="48.7540700" lon="11.4360771" />
  <node id="225396245" lat="48.7532584" lon="11.4344586" />
  <node id="225396249" lat="48.7527334" lon="11.4383204" />
  <node id="225396253" lat="48.7517304" lon="11.4407265" />
  <node id="225396258" lat="48.7542616" lon="11.4347042" />
  <node id="225396262" lat="48.7549450" lon="11.4362248" />
  <node id="225396266" lat="48.7549609" lon="11.4355166" />
  <node id="225396270" lat="48.7545640" lon="11.4347316" />
  <node id="225396274" lat="48.7544207" lon="11.4347247" />
  <node id="225396278" lat="48.7529125" lon="11.4368528" />
  <node id="225396280" lat="48.7516017" lon="11.4365790" />
  <node id="225396281" lat="48.7519471" lon="11.4386677" />
  <node id="225403173" lat="48.7538200" lon="11.4419550" />
  <node id="228278717" lat="48.7447455" lon="11.4402257" />
  <node id="228278722" lat="48.7442962" lon="11.4397440" />
  <node id="242533217" lat="48.7432714" lon="11.4421911" />
  <node id="242533219" lat="48.7428601" lon="11.4404452" />
  <node id="242533220" lat="48.7423986" lon="11.4438610" />
  <node id="242533221" lat="48.7415760" lon="11.4430002" />
  <node id="242533222" lat="48.7412608" lon="11.4413855" />
  <node id="243728712" lat="48.7500483" lon="11.4211519" />
  <node id="243728715" lat="48.7498217" lon="11.4209241" />
  <node id="243728718" lat="48.7494890" lon="11.4205756" />
  <node id="249179657" lat="48.7411615" lon="11.4378235" />
  <node id="249179879" lat="48.7409644" lon="11.4378363" />
  <node id="249179880" lat="48.7407907" lon="11.4377424" />
  <node id="249179914" lat="48.7459238" lon="11.4356501" />
  <node id="249179915" lat="48.7462586" lon="11.4353004" />
  <node id="249179916" lat="48.7468995" lon="11.4346828" />
  <node id="249179918" lat="48.7471482" lon="11.4341619" />
  <node id="249179919" lat="48.7471966" lon="11.4340153" />
  <node id="250711655" lat="48.7492457" lon="11.4201240" />
  <node id="250711656" lat="48.7479738" lon="11.4203505" />
  <node id="250711657" lat="48.7468223" lon="11.4201401" />
  <node id="250712532" lat="48.7519882" lon="11.4365988" />
  <node id="250712533" lat="48.7519477" lon="11.4348987" />
  <node id="250712534" lat="48.7519904" lon="11.4358282" />
  <node id="250712711" lat="48.7539402" lon="11.4371244" />
  <node id="250712796" lat="48.7537838" lon="11.4383291" />
  <node id="250712798" lat="48.7534395" lon="11.4381849" />
  <node id="250713079" lat="48.7552273" lon="11.4364324" />
  <node id="250713433" lat="48.7558872" lon="11.4355556" />
  <node id="250713435" lat="48.7550126" lon="11.4371605" />
  <node id="250714159" lat="48.7518882" lon="11.4300742" />
  <node id="250714160" lat="48.7517667" lon="11.4307133" />
  <node id="250715664" lat="48.7546309" lon="11.4342729" />
  <node id="250715665" lat="48.7545206" lon="11.4285240" />
  <node id="252122443" lat="48.7431063" lon="11.4285878" />
  <node id="252122451" lat="48.7430912" lon="11.4281757" />
  <node id="252122973" lat="48.7423276" lon="11.4349211" />
  <node id="252122974" lat="48.7422913" lon="11.4347630" />
  <node id="252122975" lat="48.7419277" lon="11.4329447" />
  <node id="252122976" lat="48.7416897" lon="11.4310584" />
  <node id="252123970" lat="48.7428809" lon="11.4213321" />
  <node id="255875182" lat="48.7519841" lon="11.4283997" />
  <node id="255875429" lat="48.7519246" lon="11.4291335" />
  <node id="255877795" lat="48.7551896" lon="11.4310228" />
  <node id="255878732" lat="48.7456331" lon="11.4339153" />
  <node id="255878734" lat="48.7444147" lon="11.4338718" />
  <node id="256335666" lat="48.7431583" lon="11.4248317" />
  <node id="261024436" lat="48.7425618" lon="11.4284329" />
  <node id="266355454" lat="48.7415415" lon="11.4301767" />
  <node id="266355457" lat="48.7433610" lon="11.4296474" />
  <node id="266356773" lat="48.7436338" lon="11.4295616" />
  <node id="266356774" lat="48.7476011" lon="11.4282992" />
  <node id="266356775" lat="48.7507074" lon="11.4273372" />
  <node id="266356776" lat="48.7505756" lon="11.4268272" />
  <node id="266358437" lat="48.7529060" lon="11.4206627" />
  <node id="266358439" lat="48.7527021" lon="11.4205896" />
  <node id="266358440" lat="48.7512229" lon="11.4214151" />
  <node id="266359525" lat="48.7560924" lon="11.4251594" />
  <node id="266359526" lat="48.7564049" lon="11.4259390" />
  <node id="266359527" lat="48.7575909" lon="11.4280019" />
  <node id="266405363" lat="48.7544647" lon="11.4225316" />
  <node id="266405364" lat="48.7548575" lon="11.4231756" />
  <node id="266405365" lat="48.7553832" lon="11.4240741" />
  <node id="266405366" lat="48.7557157" lon="11.4246004" />
  <node id="269095272" lat="48.7574144" lon="11.4234495" />
  <node id="269095273" lat="48.7572276" lon="11.4236528" />
  <node id="269095274" lat="48.7570130" lon="11.4235002" />
  <node id="269095275" lat="48.7564705" lon="11.4255786" />
  <node id="271662960" lat="48.7575260" lon="11.4229731" />
  <node id="273982464" lat="48.7429078" lon="11.4215548" />
  <node id="273982466" lat="48.7420816" lon="11.4218228" />
  <node id="273982474" lat="48.7430455" lon="11.4231216" />
  <node id="273982476" lat="48.7415087" lon="11.4235465" />
  <node id="273982481" lat="48.7407608" lon="11.4196869" />
  <node id="274078460" lat="48.7575758" lon="11.4231087" />
  <node id="274078502" lat="48.7575536" lon="11.4229213" />
  <node id="274591107" lat="48.7581108" lon="11.4373702" />
  <node id="274591109" lat="48.7579014" lon="11.4373695" />
  <node id="278385891" lat="48.7439060" lon="11.4329699" />
  <node id="278386351" lat="48.7420123" lon="11.4337400" />
  <node id="278386362" lat="48.7418393" lon="11.4321639" />
  <node id="278386363" lat="48.7437278" lon="11.4311861" />
  <node id="278817464" lat="48.7540727" lon="11.4297672" />
  <node id="278817466" lat="48.7516643" lon="11.4262759" />
  <node id="278817467" lat="48.7505587" lon="11.4218468" />
  <node id="278817468" lat="48.7493179" lon="11.4202921" />
  <node id="279548757" lat="48.7555594" lon="11.4292162" />
  <node id="280182528" lat="48.7490020" lon="11.4206561" />
  <node id="287963627" lat="48.7521116" lon="11.4285416" />
  <node id="288514878" lat="48.7532760" lon="11.4295307" />
  <node id="288514930" lat="48.7522585" lon="11.4233173" />
  <node id="288514931" lat="48.7523912" lon="11.4260454" />
  <node id="288514932" lat="48.7526937" lon="11.4267896" />
  <node id="288514935" lat="48.7528971" lon="11.4208471" />
  <node id="288514938" lat="48.7520732" lon="11.4242120" />
  <node id="288514993" lat="48.7522318" lon="11.4255904" />
  <node id="288514995" lat="48.7530955" lon="11.4274283" />
  <node id="288514996" lat="48.7532652" lon="11.4275355" />
  <node id="288514998" lat="48.7541119" lon="11.4282073" />
  <node id="288515000" lat="48.7523084" lon="11.4261350" />
  <node id="288515001" lat="48.7523248" lon="11.4276809" />
  <node id="288515004" lat="48.7523684" lon="11.4284971" />
  <node id="288515047" lat="48.7518747" lon="11.4240143" />
  <node id="288515048" lat="48.7512500" lon="11.4215322" />
  <node id="288568842" lat="48.7516337" lon="11.4211451" />
  <node id="288568843" lat="48.7509189" lon="11.4216539" />
  <node id="288568844" lat="48.7500842" lon="11.4193078" />
  <node id="288568845" lat="48.7493105" lon="11.4200623" />
  <node id="288568925" lat="48.7438657" lon="11.4211370" />
  <node id="288568930" lat="48.7432826" lon="11.4196622" />
  <node id="288569236" lat="48.7433965" lon="11.4225774" />
  <node id="288569237" lat="48.7434691" lon="11.4227550" />
  <node id="288571282" lat="48.7515384" lon="11.4302844" />
  <node id="288571283" lat="48.7510777" lon="11.4285278" />
  <node id="288571284" lat="48.7500472" lon="11.4289365" />
  <node id="288571285" lat="48.7487307" lon="11.4294402" />
  <node id="288571286" lat="48.7496476" lon="11.4276484" />
  <node id="288571287" lat="48.7505511" lon="11.4304641" />
  <node id="288571288" lat="48.7507800" lon="11.4312943" />
  <node id="288571289" lat="48.7508467" lon="11.4314935" />
  <node id="288571290" lat="48.7484978" lon="11.4279807" />
  <node id="288571291" lat="48.7488812" lon="11.4301433" />
  <node id="288571294" lat="48.7494705" lon="11.4305448" />
  <node id="288571295" lat="48.7500092" lon="11.4307486" />
  <node id="288571296" lat="48.7503143" lon="11.4306700" />
  <node id="288571299" lat="48.7504803" lon="11.4306269" />
  <node id="288571301" lat="48.7505124" lon="11.4304648" />
  <node id="288571308" lat="48.7481828" lon="11.4296526" />
  <node id="288571309" lat="48.7474332" lon="11.4298966" />
  <node id="288571310" lat="48.7474243" lon="11.4302674" />
  <node id="288571312" lat="48.7462916" lon="11.4307521" />
  <node id="288571313" lat="48.7453132" lon="11.4307787" />
  <node id="288571315" lat="48.7450093" lon="11.4307584" />
  <node id="288571316" lat="48.7484406" lon="11.4312326" />
  <node id="288571317" lat="48.7485337" lon="11.4316206" />
  <node id="288571319" lat="48.7486169" lon="11.4319738" />
  <node id="288571320" lat="48.7488784" lon="11.4334467" />
  <node id="288571321" lat="48.7474637" lon="11.4320248" />
  <node id="288571322" lat="48.7489990" lon="11.4313560" />
  <node id="288571328" lat="48.7502112" lon="11.4316124" />
  <node id="288571367" lat="48.7503660" lon="11.4317107" />
  <node id="288571370" lat="48.7505281" lon="11.4319381" />
  <node id="288571396" lat="48.7507176" lon="11.4327356" />
  <node id="288571398" lat="48.7474092" lon="11.4287160" />
  <node id="288571399" lat="48.7473583" lon="11.4283829" />
  <node id="288571400" lat="48.7474456" lon="11.4316689" />
  <node id="288571401" lat="48.7476961" lon="11.4338978" />
  <node id="288571402" lat="48.7475925" lon="11.4333126" />
  <node id="288571403" lat="48.7452327" lon="11.4290668" />
  <node id="288571425" lat="48.7452885" lon="11.4295599" />
  <node id="288571426" lat="48.7453137" lon="11.4304218" />
  <node id="288571440" lat="48.7452980" lon="11.4329269" />
  <node id="288571441" lat="48.7453066" lon="11.4338851" />
  <node id="288571442" lat="48.7461822" lon="11.4287784" />
  <node id="288571443" lat="48.7464031" lon="11.4302640" />
  <node id="288571492" lat="48.7441182" lon="11.4293939" />
  <node id="288571493" lat="48.7443429" lon="11.4296707" />
  <node id="288571494" lat="48.7447715" lon="11.4301188" />
  <node id="288571496" lat="48.7457028" lon="11.4304927" />
  <node id="288571498" lat="48.7459820" lon="11.4304701" />
  <node id="288571503" lat="48.7482602" lon="11.4301888" />
  <node id="288573133" lat="48.7453025" lon="11.4319001" />
  <node id="288573134" lat="48.7438248" lon="11.4321095" />
  <node id="288573137" lat="48.7443130" lon="11.4320560" />
  <node id="288573138" lat="48.7443050" lon="11.4328878" />
  <node id="288573139" lat="48.7461545" lon="11.4330232" />
  <node id="288573140" lat="48.7457526" lon="11.4329492" />
  <node id="288583436" lat="48.7532739" lon="11.4296688" />
  <node id="288734533" lat="48.7428216" lon="11.4197916" />
  <node id="288736220" lat="48.7449304" lon="11.4214784" />
  <node id="288736221" lat="48.7450444" lon="11.4215520" />
  <node id="288771408" lat="48.7457149" lon="11.4239538" />
  <node id="288774426" lat="48.7455618" lon="11.4216298" />
  <node id="288774427" lat="48.7457145" lon="11.4217392" />
  <node id="288774429" lat="48.7457751" lon="11.4216136" />
  <node id="288774430" lat="48.7458467" lon="11.4214289" />
  <node id="288774431" lat="48.7458556" lon="11.4212481" />
  <node id="288774433" lat="48.7461369" lon="11.4210791" />
  <node id="288774439" lat="48.7462276" lon="11.4216194" />
  <node id="288774445" lat="48.7463466" lon="11.4216967" />
  <node id="288774448" lat="48.7464240" lon="11.4220479" />
  <node id="288774450" lat="48.7464835" lon="11.4224110" />
  <node id="288774455" lat="48.7464058" lon="11.4226490" />
  <node id="288774457" lat="48.7465089" lon="11.4226515" />
  <node id="288774458" lat="48.7457014" lon="11.4219243" />
  <node id="288774460" lat="48.7456494" lon="11.4220300" />
  <node id="288774461" lat="48.7455281" lon="11.4224115" />
  <node id="288774465" lat="48.7457528" lon="11.4234906" />
  <node id="288774468" lat="48.7462749" lon="11.4226724" />
  <node id="288774475" lat="48.7457022" lon="11.4236977" />
  <node id="288774478" lat="48.7457064" lon="11.4237924" />
  <node id="289032818" lat="48.7439701" lon="11.4219054" />
  <node id="289032820" lat="48.7440602" lon="11.4219118" />
  <node id="289032821" lat="48.7442057" lon="11.4218928" />
  <node id="289032824" lat="48.7443274" lon="11.4216449" />
  <node id="289032827" lat="48.7439342" lon="11.4221164" />
  <node id="289032830" lat="48.7437955" lon="11.4226230" />
  <node id="289032831" lat="48.7438332" lon="11.4229227" />
  <node id="289032834" lat="48.7434025" lon="11.4229325" />
  <node id="289032836" lat="48.7430322" lon="11.4229438" />
  <node id="289032837" lat="48.7434018" lon="11.4230593" />
  <node id="289036651" lat="48.7463678" lon="11.4237656" />
  <node id="289036652" lat="48.7464168" lon="11.4237521" />
  <node id="289036656" lat="48.7465005" lon="11.4234877" />
  <node id="289036658" lat="48.7457352" lon="11.4236959" />
  <node id="289036718" lat="48.7464493" lon="11.4232359" />
  <node id="289036719" lat="48.7430743" lon="11.4234881" />
  <node id="289036720" lat="48.7434351" lon="11.4233623" />
  <node id="289430276" lat="48.7495144" lon="11.4226159" />
  <node id="289430287" lat="48.7498887" lon="11.4241397" />
  <node id="289430298" lat="48.7501244" lon="11.4250616" />
  <node id="289430309" lat="48.7490211" lon="11.4253378" />
  <node id="289430319" lat="48.7487991" lon="11.4243123" />
  <node id="289430323" lat="48.7487498" lon="11.4242173" />
  <node id="289430324" lat="48.7487148" lon="11.4242062" />
  <node id="289430325" lat="48.7467739" lon="11.4249956" />
  <node id="289430326" lat="48.7470664" lon="11.4267277" />
  <node id="289430327" lat="48.7469438" lon="11.4259776" />
  <node id="289430328" lat="48.7492493" lon="11.4252760" />
  <node id="289430329" lat="48.7496050" lon="11.4252739" />
  <node id="289430331" lat="48.7497192" lon="11.4252649" />
  <node id="289430335" lat="48.7499383" lon="11.4251817" />
  <node id="289430337" lat="48.7439698" lon="11.4291018" />
  <node id="289430346" lat="48.7437049" lon="11.4283216" />
  <node id="289430356" lat="48.7436137" lon="11.4278405" />
  <node id="289430364" lat="48.7435597" lon="11.4273067" />
  <node id="289430380" lat="48.7435261" lon="11.4261813" />
  <node id="289430393" lat="48.7435198" lon="11.4254519" />
  <node id="289430407" lat="48.7464967" lon="11.4269242" />
  <node id="289430421" lat="48.7459035" lon="11.4271322" />
  <node id="289430430" lat="48.7450020" lon="11.4274262" />
  <node id="289430432" lat="48.7444431" lon="11.4276021" />
  <node id="289430435" lat="48.7462755" lon="11.4255175" />
  <node id="289430437" lat="48.7462052" lon="11.4254071" />
  <node id="289430438" lat="48.7461141" lon="11.4253817" />
  <node id="289430440" lat="48.7456323" lon="11.4254984" />
  <node id="289430441" lat="48.7447433" lon="11.4258645" />
  <node id="289430442" lat="48.7439955" lon="11.4260836" />
  <node id="289430443" lat="48.7439502" lon="11.4255469" />
  <node id="289430448" lat="48.7439332" lon="11.4254309" />
  <node id="289430450" lat="48.7439403" lon="11.4253767" />
  <node id="289430451" lat="48.7440110" lon="11.4253089" />
  <node id="289430452" lat="48.7441450" lon="11.4252665" />
  <node id="289430453" lat="48.7445201" lon="11.4251011" />
  <node id="289430454" lat="48.7446856" lon="11.4292253" />
  <node id="289865301" lat="48.7408832" lon="11.4202922" />
  <node id="289865302" lat="48.7410376" lon="11.4211331" />
  <node id="291616008" lat="48.7440377" lon="11.4372388" />
  <node id="293184222" lat="48.7536038" lon="11.4218348" />
  <node id="293184225" lat="48.7534688" lon="11.4225457" />
  <node id="293184226" lat="48.7534235" lon="11.4229592" />
  <node id="293184227" lat="48.7533599" lon="11.4232851" />
  <node id="293184228" lat="48.7532683" lon="11.4236405" />
  <node id="293184230" lat="48.7531994" lon="11.4239410" />
  <node id="293184232" lat="48.7531654" lon="11.4242122" />
  <node id="293184297" lat="48.7534601" lon="11.4251003" />
  <node id="293184301" lat="48.7536847" lon="11.4253419" />
  <node id="293184304" lat="48.7537847" lon="11.4254677" />
  <node id="293184312" lat="48.7541939" lon="11.4262782" />
  <node id="293184314" lat="48.7542961" lon="11.4264007" />
  <node id="293184316" lat="48.7544271" lon="11.4264906" />
  <node id="293184318" lat="48.7546427" lon="11.4266182" />
  <node id="293184320" lat="48.7547914" lon="11.4267115" />
  <node id="293184323" lat="48.7549396" lon="11.4268263" />
  <node id="293184325" lat="48.7550656" lon="11.4269273" />
  <node id="293184327" lat="48.7552976" lon="11.4271061" />
  <node id="293184329" lat="48.7554643" lon="11.4273179" />
  <node id="293184331" lat="48.7556887" lon="11.4275013" />
  <node id="293184333" lat="48.7557702" lon="11.4274844" />
  <node id="293184335" lat="48.7558479" lon="11.4278489" />
  <node id="293184337" lat="48.7560647" lon="11.4280932" />
  <node id="293184341" lat="48.7562217" lon="11.4282576" />
  <node id="293184342" lat="48.7563768" lon="11.4284211" />
  <node id="293184344" lat="48.7564568" lon="11.4284690" />
  <node id="293184345" lat="48.7565175" lon="11.4284577" />
  <node id="293184347" lat="48.7568058" lon="11.4283690" />
  <node id="293184348" lat="48.7569614" lon="11.4281639" />
  <node id="293184349" lat="48.7572423" lon="11.4280604" />
  <node id="293184351" lat="48.7574148" lon="11.4280294" />
  <node id="293184353" lat="48.7575276" lon="11.4280124" />
  <node id="293184357" lat="48.7570675" lon="11.4281172" />
  <node id="293184370" lat="48.7567387" lon="11.4278899" />
  <node id="293184376" lat="48.7566377" lon="11.4277544" />
  <node id="293184381" lat="48.7565324" lon="11.4275624" />
  <node id="293184383" lat="48.7532730" lon="11.4248623" />
  <node id="293184384" lat="48.7533749" lon="11.4246553" />
  <node id="293184386" lat="48.7535202" lon="11.4245370" />
  <node id="293184388" lat="48.7536343" lon="11.4244982" />
  <node id="293184390" lat="48.7537591" lon="11.4244765" />
  <node id="293184392" lat="48.7554215" lon="11.4272978" />
  <node id="293184401" lat="48.7554076" lon="11.4275045" />
  <node id="293184404" lat="48.7553856" lon="11.4277039" />
  <node id="293184408" lat="48.7552942" lon="11.4279957" />
  <node id="293184410" lat="48.7551977" lon="11.4282089" />
  <node id="293184412" lat="48.7551601" lon="11.4284859" />
  <node id="293184413" lat="48.7551553" lon="11.4286140" />
  <node id="293184415" lat="48.7551610" lon="11.4287617" />
  <node id="293184417" lat="48.7552738" lon="11.4290041" />
  <node id="293184419" lat="48.7551787" lon="11.4293072" />
  <node id="293184421" lat="48.7549515" lon="11.4294601" />
  <node id="293187807" lat="48.7526667" lon="11.4203991" />
  <node id="293187815" lat="48.7576389" lon="11.4281144" />
  <node id="293187820" lat="48.7564559" lon="11.4258876" />
  <node id="293187821" lat="48.7567364" lon="11.4259850" />
  <node id="293187823" lat="48.7568139" lon="11.4260603" />
  <node id="293187825" lat="48.7570335" lon="11.4262989" />
  <node id="293187829" lat="48.7581207" lon="11.4275604" />
  <node id="293900615" lat="48.7458996" lon="11.4204138" />
  <node id="293900619" lat="48.7458522" lon="11.4195650" />
  <node id="293900621" lat="48.7461377" lon="11.4194672" />
  <node id="293900622" lat="48.7464630" lon="11.4193776" />
  <node id="293900659" lat="48.7491607" lon="11.4212768" />
  <node id="294152840" lat="48.7568985" lon="11.4233526" />
  <node id="294152975" lat="48.7567665" lon="11.4238588" />
  <node id="294152976" lat="48.7568848" lon="11.4240020" />
  <node id="295598578" lat="48.7575959" lon="11.4221003" />
  <node id="295598595" lat="48.7571992" lon="11.4228937" />
  <node id="295598606" lat="48.7571823" lon="11.4230038" />
  <node id="305066890" lat="48.7560943" lon="11.4311103" />
  <node id="305066891" lat="48.7567224" lon="11.4309825" />
  <node id="305066894" lat="48.7554888" lon="11.4313511" />
  <node id="305497401" lat="48.7569546" lon="11.4373619" />
  <node id="305497402" lat="48.7564187" lon="11.4367023" />
  <node id="305497404" lat="48.7560837" lon="11.4365993" />
  <node id="305497405" lat="48.7554741" lon="11.4362406" />
  <node id="305497406" lat="48.7553558" lon="11.4360287" />
  <node id="305497407" lat="48.7549226" lon="11.4350620" />
  <node id="305515144" lat="48.7548234" lon="11.4323817" />
  <node id="305515145" lat="48.7549463" lon="11.4319983" />
  <node id="305515148" lat="48.7551587" lon="11.4304472" />
  <node id="305515155" lat="48.7551364" lon="11.4306536" />
  <node id="305515157" lat="48.7550152" lon="11.4307295" />
  <node id="305529520" lat="48.7553284" lon="11.4302737" />
  <node id="305529524" lat="48.7556240" lon="11.4303177" />
  <node id="308904935" lat="48.7569193" lon="11.4406534" />
  <node id="308904936" lat="48.7572937" lon="11.4405438" />
  <node id="308904937" lat="48.7575887" lon="11.4402592" />
  <node id="308904938" lat="48.7578205" lon="11.4398193" />
  <node id="308904940" lat="48.7581762" lon="11.4389263" />
  <node id="308904980" lat="48.7520734" lon="11.4401008" />
  <node id="308904981" lat="48.7519477" lon="11.4404287" />
  <node id="308905062" lat="48.7451213" lon="11.4416402" />
  <node id="308905154" lat="48.7462508" lon="11.4409511" />
  <node id="308905155" lat="48.7470014" lon="11.4404595" />
  <node id="309931893" lat="48.7468095" lon="11.4251971" />
  <node id="309942460" lat="48.7564620" lon="11.4303808" />
  <node id="309942467" lat="48.7559281" lon="11.4302166" />
  <node id="310280199" lat="48.7558595" lon="11.4330478" />
  <node id="310280299" lat="48.7559255" lon="11.4330380" />
  <node id="310451525" lat="48.7404845" lon="11.4376181" />
  <node id="310451599" lat="48.7406406" lon="11.4374848" />
  <node id="310452618" lat="48.7482890" lon="11.4355252" />
  <node id="310452620" lat="48.7488880" lon="11.4353444" />
  <node id="310452621" lat="48.7493318" lon="11.4351254" />
  <node id="310452622" lat="48.7498106" lon="11.4346825" />
  <node id="310452624" lat="48.7503151" lon="11.4341084" />
  <node id="310452625" lat="48.7507389" lon="11.4335120" />
  <node id="310452688" lat="48.7513368" lon="11.4319635" />
  <node id="310452898" lat="48.7515038" lon="11.4349192" />
  <node id="310453094" lat="48.7443892" lon="11.4397761" />
  <node id="310453106" lat="48.7440109" lon="11.4397626" />
  <node id="311439746" lat="48.7576647" lon="11.4216538" />
  <node id="314912393" lat="48.7554410" lon="11.4301106" />
  <node id="314912394" lat="48.7554386" lon="11.4299580" />
  <node id="314912395" lat="48.7554193" lon="11.4297451" />
  <node id="314912398" lat="48.7550253" lon="11.4302320" />
  <node id="314912400" lat="48.7549226" lon="11.4310915" />
  <node id="314912401" lat="48.7551302" lon="11.4311780" />
  <node id="314912404" lat="48.7552096" lon="11.4312647" />
  <node id="314912405" lat="48.7552880" lon="11.4313366" />
  <node id="314912406" lat="48.7551927" lon="11.4314486" />
  <node id="314912410" lat="48.7549047" lon="11.4314172" />
  <node id="317139361" lat="48.7576333" lon="11.4291956" />
  <node id="324656767" lat="48.7545693" lon="11.4345410" />
  <node id="324661590" lat="48.7557894" lon="11.4323117" />
  <node id="324661599" lat="48.7553794" lon="11.4294319" />
  <node id="324661602" lat="48.7553669" lon="11.4293707" />
  <node id="324661605" lat="48.7557757" lon="11.4333199" />
  <node id="324661614" lat="48.7570668" lon="11.4376601" />
  <node id="331037676" lat="48.7505509" lon="11.4451307" />
  <node id="331037681" lat="48.7496129" lon="11.4441886" />
  <node id="331037872" lat="48.7450436" lon="11.4450323" />
  <node id="336359390" lat="48.7407646" lon="11.4195663" />
  <node id="336359394" lat="48.7409928" lon="11.4199107" />
  <node id="336359403" lat="48.7410463" lon="11.4197632" />
  <node id="336359411" lat="48.7433401" lon="11.4213263" />
  <node id="336359415" lat="48.7448256" lon="11.4207859" />
  <node id="336359419" lat="48.7459812" lon="11.4203873" />
  <node id="336359422" lat="48.7465994" lon="11.4201874" />
  <node id="343637928" lat="48.7454264" lon="11.4450181" />
  <node id="349312948" lat="48.7582469" lon="11.4311974" />
  <node id="349313141" lat="48.7581498" lon="11.4344489" />
  <node id="349313143" lat="48.7581168" lon="11.4345090" />
  <node id="349313144" lat="48.7581478" lon="11.4346471" />
  <node id="349313145" lat="48.7582263" lon="11.4346500" />
  <node id="349313147" lat="48.7582632" lon="11.4345215" />
  <node id="349313148" lat="48.7582442" lon="11.4344687" />
  <node id="349313931" lat="48.7505019" lon="11.4386815" />
  <node id="349313932" lat="48.7495450" lon="11.4392484" />
  <node id="349313933" lat="48.7489168" lon="11.4399350" />
  <node id="349313934" lat="48.7486451" lon="11.4402530" />
  <node id="349313935" lat="48.7478075" lon="11.4409135" />
  <node id="349313936" lat="48.7472862" lon="11.4412161" />
  <node id="359941580" lat="48.7564715" lon="11.4310031" />
  <node id="359941583" lat="48.7581854" lon="11.4350308" />
  <node id="359941584" lat="48.7579873" lon="11.4347083" />
  <node id="359941587" lat="48.7581217" lon="11.4346054" />
  <node id="359941589" lat="48.7581921" lon="11.4346649" />
  <node id="359941591" lat="48.7582604" lon="11.4345896" />
  <node id="359941595" lat="48.7581918" lon="11.4344328" />
  <node id="360183141" lat="48.7573507" lon="11.4235227" />
  <node id="360183143" lat="48.7573167" lon="11.4238355" />
  <node id="360183144" lat="48.7571387" lon="11.4234930" />
  <node id="360448172" lat="48.7582077" lon="11.4354565" />
  <node id="360448216" lat="48.7567321" lon="11.4339786" />
  <node id="360448243" lat="48.7567739" lon="11.4346116" />
  <node id="360448250" lat="48.7581401" lon="11.4354392" />
  <node id="360448267" lat="48.7565939" lon="11.4347055" />
  <node id="360448268" lat="48.7564046" lon="11.4347269" />
  <node id="360448269" lat="48.7562858" lon="11.4331137" />
  <node id="362775662" lat="48.7530353" lon="11.4296393" />
  <node id="362777689" lat="48.7493620" lon="11.4266153" />
  <node id="362777899" lat="48.7490068" lon="11.4267589" />
  <node id="362777904" lat="48.7487504" lon="11.4267233" />
  <node id="362777909" lat="48.7484245" lon="11.4268331" />
  <node id="363427680" lat="48.7488905" lon="11.4202368" />
  <node id="365286996" lat="48.7450734" lon="11.4440776" />
  <node id="365286998" lat="48.7451915" lon="11.4440399" />
  <node id="365287000" lat="48.7454056" lon="11.4439987" />
  <node id="365287002" lat="48.7456115" lon="11.4440532" />
  <node id="365287003" lat="48.7455978" lon="11.4436841" />
  <node id="365519573" lat="48.7558687" lon="11.4328746" />
  <node id="365519579" lat="48.7559931" lon="11.4329089" />
  <node id="365519754" lat="48.7558097" lon="11.4294389" />
  <node id="365519756" lat="48.7560515" lon="11.4305336" />
  <node id="365820751" lat="48.7413200" lon="11.4440481" />
  <node id="366583276" lat="48.7453379" lon="11.4415105" />
  <node id="366583279" lat="48.7454107" lon="11.4419369" />
  <node id="366583281" lat="48.7457542" lon="11.4417440" />
  <node id="366583296" lat="48.7453531" lon="11.4417128" />
  <node id="366583303" lat="48.7454700" lon="11.4421678" />
  <node id="366583306" lat="48.7458113" lon="11.4419662" />
  <node id="366583311" lat="48.7456944" lon="11.4415111" />
  <node id="366584476" lat="48.7428352" lon="11.4430367" />
  <node id="366584570" lat="48.7426179" lon="11.4427776" />
  <node id="366584571" lat="48.7423620" lon="11.4424463" />
  <node id="366584572" lat="48.7422904" lon="11.4423089" />
  <node id="366584574" lat="48.7422490" lon="11.4421465" />
  <node id="366584577" lat="48.7419724" lon="11.4409691" />
  <node id="370771400" lat="48.7547230" lon="11.4311070" />
  <node id="370771403" lat="48.7547177" lon="11.4308740" />
  <node id="370771688" lat="48.7561221" lon="11.4302054" />
  <node id="371761510" lat="48.7556514" lon="11.4248248" />
  <node id="371761517" lat="48.7551280" lon="11.4240238" />
  <node id="371761548" lat="48.7532798" lon="11.4208198" />
  <node id="371763378" lat="48.7561514" lon="11.4255503" />
  <node id="376268411" lat="48.7568852" lon="11.4230924" />
  <node id="376268413" lat="48.7565450" lon="11.4231776" />
  <node id="376268416" lat="48.7558348" lon="11.4218751" />
  <node id="376268417" lat="48.7557383" lon="11.4219253" />
  <node id="376555077" lat="48.7539143" lon="11.4256619" />
  <node id="376555088" lat="48.7561757" lon="11.4252927" />
  <node id="376584026" lat="48.7578395" lon="11.4213740" />
  <node id="377117697" lat="48.7569527" lon="11.4231019" />
  <node id="377117720" lat="48.7567907" lon="11.4231125" />
  <node id="377117734" lat="48.7566973" lon="11.4232934" />
  <node id="377117746" lat="48.7569741" lon="11.4237623" />
  <node id="377117805" lat="48.7578586" lon="11.4246885" />
  <node id="377117817" lat="48.7579482" lon="11.4247203" />
  <node id="377117827" lat="48.7574226" lon="11.4240302" />
  <node id="378103842" lat="48.7570208" lon="11.4229256" />
  <node id="378103858" lat="48.7569115" lon="11.4233695" />
  <node id="380760688" lat="48.7518409" lon="11.4272472" />
  <node id="380760690" lat="48.7523270" lon="11.4272018" />
  <node id="386797029" lat="48.7546605" lon="11.4299488" />
  <node id="408505178" lat="48.7523241" lon="11.4191214" />
  <node id="429486453" lat="48.7435280" lon="11.4367782" />
  <node id="430423202" lat="48.7427282" lon="11.4212641" />
  <node id="431350109" lat="48.7579616" lon="11.4236393" />
  <node id="431350120" lat="48.7577930" lon="11.4240545" />
  <node id="434398298" lat="48.7556963" lon="11.4365249" />
  <node id="434398300" lat="48.7563186" lon="11.4372215" />
  <node id="434402258" lat="48.7563728" lon="11.4378171" />
  <node id="434404877" lat="48.7553009" lon="11.4357661" />
  <node id="434404878" lat="48.7553148" lon="11.4356453" />
  <node id="434404879" lat="48.7553464" lon="11.4355510" />
  <node id="434404880" lat="48.7553968" lon="11.4354942" />
  <node id="434404881" lat="48.7555205" lon="11.4355071" />
  <node id="434404882" lat="48.7555597" lon="11.4355846" />
  <node id="434404883" lat="48.7554867" lon="11.4360714" />
  <node id="434404885" lat="48.7556765" lon="11.4360308" />
  <node id="434404886" lat="48.7557953" lon="11.4360501" />
  <node id="434404887" lat="48.7558332" lon="11.4360915" />
  <node id="434404888" lat="48.7558614" lon="11.4361630" />
  <node id="434404889" lat="48.7558619" lon="11.4362545" />
  <node id="434404890" lat="48.7557507" lon="11.4364422" />
  <node id="434404891" lat="48.7557013" lon="11.4364586" />
  <node id="434404892" lat="48.7556447" lon="11.4364704" />
  <node id="434404893" lat="48.7557335" lon="11.4360261" />
  <node id="434404894" lat="48.7555389" lon="11.4361174" />
  <node id="434404896" lat="48.7555544" lon="11.4358055" />
  <node id="434404897" lat="48.7559987" lon="11.4368981" />
  <node id="434405788" lat="48.7558154" lon="11.4350876" />
  <node id="434405789" lat="48.7556856" lon="11.4358178" />
  <node id="434406248" lat="48.7550947" lon="11.4353959" />
  <node id="441334237" lat="48.7520092" lon="11.4287791" />
  <node id="441334238" lat="48.7525583" lon="11.4291813" />
  <node id="452402580" lat="48.7582398" lon="11.4238993" />
  <node id="452402581" lat="48.7581371" lon="11.4239669" />
  <node id="456875836" lat="48.7422487" lon="11.4292728" />
  <node id="456875837" lat="48.7413911" lon="11.4291665" />
  <node id="456875839" lat="48.7408134" lon="11.4291350" />
  <node id="456875840" lat="48.7407836" lon="11.4298451" />
  <node id="456875841" lat="48.7408412" lon="11.4303433" />
  <node id="456875844" lat="48.7430953" lon="11.4277515" />
  <node id="456875848" lat="48.7414917" lon="11.4234620" />
  <node id="456875850" lat="48.7421020" lon="11.4266412" />
  <node id="456875851" lat="48.7424241" lon="11.4280213" />
  <node id="456875854" lat="48.7421153" lon="11.4222962" />
  <node id="456875855" lat="48.7422781" lon="11.4233225" />
  <node id="456875862" lat="48.7410152" lon="11.4270145" />
  <node id="456875867" lat="48.7432210" lon="11.4295654" />
  <node id="456875875" lat="48.7415365" lon="11.4254625" />
  <node id="466244469" lat="48.7439202" lon="11.4365519" />
  <node id="470039361" lat="48.7532719" lon="11.4287678" />
  <node id="470043503" lat="48.7432959" lon="11.4297093" />
  <node id="470043504" lat="48.7430585" lon="11.4288122" />
  <node id="470043505" lat="48.7430128" lon="11.4283666" />
  <node id="470045862" lat="48.7522021" lon="11.4286032" />
  <node id="470045863" lat="48.7522224" lon="11.4284662" />
  <node id="470045865" lat="48.7520582" lon="11.4282311" />
  <node id="470045869" lat="48.7519923" lon="11.4278831" />
  <node id="470506656" lat="48.7571093" lon="11.4234460" />
  <node id="470506659" lat="48.7563728" lon="11.4260041" />
  <node id="470506662" lat="48.7561232" lon="11.4265718" />
  <node id="470506664" lat="48.7559402" lon="11.4269688" />
  <node id="470506674" lat="48.7560683" lon="11.4275538" />
  <node id="470506678" lat="48.7562227" lon="11.4276945" />
  <node id="470506682" lat="48.7563207" lon="11.4277939" />
  <node id="470506685" lat="48.7563913" lon="11.4278422" />
  <node id="470506687" lat="48.7564621" lon="11.4278532" />
  <node id="470506689" lat="48.7566500" lon="11.4278752" />
  <node id="470506693" lat="48.7568188" lon="11.4279712" />
  <node id="470506694" lat="48.7569026" lon="11.4280716" />
  <node id="470506696" lat="48.7562784" lon="11.4262066" />
  <node id="470506697" lat="48.7568790" lon="11.4282827" />
  <node id="470506698" lat="48.7564338" lon="11.4287097" />
  <node id="470506702" lat="48.7561551" lon="11.4292119" />
  <node id="470506704" lat="48.7561256" lon="11.4294911" />
  <node id="470506706" lat="48.7561409" lon="11.4301253" />
  <node id="470506713" lat="48.7570273" lon="11.4307083" />
  <node id="470506715" lat="48.7550615" lon="11.4286307" />
  <node id="470506717" lat="48.7549394" lon="11.4285107" />
  <node id="470506721" lat="48.7547949" lon="11.4284363" />
  <node id="470506723" lat="48.7547846" lon="11.4287652" />
  <node id="470506725" lat="48.7546844" lon="11.4292727" />
  <node id="470506727" lat="48.7546400" lon="11.4295844" />
  <node id="470506730" lat="48.7547948" lon="11.4282650" />
  <node id="470506732" lat="48.7548240" lon="11.4280896" />
  <node id="470506734" lat="48.7548995" lon="11.4279138" />
  <node id="470506746" lat="48.7548717" lon="11.4273788" />
  <node id="470506748" lat="48.7548704" lon="11.4272235" />
  <node id="470506750" lat="48.7548863" lon="11.4271137" />
  <node id="470506752" lat="48.7549155" lon="11.4270323" />
  <node id="470506754" lat="48.7554127" lon="11.4271430" />
  <node id="470506759" lat="48.7556689" lon="11.4270564" />
  <node id="470506761" lat="48.7556217" lon="11.4270251" />
  <node id="470506762" lat="48.7555587" lon="11.4269646" />
  <node id="470506763" lat="48.7555163" lon="11.4269451" />
  <node id="472429760" lat="48.7548840" lon="11.4333288" />
  <node id="472429761" lat="48.7547450" lon="11.4339492" />
  <node id="472429762" lat="48.7534014" lon="11.4332874" />
  <node id="472429763" lat="48.7536093" lon="11.4314581" />
  <node id="472429764" lat="48.7532295" lon="11.4337039" />
  <node id="472429765" lat="48.7522481" lon="11.4338080" />
  <node id="472429766" lat="48.7514448" lon="11.4339621" />
  <node id="472429774" lat="48.7488741" lon="11.4338256" />
  <node id="472439036" lat="48.7474991" lon="11.4338326" />
  <node id="472439037" lat="48.7473560" lon="11.4338444" />
  <node id="472439040" lat="48.7472465" lon="11.4339008" />
  <node id="472439043" lat="48.7470099" lon="11.4338331" />
  <node id="472439044" lat="48.7469383" lon="11.4337889" />
  <node id="472439045" lat="48.7469753" lon="11.4336674" />
  <node id="472439046" lat="48.7470389" lon="11.4337334" />
  <node id="472439047" lat="48.7470409" lon="11.4337965" />
  <node id="472439049" lat="48.7470426" lon="11.4342330" />
  <node id="472439054" lat="48.7471499" lon="11.4342827" />
  <node id="472439058" lat="48.7474762" lon="11.4341071" />
  <node id="472439064" lat="48.7467916" lon="11.4341545" />
  <node id="472439066" lat="48.7470086" lon="11.4343572" />
  <node id="472439068" lat="48.7476915" lon="11.4343606" />
  <node id="472439069" lat="48.7477606" lon="11.4343283" />
  <node id="472439070" lat="48.7497286" lon="11.4335011" />
  <node id="472439071" lat="48.7499077" lon="11.4334164" />
  <node id="472439072" lat="48.7493001" lon="11.4337276" />
  <node id="472439073" lat="48.7479384" lon="11.4345482" />
  <node id="472439074" lat="48.7480806" lon="11.4345256" />
  <node id="472439075" lat="48.7488171" lon="11.4341391" />
  <node id="472439076" lat="48.7493475" lon="11.4339635" />
  <node id="472439077" lat="48.7499194" lon="11.4337652" />
  <node id="472439079" lat="48.7487688" lon="11.4348093" />
  <node id="472439080" lat="48.7480930" lon="11.4351364" />
  <node id="472439081" lat="48.7477498" lon="11.4352596" />
  <node id="472439082" lat="48.7476369" lon="11.4352197" />
  <node id="472439083" lat="48.7472826" lon="11.4347525" />
  <node id="472439086" lat="48.7479732" lon="11.4346633" />
  <node id="472439088" lat="48.7478914" lon="11.4346934" />
  <node id="472439090" lat="48.7499538" lon="11.4330329" />
  <node id="472439092" lat="48.7500188" lon="11.4333858" />
  <node id="472439093" lat="48.7500636" lon="11.4336396" />
  <node id="472439094" lat="48.7498973" lon="11.4339119" />
  <node id="472439095" lat="48.7497953" lon="11.4341784" />
  <node id="472439096" lat="48.7496725" lon="11.4344106" />
  <node id="472439097" lat="48.7494759" lon="11.4345453" />
  <node id="472439098" lat="48.7491018" lon="11.4346886" />
  <node id="472439099" lat="48.7481881" lon="11.4354705" />
  <node id="472439100" lat="48.7482489" lon="11.4355241" />
  <node id="472439102" lat="48.7474488" lon="11.4350056" />
  <node id="472439103" lat="48.7471961" lon="11.4348117" />
  <node id="472439104" lat="48.7470804" lon="11.4348968" />
  <node id="472439105" lat="48.7468943" lon="11.4350333" />
  <node id="472439106" lat="48.7466456" lon="11.4351980" />
  <node id="472439107" lat="48.7481057" lon="11.4351772" />
  <node id="472439108" lat="48.7481374" lon="11.4353308" />
  <node id="472439109" lat="48.7488125" lon="11.4352390" />
  <node id="472439110" lat="48.7487675" lon="11.4353624" />
  <node id="472442941" lat="48.7456783" lon="11.4342395" />
  <node id="472442942" lat="48.7450162" lon="11.4342438" />
  <node id="472442944" lat="48.7445394" lon="11.4342178" />
  <node id="472442945" lat="48.7443210" lon="11.4343111" />
  <node id="472442946" lat="48.7440577" lon="11.4343832" />
  <node id="472442948" lat="48.7450187" lon="11.4340745" />
  <node id="472442968" lat="48.7444121" lon="11.4349225" />
  <node id="472442969" lat="48.7441510" lon="11.4350241" />
  <node id="473707825" lat="48.7517432" lon="11.4265791" />
  <node id="475311969" lat="48.7568804" lon="11.4308282" />
  <node id="475944682" lat="48.7524664" lon="11.4289721" />
  <node id="475944683" lat="48.7527196" lon="11.4294749" />
  <node id="475944684" lat="48.7529257" lon="11.4296058" />
  <node id="480162647" lat="48.7494599" lon="11.4205362" />
  <node id="480162648" lat="48.7519594" lon="11.4241441" />
  <node id="480162650" lat="48.7520714" lon="11.4245049" />
  <node id="492730782" lat="48.7518583" lon="11.4278792" />
  <node id="492730783" lat="48.7518509" lon="11.4275060" />
  <node id="492730785" lat="48.7518058" lon="11.4268977" />
  <node id="503416678" lat="48.7471761" lon="11.4201559" />
  <node id="503416705" lat="48.7574688" lon="11.4217489" />
  <node id="503416708" lat="48.7574022" lon="11.4217101" />
  <node id="503416711" lat="48.7573483" lon="11.4217218" />
  <node id="503416713" lat="48.7573105" lon="11.4217599" />
  <node id="503416716" lat="48.7572888" lon="11.4218165" />
  <node id="503416719" lat="48.7572819" lon="11.4218835" />
  <node id="503416723" lat="48.7573014" lon="11.4220449" />
  <node id="503416726" lat="48.7572864" lon="11.4221442" />
  <node id="503719901" lat="48.7425513" lon="11.4318391" />
  <node id="503719902" lat="48.7425976" lon="11.4335499" />
  <node id="517237080" lat="48.7419566" lon="11.4447543" />
  <node id="530808363" lat="48.7434309" lon="11.4362298" />
  <node id="530808365" lat="48.7426650" lon="11.4365433" />
  <node id="530808367" lat="48.7421329" lon="11.4367586" />
  <node id="566265038" lat="48.7484474" lon="11.4229568" />
  <node id="566265105" lat="48.7474485" lon="11.4233428" />
  <node id="566265133" lat="48.7446269" lon="11.4232613" />
  <node id="566265167" lat="48.7442830" lon="11.4232904" />
  <node id="566265172" lat="48.7441032" lon="11.4231971" />
  <node id="566266839" lat="48.7450205" lon="11.4241505" />
  <node id="570048664" lat="48.7575278" lon="11.4218155" />
  <node id="613031645" lat="48.7490055" lon="11.4398342" />
  <node id="652860493" lat="48.7430579" lon="11.4268127" />
  <node id="654461265" lat="48.7438860" lon="11.4327516" />
  <node id="687777461" lat="48.7525702" lon="11.4220292" />
  <node id="698510464" lat="48.7450370" lon="11.4437521" />
  <node id="699711043" lat="48.7443417" lon="11.4363343" />
  <node id="699711075" lat="48.7442256" lon="11.4364356" />
  <node id="699711086" lat="48.7441810" lon="11.4343296" />
  <node id="699711095" lat="48.7453306" lon="11.4360549" />
  <node id="699711112" lat="48.7458125" lon="11.4357642" />
  <node id="699711117" lat="48.7449583" lon="11.4359959" />
  <node id="699711134" lat="48.7456244" lon="11.4360537" />
  <node id="699711167" lat="48.7443138" lon="11.4369970" />
  <node id="699711226" lat="48.7448695" lon="11.4363972" />
  <node id="699711233" lat="48.7443177" lon="11.4370265" />
  <node id="699806341" lat="48.7408508" lon="11.4357512" />
  <node id="703348354" lat="48.7458431" lon="11.4329031" />
  <node id="703348358" lat="48.7462857" lon="11.4330747" />
  <node id="703348359" lat="48.7431722" lon="11.4348375" />
  <node id="703348362" lat="48.7463019" lon="11.4330251" />
  <node id="703348365" lat="48.7424202" lon="11.4352838" />
  <node id="703348366" lat="48.7461924" lon="11.4330850" />
  <node id="703348368" lat="48.7466667" lon="11.4342636" />
  <node id="703348372" lat="48.7462419" lon="11.4328908" />
  <node id="703348373" lat="48.7431308" lon="11.4348671" />
  <node id="703348374" lat="48.7462438" lon="11.4330932" />
  <node id="703348378" lat="48.7461585" lon="11.4329187" />
  <node id="703348381" lat="48.7420866" lon="11.4354655" />
  <node id="703348382" lat="48.7462000" lon="11.4328857" />
  <node id="703348386" lat="48.7468564" lon="11.4344612" />
  <node id="703348387" lat="48.7423894" lon="11.4352986" />
  <node id="703348388" lat="48.7461544" lon="11.4329652" />
  <node id="703348396" lat="48.7462787" lon="11.4329124" />
  <node id="703348397" lat="48.7424638" lon="11.4352577" />
  <node id="703348398" lat="48.7463020" lon="11.4329456" />
  <node id="703348399" lat="48.7420408" lon="11.4363224" />
  <node id="717437969" lat="48.7450590" lon="11.4439035" />
  <node id="717438053" lat="48.7455296" lon="11.4450997" />
  <node id="722875485" lat="48.7545387" lon="11.4310584" />
  <node id="726492519" lat="48.7533921" lon="11.4454559" />
  <node id="746753170" lat="48.7432453" lon="11.4284080" />
  <node id="746753171" lat="48.7431185" lon="11.4229380" />
  <node id="746753173" lat="48.7433206" lon="11.4267901" />
  <node id="746753174" lat="48.7431462" lon="11.4263446" />
  <node id="746753179" lat="48.7434670" lon="11.4296143" />
  <node id="746753184" lat="48.7433289" lon="11.4265315" />
  <node id="746753186" lat="48.7433652" lon="11.4290489" />
  <node id="746753187" lat="48.7434732" lon="11.4294993" />
  <node id="746753188" lat="48.7433626" lon="11.4257314" />
  <node id="746753191" lat="48.7433303" lon="11.4243729" />
  <node id="746753194" lat="48.7433413" lon="11.4262845" />
  <node id="746753196" lat="48.7432547" lon="11.4285856" />
  <node id="746753197" lat="48.7433450" lon="11.4247665" />
  <node id="746753198" lat="48.7432842" lon="11.4237354" />
  <node id="746753200" lat="48.7430905" lon="11.4279565" />
  <node id="746753201" lat="48.7430954" lon="11.4283878" />
  <node id="746753202" lat="48.7432377" lon="11.4234325" />
  <node id="746753206" lat="48.7433037" lon="11.4278897" />
  <node id="747072551" lat="48.7541296" lon="11.4312324" />
  <node id="747072572" lat="48.7540188" lon="11.4310124" />
  <node id="747072595" lat="48.7536949" lon="11.4311506" />
  <node id="747072616" lat="48.7537308" lon="11.4314052" />
  <node id="766009232" lat="48.7550094" lon="11.4361653" />
  <node id="766009257" lat="48.7550527" lon="11.4361352" />
  <node id="766009275" lat="48.7549418" lon="11.4367675" />
  <node id="766009291" lat="48.7550027" lon="11.4358018" />
  <node id="766009297" lat="48.7549434" lon="11.4366294" />
  <node id="766009314" lat="48.7549802" lon="11.4381291" />
  <node id="766009318" lat="48.7551268" lon="11.4356913" />
  <node id="766009335" lat="48.7418299" lon="11.4455697" />
  <node id="766009347" lat="48.7549359" lon="11.4369411" />
  <node id="766009349" lat="48.7551930" lon="11.4356272" />
  <node id="766009396" lat="48.7423899" lon="11.4459950" />
  <node id="772166897" lat="48.7564110" lon="11.4255027" />
  <node id="776120598" lat="48.7549825" lon="11.4277426" />
  <node id="776120601" lat="48.7534871" lon="11.4218398" />
  <node id="776120604" lat="48.7532928" lon="11.4218844" />
  <node id="776120607" lat="48.7532333" lon="11.4219883" />
  <node id="776120610" lat="48.7531530" lon="11.4221962" />
  <node id="776120612" lat="48.7530738" lon="11.4225282" />
  <node id="776120615" lat="48.7529571" lon="11.4228626" />
  <node id="776120618" lat="48.7528532" lon="11.4231333" />
  <node id="776120622" lat="48.7528649" lon="11.4233109" />
  <node id="776120626" lat="48.7527843" lon="11.4237941" />
  <node id="776120633" lat="48.7526808" lon="11.4245014" />
  <node id="776120636" lat="48.7526927" lon="11.4248530" />
  <node id="776120640" lat="48.7527569" lon="11.4252354" />
  <node id="776120646" lat="48.7531389" lon="11.4262922" />
  <node id="776120651" lat="48.7533625" lon="11.4266736" />
  <node id="776120654" lat="48.7534926" lon="11.4268296" />
  <node id="776120657" lat="48.7536399" lon="11.4269343" />
  <node id="776120659" lat="48.7540232" lon="11.4272436" />
  <node id="776120661" lat="48.7543575" lon="11.4274688" />
  <node id="776120663" lat="48.7545102" lon="11.4276440" />
  <node id="776120666" lat="48.7546116" lon="11.4276941" />
  <node id="776120667" lat="48.7547731" lon="11.4277156" />
  <node id="796260049" lat="48.7572392" lon="11.4236759" />
  <node id="796260115" lat="48.7571212" lon="11.4239136" />
  <node id="796260199" lat="48.7571781" lon="11.4239034" />
  <node id="796260204" lat="48.7572242" lon="11.4237724" />
  <node id="853410328" lat="48.7434275" lon="11.4298738" />
  <node id="865007985" lat="48.7470689" lon="11.4452293" />
  <node id="865008006" lat="48.7469265" lon="11.4452416" />
  <node id="865008011" lat="48.7511304" lon="11.4431996" />
  <node id="865008027" lat="48.7469774" lon="11.4452693" />
  <node id="865008030" lat="48.7467068" lon="11.4448944" />
  <node id="865008046" lat="48.7467325" lon="11.4450129" />
  <node id="865008061" lat="48.7467924" lon="11.4436194" />
  <node id="916618089" lat="48.7443129" lon="11.4365980" />
  <node id="938227809" lat="48.7527565" lon="11.4403369" />
  <node id="938227812" lat="48.7524745" lon="11.4406235" />
  <node id="938227819" lat="48.7527230" lon="11.4408203" />
  <node id="938227820" lat="48.7523793" lon="11.4404810" />
  <node id="938227825" lat="48.7527697" lon="11.4409378" />
  <node id="938227828" lat="48.7530830" lon="11.4402116" />
  <node id="975729481" lat="48.7456515" lon="11.4340575" />
  <node id="975729483" lat="48.7446778" lon="11.4361003" />
  <node id="975729485" lat="48.7444740" lon="11.4339880" />
  <node id="975729486" lat="48.7435689" lon="11.4342507" />
  <node id="975729488" lat="48.7446470" lon="11.4363049" />
  <node id="975729491" lat="48.7456451" lon="11.4349119" />
  <node id="975729492" lat="48.7453075" lon="11.4340234" />
  <node id="975729494" lat="48.7440271" lon="11.4341686" />
  <node id="975729500" lat="48.7456959" lon="11.4343626" />
  <node id="975729503" lat="48.7450201" lon="11.4339975" />
  <node id="975729505" lat="48.7455645" lon="11.4344224" />
  <node id="975729506" lat="48.7436567" lon="11.4347695" />
  <node id="1079365858" lat="48.7570836" lon="11.4226278" />
  <node id="1079365960" lat="48.7564688" lon="11.4210101" />
  <node id="1079366002" lat="48.7569641" lon="11.4225483" />
  <node id="1079366051" lat="48.7570759" lon="11.4227576" />
  <node id="1079366093" lat="48.7571974" lon="11.4223955" />
  <node id="1079366100" lat="48.7567362" lon="11.4231537" />
  <node id="1079366254" lat="48.7569953" lon="11.4228745" />
  <node id="1079366285" lat="48.7561701" lon="11.4213061" />
  <node id="1079366342" lat="48.7567061" lon="11.4227435" />
  <node id="1079366412" lat="48.7571466" lon="11.4223629" />
  <node id="1079366422" lat="48.7566964" lon="11.4232466" />
  <node id="1079366562" lat="48.7560933" lon="11.4225267" />
  <node id="1079366570" lat="48.7566751" lon="11.4226883" />
  <node id="1079366629" lat="48.7567623" lon="11.4227503" />
  <node id="1079366687" lat="48.7569997" lon="11.4223623" />
  <node id="1079366718" lat="48.7567523" lon="11.4234409" />
  <node id="1079366723" lat="48.7559084" lon="11.4220413" />
  <node id="1079366750" lat="48.7580533" lon="11.4210481" />
  <node id="1174664175" lat="48.7467152" lon="11.4437723" />
  <node id="1174664235" lat="48.7463337" lon="11.4434574" />
  <node id="1174664324" lat="48.7462738" lon="11.4432153" />
  <node id="1187337024" lat="48.7575741" lon="11.4237668" />
  <node id="1197035244" lat="48.7552924" lon="11.4305539" />
  <node id="1197035245" lat="48.7550776" lon="11.4303017" />
  <node id="1197035246" lat="48.7548543" lon="11.4307426" />
  <node id="1197035247" lat="48.7555111" lon="11.4302937" />
  <node id="1197035249" lat="48.7560248" lon="11.4279200" />
  <node id="1197035262" lat="48.7546383" lon="11.4284161" />
  <node id="1197035266" lat="48.7559169" lon="11.4282950" />
  <node id="1197035273" lat="48.7557969" lon="11.4273516" />
  <node id="1197035276" lat="48.7553957" lon="11.4302152" />
  <node id="1197035278" lat="48.7550746" lon="11.4315725" />
  <node id="1197035290" lat="48.7544994" lon="11.4284379" />
  <node id="1197035299" lat="48.7555431" lon="11.4272856" />
  <node id="1197035304" lat="48.7547614" lon="11.4299495" />
  <node id="1197035305" lat="48.7552476" lon="11.4302667" />
  <node id="1197035328" lat="48.7554680" lon="11.4269892" />
  <node id="1197035331" lat="48.7554585" lon="11.4302034" />
  <node id="1197035335" lat="48.7550563" lon="11.4316697" />
  <node id="1197035339" lat="48.7548709" lon="11.4303515" />
  <node id="1197035343" lat="48.7559925" lon="11.4288988" />
  <node id="1197035345" lat="48.7552501" lon="11.4291753" />
  <node id="1197035348" lat="48.7564973" lon="11.4260886" />
  <node id="1197035352" lat="48.7550157" lon="11.4315809" />
  <node id="1197035379" lat="48.7558233" lon="11.4272499" />
  <node id="1197035381" lat="48.7551199" lon="11.4303683" />
  <node id="1197035382" lat="48.7548977" lon="11.4323705" />
  <node id="1197035386" lat="48.7547374" lon="11.4290083" />
  <node id="1197035388" lat="48.7549707" lon="11.4318318" />
  <node id="1197035390" lat="48.7553788" lon="11.4313940" />
  <node id="1197035393" lat="48.7559394" lon="11.4281360" />
  <node id="1197035413" lat="48.7549434" lon="11.4321263" />
  <node id="1197035415" lat="48.7549608" lon="11.4315455" />
  <node id="1197035419" lat="48.7548408" lon="11.4303986" />
  <node id="1197035422" lat="48.7553376" lon="11.4291992" />
  <node id="1197035432" lat="48.7558795" lon="11.4273027" />
  <node id="1197035454" lat="48.7544286" lon="11.4284453" />
  <node id="1197035457" lat="48.7559691" lon="11.4279956" />
  <node id="1197035460" lat="48.7556130" lon="11.4271853" />
  <node id="1197035463" lat="48.7572921" lon="11.4274346" />
  <node id="1197035464" lat="48.7547518" lon="11.4296575" />
  <node id="1197035465" lat="48.7551931" lon="11.4303362" />
  <node id="1197035466" lat="48.7552779" lon="11.4293212" />
  <node id="1197035489" lat="48.7552060" lon="11.4313832" />
  <node id="1197035496" lat="48.7550153" lon="11.4317301" />
  <node id="1197035498" lat="48.7549309" lon="11.4302754" />
  <node id="1197035502" lat="48.7559103" lon="11.4284348" />
  <node id="1197035509" lat="48.7563360" lon="11.4257839" />
  <node id="1197349389" lat="48.7544589" lon="11.4309869" />
  <node id="1197458602" lat="48.7558166" lon="11.4366619" />
  <node id="1197458608" lat="48.7567536" lon="11.4370612" />
  <node id="1197458613" lat="48.7570532" lon="11.4374832" />
  <node id="1197458639" lat="48.7566666" lon="11.4374129" />
  <node id="1197458643" lat="48.7547624" lon="11.4361918" />
  <node id="1197458646" lat="48.7548446" lon="11.4336641" />
  <node id="1197458674" lat="48.7540291" lon="11.4362748" />
  <node id="1197458700" lat="48.7563225" lon="11.4368588" />
  <node id="1197458707" lat="48.7537362" lon="11.4394483" />
  <node id="1197458722" lat="48.7561873" lon="11.4364237" />
  <node id="1197458738" lat="48.7573232" lon="11.4366279" />
  <node id="1197458802" lat="48.7565804" lon="11.4372886" />
  <node id="1197458809" lat="48.7547945" lon="11.4350825" />
  <node id="1197458832" lat="48.7571261" lon="11.4379369" />
  <node id="1197458837" lat="48.7562492" lon="11.4365510" />
  <node id="1197458880" lat="48.7540485" lon="11.4361355" />
  <node id="1197458884" lat="48.7561355" lon="11.4364536" />
  <node id="1197458888" lat="48.7549288" lon="11.4322525" />
  <node id="1197458921" lat="48.7557667" lon="11.4355915" />
  <node id="1197458941" lat="48.7541689" lon="11.4360597" />
  <node id="1197458949" lat="48.7567559" lon="11.4373133" />
  <node id="1197458975" lat="48.7562454" lon="11.4367037" />
  <node id="1197458986" lat="48.7546991" lon="11.4397233" />
  <node id="1197458992" lat="48.7549650" lon="11.4361614" />
  <node id="1197458999" lat="48.7541012" lon="11.4360552" />
  <node id="1198400319" lat="48.7551051" lon="11.4357556" />
  <node id="1198400322" lat="48.7550820" lon="11.4360554" />
  <node id="1200093745" lat="48.7529534" lon="11.4365595" />
  <node id="1268916617" lat="48.7515889" lon="11.4343424" />
  <node id="1268916618" lat="48.7515048" lon="11.4339580" />
  <node id="1268916619" lat="48.7515149" lon="11.4350855" />
  <node id="1268916620" lat="48.7516271" lon="11.4350649" />
  <node id="1307952714" lat="48.7575307" lon="11.4454455" />
  <node id="1307952728" lat="48.7569773" lon="11.4442582" />
  <node id="1307952731" lat="48.7580849" lon="11.4417960" />
  <node id="1307952744" lat="48.7573754" lon="11.4453029" />
  <node id="1307952755" lat="48.7575731" lon="11.4448133" />
  <node id="1315532825" lat="48.7506015" lon="11.4329229" />
  <node id="1315532826" lat="48.7469825" lon="11.4342058" />
  <node id="1315532831" lat="48.7470366" lon="11.4344716" />
  <node id="1315532833" lat="48.7469004" lon="11.4345575" />
  <node id="1315532836" lat="48.7470695" lon="11.4338281" />
  <node id="1315532842" lat="48.7469401" lon="11.4337103" />
  <node id="1315532845" lat="48.7516228" lon="11.4306237" />
  <node id="1315532846" lat="48.7479663" lon="11.4342247" />
  <node id="1315532847" lat="48.7474252" lon="11.4339853" />
  <node id="1315532851" lat="48.7505273" lon="11.4329534" />
  <node id="1315532855" lat="48.7469819" lon="11.4338358" />
  <node id="1315532859" lat="48.7465899" lon="11.4342595" />
  <node id="1315532862" lat="48.7465480" lon="11.4341124" />
  <node id="1315532864" lat="48.7470204" lon="11.4336743" />
  <node id="1315532865" lat="48.7506019" lon="11.4326455" />
  <node id="1315532869" lat="48.7444600" lon="11.4337380" />
  <node id="1315532870" lat="48.7471624" lon="11.4341180" />
  <node id="1315532872" lat="48.7508408" lon="11.4333338" />
  <node id="1315532874" lat="48.7505488" lon="11.4326697" />
  <node id="1315532877" lat="48.7470665" lon="11.4343941" />
  <node id="1315532879" lat="48.7471408" lon="11.4343999" />
  <node id="1315532881" lat="48.7467381" lon="11.4341083" />
  <node id="1328156421" lat="48.7579299" lon="11.4444583" />
  <node id="1328156431" lat="48.7579903" lon="11.4431876" />
  <node id="1328156462" lat="48.7574590" lon="11.4404129" />
  <node id="1328156475" lat="48.7573693" lon="11.4432660" />
  <node id="1328156485" lat="48.7571715" lon="11.4437349" />
  <node id="1328156486" lat="48.7571234" lon="11.4406185" />
  <node id="1328156490" lat="48.7581847" lon="11.4427166" />
  <node id="1328156530" lat="48.7575682" lon="11.4427793" />
  <node id="1328156579" lat="48.7577621" lon="11.4423031" />
  <node id="1328156640" lat="48.7577093" lon="11.4400533" />
  <node id="1328156675" lat="48.7581703" lon="11.4405823" />
  <node id="1328156697" lat="48.7577915" lon="11.4436618" />
  <node id="1356546297" lat="48.7531088" lon="11.4206998" />
  <node id="1393740285" lat="48.7574460" lon="11.4233598" />
  <node id="1393740300" lat="48.7577284" lon="11.4239729" />
  <node id="1442150004" lat="48.7556005" lon="11.4313029" />
  <node id="1442150014" lat="48.7556916" lon="11.4312704" />
  <node id="1442150015" lat="48.7557340" lon="11.4304186" />
  <node id="1442150016" lat="48.7557727" lon="11.4276195" />
  <node id="1442150018" lat="48.7559156" lon="11.4279489" />
  <node id="1442150020" lat="48.7559289" lon="11.4286426" />
  <node id="1442150022" lat="48.7559105" lon="11.4309845" />
  <node id="1442150033" lat="48.7560055" lon="11.4274038" />
  <node id="1442150034" lat="48.7560560" lon="11.4274744" />
  <node id="1442150036" lat="48.7560573" lon="11.4278096" />
  <node id="1442150038" lat="48.7560697" lon="11.4276793" />
  <node id="1442150040" lat="48.7561332" lon="11.4293511" />
  <node id="1442150047" lat="48.7561451" lon="11.4298986" />
  <node id="1442150048" lat="48.7562720" lon="11.4310523" />
  <node id="1442150050" lat="48.7563279" lon="11.4289284" />
  <node id="1442150051" lat="48.7564033" lon="11.4287862" />
  <node id="1442150071" lat="48.7568581" lon="11.4309952" />
  <node id="1442150090" lat="48.7569890" lon="11.4310102" />
  <node id="1442150174" lat="48.7575771" lon="11.4291758" />
  <node id="1442150185" lat="48.7579496" lon="11.4280372" />
  <node id="1442150202" lat="48.7582223" lon="11.4313534" />
  <node id="1442150204" lat="48.7582276" lon="11.4313028" />
  <node id="1442207871" lat="48.7559775" lon="11.4302040" />
  <node id="1442207872" lat="48.7560451" lon="11.4306371" />
  <node id="1442207873" lat="48.7563047" lon="11.4302867" />
  <node id="1442207875" lat="48.7567006" lon="11.4307404" />
  <node id="1442207878" lat="48.7567480" lon="11.4305590" />
  <node id="1442207898" lat="48.7574777" lon="11.4290118" />
  <node id="1442207899" lat="48.7574787" lon="11.4290419" />
  <node id="1442207900" lat="48.7574945" lon="11.4290840" />
  <node id="1442207906" lat="48.7575748" lon="11.4287456" />
  <node id="1443568593" lat="48.7552850" lon="11.4310694" />
  <node id="1443568594" lat="48.7555164" lon="11.4312714" />
  <node id="1443568595" lat="48.7557008" lon="11.4316468" />
  <node id="1443568596" lat="48.7557863" lon="11.4342238" />
  <node id="1443568597" lat="48.7557810" lon="11.4331045" />
  <node id="1443568598" lat="48.7557849" lon="11.4329475" />
  <node id="1443568599" lat="48.7557850" lon="11.4327748" />
  <node id="1443568610" lat="48.7558511" lon="11.4310122" />
  <node id="1443568612" lat="48.7558335" lon="11.4334634" />
  <node id="1443568616" lat="48.7558775" lon="11.4326699" />
  <node id="1443568619" lat="48.7559202" lon="11.4327599" />
  <node id="1443568623" lat="48.7559300" lon="11.4331601" />
  <node id="1443568625" lat="48.7559544" lon="11.4328011" />
  <node id="1443568627" lat="48.7559676" lon="11.4331261" />
  <node id="1443568631" lat="48.7560104" lon="11.4328344" />
  <node id="1443568633" lat="48.7560299" lon="11.4331150" />
  <node id="1443568638" lat="48.7560534" lon="11.4326546" />
  <node id="1443568640" lat="48.7560938" lon="11.4331269" />
  <node id="1443568642" lat="48.7561165" lon="11.4328676" />
  <node id="1443568646" lat="48.7561432" lon="11.4329381" />
  <node id="1443568654" lat="48.7561570" lon="11.4318190" />
  <node id="1443568656" lat="48.7562063" lon="11.4326982" />
  <node id="1443568657" lat="48.7562151" lon="11.4313499" />
  <node id="1443568658" lat="48.7562333" lon="11.4313084" />
  <node id="1443568660" lat="48.7562579" lon="11.4312885" />
  <node id="1443568661" lat="48.7562729" lon="11.4332875" />
  <node id="1443568668" lat="48.7562795" lon="11.4331720" />
  <node id="1443568670" lat="48.7562890" lon="11.4329850" />
  <node id="1443568672" lat="48.7563012" lon="11.4329155" />
  <node id="1443568674" lat="48.7563951" lon="11.4331126" />
  <node id="1443568676" lat="48.7563099" lon="11.4318626" />
  <node id="1443568677" lat="48.7564063" lon="11.4329933" />
  <node id="1443568678" lat="48.7563639" lon="11.4327431" />
  <node id="1443568679" lat="48.7563824" lon="11.4346796" />
  <node id="1443568683" lat="48.7563831" lon="11.4312715" />
  <node id="1443568686" lat="48.7564501" lon="11.4347393" />
  <node id="1443568688" lat="48.7564675" lon="11.4319075" />
  <node id="1443568689" lat="48.7565120" lon="11.4327854" />
  <node id="1443568690" lat="48.7565453" lon="11.4329914" />
  <node id="1443568691" lat="48.7565493" lon="11.4312480" />
  <node id="1443568693" lat="48.7566156" lon="11.4319498" />
  <node id="1443568694" lat="48.7566391" lon="11.4329222" />
  <node id="1443568696" lat="48.7566915" lon="11.4333507" />
  <node id="1443568698" lat="48.7567057" lon="11.4312234" />
  <node id="1443568699" lat="48.7567091" lon="11.4346491" />
  <node id="1443568702" lat="48.7567320" lon="11.4321805" />
  <node id="1443568709" lat="48.7568792" lon="11.4329448" />
  <node id="1443568711" lat="48.7569598" lon="11.4322549" />
  <node id="1443568717" lat="48.7569742" lon="11.4329047" />
  <node id="1443568721" lat="48.7573570" lon="11.4343604" />
  <node id="1443568727" lat="48.7576745" lon="11.4345464" />
  <node id="1443568740" lat="48.7578733" lon="11.4331511" />
  <node id="1443568780" lat="48.7580113" lon="11.4353778" />
  <node id="1443568782" lat="48.7580187" lon="11.4338891" />
  <node id="1443568783" lat="48.7580349" lon="11.4348241" />
  <node id="1443568798" lat="48.7580294" lon="11.4340099" />
  <node id="1443568804" lat="48.7580758" lon="11.4331978" />
  <node id="1443568805" lat="48.7580865" lon="11.4347615" />
  <node id="1443568808" lat="48.7581104" lon="11.4347324" />
  <node id="1443568811" lat="48.7581122" lon="11.4345561" />
  <node id="1443568826" lat="48.7581308" lon="11.4344729" />
  <node id="1443568827" lat="48.7581303" lon="11.4347076" />
  <node id="1443568829" lat="48.7581355" lon="11.4346322" />
  <node id="1443568831" lat="48.7581720" lon="11.4344355" />
  <node id="1443568834" lat="48.7581689" lon="11.4346611" />
  <node id="1443568837" lat="48.7582194" lon="11.4344424" />
  <node id="1443568861" lat="48.7582122" lon="11.4346594" />
  <node id="1443568862" lat="48.7582500" lon="11.4353578" />
  <node id="1443568863" lat="48.7582561" lon="11.4344935" />
  <node id="1443568864" lat="48.7582458" lon="11.4346263" />
  <node id="1443568865" lat="48.7582652" lon="11.4345559" />
  <node id="1444117769" lat="48.7554893" lon="11.4294182" />
  <node id="1496557347" lat="48.7438097" lon="11.4319403" />
  <node id="1496557354" lat="48.7446044" lon="11.4359773" />
  <node id="1496557355" lat="48.7448122" lon="11.4359078" />
  <node id="1496557364" lat="48.7450197" lon="11.4357980" />
  <node id="1496557384" lat="48.7452003" lon="11.4350867" />
  <node id="1496557386" lat="48.7452281" lon="11.4356331" />
  <node id="1496557387" lat="48.7452267" lon="11.4357204" />
  <node id="1496557388" lat="48.7452536" lon="11.4354478" />
  <node id="1496557396" lat="48.7451828" lon="11.4359729" />
  <node id="1496557398" lat="48.7452463" lon="11.4358400" />
  <node id="1496557400" lat="48.7453147" lon="11.4344428" />
  <node id="1496557402" lat="48.7453092" lon="11.4343185" />
  <node id="1496557404" lat="48.7453103" lon="11.4342704" />
  <node id="1496557414" lat="48.7455871" lon="11.4342784" />
  <node id="1496557416" lat="48.7457394" lon="11.4342880" />
  <node id="1496557419" lat="48.7458367" lon="11.4351730" />
  <node id="1496557420" lat="48.7458540" lon="11.4356017" />
  <node id="1496557421" lat="48.7458885" lon="11.4351477" />
  <node id="1496557423" lat="48.7459063" lon="11.4355540" />
  <node id="1496557424" lat="48.7459557" lon="11.4343078" />
  <node id="1496557426" lat="48.7460885" lon="11.4350631" />
  <node id="1500083041" lat="48.7562469" lon="11.4227277" />
  <node id="1507611842" lat="48.7465774" lon="11.4236579" />
  <node id="1507611851" lat="48.7469059" lon="11.4235303" />
  <node id="1515873716" lat="48.7409097" lon="11.4201384" />
  <node id="1515873718" lat="48.7423771" lon="11.4350899" />
  <node id="1515873720" lat="48.7436469" lon="11.4245486" />
  <node id="1515873749" lat="48.7444545" lon="11.4343681" />
  <node id="1515873750" lat="48.7445102" lon="11.4348764" />
  <node id="1515873751" lat="48.7445166" lon="11.4347850" />
  <node id="1515873767" lat="48.7456877" lon="11.4343026" />
  <node id="1544146548" lat="48.7504683" lon="11.4412019" />
  <node id="1544146550" lat="48.7580419" lon="11.4385708" />
  <node id="1602167845" lat="48.7439411" lon="11.4216480" />
  <node id="1602167857" lat="48.7451806" lon="11.4215858" />
  <node id="1602167859" lat="48.7453410" lon="11.4216094" />
  <node id="1602167863" lat="48.7454667" lon="11.4216071" />
  <node id="1602167864" lat="48.7455623" lon="11.4222469" />
  <node id="1602167867" lat="48.7456148" lon="11.4231184" />
  <node id="1602167869" lat="48.7456325" lon="11.4216843" />
  <node id="1602167870" lat="48.7456419" lon="11.4236332" />
  <node id="1602167871" lat="48.7456503" lon="11.4235616" />
  <node id="1602167872" lat="48.7456518" lon="11.4232330" />
  <node id="1602167873" lat="48.7456618" lon="11.4233687" />
  <node id="1602167874" lat="48.7456625" lon="11.4236944" />
  <node id="1602167876" lat="48.7456958" lon="11.4234389" />
  <node id="1602167898" lat="48.7465148" lon="11.4236260" />
  <node id="1602167904" lat="48.7465383" lon="11.4238527" />
  <node id="1602167915" lat="48.7467563" lon="11.4235884" />
  <node id="1636466385" lat="48.7555785" lon="11.4279015" />
  <node id="1636466387" lat="48.7556440" lon="11.4274751" />
  <node id="1636466399" lat="48.7558608" lon="11.4219116" />
  <node id="1636466400" lat="48.7560025" lon="11.4223647" />
  <node id="1636466402" lat="48.7561720" lon="11.4255823" />
  <node id="1636466404" lat="48.7561909" lon="11.4255300" />
  <node id="1636466406" lat="48.7561979" lon="11.4256247" />
  <node id="1636466408" lat="48.7561943" lon="11.4254801" />
  <node id="1636466410" lat="48.7561966" lon="11.4253981" />
  <node id="1636466423" lat="48.7563215" lon="11.4255390" />
  <node id="1636466424" lat="48.7563540" lon="11.4254298" />
  <node id="1636466427" lat="48.7564002" lon="11.4229612" />
  <node id="1636466429" lat="48.7564168" lon="11.4219947" />
  <node id="1636466431" lat="48.7564370" lon="11.4257692" />
  <node id="1636466433" lat="48.7564374" lon="11.4257155" />
  <node id="1636466439" lat="48.7564626" lon="11.4230120" />
  <node id="1636466441" lat="48.7565073" lon="11.4248497" />
  <node id="1636466443" lat="48.7565258" lon="11.4231033" />
  <node id="1636466445" lat="48.7565772" lon="11.4232695" />
  <node id="1636466447" lat="48.7566052" lon="11.4259034" />
  <node id="1636466448" lat="48.7566246" lon="11.4249974" />
  <node id="1636466450" lat="48.7566248" lon="11.4233049" />
  <node id="1636466459" lat="48.7567050" lon="11.4233388" />
  <node id="1636466460" lat="48.7567107" lon="11.4231871" />
  <node id="1636466461" lat="48.7567172" lon="11.4233765" />
  <node id="1636466463" lat="48.7568471" lon="11.4230894" />
  <node id="1636466467" lat="48.7570408" lon="11.4234460" />
  <node id="1636466470" lat="48.7570773" lon="11.4234312" />
  <node id="1636466500" lat="48.7572429" lon="11.4222320" />
  <node id="1637088021" lat="48.7428112" lon="11.4215440" />
  <node id="1637088022" lat="48.7428687" lon="11.4200045" />
  <node id="1637088037" lat="48.7429350" lon="11.4203145" />
  <node id="1637088039" lat="48.7429736" lon="11.4213684" />
  <node id="1637088040" lat="48.7430219" lon="11.4217176" />
  <node id="1637088041" lat="48.7430263" lon="11.4205968" />
  <node id="1637088042" lat="48.7430519" lon="11.4218930" />
  <node id="1637088043" lat="48.7430829" lon="11.4220655" />
  <node id="1637088044" lat="48.7431149" lon="11.4223281" />
  <node id="1637088045" lat="48.7431289" lon="11.4228915" />
  <node id="1637088047" lat="48.7431208" lon="11.4240878" />
  <node id="1637088052" lat="48.7431440" lon="11.4228246" />
  <node id="1637088054" lat="48.7431453" lon="11.4226903" />
  <node id="1637088056" lat="48.7431449" lon="11.4209218" />
  <node id="1637088058" lat="48.7431634" lon="11.4220603" />
  <node id="1637088060" lat="48.7431705" lon="11.4231053" />
  <node id="1637088061" lat="48.7431988" lon="11.4218438" />
  <node id="1637088062" lat="48.7432068" lon="11.4210835" />
  <node id="1637088063" lat="48.7432104" lon="11.4232427" />
  <node id="1637088064" lat="48.7432259" lon="11.4233528" />
  <node id="1637088065" lat="48.7432416" lon="11.4212653" />
  <node id="1637088066" lat="48.7432422" lon="11.4216472" />
  <node id="1637088067" lat="48.7432512" lon="11.4213437" />
  <node id="1637088071" lat="48.7432576" lon="11.4215277" />
  <node id="1637088073" lat="48.7432636" lon="11.4232238" />
  <node id="1637088077" lat="48.7433226" lon="11.4231050" />
  <node id="1637088079" lat="48.7433215" lon="11.4240640" />
  <node id="1637088096" lat="48.7437797" lon="11.4227097" />
  <node id="1637088097" lat="48.7437812" lon="11.4228052" />
  <node id="1637088098" lat="48.7438049" lon="11.4229089" />
  <node id="1637088104" lat="48.7438471" lon="11.4225149" />
  <node id="1637088117" lat="48.7439520" lon="11.4219845" />
  <node id="1637088120" lat="48.7439684" lon="11.4218334" />
  <node id="1637088139" lat="48.7465269" lon="11.4237910" />
  <node id="1637705011" lat="48.7526925" lon="11.4242813" />
  <node id="1637705013" lat="48.7527068" lon="11.4240372" />
  <node id="1637705026" lat="48.7528391" lon="11.4235523" />
  <node id="1637705027" lat="48.7528777" lon="11.4229906" />
  <node id="1637705035" lat="48.7530180" lon="11.4255617" />
  <node id="1637705036" lat="48.7530309" lon="11.4227131" />
  <node id="1637705037" lat="48.7530653" lon="11.4254289" />
  <node id="1637705038" lat="48.7530783" lon="11.4260584" />
  <node id="1637705045" lat="48.7531326" lon="11.4252391" />
  <node id="1637705047" lat="48.7531613" lon="11.4244350" />
  <node id="1637705049" lat="48.7531733" lon="11.4251246" />
  <node id="1637705050" lat="48.7532013" lon="11.4247218" />
  <node id="1637705055" lat="48.7532403" lon="11.4264964" />
  <node id="1637705066" lat="48.7533750" lon="11.4218443" />
  <node id="1637705072" lat="48.7535181" lon="11.4221413" />
  <node id="1637705086" lat="48.7538686" lon="11.4264098" />
  <node id="1637705087" lat="48.7538266" lon="11.4244558" />
  <node id="1637705092" lat="48.7539106" lon="11.4243013" />
  <node id="1637705093" lat="48.7539302" lon="11.4262634" />
  <node id="1637705104" lat="48.7540306" lon="11.4261504" />
  <node id="1637705105" lat="48.7539906" lon="11.4241220" />
  <node id="1637705117" lat="48.7541102" lon="11.4260830" />
  <node id="1637705118" lat="48.7540981" lon="11.4239797" />
  <node id="1637705120" lat="48.7541878" lon="11.4239218" />
  <node id="1637705136" lat="48.7542130" lon="11.4273265" />
  <node id="1637705141" lat="48.7542336" lon="11.4259292" />
  <node id="1637705158" lat="48.7543745" lon="11.4258320" />
  <node id="1637705163" lat="48.7544373" lon="11.4275764" />
  <node id="1637705175" lat="48.7545521" lon="11.4265632" />
  <node id="1637705177" lat="48.7545820" lon="11.4257550" />
  <node id="1637705186" lat="48.7546519" lon="11.4257060" />
  <node id="1637705189" lat="48.7547352" lon="11.4257217" />
  <node id="1637705190" lat="48.7546930" lon="11.4291578" />
  <node id="1637705192" lat="48.7547106" lon="11.4295793" />
  <node id="1637705205" lat="48.7547930" lon="11.4285822" />
  <node id="1637705208" lat="48.7548158" lon="11.4301976" />
  <node id="1637705213" lat="48.7548647" lon="11.4267683" />
  <node id="1637705214" lat="48.7548689" lon="11.4284653" />
  <node id="1637705223" lat="48.7550112" lon="11.4284763" />
  <node id="1637705225" lat="48.7550469" lon="11.4311105" />
  <node id="1637705228" lat="48.7550625" lon="11.4284445" />
  <node id="1637705231" lat="48.7550871" lon="11.4293559" />
  <node id="1637705232" lat="48.7551142" lon="11.4261026" />
  <node id="1637705234" lat="48.7551165" lon="11.4283919" />
  <node id="1637705237" lat="48.7551767" lon="11.4283348" />
  <node id="1637705248" lat="48.7553619" lon="11.4263290" />
  <node id="1637705263" lat="48.7554243" lon="11.4268393" />
  <node id="1637705264" lat="48.7554207" lon="11.4267144" />
  <node id="1637705267" lat="48.7554207" lon="11.4266747" />
  <node id="1637705269" lat="48.7552606" lon="11.4270334" />
  <node id="1637705273" lat="48.7554263" lon="11.4266124" />
  <node id="1637705276" lat="48.7555043" lon="11.4264854" />
  <node id="1637705279" lat="48.7554638" lon="11.4265115" />
  <node id="1639935411" lat="48.7529153" lon="11.4256410" />
  <node id="1639935414" lat="48.7532586" lon="11.4255262" />
  <node id="1639935416" lat="48.7535972" lon="11.4255267" />
  <node id="1659885575" lat="48.7412407" lon="11.4221521" />
  <node id="1690490294" lat="48.7575208" lon="11.4244129" />
  <node id="1690490295" lat="48.7576830" lon="11.4244169" />
  <node id="1690490296" lat="48.7577180" lon="11.4246092" />
  <node id="1720282931" lat="48.7456681" lon="11.4245627" />
  <node id="1720282964" lat="48.7458104" lon="11.4254255" />
  <node id="1720282974" lat="48.7458738" lon="11.4244868" />
  <node id="1720283011" lat="48.7460288" lon="11.4253865" />
  <node id="1720283040" lat="48.7460839" lon="11.4243899" />
  <node id="1720283451" lat="48.7472961" lon="11.4284026" />
  <node id="1720283464" lat="48.7473411" lon="11.4282853" />
  <node id="1720283489" lat="48.7473758" lon="11.4284818" />
  <node id="1720283518" lat="48.7474688" lon="11.4283444" />
  <node id="1720283633" lat="48.7477735" lon="11.4272718" />
  <node id="1720283670" lat="48.7478724" lon="11.4282030" />
  <node id="1720283784" lat="48.7481653" lon="11.4263226" />
  <node id="1720283863" lat="48.7482416" lon="11.4268490" />
  <node id="1720283917" lat="48.7483113" lon="11.4268509" />
  <node id="1720284004" lat="48.7485146" lon="11.4263513" />
  <node id="1720284048" lat="48.7485828" lon="11.4267724" />
  <node id="1720284207" lat="48.7488328" lon="11.4228472" />
  <node id="1720284396" lat="48.7495902" lon="11.4229427" />
  <node id="1721646494" lat="48.7493432" lon="11.4297743" />
  <node id="1721646762" lat="48.7502401" lon="11.4295371" />
  <node id="1721646821" lat="48.7507747" lon="11.4311883" />
  <node id="1721646891" lat="48.7510533" lon="11.4309896" />
  <node id="1721646916" lat="48.7511287" lon="11.4312162" />
  <node id="1721646949" lat="48.7511716" lon="11.4308753" />
  <node id="1723604833" lat="48.7481647" lon="11.4337249" />
  <node id="1723604843" lat="48.7480734" lon="11.4330033" />
  <node id="1723605609" lat="48.7508584" lon="11.4339133" />
  <node id="1723605630" lat="48.7514287" lon="11.4337214" />
  <node id="1723628555" lat="48.7542037" lon="11.4316859" />
  <node id="1723628631" lat="48.7555681" lon="11.4295947" />
  <node id="1723628632" lat="48.7555770" lon="11.4294366" />
  <node id="1723628634" lat="48.7555722" lon="11.4282140" />
  <node id="1723628635" lat="48.7556213" lon="11.4292578" />
  <node id="1752529822" lat="48.7514795" lon="11.4345448" />
  <node id="1752559114" lat="48.7475880" lon="11.4422778" />
  <node id="1752559116" lat="48.7482816" lon="11.4417932" />
  <node id="1752559119" lat="48.7489281" lon="11.4414494" />
  <node id="1752559120" lat="48.7495405" lon="11.4412424" />
  <node id="1752559128" lat="48.7500776" lon="11.4410663" />
  <node id="1752559130" lat="48.7504188" lon="11.4387343" />
  <node id="1752559132" lat="48.7507793" lon="11.4408244" />
  <node id="1752559133" lat="48.7508852" lon="11.4407703" />
  <node id="1752559134" lat="48.7509082" lon="11.4405168" />
  <node id="1752559135" lat="48.7509222" lon="11.4406561" />
  <node id="1795322556" lat="48.7576821" lon="11.4378413" />
  <node id="1795345986" lat="48.7547301" lon="11.4349635" />
  <node id="1795345987" lat="48.7548178" lon="11.4349637" />
  <node id="1795345989" lat="48.7550686" lon="11.4368361" />
  <node id="1795345990" lat="48.7551390" lon="11.4366235" />
  <node id="1795345995" lat="48.7553268" lon="11.4362954" />
  <node id="1795345996" lat="48.7554038" lon="11.4363330" />
  <node id="1795345997" lat="48.7554579" lon="11.4354771" />
  <node id="1795345998" lat="48.7554723" lon="11.4359692" />
  <node id="1795346000" lat="48.7555209" lon="11.4358814" />
  <node id="1795346001" lat="48.7555718" lon="11.4356867" />
  <node id="1795346002" lat="48.7555881" lon="11.4360655" />
  <node id="1795346003" lat="48.7557574" lon="11.4365989" />
  <node id="1795346004" lat="48.7557775" lon="11.4365344" />
  <node id="1795346005" lat="48.7558043" lon="11.4364159" />
  <node id="1795346006" lat="48.7558420" lon="11.4363390" />
  <node id="1795346008" lat="48.7565026" lon="11.4367355" />
  <node id="1795346009" lat="48.7565755" lon="11.4374787" />
  <node id="1795346012" lat="48.7565888" lon="11.4368118" />
  <node id="1795399092" lat="48.7421917" lon="11.4373405" />
  <node id="1795399095" lat="48.7426615" lon="11.4372507" />
  <node id="1795399103" lat="48.7435755" lon="11.4367331" />
  <node id="1795399105" lat="48.7436057" lon="11.4368875" />
  <node id="1795399108" lat="48.7436566" lon="11.4366553" />
  <node id="1795399122" lat="48.7441379" lon="11.4341108" />
  <node id="1795399124" lat="48.7442823" lon="11.4364070" />
  <node id="1795399126" lat="48.7444398" lon="11.4342507" />
  <node id="1795399128" lat="48.7446863" lon="11.4338427" />
  <node id="1795399132" lat="48.7453158" lon="11.4343424" />
  <node id="1795399135" lat="48.7454615" lon="11.4344558" />
  <node id="1795399136" lat="48.7455144" lon="11.4342890" />
  <node id="1795399148" lat="48.7464589" lon="11.4353176" />
  <node id="1795399178" lat="48.7467203" lon="11.4342144" />
  <node id="1795399183" lat="48.7467893" lon="11.4341113" />
  <node id="1795399184" lat="48.7467915" lon="11.4341781" />
  <node id="1795399185" lat="48.7467759" lon="11.4342765" />
  <node id="1795399187" lat="48.7468141" lon="11.4343483" />
  <node id="1795399190" lat="48.7468723" lon="11.4342204" />
  <node id="1795399191" lat="48.7469090" lon="11.4341798" />
  <node id="1795399193" lat="48.7469655" lon="11.4342950" />
  <node id="1795399195" lat="48.7469648" lon="11.4344687" />
  <node id="1795399215" lat="48.7472229" lon="11.4342869" />
  <node id="1795399357" lat="48.7515678" lon="11.4341622" />
  <node id="1795399358" lat="48.7519215" lon="11.4351341" />
  <node id="1795399359" lat="48.7519484" lon="11.4353497" />
  <node id="1795399360" lat="48.7521117" lon="11.4347480" />
  <node id="1795399364" lat="48.7525142" lon="11.4345556" />
  <node id="1795399365" lat="48.7528970" lon="11.4344736" />
  <node id="1800429750" lat="48.7499937" lon="11.4332444" />
  <node id="1826298914" lat="48.7446188" lon="11.4362677" />
  <node id="1826298923" lat="48.7446495" lon="11.4364759" />
  <node id="1833941692" lat="48.7571834" lon="11.4231706" />
  <node id="1833941696" lat="48.7575154" lon="11.4218011" />
  <node id="1834131458" lat="48.7529645" lon="11.4316034" />
  <node id="1834131461" lat="48.7533658" lon="11.4314302" />
  <node id="1834131463" lat="48.7535683" lon="11.4318744" />
  <node id="1834131465" lat="48.7537178" lon="11.4312878" />
  <node id="1834131467" lat="48.7540531" lon="11.4319598" />
  <node id="1834131470" lat="48.7540648" lon="11.4318460" />
  <node id="1834131472" lat="48.7540711" lon="11.4335760" />
  <node id="1834131473" lat="48.7541111" lon="11.4311142" />
  <node id="1834131475" lat="48.7545718" lon="11.4286106" />
  <node id="1834131476" lat="48.7545935" lon="11.4287314" />
  <node id="1834131477" lat="48.7546053" lon="11.4289421" />
  <node id="1834131478" lat="48.7547235" lon="11.4309362" />
  <node id="1834131479" lat="48.7547169" lon="11.4310181" />
  <node id="1834131480" lat="48.7548823" lon="11.4309764" />
  <node id="1834131481" lat="48.7549043" lon="11.4335947" />
  <node id="1834131482" lat="48.7549220" lon="11.4327574" />
  <node id="1834131483" lat="48.7549347" lon="11.4334707" />
  <node id="1834131493" lat="48.7549460" lon="11.4332707" />
  <node id="1834131505" lat="48.7555304" lon="11.4293768" />
  <node id="1834131506" lat="48.7555638" lon="11.4286096" />
  <node id="1834131511" lat="48.7556331" lon="11.4308328" />
  <node id="1834131513" lat="48.7556426" lon="11.4294396" />
  <node id="1834131530" lat="48.7557731" lon="11.4296023" />
  <node id="1834136990" lat="48.7548720" lon="11.4335647" />
  <node id="1834136992" lat="48.7549527" lon="11.4336356" />
  <node id="1834136994" lat="48.7550500" lon="11.4336917" />
  <node id="1834136997" lat="48.7551993" lon="11.4336922" />
  <node id="1834137016" lat="48.7557859" lon="11.4326716" />
  <node id="1834137017" lat="48.7558535" lon="11.4331625" />
  <node id="1834159689" lat="48.7470729" lon="11.4340234" />
  <node id="1834159690" lat="48.7471362" lon="11.4344327" />
  <node id="1834159691" lat="48.7473197" lon="11.4340041" />
  <node id="1834159697" lat="48.7474893" lon="11.4341895" />
  <node id="1834159702" lat="48.7476355" lon="11.4302090" />
  <node id="1834159705" lat="48.7479280" lon="11.4301733" />
  <node id="1834159706" lat="48.7484871" lon="11.4316706" />
  <node id="1834159707" lat="48.7485736" lon="11.4315787" />
  <node id="1834159709" lat="48.7488977" lon="11.4335860" />
  <node id="1834159717" lat="48.7498307" lon="11.4306781" />
  <node id="1834159719" lat="48.7499795" lon="11.4331694" />
  <node id="1834159720" lat="48.7500716" lon="11.4344030" />
  <node id="1834159721" lat="48.7501387" lon="11.4307245" />
  <node id="1834159722" lat="48.7502225" lon="11.4330599" />
  <node id="1834159723" lat="48.7503480" lon="11.4330139" />
  <node id="1834159724" lat="48.7504630" lon="11.4330019" />
  <node id="1834159725" lat="48.7504755" lon="11.4304766" />
  <node id="1834159727" lat="48.7505241" lon="11.4338237" />
  <node id="1834159728" lat="48.7505353" lon="11.4329926" />
  <node id="1834159732" lat="48.7508304" lon="11.4330038" />
  <node id="1834159733" lat="48.7508358" lon="11.4330705" />
  <node id="1834159734" lat="48.7508580" lon="11.4332171" />
  <node id="1834159735" lat="48.7508835" lon="11.4328432" />
  <node id="1834159737" lat="48.7511417" lon="11.4325462" />
  <node id="1834159738" lat="48.7511663" lon="11.4288234" />
  <node id="1834159741" lat="48.7514840" lon="11.4323847" />
  <node id="1834159742" lat="48.7518618" lon="11.4279850" />
  <node id="1834159743" lat="48.7520471" lon="11.4284736" />
  <node id="1834159745" lat="48.7528581" lon="11.4309939" />
  <node id="1834159747" lat="48.7529885" lon="11.4317281" />
  <node id="1834159748" lat="48.7530891" lon="11.4308871" />
  <node id="1834159749" lat="48.7532687" lon="11.4316065" />
  <node id="1834159751" lat="48.7532392" lon="11.4306046" />
  <node id="1834159753" lat="48.7533327" lon="11.4305850" />
  <node id="1834159754" lat="48.7535383" lon="11.4308125" />
  <node id="1834159755" lat="48.7535635" lon="11.4308282" />
  <node id="1834159756" lat="48.7535976" lon="11.4308222" />
  <node id="1834159757" lat="48.7536311" lon="11.4307757" />
  <node id="1834159758" lat="48.7536860" lon="11.4306453" />
  <node id="1834159759" lat="48.7537701" lon="11.4303446" />
  <node id="1834162310" lat="48.7537628" lon="11.4302236" />
  <node id="1834162311" lat="48.7537688" lon="11.4301911" />
  <node id="1834162312" lat="48.7537712" lon="11.4303017" />
  <node id="1834162313" lat="48.7539184" lon="11.4297524" />
  <node id="1834163082" lat="48.7519145" lon="11.4297042" />
  <node id="1834183795" lat="48.7537412" lon="11.4295532" />
  <node id="1834183796" lat="48.7537482" lon="11.4289649" />
  <node id="1834183797" lat="48.7539123" lon="11.4289693" />
  <node id="1834183798" lat="48.7539054" lon="11.4295577" />
  <node id="1834183800" lat="48.7539550" lon="11.4297559" />
  <node id="1834196064" lat="48.7470533" lon="11.4300936" />
  <node id="1834196065" lat="48.7474315" lon="11.4299732" />
  <node id="1834196076" lat="48.7515657" lon="11.4313527" />
  <node id="1834196078" lat="48.7515944" lon="11.4306861" />
  <node id="1834196083" lat="48.7539612" lon="11.4301750" />
  <node id="1834196085" lat="48.7540102" lon="11.4297612" />
  <node id="1834196096" lat="48.7542832" lon="11.4311638" />
  <node id="1834196098" lat="48.7543574" lon="11.4297941" />
  <node id="1834198547" lat="48.7507153" lon="11.4341946" />
  <node id="1834198549" lat="48.7510382" lon="11.4340832" />
  <node id="1834198550" lat="48.7511128" lon="11.4338277" />
  <node id="1835774859" lat="48.7518166" lon="11.4375714" />
  <node id="1835774915" lat="48.7531731" lon="11.4350058" />
  <node id="1835774921" lat="48.7532154" lon="11.4381725" />
  <node id="1835774960" lat="48.7536332" lon="11.4382541" />
  <node id="1835774969" lat="48.7537408" lon="11.4388592" />
  <node id="1835774987" lat="48.7539962" lon="11.4398729" />
  <node id="1835775034" lat="48.7549198" lon="11.4382889" />
  <node id="1835775039" lat="48.7553608" lon="11.4363492" />
  <node id="1835775051" lat="48.7554573" lon="11.4362664" />
  <node id="1835775066" lat="48.7558030" lon="11.4357112" />
  <node id="1835775067" lat="48.7558731" lon="11.4354736" />
  <node id="1835775071" lat="48.7575216" lon="11.4378215" />
  <node id="1835775075" lat="48.7576015" lon="11.4376228" />
  <node id="1835775079" lat="48.7574066" lon="11.4369194" />
  <node id="1835775085" lat="48.7577240" lon="11.4377435" />
  <node id="1835775091" lat="48.7578438" lon="11.4380036" />
  <node id="1835799571" lat="48.7502400" lon="11.4424254" />
  <node id="1835799573" lat="48.7503308" lon="11.4438057" />
  <node id="1835799575" lat="48.7506017" lon="11.4436683" />
  <node id="1835799577" lat="48.7514503" lon="11.4427698" />
  <node id="1835799579" lat="48.7515125" lon="11.4430287" />
  <node id="1835799581" lat="48.7520209" lon="11.4402777" />
  <node id="1835799582" lat="48.7521025" lon="11.4399398" />
  <node id="1835799584" lat="48.7521097" lon="11.4397642" />
  <node id="1835799586" lat="48.7521562" lon="11.4405663" />
  <node id="1835799589" lat="48.7522725" lon="11.4403343" />
  <node id="1835799592" lat="48.7533067" lon="11.4401252" />
  <node id="1835799594" lat="48.7541271" lon="11.4412176" />
  <node id="1835799598" lat="48.7565075" lon="11.4376674" />
  <node id="1835799599" lat="48.7565104" lon="11.4415899" />
  <node id="1835799600" lat="48.7565904" lon="11.4402727" />
  <node id="1835799601" lat="48.7566340" lon="11.4377188" />
  <node id="1835799602" lat="48.7566891" lon="11.4375456" />
  <node id="1835799603" lat="48.7567187" lon="11.4377104" />
  <node id="1835799604" lat="48.7567751" lon="11.4375449" />
  <node id="1835799605" lat="48.7568422" lon="11.4375511" />
  <node id="1835799606" lat="48.7568299" lon="11.4377303" />
  <node id="1835799607" lat="48.7569489" lon="11.4376035" />
  <node id="1835799608" lat="48.7572350" lon="11.4378207" />
  <node id="1835810412" lat="48.7545132" lon="11.4397894" />
  <node id="1835810436" lat="48.7546057" lon="11.4400581" />
  <node id="1835810437" lat="48.7551205" lon="11.4390853" />
  <node id="1835810438" lat="48.7565351" lon="11.4399835" />
  <node id="1835810440" lat="48.7567772" lon="11.4397531" />
  <node id="1835810442" lat="48.7568688" lon="11.4395486" />
  <node id="1835810445" lat="48.7569165" lon="11.4394696" />
  <node id="1835810450" lat="48.7569694" lon="11.4394298" />
  <node id="1835810453" lat="48.7569941" lon="11.4394221" />
  <node id="1835810455" lat="48.7571323" lon="11.4394187" />
  <node id="1835810458" lat="48.7571865" lon="11.4388934" />
  <node id="1835810461" lat="48.7572215" lon="11.4394755" />
  <node id="1835810482" lat="48.7573539" lon="11.4395544" />
  <node id="1835810486" lat="48.7573731" lon="11.4384495" />
  <node id="1835810488" lat="48.7574915" lon="11.4396574" />
  <node id="1835810492" lat="48.7575092" lon="11.4391966" />
  <node id="1835810496" lat="48.7575635" lon="11.4392477" />
  <node id="1835810498" lat="48.7576059" lon="11.4393256" />
  <node id="1835810500" lat="48.7576340" lon="11.4397734" />
  <node id="1835810502" lat="48.7576954" lon="11.4387505" />
  <node id="1835810503" lat="48.7577925" lon="11.4398781" />
  <node id="1835810506" lat="48.7578934" lon="11.4396362" />
  <node id="1835817644" lat="48.7563797" lon="11.4425230" />
  <node id="1835817646" lat="48.7564077" lon="11.4444224" />
  <node id="1835817647" lat="48.7564574" lon="11.4447241" />
  <node id="1835817649" lat="48.7566175" lon="11.4443454" />
  <node id="1835822696" lat="48.7508144" lon="11.4410738" />
  <node id="1850082557" lat="48.7549744" lon="11.4383374" />
  <node id="1852633287" lat="48.7422663" lon="11.4274536" />
  <node id="1852633300" lat="48.7428409" lon="11.4210117" />
  <node id="1852633308" lat="48.7429042" lon="11.4215038" />
  <node id="1852633316" lat="48.7429272" lon="11.4209766" />
  <node id="1852633317" lat="48.7429544" lon="11.4211795" />
  <node id="1852633318" lat="48.7429900" lon="11.4224409" />
  <node id="1852633360" lat="48.7458910" lon="11.4211580" />
  <node id="1852633363" lat="48.7460069" lon="11.4211216" />
  <node id="1852633370" lat="48.7470097" lon="11.4201414" />
  <node id="1852633393" lat="48.7490028" lon="11.4202211" />
  <node id="1852633395" lat="48.7491322" lon="11.4201866" />
  <node id="1852633402" lat="48.7496518" lon="11.4207610" />
  <node id="1852633405" lat="48.7502186" lon="11.4213546" />
  <node id="1852633408" lat="48.7503941" lon="11.4200822" />
  <node id="1852633410" lat="48.7507094" lon="11.4221890" />
  <node id="1852633424" lat="48.7527965" lon="11.4206298" />
  <node id="1852633426" lat="48.7529876" lon="11.4206777" />
  <node id="1852633427" lat="48.7531768" lon="11.4207293" />
  <node id="1852633428" lat="48.7548290" lon="11.4236010" />
  <node id="1852651000" lat="48.7407486" lon="11.4292343" />
  <node id="1852651002" lat="48.7407773" lon="11.4291572" />
  <node id="1852651004" lat="48.7423829" lon="11.4298763" />
  <node id="1852651006" lat="48.7426996" lon="11.4285453" />
  <node id="1852651009" lat="48.7431732" lon="11.4290063" />
  <node id="1852651010" lat="48.7432171" lon="11.4314145" />
  <node id="1852651011" lat="48.7433235" lon="11.4295299" />
  <node id="1852651013" lat="48.7435863" lon="11.4304678" />
  <node id="1852696867" lat="48.7404013" lon="11.4360051" />
  <node id="1852696868" lat="48.7419268" lon="11.4356967" />
  <node id="1852696870" lat="48.7431719" lon="11.4255958" />
  <node id="1852696873" lat="48.7433296" lon="11.4276896" />
  <node id="1852696874" lat="48.7433467" lon="11.4273114" />
  <node id="1852696875" lat="48.7433662" lon="11.4250490" />
  <node id="1852696880" lat="48.7437935" lon="11.4286495" />
  <node id="1852696882" lat="48.7440118" lon="11.4320814" />
  <node id="1852696884" lat="48.7442423" lon="11.4260290" />
  <node id="1852696885" lat="48.7444712" lon="11.4252087" />
  <node id="1852696886" lat="48.7445377" lon="11.4298919" />
  <node id="1852696888" lat="48.7450445" lon="11.4302865" />
  <node id="1852696891" lat="48.7453133" lon="11.4298819" />
  <node id="1852696892" lat="48.7455140" lon="11.4308369" />
  <node id="1852696895" lat="48.7458427" lon="11.4304934" />
  <node id="1852696896" lat="48.7458487" lon="11.4308734" />
  <node id="1852696897" lat="48.7459387" lon="11.4253987" />
  <node id="1852696899" lat="48.7460731" lon="11.4308244" />
  <node id="1852696900" lat="48.7462313" lon="11.4252396" />
  <node id="1852696901" lat="48.7462349" lon="11.4253357" />
  <node id="1852696902" lat="48.7462382" lon="11.4253621" />
  <node id="1852696903" lat="48.7462853" lon="11.4253538" />
  <node id="1852696904" lat="48.7463693" lon="11.4303260" />
  <node id="1852696906" lat="48.7473255" lon="11.4302857" />
  <node id="1852696907" lat="48.7474447" lon="11.4290017" />
  <node id="1852696908" lat="48.7478357" lon="11.4278034" />
  <node id="1852696909" lat="48.7479884" lon="11.4256515" />
  <node id="1852696910" lat="48.7482512" lon="11.4269263" />
  <node id="1852696914" lat="48.7482604" lon="11.4269715" />
  <node id="1852696916" lat="48.7482956" lon="11.4270248" />
  <node id="1852696918" lat="48.7483461" lon="11.4270120" />
  <node id="1852696920" lat="48.7483747" lon="11.4269614" />
  <node id="1852696922" lat="48.7483823" lon="11.4269192" />
  <node id="1852696928" lat="48.7519503" lon="11.4283403" />
  <node id="1852723935" lat="48.7425718" lon="11.4322050" />
  <node id="1852723938" lat="48.7438882" lon="11.4340836" />
  <node id="1852723942" lat="48.7441208" lon="11.4339629" />
  <node id="1852734048" lat="48.7491467" lon="11.4313290" />
  <node id="1882653171" lat="48.7572415" lon="11.4265424" />
  <node id="1883016760" lat="48.7573100" lon="11.4263949" />
  <node id="2035548582" lat="48.7475733" lon="11.4410494" />
  <node id="2035548583" lat="48.7476702" lon="11.4410341" />
  <node id="2035548584" lat="48.7477484" lon="11.4410040" />
  <node id="2035548585" lat="48.7480418" lon="11.4408406" />
  <node id="2035548586" lat="48.7484066" lon="11.4406232" />
  <node id="2035548620" lat="48.7514862" lon="11.4381124" />
  <node id="2038901625" lat="48.7570511" lon="11.4363785" />
  <node id="2038901646" lat="48.7578106" lon="11.4371278" />
  <node id="2053244664" lat="48.7572143" lon="11.4238680" />
  <node id="2053244675" lat="48.7572285" lon="11.4240338" />
  <node id="2084352210" lat="48.7506200" lon="11.4333857" />
  <node id="2084352211" lat="48.7501268" lon="11.4336454" />
  <node id="2092451486" lat="48.7514498" lon="11.4223195" />
  <node id="2092451496" lat="48.7515717" lon="11.4222486" />
  <node id="2092451498" lat="48.7515981" lon="11.4218583" />
  <node id="2092451499" lat="48.7516242" lon="11.4222715" />
  <node id="2092451503" lat="48.7516521" lon="11.4221655" />
  <node id="2092451507" lat="48.7517102" lon="11.4219130" />
  <node id="2092451510" lat="48.7517877" lon="11.4210610" />
  <node id="2092451512" lat="48.7517995" lon="11.4214634" />
  <node id="2092451517" lat="48.7518394" lon="11.4218439" />
  <node id="2092451519" lat="48.7518552" lon="11.4223726" />
  <node id="2092451521" lat="48.7518736" lon="11.4214173" />
  <node id="2092451523" lat="48.7518812" lon="11.4217949" />
  <node id="2092451525" lat="48.7518816" lon="11.4222713" />
  <node id="2092451532" lat="48.7519091" lon="11.4223962" />
  <node id="2092451534" lat="48.7519154" lon="11.4221292" />
  <node id="2108878052" lat="48.7415269" lon="11.4428392" />
  <node id="2108878092" lat="48.7439505" lon="11.4397919" />
  <node id="2108878102" lat="48.7441478" lon="11.4397307" />
  <node id="2108878132" lat="48.7446073" lon="11.4399631" />
  <node id="2108878140" lat="48.7446717" lon="11.4400666" />
  <node id="2108878145" lat="48.7448147" lon="11.4404769" />
  <node id="2108878149" lat="48.7450768" lon="11.4439888" />
  <node id="2108878171" lat="48.7456219" lon="11.4438761" />
  <node id="2108878214" lat="48.7465901" lon="11.4430899" />
  <node id="2108878215" lat="48.7466901" lon="11.4439187" />
  <node id="2108878216" lat="48.7468537" lon="11.4435772" />
  <node id="2108878217" lat="48.7470181" lon="11.4436067" />
  <node id="2108878219" lat="48.7470643" lon="11.4428641" />
  <node id="2108878256" lat="48.7489507" lon="11.4417697" />
  <node id="2108878263" lat="48.7494143" lon="11.4418079" />
  <node id="2108878265" lat="48.7503355" lon="11.4414759" />
  <node id="2108948523" lat="48.7434287" lon="11.4446884" />
  <node id="2108948540" lat="48.7470893" lon="11.4404112" />
  <node id="2108948542" lat="48.7471292" lon="11.4405725" />
  <node id="2109027549" lat="48.7407292" lon="11.4376673" />
  <node id="2109053212" lat="48.7434608" lon="11.4322102" />
  <node id="2109053281" lat="48.7437007" lon="11.4321375" />
  <node id="2109053358" lat="48.7440189" lon="11.4310547" />
  <node id="2109053413" lat="48.7441621" lon="11.4319835" />
  <node id="2109053419" lat="48.7441750" lon="11.4320676" />
  <node id="2109053493" lat="48.7448562" lon="11.4333338" />
  <node id="2109053495" lat="48.7448605" lon="11.4329097" />
  <node id="2109053504" lat="48.7449004" lon="11.4338573" />
  <node id="2109053506" lat="48.7449047" lon="11.4334971" />
  <node id="2109053577" lat="48.7455701" lon="11.4335114" />
  <node id="2109053584" lat="48.7455997" lon="11.4334604" />
  <node id="2109053586" lat="48.7456011" lon="11.4329418" />
  <node id="2109053606" lat="48.7457875" lon="11.4329314" />
  <node id="2109053610" lat="48.7457961" lon="11.4329870" />
  <node id="2109053612" lat="48.7457998" lon="11.4339315" />
  <node id="2109053687" lat="48.7463051" lon="11.4244629" />
  <node id="2109053689" lat="48.7463179" lon="11.4329129" />
  <node id="2109053695" lat="48.7463714" lon="11.4261167" />
  <node id="2109053699" lat="48.7463821" lon="11.4331108" />
  <node id="2109053700" lat="48.7463733" lon="11.4325985" />
  <node id="2109053703" lat="48.7463877" lon="11.4317830" />
  <node id="2109053711" lat="48.7464316" lon="11.4252078" />
  <node id="2109053716" lat="48.7464800" lon="11.4252527" />
  <node id="2109053760" lat="48.7464888" lon="11.4252930" />
  <node id="2109053787" lat="48.7421016" lon="11.4367337" />
  <node id="2109053789" lat="48.7466461" lon="11.4238034" />
  <node id="2109053791" lat="48.7466362" lon="11.4243188" />
  <node id="2109053806" lat="48.7467994" lon="11.4331078" />
  <node id="2109053807" lat="48.7468082" lon="11.4317377" />
  <node id="2109053815" lat="48.7468577" lon="11.4333384" />
  <node id="2109053818" lat="48.7468671" lon="11.4317313" />
  <node id="2109053826" lat="48.7469360" lon="11.4259322" />
  <node id="2109053828" lat="48.7469517" lon="11.4236812" />
  <node id="2109053833" lat="48.7471394" lon="11.4271504" />
  <node id="2109053841" lat="48.7472042" lon="11.4271284" />
  <node id="2109053882" lat="48.7473287" lon="11.4269160" />
  <node id="2109053889" lat="48.7473484" lon="11.4270796" />
  <node id="2109053907" lat="48.7474523" lon="11.4292588" />
  <node id="2109053915" lat="48.7475042" lon="11.4324941" />
  <node id="2109053925" lat="48.7475613" lon="11.4292181" />
  <node id="2109053966" lat="48.7476814" lon="11.4291726" />
  <node id="2109054056" lat="48.7480452" lon="11.4333523" />
  <node id="2109054060" lat="48.7480621" lon="11.4325833" />
  <node id="2109054067" lat="48.7480900" lon="11.4327599" />
  <node id="2109054075" lat="48.7481075" lon="11.4337460" />
  <node id="2109054291" lat="48.7488493" lon="11.4245485" />
  <node id="2109054318" lat="48.7490836" lon="11.4244119" />
  <node id="2109054339" lat="48.7493259" lon="11.4226171" />
  <node id="2109101518" lat="48.7427878" lon="11.4297192" />
  <node id="2109101611" lat="48.7429802" lon="11.4296446" />
  <node id="2109101653" lat="48.7431761" lon="11.4314407" />
  <node id="2109101657" lat="48.7431976" lon="11.4305882" />
  <node id="2109101665" lat="48.7433685" lon="11.4313468" />
  <node id="2110354463" lat="48.7444434" lon="11.4363733" />
  <node id="2110354468" lat="48.7444573" lon="11.4362350" />
  <node id="2110354470" lat="48.7444645" lon="11.4362784" />
  <node id="2110354472" lat="48.7444716" lon="11.4363222" />
  <node id="2110354477" lat="48.7447794" lon="11.4361159" />
  <node id="2110354479" lat="48.7451132" lon="11.4360375" />
  <node id="2110916966" lat="48.7510105" lon="11.4326042" />
  <node id="2110916971" lat="48.7515972" lon="11.4323270" />
  <node id="2110917007" lat="48.7541414" lon="11.4310870" />
  <node id="2110917011" lat="48.7543769" lon="11.4309911" />
  <node id="2112345924" lat="48.7550003" lon="11.4375113" />
  <node id="2113717352" lat="48.7463421" lon="11.4431884" />
  <node id="2113748664" lat="48.7561630" lon="11.4380262" />
  <node id="2115743373" lat="48.7510910" lon="11.4240362" />
  <node id="2115743374" lat="48.7512604" lon="11.4248209" />
  <node id="2115743383" lat="48.7519197" lon="11.4292856" />
  <node id="2115743384" lat="48.7521524" lon="11.4283318" />
  <node id="2119018254" lat="48.7452394" lon="11.4240906" />
  <node id="2119018260" lat="48.7462053" lon="11.4238124" />
  <node id="2119037608" lat="48.7437422" lon="11.4245212" />
  <node id="2119037639" lat="48.7455010" lon="11.4240134" />
  <node id="2119037644" lat="48.7456168" lon="11.4239820" />
  <node id="2120558662" lat="48.7522826" lon="11.4262607" />
  <node id="2121404514" lat="48.7426465" lon="11.4371528" />
  <node id="2121404518" lat="48.7438256" lon="11.4373124" />
  <node id="2121404522" lat="48.7442525" lon="11.4366209" />
  <node id="2122824329" lat="48.7494118" lon="11.4252659" />
  <node id="2122824332" lat="48.7495921" lon="11.4259214" />
  <node id="2122824339" lat="48.7497302" lon="11.4258441" />
  <node id="2129027966" lat="48.7478223" lon="11.4278592" />
  <node id="2129027982" lat="48.7486240" lon="11.4300060" />
  <node id="2129027983" lat="48.7487084" lon="11.4300260" />
  <node id="2129027998" lat="48.7493733" lon="11.4277277" />
  <node id="2129028004" lat="48.7494457" lon="11.4281404" />
  <node id="2129028005" lat="48.7494471" lon="11.4297468" />
  <node id="2129028008" lat="48.7495111" lon="11.4303523" />
  <node id="2129028015" lat="48.7499956" lon="11.4272057" />
  <node id="2129028016" lat="48.7500326" lon="11.4275393" />
  <node id="2129028017" lat="48.7501211" lon="11.4295686" />
  <node id="2129028018" lat="48.7502248" lon="11.4304038" />
  <node id="2129028027" lat="48.7504116" lon="11.4287920" />
  <node id="2129028033" lat="48.7504534" lon="11.4274201" />
  <node id="2129028034" lat="48.7504827" lon="11.4292794" />
  <node id="2129028035" lat="48.7505279" lon="11.4276843" />
  <node id="2129028038" lat="48.7506243" lon="11.4270348" />
  <node id="2129028042" lat="48.7506572" lon="11.4285151" />
  <node id="2129028044" lat="48.7506709" lon="11.4286891" />
  <node id="2129028047" lat="48.7507196" lon="11.4290506" />
  <node id="2129028048" lat="48.7507251" lon="11.4283833" />
  <node id="2129028049" lat="48.7507555" lon="11.4275244" />
  <node id="2129028051" lat="48.7507665" lon="11.4267312" />
  <node id="2129028056" lat="48.7508562" lon="11.4278732" />
  <node id="2129028059" lat="48.7509858" lon="11.4282564" />
  <node id="2129028060" lat="48.7509866" lon="11.4277802" />
  <node id="2129028063" lat="48.7510000" lon="11.4277124" />
  <node id="2129028078" lat="48.7512179" lon="11.4290260" />
  <node id="2129028090" lat="48.7513611" lon="11.4287695" />
  <node id="2129028092" lat="48.7513850" lon="11.4329989" />
  <node id="2129028093" lat="48.7513990" lon="11.4289276" />
  <node id="2129028096" lat="48.7514245" lon="11.4283764" />
  <node id="2129028100" lat="48.7514562" lon="11.4283626" />
  <node id="2129028101" lat="48.7514591" lon="11.4287119" />
  <node id="2129028103" lat="48.7514619" lon="11.4329590" />
  <node id="2129028106" lat="48.7514812" lon="11.4286904" />
  <node id="2129028108" lat="48.7515017" lon="11.4286856" />
  <node id="2129028109" lat="48.7515065" lon="11.4286424" />
  <node id="2129028121" lat="48.7516498" lon="11.4327895" />
  <node id="2129028129" lat="48.7514837" lon="11.4315698" />
  <node id="2129028132" lat="48.7517430" lon="11.4282374" />
  <node id="2129028144" lat="48.7517870" lon="11.4316941" />
  <node id="2129028147" lat="48.7519401" lon="11.4328559" />
  <node id="2129028148" lat="48.7519480" lon="11.4331075" />
  <node id="2129028149" lat="48.7519516" lon="11.4289551" />
  <node id="2129028150" lat="48.7519918" lon="11.4321616" />
  <node id="2129028155" lat="48.7520405" lon="11.4321404" />
  <node id="2129028166" lat="48.7522704" lon="11.4315857" />
  <node id="2129028167" lat="48.7523257" lon="11.4315138" />
  <node id="2129028168" lat="48.7523304" lon="11.4320143" />
  <node id="2129156297" lat="48.7405503" lon="11.4359206" />
  <node id="2129156303" lat="48.7405917" lon="11.4373116" />
  <node id="2129156313" lat="48.7406527" lon="11.4363059" />
  <node id="2129156331" lat="48.7408491" lon="11.4371566" />
  <node id="2129156334" lat="48.7408653" lon="11.4414879" />
  <node id="2129156335" lat="48.7408682" lon="11.4421731" />
  <node id="2129156338" lat="48.7408865" lon="11.4361681" />
  <node id="2129156343" lat="48.7409203" lon="11.4419115" />
  <node id="2129156349" lat="48.7409685" lon="11.4420514" />
  <node id="2129156355" lat="48.7409853" lon="11.4365608" />
  <node id="2129156364" lat="48.7410266" lon="11.4426110" />
  <node id="2129156375" lat="48.7410777" lon="11.4368336" />
  <node id="2129156382" lat="48.7411377" lon="11.4360201" />
  <node id="2129156392" lat="48.7412647" lon="11.4367439" />
  <node id="2129156398" lat="48.7413576" lon="11.4358906" />
  <node id="2129156402" lat="48.7414448" lon="11.4366883" />
  <node id="2129156404" lat="48.7414602" lon="11.4367672" />
  <node id="2129156408" lat="48.7414910" lon="11.4366578" />
  <node id="2129156426" lat="48.7416971" lon="11.4356906" />
  <node id="2129156428" lat="48.7417141" lon="11.4366018" />
  <node id="2129156429" lat="48.7417225" lon="11.4366576" />
  <node id="2129156432" lat="48.7417626" lon="11.4359444" />
  <node id="2129156434" lat="48.7417769" lon="11.4445050" />
  <node id="2129156436" lat="48.7418086" lon="11.4446101" />
  <node id="2129156448" lat="48.7418748" lon="11.4365409" />
  <node id="2129156450" lat="48.7418986" lon="11.4355719" />
  <node id="2129977033" lat="48.7421949" lon="11.4299434" />
  <node id="2129977034" lat="48.7422394" lon="11.4303613" />
  <node id="2129977035" lat="48.7422437" lon="11.4302939" />
  <node id="2129977036" lat="48.7422752" lon="11.4308417" />
  <node id="2129977037" lat="48.7422810" lon="11.4307852" />
  <node id="2129977038" lat="48.7423125" lon="11.4312177" />
  <node id="2129977040" lat="48.7423354" lon="11.4312504" />
  <node id="2129977042" lat="48.7424206" lon="11.4318987" />
  <node id="2129977044" lat="48.7425030" lon="11.4310662" />
  <node id="2129977046" lat="48.7425519" lon="11.4359582" />
  <node id="2129977048" lat="48.7426428" lon="11.4317807" />
  <node id="2129977050" lat="48.7426510" lon="11.4308557" />
  <node id="2129977052" lat="48.7427349" lon="11.4358901" />
  <node id="2129977072" lat="48.7427625" lon="11.4334919" />
  <node id="2129977076" lat="48.7426160" lon="11.4351807" />
  <node id="2129977109" lat="48.7427833" lon="11.4361890" />
  <node id="2129977111" lat="48.7427930" lon="11.4330154" />
  <node id="2129977113" lat="48.7428124" lon="11.4316726" />
  <node id="2129977115" lat="48.7428503" lon="11.4334584" />
  <node id="2129977119" lat="48.7428436" lon="11.4308326" />
  <node id="2129977123" lat="48.7428669" lon="11.4339445" />
  <node id="2129977124" lat="48.7428898" lon="11.4323389" />
  <node id="2129977134" lat="48.7429497" lon="11.4361236" />
  <node id="2129977142" lat="48.7429749" lon="11.4315690" />
  <node id="2129977148" lat="48.7430140" lon="11.4315441" />
  <node id="2129977153" lat="48.7430991" lon="11.4338269" />
  <node id="2129977154" lat="48.7431018" lon="11.4329325" />
  <node id="2129977159" lat="48.7431285" lon="11.4323607" />
  <node id="2129977161" lat="48.7431576" lon="11.4333174" />
  <node id="2129977165" lat="48.7431774" lon="11.4340936" />
  <node id="2129977167" lat="48.7431888" lon="11.4360246" />
  <node id="2129977171" lat="48.7432100" lon="11.4339995" />
  <node id="2129977173" lat="48.7432183" lon="11.4342440" />
  <node id="2129977176" lat="48.7432591" lon="11.4344174" />
  <node id="2129977180" lat="48.7433024" lon="11.4343931" />
  <node id="2129977182" lat="48.7432847" lon="11.4318216" />
  <node id="2129977184" lat="48.7433203" lon="11.4326780" />
  <node id="2129977186" lat="48.7433505" lon="11.4328933" />
  <node id="2129977188" lat="48.7433378" lon="11.4321487" />
  <node id="2129977196" lat="48.7433710" lon="11.4326780" />
  <node id="2129977200" lat="48.7433758" lon="11.4323237" />
  <node id="2129977206" lat="48.7433794" lon="11.4359505" />
  <node id="2129977213" lat="48.7434547" lon="11.4331794" />
  <node id="2129977216" lat="48.7434909" lon="11.4331626" />
  <node id="2129977244" lat="48.7436395" lon="11.4307135" />
  <node id="2129977246" lat="48.7436464" lon="11.4253829" />
  <node id="2129977252" lat="48.7437158" lon="11.4341749" />
  <node id="2129977256" lat="48.7437134" lon="11.4310939" />
  <node id="2129977273" lat="48.7438892" lon="11.4306013" />
  <node id="2129977282" lat="48.7439711" lon="11.4309725" />
  <node id="2129977283" lat="48.7439931" lon="11.4272213" />
  <node id="2129977284" lat="48.7440442" lon="11.4309375" />
  <node id="2129977285" lat="48.7440619" lon="11.4277220" />
  <node id="2129977290" lat="48.7441354" lon="11.4260526" />
  <node id="2129977291" lat="48.7442051" lon="11.4265100" />
  <node id="2129977292" lat="48.7442146" lon="11.4307290" />
  <node id="2129977301" lat="48.7447768" lon="11.4247870" />
  <node id="2129977302" lat="48.7448376" lon="11.4251583" />
  <node id="2129977307" lat="48.7449281" lon="11.4252275" />
  <node id="2129977310" lat="48.7450123" lon="11.4257592" />
  <node id="2129977311" lat="48.7451000" lon="11.4247021" />
  <node id="2129977314" lat="48.7452157" lon="11.4251228" />
  <node id="2129977316" lat="48.7452877" lon="11.4256350" />
  <node id="2129977319" lat="48.7453263" lon="11.4273204" />
  <node id="2129977326" lat="48.7453624" lon="11.4277249" />
  <node id="2129977334" lat="48.7454619" lon="11.4245308" />
  <node id="2129977335" lat="48.7455465" lon="11.4250186" />
  <node id="2129977348" lat="48.7464764" lon="11.4253728" />
  <node id="2129977349" lat="48.7464951" lon="11.4253203" />
  <node id="2129977350" lat="48.7465533" lon="11.4259126" />
  <node id="2131136362" lat="48.7448737" lon="11.4266517" />
  <node id="2131136372" lat="48.7451181" lon="11.4265731" />
  <node id="2131136373" lat="48.7451474" lon="11.4267438" />
  <node id="2131136374" lat="48.7451688" lon="11.4286123" />
  <node id="2131136384" lat="48.7453848" lon="11.4285696" />
  <node id="2131136390" lat="48.7454417" lon="11.4290033" />
  <node id="2131136391" lat="48.7454977" lon="11.4264637" />
  <node id="2131136402" lat="48.7457806" lon="11.4263430" />
  <node id="2131136411" lat="48.7458919" lon="11.4288666" />
  <node id="2131136426" lat="48.7460033" lon="11.4296011" />
  <node id="2131136458" lat="48.7479372" lon="11.4308844" />
  <node id="2131136467" lat="48.7481114" lon="11.4312154" />
  <node id="2131136470" lat="48.7481569" lon="11.4312177" />
  <node id="2131136474" lat="48.7481662" lon="11.4310318" />
  <node id="2131136484" lat="48.7482148" lon="11.4309031" />
  <node id="2131136489" lat="48.7482989" lon="11.4289773" />
  <node id="2131136491" lat="48.7483069" lon="11.4320890" />
  <node id="2131136495" lat="48.7483159" lon="11.4243451" />
  <node id="2131136501" lat="48.7483722" lon="11.4308405" />
  <node id="2131136503" lat="48.7483768" lon="11.4248340" />
  <node id="2131136507" lat="48.7483904" lon="11.4309465" />
  <node id="2131136508" lat="48.7483940" lon="11.4295707" />
  <node id="2131136525" lat="48.7485142" lon="11.4242769" />
  <node id="2131136532" lat="48.7485807" lon="11.4247665" />
  <node id="2131136546" lat="48.7486964" lon="11.4312080" />
  <node id="2131136549" lat="48.7486937" lon="11.4311499" />
  <node id="2131136551" lat="48.7487036" lon="11.4324052" />
  <node id="2131136552" lat="48.7487221" lon="11.4310703" />
  <node id="2131136555" lat="48.7487455" lon="11.4314775" />
  <node id="2131136557" lat="48.7487689" lon="11.4240434" />
  <node id="2131136558" lat="48.7488091" lon="11.4239803" />
  <node id="2131136561" lat="48.7488191" lon="11.4236253" />
  <node id="2131136562" lat="48.7488254" lon="11.4310352" />
  <node id="2131136563" lat="48.7488292" lon="11.4238779" />
  <node id="2131136582" lat="48.7490427" lon="11.4328139" />
  <node id="2131136604" lat="48.7492712" lon="11.4317323" />
  <node id="2131136605" lat="48.7492999" lon="11.4327032" />
  <node id="2131136607" lat="48.7492927" lon="11.4319217" />
  <node id="2131136609" lat="48.7493060" lon="11.4313616" />
  <node id="2131136611" lat="48.7493280" lon="11.4326900" />
  <node id="2131136615" lat="48.7494024" lon="11.4267615" />
  <node id="2131136618" lat="48.7494377" lon="11.4332315" />
  <node id="2131136621" lat="48.7495286" lon="11.4272181" />
  <node id="2131136625" lat="48.7496419" lon="11.4266166" />
  <node id="2131136630" lat="48.7497165" lon="11.4268955" />
  <node id="2131136633" lat="48.7497298" lon="11.4270843" />
  <node id="2131136634" lat="48.7497514" lon="11.4270259" />
  <node id="2131136636" lat="48.7497614" lon="11.4324186" />
  <node id="2131136649" lat="48.7498493" lon="11.4324070" />
  <node id="2131136655" lat="48.7499473" lon="11.4267475" />
  <node id="2131136657" lat="48.7499542" lon="11.4326759" />
  <node id="2131136661" lat="48.7500299" lon="11.4330045" />
  <node id="2131136662" lat="48.7500437" lon="11.4318730" />
  <node id="2131136663" lat="48.7500589" lon="11.4322433" />
  <node id="2131136664" lat="48.7500662" lon="11.4315722" />
  <node id="2131136666" lat="48.7500745" lon="11.4319783" />
  <node id="2131136674" lat="48.7501985" lon="11.4326171" />
  <node id="2131136683" lat="48.7502432" lon="11.4329248" />
  <node id="2131136691" lat="48.7504918" lon="11.4310324" />
  <node id="2131136707" lat="48.7507016" lon="11.4311985" />
  <node id="2139162038" lat="48.7518049" lon="11.4237361" />
  <node id="2139162041" lat="48.7518468" lon="11.4236889" />
  <node id="2139162044" lat="48.7518840" lon="11.4231691" />
  <node id="2139162045" lat="48.7519283" lon="11.4229242" />
  <node id="2139162047" lat="48.7519721" lon="11.4232040" />
  <node id="2139162053" lat="48.7521922" lon="11.4224733" />
  <node id="2139162062" lat="48.7524336" lon="11.4225936" />
  <node id="2139215576" lat="48.7409817" lon="11.4240488" />
  <node id="2139215582" lat="48.7410005" lon="11.4235290" />
  <node id="2139215584" lat="48.7410032" lon="11.4243376" />
  <node id="2139215585" lat="48.7410232" lon="11.4238670" />
  <node id="2139215597" lat="48.7410646" lon="11.4244215" />
  <node id="2139215648" lat="48.7416706" lon="11.4243760" />
  <node id="2139272714" lat="48.7426691" lon="11.4241379" />
  <node id="2139272720" lat="48.7427096" lon="11.4245399" />
  <node id="2139272730" lat="48.7427733" lon="11.4249795" />
  <node id="2139272732" lat="48.7427839" lon="11.4239382" />
  <node id="2139272734" lat="48.7431015" lon="11.4238389" />
  <node id="2139272736" lat="48.7431163" lon="11.4240301" />
  <node id="2139888439" lat="48.7438348" lon="11.4398582" />
  <node id="2139969951" lat="48.7413891" lon="11.4255134" />
  <node id="2139970013" lat="48.7414982" lon="11.4262194" />
  <node id="2139970045" lat="48.7415852" lon="11.4257756" />
  <node id="2139992583" lat="48.7405330" lon="11.4246142" />
  <node id="2139992588" lat="48.7405679" lon="11.4218074" />
  <node id="2139992595" lat="48.7405920" lon="11.4249137" />
  <node id="2139992605" lat="48.7406314" lon="11.4218388" />
  <node id="2139992606" lat="48.7406314" lon="11.4245638" />
  <node id="2139992619" lat="48.7406632" lon="11.4218702" />
  <node id="2139992643" lat="48.7407214" lon="11.4223073" />
  <node id="2139992654" lat="48.7407515" lon="11.4248275" />
  <node id="2139992672" lat="48.7408487" lon="11.4262224" />
  <node id="2139992683" lat="48.7408785" lon="11.4220355" />
  <node id="2139992689" lat="48.7409061" lon="11.4222575" />
  <node id="2139992751" lat="48.7412594" lon="11.4260833" />
  <node id="2140102567" lat="48.7411796" lon="11.4218252" />
  <node id="2140102579" lat="48.7412456" lon="11.4217718" />
  <node id="2140102596" lat="48.7413657" lon="11.4217257" />
  <node id="2140102597" lat="48.7413780" lon="11.4228845" />
  <node id="2140102603" lat="48.7414568" lon="11.4216567" />
  <node id="2140102639" lat="48.7416859" lon="11.4215729" />
  <node id="2140102647" lat="48.7417218" lon="11.4227639" />
  <node id="2148069844" lat="48.7424817" lon="11.4279164" />
  <node id="2148069846" lat="48.7426192" lon="11.4281581" />
  <node id="2148069848" lat="48.7428651" lon="11.4285808" />
  <node id="2148748403" lat="48.7478642" lon="11.4198663" />
  <node id="2148748416" lat="48.7481256" lon="11.4203464" />
  <node id="2148748423" lat="48.7482200" lon="11.4207900" />
  <node id="2148748427" lat="48.7483143" lon="11.4194050" />
  <node id="2149016887" lat="48.7455712" lon="11.4209762" />
  <node id="2149016888" lat="48.7460863" lon="11.4207796" />
  <node id="2149016889" lat="48.7463219" lon="11.4226167" />
  <node id="2149016890" lat="48.7463219" lon="11.4229243" />
  <node id="2149016907" lat="48.7480498" lon="11.4203529" />
  <node id="2149016908" lat="48.7481389" lon="11.4204385" />
  <node id="2149016920" lat="48.7484298" lon="11.4202995" />
  <node id="2149016927" lat="48.7484755" lon="11.4208245" />
  <node id="2149016996" lat="48.7491177" lon="11.4211080" />
  <node id="2149017003" lat="48.7492221" lon="11.4210469" />
  <node id="2149017013" lat="48.7493336" lon="11.4209153" />
  <node id="2149017023" lat="48.7494323" lon="11.4208277" />
  <node id="2149017027" lat="48.7495673" lon="11.4206730" />
  <node id="2149017047" lat="48.7497845" lon="11.4237218" />
  <node id="2149017087" lat="48.7500815" lon="11.4219005" />
  <node id="2149017096" lat="48.7501529" lon="11.4221578" />
  <node id="2149017105" lat="48.7501794" lon="11.4222415" />
  <node id="2149017135" lat="48.7503585" lon="11.4231746" />
  <node id="2149017280" lat="48.7515822" lon="11.4228475" />
  <node id="2149017301" lat="48.7517115" lon="11.4228026" />
  <node id="2150769020" lat="48.7537710" lon="11.4286533" />
  <node id="2150769021" lat="48.7537737" lon="11.4279390" />
  <node id="2150769022" lat="48.7542786" lon="11.4301558" />
  <node id="2150769023" lat="48.7543075" lon="11.4304784" />
  <node id="2150769031" lat="48.7544841" lon="11.4301517" />
  <node id="2150769032" lat="48.7545434" lon="11.4301476" />
  <node id="2150769035" lat="48.7546700" lon="11.4301390" />
  <node id="2157820689" lat="48.7406093" lon="11.4373740" />
  <node id="2157820692" lat="48.7409536" lon="11.4372303" />
  <node id="2157820693" lat="48.7409894" lon="11.4372550" />
  <node id="2157820694" lat="48.7410510" lon="11.4368533" />
  <node id="2157820696" lat="48.7412023" lon="11.4367739" />
  <node id="2157820697" lat="48.7412760" lon="11.4371339" />
  <node id="2157820698" lat="48.7417243" lon="11.4369443" />
  <node id="2157820699" lat="48.7418313" lon="11.4375495" />
  <node id="2157820701" lat="48.7430760" lon="11.4363751" />
  <node id="2157820702" lat="48.7431251" lon="11.4365691" />
  <node id="2157820703" lat="48.7431711" lon="11.4367330" />
  <node id="2157820704" lat="48.7431901" lon="11.4369248" />
  <node id="2162910279" lat="48.7541379" lon="11.4327330" />
  <node id="2162910280" lat="48.7543313" lon="11.4322409" />
  <node id="2162910289" lat="48.7546261" lon="11.4322149" />
  <node id="2162910291" lat="48.7546261" lon="11.4328489" />
  <node id="2162910293" lat="48.7547072" lon="11.4328915" />
  <node id="2162910295" lat="48.7548063" lon="11.4321646" />
  <node id="2162910297" lat="48.7548696" lon="11.4330462" />
  <node id="2167675254" lat="48.7544104" lon="11.4309910" />
  <node id="2170791979" lat="48.7406007" lon="11.4373478" />
  <node id="2172162711" lat="48.7424850" lon="11.4356023" />
  <node id="2172162715" lat="48.7426092" lon="11.4362549" />
  <node id="2172162717" lat="48.7426272" lon="11.4353693" />
  <node id="2172162719" lat="48.7426455" lon="11.4353627" />
  <node id="2172162725" lat="48.7427425" lon="11.4360448" />
  <node id="2172162727" lat="48.7427590" lon="11.4360385" />
  <node id="2172162730" lat="48.7427805" lon="11.4355502" />
  <node id="2172162734" lat="48.7427977" lon="11.4332234" />
  <node id="2172162735" lat="48.7428146" lon="11.4353018" />
  <node id="2172162736" lat="48.7428176" lon="11.4357788" />
  <node id="2172162737" lat="48.7428496" lon="11.4355252" />
  <node id="2172162738" lat="48.7428854" lon="11.4357533" />
  <node id="2172162739" lat="48.7429241" lon="11.4359764" />
  <node id="2172162744" lat="48.7430612" lon="11.4352882" />
  <node id="2172162745" lat="48.7430642" lon="11.4352654" />
  <node id="2172162746" lat="48.7430841" lon="11.4352444" />
  <node id="2172162748" lat="48.7431673" lon="11.4335891" />
  <node id="2172162749" lat="48.7431921" lon="11.4334546" />
  <node id="2172162751" lat="48.7432325" lon="11.4338845" />
  <node id="2172162752" lat="48.7432419" lon="11.4351619" />
  <node id="2172162767" lat="48.7436270" lon="11.4337754" />
  <node id="2172162770" lat="48.7439756" lon="11.4336445" />
  <node id="2183111759" lat="48.7556166" lon="11.4412611" />
  <node id="2183111774" lat="48.7557767" lon="11.4413495" />
  <node id="2183111789" lat="48.7562153" lon="11.4415876" />
  <node id="2183111791" lat="48.7562606" lon="11.4399338" />
  <node id="2183111793" lat="48.7563063" lon="11.4400805" />
  <node id="2183111794" lat="48.7563456" lon="11.4397009" />
  <node id="2183111795" lat="48.7565319" lon="11.4413530" />
  <node id="2183111798" lat="48.7568469" lon="11.4406508" />
  <node id="2206679892" lat="48.7404739" lon="11.4229074" />
  <node id="2206679893" lat="48.7405205" lon="11.4233440" />
  <node id="2206679894" lat="48.7405413" lon="11.4235033" />
  <node id="2206679895" lat="48.7407284" lon="11.4229557" />
  <node id="2206679896" lat="48.7407409" lon="11.4233418" />
  <node id="2232080958" lat="48.7440864" lon="11.4373965" />
  <node id="2232080961" lat="48.7441209" lon="11.4375992" />
  <node id="2232080962" lat="48.7442494" lon="11.4370974" />
  <node id="2232080965" lat="48.7441585" lon="11.4378006" />
  <node id="2232080967" lat="48.7442883" lon="11.4370819" />
  <node id="2232080969" lat="48.7441775" lon="11.4373615" />
  <node id="2232080971" lat="48.7442102" lon="11.4375659" />
  <node id="2232080973" lat="48.7442429" lon="11.4377708" />
  <node id="2232080974" lat="48.7444139" lon="11.4372718" />
  <node id="2232080975" lat="48.7444480" lon="11.4374736" />
  <node id="2232080977" lat="48.7443757" lon="11.4370463" />
  <node id="2232080978" lat="48.7443871" lon="11.4370011" />
  <node id="2232080981" lat="48.7444863" lon="11.4376763" />
  <node id="2232080985" lat="48.7453109" lon="11.4362197" />
  <node id="2232080987" lat="48.7456041" lon="11.4359316" />
  <node id="2232080993" lat="48.7457404" lon="11.4359671" />
  <node id="2232081001" lat="48.7462360" lon="11.4354029" />
  <node id="2232081002" lat="48.7469783" lon="11.4345694" />
  <node id="2232081003" lat="48.7470014" lon="11.4346308" />
  <node id="2232081004" lat="48.7470840" lon="11.4348414" />
  <node id="2232081005" lat="48.7471554" lon="11.4344920" />
  <node id="2262859398" lat="48.7441385" lon="11.4193612" />
  <node id="2262859399" lat="48.7442237" lon="11.4198785" />
  <node id="2262859400" lat="48.7446657" lon="11.4197231" />
  <node id="2264641006" lat="48.7460848" lon="11.4354792" />
  <node id="2264641008" lat="48.7463403" lon="11.4361565" />
  <node id="2264641012" lat="48.7468677" lon="11.4359895" />
  <node id="2267144294" lat="48.7461084" lon="11.4355402" />
  <node id="2276828210" lat="48.7441740" lon="11.4337875" />
  <node id="2276828211" lat="48.7443033" lon="11.4337502" />
  <node id="2276828212" lat="48.7449029" lon="11.4337497" />
  <node id="2276828213" lat="48.7453052" lon="11.4337682" />
  <node id="2276828214" lat="48.7458003" lon="11.4338121" />
  <node id="2276828217" lat="48.7470716" lon="11.4339006" />
  <node id="2276828218" lat="48.7472648" lon="11.4338189" />
  <node id="2276828220" lat="48.7476809" lon="11.4337704" />
  <node id="2276828221" lat="48.7480900" lon="11.4336388" />
  <node id="2276828222" lat="48.7481523" lon="11.4336187" />
  <node id="2276828223" lat="48.7488614" lon="11.4333413" />
  <node id="2276828224" lat="48.7494206" lon="11.4331272" />
  <node id="2276828225" lat="48.7500061" lon="11.4328791" />
  <node id="2276828226" lat="48.7502297" lon="11.4327906" />
  <node id="2276828227" lat="48.7506895" lon="11.4325939" />
  <node id="2276828230" lat="48.7520191" lon="11.4320106" />
  <node id="2276828231" lat="48.7523179" lon="11.4318881" />
  <node id="2276828232" lat="48.7536063" lon="11.4315743" />
  <node id="2276828233" lat="48.7541502" lon="11.4313731" />
  <node id="2276828234" lat="48.7544030" lon="11.4312614" />
  <node id="2278459320" lat="48.7575953" lon="11.4380557" />
  <node id="2287775625" lat="48.7423037" lon="11.4348170" />
  <node id="2287775626" lat="48.7432311" lon="11.4342993" />
  <node id="2287775628" lat="48.7432739" lon="11.4342753" />
  <node id="2287775629" lat="48.7436889" lon="11.4340537" />
  <node id="2287775631" lat="48.7444533" lon="11.4337381" />
  <node id="2287775632" lat="48.7446333" lon="11.4337356" />
  <node id="2287775633" lat="48.7468322" lon="11.4338942" />
  <node id="2287775634" lat="48.7478136" lon="11.4337531" />
  <node id="2287775636" lat="48.7503723" lon="11.4327324" />
  <node id="2287775637" lat="48.7506300" lon="11.4326160" />
  <node id="2332364833" lat="48.7531479" lon="11.4224992" />
  <node id="2332364834" lat="48.7532610" lon="11.4224702" />
  <node id="2332364835" lat="48.7533496" lon="11.4225033" />
  <node id="2332364836" lat="48.7533878" lon="11.4225384" />
  <node id="2332377208" lat="48.7549955" lon="11.4277720" />
  <node id="2332377217" lat="48.7551035" lon="11.4270747" />
  <node id="2332377220" lat="48.7550686" lon="11.4274578" />
  <node id="2332377222" lat="48.7550911" lon="11.4271164" />
  <node id="2332377224" lat="48.7550931" lon="11.4269731" />
  <node id="2332377226" lat="48.7551264" lon="11.4274780" />
  <node id="2332377228" lat="48.7550889" lon="11.4271553" />
  <node id="2332377230" lat="48.7551376" lon="11.4274833" />
  <node id="2332377231" lat="48.7551443" lon="11.4270410" />
  <node id="2332377233" lat="48.7551567" lon="11.4274868" />
  <node id="2332377235" lat="48.7550984" lon="11.4271889" />
  <node id="2332377237" lat="48.7551190" lon="11.4272084" />
  <node id="2332377239" lat="48.7552353" lon="11.4270738" />
  <node id="2332377241" lat="48.7551735" lon="11.4274777" />
  <node id="2332377243" lat="48.7551891" lon="11.4274576" />
  <node id="2332377245" lat="48.7552600" lon="11.4273100" />
  <node id="2332377247" lat="48.7553278" lon="11.4272325" />
  <node id="2332377249" lat="48.7553766" lon="11.4272204" />
  <node id="2337351242" lat="48.7403755" lon="11.4358840" />
  <node id="2337351243" lat="48.7404222" lon="11.4361289" />
  <node id="2337351244" lat="48.7405813" lon="11.4360372" />
  <node id="2337351247" lat="48.7418421" lon="11.4353216" />
  <node id="2337351249" lat="48.7423627" lon="11.4350293" />
  <node id="2337351253" lat="48.7431176" lon="11.4346156" />
  <node id="2337351256" lat="48.7435913" lon="11.4343836" />
  <node id="2337351257" lat="48.7438679" lon="11.4339459" />
  <node id="2337351259" lat="48.7439141" lon="11.4342246" />
  <node id="2337351260" lat="48.7441032" lon="11.4338197" />
  <node id="2337351300" lat="48.7511652" lon="11.4327374" />
  <node id="2337351301" lat="48.7512943" lon="11.4321978" />
  <node id="2337351302" lat="48.7514366" lon="11.4322304" />
  <node id="2337351303" lat="48.7514343" lon="11.4326113" />
  <node id="2337351304" lat="48.7514873" lon="11.4325433" />
  <node id="2337351306" lat="48.7516157" lon="11.4324618" />
  <node id="2337351310" lat="48.7537409" lon="11.4311280" />
  <node id="2337351311" lat="48.7539295" lon="11.4310389" />
  <node id="2337351312" lat="48.7541032" lon="11.4317707" />
  <node id="2337351313" lat="48.7542318" lon="11.4313361" />
  <node id="2337351314" lat="48.7562704" lon="11.4257433" />
  <node id="2337351315" lat="48.7563747" lon="11.4258971" />
  <node id="2363062339" lat="48.7536929" lon="11.4217934" />
  <node id="2459763518" lat="48.7450499" lon="11.4215954" />
  <node id="2459763519" lat="48.7450623" lon="11.4215040" />
  <node id="2459763520" lat="48.7450630" lon="11.4216280" />
  <node id="2459763521" lat="48.7450749" lon="11.4216455" />
  <node id="2459763522" lat="48.7450897" lon="11.4214725" />
  <node id="2459763523" lat="48.7451133" lon="11.4216655" />
  <node id="2459763524" lat="48.7451203" lon="11.4214655" />
  <node id="2459763525" lat="48.7451473" lon="11.4216522" />
  <node id="2459763526" lat="48.7451475" lon="11.4214785" />
  <node id="2459763527" lat="48.7451648" lon="11.4216302" />
  <node id="2459763528" lat="48.7451676" lon="11.4215058" />
  <node id="2459763529" lat="48.7451797" lon="11.4215497" />
  <node id="2470106112" lat="48.7446634" lon="11.4395169" />
  <node id="2483879417" lat="48.7566356" lon="11.4243592" />
  <node id="2483879418" lat="48.7567659" lon="11.4244578" />
  <node id="2542847499" lat="48.7463512" lon="11.4327905" />
  <node id="2567030072" lat="48.7439534" lon="11.4367472" />
  <node id="2675003822" lat="48.7551509" lon="11.4376468" />
  <node id="2721404592" lat="48.7406711" lon="11.4358567" />
  <node id="2721404593" lat="48.7505237" lon="11.4328195" />
  <node id="2723869557" lat="48.7561594" lon="11.4454091" />
  <node id="2723869558" lat="48.7568372" lon="11.4438103" />
  <node id="2844672019" lat="48.7447065" lon="11.4396886" />
  <node id="2889786616" lat="48.7523305" lon="11.4406379" />
  <node id="2889786620" lat="48.7527064" lon="11.4410649" />
  <node id="2889786621" lat="48.7526012" lon="11.4409596" />
  <node id="2889786622" lat="48.7525668" lon="11.4406966" />
  <node id="2889786623" lat="48.7524103" lon="11.4410491" />
  <node id="2892094004" lat="48.7452330" lon="11.4228047" />
  <node id="2892094006" lat="48.7453074" lon="11.4230637" />
  <node id="2907284821" lat="48.7438761" lon="11.4372452" />
  <node id="2907284822" lat="48.7440201" lon="11.4371417" />
  <node id="2907284824" lat="48.7441404" lon="11.4370951" />
  <node id="2907284825" lat="48.7442010" lon="11.4371165" />
  <node id="2911370024" lat="48.7509450" lon="11.4281359" />
  <node id="3048521961" lat="48.7443827" lon="11.4363538" />
  <node id="3048861148" lat="48.7581379" lon="11.4390223" />
  <node id="3048861152" lat="48.7566483" lon="11.4377775" />
  <node id="3100130954" lat="48.7545306" lon="11.4312056" />
  <node id="3100130955" lat="48.7545966" lon="11.4311523" />
  <node id="3133249685" lat="48.7551118" lon="11.4431867" />
  <node id="3133249686" lat="48.7552534" lon="11.4421194" />
  <node id="3133249687" lat="48.7553537" lon="11.4424533" />
  <node id="3133249688" lat="48.7553961" lon="11.4425944" />
  <node id="3136993102" lat="48.7570865" lon="11.4436369" />
  <node id="3136993103" lat="48.7570489" lon="11.4437128" />
  <node id="3251327762" lat="48.7448350" lon="11.4401727" />
  <node id="3251327763" lat="48.7447504" lon="11.4398542" />
  <node id="3306685215" lat="48.7460261" lon="11.4203728" />
  <node id="3360996626" lat="48.7428574" lon="11.4397883" />
  <node id="3437722509" lat="48.7534167" lon="11.4453131" />
  <node id="3606201761" lat="48.7579544" lon="11.4387207" />
  <node id="3614716207" lat="48.7543253" lon="11.4222964" />
  <node id="3614716208" lat="48.7544201" lon="11.4221655" />
  <node id="3616994907" lat="48.7549921" lon="11.4356608" />
  <node id="3616994909" lat="48.7549269" lon="11.4353983" />
  <node id="3616994910" lat="48.7548312" lon="11.4351638" />
  <node id="3616994913" lat="48.7557914" lon="11.4354827" />
  <node id="3616994919" lat="48.7565912" lon="11.4375433" />
  <node id="3642372088" lat="48.7425580" lon="11.4371872" />
  <node id="3642372089" lat="48.7426554" lon="11.4377698" />
  <node id="3642372090" lat="48.7428575" lon="11.4376912" />
  <node id="3642372091" lat="48.7437361" lon="11.4372961" />
  <node id="3642372092" lat="48.7437363" lon="11.4372963" />
  <node id="3642372293" lat="48.7437409" lon="11.4373220" />
  <node id="3642372296" lat="48.7437474" lon="11.4373055" />
  <node id="3642372297" lat="48.7437536" lon="11.4372892" />
  <node id="3642372298" lat="48.7437537" lon="11.4372892" />
  <node id="3642372300" lat="48.7437555" lon="11.4373464" />
  <node id="3642372301" lat="48.7437581" lon="11.4373153" />
  <node id="3642372314" lat="48.7438219" lon="11.4372892" />
  <node id="3642372319" lat="48.7438317" lon="11.4373482" />
  <node id="3642372329" lat="48.7440768" lon="11.4373399" />
  <node id="3642372332" lat="48.7440959" lon="11.4374519" />
  <node id="3642372334" lat="48.7441116" lon="11.4375431" />
  <node id="3642372337" lat="48.7441309" lon="11.4376579" />
  <node id="3642372340" lat="48.7441496" lon="11.4377589" />
  <node id="3642372346" lat="48.7441713" lon="11.4378607" />
  <node id="3642372362" lat="48.7442177" lon="11.4373154" />
  <node id="3642372367" lat="48.7441472" lon="11.4371362" />
  <node id="3642372368" lat="48.7442294" lon="11.4373757" />
  <node id="3642372372" lat="48.7442386" lon="11.4373399" />
  <node id="3642372382" lat="48.7441937" lon="11.4372969" />
  <node id="3642372383" lat="48.7442588" lon="11.4375144" />
  <node id="3642372388" lat="48.7442036" lon="11.4373534" />
  <node id="3642372389" lat="48.7442683" lon="11.4375756" />
  <node id="3642372390" lat="48.7442722" lon="11.4372945" />
  <node id="3642372391" lat="48.7442724" lon="11.4375422" />
  <node id="3642372494" lat="48.7442131" lon="11.4374087" />
  <node id="3642372497" lat="48.7442827" lon="11.4373538" />
  <node id="3642372500" lat="48.7442875" lon="11.4373193" />
  <node id="3642372502" lat="48.7442915" lon="11.4377177" />
  <node id="3642372503" lat="48.7442367" lon="11.4374952" />
  <node id="3642372508" lat="48.7443019" lon="11.4377821" />
  <node id="3642372509" lat="48.7442462" lon="11.4375517" />
  <node id="3642372510" lat="48.7443063" lon="11.4377462" />
  <node id="3642372512" lat="48.7443079" lon="11.4374947" />
  <node id="3642372514" lat="48.7442561" lon="11.4376116" />
  <node id="3642372521" lat="48.7443179" lon="11.4375567" />
  <node id="3642372524" lat="48.7443231" lon="11.4375222" />
  <node id="3642372527" lat="48.7443259" lon="11.4373057" />
  <node id="3642372528" lat="48.7442761" lon="11.4377063" />
  <node id="3642372530" lat="48.7442792" lon="11.4377572" />
  <node id="3642372531" lat="48.7443393" lon="11.4376991" />
  <node id="3642372532" lat="48.7442944" lon="11.4378150" />
  <node id="3642372534" lat="48.7443508" lon="11.4377633" />
  <node id="3642372536" lat="48.7443552" lon="11.4377262" />
  <node id="3642372537" lat="48.7443597" lon="11.4375073" />
  <node id="3642372538" lat="48.7443665" lon="11.4377960" />
  <node id="3642372543" lat="48.7443933" lon="11.4377119" />
  <node id="3642372544" lat="48.7444128" lon="11.4372118" />
  <node id="3642372550" lat="48.7444332" lon="11.4373234" />
  <node id="3642372551" lat="48.7444388" lon="11.4374178" />
  <node id="3642372557" lat="48.7444581" lon="11.4375336" />
  <node id="3642372559" lat="48.7444787" lon="11.4376357" />
  <node id="3642372562" lat="48.7444974" lon="11.4377357" />
  <node id="3659572631" lat="48.7549913" lon="11.4377874" />
  <node id="3698295444" lat="48.7449395" lon="11.4367918" />
  <node id="3801853531" lat="48.7553052" lon="11.4358967" />
  <node id="3828188268" lat="48.7431199" lon="11.4268202" />
  <node id="3828188275" lat="48.7430168" lon="11.4279102" />
  <node id="3828188276" lat="48.7431150" lon="11.4254392" />
  <node id="3828188277" lat="48.7472661" lon="11.4338712" />
  <node id="3828188278" lat="48.7474684" lon="11.4337638" />
  <node id="3828188280" lat="48.7540638" lon="11.4310238" />
  <node id="3828281623" lat="48.7438507" lon="11.4244910" />
  <node id="3830637557" lat="48.7440195" lon="11.4244393" />
  <node id="3902644874" lat="48.7433159" lon="11.4198528" />
  <node id="3902645797" lat="48.7430550" lon="11.4214888" />
  <node id="3907456209" lat="48.7442374" lon="11.4243728" />
  <node id="3907456210" lat="48.7444900" lon="11.4243009" />
  <node id="3907456211" lat="48.7447507" lon="11.4242239" />
  <node id="4319249191" lat="48.7437586" lon="11.4373672" />
  <node id="4319249193" lat="48.7438299" lon="11.4373377" />
  <node id="4319249215" lat="48.7443083" lon="11.4369636" />
  <node id="4319249216" lat="48.7443929" lon="11.4370391" />
  <node id="4319249219" lat="48.7444236" lon="11.4372682" />
  <node id="4319249221" lat="48.7443474" lon="11.4365851" />
  <node id="4319249226" lat="48.7443757" lon="11.4365745" />
  <node id="4319249227" lat="48.7443791" lon="11.4365958" />
  <node id="4319249229" lat="48.7443856" lon="11.4365697" />
  <node id="4319249239" lat="48.7445509" lon="11.4365321" />
  <node id="4319249240" lat="48.7445697" lon="11.4365031" />
  <node id="4319249245" lat="48.7449283" lon="11.4367285" />
  <node id="4326573504" lat="48.7531679" lon="11.4245607" />
  <node id="4326573505" lat="48.7532846" lon="11.4336934" />
  <node id="4326573506" lat="48.7533278" lon="11.4336506" />
  <node id="4326573507" lat="48.7533593" lon="11.4335763" />
  <node id="4326573508" lat="48.7535626" lon="11.4252291" />
  <node id="4326573509" lat="48.7538784" lon="11.4244082" />
  <node id="4326573511" lat="48.7542924" lon="11.4273875" />
  <node id="4326573512" lat="48.7542933" lon="11.4258632" />
  <node id="4326573513" lat="48.7551217" lon="11.4269970" />
  <node id="4326573514" lat="48.7551227" lon="11.4270551" />
  <node id="4326573515" lat="48.7551336" lon="11.4274507" />
  <node id="4326573516" lat="48.7551632" lon="11.4272226" />
  <node id="4326573517" lat="48.7551835" lon="11.4272417" />
  <node id="4326573518" lat="48.7551854" lon="11.4273239" />
  <node id="4326573519" lat="48.7551905" lon="11.4272992" />
  <node id="4326573520" lat="48.7551921" lon="11.4272692" />
  <node id="4326573521" lat="48.7552172" lon="11.4273876" />
  <node id="4326573522" lat="48.7552985" lon="11.4272657" />
  <node id="4326573524" lat="48.7553516" lon="11.4278640" />
  <node id="4326573525" lat="48.7554349" lon="11.4270563" />
  <node id="4326573526" lat="48.7555092" lon="11.4273249" />
  <node id="4326573527" lat="48.7555572" lon="11.4273737" />
  <node id="4326573528" lat="48.7555811" lon="11.4272472" />
  <node id="4326573529" lat="48.7557795" lon="11.4274129" />
  <node id="4326573530" lat="48.7558013" lon="11.4277391" />
  <node id="4344409036" lat="48.7445772" lon="11.4359866" />
  <node id="4344409038" lat="48.7446124" lon="11.4362236" />
  <node id="4344409039" lat="48.7450589" lon="11.4360577" />
  <node id="4344409040" lat="48.7447863" lon="11.4361589" />
  <node id="4344409041" lat="48.7450656" lon="11.4361017" />
  <node id="4344409042" lat="48.7450798" lon="11.4361957" />
  <node id="4344409043" lat="48.7450870" lon="11.4362434" />
  <node id="4344409044" lat="48.7450969" lon="11.4363089" />
  <node id="4346910330" lat="48.7569072" lon="11.4267461" />
  <node id="4370465339" lat="48.7566106" lon="11.4225152" />
  <node id="4370465340" lat="48.7567732" lon="11.4224418" />
  <node id="4370465341" lat="48.7568738" lon="11.4226387" />
  <node id="4370466416" lat="48.7561454" lon="11.4212616" />
  <node id="4370466417" lat="48.7560058" lon="11.4208644" />
  <node id="4370469793" lat="48.7562268" lon="11.4212348" />
  <node id="4370469794" lat="48.7564496" lon="11.4210471" />
  <node id="4370469795" lat="48.7565539" lon="11.4207735" />
  <node id="4370469796" lat="48.7565804" lon="11.4206608" />
  <node id="4370469797" lat="48.7566158" lon="11.4204489" />
  <node id="4462567450" lat="48.7531594" lon="11.4296557" />
  <node id="4462567458" lat="48.7526791" lon="11.4294142" />
  <node id="4462567459" lat="48.7527295" lon="11.4292546" />
  <node id="4462567460" lat="48.7527631" lon="11.4290695" />
  <node id="4462567461" lat="48.7530496" lon="11.4290883" />
  <node id="4566693287" lat="48.7580561" lon="11.4341406" />
  <node id="4566693288" lat="48.7580913" lon="11.4342661" />
  <node id="4566694389" lat="48.7580235" lon="11.4337547" />
  <node id="4566694447" lat="48.7576499" lon="11.4454433" />
  <node id="4566694455" lat="48.7580292" lon="11.4449112" />
  <node id="4577223332" lat="48.7447199" lon="11.4396804" />
  <node id="4577223333" lat="48.7447265" lon="11.4397030" />
  <node id="4577223334" lat="48.7447127" lon="11.4397120" />
  <node id="4577223336" lat="48.7447172" lon="11.4396958" />
  <node id="4577223337" lat="48.7446918" lon="11.4395761" />
  <node id="4577223338" lat="48.7446500" lon="11.4397063" />
  <node id="5037789139" lat="48.7547526" lon="11.4314827" />
  <node id="5037789140" lat="48.7546952" lon="11.4315043" />
  <node id="5037789141" lat="48.7546917" lon="11.4315525" />
  <node id="5037789142" lat="48.7545626" lon="11.4315794" />
  <node id="5091467635" lat="48.7559662" lon="11.4458604" />
  <node id="5091467636" lat="48.7561025" lon="11.4459856" />
  <node id="5091467637" lat="48.7565976" lon="11.4448429" />
  <node id="5091467638" lat="48.7566685" lon="11.4446617" />
  <node id="5170386250" lat="48.7447355" lon="11.4396837" />
  <node id="5170386251" lat="48.7447358" lon="11.4396844" />
  <node id="5170386252" lat="48.7447461" lon="11.4397227" />
  <node id="5170386253" lat="48.7447196" lon="11.4397380" />
  <node id="5203101102" lat="48.7581010" lon="11.4411998" />
  <node id="5298901514" lat="48.7432374" lon="11.4292298" />
  <node id="5298901515" lat="48.7431023" lon="11.4221887" />
  <node id="5298901516" lat="48.7433084" lon="11.4238970" />
  <node id="5298901518" lat="48.7501376" lon="11.4194220" />
  <node id="5298901519" lat="48.7498897" lon="11.4189348" />
  <node id="5298901520" lat="48.7499945" lon="11.4191172" />
  <node id="5298901623" lat="48.7488307" lon="11.4214800" />
  <node id="5298901624" lat="48.7486094" lon="11.4215926" />
  <node id="5298901625" lat="48.7487286" lon="11.4228823" />
  <node id="5298901626" lat="48.7489699" lon="11.4227892" />
  <node id="5298901627" lat="48.7494212" lon="11.4225997" />
  <node id="5298901628" lat="48.7498546" lon="11.4224329" />
  <node id="5298901629" lat="48.7498439" lon="11.4252289" />
  <node id="5298901630" lat="48.7462903" lon="11.4255949" />
  <node id="5298901631" lat="48.7462474" lon="11.4254519" />
  <node id="5298901632" lat="48.7461646" lon="11.4253880" />
  <node id="5298901670" lat="48.7432146" lon="11.4196715" />
  <node id="5298901676" lat="48.7425229" lon="11.4283497" />
  <node id="5298901677" lat="48.7427814" lon="11.4285684" />
  <node id="5298901678" lat="48.7426293" lon="11.4285013" />
  <node id="5298901681" lat="48.7431320" lon="11.4288110" />
  <node id="5298901682" lat="48.7434622" lon="11.4293963" />
  <node id="5298901683" lat="48.7434412" lon="11.4292836" />
  <node id="5298901684" lat="48.7433926" lon="11.4291234" />
  <node id="5298901685" lat="48.7433266" lon="11.4289339" />
  <node id="5298901686" lat="48.7432934" lon="11.4288126" />
  <node id="5298901687" lat="48.7432687" lon="11.4286870" />
  <node id="5298901688" lat="48.7432541" lon="11.4282674" />
  <node id="5298901689" lat="48.7432709" lon="11.4281407" />
  <node id="5298901690" lat="48.7438653" lon="11.4288521" />
  <node id="5298901691" lat="48.7436511" lon="11.4280714" />
  <node id="5298901692" lat="48.7436082" lon="11.4277966" />
  <node id="5298901693" lat="48.7433298" lon="11.4270410" />
  <node id="5298901694" lat="48.7433212" lon="11.4269203" />
  <node id="5298901695" lat="48.7433444" lon="11.4275142" />
  <node id="5298901696" lat="48.7433284" lon="11.4242196" />
  <node id="5298901697" lat="48.7431459" lon="11.4245867" />
  <node id="5298901698" lat="48.7433340" lon="11.4245608" />
  <node id="5298901699" lat="48.7434223" lon="11.4245467" />
  <node id="5298901700" lat="48.7434451" lon="11.4245429" />
  <node id="5298901701" lat="48.7434665" lon="11.4245326" />
  <node id="5298901702" lat="48.7434876" lon="11.4245153" />
  <node id="5298901703" lat="48.7436184" lon="11.4243890" />
  <node id="5298901704" lat="48.7438425" lon="11.4242933" />
  <node id="5298901705" lat="48.7442295" lon="11.4241807" />
  <node id="5298901707" lat="48.7455945" lon="11.4238041" />
  <node id="5298901709" lat="48.7434872" lon="11.4246854" />
  <node id="5298901710" lat="48.7434212" lon="11.4247329" />
  <node id="5298901711" lat="48.7435404" lon="11.4270037" />
  <node id="5298901712" lat="48.7435333" lon="11.4266994" />
  <node id="5298901714" lat="48.7470278" lon="11.4248553" />
  <node id="5298901715" lat="48.7472870" lon="11.4247362" />
  <node id="5298901716" lat="48.7477097" lon="11.4245705" />
  <node id="5298901717" lat="48.7486765" lon="11.4242142" />
  <node id="5298901718" lat="48.7487779" lon="11.4242500" />
  <node id="5329994856" lat="48.7447428" lon="11.4397130" />
  <node id="5329994857" lat="48.7447193" lon="11.4397284" />
  <node id="5329994858" lat="48.7447164" lon="11.4397179" />
  <node id="5329994859" lat="48.7447406" lon="11.4397024" />
  <node id="5497322173" lat="48.7450733" lon="11.4361526" />
  <node id="5626244907" lat="48.7535382" lon="11.4382154" />
  <node id="5626244908" lat="48.7533254" lon="11.4381666" />
  <node id="5626244909" lat="48.7531235" lon="11.4381833" />
  <node id="5626245355" lat="48.7528135" lon="11.4406725" />
  <node id="5626245356" lat="48.7528171" lon="11.4407701" />
  <node id="5626245357" lat="48.7527959" lon="11.4405593" />
  <node id="5648871449" lat="48.7468773" lon="11.4347750" />
  <node id="5648871450" lat="48.7463249" lon="11.4353907" />
  <node id="5648871453" lat="48.7454696" lon="11.4360104" />
  <node id="5648871454" lat="48.7452809" lon="11.4360351" />
  <node id="5648871455" lat="48.7452377" lon="11.4360054" />
  <node id="5648871456" lat="48.7451279" lon="11.4359499" />
  <node id="5648871457" lat="48.7443506" lon="11.4362840" />
  <node id="5648871458" lat="48.7443172" lon="11.4363781" />
  <node id="5648871459" lat="48.7446389" lon="11.4395755" />
  <node id="5648871460" lat="48.7445376" lon="11.4398809" />
  <node id="5648871461" lat="48.7446549" lon="11.4397530" />
  <node id="5648871462" lat="48.7449128" lon="11.4393276" />
  <node id="5648871463" lat="48.7449857" lon="11.4393544" />
  <node id="5648871464" lat="48.7449517" lon="11.4393262" />
  <node id="5648871465" lat="48.7451730" lon="11.4400345" />
  <node id="5648871466" lat="48.7451632" lon="11.4400811" />
  <node id="5648871467" lat="48.7444709" lon="11.4398239" />
  <node id="5648871468" lat="48.7444434" lon="11.4396568" />
  <node id="5648871469" lat="48.7444713" lon="11.4396108" />
  <node id="5648871470" lat="48.7445199" lon="11.4395646" />
  <node id="5648871471" lat="48.7448716" lon="11.4393465" />
  <node id="5648871472" lat="48.7450102" lon="11.4394030" />
  <node id="5648871473" lat="48.7451678" lon="11.4399860" />
  <node id="5648871474" lat="48.7451371" lon="11.4401188" />
  <node id="5648871475" lat="48.7447777" lon="11.4403427" />
  <node id="5650319978" lat="48.7447815" lon="11.4394024" />
  <node id="5664669324" lat="48.7543873" lon="11.4224010" />
  <node id="5698680561" lat="48.7556161" lon="11.4275971" />
  <node id="5698680562" lat="48.7556782" lon="11.4273503" />
  <node id="5698833264" lat="48.7575551" lon="11.4447968" />
  <node id="5698833265" lat="48.7574704" lon="11.4447200" />
  <node id="5698837846" lat="48.7574191" lon="11.4451964" />
  <node id="5754436740" lat="48.7567696" lon="11.4229515" />
  <node id="5887033577" lat="48.7506719" lon="11.4220905" />
  <node id="6088335371" lat="48.7568415" lon="11.4311955" />
  <node id="6088335372" lat="48.7569794" lon="11.4310677" />
  <node id="6088338782" lat="48.7577501" lon="11.4313690" />
  <node id="6088338783" lat="48.7577693" lon="11.4312319" />
  <node id="6292979888" lat="48.7581232" lon="11.4418313" />
  <node id="6292979889" lat="48.7581770" lon="11.4416917" />
  <node id="6292979892" lat="48.7578744" lon="11.4444054" />
  <node id="6292979898" lat="48.7581689" lon="11.4417128" />
  <node id="6328386809" lat="48.7418592" lon="11.4252520" />
  <node id="6328386810" lat="48.7419086" lon="11.4253114" />
  <node id="6328386811" lat="48.7419105" lon="11.4253363" />
  <node id="6328386812" lat="48.7418725" lon="11.4254113" />
  <node id="6328386813" lat="48.7418553" lon="11.4254148" />
  <node id="6328386814" lat="48.7418048" lon="11.4253531" />
  <node id="6328386815" lat="48.7418033" lon="11.4253281" />
  <node id="6328386816" lat="48.7418426" lon="11.4252549" />
  <node id="6328386817" lat="48.7419074" lon="11.4253610" />
  <node id="6328386818" lat="48.7418994" lon="11.4253831" />
  <node id="6328386819" lat="48.7418874" lon="11.4254004" />
  <node id="6328386820" lat="48.7418383" lon="11.4254098" />
  <node id="6328386821" lat="48.7418232" lon="11.4253968" />
  <node id="6328386822" lat="48.7418116" lon="11.4253772" />
  <node id="6328386823" lat="48.7418069" lon="11.4253037" />
  <node id="6328386824" lat="48.7418152" lon="11.4252820" />
  <node id="6328386825" lat="48.7418275" lon="11.4252652" />
  <node id="6328386826" lat="48.7418757" lon="11.4252571" />
  <node id="6328386827" lat="48.7418902" lon="11.4252696" />
  <node id="6328386828" lat="48.7419016" lon="11.4252883" />
  <node id="6565751953" lat="48.7546584" lon="11.4260989" />
  <node id="6565751954" lat="48.7545908" lon="11.4260249" />
  <node id="6565751955" lat="48.7545539" lon="11.4259009" />
  <node id="6565751956" lat="48.7545598" lon="11.4258154" />
  <node id="6573698149" lat="48.7549016" lon="11.4263218" />
  <node id="6715116521" lat="48.7423299" lon="11.4423990" />
  <node id="6715116524" lat="48.7432282" lon="11.4421315" />
  <node id="6715116525" lat="48.7432036" lon="11.4420508" />
  <node id="6747094044" lat="48.7508990" lon="11.4215918" />
  <node id="6761042443" lat="48.7440471" lon="11.4210706" />
  <node id="6761061048" lat="48.7439682" lon="11.4206076" />
  <node id="7146731691" lat="48.7445687" lon="11.4266344" />
  <node id="7146731692" lat="48.7444670" lon="11.4259552" />
  <node id="7146731693" lat="48.7443951" lon="11.4266835" />
  <node id="7146731694" lat="48.7443031" lon="11.4260090" />
  <node id="7226763676" lat="48.7564990" lon="11.4416883" />
  <node id="7226763677" lat="48.7563305" lon="11.4416306" />
  <node id="7226763678" lat="48.7561534" lon="11.4420588" />
  <node id="7226763679" lat="48.7561326" lon="11.4422152" />
  <node id="7226763680" lat="48.7563092" lon="11.4427880" />
  <node id="7226763681" lat="48.7559593" lon="11.4425821" />
  <node id="7226763682" lat="48.7540482" lon="11.4414070" />
  <node id="7226763683" lat="48.7541799" lon="11.4414434" />
  <node id="7226763684" lat="48.7544508" lon="11.4415055" />
  <node id="7226765685" lat="48.7546003" lon="11.4415322" />
  <node id="7226765686" lat="48.7547484" lon="11.4416224" />
  <node id="7226765687" lat="48.7549189" lon="11.4417767" />
  <node id="7226765688" lat="48.7551573" lon="11.4419894" />
  <node id="7226765689" lat="48.7553780" lon="11.4414577" />
  <node id="7226765690" lat="48.7546781" lon="11.4415796" />
  <node id="7226765691" lat="48.7548692" lon="11.4410081" />
  <node id="7226765692" lat="48.7547532" lon="11.4414211" />
  <node id="7249515347" lat="48.7528845" lon="11.4326139" />
  <node id="7249515348" lat="48.7527579" lon="11.4319526" />
  <node id="7249515349" lat="48.7527363" lon="11.4318378" />
  <node id="7262587520" lat="48.7559259" lon="11.4391976" />
  <node id="7262587521" lat="48.7560701" lon="11.4390169" />
  <node id="7262587522" lat="48.7561326" lon="11.4389730" />
  <node id="7262587523" lat="48.7561713" lon="11.4390047" />
  <node id="7262587524" lat="48.7562198" lon="11.4390432" />
  <node id="7262587525" lat="48.7564700" lon="11.4392886" />
  <node id="7262587526" lat="48.7565646" lon="11.4393876" />
  <node id="7262587527" lat="48.7566059" lon="11.4394289" />
  <node id="7262587528" lat="48.7566164" lon="11.4394402" />
  <node id="7262587529" lat="48.7566329" lon="11.4394657" />
  <node id="7262587530" lat="48.7565865" lon="11.4395743" />
  <node id="7262587531" lat="48.7564651" lon="11.4398648" />
  <node id="7279527668" lat="48.7427379" lon="11.4455465" />
  <node id="7279527669" lat="48.7424624" lon="11.4451687" />
  <node id="7279527671" lat="48.7423079" lon="11.4407711" />
  <node id="7279527672" lat="48.7424254" lon="11.4412922" />
  <node id="7279527673" lat="48.7424732" lon="11.4415926" />
  <node id="7279527674" lat="48.7425627" lon="11.4419196" />
  <node id="7285033891" lat="48.7573672" lon="11.4419653" />
  <node id="7285033892" lat="48.7575369" lon="11.4421230" />
  <node id="7288097812" lat="48.7539926" lon="11.4366236" />
  <node id="7288097813" lat="48.7541687" lon="11.4367039" />
  <node id="7288097814" lat="48.7543044" lon="11.4368629" />
  <node id="7291120231" lat="48.7408654" lon="11.4303375" />
  <node id="7291120232" lat="48.7408949" lon="11.4305167" />
  <node id="7291120233" lat="48.7409497" lon="11.4308627" />
  <node id="7291518319" lat="48.7456689" lon="11.4204937" />
  <node id="7291518320" lat="48.7455658" lon="11.4199075" />
  <node id="7345368928" lat="48.7446184" lon="11.4233692" />
  <node id="7345368929" lat="48.7448263" lon="11.4238863" />
  <node id="7345368930" lat="48.7452736" lon="11.4236330" />
  <node id="7345368931" lat="48.7454200" lon="11.4236417" />
  <node id="7345368932" lat="48.7451809" lon="11.4233009" />
  <node id="7345368933" lat="48.7454230" lon="11.4231874" />
  <node id="7345368934" lat="48.7446719" lon="11.4233478" />
  <node id="7345368935" lat="48.7450617" lon="11.4236331" />
  <node id="7345368936" lat="48.7446081" lon="11.4238618" />
  <node id="7345368937" lat="48.7452900" lon="11.4230031" />
  <node id="7345471858" lat="48.7530921" lon="11.4355785" />
  <node id="7345471859" lat="48.7527691" lon="11.4354410" />
  <node id="7345471860" lat="48.7526683" lon="11.4354437" />
  <node id="7354782175" lat="48.7414187" lon="11.4332703" />
  <node id="7354782176" lat="48.7414455" lon="11.4338187" />
  <node id="7358557076" lat="48.7446599" lon="11.4454851" />
  <node id="7358557077" lat="48.7444911" lon="11.4455041" />
  <node id="7358557078" lat="48.7442676" lon="11.4455173" />
  <node id="7391517120" lat="48.7558139" lon="11.4392669" />
  <node id="7391517121" lat="48.7557101" lon="11.4393352" />
  <node id="7391517122" lat="48.7556413" lon="11.4393959" />
  <node id="7391517123" lat="48.7555701" lon="11.4394661" />
  <node id="7391517124" lat="48.7555238" lon="11.4395325" />
  <node id="7391517125" lat="48.7552250" lon="11.4402190" />
  <node id="7402339365" lat="48.7545203" lon="11.4390746" />
  <node id="7402339366" lat="48.7564557" lon="11.4420614" />
  <node id="7402339367" lat="48.7568977" lon="11.4423580" />
  <node id="7402339368" lat="48.7565968" lon="11.4421558" />
  <node id="7402339369" lat="48.7565475" lon="11.4423562" />
  <node id="7402339370" lat="48.7567548" lon="11.4422613" />
  <node id="7402339371" lat="48.7567030" lon="11.4424517" />
  <node id="7402339372" lat="48.7568455" lon="11.4425417" />
  <node id="7402339373" lat="48.7565037" lon="11.4416482" />
  <node id="7402339374" lat="48.7565778" lon="11.4416091" />
  <node id="7402339375" lat="48.7567592" lon="11.4414891" />
  <node id="7402339376" lat="48.7565454" lon="11.4416286" />
  <node id="7414108792" lat="48.7507507" lon="11.4246791" />
  <node id="7414108793" lat="48.7508035" lon="11.4248656" />
  <node id="7414108794" lat="48.7508863" lon="11.4252012" />
  <node id="7446791914" lat="48.7530292" lon="11.4360233" />
  <node id="7446791915" lat="48.7529901" lon="11.4360130" />
  <node id="7446791916" lat="48.7527440" lon="11.4359580" />
  <node id="7446791917" lat="48.7526668" lon="11.4359588" />
  <node id="7446791918" lat="48.7526077" lon="11.4359391" />
  <node id="7509966276" lat="48.7428792" lon="11.4316277" />
  <node id="7509966277" lat="48.7428336" lon="11.4313724" />
  <node id="7529847797" lat="48.7521274" lon="11.4272202" />
  <node id="7529847816" lat="48.7478213" lon="11.4337499" />
  <node id="7529847817" lat="48.7504690" lon="11.4326870" />
  <node id="7531293361" lat="48.7440387" lon="11.4337025" />
  <node id="7531293363" lat="48.7439092" lon="11.4321354" />
  <node id="7531293364" lat="48.7443126" lon="11.4320980" />
  <node id="7536367658" lat="48.7424431" lon="11.4298564" />
  <node id="7536367659" lat="48.7425368" lon="11.4304164" />
  <node id="7539963723" lat="48.7519031" lon="11.4299070" />
  <node id="7539963724" lat="48.7527548" lon="11.4295125" />
  <node id="7539963726" lat="48.7519337" lon="11.4290544" />
  <node id="7539963731" lat="48.7542469" lon="11.4297837" />
  <node id="7572491793" lat="48.7518462" lon="11.4423984" />
  <node id="7572491794" lat="48.7519166" lon="11.4425137" />
  <node id="7572491795" lat="48.7520034" lon="11.4426552" />
  <node id="7572491796" lat="48.7520583" lon="11.4427035" />
  <node id="7572491797" lat="48.7521011" lon="11.4427285" />
  <node id="7572491798" lat="48.7521373" lon="11.4427602" />
  <node id="7572491799" lat="48.7522219" lon="11.4428434" />
  <node id="7590923982" lat="48.7535199" lon="11.4400446" />
  <node id="7590923983" lat="48.7535837" lon="11.4404337" />
  <node id="7590923984" lat="48.7536095" lon="11.4404468" />
  <node id="7590937385" lat="48.7538551" lon="11.4403204" />
  <node id="7590937386" lat="48.7539399" lon="11.4402834" />
  <node id="7590937387" lat="48.7540112" lon="11.4402739" />
  <node id="7590937388" lat="48.7540518" lon="11.4402806" />
  <node id="7590937389" lat="48.7544512" lon="11.4404237" />
  <node id="7590937390" lat="48.7539662" lon="11.4402769" />
  <node id="7592790202" lat="48.7475732" lon="11.4338535" />
  <node id="7616444539" lat="48.7569995" lon="11.4225123" />
  <node id="7616444542" lat="48.7557057" lon="11.4294762" />
  <node id="7616444543" lat="48.7557259" lon="11.4293004" />
  <node id="7616444544" lat="48.7556170" lon="11.4293425" />
  <node id="7616444546" lat="48.7556558" lon="11.4295729" />
  <node id="7623669975" lat="48.7557903" lon="11.4306590" />
  <node id="7623708687" lat="48.7558394" lon="11.4307544" />
  <node id="7623708689" lat="48.7558470" lon="11.4308137" />
  <node id="7623708693" lat="48.7557544" lon="11.4306368" />
  <node id="7623708694" lat="48.7558897" lon="11.4306370" />
  <node id="7623708695" lat="48.7559019" lon="11.4308091" />
  <node id="7623708696" lat="48.7557635" lon="11.4308208" />
  <node id="7626856592" lat="48.7559288" lon="11.4357496" />
  <node id="7627033074" lat="48.7575929" lon="11.4219093" />
  <node id="7627033080" lat="48.7570422" lon="11.4231445" />
  <node id="7627033082" lat="48.7572209" lon="11.4226498" />
  <node id="7627056294" lat="48.7571104" lon="11.4232365" />
  <node id="7627056296" lat="48.7571512" lon="11.4231546" />
  <node id="7627056302" lat="48.7573255" lon="11.4224220" />
  <node id="7627056303" lat="48.7575410" lon="11.4220067" />
  <node id="7627056304" lat="48.7578668" lon="11.4214129" />
  <node id="7627056306" lat="48.7569519" lon="11.4234236" />
  <node id="7627056307" lat="48.7571451" lon="11.4228354" />
  <node id="7628080575" lat="48.7538997" lon="11.4350805" />
  <node id="7628080576" lat="48.7537476" lon="11.4350510" />
  <node id="7628080577" lat="48.7537281" lon="11.4350858" />
  <node id="7628080578" lat="48.7536937" lon="11.4353044" />
  <node id="7628080579" lat="48.7536675" lon="11.4355644" />
  <node id="7628080580" lat="48.7542018" lon="11.4346896" />
  <node id="7628080581" lat="48.7541729" lon="11.4350510" />
  <node id="7628080582" lat="48.7541914" lon="11.4352776" />
  <node id="7628080583" lat="48.7541729" lon="11.4353742" />
  <node id="7628080584" lat="48.7541251" lon="11.4354265" />
  <node id="7628088463" lat="48.7581972" lon="11.4316698" />
  <node id="7628091485" lat="48.7538652" lon="11.4355780" />
  <node id="7628091486" lat="48.7536875" lon="11.4355686" />
  <node id="7628091487" lat="48.7534894" lon="11.4355271" />
  <node id="7628091488" lat="48.7533718" lon="11.4354748" />
  <node id="7628091489" lat="48.7531204" lon="11.4353786" />
  <node id="7628091492" lat="48.7562056" lon="11.4388081" />
  <node id="7628091493" lat="48.7566750" lon="11.4393465" />
  <node id="7628091494" lat="48.7566856" lon="11.4392956" />
  <node id="7628091495" lat="48.7566821" lon="11.4392634" />
  <node id="7628091496" lat="48.7562224" lon="11.4388168" />
  <node id="7628091497" lat="48.7561896" lon="11.4388141" />
  <node id="7628227657" lat="48.7575579" lon="11.4218560" />
  <node id="7628227660" lat="48.7577889" lon="11.4213973" />
  <node id="7628563995" lat="48.7546482" lon="11.4296862" />
  <node id="7628563996" lat="48.7545560" lon="11.4298351" />
  <node id="7628563997" lat="48.7547583" lon="11.4298301" />
  <node id="7628563998" lat="48.7548371" lon="11.4297193" />
  <node id="7628563999" lat="48.7547536" lon="11.4297381" />
  <node id="7628564000" lat="48.7548399" lon="11.4301123" />
  <node id="7628564001" lat="48.7546150" lon="11.4299089" />
  <node id="7628564002" lat="48.7545982" lon="11.4297031" />
  <node id="7628564003" lat="48.7546166" lon="11.4297617" />
  <node id="7628564004" lat="48.7546192" lon="11.4298349" />
  <node id="7628564005" lat="48.7546514" lon="11.4297557" />
  <node id="7628564006" lat="48.7546551" lon="11.4298337" />
  <node id="7628677243" lat="48.7564735" lon="11.4428334" />
  <node id="7628677244" lat="48.7565169" lon="11.4426661" />
  <node id="7628677245" lat="48.7566176" lon="11.4429460" />
  <node id="7628677246" lat="48.7566684" lon="11.4427640" />
  <node id="7628677247" lat="48.7567405" lon="11.4428106" />
  <node id="7628677248" lat="48.7563673" lon="11.4425694" />
  <node id="7628677251" lat="48.7467629" lon="11.4390984" />
  <node id="7628677252" lat="48.7470477" lon="11.4400855" />
  <node id="7629259415" lat="48.7447130" lon="11.4310310" />
  <node id="7629259416" lat="48.7447710" lon="11.4311812" />
  <node id="7629259417" lat="48.7447838" lon="11.4312838" />
  <node id="7629259418" lat="48.7447754" lon="11.4314836" />
  <node id="7629259419" lat="48.7447614" lon="11.4319853" />
  <node id="7629259420" lat="48.7438888" lon="11.4346755" />
  <node id="7629259421" lat="48.7438809" lon="11.4365666" />
  <node id="7629259422" lat="48.7438570" lon="11.4364256" />
  <node id="7629259423" lat="48.7437686" lon="11.4358315" />
  <node id="7629259424" lat="48.7437818" lon="11.4356451" />
  <node id="7629259425" lat="48.7437774" lon="11.4354493" />
  <node id="7629367846" lat="48.7457034" lon="11.4365628" />
  <node id="7629367847" lat="48.7459333" lon="11.4357183" />
  <node id="7629367848" lat="48.7470883" lon="11.4353366" />
  <node id="7629367849" lat="48.7469840" lon="11.4354573" />
  <node id="7629367850" lat="48.7469769" lon="11.4355592" />
  <node id="7629367851" lat="48.7469928" lon="11.4356464" />
  <node id="7629367852" lat="48.7470592" lon="11.4356974" />
  <node id="7629367853" lat="48.7471697" lon="11.4357014" />
  <node id="7629367854" lat="48.7472015" lon="11.4357389" />
  <node id="7629367855" lat="48.7472104" lon="11.4358382" />
  <node id="7629367856" lat="48.7471900" lon="11.4359280" />
  <node id="7629367857" lat="48.7471441" lon="11.4359589" />
  <node id="7629367858" lat="48.7470211" lon="11.4359991" />
  <node id="7629367859" lat="48.7469354" lon="11.4360045" />
  <node id="7629367861" lat="48.7460574" lon="11.4363585" />
  <node id="7631074651" lat="48.7557213" lon="11.4384573" />
  <node id="7631074653" lat="48.7577095" lon="11.4300849" />
  <node id="7631074654" lat="48.7576697" lon="11.4298595" />
  <node id="7631074655" lat="48.7576405" lon="11.4296597" />
  <node id="7631074656" lat="48.7576299" lon="11.4294653" />
  <node id="7631074657" lat="48.7516361" lon="11.4416706" />
  <node id="7631074658" lat="48.7514791" lon="11.4408226" />
  <node id="7631074662" lat="48.7580935" lon="11.4329750" />
  <node id="7631074663" lat="48.7579526" lon="11.4329441" />
  <node id="7631074664" lat="48.7579411" lon="11.4329079" />
  <node id="7631074665" lat="48.7579659" lon="11.4325646" />
  <node id="7631074666" lat="48.7579774" lon="11.4325136" />
  <node id="7631074667" lat="48.7579977" lon="11.4325069" />
  <node id="7631074668" lat="48.7581286" lon="11.4325329" />
  <node id="7631074669" lat="48.7578942" lon="11.4317277" />
  <node id="7631074670" lat="48.7581866" lon="11.4318026" />
  <node id="7632258865" lat="48.7502038" lon="11.4203985" />
  <node id="7632258866" lat="48.7502282" lon="11.4204196" />
  <node id="7632258867" lat="48.7503493" lon="11.4201153" />
  <node id="7632258868" lat="48.7502961" lon="11.4199865" />
  <node id="7632258869" lat="48.7501618" lon="11.4200442" />
  <node id="7632258870" lat="48.7501509" lon="11.4200164" />
  <node id="7632258871" lat="48.7500136" lon="11.4202509" />
  <node id="7632258872" lat="48.7499918" lon="11.4202297" />
  <node id="7632258874" lat="48.7500462" lon="11.4193470" />
  <node id="7632305388" lat="48.7503305" lon="11.4202378" />
  <node id="7632305389" lat="48.7503752" lon="11.4201333" />
  <node id="7636305982" lat="48.7508840" lon="11.4215442" />
  <node id="7636305983" lat="48.7515981" lon="11.4210126" />
  <node id="7639833105" lat="48.7435964" lon="11.4242657" />
  <node id="7639833106" lat="48.7434746" lon="11.4230321" />
  <node id="7639833107" lat="48.7434629" lon="11.4229122" />
  <node id="7639833108" lat="48.7436861" lon="11.4228372" />
  <node id="7639833109" lat="48.7433646" lon="11.4233874" />
  <node id="7639833110" lat="48.7431567" lon="11.4234601" />
  <node id="7639833111" lat="48.7432291" lon="11.4245752" />
  <node id="7651487733" lat="48.7504749" lon="11.4313277" />
  <node id="7651487734" lat="48.7505335" lon="11.4313978" />
  <node id="7651487735" lat="48.7505296" lon="11.4314890" />
  <node id="7651487736" lat="48.7504199" lon="11.4317639" />
  <node id="7651645098" lat="48.7569989" lon="11.4234817" />
  <node id="7651645099" lat="48.7570178" lon="11.4234291" />
  <node id="7651645100" lat="48.7570409" lon="11.4233947" />
  <node id="7651645101" lat="48.7570590" lon="11.4233841" />
  <node id="7651645102" lat="48.7570982" lon="11.4233865" />
  <node id="7651645103" lat="48.7571329" lon="11.4234151" />
  <node id="7658158413" lat="48.7444438" lon="11.4233201" />
  <node id="7658158414" lat="48.7445708" lon="11.4240884" />
  <node id="7658158415" lat="48.7445304" lon="11.4239193" />
  <node id="7658158416" lat="48.7446428" lon="11.4233453" />
  <node id="7658158417" lat="48.7446062" lon="11.4231750" />
  <node id="7658158418" lat="48.7445895" lon="11.4230949" />
  <node id="7658158419" lat="48.7445156" lon="11.4227038" />
  <node id="7658158420" lat="48.7445260" lon="11.4238889" />
  <node id="7658158421" lat="48.7452909" lon="11.4236254" />
  <node id="7658158422" lat="48.7453464" lon="11.4238736" />
  <node id="7658158423" lat="48.7453108" lon="11.4237145" />
  <node id="7658158424" lat="48.7455698" lon="11.4236075" />
  <node id="7658158425" lat="48.7454247" lon="11.4236675" />
  <node id="7658158426" lat="48.7448511" lon="11.4240124" />
  <node id="7658158427" lat="48.7445545" lon="11.4240202" />
  <node id="7658158428" lat="48.7448307" lon="11.4239086" />
  <node id="7658158429" lat="48.7450995" lon="11.4230767" />
  <node id="7658158430" lat="48.7451506" lon="11.4233352" />
  <node id="7658158431" lat="48.7451853" lon="11.4233236" />
  <node id="7658158432" lat="48.7450174" lon="11.4233948" />
  <node id="7658158433" lat="48.7454432" lon="11.4231799" />
  <node id="7658158434" lat="48.7454239" lon="11.4230842" />
  <node id="7658158435" lat="48.7453990" lon="11.4229576" />
  <node id="7658158436" lat="48.7440336" lon="11.4228069" />
  <node id="7658158437" lat="48.7439742" lon="11.4229123" />
  <node id="7658158438" lat="48.7439521" lon="11.4229509" />
  <node id="7658158439" lat="48.7439029" lon="11.4230335" />
  <node id="7658158440" lat="48.7450062" lon="11.4225375" />
  <node id="7658158441" lat="48.7450669" lon="11.4228789" />
  <node id="7658158443" lat="48.7445545" lon="11.4229096" />
  <node id="7658158444" lat="48.7454865" lon="11.4221337" />
  <node id="7658158445" lat="48.7454051" lon="11.4222084" />
  <node id="7658158446" lat="48.7454693" lon="11.4223074" />
  <node id="7658158447" lat="48.7455276" lon="11.4221197" />
  <node id="7658158448" lat="48.7456099" lon="11.4221285" />
  <node id="7658158450" lat="48.7460529" lon="11.4224652" />
  <node id="7658158451" lat="48.7460026" lon="11.4221671" />
  <node id="7658158452" lat="48.7458954" lon="11.4220361" />
  <node id="7658158453" lat="48.7461599" lon="11.4225799" />
  <node id="7658158454" lat="48.7462805" lon="11.4227027" />
  <node id="7667546665" lat="48.7565998" lon="11.4205446" />
  <node id="7674216098" lat="48.7518591" lon="11.4323533" />
  <node id="7678122070" lat="48.7552577" lon="11.4308898" />
  <node id="7678122071" lat="48.7554984" lon="11.4306881" />
  <node id="7678122072" lat="48.7550327" lon="11.4308362" />
  <node id="7678122073" lat="48.7559000" lon="11.4316793" />
  <node id="7680760801" lat="48.7434900" lon="11.4303330" />
  <node id="7680760802" lat="48.7436021" lon="11.4308781" />
  <node id="7680760803" lat="48.7436577" lon="11.4312174" />
  <node id="7680760804" lat="48.7437188" lon="11.4317487" />
  <node id="7680760805" lat="48.7438490" lon="11.4329963" />
  <node id="7680760806" lat="48.7439486" lon="11.4338970" />
  <node id="7680760807" lat="48.7428464" lon="11.4213166" />
  <node id="7680760808" lat="48.7428742" lon="11.4215513" />
  <node id="7680760809" lat="48.7429803" lon="11.4231387" />
  <node id="7680760810" lat="48.7430403" lon="11.4238582" />
  <node id="7680760811" lat="48.7430574" lon="11.4240429" />
  <node id="7680760812" lat="48.7431015" lon="11.4248580" />
  <node id="7680760813" lat="48.7430363" lon="11.4285957" />
  <node id="7680760814" lat="48.7432547" lon="11.4295537" />
  <node id="7680760815" lat="48.7437580" lon="11.4321246" />
  <node id="7680760816" lat="48.7439229" lon="11.4336643" />
  <node id="7680760826" lat="48.7428076" lon="11.4210208" />
  <node id="7680760827" lat="48.7427562" lon="11.4210750" />
  <node id="7680760828" lat="48.7427422" lon="11.4213847" />
  <node id="7680760829" lat="48.7428681" lon="11.4214994" />
  <node id="7680760830" lat="48.7429854" lon="11.4214968" />
  <node id="7680760831" lat="48.7432572" lon="11.4214596" />
  <node id="7702676795" lat="48.7455280" lon="11.4232746" />
  <node id="7702676825" lat="48.7461227" lon="11.4209950" />
  <node id="7707167785" lat="48.7492062" lon="11.4201535" />
  <node id="7707167809" lat="48.7518068" lon="11.4279860" />
  <node id="7707167810" lat="48.7518029" lon="11.4281304" />
  <node id="7707167811" lat="48.7518327" lon="11.4283538" />
  <node id="7707167812" lat="48.7518957" lon="11.4284723" />
  <node id="7707167814" lat="48.7521689" lon="11.4287191" />
  <node id="7707167815" lat="48.7522750" lon="11.4288049" />
  <node id="7707167816" lat="48.7523758" lon="11.4289391" />
  <node id="7707167817" lat="48.7524925" lon="11.4291670" />
  <node id="7707167818" lat="48.7525774" lon="11.4293695" />
  <node id="7707167819" lat="48.7526576" lon="11.4294960" />
  <node id="7707167820" lat="48.7527789" lon="11.4296209" />
  <node id="7707167821" lat="48.7529320" lon="11.4297068" />
  <node id="7707167822" lat="48.7531566" lon="11.4297169" />
  <node id="7707167823" lat="48.7540750" lon="11.4298630" />
  <node id="7707167824" lat="48.7543137" lon="11.4298925" />
  <node id="7707167825" lat="48.7545697" lon="11.4298962" />
  <node id="7707167826" lat="48.7495283" lon="11.4207120" />
  <node id="7707167827" lat="48.7503632" lon="11.4216108" />
  <node id="7707167828" lat="48.7505679" lon="11.4219899" />
  <node id="7707167829" lat="48.7509540" lon="11.4234914" />
  <node id="7707167830" lat="48.7511428" lon="11.4244396" />
  <node id="7707167831" lat="48.7516121" lon="11.4263062" />
  <node id="7707167832" lat="48.7518050" lon="11.4279022" />
  <node id="7707167833" lat="48.7518104" lon="11.4282080" />
  <node id="7707167834" lat="48.7520660" lon="11.4286483" />
  <node id="7707167835" lat="48.7538907" lon="11.4298337" />
  <node id="7707167836" lat="48.7539869" lon="11.4298490" />
  <node id="7707167837" lat="48.7545429" lon="11.4297201" />
  <node id="7707167838" lat="48.7544213" lon="11.4297328" />
  <node id="7707167839" lat="48.7542507" lon="11.4297268" />
  <node id="7707167840" lat="48.7530303" lon="11.4295934" />
  <node id="7707167841" lat="48.7528809" lon="11.4295406" />
  <node id="7707167842" lat="48.7527623" lon="11.4294298" />
  <node id="7707167843" lat="48.7526618" lon="11.4292753" />
  <node id="7707167844" lat="48.7525284" lon="11.4289704" />
  <node id="7707167845" lat="48.7524690" lon="11.4288389" />
  <node id="7707167846" lat="48.7522863" lon="11.4285663" />
  <node id="7707167847" lat="48.7521315" lon="11.4284304" />
  <node id="7707167848" lat="48.7520753" lon="11.4283813" />
  <node id="7707167849" lat="48.7519662" lon="11.4281980" />
  <node id="7707167850" lat="48.7519209" lon="11.4280305" />
  <node id="7707167851" lat="48.7519068" lon="11.4277661" />
  <node id="7707167867" lat="48.7506875" lon="11.4219848" />
  <node id="7707167868" lat="48.7505968" lon="11.4218007" />
  <node id="7707167887" lat="48.7506556" lon="11.4219196" />
  <node id="7707167888" lat="48.7518849" lon="11.4272425" />
  <node id="7707167889" lat="48.7519137" lon="11.4278763" />
  <node id="7707167890" lat="48.7522234" lon="11.4285071" />
  <node id="7707167891" lat="48.7523673" lon="11.4286670" />
  <node id="7707167892" lat="48.7527030" lon="11.4293386" />
  <node id="7707167893" lat="48.7532750" lon="11.4296228" />
  <node id="7707167894" lat="48.7539474" lon="11.4296894" />
  <node id="7707167895" lat="48.7518544" lon="11.4276679" />
  <node id="7711448462" lat="48.7518603" lon="11.4288086" />
  <node id="7711448463" lat="48.7518180" lon="11.4287261" />
  <node id="7711448469" lat="48.7518209" lon="11.4288117" />
  <node id="7711448480" lat="48.7517944" lon="11.4285720" />
  <node id="7711448481" lat="48.7518092" lon="11.4285574" />
  <node id="7714723074" lat="48.7470737" lon="11.4341164" />
  <node id="7714730092" lat="48.7538708" lon="11.4298921" />
  <node id="7714730093" lat="48.7538849" lon="11.4299573" />
  <node id="7714730095" lat="48.7539260" lon="11.4298393" />
  <node id="7717502074" lat="48.7516269" lon="11.4316629" />
  <node id="7717502078" lat="48.7518089" lon="11.4315783" />
  <node id="7717502082" lat="48.7517295" lon="11.4315074" />
  <node id="7717502083" lat="48.7516631" lon="11.4315885" />
  <node id="7717519485" lat="48.7516052" lon="11.4317751" />
  <node id="7717519488" lat="48.7515612" lon="11.4319389" />
  <node id="7717519489" lat="48.7516963" lon="11.4319580" />
  <node id="7717519491" lat="48.7517553" lon="11.4318251" />
  <node id="7717519492" lat="48.7515319" lon="11.4316000" />
  <node id="7717519493" lat="48.7519453" lon="11.4319807" />
  <node id="7717519494" lat="48.7518741" lon="11.4317477" />
  <node id="7717519498" lat="48.7509613" lon="11.4328146" />
  <node id="7717519504" lat="48.7530731" lon="11.4297149" />
  <node id="7717519506" lat="48.7516337" lon="11.4311628" />
  <node id="7717519512" lat="48.7518896" lon="11.4284783" />
  <node id="7717641155" lat="48.7514872" lon="11.4322039" />
  <node id="7717641157" lat="48.7517610" lon="11.4321004" />
  <node id="7717641159" lat="48.7519550" lon="11.4320336" />
  <node id="7717641164" lat="48.7559839" lon="11.4253072" />
  <node id="7721338300" lat="48.7460310" lon="11.4203275" />
  <node id="7721338317" lat="48.7471766" lon="11.4200985" />
  <node id="7721338320" lat="48.7471581" lon="11.4200980" />
  <node id="7721338322" lat="48.7491524" lon="11.4200055" />
  <node id="7721338323" lat="48.7491485" lon="11.4200743" />
  <node id="7721338324" lat="48.7491207" lon="11.4201252" />
  <node id="7721338325" lat="48.7490651" lon="11.4201651" />
  <node id="7721338326" lat="48.7484499" lon="11.4202383" />
  <node id="7721338327" lat="48.7481240" lon="11.4202915" />
  <node id="7721338328" lat="48.7479597" lon="11.4202882" />
  <node id="7721338329" lat="48.7475467" lon="11.4201784" />
  <node id="7721338330" lat="48.7460735" lon="11.4203136" />
  <node id="7721338331" lat="48.7458076" lon="11.4204001" />
  <node id="7721338332" lat="48.7433861" lon="11.4212504" />
  <node id="7721338333" lat="48.7459745" lon="11.4203458" />
  <node id="7721338334" lat="48.7456615" lon="11.4204514" />
  <node id="7721338335" lat="48.7448197" lon="11.4207469" />
  <node id="7721338336" lat="48.7440387" lon="11.4210212" />
  <node id="7721338337" lat="48.7433382" lon="11.4212553" />
  <node id="7721338338" lat="48.7470089" lon="11.4200942" />
  <node id="7721338339" lat="48.7468218" lon="11.4200986" />
  <node id="7721338340" lat="48.7466494" lon="11.4201341" />
  <node id="7721338342" lat="48.7459001" lon="11.4195486" />
  <node id="7721338348" lat="48.7479306" lon="11.4202805" />
  <node id="7721338353" lat="48.7472115" lon="11.4201060" />
  <node id="7721338365" lat="48.7479888" lon="11.4202888" />
  <node id="7721338366" lat="48.7478873" lon="11.4198426" />
  <node id="7721338368" lat="48.7466249" lon="11.4201417" />
  <node id="7721338369" lat="48.7465934" lon="11.4201516" />
  <node id="7727244999" lat="48.7561993" lon="11.4258712" />
  <node id="7727245000" lat="48.7562431" lon="11.4256986" />
  <node id="7727245001" lat="48.7558334" lon="11.4267095" />
  <node id="7728087382" lat="48.7473493" lon="11.4337925" />
  <node id="7728104890" lat="48.7475377" lon="11.4329175" />
  <node id="7728104893" lat="48.7512279" lon="11.4247959" />
  <node id="7728104895" lat="48.7511096" lon="11.4239429" />
  <node id="7728104898" lat="48.7511492" lon="11.4241365" />
  <node id="7780216263" lat="48.7417320" lon="11.4376016" />
  <node id="7780216264" lat="48.7416739" lon="11.4372897" />
  <node id="7780216265" lat="48.7416448" lon="11.4371905" />
  <node id="7780216266" lat="48.7415939" lon="11.4371905" />
  <node id="7780216267" lat="48.7413150" lon="11.4373118" />
  <node id="7869360562" lat="48.7557313" lon="11.4308835" />
  <node id="7869360570" lat="48.7547336" lon="11.4312411" />
  <node id="7869360583" lat="48.7548916" lon="11.4312753" />
  <node id="7869389987" lat="48.7548933" lon="11.4312934" />
  <node id="7869389988" lat="48.7556014" lon="11.4296876" />
  <node id="7869389989" lat="48.7555686" lon="11.4296631" />
  <node id="7869389990" lat="48.7555284" lon="11.4296703" />
  <node id="7869389993" lat="48.7547114" lon="11.4299802" />
  <node id="7869389995" lat="48.7556252" lon="11.4305959" />
  <node id="7869389996" lat="48.7556507" lon="11.4305695" />
  <node id="7869389997" lat="48.7556795" lon="11.4305024" />
  <node id="7869389998" lat="48.7556862" lon="11.4304282" />
  <node id="7869390000" lat="48.7556134" lon="11.4297105" />
  <node id="7869390003" lat="48.7547946" lon="11.4300183" />
  <node id="7869390014" lat="48.7554400" lon="11.4300486" />
  <node id="7869390036" lat="48.7551464" lon="11.4305609" />
  <node id="7869390094" lat="48.7580527" lon="11.4325178" />
  <node id="7869390099" lat="48.7575338" lon="11.4330581" />
  <node id="7869390100" lat="48.7579978" lon="11.4331798" />
  <node id="7869390101" lat="48.7580239" lon="11.4329597" />
  <node id="7880884331" lat="48.7557686" lon="11.4295616" />
  <node id="7903216614" lat="48.7439392" lon="11.4227505" />
  <node id="7903216619" lat="48.7449449" lon="11.4219872" />
  <node id="7903216620" lat="48.7448741" lon="11.4216005" />
  <node id="7938708028" lat="48.7440593" lon="11.4337762" />
  <node id="7938708029" lat="48.7434685" lon="11.4297663" />
  <node id="7938708030" lat="48.7434793" lon="11.4296104" />
  <node id="7938708031" lat="48.7436946" lon="11.4306781" />
  <node id="7938708032" lat="48.7437700" lon="11.4310687" />
  <node id="7938708033" lat="48.7439043" lon="11.4320976" />
  <node id="7938708034" lat="48.7434865" lon="11.4297035" />
  <node id="7938708035" lat="48.7432707" lon="11.4291447" />
  <node id="7938708036" lat="48.7431884" lon="11.4287907" />
  <node id="7938708037" lat="48.7431602" lon="11.4285594" />
  <node id="7938708038" lat="48.7431433" lon="11.4282019" />
  <node id="7938708039" lat="48.7431708" lon="11.4268555" />
  <node id="7938708040" lat="48.7432343" lon="11.4256377" />
  <node id="7938708041" lat="48.7432282" lon="11.4250076" />
  <node id="7938708042" lat="48.7431957" lon="11.4244006" />
  <node id="7938708043" lat="48.7431195" lon="11.4232930" />
  <node id="7938708044" lat="48.7431316" lon="11.4234686" />
  <node id="7938708045" lat="48.7432052" lon="11.4245785" />
  <node id="7938708046" lat="48.7432177" lon="11.4248110" />
  <node id="7938708047" lat="48.7431979" lon="11.4263358" />
  <node id="7938708048" lat="48.7431487" lon="11.4279383" />
  <node id="7938708049" lat="48.7431500" lon="11.4284089" />
  <node id="7938708050" lat="48.7432870" lon="11.4291958" />
  <node id="7938708051" lat="48.7434244" lon="11.4296276" />
  <node id="7995751755" lat="48.7505216" lon="11.4218860" />
  <node id="7995751756" lat="48.7505439" lon="11.4219361" />
  <node id="7995751757" lat="48.7497484" lon="11.4223931" />
  <node id="7995751758" lat="48.7494863" lon="11.4225095" />
  <node id="7995751759" lat="48.7506971" lon="11.4218778" />
  <node id="7995751760" lat="48.7505099" lon="11.4220274" />
  <node id="7995751761" lat="48.7520174" lon="11.4241900" />
  <node id="7995751762" lat="48.7521052" lon="11.4249071" />
  <node id="7995751763" lat="48.7521469" lon="11.4252763" />
  <node id="7995751764" lat="48.7529451" lon="11.4272770" />
  <node id="7995751765" lat="48.7528135" lon="11.4270457" />
  <node id="7995751766" lat="48.7495916" lon="11.4225744" />
  <node id="7995751767" lat="48.7432643" lon="11.4247947" />
  <node id="7995751768" lat="48.7430248" lon="11.4248864" />
  <node id="7995751769" lat="48.7419358" lon="11.4253009" />
  <node id="7995751770" lat="48.7418821" lon="11.4254625" />
  <node id="7995751771" lat="48.7418259" lon="11.4251697" />
  <node id="8049405924" lat="48.7552013" lon="11.4402804" />
  <node id="8049405925" lat="48.7552104" lon="11.4403449" />
  <node id="8049405926" lat="48.7553759" lon="11.4405038" />
  <node id="8049405927" lat="48.7556613" lon="11.4407479" />
  <node id="8057482061" lat="48.7440378" lon="11.4342434" />
  <node id="8057482062" lat="48.7438450" lon="11.4341065" />
  <node id="8057482063" lat="48.7439926" lon="11.4337964" />
  <node id="8057482064" lat="48.7439999" lon="11.4338709" />
  <node id="8057482066" lat="48.7441799" lon="11.4339383" />
  <node id="8066871268" lat="48.7506456" lon="11.4209207" />
  <node id="8066871269" lat="48.7504779" lon="11.4204108" />
  <node id="8066871282" lat="48.7506589" lon="11.4209875" />
  <node id="8066871283" lat="48.7507697" lon="11.4213233" />
  <node id="8093337438" lat="48.7519514" lon="11.4276705" />
  <node id="8107864760" lat="48.7522728" lon="11.4286723" />
  <node id="8107864761" lat="48.7523452" lon="11.4285681" />
  <node id="8107864762" lat="48.7523926" lon="11.4285057" />
  <node id="8107864763" lat="48.7523930" lon="11.4284380" />
  <node id="8107864764" lat="48.7523824" lon="11.4282650" />
  <node id="8107864765" lat="48.7523842" lon="11.4285681" />
  <node id="8107864776" lat="48.7539483" lon="11.4216587" />
  <node id="8107864777" lat="48.7528360" lon="11.4199541" />
  <node id="8107864778" lat="48.7532162" lon="11.4204919" />
  <node id="8107864779" lat="48.7536698" lon="11.4212081" />
  <node id="8107864780" lat="48.7524628" lon="11.4193587" />
  <node id="8107864783" lat="48.7525831" lon="11.4196336" />
  <node id="8107864789" lat="48.7529115" lon="11.4205429" />
  <node id="8107864790" lat="48.7528992" lon="11.4204430" />
  <node id="8107864791" lat="48.7528806" lon="11.4203364" />
  <node id="8107864792" lat="48.7528554" lon="11.4202311" />
  <node id="8107864793" lat="48.7528097" lon="11.4201137" />
  <node id="8107864794" lat="48.7542184" lon="11.4225729" />
  <node id="8107864795" lat="48.7545372" lon="11.4231580" />
  <node id="8107864796" lat="48.7543700" lon="11.4228523" />
  <node id="8107864797" lat="48.7539633" lon="11.4219376" />
  <node id="8107864798" lat="48.7537944" lon="11.4216399" />
  <node id="8107864799" lat="48.7533546" lon="11.4209345" />
  <node id="8107864800" lat="48.7532255" lon="11.4207628" />
  <node id="8163236907" lat="48.7543997" lon="11.4369109" />
  <node id="8163236908" lat="48.7544321" lon="11.4369563" />
  <node id="8163236909" lat="48.7544440" lon="11.4371308" />
  <node id="8163236910" lat="48.7544404" lon="11.4375762" />
  <node id="8163236911" lat="48.7544584" lon="11.4376943" />
  <node id="8163236912" lat="48.7545040" lon="11.4377325" />
  <node id="8163236913" lat="48.7542210" lon="11.4367489" />
  <node id="8163236914" lat="48.7542573" lon="11.4368320" />
  <node id="8163236915" lat="48.7544499" lon="11.4370088" />
  <node id="8165740338" lat="48.7556779" lon="11.4295566" />
  <node id="8165740346" lat="48.7556535" lon="11.4292021" />
  <node id="8165740347" lat="48.7556636" lon="11.4292749" />
  <node id="8165740348" lat="48.7556729" lon="11.4292975" />
  <node id="8165740349" lat="48.7556811" lon="11.4293065" />
  <node id="8165740350" lat="48.7556874" lon="11.4293071" />
  <node id="8165740351" lat="48.7556915" lon="11.4293014" />
  <node id="8165740352" lat="48.7556926" lon="11.4292907" />
  <node id="8165740353" lat="48.7556919" lon="11.4292681" />
  <node id="8165740354" lat="48.7556874" lon="11.4291970" />
  <node id="8165740356" lat="48.7557456" lon="11.4296218" />
  <node id="8165740358" lat="48.7557382" lon="11.4296031" />
  <node id="8165740359" lat="48.7557241" lon="11.4295852" />
  <node id="8165740360" lat="48.7557162" lon="11.4295826" />
  <node id="8165740361" lat="48.7557111" lon="11.4295877" />
  <node id="8165740362" lat="48.7557094" lon="11.4296014" />
  <node id="8165740363" lat="48.7557156" lon="11.4296827" />
  <node id="8165740368" lat="48.7558189" lon="11.4304727" />
  <node id="8165740369" lat="48.7558245" lon="11.4304932" />
  <node id="8165740370" lat="48.7558319" lon="11.4304992" />
  <node id="8165740371" lat="48.7558409" lon="11.4305001" />
  <node id="8165740372" lat="48.7558488" lon="11.4304924" />
  <node id="8165740373" lat="48.7558516" lon="11.4304778" />
  <node id="8165740374" lat="48.7558499" lon="11.4304556" />
  <node id="8208676163" lat="48.7458186" lon="11.4350689" />
  <node id="8208676164" lat="48.7458729" lon="11.4353886" />
  <node id="8208676165" lat="48.7456511" lon="11.4354822" />
  <node id="8208676166" lat="48.7455054" lon="11.4355397" />
  <node id="8208676167" lat="48.7454370" lon="11.4352159" />
  <node id="8232707643" lat="48.7464385" lon="11.4237035" />
  <node id="8232707644" lat="48.7461884" lon="11.4237560" />
  <node id="8232707645" lat="48.7463962" lon="11.4237009" />
  <node id="8232707646" lat="48.7456980" lon="11.4238971" />
  <node id="8232707647" lat="48.7463509" lon="11.4237092" />
  <node id="8232707653" lat="48.7454726" lon="11.4229234" />
  <node id="8232707654" lat="48.7455000" lon="11.4227154" />
  <node id="8232707655" lat="48.7455006" lon="11.4223626" />
  <node id="8233822217" lat="48.7505239" lon="11.4334618" />
  <node id="8233822224" lat="48.7574154" lon="11.4260292" />
  <node id="8233822225" lat="48.7573792" lon="11.4261291" />
  <node id="8233822226" lat="48.7573317" lon="11.4263017" />
  <node id="8233822243" lat="48.7582223" lon="11.4280890" />
  <node id="8233822251" lat="48.7566202" lon="11.4257139" />
  <node id="8233822252" lat="48.7564752" lon="11.4251563" />
  <node id="8233822253" lat="48.7565805" lon="11.4253012" />
  <node id="8233822254" lat="48.7563719" lon="11.4250881" />
  <node id="8233822255" lat="48.7562100" lon="11.4250490" />
  <node id="8233822256" lat="48.7561423" lon="11.4250815" />
  <node id="8233822340" lat="48.7512115" lon="11.4322064" />
  <node id="8233822341" lat="48.7514557" lon="11.4315562" />
  <node id="8233822342" lat="48.7513066" lon="11.4319592" />
  <node id="8233822343" lat="48.7515560" lon="11.4312763" />
  <node id="8233822344" lat="48.7516240" lon="11.4310864" />
  <node id="8233822346" lat="48.7518385" lon="11.4301246" />
  <node id="8233822347" lat="48.7518782" lon="11.4295807" />
  <node id="8233822348" lat="48.7518673" lon="11.4297770" />
  <node id="8233822359" lat="48.7518798" lon="11.4294038" />
  <node id="8233822360" lat="48.7518453" lon="11.4289669" />
  <node id="8233822371" lat="48.7545810" lon="11.4296728" />
  <node id="8233822372" lat="48.7545878" lon="11.4295831" />
  <node id="8233822373" lat="48.7545413" lon="11.4287301" />
  <node id="8233822374" lat="48.7544693" lon="11.4285660" />
  <node id="8233822375" lat="48.7547578" lon="11.4296943" />
  <node id="8233822377" lat="48.7547001" lon="11.4296387" />
  <node id="8233822386" lat="48.7532656" lon="11.4276128" />
  <node id="8233822387" lat="48.7530831" lon="11.4274954" />
  <node id="8233822388" lat="48.7528011" lon="11.4271128" />
  <node id="8233822389" lat="48.7529327" lon="11.4273441" />
  <node id="8233822402" lat="48.7526839" lon="11.4206422" />
  <node id="8233822403" lat="48.7528457" lon="11.4207990" />
  <node id="8233822412" lat="48.7524186" lon="11.4262292" />
  <node id="8233822413" lat="48.7526796" lon="11.4268231" />
  <node id="8233822449" lat="48.7562819" lon="11.4255783" />
  <node id="8234502098" lat="48.7575347" lon="11.4217596" />
  <node id="8235030190" lat="48.7551476" lon="11.4315334" />
  <node id="8235030196" lat="48.7548764" lon="11.4311428" />
  <node id="8235030213" lat="48.7558210" lon="11.4330601" />
  <node id="8235030214" lat="48.7558206" lon="11.4328334" />
  <node id="8235030215" lat="48.7561063" lon="11.4330670" />
  <node id="8235030835" lat="48.7576646" lon="11.4376849" />
  <node id="8235030836" lat="48.7580510" lon="11.4375016" />
  <node id="8235030837" lat="48.7581473" lon="11.4372711" />
  <node id="8235030853" lat="48.7519302" lon="11.4350225" />
  <node id="8235030854" lat="48.7520120" lon="11.4348310" />
  <node id="8235030859" lat="48.7530870" lon="11.4344547" />
  <node id="8235030860" lat="48.7527358" lon="11.4344965" />
  <node id="8235030861" lat="48.7522814" lon="11.4346395" />
  <node id="8235030877" lat="48.7549963" lon="11.4359594" />
  <node id="8250740057" lat="48.7516686" lon="11.4407501" />
  <node id="8250740058" lat="48.7517655" lon="11.4412679" />
  <node id="8251165539" lat="48.7431316" lon="11.4227227" />
  <node id="8251165540" lat="48.7430891" lon="11.4227321" />
  <node id="8251165541" lat="48.7430336" lon="11.4221538" />
  <node id="8251165542" lat="48.7430761" lon="11.4221444" />
  <node id="8251165551" lat="48.7433356" lon="11.4206856" />
  <node id="8251165552" lat="48.7429678" lon="11.4229514" />
  <node id="8252184248" lat="48.7473053" lon="11.4338550" />
  <node id="8252184249" lat="48.7471161" lon="11.4338882" />
  <node id="8252184250" lat="48.7471451" lon="11.4338733" />
  <node id="8252184255" lat="48.7467667" lon="11.4341100" />
  <node id="8252184256" lat="48.7467668" lon="11.4341206" />
  <node id="8252184257" lat="48.7467667" lon="11.4341507" />
  <node id="8252184258" lat="48.7467957" lon="11.4341216" />
  <node id="8252184259" lat="48.7470148" lon="11.4343379" />
  <node id="8252184260" lat="48.7470215" lon="11.4343666" />
  <node id="8252184261" lat="48.7470298" lon="11.4343518" />
  <node id="8252184262" lat="48.7470170" lon="11.4343321" />
  <node id="8252184263" lat="48.7470376" lon="11.4342523" />
  <node id="8252184264" lat="48.7471594" lon="11.4343064" />
  <node id="8252184265" lat="48.7471624" lon="11.4342868" />
  <node id="8252184266" lat="48.7470456" lon="11.4342042" />
  <node id="8252184267" lat="48.7470661" lon="11.4342428" />
  <node id="8252184271" lat="48.7408540" lon="11.4377915" />
  <node id="8252184272" lat="48.7410575" lon="11.4378415" />
  <node id="8252929674" lat="48.7435507" lon="11.4246288" />
  <node id="8252929675" lat="48.7447934" lon="11.4362028" />
  <node id="8254139114" lat="48.7431611" lon="11.4279069" />
  <node id="8254139115" lat="48.7431874" lon="11.4279076" />
  <node id="8254139116" lat="48.7431912" lon="11.4275833" />
  <node id="8254177217" lat="48.7431649" lon="11.4275826" />
  <node id="8259703213" lat="48.7487092" lon="11.4418814" />
  <node id="8259716069" lat="48.7578814" lon="11.4415815" />
  <node id="8259716070" lat="48.7570079" lon="11.4436684" />
  <node id="8259716073" lat="48.7560308" lon="11.4459243" />
  <node id="8259716076" lat="48.7564522" lon="11.4444622" />
  <node id="8259716077" lat="48.7574737" lon="11.4420642" />
  <node id="8259716083" lat="48.7547620" lon="11.4396519" />
  <node id="8259716086" lat="48.7447627" lon="11.4394673" />
  <node id="8259716087" lat="48.7447671" lon="11.4394843" />
  <node id="8259716088" lat="48.7448640" lon="11.4394237" />
  <node id="8259716089" lat="48.7448603" lon="11.4394076" />
  <node id="8259716090" lat="48.7448096" lon="11.4394936" />
  <node id="8259716091" lat="48.7447750" lon="11.4395143" />
  <node id="8259716092" lat="48.7447696" lon="11.4394953" />
  <node id="8259716093" lat="48.7448045" lon="11.4394749" />
  <node id="8259716094" lat="48.7446042" lon="11.4397877" />
  <node id="8259716095" lat="48.7445131" lon="11.4396482" />
  <node id="8259716097" lat="48.7444665" lon="11.4396188" />
  <node id="8260679168" lat="48.7519173" lon="11.4282610" />
  <node id="8260679169" lat="48.7518740" lon="11.4280833" />
  <node id="8260679170" lat="48.7517793" lon="11.4267495" />
  <node id="8260679171" lat="48.7517099" lon="11.4264344" />
  <node id="8262055137" lat="48.7463454" lon="11.4238719" />
  <node id="8262055138" lat="48.7462044" lon="11.4239179" />
  <node id="8262055139" lat="48.7461987" lon="11.4238771" />
  <node id="8262055140" lat="48.7463396" lon="11.4238312" />
  <node id="8262055141" lat="48.7465047" lon="11.4237662" />
  <node id="8262055142" lat="48.7464791" lon="11.4237555" />
  <node id="8262055143" lat="48.7465213" lon="11.4236992" />
  <node id="8262055144" lat="48.7480506" lon="11.4205101" />
  <node id="8262055145" lat="48.7482274" lon="11.4217487" />
  <node id="8262055146" lat="48.7481941" lon="11.4230494" />
  <node id="8262055147" lat="48.7484152" lon="11.4229650" />
  <node id="8262055150" lat="48.7463964" lon="11.4230939" />
  <node id="8262055151" lat="48.7464678" lon="11.4229725" />
  <node id="8262055152" lat="48.7465627" lon="11.4229432" />
  <node id="8262055153" lat="48.7465104" lon="11.4235818" />
  <node id="8265500963" lat="48.7558720" lon="11.4356091" />
  <node id="8265500964" lat="48.7558544" lon="11.4356430" />
  <node id="8266958325" lat="48.7435244" lon="11.4302104" />
  <node id="8266958326" lat="48.7431613" lon="11.4259755" />
  <node id="8266958327" lat="48.7431738" lon="11.4252072" />
  <node id="8268444443" lat="48.7438417" lon="11.4246162" />
  <node id="8268444444" lat="48.7436729" lon="11.4246609" />
  <node id="8268444445" lat="48.7436667" lon="11.4246071" />
  <node id="8268444446" lat="48.7438355" lon="11.4245623" />
  <node id="8268444448" lat="48.7458612" lon="11.4239091" />
  <node id="8268444449" lat="48.7435947" lon="11.4245788" />
  <node id="8272453329" lat="48.7512196" lon="11.4248924" />
  <node id="8272453330" lat="48.7512416" lon="11.4248813" />
  <node id="8272453331" lat="48.7512233" lon="11.4247980" />
  <node id="8272453332" lat="48.7512013" lon="11.4248091" />
  <node id="8272453333" lat="48.7511776" lon="11.4241231" />
  <node id="8272453334" lat="48.7511380" lon="11.4239296" />
  <node id="8272453335" lat="48.7512329" lon="11.4248593" />
  <node id="8272453336" lat="48.7512164" lon="11.4248674" />
  <node id="8272453337" lat="48.7512046" lon="11.4248116" />
  <node id="8272453338" lat="48.7512211" lon="11.4248036" />
  <node id="8287802468" lat="48.7455809" lon="11.4440399" />
  <node id="8287802469" lat="48.7455234" lon="11.4440150" />
  <node id="8367710804" lat="48.7559202" lon="11.4423191" />
  <node id="8367710805" lat="48.7558334" lon="11.4422494" />
  <node id="8367843011" lat="48.7491343" lon="11.4310617" />
  <node id="8370039346" lat="48.7413475" lon="11.4311835" />
  <node id="8370039347" lat="48.7416943" lon="11.4310923" />
  <node id="8370148509" lat="48.7422839" lon="11.4208747" />
  <node id="8370148510" lat="48.7423292" lon="11.4207233" />
  <node id="8370148511" lat="48.7423625" lon="11.4205021" />
  <node id="8479378655" lat="48.7550413" lon="11.4377434" />
  <node id="8492096200" lat="48.7570846" lon="11.4233203" />
  <node id="8492096201" lat="48.7570250" lon="11.4233269" />
  <node id="8492096202" lat="48.7571834" lon="11.4233581" />
  <node id="8494223312" lat="48.7571251" lon="11.4228938" />
  <node id="8498722862" lat="48.7580314" lon="11.4336701" />
  <node id="8530790990" lat="48.7494450" lon="11.4291669" />
  <node id="8530790991" lat="48.7493842" lon="11.4287717" />
  <node id="8530790992" lat="48.7494263" lon="11.4287327" />
  <node id="8531636752" lat="48.7431931" lon="11.4442992" />
  <node id="8531636753" lat="48.7430552" lon="11.4440855" />
  <node id="8531892954" lat="48.7533957" lon="11.4349367" />
  <node id="8531892955" lat="48.7533137" lon="11.4354526" />
  <node id="8531892956" lat="48.7526020" lon="11.4367675" />
  <node id="8531892957" lat="48.7525662" lon="11.4370563" />
  <node id="8536380746" lat="48.7462931" lon="11.4317932" />
  <node id="8536380747" lat="48.7462937" lon="11.4317027" />
  <node id="8536380748" lat="48.7463042" lon="11.4313731" />
  <node id="8536985737" lat="48.7422371" lon="11.4209666" />
  <node id="8536985738" lat="48.7422111" lon="11.4209942" />
  <node id="8536985739" lat="48.7421427" lon="11.4210336" />
  <node id="8536985740" lat="48.7419613" lon="11.4211255" />
  <node id="8547521897" lat="48.7544107" lon="11.4425182" />
  <node id="8547521898" lat="48.7544633" lon="11.4424169" />
  <node id="8547521899" lat="48.7545983" lon="11.4420822" />
  <node id="8549396441" lat="48.7521079" lon="11.4449922" />
  <node id="8549396442" lat="48.7522369" lon="11.4446605" />
  <node id="8549396443" lat="48.7519555" lon="11.4448458" />
  <node id="8549396444" lat="48.7520903" lon="11.4445382" />
  <node id="8552321171" lat="48.7526055" lon="11.4277176" />
  <node id="8552321172" lat="48.7523556" lon="11.4277504" />
  <node id="8552527613" lat="48.7416818" lon="11.4244334" />
  <node id="8552527614" lat="48.7417751" lon="11.4244070" />
  <node id="8552527615" lat="48.7419158" lon="11.4243652" />
  <node id="8552527616" lat="48.7421967" lon="11.4242919" />
  <node id="8552567517" lat="48.7423156" lon="11.4242546" />
  <node id="8553034209" lat="48.7521774" lon="11.4415609" />
  <node id="8553034210" lat="48.7522130" lon="11.4417339" />
  <node id="8553034211" lat="48.7522517" lon="11.4418313" />
  <node id="8555924721" lat="48.7474794" lon="11.4426289" />
  <node id="8555924722" lat="48.7475019" lon="11.4427478" />
  <node id="8555924723" lat="48.7475186" lon="11.4427950" />
  <node id="8555924724" lat="48.7475606" lon="11.4428441" />
  <node id="8555924725" lat="48.7476253" lon="11.4429150" />
  <node id="8584460036" lat="48.7437583" lon="11.4373157" />
  <node id="8584460040" lat="48.7437409" lon="11.4373224" />
  <node id="8696687785" lat="48.7553217" lon="11.4388622" />
  <node id="8696687786" lat="48.7554271" lon="11.4389342" />
  <node id="8696687787" lat="48.7557183" lon="11.4390876" />
  <node id="8696687788" lat="48.7557553" lon="11.4391138" />
  <node id="8696687789" lat="48.7557652" lon="11.4391475" />
  <node id="8696687790" lat="48.7557824" lon="11.4392877" />
  <node id="8696687791" lat="48.7558111" lon="11.4392688" />
  <node id="8696687792" lat="48.7534801" lon="11.4381975" />
  <node id="8696687793" lat="48.7534362" lon="11.4385123" />
  <node id="8696687794" lat="48.7534378" lon="11.4385576" />
  <node id="8696687795" lat="48.7534620" lon="11.4386702" />
  <node id="8696687796" lat="48.7560420" lon="11.4381421" />
  <node id="8696687797" lat="48.7561552" lon="11.4383410" />
  <node id="8696687798" lat="48.7562345" lon="11.4383853" />
  <node id="8696687799" lat="48.7562940" lon="11.4383997" />
  <node id="8696687800" lat="48.7563381" lon="11.4384232" />
  <node id="8696687801" lat="48.7564715" lon="11.4385379" />
  <node id="8696687802" lat="48.7564912" lon="11.4385325" />
  <node id="8696687803" lat="48.7566198" lon="11.4382217" />
  <node id="8696687804" lat="48.7566425" lon="11.4382055" />
  <node id="8696687805" lat="48.7566681" lon="11.4382055" />
  <node id="8696687806" lat="48.7567467" lon="11.4382714" />
  <node id="8696687807" lat="48.7567699" lon="11.4382660" />
  <node id="8696687808" lat="48.7568789" lon="11.4381214" />
  <node id="8696687809" lat="48.7569648" lon="11.4379118" />
  <node id="8727517183" lat="48.7563004" lon="11.4396467" />
  <node id="8759698571" lat="48.7525089" lon="11.4319367" />
  <node id="8759698572" lat="48.7525314" lon="11.4320536" />
  <node id="8759698573" lat="48.7525997" lon="11.4324059" />
  <node id="8759698574" lat="48.7529748" lon="11.4317341" />
  <node id="8759698575" lat="48.7529964" lon="11.4318463" />
  <node id="8759698576" lat="48.7530690" lon="11.4322141" />
  <node id="8763495524" lat="48.7418593" lon="11.4420164" />
  <node id="8763495525" lat="48.7419615" lon="11.4424789" />
  <node id="8763515834" lat="48.7409596" lon="11.4322520" />
  <node id="8763515835" lat="48.7409513" lon="11.4321969" />
  <node id="8763515836" lat="48.7408815" lon="11.4316805" />
  <node id="8763515837" lat="48.7407470" lon="11.4322503" />
  <node id="8763515838" lat="48.7407913" lon="11.4329176" />
  <node id="8763766144" lat="48.7491978" lon="11.4277784" />
  <node id="8763766145" lat="48.7492675" lon="11.4282142" />
  <node id="8765012609" lat="48.7461925" lon="11.4318041" />
  <node id="8765012610" lat="48.7461877" lon="11.4314938" />
  <node id="8765012611" lat="48.7457830" lon="11.4315363" />
  <node id="8765012612" lat="48.7457883" lon="11.4318477" />
  <node id="8765012613" lat="48.7453053" lon="11.4316041" />
  <node id="8787362307" lat="48.7530924" lon="11.4308318" />
  <node id="8787362309" lat="48.7525690" lon="11.4305569" />
  <node id="8787362310" lat="48.7532465" lon="11.4314803" />
  <node id="8787362311" lat="48.7532056" lon="11.4312543" />
  <node id="8787362312" lat="48.7529677" lon="11.4312704" />
  <node id="8787362313" lat="48.7531357" lon="11.4311939" />
  <node id="8796437097" lat="48.7555673" lon="11.4284278" />
  <node id="8796437098" lat="48.7555736" lon="11.4287929" />
  <node id="8796437099" lat="48.7555939" lon="11.4289973" />
  <node id="8796437100" lat="48.7555937" lon="11.4284453" />
  <node id="8796437101" lat="48.7556099" lon="11.4285691" />
  <node id="8796437102" lat="48.7556406" lon="11.4287623" />
  <node id="8796437103" lat="48.7556011" lon="11.4293964" />
  <node id="8796437104" lat="48.7556111" lon="11.4293708" />
  <node id="8796437106" lat="48.7556764" lon="11.4294538" />
  <node id="8796437107" lat="48.7557447" lon="11.4295182" />
  <node id="8796437108" lat="48.7557153" lon="11.4294288" />
  <node id="8796437109" lat="48.7550997" lon="11.4309950" />
  <node id="8851179330" lat="48.7492370" lon="11.4202241" />
  <node id="8851179331" lat="48.7492245" lon="11.4202151" />
  <node id="8851179332" lat="48.7492147" lon="11.4202141" />
  <node id="8851179333" lat="48.7492052" lon="11.4202177" />
  <node id="8851179334" lat="48.7491923" lon="11.4202254" />
  <node id="8851179335" lat="48.7489370" lon="11.4204117" />
  <node id="8851179336" lat="48.7485087" lon="11.4229406" />
  <node id="8944718689" lat="48.7491854" lon="11.4201637" />
  <node id="8944718690" lat="48.7490700" lon="11.4202066" />
  <node id="8944718691" lat="48.7493900" lon="11.4204249" />
  <node id="8944718694" lat="48.7560406" lon="11.4301954" />
  <node id="8980735560" lat="48.7529037" lon="11.4207682" />
  <node id="9071542861" lat="48.7489664" lon="11.4203902" />
  <node id="9071542862" lat="48.7523348" lon="11.4261047" />
  <node id="9071542863" lat="48.7522910" lon="11.4261962" />
  <node id="9071542864" lat="48.7523758" lon="11.4286176" />
  <node id="9071542865" lat="48.7532658" lon="11.4276466" />
  <node id="9071542866" lat="48.7547151" lon="11.4308324" />
  <node id="9071542867" lat="48.7557426" lon="11.4317816" />
  <node id="9071542868" lat="48.7582179" lon="11.4314083" />
  <node id="9074461437" lat="48.7545701" lon="11.4397832" />
  <node id="9074461438" lat="48.7549495" lon="11.4390704" />
  <node id="9074461439" lat="48.7549548" lon="11.4389261" />
  <node id="9074461440" lat="48.7546371" lon="11.4397628" />
  <node id="9074461441" lat="48.7549756" lon="11.4392806" />
  <node id="9074461442" lat="48.7549218" lon="11.4392542" />
  <node id="9074461443" lat="48.7549614" lon="11.4391324" />
  <node id="9074461444" lat="48.7550157" lon="11.4391774" />
  <node id="9074461445" lat="48.7549828" lon="11.4391693" />
  <node id="9074461446" lat="48.7546316" lon="11.4399906" />
  <node id="9074461447" lat="48.7546117" lon="11.4398145" />
  <node id="9074461448" lat="48.7546363" lon="11.4398638" />
  <node id="9074461449" lat="48.7546416" lon="11.4399243" />
  <node id="9074461450" lat="48.7525167" lon="11.4452850" />
  <node id="9074461451" lat="48.7546593" lon="11.4401042" />
  <node id="9074461452" lat="48.7547943" lon="11.4397559" />
  <node id="9074461453" lat="48.7548589" lon="11.4396250" />
  <node id="9074461454" lat="48.7549560" lon="11.4394537" />
  <node id="9074461455" lat="48.7550944" lon="11.4392400" />
  <node id="9074461456" lat="48.7551549" lon="11.4391572" />
  <node id="9074461457" lat="48.7553124" lon="11.4389631" />
  <node id="9074461458" lat="48.7555904" lon="11.4386862" />
  <node id="9074461459" lat="48.7558901" lon="11.4384087" />
  <node id="9074461460" lat="48.7559355" lon="11.4383695" />
  <node id="9074461461" lat="48.7559813" lon="11.4383461" />
  <node id="9074461462" lat="48.7560193" lon="11.4383220" />
  <node id="9074461463" lat="48.7563344" lon="11.4379661" />
  <node id="9074461464" lat="48.7564344" lon="11.4378744" />
  <node id="9074461465" lat="48.7565182" lon="11.4378156" />
  <node id="9074461466" lat="48.7560954" lon="11.4382360" />
  <node id="9074461467" lat="48.7557638" lon="11.4385255" />
  <node id="9074461468" lat="48.7555408" lon="11.4387356" />
  <node id="9074461469" lat="48.7553747" lon="11.4389010" />
  <node id="9074461470" lat="48.7541131" lon="11.4414249" />
  <node id="9074461471" lat="48.7538730" lon="11.4420055" />
  <node id="9074461472" lat="48.7539593" lon="11.4417968" />
  <node id="9074461473" lat="48.7529805" lon="11.4441637" />
  <node id="9074461474" lat="48.7523730" lon="11.4452469" />
  <node id="9074461475" lat="48.7538712" lon="11.4416614" />
  <node id="9074461476" lat="48.7545628" lon="11.4400323" />
  <node id="9074461480" lat="48.7545116" lon="11.4398867" />
  <node id="9074461485" lat="48.7523198" lon="11.4405875" />
  <node id="9074461500" lat="48.7462946" lon="11.4432992" />
  <node id="9074461501" lat="48.7535334" lon="11.4401270" />
  <node id="9074461502" lat="48.7527715" lon="11.4404218" />
  <node id="9074461503" lat="48.7544037" lon="11.4404067" />
  <node id="9074461504" lat="48.7524117" lon="11.4405538" />
  <node id="9074461505" lat="48.7516832" lon="11.4408280" />
  <node id="9074461506" lat="48.7514916" lon="11.4409004" />
  <node id="9074461507" lat="48.7510328" lon="11.4410737" />
  <node id="9074461508" lat="48.7504217" lon="11.4412980" />
  <node id="9074461509" lat="48.7494248" lon="11.4416819" />
  <node id="9074461510" lat="48.7537691" lon="11.4419057" />
  <node id="9074461511" lat="48.7483584" lon="11.4421665" />
  <node id="9074461512" lat="48.7474918" lon="11.4426942" />
  <node id="9074461513" lat="48.7528992" lon="11.4439876" />
  <node id="9074461514" lat="48.7527697" lon="11.4442976" />
  <node id="9074461515" lat="48.7548934" lon="11.4389010" />
  <node id="9074461516" lat="48.7548818" lon="11.4390711" />
  <node id="9074483617" lat="48.7548483" lon="11.4392873" />
  <node id="9074483618" lat="48.7547921" lon="11.4394789" />
  <node id="9074483619" lat="48.7547125" lon="11.4396294" />
  <node id="9074483620" lat="48.7546342" lon="11.4396821" />
  <node id="9074483621" lat="48.7545154" lon="11.4396955" />
  <node id="9074483622" lat="48.7542646" lon="11.4397242" />
  <node id="9074483623" lat="48.7540390" lon="11.4397626" />
  <node id="9074483624" lat="48.7538249" lon="11.4398239" />
  <node id="9074483625" lat="48.7534085" lon="11.4399839" />
  <node id="9074483626" lat="48.7529088" lon="11.4401880" />
  <node id="9074483627" lat="48.7521425" lon="11.4404773" />
  <node id="9074483628" lat="48.7514160" lon="11.4407651" />
  <node id="9074483629" lat="48.7508614" lon="11.4409668" />
  <node id="9074483630" lat="48.7502010" lon="11.4411981" />
  <node id="9074483631" lat="48.7495344" lon="11.4414553" />
  <node id="9074483632" lat="48.7490568" lon="11.4416440" />
  <node id="9074483633" lat="48.7488195" lon="11.4417455" />
  <node id="9074483634" lat="48.7485675" lon="11.4418823" />
  <node id="9074483635" lat="48.7482649" lon="11.4420640" />
  <node id="9074483636" lat="48.7478962" lon="11.4422811" />
  <node id="9074483637" lat="48.7474567" lon="11.4425654" />
  <node id="9074483638" lat="48.7471168" lon="11.4427589" />
  <node id="9074483639" lat="48.7467791" lon="11.4429394" />
  <node id="9074483640" lat="48.7465364" lon="11.4430444" />
  <node id="9074483641" lat="48.7462152" lon="11.4431694" />
  <node id="9074483642" lat="48.7457531" lon="11.4433487" />
  <node id="9074483643" lat="48.7454740" lon="11.4434739" />
  <node id="9074483644" lat="48.7448655" lon="11.4437675" />
  <node id="9074483645" lat="48.7443746" lon="11.4440353" />
  <node id="9074483646" lat="48.7439911" lon="11.4442430" />
  <node id="9074483647" lat="48.7437025" lon="11.4444046" />
  <node id="9074483648" lat="48.7434854" lon="11.4445697" />
  <node id="9074483649" lat="48.7434052" lon="11.4446496" />
  <node id="9074483650" lat="48.7537599" lon="11.4398488" />
  <node id="9074483651" lat="48.7530667" lon="11.4401235" />
  <node id="9074483652" lat="48.7522879" lon="11.4404224" />
  <node id="9074483653" lat="48.7518186" lon="11.4406056" />
  <node id="9074483654" lat="48.7476338" lon="11.4424467" />
  <node id="9074483655" lat="48.7456022" lon="11.4434129" />
  <node id="9074483656" lat="48.7564993" lon="11.4375940" />
  <node id="9074483657" lat="48.7564105" lon="11.4376664" />
  <node id="9074483658" lat="48.7556362" lon="11.4384378" />
  <node id="9074483659" lat="48.7550869" lon="11.4390027" />
  <node id="9074483661" lat="48.7550595" lon="11.4390083" />
  <node id="9074483662" lat="48.7550401" lon="11.4389829" />
  <node id="9074483663" lat="48.7550316" lon="11.4389451" />
  <node id="9074483665" lat="48.7550541" lon="11.4375850" />
  <node id="9074483666" lat="48.7550680" lon="11.4372688" />
  <node id="9074483667" lat="48.7550958" lon="11.4370733" />
  <node id="9074483668" lat="48.7551192" lon="11.4369295" />
  <node id="9074483669" lat="48.7551653" lon="11.4367619" />
  <node id="9074483670" lat="48.7552304" lon="11.4365884" />
  <node id="9074483671" lat="48.7553037" lon="11.4364322" />
  <node id="9074483672" lat="48.7554863" lon="11.4361658" />
  <node id="9074483673" lat="48.7550512" lon="11.4377347" />
  <node id="9127294202" lat="48.7442093" lon="11.4200758" />
  <node id="9127294203" lat="48.7441639" lon="11.4202513" />
  <node id="9177846659" lat="48.7511488" lon="11.4215548" />
  <node id="9177846662" lat="48.7507654" lon="11.4218939" />
  <node id="9177846663" lat="48.7513403" lon="11.4214143" />
  <node id="9177846664" lat="48.7516292" lon="11.4212406" />
  <node id="9177846665" lat="48.7518061" lon="11.4211413" />
  <node id="9177846666" lat="48.7527199" lon="11.4206666" />
  <node id="9177846667" lat="48.7512397" lon="11.4214877" />
  <node id="9177846668" lat="48.7506183" lon="11.4218441" />
  <node id="9177846669" lat="48.7506685" lon="11.4218031" />
  <node id="9177846672" lat="48.7515245" lon="11.4212988" />
  <node id="9177846675" lat="48.7515678" lon="11.4212750" />
  <node id="9177846676" lat="48.7519372" lon="11.4210678" />
  <node id="9177846679" lat="48.7520068" lon="11.4210277" />
  <node id="9177846680" lat="48.7523090" lon="11.4208573" />
  <node id="9177846683" lat="48.7523515" lon="11.4208332" />
  <node id="9177846684" lat="48.7525896" lon="11.4206963" />
  <node id="9177846686" lat="48.7526650" lon="11.4206531" />
  <node id="9177846690" lat="48.7512912" lon="11.4214501" />
  <node id="9177846694" lat="48.7511930" lon="11.4215222" />
  <node id="9177846705" lat="48.7507104" lon="11.4217601" />
  <node id="9177846706" lat="48.7508519" lon="11.4216092" />
  <node id="9177846707" lat="48.7508112" lon="11.4216567" />
  <node id="9177846713" lat="48.7506704" lon="11.4210298" />
  <node id="9178809591" lat="48.7518469" lon="11.4381517" />
  <node id="9178822198" lat="48.7520242" lon="11.4390505" />
  <node id="9183985406" lat="48.7550164" lon="11.4430958" />
  <node id="9236339953" lat="48.7485536" lon="11.4339244" />
  <node id="9236339954" lat="48.7494458" lon="11.4336656" />
  <node id="9236339955" lat="48.7474815" lon="11.4341557" />
  <node id="9236339956" lat="48.7477108" lon="11.4340775" />
  <node id="9236339957" lat="48.7465542" lon="11.4350155" />
  <node id="9236357000" lat="48.7452246" lon="11.4356813" />
  <node id="9236357001" lat="48.7452498" lon="11.4358965" />
  <node id="9236357002" lat="48.7452472" lon="11.4359522" />
  <node id="9236357003" lat="48.7452490" lon="11.4355411" />
  <node id="9236357004" lat="48.7452560" lon="11.4354929" />
  <node id="9236386818" lat="48.7451773" lon="11.4344296" />
  <node id="9236386825" lat="48.7453565" lon="11.4360570" />
  <node id="9236386826" lat="48.7453797" lon="11.4360523" />
  <node id="9236386827" lat="48.7461095" lon="11.4363406" />
  <node id="9236386828" lat="48.7460102" lon="11.4360616" />
  <node id="9236386829" lat="48.7459892" lon="11.4359637" />
  <node id="9236386830" lat="48.7459575" lon="11.4358337" />
  <node id="9236386831" lat="48.7449591" lon="11.4366409" />
  <node id="9236386832" lat="48.7455400" lon="11.4364185" />
  <node id="9236386833" lat="48.7456291" lon="11.4362940" />
  <node id="9236386834" lat="48.7456608" lon="11.4362837" />
  <node id="9257478560" lat="48.7564304" lon="11.4259133" />
  <node id="9257478583" lat="48.7556445" lon="11.4270492" />
  <node id="9257478584" lat="48.7556798" lon="11.4270456" />
  <node id="9257478585" lat="48.7556639" lon="11.4270761" />
  <node id="9257478589" lat="48.7562178" lon="11.4257983" />
  <node id="9257478595" lat="48.7562296" lon="11.4256072" />
  <node id="9257478598" lat="48.7526424" lon="11.4205933" />
  <node id="9257478599" lat="48.7527096" lon="11.4197939" />
  <node id="9290804227" lat="48.7451960" lon="11.4419284" />
  <node id="9316503756" lat="48.7560039" lon="11.4305315" />
  <node id="9316503757" lat="48.7559798" lon="11.4305170" />
  <node id="9316503758" lat="48.7559535" lon="11.4304841" />
  <node id="9316503759" lat="48.7559289" lon="11.4304342" />
  <node id="9316503763" lat="48.7560662" lon="11.4308555" />
  <node id="9316503764" lat="48.7560354" lon="11.4308812" />
  <node id="9316503765" lat="48.7560025" lon="11.4309310" />
  <node id="9316503766" lat="48.7559887" lon="11.4310026" />
  <node id="9316503798" lat="48.7569478" lon="11.4311240" />
  <node id="9316503799" lat="48.7569641" lon="11.4311036" />
  <node id="9373152053" lat="48.7524554" lon="11.4337721" />
  <node id="9373152054" lat="48.7526966" lon="11.4337407" />
  <node id="9373152055" lat="48.7525769" lon="11.4337537" />
  <node id="9373152057" lat="48.7523133" lon="11.4336499" />
  <node id="9373152058" lat="48.7523249" lon="11.4337947" />
  <node id="9394029476" lat="48.7434949" lon="11.4367974" />
  <node id="9394029477" lat="48.7435518" lon="11.4367595" />
  <node id="9394029478" lat="48.7435982" lon="11.4367013" />
  <node id="9394029479" lat="48.7436266" lon="11.4366713" />
  <node id="9394029480" lat="48.7423083" lon="11.4372843" />
  <node id="9394029481" lat="48.7420921" lon="11.4373941" />
  <node id="9415678452" lat="48.7431450" lon="11.4227189" />
  <node id="9415678453" lat="48.7430946" lon="11.4221397" />
  <node id="9437899824" lat="48.7428395" lon="11.4397227" />
  <node id="9437899825" lat="48.7429476" lon="11.4402200" />
  <node id="9437899826" lat="48.7429927" lon="11.4402448" />
  <node id="9437899827" lat="48.7430519" lon="11.4402318" />
  <node id="9437899828" lat="48.7436221" lon="11.4398708" />
  <node id="9437899829" lat="48.7436485" lon="11.4398602" />
  <node id="9437899830" lat="48.7436719" lon="11.4398673" />
  <node id="9437899831" lat="48.7436890" lon="11.4398956" />
  <node id="9437899832" lat="48.7437065" lon="11.4399359" />
  <node id="9437899833" lat="48.7428794" lon="11.4398929" />
  <node id="9437899834" lat="48.7429122" lon="11.4400481" />
  <node id="9437899835" lat="48.7429269" lon="11.4401179" />
  <node id="9437899836" lat="48.7429430" lon="11.4401945" />
  <node id="9438043386" lat="48.7557117" lon="11.4291878" />
  <node id="9438043387" lat="48.7556967" lon="11.4295136" />
  <node id="9438043388" lat="48.7557217" lon="11.4293678" />
  <node id="9438043389" lat="48.7557297" lon="11.4294995" />
  <node id="9438043390" lat="48.7544109" lon="11.4298135" />
  <node id="9438043391" lat="48.7544828" lon="11.4298308" />
  <node id="9438043392" lat="48.7544175" lon="11.4297845" />
  <node id="9438043393" lat="48.7544959" lon="11.4297743" />
  <node id="9458837164" lat="48.7562084" lon="11.4256419" />
  <node id="9581534341" lat="48.7521390" lon="11.4287098" />
  <node id="9581534342" lat="48.7521065" lon="11.4287206" />
  <node id="9581534343" lat="48.7520719" lon="11.4287528" />
  <node id="9581534344" lat="48.7520390" lon="11.4288186" />
  <node id="9581534345" lat="48.7519745" lon="11.4290867" />
  <node id="9581534346" lat="48.7520099" lon="11.4289056" />
  <node id="9581534347" lat="48.7519837" lon="11.4290097" />
  <node id="9581534351" lat="48.7513713" lon="11.4319802" />
  <node id="9581534352" lat="48.7513585" lon="11.4320553" />
  <node id="9581534353" lat="48.7513578" lon="11.4321291" />
  <node id="9581534354" lat="48.7513742" lon="11.4321764" />
  <node id="9581534355" lat="48.7514026" lon="11.4322055" />
  <node id="9581534356" lat="48.7515149" lon="11.4315893" />
  <node id="9581534357" lat="48.7513946" lon="11.4319062" />
  <node id="9581534358" lat="48.7515688" lon="11.4314427" />
  <node id="9581534359" lat="48.7515944" lon="11.4314170" />
  <node id="9581534360" lat="48.7516490" lon="11.4312794" />
  <node id="9581534361" lat="48.7517071" lon="11.4311182" />
  <node id="9581534362" lat="48.7517557" lon="11.4309715" />
  <node id="9581534363" lat="48.7517901" lon="11.4308493" />
  <node id="9581534364" lat="48.7518308" lon="11.4306924" />
  <node id="9581534365" lat="48.7518596" lon="11.4305416" />
  <node id="9581534366" lat="48.7518912" lon="11.4303574" />
  <node id="9581534367" lat="48.7519266" lon="11.4301214" />
  <node id="9581534368" lat="48.7519499" lon="11.4299443" />
  <node id="9581534369" lat="48.7519627" lon="11.4298138" />
  <node id="9581534370" lat="48.7519720" lon="11.4291601" />
  <node id="9581534371" lat="48.7519679" lon="11.4297147" />
  <node id="9581534372" lat="48.7521764" lon="11.4287251" />
  <node id="9581534373" lat="48.7521902" lon="11.4288426" />
  <node id="9581534374" lat="48.7522559" lon="11.4288320" />
  <node id="9581534375" lat="48.7522170" lon="11.4288089" />
  <node id="9581534376" lat="48.7521777" lon="11.4288068" />
  <node id="9581534377" lat="48.7520503" lon="11.4287960" />
  <node id="9581534378" lat="48.7521499" lon="11.4287956" />
  <node id="9581534379" lat="48.7521498" lon="11.4288338" />
  <node id="9581534380" lat="48.7521771" lon="11.4288336" />
  <node id="9581534381" lat="48.7519820" lon="11.4290236" />
  <node id="9581534382" lat="48.7521185" lon="11.4290209" />
  <node id="9581534383" lat="48.7521086" lon="11.4288365" />
  <node id="9581534384" lat="48.7521093" lon="11.4290198" />
  <node id="9581534394" lat="48.7523602" lon="11.4291237" />
  <node id="9581534395" lat="48.7519211" lon="11.4289214" />
  <node id="9581534396" lat="48.7519756" lon="11.4288656" />
  <node id="9581534397" lat="48.7519729" lon="11.4291324" />
  <node id="9581534398" lat="48.7521115" lon="11.4291293" />
  <node id="9581534399" lat="48.7518311" lon="11.4288886" />
  <node id="9581534400" lat="48.7517680" lon="11.4305670" />
  <node id="9581534401" lat="48.7517526" lon="11.4305980" />
  <node id="9581534402" lat="48.7517309" lon="11.4306098" />
  <node id="9581534403" lat="48.7517021" lon="11.4306068" />
  <node id="9581534404" lat="48.7516713" lon="11.4305861" />
  <node id="9581534405" lat="48.7516668" lon="11.4309419" />
  <node id="9581534406" lat="48.7512207" lon="11.4327150" />
  <node id="9581534407" lat="48.7511544" lon="11.4323895" />
  <node id="9581534409" lat="48.7518103" lon="11.4303167" />
  <node id="9581534410" lat="48.7518531" lon="11.4299665" />
  <node id="9581534411" lat="48.7518788" lon="11.4292397" />
  <node id="9581534412" lat="48.7518632" lon="11.4291007" />
  <node id="9581534413" lat="48.7518062" lon="11.4283173" />
  <node id="9581534414" lat="48.7517533" lon="11.4283043" />
  <node id="9581534415" lat="48.7511965" lon="11.4285368" />
  <node id="9581534416" lat="48.7511668" lon="11.4285665" />
  <node id="9581537617" lat="48.7511561" lon="11.4286182" />
  <node id="9581537618" lat="48.7511612" lon="11.4286738" />
  <node id="9581537619" lat="48.7516217" lon="11.4305194" />
  <node id="9581537620" lat="48.7516401" lon="11.4305510" />
  <node id="9581537621" lat="48.7514354" lon="11.4284370" />
  <node id="9581537622" lat="48.7514672" lon="11.4284238" />
  <node id="9581537623" lat="48.7512453" lon="11.4290111" />
  <node id="9581537624" lat="48.7517793" lon="11.4283028" />
  <node id="9581537628" lat="48.7519196" lon="11.4294802" />
  <node id="9581537629" lat="48.7518628" lon="11.4302373" />
  <node id="9581537630" lat="48.7518225" lon="11.4304642" />
  <node id="9581537631" lat="48.7517043" lon="11.4309380" />
  <node id="9581537632" lat="48.7514163" lon="11.4317484" />
  <node id="9581537633" lat="48.7513058" lon="11.4320803" />
  <node id="9581537634" lat="48.7514629" lon="11.4323949" />
  <node id="9581537635" lat="48.7511825" lon="11.4325274" />
  <node id="9581537636" lat="48.7513664" lon="11.4327924" />
  <node id="9581537637" lat="48.7512976" lon="11.4323089" />
  <node id="9581537638" lat="48.7513498" lon="11.4326523" />
  <node id="9590316699" lat="48.7483446" lon="11.4268485" />
  <node id="9590316700" lat="48.7484072" lon="11.4268590" />
  <node id="9590316701" lat="48.7483925" lon="11.4268880" />
  <node id="9590316702" lat="48.7483649" lon="11.4269913" />
  <node id="9590316703" lat="48.7483210" lon="11.4270247" />
  <node id="9590316704" lat="48.7482758" lon="11.4270025" />
  <node id="9590316705" lat="48.7487867" lon="11.4267165" />
  <node id="9590316706" lat="48.7488238" lon="11.4267161" />
  <node id="9590316707" lat="48.7489414" lon="11.4267576" />
  <node id="9590316708" lat="48.7489751" lon="11.4267606" />
  <node id="9592704925" lat="48.7519167" lon="11.4279817" />
  <node id="9592704926" lat="48.7519390" lon="11.4281106" />
  <node id="9592704927" lat="48.7519976" lon="11.4282689" />
  <node id="9592704928" lat="48.7520332" lon="11.4283317" />
  <node id="9592704929" lat="48.7524111" lon="11.4287284" />
  <node id="9592704930" lat="48.7523310" lon="11.4286154" />
  <node id="9592704933" lat="48.7496685" lon="11.4348406" />
  <node id="9592704934" lat="48.7491209" lon="11.4352440" />
  <node id="9594181284" lat="48.7514960" lon="11.4257170" />
  <node id="9594240011" lat="48.7565966" lon="11.4377329" />
  <node id="9594240012" lat="48.7547894" lon="11.4297300" />
  <node id="9594240013" lat="48.7546629" lon="11.4299880" />
  <node id="9594240014" lat="48.7470560" lon="11.4340231" />
  <node id="9596780233" lat="48.7524295" lon="11.4404618" />
  <node id="9596780234" lat="48.7523804" lon="11.4403875" />
  <node id="9596780235" lat="48.7523968" lon="11.4404743" />
  <node id="9596905876" lat="48.7469541" lon="11.4338253" />
  <node id="9596905877" lat="48.7469332" lon="11.4337523" />
  <node id="9596905878" lat="48.7469537" lon="11.4336819" />
  <node id="9596905879" lat="48.7469994" lon="11.4336620" />
  <node id="9596905880" lat="48.7470322" lon="11.4336996" />
  <node id="9596905881" lat="48.7468521" lon="11.4341641" />
  <node id="9596905882" lat="48.7471832" lon="11.4342905" />
  <node id="9596905883" lat="48.7472564" lon="11.4342737" />
  <node id="9596905884" lat="48.7474355" lon="11.4341624" />
  <node id="9596905885" lat="48.7465912" lon="11.4339989" />
  <node id="9596905886" lat="48.7479949" lon="11.4345462" />
  <node id="9596905887" lat="48.7480409" lon="11.4345376" />
  <node id="9602656773" lat="48.7521486" lon="11.4277996" />
  <node id="9602656774" lat="48.7520654" lon="11.4278287" />
  <node id="9602656775" lat="48.7520005" lon="11.4279018" />
  <node id="9602656776" lat="48.7522438" lon="11.4277923" />
  <node id="9602656777" lat="48.7522665" lon="11.4277934" />
  <node id="9602656778" lat="48.7522891" lon="11.4283328" />
  <node id="9602656779" lat="48.7522664" lon="11.4283996" />
  <node id="9602656780" lat="48.7522771" lon="11.4283828" />
  <node id="9602656781" lat="48.7522868" lon="11.4283603" />
  <node id="9602656782" lat="48.7519737" lon="11.4278743" />
  <node id="9602656783" lat="48.7520068" lon="11.4281477" />
  <node id="9602656784" lat="48.7520008" lon="11.4279160" />
  <node id="9602656785" lat="48.7521104" lon="11.4280108" />
  <node id="9602656786" lat="48.7521171" lon="11.4282884" />
  <node id="9602656787" lat="48.7520038" lon="11.4280296" />
  <node id="9602656788" lat="48.7521136" lon="11.4281437" />
  <node id="9602656789" lat="48.7522059" lon="11.4284075" />
  <node id="9602656790" lat="48.7522242" lon="11.4283322" />
  <node id="9602656791" lat="48.7522603" lon="11.4277909" />
  <node id="9602656792" lat="48.7522712" lon="11.4277992" />
  <node id="9602656793" lat="48.7522745" lon="11.4278097" />
  <node id="9602656794" lat="48.7521560" lon="11.4280048" />
  <node id="9602656795" lat="48.7521845" lon="11.4283769" />
  <node id="9602656796" lat="48.7522168" lon="11.4284345" />
  <node id="9602656797" lat="48.7511125" lon="11.4244581" />
  <node id="9602656798" lat="48.7509109" lon="11.4235176" />
  <node id="9602656799" lat="48.7515675" lon="11.4263286" />
  <node id="9602656800" lat="48.7517824" lon="11.4282202" />
  <node id="9602656801" lat="48.7520402" lon="11.4287077" />
  <node id="9666223241" lat="48.7518792" lon="11.4284885" />
  <node id="9804168437" lat="48.7505792" lon="11.4218823" />
  <node id="9808289316" lat="48.7526815" lon="11.4204785" />
  <node id="9808300717" lat="48.7529115" lon="11.4205948" />
  <node id="9808300718" lat="48.7505577" lon="11.4219966" />
  <node id="9808300719" lat="48.7506674" lon="11.4219074" />
  <node id="9863707485" lat="48.7501646" lon="11.4193965" />
  <node id="9863707501" lat="48.7509418" lon="11.4215404" />
  <node id="9863707516" lat="48.7516152" lon="11.4210763" />
  <node id="9863743367" lat="48.7504032" lon="11.4201831" />
  <node id="10044847793" lat="48.7453027" lon="11.4334753" />
  <node id="10044847794" lat="48.7455228" lon="11.4334808" />
  <node id="10060756267" lat="48.7560302" lon="11.4414942" />
  <node id="10060756268" lat="48.7559848" lon="11.4417721" />
  <node id="10177801522" lat="48.7439396" lon="11.4366663" />
  <node id="10177801523" lat="48.7445176" lon="11.4364569" />
  <node id="10177801524" lat="48.7443423" lon="11.4365506" />
  <node id="10177801525" lat="48.7443347" lon="11.4364997" />
  <node id="10177801526" lat="48.7439618" lon="11.4343111" />
  <node id="10177801527" lat="48.7440925" lon="11.4351081" />
  <node id="10177801528" lat="48.7440966" lon="11.4351939" />
  <node id="10177801529" lat="48.7441646" lon="11.4356175" />
  <node id="10177801530" lat="48.7441670" lon="11.4356555" />
  <node id="10177801531" lat="48.7441657" lon="11.4356940" />
  <node id="10177801532" lat="48.7441525" lon="11.4357592" />
  <node id="10177801533" lat="48.7441514" lon="11.4357931" />
  <node id="10177801534" lat="48.7441558" lon="11.4358291" />
  <node id="10177801535" lat="48.7442530" lon="11.4364218" />
  <node id="10177801536" lat="48.7441582" lon="11.4357261" />
  <node id="10177801537" lat="48.7441738" lon="11.4356052" />
  <node id="10177801538" lat="48.7441775" lon="11.4356473" />
  <node id="10177801539" lat="48.7441775" lon="11.4356956" />
  <node id="10177801540" lat="48.7441704" lon="11.4357474" />
  <node id="10177801541" lat="48.7441684" lon="11.4357803" />
  <node id="10177801542" lat="48.7441721" lon="11.4358162" />
  <node id="10177801543" lat="48.7442415" lon="11.4362152" />
  <node id="10177801544" lat="48.7442741" lon="11.4364111" />
  <node id="10177801545" lat="48.7441132" lon="11.4341237" />
  <node id="10177801546" lat="48.7441118" lon="11.4342095" />
  <node id="10177801547" lat="48.7441172" lon="11.4342819" />
  <node id="10177801548" lat="48.7441268" lon="11.4343531" />
  <node id="10177801549" lat="48.7441863" lon="11.4347466" />
  <node id="10177801550" lat="48.7441927" lon="11.4348544" />
  <node id="10177801551" lat="48.7441992" lon="11.4349376" />
  <node id="10177801552" lat="48.7442090" lon="11.4350015" />
  <node id="10177801553" lat="48.7444138" lon="11.4361979" />
  <node id="10177801558" lat="48.7443998" lon="11.4361158" />
  <node id="10177801559" lat="48.7444101" lon="11.4361279" />
  <node id="10177801560" lat="48.7444227" lon="11.4361356" />
  <node id="10177801561" lat="48.7444403" lon="11.4361382" />
  <node id="10177801562" lat="48.7444569" lon="11.4361320" />
  <node id="10177801563" lat="48.7450656" lon="11.4358987" />
  <node id="10177801564" lat="48.7450848" lon="11.4358937" />
  <node id="10177801565" lat="48.7451044" lon="11.4358917" />
  <node id="10177801566" lat="48.7451255" lon="11.4358937" />
  <node id="10177801567" lat="48.7451473" lon="11.4359021" />
  <node id="10177801568" lat="48.7452793" lon="11.4359734" />
  <node id="10177801569" lat="48.7453051" lon="11.4359872" />
  <node id="10177801570" lat="48.7453346" lon="11.4359918" />
  <node id="10177801571" lat="48.7453648" lon="11.4359843" />
  <node id="10177801572" lat="48.7454737" lon="11.4359334" />
  <node id="10177801573" lat="48.7455714" lon="11.4358704" />
  <node id="10177801574" lat="48.7456899" lon="11.4357857" />
  <node id="10177801575" lat="48.7457636" lon="11.4357248" />
  <node id="10177801576" lat="48.7458450" lon="11.4356539" />
  <node id="10177801577" lat="48.7459111" lon="11.4355830" />
  <node id="10177801578" lat="48.7450364" lon="11.4359089" />
  <node id="10177801579" lat="48.7445910" lon="11.4360806" />
  <node id="10177801580" lat="48.7458660" lon="11.4356219" />
  <node id="10177801581" lat="48.7458684" lon="11.4355942" />
  <node id="10177801582" lat="48.7456079" lon="11.4340532" />
  <node id="10177801583" lat="48.7456420" lon="11.4342550" />
  <node id="10177801584" lat="48.7456627" lon="11.4343777" />
  <node id="10177801585" lat="48.7457816" lon="11.4350831" />
  <node id="10177801586" lat="48.7458358" lon="11.4354043" />
  <node id="10177801588" lat="48.7457094" lon="11.4340602" />
  <node id="10177801589" lat="48.7457034" lon="11.4341023" />
  <node id="10177801590" lat="48.7457042" lon="11.4341607" />
  <node id="10177801591" lat="48.7457094" lon="11.4342220" />
  <node id="10177801592" lat="48.7457195" lon="11.4342936" />
  <node id="10177801593" lat="48.7459119" lon="11.4354124" />
  <node id="10177801594" lat="48.7459306" lon="11.4354691" />
  <node id="10177801595" lat="48.7459605" lon="11.4354933" />
  <node id="10177801596" lat="48.7459919" lon="11.4355042" />
  <node id="10177801597" lat="48.7460208" lon="11.4354875" />
  <node id="10177801598" lat="48.7470264" lon="11.4343696" />
  <node id="10177801599" lat="48.7469769" lon="11.4344665" />
  <node id="10177801600" lat="48.7469005" lon="11.4345742" />
  <node id="10177801601" lat="48.7465770" lon="11.4348780" />
  <node id="10177801602" lat="48.7464808" lon="11.4349765" />
  <node id="10177801603" lat="48.7458681" lon="11.4351577" />
  <node id="10177801604" lat="48.7444864" lon="11.4365332" />
  <node id="10177801605" lat="48.7445491" lon="11.4363399" />
  <node id="10177801606" lat="48.7442152" lon="11.4361911" />
  <node id="10177801607" lat="48.7443353" lon="11.4361421" />
  <node id="10177801608" lat="48.7442358" lon="11.4361826" />
  <node id="10177801613" lat="48.7444393" lon="11.4361883" />
  <node id="10178518832" lat="48.7519396" lon="11.4272375" />
  <node id="10178518864" lat="48.7524078" lon="11.4288671" />
  <node id="10178518865" lat="48.7525145" lon="11.4290762" />
  <node id="10178518866" lat="48.7526061" lon="11.4292865" />
  <node id="10178518867" lat="48.7511717" lon="11.4284327" />
  <node id="10178518868" lat="48.7511440" lon="11.4284368" />
  <node id="10178518869" lat="48.7511162" lon="11.4284327" />
  <node id="10178518870" lat="48.7510932" lon="11.4284153" />
  <node id="10178518871" lat="48.7510797" lon="11.4283875" />
  <node id="10178518872" lat="48.7508961" lon="11.4278925" />
  <node id="10178518873" lat="48.7508054" lon="11.4275793" />
  <node id="10178518874" lat="48.7507018" lon="11.4271520" />
  <node id="10178518875" lat="48.7506368" lon="11.4269138" />
  <node id="10178518876" lat="48.7506388" lon="11.4268768" />
  <node id="10178518877" lat="48.7506537" lon="11.4268419" />
  <node id="10178518878" lat="48.7511142" lon="11.4265923" />
  <node id="10178518879" lat="48.7514528" lon="11.4264167" />
  <node id="10178518880" lat="48.7516247" lon="11.4263472" />
  <node id="10178518881" lat="48.7507769" lon="11.4267751" />
  <node id="10178518882" lat="48.7508847" lon="11.4278529" />
  <node id="10178518883" lat="48.7510248" lon="11.4282395" />
  <node id="10315357435" lat="48.7558338" lon="11.4412127" />
  <node id="10315383623" lat="48.7559033" lon="11.4416089" />
  <node id="10315383624" lat="48.7558365" lon="11.4420938" />
  <node id="10765379006" lat="48.7495728" lon="11.4225845" />
  <node id="10765379007" lat="48.7528572" lon="11.4206480" />
  <node id="10798883267" lat="48.7439933" lon="11.4324703" />
  <node id="10800060322" lat="48.7576084" lon="11.4454441" />
  <node id="10800060411" lat="48.7582726" lon="11.4454550" />
  <node id="10800060412" lat="48.7581001" lon="11.4458917" />
  <node id="10800060413" lat="48.7582022" lon="11.4456332" />
  <node id="10800060422" lat="48.7579117" lon="11.4453264" />
  <node id="10800060423" lat="48.7582159" lon="11.4455985" />
  <node id="10809167604" lat="48.7569987" lon="11.4393486" />
  <node id="10809167605" lat="48.7570117" lon="11.4392862" />
  <node id="10809167606" lat="48.7570432" lon="11.4392006" />
  <node id="10809167607" lat="48.7574030" lon="11.4394515" />
  <node id="10809167608" lat="48.7567779" lon="11.4402581" />
  <node id="10809167609" lat="48.7566343" lon="11.4404513" />
  <node id="10809167610" lat="48.7565900" lon="11.4404520" />
  <node id="10809167611" lat="48.7570561" lon="11.4404274" />
  <node id="10809167612" lat="48.7570183" lon="11.4406365" />
  <node id="10809167613" lat="48.7569167" lon="11.4403426" />
  <node id="10827890119" lat="48.7439373" lon="11.4324758" />
  <node id="10915923026" lat="48.7450179" lon="11.4367707" />
  <node id="10915923027" lat="48.7456555" lon="11.4365197" />
  <node id="10915923029" lat="48.7457486" lon="11.4364759" />
  <node id="10915923030" lat="48.7456948" lon="11.4364985" />
  <node id="10915923038" lat="48.7428977" lon="11.4399797" />
  <node id="10916636244" lat="48.7577481" lon="11.4372863" />
  <node id="10931925464" lat="48.7421701" lon="11.4373521" />
  <node id="10931925465" lat="48.7422227" lon="11.4376701" />
  <node id="10931925466" lat="48.7419494" lon="11.4377680" />
  <node id="10931925467" lat="48.7418981" lon="11.4375097" />
  <node id="10931928432" lat="48.7412716" lon="11.4377807" />
  <node id="10931928464" lat="48.7414750" lon="11.4377016" />
  <node id="10963023591" lat="48.7456061" lon="11.4435767" />
  <node id="10963023592" lat="48.7450506" lon="11.4438457" />
  <node id="10965100048" lat="48.7495319" lon="11.4206320" />
  <node id="10965100049" lat="48.7496096" lon="11.4207170" />
  <node id="10965100051" lat="48.7527467" lon="11.4206537" />
  <node id="10965100052" lat="48.7528099" lon="11.4207003" />
  <node id="10965100053" lat="48.7528453" lon="11.4207511" />
  <node id="10965100054" lat="48.7524656" lon="11.4221980" />
  <node id="10965100055" lat="48.7523632" lon="11.4226053" />
  <node id="10965100056" lat="48.7522179" lon="11.4232607" />
  <node id="10965100057" lat="48.7520745" lon="11.4239928" />
  <node id="10965100058" lat="48.7520606" lon="11.4240762" />
  <node id="10965100059" lat="48.7520480" lon="11.4241155" />
  <node id="10965100060" lat="48.7520214" lon="11.4241270" />
  <node id="10965100061" lat="48.7519917" lon="11.4241126" />
  <node id="10965100062" lat="48.7519582" lon="11.4240867" />
  <node id="10965100063" lat="48.7519134" lon="11.4240043" />
  <node id="10965100064" lat="48.7518963" lon="11.4239526" />
  <node id="10965100065" lat="48.7512992" lon="11.4215577" />
  <node id="10965100066" lat="48.7512904" lon="11.4214983" />
  <node id="10965100067" lat="48.7514842" lon="11.4222995" />
  <node id="10965100068" lat="48.7523737" lon="11.4225637" />
  <node id="10965100069" lat="48.7516177" lon="11.4228352" />
  <node id="10965100070" lat="48.7522105" lon="11.4232983" />
  <node id="10965100071" lat="48.7518341" lon="11.4237032" />
  <node id="10965100072" lat="48.7512190" lon="11.4215750" />
  <node id="10965100073" lat="48.7512493" lon="11.4216861" />
  <node id="10965100074" lat="48.7518211" lon="11.4239897" />
  <node id="10965100075" lat="48.7518602" lon="11.4240999" />
  <node id="10965100076" lat="48.7519139" lon="11.4241775" />
  <node id="10965100077" lat="48.7519822" lon="11.4242293" />
  <node id="10965100078" lat="48.7520220" lon="11.4242561" />
  <node id="10965100079" lat="48.7520390" lon="11.4243040" />
  <node id="10965100080" lat="48.7520428" lon="11.4243979" />
  <node id="10965100081" lat="48.7520378" lon="11.4245005" />
  <node id="10965100082" lat="48.7520365" lon="11.4246164" />
  <node id="10965100083" lat="48.7520409" lon="11.4247659" />
  <node id="10965100084" lat="48.7520592" lon="11.4249853" />
  <node id="10965100085" lat="48.7520889" lon="11.4252297" />
  <node id="10965100086" lat="48.7521237" lon="11.4254578" />
  <node id="10965100087" lat="48.7521774" lon="11.4256609" />
  <node id="10965100088" lat="48.7522576" lon="11.4258861" />
  <node id="10965100089" lat="48.7523031" lon="11.4260020" />
  <node id="10965100090" lat="48.7523012" lon="11.4260375" />
  <node id="10965100091" lat="48.7522873" lon="11.4260614" />
  <node id="10965100092" lat="48.7522722" lon="11.4261151" />
  <node id="10965100093" lat="48.7522551" lon="11.4262138" />
  <node id="10965100094" lat="48.7522519" lon="11.4263183" />
  <node id="10965100095" lat="48.7523076" lon="11.4285897" />
  <node id="10965100096" lat="48.7523289" lon="11.4285846" />
  <node id="10965100097" lat="48.7524876" lon="11.4287551" />
  <node id="10965100098" lat="48.7524478" lon="11.4284800" />
  <node id="10965100099" lat="48.7524339" lon="11.4283286" />
  <node id="10965100100" lat="48.7523315" lon="11.4262905" />
  <node id="10965100101" lat="48.7523347" lon="11.4262196" />
  <node id="10965100102" lat="48.7523404" lon="11.4261774" />
  <node id="10965100103" lat="48.7523587" lon="11.4261525" />
  <node id="10965100104" lat="48.7523886" lon="11.4261624" />
  <node id="10965104905" lat="48.7524045" lon="11.4277440" />
  <node id="10965104906" lat="48.7537734" lon="11.4280149" />
  <node id="10965104907" lat="48.7520439" lon="11.4242005" />
  <node id="10965104908" lat="48.7522993" lon="11.4272044" />
  <node id="10965104910" lat="48.7436743" lon="11.4245407" />
  <node id="10965104911" lat="48.7455648" lon="11.4239127" />
  <node id="10965104912" lat="48.7436778" lon="11.4244339" />
  <node id="10965104913" lat="48.7435853" lon="11.4244210" />
  <node id="10965104914" lat="48.7456075" lon="11.4239077" />
  <node id="10965104915" lat="48.7457117" lon="11.4238932" />
  <node id="10965104916" lat="48.7436251" lon="11.4244266" />
  <node id="10967376517" lat="48.7457741" lon="11.4239357" />
  <node id="10976283177" lat="48.7448756" lon="11.4362247" />
  <node id="10976283179" lat="48.7451218" lon="11.4360824" />
  <node id="10976283182" lat="48.7445533" lon="11.4363733" />
  <node id="10976283183" lat="48.7445434" lon="11.4362956" />
  <node id="10976283184" lat="48.7445378" lon="11.4362512" />
  <node id="10976283185" lat="48.7450524" lon="11.4360145" />
  <node id="10976283187" lat="48.7451063" lon="11.4359945" />
  <node id="10976283191" lat="48.7447234" lon="11.4396521" />
  <node id="10976514721" lat="48.7438830" lon="11.4372925" />
  <node id="10976514723" lat="48.7438792" lon="11.4372666" />
  <node id="10983036745" lat="48.7476021" lon="11.4337667" />
  <node id="10983036746" lat="48.7477376" lon="11.4337621" />
  <node id="10983036747" lat="48.7507334" lon="11.4325796" />
  <node id="10983036748" lat="48.7489131" lon="11.4333215" />
  <node id="10983036749" lat="48.7487932" lon="11.4333630" />
  <node id="11014676691" lat="48.7546467" lon="11.4309732" />
  <node id="11026167450" lat="48.7555316" lon="11.4303712" />
  <node id="11049716132" lat="48.7558555" lon="11.4316657" />
  <node id="11049716133" lat="48.7558846" lon="11.4309332" />
  <node id="11049716134" lat="48.7558774" lon="11.4309372" />
  <node id="11049716137" lat="48.7558087" lon="11.4308960" />
  <node id="11049716138" lat="48.7558020" lon="11.4308969" />
  <node id="11049716141" lat="48.7556978" lon="11.4306909" />
  <node id="11049716142" lat="48.7560463" lon="11.4307281" />
  <node id="11049716143" lat="48.7559777" lon="11.4307291" />
  <node id="11049716144" lat="48.7559778" lon="11.4307470" />
  <node id="11049716145" lat="48.7560458" lon="11.4307533" />
  <node id="11049716152" lat="48.7556997" lon="11.4307137" />
  <node id="11049716155" lat="48.7556355" lon="11.4307005" />
  <node id="11049716156" lat="48.7556369" lon="11.4307241" />
  <node id="11049716157" lat="48.7556479" lon="11.4308958" />
  <node id="11049716158" lat="48.7558123" lon="11.4310131" />
  <node id="11049716159" lat="48.7558767" lon="11.4310119" />
  <node id="11049716160" lat="48.7558856" lon="11.4309866" />
  <node id="11049716161" lat="48.7557354" lon="11.4310120" />
  <node id="11049716162" lat="48.7558011" lon="11.4310125" />
  <node id="11049716163" lat="48.7558300" lon="11.4295954" />
  <node id="11049716164" lat="48.7555608" lon="11.4292882" />
  <node id="11049716165" lat="48.7555512" lon="11.4293370" />
  <node id="11049716166" lat="48.7557595" lon="11.4291730" />
  <node id="11049716167" lat="48.7555112" lon="11.4295279" />
  <node id="11049716168" lat="48.7555673" lon="11.4295097" />
  <node id="11049716169" lat="48.7556152" lon="11.4294611" />
  <node id="11049716170" lat="48.7556094" lon="11.4294952" />
  <node id="11049716174" lat="48.7555056" lon="11.4294946" />
  <node id="11049716175" lat="48.7555498" lon="11.4296641" />
  <node id="11049716176" lat="48.7555862" lon="11.4296721" />
  <node id="11049716178" lat="48.7556087" lon="11.4294558" />
  <node id="11049716179" lat="48.7556175" lon="11.4294769" />
  <node id="11049716180" lat="48.7556149" lon="11.4294877" />
  <node id="11049716181" lat="48.7558116" lon="11.4304031" />
  <node id="11049716189" lat="48.7547794" lon="11.4298702" />
  <node id="11053593779" lat="48.7498759" lon="11.4192320" />
  <node id="11053593780" lat="48.7499513" lon="11.4191591" />
  <node id="11053593781" lat="48.7500219" lon="11.4191755" />
  <node id="11053593782" lat="48.7500902" lon="11.4191073" />
  <node id="11053593783" lat="48.7500471" lon="11.4191503" />
  <node id="11053593784" lat="48.7499761" lon="11.4188485" />
  <node id="11053593785" lat="48.7499249" lon="11.4188997" />
  <node id="11053607149" lat="48.7539287" lon="11.4300971" />
  <node id="11053607150" lat="48.7539294" lon="11.4301378" />
  <node id="11053607151" lat="48.7539407" lon="11.4301650" />
  <node id="11053607805" lat="48.7502033" lon="11.4193598" />
  <node id="11053607806" lat="48.7503506" lon="11.4206232" />
  <node id="11053607807" lat="48.7504717" lon="11.4203003" />
  <node id="11053607808" lat="48.7504564" lon="11.4203453" />
  <node id="11053607809" lat="48.7492864" lon="11.4200857" />
  <node id="11059358441" lat="48.7503590" lon="11.4199911" />
  <node id="11059358442" lat="48.7503016" lon="11.4200374" />
  <node id="11059358444" lat="48.7503143" lon="11.4200269" />
  <node id="11059358445" lat="48.7502738" lon="11.4199295" />
  <node id="11059358448" lat="48.7501906" lon="11.4200044" />
  <node id="11059358451" lat="48.7501473" lon="11.4200659" />
  <node id="11059358454" lat="48.7500544" lon="11.4201447" />
  <node id="11059358476" lat="48.7498645" lon="11.4200342" />
  <node id="11059358477" lat="48.7499525" lon="11.4199326" />
  <node id="11059358478" lat="48.7500734" lon="11.4201286" />
  <node id="11059358494" lat="48.7508685" lon="11.4216181" />
  <node id="11059358495" lat="48.7509390" lon="11.4215488" />
  <node id="11059358496" lat="48.7508496" lon="11.4216156" />
  <node id="11059358497" lat="48.7508511" lon="11.4215932" />
  <node id="11063281294" lat="48.7558222" lon="11.4307047" />
  <node id="11063281295" lat="48.7572382" lon="11.4232961" />
  <node id="11063281296" lat="48.7570435" lon="11.4228428" />
  <node id="11063281297" lat="48.7571648" lon="11.4232564" />
  <node id="11063281298" lat="48.7571365" lon="11.4233334" />
  <node id="11063281299" lat="48.7579190" lon="11.4214871" />
  <node id="11063281300" lat="48.7577407" lon="11.4214195" />
  <node id="11063281301" lat="48.7576292" lon="11.4216958" />
  <node id="11063281302" lat="48.7575018" lon="11.4219486" />
  <node id="11063281303" lat="48.7575111" lon="11.4219180" />
  <node id="11063281304" lat="48.7574969" lon="11.4218349" />
  <node id="11063336705" lat="48.7575106" lon="11.4218547" />
  <node id="11063336706" lat="48.7575168" lon="11.4218744" />
  <node id="11063336707" lat="48.7575175" lon="11.4218959" />
  <node id="11063336708" lat="48.7576118" lon="11.4217479" />
  <node id="11063336709" lat="48.7576016" lon="11.4217752" />
  <node id="11063336710" lat="48.7575571" lon="11.4217905" />
  <node id="11063336711" lat="48.7575706" lon="11.4218012" />
  <node id="11063336712" lat="48.7575841" lon="11.4217977" />
  <node id="11063336713" lat="48.7575942" lon="11.4217891" />
  <node id="11109075041" lat="48.7547658" lon="11.4298832" />
  <node id="11109075053" lat="48.7547261" lon="11.4299405" />
  <node id="11109075054" lat="48.7547424" lon="11.4299062" />
  <node id="11109075055" lat="48.7546843" lon="11.4295979" />
  <node id="11109075056" lat="48.7547256" lon="11.4296709" />
  <node id="11109075057" lat="48.7546145" lon="11.4295873" />
  <node id="11109075058" lat="48.7546790" lon="11.4295799" />
  <node id="11109075059" lat="48.7545538" lon="11.4297271" />
  <node id="11109075060" lat="48.7546164" lon="11.4296357" />
  <node id="11109075061" lat="48.7546155" lon="11.4296610" />
  <node id="11109075062" lat="48.7545741" lon="11.4297220" />
  <node id="11109075063" lat="48.7546093" lon="11.4296834" />
  <node id="11109075064" lat="48.7545917" lon="11.4298992" />
  <node id="11109075065" lat="48.7546286" lon="11.4299251" />
  <node id="11109075066" lat="48.7546358" lon="11.4299553" />
  <node id="11109075067" lat="48.7546386" lon="11.4299905" />
  <node id="11154434004" lat="48.7480628" lon="11.4355981" />
  <node id="11154478805" lat="48.7481371" lon="11.4355311" />
  <node id="11154478806" lat="48.7482168" lon="11.4354952" />
  <node id="11154478807" lat="48.7460303" lon="11.4361878" />
  <node id="11154478808" lat="48.7462913" lon="11.4360262" />
  <node id="11178636327" lat="48.7530095" lon="11.4402398" />
  <node id="11178636333" lat="48.7447568" lon="11.4402668" />
  <node id="11179379571" lat="48.7446535" lon="11.4351810" />
  <node id="11179379572" lat="48.7442051" lon="11.4353525" />
  <node id="11179379573" lat="48.7442652" lon="11.4353295" />
  <node id="11180506534" lat="48.7448670" lon="11.4394382" />
  <node id="11180506637" lat="48.7512175" lon="11.4248828" />
  <node id="11180741871" lat="48.7467025" lon="11.4348726" />
  <node id="11264876079" lat="48.7426463" lon="11.4453842" />
  <node id="11336236482" lat="48.7559181" lon="11.4306370" />
  <node id="11374957106" lat="48.7519124" lon="11.4297411" />
  <node id="11374957107" lat="48.7520010" lon="11.4297297" />
  <node id="11374957108" lat="48.7519669" lon="11.4297341" />
  <node id="11374957109" lat="48.7519038" lon="11.4276692" />
  <node id="11482799370" lat="48.7431756" lon="11.4279073" />
  <node id="11482799371" lat="48.7431751" lon="11.4279300" />
  <node id="11488534964" lat="48.7525876" lon="11.4206183" />
  <node id="11488534965" lat="48.7555207" lon="11.4296065" />
  <node id="11488534966" lat="48.7559759" lon="11.4307374" />
  <node id="11488534967" lat="48.7559844" lon="11.4307504" />
  <node id="11488534968" lat="48.7559831" lon="11.4307250" />
  <node id="11488849769" lat="48.7557021" lon="11.4307023" />
  <node id="11488849770" lat="48.7556938" lon="11.4306905" />
  <node id="11488849771" lat="48.7556955" lon="11.4307164" />
  <node id="11488849772" lat="48.7557016" lon="11.4307088" />
  <node id="11488849773" lat="48.7557005" lon="11.4306945" />
  <node id="11488849774" lat="48.7558819" lon="11.4309326" />
  <node id="11488849775" lat="48.7558789" lon="11.4309332" />
  <node id="11488849776" lat="48.7558860" lon="11.4309379" />
  <node id="11488849777" lat="48.7558057" lon="11.4308956" />
  <node id="11488849778" lat="48.7558107" lon="11.4308995" />
  <node id="11488849779" lat="48.7558114" lon="11.4309040" />
  <node id="11488849780" lat="48.7558002" lon="11.4309047" />
  <node id="11488849781" lat="48.7558009" lon="11.4309008" />
  <node id="11491084386" lat="48.7442213" lon="11.4375541" />
  <node id="11536250141" lat="48.7514742" lon="11.4284625" />
  <node id="11539747055" lat="48.7419460" lon="11.4331165" />
  <node id="11539747056" lat="48.7418164" lon="11.4331549" />
  <node id="11603317107" lat="48.7475371" lon="11.4338354" />
  <node id="11603317108" lat="48.7472345" lon="11.4339245" />
  <node id="11603317109" lat="48.7474638" lon="11.4338334" />
  <node id="11623905926" lat="48.7476398" lon="11.4339160" />
  <node id="11623905927" lat="48.7452286" lon="11.4240936" />
  <node id="11630878998" lat="48.7430248" lon="11.4213687" />
  <node id="11630879000" lat="48.7429068" lon="11.4215409" />
  <node id="11630879007" lat="48.7522209" lon="11.4405408" />
  <node id="11630879008" lat="48.7544788" lon="11.4397936" />
  <node id="11630879009" lat="48.7545804" lon="11.4401181" />
  <node id="11630879010" lat="48.7549565" lon="11.4388755" />
  <node id="11630879011" lat="48.7551447" lon="11.4390558" />
  <node id="11630879012" lat="48.7565950" lon="11.4443984" />
  <node id="11630879013" lat="48.7564785" lon="11.4446739" />
  <node id="11637457105" lat="48.7478673" lon="11.4422998" />
  <node id="11637457106" lat="48.7478304" lon="11.4423500" />
  <node id="11637457107" lat="48.7477746" lon="11.4423934" />
  <node id="11637457108" lat="48.7475673" lon="11.4425194" />
  <node id="11637457109" lat="48.7476402" lon="11.4424704" />
  <node id="11637457110" lat="48.7475660" lon="11.4424947" />
  <node id="11637457111" lat="48.7477024" lon="11.4424064" />
  <node id="11637457112" lat="48.7475788" lon="11.4424654" />
  <node id="11637457113" lat="48.7475834" lon="11.4424394" />
  <node id="11637457114" lat="48.7475796" lon="11.4424123" />
  <node id="11637457115" lat="48.7471237" lon="11.4407076" />
  <node id="11637457116" lat="48.7470910" lon="11.4406368" />
  <node id="11637457117" lat="48.7470576" lon="11.4405802" />
  <node id="11637457118" lat="48.7470249" lon="11.4405636" />
  <node id="11637457119" lat="48.7469907" lon="11.4405566" />
  <node id="11637457120" lat="48.7469627" lon="11.4405636" />
  <node id="11637457121" lat="48.7461537" lon="11.4410603" />
  <node id="11637457122" lat="48.7453042" lon="11.4415865" />
  <node id="11637457123" lat="48.7452435" lon="11.4416431" />
  <node id="11637457124" lat="48.7452163" lon="11.4418153" />
  <node id="11637457125" lat="48.7452404" lon="11.4419026" />
  <node id="11637457126" lat="48.7454839" lon="11.4428075" />
  <node id="11637457127" lat="48.7455329" lon="11.4429738" />
  <node id="11637457128" lat="48.7456278" lon="11.4432157" />
  <node id="11637457129" lat="48.7456690" lon="11.4432888" />
  <node id="11637457130" lat="48.7457068" lon="11.4433282" />
  <node id="11637457131" lat="48.7451572" lon="11.4419510" />
  <node id="11637457132" lat="48.7453992" lon="11.4426849" />
  <node id="11637457133" lat="48.7455528" lon="11.4434364" />
  <node id="11637457134" lat="48.7455025" lon="11.4432558" />
  <node id="11637457135" lat="48.7455197" lon="11.4433384" />
  <node id="11637457136" lat="48.7455189" lon="11.4433938" />
  <node id="11637457137" lat="48.7455041" lon="11.4434328" />
  <node id="11637457138" lat="48.7450996" lon="11.4413732" />
  <node id="11637457139" lat="48.7476843" lon="11.4424036" />
  <node id="11637457140" lat="48.7476665" lon="11.4423887" />
  <node id="11637457141" lat="48.7476540" lon="11.4423596" />
  <node id="11637457142" lat="48.7473921" lon="11.4413737" />
  <node id="11637457143" lat="48.7473859" lon="11.4413262" />
  <node id="11637457144" lat="48.7473877" lon="11.4412605" />
  <node id="11637457145" lat="48.7473939" lon="11.4412287" />
  <node id="11637457146" lat="48.7470218" lon="11.4403892" />
  <node id="11637457147" lat="48.7452684" lon="11.4414542" />
  <node id="11637457148" lat="48.7452184" lon="11.4414694" />
  <node id="11637457149" lat="48.7451727" lon="11.4414624" />
  <node id="11637457150" lat="48.7451344" lon="11.4414288" />
  <node id="11637457151" lat="48.7450764" lon="11.4412953" />
  <node id="11637457152" lat="48.7449563" lon="11.4408288" />
  <node id="11637457153" lat="48.7448417" lon="11.4403944" />
  <node id="11637457154" lat="48.7448003" lon="11.4402451" />
  <node id="11637457155" lat="48.7447625" lon="11.4401432" />
  <node id="11637457156" lat="48.7447132" lon="11.4400462" />
  <node id="11637457157" lat="48.7446731" lon="11.4399773" />
  <node id="11637457158" lat="48.7445958" lon="11.4398702" />
  <node id="11637457159" lat="48.7445391" lon="11.4398278" />
  <node id="11637457160" lat="48.7445150" lon="11.4397951" />
  <node id="11637457161" lat="48.7445024" lon="11.4397508" />
  <node id="11637457162" lat="48.7445009" lon="11.4397064" />
  <node id="11637457163" lat="48.7445058" lon="11.4396780" />
  <node id="11637457164" lat="48.7445340" lon="11.4396223" />
  <node id="11637457165" lat="48.7445758" lon="11.4395947" />
  <node id="11637457166" lat="48.7449010" lon="11.4394040" />
  <node id="11637457167" lat="48.7449292" lon="11.4394021" />
  <node id="11637457168" lat="48.7449595" lon="11.4394176" />
  <node id="11637463469" lat="48.7449787" lon="11.4394414" />
  <node id="11637463470" lat="48.7449913" lon="11.4394733" />
  <node id="11637463471" lat="48.7450054" lon="11.4395254" />
  <node id="11637463472" lat="48.7449872" lon="11.4395363" />
  <node id="11637463473" lat="48.7445735" lon="11.4398535" />
  <node id="11637463474" lat="48.7446389" lon="11.4399267" />
  <node id="11637463475" lat="48.7436423" lon="11.4401994" />
  <node id="11637463476" lat="48.7436387" lon="11.4401413" />
  <node id="11637463477" lat="48.7436417" lon="11.4400975" />
  <node id="11637463478" lat="48.7436517" lon="11.4400582" />
  <node id="11637463479" lat="48.7436659" lon="11.4400340" />
  <node id="11637463480" lat="48.7436865" lon="11.4400215" />
  <node id="11637463481" lat="48.7439430" lon="11.4398695" />
  <node id="11637463482" lat="48.7440656" lon="11.4398159" />
  <node id="11637463483" lat="48.7441711" lon="11.4397998" />
  <node id="11637463484" lat="48.7442719" lon="11.4398147" />
  <node id="11637463485" lat="48.7443530" lon="11.4398435" />
  <node id="11637463486" lat="48.7444577" lon="11.4399003" />
  <node id="11637463487" lat="48.7445419" lon="11.4399789" />
  <node id="11637463488" lat="48.7446235" lon="11.4400886" />
  <node id="11637463489" lat="48.7446769" lon="11.4401914" />
  <node id="11637463490" lat="48.7447200" lon="11.4403027" />
  <node id="11637463491" lat="48.7447518" lon="11.4404085" />
  <node id="11637463492" lat="48.7437695" lon="11.4398349" />
  <node id="11637463493" lat="48.7439322" lon="11.4397430" />
  <node id="11637463494" lat="48.7440312" lon="11.4396963" />
  <node id="11637463495" lat="48.7441713" lon="11.4396621" />
  <node id="11637463496" lat="48.7443171" lon="11.4396917" />
  <node id="11637463497" lat="48.7443407" lon="11.4396831" />
  <node id="11637463498" lat="48.7443777" lon="11.4396426" />
  <node id="11637463499" lat="48.7444436" lon="11.4395860" />
  <node id="11637463500" lat="48.7444504" lon="11.4397509" />
  <node id="11637463501" lat="48.7443829" lon="11.4397164" />
  <node id="11637463502" lat="48.7444620" lon="11.4397588" />
  <node id="11637463503" lat="48.7444100" lon="11.4397302" />
  <node id="11637463504" lat="48.7447845" lon="11.4402026" />
  <node id="11637463505" lat="48.7448201" lon="11.4403163" />
  <node id="11637463517" lat="48.7453501" lon="11.4415580" />
  <node id="11637463518" lat="48.7451634" lon="11.4416150" />
  <node id="11637463519" lat="48.7476253" lon="11.4422517" />
  <node id="11763921750" lat="48.7451859" lon="11.4249182" />
  <node id="11763921751" lat="48.7451359" lon="11.4249124" />
  <node id="11854016361" lat="48.7566363" lon="11.4412194" />
  <node id="11854016362" lat="48.7566229" lon="11.4413998" />
  <node id="11854016367" lat="48.7580608" lon="11.4411676" />
  <node id="11854166277" lat="48.7568453" lon="11.4440528" />
  <node id="11854166278" lat="48.7569235" lon="11.4440149" />
  <node id="11854166279" lat="48.7569739" lon="11.4440216" />
  <node id="11854166280" lat="48.7570365" lon="11.4440584" />
  <node id="11987544255" lat="48.7575053" lon="11.4381922" />
  <node id="11987544256" lat="48.7574810" lon="11.4382017" />
  <node id="11987544257" lat="48.7574491" lon="11.4382092" />
  <node id="11987706479" lat="48.7564553" lon="11.4367107" />
  <node id="11987706480" lat="48.7565403" lon="11.4367612" />
  <node id="11987706481" lat="48.7560285" lon="11.4360778" />
  <node id="11987706482" lat="48.7559871" lon="11.4359506" />
  <node id="11987706483" lat="48.7563958" lon="11.4368305" />
  <node id="11987706484" lat="48.7565999" lon="11.4371275" />
  <node id="11987706485" lat="48.7561141" lon="11.4363677" />
  <node id="11987706486" lat="48.7561736" lon="11.4365470" />
  <node id="11987706487" lat="48.7564087" lon="11.4370190" />
  <node id="11987706488" lat="48.7561476" lon="11.4363579" />
  <node id="11987706489" lat="48.7563172" lon="11.4366884" />
  <node id="11987706490" lat="48.7558382" lon="11.4352710" />
  <node id="11987706491" lat="48.7558111" lon="11.4352113" />
  <node id="11987706492" lat="48.7558052" lon="11.4353560" />
  <node id="11987706493" lat="48.7557229" lon="11.4357232" />
  <node id="11987706582" lat="48.7573247" lon="11.4377771" />
  <node id="12006658574" lat="48.7576261" lon="11.4381913" />
  <node id="12006658575" lat="48.7576129" lon="11.4380092" />
  <node id="12017648390" lat="48.7576926" lon="11.4381445" />
  <node id="12017648391" lat="48.7576708" lon="11.4380657" />
  <node id="12017648392" lat="48.7576788" lon="11.4380206" />
  <node id="12017648393" lat="48.7578899" lon="11.4375184" />
  <node id="12017648394" lat="48.7579206" lon="11.4374657" />
  <node id="12017648395" lat="48.7579578" lon="11.4374281" />
  <node id="12017648396" lat="48.7579890" lon="11.4374161" />
  <node id="12017648397" lat="48.7580225" lon="11.4374210" />
  <node id="12017648398" lat="48.7580691" lon="11.4374620" />
  <node id="12017648399" lat="48.7577328" lon="11.4378922" />
  <node id="12033890299" lat="48.7574602" lon="11.4379200" />
  <node id="12033890300" lat="48.7576548" lon="11.4381154" />
  <node id="12033890301" lat="48.7576753" lon="11.4381017" />
  <node id="12033890302" lat="48.7575096" lon="11.4379408" />
  <node id="12033890303" lat="48.7575534" lon="11.4379408" />
  <node id="12033890304" lat="48.7575861" lon="11.4379248" />
  <node id="12033890305" lat="48.7576087" lon="11.4379042" />
  <node id="12033890306" lat="48.7576208" lon="11.4378790" />
  <node id="12033890307" lat="48.7578356" lon="11.4373517" />
  <node id="12033890308" lat="48.7576898" lon="11.4377097" />
  <node id="12033890310" lat="48.7574250" lon="11.4382063" />
  <node id="12033890311" lat="48.7575345" lon="11.4381699" />
  <node id="12047981910" lat="48.7505896" lon="11.4219024" />
  <node id="12048003453" lat="48.7501987" lon="11.4217988" />
  <node id="12048003456" lat="48.7501585" lon="11.4221756" />
  <node id="12075550161" lat="48.7450455" lon="11.4359665" />
  <node id="12075550162" lat="48.7450830" lon="11.4359524" />
  <node id="12078175019" lat="48.7563636" lon="11.4332586" />
  <node id="12078175020" lat="48.7573707" lon="11.4337409" />
  <node id="12078175021" lat="48.7573907" lon="11.4337384" />
  <node id="12078175022" lat="48.7574761" lon="11.4336013" />
  <node id="12095883617" lat="48.7557426" lon="11.4357660" />
  <node id="12095883618" lat="48.7557904" lon="11.4357606" />
  <node id="12095883619" lat="48.7559238" lon="11.4358112" />
  <node id="12095883620" lat="48.7559611" lon="11.4358609" />
  <node id="12095883621" lat="48.7558806" lon="11.4357837" />
  <node id="12095883622" lat="48.7558365" lon="11.4357673" />
  <node id="12100211087" lat="48.7467948" lon="11.4343121" />
  <node id="12123821918" lat="48.7404968" lon="11.4369730" />
  <node id="12123821919" lat="48.7406775" lon="11.4375732" />
  <node id="12135446542" lat="48.7558824" lon="11.4268488" />
  <node id="12138513267" lat="48.7486408" lon="11.4308676" />
  <node id="12138513268" lat="48.7484699" lon="11.4309572" />
  <node id="12138513269" lat="48.7484422" lon="11.4309941" />
  <node id="12138513270" lat="48.7484829" lon="11.4309976" />
  <node id="12138513271" lat="48.7485766" lon="11.4309484" />
  <node id="12138513272" lat="48.7484013" lon="11.4310097" />
  <node id="12138513277" lat="48.7485366" lon="11.4309052" />
  <node id="12138513278" lat="48.7485404" lon="11.4309202" />
  <node id="12138513279" lat="48.7486720" lon="11.4308770" />
  <node id="12138513280" lat="48.7486868" lon="11.4309395" />
  <node id="12138513281" lat="48.7487350" lon="11.4309130" />
  <node id="12138513282" lat="48.7487324" lon="11.4309039" />
  <node id="12138513283" lat="48.7487829" lon="11.4308864" />
  <node id="12138513284" lat="48.7487802" lon="11.4308773" />
  <node id="12138513299" lat="48.7490729" lon="11.4313300" />
  <node id="12138601125" lat="48.7483117" lon="11.4304884" />
  <node id="12138601126" lat="48.7485389" lon="11.4305048" />
  <node id="12138601127" lat="48.7487016" lon="11.4310983" />
  <node id="12138601141" lat="48.7488927" lon="11.4332600" />
  <node id="12138601142" lat="48.7488450" lon="11.4329879" />
  <node id="12138601143" lat="48.7487343" lon="11.4323332" />
  <node id="12138601144" lat="48.7486632" lon="11.4319711" />
  <node id="12138601145" lat="48.7486107" lon="11.4317637" />
  <node id="12138601146" lat="48.7485961" lon="11.4317005" />
  <node id="12138601147" lat="48.7485992" lon="11.4316677" />
  <node id="12138601148" lat="48.7486104" lon="11.4316389" />
  <node id="12138601149" lat="48.7486246" lon="11.4316220" />
  <node id="12138601150" lat="48.7486446" lon="11.4316065" />
  <node id="12138601151" lat="48.7490082" lon="11.4314171" />
  <node id="12138601152" lat="48.7490630" lon="11.4313960" />
  <node id="12138601153" lat="48.7491328" lon="11.4313873" />
  <node id="12138601154" lat="48.7492019" lon="11.4314006" />
  <node id="12138601155" lat="48.7501343" lon="11.4316466" />
  <node id="12138601156" lat="48.7502173" lon="11.4316759" />
  <node id="12138601157" lat="48.7502904" lon="11.4317159" />
  <node id="12138601158" lat="48.7503784" lon="11.4317955" />
  <node id="12138601159" lat="48.7504736" lon="11.4319321" />
  <node id="12138601160" lat="48.7505193" lon="11.4320328" />
  <node id="12138601161" lat="48.7505640" lon="11.4321806" />
  <node id="12138601162" lat="48.7506022" lon="11.4323748" />
  <node id="12138601163" lat="48.7506303" lon="11.4325959" />
  <node id="12138601165" lat="48.7506118" lon="11.4321881" />
  <node id="12138601166" lat="48.7505734" lon="11.4320503" />
  <node id="12138601167" lat="48.7504793" lon="11.4318465" />
  <node id="12138601168" lat="48.7502962" lon="11.4316554" />
  <node id="12138601169" lat="48.7484837" lon="11.4314360" />
  <node id="12138601170" lat="48.7507433" lon="11.4311927" />
  <node id="12138601171" lat="48.7507274" lon="11.4311293" />
  <node id="12138601172" lat="48.7504103" lon="11.4301494" />
  <node id="12138601173" lat="48.7500566" lon="11.4290425" />
  <node id="12138601174" lat="48.7500407" lon="11.4290175" />
  <node id="12138601175" lat="48.7500212" lon="11.4290014" />
  <node id="12138601176" lat="48.7499935" lon="11.4290005" />
  <node id="12138601177" lat="48.7483034" lon="11.4296585" />
  <node id="12138601178" lat="48.7482710" lon="11.4296898" />
  <node id="12138601179" lat="48.7482568" lon="11.4297417" />
  <node id="12138601180" lat="48.7482574" lon="11.4298105" />
  <node id="12138601181" lat="48.7482987" lon="11.4301047" />
  <node id="12138601182" lat="48.7484201" lon="11.4309290" />
  <node id="12138601183" lat="48.7484920" lon="11.4313090" />
  <node id="12138601184" lat="48.7485209" lon="11.4314440" />
  <node id="12138601185" lat="48.7485457" lon="11.4314816" />
  <node id="12138601186" lat="48.7485734" lon="11.4314905" />
  <node id="12138601187" lat="48.7486005" lon="11.4314887" />
  <node id="12138601188" lat="48.7490090" lon="11.4312750" />
  <node id="12138601189" lat="48.7490751" lon="11.4312527" />
  <node id="12138601190" lat="48.7491246" lon="11.4312518" />
  <node id="12138601191" lat="48.7491853" lon="11.4312607" />
  <node id="12138601192" lat="48.7502175" lon="11.4315468" />
  <node id="12138601193" lat="48.7502924" lon="11.4315763" />
  <node id="12138601194" lat="48.7503785" lon="11.4316398" />
  <node id="12138601195" lat="48.7504698" lon="11.4317453" />
  <node id="12138601196" lat="48.7505382" lon="11.4318580" />
  <node id="12138601197" lat="48.7505919" lon="11.4319804" />
  <node id="12138601198" lat="48.7506149" lon="11.4320564" />
  <node id="12138601199" lat="48.7506467" lon="11.4321753" />
  <node id="12138601200" lat="48.7507151" lon="11.4325509" />
  <node id="12138601207" lat="48.7487410" lon="11.4294882" />
  <node id="12138601208" lat="48.7502166" lon="11.4295433" />
  <node id="12138601209" lat="48.7483557" lon="11.4304916" />
  <node id="12138601210" lat="48.7484331" lon="11.4309976" />
  <node id="12138601211" lat="48.7491432" lon="11.4312545" />
  <node id="12138601212" lat="48.7487348" lon="11.4314185" />
  <node id="12138601213" lat="48.7504407" lon="11.4317117" />
  <node id="12138601214" lat="48.7492999" lon="11.4314265" />
  <node id="12138601215" lat="48.7500621" lon="11.4316275" />
  <node id="12138601216" lat="48.7474765" lon="11.4303685" />
  <node id="12138601217" lat="48.7474812" lon="11.4303352" />
  <node id="12138601218" lat="48.7474907" lon="11.4303072" />
  <node id="12138601219" lat="48.7475103" lon="11.4302901" />
  <node id="12138601220" lat="48.7475371" lon="11.4302820" />
  <node id="12138601221" lat="48.7476500" lon="11.4302505" />
  <node id="12138601222" lat="48.7478967" lon="11.4302153" />
  <node id="12138601223" lat="48.7480785" lon="11.4302180" />
  <node id="12138601224" lat="48.7482140" lon="11.4302198" />
  <node id="12138601225" lat="48.7482283" lon="11.4302252" />
  <node id="12138601226" lat="48.7482384" lon="11.4302387" />
  <node id="12138601227" lat="48.7482467" lon="11.4302676" />
  <node id="12138601228" lat="48.7483091" lon="11.4306462" />
  <node id="12138601229" lat="48.7484209" lon="11.4313150" />
  <node id="12138601230" lat="48.7484583" lon="11.4314935" />
  <node id="12138601231" lat="48.7484672" lon="11.4315403" />
  <node id="12138601232" lat="48.7484654" lon="11.4315764" />
  <node id="12138601233" lat="48.7484565" lon="11.4316088" />
  <node id="12138601234" lat="48.7484411" lon="11.4316314" />
  <node id="12138601235" lat="48.7484233" lon="11.4316413" />
  <node id="12138601236" lat="48.7475775" lon="11.4319216" />
  <node id="12138601237" lat="48.7475579" lon="11.4319225" />
  <node id="12138601238" lat="48.7475406" lon="11.4319090" />
  <node id="12138601239" lat="48.7475276" lon="11.4318856" />
  <node id="12138601240" lat="48.7475216" lon="11.4318513" />
  <node id="12138601241" lat="48.7475046" lon="11.4314527" />
  <node id="12138601242" lat="48.7476198" lon="11.4331689" />
  <node id="12138601243" lat="48.7475853" lon="11.4328611" />
  <node id="12138601244" lat="48.7475413" lon="11.4323842" />
  <node id="12138601245" lat="48.7475283" lon="11.4321913" />
  <node id="12138601246" lat="48.7475315" lon="11.4321346" />
  <node id="12138601247" lat="48.7475508" lon="11.4320877" />
  <node id="12138601248" lat="48.7475755" lon="11.4320606" />
  <node id="12138601249" lat="48.7476204" lon="11.4320431" />
  <node id="12138601250" lat="48.7481324" lon="11.4318704" />
  <node id="12138601251" lat="48.7484745" lon="11.4317551" />
  <node id="12138601252" lat="48.7484929" lon="11.4317564" />
  <node id="12138601253" lat="48.7485092" lon="11.4317672" />
  <node id="12138601254" lat="48.7485250" lon="11.4317920" />
  <node id="12138601255" lat="48.7485636" lon="11.4319439" />
  <node id="12138601256" lat="48.7486002" lon="11.4321048" />
  <node id="12138601257" lat="48.7486278" lon="11.4322427" />
  <node id="12138601258" lat="48.7487877" lon="11.4332478" />
  <node id="12138601259" lat="48.7487928" lon="11.4333085" />
  <node id="12138601260" lat="48.7485740" lon="11.4319897" />
  <node id="12138601261" lat="48.7475522" lon="11.4325018" />
  <node id="12138601262" lat="48.7477082" lon="11.4336864" />
  <node id="12138601263" lat="48.7477255" lon="11.4337445" />
  <node id="12138601264" lat="48.7477161" lon="11.4337212" />
  <node id="12138601265" lat="48.7475674" lon="11.4326665" />
  <node id="12138601266" lat="48.7474679" lon="11.4326822" />
  <node id="12138601267" lat="48.7475185" lon="11.4326746" />
  <node id="12138601268" lat="48.7463845" lon="11.4328638" />
  <node id="12138601269" lat="48.7463866" lon="11.4327649" />
  <node id="12138601270" lat="48.7463959" lon="11.4326566" />
  <node id="12138601271" lat="48.7463979" lon="11.4325491" />
  <node id="12138601272" lat="48.7463933" lon="11.4324032" />
  <node id="12138601273" lat="48.7463933" lon="11.4323317" />
  <node id="12138601274" lat="48.7464021" lon="11.4318601" />
  <node id="12138601275" lat="48.7464073" lon="11.4318287" />
  <node id="12138601276" lat="48.7464233" lon="11.4318107" />
  <node id="12138601277" lat="48.7473443" lon="11.4317362" />
  <node id="12138601278" lat="48.7473712" lon="11.4317424" />
  <node id="12138601279" lat="48.7473904" lon="11.4317675" />
  <node id="12138601280" lat="48.7474054" lon="11.4318091" />
  <node id="12138601281" lat="48.7474162" lon="11.4318829" />
  <node id="12138601282" lat="48.7474493" lon="11.4325012" />
  <node id="12138601283" lat="48.7474357" lon="11.4323176" />
  <node id="12138601284" lat="48.7475959" lon="11.4336376" />
  <node id="12138601285" lat="48.7475083" lon="11.4330433" />
  <node id="12138601286" lat="48.7476032" lon="11.4337014" />
  <node id="12138601287" lat="48.7468079" lon="11.4317796" />
  <node id="12138601288" lat="48.7468668" lon="11.4317748" />
  <node id="12138601289" lat="48.7485060" lon="11.4315113" />
  <node id="12138601290" lat="48.7485618" lon="11.4317269" />
  <node id="12138601291" lat="48.7484371" lon="11.4316945" />
  <node id="12138601292" lat="48.7486028" lon="11.4315561" />
  <node id="12138601293" lat="48.7484623" lon="11.4313436" />
  <node id="12138601294" lat="48.7475601" lon="11.4319931" />
  <node id="12138601295" lat="48.7483612" lon="11.4309576" />
  <node id="12138601296" lat="48.7483435" lon="11.4308519" />
  <node id="12138601303" lat="48.7473029" lon="11.4343584" />
  <node id="12138601304" lat="48.7473259" lon="11.4344111" />
  <node id="12386615523" lat="48.7457822" lon="11.4412710" />
  <node id="12386615525" lat="48.7454747" lon="11.4414267" />
  <node id="12386615526" lat="48.7454865" lon="11.4414674" />
  <node id="12386615527" lat="48.7455280" lon="11.4416094" />
  <node id="12386615528" lat="48.7458496" lon="11.4419935" />
  <node id="12386615529" lat="48.7459028" lon="11.4420181" />
  <node id="12386615530" lat="48.7459387" lon="11.4420655" />
  <node id="12386615531" lat="48.7462496" lon="11.4432248" />
  <node id="12386615532" lat="48.7462329" lon="11.4431625" />
  <node id="12386615533" lat="48.7459279" lon="11.4420512" />
  <node id="12386615534" lat="48.7459602" lon="11.4418248" />
  <node id="12386615535" lat="48.7459179" lon="11.4420380" />
  <node id="12386615536" lat="48.7459298" lon="11.4419946" />
  <node id="12386615537" lat="48.7459601" lon="11.4418845" />
  <node id="12386615538" lat="48.7458037" lon="11.4412251" />
  <node id="12386615539" lat="48.7458113" lon="11.4412545" />
  <node id="12386615544" lat="48.7460276" lon="11.4433121" />
  <node id="12386615545" lat="48.7460312" lon="11.4431918" />
  <node id="12386615546" lat="48.7460452" lon="11.4431415" />
  <node id="12386615547" lat="48.7460060" lon="11.4429983" />
  <node id="12386615548" lat="48.7460432" lon="11.4428353" />
  <node id="12386615549" lat="48.7460087" lon="11.4426933" />
  <node id="12386615550" lat="48.7460297" lon="11.4432414" />
  <node id="12386615567" lat="48.7452180" lon="11.4417226" />
  <node id="12386616020" lat="48.7454613" lon="11.4422372" />
  <node id="12386616021" lat="48.7453036" lon="11.4423291" />
  <node id="12386616022" lat="48.7453482" lon="11.4423032" />
  <node id="12386616023" lat="48.7457789" lon="11.4419854" />
  <node id="12386616024" lat="48.7457922" lon="11.4420374" />
  <node id="12386616025" lat="48.7455113" lon="11.4422452" />
  <node id="12386616026" lat="48.7457399" lon="11.4421052" />
  <node id="12386616027" lat="48.7470679" lon="11.4426177" />
  <node id="12386616028" lat="48.7464985" lon="11.4429475" />
  <node id="12386616029" lat="48.7471052" lon="11.4427651" />
  <node id="12386616030" lat="48.7471220" lon="11.4428314" />
  <node id="12386616031" lat="48.7465241" lon="11.4430487" />
  <node id="12386616032" lat="48.7465396" lon="11.4431099" />
  <node id="12386616033" lat="48.7464657" lon="11.4428710" />
  <node id="12386616034" lat="48.7463044" lon="11.4427036" />
  <node id="12386616035" lat="48.7461309" lon="11.4419374" />
  <node id="12386616036" lat="48.7465005" lon="11.4416838" />
  <node id="12386616037" lat="48.7462189" lon="11.4423972" />
  <node id="12386616038" lat="48.7462629" lon="11.4423731" />
  <node id="12386616039" lat="48.7462124" lon="11.4423718" />
  <node id="12386616040" lat="48.7471502" lon="11.4425691" />
  <node id="12386616041" lat="48.7468665" lon="11.4414629" />
  <node id="12386616042" lat="48.7469650" lon="11.4418470" />
  <node id="12386616043" lat="48.7465631" lon="11.4420885" />
  <node id="12386616044" lat="48.7469403" lon="11.4417507" />
  <node id="12386616048" lat="48.7463464" lon="11.4427626" />
  <node id="12386616049" lat="48.7464132" lon="11.4428044" />
  <node id="12386616050" lat="48.7464486" lon="11.4425414" />
  <node id="12386616051" lat="48.7464580" lon="11.4425802" />
  <node id="12386616052" lat="48.7464647" lon="11.4426893" />
  <node id="12386616053" lat="48.7464486" lon="11.4428492" />
  <node id="12386616054" lat="48.7462108" lon="11.4418591" />
  <node id="12386616055" lat="48.7461485" lon="11.4419077" />
  <node id="12386616056" lat="48.7461378" lon="11.4420845" />
  <node id="12386616057" lat="48.7461272" lon="11.4419775" />
  <node id="12386616058" lat="48.7461291" lon="11.4420293" />
  <node id="12386616059" lat="48.7461728" lon="11.4418861" />
  <node id="12386616060" lat="48.7465937" lon="11.4416275" />
  <node id="12386616061" lat="48.7467210" lon="11.4418026" />
  <node id="12386616062" lat="48.7466940" lon="11.4417039" />
  <node id="12386616063" lat="48.7466625" lon="11.4416611" />
  <node id="12386616064" lat="48.7466276" lon="11.4416392" />
  <node id="12386616065" lat="48.7466160" lon="11.4416141" />
  <node id="12386616066" lat="48.7466881" lon="11.4416411" />
  <node id="12386616067" lat="48.7466986" lon="11.4415783" />
  <node id="12386616068" lat="48.7467163" lon="11.4415536" />
  <node id="12449886232" lat="48.7484062" lon="11.4339997" />
  <node id="12449886233" lat="48.7483950" lon="11.4340668" />
  <node id="12449886234" lat="48.7484335" lon="11.4343404" />
  <node id="12449886235" lat="48.7485601" lon="11.4349103" />
  <node id="12449886241" lat="48.7493905" lon="11.4336891" />
  <node id="12449886242" lat="48.7493768" lon="11.4339533" />
  <node id="12449886254" lat="48.7487932" lon="11.4344708" />
  <node id="12449886255" lat="48.7484912" lon="11.4346002" />
  <node id="12454251806" lat="48.7415899" lon="11.4357537" />
  <node id="12454251807" lat="48.7417473" lon="11.4365892" />
  <node id="12454251808" lat="48.7416987" lon="11.4363310" />
  <node id="12454251809" lat="48.7418045" lon="11.4361670" />
  <node id="12454251810" lat="48.7417952" lon="11.4361178" />
  <node id="12454251811" lat="48.7416387" lon="11.4360128" />
  <node id="12454251819" lat="48.7417418" lon="11.4365601" />
  <node id="12454251820" lat="48.7422705" lon="11.4363960" />
  <node id="12454251821" lat="48.7417180" lon="11.4360418" />
  <node id="12815137476" lat="48.7495324" lon="11.4349669" />
  <node id="12815137477" lat="48.7507486" lon="11.4325847" />
  <node id="12815137478" lat="48.7507749" lon="11.4325776" />
  <node id="12815137479" lat="48.7507222" lon="11.4325653" />
  <node id="12815137480" lat="48.7506255" lon="11.4326506" />
  <node id="12815137481" lat="48.7505398" lon="11.4326919" />
  <node id="12815137482" lat="48.7505128" lon="11.4326969" />
  <node id="12815137483" lat="48.7506935" lon="11.4326140" />
  <node id="12815137484" lat="48.7506007" lon="11.4326289" />
  <node id="12815137485" lat="48.7506293" lon="11.4325877" />
  <node id="12963846326" lat="48.7461812" lon="11.4432517" />
  <node id="12963846328" lat="48.7458834" lon="11.4433688" />
  <node id="12969170151" lat="48.7417430" lon="11.4337904" />
  <node id="12969170152" lat="48.7418612" lon="11.4342818" />
  <way id="4819338">
    <nd ref="30965800" />
    <nd ref="9581537638" />
    <nd ref="9581537636" />
    <nd ref="2129028092" />
    <nd ref="1723605630" />
    <tag k="cycleway:both" v="no" />
    <tag k="highway" v="tertiary" />
    <tag k="lanes" v="2" />
    <tag k="lit" v="yes" />
    <tag k="maxspeed" v="50" />
    <tag k="maxspeed:type" v="DE:urban" />
    <tag k="name" v="Windbergerstraße" />
    <tag k="sidewalk" v="both" />
    <tag k="source" v="HiRes aerial imagery" />
    <tag k="surface" v="asphalt" />
  </way>
  <way id="10597454">
    <nd ref="975729494" />
    <nd ref="8057482061" />
    <nd ref="472442946" />
    <nd ref="472442969" />
    <tag k="highway" v="residential" />
    <tag k="lanes" v="3" />
    <tag k="maxspeed" v="50" />
    <tag k="name" v="Bahnhofstraße" />
    <tag k="psv" v="yes" />
    <tag k="sidewalk:both" v="separate" />
    <tag k="source" v="HiRes aerial imagery" />
    <tag k="surface" v="asphalt" />
  </way>
  <way id="10597455">
    <nd ref="975729483" />
    <nd ref="699711117" />
    <nd ref="12075550161" />
    <nd ref="12075550162" />
    <nd ref="5648871456" />
    <nd ref="1496557396" />
    <nd ref="5648871455" />
    <nd ref="5648871454" />
    <nd ref="699711095" />
    <tag k="highway" v="residential" />
    <tag k="lit" v="yes" />
    <tag k="maxspeed" v="20" />
    <tag k="name" v="Bahnhofstraße" />
    <tag k="oneway" v="no" />
    <tag k="psv" v="yes" />
    <tag k="psv:backward" v="yes" />
    <tag k="sidewalk:both" v="separate" />
    <tag k="smoothness" v="excellent" />
    <tag k="source" v="HiRes aerial imagery" />
    <tag k="surface" v="asphalt" />
  </way>
  <way id="10597456">
    <nd ref="92629228" />
    <nd ref="5648871457" />
    <nd ref="699711043" />
    <tag k="highway" v="residential" />
    <tag k="lanes" v="2" />
    <tag k="lit" v="yes" />
    <tag k="maxspeed" v="20" />
    <tag k="name" v="Bahnhofstraße" />
    <tag k="psv" v="yes" />
    <tag k="sidewalk" v="right" />
    <tag k="sidewalk:right:surface" v="paving_stones" />
    <tag k="smoothness" v="excellent" />
    <tag k="source" v="HiRes aerial imagery" />
    <tag k="surface" v="asphalt" />
  </way>
  <way id="20266198">
    <nd ref="938227825" />
    <nd ref="9074461510" />
    <nd ref="225403173" />
    <tag k="check_date" v="2021-01-02" />
    <tag k="highway" v="residential" />
    <tag k="lane_markings" v="no" />
    <tag k="lit" v="yes" />
    <tag k="maxspeed" v="30" />
    <tag k="maxspeed:type" v="DE:zone30" />
    <tag k="name" v="Pettenkoferstraße" />
    <tag k="surface" v="asphalt" />
    <tag k="zone:maxspeed" v="DE:30" />
  </way>
  <way id="20405618">
    <nd ref="221054292" />
    <nd ref="221054238" />
    <nd ref="217536178" />
    <tag k="highway" v="residential" />
    <tag k="maxspeed" v="30" />
    <tag k="name" v="Gensöderstraße" />
    <tag k="surface" v="asphalt" />
  </way>
  <way id="20588624">
    <nd ref="225396193" />
    <nd ref="9074461514" />
    <nd ref="1835799579" />
    <nd ref="221054183" />
    <nd ref="1835799577" />
    <nd ref="221054231" />
    <nd ref="9074461507" />
    <nd ref="221054195" />
    <tag k="highway" v="residential" />
    <tag k="maxspeed" v="30" />
    <tag k="name" v="Leinbergerstraße" />
    <tag k="surface" v="asphalt" />
  </way>
  <way id="20588627">
    <nd ref="221054208" />
    <nd ref="1835799571" />
    <nd ref="221054222" />
    <nd ref="221054231" />
    <tag k="highway" v="residential" />
    <tag k="maxspeed" v="30" />
    <tag k="name" v="Krumperstraße" />
  </way>
  <way id="20588629">
    <nd ref="215614144" />
    <nd ref="221054208" />
    <nd ref="2108878265" />
    <nd ref="9074461508" />
    <nd ref="1544146548" />
    <tag k="highway" v="residential" />
    <tag k="maxspeed" v="30" />
    <tag k="name" v="Fraunhoferstraße" />
    <tag k="sidewalk" v="both" />
    <tag k="surface" v="asphalt" />
  </way>
  <way id="20588630">
    <nd ref="221054238" />
    <nd ref="221054252" />
    <nd ref="221054264" />
    <nd ref="221054272" />
    <nd ref="2108878263" />
    <nd ref="9074461509" />
    <nd ref="221054282" />
    <tag k="highway" v="residential" />
    <tag k="maxspeed" v="30" />
    <tag k="name" v="Maisthuberstraße" />
    <tag k="surface" v="asphalt" />
  </way>
  <way id="20588635">
    <nd ref="221054308" />
    <nd ref="865007985" />
    <nd ref="221054292" />
    <nd ref="221054332" />
    <nd ref="9074461511" />
    <nd ref="221054317" />
    <tag k="highway" v="residential" />
    <tag k="maxspeed" v="30" />
    <tag k="name" v="Merianstraße" />
    <tag k="sidewalk" v="both" />
    <tag k="surface" v="asphalt" />
  </way>
  <way id="20588639">
    <nd ref="221054332" />
    <nd ref="2108878217" />
    <nd ref="221054346" />
    <nd ref="2108878216" />
    <nd ref="865008061" />
    <nd ref="221054359" />
    <nd ref="1174664175" />
    <nd ref="2108878215" />
    <nd ref="221054368" />
    <nd ref="865008030" />
    <nd ref="865008046" />
    <nd ref="221054379" />
    <nd ref="865008006" />
    <nd ref="865008027" />
    <nd ref="221054308" />
    <tag k="highway" v="residential" />
    <tag k="maxspeed" v="30" />
    <tag k="name" v="Geigerstraße" />
    <tag k="sidewalk" v="both" />
    <tag k="surface" v="asphalt" />
  </way>
  <way id="20588641">
    <nd ref="221054392" />
    <nd ref="221054406" />
    <nd ref="7226763680" />
    <nd ref="7628677248" />
    <nd ref="1835817644" />
    <nd ref="221054415" />
    <nd ref="7402339366" />
    <nd ref="7226763676" />
    <nd ref="7402339373" />
    <nd ref="1835799599" />
    <nd ref="2183111795" />
    <nd ref="221054429" />
    <nd ref="221054437" />
    <nd ref="10809167610" />
    <nd ref="1835799600" />
    <nd ref="221054445" />
    <nd ref="1835810438" />
    <nd ref="221054457" />
    <nd ref="7262587531" />
    <nd ref="2183111794" />
    <nd ref="8727517183" />
    <tag k="cycleway:both" v="no" />
    <tag k="highway" v="residential" />
    <tag k="lit" v="yes" />
    <tag k="maxspeed" v="30" />
    <tag k="maxspeed:type" v="sign" />
    <tag k="name" v="Schwäblstraße" />
    <tag k="sidewalk" v="both" />
    <tag k="source" v="HiRes aerial imagery" />
    <tag k="surface" v="asphalt" />
  </way>
  <way id="20975939">
    <nd ref="225396200" />
    <nd ref="9074461473" />
    <nd ref="225396203" />
    <nd ref="9074461513" />
    <nd ref="225396195" />
    <tag k="highway" v="residential" />
    <tag k="lit" v="yes" />
    <tag k="maxspeed" v="30" />
    <tag k="name" v="Hölzlstraße" />
    <tag k="sidewalk" v="both" />
    <tag k="surface" v="asphalt" />
  </way>
  <way id="20975942">
    <nd ref="30965812" />
    <nd ref="9074483650" />
    <nd ref="1197458707" />
    <nd ref="225396239" />
    <nd ref="1835774969" />
    <nd ref="250712796" />
    <nd ref="250712711" />
    <nd ref="7288097812" />
    <nd ref="1197458674" />
    <nd ref="1197458880" />
    <nd ref="225396242" />
    <tag k="highway" v="residential" />
    <tag k="lanes" v="2" />
    <tag k="lanes:backward" v="1" />
    <tag k="lanes:forward" v="1" />
    <tag k="lit" v="yes" />
    <tag k="maxspeed" v="30" />
    <tag k="maxspeed:type" v="DE:zone30" />
    <tag k="name" v="Bodenehrstraße" />
    <tag k="psv" v="no" />
    <tag k="sidewalk" v="both" />
    <tag k="smoothness" v="good" />
    <tag k="surface" v="asphalt" />
  </way>
  <way id="20975943">
    <nd ref="225396245" />
    <nd ref="1835774915" />
    <nd ref="7628091489" />
    <nd ref="7345471858" />
    <nd ref="7446791914" />
    <nd ref="1200093745" />
    <nd ref="225396278" />
    <nd ref="225396249" />
    <nd ref="9074483651" />
    <nd ref="938227828" />
    <tag k="highway" v="residential" />
    <tag k="lanes" v="2" />
    <tag k="lanes:backward" v="1" />
    <tag k="lanes:forward" v="1" />
    <tag k="lit" v="yes" />
    <tag k="maxspeed" v="30" />
    <tag k="maxspeed:type" v="DE:zone30" />
    <tag k="name" v="Sambergerstraße" />
    <tag k="psv" v="no" />
    <tag k="sidewalk" v="both" />
    <tag k="smoothness" v="excellent" />
    <tag k="source:maxspeed" v="DE:zone30" />
    <tag k="surface" v="asphalt" />
  </way>
  <way id="20975946">
    <nd ref="225396195" />
    <nd ref="2889786623" />
    <nd ref="2889786616" />
    <tag k="highway" v="residential" />
    <tag k="lit" v="yes" />
    <tag k="maxspeed" v="30" />
    <tag k="name" v="Hölzlstraße" />
    <tag k="oneway" v="no" />
    <tag k="psv" v="no" />
    <tag k="sidewalk" v="left" />
    <tag k="surface" v="asphalt" />
  </way>
  <way id="20975948">
    <nd ref="225396270" />
    <nd ref="225396274" />
    <nd ref="225396258" />
    <nd ref="7628080580" />
    <nd ref="225396245" />
    <nd ref="8235030859" />
    <nd ref="1795399365" />
    <nd ref="8235030860" />
    <nd ref="1795399364" />
    <nd ref="8235030861" />
    <nd ref="1795399360" />
    <nd ref="8235030854" />
    <nd ref="250712533" />
    <tag k="highway" v="residential" />
    <tag k="lanes" v="2" />
    <tag k="lanes:backward" v="1" />
    <tag k="lanes:forward" v="1" />
    <tag k="maxspeed" v="30" />
    <tag k="maxspeed:type" v="DE:zone30" />
    <tag k="name" v="Ringseestraße" />
    <tag k="psv" v="no" />
    <tag k="sidewalk" v="left" />
    <tag k="source:maxspeed" v="DE:zone30" />
    <tag k="surface" v="asphalt" />
  </way>
  <way id="20975950">
    <nd ref="250713079" />
    <nd ref="225396262" />
    <nd ref="1197458643" />
    <nd ref="1197458941" />
    <nd ref="1197458999" />
    <nd ref="225396242" />
    <tag k="highway" v="residential" />
    <tag k="lanes" v="2" />
    <tag k="lanes:backward" v="1" />
    <tag k="lanes:forward" v="1" />
    <tag k="maxspeed" v="30" />
    <tag k="name" v="Hollarstraße" />
    <tag k="psv" v="no" />
    <tag k="surface" v="asphalt" />
  </way>
  <way id="20975952">
    <nd ref="250712711" />
    <nd ref="225396278" />
    <nd ref="8531892956" />
    <nd ref="250712532" />
    <tag k="highway" v="residential" />
    <tag k="lanes" v="2" />
    <tag k="lanes:backward" v="1" />
    <tag k="lanes:forward" v="1" />
    <tag k="lit" v="yes" />
    <tag k="maxspeed" v="30" />
    <tag k="maxspeed:type" v="DE:zone30" />
    <tag k="name" v="Sandtnerstraße" />
    <tag k="psv" v="no" />
    <tag k="sidewalk" v="both" />
    <tag k="smoothness" v="excellent" />
    <tag k="surface" v="asphalt" />
  </way>
  <way id="20975954">
    <nd ref="250712796" />
    <nd ref="1835774960" />
    <nd ref="5626244907" />
    <nd ref="8696687792" />
    <nd ref="250712798" />
    <nd ref="5626244908" />
    <nd ref="1835774921" />
    <nd ref="5626244909" />
    <nd ref="225396249" />
    <nd ref="225396281" />
    <tag k="highway" v="residential" />
    <tag k="lanes" v="2" />
    <tag k="lanes:backward" v="1" />
    <tag k="lanes:forward" v="1" />
    <tag k="lit" v="yes" />
    <tag k="maxspeed" v="30" />
    <tag k="maxspeed:type" v="DE:zone30" />
    <tag k="name" v="Sandrartstraße" />
    <tag k="psv" v="no" />
    <tag k="sidewalk" v="both" />
    <tag k="surface" v="asphalt" />
  </way>
  <way id="21224499">
    <nd ref="9290804227" />
    <nd ref="308905062" />
    <nd ref="2108878145" />
    <nd ref="5648871475" />
    <tag k="cycleway:both" v="no" />
    <tag k="highway" v="unclassified" />
    <tag k="lanes" v="2" />
    <tag k="maxspeed:type" v="DE:urban" />
    <tag k="name" v="Martin-Hemm-Straße" />
    <tag k="psv" v="yes" />
    <tag k="surface" v="asphalt" />
  </way>
  <way id="22603935">
    <nd ref="242533217" />
    <nd ref="6715116524" />
    <nd ref="6715116525" />
    <nd ref="242533219" />
    <tag k="highway" v="residential" />
    <tag k="lit" v="yes" />
    <tag k="maxspeed" v="30" />
    <tag k="name" v="Spielfeldstraße" />
    <tag k="surface" v="asphalt" />
  </way>
  <way id="23184136">
    <nd ref="250711656" />
    <nd ref="503416678" />
    <nd ref="1852633370" />
    <nd ref="250711657" />
    <nd ref="336359422" />
    <nd ref="3306685215" />
    <nd ref="336359419" />
    <tag k="highway" v="residential" />
    <tag k="lanes" v="2" />
    <tag k="lanes:backward" v="1" />
    <tag k="lanes:forward" v="1" />
    <tag k="maxspeed" v="30" />
    <tag k="name" v="Spitalhofstraße" />
    <tag k="psv" v="yes" />
    <tag k="source" v="HiRes aerial imagery" />
  </way>
  <way id="23184252">
    <nd ref="8259716083" />
    <nd ref="9074461446" />
    <tag k="bicycle" v="designated" />
    <tag k="cycleway" v="track" />
    <tag k="foot" v="designated" />
    <tag k="highway" v="residential" />
    <tag k="lanes" v="2" />
    <tag k="maxspeed" v="50" />
    <tag k="name" v="Feselenstraße" />
    <tag k="psv" v="yes" />
    <tag k="smoothness" v="good" />
    <tag k="surface" v="asphalt" />
  </way>
  <way id="23184274">
    <nd ref="30965800" />
    <nd ref="9581537637" />
    <nd ref="2337351301" />
    <nd ref="9581537633" />
    <nd ref="310452688" />
    <nd ref="9581537632" />
    <nd ref="2129028129" />
    <nd ref="1834196076" />
    <nd ref="7717519506" />
    <nd ref="9581537631" />
    <nd ref="250714160" />
    <nd ref="9581537630" />
    <nd ref="9581537629" />
    <nd ref="250714159" />
    <nd ref="7539963723" />
    <nd ref="11374957106" />
    <nd ref="1834163082" />
    <nd ref="9581537628" />
    <nd ref="2115743383" />
    <nd ref="255875429" />
    <nd ref="7539963726" />
    <nd ref="2129028149" />
    <nd ref="9581534396" />
    <nd ref="441334237" />
    <nd ref="9602656801" />
    <nd ref="7707167834" />
    <tag k="cycleway:both" v="no" />
    <tag k="highway" v="unclassified" />
    <tag k="lane_markings" v="no" />
    <tag k="lanes" v="2" />
    <tag k="lanes:backward" v="1" />
    <tag k="lanes:forward" v="1" />
    <tag k="lit" v="yes" />
    <tag k="maxspeed" v="50" />
    <tag k="maxspeed:type" v="DE:urban" />
    <tag k="name" v="Apianstraße" />
    <tag k="sidewalk" v="both" />
    <tag k="source" v="HiRes aerial imagery" />
    <tag k="surface" v="asphalt" />
  </way>
  <way id="23184317">
    <nd ref="225396270" />
    <nd ref="324656767" />
    <tag k="cycleway:both" v="no" />
    <tag k="highway" v="residential" />
    <tag k="lane_markings" v="no" />
    <tag k="lanes" v="2" />
    <tag k="lanes:backward" v="1" />
    <tag k="lanes:forward" v="1" />
    <tag k="lit" v="yes" />
    <tag k="maxspeed" v="30" />
    <tag k="maxspeed:type" v="DE:zone30" />
    <tag k="name" v="Weningstraße" />
    <tag k="psv" v="no" />
    <tag k="sidewalk" v="right" />
    <tag k="source" v="HiRes aerial imagery" />
    <tag k="source:maxspeed" v="DE:zone30" />
    <tag k="surface" v="asphalt" />
  </way>
  <way id="23291835">
    <nd ref="273982474" />
    <nd ref="7680760809" />
    <nd ref="456875855" />
    <nd ref="273982476" />
    <tag k="highway" v="residential" />
    <tag k="name" v="Plankstraße" />
    <tag k="source" v="HiRes aerial imagery" />
  </way>
  <way id="23291881">
    <nd ref="8268444448" />
    <nd ref="10967376517" />
    <nd ref="288771408" />
    <nd ref="2119037644" />
    <nd ref="2119037639" />
    <tag k="access" v="destination" />
    <tag k="bicycle" v="yes" />
    <tag k="bicycle_road" v="yes" />
    <tag k="cycleway:left" v="track" />
    <tag k="highway" v="residential" />
    <tag k="lit" v="yes" />
    <tag k="maxspeed" v="30" />
    <tag k="motor_vehicle" v="yes" />
    <tag k="name" v="Gustav-Adolf-Straße" />
    <tag k="psv" v="yes" />
    <tag k="source" v="HiRes aerial imagery" />
    <tag k="source:maxspeed" v="DE:bicycle_road" />
    <tag k="surface" v="asphalt" />
    <tag k="traffic_sign" v="DE:244.1" />
  </way>
  <way id="23291925">
    <nd ref="530808365" />
    <nd ref="2172162715" />
    <nd ref="2129977046" />
    <nd ref="2172162711" />
    <nd ref="703348365" />
    <nd ref="1515873718" />
    <nd ref="2337351249" />
    <nd ref="252122973" />
    <tag k="bicycle" v="designated" />
    <tag k="foot" v="designated" />
    <tag k="highway" v="path" />
    <tag k="lit" v="yes" />
    <tag k="name" v="Prinz-Heinrich-Straße" />
    <tag k="segregated" v="no" />
    <tag k="surface" v="paving_stones" />
  </way>
  <way id="24061189">
    <nd ref="530808363" />
    <nd ref="2129977206" />
    <nd ref="2172162752" />
    <nd ref="703348359" />
    <nd ref="2337351253" />
    <nd ref="21532607" />
    <tag k="highway" v="residential" />
    <tag k="lane_markings" v="no" />
    <tag k="lit" v="yes" />
    <tag k="name" v="Prinz-Leopold-Straße" />
    <tag k="oneway" v="yes" />
    <tag k="surface" v="asphalt" />
  </way>
  <way id="24495188">
    <nd ref="40095868" />
    <nd ref="1197035509" />
    <nd ref="772166897" />
    <tag k="bicycle" v="no" />
    <tag k="embankment" v="yes" />
    <tag k="highway" v="secondary" />
    <tag k="lanes" v="2" />
    <tag k="lit" v="yes" />
    <tag k="maxspeed" v="50" />
    <tag k="name" v="Glacisbrücke" />
    <tag k="ref" v="IN 17" />
    <tag k="source" v="HiRes aerial imagery" />
    <tag k="surface" v="asphalt" />
  </way>
  <way id="24499966">
    <nd ref="250714160" />
    <nd ref="1315532845" />
    <nd ref="288571282" />
    <nd ref="2129028078" />
    <nd ref="1834159738" />
    <nd ref="288571283" />
    <tag k="highway" v="residential" />
    <tag k="lanes" v="2" />
    <tag k="lanes:backward" v="1" />
    <tag k="lanes:forward" v="1" />
    <tag k="lit" v="yes" />
    <tag k="maxspeed" v="30" />
    <tag k="name" v="Auenstraße" />
    <tag k="psv" v="no" />
    <tag k="sidewalk" v="both" />
    <tag k="source" v="HiRes aerial imagery" />
    <tag k="surface" v="asphalt" />
  </way>
  <way id="24499968">
    <nd ref="266356776" />
    <nd ref="2129028051" />
    <nd ref="9602656799" />
    <nd ref="7707167831" />
    <nd ref="278817466" />
    <tag k="highway" v="residential" />
    <tag k="lanes" v="2" />
    <tag k="lanes:backward" v="1" />
    <tag k="lanes:forward" v="1" />
    <tag k="maxspeed" v="30" />
    <tag k="name" v="Ickstattstraße" />
    <tag k="psv" v="no" />
    <tag k="source" v="HiRes aerial imagery" />
  </way>
  <way id="24733323">
    <nd ref="266358437" />
    <nd ref="10765379007" />
    <nd ref="1852633424" />
    <nd ref="266358439" />
    <nd ref="9257478598" />
    <nd ref="11488534964" />
    <nd ref="2092451510" />
    <nd ref="288568842" />
    <nd ref="266358440" />
    <nd ref="288568843" />
    <nd ref="7995751759" />
    <nd ref="9808300719" />
    <nd ref="7707167887" />
    <nd ref="89170505" />
    <tag k="bicycle" v="yes" />
    <tag k="bicycle_road" v="yes" />
    <tag k="foot" v="no" />
    <tag k="highway" v="residential" />
    <tag k="lanes" v="2" />
    <tag k="lanes:backward" v="1" />
    <tag k="lanes:forward" v="1" />
    <tag k="lit" v="yes" />
    <tag k="maxspeed" v="30" />
    <tag k="motor_vehicle" v="destination" />
    <tag k="name" v="Gemmingerstraße" />
    <tag k="source" v="HiRes aerial imagery" />
    <tag k="source:maxspeed" v="DE:bicycle_road" />
    <tag k="surface" v="asphalt" />
    <tag k="traffic_sign" v="DE:244.1" />
  </way>
  <way id="24762407">
    <nd ref="269095274" />
    <nd ref="1636466467" />
    <nd ref="1636466470" />
    <nd ref="470506656" />
    <nd ref="360183144" />
    <nd ref="269095273" />
    <tag k="bicycle" v="designated" />
    <tag k="foot" v="designated" />
    <tag k="highway" v="path" />
    <tag k="oneway" v="no" />
    <tag k="segregated" v="no" />
    <tag k="source" v="HiRes aerial imagery" />
    <tag k="surface" v="asphalt" />
  </way>
  <way id="24762540">
    <nd ref="269095275" />
    <nd ref="1636466448" />
    <nd ref="2483879418" />
    <nd ref="294152976" />
    <nd ref="269095274" />
    <tag k="bicycle" v="designated" />
    <tag k="bridge" v="yes" />
    <tag k="foot" v="designated" />
    <tag k="highway" v="path" />
    <tag k="layer" v="1" />
    <tag k="lit" v="no" />
    <tag k="oneway" v="no" />
    <tag k="segregated" v="no" />
    <tag k="source" v="HiRes aerial imagery" />
    <tag k="surface" v="asphalt" />
  </way>
  <way id="25148697">
    <nd ref="274078460" />
    <nd ref="274078502" />
    <tag k="bicycle" v="yes" />
    <tag k="foot" v="yes" />
    <tag k="highway" v="footway" />
    <tag k="lit" v="yes" />
    <tag k="smoothness" v="good" />
    <tag k="source" v="HiRes aerial imagery" />
    <tag k="surface" v="asphalt" />
  </way>
  <way id="25149244">
    <nd ref="269095272" />
    <nd ref="360183141" />
    <tag k="bicycle" v="designated" />
    <tag k="foot" v="designated" />
    <tag k="highway" v="path" />
    <tag k="lit" v="yes" />
    <tag k="segregated" v="no" />
    <tag k="smoothness" v="good" />
    <tag k="source" v="HiRes aerial imagery" />
    <tag k="surface" v="asphalt" />
    <tag k="width" v="2" />
  </way>
  <way id="25375289">
    <nd ref="336359390" />
    <nd ref="273982481" />
    <nd ref="289865301" />
    <tag k="highway" v="residential" />
    <tag k="maxspeed" v="30" />
    <tag k="name" v="Am Pulverl" />
    <tag k="oneway" v="yes" />
    <tag k="source" v="HiRes aerial imagery" />
    <tag k="surface" v="asphalt" />
  </way>
  <way id="25699357">
    <nd ref="266355454" />
    <nd ref="2129977033" />
    <nd ref="1852651004" />
    <nd ref="7536367658" />
    <nd ref="2109101518" />
    <nd ref="2109101611" />
    <nd ref="456875867" />
    <nd ref="7680760814" />
    <nd ref="1852651011" />
    <tag k="highway" v="residential" />
    <tag k="maxspeed" v="30" />
    <tag k="name" v="Riezlerstraße" />
    <tag k="source" v="HiRes aerial imagery" />
    <tag k="surface" v="asphalt" />
  </way>
  <way id="26334127">
    <nd ref="266358437" />
    <nd ref="8980735560" />
    <nd ref="288514935" />
    <tag k="bicycle" v="yes" />
    <tag k="bicycle_road" v="yes" />
    <tag k="foot" v="no" />
    <tag k="highway" v="residential" />
    <tag k="lanes" v="2" />
    <tag k="lanes:backward" v="1" />
    <tag k="lanes:forward" v="1" />
    <tag k="lit" v="yes" />
    <tag k="maxspeed" v="30" />
    <tag k="motor_vehicle" v="destination" />
    <tag k="name" v="Rankestraße" />
    <tag k="source" v="HiRes aerial imagery" />
    <tag k="source:maxspeed" v="DE:bicycle_road" />
    <tag k="surface" v="asphalt" />
    <tag k="traffic_sign" v="DE:244.1" />
  </way>
  <way id="26334131">
    <nd ref="288583436" />
    <nd ref="7707167893" />
    <nd ref="288514878" />
    <nd ref="470039361" />
    <nd ref="9071542865" />
    <nd ref="8233822386" />
    <nd ref="288514996" />
    <tag k="bicycle" v="yes" />
    <tag k="highway" v="residential" />
    <tag k="lanes" v="1" />
    <tag k="lit" v="yes" />
    <tag k="maxspeed" v="30" />
    <tag k="maxspeed:type" v="DE:zone30" />
    <tag k="name" v="Rotmarstraße" />
    <tag k="oneway" v="yes" />
    <tag k="psv" v="no" />
    <tag k="source" v="HiRes aerial imagery" />
    <tag k="surface" v="asphalt" />
    <tag k="vehicle" v="destination" />
  </way>
  <way id="26334132">
    <nd ref="288514931" />
    <nd ref="9071542862" />
    <nd ref="288515000" />
    <nd ref="9071542863" />
    <nd ref="2120558662" />
    <nd ref="380760690" />
    <nd ref="8552321172" />
    <nd ref="8107864764" />
    <nd ref="8107864763" />
    <nd ref="8107864762" />
    <nd ref="8107864765" />
    <nd ref="9071542864" />
    <nd ref="7707167891" />
    <nd ref="89170460" />
    <tag k="highway" v="residential" />
    <tag k="lanes" v="2" />
    <tag k="lanes:backward" v="1" />
    <tag k="lanes:forward" v="1" />
    <tag k="lit" v="yes" />
    <tag k="maxspeed" v="30" />
    <tag k="maxspeed:type" v="DE:zone30" />
    <tag k="name" v="Reuchlinstraße" />
    <tag k="psv" v="no" />
    <tag k="sidewalk:both" v="separate" />
    <tag k="source" v="HiRes aerial imagery" />
    <tag k="surface" v="asphalt" />
  </way>
  <way id="26334133">
    <nd ref="288514938" />
    <nd ref="10965104907" />
    <nd ref="7995751761" />
    <nd ref="480162648" />
    <nd ref="288515047" />
    <nd ref="2139162038" />
    <nd ref="2149017280" />
    <nd ref="2092451486" />
    <nd ref="288515048" />
    <tag k="highway" v="residential" />
    <tag k="lanes" v="2" />
    <tag k="lanes:backward" v="1" />
    <tag k="lanes:forward" v="1" />
    <tag k="lit" v="yes" />
    <tag k="maxspeed" v="30" />
    <tag k="name" v="Maria-Ward-Straße" />
    <tag k="source" v="HiRes aerial imagery" />
    <tag k="surface" v="asphalt" />
  </way>
  <way id="26339174">
    <nd ref="288568843" />
    <nd ref="6747094044" />
    <nd ref="7636305982" />
    <tag k="bicycle" v="yes" />
    <tag k="bicycle_road" v="yes" />
    <tag k="foot" v="no" />
    <tag k="highway" v="residential" />
    <tag k="lanes" v="2" />
    <tag k="lanes:backward" v="1" />
    <tag k="lanes:forward" v="1" />
    <tag k="lit" v="yes" />
    <tag k="maxspeed" v="30" />
    <tag k="motor_vehicle" v="destination" />
    <tag k="name" v="Orbanstraße" />
    <tag k="source" v="HiRes aerial imagery" />
    <tag k="source:maxspeed" v="DE:bicycle_road" />
    <tag k="surface" v="asphalt" />
    <tag k="traffic_sign" v="DE:244.1" />
  </way>
  <way id="26339176">
    <nd ref="288568844" />
    <nd ref="7632258874" />
    <nd ref="288568845" />
    <tag k="access" v="no" />
    <tag k="bicycle" v="yes" />
    <tag k="foot" v="yes" />
    <tag k="highway" v="service" />
    <tag k="maxspeed" v="10" />
    <tag k="motor_vehicle" v="destination" />
    <tag k="name" v="Haunwöhrer Straße" />
    <tag k="name:etymology:wikidata" v="Q1589390" />
    <tag k="noexit" v="yes" />
    <tag k="oneway" v="no" />
    <tag k="segregated" v="yes" />
    <tag k="source" v="HiRes aerial imagery" />
    <tag k="surface" v="asphalt" />
  </way>
  <way id="26339462">
    <nd ref="89170471" />
    <nd ref="7707167833" />
    <nd ref="9602656800" />
    <nd ref="2129028132" />
    <nd ref="2129028100" />
    <nd ref="2129028096" />
    <nd ref="288571283" />
    <tag k="highway" v="residential" />
    <tag k="lanes" v="2" />
    <tag k="lanes:backward" v="1" />
    <tag k="lanes:forward" v="1" />
    <tag k="lit" v="yes" />
    <tag k="maxspeed" v="30" />
    <tag k="name" v="Eigenheimstraße" />
    <tag k="psv" v="yes" />
    <tag k="sidewalk" v="both" />
    <tag k="source" v="HiRes aerial imagery" />
    <tag k="surface" v="asphalt" />
  </way>
  <way id="26339463">
    <nd ref="289430325" />
    <nd ref="5298901714" />
    <nd ref="5298901715" />
    <nd ref="5298901716" />
    <nd ref="2131136495" />
    <nd ref="2131136525" />
    <nd ref="5298901717" />
    <nd ref="289430324" />
    <nd ref="289430323" />
    <nd ref="5298901718" />
    <nd ref="289430319" />
    <nd ref="2109054291" />
    <nd ref="289430309" />
    <nd ref="362777689" />
    <nd ref="2131136615" />
    <nd ref="2131136621" />
    <nd ref="288571286" />
    <nd ref="288571284" />
    <tag k="highway" v="residential" />
    <tag k="lanes" v="2" />
    <tag k="lanes:backward" v="1" />
    <tag k="lanes:forward" v="1" />
    <tag k="lit" v="yes" />
    <tag k="maxspeed" v="30" />
    <tag k="name" v="Scheinerstraße" />
    <tag k="psv" v="no" />
    <tag k="source" v="HiRes aerial imagery" />
  </way>
  <way id="26339464">
    <nd ref="288571284" />
    <nd ref="1721646762" />
    <nd ref="288571287" />
    <nd ref="1721646821" />
    <nd ref="288571288" />
    <tag k="highway" v="residential" />
    <tag k="lit" v="yes" />
    <tag k="maxspeed" v="30" />
    <tag k="name" v="Scheinerstraße" />
    <tag k="psv" v="no" />
    <tag k="source" v="HiRes aerial imagery" />
    <tag k="surface" v="asphalt" />
  </way>
  <way id="26339465">
    <nd ref="288571290" />
    <nd ref="288571285" />
    <tag k="highway" v="residential" />
    <tag k="lit" v="yes" />
    <tag k="maxspeed" v="30" />
    <tag k="name" v="Locherstraße" />
    <tag k="psv" v="no" />
    <tag k="sidewalk" v="both" />
    <tag k="source" v="HiRes aerial imagery" />
    <tag k="surface" v="asphalt" />
  </way>
  <way id="26339466">
    <nd ref="288571285" />
    <nd ref="12138601207" />
    <nd ref="288571291" />
    <tag k="bicycle" v="yes" />
    <tag k="highway" v="living_street" />
    <tag k="lit" v="yes" />
    <tag k="maxspeed" v="7" />
    <tag k="name" v="Am Lohgraben" />
    <tag k="smoothness" v="good" />
    <tag k="source" v="HiRes aerial imagery" />
    <tag k="surface" v="asphalt" />
  </way>
  <way id="26339467">
    <nd ref="288571291" />
    <nd ref="288571294" />
    <nd ref="1834159717" />
    <nd ref="288571295" />
    <nd ref="1834159721" />
    <nd ref="288571296" />
    <nd ref="288571299" />
    <nd ref="1834159725" />
    <nd ref="288571301" />
    <nd ref="288571287" />
    <tag k="bicycle" v="yes" />
    <tag k="highway" v="footway" />
    <tag k="lit" v="no" />
    <tag k="name" v="Am Lohgraben" />
    <tag k="source" v="HiRes aerial imagery" />
    <tag k="surface" v="asphalt" />
  </way>
  <way id="26339468">
    <nd ref="288571285" />
    <nd ref="2131136508" />
    <nd ref="288571308" />
    <nd ref="288571309" />
    <tag k="highway" v="residential" />
    <tag k="lit" v="yes" />
    <tag k="maxspeed" v="30" />
    <tag k="name" v="Am Lohgraben" />
    <tag k="psv" v="no" />
    <tag k="sidewalk" v="both" />
    <tag k="source" v="HiRes aerial imagery" />
    <tag k="surface" v="asphalt" />
  </way>
  <way id="26339470">
    <nd ref="288571313" />
    <nd ref="288571315" />
    <tag k="highway" v="track" />
    <tag k="name" v="Am Lohgraben" />
    <tag k="noexit" v="yes" />
    <tag k="surface" v="asphalt" />
  </way>
  <way id="26339471">
    <nd ref="288571308" />
    <nd ref="288571503" />
    <nd ref="12138601125" />
    <nd ref="2131136501" />
    <nd ref="2131136507" />
    <nd ref="12138513272" />
    <nd ref="288571316" />
    <nd ref="12138601293" />
    <nd ref="12138601169" />
    <nd ref="12138601289" />
    <nd ref="288571317" />
    <nd ref="12138601290" />
    <nd ref="288571319" />
    <nd ref="2131136551" />
    <nd ref="2276828223" />
    <nd ref="288571320" />
    <tag k="highway" v="residential" />
    <tag k="lit" v="yes" />
    <tag k="maxspeed" v="30" />
    <tag k="name" v="Ostermairstraße" />
    <tag k="psv" v="no" />
    <tag k="sidewalk" v="both" />
    <tag k="source" v="HiRes aerial imagery" />
    <tag k="surface" v="asphalt" />
  </way>
  <way id="26339472">
    <nd ref="288571321" />
    <nd ref="12138601294" />
    <nd ref="12138601291" />
    <nd ref="1834159706" />
    <nd ref="288571317" />
    <nd ref="1834159707" />
    <nd ref="12138601292" />
    <nd ref="2131136555" />
    <nd ref="288571322" />
    <nd ref="12138513299" />
    <nd ref="1852734048" />
    <nd ref="2131136609" />
    <nd ref="2131136664" />
    <nd ref="288571328" />
    <nd ref="12138601168" />
    <nd ref="288571367" />
    <nd ref="7651487736" />
    <nd ref="12138601167" />
    <nd ref="288571370" />
    <nd ref="12138601166" />
    <nd ref="12138601165" />
    <nd ref="2276828227" />
    <nd ref="12815137483" />
    <nd ref="288571396" />
    <tag k="highway" v="residential" />
    <tag k="lit" v="yes" />
    <tag k="maxspeed" v="30" />
    <tag k="name" v="Mercystraße" />
    <tag k="psv" v="no" />
    <tag k="sidewalk" v="both" />
    <tag k="source" v="HiRes aerial imagery" />
    <tag k="surface" v="asphalt" />
  </way>
  <way id="26339473">
    <nd ref="288571503" />
    <nd ref="1834159705" />
    <nd ref="1834159702" />
    <nd ref="288571310" />
    <nd ref="1852696906" />
    <nd ref="288571312" />
    <nd ref="1852696899" />
    <nd ref="1852696896" />
    <nd ref="1852696892" />
    <nd ref="288571313" />
    <tag k="highway" v="residential" />
    <tag k="maxspeed" v="30" />
    <tag k="name" v="Am Lohgraben" />
    <tag k="psv" v="no" />
    <tag k="source" v="HiRes aerial imagery" />
  </way>
  <way id="26339476">
    <nd ref="288571401" />
    <nd ref="2276828220" />
    <nd ref="288571402" />
    <tag k="highway" v="residential" />
    <tag k="lanes" v="1" />
    <tag k="lit" v="yes" />
    <tag k="maxspeed" v="30" />
    <tag k="name" v="Lindberghstraße" />
    <tag k="oneway" v="yes" />
    <tag k="psv" v="yes" />
    <tag k="source" v="HiRes aerial imagery" />
  </way>
  <way id="26339478">
    <nd ref="288571403" />
    <nd ref="288571425" />
    <nd ref="1852696891" />
    <nd ref="288571426" />
    <nd ref="288571313" />
    <nd ref="8765012613" />
    <nd ref="288573133" />
    <nd ref="288571440" />
    <nd ref="10044847793" />
    <nd ref="2276828213" />
    <nd ref="288571441" />
    <tag k="cycleway:both" v="no" />
    <tag k="highway" v="residential" />
    <tag k="maxspeed" v="30" />
    <tag k="name" v="Medererstraße" />
    <tag k="psv" v="no" />
    <tag k="source" v="HiRes aerial imagery" />
  </way>
  <way id="26339479">
    <nd ref="288571442" />
    <nd ref="288571443" />
    <tag k="highway" v="residential" />
    <tag k="maxspeed" v="30" />
    <tag k="name" v="Etrichstraße" />
    <tag k="psv" v="no" />
    <tag k="source" v="HiRes aerial imagery" />
  </way>
  <way id="26339480">
    <nd ref="289430393" />
    <nd ref="289430380" />
    <nd ref="5298901712" />
    <nd ref="5298901711" />
    <nd ref="289430364" />
    <nd ref="5298901692" />
    <nd ref="289430356" />
    <nd ref="5298901691" />
    <nd ref="289430346" />
    <nd ref="1852696880" />
    <nd ref="5298901690" />
    <nd ref="289430337" />
    <nd ref="288571492" />
    <tag k="highway" v="residential" />
    <tag k="lit" v="yes" />
    <tag k="maxspeed" v="30" />
    <tag k="name" v="Max-Joseph-Straße" />
    <tag k="psv" v="no" />
    <tag k="source" v="HiRes aerial imagery" />
  </way>
  <way id="26339623">
    <nd ref="288571400" />
    <nd ref="2109053818" />
    <nd ref="2109053807" />
    <nd ref="2109053703" />
    <nd ref="8536380746" />
    <nd ref="8765012609" />
    <nd ref="8765012612" />
    <nd ref="288573133" />
    <nd ref="7629259419" />
    <nd ref="288573137" />
    <nd ref="2109053419" />
    <nd ref="1852696882" />
    <nd ref="7938708033" />
    <nd ref="288573134" />
    <tag k="highway" v="residential" />
    <tag k="maxspeed" v="30" />
    <tag k="name" v="Mercystraße" />
    <tag k="source" v="HiRes aerial imagery" />
    <tag k="surface" v="asphalt" />
  </way>
  <way id="26339624">
    <nd ref="21532562" />
    <nd ref="2276828211" />
    <nd ref="288573138" />
    <nd ref="7531293364" />
    <nd ref="288573137" />
    <tag k="highway" v="residential" />
    <tag k="maxspeed" v="30" />
    <tag k="name" v="Tillystraße" />
    <tag k="source" v="HiRes aerial imagery" />
    <tag k="surface" v="asphalt" />
  </way>
  <way id="26339625">
    <nd ref="288573138" />
    <nd ref="2109053495" />
    <nd ref="288571440" />
    <tag k="highway" v="residential" />
    <tag k="maxspeed" v="30" />
    <tag k="name" v="Tillystraße" />
    <tag k="source" v="HiRes aerial imagery" />
    <tag k="surface" v="asphalt" />
  </way>
  <way id="26339626">
    <nd ref="288571440" />
    <nd ref="2109053586" />
    <nd ref="288573140" />
    <tag k="highway" v="residential" />
    <tag k="maxspeed" v="30" />
    <tag k="name" v="Tillystraße" />
    <tag k="noexit" v="yes" />
    <tag k="source" v="HiRes aerial imagery" />
  </way>
  <way id="26339627">
    <nd ref="288573140" />
    <nd ref="2109053606" />
    <nd ref="703348354" />
    <nd ref="703348378" />
    <nd ref="703348388" />
    <nd ref="288573139" />
    <nd ref="703348366" />
    <nd ref="703348374" />
    <nd ref="703348358" />
    <nd ref="703348362" />
    <nd ref="703348398" />
    <nd ref="703348396" />
    <nd ref="703348372" />
    <nd ref="703348382" />
    <nd ref="703348378" />
    <tag k="highway" v="living_street" />
    <tag k="name" v="Tillystraße" />
    <tag k="noexit" v="yes" />
    <tag k="source" v="HiRes aerial imagery" />
  </way>
  <way id="26340542">
    <nd ref="11053607809" />
    <nd ref="250711655" />
    <tag k="bicycle" v="designated" />
    <tag k="foot" v="designated" />
    <tag k="highway" v="path" />
    <tag k="segregated" v="yes" />
  </way>
  <way id="26353065">
    <nd ref="1637088044" />
    <nd ref="5298901515" />
    <nd ref="9415678453" />
    <nd ref="1637088043" />
    <nd ref="1637088042" />
    <nd ref="1637088040" />
    <nd ref="7680760830" />
    <nd ref="1637088039" />
    <nd ref="1852633317" />
    <nd ref="1852633316" />
    <tag k="bicycle" v="designated" />
    <tag k="cycleway:surface" v="asphalt" />
    <tag k="foot" v="designated" />
    <tag k="highway" v="cycleway" />
    <tag k="lit" v="no" />
    <tag k="oneway" v="yes" />
    <tag k="segregated" v="yes" />
    <tag k="source" v="HiRes aerial imagery" />
    <tag k="surface" v="asphalt" />
  </way>
  <way id="26353337">
    <nd ref="336359415" />
    <nd ref="288736220" />
    <nd ref="288736221" />
    <tag k="highway" v="footway" />
    <tag k="source" v="HiRes aerial imagery" />
  </way>
  <way id="26356922">
    <nd ref="256335666" />
    <nd ref="7680760812" />
    <nd ref="7995751768" />
    <nd ref="2139272730" />
    <nd ref="7995751769" />
    <nd ref="6328386810" />
    <tag k="access" v="destination" />
    <tag k="bicycle" v="yes" />
    <tag k="bicycle_road" v="yes" />
    <tag k="highway" v="unclassified" />
    <tag k="lane_markings" v="no" />
    <tag k="maxspeed" v="30" />
    <tag k="motor_vehicle" v="yes" />
    <tag k="name" v="Gustav-Adolf-Straße" />
    <tag k="sidewalk" v="both" />
    <tag k="source" v="HiRes aerial imagery" />
    <tag k="source:maxspeed" v="DE:bicycle_road" />
    <tag k="surface" v="asphalt" />
    <tag k="traffic_sign" v="DE:244.1" />
  </way>
  <way id="26357336">
    <nd ref="288774427" />
    <nd ref="288774458" />
    <nd ref="288774460" />
    <nd ref="7658158448" />
    <nd ref="1602167864" />
    <nd ref="288774461" />
    <nd ref="8232707654" />
    <nd ref="8232707653" />
    <nd ref="1602167867" />
    <nd ref="1602167872" />
    <nd ref="1602167873" />
    <nd ref="1602167876" />
    <nd ref="288774465" />
    <tag k="highway" v="footway" />
    <tag k="source" v="HiRes aerial imagery" />
  </way>
  <way id="26357337">
    <nd ref="8262055150" />
    <nd ref="2149016890" />
    <nd ref="7658158454" />
    <nd ref="288774468" />
    <nd ref="2149016889" />
    <nd ref="288774455" />
    <nd ref="288774450" />
    <tag k="highway" v="footway" />
    <tag k="lit" v="yes" />
    <tag k="source" v="HiRes aerial imagery" />
    <tag k="surface" v="asphalt" />
  </way>
  <way id="26382776">
    <nd ref="288568925" />
    <nd ref="1602167845" />
    <nd ref="1637088120" />
    <nd ref="289032818" />
    <nd ref="1637088117" />
    <nd ref="289032827" />
    <nd ref="1637088104" />
    <tag k="highway" v="service" />
    <tag k="maxspeed" v="30" />
    <tag k="name" v="Spitalhofstraße" />
    <tag k="source" v="HiRes aerial imagery" />
  </way>
  <way id="26382777">
    <nd ref="289032834" />
    <nd ref="289032837" />
    <nd ref="7639833106" />
    <nd ref="1637088098" />
    <nd ref="289032831" />
    <nd ref="7658158439" />
    <nd ref="566265172" />
    <nd ref="566265167" />
    <nd ref="7658158413" />
    <nd ref="566265133" />
    <nd ref="7658158429" />
    <nd ref="7345368937" />
    <nd ref="7658158435" />
    <nd ref="8232707653" />
    <nd ref="7702676795" />
    <nd ref="7658158424" />
    <nd ref="5298901707" />
    <nd ref="10965104914" />
    <nd ref="2119037644" />
    <tag k="foot" v="yes" />
    <tag k="highway" v="footway" />
    <tag k="source" v="HiRes aerial imagery" />
  </way>
  <way id="26382778">
    <nd ref="289032818" />
    <nd ref="289032820" />
    <nd ref="289032821" />
    <nd ref="289032824" />
    <tag k="highway" v="footway" />
    <tag k="source" v="HiRes aerial imagery" />
  </way>
  <way id="26383063">
    <nd ref="289036719" />
    <nd ref="7938708044" />
    <nd ref="7639833110" />
    <nd ref="746753202" />
    <nd ref="7639833109" />
    <nd ref="289036720" />
    <tag k="covered" v="no" />
    <tag k="highway" v="service" />
    <tag k="source" v="HiRes aerial imagery" />
    <tag k="surface" v="asphalt" />
  </way>
  <way id="26416597">
    <nd ref="89170505" />
    <nd ref="7707167828" />
    <nd ref="9808300718" />
    <nd ref="7995751760" />
    <nd ref="2149017105" />
    <nd ref="5298901628" />
    <nd ref="7995751766" />
    <nd ref="10765379006" />
    <nd ref="289430276" />
    <tag k="bicycle" v="yes" />
    <tag k="foot" v="no" />
    <tag k="highway" v="residential" />
    <tag k="lanes" v="2" />
    <tag k="lanes:backward" v="1" />
    <tag k="lanes:forward" v="1" />
    <tag k="maxspeed" v="30" />
    <tag k="motor_vehicle" v="destination" />
    <tag k="name" v="Gemmingerstraße" />
    <tag k="source" v="HiRes aerial imagery" />
    <tag k="source:maxspeed" v="DE:bicycle_road" />
    <tag k="surface" v="asphalt" />
    <tag k="traffic_sign" v="DE:244.1" />
  </way>
  <way id="26416598">
    <nd ref="289430287" />
    <nd ref="9602656798" />
    <nd ref="7707167829" />
    <nd ref="89170495" />
    <tag k="highway" v="residential" />
    <tag k="lanes" v="2" />
    <tag k="lanes:backward" v="1" />
    <tag k="lanes:forward" v="1" />
    <tag k="maxspeed" v="30" />
    <tag k="name" v="Fuchsstraße" />
    <tag k="psv" v="no" />
    <tag k="source" v="HiRes aerial imagery" />
  </way>
  <way id="26416599">
    <nd ref="289430298" />
    <nd ref="7414108792" />
    <nd ref="9602656797" />
    <nd ref="7707167830" />
    <nd ref="89170491" />
    <tag k="highway" v="residential" />
    <tag k="lanes" v="2" />
    <tag k="lanes:backward" v="1" />
    <tag k="lanes:forward" v="1" />
    <tag k="maxspeed" v="30" />
    <tag k="name" v="Mendlstraße" />
    <tag k="psv" v="no" />
    <tag k="source" v="HiRes aerial imagery" />
  </way>
  <way id="26416600">
    <nd ref="289430327" />
    <nd ref="1852696909" />
    <nd ref="289430309" />
    <nd ref="289430328" />
    <nd ref="2122824329" />
    <nd ref="289430329" />
    <nd ref="289430331" />
    <nd ref="5298901629" />
    <nd ref="289430335" />
    <nd ref="289430298" />
    <tag k="highway" v="residential" />
    <tag k="lanes" v="2" />
    <tag k="lanes:backward" v="1" />
    <tag k="lanes:forward" v="1" />
    <tag k="lit" v="yes" />
    <tag k="maxspeed" v="30" />
    <tag k="name" v="Kyrmannstraße" />
    <tag k="psv" v="no" />
    <tag k="source" v="HiRes aerial imagery" />
    <tag k="surface" v="asphalt" />
  </way>
  <way id="26416601">
    <nd ref="288571492" />
    <nd ref="288571493" />
    <nd ref="1852696886" />
    <nd ref="288571494" />
    <nd ref="1852696888" />
    <nd ref="288571426" />
    <nd ref="288571496" />
    <nd ref="1852696895" />
    <nd ref="288571498" />
    <nd ref="1852696904" />
    <nd ref="288571443" />
    <tag k="highway" v="residential" />
    <tag k="maxspeed" v="30" />
    <tag k="name" v="Am Lohgraben" />
    <tag k="psv" v="no" />
    <tag k="source" v="HiRes aerial imagery" />
    <tag k="surface" v="asphalt" />
  </way>
  <way id="26416602">
    <nd ref="289430326" />
    <nd ref="289430407" />
    <nd ref="289430421" />
    <nd ref="2129977319" />
    <nd ref="289430430" />
    <nd ref="289430432" />
    <nd ref="2129977285" />
    <nd ref="289430356" />
    <tag k="highway" v="residential" />
    <tag k="lit" v="yes" />
    <tag k="maxspeed" v="30" />
    <tag k="name" v="Celtesstraße" />
    <tag k="psv" v="no" />
    <tag k="sidewalk" v="both" />
    <tag k="source" v="HiRes aerial imagery" />
    <tag k="surface" v="asphalt" />
  </way>
  <way id="26416603">
    <nd ref="289430407" />
    <nd ref="2109053695" />
    <nd ref="5298901630" />
    <nd ref="289430435" />
    <nd ref="5298901631" />
    <nd ref="289430437" />
    <nd ref="5298901632" />
    <nd ref="289430438" />
    <nd ref="1720283011" />
    <nd ref="1852696897" />
    <nd ref="1720282964" />
    <nd ref="289430440" />
    <nd ref="2129977316" />
    <nd ref="2129977310" />
    <nd ref="289430441" />
    <nd ref="7146731692" />
    <nd ref="7146731694" />
    <nd ref="1852696884" />
    <nd ref="2129977290" />
    <nd ref="289430442" />
    <nd ref="289430380" />
    <tag k="highway" v="residential" />
    <tag k="lit" v="yes" />
    <tag k="maxspeed" v="30" />
    <tag k="name" v="Plümelstraße" />
    <tag k="psv" v="no" />
    <tag k="source" v="HiRes aerial imagery" />
  </way>
  <way id="26416604">
    <nd ref="289430442" />
    <nd ref="289430443" />
    <nd ref="289430448" />
    <nd ref="289430450" />
    <nd ref="289430451" />
    <nd ref="289430452" />
    <nd ref="1852696885" />
    <nd ref="289430453" />
    <tag k="highway" v="residential" />
    <tag k="lit" v="yes" />
    <tag k="maxspeed" v="30" />
    <tag k="name" v="Seemillerstraße" />
    <tag k="psv" v="no" />
    <tag k="source" v="HiRes aerial imagery" />
  </way>
  <way id="26416605">
    <nd ref="289430440" />
    <nd ref="2131136402" />
    <nd ref="289430421" />
    <nd ref="288571442" />
    <tag k="highway" v="residential" />
    <tag k="lit" v="yes" />
    <tag k="maxspeed" v="30" />
    <tag k="name" v="Etrichstraße" />
    <tag k="psv" v="no" />
    <tag k="source" v="HiRes aerial imagery" />
  </way>
  <way id="26416606">
    <nd ref="289430441" />
    <nd ref="2131136362" />
    <nd ref="289430430" />
    <nd ref="2131136374" />
    <nd ref="288571403" />
    <tag k="highway" v="residential" />
    <tag k="lit" v="yes" />
    <tag k="maxspeed" v="30" />
    <tag k="name" v="Medererstraße" />
    <tag k="psv" v="no" />
    <tag k="source" v="HiRes aerial imagery" />
  </way>
  <way id="26416607">
    <nd ref="289430432" />
    <nd ref="289430454" />
    <tag k="highway" v="residential" />
    <tag k="lit" v="yes" />
    <tag k="maxspeed" v="30" />
    <tag k="name" v="Böschensteinstraße" />
    <tag k="psv" v="no" />
    <tag k="source" v="HiRes aerial imagery" />
    <tag k="surface" v="asphalt" />
  </way>
  <way id="26450391">
    <nd ref="289865301" />
    <nd ref="1515873716" />
    <nd ref="336359394" />
    <nd ref="336359403" />
    <tag k="highway" v="residential" />
    <tag k="maxspeed" v="30" />
    <tag k="name" v="Am Pulverl" />
    <tag k="source" v="HiRes aerial imagery" />
  </way>
  <way id="26591107">
    <nd ref="466244469" />
    <nd ref="10177801522" />
    <nd ref="2567030072" />
    <nd ref="2907284822" />
    <tag k="bicycle" v="yes" />
    <tag k="foot" v="yes" />
    <tag k="highway" v="footway" />
    <tag k="level" v="0" />
    <tag k="lit" v="yes" />
    <tag k="smoothness" v="excellent" />
    <tag k="surface" v="paving_stones" />
  </way>
  <way id="26729733">
    <nd ref="8107864798" />
    <nd ref="2363062339" />
    <nd ref="293184222" />
    <nd ref="1637705072" />
    <nd ref="293184225" />
    <nd ref="293184226" />
    <nd ref="293184227" />
    <nd ref="293184228" />
    <nd ref="293184230" />
    <nd ref="293184232" />
    <nd ref="1637705047" />
    <nd ref="4326573504" />
    <nd ref="1637705050" />
    <nd ref="293184383" />
    <nd ref="293184297" />
    <nd ref="4326573508" />
    <nd ref="293184301" />
    <nd ref="293184304" />
    <nd ref="376555077" />
    <nd ref="1637705117" />
    <nd ref="293184312" />
    <nd ref="293184314" />
    <nd ref="293184316" />
    <nd ref="1637705175" />
    <nd ref="293184318" />
    <nd ref="293184320" />
    <nd ref="1637705213" />
    <nd ref="293184323" />
    <nd ref="293184325" />
    <nd ref="2332377224" />
    <tag k="bicycle" v="yes" />
    <tag k="highway" v="footway" />
    <tag k="surface" v="gravel" />
  </way>
  <way id="26729736">
    <nd ref="293184383" />
    <nd ref="293184384" />
    <nd ref="293184386" />
    <nd ref="293184388" />
    <nd ref="293184390" />
    <nd ref="1637705087" />
    <nd ref="4326573509" />
    <nd ref="1637705092" />
    <nd ref="1637705105" />
    <nd ref="1637705118" />
    <nd ref="1637705120" />
    <tag k="highway" v="track" />
    <tag k="surface" v="dirt" />
    <tag k="tracktype" v="grade4" />
  </way>
  <way id="26729737">
    <nd ref="293184392" />
    <nd ref="293184401" />
    <nd ref="293184404" />
    <nd ref="4326573524" />
    <nd ref="293184408" />
    <nd ref="293184410" />
    <nd ref="1637705237" />
    <nd ref="293184412" />
    <nd ref="293184413" />
    <nd ref="293184415" />
    <nd ref="293184417" />
    <tag k="bicycle" v="designated" />
    <tag k="foot" v="designated" />
    <tag k="highway" v="path" />
    <tag k="segregated" v="no" />
    <tag k="surface" v="asphalt" />
  </way>
  <way id="26729738">
    <nd ref="293184417" />
    <nd ref="1197035345" />
    <nd ref="293184419" />
    <nd ref="1637705231" />
    <nd ref="293184421" />
    <nd ref="1197035464" />
    <tag k="bicycle" v="designated" />
    <tag k="foot" v="designated" />
    <tag k="highway" v="cycleway" />
    <tag k="segregated" v="no" />
    <tag k="surface" v="asphalt" />
  </way>
  <way id="26791910">
    <nd ref="293900619" />
    <nd ref="7721338342" />
    <nd ref="293900621" />
    <nd ref="293900622" />
    <tag k="highway" v="residential" />
    <tag k="maxspeed" v="30" />
    <tag k="name" v="Plüschowstraße" />
    <tag k="psv" v="no" />
    <tag k="source" v="HiRes aerial imagery" />
  </way>
  <way id="26791912">
    <nd ref="293900659" />
    <nd ref="5298901623" />
    <nd ref="5298901624" />
    <nd ref="8262055145" />
    <tag k="access" v="destination" />
    <tag k="highway" v="residential" />
    <tag k="maxspeed" v="30" />
    <tag k="name" v="Adlerstraße" />
    <tag k="noexit" v="yes" />
    <tag k="psv" v="no" />
    <tag k="source" v="HiRes aerial imagery" />
  </way>
  <way id="26814848">
    <nd ref="288571321" />
    <nd ref="288571400" />
    <nd ref="288571310" />
    <nd ref="1834196065" />
    <nd ref="288571309" />
    <nd ref="2109053907" />
    <nd ref="1852696907" />
    <nd ref="288571398" />
    <nd ref="1720283489" />
    <nd ref="288571399" />
    <tag k="highway" v="residential" />
    <tag k="lanes" v="2" />
    <tag k="lanes:backward" v="1" />
    <tag k="lanes:forward" v="1" />
    <tag k="lit" v="yes" />
    <tag k="maxspeed" v="30" />
    <tag k="name" v="Lindberghstraße" />
    <tag k="oneway" v="no" />
    <tag k="psv" v="yes" />
    <tag k="source" v="HiRes aerial imagery" />
  </way>
  <way id="26814881">
    <nd ref="289430276" />
    <nd ref="5298901627" />
    <nd ref="2109054339" />
    <nd ref="5298901626" />
    <nd ref="1720284207" />
    <nd ref="5298901625" />
    <nd ref="8851179336" />
    <nd ref="566265038" />
    <tag k="bicycle" v="yes" />
    <tag k="bicycle_road" v="yes" />
    <tag k="cycleway" v="track" />
    <tag k="highway" v="residential" />
    <tag k="maxspeed" v="30" />
    <tag k="motor_vehicle" v="yes" />
    <tag k="name" v="Gustav-Adolf-Straße" />
    <tag k="psv" v="no" />
    <tag k="source" v="HiRes aerial imagery" />
    <tag k="source:maxspeed" v="DE:bicycle_road" />
    <tag k="surface" v="asphalt" />
    <tag k="traffic_sign" v="DE:244.1" />
  </way>
  <way id="26814915">
    <nd ref="294152840" />
    <nd ref="294152975" />
    <nd ref="2483879417" />
    <nd ref="1636466441" />
    <nd ref="1636466424" />
    <tag k="bicycle" v="designated" />
    <tag k="bridge" v="yes" />
    <tag k="foot" v="designated" />
    <tag k="highway" v="path" />
    <tag k="layer" v="1" />
    <tag k="lit" v="no" />
    <tag k="segregated" v="no" />
    <tag k="source" v="HiRes aerial imagery" />
    <tag k="surface" v="asphalt" />
  </way>
  <way id="27783111">
    <nd ref="305066890" />
    <nd ref="1442150048" />
    <nd ref="359941580" />
    <nd ref="305066891" />
    <nd ref="1442150071" />
    <nd ref="1442150090" />
    <tag k="bicycle" v="designated" />
    <tag k="foot" v="designated" />
    <tag k="highway" v="path" />
    <tag k="lit" v="yes" />
    <tag k="oneway" v="no" />
    <tag k="segregated" v="no" />
    <tag k="source" v="HiRes aerial imagery" />
    <tag k="surface" v="asphalt" />
    <tag k="width" v="2" />
  </way>
  <way id="27783112">
    <nd ref="305066894" />
    <nd ref="1442150004" />
    <tag k="bicycle" v="designated" />
    <tag k="foot" v="designated" />
    <tag k="highway" v="path" />
    <tag k="layer" v="-1" />
    <tag k="lit" v="yes" />
    <tag k="segregated" v="no" />
    <tag k="source" v="HiRes aerial imagery" />
    <tag k="surface" v="asphalt" />
    <tag k="tunnel" v="yes" />
    <tag k="width" v="2" />
  </way>
  <way id="27823449">
    <nd ref="305497402" />
    <nd ref="305497404" />
    <tag k="bicycle" v="designated" />
    <tag k="check_date:surface" v="2021-03-08" />
    <tag k="foot" v="designated" />
    <tag k="highway" v="path" />
    <tag k="layer" v="-1" />
    <tag k="oneway" v="no" />
    <tag k="surface" v="asphalt" />
    <tag k="tunnel" v="yes" />
  </way>
  <way id="27823450">
    <nd ref="305497406" />
    <nd ref="3801853531" />
    <nd ref="766009349" />
    <nd ref="434406248" />
    <nd ref="305497407" />
    <nd ref="1795345987" />
    <nd ref="1795345986" />
    <tag k="bicycle" v="designated" />
    <tag k="cutting" v="no" />
    <tag k="foot" v="designated" />
    <tag k="highway" v="path" />
    <tag k="segregated" v="no" />
    <tag k="source" v="HiRes aerial imagery" />
    <tag k="surface" v="asphalt" />
  </way>
  <way id="27825205">
    <nd ref="305515144" />
    <nd ref="1197035382" />
    <nd ref="1197458888" />
    <nd ref="1197035413" />
    <nd ref="305515145" />
    <nd ref="314912410" />
    <nd ref="7869389987" />
    <nd ref="7869360583" />
    <nd ref="8235030196" />
    <tag k="bicycle" v="designated" />
    <tag k="foot" v="designated" />
    <tag k="highway" v="path" />
    <tag k="segregated" v="no" />
    <tag k="surface" v="asphalt" />
    <tag k="width" v="2" />
  </way>
  <way id="27825208">
    <nd ref="8235030196" />
    <nd ref="1197035246" />
    <tag k="bicycle" v="designated" />
    <tag k="foot" v="designated" />
    <tag k="highway" v="path" />
    <tag k="layer" v="-1" />
    <tag k="segregated" v="no" />
    <tag k="surface" v="asphalt" />
    <tag k="tunnel" v="yes" />
    <tag k="width" v="2" />
  </way>
  <way id="27826661">
    <nd ref="305529524" />
    <nd ref="11026167450" />
    <nd ref="1197035244" />
    <nd ref="305515155" />
    <nd ref="305515157" />
    <tag k="bicycle" v="designated" />
    <tag k="foot" v="designated" />
    <tag k="highway" v="path" />
    <tag k="oneway:bicycle" v="yes" />
    <tag k="segregated" v="no" />
    <tag k="surface" v="asphalt" />
    <tag k="width" v="2" />
  </way>
  <way id="27893432">
    <nd ref="305497405" />
    <nd ref="305497406" />
    <tag k="bicycle" v="designated" />
    <tag k="check_date:surface" v="2021-03-04" />
    <tag k="foot" v="designated" />
    <tag k="highway" v="path" />
    <tag k="layer" v="-1" />
    <tag k="segregated" v="no" />
    <tag k="surface" v="asphalt" />
    <tag k="tunnel" v="yes" />
  </way>
  <way id="27893433">
    <nd ref="305497404" />
    <nd ref="1795346004" />
    <nd ref="434398298" />
    <tag k="bicycle" v="designated" />
    <tag k="foot" v="designated" />
    <tag k="highway" v="path" />
    <tag k="oneway" v="no" />
    <tag k="segregated" v="no" />
    <tag k="surface" v="asphalt" />
  </way>
  <way id="27893434">
    <nd ref="250715664" />
    <nd ref="472429761" />
    <nd ref="1197458646" />
    <nd ref="1834136990" />
    <nd ref="472429760" />
    <nd ref="2162910297" />
    <nd ref="305515144" />
    <nd ref="2162910295" />
    <nd ref="5037789139" />
    <nd ref="7869360570" />
    <nd ref="370771400" />
    <tag k="highway" v="residential" />
    <tag k="lane_markings" v="no" />
    <tag k="lanes" v="2" />
    <tag k="lanes:backward" v="1" />
    <tag k="lanes:forward" v="1" />
    <tag k="lit" v="yes" />
    <tag k="maxspeed" v="30" />
    <tag k="maxspeed:type" v="DE:zone30" />
    <tag k="name" v="Weningstraße" />
    <tag k="psv" v="no" />
    <tag k="source:maxspeed" v="DE:zone30" />
    <tag k="surface" v="asphalt" />
  </way>
  <way id="28124729">
    <nd ref="221054437" />
    <nd ref="2183111798" />
    <nd ref="308904935" />
    <nd ref="10809167612" />
    <nd ref="1328156486" />
    <nd ref="308904936" />
    <nd ref="1328156462" />
    <nd ref="308904937" />
    <nd ref="1328156640" />
    <nd ref="1835810503" />
    <nd ref="308904938" />
    <nd ref="1835810506" />
    <nd ref="3048861148" />
    <nd ref="308904940" />
    <tag k="highway" v="residential" />
    <tag k="maxspeed" v="30" />
    <tag k="name" v="Wertingerstraße" />
    <tag k="sidewalk" v="both" />
    <tag k="source" v="HiRes aerial imagery" />
    <tag k="surface" v="asphalt" />
  </way>
  <way id="28124764">
    <nd ref="308905062" />
    <nd ref="11637463518" />
    <nd ref="366583276" />
    <nd ref="12386615525" />
    <nd ref="12386615538" />
    <nd ref="308905154" />
    <nd ref="308905155" />
    <nd ref="2108948540" />
    <nd ref="2108948542" />
    <nd ref="349313936" />
    <nd ref="1752559114" />
    <nd ref="9074483654" />
    <nd ref="11637457109" />
    <nd ref="89179986" />
    <tag k="highway" v="residential" />
    <tag k="lane_markings" v="no" />
    <tag k="name" v="Maffeistraße" />
    <tag k="surface" v="asphalt" />
  </way>
  <way id="28218272">
    <nd ref="309931893" />
    <nd ref="2109053760" />
    <nd ref="1852696903" />
    <nd ref="1852696902" />
    <nd ref="289430437" />
    <tag k="foot" v="yes" />
    <tag k="highway" v="footway" />
    <tag k="lit" v="no" />
    <tag k="source" v="HiRes aerial imagery" />
    <tag k="surface" v="paving_stones" />
  </way>
  <way id="28219286">
    <nd ref="293184417" />
    <nd ref="1197035422" />
    <nd ref="324661602" />
    <nd ref="324661599" />
    <tag k="bicycle" v="designated" />
    <tag k="foot" v="designated" />
    <tag k="highway" v="path" />
    <tag k="lit" v="yes" />
    <tag k="segregated" v="no" />
    <tag k="surface" v="asphalt" />
  </way>
  <way id="28219288">
    <nd ref="309942467" />
    <nd ref="305529524" />
    <tag k="bicycle" v="designated" />
    <tag k="foot" v="designated" />
    <tag k="highway" v="path" />
    <tag k="layer" v="-1" />
    <tag k="segregated" v="no" />
    <tag k="source" v="HiRes aerial imagery" />
    <tag k="surface" v="asphalt" />
    <tag k="tunnel" v="yes" />
    <tag k="width" v="2" />
  </way>
  <way id="28252424">
    <nd ref="1443568674" />
    <nd ref="1443568690" />
    <tag k="access" v="employees" />
    <tag k="highway" v="service" />
    <tag k="psv" v="no" />
    <tag k="source" v="HiRes aerial imagery" />
    <tag k="surface" v="asphalt" />
  </way>
  <way id="28269631">
    <nd ref="310451525" />
    <nd ref="310451599" />
    <tag k="highway" v="service" />
    <tag k="surface" v="asphalt" />
  </way>
  <way id="28269754">
    <nd ref="310452618" />
    <nd ref="472439110" />
    <nd ref="310452620" />
    <nd ref="9592704934" />
    <nd ref="310452621" />
    <nd ref="12815137476" />
    <nd ref="9592704933" />
    <nd ref="310452622" />
    <nd ref="1834159720" />
    <nd ref="310452624" />
    <nd ref="1834159727" />
    <nd ref="310452625" />
    <nd ref="1315532872" />
    <nd ref="1834159734" />
    <nd ref="1834159733" />
    <nd ref="1834159732" />
    <nd ref="1834159735" />
    <tag k="highway" v="footway" />
  </way>
  <way id="28269810">
    <nd ref="310452898" />
    <nd ref="1268916619" />
    <nd ref="225396280" />
    <tag k="cutting" v="yes" />
    <tag k="cycleway:both" v="lane" />
    <tag k="cycleway:both:lane" v="exclusive" />
    <tag k="highway" v="tertiary" />
    <tag k="lanes" v="2" />
    <tag k="lit" v="yes" />
    <tag k="maxspeed" v="50" />
    <tag k="maxspeed:type" v="DE:urban" />
    <tag k="name" v="Windbergerstraße" />
    <tag k="psv" v="no" />
    <tag k="sidewalk" v="both" />
    <tag k="source:maxspeed" v="DE:urban" />
    <tag k="surface" v="asphalt" />
  </way>
  <way id="28577490">
    <nd ref="266355457" />
    <nd ref="853410328" />
    <nd ref="8266958325" />
    <nd ref="1852651013" />
    <nd ref="2129977244" />
    <nd ref="2129977256" />
    <nd ref="278386363" />
    <nd ref="1496557347" />
    <nd ref="288573134" />
    <nd ref="654461265" />
    <nd ref="278385891" />
    <nd ref="2172162770" />
    <tag k="cycleway:both" v="separate" />
    <tag k="highway" v="tertiary" />
    <tag k="lanes" v="2" />
    <tag k="lit" v="yes" />
    <tag k="maxspeed" v="50" />
    <tag k="maxspeed:conditional" v="30 @ (Mo-Fr 07:00-18:00)" />
    <tag k="name" v="Am Pulverl" />
    <tag k="psv" v="yes" />
    <tag k="source" v="HiRes aerial imagery" />
    <tag k="surface" v="asphalt" />
  </way>
  <way id="28653740">
    <nd ref="314912404" />
    <nd ref="1197035489" />
    <nd ref="314912406" />
    <nd ref="8235030190" />
    <nd ref="1197035278" />
    <nd ref="1197035352" />
    <nd ref="1197035415" />
    <nd ref="314912410" />
    <tag k="bicycle" v="designated" />
    <tag k="foot" v="designated" />
    <tag k="highway" v="path" />
    <tag k="segregated" v="no" />
    <tag k="surface" v="asphalt" />
    <tag k="width" v="2" />
  </way>
  <way id="29027934">
    <nd ref="305529524" />
    <nd ref="1197035247" />
    <nd ref="305529520" />
    <nd ref="1197035305" />
    <nd ref="314912398" />
    <nd ref="7628564000" />
    <nd ref="7869390003" />
    <nd ref="1197035304" />
    <tag k="bicycle" v="designated" />
    <tag k="foot" v="designated" />
    <tag k="highway" v="path" />
    <tag k="segregated" v="no" />
    <tag k="surface" v="asphalt" />
    <tag k="width" v="2" />
  </way>
  <way id="29027936">
    <nd ref="21532605" />
    <nd ref="1852723938" />
    <nd ref="8057482062" />
    <nd ref="2129977252" />
    <tag k="cycleway:both" v="separate" />
    <tag k="highway" v="primary" />
    <tag k="lanes" v="5" />
    <tag k="lanes:backward" v="3" />
    <tag k="lanes:forward" v="2" />
    <tag k="maxspeed" v="50" />
    <tag k="name" v="Münchener Straße" />
    <tag k="name:etymology:wikidata" v="Q1726" />
    <tag k="psv" v="yes" />
    <tag k="ref" v="B 13" />
    <tag k="sidewalk:both" v="separate" />
    <tag k="surface" v="asphalt" />
    <tag k="turn:lanes:backward" v="left|through|through;right" />
  </way>
  <way id="29458100">
    <nd ref="434405789" />
    <nd ref="12095883617" />
    <tag k="highway" v="residential" />
    <tag k="lanes" v="1" />
    <tag k="maxspeed" v="50" />
    <tag k="name" v="Weningstraße" />
    <tag k="oneway" v="yes" />
    <tag k="psv" v="yes" />
    <tag k="sidewalk" v="no" />
    <tag k="source" v="HiRes aerial imagery" />
    <tag k="surface" v="asphalt" />
    <tag k="turn:lanes" v="left" />
  </way>
  <way id="29458101">
    <nd ref="324656767" />
    <nd ref="250715664" />
    <tag k="cycleway:both" v="no" />
    <tag k="highway" v="residential" />
    <tag k="lane_markings" v="no" />
    <tag k="layer" v="-1" />
    <tag k="lit" v="yes" />
    <tag k="maxheight" v="3.5" />
    <tag k="maxspeed" v="30" />
    <tag k="maxspeed:type" v="DE:zone30" />
    <tag k="name" v="Weningstraße" />
    <tag k="psv" v="no" />
    <tag k="sidewalk" v="right" />
    <tag k="source" v="HiRes aerial imagery" />
    <tag k="source:maxspeed" v="DE:zone30" />
    <tag k="surface" v="asphalt" />
    <tag k="tunnel" v="yes" />
  </way>
  <way id="29458640">
    <nd ref="1723628634" />
    <nd ref="8796437097" />
    <nd ref="1834131506" />
    <nd ref="8796437098" />
    <nd ref="8796437099" />
    <nd ref="1723628635" />
    <tag k="cutting" v="yes" />
    <tag k="cycleway:right" v="no" />
    <tag k="foot" v="no" />
    <tag k="highway" v="secondary" />
    <tag k="lanes" v="3" />
    <tag k="lit" v="yes" />
    <tag k="maxspeed" v="50" />
    <tag k="name" v="Südliche Ringstraße" />
    <tag k="oneway" v="yes" />
    <tag k="ref" v="IN 17" />
    <tag k="sidewalk" v="no" />
    <tag k="surface" v="asphalt" />
    <tag k="turn:lanes" v="through|through|right" />
  </way>
  <way id="29458641">
    <nd ref="12135446542" />
    <nd ref="40095868" />
    <tag k="bicycle" v="no" />
    <tag k="cutting" v="yes" />
    <tag k="highway" v="secondary" />
    <tag k="lanes" v="2" />
    <tag k="maxspeed" v="50" />
    <tag k="name" v="Südliche Ringstraße" />
    <tag k="ref" v="IN 17" />
    <tag k="source" v="HiRes aerial imagery" />
    <tag k="surface" v="asphalt" />
  </way>
  <way id="29458642">
    <nd ref="324661599" />
    <nd ref="314912395" />
    <tag k="bicycle" v="designated" />
    <tag k="foot" v="designated" />
    <tag k="highway" v="path" />
    <tag k="layer" v="-1" />
    <tag k="segregated" v="no" />
    <tag k="surface" v="asphalt" />
    <tag k="tunnel" v="yes" />
    <tag k="width" v="2" />
  </way>
  <way id="29458643">
    <nd ref="314912395" />
    <nd ref="314912394" />
    <nd ref="7869390014" />
    <nd ref="314912393" />
    <nd ref="1197035276" />
    <nd ref="305529520" />
    <tag k="bicycle" v="designated" />
    <tag k="foot" v="designated" />
    <tag k="highway" v="path" />
    <tag k="segregated" v="no" />
    <tag k="surface" v="asphalt" />
    <tag k="width" v="2" />
  </way>
  <way id="29458644">
    <nd ref="293184419" />
    <nd ref="1197035466" />
    <nd ref="324661602" />
    <tag k="bicycle" v="designated" />
    <tag k="foot" v="designated" />
    <tag k="highway" v="path" />
    <tag k="segregated" v="no" />
    <tag k="surface" v="asphalt" />
  </way>
  <way id="29458645">
    <nd ref="21532592" />
    <nd ref="1443568596" />
    <nd ref="21532545" />
    <nd ref="434405788" />
    <tag k="cycleway:both" v="no" />
    <tag k="highway" v="primary" />
    <tag k="lanes" v="4" />
    <tag k="lanes:backward" v="2" />
    <tag k="lanes:forward" v="2" />
    <tag k="maxspeed" v="50" />
    <tag k="name" v="Südliche Ringstraße" />
    <tag k="psv" v="yes" />
    <tag k="ref" v="B 13" />
    <tag k="surface" v="asphalt" />
    <tag k="turn:lanes:forward" v="through|through;right" />
  </way>
  <way id="29458647">
    <nd ref="25633367" />
    <nd ref="11987706485" />
    <nd ref="1197458884" />
    <nd ref="11987706486" />
    <nd ref="1197458975" />
    <nd ref="1197458700" />
    <nd ref="11987706487" />
    <nd ref="21532588" />
    <nd ref="1197458802" />
    <nd ref="1197458639" />
    <nd ref="1835799604" />
    <tag k="cycleway:right" v="no" />
    <tag k="highway" v="primary" />
    <tag k="lanes" v="2" />
    <tag k="maxspeed" v="50" />
    <tag k="name" v="Südliche Ringstraße" />
    <tag k="oneway" v="yes" />
    <tag k="ref" v="B 13" />
    <tag k="source" v="HiRes aerial imagery" />
    <tag k="surface" v="asphalt" />
    <tag k="turn:lanes" v="through|through" />
  </way>
  <way id="30054837">
    <nd ref="331037676" />
    <nd ref="331037681" />
    <tag k="highway" v="residential" />
    <tag k="maxspeed" v="30" />
    <tag k="name" v="Buchnerstraße" />
    <tag k="surface" v="asphalt" />
  </way>
  <way id="30482619">
    <nd ref="30965807" />
    <nd ref="1835799584" />
    <nd ref="1835799582" />
    <nd ref="308904980" />
    <nd ref="1835799581" />
    <nd ref="308904981" />
    <nd ref="9074483653" />
    <nd ref="225396253" />
    <tag k="cycleway:right" v="track" />
    <tag k="cycleway:right:segregated" v="no" />
    <tag k="highway" v="tertiary_link" />
    <tag k="lane_markings" v="no" />
    <tag k="maxspeed" v="50" />
    <tag k="name" v="Am Konkordiaweiher" />
    <tag k="oneway" v="yes" />
    <tag k="surface" v="asphalt" />
  </way>
  <way id="30482626">
    <nd ref="242533220" />
    <nd ref="242533221" />
    <nd ref="2108878052" />
    <nd ref="242533222" />
    <tag k="highway" v="residential" />
    <tag k="lit" v="yes" />
    <tag k="maxspeed" v="30" />
    <tag k="name" v="Hans-Mielich-Straße" />
    <tag k="surface" v="asphalt" />
  </way>
  <way id="31340084">
    <nd ref="7727244999" />
    <nd ref="7727245001" />
    <nd ref="9257478584" />
    <nd ref="470506759" />
    <nd ref="9257478583" />
    <nd ref="470506761" />
    <nd ref="470506762" />
    <nd ref="470506763" />
    <nd ref="1197035328" />
    <nd ref="4326573525" />
    <nd ref="470506754" />
    <nd ref="293184392" />
    <tag k="bicycle" v="designated" />
    <tag k="foot" v="designated" />
    <tag k="highway" v="path" />
    <tag k="segregated" v="no" />
    <tag k="source" v="HiRes aerial imagery" />
    <tag k="surface" v="asphalt" />
  </way>
  <way id="31362504">
    <nd ref="349312948" />
    <nd ref="1442150204" />
    <nd ref="1442150202" />
    <nd ref="9071542868" />
    <nd ref="7628088463" />
    <nd ref="7631074670" />
    <nd ref="7631074668" />
    <nd ref="7631074662" />
    <nd ref="1443568804" />
    <nd ref="8498722862" />
    <nd ref="4566694389" />
    <nd ref="1443568782" />
    <nd ref="1443568798" />
    <nd ref="4566693287" />
    <nd ref="4566693288" />
    <nd ref="349313141" />
    <tag k="highway" v="unclassified" />
    <tag k="maxspeed:type" v="DE:urban" />
    <tag k="name" v="Stauffenbergstraße" />
    <tag k="noexit" v="yes" />
    <tag k="psv" v="no" />
    <tag k="source" v="HiRes aerial imagery" />
  </way>
  <way id="31362731">
    <nd ref="2035548620" />
    <nd ref="349313931" />
    <nd ref="1752559130" />
    <nd ref="349313932" />
    <nd ref="613031645" />
    <nd ref="349313933" />
    <nd ref="349313934" />
    <nd ref="349313935" />
    <nd ref="2035548582" />
    <nd ref="349313936" />
    <tag k="highway" v="residential" />
    <tag k="name" v="Borsigstraße" />
    <tag k="psv" v="no" />
  </way>
  <way id="31363128">
    <nd ref="8252184255" />
    <nd ref="1795399183" />
    <nd ref="7714723074" />
    <nd ref="1315532870" />
    <tag k="bicycle" v="designated" />
    <tag k="foot" v="designated" />
    <tag k="highway" v="cycleway" />
    <tag k="oneway" v="yes" />
    <tag k="segregated" v="no" />
    <tag k="surface" v="asphalt" />
  </way>
  <way id="31624236">
    <nd ref="324661614" />
    <nd ref="1835799607" />
    <nd ref="1835799605" />
    <nd ref="1835799604" />
    <tag k="highway" v="tertiary" />
    <tag k="lanes" v="1" />
    <tag k="maxspeed" v="50" />
    <tag k="name" v="Asamstraße" />
    <tag k="oneway" v="yes" />
    <tag k="psv" v="yes" />
    <tag k="ref" v="IN 13" />
    <tag k="surface" v="asphalt" />
    <tag k="turn:lanes" v="left" />
  </way>
  <way id="32061602">
    <nd ref="359941584" />
    <nd ref="1443568805" />
    <tag k="highway" v="footway" />
    <tag k="surface" v="unpaved" />
  </way>
  <way id="32082180">
    <nd ref="360183141" />
    <nd ref="269095273" />
    <tag k="bicycle" v="designated" />
    <tag k="foot" v="designated" />
    <tag k="highway" v="path" />
    <tag k="layer" v="-1" />
    <tag k="lit" v="yes" />
    <tag k="segregated" v="no" />
    <tag k="smoothness" v="good" />
    <tag k="surface" v="asphalt" />
    <tag k="tunnel" v="yes" />
  </way>
  <way id="32082182">
    <nd ref="269095273" />
    <nd ref="796260049" />
    <nd ref="360183143" />
    <nd ref="377117827" />
    <nd ref="1690490295" />
    <nd ref="377117817" />
    <tag k="bicycle" v="designated" />
    <tag k="foot" v="designated" />
    <tag k="highway" v="path" />
    <tag k="lit" v="yes" />
    <tag k="segregated" v="no" />
    <tag k="smoothness" v="excellent" />
    <tag k="source" v="HiRes aerial imagery" />
    <tag k="surface" v="asphalt" />
  </way>
  <way id="32082183">
    <nd ref="1393740300" />
    <nd ref="1187337024" />
    <nd ref="269095272" />
    <tag k="bicycle" v="designated" />
    <tag k="foot" v="designated" />
    <tag k="highway" v="path" />
    <tag k="lit" v="yes" />
    <tag k="segregated" v="no" />
    <tag k="smoothness" v="good" />
    <tag k="source" v="HiRes aerial imagery" />
    <tag k="surface" v="asphalt" />
  </way>
  <way id="32082199">
    <nd ref="311439746" />
    <nd ref="11063281301" />
    <nd ref="570048664" />
    <nd ref="1079366093" />
    <nd ref="1079365858" />
    <nd ref="1079366254" />
    <nd ref="377117697" />
    <tag k="bicycle" v="designated" />
    <tag k="foot" v="designated" />
    <tag k="highway" v="path" />
    <tag k="segregated" v="no" />
    <tag k="source" v="HiRes aerial imagery" />
    <tag k="surface" v="asphalt" />
  </way>
  <way id="32115653">
    <nd ref="359941583" />
    <nd ref="1443568862" />
    <tag k="bicycle" v="yes" />
    <tag k="highway" v="footway" />
    <tag k="source" v="HiRes aerial imagery" />
  </way>
  <way id="32115684">
    <nd ref="359941584" />
    <nd ref="1443568727" />
    <nd ref="1443568721" />
    <nd ref="360448216" />
    <tag k="highway" v="footway" />
    <tag k="source" v="HiRes aerial imagery" />
  </way>
  <way id="32115702">
    <nd ref="360448243" />
    <nd ref="360448216" />
    <nd ref="1443568696" />
    <tag k="highway" v="footway" />
    <tag k="source" v="HiRes aerial imagery" />
  </way>
  <way id="32115723">
    <nd ref="360448243" />
    <nd ref="1443568780" />
    <nd ref="360448250" />
    <nd ref="360448172" />
    <tag k="highway" v="footway" />
    <tag k="source" v="HiRes aerial imagery" />
  </way>
  <way id="32115728">
    <nd ref="360448243" />
    <nd ref="1443568699" />
    <nd ref="360448267" />
    <nd ref="1443568686" />
    <nd ref="360448268" />
    <nd ref="1443568679" />
    <nd ref="1443568661" />
    <tag k="highway" v="footway" />
    <tag k="source" v="HiRes aerial imagery" />
  </way>
  <way id="32274767">
    <nd ref="362777689" />
    <nd ref="362777899" />
    <nd ref="9590316708" />
    <nd ref="9590316707" />
    <nd ref="9590316706" />
    <nd ref="9590316705" />
    <nd ref="362777904" />
    <nd ref="1720284048" />
    <nd ref="362777909" />
    <nd ref="9590316699" />
    <nd ref="1720283917" />
    <nd ref="1720283863" />
    <nd ref="1720283784" />
    <tag k="highway" v="residential" />
    <tag k="maxspeed" v="30" />
    <tag k="name" v="Lanzstraße" />
    <tag k="psv" v="no" />
    <tag k="source" v="HiRes aerial imagery" />
  </way>
  <way id="32508706">
    <nd ref="1443568599" />
    <nd ref="8235030214" />
    <nd ref="365519573" />
    <tag k="highway" v="service" />
    <tag k="lanes" v="1" />
    <tag k="oneway" v="yes" />
    <tag k="psv" v="no" />
    <tag k="source" v="HiRes aerial imagery" />
    <tag k="surface" v="asphalt" />
  </way>
  <way id="32530466">
    <nd ref="517237080" />
    <nd ref="2129156436" />
    <nd ref="2129156434" />
    <nd ref="365820751" />
    <tag k="highway" v="footway" />
  </way>
  <way id="32598753">
    <nd ref="366583279" />
    <nd ref="366583281" />
    <tag k="highway" v="service" />
    <tag k="psv" v="no" />
    <tag k="service" v="parking_aisle" />
  </way>
  <way id="32598755">
    <nd ref="366583296" />
    <nd ref="366583279" />
    <nd ref="366583303" />
    <nd ref="12386616023" />
    <nd ref="366583306" />
    <nd ref="366583281" />
    <nd ref="366583311" />
    <nd ref="12386615527" />
    <nd ref="366583296" />
    <tag k="highway" v="service" />
    <tag k="psv" v="no" />
    <tag k="service" v="parking_aisle" />
  </way>
  <way id="32598887">
    <nd ref="366584476" />
    <nd ref="366584570" />
    <nd ref="366584571" />
    <nd ref="6715116521" />
    <nd ref="366584572" />
    <nd ref="366584574" />
    <nd ref="366584577" />
    <tag k="highway" v="residential" />
    <tag k="lit" v="yes" />
    <tag k="maxspeed" v="30" />
    <tag k="name" v="Turnerstraße" />
    <tag k="oneway" v="yes" />
    <tag k="surface" v="asphalt" />
  </way>
  <way id="32881076">
    <nd ref="434402258" />
    <nd ref="9594240011" />
    <nd ref="1835799601" />
    <nd ref="1835799603" />
    <nd ref="1835799606" />
    <nd ref="30965824" />
    <tag k="cycleway" v="right" />
    <tag k="highway" v="tertiary" />
    <tag k="lanes" v="2" />
    <tag k="maxspeed" v="50" />
    <tag k="name" v="Asamstraße" />
    <tag k="oneway" v="yes" />
    <tag k="psv" v="yes" />
    <tag k="ref" v="IN 13" />
    <tag k="source" v="HiRes aerial imagery" />
    <tag k="surface" v="asphalt" />
    <tag k="turn:lanes" v="right|right" />
  </way>
  <way id="32881119">
    <nd ref="1442150016" />
    <nd ref="4326573530" />
    <nd ref="293184335" />
    <nd ref="1442150018" />
    <nd ref="1197035457" />
    <nd ref="293184337" />
    <nd ref="293184341" />
    <nd ref="293184342" />
    <nd ref="293184344" />
    <nd ref="293184345" />
    <nd ref="293184347" />
    <nd ref="470506697" />
    <nd ref="293184348" />
    <nd ref="293184357" />
    <nd ref="293184349" />
    <nd ref="293184351" />
    <nd ref="293184353" />
    <nd ref="266359527" />
    <tag k="bicycle" v="designated" />
    <tag k="foot" v="designated" />
    <tag k="highway" v="path" />
    <tag k="segregated" v="no" />
    <tag k="source" v="HiRes aerial imagery" />
  </way>
  <way id="32881120">
    <nd ref="293184392" />
    <nd ref="293184329" />
    <nd ref="4326573526" />
    <tag k="bicycle" v="designated" />
    <tag k="foot" v="designated" />
    <tag k="highway" v="path" />
    <tag k="segregated" v="no" />
    <tag k="surface" v="asphalt" />
  </way>
  <way id="32923915">
    <nd ref="370771688" />
    <nd ref="470506706" />
    <nd ref="1442150047" />
    <nd ref="470506704" />
    <nd ref="1442150040" />
    <nd ref="470506702" />
    <nd ref="1442150050" />
    <nd ref="1442150051" />
    <nd ref="470506698" />
    <nd ref="293184345" />
    <tag k="bicycle" v="designated" />
    <tag k="foot" v="designated" />
    <tag k="highway" v="path" />
    <tag k="segregated" v="no" />
    <tag k="source" v="HiRes aerial imagery" />
  </way>
  <way id="32998243">
    <nd ref="371763378" />
    <nd ref="7717641164" />
    <nd ref="371761510" />
    <nd ref="371761517" />
    <nd ref="1852633428" />
    <nd ref="8107864795" />
    <nd ref="8107864796" />
    <nd ref="8107864794" />
    <nd ref="8107864797" />
    <nd ref="8107864798" />
    <nd ref="8107864799" />
    <nd ref="371761548" />
    <nd ref="8107864800" />
    <nd ref="1852633427" />
    <nd ref="1356546297" />
    <nd ref="1852633426" />
    <nd ref="266358437" />
    <tag k="bicycle" v="designated" />
    <tag k="bicycle_road" v="yes" />
    <tag k="foot" v="yes" />
    <tag k="highway" v="service" />
    <tag k="lit" v="yes" />
    <tag k="maxspeed" v="30" />
    <tag k="motor_vehicle" v="destination" />
    <tag k="name" v="Luitpoldstraße" />
    <tag k="psv" v="no" />
    <tag k="source" v="HiRes aerial imagery" />
    <tag k="source:maxspeed" v="DE:bicycle_road" />
    <tag k="surface" v="asphalt" />
    <tag k="traffic_sign" v="DE:244.1" />
    <tag k="width" v="4" />
  </way>
  <way id="32998270">
    <nd ref="470506702" />
    <nd ref="1197035343" />
    <nd ref="1442150020" />
    <nd ref="1197035502" />
    <nd ref="1197035266" />
    <nd ref="1197035393" />
    <nd ref="1197035457" />
    <nd ref="1197035249" />
    <nd ref="1442150036" />
    <nd ref="1442150038" />
    <nd ref="470506674" />
    <nd ref="1442150034" />
    <nd ref="1442150033" />
    <nd ref="1197035432" />
    <nd ref="1197035379" />
    <nd ref="470506664" />
    <nd ref="470506662" />
    <nd ref="470506696" />
    <nd ref="470506659" />
    <nd ref="266359526" />
    <tag k="bicycle" v="designated" />
    <tag k="foot" v="designated" />
    <tag k="highway" v="path" />
    <tag k="segregated" v="no" />
    <tag k="source" v="HiRes aerial imagery" />
    <tag k="surface" v="asphalt" />
  </way>
  <way id="33204022">
    <nd ref="376555077" />
    <nd ref="1639935416" />
    <nd ref="1639935414" />
    <nd ref="1637705035" />
    <nd ref="1639935411" />
    <nd ref="288514931" />
    <tag k="bicycle" v="yes" />
    <tag k="highway" v="footway" />
    <tag k="surface" v="ground" />
  </way>
  <way id="33240011">
    <nd ref="377117734" />
    <nd ref="1636466450" />
    <nd ref="1636466445" />
    <nd ref="376268413" />
    <nd ref="1636466443" />
    <nd ref="1636466439" />
    <nd ref="1636466427" />
    <nd ref="1500083041" />
    <nd ref="1079366562" />
    <nd ref="1636466400" />
    <nd ref="1079366723" />
    <nd ref="1636466399" />
    <nd ref="376268416" />
    <tag k="bicycle" v="designated" />
    <tag k="foot" v="designated" />
    <tag k="highway" v="path" />
    <tag k="name" v="Treidelweg" />
    <tag k="segregated" v="no" />
    <tag k="source" v="HiRes aerial imagery" />
    <tag k="surface" v="gravel" />
    <tag k="width" v="2" />
  </way>
  <way id="33240013">
    <nd ref="377117817" />
    <nd ref="377117805" />
    <nd ref="1690490296" />
    <nd ref="1690490294" />
    <nd ref="2053244675" />
    <nd ref="796260115" />
    <nd ref="377117746" />
    <nd ref="1079366718" />
    <nd ref="1636466461" />
    <nd ref="1636466459" />
    <nd ref="377117734" />
    <nd ref="1079366422" />
    <nd ref="1636466460" />
    <nd ref="1079366100" />
    <nd ref="377117720" />
    <nd ref="1636466463" />
    <nd ref="376268411" />
    <nd ref="377117697" />
    <tag k="bicycle" v="designated" />
    <tag k="foot" v="designated" />
    <tag k="highway" v="path" />
    <tag k="segregated" v="no" />
    <tag k="source" v="HiRes aerial imagery" />
    <tag k="surface" v="asphalt" />
  </way>
  <way id="33779209">
    <nd ref="386797029" />
    <nd ref="9594240013" />
    <nd ref="2150769035" />
    <tag k="highway" v="residential" />
    <tag k="lanes" v="2" />
    <tag k="lanes:backward" v="1" />
    <tag k="lanes:forward" v="1" />
    <tag k="maxspeed" v="30" />
    <tag k="name" v="Rankestraße" />
    <tag k="oneway" v="no" />
    <tag k="surface" v="asphalt" />
  </way>
  <way id="33814393">
    <nd ref="287963627" />
    <nd ref="470045862" />
    <tag k="highway" v="tertiary" />
    <tag k="lanes" v="3" />
    <tag k="maxspeed" v="30" />
    <tag k="name" v="Haunwöhrer Straße" />
    <tag k="psv" v="yes" />
    <tag k="ref" v="IN 15" />
    <tag k="sidewalk:both" v="separate" />
    <tag k="source" v="HiRes aerial imagery" />
    <tag k="surface" v="asphalt" />
  </way>
  <way id="35681841">
    <nd ref="1636466406" />
    <nd ref="1636466402" />
    <tag k="bicycle" v="designated" />
    <tag k="foot" v="designated" />
    <tag k="highway" v="path" />
    <tag k="segregated" v="no" />
    <tag k="surface" v="asphalt" />
    <tag k="width" v="4" />
  </way>
  <way id="35681843">
    <nd ref="2337351315" />
    <nd ref="266359526" />
    <tag k="bicycle" v="designated" />
    <tag k="foot" v="designated" />
    <tag k="highway" v="path" />
    <tag k="name" v="Donauradwanderweg" />
    <tag k="segregated" v="no" />
    <tag k="source" v="HiRes aerial imagery" />
    <tag k="surface" v="asphalt" />
    <tag k="width" v="2" />
  </way>
  <way id="37090446">
    <nd ref="431350120" />
    <nd ref="431350109" />
    <tag k="foot" v="yes" />
    <tag k="highway" v="footway" />
    <tag k="lit" v="yes" />
    <tag k="smoothness" v="good" />
    <tag k="source" v="HiRes aerial imagery" />
    <tag k="surface" v="asphalt" />
  </way>
  <way id="37282394">
    <nd ref="305497401" />
    <nd ref="1197458608" />
    <nd ref="1795346012" />
    <nd ref="11987706480" />
    <nd ref="1795346008" />
    <nd ref="11987706479" />
    <nd ref="305497402" />
    <tag k="bicycle" v="designated" />
    <tag k="check_date:surface" v="2021-03-04" />
    <tag k="cutting" v="yes" />
    <tag k="foot" v="designated" />
    <tag k="highway" v="path" />
    <tag k="oneway" v="no" />
    <tag k="surface" v="asphalt" />
  </way>
  <way id="37282524">
    <nd ref="434398298" />
    <nd ref="1795346003" />
    <nd ref="1197458602" />
    <nd ref="434404897" />
    <nd ref="434398300" />
    <nd ref="1795346009" />
    <tag k="bicycle" v="designated" />
    <tag k="foot" v="designated" />
    <tag k="highway" v="path" />
    <tag k="oneway" v="no" />
    <tag k="segregated" v="no" />
    <tag k="surface" v="asphalt" />
  </way>
  <way id="37282686">
    <nd ref="3801853531" />
    <nd ref="434404877" />
    <nd ref="434404878" />
    <nd ref="434404879" />
    <nd ref="434404880" />
    <nd ref="1795345997" />
    <nd ref="434404881" />
    <nd ref="434404882" />
    <nd ref="1795346001" />
    <nd ref="434404896" />
    <nd ref="1795346000" />
    <nd ref="1795345998" />
    <nd ref="434404883" />
    <tag k="bicycle" v="designated" />
    <tag k="check_date:surface" v="2024-07-31" />
    <tag k="foot" v="designated" />
    <tag k="highway" v="path" />
    <tag k="oneway" v="yes" />
    <tag k="segregated" v="no" />
    <tag k="surface" v="asphalt" />
  </way>
  <way id="37282687">
    <nd ref="434404883" />
    <nd ref="434404894" />
    <nd ref="1795346002" />
    <nd ref="434404885" />
    <nd ref="434404893" />
    <nd ref="434404886" />
    <nd ref="434404887" />
    <nd ref="434404888" />
    <nd ref="434404889" />
    <nd ref="1795346006" />
    <nd ref="1795346005" />
    <tag k="bicycle" v="designated" />
    <tag k="check_date:surface" v="2024-07-31" />
    <tag k="foot" v="designated" />
    <tag k="highway" v="path" />
    <tag k="oneway" v="yes" />
    <tag k="segregated" v="no" />
    <tag k="surface" v="asphalt" />
  </way>
  <way id="37282688">
    <nd ref="434404883" />
    <nd ref="1795345995" />
    <nd ref="250713079" />
    <nd ref="1795345990" />
    <nd ref="1795345989" />
    <nd ref="250713435" />
    <nd ref="2112345924" />
    <tag k="cycleway" v="track" />
    <tag k="highway" v="residential" />
    <tag k="lanes" v="2" />
    <tag k="lanes:backward" v="1" />
    <tag k="lanes:forward" v="1" />
    <tag k="lit" v="yes" />
    <tag k="maxspeed" v="50" />
    <tag k="maxspeed:type" v="DE:urban" />
    <tag k="name" v="Weningstraße" />
    <tag k="psv" v="yes" />
    <tag k="source" v="HiRes aerial imagery" />
    <tag k="surface" v="asphalt" />
  </way>
  <way id="37282689">
    <nd ref="434398298" />
    <nd ref="434404892" />
    <nd ref="305497405" />
    <tag k="bicycle" v="designated" />
    <tag k="check_date:surface" v="2024-07-31" />
    <tag k="cutting" v="yes" />
    <tag k="foot" v="designated" />
    <tag k="highway" v="path" />
    <tag k="layer" v="-1" />
    <tag k="segregated" v="no" />
    <tag k="surface" v="asphalt" />
  </way>
  <way id="37282738">
    <nd ref="434405788" />
    <nd ref="11987706491" />
    <nd ref="11987706492" />
    <nd ref="3616994913" />
    <nd ref="1197458921" />
    <nd ref="11987706493" />
    <nd ref="434405789" />
    <tag k="highway" v="residential" />
    <tag k="lanes" v="1" />
    <tag k="maxspeed" v="50" />
    <tag k="name" v="Weningstraße" />
    <tag k="oneway" v="yes" />
    <tag k="psv" v="yes" />
    <tag k="sidewalk" v="no" />
    <tag k="source" v="HiRes aerial imagery" />
    <tag k="surface" v="asphalt" />
    <tag k="turn:lanes" v="right" />
  </way>
  <way id="38573377">
    <nd ref="456875836" />
    <nd ref="456875837" />
    <nd ref="456875839" />
    <nd ref="1852651002" />
    <nd ref="1852651000" />
    <nd ref="456875840" />
    <nd ref="456875841" />
    <tag k="highway" v="residential" />
    <tag k="maxspeed" v="30" />
    <tag k="name" v="Hundtstraße" />
    <tag k="source" v="HiRes aerial imagery" />
  </way>
  <way id="38573378">
    <nd ref="456875854" />
    <nd ref="456875855" />
    <tag k="highway" v="residential" />
    <tag k="name" v="Seckendorffstraße" />
    <tag k="source" v="HiRes aerial imagery" />
  </way>
  <way id="38573380">
    <nd ref="456875862" />
    <nd ref="456875850" />
    <tag k="highway" v="residential" />
    <tag k="maxspeed" v="30" />
    <tag k="name" v="Aldringenstraße" />
    <tag k="source" v="HiRes aerial imagery" />
  </way>
  <way id="39236841">
    <nd ref="492730782" />
    <nd ref="7707167832" />
    <nd ref="10178518883" />
    <nd ref="2129028059" />
    <tag k="access" v="private" />
    <tag k="highway" v="service" />
  </way>
  <way id="39266107">
    <nd ref="293184415" />
    <nd ref="470506715" />
    <nd ref="470506717" />
    <nd ref="1637705214" />
    <nd ref="470506721" />
    <nd ref="1197035262" />
    <nd ref="1197035290" />
    <nd ref="1197035454" />
    <tag k="bicycle" v="designated" />
    <tag k="foot" v="designated" />
    <tag k="highway" v="path" />
    <tag k="lit" v="yes" />
    <tag k="segregated" v="no" />
    <tag k="surface" v="asphalt" />
  </way>
  <way id="39443315">
    <nd ref="472429761" />
    <nd ref="1834131472" />
    <nd ref="472429762" />
    <nd ref="4326573507" />
    <nd ref="4326573506" />
    <nd ref="4326573505" />
    <nd ref="472429764" />
    <nd ref="9373152054" />
    <nd ref="9373152055" />
    <nd ref="9373152053" />
    <nd ref="9373152058" />
    <nd ref="472429765" />
    <nd ref="1268916618" />
    <nd ref="472429766" />
    <tag k="highway" v="residential" />
    <tag k="lanes" v="2" />
    <tag k="lanes:backward" v="1" />
    <tag k="lanes:forward" v="1" />
    <tag k="lit" v="yes" />
    <tag k="maxspeed" v="30" />
    <tag k="name" v="Seeholzerstraße" />
    <tag k="psv" v="no" />
    <tag k="source" v="HiRes aerial imagery" />
    <tag k="surface" v="asphalt" />
  </way>
  <way id="39443316">
    <nd ref="472429762" />
    <nd ref="1834131463" />
    <nd ref="2276828232" />
    <nd ref="472429763" />
    <tag k="highway" v="residential" />
    <tag k="lanes" v="2" />
    <tag k="lanes:backward" v="1" />
    <tag k="lanes:forward" v="1" />
    <tag k="maxspeed" v="30" />
    <tag k="name" v="Zainerstraße" />
    <tag k="psv" v="no" />
    <tag k="source" v="HiRes aerial imagery" />
  </way>
  <way id="39444316">
    <nd ref="288571401" />
    <nd ref="7592790202" />
    <nd ref="11603317107" />
    <nd ref="472439036" />
    <nd ref="11603317109" />
    <nd ref="472439037" />
    <nd ref="8252184248" />
    <nd ref="3828188277" />
    <nd ref="472439040" />
    <nd ref="11603317108" />
    <nd ref="249179919" />
    <tag k="access" v="no" />
    <tag k="bus" v="yes" />
    <tag k="covered" v="no" />
    <tag k="highway" v="service" />
    <tag k="lanes" v="1" />
    <tag k="maxspeed" v="30" />
    <tag k="name" v="St. Anton" />
    <tag k="network" v="Verkehrsverbund Großraum Ingolstadt" />
    <tag k="network:guid" v="DE-BY-VGI" />
    <tag k="network:short" v="VGI" />
    <tag k="network:wikidata" v="Q99937594" />
    <tag k="oneway" v="yes" />
    <tag k="psv" v="yes" />
    <tag k="service" v="bus" />
    <tag k="surface" v="asphalt" />
    <tag k="taxi" v="yes" />
    <tag k="tourist_bus" v="no" />
    <tag k="traffic_sign" v="DE:245" />
    <tag k="website" v="https://www.vgi.de/start_de" />
  </way>
  <way id="39444319">
    <nd ref="472439047" />
    <nd ref="8252184266" />
    <tag k="foot" v="designated" />
    <tag k="highway" v="footway" />
    <tag k="layer" v="-1" />
    <tag k="source" v="HiRes aerial imagery" />
    <tag k="surface" v="asphalt" />
    <tag k="traffic_sign" v="DE:239" />
    <tag k="tunnel" v="yes" />
  </way>
  <way id="39444322">
    <nd ref="472439058" />
    <nd ref="9236339955" />
    <nd ref="1834159697" />
    <nd ref="472439068" />
    <nd ref="472439069" />
    <nd ref="1315532846" />
    <nd ref="12449886232" />
    <nd ref="9236339953" />
    <nd ref="472429774" />
    <nd ref="472439072" />
    <nd ref="12449886241" />
    <nd ref="9236339954" />
    <nd ref="472439070" />
    <nd ref="472439071" />
    <tag k="highway" v="footway" />
    <tag k="source" v="HiRes aerial imagery" />
    <tag k="surface" v="gravel" />
  </way>
  <way id="39444323">
    <nd ref="8252184261" />
    <nd ref="8252184259" />
    <nd ref="1795399193" />
    <nd ref="1795399190" />
    <nd ref="1795399184" />
    <nd ref="472439064" />
    <nd ref="8252184258" />
    <nd ref="8252184256" />
    <nd ref="1315532862" />
    <nd ref="1315532859" />
    <nd ref="703348368" />
    <nd ref="1795399178" />
    <nd ref="1795399185" />
    <nd ref="12100211087" />
    <nd ref="1795399187" />
    <nd ref="703348386" />
    <nd ref="1315532833" />
    <nd ref="1795399195" />
    <nd ref="8252184260" />
    <nd ref="8252184261" />
    <tag k="area" v="yes" />
    <tag k="highway" v="pedestrian" />
    <tag k="source" v="HiRes aerial imagery" />
    <tag k="surface" v="asphalt" />
  </way>
  <way id="39444324">
    <nd ref="1315532826" />
    <nd ref="1795399191" />
    <nd ref="9596905881" />
    <nd ref="472439064" />
    <tag k="cutting" v="yes" />
    <tag k="highway" v="footway" />
    <tag k="source" v="HiRes aerial imagery" />
    <tag k="surface" v="asphalt" />
    <tag k="traffic_sign" v="DE:239" />
  </way>
  <way id="39444326">
    <nd ref="472439068" />
    <nd ref="472439073" />
    <nd ref="472439086" />
    <nd ref="472439080" />
    <nd ref="472439107" />
    <tag k="highway" v="footway" />
    <tag k="surface" v="gravel" />
  </way>
  <way id="39444328">
    <nd ref="472439090" />
    <nd ref="1834159719" />
    <nd ref="1800429750" />
    <nd ref="472439092" />
    <nd ref="472439093" />
    <tag k="highway" v="service" />
    <tag k="service" v="parking_aisle" />
  </way>
  <way id="39444329">
    <nd ref="472439071" />
    <nd ref="472439092" />
    <tag k="highway" v="steps" />
    <tag k="steps" v="4" />
  </way>
  <way id="39444330">
    <nd ref="1834159732" />
    <nd ref="2084352210" />
    <nd ref="8233822217" />
    <nd ref="2084352211" />
    <nd ref="472439093" />
    <nd ref="472439077" />
    <nd ref="12449886242" />
    <nd ref="472439076" />
    <nd ref="472439075" />
    <nd ref="12449886234" />
    <nd ref="472439074" />
    <nd ref="9596905887" />
    <nd ref="9596905886" />
    <nd ref="472439073" />
    <nd ref="472439088" />
    <nd ref="472439082" />
    <tag k="highway" v="footway" />
    <tag k="surface" v="gravel" />
  </way>
  <way id="39444331">
    <nd ref="472439077" />
    <nd ref="472439094" />
    <nd ref="472439095" />
    <nd ref="472439096" />
    <nd ref="472439097" />
    <nd ref="472439098" />
    <nd ref="472439079" />
    <nd ref="472439109" />
    <nd ref="310452620" />
    <tag k="highway" v="footway" />
    <tag k="surface" v="gravel" />
  </way>
  <way id="39444332">
    <nd ref="472439083" />
    <nd ref="472439103" />
    <nd ref="472439104" />
    <nd ref="472439105" />
    <nd ref="472439106" />
    <nd ref="1795399148" />
    <nd ref="5648871450" />
    <nd ref="2232081001" />
    <tag k="highway" v="footway" />
    <tag k="surface" v="gravel" />
  </way>
  <way id="39444333">
    <nd ref="472439108" />
    <nd ref="472439099" />
    <nd ref="11154478806" />
    <nd ref="472439100" />
    <nd ref="310452618" />
    <tag k="highway" v="footway" />
    <tag k="surface" v="gravel" />
  </way>
  <way id="39444334">
    <nd ref="472439107" />
    <nd ref="472439108" />
    <tag k="highway" v="steps" />
    <tag k="steps" v="6" />
  </way>
  <way id="39444335">
    <nd ref="472439109" />
    <nd ref="472439110" />
    <tag k="foot" v="yes" />
    <tag k="highway" v="footway" />
    <tag k="surface" v="gravel" />
  </way>
  <way id="39444740">
    <nd ref="249179914" />
    <nd ref="10177801577" />
    <nd ref="1496557423" />
    <nd ref="8208676164" />
    <nd ref="1496557419" />
    <nd ref="8208676163" />
    <nd ref="975729500" />
    <nd ref="1515873767" />
    <nd ref="472442941" />
    <nd ref="975729481" />
    <nd ref="255878732" />
    <tag k="cycleway:both" v="no" />
    <tag k="highway" v="residential" />
    <tag k="lane_markings" v="no" />
    <tag k="maxspeed" v="50" />
    <tag k="name" v="Gewoldstraße" />
    <tag k="source" v="HiRes aerial imagery" />
    <tag k="surface" v="asphalt" />
  </way>
  <way id="39444741">
    <nd ref="472442942" />
    <nd ref="472442948" />
    <tag k="highway" v="living_street" />
    <tag k="name" v="Münchener Straße" />
    <tag k="name:etymology:wikidata" v="Q1726" />
    <tag k="source" v="HiRes aerial imagery" />
    <tag k="surface" v="asphalt" />
  </way>
  <way id="39444745">
    <nd ref="472442945" />
    <nd ref="699711086" />
    <nd ref="10177801548" />
    <nd ref="472442946" />
    <tag k="highway" v="footway" />
    <tag k="source" v="HiRes aerial imagery" />
    <tag k="surface" v="asphalt" />
  </way>
  <way id="39444746">
    <nd ref="472442941" />
    <nd ref="10177801583" />
    <nd ref="1496557414" />
    <nd ref="1795399136" />
    <nd ref="1496557404" />
    <nd ref="472442942" />
    <nd ref="472442944" />
    <nd ref="1795399126" />
    <nd ref="472442945" />
    <nd ref="472442968" />
    <nd ref="10177801552" />
    <nd ref="472442969" />
    <tag k="highway" v="living_street" />
    <tag k="name" v="Münchener Straße" />
    <tag k="name:etymology:wikidata" v="Q1726" />
    <tag k="source" v="HiRes aerial imagery" />
    <tag k="surface" v="asphalt" />
  </way>
  <way id="39444747">
    <nd ref="472442969" />
    <nd ref="11179379572" />
    <nd ref="10177801607" />
    <nd ref="92629228" />
    <tag k="highway" v="residential" />
    <tag k="lanes" v="2" />
    <tag k="lit" v="yes" />
    <tag k="maxspeed" v="20" />
    <tag k="name" v="Bahnhofstraße" />
    <tag k="psv" v="yes" />
    <tag k="sidewalk" v="both" />
    <tag k="sidewalk:both:surface" v="asphalt" />
    <tag k="source" v="HiRes aerial imagery" />
    <tag k="surface" v="asphalt" />
  </way>
  <way id="39444748">
    <nd ref="92629231" />
    <nd ref="2121404514" />
    <nd ref="3642372088" />
    <nd ref="9394029480" />
    <nd ref="1795399092" />
    <nd ref="10931925464" />
    <nd ref="9394029481" />
    <nd ref="10931925467" />
    <nd ref="2157820699" />
    <nd ref="7780216263" />
    <nd ref="10931928464" />
    <nd ref="10931928432" />
    <nd ref="249179657" />
    <nd ref="8252184272" />
    <nd ref="249179879" />
    <nd ref="8252184271" />
    <nd ref="249179880" />
    <nd ref="2109027549" />
    <nd ref="12123821919" />
    <nd ref="310451599" />
    <nd ref="2157820689" />
    <nd ref="2170791979" />
    <nd ref="2129156303" />
    <nd ref="12123821918" />
    <tag k="cycleway:both" v="no" />
    <tag k="highway" v="residential" />
    <tag k="lanes" v="2" />
    <tag k="maxspeed" v="50" />
    <tag k="name" v="Elisabethstraße" />
    <tag k="psv" v="yes" />
    <tag k="sidewalk" v="both" />
    <tag k="sidewalk:left:surface" v="asphalt" />
    <tag k="sidewalk:right:surface" v="paving_stones" />
    <tag k="surface" v="asphalt" />
  </way>
  <way id="39523395">
    <nd ref="288774433" />
    <nd ref="7702676825" />
    <nd ref="2149016888" />
    <nd ref="3306685215" />
    <tag k="highway" v="footway" />
    <tag k="lit" v="yes" />
    <tag k="surface" v="asphalt" />
  </way>
  <way id="39649533">
    <nd ref="26288196" />
    <nd ref="475311969" />
    <tag k="highway" v="tertiary" />
    <tag k="lanes" v="4" />
    <tag k="maxspeed" v="50" />
    <tag k="name" v="Brückenkopf" />
    <tag k="psv" v="yes" />
    <tag k="sidewalk" v="separate" />
    <tag k="source" v="HiRes aerial imagery" />
    <tag k="surface" v="asphalt" />
  </way>
  <way id="40623117">
    <nd ref="89170495" />
    <nd ref="2115743373" />
    <nd ref="89170491" />
    <nd ref="2115743374" />
    <nd ref="89170487" />
    <nd ref="9594181284" />
    <nd ref="278817466" />
    <nd ref="8260679171" />
    <nd ref="473707825" />
    <nd ref="8260679170" />
    <nd ref="492730785" />
    <nd ref="89170476" />
    <nd ref="380760688" />
    <nd ref="492730783" />
    <nd ref="7707167895" />
    <nd ref="492730782" />
    <nd ref="1834159742" />
    <nd ref="8260679169" />
    <nd ref="89170471" />
    <tag k="bicycle" v="designated" />
    <tag k="highway" v="tertiary" />
    <tag k="lanes" v="2" />
    <tag k="lanes:backward" v="1" />
    <tag k="lanes:forward" v="1" />
    <tag k="maxspeed" v="30" />
    <tag k="name" v="Haunwöhrer Straße" />
    <tag k="name:etymology:wikidata" v="Q1589390" />
    <tag k="psv" v="yes" />
    <tag k="ref" v="IN 15" />
    <tag k="sidewalk:both" v="separate" />
    <tag k="surface" v="asphalt" />
  </way>
  <way id="41203191">
    <nd ref="503416708" />
    <nd ref="503416711" />
    <nd ref="503416713" />
    <nd ref="503416716" />
    <nd ref="503416719" />
    <nd ref="503416723" />
    <nd ref="503416726" />
    <nd ref="1636466500" />
    <nd ref="1079366412" />
    <nd ref="1079366687" />
    <tag k="highway" v="service" />
    <tag k="lanes" v="2" />
    <tag k="source" v="HiRes aerial imagery" />
  </way>
  <way id="41225169">
    <nd ref="503719901" />
    <nd ref="1852723935" />
    <nd ref="503719902" />
    <tag k="highway" v="residential" />
    <tag k="lit" v="yes" />
    <tag k="maxspeed" v="30" />
    <tag k="name" v="Reisserstraße" />
    <tag k="source" v="HiRes aerial imagery" />
    <tag k="surface" v="asphalt" />
  </way>
  <way id="42508855">
    <nd ref="530808367" />
    <nd ref="530808365" />
    <nd ref="2157820701" />
    <nd ref="530808363" />
    <tag k="highway" v="residential" />
    <tag k="lane_markings" v="no" />
    <tag k="lit" v="yes" />
    <tag k="name" v="Kronprinz-Rupprecht-Straße" />
    <tag k="oneway" v="yes" />
    <tag k="surface" v="asphalt" />
  </way>
  <way id="42508856">
    <nd ref="21532558" />
    <nd ref="2337351247" />
    <nd ref="2129156450" />
    <nd ref="1852696868" />
    <nd ref="703348399" />
    <nd ref="2109053787" />
    <nd ref="530808367" />
    <tag k="highway" v="residential" />
    <tag k="lane_markings" v="no" />
    <tag k="lit" v="yes" />
    <tag k="name" v="Prinz-Franz-Straße" />
    <tag k="oneway" v="yes" />
    <tag k="oneway:bicycle" v="no" />
    <tag k="surface" v="asphalt" />
  </way>
  <way id="42508858">
    <nd ref="252122973" />
    <nd ref="2287775625" />
    <nd ref="252122974" />
    <nd ref="278386351" />
    <nd ref="11539747055" />
    <nd ref="252122975" />
    <nd ref="278386362" />
    <nd ref="8370039347" />
    <nd ref="252122976" />
    <nd ref="266355454" />
    <tag k="highway" v="residential" />
    <tag k="lit" v="yes" />
    <tag k="maxspeed" v="30" />
    <tag k="name" v="Bittlmairstraße" />
    <tag k="source" v="HiRes aerial imagery" />
    <tag k="surface" v="asphalt" />
  </way>
  <way id="42508860">
    <nd ref="530808363" />
    <nd ref="429486453" />
    <tag k="cycleway:both" v="no" />
    <tag k="highway" v="residential" />
    <tag k="lane_markings" v="no" />
    <tag k="lit" v="yes" />
    <tag k="name" v="Prinz-Leopold-Straße" />
    <tag k="surface" v="asphalt" />
  </way>
  <way id="44591095">
    <nd ref="566265038" />
    <nd ref="8262055147" />
    <nd ref="8262055146" />
    <nd ref="566265105" />
    <nd ref="1507611851" />
    <nd ref="1602167915" />
    <nd ref="1507611842" />
    <nd ref="8262055143" />
    <nd ref="289036652" />
    <tag k="bicycle" v="designated" />
    <tag k="foot" v="designated" />
    <tag k="highway" v="path" />
    <tag k="lit" v="yes" />
    <tag k="name" v="Gustav-Adolf-Straße" />
    <tag k="segregated" v="no" />
    <tag k="source" v="HiRes aerial imagery" />
    <tag k="surface" v="asphalt" />
    <tag k="width" v="2" />
  </way>
  <way id="44959795">
    <nd ref="225396213" />
    <nd ref="726492519" />
    <nd ref="3437722509" />
    <tag k="highway" v="residential" />
    <tag k="name" v="Jörg-Breu-Straße" />
  </way>
  <way id="48742425">
    <nd ref="30965815" />
    <nd ref="9074461441" />
    <nd ref="30965817" />
    <tag k="bicycle" v="designated" />
    <tag k="cycleway" v="track" />
    <tag k="foot" v="designated" />
    <tag k="highway" v="tertiary" />
    <tag k="lanes" v="3" />
    <tag k="lanes:backward" v="1" />
    <tag k="lanes:forward" v="1" />
    <tag k="maxspeed" v="50" />
    <tag k="name" v="Asamstraße" />
    <tag k="psv" v="yes" />
    <tag k="ref" v="IN 13" />
    <tag k="smoothness" v="good" />
    <tag k="source" v="HiRes aerial imagery" />
    <tag k="surface" v="asphalt" />
  </way>
  <way id="51244814">
    <nd ref="336359419" />
    <nd ref="293900615" />
    <nd ref="7291518319" />
    <nd ref="336359415" />
    <nd ref="6761042443" />
    <nd ref="288568925" />
    <nd ref="336359411" />
    <nd ref="1637088067" />
    <nd ref="11630878998" />
    <nd ref="1637088039" />
    <nd ref="252123970" />
    <tag k="highway" v="residential" />
    <tag k="lanes" v="2" />
    <tag k="lanes:backward" v="1" />
    <tag k="lanes:forward" v="1" />
    <tag k="lit" v="yes" />
    <tag k="maxspeed" v="30" />
    <tag k="name" v="Spitalhofstraße" />
    <tag k="source" v="HiRes aerial imagery" />
    <tag k="surface" v="asphalt" />
  </way>
  <way id="54033673">
    <nd ref="21532593" />
    <nd ref="324661590" />
    <nd ref="1834137016" />
    <nd ref="1443568599" />
    <tag k="cycleway:right" v="no" />
    <tag k="highway" v="primary" />
    <tag k="lanes" v="4" />
    <tag k="maxspeed" v="50" />
    <tag k="name" v="Südliche Ringstraße" />
    <tag k="oneway" v="yes" />
    <tag k="ref" v="B 13" />
    <tag k="source" v="HiRes aerial imagery" />
    <tag k="surface" v="asphalt" />
    <tag k="turn:lanes" v="left|through|through|slight_left" />
  </way>
  <way id="55573559">
    <nd ref="365286996" />
    <nd ref="2108878149" />
    <nd ref="717437969" />
    <nd ref="10963023592" />
    <nd ref="698510464" />
    <tag k="highway" v="footway" />
    <tag k="lit" v="yes" />
    <tag k="surface" v="pebblestone" />
  </way>
  <way id="55686340">
    <nd ref="699711167" />
    <nd ref="699711233" />
    <nd ref="2232080978" />
    <nd ref="3698295444" />
    <nd ref="4319249245" />
    <nd ref="699711226" />
    <tag k="bicycle" v="no" />
    <tag k="highway" v="footway" />
    <tag k="level" v="0" />
    <tag k="lit" v="yes" />
    <tag k="smoothness" v="excellent" />
    <tag k="surface" v="paving_stones" />
  </way>
  <way id="56031014">
    <nd ref="703348359" />
    <nd ref="703348373" />
    <nd ref="2129977076" />
    <nd ref="703348397" />
    <nd ref="703348365" />
    <nd ref="703348387" />
    <nd ref="703348381" />
    <tag k="highway" v="service" />
    <tag k="lit" v="yes" />
    <tag k="surface" v="paving_stones" />
  </way>
  <way id="57827571">
    <nd ref="717438053" />
    <nd ref="343637928" />
    <nd ref="331037872" />
    <tag k="foot" v="yes" />
    <tag k="highway" v="footway" />
    <tag k="lit" v="no" />
    <tag k="surface" v="fine_gravel" />
  </way>
  <way id="58295043">
    <nd ref="722875485" />
    <nd ref="1834196096" />
    <nd ref="747072551" />
    <nd ref="21532610" />
    <nd ref="747072616" />
    <nd ref="472429763" />
    <nd ref="1834159749" />
    <nd ref="1834159747" />
    <nd ref="8759698574" />
    <nd ref="7249515349" />
    <nd ref="8759698571" />
    <nd ref="2129028168" />
    <nd ref="2129028155" />
    <tag k="highway" v="primary" />
    <tag k="lanes" v="4" />
    <tag k="lanes:backward" v="2" />
    <tag k="lanes:forward" v="2" />
    <tag k="maxspeed" v="50" />
    <tag k="name" v="Münchener Straße" />
    <tag k="name:etymology:wikidata" v="Q1726" />
    <tag k="psv" v="yes" />
    <tag k="ref" v="B 13" />
    <tag k="sidewalk" v="separate" />
    <tag k="source" v="HiRes aerial imagery" />
    <tag k="surface" v="asphalt" />
  </way>
  <way id="60100817">
    <nd ref="7938708047" />
    <nd ref="746753194" />
    <nd ref="289430380" />
    <tag k="highway" v="footway" />
    <tag k="surface" v="pebblestone" />
  </way>
  <way id="60100819">
    <nd ref="7938708049" />
    <nd ref="746753170" />
    <tag k="highway" v="footway" />
    <tag k="surface" v="pebblestone" />
  </way>
  <way id="60100820">
    <nd ref="7938708048" />
    <nd ref="11482799371" />
    <nd ref="746753206" />
    <nd ref="5298901692" />
    <tag k="highway" v="footway" />
    <tag k="surface" v="pebblestone" />
  </way>
  <way id="60135599">
    <nd ref="747072551" />
    <nd ref="1834131473" />
    <nd ref="3828188280" />
    <nd ref="747072572" />
    <nd ref="2337351311" />
    <tag k="highway" v="service" />
    <tag k="oneway" v="yes" />
  </way>
  <way id="61326416">
    <nd ref="225396262" />
    <nd ref="766009297" />
    <nd ref="766009275" />
    <nd ref="766009347" />
    <nd ref="1835775034" />
    <nd ref="1850082557" />
    <tag k="foot" v="yes" />
    <tag k="highway" v="footway" />
    <tag k="lit" v="yes" />
    <tag k="surface" v="asphalt" />
  </way>
  <way id="61326422">
    <nd ref="766009396" />
    <nd ref="766009335" />
    <tag k="highway" v="footway" />
    <tag k="surface" v="asphalt" />
  </way>
  <way id="61326425">
    <nd ref="766009349" />
    <nd ref="766009318" />
    <nd ref="1198400319" />
    <nd ref="1198400322" />
    <nd ref="766009257" />
    <nd ref="766009232" />
    <nd ref="1197458992" />
    <tag k="bicycle" v="designated" />
    <tag k="foot" v="designated" />
    <tag k="highway" v="path" />
    <tag k="segregated" v="no" />
    <tag k="source" v="HiRes aerial imagery" />
    <tag k="surface" v="asphalt" />
  </way>
  <way id="61940355">
    <nd ref="772166897" />
    <nd ref="7627056306" />
    <tag k="TMC:cid_58:tabcd_1:Class" v="Area" />
    <tag k="TMC:cid_58:tabcd_1:LCLversion" v="8.00" />
    <tag k="TMC:cid_58:tabcd_1:LocationCode" v="33078" />
    <tag k="bicycle" v="no" />
    <tag k="bridge" v="yes" />
    <tag k="check_date" v="2020-06-24" />
    <tag k="foot" v="no" />
    <tag k="highway" v="secondary" />
    <tag k="horse" v="no" />
    <tag k="lanes" v="3" />
    <tag k="lanes:backward" v="1" />
    <tag k="lanes:forward" v="2" />
    <tag k="layer" v="2" />
    <tag k="lit" v="yes" />
    <tag k="maxspeed" v="50" />
    <tag k="name" v="Glacisbrücke" />
    <tag k="ref" v="IN 17" />
    <tag k="shoulder" v="no" />
    <tag k="source" v="HiRes aerial imagery" />
    <tag k="surface" v="asphalt" />
    <tag k="turn:lanes:forward" v="through|through;right" />
    <tag k="wikidata" v="Q1529004" />
    <tag k="wikipedia" v="de:Glacisbrücke Ingolstadt" />
  </way>
  <way id="61940356">
    <nd ref="1723628634" />
    <nd ref="40091418" />
    <nd ref="1636466385" />
    <nd ref="40091436" />
    <tag k="bicycle" v="no" />
    <tag k="cutting" v="yes" />
    <tag k="highway" v="secondary" />
    <tag k="lanes" v="3" />
    <tag k="lanes:backward" v="2" />
    <tag k="lanes:forward" v="1" />
    <tag k="maxspeed" v="50" />
    <tag k="name" v="Südliche Ringstraße" />
    <tag k="ref" v="IN 17" />
    <tag k="source" v="HiRes aerial imagery" />
    <tag k="surface" v="asphalt" />
    <tag k="turn:lanes:backward" v="through|right" />
  </way>
  <way id="62217795">
    <nd ref="293184222" />
    <nd ref="776120601" />
    <nd ref="1637705066" />
    <nd ref="776120604" />
    <nd ref="776120607" />
    <nd ref="776120610" />
    <nd ref="776120612" />
    <nd ref="1637705036" />
    <nd ref="776120615" />
    <nd ref="1637705027" />
    <nd ref="776120618" />
    <nd ref="776120622" />
    <nd ref="1637705026" />
    <nd ref="776120626" />
    <nd ref="1637705013" />
    <nd ref="1637705011" />
    <nd ref="776120633" />
    <nd ref="776120636" />
    <nd ref="776120640" />
    <nd ref="1639935411" />
    <tag k="bicycle" v="yes" />
    <tag k="highway" v="footway" />
    <tag k="surface" v="gravel" />
  </way>
  <way id="65011805">
    <nd ref="796260115" />
    <nd ref="796260199" />
    <nd ref="2053244664" />
    <nd ref="796260204" />
    <nd ref="796260049" />
    <tag k="bicycle" v="designated" />
    <tag k="foot" v="designated" />
    <tag k="highway" v="path" />
    <tag k="segregated" v="no" />
    <tag k="source" v="HiRes aerial imagery" />
    <tag k="surface" v="asphalt" />
  </way>
  <way id="80398871">
    <nd ref="9596780234" />
    <nd ref="9596780235" />
    <nd ref="9074461504" />
    <nd ref="938227812" />
    <nd ref="2889786622" />
    <nd ref="938227819" />
    <nd ref="938227825" />
    <tag k="highway" v="footway" />
    <tag k="surface" v="paving_stones" />
    <tag k="width" v="2" />
  </way>
  <way id="83808285">
    <nd ref="975729486" />
    <nd ref="2337351256" />
    <nd ref="975729506" />
    <nd ref="7629259425" />
    <nd ref="7629259424" />
    <nd ref="7629259423" />
    <nd ref="7629259422" />
    <nd ref="7629259421" />
    <tag k="highway" v="service" />
    <tag k="surface" v="paving_stones" />
  </way>
  <way id="83808287">
    <nd ref="472442948" />
    <nd ref="975729503" />
    <tag k="highway" v="service" />
    <tag k="source" v="HiRes aerial imagery" />
    <tag k="surface" v="paving_stones" />
  </way>
  <way id="83808288">
    <nd ref="975729505" />
    <nd ref="1795399135" />
    <nd ref="1496557400" />
    <nd ref="9236386818" />
    <tag k="highway" v="service" />
    <tag k="service" v="parking_aisle" />
    <tag k="surface" v="asphalt" />
  </way>
  <way id="83808289">
    <nd ref="975729492" />
    <nd ref="975729503" />
    <tag k="bicycle" v="designated" />
    <tag k="cycleway:surface" v="asphalt" />
    <tag k="foot" v="designated" />
    <tag k="footway" v="sidewalk" />
    <tag k="footway:surface" v="paving_stones" />
    <tag k="highway" v="footway" />
    <tag k="segregated" v="yes" />
    <tag k="source" v="HiRes aerial imagery" />
    <tag k="surface" v="paved" />
    <tag k="vehicle" v="yes" />
  </way>
  <way id="83808292">
    <nd ref="975729500" />
    <nd ref="10177801584" />
    <nd ref="975729505" />
    <nd ref="975729491" />
    <tag k="highway" v="service" />
    <tag k="service" v="parking_aisle" />
    <tag k="surface" v="asphalt" />
  </way>
  <way id="83808293">
    <nd ref="288571441" />
    <nd ref="975729492" />
    <tag k="highway" v="service" />
    <tag k="name" v="Münchener Straße" />
    <tag k="name:etymology:wikidata" v="Q1726" />
    <tag k="source" v="HiRes aerial imagery" />
  </way>
  <way id="93112169">
    <nd ref="1079366412" />
    <nd ref="7616444539" />
    <nd ref="1079366002" />
    <nd ref="4370465341" />
    <nd ref="1079366629" />
    <nd ref="1079366342" />
    <nd ref="1079366570" />
    <nd ref="4370465339" />
    <nd ref="1636466429" />
    <nd ref="1079366285" />
    <tag k="highway" v="service" />
    <tag k="source" v="HiRes aerial imagery" />
  </way>
  <way id="101731825">
    <nd ref="1174664324" />
    <nd ref="9074461500" />
    <nd ref="1174664235" />
    <nd ref="1174664175" />
    <tag k="bicycle" v="designated" />
    <tag k="foot" v="designated" />
    <tag k="highway" v="path" />
    <tag k="segregated" v="no" />
    <tag k="surface" v="paving_stones" />
  </way>
  <way id="103686111">
    <nd ref="1197035246" />
    <nd ref="1197035419" />
    <nd ref="1637705208" />
    <nd ref="1197035304" />
    <tag k="bicycle" v="designated" />
    <tag k="foot" v="designated" />
    <tag k="highway" v="path" />
    <tag k="segregated" v="no" />
    <tag k="surface" v="asphalt" />
    <tag k="width" v="2" />
  </way>
  <way id="103686113">
    <nd ref="1197035348" />
    <nd ref="266359526" />
    <tag k="bicycle" v="designated" />
    <tag k="foot" v="designated" />
    <tag k="highway" v="path" />
    <tag k="segregated" v="no" />
    <tag k="surface" v="asphalt" />
    <tag k="width" v="5" />
  </way>
  <way id="103686114">
    <nd ref="305515145" />
    <nd ref="1197035388" />
    <nd ref="1197035496" />
    <nd ref="1197035335" />
    <nd ref="8235030190" />
    <tag k="bicycle" v="designated" />
    <tag k="foot" v="designated" />
    <tag k="highway" v="path" />
    <tag k="lit" v="yes" />
    <tag k="segregated" v="no" />
    <tag k="surface" v="asphalt" />
    <tag k="width" v="2" />
  </way>
  <way id="103686115">
    <nd ref="293184333" />
    <nd ref="4326573529" />
    <nd ref="1197035273" />
    <tag k="highway" v="steps" />
  </way>
  <way id="103686116">
    <nd ref="1197035299" />
    <nd ref="4326573528" />
    <nd ref="1197035460" />
    <tag k="handrail" v="yes" />
    <tag k="highway" v="steps" />
    <tag k="incline" v="down" />
  </way>
  <way id="103686117">
    <nd ref="470506674" />
    <nd ref="470506678" />
    <nd ref="470506682" />
    <nd ref="470506685" />
    <nd ref="470506687" />
    <nd ref="470506689" />
    <nd ref="293184370" />
    <nd ref="470506693" />
    <nd ref="470506694" />
    <nd ref="293184348" />
    <tag k="bicycle" v="yes" />
    <tag k="highway" v="footway" />
    <tag k="source" v="HiRes aerial imagery" />
  </way>
  <way id="103686119">
    <nd ref="470506759" />
    <nd ref="9257478585" />
    <nd ref="1197035460" />
    <tag k="highway" v="footway" />
    <tag k="surface" v="asphalt" />
  </way>
  <way id="103686120">
    <nd ref="293187820" />
    <nd ref="1636466431" />
    <nd ref="1636466433" />
    <nd ref="269095275" />
    <tag k="bicycle" v="designated" />
    <tag k="foot" v="designated" />
    <tag k="highway" v="path" />
    <tag k="lit" v="yes" />
    <tag k="oneway" v="no" />
    <tag k="segregated" v="no" />
    <tag k="source" v="HiRes aerial imagery" />
    <tag k="surface" v="asphalt" />
  </way>
  <way id="103686121">
    <nd ref="293184370" />
    <nd ref="293184376" />
    <nd ref="293184381" />
    <tag k="bicycle" v="yes" />
    <tag k="highway" v="footway" />
    <tag k="source" v="HiRes aerial imagery" />
  </way>
  <way id="103686122">
    <nd ref="314912398" />
    <nd ref="1197035245" />
    <nd ref="1197035381" />
    <nd ref="305515148" />
    <tag k="bicycle" v="designated" />
    <tag k="foot" v="designated" />
    <tag k="highway" v="path" />
    <tag k="segregated" v="no" />
    <tag k="surface" v="asphalt" />
    <tag k="width" v="2" />
  </way>
  <way id="103686123">
    <nd ref="8233822243" />
    <nd ref="1442150185" />
    <nd ref="266359527" />
    <tag k="bicycle" v="designated" />
    <tag k="foot" v="designated" />
    <tag k="highway" v="path" />
    <tag k="segregated" v="no" />
    <tag k="surface" v="asphalt" />
  </way>
  <way id="103686124">
    <nd ref="1197035419" />
    <nd ref="1197035339" />
    <nd ref="1197035498" />
    <nd ref="314912398" />
    <tag k="bicycle" v="designated" />
    <tag k="foot" v="designated" />
    <tag k="highway" v="path" />
    <tag k="segregated" v="no" />
    <tag k="surface" v="asphalt" />
    <tag k="width" v="2" />
  </way>
  <way id="103686125">
    <nd ref="1197035305" />
    <nd ref="1197035465" />
    <nd ref="305515148" />
    <nd ref="7869390036" />
    <nd ref="305515155" />
    <tag k="bicycle" v="designated" />
    <tag k="foot" v="designated" />
    <tag k="highway" v="path" />
    <tag k="segregated" v="no" />
    <tag k="surface" v="asphalt" />
    <tag k="width" v="2" />
  </way>
  <way id="103686126">
    <nd ref="1197035247" />
    <nd ref="1197035331" />
    <nd ref="314912393" />
    <tag k="bicycle" v="designated" />
    <tag k="foot" v="designated" />
    <tag k="highway" v="path" />
    <tag k="segregated" v="no" />
    <tag k="surface" v="asphalt" />
    <tag k="width" v="2" />
  </way>
  <way id="103686127">
    <nd ref="1197035379" />
    <nd ref="1197035273" />
    <tag k="highway" v="footway" />
  </way>
  <way id="103686129">
    <nd ref="293187815" />
    <nd ref="266359527" />
    <nd ref="1197035463" />
    <nd ref="4346910330" />
    <nd ref="1197035348" />
    <tag k="bicycle" v="designated" />
    <tag k="bicycle_road" v="yes" />
    <tag k="highway" v="residential" />
    <tag k="maxspeed" v="30" />
    <tag k="motor_vehicle" v="yes" />
    <tag k="name" v="Parkstraße" />
    <tag k="noexit" v="yes" />
    <tag k="psv" v="no" />
    <tag k="source:maxspeed" v="DE:bicycle_road" />
    <tag k="surface" v="asphalt" />
    <tag k="traffic_sign" v="DE:244.1" />
    <tag k="width" v="5" />
  </way>
  <way id="103687099">
    <nd ref="8235030190" />
    <nd ref="1197035390" />
    <tag k="bicycle" v="designated" />
    <tag k="foot" v="designated" />
    <tag k="highway" v="path" />
    <tag k="lit" v="yes" />
    <tag k="segregated" v="no" />
    <tag k="surface" v="asphalt" />
    <tag k="width" v="2" />
  </way>
  <way id="103718173">
    <nd ref="370771400" />
    <nd ref="1834131479" />
    <tag k="cycleway:both" v="no" />
    <tag k="highway" v="residential" />
    <tag k="lanes" v="2" />
    <tag k="lanes:backward" v="1" />
    <tag k="lanes:forward" v="1" />
    <tag k="maxspeed" v="50" />
    <tag k="name" v="Weningstraße" />
    <tag k="surface" v="asphalt" />
  </way>
  <way id="103718178">
    <nd ref="324661614" />
    <nd ref="1197458949" />
    <nd ref="11987706484" />
    <nd ref="25633366" />
    <nd ref="11987706483" />
    <nd ref="11987706489" />
    <nd ref="1197458837" />
    <nd ref="1197458722" />
    <nd ref="11987706488" />
    <nd ref="25633367" />
    <tag k="highway" v="primary" />
    <tag k="lanes" v="2" />
    <tag k="maxspeed" v="50" />
    <tag k="name" v="Südliche Ringstraße" />
    <tag k="oneway" v="yes" />
    <tag k="ref" v="B 13" />
    <tag k="source" v="HiRes aerial imagery" />
    <tag k="surface" v="asphalt" />
    <tag k="turn:lanes" v="through|through" />
  </way>
  <way id="103718186">
    <nd ref="434405789" />
    <nd ref="434404883" />
    <tag k="highway" v="residential" />
    <tag k="lanes" v="2" />
    <tag k="lanes:backward" v="1" />
    <tag k="lanes:forward" v="1" />
    <tag k="maxspeed" v="50" />
    <tag k="name" v="Weningstraße" />
    <tag k="psv" v="yes" />
    <tag k="sidewalk" v="no" />
    <tag k="source" v="HiRes aerial imagery" />
    <tag k="surface" v="asphalt" />
  </way>
  <way id="111360155">
    <nd ref="1268916619" />
    <nd ref="1268916620" />
    <tag k="handrail" v="yes" />
    <tag k="highway" v="steps" />
    <tag k="incline" v="up" />
    <tag k="lit" v="no" />
    <tag k="ramp" v="no" />
    <tag k="step_count" v="14" />
    <tag k="surface" v="concrete" />
  </way>
  <way id="111360157">
    <nd ref="1268916620" />
    <nd ref="250712533" />
    <tag k="highway" v="path" />
    <tag k="surface" v="asphalt" />
  </way>
  <way id="111360159">
    <nd ref="1268916618" />
    <nd ref="1795399357" />
    <nd ref="1268916617" />
    <tag k="highway" v="path" />
    <tag k="surface" v="compacted" />
  </way>
  <way id="115881042">
    <nd ref="1307952744" />
    <nd ref="5698837846" />
    <tag k="access" v="private" />
    <tag k="highway" v="service" />
    <tag k="service" v="driveway" />
    <tag k="source" v="A.M. Stadt Ingolstadt Nr. 24" />
    <tag k="surface" v="asphalt" />
  </way>
  <way id="116765451">
    <nd ref="249179919" />
    <nd ref="1834159689" />
    <nd ref="9594240014" />
    <nd ref="21532602" />
    <nd ref="9596905885" />
    <nd ref="2109053612" />
    <nd ref="255878732" />
    <tag k="cycleway:both" v="separate" />
    <tag k="highway" v="primary" />
    <tag k="lanes" v="4" />
    <tag k="maxspeed" v="50" />
    <tag k="name" v="Münchener Straße" />
    <tag k="name:etymology:wikidata" v="Q1726" />
    <tag k="psv" v="yes" />
    <tag k="ref" v="B 13" />
    <tag k="sidewalk:both" v="separate" />
    <tag k="smoothness" v="excellent" />
    <tag k="source" v="HiRes aerial imagery" />
    <tag k="surface" v="asphalt" />
  </way>
  <way id="116765453">
    <nd ref="8252184262" />
    <nd ref="8252184263" />
    <tag k="handrail" v="yes" />
    <tag k="highway" v="steps" />
    <tag k="ramp" v="no" />
    <tag k="source" v="HiRes aerial imagery" />
    <tag k="step_count" v="18" />
    <tag k="surface" v="concrete" />
    <tag k="tactile_paving" v="no" />
  </way>
  <way id="116765454">
    <nd ref="472439049" />
    <nd ref="8252184267" />
    <tag k="cutting" v="yes" />
    <tag k="highway" v="footway" />
    <tag k="source" v="HiRes aerial imagery" />
    <tag k="surface" v="asphalt" />
    <tag k="traffic_sign" v="DE:239" />
  </way>
  <way id="116765456">
    <nd ref="1315532879" />
    <nd ref="8252184264" />
    <tag k="handrail" v="yes" />
    <tag k="highway" v="steps" />
    <tag k="ramp" v="no" />
    <tag k="source" v="HiRes aerial imagery" />
    <tag k="step_count" v="18" />
    <tag k="surface" v="concrete" />
    <tag k="tactile_paving" v="no" />
  </way>
  <way id="116765458">
    <nd ref="1315532825" />
    <nd ref="1315532874" />
    <tag k="foot" v="designated" />
    <tag k="highway" v="footway" />
    <tag k="layer" v="-1" />
    <tag k="lit" v="yes" />
    <tag k="surface" v="asphalt" />
    <tag k="tunnel" v="yes" />
  </way>
  <way id="116765460">
    <nd ref="1315532881" />
    <nd ref="10177801588" />
    <tag k="bicycle" v="designated" />
    <tag k="cycleway:surface" v="asphalt" />
    <tag k="foot" v="designated" />
    <tag k="footway" v="sidewalk" />
    <tag k="footway:surface" v="paving_stones" />
    <tag k="highway" v="footway" />
    <tag k="segregated" v="yes" />
    <tag k="source" v="HiRes aerial imagery" />
    <tag k="surface" v="paved" />
  </way>
  <way id="116765462">
    <nd ref="1315532851" />
    <nd ref="1315532825" />
    <tag k="handrail" v="yes" />
    <tag k="highway" v="steps" />
    <tag k="incline" v="down" />
    <tag k="platform_lift" v="no" />
    <tag k="ramp" v="yes" />
    <tag k="ramp:bicycle" v="yes" />
    <tag k="step:height" v="0.14" />
    <tag k="step_count" v="18" />
    <tag k="tactile_paving" v="no" />
    <tag k="tactile_writing" v="no" />
  </way>
  <way id="116765463">
    <nd ref="1315532865" />
    <nd ref="1315532874" />
    <tag k="handrail" v="yes" />
    <tag k="highway" v="steps" />
    <tag k="incline" v="down" />
    <tag k="platform_lift" v="no" />
    <tag k="ramp" v="yes" />
    <tag k="ramp:bicycle" v="yes" />
    <tag k="step:height" v="0.14" />
    <tag k="step_count" v="12" />
    <tag k="tactile_paving" v="no" />
    <tag k="tactile_writing" v="no" />
  </way>
  <way id="116765464">
    <nd ref="472439066" />
    <nd ref="8252184260" />
    <nd ref="10177801598" />
    <nd ref="1315532877" />
    <nd ref="1834159690" />
    <nd ref="1315532879" />
    <tag k="highway" v="footway" />
    <tag k="source" v="HiRes aerial imagery" />
    <tag k="surface" v="asphalt" />
  </way>
  <way id="118004622">
    <nd ref="1328156490" />
    <nd ref="1328156579" />
    <tag k="highway" v="service" />
    <tag k="service" v="parking_aisle" />
    <tag k="surface" v="asphalt" />
  </way>
  <way id="118004624">
    <nd ref="1328156421" />
    <nd ref="6292979892" />
    <nd ref="1328156485" />
    <tag k="highway" v="living_street" />
    <tag k="name" v="Hildegard-Knef-Straße" />
    <tag k="source" v="A.M. Stadt Ingolstadt Nr. 24" />
    <tag k="surface" v="asphalt" />
  </way>
  <way id="118004642">
    <nd ref="1328156697" />
    <nd ref="1328156475" />
    <tag k="highway" v="service" />
    <tag k="service" v="parking_aisle" />
    <tag k="surface" v="asphalt" />
  </way>
  <way id="118004649">
    <nd ref="1328156431" />
    <nd ref="1328156530" />
    <tag k="highway" v="service" />
    <tag k="service" v="parking_aisle" />
    <tag k="surface" v="asphalt" />
  </way>
  <way id="121110646">
    <nd ref="293187829" />
    <nd ref="1882653171" />
    <nd ref="293187825" />
    <nd ref="293187823" />
    <nd ref="293187821" />
    <nd ref="1636466447" />
    <nd ref="293187820" />
    <tag k="foot" v="designated" />
    <tag k="highway" v="footway" />
    <tag k="lit" v="yes" />
    <tag k="surface" v="asphalt" />
    <tag k="traffic_sign" v="DE:239,1022-10" />
    <tag k="width" v="2" />
  </way>
  <way id="125496619">
    <nd ref="452402580" />
    <nd ref="452402581" />
    <tag k="foot" v="permissive" />
    <tag k="handrail" v="yes" />
    <tag k="highway" v="steps" />
    <tag k="incline" v="up" />
    <tag k="ramp" v="no" />
    <tag k="surface" v="concrete" />
    <tag k="tactile_paving" v="no" />
  </way>
  <way id="130996520">
    <nd ref="1442207875" />
    <nd ref="26288189" />
    <nd ref="1442207872" />
    <nd ref="11336236482" />
    <nd ref="7623708694" />
    <tag k="cycleway:right" v="no" />
    <tag k="highway" v="tertiary" />
    <tag k="lanes" v="4" />
    <tag k="maxspeed" v="50" />
    <tag k="name" v="Brückenkopf" />
    <tag k="oneway" v="yes" />
    <tag k="psv" v="yes" />
    <tag k="sidewalk:left" v="no" />
    <tag k="sidewalk:right" v="separate" />
    <tag k="surface" v="asphalt" />
    <tag k="turn:lanes" v="left|through|through|right" />
  </way>
  <way id="130996526">
    <nd ref="1442150014" />
    <nd ref="305066890" />
    <tag k="bicycle" v="designated" />
    <tag k="foot" v="designated" />
    <tag k="highway" v="path" />
    <tag k="layer" v="-1" />
    <tag k="lit" v="yes" />
    <tag k="segregated" v="no" />
    <tag k="source" v="HiRes aerial imagery" />
    <tag k="surface" v="asphalt" />
    <tag k="tunnel" v="yes" />
    <tag k="width" v="2" />
  </way>
  <way id="130996527">
    <nd ref="1442150004" />
    <nd ref="1442150014" />
    <tag k="bicycle" v="designated" />
    <tag k="foot" v="designated" />
    <tag k="highway" v="path" />
    <tag k="segregated" v="no" />
    <tag k="source" v="HiRes aerial imagery" />
    <tag k="surface" v="asphalt" />
    <tag k="width" v="2" />
  </way>
  <way id="130996529">
    <nd ref="1442150174" />
    <nd ref="1442207900" />
    <nd ref="1442207899" />
    <nd ref="1442207898" />
    <nd ref="1442207906" />
    <tag k="highway" v="service" />
    <tag k="maxspeed" v="10" />
    <tag k="source" v="HiRes aerial imagery" />
    <tag k="surface" v="paved" />
  </way>
  <way id="130996532">
    <nd ref="470506713" />
    <nd ref="1442207878" />
    <nd ref="309942460" />
    <nd ref="1442207873" />
    <nd ref="370771688" />
    <nd ref="8944718694" />
    <nd ref="1442207871" />
    <nd ref="309942467" />
    <tag k="bicycle" v="designated" />
    <tag k="foot" v="designated" />
    <tag k="highway" v="path" />
    <tag k="segregated" v="no" />
    <tag k="source" v="HiRes aerial imagery" />
    <tag k="surface" v="asphalt" />
    <tag k="width" v="2" />
  </way>
  <way id="131118448">
    <nd ref="349313141" />
    <nd ref="1443568826" />
    <nd ref="349313143" />
    <nd ref="1443568811" />
    <nd ref="359941587" />
    <nd ref="1443568829" />
    <nd ref="349313144" />
    <nd ref="1443568834" />
    <nd ref="359941589" />
    <nd ref="1443568861" />
    <nd ref="349313145" />
    <nd ref="1443568864" />
    <nd ref="359941591" />
    <nd ref="1443568865" />
    <nd ref="349313147" />
    <nd ref="1443568863" />
    <nd ref="349313148" />
    <nd ref="1443568837" />
    <nd ref="359941595" />
    <nd ref="1443568831" />
    <nd ref="349313141" />
    <tag k="highway" v="residential" />
    <tag k="junction" v="roundabout" />
    <tag k="name" v="Stauffenbergstraße" />
    <tag k="noexit" v="yes" />
    <tag k="psv" v="no" />
    <tag k="source" v="HiRes aerial imagery" />
  </way>
  <way id="131118449">
    <nd ref="1443568689" />
    <nd ref="1443568678" />
    <tag k="access" v="employees" />
    <tag k="highway" v="service" />
    <tag k="psv" v="no" />
    <tag k="service" v="parking_aisle" />
    <tag k="source" v="HiRes aerial imagery" />
    <tag k="surface" v="asphalt" />
  </way>
  <way id="131118453">
    <nd ref="1443568804" />
    <nd ref="7869390100" />
    <nd ref="1443568740" />
    <tag k="highway" v="service" />
    <tag k="psv" v="no" />
    <tag k="source" v="HiRes aerial imagery" />
    <tag k="surface" v="asphalt" />
  </way>
  <way id="131118454">
    <nd ref="1443568690" />
    <nd ref="1443568689" />
    <tag k="access" v="employees" />
    <tag k="highway" v="service" />
    <tag k="psv" v="no" />
    <tag k="service" v="parking_aisle" />
    <tag k="source" v="HiRes aerial imagery" />
    <tag k="surface" v="asphalt" />
  </way>
  <way id="131118455">
    <nd ref="1443568677" />
    <nd ref="1443568690" />
    <tag k="access" v="employees" />
    <tag k="highway" v="service" />
    <tag k="psv" v="no" />
    <tag k="source" v="HiRes aerial imagery" />
    <tag k="surface" v="asphalt" />
  </way>
  <way id="131118457">
    <nd ref="1443568827" />
    <nd ref="359941583" />
    <tag k="bicycle" v="yes" />
    <tag k="highway" v="footway" />
    <tag k="source" v="HiRes aerial imagery" />
    <tag k="surface" v="unpaved" />
  </way>
  <way id="131118458">
    <nd ref="1443568740" />
    <nd ref="7869390099" />
    <nd ref="1443568717" />
    <nd ref="1443568709" />
    <tag k="access" v="employees" />
    <tag k="highway" v="service" />
    <tag k="psv" v="no" />
    <tag k="source" v="HiRes aerial imagery" />
    <tag k="surface" v="asphalt" />
  </way>
  <way id="131118459">
    <nd ref="1443568678" />
    <nd ref="1443568688" />
    <nd ref="1443568691" />
    <tag k="access" v="employees" />
    <tag k="highway" v="service" />
    <tag k="psv" v="no" />
    <tag k="service" v="parking_aisle" />
    <tag k="source" v="HiRes aerial imagery" />
    <tag k="surface" v="asphalt" />
  </way>
  <way id="131118460">
    <nd ref="1443568656" />
    <nd ref="1443568676" />
    <nd ref="1443568683" />
    <tag k="access" v="employees" />
    <tag k="highway" v="service" />
    <tag k="psv" v="no" />
    <tag k="service" v="parking_aisle" />
    <tag k="source" v="HiRes aerial imagery" />
    <tag k="surface" v="asphalt" />
  </way>
  <way id="131118462">
    <nd ref="1443568693" />
    <nd ref="1443568688" />
    <nd ref="1443568676" />
    <nd ref="1443568654" />
    <tag k="access" v="employees" />
    <tag k="highway" v="service" />
    <tag k="psv" v="no" />
    <tag k="service" v="parking_aisle" />
    <tag k="source" v="HiRes aerial imagery" />
    <tag k="surface" v="asphalt" />
  </way>
  <way id="131118463">
    <nd ref="1443568674" />
    <nd ref="360448269" />
    <nd ref="8235030215" />
    <nd ref="310280299" />
    <nd ref="310280199" />
    <tag k="highway" v="service" />
    <tag k="lanes" v="1" />
    <tag k="oneway" v="yes" />
    <tag k="psv" v="no" />
    <tag k="source" v="HiRes aerial imagery" />
    <tag k="surface" v="asphalt" />
    <tag k="turn:lanes" v="left" />
  </way>
  <way id="131118464">
    <nd ref="1443568829" />
    <nd ref="1443568827" />
    <nd ref="1443568808" />
    <nd ref="1443568805" />
    <nd ref="1443568783" />
    <tag k="highway" v="service" />
    <tag k="source" v="HiRes aerial imagery" />
  </way>
  <way id="131118466">
    <nd ref="1443568612" />
    <nd ref="1443568623" />
    <nd ref="1443568627" />
    <nd ref="1443568633" />
    <nd ref="1443568640" />
    <nd ref="1443568668" />
    <nd ref="1443568674" />
    <tag k="highway" v="service" />
    <tag k="lanes" v="1" />
    <tag k="oneway" v="yes" />
    <tag k="psv" v="no" />
    <tag k="source" v="HiRes aerial imagery" />
    <tag k="surface" v="asphalt" />
    <tag k="turn:lanes" v="right" />
  </way>
  <way id="131118467">
    <nd ref="1443568677" />
    <nd ref="1443568672" />
    <nd ref="1443568642" />
    <nd ref="1443568631" />
    <nd ref="1443568625" />
    <nd ref="1443568619" />
    <nd ref="1443568616" />
    <tag k="highway" v="service" />
    <tag k="lanes" v="1" />
    <tag k="oneway" v="yes" />
    <tag k="psv" v="no" />
    <tag k="source" v="HiRes aerial imagery" />
    <tag k="surface" v="asphalt" />
    <tag k="turn:lanes" v="right" />
  </way>
  <way id="131118468">
    <nd ref="1443568612" />
    <nd ref="1834137017" />
    <nd ref="310280199" />
    <tag k="cycleway:right" v="no" />
    <tag k="highway" v="primary" />
    <tag k="lanes" v="2" />
    <tag k="maxspeed" v="50" />
    <tag k="name" v="Südliche Ringstraße" />
    <tag k="oneway" v="yes" />
    <tag k="ref" v="B 13" />
    <tag k="source" v="HiRes aerial imagery" />
    <tag k="surface" v="asphalt" />
    <tag k="turn:lanes" v="through|through" />
  </way>
  <way id="136437393">
    <nd ref="1496557364" />
    <nd ref="1496557387" />
    <tag k="highway" v="footway" />
    <tag k="lit" v="yes" />
    <tag k="source" v="HiRes aerial imagery" />
    <tag k="surface" v="paving_stones" />
  </way>
  <way id="136437396">
    <nd ref="1496557398" />
    <nd ref="1496557420" />
    <nd ref="10177801581" />
    <nd ref="1496557423" />
    <tag k="check_date:surface" v="2022-10-30" />
    <tag k="highway" v="footway" />
    <tag k="source" v="HiRes aerial imagery" />
    <tag k="surface" v="paving_stones" />
  </way>
  <way id="136437397">
    <nd ref="1496557400" />
    <nd ref="1795399132" />
    <nd ref="1496557402" />
    <nd ref="1496557404" />
    <tag k="highway" v="footway" />
    <tag k="source" v="HiRes aerial imagery" />
  </way>
  <way id="136437401">
    <nd ref="4344409044" />
    <nd ref="4344409043" />
    <nd ref="4344409042" />
    <nd ref="5497322173" />
    <nd ref="4344409041" />
    <nd ref="4344409039" />
    <tag k="highway" v="footway" />
    <tag k="lit" v="yes" />
    <tag k="smoothness" v="excellent" />
    <tag k="source" v="HiRes aerial imagery" />
    <tag k="surface" v="paving_stones" />
    <tag k="wheelchair" v="yes" />
  </way>
  <way id="136437407">
    <nd ref="5648871455" />
    <nd ref="9236357002" />
    <nd ref="9236357001" />
    <nd ref="1496557398" />
    <nd ref="1496557387" />
    <nd ref="9236357000" />
    <nd ref="1496557386" />
    <nd ref="9236357003" />
    <nd ref="9236357004" />
    <nd ref="1496557388" />
    <nd ref="1496557384" />
    <tag k="highway" v="service" />
    <tag k="service" v="parking_aisle" />
    <tag k="surface" v="paving_stones" />
  </way>
  <way id="136437411">
    <nd ref="1496557419" />
    <nd ref="10177801603" />
    <nd ref="1496557421" />
    <nd ref="1496557426" />
    <nd ref="1496557424" />
    <nd ref="1496557416" />
    <nd ref="10177801592" />
    <nd ref="1515873767" />
    <tag k="highway" v="service" />
    <tag k="source" v="HiRes aerial imagery" />
  </way>
  <way id="136728361">
    <nd ref="376268416" />
    <nd ref="376268417" />
    <tag k="bicycle" v="designated" />
    <tag k="bridge" v="yes" />
    <tag k="foot" v="designated" />
    <tag k="highway" v="path" />
    <tag k="layer" v="1" />
    <tag k="name" v="Treidelweg" />
    <tag k="segregated" v="no" />
    <tag k="source" v="HiRes aerial imagery" />
    <tag k="surface" v="gravel" />
    <tag k="width" v="2" />
  </way>
  <way id="138265826">
    <nd ref="289865301" />
    <nd ref="289865302" />
    <nd ref="2140102567" />
    <nd ref="1659885575" />
    <nd ref="2140102597" />
    <nd ref="456875848" />
    <nd ref="273982476" />
    <nd ref="2139215648" />
    <nd ref="8552527613" />
    <nd ref="7995751771" />
    <nd ref="6328386816" />
    <tag k="highway" v="residential" />
    <tag k="maxspeed" v="30" />
    <tag k="name" v="Am Pulverl" />
    <tag k="source" v="HiRes aerial imagery" />
    <tag k="surface" v="asphalt" />
  </way>
  <way id="138265831">
    <nd ref="472442968" />
    <nd ref="1515873750" />
    <nd ref="1515873751" />
    <nd ref="1515873749" />
    <tag k="highway" v="service" />
    <tag k="service" v="parking_aisle" />
    <tag k="source" v="HiRes aerial imagery" />
    <tag k="surface" v="asphalt" />
  </way>
  <way id="147022872">
    <nd ref="8262055151" />
    <nd ref="8262055150" />
    <tag k="highway" v="footway" />
    <tag k="lit" v="yes" />
    <tag k="source" v="HiRes aerial imagery" />
  </way>
  <way id="147022873">
    <nd ref="8262055150" />
    <nd ref="289036718" />
    <tag k="highway" v="footway" />
    <tag k="lit" v="yes" />
    <tag k="source" v="HiRes aerial imagery" />
  </way>
  <way id="147022874">
    <nd ref="288774475" />
    <nd ref="288774478" />
    <nd ref="10965104915" />
    <nd ref="288771408" />
    <tag k="highway" v="footway" />
    <tag k="source" v="HiRes aerial imagery" />
  </way>
  <way id="147022875">
    <nd ref="289036718" />
    <nd ref="288774465" />
    <nd ref="1602167871" />
    <nd ref="1602167870" />
    <nd ref="1602167874" />
    <nd ref="288774475" />
    <nd ref="289036658" />
    <nd ref="289036656" />
    <tag k="covered" v="no" />
    <tag k="highway" v="service" />
    <tag k="oneway" v="yes" />
    <tag k="psv" v="no" />
    <tag k="service" v="parking_aisle" />
    <tag k="source" v="HiRes aerial imagery" />
    <tag k="surface" v="asphalt" />
  </way>
  <way id="150765921">
    <nd ref="1636466402" />
    <nd ref="1636466404" />
    <nd ref="1636466408" />
    <nd ref="1636466410" />
    <nd ref="376555088" />
    <nd ref="266359525" />
    <nd ref="266405366" />
    <nd ref="266405365" />
    <nd ref="266405364" />
    <nd ref="266405363" />
    <nd ref="5664669324" />
    <nd ref="3614716207" />
    <nd ref="8107864776" />
    <tag k="bicycle" v="no" />
    <tag k="embankment" v="yes" />
    <tag k="foot" v="designated" />
    <tag k="highway" v="path" />
    <tag k="lit" v="yes" />
    <tag k="segregated" v="no" />
    <tag k="surface" v="compacted" />
    <tag k="traffic_sign" v="DE:240" />
    <tag k="width" v="2" />
  </way>
  <way id="150765923">
    <nd ref="1636466402" />
    <nd ref="371763378" />
    <tag k="bicycle" v="designated" />
    <tag k="foot" v="designated" />
    <tag k="highway" v="path" />
    <tag k="segregated" v="no" />
    <tag k="surface" v="asphalt" />
    <tag k="width" v="4" />
  </way>
  <way id="150765924">
    <nd ref="1636466424" />
    <nd ref="1636466423" />
    <nd ref="8233822449" />
    <nd ref="9257478595" />
    <nd ref="1636466406" />
    <tag k="bicycle" v="designated" />
    <tag k="foot" v="designated" />
    <tag k="highway" v="path" />
    <tag k="segregated" v="no" />
    <tag k="source" v="HiRes aerial imagery" />
    <tag k="surface" v="asphalt" />
  </way>
  <way id="150837965">
    <nd ref="1637088044" />
    <nd ref="1637088058" />
    <nd ref="1637088061" />
    <nd ref="1637088066" />
    <nd ref="1637088071" />
    <nd ref="7680760831" />
    <nd ref="1637088067" />
    <nd ref="1637088065" />
    <nd ref="1637088062" />
    <nd ref="1637088056" />
    <nd ref="1637088041" />
    <nd ref="1637088037" />
    <nd ref="1637088022" />
    <nd ref="288734533" />
    <tag k="highway" v="footway" />
    <tag k="lit" v="no" />
    <tag k="name" v="Pater-Josef-Schmid-Weg" />
    <tag k="source" v="HiRes aerial imagery" />
    <tag k="surface" v="asphalt" />
  </way>
  <way id="150837966">
    <nd ref="1637088097" />
    <nd ref="1637088098" />
    <tag k="highway" v="footway" />
  </way>
  <way id="150837967">
    <nd ref="1637088064" />
    <nd ref="1637088073" />
    <nd ref="1637088077" />
    <nd ref="289032837" />
    <tag k="highway" v="footway" />
    <tag k="lit" v="yes" />
    <tag k="source" v="HiRes aerial imagery" />
    <tag k="surface" v="asphalt" />
  </way>
  <way id="150837975">
    <nd ref="1637088104" />
    <nd ref="289032830" />
    <nd ref="1637088096" />
    <nd ref="1637088097" />
    <tag k="highway" v="footway" />
    <tag k="source" v="HiRes aerial imagery" />
  </way>
  <way id="150907177">
    <nd ref="470506721" />
    <nd ref="470506730" />
    <nd ref="470506732" />
    <nd ref="470506734" />
    <nd ref="776120598" />
    <nd ref="470506746" />
    <nd ref="470506748" />
    <nd ref="470506750" />
    <nd ref="470506752" />
    <nd ref="293184325" />
    <nd ref="1637705269" />
    <tag k="bicycle" v="yes" />
    <tag k="highway" v="footway" />
  </way>
  <way id="150907179">
    <nd ref="470506752" />
    <nd ref="1637705213" />
    <tag k="bicycle" v="yes" />
    <tag k="highway" v="footway" />
  </way>
  <way id="150907180">
    <nd ref="1639935414" />
    <nd ref="1637705045" />
    <tag k="bicycle" v="yes" />
    <tag k="highway" v="footway" />
    <tag k="surface" v="ground" />
  </way>
  <way id="150907181">
    <nd ref="776120657" />
    <nd ref="1637705086" />
    <nd ref="1637705093" />
    <nd ref="1637705104" />
    <nd ref="1637705117" />
    <nd ref="1637705141" />
    <nd ref="4326573512" />
    <nd ref="1637705158" />
    <nd ref="1637705177" />
    <nd ref="1637705186" />
    <nd ref="1637705189" />
    <nd ref="1637705232" />
    <nd ref="1637705248" />
    <nd ref="1637705276" />
    <nd ref="1637705279" />
    <nd ref="1637705273" />
    <nd ref="1637705267" />
    <nd ref="1637705264" />
    <nd ref="1637705263" />
    <tag k="bicycle" v="yes" />
    <tag k="highway" v="footway" />
    <tag k="lit" v="no" />
    <tag k="surface" v="gravel" />
  </way>
  <way id="150907182">
    <nd ref="470506717" />
    <nd ref="1637705223" />
    <nd ref="1637705228" />
    <nd ref="1637705234" />
    <nd ref="1637705237" />
    <tag k="bicycle" v="designated" />
    <tag k="foot" v="designated" />
    <tag k="highway" v="path" />
    <tag k="segregated" v="no" />
    <tag k="surface" v="gravel" />
  </way>
  <way id="150907183">
    <nd ref="1637705035" />
    <nd ref="1637705037" />
    <nd ref="1637705045" />
    <nd ref="1637705049" />
    <nd ref="293184383" />
    <tag k="bicycle" v="yes" />
    <tag k="highway" v="footway" />
    <tag k="surface" v="ground" />
  </way>
  <way id="150907184">
    <nd ref="470506721" />
    <nd ref="1637705205" />
    <nd ref="470506723" />
    <nd ref="1197035386" />
    <nd ref="1637705190" />
    <nd ref="470506725" />
    <nd ref="1637705192" />
    <nd ref="1197035464" />
    <tag k="bicycle" v="designated" />
    <tag k="foot" v="designated" />
    <tag k="highway" v="path" />
    <tag k="lit" v="no" />
    <tag k="segregated" v="no" />
    <tag k="surface" v="gravel" />
  </way>
  <way id="151167756">
    <nd ref="380760688" />
    <nd ref="7707167888" />
    <nd ref="10178518832" />
    <nd ref="7529847797" />
    <nd ref="10965104908" />
    <nd ref="380760690" />
    <tag k="highway" v="footway" />
  </way>
  <way id="151167768">
    <nd ref="722875485" />
    <nd ref="1834131479" />
    <tag k="highway" v="primary" />
    <tag k="lanes" v="2" />
    <tag k="maxspeed" v="50" />
    <tag k="name" v="Münchener Straße" />
    <tag k="name:etymology:wikidata" v="Q1726" />
    <tag k="oneway" v="yes" />
    <tag k="psv" v="yes" />
    <tag k="ref" v="B 13" />
    <tag k="sidewalk:left" v="no" />
    <tag k="sidewalk:right" v="separate" />
    <tag k="source" v="HiRes aerial imagery" />
    <tag k="surface" v="asphalt" />
  </way>
  <way id="155458987">
    <nd ref="266358437" />
    <nd ref="9808300717" />
    <nd ref="8107864789" />
    <tag k="bicycle" v="yes" />
    <tag k="bicycle_road" v="yes" />
    <tag k="foot" v="no" />
    <tag k="highway" v="unclassified" />
    <tag k="lanes" v="2" />
    <tag k="lanes:backward" v="1" />
    <tag k="lanes:forward" v="1" />
    <tag k="lit" v="yes" />
    <tag k="maxspeed" v="30" />
    <tag k="motor_vehicle" v="destination" />
    <tag k="name" v="Baggerweg" />
    <tag k="source" v="HiRes aerial imagery" />
    <tag k="source:maxspeed" v="DE:bicycle_road" />
    <tag k="surface" v="asphalt" />
    <tag k="traffic_sign" v="DE:244.1" />
  </way>
  <way id="159961033">
    <nd ref="1720284048" />
    <nd ref="1720284004" />
    <tag k="highway" v="residential" />
    <tag k="maxspeed" v="30" />
    <tag k="name" v="Lanzstraße" />
    <tag k="psv" v="no" />
    <tag k="source" v="HiRes aerial imagery" />
  </way>
  <way id="159961034">
    <nd ref="1720282964" />
    <nd ref="1720282931" />
    <tag k="foot" v="yes" />
    <tag k="highway" v="footway" />
  </way>
  <way id="159961036">
    <nd ref="1720283011" />
    <nd ref="1720282974" />
    <tag k="foot" v="yes" />
    <tag k="highway" v="footway" />
  </way>
  <way id="159961041">
    <nd ref="1720283670" />
    <nd ref="2129027966" />
    <nd ref="1852696908" />
    <nd ref="1720283633" />
    <tag k="highway" v="service" />
    <tag k="source" v="HiRes aerial imagery" />
  </way>
  <way id="160090329">
    <nd ref="1721646762" />
    <nd ref="12138601208" />
    <nd ref="2129028017" />
    <nd ref="2129028005" />
    <nd ref="1721646494" />
    <tag k="highway" v="service" />
    <tag k="source" v="HiRes aerial imagery" />
  </way>
  <way id="160090330">
    <nd ref="1315532845" />
    <nd ref="1834196078" />
    <nd ref="1721646949" />
    <tag k="highway" v="service" />
    <tag k="source" v="HiRes aerial imagery" />
    <tag k="surface" v="paving_stones" />
  </way>
  <way id="160090331">
    <nd ref="1721646821" />
    <nd ref="1721646891" />
    <nd ref="1721646916" />
    <tag k="highway" v="service" />
    <tag k="source" v="HiRes aerial imagery" />
    <tag k="surface" v="paving_stones" />
  </way>
  <way id="160309404">
    <nd ref="1723604833" />
    <nd ref="2276828222" />
    <nd ref="1723604843" />
    <nd ref="2109054067" />
    <tag k="highway" v="service" />
    <tag k="service" v="parking_aisle" />
    <tag k="surface" v="asphalt" />
  </way>
  <way id="160309406">
    <nd ref="1723605630" />
    <nd ref="1834198550" />
    <nd ref="1723605609" />
    <nd ref="1834198547" />
    <nd ref="1834198549" />
    <nd ref="1834198550" />
    <tag k="highway" v="service" />
    <tag k="service" v="parking_aisle" />
  </way>
  <way id="160311903">
    <nd ref="747072551" />
    <nd ref="2276828233" />
    <nd ref="1723628555" />
    <nd ref="2337351312" />
    <nd ref="1834131470" />
    <nd ref="1834131467" />
    <nd ref="1834131463" />
    <tag k="highway" v="service" />
    <tag k="psv" v="no" />
  </way>
  <way id="160701771">
    <nd ref="336359411" />
    <nd ref="288569236" />
    <nd ref="288569237" />
    <tag k="highway" v="residential" />
    <tag k="lit" v="yes" />
    <tag k="maxspeed" v="30" />
    <tag k="name" v="Ferdinand-Maria-Straße" />
    <tag k="noexit" v="yes" />
    <tag k="source" v="HiRes aerial imagery" />
    <tag k="surface" v="asphalt" />
  </way>
  <way id="163586462">
    <nd ref="1752529822" />
    <nd ref="310452898" />
    <tag k="cycleway:both" v="lane" />
    <tag k="cycleway:both:lane" v="exclusive" />
    <tag k="highway" v="tertiary" />
    <tag k="lanes" v="2" />
    <tag k="layer" v="-1" />
    <tag k="lit" v="yes" />
    <tag k="maxheight" v="3.6" />
    <tag k="maxspeed" v="50" />
    <tag k="maxspeed:type" v="DE:urban" />
    <tag k="name" v="Windbergerstraße" />
    <tag k="psv" v="no" />
    <tag k="sidewalk" v="both" />
    <tag k="source" v="HiRes aerial imagery" />
    <tag k="source:maxspeed" v="DE:urban" />
    <tag k="surface" v="asphalt" />
    <tag k="tunnel" v="yes" />
  </way>
  <way id="163591683">
    <nd ref="1752559130" />
    <nd ref="1752559134" />
    <nd ref="1752559135" />
    <nd ref="1752559133" />
    <nd ref="1752559132" />
    <nd ref="1752559128" />
    <nd ref="1752559120" />
    <nd ref="1752559119" />
    <nd ref="1752559116" />
    <nd ref="11637463519" />
    <nd ref="1752559114" />
    <tag k="highway" v="service" />
    <tag k="name" v="Borsigstraße" />
    <tag k="psv" v="no" />
  </way>
  <way id="168243629">
    <nd ref="1795322556" />
    <nd ref="1835775085" />
    <tag k="highway" v="residential" />
    <tag k="lanes" v="2" />
    <tag k="lanes:backward" v="1" />
    <tag k="lanes:forward" v="1" />
    <tag k="lit" v="yes" />
    <tag k="maxspeed" v="50" />
    <tag k="maxspeed:type" v="DE:urban" />
    <tag k="name" v="Bei der Arena" />
    <tag k="parking:lane:left" v="no_parking" />
    <tag k="parking:lane:right" v="parallel" />
    <tag k="source" v="HiRes aerial imagery" />
    <tag k="surface" v="asphalt" />
  </way>
  <way id="168243630">
    <nd ref="25633363" />
    <nd ref="2278459320" />
    <nd ref="12006658575" />
    <nd ref="1795322556" />
    <tag k="highway" v="residential" />
    <tag k="lanes" v="2" />
    <tag k="lanes:backward" v="1" />
    <tag k="lit" v="yes" />
    <tag k="maxspeed" v="50" />
    <tag k="maxspeed:type" v="DE:urban" />
    <tag k="name" v="Bei der Arena" />
    <tag k="parking:lane:both" v="no_parking" />
    <tag k="surface" v="asphalt" />
    <tag k="turn:lanes:backward" v="right" />
  </way>
  <way id="168243632">
    <nd ref="274591109" />
    <nd ref="2038901646" />
    <nd ref="1197458738" />
    <nd ref="2038901625" />
    <tag k="highway" v="residential" />
    <tag k="name" v="Bei der Arena" />
    <tag k="noexit" v="yes" />
    <tag k="psv" v="no" />
    <tag k="source" v="Bing(2012)" />
    <tag k="surface" v="asphalt" />
  </way>
  <way id="168245117">
    <nd ref="1795345995" />
    <nd ref="1835775039" />
    <nd ref="1795345996" />
    <tag k="highway" v="footway" />
    <tag k="source" v="HiRes aerial imagery" />
    <tag k="surface" v="asphalt" />
  </way>
  <way id="168245118">
    <nd ref="305497405" />
    <nd ref="1835775051" />
    <tag k="highway" v="footway" />
    <tag k="source" v="HiRes aerial imagery" />
    <tag k="surface" v="asphalt" />
  </way>
  <way id="168245119">
    <nd ref="225396270" />
    <nd ref="1795345986" />
    <nd ref="1197458809" />
    <nd ref="3616994910" />
    <nd ref="3616994909" />
    <nd ref="225396266" />
    <nd ref="3616994907" />
    <nd ref="766009291" />
    <nd ref="8235030877" />
    <nd ref="1197458992" />
    <nd ref="225396262" />
    <tag k="highway" v="residential" />
    <tag k="lanes" v="2" />
    <tag k="lanes:backward" v="1" />
    <tag k="lanes:forward" v="1" />
    <tag k="maxspeed" v="30" />
    <tag k="maxspeed:type" v="DE:zone30" />
    <tag k="name" v="Weningstraße" />
    <tag k="psv" v="no" />
    <tag k="source" v="HiRes aerial imagery" />
    <tag k="source:maxspeed" v="DE:zone30" />
    <tag k="surface" v="asphalt" />
  </way>
  <way id="168249926">
    <nd ref="21532562" />
    <nd ref="8057482066" />
    <nd ref="1852723942" />
    <nd ref="21532605" />
    <tag k="cycleway:both" v="separate" />
    <tag k="highway" v="primary" />
    <tag k="lanes" v="5" />
    <tag k="lanes:backward" v="2" />
    <tag k="lanes:forward" v="3" />
    <tag k="maxspeed" v="50" />
    <tag k="name" v="Münchener Straße" />
    <tag k="name:etymology:wikidata" v="Q1726" />
    <tag k="psv" v="yes" />
    <tag k="ref" v="B 13" />
    <tag k="sidewalk:both" v="separate" />
    <tag k="surface" v="asphalt" />
    <tag k="turn:lanes:forward" v="left|through|through;right" />
  </way>
  <way id="168249927">
    <nd ref="472439043" />
    <nd ref="1315532855" />
    <nd ref="9596905876" />
    <nd ref="472439044" />
    <nd ref="9596905877" />
    <nd ref="1315532842" />
    <nd ref="9596905878" />
    <nd ref="472439045" />
    <nd ref="9596905879" />
    <nd ref="1315532864" />
    <nd ref="9596905880" />
    <nd ref="472439046" />
    <nd ref="472439047" />
    <tag k="cutting" v="yes" />
    <tag k="foot" v="designated" />
    <tag k="highway" v="footway" />
    <tag k="source" v="HiRes aerial imagery" />
    <tag k="traffic_sign" v="DE:239" />
  </way>
  <way id="168249928">
    <nd ref="1795399103" />
    <nd ref="1795399105" />
    <tag k="highway" v="service" />
    <tag k="service" v="parking_aisle" />
    <tag k="source" v="HiRes aerial imagery" />
    <tag k="surface" v="asphalt" />
  </way>
  <way id="168249929">
    <nd ref="2121404514" />
    <nd ref="1795399095" />
    <tag k="highway" v="service" />
    <tag k="service" v="parking_aisle" />
    <tag k="source" v="HiRes aerial imagery" />
    <tag k="surface" v="asphalt" />
  </way>
  <way id="172503777">
    <nd ref="1795346009" />
    <nd ref="3616994919" />
    <nd ref="30965822" />
    <nd ref="1835799601" />
    <nd ref="3048861152" />
    <tag k="bicycle" v="designated" />
    <tag k="foot" v="designated" />
    <tag k="highway" v="path" />
    <tag k="lit" v="yes" />
    <tag k="oneway" v="no" />
    <tag k="segregated" v="no" />
    <tag k="surface" v="asphalt" />
  </way>
  <way id="172515808">
    <nd ref="40091436" />
    <nd ref="5698680561" />
    <nd ref="1636466387" />
    <nd ref="5698680562" />
    <nd ref="40095631" />
    <tag k="bicycle" v="no" />
    <tag k="highway" v="secondary" />
    <tag k="lanes" v="3" />
    <tag k="lanes:forward" v="1" />
    <tag k="layer" v="-1" />
    <tag k="maxspeed" v="50" />
    <tag k="name" v="Südliche Ringstraße" />
    <tag k="ref" v="IN 17" />
    <tag k="source" v="HiRes aerial imagery" />
    <tag k="surface" v="asphalt" />
    <tag k="tunnel" v="yes" />
    <tag k="turn:lanes:backward" v="through|right" />
  </way>
  <way id="172515811">
    <nd ref="1834196098" />
    <nd ref="9438043390" />
    <nd ref="9438043391" />
    <nd ref="7628563996" />
    <nd ref="7628564004" />
    <nd ref="7628564006" />
    <tag k="highway" v="tertiary" />
    <tag k="lanes" v="1" />
    <tag k="maxspeed" v="50" />
    <tag k="name" v="Haunwöhrer Straße" />
    <tag k="oneway" v="yes" />
    <tag k="psv" v="yes" />
    <tag k="ref" v="IN 15" />
    <tag k="surface" v="asphalt" />
  </way>
  <way id="172515813">
    <nd ref="25633371" />
    <nd ref="7678122073" />
    <nd ref="1442150022" />
    <nd ref="7623708695" />
    <tag k="cycleway:right" v="no" />
    <tag k="highway" v="secondary" />
    <tag k="lanes" v="3" />
    <tag k="maxspeed" v="50" />
    <tag k="name" v="Südliche Ringstraße" />
    <tag k="oneway" v="yes" />
    <tag k="ref" v="IN 17" />
    <tag k="source" v="HiRes aerial imagery" />
    <tag k="surface" v="asphalt" />
    <tag k="turn:lanes" v="through|through|right" />
  </way>
  <way id="172515818">
    <nd ref="1197035382" />
    <nd ref="1834131482" />
    <nd ref="1834131493" />
    <nd ref="1834131483" />
    <nd ref="1834131481" />
    <tag k="bicycle" v="yes" />
    <tag k="highway" v="footway" />
    <tag k="lit" v="no" />
    <tag k="segregated" v="no" />
    <tag k="surface" v="asphalt" />
  </way>
  <way id="172516631">
    <nd ref="1834136990" />
    <nd ref="1834131481" />
    <nd ref="1834136992" />
    <nd ref="1834136994" />
    <nd ref="1834136997" />
    <tag k="highway" v="service" />
  </way>
  <way id="172519430">
    <nd ref="1834159709" />
    <nd ref="472429774" />
    <nd ref="472439075" />
    <nd ref="12449886254" />
    <nd ref="472439079" />
    <nd ref="12449886235" />
    <nd ref="472439080" />
    <nd ref="472439081" />
    <nd ref="472439082" />
    <nd ref="472439102" />
    <nd ref="472439083" />
    <nd ref="472439068" />
    <tag k="highway" v="footway" />
    <tag k="surface" v="gravel" />
  </way>
  <way id="172519431">
    <nd ref="1834162313" />
    <nd ref="7707167835" />
    <nd ref="7714730092" />
    <nd ref="1834162311" />
    <nd ref="1834162310" />
    <nd ref="1834162312" />
    <nd ref="1834159759" />
    <nd ref="1834159758" />
    <nd ref="1834159757" />
    <nd ref="1834159756" />
    <nd ref="1834159755" />
    <nd ref="1834159754" />
    <nd ref="1834159753" />
    <nd ref="1834159751" />
    <nd ref="8787362307" />
    <nd ref="1834159748" />
    <tag k="access" v="no" />
    <tag k="bicycle" v="permissive" />
    <tag k="foot" v="permissive" />
    <tag k="highway" v="footway" />
    <tag k="horse" v="no" />
    <tag k="motor_vehicle" v="private" />
  </way>
  <way id="172519432">
    <nd ref="1834159728" />
    <nd ref="1315532851" />
    <tag k="highway" v="footway" />
    <tag k="surface" v="paving_stones" />
  </way>
  <way id="172519434">
    <nd ref="1834159747" />
    <nd ref="1834131458" />
    <nd ref="1834159745" />
    <nd ref="8787362309" />
    <tag k="highway" v="service" />
    <tag k="service" v="parking_aisle" />
    <tag k="surface" v="sett" />
  </way>
  <way id="172522281">
    <nd ref="1834183800" />
    <nd ref="7707167894" />
    <nd ref="1834183798" />
    <nd ref="1834183797" />
    <nd ref="1834183796" />
    <nd ref="1834183795" />
    <nd ref="1834183798" />
    <tag k="highway" v="service" />
    <tag k="service" v="parking_aisle" />
    <tag k="surface" v="asphalt" />
  </way>
  <way id="172523713">
    <nd ref="1834196065" />
    <nd ref="1834196064" />
    <tag k="highway" v="service" />
    <tag k="source" v="HiRes aerial imagery" />
  </way>
  <way id="172523714">
    <nd ref="1834196085" />
    <nd ref="7707167836" />
    <nd ref="11053607149" />
    <nd ref="11053607150" />
    <nd ref="11053607151" />
    <nd ref="1834196083" />
    <nd ref="2150769022" />
    <nd ref="2150769031" />
    <tag k="highway" v="service" />
  </way>
  <way id="172699109">
    <nd ref="1835775051" />
    <nd ref="1795345996" />
    <tag k="handrail" v="yes" />
    <tag k="highway" v="steps" />
    <tag k="incline" v="up" />
    <tag k="ramp" v="no" />
    <tag k="source" v="HiRes aerial imagery" />
    <tag k="step_count" v="20" />
    <tag k="surface" v="paved" />
    <tag k="surface:note" v="treppe" />
    <tag k="tactile_paving" v="no" />
  </way>
  <way id="172699110">
    <nd ref="1835775075" />
    <nd ref="8235030835" />
    <nd ref="12033890308" />
    <nd ref="1835775085" />
    <tag k="highway" v="service" />
    <tag k="service" v="parking_aisle" />
    <tag k="surface" v="asphalt" />
  </way>
  <way id="172699111">
    <nd ref="1835775079" />
    <nd ref="10916636244" />
    <nd ref="1835775075" />
    <nd ref="1835775071" />
    <tag k="highway" v="service" />
    <tag k="service" v="parking_aisle" />
    <tag k="surface" v="asphalt" />
  </way>
  <way id="172699112">
    <nd ref="8235030837" />
    <nd ref="274591107" />
    <nd ref="12017648398" />
    <nd ref="8235030836" />
    <nd ref="1835775091" />
    <tag k="highway" v="service" />
    <tag k="service" v="parking_aisle" />
    <tag k="source" v="Bing(2012)" />
  </way>
  <way id="172700927">
    <nd ref="1835799604" />
    <nd ref="1835799602" />
    <nd ref="30965822" />
    <nd ref="1835799598" />
    <nd ref="434402258" />
    <tag k="highway" v="tertiary" />
    <tag k="lanes" v="1" />
    <tag k="maxspeed" v="50" />
    <tag k="name" v="Asamstraße" />
    <tag k="oneway" v="yes" />
    <tag k="psv" v="yes" />
    <tag k="ref" v="IN 13" />
    <tag k="source" v="HiRes aerial imagery" />
    <tag k="surface" v="asphalt" />
    <tag k="turn:lanes" v="left" />
  </way>
  <way id="172701599">
    <nd ref="1835810503" />
    <nd ref="1835810500" />
    <nd ref="1835810488" />
    <nd ref="1835810482" />
    <nd ref="1835810461" />
    <nd ref="1835810455" />
    <nd ref="1835810453" />
    <nd ref="1835810450" />
    <nd ref="1835810445" />
    <nd ref="1835810442" />
    <nd ref="1835810440" />
    <tag k="foot" v="private" />
    <tag k="highway" v="footway" />
    <tag k="surface" v="asphalt" />
  </way>
  <way id="172701600">
    <nd ref="1835810502" />
    <nd ref="1835810492" />
    <tag k="highway" v="footway" />
  </way>
  <way id="172701601">
    <nd ref="1835810486" />
    <nd ref="1835810458" />
    <tag k="highway" v="footway" />
  </way>
  <way id="172701602">
    <nd ref="1835810438" />
    <nd ref="1835810440" />
    <tag k="highway" v="service" />
    <tag k="surface" v="asphalt" />
  </way>
  <way id="172701604">
    <nd ref="1835810458" />
    <nd ref="1835810492" />
    <nd ref="1835810496" />
    <nd ref="1835810498" />
    <nd ref="1835810506" />
    <tag k="highway" v="service" />
    <tag k="surface" v="asphalt" />
  </way>
  <way id="174597970">
    <nd ref="266355457" />
    <nd ref="7938708051" />
    <nd ref="746753179" />
    <nd ref="7938708030" />
    <nd ref="266356773" />
    <nd ref="288571492" />
    <nd ref="289430454" />
    <nd ref="288571403" />
    <nd ref="2131136390" />
    <nd ref="2131136411" />
    <nd ref="288571442" />
    <nd ref="1720283451" />
    <nd ref="288571399" />
    <tag k="highway" v="residential" />
    <tag k="maxspeed" v="30" />
    <tag k="name" v="Aventinstraße" />
    <tag k="source" v="HiRes aerial imagery" />
    <tag k="surface" v="asphalt" />
  </way>
  <way id="174609517">
    <nd ref="288583436" />
    <nd ref="89170439" />
    <nd ref="1834162313" />
    <nd ref="1834183800" />
    <nd ref="1834196085" />
    <nd ref="278817464" />
    <nd ref="7539963731" />
    <nd ref="1834196098" />
    <tag k="highway" v="tertiary" />
    <tag k="lanes" v="2" />
    <tag k="maxspeed" v="50" />
    <tag k="name" v="Haunwöhrer Straße" />
    <tag k="psv" v="yes" />
    <tag k="ref" v="IN 15" />
    <tag k="sidewalk:both" v="separate" />
    <tag k="source" v="HiRes aerial imagery" />
    <tag k="surface" v="asphalt" />
  </way>
  <way id="174609518">
    <nd ref="1852696902" />
    <nd ref="1852696901" />
    <nd ref="1852696900" />
    <nd ref="1720283040" />
    <tag k="foot" v="yes" />
    <tag k="highway" v="footway" />
  </way>
  <way id="174609519">
    <nd ref="1720283863" />
    <nd ref="1852696910" />
    <nd ref="1852696914" />
    <nd ref="9590316704" />
    <nd ref="1852696916" />
    <nd ref="9590316703" />
    <nd ref="1852696918" />
    <nd ref="9590316702" />
    <nd ref="1852696920" />
    <nd ref="1852696922" />
    <nd ref="9590316701" />
    <nd ref="9590316700" />
    <nd ref="362777909" />
    <tag k="highway" v="residential" />
    <tag k="maxspeed" v="30" />
    <tag k="name" v="Lanzstraße" />
    <tag k="psv" v="no" />
    <tag k="source" v="HiRes aerial imagery" />
  </way>
  <way id="177859075">
    <nd ref="1883016760" />
    <nd ref="1882653171" />
    <tag k="handrail" v="no" />
    <tag k="highway" v="steps" />
    <tag k="incline" v="up" />
    <tag k="lit" v="no" />
    <tag k="ramp" v="yes" />
    <tag k="ramp:bicycle" v="yes" />
    <tag k="source" v="HiRes aerial imagery" />
    <tag k="step_count" v="14" />
    <tag k="surface" v="asphalt" />
    <tag k="width" v="0.8" />
  </way>
  <way id="177902273">
    <nd ref="8233822225" />
    <nd ref="8233822226" />
    <nd ref="1883016760" />
    <tag k="highway" v="footway" />
    <tag k="lit" v="no" />
    <tag k="source" v="HiRes aerial imagery" />
    <tag k="surface" v="grass_paver" />
  </way>
  <way id="193026072">
    <nd ref="2035548582" />
    <nd ref="2035548583" />
    <nd ref="2035548584" />
    <nd ref="2035548585" />
    <nd ref="2035548586" />
    <tag k="highway" v="service" />
    <tag k="psv" v="no" />
    <tag k="service" v="driveway" />
    <tag k="surface" v="concrete" />
  </way>
  <way id="193386905">
    <nd ref="1795322556" />
    <nd ref="12017648399" />
    <nd ref="1835775091" />
    <tag k="highway" v="service" />
    <tag k="service" v="parking_aisle" />
    <tag k="source" v="Bing(2012)" />
  </way>
  <way id="194818001">
    <nd ref="2053244675" />
    <nd ref="2053244664" />
    <tag k="bicycle" v="designated" />
    <tag k="foot" v="designated" />
    <tag k="highway" v="path" />
    <tag k="segregated" v="no" />
    <tag k="surface" v="asphalt" />
  </way>
  <way id="199227644">
    <nd ref="288568842" />
    <nd ref="9177846664" />
    <nd ref="2092451498" />
    <nd ref="2092451507" />
    <nd ref="2092451503" />
    <nd ref="2092451499" />
    <tag k="highway" v="footway" />
  </way>
  <way id="199227645">
    <nd ref="2092451486" />
    <nd ref="10965100067" />
    <nd ref="2092451496" />
    <nd ref="2092451499" />
    <nd ref="2092451519" />
    <nd ref="2092451532" />
    <tag k="highway" v="service" />
    <tag k="service" v="parking_aisle" />
    <tag k="surface" v="asphalt" />
  </way>
  <way id="199227646">
    <nd ref="2092451510" />
    <nd ref="9177846665" />
    <nd ref="2092451521" />
    <nd ref="2092451512" />
    <nd ref="2092451523" />
    <nd ref="2092451517" />
    <nd ref="2092451534" />
    <nd ref="2092451525" />
    <nd ref="2092451519" />
    <tag k="highway" v="footway" />
  </way>
  <way id="200946853">
    <nd ref="1834131480" />
    <nd ref="8796437109" />
    <nd ref="255877795" />
    <nd ref="1443568593" />
    <nd ref="21532599" />
    <nd ref="1443568594" />
    <nd ref="21532549" />
    <nd ref="1443568595" />
    <nd ref="9071542867" />
    <nd ref="21532593" />
    <tag k="highway" v="primary_link" />
    <tag k="lanes" v="2" />
    <tag k="maxspeed" v="50" />
    <tag k="oneway" v="yes" />
    <tag k="ref" v="B 13" />
    <tag k="source" v="HiRes aerial imagery" />
    <tag k="surface" v="asphalt" />
    <tag k="turn:lanes" v="right|right" />
  </way>
  <way id="200949176">
    <nd ref="288571401" />
    <nd ref="11623905926" />
    <nd ref="1315532847" />
    <nd ref="1834159691" />
    <nd ref="249179919" />
    <tag k="cycleway:both" v="separate" />
    <tag k="highway" v="primary" />
    <tag k="lanes" v="4" />
    <tag k="lit" v="yes" />
    <tag k="maxspeed" v="50" />
    <tag k="name" v="Münchener Straße" />
    <tag k="name:etymology:wikidata" v="Q1726" />
    <tag k="psv" v="yes" />
    <tag k="ref" v="B 13" />
    <tag k="sidewalk:both" v="separate" />
    <tag k="smoothness" v="excellent" />
    <tag k="source" v="HiRes aerial imagery" />
    <tag k="surface" v="asphalt" />
  </way>
  <way id="200949405">
    <nd ref="2109053695" />
    <nd ref="2109053826" />
    <tag k="highway" v="footway" />
  </way>
  <way id="200949406">
    <nd ref="2109054291" />
    <nd ref="2109054318" />
    <tag k="highway" v="service" />
  </way>
  <way id="200949407">
    <nd ref="2109053818" />
    <nd ref="12138601288" />
    <nd ref="2109053815" />
    <tag k="highway" v="service" />
    <tag k="service" v="parking_aisle" />
    <tag k="surface" v="asphalt" />
  </way>
  <way id="200949408">
    <nd ref="2109053703" />
    <nd ref="2109053700" />
    <tag k="highway" v="service" />
    <tag k="service" v="parking_aisle" />
    <tag k="surface" v="asphalt" />
  </way>
  <way id="200949410">
    <nd ref="1602167904" />
    <nd ref="2109053789" />
    <nd ref="2109053828" />
    <tag k="highway" v="service" />
    <tag k="service" v="parking_aisle" />
  </way>
  <way id="200949413">
    <nd ref="2109053699" />
    <nd ref="2109053806" />
    <nd ref="12138601287" />
    <nd ref="2109053807" />
    <tag k="highway" v="footway" />
  </way>
  <way id="200949414">
    <nd ref="2109053612" />
    <nd ref="2276828214" />
    <nd ref="2109053610" />
    <nd ref="2109053606" />
    <tag k="highway" v="service" />
    <tag k="service" v="parking_aisle" />
  </way>
  <way id="200949417">
    <nd ref="2109053586" />
    <nd ref="2109053584" />
    <nd ref="2109053577" />
    <tag k="highway" v="service" />
    <tag k="service" v="parking_aisle" />
  </way>
  <way id="200949419">
    <nd ref="2109053419" />
    <nd ref="2109053413" />
    <nd ref="2109053358" />
    <tag k="highway" v="service" />
    <tag k="service" v="parking_aisle" />
  </way>
  <way id="200949421">
    <nd ref="288573134" />
    <nd ref="7680760815" />
    <nd ref="2109053281" />
    <nd ref="2109053212" />
    <tag k="highway" v="service" />
    <tag k="service" v="parking_aisle" />
    <tag k="surface" v="asphalt" />
  </way>
  <way id="200949423">
    <nd ref="2109053907" />
    <nd ref="2109053925" />
    <nd ref="2109053966" />
    <tag k="highway" v="service" />
    <tag k="service" v="parking_aisle" />
    <tag k="surface" v="asphalt" />
  </way>
  <way id="200949425">
    <nd ref="2109053915" />
    <nd ref="12138601261" />
    <nd ref="2109054060" />
    <nd ref="2109054056" />
    <nd ref="2276828221" />
    <nd ref="2109054075" />
    <tag k="highway" v="footway" />
  </way>
  <way id="200949427">
    <nd ref="2109053833" />
    <nd ref="2109053841" />
    <nd ref="2109053889" />
    <nd ref="2109053882" />
    <tag k="highway" v="service" />
  </way>
  <way id="200949428">
    <nd ref="2109053504" />
    <nd ref="2276828212" />
    <nd ref="2109053506" />
    <nd ref="2109053493" />
    <nd ref="2109053495" />
    <tag k="highway" v="service" />
    <tag k="oneway" v="no" />
    <tag k="service" v="parking_aisle" />
    <tag k="surface" v="asphalt" />
  </way>
  <way id="200949432">
    <nd ref="2109053791" />
    <nd ref="2109053687" />
    <nd ref="2109053711" />
    <nd ref="2109053716" />
    <nd ref="2109053760" />
    <nd ref="2129977349" />
    <nd ref="2129977348" />
    <nd ref="2129977350" />
    <tag k="foot" v="yes" />
    <tag k="highway" v="footway" />
    <tag k="source" v="HiRes aerial imagery" />
  </way>
  <way id="200949433">
    <nd ref="2109053700" />
    <nd ref="2542847499" />
    <nd ref="2109053689" />
    <nd ref="703348398" />
    <tag k="highway" v="living_street" />
    <tag k="name" v="Tillystraße" />
    <tag k="noexit" v="yes" />
    <tag k="source" v="HiRes aerial imagery" />
  </way>
  <way id="200955501">
    <nd ref="2109101653" />
    <nd ref="2109101518" />
    <tag k="highway" v="footway" />
  </way>
  <way id="200955502">
    <nd ref="2109101611" />
    <nd ref="2109101657" />
    <nd ref="2109101665" />
    <tag k="highway" v="footway" />
  </way>
  <way id="201078447">
    <nd ref="699711043" />
    <nd ref="5648871458" />
    <nd ref="1795399124" />
    <nd ref="10177801544" />
    <nd ref="10177801535" />
    <nd ref="699711075" />
    <nd ref="466244469" />
    <nd ref="7629259421" />
    <nd ref="1795399108" />
    <nd ref="9394029479" />
    <nd ref="9394029478" />
    <nd ref="1795399103" />
    <nd ref="9394029477" />
    <nd ref="429486453" />
    <nd ref="9394029476" />
    <nd ref="2157820704" />
    <nd ref="92629231" />
    <tag k="highway" v="residential" />
    <tag k="lanes" v="2" />
    <tag k="lit" v="yes" />
    <tag k="maxspeed" v="20" />
    <tag k="name" v="Elisabethstraße" />
    <tag k="psv" v="yes" />
    <tag k="sidewalk" v="both" />
    <tag k="sidewalk:both:surface" v="paving_stones" />
    <tag k="source" v="HiRes aerial imagery" />
    <tag k="surface" v="asphalt" />
  </way>
  <way id="201078448">
    <nd ref="699711095" />
    <nd ref="9236386825" />
    <nd ref="9236386826" />
    <nd ref="5648871453" />
    <nd ref="2232080987" />
    <nd ref="92629225" />
    <nd ref="699711112" />
    <nd ref="249179914" />
    <nd ref="2264641006" />
    <nd ref="249179915" />
    <nd ref="9236339957" />
    <tag k="cycleway:both" v="no" />
    <tag k="highway" v="residential" />
    <tag k="lane_markings" v="no" />
    <tag k="maxspeed" v="50" />
    <tag k="name" v="Bahnhofstraße" />
    <tag k="oneway" v="no" />
    <tag k="psv" v="yes" />
    <tag k="psv:backward" v="yes" />
    <tag k="sidewalk" v="both" />
    <tag k="source" v="HiRes aerial imagery" />
    <tag k="surface" v="asphalt" />
  </way>
  <way id="201078452">
    <nd ref="4344409040" />
    <nd ref="2110354477" />
    <nd ref="2110354468" />
    <nd ref="2110354470" />
    <nd ref="4344409040" />
    <tag k="bench" v="yes" />
    <tag k="bin" v="yes" />
    <tag k="bus" v="yes" />
    <tag k="departures_board" v="realtime" />
    <tag k="departures_board:speech_output" v="yes" />
    <tag k="highway" v="platform" />
    <tag k="kerb" v="raised" />
    <tag k="kerb:approach_aid" v="yes" />
    <tag k="kerb:height" v="0.22" />
    <tag k="lit" v="yes" />
    <tag k="local_ref" v="2" />
    <tag k="name" v="Ingolstadt, Hauptbahnhof" />
    <tag k="network" v="Verkehrsverbund Großraum Ingolstadt" />
    <tag k="network:guid" v="DE-BY-VGI" />
    <tag k="network:short" v="VGI" />
    <tag k="network:wikidata" v="Q99937594" />
    <tag k="network:wikipedia" v="de:Verkehrsverbund Großraum Ingolstadt" />
    <tag k="note" v="bitte highway:platform noch nicht entfernen" />
    <tag k="operator" v="Verkehrsverbund Großraum Ingolstadt" />
    <tag k="operator:short" v="VGI" />
    <tag k="operator:wikidata" v="Q99937594" />
    <tag k="operator:wikipedia" v="de:Verkehrsverbund Großraum Ingolstadt" />
    <tag k="public_transport" v="platform" />
    <tag k="ref" v="4" />
    <tag k="ref:IFOPT" v="de:09161:9000:2:5" />
    <tag k="route_ref" v="10;11;16;18;22;44;N12;N14;N16;N18;S6;9221;9223;9226" />
    <tag k="shelter" v="yes" />
    <tag k="surface" v="paved" />
    <tag k="tactile_paving" v="no" />
    <tag k="website" v="https://www.vgi.de/start_de" />
    <tag k="wheelchair" v="yes" />
    <tag k="wheelchair:description" v="Kasseler Bord vorhanden" />
    <tag k="width" v="2" />
  </way>
  <way id="201078454">
    <nd ref="4344409040" />
    <nd ref="8252929675" />
    <nd ref="4344409041" />
    <nd ref="10976283179" />
    <nd ref="2110354479" />
    <nd ref="4344409039" />
    <nd ref="4344409040" />
    <tag k="area" v="yes" />
    <tag k="bench" v="yes" />
    <tag k="bin" v="yes" />
    <tag k="bus" v="yes" />
    <tag k="departures_board" v="realtime" />
    <tag k="highway" v="platform" />
    <tag k="kerb" v="raised" />
    <tag k="kerb:height" v="0.22" />
    <tag k="lit" v="yes" />
    <tag k="local_ref" v="3" />
    <tag k="name" v="Ingolstadt, Hauptbahnhof" />
    <tag k="network" v="Verkehrsverbund Großraum Ingolstadt" />
    <tag k="network:guid" v="DE-BY-VGI" />
    <tag k="network:short" v="VGI" />
    <tag k="network:wikidata" v="Q99937594" />
    <tag k="network:wikipedia" v="de:Verkehrsverbund Großraum Ingolstadt" />
    <tag k="note" v="bitte highway:platform noch nicht entfernen" />
    <tag k="operator" v="Verkehrsverbund Großraum Ingolstadt" />
    <tag k="operator:short" v="VGI" />
    <tag k="operator:wikidata" v="Q99937594" />
    <tag k="operator:wikipedia" v="de:Verkehrsverbund Großraum Ingolstadt" />
    <tag k="public_transport" v="platform" />
    <tag k="ref" v="3" />
    <tag k="ref:IFOPT" v="de:09161:9000:2:2" />
    <tag k="route_ref" v="X11;901;6008;Berlin-Express;SEV" />
    <tag k="shelter" v="yes" />
    <tag k="tactile_paving" v="no" />
    <tag k="website" v="https://www.vgi.de/start_de" />
    <tag k="wheelchair" v="yes" />
    <tag k="wheelchair:description" v="Kasseler Bord vorhanden" />
    <tag k="width" v="2" />
  </way>
  <way id="201278210">
    <nd ref="331037681" />
    <nd ref="215614160" />
    <nd ref="1835799573" />
    <nd ref="1835799575" />
    <nd ref="215614167" />
    <nd ref="865008011" />
    <nd ref="221054183" />
    <nd ref="215614181" />
    <nd ref="7572491793" />
    <nd ref="8553034211" />
    <nd ref="225396195" />
    <nd ref="2889786620" />
    <nd ref="938227825" />
    <nd ref="225396208" />
    <nd ref="5626245356" />
    <nd ref="5626245355" />
    <nd ref="5626245357" />
    <nd ref="9074461502" />
    <nd ref="938227809" />
    <tag k="cycleway:both" v="no" />
    <tag k="highway" v="unclassified" />
    <tag k="lane_markings" v="no" />
    <tag k="maxspeed" v="30" />
    <tag k="name" v="Kothauer Straße" />
    <tag k="surface" v="asphalt" />
  </way>
  <way id="201278214">
    <nd ref="434405788" />
    <nd ref="11987706490" />
    <nd ref="1835775067" />
    <nd ref="250713433" />
    <tag k="cycleway:both" v="no" />
    <tag k="highway" v="primary" />
    <tag k="lanes" v="4" />
    <tag k="lanes:backward" v="2" />
    <tag k="lanes:forward" v="2" />
    <tag k="maxspeed" v="50" />
    <tag k="name" v="Südliche Ringstraße" />
    <tag k="psv" v="yes" />
    <tag k="ref" v="B 13" />
    <tag k="surface" v="asphalt" />
    <tag k="turn:lanes:forward" v="through|through" />
  </way>
  <way id="201278216">
    <nd ref="250713433" />
    <nd ref="7626856592" />
    <nd ref="12095883620" />
    <tag k="cycleway:both" v="no" />
    <tag k="highway" v="primary" />
    <tag k="lanes" v="4" />
    <tag k="lanes:backward" v="2" />
    <tag k="lanes:forward" v="2" />
    <tag k="maxspeed" v="50" />
    <tag k="name" v="Südliche Ringstraße" />
    <tag k="ref" v="B 13" />
    <tag k="surface" v="asphalt" />
    <tag k="turn:lanes:backward" v="through|through" />
  </way>
  <way id="201278218">
    <nd ref="25633371" />
    <nd ref="11049716132" />
    <nd ref="1443568610" />
    <nd ref="7623708689" />
    <tag k="cycleway:right" v="no" />
    <tag k="highway" v="primary" />
    <tag k="lanes" v="2" />
    <tag k="maxspeed" v="50" />
    <tag k="oneway" v="yes" />
    <tag k="ref" v="B 13" />
    <tag k="source" v="HiRes aerial imagery" />
    <tag k="surface" v="asphalt" />
    <tag k="turn:lanes" v="left|left" />
  </way>
  <way id="201926268">
    <nd ref="214620430" />
    <nd ref="11630879012" />
    <nd ref="1835817649" />
    <nd ref="2723869558" />
    <tag k="highway" v="secondary" />
    <tag k="lanes" v="5" />
    <tag k="lanes:backward" v="3" />
    <tag k="lanes:forward" v="2" />
    <tag k="lit" v="yes" />
    <tag k="maxspeed" v="50" />
    <tag k="name" v="Manchinger Straße" />
    <tag k="name:etymology:wikidata" v="Q252036" />
    <tag k="psv" v="yes" />
    <tag k="ref" v="IN 12" />
    <tag k="surface" v="asphalt" />
    <tag k="turn:lanes:backward" v="left|through|through;right" />
  </way>
  <way id="201926269">
    <nd ref="214620428" />
    <nd ref="214620374" />
    <nd ref="221054392" />
    <nd ref="1835817646" />
    <nd ref="8259716076" />
    <nd ref="214620430" />
    <tag k="highway" v="residential" />
    <tag k="lit" v="yes" />
    <tag k="maxspeed" v="30" />
    <tag k="maxspeed:type" v="DE:zone30" />
    <tag k="name" v="Pettenkoferstraße" />
    <tag k="psv" v="yes" />
    <tag k="sidewalk" v="both" />
    <tag k="surface" v="asphalt" />
  </way>
  <way id="201933877">
    <nd ref="288571283" />
    <nd ref="2129028059" />
    <nd ref="2911370024" />
    <nd ref="2129028056" />
    <nd ref="2129028049" />
    <nd ref="266356775" />
    <tag k="highway" v="residential" />
    <tag k="lanes" v="2" />
    <tag k="lanes:backward" v="1" />
    <tag k="lanes:forward" v="1" />
    <tag k="lit" v="yes" />
    <tag k="maxspeed" v="30" />
    <tag k="name" v="Auenstraße" />
    <tag k="psv" v="yes" />
    <tag k="sidewalk" v="both" />
    <tag k="source" v="HiRes aerial imagery" />
    <tag k="surface" v="asphalt" />
  </way>
  <way id="201933878">
    <nd ref="266356775" />
    <nd ref="2129028038" />
    <nd ref="266356776" />
    <nd ref="289430298" />
    <nd ref="289430287" />
    <nd ref="2149017047" />
    <nd ref="1720284396" />
    <nd ref="289430276" />
    <nd ref="7995751758" />
    <nd ref="293900659" />
    <nd ref="2149016996" />
    <nd ref="280182528" />
    <nd ref="8851179335" />
    <nd ref="363427680" />
    <tag k="highway" v="residential" />
    <tag k="lanes" v="2" />
    <tag k="lanes:backward" v="1" />
    <tag k="lanes:forward" v="1" />
    <tag k="maxspeed" v="30" />
    <tag k="name" v="Auenstraße" />
    <tag k="source" v="HiRes aerial imagery" />
    <tag k="surface" v="asphalt" />
  </way>
  <way id="201933879">
    <nd ref="288571399" />
    <nd ref="1720283518" />
    <nd ref="266356774" />
    <nd ref="1720283670" />
    <nd ref="288571290" />
    <nd ref="8763766144" />
    <nd ref="2129027998" />
    <nd ref="288571286" />
    <nd ref="2129028016" />
    <nd ref="2129028033" />
    <nd ref="266356775" />
    <tag k="highway" v="residential" />
    <tag k="maxspeed" v="30" />
    <tag k="name" v="Aventinstraße" />
    <tag k="psv" v="yes" />
    <tag k="source" v="HiRes aerial imagery" />
    <tag k="surface" v="asphalt" />
  </way>
  <way id="201933880">
    <nd ref="288571283" />
    <nd ref="2129028044" />
    <nd ref="2129028027" />
    <nd ref="288571284" />
    <nd ref="8530790990" />
    <nd ref="288571285" />
    <tag k="highway" v="residential" />
    <tag k="lanes" v="2" />
    <tag k="lanes:backward" v="1" />
    <tag k="lanes:forward" v="1" />
    <tag k="lit" v="yes" />
    <tag k="maxspeed" v="30" />
    <tag k="name" v="Eigenheimstraße" />
    <tag k="psv" v="no" />
    <tag k="sidewalk" v="both" />
    <tag k="source" v="HiRes aerial imagery" />
    <tag k="surface" v="asphalt" />
  </way>
  <way id="201933881">
    <nd ref="288571399" />
    <nd ref="1720283464" />
    <nd ref="2109053833" />
    <nd ref="289430326" />
    <nd ref="289430327" />
    <nd ref="2109053826" />
    <nd ref="309931893" />
    <nd ref="289430325" />
    <nd ref="2109053791" />
    <nd ref="1602167904" />
    <nd ref="1637088139" />
    <tag k="highway" v="residential" />
    <tag k="lanes" v="2" />
    <tag k="lanes:backward" v="1" />
    <tag k="lanes:forward" v="1" />
    <tag k="lit" v="yes" />
    <tag k="maxspeed" v="30" />
    <tag k="name" v="Lindberghstraße" />
    <tag k="psv" v="yes" />
    <tag k="sidewalk" v="both" />
    <tag k="source" v="HiRes aerial imagery" />
    <tag k="surface" v="asphalt" />
  </way>
  <way id="201950252">
    <nd ref="252123970" />
    <nd ref="1852633308" />
    <nd ref="11630879000" />
    <nd ref="273982464" />
    <tag k="highway" v="tertiary" />
    <tag k="lanes" v="2" />
    <tag k="lit" v="yes" />
    <tag k="maxspeed" v="50" />
    <tag k="maxspeed:conditional" v="30 @ (Mo-Fr 07:00-18:00)" />
    <tag k="name" v="Maximilianstraße" />
    <tag k="psv" v="yes" />
    <tag k="source" v="HiRes aerial imagery" />
    <tag k="surface" v="asphalt" />
  </way>
  <way id="202315053">
    <nd ref="2122824329" />
    <nd ref="2122824332" />
    <nd ref="2122824339" />
    <tag k="highway" v="service" />
  </way>
  <way id="202952225">
    <nd ref="2129028049" />
    <nd ref="2129028035" />
    <tag k="highway" v="footway" />
    <tag k="lit" v="no" />
  </way>
  <way id="202952227">
    <nd ref="2129028078" />
    <nd ref="9581537623" />
    <nd ref="2129028093" />
    <tag k="highway" v="service" />
  </way>
  <way id="202952228">
    <nd ref="2129028017" />
    <nd ref="2129028018" />
    <tag k="highway" v="footway" />
  </way>
  <way id="202952229">
    <nd ref="2129027998" />
    <nd ref="2129028004" />
    <tag k="highway" v="service" />
  </way>
  <way id="202952232">
    <nd ref="2129028027" />
    <nd ref="2129028034" />
    <tag k="highway" v="footway" />
    <tag k="surface" v="paving_stones" />
  </way>
  <way id="202952233">
    <nd ref="2129028038" />
    <nd ref="2129028015" />
    <nd ref="2129028016" />
    <tag k="highway" v="service" />
  </way>
  <way id="202952234">
    <nd ref="2129028168" />
    <nd ref="2276828231" />
    <nd ref="2129028166" />
    <nd ref="2129028167" />
    <tag k="highway" v="service" />
    <tag k="surface" v="paving_stones" />
  </way>
  <way id="202952235">
    <nd ref="2129028005" />
    <nd ref="2129028008" />
    <nd ref="288571294" />
    <tag k="highway" v="footway" />
  </way>
  <way id="202952236">
    <nd ref="2129028150" />
    <nd ref="7717641159" />
    <nd ref="7717519493" />
    <tag k="highway" v="service" />
    <tag k="service" v="parking_aisle" />
  </way>
  <way id="202952237">
    <nd ref="11536250141" />
    <nd ref="2129028109" />
    <nd ref="2129028108" />
    <tag k="cutting" v="both" />
    <tag k="highway" v="service" />
  </way>
  <way id="202952238">
    <nd ref="288571291" />
    <nd ref="2129027983" />
    <nd ref="2129027982" />
    <tag k="highway" v="footway" />
    <tag k="lit" v="no" />
  </way>
  <way id="202952239">
    <nd ref="2129028051" />
    <nd ref="10178518881" />
    <nd ref="2129028063" />
    <nd ref="2129028060" />
    <nd ref="10178518882" />
    <nd ref="2129028056" />
    <tag k="highway" v="service" />
  </way>
  <way id="202952240">
    <nd ref="2129028092" />
    <nd ref="2129028103" />
    <nd ref="2129028121" />
    <nd ref="2129028147" />
    <nd ref="2129028148" />
    <tag k="highway" v="service" />
  </way>
  <way id="202952241">
    <nd ref="2129028096" />
    <nd ref="9581537621" />
    <nd ref="2129028106" />
    <nd ref="2129028101" />
    <nd ref="2129028090" />
    <nd ref="2129028093" />
    <tag k="highway" v="footway" />
  </way>
  <way id="202952242">
    <nd ref="2129028033" />
    <nd ref="2129028035" />
    <nd ref="2129028048" />
    <nd ref="2129028042" />
    <nd ref="2129028044" />
    <nd ref="2129028047" />
    <tag k="highway" v="service" />
  </way>
  <way id="202956894">
    <nd ref="2129156338" />
    <nd ref="2129156355" />
    <nd ref="2157820694" />
    <nd ref="2129156375" />
    <tag k="highway" v="footway" />
    <tag k="lit" v="yes" />
    <tag k="surface" v="paving_stones" />
  </way>
  <way id="202956895">
    <nd ref="2129156382" />
    <nd ref="2129156392" />
    <nd ref="2157820696" />
    <nd ref="2129156375" />
    <tag k="highway" v="footway" />
    <tag k="lit" v="no" />
    <tag k="surface" v="paving_stones" />
  </way>
  <way id="202956896">
    <nd ref="2129156334" />
    <nd ref="2129156343" />
    <nd ref="2129156349" />
    <tag k="highway" v="service" />
  </way>
  <way id="202956897">
    <nd ref="2129156364" />
    <nd ref="2129156335" />
    <nd ref="2129156349" />
    <tag k="highway" v="footway" />
  </way>
  <way id="202956898">
    <nd ref="2129156297" />
    <nd ref="2337351244" />
    <nd ref="2129156313" />
    <nd ref="2129156331" />
    <nd ref="2129156303" />
    <tag k="highway" v="service" />
    <tag k="lit" v="no" />
    <tag k="service" v="parking_aisle" />
    <tag k="surface" v="paving_stones" />
  </way>
  <way id="202956899">
    <nd ref="2129156398" />
    <nd ref="2129156408" />
    <nd ref="2129156402" />
    <nd ref="2129156404" />
    <tag k="highway" v="footway" />
    <tag k="lit" v="yes" />
    <tag k="surface" v="paving_stones" />
  </way>
  <way id="202956900">
    <nd ref="2129156426" />
    <nd ref="2129156432" />
    <nd ref="12454251810" />
    <nd ref="12454251809" />
    <nd ref="2129156448" />
    <nd ref="12454251807" />
    <nd ref="2129156428" />
    <nd ref="2129156429" />
    <tag k="highway" v="footway" />
    <tag k="lit" v="yes" />
    <tag k="surface" v="paving_stones" />
  </way>
  <way id="202956901">
    <nd ref="2129156450" />
    <nd ref="2129156426" />
    <nd ref="12454251806" />
    <nd ref="2129156398" />
    <nd ref="2129156382" />
    <nd ref="2129156338" />
    <nd ref="2129156313" />
    <tag k="highway" v="footway" />
    <tag k="lit" v="yes" />
    <tag k="surface" v="paving_stones" />
  </way>
  <way id="203033959">
    <nd ref="289430450" />
    <nd ref="2129977246" />
    <tag k="highway" v="residential" />
    <tag k="lit" v="yes" />
    <tag k="maxspeed" v="30" />
    <tag k="name" v="Seemillerstraße" />
    <tag k="psv" v="no" />
    <tag k="source" v="HiRes aerial imagery" />
  </way>
  <way id="203033961">
    <nd ref="2129977290" />
    <nd ref="2129977291" />
    <tag k="highway" v="service" />
  </way>
  <way id="203033962">
    <nd ref="2129977176" />
    <nd ref="2287775626" />
    <nd ref="2129977173" />
    <tag k="highway" v="service" />
    <tag k="lit" v="yes" />
    <tag k="service" v="driveway" />
    <tag k="source" v="HiRes aerial imagery" />
    <tag k="surface" v="asphalt" />
  </way>
  <way id="203033963">
    <nd ref="2129977048" />
    <nd ref="2129977044" />
    <tag k="highway" v="footway" />
  </way>
  <way id="203033964">
    <nd ref="2129977283" />
    <nd ref="2129977285" />
    <tag k="highway" v="service" />
  </way>
  <way id="203033965">
    <nd ref="2129977148" />
    <nd ref="2129977159" />
    <tag k="highway" v="footway" />
  </way>
  <way id="203033966">
    <nd ref="2129977319" />
    <nd ref="2129977326" />
    <tag k="highway" v="service" />
  </way>
  <way id="203033967">
    <nd ref="2129977216" />
    <nd ref="2172162767" />
    <tag k="access" v="no" />
    <tag k="bicycle" v="yes" />
    <tag k="foot" v="yes" />
    <tag k="highway" v="service" />
    <tag k="horse" v="no" />
    <tag k="motor_vehicle" v="no" />
    <tag k="service" v="driveway" />
    <tag k="source" v="HiRes aerial imagery" />
    <tag k="surface" v="asphalt" />
  </way>
  <way id="203033968">
    <nd ref="2129977142" />
    <nd ref="2129977119" />
    <tag k="highway" v="footway" />
  </way>
  <way id="203033969">
    <nd ref="2129977335" />
    <nd ref="2129977314" />
    <tag k="highway" v="footway" />
  </way>
  <way id="203033970">
    <nd ref="2129977050" />
    <nd ref="2129977113" />
    <nd ref="2129977124" />
    <tag k="highway" v="footway" />
  </way>
  <way id="203033971">
    <nd ref="2129977316" />
    <nd ref="2129977314" />
    <nd ref="11763921750" />
    <nd ref="11763921751" />
    <nd ref="2129977311" />
    <tag k="highway" v="service" />
    <tag k="service" v="driveway" />
  </way>
  <way id="203033972">
    <nd ref="2129977042" />
    <nd ref="2129977040" />
    <nd ref="2129977038" />
    <tag k="highway" v="footway" />
  </way>
  <way id="203033974">
    <nd ref="2129977173" />
    <nd ref="2129977165" />
    <tag k="covered" v="yes" />
    <tag k="highway" v="service" />
    <tag k="lit" v="yes" />
    <tag k="maxheight" v="below_default" />
    <tag k="service" v="driveway" />
    <tag k="source" v="HiRes aerial imagery" />
    <tag k="surface" v="asphalt" />
  </way>
  <way id="203033975">
    <nd ref="2129977154" />
    <nd ref="2129977186" />
    <tag k="highway" v="service" />
    <tag k="service" v="driveway" />
    <tag k="source" v="HiRes aerial imagery" />
    <tag k="surface" v="asphalt" />
  </way>
  <way id="203033976">
    <nd ref="2129977213" />
    <nd ref="2129977196" />
    <nd ref="2129977184" />
    <tag k="highway" v="service" />
  </way>
  <way id="203033977">
    <nd ref="2129977334" />
    <nd ref="2129977335" />
    <nd ref="289430440" />
    <tag k="highway" v="service" />
  </way>
  <way id="203033978">
    <nd ref="2129977282" />
    <nd ref="2129977273" />
    <nd ref="7938708031" />
    <nd ref="2129977244" />
    <tag k="highway" v="service" />
    <tag k="surface" v="paving_stones" />
  </way>
  <way id="203033979">
    <nd ref="2129977206" />
    <nd ref="2129977167" />
    <nd ref="2129977134" />
    <nd ref="2129977109" />
    <nd ref="2172162715" />
    <tag k="highway" v="footway" />
    <tag k="lit" v="yes" />
    <tag k="source" v="HiRes aerial imagery" />
    <tag k="surface" v="paving_stones" />
  </way>
  <way id="203033980">
    <nd ref="2129977310" />
    <nd ref="2129977307" />
    <nd ref="2129977302" />
    <nd ref="2129977301" />
    <tag k="highway" v="footway" />
  </way>
  <way id="203033981">
    <nd ref="1852651010" />
    <nd ref="2129977182" />
    <nd ref="2129977188" />
    <nd ref="2129977200" />
    <tag k="highway" v="footway" />
  </way>
  <way id="203033982">
    <nd ref="2129977256" />
    <nd ref="7938708032" />
    <nd ref="2129977282" />
    <nd ref="2129977284" />
    <nd ref="2129977292" />
    <tag k="highway" v="service" />
  </way>
  <way id="203033983">
    <nd ref="2129977165" />
    <nd ref="2129977153" />
    <nd ref="2129977123" />
    <nd ref="2129977072" />
    <tag k="highway" v="service" />
    <tag k="lit" v="yes" />
    <tag k="service" v="driveway" />
    <tag k="source" v="HiRes aerial imagery" />
    <tag k="surface" v="asphalt" />
  </way>
  <way id="203033984">
    <nd ref="2129977033" />
    <nd ref="2129977035" />
    <nd ref="2129977034" />
    <nd ref="2129977037" />
    <nd ref="2129977036" />
    <tag k="highway" v="footway" />
  </way>
  <way id="203033986">
    <nd ref="2129977109" />
    <nd ref="2172162727" />
    <nd ref="2129977052" />
    <nd ref="2172162719" />
    <nd ref="2129977076" />
    <tag k="highway" v="footway" />
    <tag k="lit" v="yes" />
    <tag k="source" v="HiRes aerial imagery" />
    <tag k="surface" v="paving_stones" />
  </way>
  <way id="203033987">
    <nd ref="2129977115" />
    <nd ref="2172162734" />
    <nd ref="2129977111" />
    <nd ref="2129977154" />
    <nd ref="2129977161" />
    <nd ref="2172162749" />
    <nd ref="2172162748" />
    <nd ref="2172162751" />
    <nd ref="2129977171" />
    <nd ref="2287775628" />
    <nd ref="2129977180" />
    <tag k="highway" v="service" />
    <tag k="service" v="driveway" />
    <tag k="source" v="HiRes aerial imagery" />
    <tag k="surface" v="asphalt" />
  </way>
  <way id="203139695">
    <nd ref="2131136411" />
    <nd ref="2131136426" />
    <tag k="highway" v="service" />
  </way>
  <way id="203139696">
    <nd ref="2131136374" />
    <nd ref="2131136384" />
    <tag k="highway" v="footway" />
  </way>
  <way id="203139697">
    <nd ref="2131136630" />
    <nd ref="2131136655" />
    <tag k="highway" v="footway" />
  </way>
  <way id="203139698">
    <nd ref="2131136495" />
    <nd ref="2131136503" />
    <tag k="highway" v="service" />
  </way>
  <way id="203139699">
    <nd ref="2131136615" />
    <nd ref="2131136625" />
    <tag k="highway" v="service" />
  </way>
  <way id="203139700">
    <nd ref="288571319" />
    <nd ref="12138601260" />
    <nd ref="2131136491" />
    <tag k="highway" v="footway" />
  </way>
  <way id="203139701">
    <nd ref="2131136525" />
    <nd ref="2131136532" />
    <tag k="highway" v="service" />
  </way>
  <way id="203139702">
    <nd ref="2131136605" />
    <nd ref="2131136582" />
    <tag k="covered" v="yes" />
    <tag k="highway" v="service" />
    <tag k="layer" v="-1" />
  </way>
  <way id="203139703">
    <nd ref="2131136508" />
    <nd ref="2131136489" />
    <tag k="highway" v="service" />
  </way>
  <way id="203139704">
    <nd ref="2131136402" />
    <nd ref="2131136391" />
    <tag k="highway" v="service" />
  </way>
  <way id="203139705">
    <nd ref="2131136390" />
    <nd ref="2131136384" />
    <tag k="highway" v="service" />
  </way>
  <way id="203139706">
    <nd ref="2131136664" />
    <nd ref="12138601215" />
    <nd ref="2131136662" />
    <nd ref="2131136666" />
    <tag k="highway" v="footway" />
  </way>
  <way id="203139707">
    <nd ref="2131136609" />
    <nd ref="12138601214" />
    <nd ref="2131136604" />
    <nd ref="2131136607" />
    <tag k="highway" v="service" />
  </way>
  <way id="203139708">
    <nd ref="2131136501" />
    <nd ref="12138601296" />
    <nd ref="2131136484" />
    <nd ref="2131136458" />
    <tag k="highway" v="footway" />
  </way>
  <way id="203139709">
    <nd ref="2131136683" />
    <nd ref="2276828226" />
    <nd ref="2131136674" />
    <nd ref="2131136663" />
    <tag k="highway" v="service" />
  </way>
  <way id="203139710">
    <nd ref="2131136362" />
    <nd ref="2131136372" />
    <nd ref="2131136373" />
    <tag k="highway" v="footway" />
  </way>
  <way id="203139711">
    <nd ref="2131136507" />
    <nd ref="12138601295" />
    <nd ref="2131136474" />
    <nd ref="2131136470" />
    <nd ref="2131136467" />
    <tag k="highway" v="footway" />
  </way>
  <way id="203139712">
    <nd ref="1834159721" />
    <nd ref="2131136691" />
    <nd ref="2131136707" />
    <nd ref="12138601170" />
    <nd ref="1721646821" />
    <tag k="highway" v="footway" />
    <tag k="lit" v="no" />
  </way>
  <way id="203139713">
    <nd ref="2131136661" />
    <nd ref="2276828225" />
    <nd ref="2131136657" />
    <nd ref="2131136649" />
    <nd ref="2131136636" />
    <tag k="highway" v="service" />
    <tag k="surface" v="paving_stones" />
  </way>
  <way id="203139714">
    <nd ref="2131136618" />
    <nd ref="2276828224" />
    <nd ref="2131136611" />
    <nd ref="2131136605" />
    <tag k="highway" v="service" />
  </way>
  <way id="203139715">
    <nd ref="2131136555" />
    <nd ref="12138601212" />
    <nd ref="2131136546" />
    <nd ref="2131136549" />
    <nd ref="12138601127" />
    <nd ref="2131136552" />
    <nd ref="2131136562" />
    <tag k="highway" v="service" />
    <tag k="service" v="driveway" />
  </way>
  <way id="203139716">
    <nd ref="289430323" />
    <nd ref="2131136557" />
    <nd ref="2131136558" />
    <nd ref="2131136563" />
    <nd ref="2131136561" />
    <tag k="highway" v="service" />
  </way>
  <way id="203139717">
    <nd ref="2131136621" />
    <nd ref="2131136633" />
    <nd ref="2131136634" />
    <nd ref="2131136630" />
    <nd ref="2131136625" />
    <tag k="highway" v="footway" />
  </way>
  <way id="203912074">
    <nd ref="2139162062" />
    <nd ref="10965100068" />
    <nd ref="2139162053" />
    <tag k="highway" v="service" />
  </way>
  <way id="203912078">
    <nd ref="2139162047" />
    <nd ref="2139162041" />
    <nd ref="10965100071" />
    <nd ref="2139162038" />
    <tag k="highway" v="footway" />
  </way>
  <way id="203912080">
    <nd ref="288514930" />
    <nd ref="10965100070" />
    <nd ref="2139162047" />
    <nd ref="2139162044" />
    <nd ref="2139162045" />
    <tag k="highway" v="service" />
  </way>
  <way id="203916538">
    <nd ref="2139215648" />
    <nd ref="2139215597" />
    <nd ref="2139215584" />
    <nd ref="2139215576" />
    <nd ref="2139215585" />
    <nd ref="2139215582" />
    <tag k="highway" v="service" />
    <tag k="service" v="parking_aisle" />
  </way>
  <way id="203925326">
    <nd ref="2139272736" />
    <nd ref="7680760811" />
    <nd ref="2139272714" />
    <tag k="highway" v="service" />
  </way>
  <way id="203925327">
    <nd ref="2139272730" />
    <nd ref="2139272720" />
    <tag k="highway" v="service" />
    <tag k="surface" v="paving_stones" />
  </way>
  <way id="203925328">
    <nd ref="2139272734" />
    <nd ref="7680760810" />
    <nd ref="2139272732" />
    <tag k="highway" v="service" />
  </way>
  <way id="203984392">
    <nd ref="456875875" />
    <nd ref="2139970045" />
    <tag k="highway" v="service" />
    <tag k="smoothness" v="good" />
    <tag k="surface" v="paving_stones" />
  </way>
  <way id="203984394">
    <nd ref="2139969951" />
    <nd ref="2139970013" />
    <tag k="highway" v="service" />
    <tag k="smoothness" v="good" />
    <tag k="surface" v="paving_stones" />
  </way>
  <way id="203986892">
    <nd ref="2139992595" />
    <nd ref="2139992654" />
    <tag k="highway" v="service" />
  </way>
  <way id="203986893">
    <nd ref="2139992689" />
    <nd ref="2139992683" />
    <tag k="bicycle" v="designated" />
    <tag k="foot" v="designated" />
    <tag k="highway" v="path" />
    <tag k="segregated" v="no" />
  </way>
  <way id="203986894">
    <nd ref="2139992672" />
    <nd ref="2139992751" />
    <tag k="highway" v="service" />
  </way>
  <way id="203986896">
    <nd ref="2139992583" />
    <nd ref="2139992606" />
    <tag k="highway" v="service" />
  </way>
  <way id="203986897">
    <nd ref="2139992643" />
    <nd ref="2139992619" />
    <nd ref="2139992605" />
    <nd ref="2139992588" />
    <tag k="highway" v="service" />
  </way>
  <way id="203998232">
    <nd ref="2140102597" />
    <nd ref="2140102647" />
    <tag k="highway" v="service" />
  </way>
  <way id="203998233">
    <nd ref="2140102567" />
    <nd ref="2140102579" />
    <nd ref="2140102596" />
    <nd ref="2140102603" />
    <nd ref="2140102639" />
    <tag k="highway" v="service" />
  </way>
  <way id="204832471">
    <nd ref="2148069848" />
    <nd ref="2148069846" />
    <nd ref="2148069844" />
    <nd ref="1852633287" />
    <tag k="bicycle" v="designated" />
    <tag k="foot" v="designated" />
    <tag k="highway" v="path" />
    <tag k="segregated" v="no" />
  </way>
  <way id="204894917">
    <nd ref="2148748403" />
    <nd ref="7721338366" />
    <nd ref="2148748427" />
    <tag k="highway" v="service" />
    <tag k="service" v="driveway" />
  </way>
  <way id="204894920">
    <nd ref="2148748416" />
    <nd ref="2149016908" />
    <nd ref="2148748423" />
    <tag k="highway" v="service" />
    <tag k="service" v="driveway" />
  </way>
  <way id="204923392">
    <nd ref="2149017047" />
    <nd ref="2149017135" />
    <tag k="highway" v="service" />
  </way>
  <way id="204923393">
    <nd ref="2149016920" />
    <nd ref="2149016927" />
    <tag k="highway" v="service" />
    <tag k="service" v="driveway" />
  </way>
  <way id="204923394">
    <nd ref="2149016888" />
    <nd ref="2149016887" />
    <tag k="highway" v="footway" />
    <tag k="lit" v="no" />
    <tag k="surface" v="paving_stones" />
  </way>
  <way id="204923395">
    <nd ref="2149017280" />
    <nd ref="10965100069" />
    <nd ref="2149017301" />
    <nd ref="2139162045" />
    <tag k="highway" v="footway" />
  </way>
  <way id="204923396">
    <nd ref="2149016907" />
    <nd ref="8262055144" />
    <nd ref="8262055145" />
    <nd ref="8262055147" />
    <tag k="highway" v="path" />
  </way>
  <way id="204923397">
    <nd ref="89170513" />
    <nd ref="7707167827" />
    <nd ref="12048003453" />
    <nd ref="2149017087" />
    <nd ref="2149017096" />
    <nd ref="12048003456" />
    <nd ref="2149017105" />
    <tag k="highway" v="service" />
    <tag k="service" v="parking_aisle" />
  </way>
  <way id="204923398">
    <nd ref="2149017027" />
    <nd ref="7707167826" />
    <nd ref="2149017023" />
    <nd ref="2149017013" />
    <nd ref="2149017003" />
    <nd ref="2149016996" />
    <tag k="highway" v="service" />
    <tag k="service" v="parking_aisle" />
  </way>
  <way id="205106790">
    <nd ref="2150769031" />
    <nd ref="2150769032" />
    <tag k="covered" v="yes" />
    <tag k="highway" v="service" />
  </way>
  <way id="205106791">
    <nd ref="2150769021" />
    <nd ref="10965104906" />
    <nd ref="2150769020" />
    <tag k="highway" v="service" />
  </way>
  <way id="205106792">
    <nd ref="2150769032" />
    <nd ref="2150769035" />
    <tag k="highway" v="service" />
  </way>
  <way id="205798968">
    <nd ref="2157820697" />
    <nd ref="2157820696" />
    <tag k="highway" v="footway" />
  </way>
  <way id="205798970">
    <nd ref="2157820702" />
    <nd ref="2157820703" />
    <tag k="highway" v="steps" />
  </way>
  <way id="205798972">
    <nd ref="2157820703" />
    <nd ref="2157820704" />
    <tag k="highway" v="footway" />
  </way>
  <way id="205798974">
    <nd ref="2157820701" />
    <nd ref="2157820702" />
    <tag k="highway" v="footway" />
  </way>
  <way id="205798976">
    <nd ref="2157820699" />
    <nd ref="2157820698" />
    <nd ref="530808367" />
    <tag k="highway" v="footway" />
    <tag k="surface" v="pebblestone" />
  </way>
  <way id="205798978">
    <nd ref="2157820698" />
    <nd ref="2157820697" />
    <nd ref="2157820693" />
    <nd ref="2157820692" />
    <nd ref="2157820689" />
    <tag k="highway" v="footway" />
    <tag k="surface" v="paving_stones" />
  </way>
  <way id="206290971">
    <nd ref="2162910295" />
    <nd ref="2162910289" />
    <nd ref="2162910280" />
    <tag k="highway" v="service" />
    <tag k="psv" v="no" />
  </way>
  <way id="206290972">
    <nd ref="2162910297" />
    <nd ref="2162910293" />
    <nd ref="2162910291" />
    <nd ref="2162910279" />
    <tag k="highway" v="service" />
    <tag k="psv" v="no" />
  </way>
  <way id="206726097">
    <nd ref="2167675254" />
    <nd ref="2150769023" />
    <nd ref="2150769022" />
    <tag k="highway" v="footway" />
  </way>
  <way id="207091116">
    <nd ref="2172162770" />
    <nd ref="8057482063" />
    <nd ref="8057482064" />
    <nd ref="21532605" />
    <tag k="highway" v="tertiary" />
    <tag k="lanes" v="3" />
    <tag k="lit" v="yes" />
    <tag k="maxspeed" v="50" />
    <tag k="name" v="Am Pulverl" />
    <tag k="psv" v="yes" />
    <tag k="source" v="HiRes aerial imagery" />
    <tag k="surface" v="asphalt" />
  </way>
  <way id="207091130">
    <nd ref="2129977180" />
    <nd ref="2129977176" />
    <tag k="cycleway:both" v="separate" />
    <tag k="highway" v="primary" />
    <tag k="lanes" v="5" />
    <tag k="lanes:backward" v="3" />
    <tag k="lanes:forward" v="2" />
    <tag k="lit" v="yes" />
    <tag k="maxspeed" v="50" />
    <tag k="name" v="Münchener Straße" />
    <tag k="name:etymology:wikidata" v="Q1726" />
    <tag k="psv" v="yes" />
    <tag k="ref" v="B 13" />
    <tag k="surface" v="asphalt" />
    <tag k="turn:lanes:backward" v="left|through|through;right" />
  </way>
  <way id="207091132">
    <nd ref="2129977176" />
    <nd ref="21532607" />
    <nd ref="252122973" />
    <nd ref="21532558" />
    <nd ref="699806341" />
    <tag k="cycleway:both" v="separate" />
    <tag k="highway" v="primary" />
    <tag k="lanes" v="4" />
    <tag k="lit" v="yes" />
    <tag k="maxspeed" v="50" />
    <tag k="name" v="Münchener Straße" />
    <tag k="name:etymology:wikidata" v="Q1726" />
    <tag k="psv" v="yes" />
    <tag k="ref" v="B 13" />
    <tag k="sidewalk:both" v="separate" />
    <tag k="surface" v="asphalt" />
  </way>
  <way id="207091133">
    <nd ref="2129977052" />
    <nd ref="2129977046" />
    <tag k="highway" v="footway" />
    <tag k="lit" v="yes" />
    <tag k="source" v="HiRes aerial imagery" />
    <tag k="surface" v="paving_stones" />
  </way>
  <way id="207091134">
    <nd ref="2172162770" />
    <nd ref="7680760816" />
    <nd ref="2172162767" />
    <tag k="highway" v="service" />
    <tag k="service" v="driveway" />
    <tag k="source" v="HiRes aerial imagery" />
    <tag k="surface" v="asphalt" />
  </way>
  <way id="207091135">
    <nd ref="2172162738" />
    <nd ref="2172162736" />
    <tag k="highway" v="footway" />
    <tag k="lit" v="no" />
    <tag k="source" v="HiRes aerial imagery" />
    <tag k="surface" v="paving_stones" />
  </way>
  <way id="207091136">
    <nd ref="2172162737" />
    <nd ref="2172162730" />
    <tag k="highway" v="footway" />
    <tag k="lit" v="no" />
    <tag k="source" v="HiRes aerial imagery" />
  </way>
  <way id="207091137">
    <nd ref="2172162739" />
    <nd ref="2172162727" />
    <nd ref="2172162725" />
    <tag k="highway" v="footway" />
    <tag k="lit" v="no" />
    <tag k="source" v="HiRes aerial imagery" />
    <tag k="surface" v="paving_stones" />
  </way>
  <way id="207091138">
    <nd ref="2129977167" />
    <nd ref="2172162744" />
    <nd ref="2172162745" />
    <nd ref="2172162746" />
    <nd ref="2172162752" />
    <tag k="highway" v="footway" />
    <tag k="lit" v="no" />
    <tag k="source" v="HiRes aerial imagery" />
  </way>
  <way id="207091139">
    <nd ref="2129977134" />
    <nd ref="2172162739" />
    <nd ref="2172162738" />
    <nd ref="2172162737" />
    <nd ref="2172162735" />
    <nd ref="2172162719" />
    <nd ref="2172162717" />
    <tag k="highway" v="footway" />
    <tag k="lit" v="no" />
    <tag k="source" v="HiRes aerial imagery" />
    <tag k="surface" v="paving_stones" />
  </way>
  <way id="208010461">
    <nd ref="10060756268" />
    <nd ref="10060756267" />
    <nd ref="2183111789" />
    <tag k="highway" v="service" />
  </way>
  <way id="208010464">
    <nd ref="2183111794" />
    <nd ref="2183111791" />
    <nd ref="2183111793" />
    <nd ref="10315357435" />
    <nd ref="2183111774" />
    <nd ref="2183111759" />
    <nd ref="3133249686" />
    <nd ref="3133249687" />
    <nd ref="3133249688" />
    <nd ref="3133249685" />
    <tag k="highway" v="footway" />
  </way>
  <way id="210589143">
    <nd ref="2206679895" />
    <nd ref="2206679896" />
    <tag k="highway" v="living_street" />
    <tag k="name" v="Prinz-Eugen-Straße" />
    <tag k="source" v="HiRes aerial imagery" />
  </way>
  <way id="210589144">
    <nd ref="2206679894" />
    <nd ref="2206679893" />
    <nd ref="2206679892" />
    <tag k="highway" v="living_street" />
    <tag k="name" v="Prinz-Eugen-Straße" />
    <tag k="source" v="HiRes aerial imagery" />
  </way>
  <way id="213530786">
    <nd ref="2232080973" />
    <nd ref="2232080965" />
    <tag k="handrail" v="yes" />
    <tag k="highway" v="steps" />
    <tag k="incline" v="up" />
    <tag k="level" v="-1;0" />
    <tag k="lit" v="yes" />
    <tag k="operator" v="DB InfraGO AG" />
    <tag k="platform_lift" v="no" />
    <tag k="ramp" v="no" />
    <tag k="step_count" v="32" />
    <tag k="surface" v="concrete" />
    <tag k="tactile_paving" v="yes" />
    <tag k="website" v="https://dbinfrago.com" />
    <tag k="wikidata" v="Q122870674" />
    <tag k="wikipedia" v="de:DB InfraGO" />
  </way>
  <way id="213530787">
    <nd ref="3642372537" />
    <nd ref="2232080975" />
    <tag k="handrail" v="yes" />
    <tag k="highway" v="steps" />
    <tag k="incline" v="up" />
    <tag k="level" v="-1;0" />
    <tag k="lit" v="yes" />
    <tag k="operator" v="DB InfraGO AG" />
    <tag k="ramp" v="no" />
    <tag k="step_count" v="32" />
    <tag k="surface" v="concrete" />
    <tag k="tactile_paving" v="yes" />
    <tag k="website" v="https://dbinfrago.com" />
    <tag k="wikidata" v="Q122870674" />
    <tag k="wikipedia" v="de:DB InfraGO" />
  </way>
  <way id="213530789">
    <nd ref="3642372543" />
    <nd ref="2232080981" />
    <tag k="handrail" v="yes" />
    <tag k="highway" v="steps" />
    <tag k="incline" v="up" />
    <tag k="level" v="-1;0" />
    <tag k="lit" v="yes" />
    <tag k="operator" v="DB InfraGO AG" />
    <tag k="platform_lift" v="no" />
    <tag k="ramp" v="no" />
    <tag k="step_count" v="32" />
    <tag k="surface" v="concrete" />
    <tag k="tactile_paving" v="yes" />
    <tag k="website" v="https://dbinfrago.com" />
    <tag k="wikidata" v="Q122870674" />
    <tag k="wikipedia" v="de:DB InfraGO" />
  </way>
  <way id="213530791">
    <nd ref="2232081005" />
    <nd ref="1834159690" />
    <tag k="highway" v="footway" />
    <tag k="surface" v="asphalt" />
  </way>
  <way id="213530792">
    <nd ref="2232081002" />
    <nd ref="2232081003" />
    <nd ref="2232081004" />
    <tag k="highway" v="service" />
    <tag k="surface" v="paving_stones" />
  </way>
  <way id="213530793">
    <nd ref="2232080971" />
    <nd ref="2232080961" />
    <tag k="handrail" v="yes" />
    <tag k="highway" v="steps" />
    <tag k="incline" v="up" />
    <tag k="level" v="-1;0" />
    <tag k="lit" v="yes" />
    <tag k="operator" v="DB InfraGO AG" />
    <tag k="ramp" v="no" />
    <tag k="step_count" v="32" />
    <tag k="surface" v="concrete" />
    <tag k="tactile_paving" v="yes" />
    <tag k="website" v="https://dbinfrago.com" />
    <tag k="wikidata" v="Q122870674" />
    <tag k="wikipedia" v="de:DB InfraGO" />
  </way>
  <way id="213530794">
    <nd ref="2232080969" />
    <nd ref="2232080958" />
    <tag k="handrail" v="yes" />
    <tag k="highway" v="steps" />
    <tag k="incline" v="up" />
    <tag k="level" v="-1;0" />
    <tag k="lit" v="yes" />
    <tag k="operator" v="DB InfraGO AG" />
    <tag k="ramp" v="no" />
    <tag k="step_count" v="30" />
    <tag k="surface" v="concrete" />
    <tag k="tactile_paving" v="yes" />
    <tag k="website" v="https://dbinfrago.com" />
    <tag k="wikidata" v="Q122870674" />
    <tag k="wikipedia" v="de:DB InfraGO" />
  </way>
  <way id="213530796">
    <nd ref="2232080967" />
    <nd ref="2232080977" />
    <tag k="bicycle" v="dismount" />
    <tag k="handrail" v="yes" />
    <tag k="highway" v="steps" />
    <tag k="incline" v="up" />
    <tag k="level" v="-1;0" />
    <tag k="lit" v="yes" />
    <tag k="operator" v="DB InfraGO AG" />
    <tag k="ramp" v="no" />
    <tag k="step_count" v="30" />
    <tag k="surface" v="concrete" />
    <tag k="tactile_paving" v="yes" />
    <tag k="website" v="https://dbinfrago.com" />
    <tag k="wikidata" v="Q122870674" />
    <tag k="wikipedia" v="de:DB InfraGO" />
  </way>
  <way id="213530798">
    <nd ref="2232080987" />
    <nd ref="699711134" />
    <nd ref="9236386834" />
    <nd ref="10915923030" />
    <nd ref="7629367846" />
    <tag k="highway" v="service" />
    <tag k="lit" v="yes" />
    <tag k="surface" v="asphalt" />
  </way>
  <way id="213530799">
    <nd ref="3642372527" />
    <nd ref="2232080974" />
    <tag k="handrail" v="yes" />
    <tag k="highway" v="steps" />
    <tag k="incline" v="up" />
    <tag k="level" v="-1;0" />
    <tag k="lit" v="yes" />
    <tag k="operator" v="DB InfraGO AG" />
    <tag k="ramp" v="no" />
    <tag k="step_count" v="30" />
    <tag k="surface" v="concrete" />
    <tag k="tactile_paving" v="yes" />
    <tag k="website" v="https://dbinfrago.com" />
    <tag k="wikidata" v="Q122870674" />
    <tag k="wikipedia" v="de:DB InfraGO" />
  </way>
  <way id="213530800">
    <nd ref="2232080978" />
    <nd ref="4319249216" />
    <nd ref="2232080977" />
    <tag k="bicycle" v="dismount" />
    <tag k="highway" v="footway" />
    <tag k="level" v="0" />
    <tag k="lit" v="yes" />
    <tag k="operator" v="DB InfraGO AG" />
    <tag k="smoothness" v="excellent" />
    <tag k="surface" v="paving_stones" />
    <tag k="website" v="https://dbinfrago.com" />
    <tag k="wikidata" v="Q122870674" />
    <tag k="wikipedia" v="de:DB InfraGO" />
  </way>
  <way id="213530801">
    <nd ref="2232080967" />
    <nd ref="2232080962" />
    <nd ref="3642372500" />
    <tag k="bicycle" v="dismount" />
    <tag k="highway" v="footway" />
    <tag k="layer" v="-1" />
    <tag k="level" v="-1" />
    <tag k="lit" v="yes" />
    <tag k="operator" v="DB InfraGO AG" />
    <tag k="smoothness" v="excellent" />
    <tag k="surface" v="concrete" />
    <tag k="tactile_paving" v="yes" />
    <tag k="tunnel" v="yes" />
    <tag k="website" v="https://dbinfrago.com" />
    <tag k="wheelchair" v="yes" />
    <tag k="wikidata" v="Q122870674" />
    <tag k="wikipedia" v="de:DB InfraGO" />
  </way>
  <way id="216969434">
    <nd ref="2262859398" />
    <nd ref="2262859399" />
    <nd ref="2262859400" />
    <nd ref="7721338335" />
    <nd ref="336359415" />
    <tag k="highway" v="residential" />
    <tag k="lit" v="yes" />
    <tag k="maxspeed" v="30" />
    <tag k="name" v="Melli-Beese-Straße" />
    <tag k="surface" v="asphalt" />
  </way>
  <way id="217170172">
    <nd ref="7629367848" />
    <nd ref="7629367849" />
    <nd ref="7629367850" />
    <nd ref="7629367851" />
    <nd ref="7629367852" />
    <nd ref="7629367853" />
    <nd ref="7629367854" />
    <nd ref="7629367855" />
    <nd ref="7629367856" />
    <nd ref="7629367857" />
    <nd ref="7629367858" />
    <nd ref="7629367859" />
    <nd ref="2264641012" />
    <nd ref="2264641008" />
    <nd ref="11154478808" />
    <tag k="access" v="private" />
    <tag k="highway" v="service" />
    <tag k="maxspeed" v="5" />
  </way>
  <way id="224261003">
    <nd ref="1639935411" />
    <nd ref="1637705038" />
    <nd ref="776120646" />
    <nd ref="1637705055" />
    <nd ref="776120651" />
    <nd ref="776120654" />
    <nd ref="776120657" />
    <nd ref="776120659" />
    <nd ref="1637705136" />
    <nd ref="4326573511" />
    <nd ref="776120661" />
    <nd ref="1637705163" />
    <nd ref="776120663" />
    <nd ref="776120666" />
    <nd ref="776120667" />
    <nd ref="776120598" />
    <nd ref="2332377208" />
    <nd ref="293184410" />
    <tag k="bicycle" v="yes" />
    <tag k="highway" v="footway" />
    <tag k="surface" v="gravel" />
  </way>
  <way id="224419112">
    <nd ref="1637705276" />
    <nd ref="7727245001" />
    <tag k="bicycle" v="yes" />
    <tag k="foot" v="designated" />
    <tag k="highway" v="footway" />
    <tag k="surface" v="gravel" />
  </way>
  <way id="224419114">
    <nd ref="293184225" />
    <nd ref="2332364836" />
    <nd ref="2332364835" />
    <nd ref="2332364834" />
    <nd ref="2332364833" />
    <nd ref="776120612" />
    <tag k="highway" v="path" />
    <tag k="surface" v="grass" />
    <tag k="trail_visibility" v="good" />
  </way>
  <way id="224422008">
    <nd ref="2332377226" />
    <nd ref="4326573515" />
    <nd ref="4326573518" />
    <nd ref="4326573519" />
    <nd ref="4326573520" />
    <nd ref="4326573517" />
    <nd ref="4326573516" />
    <nd ref="2332377237" />
    <tag k="cutting" v="no" />
    <tag k="foot" v="yes" />
    <tag k="highway" v="path" />
    <tag k="surface" v="paving_stones" />
  </way>
  <way id="224422009">
    <nd ref="2332377231" />
    <nd ref="4326573513" />
    <nd ref="2332377224" />
    <tag k="highway" v="steps" />
    <tag k="incline" v="up" />
  </way>
  <way id="224422010">
    <nd ref="1637705263" />
    <nd ref="470506763" />
    <tag k="bicycle" v="yes" />
    <tag k="highway" v="footway" />
    <tag k="surface" v="gravel" />
  </way>
  <way id="224422011">
    <nd ref="2332377249" />
    <nd ref="2332377247" />
    <nd ref="4326573522" />
    <nd ref="2332377245" />
    <nd ref="4326573521" />
    <nd ref="2332377243" />
    <tag k="foot" v="yes" />
    <tag k="highway" v="path" />
  </way>
  <way id="224422012">
    <nd ref="2332377243" />
    <nd ref="2332377241" />
    <nd ref="2332377233" />
    <nd ref="2332377230" />
    <tag k="highway" v="steps" />
    <tag k="incline" v="down" />
  </way>
  <way id="224422013">
    <nd ref="2332377237" />
    <nd ref="2332377235" />
    <nd ref="2332377228" />
    <nd ref="2332377222" />
    <nd ref="2332377217" />
    <nd ref="4326573514" />
    <nd ref="2332377231" />
    <nd ref="2332377239" />
    <tag k="highway" v="steps" />
    <tag k="incline" v="up" />
  </way>
  <way id="224422014">
    <nd ref="2332377230" />
    <nd ref="2332377226" />
    <nd ref="2332377220" />
    <nd ref="2332377208" />
    <tag k="foot" v="yes" />
    <tag k="highway" v="path" />
  </way>
  <way id="224422288">
    <nd ref="8107864776" />
    <nd ref="8107864798" />
    <tag k="highway" v="path" />
    <tag k="surface" v="ground" />
  </way>
  <way id="224892338">
    <nd ref="2337351314" />
    <nd ref="2337351315" />
    <tag k="bicycle" v="designated" />
    <tag k="foot" v="designated" />
    <tag k="highway" v="path" />
    <tag k="name" v="Donauradwanderweg" />
    <tag k="segregated" v="no" />
    <tag k="source" v="HiRes aerial imagery" />
    <tag k="surface" v="asphalt" />
    <tag k="tunnel" v="yes" />
    <tag k="width" v="2" />
  </way>
  <way id="224892349">
    <nd ref="2337351311" />
    <nd ref="2337351310" />
    <tag k="covered" v="yes" />
    <tag k="highway" v="service" />
    <tag k="oneway" v="yes" />
  </way>
  <way id="224892353">
    <nd ref="2337351260" />
    <nd ref="1852723942" />
    <nd ref="1795399122" />
    <tag k="bicycle" v="designated" />
    <tag k="foot" v="designated" />
    <tag k="footway" v="sidewalk" />
    <tag k="highway" v="footway" />
    <tag k="segregated" v="no" />
    <tag k="surface" v="asphalt" />
  </way>
  <way id="224892356">
    <nd ref="2337351257" />
    <nd ref="1852723938" />
    <nd ref="2337351259" />
    <tag k="bicycle" v="designated" />
    <tag k="foot" v="designated" />
    <tag k="footway" v="sidewalk" />
    <tag k="highway" v="footway" />
    <tag k="segregated" v="no" />
    <tag k="surface" v="asphalt" />
  </way>
  <way id="224892359">
    <nd ref="2337351242" />
    <nd ref="1852696867" />
    <nd ref="2337351243" />
    <tag k="bicycle" v="designated" />
    <tag k="foot" v="designated" />
    <tag k="highway" v="path" />
    <tag k="lit" v="yes" />
    <tag k="segregated" v="no" />
    <tag k="surface" v="asphalt" />
  </way>
  <way id="224892362">
    <nd ref="2337351310" />
    <nd ref="747072595" />
    <nd ref="1834131465" />
    <nd ref="747072616" />
    <tag k="highway" v="service" />
    <tag k="oneway" v="yes" />
  </way>
  <way id="233673413">
    <nd ref="2129977252" />
    <nd ref="975729486" />
    <nd ref="2129977180" />
    <tag k="cycleway:both" v="separate" />
    <tag k="highway" v="primary" />
    <tag k="lanes" v="5" />
    <tag k="lanes:backward" v="3" />
    <tag k="lanes:forward" v="2" />
    <tag k="lit" v="yes" />
    <tag k="maxspeed" v="50" />
    <tag k="name" v="Münchener Straße" />
    <tag k="name:etymology:wikidata" v="Q1726" />
    <tag k="psv" v="yes" />
    <tag k="ref" v="B 13" />
    <tag k="sidewalk:both" v="separate" />
    <tag k="surface" v="asphalt" />
    <tag k="turn:lanes:backward" v="left|through|through;right" />
  </way>
  <way id="238117308">
    <nd ref="2459763529" />
    <nd ref="2459763528" />
    <nd ref="2459763526" />
    <nd ref="2459763524" />
    <nd ref="2459763522" />
    <nd ref="2459763519" />
    <nd ref="288736221" />
    <nd ref="2459763518" />
    <nd ref="2459763520" />
    <nd ref="2459763521" />
    <nd ref="2459763523" />
    <nd ref="2459763525" />
    <nd ref="2459763527" />
    <nd ref="1602167857" />
    <nd ref="2459763529" />
    <tag k="highway" v="footway" />
    <tag k="source" v="HiRes aerial imagery" />
  </way>
  <way id="238117309">
    <nd ref="1602167857" />
    <nd ref="1602167859" />
    <nd ref="1602167863" />
    <nd ref="288774426" />
    <nd ref="1602167869" />
    <nd ref="288774427" />
    <nd ref="288774429" />
    <nd ref="288774430" />
    <nd ref="288774431" />
    <nd ref="1852633360" />
    <nd ref="1852633363" />
    <nd ref="288774433" />
    <nd ref="288774439" />
    <nd ref="288774445" />
    <nd ref="288774448" />
    <nd ref="288774450" />
    <nd ref="288774457" />
    <nd ref="8262055152" />
    <nd ref="8262055151" />
    <nd ref="288774455" />
    <nd ref="288774457" />
    <tag k="highway" v="footway" />
    <tag k="lit" v="yes" />
    <tag k="source" v="HiRes aerial imagery" />
    <tag k="surface" v="asphalt" />
  </way>
  <way id="240676941">
    <nd ref="2483879418" />
    <nd ref="2483879417" />
    <tag k="bicycle" v="designated" />
    <tag k="bridge" v="yes" />
    <tag k="foot" v="designated" />
    <tag k="highway" v="path" />
    <tag k="layer" v="1" />
    <tag k="lit" v="yes" />
    <tag k="segregated" v="no" />
    <tag k="source" v="survey" />
    <tag k="surface" v="asphalt" />
  </way>
  <way id="247392222">
    <nd ref="2337351304" />
    <nd ref="2337351306" />
    <nd ref="7674216098" />
    <nd ref="8759698572" />
    <nd ref="7249515348" />
    <nd ref="8759698575" />
    <nd ref="2276828232" />
    <nd ref="2276828233" />
    <nd ref="2337351313" />
    <nd ref="2276828234" />
    <nd ref="3100130954" />
    <nd ref="3100130955" />
    <nd ref="370771400" />
    <nd ref="314912400" />
    <nd ref="1637705225" />
    <nd ref="314912401" />
    <nd ref="314912404" />
    <nd ref="314912405" />
    <nd ref="1197035390" />
    <nd ref="305066894" />
    <tag k="bicycle" v="designated" />
    <tag k="foot" v="designated" />
    <tag k="footway" v="sidewalk" />
    <tag k="highway" v="footway" />
    <tag k="oneway:bicycle" v="yes" />
    <tag k="segregated" v="no" />
    <tag k="surface" v="asphalt" />
  </way>
  <way id="263353766">
    <nd ref="3642372538" />
    <nd ref="2470106112" />
    <tag k="bicycle" v="dismount" />
    <tag k="highway" v="footway" />
    <tag k="horse" v="no" />
    <tag k="layer" v="-1" />
    <tag k="level" v="-1" />
    <tag k="lit" v="yes" />
    <tag k="smoothness" v="excellent" />
    <tag k="surface" v="concrete" />
    <tag k="tactile_paving" v="yes" />
    <tag k="tunnel" v="yes" />
    <tag k="wheelchair" v="yes" />
  </way>
  <way id="266607792">
    <nd ref="2721404593" />
    <nd ref="2131136683" />
    <nd ref="2131136661" />
    <nd ref="472439090" />
    <nd ref="2131136618" />
    <nd ref="288571320" />
    <nd ref="1723604833" />
    <nd ref="2109054075" />
    <nd ref="288571401" />
    <tag k="highway" v="primary" />
    <tag k="lanes" v="4" />
    <tag k="maxspeed" v="50" />
    <tag k="name" v="Münchener Straße" />
    <tag k="name:etymology:wikidata" v="Q1726" />
    <tag k="psv" v="yes" />
    <tag k="ref" v="B 13" />
    <tag k="sidewalk" v="separate" />
    <tag k="source" v="HiRes aerial imagery" />
    <tag k="surface" v="asphalt" />
  </way>
  <way id="266607796">
    <nd ref="699806341" />
    <nd ref="2721404592" />
    <tag k="cycleway:both" v="separate" />
    <tag k="highway" v="primary" />
    <tag k="lanes" v="5" />
    <tag k="lanes:backward" v="3" />
    <tag k="lanes:forward" v="2" />
    <tag k="lit" v="yes" />
    <tag k="maxspeed" v="50" />
    <tag k="name" v="Münchener Straße" />
    <tag k="name:etymology:wikidata" v="Q1726" />
    <tag k="psv" v="yes" />
    <tag k="ref" v="B 13" />
    <tag k="sidewalk:both" v="separate" />
    <tag k="surface" v="asphalt" />
    <tag k="turn:lanes:backward" v="left|through|through;right" />
  </way>
  <way id="266607798">
    <nd ref="2721404592" />
    <nd ref="2129156297" />
    <tag k="cycleway:both" v="separate" />
    <tag k="highway" v="primary" />
    <tag k="lanes" v="5" />
    <tag k="lanes:backward" v="2" />
    <tag k="lanes:forward" v="3" />
    <tag k="lit" v="yes" />
    <tag k="maxspeed" v="50" />
    <tag k="name" v="Münchener Straße" />
    <tag k="name:etymology:wikidata" v="Q1726" />
    <tag k="psv" v="yes" />
    <tag k="ref" v="B 13" />
    <tag k="sidewalk:both" v="separate" />
    <tag k="surface" v="asphalt" />
    <tag k="turn:lanes:forward" v="left|through|through;right" />
  </way>
  <way id="266607799">
    <nd ref="255878734" />
    <nd ref="21532562" />
    <tag k="cycleway:both" v="separate" />
    <tag k="highway" v="primary" />
    <tag k="lanes" v="5" />
    <tag k="lanes:backward" v="2" />
    <tag k="lanes:forward" v="3" />
    <tag k="maxspeed" v="50" />
    <tag k="name" v="Münchener Straße" />
    <tag k="name:etymology:wikidata" v="Q1726" />
    <tag k="psv" v="yes" />
    <tag k="ref" v="B 13" />
    <tag k="sidewalk:both" v="separate" />
    <tag k="source" v="HiRes aerial imagery" />
    <tag k="surface" v="asphalt" />
    <tag k="turn:lanes:forward" v="left|through|through;right" />
  </way>
  <way id="266607803">
    <nd ref="30965800" />
    <nd ref="9581537635" />
    <nd ref="1834159737" />
    <nd ref="2110916966" />
    <nd ref="288571396" />
    <nd ref="2721404593" />
    <tag k="highway" v="primary" />
    <tag k="lanes" v="5" />
    <tag k="lanes:backward" v="3" />
    <tag k="lanes:forward" v="2" />
    <tag k="lit" v="yes" />
    <tag k="maxspeed" v="50" />
    <tag k="name" v="Münchener Straße" />
    <tag k="name:etymology:wikidata" v="Q1726" />
    <tag k="psv" v="yes" />
    <tag k="ref" v="B 13" />
    <tag k="sidewalk" v="separate" />
    <tag k="source" v="HiRes aerial imagery" />
    <tag k="surface" v="asphalt" />
    <tag k="turn:lanes:backward" v="left|through|through;right" />
  </way>
  <way id="266607804">
    <nd ref="2129028155" />
    <nd ref="2129028150" />
    <nd ref="2110916971" />
    <nd ref="1834159741" />
    <nd ref="9581537634" />
    <nd ref="30965800" />
    <tag k="highway" v="primary" />
    <tag k="lanes" v="5" />
    <tag k="lanes:backward" v="2" />
    <tag k="lanes:forward" v="3" />
    <tag k="lit" v="yes" />
    <tag k="maxspeed" v="50" />
    <tag k="name" v="Münchener Straße" />
    <tag k="name:etymology:wikidata" v="Q1726" />
    <tag k="psv" v="yes" />
    <tag k="ref" v="B 13" />
    <tag k="sidewalk" v="separate" />
    <tag k="source" v="HiRes aerial imagery" />
    <tag k="surface" v="asphalt" />
    <tag k="turn:lanes:forward" v="left|through|through;right" />
  </way>
  <way id="266887588">
    <nd ref="2723869557" />
    <nd ref="1835817647" />
    <nd ref="11630879013" />
    <nd ref="214620430" />
    <tag k="highway" v="secondary" />
    <tag k="lanes" v="5" />
    <tag k="lanes:backward" v="2" />
    <tag k="lanes:forward" v="3" />
    <tag k="lit" v="yes" />
    <tag k="maxspeed" v="50" />
    <tag k="name" v="Manchinger Straße" />
    <tag k="name:etymology:wikidata" v="Q252036" />
    <tag k="psv" v="yes" />
    <tag k="ref" v="IN 12" />
    <tag k="surface" v="asphalt" />
    <tag k="turn:lanes:forward" v="left|through|through;right" />
  </way>
  <way id="266887589">
    <nd ref="2723869558" />
    <nd ref="7285033892" />
    <nd ref="1328156675" />
    <tag k="highway" v="secondary" />
    <tag k="lanes" v="4" />
    <tag k="lit" v="yes" />
    <tag k="maxspeed" v="50" />
    <tag k="name" v="Manchinger Straße" />
    <tag k="name:etymology:wikidata" v="Q252036" />
    <tag k="psv" v="yes" />
    <tag k="ref" v="IN 12" />
    <tag k="surface" v="asphalt" />
  </way>
  <way id="285306193">
    <nd ref="2889786620" />
    <nd ref="2889786621" />
    <nd ref="2889786622" />
    <tag k="highway" v="footway" />
    <tag k="lit" v="yes" />
    <tag k="surface" v="paving_stones" />
    <tag k="width" v="2" />
  </way>
  <way id="285306194">
    <nd ref="2889786621" />
    <nd ref="2889786623" />
    <tag k="highway" v="footway" />
    <tag k="lit" v="yes" />
    <tag k="surface" v="paving_stones" />
    <tag k="width" v="2" />
  </way>
  <way id="285548167">
    <nd ref="2892094004" />
    <nd ref="7345368937" />
    <nd ref="2892094006" />
    <tag k="covered" v="yes" />
    <tag k="highway" v="footway" />
    <tag k="source" v="HiRes aerial imagery" />
  </way>
  <way id="287071512">
    <nd ref="1826298923" />
    <nd ref="699711226" />
    <tag k="highway" v="footway" />
    <tag k="lit" v="yes" />
    <tag k="smoothness" v="excellent" />
    <tag k="surface" v="paving_stones" />
  </way>
  <way id="287071514">
    <nd ref="2232080962" />
    <nd ref="2907284825" />
    <tag k="highway" v="footway" />
    <tag k="layer" v="-1" />
    <tag k="level" v="-1" />
    <tag k="lit" v="yes" />
    <tag k="operator" v="DB InfraGO AG" />
    <tag k="smoothness" v="excellent" />
    <tag k="surface" v="concrete" />
    <tag k="tactile_paving" v="yes" />
    <tag k="tunnel" v="yes" />
    <tag k="website" v="https://dbinfrago.com" />
    <tag k="wheelchair" v="yes" />
    <tag k="wikidata" v="Q122870674" />
    <tag k="wikipedia" v="de:DB InfraGO" />
  </way>
  <way id="287071516">
    <nd ref="699711233" />
    <nd ref="2907284824" />
    <nd ref="2907284822" />
    <tag k="bicycle" v="dismount" />
    <tag k="highway" v="footway" />
    <tag k="level" v="0" />
    <tag k="lit" v="yes" />
    <tag k="smoothness" v="excellent" />
    <tag k="surface" v="paving_stones" />
    <tag k="tactile_paving" v="yes" />
    <tag k="wheelchair" v="yes" />
  </way>
  <way id="301419242">
    <nd ref="12033890299" />
    <nd ref="11987706582" />
    <nd ref="1197458613" />
    <nd ref="305497401" />
    <tag k="bicycle" v="designated" />
    <tag k="foot" v="designated" />
    <tag k="highway" v="path" />
    <tag k="oneway" v="no" />
    <tag k="segregated" v="yes" />
    <tag k="surface" v="asphalt" />
  </way>
  <way id="306086242">
    <nd ref="1834131513" />
    <nd ref="1723628632" />
    <tag k="cycleway:right" v="no" />
    <tag k="highway" v="tertiary" />
    <tag k="lanes" v="1" />
    <tag k="maxspeed" v="50" />
    <tag k="oneway" v="yes" />
    <tag k="psv" v="yes" />
    <tag k="ref" v="IN 15" />
    <tag k="surface" v="asphalt" />
    <tag k="turn:lanes" v="left" />
  </way>
  <way id="306431425">
    <nd ref="256335666" />
    <nd ref="8266958327" />
    <nd ref="1852696870" />
    <nd ref="8266958326" />
    <nd ref="746753174" />
    <nd ref="3828188268" />
    <nd ref="456875844" />
    <nd ref="746753200" />
    <nd ref="252122451" />
    <nd ref="746753201" />
    <nd ref="252122443" />
    <tag k="highway" v="tertiary" />
    <tag k="lanes" v="2" />
    <tag k="maxspeed" v="50" />
    <tag k="name" v="Maximilianstraße" />
    <tag k="psv" v="yes" />
    <tag k="source" v="HiRes aerial imagery" />
    <tag k="surface" v="asphalt" />
  </way>
  <way id="308415982">
    <nd ref="1307952731" />
    <nd ref="8259716069" />
    <tag k="highway" v="footway" />
    <tag k="lit" v="no" />
  </way>
  <way id="308415983">
    <nd ref="1328156485" />
    <nd ref="3136993102" />
    <nd ref="3136993103" />
    <nd ref="8259716070" />
    <tag k="highway" v="footway" />
    <tag k="lit" v="no" />
    <tag k="surface" v="paving_stones" />
  </way>
  <way id="318763112">
    <nd ref="228278717" />
    <nd ref="11637463504" />
    <nd ref="3251327762" />
    <tag k="highway" v="service" />
    <tag k="oneway" v="yes" />
    <tag k="surface" v="asphalt" />
  </way>
  <way id="318763113">
    <nd ref="3251327763" />
    <nd ref="11637463474" />
    <nd ref="2108878132" />
    <tag k="highway" v="service" />
    <tag k="oneway" v="yes" />
    <tag k="surface" v="asphalt" />
  </way>
  <way id="355969166">
    <nd ref="3614716207" />
    <nd ref="3614716208" />
    <tag k="handrail:right" v="yes" />
    <tag k="highway" v="steps" />
    <tag k="source" v="survey" />
    <tag k="surface" v="concrete" />
    <tag k="width" v="0.4" />
  </way>
  <way id="359550704">
    <nd ref="3642372500" />
    <nd ref="3642372524" />
    <tag k="bicycle" v="dismount" />
    <tag k="highway" v="footway" />
    <tag k="layer" v="-1" />
    <tag k="level" v="-1" />
    <tag k="lit" v="yes" />
    <tag k="operator" v="DB InfraGO AG" />
    <tag k="smoothness" v="excellent" />
    <tag k="surface" v="concrete" />
    <tag k="tactile_paving" v="yes" />
    <tag k="tunnel" v="yes" />
    <tag k="website" v="https://dbinfrago.com" />
    <tag k="wheelchair" v="yes" />
    <tag k="wikidata" v="Q122870674" />
    <tag k="wikipedia" v="de:DB InfraGO" />
  </way>
  <way id="359550708">
    <nd ref="3642372391" />
    <nd ref="3642372524" />
    <tag k="highway" v="footway" />
    <tag k="layer" v="-1" />
    <tag k="level" v="-1" />
    <tag k="lit" v="yes" />
    <tag k="smoothness" v="excellent" />
    <tag k="surface" v="concrete" />
    <tag k="tactile_paving" v="yes" />
    <tag k="tunnel" v="yes" />
    <tag k="wheelchair" v="yes" />
  </way>
  <way id="359550711">
    <nd ref="3642372388" />
    <nd ref="3642372372" />
    <tag k="highway" v="footway" />
    <tag k="level" v="0" />
    <tag k="lit" v="yes" />
    <tag k="operator" v="DB InfraGO AG" />
    <tag k="smoothness" v="excellent" />
    <tag k="surface" v="paving_stones" />
    <tag k="tactile_paving" v="yes" />
    <tag k="website" v="https://dbinfrago.com" />
    <tag k="wheelchair" v="yes" />
    <tag k="wikidata" v="Q122870674" />
    <tag k="wikipedia" v="de:DB InfraGO" />
  </way>
  <way id="359550713">
    <nd ref="3642372530" />
    <nd ref="3642372510" />
    <tag k="highway" v="footway" />
    <tag k="level" v="0" />
    <tag k="lit" v="yes" />
    <tag k="operator" v="DB InfraGO AG" />
    <tag k="smoothness" v="excellent" />
    <tag k="surface" v="paving_stones" />
    <tag k="tactile_paving" v="yes" />
    <tag k="website" v="https://dbinfrago.com" />
    <tag k="wheelchair" v="yes" />
    <tag k="wikidata" v="Q122870674" />
    <tag k="wikipedia" v="de:DB InfraGO" />
  </way>
  <way id="359550719">
    <nd ref="3642372510" />
    <nd ref="3642372536" />
    <tag k="highway" v="footway" />
    <tag k="layer" v="-1" />
    <tag k="level" v="-1" />
    <tag k="lit" v="yes" />
    <tag k="operator" v="DB InfraGO AG" />
    <tag k="smoothness" v="excellent" />
    <tag k="surface" v="concrete" />
    <tag k="tactile_paving" v="yes" />
    <tag k="tunnel" v="yes" />
    <tag k="website" v="https://dbinfrago.com" />
    <tag k="wheelchair" v="yes" />
    <tag k="wikidata" v="Q122870674" />
    <tag k="wikipedia" v="de:DB InfraGO" />
  </way>
  <way id="359550721">
    <nd ref="3642372509" />
    <nd ref="3642372391" />
    <tag k="highway" v="footway" />
    <tag k="level" v="0" />
    <tag k="lit" v="yes" />
    <tag k="operator" v="DB InfraGO AG" />
    <tag k="smoothness" v="excellent" />
    <tag k="surface" v="paving_stones" />
    <tag k="tactile_paving" v="yes" />
    <tag k="website" v="https://dbinfrago.com" />
    <tag k="wheelchair" v="yes" />
    <tag k="wikidata" v="Q122870674" />
    <tag k="wikipedia" v="de:DB InfraGO" />
  </way>
  <way id="359550722">
    <nd ref="3642372372" />
    <nd ref="3642372500" />
    <tag k="highway" v="footway" />
    <tag k="layer" v="-1" />
    <tag k="level" v="-1" />
    <tag k="lit" v="yes" />
    <tag k="operator" v="DB InfraGO AG" />
    <tag k="smoothness" v="excellent" />
    <tag k="surface" v="concrete" />
    <tag k="tactile_paving" v="yes" />
    <tag k="tunnel" v="yes" />
    <tag k="website" v="https://dbinfrago.com" />
    <tag k="wheelchair" v="yes" />
    <tag k="wikidata" v="Q122870674" />
    <tag k="wikipedia" v="de:DB InfraGO" />
  </way>
  <way id="359550723">
    <nd ref="3642372340" />
    <nd ref="2232080965" />
    <nd ref="3642372346" />
    <tag k="highway" v="footway" />
    <tag k="level" v="0" />
    <tag k="lit" v="yes" />
    <tag k="operator" v="DB InfraGO AG" />
    <tag k="smoothness" v="excellent" />
    <tag k="surface" v="paving_stones" />
    <tag k="website" v="https://dbinfrago.com" />
    <tag k="wikidata" v="Q122870674" />
    <tag k="wikipedia" v="de:DB InfraGO" />
  </way>
  <way id="359550724">
    <nd ref="2907284824" />
    <nd ref="3642372367" />
    <nd ref="2907284825" />
    <tag k="highway" v="footway" />
    <tag k="level" v="0" />
    <tag k="lit" v="yes" />
    <tag k="operator" v="DB InfraGO AG" />
    <tag k="smoothness" v="excellent" />
    <tag k="surface" v="paving_stones" />
    <tag k="tactile_paving" v="yes" />
    <tag k="website" v="https://dbinfrago.com" />
    <tag k="wheelchair" v="yes" />
    <tag k="wikidata" v="Q122870674" />
    <tag k="wikipedia" v="de:DB InfraGO" />
  </way>
  <way id="359550727">
    <nd ref="3642372382" />
    <nd ref="3642372388" />
    <nd ref="3642372494" />
    <tag k="highway" v="footway" />
    <tag k="level" v="0" />
    <tag k="lit" v="yes" />
    <tag k="operator" v="DB InfraGO AG" />
    <tag k="smoothness" v="excellent" />
    <tag k="surface" v="paving_stones" />
    <tag k="tactile_paving" v="yes" />
    <tag k="website" v="https://dbinfrago.com" />
    <tag k="wheelchair" v="yes" />
    <tag k="wikidata" v="Q122870674" />
    <tag k="wikipedia" v="de:DB InfraGO" />
  </way>
  <way id="359550728">
    <nd ref="3642372329" />
    <nd ref="2232080958" />
    <nd ref="3642372332" />
    <tag k="highway" v="footway" />
    <tag k="level" v="0" />
    <tag k="lit" v="yes" />
    <tag k="operator" v="DB InfraGO AG" />
    <tag k="smoothness" v="excellent" />
    <tag k="surface" v="paving_stones" />
    <tag k="website" v="https://dbinfrago.com" />
    <tag k="wikidata" v="Q122870674" />
    <tag k="wikipedia" v="de:DB InfraGO" />
  </way>
  <way id="359550729">
    <nd ref="3642372544" />
    <nd ref="4319249219" />
    <nd ref="3642372550" />
    <tag k="highway" v="footway" />
    <tag k="level" v="0" />
    <tag k="lit" v="yes" />
    <tag k="operator" v="DB InfraGO AG" />
    <tag k="smoothness" v="excellent" />
    <tag k="surface" v="paving_stones" />
    <tag k="website" v="https://dbinfrago.com" />
    <tag k="wikidata" v="Q122870674" />
    <tag k="wikipedia" v="de:DB InfraGO" />
  </way>
  <way id="359550730">
    <nd ref="3642372524" />
    <nd ref="3642372536" />
    <nd ref="3642372538" />
    <tag k="bicycle" v="dismount" />
    <tag k="highway" v="footway" />
    <tag k="layer" v="-1" />
    <tag k="level" v="-1" />
    <tag k="lit" v="yes" />
    <tag k="operator" v="DB InfraGO AG" />
    <tag k="smoothness" v="excellent" />
    <tag k="surface" v="concrete" />
    <tag k="tactile_paving" v="yes" />
    <tag k="tunnel" v="yes" />
    <tag k="website" v="https://dbinfrago.com" />
    <tag k="wheelchair" v="yes" />
    <tag k="wikidata" v="Q122870674" />
    <tag k="wikipedia" v="de:DB InfraGO" />
  </way>
  <way id="359550731">
    <nd ref="3642372314" />
    <nd ref="2121404518" />
    <nd ref="4319249193" />
    <nd ref="3642372319" />
    <tag k="highway" v="footway" />
    <tag k="level" v="0" />
    <tag k="lit" v="yes" />
    <tag k="surface" v="paving_stones" />
  </way>
  <way id="359550732">
    <nd ref="3642372503" />
    <nd ref="3642372509" />
    <nd ref="3642372514" />
    <tag k="highway" v="footway" />
    <tag k="level" v="0" />
    <tag k="lit" v="yes" />
    <tag k="operator" v="DB InfraGO AG" />
    <tag k="smoothness" v="excellent" />
    <tag k="surface" v="paving_stones" />
    <tag k="tactile_paving" v="yes" />
    <tag k="website" v="https://dbinfrago.com" />
    <tag k="wheelchair" v="yes" />
    <tag k="wikidata" v="Q122870674" />
    <tag k="wikipedia" v="de:DB InfraGO" />
  </way>
  <way id="359550733">
    <nd ref="3642372559" />
    <nd ref="2232080981" />
    <nd ref="3642372562" />
    <tag k="highway" v="footway" />
    <tag k="level" v="0" />
    <tag k="lit" v="yes" />
    <tag k="operator" v="DB InfraGO AG" />
    <tag k="smoothness" v="excellent" />
    <tag k="surface" v="paving_stones" />
    <tag k="website" v="https://dbinfrago.com" />
    <tag k="wikidata" v="Q122870674" />
    <tag k="wikipedia" v="de:DB InfraGO" />
  </way>
  <way id="359550734">
    <nd ref="3642372551" />
    <nd ref="2232080975" />
    <nd ref="3642372557" />
    <tag k="highway" v="footway" />
    <tag k="level" v="0" />
    <tag k="lit" v="yes" />
    <tag k="operator" v="DB InfraGO AG" />
    <tag k="smoothness" v="excellent" />
    <tag k="surface" v="paving_stones" />
    <tag k="website" v="https://dbinfrago.com" />
    <tag k="wikidata" v="Q122870674" />
    <tag k="wikipedia" v="de:DB InfraGO" />
  </way>
  <way id="359550735">
    <nd ref="3642372334" />
    <nd ref="2232080961" />
    <nd ref="3642372337" />
    <tag k="highway" v="footway" />
    <tag k="level" v="0" />
    <tag k="lit" v="yes" />
    <tag k="operator" v="DB InfraGO AG" />
    <tag k="smoothness" v="excellent" />
    <tag k="surface" v="paving_stones" />
    <tag k="website" v="https://dbinfrago.com" />
    <tag k="wikidata" v="Q122870674" />
    <tag k="wikipedia" v="de:DB InfraGO" />
  </way>
  <way id="359550736">
    <nd ref="3642372528" />
    <nd ref="3642372530" />
    <nd ref="3642372532" />
    <tag k="highway" v="footway" />
    <tag k="level" v="0" />
    <tag k="lit" v="yes" />
    <tag k="operator" v="DB InfraGO AG" />
    <tag k="smoothness" v="excellent" />
    <tag k="surface" v="paving_stones" />
    <tag k="tactile_paving" v="yes" />
    <tag k="website" v="https://dbinfrago.com" />
    <tag k="wheelchair" v="yes" />
    <tag k="wikidata" v="Q122870674" />
    <tag k="wikipedia" v="de:DB InfraGO" />
  </way>
  <way id="359550740">
    <nd ref="2232080971" />
    <nd ref="3642372389" />
    <nd ref="3642372521" />
    <nd ref="3642372524" />
    <tag k="highway" v="footway" />
    <tag k="layer" v="-1" />
    <tag k="level" v="-1" />
    <tag k="lit" v="yes" />
    <tag k="operator" v="DB InfraGO AG" />
    <tag k="smoothness" v="excellent" />
    <tag k="surface" v="paving_stones" />
    <tag k="tunnel" v="yes" />
    <tag k="website" v="https://dbinfrago.com" />
    <tag k="wikidata" v="Q122870674" />
    <tag k="wikipedia" v="de:DB InfraGO" />
  </way>
  <way id="359550741">
    <nd ref="3642372300" />
    <nd ref="3642372090" />
    <nd ref="3642372089" />
    <nd ref="3642372088" />
    <tag k="highway" v="footway" />
    <tag k="incline" v="down" />
    <tag k="level" v="0" />
    <tag k="surface" v="paving_stones" />
  </way>
  <way id="359550743">
    <nd ref="2232080973" />
    <nd ref="3642372508" />
    <nd ref="3642372534" />
    <nd ref="3642372536" />
    <tag k="highway" v="footway" />
    <tag k="layer" v="-1" />
    <tag k="level" v="-1" />
    <tag k="lit" v="yes" />
    <tag k="operator" v="DB InfraGO AG" />
    <tag k="smoothness" v="excellent" />
    <tag k="surface" v="paving_stones" />
    <tag k="tunnel" v="yes" />
    <tag k="website" v="https://dbinfrago.com" />
    <tag k="wikidata" v="Q122870674" />
    <tag k="wikipedia" v="de:DB InfraGO" />
  </way>
  <way id="359550745">
    <nd ref="3642372298" />
    <nd ref="8584460036" />
    <nd ref="8584460040" />
    <nd ref="3642372092" />
    <nd ref="3642372298" />
    <tag k="building:part" v="yes" />
    <tag k="highway" v="elevator" />
    <tag k="indoor" v="yes" />
    <tag k="level" v="2" />
    <tag k="levelpart" v="elevator_platform" />
  </way>
  <way id="359550749">
    <nd ref="3642372297" />
    <nd ref="3642372301" />
    <nd ref="3642372293" />
    <nd ref="3642372091" />
    <nd ref="3642372297" />
    <tag k="building:part" v="yes" />
    <tag k="highway" v="elevator" />
    <tag k="indoor" v="yes" />
    <tag k="level" v="0" />
    <tag k="levelpart" v="elevator_platform" />
  </way>
  <way id="359550752">
    <nd ref="2232080969" />
    <nd ref="3642372368" />
    <nd ref="3642372497" />
    <nd ref="3642372500" />
    <tag k="highway" v="footway" />
    <tag k="layer" v="-1" />
    <tag k="level" v="-1" />
    <tag k="lit" v="yes" />
    <tag k="operator" v="DB InfraGO AG" />
    <tag k="smoothness" v="excellent" />
    <tag k="surface" v="paving_stones" />
    <tag k="tunnel" v="yes" />
    <tag k="website" v="https://dbinfrago.com" />
    <tag k="wikidata" v="Q122870674" />
    <tag k="wikipedia" v="de:DB InfraGO" />
  </way>
  <way id="359550758">
    <nd ref="2232080973" />
    <nd ref="3642372502" />
    <nd ref="3642372531" />
    <nd ref="3642372536" />
    <nd ref="3642372543" />
    <tag k="highway" v="footway" />
    <tag k="layer" v="-1" />
    <tag k="level" v="-1" />
    <tag k="lit" v="yes" />
    <tag k="operator" v="DB InfraGO AG" />
    <tag k="smoothness" v="excellent" />
    <tag k="surface" v="paving_stones" />
    <tag k="tunnel" v="yes" />
    <tag k="website" v="https://dbinfrago.com" />
    <tag k="wikidata" v="Q122870674" />
    <tag k="wikipedia" v="de:DB InfraGO" />
  </way>
  <way id="359550762">
    <nd ref="2232080971" />
    <nd ref="11491084386" />
    <nd ref="3642372383" />
    <nd ref="3642372512" />
    <nd ref="3642372524" />
    <nd ref="3642372537" />
    <tag k="highway" v="footway" />
    <tag k="layer" v="-1" />
    <tag k="level" v="-1" />
    <tag k="lit" v="yes" />
    <tag k="operator" v="DB InfraGO AG" />
    <tag k="smoothness" v="excellent" />
    <tag k="surface" v="paving_stones" />
    <tag k="tunnel" v="yes" />
    <tag k="website" v="https://dbinfrago.com" />
    <tag k="wikidata" v="Q122870674" />
    <tag k="wikipedia" v="de:DB InfraGO" />
  </way>
  <way id="359550766">
    <nd ref="2232080969" />
    <nd ref="3642372362" />
    <nd ref="3642372390" />
    <nd ref="3642372500" />
    <nd ref="3642372527" />
    <tag k="highway" v="footway" />
    <tag k="layer" v="-1" />
    <tag k="level" v="-1" />
    <tag k="lit" v="yes" />
    <tag k="operator" v="DB InfraGO AG" />
    <tag k="smoothness" v="excellent" />
    <tag k="surface" v="paving_stones" />
    <tag k="tunnel" v="yes" />
    <tag k="website" v="https://dbinfrago.com" />
    <tag k="wikidata" v="Q122870674" />
    <tag k="wikipedia" v="de:DB InfraGO" />
  </way>
  <way id="360062608">
    <nd ref="3642372300" />
    <nd ref="3642372296" />
    <tag k="highway" v="footway" />
    <tag k="level" v="0" />
    <tag k="lit" v="yes" />
    <tag k="surface" v="paving_stones" />
  </way>
  <way id="365823134">
    <nd ref="3698295444" />
    <nd ref="10915923026" />
    <nd ref="10915923027" />
    <nd ref="10915923030" />
    <tag k="highway" v="footway" />
    <tag k="lit" v="yes" />
    <tag k="surface" v="paving_stones" />
  </way>
  <way id="365823136">
    <nd ref="699711134" />
    <nd ref="2232080993" />
    <nd ref="7629367847" />
    <nd ref="2267144294" />
    <nd ref="2232081001" />
    <nd ref="5648871449" />
    <nd ref="2232081003" />
    <nd ref="2232081005" />
    <tag k="footway" v="sidewalk" />
    <tag k="highway" v="footway" />
    <tag k="level" v="0" />
    <tag k="lit" v="yes" />
    <tag k="smoothness" v="excellent" />
    <tag k="surface" v="asphalt" />
  </way>
  <way id="376801623">
    <nd ref="1795346005" />
    <nd ref="1795346004" />
    <tag k="bicycle" v="designated" />
    <tag k="foot" v="designated" />
    <tag k="highway" v="path" />
    <tag k="segregated" v="no" />
    <tag k="surface" v="asphalt" />
  </way>
  <way id="376801624">
    <nd ref="1795346005" />
    <nd ref="434404890" />
    <nd ref="434404891" />
    <nd ref="434404892" />
    <tag k="bicycle" v="designated" />
    <tag k="foot" v="designated" />
    <tag k="highway" v="path" />
    <tag k="segregated" v="no" />
    <tag k="surface" v="asphalt" />
  </way>
  <way id="379721535">
    <nd ref="92629228" />
    <nd ref="10177801553" />
    <nd ref="10177801613" />
    <nd ref="975729483" />
    <tag k="highway" v="residential" />
    <tag k="lit" v="yes" />
    <tag k="maxspeed" v="20" />
    <tag k="name" v="Bahnhofstraße" />
    <tag k="oneway" v="no" />
    <tag k="psv" v="yes" />
    <tag k="psv:backward" v="yes" />
    <tag k="sidewalk" v="left" />
    <tag k="sidewalk:left:surface" v="paving_stones" />
    <tag k="smoothness" v="excellent" />
    <tag k="source" v="HiRes aerial imagery" />
    <tag k="surface" v="asphalt" />
  </way>
  <way id="379721536">
    <nd ref="699711095" />
    <nd ref="5497322173" />
    <nd ref="10976283177" />
    <nd ref="975729488" />
    <tag k="access" v="no" />
    <tag k="bus" v="designated" />
    <tag k="goods" v="no" />
    <tag k="hgv" v="no" />
    <tag k="highway" v="service" />
    <tag k="maxspeed" v="30" />
    <tag k="motorcar" v="no" />
    <tag k="motorcycle" v="no" />
    <tag k="name" v="Bahnhofstraße" />
    <tag k="oneway" v="yes" />
    <tag k="psv" v="yes" />
    <tag k="service" v="bus" />
    <tag k="surface" v="paving_stones" />
    <tag k="taxi" v="yes" />
    <tag k="tourist_bus" v="no" />
    <tag k="traffic_sign" v="DE:245,1026-30" />
    <tag k="width" v="6" />
  </way>
  <way id="386907414">
    <nd ref="288568930" />
    <nd ref="3902644874" />
    <nd ref="8251165551" />
    <nd ref="7721338337" />
    <nd ref="336359411" />
    <tag k="highway" v="path" />
    <tag k="surface" v="grass" />
  </way>
  <way id="389840423">
    <nd ref="225403173" />
    <nd ref="9074461471" />
    <nd ref="8547521897" />
    <nd ref="9183985406" />
    <nd ref="221054135" />
    <nd ref="3133249685" />
    <nd ref="214620428" />
    <tag k="highway" v="residential" />
    <tag k="lit" v="yes" />
    <tag k="maxspeed" v="30" />
    <tag k="name" v="Pettenkoferstraße" />
    <tag k="psv" v="yes" />
    <tag k="sidewalk" v="both" />
    <tag k="source:maxspeed" v="DE:zone30" />
    <tag k="surface" v="asphalt" />
  </way>
  <way id="390835794">
    <nd ref="255878732" />
    <nd ref="288571441" />
    <nd ref="2109053504" />
    <nd ref="1795399128" />
    <nd ref="255878734" />
    <tag k="cycleway:both" v="separate" />
    <tag k="highway" v="primary" />
    <tag k="lanes" v="4" />
    <tag k="maxspeed" v="50" />
    <tag k="name" v="Münchener Straße" />
    <tag k="name:etymology:wikidata" v="Q1726" />
    <tag k="psv" v="yes" />
    <tag k="ref" v="B 13" />
    <tag k="sidewalk:both" v="separate" />
    <tag k="source" v="HiRes aerial imagery" />
    <tag k="surface" v="asphalt" />
  </way>
  <way id="391190312">
    <nd ref="1835799604" />
    <nd ref="30965824" />
    <tag k="cycleway:right" v="no" />
    <tag k="highway" v="primary" />
    <tag k="lanes" v="2" />
    <tag k="maxspeed" v="50" />
    <tag k="name" v="Südliche Ringstraße" />
    <tag k="oneway" v="yes" />
    <tag k="ref" v="B 13" />
    <tag k="source" v="HiRes aerial imagery" />
    <tag k="surface" v="asphalt" />
    <tag k="turn:lanes" v="through|through" />
  </way>
  <way id="391208988">
    <nd ref="89170471" />
    <nd ref="8260679168" />
    <nd ref="1852696928" />
    <nd ref="255875182" />
    <nd ref="1834159743" />
    <nd ref="287963627" />
    <tag k="highway" v="tertiary" />
    <tag k="lanes" v="3" />
    <tag k="maxspeed" v="30" />
    <tag k="name" v="Haunwöhrer Straße" />
    <tag k="psv" v="yes" />
    <tag k="ref" v="IN 15" />
    <tag k="sidewalk:both" v="separate" />
    <tag k="source" v="HiRes aerial imagery" />
    <tag k="surface" v="asphalt" />
  </way>
  <way id="433000452">
    <nd ref="4319249229" />
    <nd ref="4319249226" />
    <tag k="handrail" v="yes" />
    <tag k="highway" v="steps" />
    <tag k="incline" v="up" />
    <tag k="level" v="0" />
    <tag k="lit" v="yes" />
    <tag k="ramp" v="separate" />
    <tag k="ramp:wheelchair" v="separate" />
    <tag k="step_count" v="6" />
    <tag k="surface" v="paving_stones" />
    <tag k="tactile_paving" v="no" />
  </way>
  <way id="433000454">
    <nd ref="4319249239" />
    <nd ref="4319249240" />
    <tag k="highway" v="footway" />
    <tag k="lit" v="yes" />
    <tag k="smoothness" v="excellent" />
    <tag k="surface" v="paving_stones" />
    <tag k="wheelchair" v="yes" />
  </way>
  <way id="433000455">
    <nd ref="4319249221" />
    <nd ref="4319249227" />
    <tag k="highway" v="footway" />
    <tag k="lit" v="yes" />
    <tag k="smoothness" v="excellent" />
    <tag k="surface" v="paving_stones" />
    <tag k="wheelchair" v="yes" />
  </way>
  <way id="433000456">
    <nd ref="4319249239" />
    <nd ref="4319249227" />
    <tag k="handrail" v="yes" />
    <tag k="highway" v="footway" />
    <tag k="incline" v="6%" />
    <tag k="lit" v="yes" />
    <tag k="ramp" v="yes" />
    <tag k="surface" v="metal_grid" />
    <tag k="wheelchair" v="yes" />
    <tag k="width" v="1.8" />
  </way>
  <way id="433000457">
    <nd ref="4319249219" />
    <nd ref="2232080974" />
    <tag k="highway" v="footway" />
    <tag k="level" v="0" />
    <tag k="lit" v="yes" />
    <tag k="operator" v="DB InfraGO AG" />
    <tag k="smoothness" v="excellent" />
    <tag k="surface" v="paving_stones" />
    <tag k="website" v="https://dbinfrago.com" />
    <tag k="wikidata" v="Q122870674" />
    <tag k="wikipedia" v="de:DB InfraGO" />
  </way>
  <way id="433000458">
    <nd ref="3642372300" />
    <nd ref="4319249191" />
    <nd ref="4319249193" />
    <tag k="highway" v="footway" />
    <tag k="level" v="0" />
    <tag k="lit" v="yes" />
    <tag k="surface" v="paving_stones" />
  </way>
  <way id="433000459">
    <nd ref="916618089" />
    <nd ref="4319249221" />
    <nd ref="4319249226" />
    <tag k="highway" v="footway" />
    <tag k="level" v="0" />
    <tag k="lit" v="yes" />
    <tag k="smoothness" v="excellent" />
    <tag k="surface" v="paving_stones" />
  </way>
  <way id="433000460">
    <nd ref="699711167" />
    <nd ref="4319249215" />
    <nd ref="2121404522" />
    <nd ref="916618089" />
    <tag k="highway" v="footway" />
    <tag k="indoor" v="yes" />
    <tag k="level" v="0" />
  </way>
  <way id="434713638">
    <nd ref="4326573526" />
    <nd ref="4326573527" />
    <nd ref="293184331" />
    <nd ref="1442150016" />
    <tag k="bicycle" v="designated" />
    <tag k="foot" v="designated" />
    <tag k="highway" v="path" />
    <tag k="segregated" v="no" />
    <tag k="surface" v="asphalt" />
  </way>
  <way id="434713639">
    <nd ref="2332377239" />
    <nd ref="1637705269" />
    <nd ref="293184327" />
    <nd ref="2332377249" />
    <nd ref="293184392" />
    <tag k="bicycle" v="yes" />
    <tag k="highway" v="footway" />
    <tag k="surface" v="compacted" />
  </way>
  <way id="436828939">
    <nd ref="8233822224" />
    <nd ref="8233822225" />
    <tag k="handrail" v="yes" />
    <tag k="highway" v="steps" />
    <tag k="incline" v="up" />
    <tag k="lit" v="no" />
    <tag k="ramp" v="no" />
    <tag k="source" v="HiRes aerial imagery" />
    <tag k="step_count" v="17" />
    <tag k="surface" v="asphalt" />
    <tag k="width" v="0.8" />
  </way>
  <way id="439432581">
    <nd ref="4370465339" />
    <nd ref="4370465340" />
    <nd ref="4370465341" />
    <tag k="highway" v="service" />
  </way>
  <way id="439432607">
    <nd ref="1079366285" />
    <nd ref="4370466416" />
    <nd ref="4370466417" />
    <tag k="highway" v="footway" />
  </way>
  <way id="439432993">
    <nd ref="1079366285" />
    <nd ref="4370469793" />
    <nd ref="4370469794" />
    <nd ref="1079365960" />
    <nd ref="4370469795" />
    <nd ref="4370469796" />
    <nd ref="7667546665" />
    <tag k="highway" v="footway" />
  </way>
  <way id="449283358">
    <nd ref="4462567458" />
    <nd ref="7707167892" />
    <nd ref="4462567459" />
    <nd ref="4462567460" />
    <nd ref="4462567461" />
    <tag k="highway" v="service" />
  </way>
  <way id="461125440">
    <nd ref="4566694455" />
    <nd ref="4566694447" />
    <nd ref="10800060322" />
    <nd ref="1307952714" />
    <tag k="bicycle" v="designated" />
    <tag k="foot" v="designated" />
    <tag k="highway" v="footway" />
    <tag k="segregated" v="no" />
    <tag k="surface" v="asphalt" />
  </way>
  <way id="462314990">
    <nd ref="4577223332" />
    <nd ref="4577223333" />
    <nd ref="4577223334" />
    <nd ref="2844672019" />
    <nd ref="4577223332" />
    <tag k="building:part" v="yes" />
    <tag k="highway" v="elevator" />
    <tag k="indoor" v="yes" />
    <tag k="level" v="-1" />
    <tag k="levelpart" v="elevator_platform" />
  </way>
  <way id="462314991">
    <nd ref="2470106112" />
    <nd ref="4577223337" />
    <nd ref="10976283191" />
    <nd ref="5170386250" />
    <nd ref="4577223336" />
    <tag k="bicycle" v="no" />
    <tag k="highway" v="footway" />
    <tag k="horse" v="no" />
    <tag k="layer" v="-1" />
    <tag k="level" v="-1" />
    <tag k="lit" v="yes" />
    <tag k="surface" v="concrete" />
    <tag k="tunnel" v="yes" />
    <tag k="wheelchair" v="yes" />
  </way>
  <way id="462314992">
    <nd ref="2470106112" />
    <nd ref="5648871459" />
    <tag k="bicycle" v="dismount" />
    <tag k="highway" v="footway" />
    <tag k="horse" v="no" />
    <tag k="layer" v="-1" />
    <tag k="level" v="-1" />
    <tag k="lit" v="yes" />
    <tag k="surface" v="concrete" />
    <tag k="tactile_paving" v="yes" />
    <tag k="tunnel" v="yes" />
  </way>
  <way id="462314993">
    <nd ref="4577223338" />
    <nd ref="5648871461" />
    <nd ref="8259716094" />
    <tag k="highway" v="footway" />
    <tag k="surface" v="paving_stones" />
    <tag k="tactile_paving" v="yes" />
  </way>
  <way id="475823691">
    <nd ref="746753171" />
    <nd ref="1637088045" />
    <nd ref="1637088052" />
    <nd ref="9415678452" />
    <nd ref="1637088054" />
    <nd ref="1637088044" />
    <tag k="bicycle" v="designated" />
    <tag k="cycleway:surface" v="asphalt" />
    <tag k="foot" v="designated" />
    <tag k="footway" v="sidewalk" />
    <tag k="footway:surface" v="asphalt" />
    <tag k="highway" v="footway" />
    <tag k="lit" v="no" />
    <tag k="name" v="Pater-Josef-Schmid-Weg" />
    <tag k="segregated" v="yes" />
    <tag k="source" v="HiRes aerial imagery" />
    <tag k="surface" v="asphalt" />
  </way>
  <way id="475823692">
    <nd ref="288734533" />
    <nd ref="5298901670" />
    <nd ref="288568930" />
    <tag k="highway" v="footway" />
    <tag k="lit" v="no" />
    <tag k="source" v="HiRes aerial imagery" />
    <tag k="surface" v="asphalt" />
  </way>
  <way id="480213874">
    <nd ref="289036720" />
    <nd ref="7639833105" />
    <nd ref="5298901703" />
    <nd ref="10965104916" />
    <nd ref="1515873720" />
    <tag k="covered" v="no" />
    <tag k="highway" v="service" />
    <tag k="service" v="parking_aisle" />
    <tag k="source" v="HiRes aerial imagery" />
    <tag k="surface" v="asphalt" />
  </way>
  <way id="515964574">
    <nd ref="5037789139" />
    <nd ref="5037789140" />
    <nd ref="5037789141" />
    <nd ref="5037789142" />
    <tag k="highway" v="service" />
    <tag k="service" v="driveway" />
  </way>
  <way id="522856657">
    <nd ref="5091467635" />
    <nd ref="8259716073" />
    <nd ref="5091467636" />
    <nd ref="5091467637" />
    <nd ref="5091467638" />
    <tag k="highway" v="service" />
    <tag k="horse" v="no" />
  </way>
  <way id="532849517">
    <nd ref="4577223336" />
    <nd ref="5170386251" />
    <nd ref="5329994859" />
    <nd ref="5170386252" />
    <nd ref="5170386253" />
    <nd ref="5648871461" />
    <tag k="highway" v="footway" />
    <tag k="surface" v="paving_stones" />
  </way>
  <way id="547590634">
    <nd ref="1637088097" />
    <nd ref="7639833108" />
    <nd ref="7639833107" />
    <nd ref="289032834" />
    <tag k="highway" v="footway" />
    <tag k="name" v="Dr.-Franz-Riederer-Allee" />
    <tag k="source" v="HiRes aerial imagery" />
  </way>
  <way id="547590635">
    <nd ref="289032834" />
    <nd ref="746753171" />
    <tag k="highway" v="footway" />
    <tag k="lit" v="yes" />
    <tag k="source" v="HiRes aerial imagery" />
    <tag k="surface" v="asphalt" />
  </way>
  <way id="548502229">
    <nd ref="5298901684" />
    <nd ref="7938708050" />
    <nd ref="5298901514" />
    <tag k="highway" v="footway" />
  </way>
  <way id="548502230">
    <nd ref="746753171" />
    <nd ref="289032836" />
    <nd ref="8251165552" />
    <tag k="bicycle" v="designated" />
    <tag k="foot" v="designated" />
    <tag k="highway" v="path" />
    <tag k="segregated" v="no" />
    <tag k="surface" v="asphalt" />
  </way>
  <way id="548502239">
    <nd ref="5298901707" />
    <nd ref="7658158422" />
    <nd ref="7658158426" />
    <nd ref="7658158414" />
    <nd ref="5298901705" />
    <nd ref="5298901704" />
    <nd ref="5298901703" />
    <nd ref="10965104913" />
    <nd ref="5298901702" />
    <nd ref="5298901701" />
    <nd ref="5298901700" />
    <nd ref="5298901699" />
    <nd ref="5298901698" />
    <nd ref="7639833111" />
    <nd ref="7938708045" />
    <nd ref="5298901697" />
    <tag k="highway" v="footway" />
    <tag k="lit" v="yes" />
    <tag k="surface" v="paving_stones" />
  </way>
  <way id="548502240">
    <nd ref="289036718" />
    <nd ref="289036656" />
    <nd ref="8262055153" />
    <nd ref="1602167898" />
    <nd ref="8262055143" />
    <nd ref="1637088139" />
    <tag k="highway" v="service" />
    <tag k="lit" v="yes" />
    <tag k="psv" v="no" />
    <tag k="source" v="HiRes aerial imagery" />
  </way>
  <way id="551981467">
    <nd ref="5170386250" />
    <nd ref="5329994856" />
    <tag k="bicycle" v="no" />
    <tag k="highway" v="footway" />
    <tag k="horse" v="no" />
    <tag k="layer" v="-1" />
    <tag k="lit" v="yes" />
    <tag k="surface" v="concrete" />
    <tag k="tunnel" v="yes" />
  </way>
  <way id="551981468">
    <nd ref="5329994856" />
    <nd ref="5329994857" />
    <nd ref="5329994858" />
    <tag k="handrail" v="yes" />
    <tag k="highway" v="steps" />
    <tag k="incline" v="up" />
    <tag k="layer" v="-1" />
    <tag k="ramp" v="no" />
    <tag k="surface" v="concrete" />
  </way>
  <way id="551981469">
    <nd ref="5329994858" />
    <nd ref="5329994859" />
    <tag k="handrail" v="yes" />
    <tag k="highway" v="steps" />
    <tag k="incline" v="up" />
    <tag k="lit" v="yes" />
    <tag k="ramp" v="no" />
    <tag k="surface" v="concrete" />
    <tag k="tactile_paving" v="yes" />
  </way>
  <way id="589179136">
    <nd ref="214620355" />
    <nd ref="9074461474" />
    <nd ref="8549396441" />
    <nd ref="8549396443" />
    <nd ref="221054144" />
    <tag k="highway" v="residential" />
    <tag k="maxspeed" v="30" />
    <tag k="name" v="Loy-Hering-Straße" />
    <tag k="surface" v="asphalt" />
  </way>
  <way id="589179144">
    <nd ref="1328156675" />
    <nd ref="21532579" />
    <tag k="highway" v="secondary" />
    <tag k="lanes" v="4" />
    <tag k="lit" v="yes" />
    <tag k="maxspeed" v="50" />
    <tag k="name" v="Manchinger Straße" />
    <tag k="name:etymology:wikidata" v="Q252036" />
    <tag k="psv" v="yes" />
    <tag k="ref" v="IN 12" />
    <tag k="surface" v="asphalt" />
  </way>
  <way id="591726487">
    <nd ref="699711226" />
    <nd ref="4344409044" />
    <nd ref="2232080985" />
    <nd ref="699711134" />
    <tag k="highway" v="footway" />
    <tag k="level" v="0" />
    <tag k="lit" v="yes" />
    <tag k="smoothness" v="excellent" />
    <tag k="surface" v="paving_stones" />
  </way>
  <way id="591726488">
    <nd ref="5648871459" />
    <nd ref="4577223338" />
    <tag k="bicycle" v="dismount" />
    <tag k="handrail" v="yes" />
    <tag k="highway" v="steps" />
    <tag k="incline" v="up" />
    <tag k="level" v="-1;0" />
    <tag k="lit" v="yes" />
    <tag k="ramp" v="yes" />
    <tag k="ramp:stroller" v="yes" />
    <tag k="step_count" v="22" />
    <tag k="surface" v="concrete" />
    <tag k="tactile_paving" v="yes" />
  </way>
  <way id="591726489">
    <nd ref="5650319978" />
    <nd ref="5648871471" />
    <nd ref="5648871462" />
    <nd ref="5648871464" />
    <nd ref="5648871463" />
    <nd ref="5648871472" />
    <nd ref="5648871473" />
    <nd ref="5648871465" />
    <nd ref="5648871466" />
    <nd ref="5648871474" />
    <nd ref="11637463505" />
    <nd ref="5648871475" />
    <tag k="access" v="no" />
    <tag k="bus" v="designated" />
    <tag k="highway" v="service" />
    <tag k="maxspeed" v="30" />
    <tag k="motorcar" v="no" />
    <tag k="motorcycle" v="no" />
    <tag k="oneway" v="yes" />
    <tag k="psv" v="yes" />
    <tag k="service" v="bus" />
    <tag k="surface" v="asphalt" />
    <tag k="tourist_bus" v="no" />
    <tag k="traffic_sign" v="DE:245,1026-30" />
  </way>
  <way id="591899018">
    <nd ref="310453094" />
    <nd ref="228278722" />
    <nd ref="2108878102" />
    <nd ref="310453106" />
    <nd ref="2108878092" />
    <nd ref="2139888439" />
    <tag k="cycleway:both" v="no" />
    <tag k="highway" v="unclassified" />
    <tag k="lane_markings" v="no" />
    <tag k="maxspeed:type" v="DE:urban" />
    <tag k="name" v="Martin-Hemm-Straße" />
    <tag k="psv" v="yes" />
    <tag k="surface" v="asphalt" />
  </way>
  <way id="591899019">
    <nd ref="310453094" />
    <nd ref="11637463503" />
    <nd ref="5648871468" />
    <nd ref="8259716097" />
    <nd ref="5648871469" />
    <nd ref="5648871470" />
    <nd ref="5650319978" />
    <tag k="access" v="no" />
    <tag k="bus" v="designated" />
    <tag k="highway" v="service" />
    <tag k="maxspeed" v="30" />
    <tag k="motorcar" v="no" />
    <tag k="motorcycle" v="no" />
    <tag k="oneway" v="yes" />
    <tag k="psv" v="yes" />
    <tag k="service" v="bus" />
    <tag k="surface" v="asphalt" />
    <tag k="tourist_bus" v="no" />
    <tag k="traffic_sign" v="DE:245,1026-30" />
  </way>
  <way id="591899020">
    <nd ref="5648871475" />
    <nd ref="11178636333" />
    <nd ref="228278717" />
    <nd ref="2108878140" />
    <nd ref="2108878132" />
    <nd ref="5648871460" />
    <nd ref="5648871467" />
    <nd ref="310453094" />
    <tag k="cycleway:both" v="no" />
    <tag k="highway" v="unclassified" />
    <tag k="lane_markings" v="no" />
    <tag k="maxspeed:type" v="DE:urban" />
    <tag k="name" v="Martin-Hemm-Straße" />
    <tag k="psv" v="yes" />
    <tag k="surface" v="asphalt" />
  </way>
  <way id="593907007">
    <nd ref="5664669324" />
    <nd ref="8107864794" />
    <tag k="highway" v="path" />
  </way>
  <way id="598792099">
    <nd ref="5698837846" />
    <nd ref="1307952755" />
    <nd ref="5698833264" />
    <nd ref="5698833265" />
    <nd ref="1307952728" />
    <tag k="access" v="private" />
    <tag k="highway" v="service" />
    <tag k="service" v="parking_aisle" />
    <tag k="source" v="A.M. Stadt Ingolstadt Nr. 24" />
    <tag k="surface" v="asphalt" />
  </way>
  <way id="607116290">
    <nd ref="1079366342" />
    <nd ref="5754436740" />
    <nd ref="1636466463" />
    <tag k="highway" v="path" />
    <tag k="smoothness" v="intermediate" />
    <tag k="surface" v="compacted" />
  </way>
  <way id="648507442">
    <nd ref="1442150090" />
    <nd ref="6088335372" />
    <nd ref="9316503799" />
    <nd ref="9316503798" />
    <nd ref="6088335371" />
    <nd ref="1443568698" />
    <tag k="access" v="employees" />
    <tag k="highway" v="path" />
    <tag k="surface" v="paving_stones" />
  </way>
  <way id="648507677">
    <nd ref="6088338783" />
    <nd ref="6088338782" />
    <tag k="highway" v="footway" />
    <tag k="surface" v="sett" />
  </way>
  <way id="672002919">
    <nd ref="6292979888" />
    <nd ref="6292979898" />
    <nd ref="6292979889" />
    <tag k="highway" v="footway" />
    <tag k="surface" v="paving_stones" />
    <tag k="width" v="2.5" />
  </way>
  <way id="675757783">
    <nd ref="6328386810" />
    <nd ref="6328386828" />
    <nd ref="6328386827" />
    <nd ref="6328386826" />
    <nd ref="6328386809" />
    <nd ref="6328386816" />
    <nd ref="6328386825" />
    <nd ref="6328386824" />
    <nd ref="6328386823" />
    <nd ref="6328386815" />
    <nd ref="6328386814" />
    <tag k="cycleway:right" v="no" />
    <tag k="highway" v="unclassified" />
    <tag k="junction" v="roundabout" />
    <tag k="lanes" v="1" />
    <tag k="lit" v="yes" />
    <tag k="maxspeed" v="30" />
    <tag k="sidewalk" v="left" />
    <tag k="smoothness" v="good" />
    <tag k="surface" v="asphalt" />
  </way>
  <way id="675757784">
    <nd ref="6328386812" />
    <nd ref="7995751770" />
    <nd ref="456875850" />
    <nd ref="1852633287" />
    <nd ref="456875851" />
    <nd ref="5298901676" />
    <nd ref="261024436" />
    <nd ref="5298901678" />
    <nd ref="1852651006" />
    <nd ref="5298901677" />
    <nd ref="2148069848" />
    <nd ref="7680760813" />
    <nd ref="252122443" />
    <tag k="highway" v="residential" />
    <tag k="maxspeed" v="30" />
    <tag k="name" v="Am Pulverl" />
    <tag k="source" v="HiRes aerial imagery" />
    <tag k="surface" v="asphalt" />
  </way>
  <way id="699194036">
    <nd ref="1637705263" />
    <nd ref="6573698149" />
    <nd ref="6565751953" />
    <nd ref="6565751954" />
    <nd ref="6565751955" />
    <nd ref="6565751956" />
    <nd ref="1637705177" />
    <tag k="bicycle" v="yes" />
    <tag k="highway" v="footway" />
    <tag k="lit" v="no" />
    <tag k="surface" v="gravel" />
  </way>
  <way id="718481091">
    <nd ref="2150769035" />
    <nd ref="9071542866" />
    <nd ref="370771403" />
    <nd ref="1834131478" />
    <tag k="highway" v="residential" />
    <tag k="lanes" v="2" />
    <tag k="lanes:backward" v="1" />
    <tag k="lanes:forward" v="1" />
    <tag k="maxspeed" v="30" />
    <tag k="name" v="Rankestraße" />
    <tag k="oneway" v="no" />
    <tag k="surface" v="asphalt" />
  </way>
  <way id="718481093">
    <nd ref="25633363" />
    <nd ref="1835799608" />
    <nd ref="324661614" />
    <tag k="highway" v="primary" />
    <tag k="lanes" v="3" />
    <tag k="lit" v="yes" />
    <tag k="maxspeed" v="50" />
    <tag k="name" v="Südliche Ringstraße" />
    <tag k="oneway" v="yes" />
    <tag k="psv" v="yes" />
    <tag k="ref" v="B 13" />
    <tag k="surface" v="asphalt" />
    <tag k="turn:lanes" v="left|none|none" />
  </way>
  <way id="718926969">
    <nd ref="8107864783" />
    <nd ref="8107864780" />
    <nd ref="408505178" />
    <tag k="bicycle" v="yes" />
    <tag k="cycleway" v="no" />
    <tag k="highway" v="unclassified" />
    <tag k="lane_markings" v="no" />
    <tag k="maxspeed" v="30" />
    <tag k="name" v="Baggerweg" />
    <tag k="sidewalk" v="no" />
    <tag k="source" v="HiRes aerial imagery" />
    <tag k="surface" v="asphalt" />
  </way>
  <way id="719015097">
    <nd ref="365519573" />
    <nd ref="365519579" />
    <nd ref="1443568646" />
    <nd ref="1443568670" />
    <nd ref="1443568677" />
    <tag k="highway" v="service" />
    <tag k="lanes" v="1" />
    <tag k="oneway" v="yes" />
    <tag k="psv" v="no" />
    <tag k="source" v="HiRes aerial imagery" />
    <tag k="surface" v="asphalt" />
  </way>
  <way id="719015099">
    <nd ref="1443568597" />
    <nd ref="324661605" />
    <nd ref="21532592" />
    <tag k="cycleway:right" v="no" />
    <tag k="highway" v="primary" />
    <tag k="lanes" v="2" />
    <tag k="maxspeed" v="50" />
    <tag k="name" v="Südliche Ringstraße" />
    <tag k="oneway" v="yes" />
    <tag k="ref" v="B 13" />
    <tag k="source" v="HiRes aerial imagery" />
    <tag k="surface" v="asphalt" />
    <tag k="turn:lanes" v="through|through" />
  </way>
  <way id="719015100">
    <nd ref="1443568599" />
    <nd ref="1443568598" />
    <nd ref="1443568597" />
    <tag k="cycleway:right" v="no" />
    <tag k="highway" v="primary" />
    <tag k="lanes" v="2" />
    <tag k="maxspeed" v="50" />
    <tag k="name" v="Südliche Ringstraße" />
    <tag k="oneway" v="yes" />
    <tag k="ref" v="B 13" />
    <tag k="source" v="HiRes aerial imagery" />
    <tag k="surface" v="asphalt" />
    <tag k="turn:lanes" v="through|through" />
  </way>
  <way id="719015101">
    <nd ref="1443568616" />
    <nd ref="25633371" />
    <tag k="cycleway:right" v="no" />
    <tag k="highway" v="primary" />
    <tag k="lanes" v="2" />
    <tag k="maxspeed" v="50" />
    <tag k="name" v="Südliche Ringstraße" />
    <tag k="oneway" v="yes" />
    <tag k="ref" v="B 13" />
    <tag k="source" v="HiRes aerial imagery" />
    <tag k="surface" v="asphalt" />
    <tag k="turn:lanes" v="through|through" />
  </way>
  <way id="720419605">
    <nd ref="6761042443" />
    <nd ref="7721338336" />
    <nd ref="6761061048" />
    <tag k="highway" v="footway" />
    <tag k="lit" v="no" />
    <tag k="surface" v="compacted" />
  </way>
  <way id="746483005">
    <nd ref="30965807" />
    <nd ref="1835799589" />
    <nd ref="9074483652" />
    <nd ref="30965809" />
    <tag k="highway" v="tertiary" />
    <tag k="lanes" v="2" />
    <tag k="lit" v="yes" />
    <tag k="maxspeed" v="50" />
    <tag k="maxspeed:type" v="DE:urban" />
    <tag k="name" v="Am Konkordiaweiher" />
    <tag k="source:maxspeed" v="DE:urban" />
    <tag k="surface" v="asphalt" />
  </way>
  <way id="746483006">
    <nd ref="89179992" />
    <nd ref="12963846328" />
    <nd ref="12386615544" />
    <nd ref="217536359" />
    <nd ref="12963846326" />
    <nd ref="12386615531" />
    <nd ref="1174664324" />
    <nd ref="2113717352" />
    <nd ref="12386616032" />
    <nd ref="2108878214" />
    <nd ref="2108878219" />
    <nd ref="12386616030" />
    <nd ref="8555924721" />
    <nd ref="89179986" />
    <nd ref="221054317" />
    <nd ref="8259703213" />
    <nd ref="2108878256" />
    <nd ref="221054282" />
    <nd ref="1544146548" />
    <nd ref="1835822696" />
    <nd ref="221054195" />
    <nd ref="7631074658" />
    <nd ref="8250740057" />
    <tag k="bicycle" v="designated" />
    <tag k="cycleway" v="track" />
    <tag k="foot" v="designated" />
    <tag k="highway" v="tertiary" />
    <tag k="lanes" v="2" />
    <tag k="maxspeed" v="50" />
    <tag k="maxspeed:type" v="DE:urban" />
    <tag k="name" v="Asamstraße" />
    <tag k="psv" v="yes" />
    <tag k="ref" v="IN 13" />
    <tag k="smoothness" v="good" />
    <tag k="source:maxspeed" v="DE:urban" />
    <tag k="surface" v="asphalt" />
  </way>
  <way id="747007933">
    <nd ref="2172162767" />
    <nd ref="2287775629" />
    <nd ref="2129977252" />
    <tag k="access" v="no" />
    <tag k="bicycle" v="yes" />
    <tag k="foot" v="yes" />
    <tag k="highway" v="service" />
    <tag k="horse" v="no" />
    <tag k="motor_vehicle" v="no" />
    <tag k="service" v="driveway" />
    <tag k="source" v="HiRes aerial imagery" />
    <tag k="surface" v="asphalt" />
  </way>
  <way id="765177796">
    <nd ref="7146731691" />
    <nd ref="7146731692" />
    <tag k="highway" v="footway" />
  </way>
  <way id="765177797">
    <nd ref="7146731693" />
    <nd ref="7146731694" />
    <tag k="highway" v="footway" />
  </way>
  <way id="774543488">
    <nd ref="7226763676" />
    <nd ref="7226763677" />
    <nd ref="2183111789" />
    <nd ref="7226763678" />
    <nd ref="7226763679" />
    <tag k="highway" v="service" />
  </way>
  <way id="774543489">
    <nd ref="7226763680" />
    <nd ref="7226763681" />
    <tag k="highway" v="service" />
    <tag k="surface" v="paving_stones" />
  </way>
  <way id="774543490">
    <nd ref="7226763682" />
    <nd ref="9074461470" />
    <nd ref="7226763683" />
    <nd ref="7226763684" />
    <nd ref="7226765685" />
    <nd ref="7226765690" />
    <nd ref="7226765686" />
    <nd ref="7226765687" />
    <nd ref="7226765688" />
    <nd ref="7226765689" />
    <tag k="highway" v="service" />
    <tag k="psv" v="no" />
  </way>
  <way id="774543491">
    <nd ref="7226765690" />
    <nd ref="7226765692" />
    <nd ref="7226765691" />
    <tag k="highway" v="service" />
    <tag k="psv" v="no" />
  </way>
  <way id="776943061">
    <nd ref="7249515347" />
    <nd ref="7249515348" />
    <nd ref="7249515349" />
    <tag k="access" v="customers" />
    <tag k="highway" v="service" />
  </way>
  <way id="778163219">
    <nd ref="7262587520" />
    <nd ref="7262587521" />
    <nd ref="7262587522" />
    <nd ref="7262587523" />
    <nd ref="7262587524" />
    <nd ref="7262587525" />
    <nd ref="7262587526" />
    <nd ref="7262587527" />
    <nd ref="7262587528" />
    <nd ref="7262587529" />
    <nd ref="7262587530" />
    <nd ref="7262587531" />
    <tag k="highway" v="service" />
    <tag k="psv" v="no" />
    <tag k="surface" v="asphalt" />
  </way>
  <way id="779561593">
    <nd ref="7279527668" />
    <nd ref="11264876079" />
    <nd ref="7279527669" />
    <tag k="highway" v="path" />
  </way>
  <way id="779561594">
    <nd ref="7279527671" />
    <nd ref="7279527672" />
    <nd ref="7279527673" />
    <nd ref="7279527674" />
    <tag k="highway" v="service" />
  </way>
  <way id="780206711">
    <nd ref="7285033891" />
    <nd ref="8259716077" />
    <nd ref="7285033892" />
    <tag k="highway" v="service" />
    <tag k="surface" v="asphalt" />
  </way>
  <way id="780488951">
    <nd ref="7288097812" />
    <nd ref="7288097813" />
    <nd ref="8163236913" />
    <nd ref="8163236914" />
    <nd ref="7288097814" />
    <nd ref="8163236907" />
    <nd ref="8163236908" />
    <nd ref="8163236915" />
    <nd ref="8163236909" />
    <nd ref="8163236910" />
    <nd ref="8163236911" />
    <nd ref="8163236912" />
    <tag k="highway" v="service" />
    <tag k="surface" v="asphalt" />
  </way>
  <way id="780863324">
    <nd ref="7291120231" />
    <nd ref="7291120232" />
    <nd ref="7291120233" />
    <tag k="highway" v="service" />
  </way>
  <way id="780910778">
    <nd ref="7291518319" />
    <nd ref="7721338334" />
    <nd ref="7291518320" />
    <tag k="highway" v="service" />
  </way>
  <way id="785784586">
    <nd ref="7345471858" />
    <nd ref="7345471859" />
    <nd ref="7345471860" />
    <tag k="highway" v="service" />
    <tag k="surface" v="asphalt" />
  </way>
  <way id="786572368">
    <nd ref="7354782175" />
    <nd ref="7354782176" />
    <tag k="highway" v="service" />
  </way>
  <way id="787112572">
    <nd ref="7358557076" />
    <nd ref="7358557077" />
    <nd ref="7358557078" />
    <tag k="highway" v="service" />
  </way>
  <way id="790651031">
    <nd ref="7262587520" />
    <nd ref="7391517120" />
    <nd ref="8696687791" />
    <nd ref="8696687790" />
    <nd ref="7391517121" />
    <nd ref="7391517122" />
    <nd ref="7391517123" />
    <nd ref="7391517124" />
    <nd ref="7391517125" />
    <tag k="highway" v="service" />
    <tag k="psv" v="no" />
  </way>
  <way id="791808809">
    <nd ref="9074461438" />
    <nd ref="9074461516" />
    <nd ref="7402339365" />
    <tag k="highway" v="service" />
    <tag k="surface" v="asphalt" />
  </way>
  <way id="791808810">
    <nd ref="7402339366" />
    <nd ref="7402339368" />
    <nd ref="7402339370" />
    <nd ref="7402339367" />
    <tag k="highway" v="service" />
  </way>
  <way id="791808811">
    <nd ref="7402339368" />
    <nd ref="7402339369" />
    <tag k="highway" v="service" />
  </way>
  <way id="791808812">
    <nd ref="7402339370" />
    <nd ref="7402339371" />
    <tag k="highway" v="service" />
  </way>
  <way id="791808813">
    <nd ref="7402339367" />
    <nd ref="7402339372" />
    <tag k="highway" v="service" />
  </way>
  <way id="791808814">
    <nd ref="7402339373" />
    <nd ref="7402339376" />
    <nd ref="7402339374" />
    <nd ref="7402339375" />
    <tag k="access" v="private" />
    <tag k="highway" v="service" />
  </way>
  <way id="792867568">
    <nd ref="7414108792" />
    <nd ref="7414108793" />
    <nd ref="7414108794" />
    <tag k="highway" v="service" />
  </way>
  <way id="796248412">
    <nd ref="7446791914" />
    <nd ref="7446791915" />
    <nd ref="7446791916" />
    <nd ref="7446791917" />
    <nd ref="7446791918" />
    <tag k="access" v="private" />
    <tag k="highway" v="service" />
  </way>
  <way id="802847229">
    <nd ref="7509966276" />
    <nd ref="7509966277" />
    <tag k="highway" v="service" />
  </way>
  <way id="805906399">
    <nd ref="7536367658" />
    <nd ref="7536367659" />
    <tag k="highway" v="service" />
    <tag k="surface" v="paving_stones" />
  </way>
  <way id="809947516">
    <nd ref="7572491793" />
    <nd ref="7572491794" />
    <nd ref="7572491795" />
    <nd ref="7572491796" />
    <nd ref="7572491797" />
    <nd ref="7572491798" />
    <nd ref="7572491799" />
    <tag k="highway" v="service" />
  </way>
  <way id="812713147">
    <nd ref="7590923982" />
    <nd ref="9074461501" />
    <nd ref="7590923983" />
    <nd ref="7590923984" />
    <nd ref="7590937385" />
    <nd ref="7590937386" />
    <nd ref="7590937390" />
    <nd ref="7590937387" />
    <nd ref="7590937388" />
    <nd ref="9074461503" />
    <nd ref="7590937389" />
    <tag k="highway" v="service" />
  </way>
  <way id="815517011">
    <nd ref="7616444546" />
    <nd ref="8165740338" />
    <nd ref="9438043387" />
    <nd ref="7616444542" />
    <tag k="check_date" v="2020-06-24" />
    <tag k="cycleway:right" v="no" />
    <tag k="highway" v="secondary_link" />
    <tag k="lanes" v="2" />
    <tag k="maxspeed" v="50" />
    <tag k="note" v="Baustelle: Sanierung der Glacisbrücke vom 15.06.2020 - 25.06.2020" />
    <tag k="oneway" v="yes" />
    <tag k="opening_date" v="2020-06-25" />
    <tag k="surface" v="asphalt" />
    <tag k="turn:lanes" v="left|left" />
  </way>
  <way id="815517012">
    <nd ref="9438043386" />
    <nd ref="8796437102" />
    <nd ref="8796437101" />
    <nd ref="8796437100" />
    <nd ref="1723628634" />
    <tag k="cutting" v="yes" />
    <tag k="cycleway:right" v="no" />
    <tag k="highway" v="secondary" />
    <tag k="lanes" v="2" />
    <tag k="maxspeed" v="50" />
    <tag k="name" v="Südliche Ringstraße" />
    <tag k="oneway" v="yes" />
    <tag k="ref" v="IN 17" />
    <tag k="surface" v="asphalt" />
    <tag k="turn:lanes" v="merge_to_right|merge_to_left" />
  </way>
  <way id="815517013">
    <nd ref="7880884331" />
    <nd ref="8796437107" />
    <nd ref="9438043389" />
    <nd ref="7616444542" />
    <tag k="cycleway:right" v="no" />
    <tag k="highway" v="secondary_link" />
    <tag k="lanes" v="1" />
    <tag k="maxspeed" v="50" />
    <tag k="oneway" v="yes" />
    <tag k="psv" v="yes" />
    <tag k="surface" v="asphalt" />
    <tag k="turn:lanes" v="left" />
  </way>
  <way id="815517016">
    <nd ref="1723628635" />
    <nd ref="7616444544" />
    <nd ref="8796437104" />
    <nd ref="8796437103" />
    <nd ref="1723628632" />
    <tag k="cycleway:right" v="no" />
    <tag k="highway" v="tertiary_link" />
    <tag k="lanes" v="1" />
    <tag k="maxspeed" v="50" />
    <tag k="oneway" v="yes" />
    <tag k="ref" v="IN 15" />
    <tag k="surface" v="asphalt" />
    <tag k="turn:lanes" v="right" />
  </way>
  <way id="815517017">
    <nd ref="1723628635" />
    <nd ref="1834131513" />
    <tag k="cycleway:right" v="no" />
    <tag k="highway" v="secondary" />
    <tag k="lanes" v="2" />
    <tag k="maxspeed" v="50" />
    <tag k="name" v="Südliche Ringstraße" />
    <tag k="oneway" v="yes" />
    <tag k="ref" v="IN 17" />
    <tag k="surface" v="asphalt" />
    <tag k="turn:lanes" v="through|through" />
  </way>
  <way id="815517019">
    <nd ref="7616444546" />
    <nd ref="1442150015" />
    <nd ref="7623708693" />
    <tag k="cycleway:right" v="no" />
    <tag k="highway" v="secondary" />
    <tag k="lanes" v="4" />
    <tag k="maxspeed" v="50" />
    <tag k="name" v="Südliche Ringstraße" />
    <tag k="oneway" v="yes" />
    <tag k="psv" v="yes" />
    <tag k="ref" v="IN 17" />
    <tag k="surface" v="asphalt" />
    <tag k="turn:lanes" v="left|through|none|right" />
  </way>
  <way id="815822086">
    <nd ref="273982474" />
    <nd ref="289036719" />
    <nd ref="2139272734" />
    <nd ref="2139272736" />
    <nd ref="1637088047" />
    <nd ref="5298901697" />
    <nd ref="256335666" />
    <tag k="highway" v="tertiary" />
    <tag k="lanes" v="2" />
    <tag k="lit" v="yes" />
    <tag k="maxspeed" v="50" />
    <tag k="maxspeed:conditional" v="30 @ (Mo-Fr 07:00-18:00)" />
    <tag k="name" v="Maximilianstraße" />
    <tag k="psv" v="yes" />
    <tag k="source" v="HiRes aerial imagery" />
    <tag k="surface" v="asphalt" />
  </way>
  <way id="816287457">
    <nd ref="1834131480" />
    <nd ref="7678122070" />
    <nd ref="1834131511" />
    <nd ref="7623708696" />
    <tag k="cycleway:right" v="no" />
    <tag k="highway" v="secondary" />
    <tag k="lanes" v="4" />
    <tag k="maxspeed" v="50" />
    <tag k="name" v="Münchener Straße" />
    <tag k="name:etymology:wikidata" v="Q1726" />
    <tag k="oneway" v="yes" />
    <tag k="psv" v="yes" />
    <tag k="ref" v="B 13" />
    <tag k="source" v="HiRes aerial imagery" />
    <tag k="surface" v="asphalt" />
    <tag k="turn:lanes" v="left|left|through|through" />
  </way>
  <way id="816287472">
    <nd ref="7623708696" />
    <nd ref="7623708689" />
    <tag k="cycleway:right" v="no" />
    <tag k="highway" v="secondary" />
    <tag k="lanes" v="4" />
    <tag k="maxspeed" v="50" />
    <tag k="name" v="Münchener Straße" />
    <tag k="name:etymology:wikidata" v="Q1726" />
    <tag k="oneway" v="yes" />
    <tag k="psv" v="yes" />
    <tag k="surface" v="asphalt" />
    <tag k="turn:lanes" v="left|left|through|through" />
  </way>
  <way id="816287477">
    <nd ref="7623708689" />
    <nd ref="7623708687" />
    <nd ref="11063281294" />
    <nd ref="7623669975" />
    <nd ref="7623708693" />
    <tag k="cycleway:right" v="no" />
    <tag k="highway" v="primary" />
    <tag k="lanes" v="2" />
    <tag k="maxspeed" v="50" />
    <tag k="oneway" v="yes" />
    <tag k="psv" v="yes" />
    <tag k="surface" v="asphalt" />
    <tag k="turn:lanes" v="left|left" />
  </way>
  <way id="816287485">
    <nd ref="7623708696" />
    <nd ref="21532593" />
    <tag k="cycleway:right" v="no" />
    <tag k="highway" v="secondary" />
    <tag k="lanes" v="2" />
    <tag k="maxspeed" v="50" />
    <tag k="name" v="Südliche Ringstraße" />
    <tag k="oneway" v="yes" />
    <tag k="ref" v="IN 17" />
    <tag k="source" v="HiRes aerial imagery" />
    <tag k="surface" v="asphalt" />
    <tag k="turn:lanes" v="through|through" />
  </way>
  <way id="816287487">
    <nd ref="7623708693" />
    <nd ref="7623708696" />
    <tag k="cycleway:right" v="no" />
    <tag k="highway" v="secondary" />
    <tag k="lanes" v="2" />
    <tag k="maxspeed" v="50" />
    <tag k="name" v="Südliche Ringstraße" />
    <tag k="oneway" v="yes" />
    <tag k="psv" v="yes" />
    <tag k="ref" v="IN 17" />
    <tag k="surface" v="asphalt" />
  </way>
  <way id="816287490">
    <nd ref="7623708693" />
    <nd ref="7678122071" />
    <nd ref="7678122072" />
    <nd ref="1834131478" />
    <tag k="highway" v="primary" />
    <tag k="lanes" v="2" />
    <tag k="maxspeed" v="50" />
    <tag k="name" v="Münchener Straße" />
    <tag k="name:etymology:wikidata" v="Q1726" />
    <tag k="oneway" v="yes" />
    <tag k="psv" v="yes" />
    <tag k="ref" v="B 13" />
    <tag k="source" v="HiRes aerial imagery" />
    <tag k="surface" v="asphalt" />
  </way>
  <way id="816287493">
    <nd ref="7623708694" />
    <nd ref="7623708693" />
    <tag k="cycleway:right" v="no" />
    <tag k="highway" v="secondary" />
    <tag k="lanes" v="3" />
    <tag k="maxspeed" v="50" />
    <tag k="name" v="Münchener Straße" />
    <tag k="name:etymology:wikidata" v="Q1726" />
    <tag k="oneway" v="yes" />
    <tag k="psv" v="yes" />
    <tag k="surface" v="asphalt" />
    <tag k="turn:lanes" v="left|through|through" />
  </way>
  <way id="816287496">
    <nd ref="7623708694" />
    <nd ref="1834131530" />
    <nd ref="7880884331" />
    <tag k="cycleway:right" v="no" />
    <tag k="highway" v="secondary" />
    <tag k="lanes" v="3" />
    <tag k="maxspeed" v="50" />
    <tag k="name" v="Südliche Ringstraße" />
    <tag k="oneway" v="yes" />
    <tag k="psv" v="yes" />
    <tag k="ref" v="IN 17" />
    <tag k="surface" v="asphalt" />
    <tag k="turn:lanes" v="left|through|through" />
  </way>
  <way id="816287498">
    <nd ref="7623708695" />
    <nd ref="475311969" />
    <tag k="cycleway:right" v="no" />
    <tag k="highway" v="tertiary" />
    <tag k="lanes" v="2" />
    <tag k="maxspeed" v="50" />
    <tag k="name" v="Brückenkopf" />
    <tag k="oneway" v="yes" />
    <tag k="psv" v="yes" />
    <tag k="sidewalk:left" v="no" />
    <tag k="sidewalk:right" v="separate" />
    <tag k="source" v="HiRes aerial imagery" />
    <tag k="surface" v="asphalt" />
  </way>
  <way id="816287500">
    <nd ref="7623708695" />
    <nd ref="7623708694" />
    <tag k="cycleway:right" v="no" />
    <tag k="highway" v="secondary" />
    <tag k="lanes" v="2" />
    <tag k="maxspeed" v="50" />
    <tag k="name" v="Südliche Ringstraße" />
    <tag k="oneway" v="yes" />
    <tag k="psv" v="yes" />
    <tag k="ref" v="IN 17" />
    <tag k="surface" v="asphalt" />
  </way>
  <way id="816438820">
    <nd ref="250712533" />
    <nd ref="8235030853" />
    <nd ref="1795399358" />
    <nd ref="1795399359" />
    <nd ref="250712534" />
    <nd ref="250712532" />
    <tag k="highway" v="residential" />
    <tag k="lanes" v="2" />
    <tag k="lanes:backward" v="1" />
    <tag k="lanes:forward" v="1" />
    <tag k="lit" v="yes" />
    <tag k="maxspeed" v="30" />
    <tag k="name" v="Am Konkordiaweiher" />
    <tag k="psv" v="no" />
    <tag k="sidewalk" v="both" />
    <tag k="surface" v="asphalt" />
  </way>
  <way id="816438821">
    <nd ref="30965806" />
    <nd ref="9178809591" />
    <tag k="cycleway:both" v="lane" />
    <tag k="cycleway:both:lane" v="exclusive" />
    <tag k="highway" v="tertiary" />
    <tag k="lanes" v="2" />
    <tag k="lit" v="yes" />
    <tag k="maxspeed" v="50" />
    <tag k="maxspeed:type" v="DE:urban" />
    <tag k="name" v="Am Konkordiaweiher" />
    <tag k="sidewalk" v="both" />
    <tag k="source:maxspeed" v="DE:urban" />
    <tag k="surface" v="asphalt" />
  </way>
  <way id="816603269">
    <nd ref="1443568690" />
    <nd ref="1443568694" />
    <nd ref="1443568702" />
    <nd ref="1443568711" />
    <nd ref="1443568709" />
    <nd ref="1443568694" />
    <tag k="access" v="employees" />
    <tag k="highway" v="service" />
    <tag k="psv" v="no" />
    <tag k="source" v="HiRes aerial imagery" />
    <tag k="surface" v="asphalt" />
  </way>
  <way id="816603270">
    <nd ref="1443568654" />
    <nd ref="1443568657" />
    <nd ref="1443568658" />
    <nd ref="1443568660" />
    <nd ref="1443568683" />
    <nd ref="1443568691" />
    <nd ref="1443568698" />
    <nd ref="1443568693" />
    <nd ref="1443568689" />
    <tag k="access" v="employees" />
    <tag k="highway" v="service" />
    <tag k="psv" v="no" />
    <tag k="service" v="parking_aisle" />
    <tag k="source" v="HiRes aerial imagery" />
    <tag k="surface" v="asphalt" />
  </way>
  <way id="816603271">
    <nd ref="1443568656" />
    <nd ref="1443568638" />
    <nd ref="1443568654" />
    <tag k="access" v="employees" />
    <tag k="highway" v="service" />
    <tag k="psv" v="no" />
    <tag k="service" v="parking_aisle" />
    <tag k="source" v="HiRes aerial imagery" />
    <tag k="surface" v="asphalt" />
  </way>
  <way id="816603272">
    <nd ref="1443568678" />
    <nd ref="1443568656" />
    <tag k="access" v="employees" />
    <tag k="highway" v="service" />
    <tag k="psv" v="no" />
    <tag k="service" v="parking_aisle" />
    <tag k="source" v="HiRes aerial imagery" />
    <tag k="surface" v="asphalt" />
  </way>
  <way id="816603273">
    <nd ref="1515873720" />
    <nd ref="8268444449" />
    <nd ref="8252929674" />
    <nd ref="5298901709" />
    <nd ref="5298901710" />
    <nd ref="746753197" />
    <nd ref="7995751767" />
    <nd ref="7938708046" />
    <nd ref="256335666" />
    <tag k="access" v="destination" />
    <tag k="bicycle" v="yes" />
    <tag k="bicycle_road" v="yes" />
    <tag k="cycleway:left" v="track" />
    <tag k="highway" v="residential" />
    <tag k="maxspeed" v="30" />
    <tag k="motor_vehicle" v="yes" />
    <tag k="name" v="Gustav-Adolf-Straße" />
    <tag k="psv" v="yes" />
    <tag k="source" v="HiRes aerial imagery" />
    <tag k="source:maxspeed" v="DE:bicycle_road" />
    <tag k="surface" v="asphalt" />
    <tag k="traffic_sign" v="DE:244.1" />
  </way>
  <way id="816623829">
    <nd ref="8492096202" />
    <nd ref="11063281297" />
    <nd ref="7627056296" />
    <nd ref="8494223312" />
    <tag k="cycleway:right" v="no" />
    <tag k="destination" v="Eichstädt;Neuburg an der Donau;Klinikum" />
    <tag k="destination:colour" v="yellow;yellow;white" />
    <tag k="destination:symbol" v=";;hospital" />
    <tag k="highway" v="tertiary_link" />
    <tag k="lanes" v="1" />
    <tag k="maxspeed" v="50" />
    <tag k="oneway" v="yes" />
    <tag k="surface" v="asphalt" />
    <tag k="turn:lanes" v="right" />
  </way>
  <way id="816623831">
    <nd ref="311439746" />
    <nd ref="7627033074" />
    <tag k="highway" v="living_street" />
    <tag k="surface" v="asphalt" />
  </way>
  <way id="816626560">
    <nd ref="7627056306" />
    <nd ref="7627033080" />
    <tag k="check_date" v="2020-06-24" />
    <tag k="highway" v="secondary" />
    <tag k="lanes" v="2" />
    <tag k="maxspeed" v="50" />
    <tag k="name" v="Westliche Ringstraße" />
    <tag k="oneway" v="no" />
    <tag k="ref" v="IN 17" />
    <tag k="surface" v="asphalt" />
    <tag k="turn:lanes:backward" v="through" />
    <tag k="turn:lanes:forward" v="through" />
  </way>
  <way id="816739558">
    <nd ref="7628080579" />
    <nd ref="7628080578" />
    <nd ref="7628080577" />
    <nd ref="7628080576" />
    <nd ref="7628080575" />
    <tag k="highway" v="service" />
    <tag k="psv" v="no" />
  </way>
  <way id="816739559">
    <nd ref="7628091489" />
    <nd ref="8531892955" />
    <nd ref="7628091488" />
    <nd ref="7628091487" />
    <nd ref="7628080579" />
    <nd ref="7628091486" />
    <nd ref="7628091485" />
    <nd ref="7628080584" />
    <nd ref="7628080583" />
    <nd ref="7628080582" />
    <nd ref="7628080581" />
    <nd ref="7628080580" />
    <tag k="highway" v="service" />
    <tag k="psv" v="no" />
  </way>
  <way id="816739561">
    <nd ref="7262587522" />
    <nd ref="7628091497" />
    <nd ref="7628091492" />
    <nd ref="7628091496" />
    <nd ref="7628091495" />
    <nd ref="7628091494" />
    <nd ref="7628091493" />
    <nd ref="7262587529" />
    <tag k="highway" v="service" />
    <tag k="psv" v="no" />
    <tag k="surface" v="asphalt" />
  </way>
  <way id="816751258">
    <nd ref="7627033074" />
    <nd ref="7628227657" />
    <nd ref="570048664" />
    <tag k="highway" v="service" />
    <tag k="lanes" v="2" />
    <tag k="oneway" v="no" />
    <tag k="turn:lanes:backward" v="slight_left;right" />
  </way>
  <way id="816785930">
    <nd ref="7628563995" />
    <nd ref="7628564005" />
    <tag k="highway" v="residential" />
    <tag k="lanes" v="2" />
    <tag k="lanes:backward" v="1" />
    <tag k="lanes:forward" v="1" />
    <tag k="name" v="Rankestraße" />
    <tag k="surface" v="asphalt" />
  </way>
  <way id="816785932">
    <nd ref="1723628632" />
    <nd ref="7628563998" />
    <nd ref="9594240012" />
    <nd ref="7628563999" />
    <nd ref="7628564005" />
    <tag k="highway" v="tertiary" />
    <tag k="lanes" v="1" />
    <tag k="maxspeed" v="50" />
    <tag k="name" v="Haunwöhrer Straße" />
    <tag k="oneway" v="yes" />
    <tag k="psv" v="yes" />
    <tag k="ref" v="IN 15" />
    <tag k="surface" v="asphalt" />
  </way>
  <way id="816785933">
    <nd ref="1197035304" />
    <nd ref="7628563997" />
    <nd ref="7628563999" />
    <nd ref="1197035464" />
    <tag k="bicycle" v="designated" />
    <tag k="foot" v="designated" />
    <tag k="highway" v="path" />
    <tag k="segregated" v="no" />
    <tag k="surface" v="asphalt" />
  </way>
  <way id="816785934">
    <nd ref="1197035464" />
    <nd ref="7628563995" />
    <nd ref="7628564002" />
    <tag k="bicycle" v="designated" />
    <tag k="foot" v="designated" />
    <tag k="highway" v="path" />
    <tag k="segregated" v="no" />
  </way>
  <way id="816785936">
    <nd ref="7628564001" />
    <nd ref="7628564004" />
    <nd ref="7628564003" />
    <nd ref="7628564002" />
    <tag k="bicycle" v="designated" />
    <tag k="foot" v="designated" />
    <tag k="highway" v="path" />
    <tag k="segregated" v="no" />
    <tag k="surface" v="asphalt" />
  </way>
  <way id="816799874">
    <nd ref="7628677244" />
    <nd ref="7628677243" />
    <tag k="highway" v="service" />
  </way>
  <way id="816799875">
    <nd ref="7628677246" />
    <nd ref="7628677245" />
    <tag k="highway" v="service" />
  </way>
  <way id="816799876">
    <nd ref="7628677248" />
    <nd ref="7628677244" />
    <nd ref="7628677246" />
    <nd ref="7628677247" />
    <tag k="highway" v="service" />
  </way>
  <way id="816799878">
    <nd ref="2108948540" />
    <nd ref="7628677252" />
    <nd ref="7628677251" />
    <tag k="highway" v="service" />
    <tag k="psv" v="no" />
    <tag k="surface" v="asphalt" />
  </way>
  <way id="816858730">
    <nd ref="7629259419" />
    <nd ref="7629259418" />
    <nd ref="7629259417" />
    <nd ref="7629259416" />
    <nd ref="7629259415" />
    <tag k="highway" v="service" />
  </way>
  <way id="816858731">
    <nd ref="975729506" />
    <nd ref="7629259420" />
    <tag k="highway" v="service" />
    <tag k="surface" v="paving_stones" />
  </way>
  <way id="816872143">
    <nd ref="11154478807" />
    <nd ref="9236386828" />
    <nd ref="9236386829" />
    <nd ref="9236386830" />
    <nd ref="7629367847" />
    <nd ref="249179914" />
    <tag k="highway" v="service" />
    <tag k="surface" v="asphalt" />
  </way>
  <way id="816872144">
    <nd ref="2264641008" />
    <nd ref="9236386827" />
    <nd ref="7629367861" />
    <nd ref="10915923029" />
    <tag k="access" v="private" />
    <tag k="highway" v="service" />
    <tag k="maxspeed" v="5" />
    <tag k="surface" v="asphalt" />
  </way>
  <way id="817081324">
    <nd ref="7262587521" />
    <nd ref="9074461467" />
    <nd ref="7631074651" />
    <tag k="highway" v="service" />
    <tag k="psv" v="no" />
    <tag k="surface" v="asphalt" />
  </way>
  <way id="817081325">
    <nd ref="317139361" />
    <nd ref="7631074656" />
    <nd ref="7631074655" />
    <nd ref="7631074654" />
    <nd ref="7631074653" />
    <tag k="highway" v="service" />
    <tag k="maxspeed" v="10" />
  </way>
  <way id="817081326">
    <nd ref="7631074658" />
    <nd ref="9074461506" />
    <nd ref="7631074657" />
    <tag k="highway" v="service" />
  </way>
  <way id="817081328">
    <nd ref="7631074668" />
    <nd ref="7869390094" />
    <nd ref="7631074667" />
    <nd ref="7631074666" />
    <nd ref="7631074665" />
    <nd ref="7631074664" />
    <nd ref="7631074663" />
    <nd ref="7869390101" />
    <nd ref="7631074662" />
    <tag k="highway" v="service" />
  </way>
  <way id="817081329">
    <nd ref="7631074670" />
    <nd ref="7631074669" />
    <tag k="highway" v="service" />
    <tag k="psv" v="no" />
  </way>
  <way id="817206439">
    <nd ref="7632258865" />
    <nd ref="7632258866" />
    <nd ref="7632258867" />
    <tag k="access" v="private" />
    <tag k="highway" v="footway" />
  </way>
  <way id="817206440">
    <nd ref="11059358445" />
    <nd ref="11059358448" />
    <nd ref="7632258869" />
    <nd ref="7632258870" />
    <tag k="access" v="private" />
    <tag k="highway" v="footway" />
  </way>
  <way id="817206441">
    <nd ref="7632258869" />
    <nd ref="11059358451" />
    <nd ref="11059358478" />
    <nd ref="11059358454" />
    <nd ref="7632258871" />
    <nd ref="7632258872" />
    <tag k="access" v="private" />
    <tag k="highway" v="footway" />
  </way>
  <way id="817206442">
    <nd ref="7632258874" />
    <nd ref="11059358445" />
    <nd ref="7632258868" />
    <nd ref="11059358444" />
    <nd ref="7632258867" />
    <nd ref="7632305389" />
    <nd ref="9863743367" />
    <nd ref="11053607808" />
    <nd ref="8066871269" />
    <nd ref="8066871268" />
    <nd ref="8066871282" />
    <nd ref="9177846713" />
    <nd ref="8066871283" />
    <nd ref="11059358497" />
    <nd ref="9177846706" />
    <tag k="bicycle" v="no" />
    <tag k="foot" v="designated" />
    <tag k="footway" v="sidewalk" />
    <tag k="highway" v="footway" />
  </way>
  <way id="817206446">
    <nd ref="1852633408" />
    <nd ref="7632305389" />
    <nd ref="7632305388" />
    <tag k="access" v="private" />
    <tag k="highway" v="service" />
    <tag k="service" v="driveway" />
  </way>
  <way id="817666073">
    <nd ref="288515048" />
    <nd ref="9177846667" />
    <nd ref="266358440" />
    <tag k="bicycle" v="yes" />
    <tag k="bicycle_road" v="yes" />
    <tag k="foot" v="no" />
    <tag k="highway" v="residential" />
    <tag k="lanes" v="2" />
    <tag k="lanes:backward" v="1" />
    <tag k="lanes:forward" v="1" />
    <tag k="lit" v="yes" />
    <tag k="maxspeed" v="30" />
    <tag k="motor_vehicle" v="destination" />
    <tag k="name" v="Maria-Ward-Straße" />
    <tag k="source" v="HiRes aerial imagery" />
    <tag k="source:maxspeed" v="DE:bicycle_road" />
    <tag k="surface" v="asphalt" />
    <tag k="traffic_sign" v="DE:244.1" />
  </way>
  <way id="817666074">
    <nd ref="7636305983" />
    <nd ref="9863707516" />
    <nd ref="288568842" />
    <tag k="bicycle" v="yes" />
    <tag k="bicycle_road" v="yes" />
    <tag k="foot" v="no" />
    <tag k="highway" v="residential" />
    <tag k="lanes" v="2" />
    <tag k="lanes:backward" v="1" />
    <tag k="lanes:forward" v="1" />
    <tag k="lit" v="yes" />
    <tag k="maxspeed" v="30" />
    <tag k="motor_vehicle" v="destination" />
    <tag k="name" v="Wackerstraße" />
    <tag k="psv" v="no" />
    <tag k="source" v="HiRes aerial imagery" />
    <tag k="source:maxspeed" v="DE:bicycle_road" />
    <tag k="surface" v="asphalt" />
    <tag k="traffic_sign" v="DE:244.1" />
  </way>
  <way id="817666076">
    <nd ref="293187807" />
    <nd ref="9808289316" />
    <nd ref="266358439" />
    <tag k="bicycle" v="yes" />
    <tag k="bicycle_road" v="yes" />
    <tag k="foot" v="no" />
    <tag k="highway" v="residential" />
    <tag k="lanes" v="2" />
    <tag k="lanes:backward" v="1" />
    <tag k="lanes:forward" v="1" />
    <tag k="lit" v="yes" />
    <tag k="maxspeed" v="30" />
    <tag k="motor_vehicle" v="destination" />
    <tag k="name" v="Gerstnerstraße" />
    <tag k="psv" v="no" />
    <tag k="source" v="HiRes aerial imagery" />
    <tag k="source:maxspeed" v="DE:bicycle_road" />
    <tag k="surface" v="asphalt" />
    <tag k="traffic_sign" v="DE:244.1" />
  </way>
  <way id="817666077">
    <nd ref="8107864789" />
    <nd ref="8107864790" />
    <nd ref="8107864791" />
    <nd ref="8107864792" />
    <nd ref="8107864793" />
    <tag k="bicycle" v="yes" />
    <tag k="cycleway" v="no" />
    <tag k="highway" v="unclassified" />
    <tag k="lanes" v="2" />
    <tag k="lanes:backward" v="1" />
    <tag k="lanes:forward" v="1" />
    <tag k="maxspeed" v="50" />
    <tag k="name" v="Baggerweg" />
    <tag k="sidewalk" v="no" />
    <tag k="source" v="HiRes aerial imagery" />
    <tag k="surface" v="asphalt" />
  </way>
  <way id="817666078">
    <nd ref="288514935" />
    <nd ref="687777461" />
    <nd ref="2139162062" />
    <nd ref="288514930" />
    <nd ref="288514938" />
    <nd ref="480162650" />
    <nd ref="7995751762" />
    <nd ref="7995751763" />
    <nd ref="288514993" />
    <nd ref="288514931" />
    <nd ref="288514932" />
    <nd ref="7995751765" />
    <nd ref="7995751764" />
    <nd ref="288514995" />
    <nd ref="288514996" />
    <nd ref="2150769021" />
    <nd ref="288514998" />
    <nd ref="1197035454" />
    <nd ref="250715665" />
    <nd ref="1834131475" />
    <nd ref="1834131476" />
    <nd ref="1834131477" />
    <nd ref="470506727" />
    <nd ref="7628563995" />
    <tag k="highway" v="residential" />
    <tag k="lanes" v="2" />
    <tag k="lanes:backward" v="1" />
    <tag k="lanes:forward" v="1" />
    <tag k="maxspeed" v="30" />
    <tag k="name" v="Rankestraße" />
    <tag k="source" v="HiRes aerial imagery" />
    <tag k="surface" v="asphalt" />
  </way>
  <way id="819168462">
    <nd ref="250712532" />
    <nd ref="1835774859" />
    <nd ref="30965806" />
    <tag k="check_date" v="2020-06-24" />
    <tag k="highway" v="residential" />
    <tag k="lanes" v="2" />
    <tag k="lanes:backward" v="1" />
    <tag k="lanes:forward" v="1" />
    <tag k="lit" v="yes" />
    <tag k="maxspeed" v="30" />
    <tag k="name" v="Am Konkordiaweiher" />
    <tag k="note" v="Sperrung, Am Konkordiaweiher vom 13.05.2020 - 03.07.2020" />
    <tag k="opening_date" v="2020-07-03" />
    <tag k="sidewalk" v="left" />
    <tag k="surface" v="asphalt" />
  </way>
  <way id="819168463">
    <nd ref="250712532" />
    <nd ref="225396280" />
    <tag k="highway" v="residential" />
    <tag k="lanes" v="2" />
    <tag k="lanes:backward" v="1" />
    <tag k="lanes:forward" v="1" />
    <tag k="lit" v="yes" />
    <tag k="name" v="Sandtnerstraße" />
    <tag k="sidewalk" v="right" />
    <tag k="surface" v="asphalt" />
  </way>
  <way id="819333663">
    <nd ref="7651487733" />
    <nd ref="7651487734" />
    <nd ref="7651487735" />
    <nd ref="12138601213" />
    <nd ref="7651487736" />
    <tag k="highway" v="service" />
    <tag k="surface" v="paving_stones" />
  </way>
  <way id="820121358">
    <nd ref="7658158413" />
    <nd ref="7658158420" />
    <nd ref="7658158415" />
    <nd ref="7658158427" />
    <nd ref="7658158414" />
    <tag k="highway" v="footway" />
  </way>
  <way id="820121359">
    <nd ref="566265133" />
    <nd ref="7658158416" />
    <nd ref="7345368934" />
    <tag k="highway" v="footway" />
  </way>
  <way id="820121360">
    <nd ref="7658158416" />
    <nd ref="7345368928" />
    <tag k="highway" v="footway" />
  </way>
  <way id="820121361">
    <nd ref="566265133" />
    <nd ref="7658158417" />
    <tag k="highway" v="footway" />
  </way>
  <way id="820121362">
    <nd ref="7658158418" />
    <nd ref="7658158443" />
    <nd ref="7658158419" />
    <tag k="highway" v="footway" />
  </way>
  <way id="820121363">
    <nd ref="7658158417" />
    <nd ref="7658158418" />
    <tag k="highway" v="steps" />
  </way>
  <way id="820121364">
    <nd ref="7658158420" />
    <nd ref="7345368936" />
    <tag k="highway" v="footway" />
  </way>
  <way id="820121365">
    <nd ref="7345368930" />
    <nd ref="7658158421" />
    <nd ref="7658158423" />
    <nd ref="7658158422" />
    <tag k="highway" v="footway" />
    <tag k="lit" v="yes" />
    <tag k="surface" v="paving_stones" />
  </way>
  <way id="820121366">
    <nd ref="7658158423" />
    <nd ref="7658158425" />
    <nd ref="7658158424" />
    <tag k="highway" v="footway" />
    <tag k="lit" v="yes" />
    <tag k="surface" v="paving_stones" />
  </way>
  <way id="820121367">
    <nd ref="7345368931" />
    <nd ref="7658158425" />
    <tag k="highway" v="footway" />
    <tag k="lit" v="yes" />
    <tag k="surface" v="paving_stones" />
  </way>
  <way id="820121368">
    <nd ref="7345368929" />
    <nd ref="7658158428" />
    <nd ref="7658158426" />
    <tag k="highway" v="footway" />
    <tag k="lit" v="yes" />
    <tag k="surface" v="paving_stones" />
  </way>
  <way id="820121369">
    <nd ref="7658158423" />
    <nd ref="7658158428" />
    <nd ref="7658158427" />
    <tag k="highway" v="footway" />
    <tag k="lit" v="yes" />
    <tag k="surface" v="paving_stones" />
  </way>
  <way id="820121370">
    <nd ref="7658158429" />
    <nd ref="7658158430" />
    <tag k="highway" v="footway" />
    <tag k="layer" v="-1" />
  </way>
  <way id="820121371">
    <nd ref="7345368932" />
    <nd ref="7658158431" />
    <nd ref="7658158430" />
    <nd ref="7658158432" />
    <nd ref="7345368935" />
    <tag k="highway" v="footway" />
  </way>
  <way id="820121372">
    <nd ref="7345368933" />
    <nd ref="7658158433" />
    <nd ref="7658158434" />
    <tag k="highway" v="steps" />
  </way>
  <way id="820121373">
    <nd ref="7658158434" />
    <nd ref="7658158435" />
    <tag k="highway" v="footway" />
  </way>
  <way id="820121374">
    <nd ref="7658158436" />
    <nd ref="7658158437" />
    <tag k="highway" v="footway" />
    <tag k="smoothness" v="good" />
    <tag k="surface" v="paving_stones" />
  </way>
  <way id="820121375">
    <nd ref="7658158437" />
    <nd ref="7658158438" />
    <tag k="handrail" v="no" />
    <tag k="highway" v="steps" />
    <tag k="incline" v="down" />
    <tag k="ramp" v="no" />
    <tag k="surface" v="sett" />
    <tag k="tactile_paving" v="no" />
  </way>
  <way id="820121376">
    <nd ref="7658158438" />
    <nd ref="7658158439" />
    <tag k="highway" v="footway" />
  </way>
  <way id="820121377">
    <nd ref="7658158429" />
    <nd ref="7658158441" />
    <nd ref="7658158440" />
    <tag k="highway" v="footway" />
  </way>
  <way id="820121380">
    <nd ref="7658158444" />
    <nd ref="7658158445" />
    <nd ref="7658158446" />
    <tag k="highway" v="footway" />
  </way>
  <way id="820121381">
    <nd ref="7658158446" />
    <nd ref="8232707655" />
    <tag k="highway" v="steps" />
  </way>
  <way id="820121382">
    <nd ref="7658158444" />
    <nd ref="7658158447" />
    <tag k="highway" v="steps" />
  </way>
  <way id="820121383">
    <nd ref="7658158447" />
    <nd ref="7658158448" />
    <tag k="highway" v="footway" />
  </way>
  <way id="820121384">
    <nd ref="8232707655" />
    <nd ref="288774461" />
    <tag k="highway" v="footway" />
  </way>
  <way id="820121385">
    <nd ref="7658158450" />
    <nd ref="7658158451" />
    <tag k="highway" v="footway" />
  </way>
  <way id="820121386">
    <nd ref="7658158451" />
    <nd ref="7658158452" />
    <tag k="highway" v="steps" />
  </way>
  <way id="820121387">
    <nd ref="7658158452" />
    <nd ref="288774458" />
    <tag k="highway" v="footway" />
  </way>
  <way id="820121388">
    <nd ref="7658158453" />
    <nd ref="288774468" />
    <tag k="highway" v="steps" />
    <tag k="lit" v="yes" />
  </way>
  <way id="821204150">
    <nd ref="7667546665" />
    <nd ref="4370469797" />
    <tag k="bridge" v="yes" />
    <tag k="highway" v="footway" />
    <tag k="layer" v="1" />
  </way>
  <way id="822603368">
    <nd ref="1852633316" />
    <nd ref="1637088056" />
    <tag k="bicycle" v="designated" />
    <tag k="cycleway:surface" v="asphalt" />
    <tag k="foot" v="designated" />
    <tag k="footway:surface" v="asphalt" />
    <tag k="highway" v="footway" />
    <tag k="lit" v="no" />
    <tag k="segregated" v="yes" />
    <tag k="source" v="HiRes aerial imagery" />
    <tag k="surface" v="asphalt" />
  </way>
  <way id="822603369">
    <nd ref="1852633316" />
    <nd ref="1852633300" />
    <nd ref="7680760826" />
    <tag k="highway" v="footway" />
  </way>
  <way id="822603370">
    <nd ref="7680760826" />
    <nd ref="7680760827" />
    <nd ref="430423202" />
    <nd ref="7680760828" />
    <nd ref="7680760829" />
    <tag k="highway" v="footway" />
  </way>
  <way id="822603372">
    <nd ref="7680760826" />
    <nd ref="7680760807" />
    <nd ref="7680760829" />
    <tag k="highway" v="cycleway" />
    <tag k="oneway" v="yes" />
    <tag k="surface" v="asphalt" />
  </way>
  <way id="822603374">
    <nd ref="7680760829" />
    <nd ref="1852633308" />
    <nd ref="7680760830" />
    <nd ref="3902645797" />
    <nd ref="7680760831" />
    <tag k="highway" v="footway" />
    <tag k="surface" v="paving_stones" />
  </way>
  <way id="822603375">
    <nd ref="7680760829" />
    <nd ref="7680760808" />
    <nd ref="8251165552" />
    <nd ref="7680760809" />
    <nd ref="7680760810" />
    <nd ref="7680760811" />
    <nd ref="7680760812" />
    <nd ref="3828188276" />
    <nd ref="652860493" />
    <nd ref="3828188275" />
    <nd ref="470043505" />
    <nd ref="7680760813" />
    <nd ref="470043504" />
    <nd ref="7680760814" />
    <nd ref="470043503" />
    <nd ref="7680760801" />
    <nd ref="7680760802" />
    <nd ref="7680760803" />
    <nd ref="7680760804" />
    <nd ref="7680760815" />
    <nd ref="7680760805" />
    <nd ref="7680760816" />
    <nd ref="7680760806" />
    <tag k="bicycle" v="designated" />
    <tag k="foot" v="designated" />
    <tag k="footway" v="sidewalk" />
    <tag k="highway" v="footway" />
    <tag k="segregated" v="no" />
    <tag k="surface" v="paving_stones" />
  </way>
  <way id="825409935">
    <nd ref="7628564001" />
    <nd ref="386797029" />
    <nd ref="1197035304" />
    <tag k="bicycle" v="designated" />
    <tag k="foot" v="designated" />
    <tag k="highway" v="path" />
    <tag k="segregated" v="no" />
  </way>
  <way id="825409936">
    <nd ref="7707167834" />
    <nd ref="7707167814" />
    <tag k="footway" v="sidewalk" />
    <tag k="highway" v="footway" />
  </way>
  <way id="825409937">
    <nd ref="7707167834" />
    <nd ref="287963627" />
    <tag k="highway" v="unclassified" />
    <tag k="lanes" v="2" />
    <tag k="lanes:backward" v="1" />
    <tag k="lanes:forward" v="1" />
    <tag k="maxspeed" v="50" />
    <tag k="name" v="Apianstraße" />
    <tag k="source" v="HiRes aerial imagery" />
    <tag k="surface" v="asphalt" />
  </way>
  <way id="825409938">
    <nd ref="7628564002" />
    <nd ref="7707167837" />
    <nd ref="7707167838" />
    <nd ref="7707167839" />
    <nd ref="7707167894" />
    <nd ref="7707167893" />
    <nd ref="7707167840" />
    <nd ref="7707167841" />
    <nd ref="7707167842" />
    <nd ref="7707167892" />
    <nd ref="7707167843" />
    <nd ref="7707167844" />
    <nd ref="7707167845" />
    <nd ref="9592704929" />
    <nd ref="7707167891" />
    <nd ref="9592704930" />
    <nd ref="10965100095" />
    <nd ref="7707167846" />
    <nd ref="7707167890" />
    <nd ref="7707167847" />
    <nd ref="7707167848" />
    <nd ref="9592704928" />
    <nd ref="9592704927" />
    <nd ref="7707167849" />
    <nd ref="9592704926" />
    <nd ref="7707167850" />
    <nd ref="9592704925" />
    <nd ref="7707167889" />
    <nd ref="7707167851" />
    <tag k="bicycle" v="designated" />
    <tag k="foot" v="designated" />
    <tag k="footway" v="sidewalk" />
    <tag k="highway" v="footway" />
    <tag k="segregated" v="no" />
    <tag k="surface" v="asphalt" />
  </way>
  <way id="825409940">
    <nd ref="7707167851" />
    <nd ref="7707167895" />
    <tag k="bicycle" v="designated" />
    <tag k="foot" v="no" />
    <tag k="highway" v="cycleway" />
    <tag k="oneway" v="yes" />
  </way>
  <way id="825409941">
    <nd ref="287963627" />
    <nd ref="7707167814" />
    <tag k="highway" v="cycleway" />
    <tag k="oneway" v="yes" />
  </way>
  <way id="825409942">
    <nd ref="7707167814" />
    <nd ref="9581534372" />
    <nd ref="7707167815" />
    <nd ref="7707167816" />
    <nd ref="7707167817" />
    <nd ref="7707167818" />
    <nd ref="7707167819" />
    <nd ref="7707167820" />
    <nd ref="7707167821" />
    <nd ref="7717519504" />
    <nd ref="7707167822" />
    <nd ref="7707167835" />
    <nd ref="7714730095" />
    <nd ref="7707167836" />
    <nd ref="7707167823" />
    <nd ref="7707167824" />
    <nd ref="7707167825" />
    <nd ref="11109075064" />
    <nd ref="7628564001" />
    <tag k="bicycle" v="designated" />
    <tag k="foot" v="designated" />
    <tag k="footway" v="sidewalk" />
    <tag k="highway" v="footway" />
    <tag k="segregated" v="no" />
    <tag k="surface" v="asphalt" />
  </way>
  <way id="825933196">
    <nd ref="2129028149" />
    <nd ref="9581534395" />
    <nd ref="7711448462" />
    <nd ref="7711448463" />
    <tag k="highway" v="service" />
    <tag k="service" v="parking_aisle" />
  </way>
  <way id="825933197">
    <nd ref="7711448463" />
    <nd ref="7711448480" />
    <nd ref="9581534414" />
    <nd ref="2129028132" />
    <tag k="highway" v="footway" />
  </way>
  <way id="825933199">
    <nd ref="7707167812" />
    <nd ref="7717519512" />
    <nd ref="9666223241" />
    <nd ref="7711448481" />
    <nd ref="7711448480" />
    <tag k="highway" v="footway" />
  </way>
  <way id="826277538">
    <nd ref="975729488" />
    <nd ref="10177801605" />
    <nd ref="2110354463" />
    <nd ref="3048521961" />
    <nd ref="699711043" />
    <tag k="access" v="no" />
    <tag k="bus" v="designated" />
    <tag k="goods" v="no" />
    <tag k="hgv" v="no" />
    <tag k="highway" v="service" />
    <tag k="maxspeed" v="30" />
    <tag k="motorcar" v="no" />
    <tag k="motorcycle" v="no" />
    <tag k="name" v="Bahnhofstraße" />
    <tag k="oneway" v="yes" />
    <tag k="psv" v="yes" />
    <tag k="service" v="bus" />
    <tag k="surface" v="paving_stones" />
    <tag k="taxi" v="yes" />
    <tag k="tourist_bus" v="no" />
    <tag k="traffic_sign" v="DE:245,1026-30" />
    <tag k="width" v="6" />
  </way>
  <way id="826277541">
    <nd ref="7714730093" />
    <nd ref="7714730095" />
    <nd ref="1834183800" />
    <tag k="highway" v="service" />
    <tag k="oneway" v="yes" />
    <tag k="service" v="parking_aisle" />
  </way>
  <way id="826578283">
    <nd ref="7717502074" />
    <nd ref="7717519492" />
    <tag k="access" v="private" />
    <tag k="highway" v="service" />
    <tag k="maxspeed" v="5" />
    <tag k="noname" v="yes" />
    <tag k="service" v="parking_aisle" />
  </way>
  <way id="826578284">
    <nd ref="7717519485" />
    <nd ref="7717519488" />
    <nd ref="7717519489" />
    <nd ref="7717519491" />
    <nd ref="2129028144" />
    <nd ref="7717502078" />
    <nd ref="7717502082" />
    <nd ref="7717502083" />
    <nd ref="7717502074" />
    <nd ref="7717519485" />
    <tag k="access" v="private" />
    <tag k="highway" v="service" />
    <tag k="maxspeed" v="5" />
    <tag k="noname" v="yes" />
    <tag k="service" v="parking_aisle" />
  </way>
  <way id="826594746">
    <nd ref="7717641164" />
    <nd ref="266359525" />
    <nd ref="8233822256" />
    <nd ref="8233822255" />
    <nd ref="8233822254" />
    <nd ref="8233822252" />
    <nd ref="8233822253" />
    <nd ref="8233822251" />
    <nd ref="1636466447" />
    <tag k="highway" v="path" />
  </way>
  <way id="826594747">
    <nd ref="1393740285" />
    <nd ref="271662960" />
    <tag k="bicycle" v="designated" />
    <tag k="foot" v="designated" />
    <tag k="highway" v="path" />
    <tag k="incline" v="up" />
    <tag k="lit" v="yes" />
    <tag k="segregated" v="no" />
    <tag k="smoothness" v="excellent" />
    <tag k="source" v="HiRes aerial imagery" />
    <tag k="surface" v="asphalt" />
    <tag k="width" v="2" />
  </way>
  <way id="826596269">
    <nd ref="7717519493" />
    <nd ref="7717519494" />
    <nd ref="2129028144" />
    <tag k="access" v="private" />
    <tag k="highway" v="service" />
    <tag k="maxspeed" v="5" />
    <tag k="noname" v="yes" />
    <tag k="service" v="parking_aisle" />
  </way>
  <way id="826596271">
    <nd ref="7717519492" />
    <nd ref="9581534356" />
    <nd ref="2129028129" />
    <tag k="highway" v="service" />
    <tag k="noname" v="yes" />
    <tag k="service" v="parking_aisle" />
    <tag k="surface" v="fine_gravel" />
  </way>
  <way id="827043543">
    <nd ref="7721338322" />
    <nd ref="7721338323" />
    <nd ref="7721338324" />
    <nd ref="7721338325" />
    <nd ref="7721338326" />
    <nd ref="7721338327" />
    <nd ref="7721338365" />
    <nd ref="7721338328" />
    <nd ref="7721338348" />
    <nd ref="7721338329" />
    <nd ref="7721338353" />
    <nd ref="7721338317" />
    <nd ref="7721338320" />
    <nd ref="7721338338" />
    <nd ref="7721338339" />
    <nd ref="7721338340" />
    <nd ref="7721338368" />
    <nd ref="7721338369" />
    <nd ref="7721338330" />
    <nd ref="7721338300" />
    <nd ref="7721338333" />
    <nd ref="7721338331" />
    <nd ref="7721338334" />
    <nd ref="7721338335" />
    <nd ref="7721338336" />
    <nd ref="7721338332" />
    <nd ref="7721338337" />
    <nd ref="1637088065" />
    <tag k="footway" v="sidewalk" />
    <tag k="highway" v="footway" />
  </way>
  <way id="827713309">
    <nd ref="1636466406" />
    <nd ref="9458837164" />
    <nd ref="7727245000" />
    <nd ref="2337351314" />
    <tag k="bicycle" v="designated" />
    <tag k="foot" v="designated" />
    <tag k="highway" v="path" />
    <tag k="segregated" v="no" />
    <tag k="surface" v="asphalt" />
  </way>
  <way id="827713310">
    <nd ref="7727244999" />
    <nd ref="9257478589" />
    <nd ref="7727245000" />
    <tag k="bicycle" v="designated" />
    <tag k="foot" v="designated" />
    <tag k="highway" v="path" />
    <tag k="segregated" v="no" />
    <tag k="surface" v="asphalt" />
  </way>
  <way id="827810199">
    <nd ref="7728104895" />
    <nd ref="8272453334" />
    <nd ref="8272453333" />
    <nd ref="7728104898" />
    <nd ref="7728104895" />
    <tag k="area" v="yes" />
    <tag k="bus" v="yes" />
    <tag k="departures_board" v="timetable" />
    <tag k="highway" v="platform" />
    <tag k="name" v="Mendlstraße" />
    <tag k="network" v="Verkehrsverbund Großraum Ingolstadt" />
    <tag k="network:guid" v="DE-BY-VGI" />
    <tag k="network:short" v="VGI" />
    <tag k="network:wikidata" v="Q99937594" />
    <tag k="network:wikipedia" v="de:Verkehrsverbund Großraum Ingolstadt" />
    <tag k="operator" v="Verkehrsverbund Großraum Ingolstadt" />
    <tag k="operator:short" v="VGI" />
    <tag k="operator:wikidata" v="Q99937594" />
    <tag k="operator:wikipedia" v="de:Verkehrsverbund Großraum Ingolstadt" />
    <tag k="public_transport" v="platform" />
    <tag k="ref:IFOPT" v="de:09161:8801:0:1" />
    <tag k="tactile_paving" v="yes" />
    <tag k="website" v="https://www.vgi.de/start_de" />
  </way>
  <way id="833439669">
    <nd ref="7780216263" />
    <nd ref="7780216264" />
    <nd ref="7780216265" />
    <nd ref="7780216266" />
    <nd ref="7780216267" />
    <tag k="highway" v="service" />
    <tag k="surface" v="asphalt" />
  </way>
  <way id="846959108">
    <nd ref="1637088097" />
    <nd ref="7903216614" />
    <tag k="cutting" v="yes" />
    <tag k="highway" v="cycleway" />
  </way>
  <way id="846959110">
    <nd ref="7903216619" />
    <nd ref="7903216620" />
    <tag k="cutting" v="yes" />
    <tag k="highway" v="cycleway" />
  </way>
  <way id="846959111">
    <nd ref="288736220" />
    <nd ref="7903216620" />
    <tag k="highway" v="cycleway" />
  </way>
  <way id="851076831">
    <nd ref="2337351260" />
    <nd ref="7938708028" />
    <nd ref="7531293361" />
    <nd ref="10827890119" />
    <nd ref="7531293363" />
    <nd ref="7938708033" />
    <nd ref="7938708032" />
    <nd ref="7938708031" />
    <nd ref="7938708029" />
    <tag k="bicycle" v="designated" />
    <tag k="foot" v="designated" />
    <tag k="footway" v="sidewalk" />
    <tag k="highway" v="footway" />
    <tag k="segregated" v="no" />
    <tag k="surface" v="paving_stones" />
  </way>
  <way id="851076832">
    <nd ref="746753187" />
    <nd ref="5298901682" />
    <nd ref="5298901683" />
    <nd ref="5298901684" />
    <nd ref="746753186" />
    <nd ref="5298901685" />
    <nd ref="5298901686" />
    <nd ref="5298901687" />
    <nd ref="746753196" />
    <nd ref="746753170" />
    <nd ref="5298901688" />
    <nd ref="5298901689" />
    <nd ref="746753206" />
    <nd ref="1852696873" />
    <nd ref="5298901695" />
    <nd ref="1852696874" />
    <nd ref="5298901693" />
    <nd ref="5298901694" />
    <nd ref="746753173" />
    <nd ref="746753184" />
    <nd ref="746753194" />
    <nd ref="746753188" />
    <nd ref="1852696875" />
    <nd ref="746753197" />
    <nd ref="5298901698" />
    <nd ref="746753191" />
    <nd ref="5298901696" />
    <nd ref="1637088079" />
    <nd ref="5298901516" />
    <nd ref="746753198" />
    <nd ref="746753202" />
    <tag k="foot" v="designated" />
    <tag k="highway" v="footway" />
    <tag k="name" v="Pater-Josef-Schmid-Weg" />
    <tag k="segregated" v="no" />
    <tag k="surface" v="asphalt" />
  </way>
  <way id="851076833">
    <nd ref="7938708029" />
    <nd ref="7938708051" />
    <nd ref="7938708050" />
    <nd ref="7938708035" />
    <nd ref="7938708036" />
    <nd ref="7938708037" />
    <nd ref="7938708049" />
    <nd ref="7938708038" />
    <nd ref="7938708048" />
    <nd ref="7938708039" />
    <nd ref="7938708047" />
    <nd ref="7938708040" />
    <nd ref="7938708041" />
    <nd ref="7938708046" />
    <nd ref="7938708045" />
    <nd ref="7938708042" />
    <nd ref="7938708044" />
    <nd ref="7938708043" />
    <nd ref="746753171" />
    <tag k="highway" v="cycleway" />
    <tag k="oneway" v="yes" />
    <tag k="surface" v="asphalt" />
  </way>
  <way id="857631237">
    <nd ref="7707167868" />
    <nd ref="278817467" />
    <nd ref="7995751755" />
    <tag k="access" v="no" />
    <tag k="button_operated" v="yes" />
    <tag k="crossing" v="traffic_signals" />
    <tag k="crossing:island" v="no" />
    <tag k="crossing:markings" v="dashes" />
    <tag k="foot" v="permissive" />
    <tag k="footway" v="crossing" />
    <tag k="highway" v="footway" />
    <tag k="surface" v="asphalt" />
    <tag k="tactile_paving" v="no" />
    <tag k="traffic_signals:sound" v="yes" />
    <tag k="traffic_signals:vibration" v="yes" />
  </way>
  <way id="857631238">
    <nd ref="7995751756" />
    <nd ref="12048003456" />
    <nd ref="7995751757" />
    <nd ref="7995751758" />
    <tag k="footway" v="sidewalk" />
    <tag k="highway" v="footway" />
  </way>
  <way id="857631239">
    <nd ref="7628564005" />
    <nd ref="7628564006" />
    <tag k="highway" v="residential" />
    <tag k="lanes" v="2" />
    <tag k="lanes:backward" v="1" />
    <tag k="lanes:forward" v="1" />
    <tag k="name" v="Rankestraße" />
    <tag k="surface" v="asphalt" />
  </way>
  <way id="857631240">
    <nd ref="7628564005" />
    <nd ref="7628564003" />
    <nd ref="9438043393" />
    <nd ref="9438043392" />
    <nd ref="1834196098" />
    <tag k="highway" v="tertiary" />
    <tag k="lanes" v="1" />
    <tag k="maxspeed" v="50" />
    <tag k="name" v="Haunwöhrer Straße" />
    <tag k="oneway" v="yes" />
    <tag k="psv" v="yes" />
    <tag k="ref" v="IN 15" />
    <tag k="surface" v="asphalt" />
  </way>
  <way id="857631241">
    <nd ref="7628564006" />
    <nd ref="7628563997" />
    <nd ref="11488534965" />
    <nd ref="1723628631" />
    <nd ref="7616444546" />
    <tag k="highway" v="tertiary" />
    <tag k="lanes" v="3" />
    <tag k="maxspeed" v="50" />
    <tag k="name" v="Haunwöhrer Straße" />
    <tag k="oneway" v="yes" />
    <tag k="psv" v="yes" />
    <tag k="ref" v="IN 15" />
    <tag k="surface" v="asphalt" />
    <tag k="turn:lanes" v="left|left|right" />
  </way>
  <way id="857631242">
    <nd ref="7628564006" />
    <nd ref="386797029" />
    <tag k="highway" v="residential" />
    <tag k="lanes" v="2" />
    <tag k="lanes:backward" v="1" />
    <tag k="lanes:forward" v="1" />
    <tag k="name" v="Rankestraße" />
    <tag k="surface" v="asphalt" />
  </way>
  <way id="864048945">
    <nd ref="7391517125" />
    <nd ref="8049405924" />
    <nd ref="8049405925" />
    <nd ref="8049405926" />
    <nd ref="8049405927" />
    <tag k="highway" v="service" />
    <tag k="psv" v="no" />
  </way>
  <way id="877654120">
    <nd ref="472429766" />
    <nd ref="1752529822" />
    <tag k="cutting" v="yes" />
    <tag k="highway" v="tertiary" />
    <tag k="lanes" v="2" />
    <tag k="lit" v="yes" />
    <tag k="maxspeed" v="50" />
    <tag k="maxspeed:type" v="DE:urban" />
    <tag k="name" v="Windbergerstraße" />
    <tag k="psv" v="no" />
    <tag k="source" v="HiRes aerial imagery" />
    <tag k="source:maxspeed" v="DE:urban" />
    <tag k="surface" v="asphalt" />
  </way>
  <way id="877654121">
    <nd ref="225396280" />
    <nd ref="30965805" />
    <nd ref="30965806" />
    <tag k="cycleway:both" v="lane" />
    <tag k="cycleway:both:lane" v="exclusive" />
    <tag k="highway" v="tertiary" />
    <tag k="lanes" v="2" />
    <tag k="lit" v="yes" />
    <tag k="maxspeed" v="50" />
    <tag k="maxspeed:type" v="DE:urban" />
    <tag k="name" v="Windbergerstraße" />
    <tag k="sidewalk" v="both" />
    <tag k="surface" v="asphalt" />
  </way>
  <way id="882671027">
    <nd ref="8208676164" />
    <nd ref="10177801586" />
    <nd ref="8208676165" />
    <nd ref="8208676166" />
    <tag k="highway" v="service" />
    <tag k="surface" v="asphalt" />
  </way>
  <way id="882671028">
    <nd ref="8208676163" />
    <nd ref="10177801585" />
    <nd ref="8208676167" />
    <tag k="highway" v="service" />
    <tag k="surface" v="asphalt" />
  </way>
  <way id="885460859">
    <nd ref="4326573526" />
    <nd ref="1197035299" />
    <tag k="highway" v="footway" />
  </way>
  <way id="885460860">
    <nd ref="293184333" />
    <nd ref="1442150016" />
    <tag k="highway" v="footway" />
  </way>
  <way id="885513474">
    <nd ref="746753202" />
    <nd ref="1637088064" />
    <nd ref="1637088063" />
    <nd ref="1637088060" />
    <nd ref="746753171" />
    <tag k="highway" v="footway" />
    <tag k="lit" v="yes" />
    <tag k="name" v="Pater-Josef-Schmid-Weg" />
    <tag k="surface" v="asphalt" />
  </way>
  <way id="885513475">
    <nd ref="7938708029" />
    <nd ref="7938708034" />
    <nd ref="7938708030" />
    <nd ref="746753187" />
    <tag k="highway" v="footway" />
  </way>
  <way id="887419058">
    <nd ref="8250740057" />
    <nd ref="9074461505" />
    <nd ref="8250740058" />
    <tag k="highway" v="service" />
  </way>
  <way id="887461639">
    <nd ref="8251165542" />
    <nd ref="8251165541" />
    <nd ref="8251165540" />
    <nd ref="8251165539" />
    <nd ref="8251165542" />
    <tag k="area" v="yes" />
    <tag k="bench" v="yes" />
    <tag k="bin" v="yes" />
    <tag k="bus" v="yes" />
    <tag k="departures_board" v="timetable" />
    <tag k="highway" v="platform" />
    <tag k="lit" v="yes" />
    <tag k="name" v="Schulzentrum Südwest / Maximilianstraße" />
    <tag k="network" v="Verkehrsverbund Großraum Ingolstadt" />
    <tag k="network:guid" v="DE-BY-VGI" />
    <tag k="network:short" v="VGI" />
    <tag k="network:wikidata" v="Q99937594" />
    <tag k="network:wikipedia" v="de:Verkehrsverbund Großraum Ingolstadt" />
    <tag k="operator" v="Verkehrsverbund Großraum Ingolstadt" />
    <tag k="operator:short" v="VGI" />
    <tag k="operator:wikidata" v="Q99937594" />
    <tag k="operator:wikipedia" v="de:Verkehrsverbund Großraum Ingolstadt" />
    <tag k="passenger_information_display" v="yes" />
    <tag k="public_transport" v="platform" />
    <tag k="ref:IFOPT" v="de:09161:808:0:1" />
    <tag k="route_ref" v="10;11;44;N14" />
    <tag k="shelter" v="yes" />
    <tag k="tactile_paving" v="yes" />
    <tag k="website" v="https://www.vgi.de/start_de" />
  </way>
  <way id="887476723">
    <nd ref="7529847817" />
    <nd ref="2287775636" />
    <nd ref="2276828226" />
    <nd ref="2276828225" />
    <nd ref="2276828224" />
    <nd ref="10983036748" />
    <tag k="bicycle" v="designated" />
    <tag k="foot" v="designated" />
    <tag k="footway" v="sidewalk" />
    <tag k="highway" v="footway" />
    <tag k="oneway:bicycle" v="yes" />
    <tag k="segregated" v="yes" />
    <tag k="surface" v="asphalt" />
    <tag k="width" v="2" />
  </way>
  <way id="887476724">
    <nd ref="1795399122" />
    <nd ref="10177801545" />
    <nd ref="975729494" />
    <tag k="bicycle" v="designated" />
    <tag k="check_date:surface" v="2025-05-06" />
    <tag k="cycleway:surface" v="asphalt" />
    <tag k="foot" v="designated" />
    <tag k="footway" v="sidewalk" />
    <tag k="footway:surface" v="asphalt" />
    <tag k="highway" v="footway" />
    <tag k="segregated" v="yes" />
    <tag k="source" v="HiRes aerial imagery" />
    <tag k="surface" v="asphalt" />
  </way>
  <way id="887476725">
    <nd ref="975729503" />
    <nd ref="975729485" />
    <nd ref="1795399122" />
    <tag k="bicycle" v="designated" />
    <tag k="cycleway:surface" v="asphalt" />
    <tag k="foot" v="designated" />
    <tag k="footway" v="sidewalk" />
    <tag k="footway:surface" v="paving_stones" />
    <tag k="highway" v="footway" />
    <tag k="segregated" v="yes" />
    <tag k="source" v="HiRes aerial imagery" />
    <tag k="surface" v="paved" />
  </way>
  <way id="887476726">
    <nd ref="21532605" />
    <nd ref="975729494" />
    <tag k="highway" v="residential" />
    <tag k="lanes" v="3" />
    <tag k="maxspeed" v="50" />
    <tag k="name" v="Bahnhofstraße" />
    <tag k="psv" v="yes" />
    <tag k="source" v="HiRes aerial imagery" />
    <tag k="surface" v="asphalt" />
  </way>
  <way id="887571027">
    <nd ref="8252184263" />
    <nd ref="472439049" />
    <tag k="cutting" v="yes" />
    <tag k="highway" v="footway" />
    <tag k="source" v="HiRes aerial imagery" />
    <tag k="surface" v="asphalt" />
  </way>
  <way id="887571028">
    <nd ref="472439066" />
    <nd ref="8252184259" />
    <nd ref="8252184262" />
    <tag k="highway" v="footway" />
    <tag k="source" v="HiRes aerial imagery" />
    <tag k="surface" v="asphalt" />
  </way>
  <way id="887571029">
    <nd ref="8252184264" />
    <nd ref="8252184265" />
    <tag k="cutting" v="yes" />
    <tag k="highway" v="footway" />
    <tag k="source" v="HiRes aerial imagery" />
    <tag k="surface" v="asphalt" />
  </way>
  <way id="887571030">
    <nd ref="8252184267" />
    <nd ref="472439054" />
    <tag k="highway" v="footway" />
    <tag k="layer" v="-1" />
    <tag k="source" v="HiRes aerial imagery" />
    <tag k="surface" v="asphalt" />
    <tag k="traffic_sign" v="DE:239" />
    <tag k="tunnel" v="yes" />
  </way>
  <way id="887571031">
    <nd ref="8252184266" />
    <nd ref="472439049" />
    <tag k="cutting" v="yes" />
    <tag k="highway" v="footway" />
    <tag k="source" v="HiRes aerial imagery" />
    <tag k="surface" v="asphalt" />
    <tag k="traffic_sign" v="DE:239" />
  </way>
  <way id="887656730">
    <nd ref="1852633318" />
    <nd ref="289032836" />
    <nd ref="273982474" />
    <tag k="highway" v="tertiary" />
    <tag k="lanes" v="2" />
    <tag k="maxspeed" v="50" />
    <tag k="maxspeed:conditional" v="30 @ (Mo-Fr 07:00-18:00)" />
    <tag k="name" v="Maximilianstraße" />
    <tag k="psv" v="yes" />
    <tag k="source" v="HiRes aerial imagery" />
    <tag k="surface" v="asphalt" />
  </way>
  <way id="887656731">
    <nd ref="3828281623" />
    <nd ref="2119037608" />
    <tag k="access" v="destination" />
    <tag k="bicycle" v="yes" />
    <tag k="bicycle_road" v="yes" />
    <tag k="cycleway:left" v="track" />
    <tag k="highway" v="residential" />
    <tag k="lit" v="no" />
    <tag k="maxspeed" v="30" />
    <tag k="motor_vehicle" v="yes" />
    <tag k="name" v="Gustav-Adolf-Straße" />
    <tag k="psv" v="yes" />
    <tag k="sidewalk" v="both" />
    <tag k="source" v="HiRes aerial imagery" />
    <tag k="source:maxspeed" v="DE:bicycle_road" />
    <tag k="surface" v="asphalt" />
    <tag k="traffic_sign" v="DE:244.1" />
  </way>
  <way id="887656732">
    <nd ref="4344409040" />
    <nd ref="4344409038" />
    <nd ref="10976283184" />
    <nd ref="2110354470" />
    <nd ref="2110354472" />
    <nd ref="10976283183" />
    <nd ref="1826298914" />
    <nd ref="8252929675" />
    <nd ref="4344409040" />
    <tag k="bench" v="yes" />
    <tag k="bin" v="yes" />
    <tag k="bus" v="yes" />
    <tag k="departures_board" v="realtime" />
    <tag k="highway" v="platform" />
    <tag k="kerb" v="raised" />
    <tag k="kerb:height" v="0.22" />
    <tag k="lit" v="yes" />
    <tag k="local_ref" v="1" />
    <tag k="name" v="Ingolstadt, Hauptbahnhof" />
    <tag k="network" v="Verkehrsverbund Großraum Ingolstadt" />
    <tag k="network:guid" v="DE-BY-VGI" />
    <tag k="network:short" v="VGI" />
    <tag k="network:wikidata" v="Q99937594" />
    <tag k="network:wikipedia" v="de:Verkehrsverbund Großraum Ingolstadt" />
    <tag k="note" v="bitte highway:platform noch nicht entfernen" />
    <tag k="operator" v="Verkehrsverbund Großraum Ingolstadt" />
    <tag k="operator:short" v="VGI" />
    <tag k="operator:wikidata" v="Q99937594" />
    <tag k="operator:wikipedia" v="de:Verkehrsverbund Großraum Ingolstadt" />
    <tag k="public_transport" v="platform" />
    <tag k="ref" v="1" />
    <tag k="ref:IFOPT" v="de:09161:9000:2:1" />
    <tag k="route_ref" v="10;11;16;18;22;44;N12;N14;N16;N18;S6;9154;9221" />
    <tag k="shelter" v="yes" />
    <tag k="tactile_paving" v="no" />
    <tag k="website" v="https://www.vgi.de/start_de" />
    <tag k="wheelchair" v="yes" />
    <tag k="wheelchair:description" v="Kasseler Bord vorhanden" />
    <tag k="width" v="2" />
  </way>
  <way id="887787913">
    <nd ref="8254177217" />
    <nd ref="8254139116" />
    <nd ref="8254139115" />
    <nd ref="11482799370" />
    <nd ref="8254139114" />
    <nd ref="8254177217" />
    <tag k="bench" v="no" />
    <tag k="bin" v="yes" />
    <tag k="bus" v="yes" />
    <tag k="highway" v="platform" />
    <tag k="kerb" v="raised" />
    <tag k="kerb:height" v="0.20" />
    <tag k="name" v="Maximilianstraße" />
    <tag k="network" v="Verkehrsverbund Großraum Ingolstadt" />
    <tag k="network:guid" v="DE-BY-VGI" />
    <tag k="network:short" v="VGI" />
    <tag k="network:wikidata" v="Q99937594" />
    <tag k="network:wikipedia" v="de:Verkehrsverbund Großraum Ingolstadt" />
    <tag k="operator" v="Verkehrsverbund Großraum Ingolstadt" />
    <tag k="operator:short" v="VGI" />
    <tag k="operator:wikidata" v="Q99937594" />
    <tag k="operator:wikipedia" v="de:Verkehrsverbund Großraum Ingolstadt" />
    <tag k="public_transport" v="platform" />
    <tag k="ref:IFOPT" v="de:09161:512:0:2" />
    <tag k="shelter" v="no" />
    <tag k="tactile_paving" v="yes" />
    <tag k="website" v="https://www.vgi.de/start_de" />
  </way>
  <way id="888409637">
    <nd ref="8259716083" />
    <nd ref="30965815" />
    <tag k="bicycle" v="designated" />
    <tag k="cycleway" v="track" />
    <tag k="foot" v="designated" />
    <tag k="highway" v="tertiary" />
    <tag k="lanes" v="4" />
    <tag k="lanes:forward" v="2" />
    <tag k="lit" v="yes" />
    <tag k="maxspeed" v="50" />
    <tag k="name" v="Asamstraße" />
    <tag k="psv" v="yes" />
    <tag k="ref" v="IN 13" />
    <tag k="smoothness" v="good" />
    <tag k="source" v="HiRes aerial imagery" />
    <tag k="surface" v="asphalt" />
    <tag k="turn:lanes:backward" v="left|through;right" />
    <tag k="turn:lanes:forward" v="left|through;right" />
  </way>
  <way id="888409638">
    <nd ref="8259716089" />
    <nd ref="8259716088" />
    <nd ref="11180506534" />
    <nd ref="8259716093" />
    <nd ref="8259716090" />
    <nd ref="8259716091" />
    <nd ref="8259716092" />
    <nd ref="8259716087" />
    <nd ref="8259716086" />
    <nd ref="8259716089" />
    <tag k="area" v="yes" />
    <tag k="bench" v="yes" />
    <tag k="bin" v="yes" />
    <tag k="bus" v="yes" />
    <tag k="highway" v="platform" />
    <tag k="kerb" v="raised" />
    <tag k="kerb:height" v="0.19" />
    <tag k="lit" v="yes" />
    <tag k="local_ref" v="5" />
    <tag k="name" v="Hauptbahnhof Ost" />
    <tag k="network" v="Verkehrsverbund Großraum Ingolstadt" />
    <tag k="network:guid" v="DE-BY-VGI" />
    <tag k="network:short" v="VGI" />
    <tag k="network:wikidata" v="Q99937594" />
    <tag k="network:wikipedia" v="de:Verkehrsverbund Großraum Ingolstadt" />
    <tag k="operator" v="Verkehrsverbund Großraum Ingolstadt" />
    <tag k="operator:short" v="VGI" />
    <tag k="operator:wikidata" v="Q99937594" />
    <tag k="operator:wikipedia" v="de:Verkehrsverbund Großraum Ingolstadt" />
    <tag k="public_transport" v="platform" />
    <tag k="ref" v="Ost" />
    <tag k="ref:IFOPT" v="de:09161:1845:0:99" />
    <tag k="shelter" v="yes" />
    <tag k="tactile_paving" v="yes" />
    <tag k="website" v="https://www.vgi.de" />
  </way>
  <way id="888644185">
    <nd ref="3907456209" />
    <nd ref="3830637557" />
    <tag k="access" v="destination" />
    <tag k="bicycle" v="yes" />
    <tag k="bicycle_road" v="yes" />
    <tag k="cycleway:left" v="track" />
    <tag k="highway" v="residential" />
    <tag k="lit" v="no" />
    <tag k="maxspeed" v="30" />
    <tag k="motor_vehicle" v="yes" />
    <tag k="name" v="Gustav-Adolf-Straße" />
    <tag k="psv" v="yes" />
    <tag k="sidewalk" v="both" />
    <tag k="source" v="HiRes aerial imagery" />
    <tag k="source:maxspeed" v="DE:bicycle_road" />
    <tag k="surface" v="asphalt" />
    <tag k="traffic_sign" v="DE:244.1" />
  </way>
  <way id="888669958">
    <nd ref="8262055140" />
    <nd ref="8262055139" />
    <nd ref="8262055138" />
    <nd ref="8262055137" />
    <nd ref="8262055140" />
    <tag k="bus" v="yes" />
    <tag k="departures_board" v="timetable" />
    <tag k="highway" v="platform" />
    <tag k="name" v="Schulzentrum SW, Gustav-Adolf-Straße" />
    <tag k="network" v="Verkehrsverbund Großraum Ingolstadt" />
    <tag k="network:guid" v="DE-BY-VGI" />
    <tag k="network:short" v="VGI" />
    <tag k="network:wikidata" v="Q99937594" />
    <tag k="network:wikipedia" v="de:Verkehrsverbund Großraum Ingolstadt" />
    <tag k="operator" v="Verkehrsverbund Großraum Ingolstadt" />
    <tag k="operator:short" v="VGI" />
    <tag k="operator:wikidata" v="Q99937594" />
    <tag k="operator:wikipedia" v="de:Verkehrsverbund Großraum Ingolstadt" />
    <tag k="public_transport" v="platform" />
    <tag k="route_ref" v="41" />
    <tag k="shelter" v="no" />
    <tag k="tactile_paving" v="yes" />
    <tag k="website" v="https://www.vgi.de" />
    <tag k="wheelchair" v="yes" />
  </way>
  <way id="888669959">
    <nd ref="1637088139" />
    <nd ref="8262055141" />
    <nd ref="8262055142" />
    <nd ref="289036652" />
    <tag k="access" v="destination" />
    <tag k="bicycle" v="yes" />
    <tag k="bicycle_road" v="yes" />
    <tag k="cycleway:left" v="track" />
    <tag k="highway" v="residential" />
    <tag k="lit" v="yes" />
    <tag k="maxspeed" v="30" />
    <tag k="motor_vehicle" v="yes" />
    <tag k="name" v="Lindberghstraße" />
    <tag k="psv" v="yes" />
    <tag k="source" v="HiRes aerial imagery" />
    <tag k="surface" v="asphalt" />
  </way>
  <way id="888669960">
    <nd ref="3907456211" />
    <nd ref="3907456210" />
    <tag k="access" v="destination" />
    <tag k="bicycle" v="yes" />
    <tag k="bicycle_road" v="yes" />
    <tag k="cycleway:left" v="track" />
    <tag k="highway" v="residential" />
    <tag k="lit" v="no" />
    <tag k="maxspeed" v="30" />
    <tag k="motor_vehicle" v="yes" />
    <tag k="name" v="Gustav-Adolf-Straße" />
    <tag k="psv" v="yes" />
    <tag k="sidewalk" v="both" />
    <tag k="source" v="HiRes aerial imagery" />
    <tag k="source:maxspeed" v="DE:bicycle_road" />
    <tag k="surface" v="asphalt" />
    <tag k="traffic_sign" v="DE:244.1" />
  </way>
  <way id="889393575">
    <nd ref="2119037608" />
    <nd ref="10965104910" />
    <nd ref="1515873720" />
    <tag k="access" v="destination" />
    <tag k="bicycle" v="yes" />
    <tag k="bicycle_road" v="yes" />
    <tag k="cycleway:left" v="track" />
    <tag k="highway" v="residential" />
    <tag k="lit" v="yes" />
    <tag k="maxspeed" v="30" />
    <tag k="motor_vehicle" v="yes" />
    <tag k="name" v="Gustav-Adolf-Straße" />
    <tag k="psv" v="yes" />
    <tag k="sidewalk" v="both" />
    <tag k="source" v="HiRes aerial imagery" />
    <tag k="source:maxspeed" v="DE:bicycle_road" />
    <tag k="surface" v="asphalt" />
    <tag k="traffic_sign" v="DE:244.1" />
  </way>
  <way id="889393577">
    <nd ref="6328386814" />
    <nd ref="6328386822" />
    <nd ref="6328386821" />
    <nd ref="6328386820" />
    <nd ref="6328386813" />
    <nd ref="6328386812" />
    <nd ref="6328386819" />
    <nd ref="6328386818" />
    <nd ref="6328386817" />
    <nd ref="6328386811" />
    <nd ref="6328386810" />
    <tag k="cycleway:right" v="no" />
    <tag k="highway" v="unclassified" />
    <tag k="junction" v="roundabout" />
    <tag k="lanes" v="1" />
    <tag k="lit" v="yes" />
    <tag k="maxspeed" v="30" />
    <tag k="sidewalk" v="right" />
    <tag k="smoothness" v="good" />
    <tag k="surface" v="asphalt" />
  </way>
  <way id="889393578">
    <nd ref="8268444446" />
    <nd ref="8268444445" />
    <nd ref="8268444444" />
    <nd ref="8268444443" />
    <nd ref="8268444446" />
    <tag k="bench" v="no" />
    <tag k="bin" v="no" />
    <tag k="bus" v="yes" />
    <tag k="departures_board" v="timetable" />
    <tag k="highway" v="platform" />
    <tag k="kerb" v="raised" />
    <tag k="kerb:height" v="0.2" />
    <tag k="lit" v="no" />
    <tag k="name" v="Schulzentrum SW, Gustav-Adolf-Straße" />
    <tag k="network" v="Verkehrsverbund Großraum Ingolstadt" />
    <tag k="network:guid" v="DE-BY-VGI" />
    <tag k="network:short" v="VGI" />
    <tag k="network:wikidata" v="Q99937594" />
    <tag k="network:wikipedia" v="de:Verkehrsverbund Großraum Ingolstadt" />
    <tag k="operator" v="Verkehrsverbund Großraum Ingolstadt" />
    <tag k="operator:short" v="VGI" />
    <tag k="operator:wikidata" v="Q99937594" />
    <tag k="operator:wikipedia" v="de:Verkehrsverbund Großraum Ingolstadt" />
    <tag k="platform:width" v="2.5" />
    <tag k="public_transport" v="platform" />
    <tag k="ref:IFOPT" v="de:09161:7541:0:18" />
    <tag k="route_ref" v="41" />
    <tag k="shelter" v="no" />
    <tag k="tactile_paving" v="yes" />
    <tag k="website" v="https://www.vgi.de" />
  </way>
  <way id="889959424">
    <nd ref="8272453332" />
    <nd ref="8272453331" />
    <nd ref="8272453330" />
    <nd ref="8272453329" />
    <nd ref="11180506637" />
    <nd ref="8272453332" />
    <tag k="area" v="yes" />
    <tag k="bus" v="yes" />
    <tag k="departures_board" v="timetable" />
    <tag k="highway" v="platform" />
    <tag k="name" v="Mendlstraße" />
    <tag k="network" v="Verkehrsverbund Großraum Ingolstadt" />
    <tag k="network:guid" v="DE-BY-VGI" />
    <tag k="network:short" v="VGI" />
    <tag k="network:wikidata" v="Q99937594" />
    <tag k="network:wikipedia" v="de:Verkehrsverbund Großraum Ingolstadt" />
    <tag k="operator" v="Verkehrsverbund Großraum Ingolstadt" />
    <tag k="operator:short" v="VGI" />
    <tag k="operator:wikidata" v="Q99937594" />
    <tag k="operator:wikipedia" v="de:Verkehrsverbund Großraum Ingolstadt" />
    <tag k="public_transport" v="platform" />
    <tag k="ref:IFOPT" v="de:09161:8801:0:2" />
    <tag k="tactile_paving" v="yes" />
    <tag k="website" v="https://www.vgi.de/start_de" />
  </way>
  <way id="889959425">
    <nd ref="8272453338" />
    <nd ref="8272453337" />
    <nd ref="8272453336" />
    <nd ref="8272453335" />
    <nd ref="8272453338" />
    <tag k="amenity" v="shelter" />
    <tag k="bench" v="yes" />
    <tag k="highway" v="bus_stop" />
    <tag k="network" v="Verkehrsverbund Großraum Ingolstadt" />
    <tag k="network:guid" v="DE-BY-VGI" />
    <tag k="network:short" v="VGI" />
    <tag k="network:wikidata" v="Q99937594" />
    <tag k="operator" v="INVG" />
    <tag k="shelter_type" v="public_transport" />
  </way>
  <way id="891717140">
    <nd ref="365286996" />
    <nd ref="365286998" />
    <nd ref="365287000" />
    <nd ref="8287802469" />
    <nd ref="8287802468" />
    <nd ref="365287002" />
    <nd ref="2108878171" />
    <nd ref="365287003" />
    <nd ref="10963023591" />
    <tag k="highway" v="footway" />
    <tag k="surface" v="pebblestone" />
  </way>
  <way id="892484333">
    <nd ref="7627056302" />
    <nd ref="7627056303" />
    <nd ref="7627033074" />
    <tag k="bicycle" v="no" />
    <tag k="check_date" v="2020-06-24" />
    <tag k="highway" v="secondary" />
    <tag k="lanes" v="4" />
    <tag k="lanes:backward" v="1" />
    <tag k="lanes:forward" v="3" />
    <tag k="maxspeed" v="50" />
    <tag k="name" v="Westliche Ringstraße" />
    <tag k="ref" v="IN 17" />
    <tag k="source" v="HiRes aerial imagery" />
    <tag k="surface" v="asphalt" />
    <tag k="temporary:access" v="no @ (2022 Aug 22 - 2022 Sep 09)" />
    <tag k="temporary:construction" v="yes @ (2022 Aug 22 - 2022 Sep 09" />
    <tag k="turn:lanes:forward" v="left|through|through" />
  </way>
  <way id="892484334">
    <nd ref="7627033080" />
    <nd ref="8494223312" />
    <tag k="bicycle" v="no" />
    <tag k="check_date" v="2020-06-24" />
    <tag k="highway" v="secondary" />
    <tag k="lanes" v="4" />
    <tag k="lanes:backward" v="2" />
    <tag k="lanes:forward" v="2" />
    <tag k="lit" v="yes" />
    <tag k="maxspeed" v="50" />
    <tag k="name" v="Westliche Ringstraße" />
    <tag k="ref" v="IN 17" />
    <tag k="source" v="HiRes aerial imagery" />
    <tag k="surface" v="asphalt" />
    <tag k="temporary:access" v="no @ (2022 Aug 22 - 2022 Sep 09)" />
    <tag k="temporary:construction" v="yes @ (2022 Aug 22 - 2022 Sep 09" />
    <tag k="turn:lanes:backward" v="left|through" />
  </way>
  <way id="893091820">
    <nd ref="2119018254" />
    <nd ref="11623905927" />
    <nd ref="566266839" />
    <tag k="access" v="destination" />
    <tag k="bicycle" v="yes" />
    <tag k="bicycle_road" v="yes" />
    <tag k="cycleway:left" v="track" />
    <tag k="highway" v="residential" />
    <tag k="maxspeed" v="30" />
    <tag k="motor_vehicle" v="yes" />
    <tag k="name" v="Gustav-Adolf-Straße" />
    <tag k="psv" v="yes" />
    <tag k="source" v="HiRes aerial imagery" />
    <tag k="source:maxspeed" v="DE:bicycle_road" />
    <tag k="surface" v="asphalt" />
    <tag k="traffic_sign" v="DE:244.1" />
  </way>
  <way id="895334729">
    <nd ref="3659572631" />
    <nd ref="8479378655" />
    <nd ref="9074483673" />
    <nd ref="2675003822" />
    <tag k="highway" v="service" />
    <tag k="surface" v="asphalt" />
  </way>
  <way id="900801659">
    <nd ref="7628677248" />
    <nd ref="8367710804" />
    <nd ref="8367710805" />
    <tag k="highway" v="service" />
    <tag k="surface" v="asphalt" />
  </way>
  <way id="900810923">
    <nd ref="8367843011" />
    <nd ref="12138601211" />
    <nd ref="1852734048" />
    <tag k="highway" v="service" />
    <tag k="service" v="driveway" />
  </way>
  <way id="900999560">
    <nd ref="8370039346" />
    <nd ref="8370039347" />
    <tag k="highway" v="service" />
  </way>
  <way id="901016023">
    <nd ref="8370148509" />
    <nd ref="8370148510" />
    <nd ref="8370148511" />
    <tag k="highway" v="service" />
  </way>
  <way id="914222981">
    <nd ref="7627056306" />
    <nd ref="8492096201" />
    <nd ref="8492096200" />
    <nd ref="11063281298" />
    <nd ref="8492096202" />
    <tag k="highway" v="tertiary_link" />
    <tag k="lanes" v="1" />
    <tag k="maxspeed" v="50" />
    <tag k="name" v="Schloßlände" />
    <tag k="oneway" v="yes" />
    <tag k="surface" v="asphalt" />
    <tag k="turn:lanes" v="right" />
  </way>
  <way id="914222983">
    <nd ref="7627056307" />
    <nd ref="7627033082" />
    <nd ref="7627056302" />
    <tag k="bicycle" v="no" />
    <tag k="check_date" v="2020-06-24" />
    <tag k="foot" v="no" />
    <tag k="highway" v="secondary" />
    <tag k="lanes" v="4" />
    <tag k="lanes:backward" v="2" />
    <tag k="lanes:forward" v="2" />
    <tag k="lit" v="yes" />
    <tag k="maxspeed" v="50" />
    <tag k="name" v="Westliche Ringstraße" />
    <tag k="ref" v="IN 17" />
    <tag k="shoulder" v="no" />
    <tag k="sidewalk" v="no" />
    <tag k="source" v="HiRes aerial imagery" />
    <tag k="surface" v="asphalt" />
    <tag k="temporary:access" v="no @ (2022 Aug 22 - 2022 Sep 09)" />
    <tag k="temporary:construction" v="yes @ (2022 Aug 22 - 2022 Sep 09" />
    <tag k="turn:lanes:backward" v="left|through" />
  </way>
  <way id="914222984">
    <nd ref="8492096202" />
    <nd ref="7627056294" />
    <nd ref="7627033080" />
    <tag k="cycleway:both" v="no" />
    <tag k="destination:backward" v="Schlosslände;Zentrum" />
    <tag k="destination:colour:forward" v="yellow;yellow;yellow;white" />
    <tag k="destination:forward" v="München;Regensburg;Augsburg;Hauptbahnhof" />
    <tag k="destination:ref:to:forward" v="A 9;B 13" />
    <tag k="destination:symbol:to:forward" v="motorway;" />
    <tag k="highway" v="tertiary" />
    <tag k="lanes" v="2" />
    <tag k="maxspeed" v="50" />
    <tag k="name" v="Schloßlände" />
    <tag k="surface" v="asphalt" />
    <tag k="turn:lanes:backward" v="through" />
    <tag k="turn:lanes:forward" v="left" />
  </way>
  <way id="914222988">
    <nd ref="310280199" />
    <nd ref="8235030213" />
    <nd ref="1443568597" />
    <tag k="highway" v="service" />
    <tag k="lanes" v="1" />
    <tag k="oneway" v="yes" />
    <tag k="psv" v="no" />
    <tag k="source" v="HiRes aerial imagery" />
    <tag k="surface" v="asphalt" />
    <tag k="turn:lanes" v="left" />
  </way>
  <way id="914222989">
    <nd ref="310280199" />
    <nd ref="365519573" />
    <tag k="cycleway:right" v="no" />
    <tag k="highway" v="primary" />
    <tag k="lanes" v="2" />
    <tag k="maxspeed" v="50" />
    <tag k="name" v="Südliche Ringstraße" />
    <tag k="oneway" v="yes" />
    <tag k="ref" v="B 13" />
    <tag k="source" v="HiRes aerial imagery" />
    <tag k="surface" v="asphalt" />
    <tag k="turn:lanes" v="through|through" />
  </way>
  <way id="914222990">
    <nd ref="365519573" />
    <nd ref="1443568616" />
    <tag k="cycleway:right" v="no" />
    <tag k="highway" v="primary" />
    <tag k="lanes" v="2" />
    <tag k="maxspeed" v="50" />
    <tag k="name" v="Südliche Ringstraße" />
    <tag k="oneway" v="yes" />
    <tag k="ref" v="B 13" />
    <tag k="source" v="HiRes aerial imagery" />
    <tag k="surface" v="asphalt" />
    <tag k="turn:lanes" v="through|through" />
  </way>
  <way id="914222991">
    <nd ref="1834131478" />
    <nd ref="11014676691" />
    <nd ref="722875485" />
    <tag k="highway" v="primary" />
    <tag k="lanes" v="2" />
    <tag k="maxspeed" v="50" />
    <tag k="name" v="Münchener Straße" />
    <tag k="name:etymology:wikidata" v="Q1726" />
    <tag k="oneway" v="yes" />
    <tag k="psv" v="yes" />
    <tag k="ref" v="B 13" />
    <tag k="sidewalk:left" v="no" />
    <tag k="sidewalk:right" v="separate" />
    <tag k="source" v="HiRes aerial imagery" />
    <tag k="surface" v="asphalt" />
  </way>
  <way id="918535868">
    <nd ref="8530790990" />
    <nd ref="8530790991" />
    <nd ref="8530790992" />
    <tag k="highway" v="service" />
    <tag k="surface" v="asphalt" />
  </way>
  <way id="918630844">
    <nd ref="2108948523" />
    <nd ref="9074483649" />
    <nd ref="8531636752" />
    <nd ref="8531636753" />
    <tag k="highway" v="service" />
  </way>
  <way id="918670784">
    <nd ref="8531892954" />
    <nd ref="8531892955" />
    <tag k="highway" v="service" />
    <tag k="psv" v="no" />
  </way>
  <way id="918670785">
    <nd ref="8531892956" />
    <nd ref="8531892957" />
    <tag k="highway" v="service" />
  </way>
  <way id="919112603">
    <nd ref="8536380746" />
    <nd ref="8536380747" />
    <nd ref="8536380748" />
    <tag k="access" v="private" />
    <tag k="highway" v="service" />
  </way>
  <way id="919188334">
    <nd ref="8370148509" />
    <nd ref="8536985737" />
    <nd ref="8536985738" />
    <nd ref="8536985739" />
    <nd ref="8536985740" />
    <tag k="highway" v="service" />
  </way>
  <way id="919783090">
    <nd ref="225403173" />
    <nd ref="225396203" />
    <tag k="bicycle" v="designated" />
    <tag k="cycleway" v="track" />
    <tag k="foot" v="designated" />
    <tag k="highway" v="residential" />
    <tag k="lanes" v="2" />
    <tag k="lit" v="yes" />
    <tag k="maxspeed" v="50" />
    <tag k="maxspeed:conditional" v="30 @ (Mo-Fr 07:00-18:00)" />
    <tag k="name" v="Feselenstraße" />
    <tag k="psv" v="yes" />
    <tag k="smoothness" v="good" />
    <tag k="surface" v="asphalt" />
  </way>
  <way id="920618314">
    <nd ref="8547521897" />
    <nd ref="8547521898" />
    <nd ref="8547521899" />
    <tag k="highway" v="service" />
    <tag k="psv" v="no" />
    <tag k="surface" v="paving_stones" />
  </way>
  <way id="920849816">
    <nd ref="8549396441" />
    <nd ref="8549396442" />
    <tag k="highway" v="service" />
  </way>
  <way id="920849817">
    <nd ref="8549396443" />
    <nd ref="8549396444" />
    <tag k="highway" v="service" />
  </way>
  <way id="921148123">
    <nd ref="8552321171" />
    <nd ref="10965104905" />
    <nd ref="8552321172" />
    <tag k="highway" v="service" />
  </way>
  <way id="921168984">
    <nd ref="8552527613" />
    <nd ref="8552527614" />
    <nd ref="8552527615" />
    <nd ref="8552527616" />
    <nd ref="8552567517" />
    <tag k="highway" v="service" />
  </way>
  <way id="921222593">
    <nd ref="8553034209" />
    <nd ref="8553034210" />
    <nd ref="8553034211" />
    <tag k="highway" v="service" />
  </way>
  <way id="921569961">
    <nd ref="8555924721" />
    <nd ref="9074461512" />
    <nd ref="8555924722" />
    <nd ref="8555924723" />
    <nd ref="8555924724" />
    <nd ref="8555924725" />
    <tag k="highway" v="service" />
  </way>
  <way id="938769105">
    <nd ref="8696687785" />
    <nd ref="9074461469" />
    <nd ref="8696687786" />
    <nd ref="8696687787" />
    <nd ref="8696687788" />
    <nd ref="8696687789" />
    <nd ref="8696687790" />
    <tag k="highway" v="service" />
    <tag k="psv" v="no" />
    <tag k="surface" v="asphalt" />
  </way>
  <way id="938769106">
    <nd ref="8696687792" />
    <nd ref="8696687793" />
    <nd ref="8696687794" />
    <nd ref="8696687795" />
    <tag k="highway" v="service" />
  </way>
  <way id="938769107">
    <nd ref="8696687796" />
    <nd ref="9074461466" />
    <nd ref="8696687797" />
    <nd ref="8696687798" />
    <nd ref="8696687799" />
    <nd ref="8696687800" />
    <nd ref="8696687801" />
    <nd ref="8696687802" />
    <nd ref="8696687803" />
    <nd ref="8696687804" />
    <nd ref="8696687805" />
    <nd ref="8696687806" />
    <nd ref="8696687807" />
    <nd ref="8696687808" />
    <nd ref="8696687809" />
    <nd ref="30965824" />
    <tag k="highway" v="service" />
    <tag k="psv" v="no" />
  </way>
  <way id="942490626">
    <nd ref="8727517183" />
    <nd ref="7262587520" />
    <nd ref="9074461468" />
    <nd ref="221054485" />
    <tag k="cycleway:both" v="no" />
    <tag k="highway" v="residential" />
    <tag k="lit" v="yes" />
    <tag k="maxspeed" v="30" />
    <tag k="maxspeed:type" v="sign" />
    <tag k="name" v="Schwäblstraße" />
    <tag k="sidewalk" v="right" />
    <tag k="source" v="HiRes aerial imagery" />
    <tag k="surface" v="asphalt" />
  </way>
  <way id="946232957">
    <nd ref="8759698571" />
    <nd ref="8759698572" />
    <nd ref="8759698573" />
    <tag k="highway" v="service" />
  </way>
  <way id="946232958">
    <nd ref="8759698574" />
    <nd ref="8759698575" />
    <nd ref="8759698576" />
    <tag k="highway" v="service" />
  </way>
  <way id="946716784">
    <nd ref="8763495524" />
    <nd ref="8763495525" />
    <tag k="highway" v="service" />
  </way>
  <way id="946719571">
    <nd ref="8763515834" />
    <nd ref="8763515835" />
    <nd ref="8763515836" />
    <tag k="access" v="private" />
    <tag k="highway" v="service" />
  </way>
  <way id="946719572">
    <nd ref="8763515837" />
    <nd ref="8763515838" />
    <tag k="highway" v="service" />
  </way>
  <way id="946742822">
    <nd ref="8763766144" />
    <nd ref="8763766145" />
    <tag k="highway" v="service" />
  </way>
  <way id="946883184">
    <nd ref="8765012609" />
    <nd ref="8765012610" />
    <nd ref="8765012611" />
    <nd ref="8765012612" />
    <tag k="highway" v="service" />
  </way>
  <way id="946883185">
    <nd ref="8765012611" />
    <nd ref="8765012613" />
    <tag k="highway" v="service" />
    <tag k="surface" v="asphalt" />
  </way>
  <way id="949223505">
    <nd ref="8787362313" />
    <nd ref="8787362312" />
    <tag k="highway" v="service" />
    <tag k="service" v="parking_aisle" />
  </way>
  <way id="949223506">
    <nd ref="8787362313" />
    <nd ref="1834159748" />
    <tag k="highway" v="service" />
    <tag k="service" v="parking_aisle" />
  </way>
  <way id="949223507">
    <nd ref="1834159749" />
    <nd ref="8787362310" />
    <nd ref="8787362311" />
    <nd ref="8787362313" />
    <tag k="highway" v="service" />
    <tag k="service" v="parking_aisle" />
  </way>
  <way id="950184979">
    <nd ref="8494223312" />
    <nd ref="7627056307" />
    <tag k="bicycle" v="no" />
    <tag k="check_date" v="2020-06-24" />
    <tag k="foot" v="no" />
    <tag k="highway" v="secondary" />
    <tag k="lanes" v="4" />
    <tag k="lanes:backward" v="2" />
    <tag k="lanes:forward" v="2" />
    <tag k="lit" v="yes" />
    <tag k="maxspeed" v="50" />
    <tag k="name" v="Westliche Ringstraße" />
    <tag k="shoulder" v="no" />
    <tag k="sidewalk" v="no" />
    <tag k="source" v="HiRes aerial imagery" />
    <tag k="surface" v="asphalt" />
    <tag k="temporary:access" v="no @ (2022 Aug 22 - 2022 Sep 09)" />
    <tag k="temporary:construction" v="yes @ (2022 Aug 22 - 2022 Sep 09" />
    <tag k="turn:lanes:backward" v="left|through" />
  </way>
  <way id="950184980">
    <nd ref="7880884331" />
    <nd ref="7616444543" />
    <tag k="cycleway:right" v="no" />
    <tag k="highway" v="secondary" />
    <tag k="lanes" v="2" />
    <tag k="maxspeed" v="50" />
    <tag k="name" v="Südliche Ringstraße" />
    <tag k="oneway" v="yes" />
    <tag k="ref" v="IN 17" />
    <tag k="surface" v="asphalt" />
    <tag k="turn:lanes" v="through|through" />
  </way>
  <way id="956393668">
    <nd ref="8851179335" />
    <nd ref="9071542861" />
    <nd ref="8851179334" />
    <nd ref="8851179333" />
    <nd ref="8851179332" />
    <nd ref="8851179331" />
    <nd ref="8851179330" />
    <tag k="footway" v="sidewalk" />
    <tag k="highway" v="footway" />
  </way>
  <way id="981003816">
    <nd ref="2889786616" />
    <nd ref="9074461485" />
    <nd ref="30965809" />
    <tag k="highway" v="path" />
    <tag k="name" v="Hölzlstraße" />
    <tag k="oneway" v="no" />
    <tag k="surface" v="asphalt" />
  </way>
  <way id="981003817">
    <nd ref="9074461438" />
    <nd ref="9074461443" />
    <nd ref="9074461445" />
    <nd ref="9074461444" />
    <nd ref="30965817" />
    <tag k="highway" v="residential" />
    <tag k="lanes" v="2" />
    <tag k="lanes:backward" v="1" />
    <tag k="lanes:forward" v="1" />
    <tag k="maxspeed" v="50" />
    <tag k="noname" v="yes" />
    <tag k="psv" v="yes" />
    <tag k="sidewalk" v="no" />
    <tag k="surface" v="dirt" />
  </way>
  <way id="981003818">
    <nd ref="9074461437" />
    <nd ref="9074461447" />
    <nd ref="9074461448" />
    <nd ref="9074461449" />
    <nd ref="9074461446" />
    <tag k="highway" v="residential" />
    <tag k="lanes" v="2" />
    <tag k="lanes:backward" v="1" />
    <tag k="lanes:forward" v="1" />
    <tag k="maxspeed" v="50" />
    <tag k="psv" v="yes" />
  </way>
  <way id="981003819">
    <nd ref="9074461437" />
    <nd ref="9074461440" />
    <nd ref="1197458986" />
    <nd ref="8259716083" />
    <tag k="bicycle" v="designated" />
    <tag k="cycleway" v="track" />
    <tag k="foot" v="designated" />
    <tag k="highway" v="tertiary" />
    <tag k="lanes" v="3" />
    <tag k="maxspeed" v="50" />
    <tag k="maxspeed:type" v="DE:urban" />
    <tag k="name" v="Asamstraße" />
    <tag k="psv" v="yes" />
    <tag k="ref" v="IN 13" />
    <tag k="smoothness" v="good" />
    <tag k="source:maxspeed" v="DE:urban" />
    <tag k="surface" v="asphalt" />
  </way>
  <way id="981003820">
    <nd ref="9074461446" />
    <nd ref="1835810436" />
    <nd ref="11630879009" />
    <nd ref="7590937389" />
    <nd ref="1835799594" />
    <nd ref="7226763682" />
    <nd ref="225403173" />
    <tag k="bicycle" v="designated" />
    <tag k="cycleway" v="track" />
    <tag k="foot" v="designated" />
    <tag k="highway" v="residential" />
    <tag k="lanes" v="2" />
    <tag k="lit" v="yes" />
    <tag k="maxspeed" v="50" />
    <tag k="name" v="Feselenstraße" />
    <tag k="psv" v="yes" />
    <tag k="smoothness" v="good" />
    <tag k="surface" v="asphalt" />
  </way>
  <way id="981003821">
    <nd ref="30965817" />
    <nd ref="1835810437" />
    <nd ref="11630879011" />
    <nd ref="30965818" />
    <nd ref="8696687785" />
    <nd ref="221054485" />
    <nd ref="7631074651" />
    <nd ref="30965819" />
    <tag k="bicycle" v="designated" />
    <tag k="cycleway" v="track" />
    <tag k="foot" v="designated" />
    <tag k="highway" v="tertiary" />
    <tag k="lanes" v="2" />
    <tag k="lanes:backward" v="1" />
    <tag k="lanes:forward" v="1" />
    <tag k="maxspeed" v="50" />
    <tag k="name" v="Asamstraße" />
    <tag k="psv" v="yes" />
    <tag k="ref" v="IN 13" />
    <tag k="smoothness" v="good" />
    <tag k="source" v="HiRes aerial imagery" />
    <tag k="surface" v="asphalt" />
  </way>
  <way id="981003822">
    <nd ref="9074461438" />
    <nd ref="9074461442" />
    <nd ref="30965815" />
    <tag k="cycleway" v="track" />
    <tag k="highway" v="residential" />
    <tag k="lanes" v="3" />
    <tag k="lanes:backward" v="1" />
    <tag k="lanes:forward" v="1" />
    <tag k="maxspeed" v="50" />
    <tag k="maxspeed:type" v="DE:urban" />
    <tag k="name" v="Weningstraße" />
    <tag k="psv" v="yes" />
    <tag k="source" v="HiRes aerial imagery" />
    <tag k="surface" v="asphalt" />
    <tag k="turn:lanes:forward" v="through;right" />
  </way>
  <way id="981003823">
    <nd ref="9074461450" />
    <nd ref="9074461473" />
    <nd ref="9074461471" />
    <nd ref="9074461472" />
    <nd ref="9074461470" />
    <nd ref="9074461451" />
    <nd ref="9074461452" />
    <nd ref="9074461453" />
    <nd ref="9074461454" />
    <nd ref="9074461455" />
    <nd ref="9074461456" />
    <nd ref="9074461457" />
    <nd ref="9074461469" />
    <nd ref="9074461468" />
    <nd ref="9074461458" />
    <nd ref="9074461467" />
    <nd ref="9074461459" />
    <nd ref="9074461460" />
    <nd ref="9074461461" />
    <nd ref="9074461462" />
    <nd ref="9074461466" />
    <nd ref="9074461463" />
    <nd ref="9074461464" />
    <nd ref="9074461465" />
    <nd ref="3048861152" />
    <tag k="footway" v="sidewalk" />
    <tag k="highway" v="footway" />
  </way>
  <way id="981003825">
    <nd ref="1835775034" />
    <nd ref="9074461515" />
    <nd ref="9074461516" />
    <nd ref="9074483617" />
    <nd ref="9074483618" />
    <nd ref="9074483619" />
    <nd ref="9074483620" />
    <nd ref="9074483621" />
    <nd ref="9074483622" />
    <nd ref="9074483623" />
    <nd ref="9074483624" />
    <nd ref="9074483650" />
    <nd ref="9074483625" />
    <nd ref="9074483651" />
    <nd ref="9074483626" />
    <nd ref="9596780234" />
    <nd ref="9074483652" />
    <nd ref="9074483627" />
    <nd ref="9074483653" />
    <nd ref="9074483628" />
    <nd ref="9074483629" />
    <nd ref="9074483630" />
    <nd ref="9074483631" />
    <nd ref="9074483632" />
    <nd ref="9074483633" />
    <nd ref="9074483634" />
    <nd ref="9074483635" />
    <nd ref="9074483636" />
    <nd ref="11637457105" />
    <tag k="bicycle" v="yes" />
    <tag k="footway" v="sidewalk" />
    <tag k="highway" v="footway" />
    <tag k="surface" v="asphalt" />
  </way>
  <way id="981003826">
    <nd ref="3616994919" />
    <nd ref="9074483656" />
    <nd ref="9074483657" />
    <nd ref="9074483658" />
    <nd ref="9074483659" />
    <nd ref="9074483661" />
    <nd ref="9074483662" />
    <nd ref="9074483663" />
    <nd ref="9074483673" />
    <nd ref="9074483665" />
    <nd ref="9074483666" />
    <nd ref="9074483667" />
    <nd ref="9074483668" />
    <nd ref="9074483669" />
    <nd ref="9074483670" />
    <nd ref="9074483671" />
    <nd ref="1835775039" />
    <nd ref="9074483672" />
    <nd ref="434404894" />
    <tag k="footway" v="sidewalk" />
    <tag k="highway" v="footway" />
  </way>
  <way id="981003827">
    <nd ref="9074461456" />
    <nd ref="1835810437" />
    <nd ref="9074483659" />
    <tag k="footway" v="sidewalk" />
    <tag k="highway" v="footway" />
  </way>
  <way id="981003828">
    <nd ref="9074483663" />
    <nd ref="9074461439" />
    <nd ref="9074461515" />
    <tag k="footway" v="sidewalk" />
    <tag k="highway" v="footway" />
    <tag k="lit" v="yes" />
    <tag k="surface" v="asphalt" />
  </way>
  <way id="981003829">
    <nd ref="9074483621" />
    <nd ref="1835810412" />
    <nd ref="9074461480" />
    <tag k="footway" v="sidewalk" />
    <tag k="highway" v="footway" />
  </way>
  <way id="981003830">
    <nd ref="9074461476" />
    <nd ref="1835810436" />
    <nd ref="9074461451" />
    <tag k="footway" v="sidewalk" />
    <tag k="highway" v="footway" />
  </way>
  <way id="987462735">
    <nd ref="2262859399" />
    <nd ref="9127294202" />
    <nd ref="9127294203" />
    <tag k="bicycle" v="permissive" />
    <tag k="foot" v="yes" />
    <tag k="highway" v="footway" />
    <tag k="motor_vehicle" v="no" />
    <tag k="surface" v="compacted" />
    <tag k="width" v="2" />
  </way>
  <way id="987493086">
    <nd ref="266359526" />
    <nd ref="9257478560" />
    <nd ref="293187820" />
    <tag k="bicycle" v="designated" />
    <tag k="foot" v="designated" />
    <tag k="highway" v="path" />
    <tag k="name" v="Donauradwanderweg" />
    <tag k="segregated" v="no" />
    <tag k="source" v="HiRes aerial imagery" />
    <tag k="surface" v="asphalt" />
    <tag k="width" v="2" />
  </way>
  <way id="987493092">
    <nd ref="377117697" />
    <nd ref="294152840" />
    <tag k="bicycle" v="designated" />
    <tag k="foot" v="designated" />
    <tag k="highway" v="path" />
    <tag k="segregated" v="no" />
    <tag k="source" v="HiRes aerial imagery" />
    <tag k="surface" v="asphalt" />
  </way>
  <way id="993414641">
    <nd ref="7707167867" />
    <nd ref="9177846662" />
    <nd ref="9177846659" />
    <nd ref="9177846694" />
    <nd ref="9177846667" />
    <nd ref="9177846690" />
    <nd ref="9177846663" />
    <nd ref="9177846672" />
    <nd ref="9177846675" />
    <nd ref="9177846664" />
    <nd ref="9177846665" />
    <nd ref="9177846676" />
    <nd ref="9177846679" />
    <nd ref="9177846680" />
    <nd ref="9177846683" />
    <nd ref="9177846684" />
    <nd ref="9177846686" />
    <nd ref="8233822402" />
    <nd ref="9177846666" />
    <nd ref="10965100051" />
    <nd ref="1852633424" />
    <tag k="bicycle" v="no" />
    <tag k="foot" v="designated" />
    <tag k="footway" v="sidewalk" />
    <tag k="highway" v="footway" />
  </way>
  <way id="993414642">
    <nd ref="9177846668" />
    <nd ref="9177846669" />
    <nd ref="9177846705" />
    <nd ref="9177846707" />
    <nd ref="11059358496" />
    <nd ref="9177846706" />
    <nd ref="11059358494" />
    <nd ref="6747094044" />
    <nd ref="11059358495" />
    <nd ref="9863707501" />
    <tag k="bicycle" v="no" />
    <tag k="foot" v="designated" />
    <tag k="footway" v="sidewalk" />
    <tag k="highway" v="footway" />
  </way>
  <way id="993511006">
    <nd ref="9178809591" />
    <nd ref="225396281" />
    <tag k="cycleway:left" v="lane" />
    <tag k="cycleway:left:lane" v="exclusive" />
    <tag k="cycleway:right" v="track" />
    <tag k="cycleway:right:segregated" v="no" />
    <tag k="highway" v="tertiary" />
    <tag k="lanes" v="2" />
    <tag k="lit" v="yes" />
    <tag k="maxspeed" v="50" />
    <tag k="maxspeed:type" v="DE:urban" />
    <tag k="name" v="Am Konkordiaweiher" />
    <tag k="sidewalk" v="both" />
    <tag k="source:maxspeed" v="DE:urban" />
    <tag k="surface" v="asphalt" />
  </way>
  <way id="993511007">
    <nd ref="225396281" />
    <nd ref="9178822198" />
    <tag k="cycleway:left" v="no" />
    <tag k="cycleway:right" v="track" />
    <tag k="cycleway:right:segregated" v="no" />
    <tag k="highway" v="tertiary" />
    <tag k="lanes" v="2" />
    <tag k="lit" v="yes" />
    <tag k="maxspeed" v="50" />
    <tag k="maxspeed:type" v="DE:urban" />
    <tag k="name" v="Am Konkordiaweiher" />
    <tag k="sidewalk" v="both" />
    <tag k="source:maxspeed" v="DE:urban" />
    <tag k="surface" v="asphalt" />
  </way>
  <way id="993511008">
    <nd ref="9178822198" />
    <nd ref="30965807" />
    <tag k="cycleway:left" v="no" />
    <tag k="cycleway:right" v="track" />
    <tag k="cycleway:right:segregated" v="no" />
    <tag k="highway" v="tertiary" />
    <tag k="lanes" v="3" />
    <tag k="lanes:backward" v="1" />
    <tag k="lanes:forward" v="2" />
    <tag k="lit" v="yes" />
    <tag k="maxspeed" v="50" />
    <tag k="maxspeed:type" v="DE:urban" />
    <tag k="name" v="Am Konkordiaweiher" />
    <tag k="sidewalk" v="both" />
    <tag k="source:maxspeed" v="DE:urban" />
    <tag k="surface" v="asphalt" />
  </way>
  <way id="995733403">
    <nd ref="288571288" />
    <nd ref="288571289" />
    <tag k="highway" v="residential" />
    <tag k="lit" v="no" />
    <tag k="maxspeed" v="30" />
    <tag k="name" v="Scheinerstraße" />
    <tag k="sidewalk" v="no" />
    <tag k="source" v="HiRes aerial imagery" />
  </way>
  <way id="996721008">
    <nd ref="1723605630" />
    <nd ref="472429766" />
    <tag k="cycleway:left" v="no" />
    <tag k="cycleway:right" v="lane" />
    <tag k="cycleway:right:lane" v="exclusive" />
    <tag k="highway" v="tertiary" />
    <tag k="lanes" v="2" />
    <tag k="lit" v="yes" />
    <tag k="maxspeed" v="50" />
    <tag k="maxspeed:type" v="DE:urban" />
    <tag k="name" v="Windbergerstraße" />
    <tag k="sidewalk" v="both" />
    <tag k="source" v="HiRes aerial imagery" />
    <tag k="surface" v="asphalt" />
  </way>
  <way id="1000630906">
    <nd ref="9236386834" />
    <nd ref="9236386833" />
    <nd ref="9236386832" />
    <nd ref="9236386831" />
    <tag k="highway" v="service" />
    <tag k="lit" v="yes" />
    <tag k="smoothness" v="excellent" />
    <tag k="surface" v="asphalt" />
  </way>
  <way id="1000631625">
    <nd ref="9596905882" />
    <nd ref="1795399215" />
    <nd ref="9596905883" />
    <nd ref="9596905884" />
    <tag k="cutting" v="yes" />
    <tag k="highway" v="footway" />
    <tag k="source" v="HiRes aerial imagery" />
    <tag k="surface" v="gravel" />
  </way>
  <way id="1000631626">
    <nd ref="9236339957" />
    <nd ref="11180741871" />
    <nd ref="249179916" />
    <nd ref="2232081002" />
    <nd ref="1315532831" />
    <nd ref="1315532877" />
    <nd ref="249179918" />
    <nd ref="1315532870" />
    <nd ref="249179919" />
    <tag k="cycleway:left" v="lane" />
    <tag k="cycleway:left:lane" v="advisory" />
    <tag k="cycleway:right" v="no" />
    <tag k="highway" v="residential" />
    <tag k="lane_markings" v="no" />
    <tag k="lit" v="yes" />
    <tag k="maxspeed" v="50" />
    <tag k="name" v="Bahnhofstraße" />
    <tag k="oneway" v="no" />
    <tag k="psv" v="yes" />
    <tag k="psv:backward" v="yes" />
    <tag k="sidewalk:both" v="separate" />
    <tag k="smoothness" v="excellent" />
    <tag k="source" v="HiRes aerial imagery" />
    <tag k="surface" v="asphalt" />
  </way>
  <way id="1007077754">
    <nd ref="89179992" />
    <nd ref="9074483655" />
    <nd ref="11637457132" />
    <nd ref="12386616021" />
    <nd ref="9290804227" />
    <tag k="highway" v="unclassified" />
    <tag k="lanes" v="2" />
    <tag k="lit" v="yes" />
    <tag k="maxspeed:type" v="DE:urban" />
    <tag k="name" v="Martin-Hemm-Straße" />
    <tag k="psv" v="yes" />
    <tag k="surface" v="asphalt" />
  </way>
  <way id="1016198708">
    <nd ref="9373152057" />
    <nd ref="9373152058" />
    <tag k="highway" v="service" />
  </way>
  <way id="1020252887">
    <nd ref="7623708689" />
    <nd ref="7623708695" />
    <tag k="cycleway:right" v="no" />
    <tag k="highway" v="secondary" />
    <tag k="lanes" v="4" />
    <tag k="maxspeed" v="50" />
    <tag k="name" v="Münchener Straße" />
    <tag k="name:etymology:wikidata" v="Q1726" />
    <tag k="oneway" v="yes" />
    <tag k="psv" v="yes" />
    <tag k="surface" v="asphalt" />
    <tag k="turn:lanes" v="left|left|through|through" />
  </way>
  <way id="1020252888">
    <nd ref="7616444542" />
    <nd ref="8796437108" />
    <nd ref="9438043388" />
    <nd ref="7616444543" />
    <tag k="check_date" v="2020-06-24" />
    <tag k="cycleway:right" v="no" />
    <tag k="highway" v="secondary_link" />
    <tag k="lanes" v="2" />
    <tag k="maxspeed" v="50" />
    <tag k="note" v="Baustelle: Sanierung der Glacisbrücke vom 15.06.2020 - 25.06.2020" />
    <tag k="oneway" v="yes" />
    <tag k="opening_date" v="2020-06-25" />
    <tag k="surface" v="asphalt" />
    <tag k="turn:lanes" v="left|left" />
  </way>
  <way id="1020252889">
    <nd ref="7616444542" />
    <nd ref="8796437106" />
    <nd ref="1834131513" />
    <tag k="cycleway:right" v="no" />
    <tag k="highway" v="secondary_link" />
    <tag k="lanes" v="1" />
    <tag k="maxspeed" v="50" />
    <tag k="oneway" v="yes" />
    <tag k="psv" v="yes" />
    <tag k="surface" v="asphalt" />
    <tag k="turn:lanes" v="left" />
  </way>
  <way id="1020252890">
    <nd ref="1834131513" />
    <nd ref="7616444546" />
    <tag k="cycleway:right" v="no" />
    <tag k="highway" v="secondary" />
    <tag k="lanes" v="2" />
    <tag k="maxspeed" v="50" />
    <tag k="name" v="Südliche Ringstraße" />
    <tag k="oneway" v="yes" />
    <tag k="ref" v="IN 17" />
    <tag k="surface" v="asphalt" />
    <tag k="turn:lanes" v="through|through" />
  </way>
  <way id="1020870439">
    <nd ref="8272453331" />
    <nd ref="7728104893" />
    <tag k="highway" v="footway" />
  </way>
  <way id="1020873968">
    <nd ref="8251165539" />
    <nd ref="9415678452" />
    <tag k="highway" v="footway" />
    <tag k="lit" v="no" />
    <tag k="surface" v="asphalt" />
  </way>
  <way id="1020873969">
    <nd ref="8251165542" />
    <nd ref="9415678453" />
    <tag k="highway" v="footway" />
    <tag k="lit" v="no" />
  </way>
  <way id="1023410924">
    <nd ref="9437899824" />
    <nd ref="3360996626" />
    <nd ref="9437899833" />
    <nd ref="10915923038" />
    <nd ref="9437899834" />
    <nd ref="9437899835" />
    <nd ref="9437899836" />
    <nd ref="9437899825" />
    <nd ref="9437899826" />
    <nd ref="9437899827" />
    <nd ref="9437899828" />
    <nd ref="9437899829" />
    <nd ref="9437899830" />
    <nd ref="9437899831" />
    <nd ref="9437899832" />
    <tag k="access" v="private" />
    <tag k="highway" v="footway" />
    <tag k="lit" v="no" />
    <tag k="surface" v="compacted" />
  </way>
  <way id="1023431186">
    <nd ref="7616444543" />
    <nd ref="9438043386" />
    <tag k="cycleway:right" v="no" />
    <tag k="highway" v="secondary" />
    <tag k="lanes" v="2" />
    <tag k="maxspeed" v="50" />
    <tag k="name" v="Südliche Ringstraße" />
    <tag k="oneway" v="yes" />
    <tag k="ref" v="IN 17" />
    <tag k="surface" v="asphalt" />
  </way>
  <way id="1040640668">
    <nd ref="7707167814" />
    <nd ref="9581534341" />
    <nd ref="9581534342" />
    <nd ref="9581534343" />
    <nd ref="9581534377" />
    <nd ref="9581534344" />
    <nd ref="9581534346" />
    <nd ref="9581534347" />
    <nd ref="9581534381" />
    <nd ref="9581534345" />
    <nd ref="9581534397" />
    <nd ref="9581534370" />
    <nd ref="9581534371" />
    <nd ref="11374957108" />
    <nd ref="9581534369" />
    <nd ref="9581534368" />
    <nd ref="9581534367" />
    <nd ref="9581534366" />
    <nd ref="9581534365" />
    <nd ref="9581534364" />
    <nd ref="9581534363" />
    <nd ref="9581534362" />
    <nd ref="9581534361" />
    <nd ref="9581534360" />
    <nd ref="9581534359" />
    <nd ref="9581534358" />
    <nd ref="9581534356" />
    <nd ref="9581534357" />
    <nd ref="9581534351" />
    <nd ref="9581534352" />
    <nd ref="9581534353" />
    <nd ref="9581534354" />
    <nd ref="9581534355" />
    <nd ref="2337351302" />
    <tag k="footway" v="sidewalk" />
    <tag k="highway" v="footway" />
  </way>
  <way id="1040640669">
    <nd ref="9581534372" />
    <nd ref="9581534376" />
    <nd ref="9581534380" />
    <nd ref="9581534373" />
    <tag k="highway" v="footway" />
  </way>
  <way id="1040640670">
    <nd ref="9581534374" />
    <nd ref="9581534375" />
    <nd ref="9581534376" />
    <tag k="highway" v="footway" />
  </way>
  <way id="1040640671">
    <nd ref="9581534377" />
    <nd ref="9581534378" />
    <nd ref="9581534379" />
    <nd ref="9581534380" />
    <tag k="highway" v="footway" />
  </way>
  <way id="1040640672">
    <nd ref="9581534381" />
    <nd ref="9581534384" />
    <nd ref="9581534382" />
    <tag k="highway" v="footway" />
  </way>
  <way id="1040640673">
    <nd ref="9581534379" />
    <nd ref="9581534383" />
    <nd ref="9581534384" />
    <tag k="highway" v="footway" />
  </way>
  <way id="1040640675">
    <nd ref="9581534394" />
    <nd ref="9581534398" />
    <nd ref="9581534397" />
    <nd ref="255875429" />
    <tag k="highway" v="service" />
    <tag k="service" v="parking_aisle" />
  </way>
  <way id="1040640676">
    <nd ref="9581534384" />
    <nd ref="9581534398" />
    <tag k="highway" v="footway" />
  </way>
  <way id="1040640677">
    <nd ref="9581534411" />
    <nd ref="8233822359" />
    <nd ref="8233822347" />
    <nd ref="8233822348" />
    <nd ref="9581534410" />
    <nd ref="8233822346" />
    <nd ref="9581534409" />
    <nd ref="9581534400" />
    <nd ref="9581534401" />
    <nd ref="9581534402" />
    <nd ref="9581534403" />
    <nd ref="9581534404" />
    <nd ref="1315532845" />
    <tag k="footway" v="sidewalk" />
    <tag k="highway" v="footway" />
  </way>
  <way id="1040640678">
    <nd ref="1834196078" />
    <nd ref="9581534405" />
    <nd ref="8233822344" />
    <nd ref="8233822343" />
    <nd ref="8233822341" />
    <nd ref="8233822342" />
    <nd ref="8233822340" />
    <nd ref="9581534407" />
    <tag k="footway" v="sidewalk" />
    <tag k="highway" v="footway" />
  </way>
  <way id="1040640679">
    <nd ref="1197349389" />
    <nd ref="2167675254" />
    <nd ref="2110917011" />
    <nd ref="2110917007" />
    <nd ref="1834131473" />
    <nd ref="1834131465" />
    <nd ref="1834131461" />
    <nd ref="8787362310" />
    <nd ref="1834131458" />
    <nd ref="2276828231" />
    <nd ref="2276828230" />
    <nd ref="7717641159" />
    <nd ref="7717641157" />
    <nd ref="7717641155" />
    <nd ref="2337351302" />
    <tag k="bicycle" v="designated" />
    <tag k="foot" v="designated" />
    <tag k="footway" v="sidewalk" />
    <tag k="highway" v="footway" />
    <tag k="oneway:bicycle" v="yes" />
    <tag k="segregated" v="yes" />
    <tag k="surface" v="asphalt" />
    <tag k="width" v="2" />
  </way>
  <way id="1040640680">
    <nd ref="2337351302" />
    <nd ref="9581537634" />
    <nd ref="2337351304" />
    <tag k="crossing" v="marked" />
    <tag k="crossing:markings" v="dashes" />
    <tag k="footway" v="crossing" />
    <tag k="highway" v="footway" />
    <tag k="lit" v="yes" />
    <tag k="surface" v="asphalt" />
  </way>
  <way id="1040640681">
    <nd ref="9581534407" />
    <nd ref="9581537635" />
    <nd ref="9581534406" />
    <tag k="crossing" v="marked" />
    <tag k="crossing:markings" v="dashes" />
    <tag k="footway" v="crossing" />
    <tag k="highway" v="footway" />
  </way>
  <way id="1040640682">
    <nd ref="2337351302" />
    <nd ref="9581537637" />
    <nd ref="9581534407" />
    <tag k="bicycle" v="designated" />
    <tag k="crossing" v="marked" />
    <tag k="crossing:markings" v="dashes" />
    <tag k="foot" v="designated" />
    <tag k="footway" v="crossing" />
    <tag k="highway" v="footway" />
    <tag k="segregated" v="yes" />
    <tag k="surface" v="asphalt" />
    <tag k="width" v="2" />
  </way>
  <way id="1040640683">
    <nd ref="472439058" />
    <nd ref="9236339956" />
    <nd ref="1834159709" />
    <nd ref="1834159719" />
    <nd ref="1834159722" />
    <nd ref="1834159723" />
    <nd ref="1834159724" />
    <nd ref="1834159728" />
    <nd ref="1834159735" />
    <nd ref="7717519498" />
    <nd ref="2337351300" />
    <nd ref="9581534406" />
    <tag k="bicycle" v="designated" />
    <tag k="foot" v="designated" />
    <tag k="footway" v="sidewalk" />
    <tag k="highway" v="footway" />
    <tag k="oneway:bicycle" v="yes" />
    <tag k="segregated" v="no" />
    <tag k="surface" v="asphalt" />
  </way>
  <way id="1040640684">
    <nd ref="9581534406" />
    <nd ref="9581537638" />
    <nd ref="2337351303" />
    <nd ref="2337351304" />
    <tag k="bicycle" v="designated" />
    <tag k="crossing" v="marked" />
    <tag k="crossing:markings" v="dashes" />
    <tag k="foot" v="designated" />
    <tag k="footway" v="crossing" />
    <tag k="highway" v="footway" />
    <tag k="segregated" v="no" />
    <tag k="surface" v="asphalt" />
  </way>
  <way id="1040640685">
    <nd ref="7707167811" />
    <nd ref="9581534413" />
    <nd ref="9581537624" />
    <nd ref="9581534414" />
    <nd ref="9581537622" />
    <nd ref="9581537621" />
    <nd ref="9581534415" />
    <nd ref="9581534416" />
    <nd ref="9581537617" />
    <nd ref="9581537618" />
    <nd ref="9581537623" />
    <nd ref="9581537619" />
    <nd ref="9581537620" />
    <nd ref="9581534404" />
    <tag k="footway" v="sidewalk" />
    <tag k="highway" v="footway" />
  </way>
  <way id="1042575350">
    <nd ref="288571402" />
    <nd ref="7728104890" />
    <nd ref="12138601267" />
    <nd ref="2109053915" />
    <nd ref="288571321" />
    <tag k="highway" v="residential" />
    <tag k="lanes" v="1" />
    <tag k="lit" v="yes" />
    <tag k="maxspeed" v="30" />
    <tag k="name" v="Lindberghstraße" />
    <tag k="oneway" v="yes" />
    <tag k="psv" v="yes" />
    <tag k="source" v="HiRes aerial imagery" />
  </way>
  <way id="1042575351">
    <nd ref="472439064" />
    <nd ref="8252184257" />
    <nd ref="8252184256" />
    <nd ref="8252184255" />
    <tag k="highway" v="footway" />
    <tag k="source" v="HiRes aerial imagery" />
    <tag k="surface" v="paving_stones" />
    <tag k="traffic_sign" v="DE:239" />
  </way>
  <way id="1042575352">
    <nd ref="472439049" />
    <nd ref="1315532826" />
    <tag k="cutting" v="yes" />
    <tag k="highway" v="footway" />
    <tag k="source" v="HiRes aerial imagery" />
    <tag k="surface" v="asphalt" />
    <tag k="traffic_sign" v="DE:239" />
  </way>
  <way id="1042575353">
    <nd ref="472439054" />
    <nd ref="8252184265" />
    <nd ref="9596905882" />
    <tag k="cutting" v="yes" />
    <tag k="highway" v="footway" />
    <tag k="source" v="HiRes aerial imagery" />
    <tag k="surface" v="gravel" />
  </way>
  <way id="1042575354">
    <nd ref="9596905884" />
    <nd ref="9236339955" />
    <tag k="highway" v="footway" />
    <tag k="source" v="HiRes aerial imagery" />
    <tag k="surface" v="gravel" />
  </way>
  <way id="1042575355">
    <nd ref="7714723074" />
    <nd ref="1834159689" />
    <nd ref="2276828217" />
    <nd ref="1315532836" />
    <tag k="foot" v="designated" />
    <tag k="highway" v="footway" />
    <tag k="source" v="HiRes aerial imagery" />
    <tag k="surface" v="asphalt" />
    <tag k="traffic_sign" v="DE:239" />
  </way>
  <way id="1042575356">
    <nd ref="1315532836" />
    <nd ref="472439043" />
    <tag k="bridge" v="yes" />
    <tag k="foot" v="designated" />
    <tag k="highway" v="footway" />
    <tag k="layer" v="1" />
    <tag k="source" v="HiRes aerial imagery" />
    <tag k="traffic_sign" v="DE:239" />
  </way>
  <way id="1043366199">
    <nd ref="470045862" />
    <nd ref="7707167890" />
    <nd ref="470045863" />
    <tag k="highway" v="service" />
  </way>
  <way id="1043366200">
    <nd ref="470045869" />
    <nd ref="9602656774" />
    <nd ref="9602656773" />
    <nd ref="9602656776" />
    <tag k="highway" v="service" />
    <tag k="oneway" v="yes" />
  </way>
  <way id="1043366201">
    <nd ref="9602656776" />
    <nd ref="9602656791" />
    <nd ref="9602656777" />
    <nd ref="9602656792" />
    <nd ref="9602656793" />
    <nd ref="9602656778" />
    <nd ref="9602656781" />
    <nd ref="9602656780" />
    <nd ref="9602656779" />
    <tag k="highway" v="service" />
    <tag k="oneway" v="yes" />
  </way>
  <way id="1043366202">
    <nd ref="9602656784" />
    <nd ref="9602656785" />
    <nd ref="9602656788" />
    <nd ref="9602656786" />
    <tag k="highway" v="service" />
  </way>
  <way id="1043366203">
    <nd ref="9602656787" />
    <nd ref="9602656788" />
    <tag k="highway" v="service" />
  </way>
  <way id="1043366204">
    <nd ref="9602656789" />
    <nd ref="9602656790" />
    <tag k="highway" v="service" />
  </way>
  <way id="1043366205">
    <nd ref="9602656785" />
    <nd ref="9602656794" />
    <tag k="highway" v="footway" />
  </way>
  <way id="1043366206">
    <nd ref="9602656779" />
    <nd ref="9602656789" />
    <tag k="highway" v="service" />
    <tag k="oneway" v="yes" />
  </way>
  <way id="1043366207">
    <nd ref="9602656789" />
    <nd ref="9602656795" />
    <nd ref="2115743384" />
    <nd ref="9602656786" />
    <tag k="highway" v="service" />
  </way>
  <way id="1043366208">
    <nd ref="9602656779" />
    <nd ref="470045863" />
    <tag k="highway" v="service" />
    <tag k="oneway" v="yes" />
  </way>
  <way id="1043366209">
    <nd ref="9602656786" />
    <nd ref="470045865" />
    <nd ref="9602656783" />
    <nd ref="9602656787" />
    <nd ref="9602656784" />
    <nd ref="9602656775" />
    <nd ref="470045869" />
    <nd ref="9602656782" />
    <nd ref="7707167889" />
    <nd ref="492730782" />
    <tag k="highway" v="service" />
  </way>
  <way id="1043366210">
    <nd ref="89170460" />
    <nd ref="10178518864" />
    <nd ref="475944682" />
    <nd ref="10178518865" />
    <nd ref="441334238" />
    <nd ref="10178518866" />
    <nd ref="89170449" />
    <nd ref="4462567458" />
    <nd ref="475944683" />
    <nd ref="7539963724" />
    <nd ref="89170443" />
    <nd ref="475944684" />
    <nd ref="362775662" />
    <nd ref="4462567450" />
    <nd ref="288583436" />
    <tag k="highway" v="tertiary" />
    <tag k="lanes" v="2" />
    <tag k="maxspeed" v="30" />
    <tag k="name" v="Haunwöhrer Straße" />
    <tag k="psv" v="yes" />
    <tag k="ref" v="IN 15" />
    <tag k="sidewalk:both" v="separate" />
    <tag k="source" v="HiRes aerial imagery" />
    <tag k="surface" v="asphalt" />
  </way>
  <way id="1043366211">
    <nd ref="470045863" />
    <nd ref="9602656796" />
    <nd ref="9602656789" />
    <tag k="highway" v="service" />
  </way>
  <way id="1046761232">
    <nd ref="8107864776" />
    <nd ref="8107864779" />
    <nd ref="8107864778" />
    <nd ref="8107864777" />
    <nd ref="9257478599" />
    <nd ref="8107864783" />
    <tag k="bicycle" v="no" />
    <tag k="embankment" v="yes" />
    <tag k="foot" v="designated" />
    <tag k="highway" v="path" />
    <tag k="segregated" v="no" />
    <tag k="source" v="HiRes aerial imagery" />
    <tag k="surface" v="compacted" />
    <tag k="traffic_sign" v="DE:240" />
    <tag k="width" v="2" />
  </way>
  <way id="1046761233">
    <nd ref="8107864793" />
    <nd ref="8107864783" />
    <tag k="bicycle" v="yes" />
    <tag k="cycleway" v="no" />
    <tag k="highway" v="unclassified" />
    <tag k="lane_markings" v="no" />
    <tag k="maxspeed" v="30" />
    <tag k="name" v="Baggerweg" />
    <tag k="sidewalk" v="no" />
    <tag k="source" v="HiRes aerial imagery" />
    <tag k="surface" v="asphalt" />
  </way>
  <way id="1051861790">
    <nd ref="9592704925" />
    <nd ref="1834159742" />
    <nd ref="7707167809" />
    <tag k="crossing" v="marked" />
    <tag k="crossing:markings" v="yes" />
    <tag k="footway" v="crossing" />
    <tag k="highway" v="footway" />
    <tag k="lit" v="yes" />
    <tag k="surface" v="asphalt" />
  </way>
  <way id="1065820328">
    <nd ref="30965809" />
    <nd ref="938227820" />
    <nd ref="9596780235" />
    <nd ref="9596780233" />
    <nd ref="938227809" />
    <nd ref="11178636327" />
    <nd ref="938227828" />
    <nd ref="1835799592" />
    <nd ref="7590923982" />
    <nd ref="30965812" />
    <nd ref="1835774987" />
    <nd ref="30965813" />
    <nd ref="11630879008" />
    <nd ref="1835810412" />
    <nd ref="9074461437" />
    <tag k="bicycle" v="designated" />
    <tag k="cycleway" v="track" />
    <tag k="foot" v="designated" />
    <tag k="highway" v="tertiary" />
    <tag k="lanes" v="2" />
    <tag k="maxspeed" v="50" />
    <tag k="maxspeed:type" v="DE:urban" />
    <tag k="name" v="Asamstraße" />
    <tag k="psv" v="yes" />
    <tag k="ref" v="IN 13" />
    <tag k="shoulder" v="no" />
    <tag k="smoothness" v="good" />
    <tag k="source:maxspeed" v="DE:urban" />
    <tag k="surface" v="asphalt" />
  </way>
  <way id="1065820329">
    <nd ref="225396253" />
    <nd ref="1835799586" />
    <nd ref="11630879007" />
    <nd ref="30965809" />
    <tag k="bicycle" v="designated" />
    <tag k="cycleway" v="track" />
    <tag k="foot" v="designated" />
    <tag k="highway" v="tertiary" />
    <tag k="lanes" v="2" />
    <tag k="maxspeed" v="50" />
    <tag k="maxspeed:type" v="DE:urban" />
    <tag k="name" v="Asamstraße" />
    <tag k="psv" v="yes" />
    <tag k="ref" v="IN 13" />
    <tag k="smoothness" v="good" />
    <tag k="source:maxspeed" v="DE:urban" />
    <tag k="surface" v="asphalt" />
  </way>
  <way id="1065820330">
    <nd ref="8250740057" />
    <nd ref="225396253" />
    <tag k="bicycle" v="designated" />
    <tag k="cycleway" v="track" />
    <tag k="foot" v="designated" />
    <tag k="highway" v="tertiary" />
    <tag k="lanes" v="2" />
    <tag k="maxspeed" v="50" />
    <tag k="maxspeed:type" v="DE:urban" />
    <tag k="name" v="Asamstraße" />
    <tag k="psv" v="yes" />
    <tag k="ref" v="IN 13" />
    <tag k="smoothness" v="good" />
    <tag k="source:maxspeed" v="DE:urban" />
    <tag k="surface" v="asphalt" />
  </way>
  <way id="1067928340">
    <nd ref="470045862" />
    <nd ref="8107864760" />
    <nd ref="89170460" />
    <tag k="highway" v="tertiary" />
    <tag k="lanes" v="3" />
    <tag k="maxspeed" v="30" />
    <tag k="name" v="Haunwöhrer Straße" />
    <tag k="psv" v="yes" />
    <tag k="ref" v="IN 15" />
    <tag k="sidewalk:both" v="separate" />
    <tag k="source" v="HiRes aerial imagery" />
    <tag k="surface" v="asphalt" />
  </way>
  <way id="1067928341">
    <nd ref="9804168437" />
    <nd ref="12047981910" />
    <nd ref="89170505" />
    <tag k="bicycle" v="designated" />
    <tag k="highway" v="tertiary" />
    <tag k="lanes" v="3" />
    <tag k="lanes:backward" v="1" />
    <tag k="lanes:forward" v="2" />
    <tag k="maxspeed" v="50" />
    <tag k="name" v="Haunwöhrer Straße" />
    <tag k="name:etymology:wikidata" v="Q1589390" />
    <tag k="psv" v="yes" />
    <tag k="ref" v="IN 15" />
    <tag k="smoothness" v="excellent" />
    <tag k="source" v="HiRes aerial imagery" />
    <tag k="surface" v="asphalt" />
    <tag k="turn:lanes:forward" v="left|through;right" />
  </way>
  <way id="1067928342">
    <nd ref="89170505" />
    <nd ref="5887033577" />
    <nd ref="1852633410" />
    <nd ref="89170501" />
    <tag k="bicycle" v="designated" />
    <tag k="highway" v="tertiary" />
    <tag k="lanes" v="3" />
    <tag k="lanes:backward" v="2" />
    <tag k="lanes:forward" v="1" />
    <tag k="maxspeed" v="50" />
    <tag k="name" v="Haunwöhrer Straße" />
    <tag k="name:etymology:wikidata" v="Q1589390" />
    <tag k="psv" v="yes" />
    <tag k="ref" v="IN 15" />
    <tag k="smoothness" v="excellent" />
    <tag k="source" v="HiRes aerial imagery" />
    <tag k="surface" v="asphalt" />
    <tag k="turn:lanes:backward" v="left|through;right" />
  </way>
  <way id="1067928343">
    <nd ref="243728715" />
    <nd ref="243728712" />
    <nd ref="1852633405" />
    <nd ref="89170513" />
    <nd ref="278817467" />
    <nd ref="9804168437" />
    <tag k="bicycle" v="designated" />
    <tag k="highway" v="tertiary" />
    <tag k="lanes" v="2" />
    <tag k="lanes:backward" v="1" />
    <tag k="lanes:forward" v="1" />
    <tag k="maxspeed" v="50" />
    <tag k="name" v="Haunwöhrer Straße" />
    <tag k="name:etymology:wikidata" v="Q1589390" />
    <tag k="psv" v="yes" />
    <tag k="ref" v="IN 15" />
    <tag k="smoothness" v="excellent" />
    <tag k="source" v="HiRes aerial imagery" />
    <tag k="surface" v="asphalt" />
    <tag k="turn:lanes:forward" v="left;through;right" />
  </way>
  <way id="1067928344">
    <nd ref="250711655" />
    <nd ref="278817468" />
    <nd ref="8944718691" />
    <nd ref="480162647" />
    <nd ref="243728718" />
    <nd ref="10965100048" />
    <nd ref="2149017027" />
    <nd ref="10965100049" />
    <nd ref="1852633402" />
    <nd ref="243728715" />
    <tag k="highway" v="tertiary" />
    <tag k="lanes" v="3" />
    <tag k="lanes:backward" v="2" />
    <tag k="lanes:forward" v="1" />
    <tag k="maxspeed" v="50" />
    <tag k="name" v="Haunwöhrer Straße" />
    <tag k="name:etymology:wikidata" v="Q1589390" />
    <tag k="psv" v="yes" />
    <tag k="ref" v="IN 15" />
    <tag k="smoothness" v="excellent" />
    <tag k="source" v="HiRes aerial imagery" />
    <tag k="surface" v="asphalt" />
    <tag k="turn:lanes:backward" v="left|through" />
  </way>
  <way id="1096976255">
    <nd ref="10044847793" />
    <nd ref="10044847794" />
    <tag k="highway" v="service" />
  </way>
  <way id="1098801492">
    <nd ref="2183111774" />
    <nd ref="10060756267" />
    <tag k="highway" v="footway" />
  </way>
  <way id="1112444433">
    <nd ref="10177801522" />
    <nd ref="10177801525" />
    <nd ref="10177801523" />
    <nd ref="4319249240" />
    <tag k="highway" v="footway" />
    <tag k="lit" v="yes" />
    <tag k="smoothness" v="excellent" />
    <tag k="surface" v="paving_stones" />
  </way>
  <way id="1112444434">
    <nd ref="4319249221" />
    <nd ref="10177801524" />
    <tag k="handrail" v="yes" />
    <tag k="highway" v="steps" />
    <tag k="incline" v="down" />
    <tag k="lit" v="yes" />
    <tag k="ramp" v="no" />
    <tag k="step_count" v="6" />
    <tag k="surface" v="paving_stones" />
    <tag k="tactile_paving" v="no" />
  </way>
  <way id="1112444435">
    <nd ref="10177801524" />
    <nd ref="10177801525" />
    <tag k="highway" v="footway" />
    <tag k="lit" v="yes" />
    <tag k="smoothness" v="excellent" />
    <tag k="surface" v="paving_stones" />
  </way>
  <way id="1112444436">
    <nd ref="10177801527" />
    <nd ref="10177801528" />
    <nd ref="10177801529" />
    <nd ref="10177801530" />
    <nd ref="10177801531" />
    <nd ref="10177801536" />
    <nd ref="10177801532" />
    <nd ref="10177801533" />
    <nd ref="10177801534" />
    <nd ref="10177801606" />
    <nd ref="10177801535" />
    <tag k="highway" v="footway" />
    <tag k="surface" v="asphalt" />
  </way>
  <way id="1112444437">
    <nd ref="10177801527" />
    <nd ref="10177801537" />
    <nd ref="10177801538" />
    <nd ref="10177801539" />
    <nd ref="10177801540" />
    <nd ref="10177801541" />
    <nd ref="10177801542" />
    <nd ref="10177801608" />
    <nd ref="10177801543" />
    <nd ref="10177801544" />
    <tag k="highway" v="cycleway" />
    <tag k="oneway" v="yes" />
    <tag k="surface" v="asphalt" />
  </way>
  <way id="1112444438">
    <nd ref="2337351259" />
    <nd ref="10177801526" />
    <nd ref="10177801527" />
    <tag k="footway" v="sidewalk" />
    <tag k="highway" v="footway" />
    <tag k="surface" v="paving_stones" />
  </way>
  <way id="1112444439">
    <nd ref="10177801545" />
    <nd ref="10177801546" />
    <nd ref="10177801547" />
    <nd ref="10177801548" />
    <nd ref="10177801549" />
    <nd ref="10177801550" />
    <nd ref="10177801551" />
    <nd ref="10177801552" />
    <nd ref="11179379573" />
    <nd ref="10177801558" />
    <tag k="footway" v="sidewalk" />
    <tag k="highway" v="footway" />
    <tag k="lit" v="yes" />
    <tag k="surface" v="paving_stones" />
  </way>
  <way id="1112444441">
    <nd ref="10177801558" />
    <nd ref="10177801559" />
    <nd ref="10177801560" />
    <nd ref="10177801561" />
    <nd ref="10177801562" />
    <nd ref="10177801579" />
    <nd ref="10177801578" />
    <nd ref="10177801563" />
    <nd ref="10177801564" />
    <nd ref="10177801565" />
    <nd ref="10177801566" />
    <nd ref="10177801567" />
    <nd ref="9236357002" />
    <nd ref="10177801568" />
    <nd ref="10177801569" />
    <nd ref="10177801570" />
    <nd ref="10177801571" />
    <nd ref="10177801572" />
    <nd ref="10177801573" />
    <nd ref="10177801574" />
    <nd ref="10177801575" />
    <nd ref="10177801576" />
    <nd ref="10177801580" />
    <tag k="footway" v="sidewalk" />
    <tag k="highway" v="footway" />
    <tag k="lit" v="yes" />
    <tag k="smoothness" v="excellent" />
    <tag k="surface" v="paving_stones" />
  </way>
  <way id="1112444442">
    <nd ref="10177801580" />
    <nd ref="10177801581" />
    <nd ref="10177801586" />
    <nd ref="10177801585" />
    <nd ref="10177801584" />
    <nd ref="10177801583" />
    <nd ref="10177801582" />
    <tag k="footway" v="sidewalk" />
    <tag k="highway" v="footway" />
    <tag k="surface" v="asphalt" />
  </way>
  <way id="1112444443">
    <nd ref="10177801588" />
    <nd ref="10177801589" />
    <nd ref="10177801590" />
    <nd ref="10177801591" />
    <nd ref="10177801592" />
    <nd ref="10177801603" />
    <nd ref="10177801593" />
    <nd ref="10177801594" />
    <nd ref="10177801595" />
    <nd ref="10177801596" />
    <nd ref="10177801597" />
    <nd ref="10177801602" />
    <nd ref="10177801601" />
    <nd ref="10177801600" />
    <nd ref="10177801599" />
    <nd ref="10177801598" />
    <tag k="footway" v="sidewalk" />
    <tag k="highway" v="footway" />
    <tag k="surface" v="paving_stones" />
  </way>
  <way id="1112444444">
    <nd ref="10177801580" />
    <nd ref="10177801577" />
    <nd ref="10177801596" />
    <tag k="crossing" v="unmarked" />
    <tag k="crossing:markings" v="no" />
    <tag k="footway" v="crossing" />
    <tag k="highway" v="footway" />
    <tag k="surface" v="asphalt" />
  </way>
  <way id="1112444446">
    <nd ref="2110354468" />
    <nd ref="10177801613" />
    <nd ref="10177801560" />
    <tag k="highway" v="footway" />
    <tag k="lit" v="yes" />
    <tag k="smoothness" v="excellent" />
    <tag k="surface" v="asphalt" />
  </way>
  <way id="1112444447">
    <nd ref="92629228" />
    <nd ref="10177801558" />
    <tag k="highway" v="cycleway" />
    <tag k="lit" v="yes" />
    <tag k="oneway" v="yes" />
    <tag k="smoothness" v="excellent" />
    <tag k="surface" v="paving_stones" />
  </way>
  <way id="1112444448">
    <nd ref="10177801558" />
    <nd ref="10177801607" />
    <nd ref="10177801608" />
    <nd ref="10177801606" />
    <tag k="highway" v="footway" />
    <tag k="lit" v="yes" />
    <tag k="smoothness" v="excellent" />
    <tag k="surface" v="asphalt" />
  </way>
  <way id="1112523708">
    <nd ref="7707167810" />
    <nd ref="10178518867" />
    <nd ref="10178518868" />
    <nd ref="10178518869" />
    <nd ref="10178518870" />
    <nd ref="10178518871" />
    <nd ref="10178518883" />
    <nd ref="10178518872" />
    <nd ref="10178518882" />
    <nd ref="10178518873" />
    <nd ref="10178518874" />
    <nd ref="10178518875" />
    <nd ref="10178518876" />
    <nd ref="10178518877" />
    <nd ref="10178518881" />
    <nd ref="10178518878" />
    <nd ref="10178518879" />
    <nd ref="10178518880" />
    <tag k="footway" v="sidewalk" />
    <tag k="highway" v="footway" />
  </way>
  <way id="1116605091">
    <nd ref="8259716095" />
    <nd ref="8259716094" />
    <tag k="highway" v="footway" />
    <tag k="surface" v="paving_stones" />
  </way>
  <way id="1128295273">
    <nd ref="10315383623" />
    <nd ref="10315383624" />
    <nd ref="8367710805" />
    <tag k="bicycle" v="yes" />
    <tag k="highway" v="pedestrian" />
    <tag k="surface" v="sett" />
  </way>
  <way id="1128296011">
    <nd ref="2183111789" />
    <nd ref="10315357435" />
    <tag k="highway" v="footway" />
  </way>
  <way id="1161152719">
    <nd ref="21532578" />
    <nd ref="3606201761" />
    <tag k="highway" v="primary" />
    <tag k="lanes" v="3" />
    <tag k="maxspeed" v="50" />
    <tag k="name" v="Südliche Ringstraße" />
    <tag k="oneway" v="yes" />
    <tag k="psv" v="yes" />
    <tag k="ref" v="B 13" />
    <tag k="surface" v="asphalt" />
  </way>
  <way id="1161175192">
    <nd ref="10800060411" />
    <nd ref="10800060423" />
    <nd ref="10800060413" />
    <nd ref="10800060412" />
    <tag k="highway" v="footway" />
  </way>
  <way id="1161175196">
    <nd ref="10800060422" />
    <nd ref="10800060423" />
    <tag k="highway" v="footway" />
  </way>
  <way id="1162261396">
    <nd ref="1835810453" />
    <nd ref="10809167604" />
    <nd ref="10809167605" />
    <nd ref="10809167606" />
    <tag k="highway" v="footway" />
  </way>
  <way id="1162261397">
    <nd ref="10809167607" />
    <nd ref="1835810482" />
    <tag k="highway" v="footway" />
  </way>
  <way id="1162261398">
    <nd ref="10809167608" />
    <nd ref="10809167609" />
    <nd ref="10809167610" />
    <tag k="highway" v="footway" />
  </way>
  <way id="1162261399">
    <nd ref="10809167611" />
    <nd ref="10809167612" />
    <tag k="highway" v="footway" />
  </way>
  <way id="1162261400">
    <nd ref="10809167613" />
    <nd ref="2183111798" />
    <tag k="highway" v="footway" />
  </way>
  <way id="1164257348">
    <nd ref="10827890119" />
    <nd ref="10798883267" />
    <tag k="highway" v="footway" />
  </way>
  <way id="1176634577">
    <nd ref="10931925467" />
    <nd ref="10931925466" />
    <nd ref="10931925465" />
    <nd ref="10931925464" />
    <tag k="access" v="private" />
    <tag k="highway" v="service" />
    <tag k="service" v="parking_aisle" />
    <tag k="surface" v="asphalt" />
  </way>
  <way id="1177241299">
    <nd ref="30965819" />
    <nd ref="8696687796" />
    <nd ref="2113748664" />
    <nd ref="434402258" />
    <tag k="bicycle" v="designated" />
    <tag k="cycleway" v="track" />
    <tag k="foot" v="designated" />
    <tag k="highway" v="tertiary" />
    <tag k="lanes" v="2" />
    <tag k="lanes:backward" v="1" />
    <tag k="lanes:forward" v="1" />
    <tag k="maxspeed" v="50" />
    <tag k="name" v="Asamstraße" />
    <tag k="psv" v="yes" />
    <tag k="ref" v="IN 13" />
    <tag k="smoothness" v="good" />
    <tag k="source" v="HiRes aerial imagery" />
    <tag k="surface" v="asphalt" />
  </way>
  <way id="1177241301">
    <nd ref="2112345924" />
    <nd ref="3659572631" />
    <nd ref="766009314" />
    <nd ref="1850082557" />
    <tag k="cycleway" v="track" />
    <tag k="highway" v="residential" />
    <tag k="lanes" v="2" />
    <tag k="lanes:backward" v="1" />
    <tag k="lanes:forward" v="1" />
    <tag k="lit" v="yes" />
    <tag k="maxspeed" v="50" />
    <tag k="maxspeed:type" v="DE:urban" />
    <tag k="name" v="Weningstraße" />
    <tag k="psv" v="yes" />
    <tag k="source" v="HiRes aerial imagery" />
    <tag k="surface" v="asphalt" />
  </way>
  <way id="1177241302">
    <nd ref="3830637557" />
    <nd ref="3828281623" />
    <tag k="access" v="destination" />
    <tag k="bicycle" v="yes" />
    <tag k="bicycle_road" v="yes" />
    <tag k="cycleway:left" v="track" />
    <tag k="highway" v="residential" />
    <tag k="lit" v="no" />
    <tag k="maxspeed" v="30" />
    <tag k="motor_vehicle" v="yes" />
    <tag k="name" v="Gustav-Adolf-Straße" />
    <tag k="psv" v="yes" />
    <tag k="sidewalk" v="both" />
    <tag k="source" v="HiRes aerial imagery" />
    <tag k="source:maxspeed" v="DE:bicycle_road" />
    <tag k="surface" v="asphalt" />
    <tag k="traffic_sign" v="DE:244.1" />
  </way>
  <way id="1177241303">
    <nd ref="3907456210" />
    <nd ref="3907456209" />
    <tag k="access" v="destination" />
    <tag k="bicycle" v="yes" />
    <tag k="bicycle_road" v="yes" />
    <tag k="cycleway:left" v="track" />
    <tag k="highway" v="residential" />
    <tag k="lit" v="no" />
    <tag k="maxspeed" v="30" />
    <tag k="motor_vehicle" v="yes" />
    <tag k="name" v="Gustav-Adolf-Straße" />
    <tag k="psv" v="yes" />
    <tag k="sidewalk" v="both" />
    <tag k="source" v="HiRes aerial imagery" />
    <tag k="source:maxspeed" v="DE:bicycle_road" />
    <tag k="surface" v="asphalt" />
    <tag k="traffic_sign" v="DE:244.1" />
  </way>
  <way id="1177241304">
    <nd ref="566266839" />
    <nd ref="3907456211" />
    <tag k="access" v="destination" />
    <tag k="bicycle" v="yes" />
    <tag k="bicycle_road" v="yes" />
    <tag k="cycleway:left" v="track" />
    <tag k="highway" v="residential" />
    <tag k="maxspeed" v="30" />
    <tag k="motor_vehicle" v="yes" />
    <tag k="name" v="Gustav-Adolf-Straße" />
    <tag k="psv" v="yes" />
    <tag k="source" v="HiRes aerial imagery" />
    <tag k="source:maxspeed" v="DE:bicycle_road" />
    <tag k="surface" v="asphalt" />
    <tag k="traffic_sign" v="DE:244.1" />
  </way>
  <way id="1177241305">
    <nd ref="2119037639" />
    <nd ref="2119018254" />
    <tag k="access" v="destination" />
    <tag k="bicycle" v="yes" />
    <tag k="bicycle_road" v="yes" />
    <tag k="cycleway:left" v="track" />
    <tag k="highway" v="residential" />
    <tag k="lit" v="yes" />
    <tag k="maxspeed" v="30" />
    <tag k="motor_vehicle" v="yes" />
    <tag k="name" v="Gustav-Adolf-Straße" />
    <tag k="psv" v="yes" />
    <tag k="source" v="HiRes aerial imagery" />
    <tag k="source:maxspeed" v="DE:bicycle_road" />
    <tag k="surface" v="asphalt" />
    <tag k="traffic_sign" v="DE:244.1" />
  </way>
  <way id="1177241306">
    <nd ref="2119018260" />
    <nd ref="8268444448" />
    <tag k="access" v="destination" />
    <tag k="bicycle" v="yes" />
    <tag k="bicycle_road" v="yes" />
    <tag k="cycleway:left" v="track" />
    <tag k="highway" v="residential" />
    <tag k="lit" v="yes" />
    <tag k="maxspeed" v="30" />
    <tag k="motor_vehicle" v="yes" />
    <tag k="name" v="Gustav-Adolf-Straße" />
    <tag k="psv" v="yes" />
    <tag k="source" v="HiRes aerial imagery" />
    <tag k="source:maxspeed" v="DE:bicycle_road" />
    <tag k="surface" v="asphalt" />
    <tag k="traffic_sign" v="DE:244.1" />
  </way>
  <way id="1177241307">
    <nd ref="289036652" />
    <nd ref="289036651" />
    <nd ref="2119018260" />
    <tag k="access" v="destination" />
    <tag k="bicycle" v="yes" />
    <tag k="bicycle_road" v="yes" />
    <tag k="cycleway:left" v="track" />
    <tag k="highway" v="residential" />
    <tag k="lit" v="yes" />
    <tag k="maxspeed" v="30" />
    <tag k="motor_vehicle" v="yes" />
    <tag k="name" v="Gustav-Adolf-Straße" />
    <tag k="psv" v="yes" />
    <tag k="source" v="HiRes aerial imagery" />
    <tag k="source:maxspeed" v="DE:bicycle_road" />
    <tag k="surface" v="asphalt" />
    <tag k="traffic_sign" v="DE:244.1" />
  </way>
  <way id="1179801836">
    <nd ref="8259716094" />
    <nd ref="11637463473" />
    <tag k="highway" v="footway" />
  </way>
  <way id="1180391888">
    <nd ref="10963023591" />
    <nd ref="89179992" />
    <tag k="highway" v="footway" />
    <tag k="surface" v="pebblestone" />
  </way>
  <way id="1180391889">
    <nd ref="9074461474" />
    <nd ref="9074461514" />
    <nd ref="9074461513" />
    <nd ref="9074461510" />
    <nd ref="9074461475" />
    <nd ref="9074461503" />
    <nd ref="9074461476" />
    <tag k="bicycle" v="yes" />
    <tag k="footway" v="sidewalk" />
    <tag k="highway" v="footway" />
  </way>
  <way id="1180627121">
    <nd ref="10965100051" />
    <nd ref="10965100052" />
    <nd ref="10965100053" />
    <nd ref="8233822403" />
    <nd ref="10965100054" />
    <nd ref="10965100068" />
    <nd ref="10965100055" />
    <nd ref="10965100056" />
    <nd ref="10965100070" />
    <nd ref="10965100057" />
    <nd ref="10965100058" />
    <nd ref="10965100059" />
    <nd ref="10965100060" />
    <nd ref="10965100061" />
    <nd ref="10965100062" />
    <nd ref="10965100063" />
    <nd ref="10965100064" />
    <nd ref="10965100071" />
    <nd ref="10965100069" />
    <nd ref="10965100067" />
    <nd ref="10965100065" />
    <nd ref="10965100066" />
    <nd ref="9177846690" />
    <tag k="bicycle" v="no" />
    <tag k="footway" v="sidewalk" />
    <tag k="highway" v="footway" />
  </way>
  <way id="1180627122">
    <nd ref="9177846694" />
    <nd ref="10965100072" />
    <nd ref="10965100073" />
    <nd ref="10965100074" />
    <nd ref="10965100075" />
    <nd ref="10965100076" />
    <nd ref="10965100077" />
    <nd ref="10965100078" />
    <nd ref="10965100079" />
    <nd ref="10965100080" />
    <nd ref="10965100081" />
    <nd ref="10965100082" />
    <nd ref="10965100083" />
    <nd ref="10965100084" />
    <nd ref="10965100085" />
    <nd ref="10965100086" />
    <nd ref="10965100087" />
    <nd ref="10965100088" />
    <nd ref="10965100089" />
    <nd ref="10965100090" />
    <nd ref="10965100091" />
    <nd ref="10965100092" />
    <nd ref="10965100093" />
    <nd ref="10965100094" />
    <nd ref="10965104908" />
    <nd ref="288515001" />
    <nd ref="288515004" />
    <nd ref="8107864761" />
    <nd ref="10965100096" />
    <nd ref="10965100095" />
    <tag k="footway" v="sidewalk" />
    <tag k="highway" v="footway" />
    <tag k="surface" v="paving_stones" />
  </way>
  <way id="1180627123">
    <nd ref="7707167844" />
    <nd ref="10965100097" />
    <nd ref="10965100098" />
    <nd ref="10965100099" />
    <nd ref="10965104905" />
    <nd ref="10965100100" />
    <nd ref="10965100101" />
    <nd ref="10965100102" />
    <nd ref="10965100103" />
    <nd ref="10965100104" />
    <nd ref="8233822412" />
    <nd ref="8233822413" />
    <nd ref="8233822388" />
    <nd ref="8233822389" />
    <nd ref="8233822387" />
    <nd ref="8233822386" />
    <nd ref="10965104906" />
    <nd ref="8233822374" />
    <nd ref="8233822373" />
    <nd ref="8233822372" />
    <nd ref="8233822371" />
    <nd ref="7707167837" />
    <tag k="bicycle" v="no" />
    <tag k="footway" v="sidewalk" />
    <tag k="highway" v="footway" />
    <tag k="surface" v="paving_stones" />
  </way>
  <way id="1180627124">
    <nd ref="305515157" />
    <nd ref="370771403" />
    <nd ref="1197349389" />
    <tag k="bicycle" v="designated" />
    <tag k="foot" v="designated" />
    <tag k="footway" v="sidewalk" />
    <tag k="highway" v="footway" />
    <tag k="oneway:bicycle" v="yes" />
    <tag k="segregated" v="no" />
    <tag k="surface" v="asphalt" />
    <tag k="width" v="2" />
  </way>
  <way id="1180627126">
    <nd ref="7711448463" />
    <nd ref="7711448469" />
    <nd ref="9581534399" />
    <nd ref="8233822360" />
    <nd ref="9581534412" />
    <nd ref="9581534411" />
    <tag k="highway" v="footway" />
  </way>
  <way id="1180627127">
    <nd ref="10965100090" />
    <nd ref="9071542862" />
    <nd ref="10965100103" />
    <tag k="crossing" v="unmarked" />
    <tag k="crossing:markings" v="no" />
    <tag k="footway" v="crossing" />
    <tag k="highway" v="footway" />
    <tag k="surface" v="asphalt" />
  </way>
  <way id="1180627128">
    <nd ref="10965100059" />
    <nd ref="10965104907" />
    <nd ref="10965100079" />
    <tag k="crossing" v="unmarked" />
    <tag k="crossing:markings" v="no" />
    <tag k="footway" v="crossing" />
    <tag k="highway" v="footway" />
  </way>
  <way id="1180627129">
    <nd ref="252122443" />
    <nd ref="5298901681" />
    <nd ref="1852651009" />
    <nd ref="5298901514" />
    <nd ref="1852651011" />
    <nd ref="266355457" />
    <tag k="highway" v="tertiary" />
    <tag k="lanes" v="2" />
    <tag k="lit" v="yes" />
    <tag k="maxspeed" v="50" />
    <tag k="name" v="Am Pulverl" />
    <tag k="psv" v="yes" />
    <tag k="source" v="HiRes aerial imagery" />
    <tag k="surface" v="asphalt" />
  </way>
  <way id="1180627130">
    <nd ref="8262055143" />
    <nd ref="8232707643" />
    <nd ref="8232707645" />
    <nd ref="8232707647" />
    <nd ref="8232707644" />
    <nd ref="10965104915" />
    <nd ref="8232707646" />
    <nd ref="10965104914" />
    <nd ref="10965104911" />
    <nd ref="10965104912" />
    <nd ref="10965104916" />
    <nd ref="10965104913" />
    <tag k="footway" v="sidewalk" />
    <tag k="highway" v="footway" />
  </way>
  <way id="1181966664">
    <nd ref="1496557364" />
    <nd ref="1496557355" />
    <nd ref="1496557354" />
    <tag k="highway" v="footway" />
    <tag k="lit" v="yes" />
    <tag k="smoothness" v="excellent" />
    <tag k="source" v="HiRes aerial imagery" />
    <tag k="surface" v="paving_stones" />
  </way>
  <way id="1181966666">
    <nd ref="10976283184" />
    <nd ref="10976283183" />
    <nd ref="10177801605" />
    <nd ref="10976283182" />
    <nd ref="4319249240" />
    <tag k="highway" v="footway" />
    <tag k="lit" v="yes" />
    <tag k="smoothness" v="excellent" />
    <tag k="surface" v="paving_stones" />
    <tag k="wheelchair" v="yes" />
  </way>
  <way id="1181966667">
    <nd ref="2110354477" />
    <nd ref="4344409040" />
    <nd ref="4344409039" />
    <nd ref="2110354479" />
    <nd ref="10976283187" />
    <nd ref="10976283185" />
    <nd ref="2110354477" />
    <tag k="area" v="yes" />
    <tag k="bench" v="yes" />
    <tag k="bin" v="yes" />
    <tag k="bus" v="yes" />
    <tag k="highway" v="platform" />
    <tag k="kerb" v="raised" />
    <tag k="kerb:height" v="0.22" />
    <tag k="lit" v="yes" />
    <tag k="name" v="Ingolstadt, Hauptbahnhof" />
    <tag k="network" v="Verkehrsverbund Großraum Ingolstadt" />
    <tag k="network:guid" v="DE-BY-VGI" />
    <tag k="network:short" v="VGI" />
    <tag k="network:wikidata" v="Q99937594" />
    <tag k="network:wikipedia" v="de:Verkehrsverbund Großraum Ingolstadt" />
    <tag k="operator" v="Verkehrsverbund Großraum Ingolstadt" />
    <tag k="operator:short" v="VGI" />
    <tag k="operator:wikidata" v="Q99937594" />
    <tag k="operator:wikipedia" v="de:Verkehrsverbund Großraum Ingolstadt" />
    <tag k="public_transport" v="platform" />
    <tag k="ref" v="2" />
    <tag k="ref:IFOPT" v="de:09161:9000:2:4" />
    <tag k="shelter" v="yes" />
    <tag k="tactile_paving" v="yes" />
    <tag k="website" v="https://www.vgi.de/start_de" />
  </way>
  <way id="1181966669">
    <nd ref="10177801579" />
    <nd ref="4344409036" />
    <nd ref="1496557354" />
    <tag k="highway" v="footway" />
    <tag k="lit" v="yes" />
    <tag k="smoothness" v="excellent" />
    <tag k="surface" v="paving_stones" />
  </way>
  <way id="1181966670">
    <nd ref="4319249229" />
    <nd ref="10177801604" />
    <nd ref="4319249240" />
    <nd ref="1826298923" />
    <tag k="highway" v="footway" />
    <tag k="lit" v="yes" />
    <tag k="smoothness" v="excellent" />
    <tag k="surface" v="paving_stones" />
  </way>
  <way id="1181966671">
    <nd ref="2110354470" />
    <nd ref="10976283184" />
    <nd ref="4344409038" />
    <nd ref="4344409040" />
    <nd ref="4344409039" />
    <nd ref="2110354479" />
    <tag k="highway" v="footway" />
    <tag k="lit" v="yes" />
    <tag k="smoothness" v="excellent" />
    <tag k="surface" v="paving_stones" />
    <tag k="wheelchair" v="yes" />
  </way>
  <way id="1181988794">
    <nd ref="2907284822" />
    <nd ref="291616008" />
    <nd ref="10976514721" />
    <nd ref="2121404518" />
    <tag k="bicycle" v="yes" />
    <tag k="foot" v="yes" />
    <tag k="highway" v="footway" />
    <tag k="level" v="0" />
    <tag k="lit" v="yes" />
    <tag k="smoothness" v="excellent" />
    <tag k="surface" v="paving_stones" />
    <tag k="wheelchair" v="yes" />
  </way>
  <way id="1181988795">
    <nd ref="2907284821" />
    <nd ref="10976514723" />
    <tag k="highway" v="footway" />
    <tag k="surface" v="paving_stones" />
    <tag k="wheelchair" v="yes" />
  </way>
  <way id="1181988796">
    <nd ref="10976514723" />
    <nd ref="10976514721" />
    <tag k="highway" v="footway" />
    <tag k="surface" v="paving_stones" />
    <tag k="wheelchair" v="yes" />
  </way>
  <way id="1182767731">
    <nd ref="2232081005" />
    <nd ref="12138601303" />
    <nd ref="1834159697" />
    <tag k="highway" v="footway" />
    <tag k="level" v="0" />
    <tag k="surface" v="asphalt" />
  </way>
  <way id="1182767732">
    <nd ref="1315532881" />
    <nd ref="8252184255" />
    <tag k="bicycle" v="designated" />
    <tag k="foot" v="designated" />
    <tag k="footway" v="sidewalk" />
    <tag k="highway" v="footway" />
    <tag k="segregated" v="no" />
    <tag k="surface" v="asphalt" />
  </way>
  <way id="1182767733">
    <nd ref="10177801582" />
    <nd ref="975729492" />
    <tag k="bicycle" v="designated" />
    <tag k="cycleway:surface" v="asphalt" />
    <tag k="foot" v="designated" />
    <tag k="footway" v="sidewalk" />
    <tag k="footway:surface" v="paving_stones" />
    <tag k="highway" v="footway" />
    <tag k="segregated" v="yes" />
    <tag k="source" v="HiRes aerial imagery" />
    <tag k="surface" v="paved" />
  </way>
  <way id="1182767734">
    <nd ref="10177801588" />
    <nd ref="975729481" />
    <nd ref="10177801582" />
    <tag k="bicycle" v="designated" />
    <tag k="crossing" v="unmarked" />
    <tag k="crossing:markings" v="no" />
    <tag k="cycleway:surface" v="asphalt" />
    <tag k="foot" v="designated" />
    <tag k="footway" v="crossing" />
    <tag k="footway:surface" v="asphalt" />
    <tag k="highway" v="footway" />
    <tag k="segregated" v="yes" />
    <tag k="source" v="HiRes aerial imagery" />
    <tag k="surface" v="asphalt" />
  </way>
  <way id="1182767735">
    <nd ref="10983036745" />
    <nd ref="3828188278" />
    <nd ref="7728087382" />
    <nd ref="2276828218" />
    <nd ref="8252184250" />
    <nd ref="8252184249" />
    <nd ref="2276828217" />
    <nd ref="2287775633" />
    <nd ref="2276828214" />
    <nd ref="2276828213" />
    <nd ref="2276828212" />
    <nd ref="2287775632" />
    <nd ref="1315532869" />
    <nd ref="2287775631" />
    <nd ref="2276828211" />
    <nd ref="2276828210" />
    <nd ref="2337351260" />
    <tag k="bicycle" v="designated" />
    <tag k="cycleway:surface" v="asphalt" />
    <tag k="foot" v="designated" />
    <tag k="footway" v="sidewalk" />
    <tag k="footway:surface" v="paving_stones" />
    <tag k="highway" v="footway" />
    <tag k="oneway:bicycle" v="yes" />
    <tag k="segregated" v="yes" />
    <tag k="surface" v="paved" />
    <tag k="width" v="2" />
  </way>
  <way id="1182767736">
    <nd ref="10983036746" />
    <nd ref="2276828220" />
    <nd ref="10983036745" />
    <tag k="bicycle" v="designated" />
    <tag k="crossing" v="unmarked" />
    <tag k="crossing:markings" v="no" />
    <tag k="foot" v="designated" />
    <tag k="footway" v="crossing" />
    <tag k="highway" v="footway" />
    <tag k="oneway:bicycle" v="yes" />
    <tag k="segregated" v="yes" />
    <tag k="surface" v="asphalt" />
    <tag k="width" v="2" />
  </way>
  <way id="1182767737">
    <nd ref="1315532870" />
    <nd ref="472439058" />
    <tag k="bicycle" v="designated" />
    <tag k="foot" v="designated" />
    <tag k="highway" v="cycleway" />
    <tag k="oneway" v="yes" />
    <tag k="oneway:bicycle" v="yes" />
    <tag k="segregated" v="no" />
    <tag k="surface" v="asphalt" />
  </way>
  <way id="1182767738">
    <nd ref="9581534407" />
    <nd ref="12815137478" />
    <nd ref="12815137477" />
    <nd ref="10983036747" />
    <tag k="bicycle" v="designated" />
    <tag k="cycleway:surface" v="asphalt" />
    <tag k="foot" v="designated" />
    <tag k="footway" v="sidewalk" />
    <tag k="footway:surface" v="paving_stones" />
    <tag k="highway" v="footway" />
    <tag k="oneway:bicycle" v="yes" />
    <tag k="segregated" v="yes" />
    <tag k="surface" v="paved" />
    <tag k="width" v="2" />
  </way>
  <way id="1182767739">
    <nd ref="10983036747" />
    <nd ref="2276828227" />
    <nd ref="2287775637" />
    <tag k="bicycle" v="designated" />
    <tag k="crossing" v="unmarked" />
    <tag k="crossing:markings" v="no" />
    <tag k="foot" v="designated" />
    <tag k="footway" v="crossing" />
    <tag k="highway" v="footway" />
    <tag k="oneway:bicycle" v="yes" />
    <tag k="segregated" v="yes" />
    <tag k="surface" v="asphalt" />
    <tag k="width" v="2" />
  </way>
  <way id="1182767740">
    <nd ref="10983036749" />
    <nd ref="2276828222" />
    <nd ref="2276828221" />
    <nd ref="7529847816" />
    <nd ref="2287775634" />
    <nd ref="10983036746" />
    <tag k="bicycle" v="designated" />
    <tag k="foot" v="designated" />
    <tag k="footway" v="sidewalk" />
    <tag k="highway" v="footway" />
    <tag k="oneway:bicycle" v="yes" />
    <tag k="segregated" v="yes" />
    <tag k="surface" v="asphalt" />
    <tag k="width" v="2" />
  </way>
  <way id="1182767741">
    <nd ref="10983036748" />
    <nd ref="2276828223" />
    <nd ref="10983036749" />
    <tag k="bicycle" v="designated" />
    <tag k="crossing" v="unmarked" />
    <tag k="crossing:markings" v="no" />
    <tag k="foot" v="designated" />
    <tag k="footway" v="crossing" />
    <tag k="highway" v="footway" />
    <tag k="oneway:bicycle" v="yes" />
    <tag k="segregated" v="yes" />
    <tag k="surface" v="asphalt" />
    <tag k="width" v="2" />
  </way>
  <way id="1190019645">
    <nd ref="7869360562" />
    <nd ref="11049716161" />
    <nd ref="11049716162" />
    <nd ref="11488849780" />
    <nd ref="11488849781" />
    <nd ref="11049716138" />
    <nd ref="11488849777" />
    <nd ref="11049716137" />
    <nd ref="11488849778" />
    <nd ref="11488849779" />
    <nd ref="11049716158" />
    <nd ref="1443568610" />
    <nd ref="11049716159" />
    <nd ref="11049716134" />
    <nd ref="11488849775" />
    <nd ref="11488849774" />
    <nd ref="11049716133" />
    <nd ref="11488849776" />
    <nd ref="11049716160" />
    <nd ref="1442150022" />
    <nd ref="9316503766" />
    <nd ref="9316503765" />
    <nd ref="9316503764" />
    <nd ref="9316503763" />
    <nd ref="11049716145" />
    <nd ref="11488534967" />
    <nd ref="11049716144" />
    <nd ref="11488534966" />
    <nd ref="11049716143" />
    <nd ref="11488534968" />
    <nd ref="11049716142" />
    <nd ref="365519756" />
    <nd ref="9316503756" />
    <nd ref="9316503757" />
    <nd ref="9316503758" />
    <nd ref="9316503759" />
    <nd ref="8165740374" />
    <nd ref="8165740373" />
    <nd ref="8165740372" />
    <nd ref="8165740371" />
    <nd ref="8165740370" />
    <nd ref="8165740369" />
    <nd ref="8165740368" />
    <nd ref="11049716181" />
    <nd ref="1442150015" />
    <nd ref="7869389998" />
    <nd ref="7869389997" />
    <nd ref="7869389996" />
    <nd ref="7869389995" />
    <nd ref="11049716155" />
    <nd ref="11488849770" />
    <nd ref="11049716141" />
    <nd ref="11488849773" />
    <nd ref="11488849769" />
    <nd ref="11488849772" />
    <nd ref="11049716152" />
    <nd ref="11488849771" />
    <nd ref="11049716156" />
    <nd ref="11049716157" />
    <nd ref="7869360562" />
    <tag k="area" v="yes" />
    <tag k="highway" v="yes" />
    <tag k="junction" v="yes" />
  </way>
  <way id="1190019649">
    <nd ref="8165740354" />
    <nd ref="9438043386" />
    <nd ref="11049716166" />
    <nd ref="365519754" />
    <nd ref="11049716163" />
    <nd ref="8165740356" />
    <nd ref="8165740358" />
    <nd ref="8165740359" />
    <nd ref="8165740360" />
    <nd ref="8165740361" />
    <nd ref="8165740362" />
    <nd ref="8165740363" />
    <nd ref="7869390000" />
    <nd ref="7869389988" />
    <nd ref="11049716176" />
    <nd ref="7869389989" />
    <nd ref="11049716175" />
    <nd ref="7869389990" />
    <nd ref="11488534965" />
    <nd ref="11049716167" />
    <nd ref="11049716168" />
    <nd ref="11049716170" />
    <nd ref="11049716180" />
    <nd ref="11049716179" />
    <nd ref="11049716169" />
    <nd ref="11049716178" />
    <nd ref="11049716174" />
    <nd ref="1444117769" />
    <nd ref="1834131505" />
    <nd ref="11049716165" />
    <nd ref="11049716164" />
    <nd ref="279548757" />
    <nd ref="8165740346" />
    <nd ref="8165740347" />
    <nd ref="8165740348" />
    <nd ref="8165740349" />
    <nd ref="8165740350" />
    <nd ref="8165740351" />
    <nd ref="8165740352" />
    <nd ref="8165740353" />
    <nd ref="8165740354" />
    <tag k="area" v="yes" />
    <tag k="highway" v="yes" />
    <tag k="junction" v="yes" />
  </way>
  <way id="1190455038">
    <nd ref="5298901520" />
    <nd ref="11053593780" />
    <nd ref="11053593779" />
    <tag k="highway" v="service" />
    <tag k="service" v="driveway" />
  </way>
  <way id="1190455039">
    <nd ref="11053593781" />
    <nd ref="11053593783" />
    <nd ref="11053593782" />
    <tag k="highway" v="service" />
    <tag k="service" v="driveway" />
  </way>
  <way id="1190455040">
    <nd ref="11053593784" />
    <nd ref="11053593785" />
    <nd ref="5298901519" />
    <tag k="highway" v="service" />
    <tag k="service" v="driveway" />
  </way>
  <way id="1190455048">
    <nd ref="11053607805" />
    <nd ref="9863707485" />
    <nd ref="5298901518" />
    <tag k="highway" v="service" />
    <tag k="service" v="driveway" />
  </way>
  <way id="1190455049">
    <nd ref="11053607806" />
    <nd ref="11053607808" />
    <nd ref="11053607807" />
    <tag k="highway" v="service" />
    <tag k="service" v="driveway" />
  </way>
  <way id="1190455050">
    <nd ref="288568845" />
    <nd ref="11053607809" />
    <tag k="access" v="no" />
    <tag k="bicycle" v="yes" />
    <tag k="foot" v="yes" />
    <tag k="highway" v="path" />
    <tag k="maxspeed" v="10" />
    <tag k="name" v="Haunwöhrer Straße" />
    <tag k="name:etymology:wikidata" v="Q1589390" />
    <tag k="noexit" v="yes" />
    <tag k="oneway" v="no" />
    <tag k="segregated" v="yes" />
    <tag k="source" v="HiRes aerial imagery" />
    <tag k="surface" v="asphalt" />
  </way>
  <way id="1191224336">
    <nd ref="11059358441" />
    <nd ref="11059358444" />
    <nd ref="11059358442" />
    <tag k="highway" v="service" />
    <tag k="service" v="driveway" />
  </way>
  <way id="1191224349">
    <nd ref="11059358476" />
    <nd ref="11059358477" />
    <nd ref="11059358478" />
    <tag k="highway" v="footway" />
  </way>
  <way id="1191601581">
    <nd ref="378103858" />
    <nd ref="7651645098" />
    <nd ref="7651645099" />
    <nd ref="7651645100" />
    <nd ref="7651645101" />
    <nd ref="7651645102" />
    <nd ref="7651645103" />
    <nd ref="8492096202" />
    <nd ref="11063281295" />
    <nd ref="1833941692" />
    <nd ref="295598606" />
    <nd ref="295598595" />
    <nd ref="7627056307" />
    <nd ref="1079366051" />
    <nd ref="11063281296" />
    <nd ref="378103842" />
    <nd ref="378103858" />
    <tag k="area" v="yes" />
    <tag k="highway" v="yes" />
    <tag k="junction" v="yes" />
  </way>
  <way id="1191601582">
    <nd ref="7627056303" />
    <nd ref="295598578" />
    <nd ref="11063281299" />
    <nd ref="7627056304" />
    <nd ref="376584026" />
    <nd ref="7628227660" />
    <nd ref="11063281300" />
    <nd ref="11063281301" />
    <nd ref="11063336708" />
    <nd ref="11063336709" />
    <nd ref="11063336713" />
    <nd ref="11063336712" />
    <nd ref="11063336711" />
    <nd ref="11063336710" />
    <nd ref="8234502098" />
    <nd ref="1833941696" />
    <nd ref="11063281304" />
    <nd ref="11063336705" />
    <nd ref="11063336706" />
    <nd ref="11063336707" />
    <nd ref="11063281303" />
    <nd ref="11063281302" />
    <nd ref="7627056303" />
    <tag k="area" v="yes" />
    <tag k="highway" v="yes" />
    <tag k="junction" v="yes" />
  </way>
  <way id="1197271374">
    <nd ref="8233822375" />
    <nd ref="11109075056" />
    <nd ref="8233822377" />
    <nd ref="11109075055" />
    <nd ref="11109075058" />
    <nd ref="470506727" />
    <nd ref="11109075057" />
    <nd ref="11109075060" />
    <nd ref="11109075061" />
    <nd ref="11109075063" />
    <nd ref="7628564002" />
    <nd ref="11109075062" />
    <nd ref="11109075059" />
    <nd ref="7628563996" />
    <nd ref="7707167825" />
    <nd ref="11109075064" />
    <nd ref="7628564001" />
    <nd ref="11109075065" />
    <nd ref="11109075066" />
    <nd ref="11109075067" />
    <nd ref="9594240013" />
    <nd ref="7869389993" />
    <nd ref="11109075053" />
    <nd ref="11109075054" />
    <nd ref="11109075041" />
    <nd ref="11049716189" />
    <nd ref="8233822375" />
    <tag k="area" v="yes" />
    <tag k="highway" v="yes" />
    <tag k="junction" v="yes" />
  </way>
  <way id="1198096554">
    <nd ref="1834131479" />
    <nd ref="1834131480" />
    <tag k="highway" v="primary" />
    <tag k="lanes" v="2" />
    <tag k="maxspeed" v="50" />
    <tag k="name" v="Münchener Straße" />
    <tag k="name:etymology:wikidata" v="Q1726" />
    <tag k="oneway" v="yes" />
    <tag k="psv" v="yes" />
    <tag k="ref" v="B 13" />
    <tag k="sidewalk:left" v="no" />
    <tag k="sidewalk:right" v="separate" />
    <tag k="source" v="HiRes aerial imagery" />
    <tag k="surface" v="asphalt" />
  </way>
  <way id="1203293860">
    <nd ref="11154478806" />
    <nd ref="11154478805" />
    <nd ref="11154434004" />
    <tag k="highway" v="track" />
    <tag k="source" v="bing; estimate; extrapolate; survey" />
  </way>
  <way id="1203293861">
    <nd ref="11154478808" />
    <nd ref="2267144294" />
    <nd ref="2264641006" />
    <tag k="highway" v="service" />
    <tag k="surface" v="asphalt" />
  </way>
  <way id="1203293862">
    <nd ref="7629367861" />
    <nd ref="11154478807" />
    <tag k="highway" v="service" />
    <tag k="surface" v="asphalt" />
  </way>
  <way id="1203541489">
    <nd ref="250711655" />
    <nd ref="7707167785" />
    <nd ref="8944718689" />
    <nd ref="1852633395" />
    <nd ref="8944718690" />
    <nd ref="1852633393" />
    <nd ref="363427680" />
    <nd ref="2149016920" />
    <nd ref="2148748416" />
    <nd ref="2149016907" />
    <nd ref="250711656" />
    <tag k="highway" v="residential" />
    <tag k="lanes" v="2" />
    <tag k="lanes:backward" v="1" />
    <tag k="lanes:forward" v="1" />
    <tag k="maxspeed" v="30" />
    <tag k="name" v="Spitalhofstraße" />
    <tag k="psv" v="yes" />
    <tag k="source" v="HiRes aerial imagery" />
    <tag k="temporary:access" v="no @ (2023 Sep 04 - 2023 Sep 08)" />
    <tag k="temporary:construction" v="yes @ (2023 Sep 04 - 2023 Sep 08)" />
  </way>
  <way id="1204650385">
    <nd ref="1544146550" />
    <nd ref="12006658574" />
    <nd ref="25633363" />
    <tag k="highway" v="primary" />
    <tag k="lanes" v="3" />
    <tag k="maxspeed" v="50" />
    <tag k="name" v="Südliche Ringstraße" />
    <tag k="oneway" v="yes" />
    <tag k="psv" v="yes" />
    <tag k="ref" v="B 13" />
    <tag k="surface" v="asphalt" />
    <tag k="turn:lanes:forward" v="left|through|through;right" />
  </way>
  <way id="1206461065">
    <nd ref="11179379571" />
    <nd ref="11179379573" />
    <nd ref="11179379572" />
    <tag k="highway" v="service" />
    <tag k="service" v="driveway" />
  </way>
  <way id="1216582553">
    <nd ref="1659885575" />
    <nd ref="273982466" />
    <nd ref="1637088021" />
    <nd ref="7680760808" />
    <nd ref="273982464" />
    <tag k="highway" v="residential" />
    <tag k="maxspeed" v="30" />
    <tag k="name" v="Wrangelstraße" />
    <tag k="oneway" v="yes" />
    <tag k="psv" v="no" />
    <tag k="source" v="HiRes aerial imagery" />
  </way>
  <way id="1216582554">
    <nd ref="273982464" />
    <nd ref="1852633318" />
    <tag k="highway" v="tertiary" />
    <tag k="lanes" v="2" />
    <tag k="lit" v="yes" />
    <tag k="maxspeed" v="50" />
    <tag k="maxspeed:conditional" v="30 @ (Mo-Fr 07:00-18:00)" />
    <tag k="name" v="Maximilianstraße" />
    <tag k="psv" v="yes" />
    <tag k="source" v="HiRes aerial imagery" />
    <tag k="surface" v="asphalt" />
  </way>
  <way id="1222076600">
    <nd ref="1850082557" />
    <nd ref="11630879010" />
    <nd ref="9074461439" />
    <nd ref="9074461438" />
    <tag k="cycleway" v="track" />
    <tag k="highway" v="residential" />
    <tag k="lanes" v="3" />
    <tag k="lanes:backward" v="1" />
    <tag k="lanes:forward" v="2" />
    <tag k="lit" v="yes" />
    <tag k="maxspeed" v="50" />
    <tag k="maxspeed:type" v="DE:urban" />
    <tag k="name" v="Weningstraße" />
    <tag k="psv" v="yes" />
    <tag k="source" v="HiRes aerial imagery" />
    <tag k="surface" v="asphalt" />
    <tag k="turn:lanes:forward" v="left|through;right" />
  </way>
  <way id="1226669870">
    <nd ref="11374957106" />
    <nd ref="11374957108" />
    <nd ref="11374957107" />
    <tag k="highway" v="service" />
  </way>
  <way id="1226669871">
    <nd ref="7707167895" />
    <nd ref="11374957109" />
    <nd ref="8093337438" />
    <tag k="highway" v="service" />
  </way>
  <way id="1236601334">
    <nd ref="11482799371" />
    <nd ref="11482799370" />
    <tag k="highway" v="footway" />
    <tag k="wheelchair" v="yes" />
  </way>
  <way id="1241576652">
    <nd ref="2129028100" />
    <nd ref="9581537622" />
    <nd ref="11536250141" />
    <tag k="highway" v="service" />
  </way>
  <way id="1241920187">
    <nd ref="11539747055" />
    <nd ref="11539747056" />
    <tag k="highway" v="service" />
  </way>
  <way id="1251945011">
    <nd ref="11637457105" />
    <nd ref="11637457106" />
    <nd ref="11637457107" />
    <nd ref="11637457109" />
    <nd ref="11637457108" />
    <nd ref="8555924721" />
    <tag k="bicycle" v="yes" />
    <tag k="foot" v="no" />
    <tag k="highway" v="cycleway" />
    <tag k="oneway" v="yes" />
  </way>
  <way id="1251945012">
    <nd ref="9074483643" />
    <nd ref="9074483644" />
    <nd ref="9074483645" />
    <nd ref="9074483646" />
    <nd ref="9074483647" />
    <nd ref="9074483648" />
    <nd ref="9074483649" />
    <tag k="bicycle" v="no" />
    <tag k="footway" v="sidewalk" />
    <tag k="highway" v="footway" />
  </way>
  <way id="1251945013">
    <nd ref="11637457105" />
    <nd ref="11637457111" />
    <tag k="bicycle" v="no" />
    <tag k="footway" v="sidewalk" />
    <tag k="highway" v="footway" />
    <tag k="surface" v="paving_stones" />
  </way>
  <way id="1251945014">
    <nd ref="11637457111" />
    <nd ref="9074483654" />
    <nd ref="11637457110" />
    <tag k="bicycle" v="no" />
    <tag k="crossing" v="uncontrolled" />
    <tag k="crossing:markings" v="yes" />
    <tag k="footway" v="crossing" />
    <tag k="highway" v="footway" />
  </way>
  <way id="1251945015">
    <nd ref="11637457110" />
    <nd ref="11637457112" />
    <nd ref="11637457113" />
    <nd ref="11637457114" />
    <nd ref="11637457115" />
    <nd ref="11637457116" />
    <nd ref="11637457117" />
    <nd ref="11637457118" />
    <nd ref="11637457119" />
    <nd ref="11637457120" />
    <nd ref="11637457121" />
    <nd ref="12386615539" />
    <nd ref="12386615523" />
    <nd ref="12386615526" />
    <nd ref="11637463517" />
    <nd ref="11637457122" />
    <nd ref="11637457123" />
    <nd ref="12386615567" />
    <nd ref="11637457124" />
    <nd ref="11637457125" />
    <nd ref="12386616022" />
    <nd ref="11637457126" />
    <nd ref="11637457127" />
    <nd ref="11637457128" />
    <nd ref="11637457129" />
    <nd ref="11637457130" />
    <nd ref="9074483642" />
    <tag k="footway" v="sidewalk" />
    <tag k="highway" v="footway" />
    <tag k="surface" v="paving_stones" />
  </way>
  <way id="1251945016">
    <nd ref="11637457125" />
    <nd ref="9290804227" />
    <nd ref="11637457131" />
    <tag k="crossing" v="uncontrolled" />
    <tag k="crossing:markings" v="yes" />
    <tag k="footway" v="crossing" />
    <tag k="highway" v="footway" />
  </way>
  <way id="1251945017">
    <nd ref="11637457110" />
    <nd ref="9074483637" />
    <nd ref="9074483638" />
    <nd ref="12386616029" />
    <nd ref="9074483639" />
    <nd ref="9074483640" />
    <nd ref="12386616031" />
    <nd ref="12386615532" />
    <nd ref="9074483641" />
    <nd ref="12386615550" />
    <nd ref="9074483642" />
    <tag k="bicycle" v="no" />
    <tag k="footway" v="sidewalk" />
    <tag k="highway" v="footway" />
  </way>
  <way id="1251945018">
    <nd ref="9074483642" />
    <nd ref="9074483655" />
    <nd ref="11637457133" />
    <nd ref="9074483643" />
    <tag k="bicycle" v="no" />
    <tag k="crossing" v="uncontrolled" />
    <tag k="crossing:markings" v="yes" />
    <tag k="footway" v="crossing" />
    <tag k="highway" v="footway" />
    <tag k="surface" v="asphalt" />
  </way>
  <way id="1251945019">
    <nd ref="11637457131" />
    <nd ref="11637457134" />
    <nd ref="11637457135" />
    <nd ref="11637457136" />
    <nd ref="11637457137" />
    <nd ref="9074483643" />
    <tag k="footway" v="sidewalk" />
    <tag k="highway" v="footway" />
    <tag k="surface" v="paving_stones" />
  </way>
  <way id="1251945020">
    <nd ref="11637457124" />
    <nd ref="11637463518" />
    <nd ref="11637457138" />
    <tag k="crossing" v="unmarked" />
    <tag k="crossing:markings" v="no" />
    <tag k="footway" v="crossing" />
    <tag k="highway" v="footway" />
  </way>
  <way id="1251945021">
    <nd ref="11637457111" />
    <nd ref="11637457139" />
    <nd ref="11637457140" />
    <nd ref="11637457141" />
    <nd ref="11637463519" />
    <nd ref="11637457142" />
    <nd ref="11637457143" />
    <nd ref="11637457144" />
    <nd ref="11637457145" />
    <tag k="footway" v="sidewalk" />
    <tag k="highway" v="footway" />
    <tag k="surface" v="paving_stones" />
  </way>
  <way id="1251945022">
    <nd ref="11637457146" />
    <nd ref="11637457147" />
    <nd ref="11637457148" />
    <nd ref="11637457149" />
    <nd ref="11637457150" />
    <nd ref="11637457138" />
    <nd ref="11637457151" />
    <nd ref="11637457152" />
    <nd ref="11637457153" />
    <nd ref="11637463505" />
    <nd ref="11637457154" />
    <nd ref="11637463504" />
    <nd ref="11637457155" />
    <nd ref="11637457156" />
    <nd ref="11637457157" />
    <nd ref="11637463474" />
    <nd ref="11637457158" />
    <nd ref="11637463473" />
    <nd ref="11637457159" />
    <nd ref="11637457160" />
    <nd ref="11637457161" />
    <nd ref="11637457162" />
    <nd ref="11637457163" />
    <nd ref="8259716095" />
    <nd ref="11637457164" />
    <nd ref="11637457165" />
    <nd ref="8259716087" />
    <nd ref="8259716088" />
    <nd ref="11637457166" />
    <nd ref="11637457167" />
    <nd ref="11637457168" />
    <nd ref="11637463469" />
    <nd ref="11637463470" />
    <nd ref="11637463471" />
    <nd ref="11637463472" />
    <tag k="footway" v="sidewalk" />
    <tag k="highway" v="footway" />
    <tag k="layer" v="1" />
    <tag k="surface" v="asphalt" />
  </way>
  <way id="1251945023">
    <nd ref="11637463475" />
    <nd ref="11637463476" />
    <nd ref="11637463477" />
    <nd ref="11637463478" />
    <nd ref="11637463479" />
    <nd ref="11637463480" />
    <nd ref="11637463481" />
    <nd ref="11637463482" />
    <nd ref="11637463483" />
    <nd ref="11637463484" />
    <nd ref="11637463485" />
    <nd ref="11637463486" />
    <nd ref="11637463487" />
    <nd ref="11637463488" />
    <nd ref="11637463489" />
    <nd ref="11637463490" />
    <nd ref="11637463491" />
    <nd ref="11637457131" />
    <tag k="footway" v="sidewalk" />
    <tag k="highway" v="footway" />
  </way>
  <way id="1251945024">
    <nd ref="9437899831" />
    <nd ref="11637463492" />
    <nd ref="11637463493" />
    <nd ref="11637463494" />
    <nd ref="11637463495" />
    <nd ref="11637463496" />
    <nd ref="11637463497" />
    <nd ref="11637463498" />
    <nd ref="11637463499" />
    <tag k="footway" v="sidewalk" />
    <tag k="highway" v="footway" />
  </way>
  <way id="1251945025">
    <nd ref="11637457160" />
    <nd ref="11637463502" />
    <nd ref="11637463500" />
    <nd ref="11637463503" />
    <nd ref="11637463501" />
    <nd ref="11637463496" />
    <tag k="crossing" v="unmarked" />
    <tag k="crossing:markings" v="no" />
    <tag k="footway" v="crossing" />
    <tag k="highway" v="footway" />
  </way>
  <way id="1251945026">
    <nd ref="11637463499" />
    <nd ref="5648871469" />
    <nd ref="8259716095" />
    <tag k="crossing" v="unmarked" />
    <tag k="crossing:markings" v="no" />
    <tag k="footway" v="crossing" />
    <tag k="highway" v="footway" />
  </way>
  <way id="1273094357">
    <nd ref="89170501" />
    <nd ref="89170495" />
    <tag k="bicycle" v="designated" />
    <tag k="highway" v="tertiary" />
    <tag k="lanes" v="2" />
    <tag k="lanes:backward" v="1" />
    <tag k="lanes:forward" v="1" />
    <tag k="maxspeed" v="50" />
    <tag k="name" v="Haunwöhrer Straße" />
    <tag k="name:etymology:wikidata" v="Q1589390" />
    <tag k="psv" v="yes" />
    <tag k="ref" v="IN 15" />
    <tag k="smoothness" v="excellent" />
    <tag k="source" v="HiRes aerial imagery" />
    <tag k="surface" v="asphalt" />
  </way>
  <way id="1276764459">
    <nd ref="11854016362" />
    <nd ref="11854016361" />
    <tag k="access" v="private" />
    <tag k="highway" v="service" />
    <tag k="incline" v="down" />
    <tag k="note" v="Zufahrt zur Tiefgarage" />
    <tag k="service" v="driveway" />
  </way>
  <way id="1276764460">
    <nd ref="1835799599" />
    <nd ref="11854016362" />
    <tag k="access" v="private" />
    <tag k="highway" v="service" />
    <tag k="note" v="Zufahrt zur Tiefgarage" />
    <tag k="service" v="driveway" />
  </way>
  <way id="1276764463">
    <nd ref="11854016367" />
    <nd ref="5203101102" />
    <tag k="highway" v="footway" />
  </way>
  <way id="1276764469">
    <nd ref="11854166280" />
    <nd ref="11854166279" />
    <nd ref="11854166278" />
    <nd ref="11854166277" />
    <tag k="highway" v="path" />
    <tag k="informal" v="yes" />
    <tag k="surface" v="ground" />
    <tag k="width" v="0.3" />
  </way>
  <way id="1285324982">
    <nd ref="475311969" />
    <nd ref="1442207875" />
    <tag k="cycleway:right" v="no" />
    <tag k="highway" v="tertiary" />
    <tag k="lanes" v="2" />
    <tag k="maxspeed" v="50" />
    <tag k="name" v="Brückenkopf" />
    <tag k="oneway" v="yes" />
    <tag k="psv" v="yes" />
    <tag k="sidewalk:left" v="no" />
    <tag k="sidewalk:right" v="separate" />
    <tag k="surface" v="asphalt" />
    <tag k="turn:lanes" v="left;through|through;right" />
  </way>
  <way id="1285324983">
    <nd ref="21532592" />
    <nd ref="1443568612" />
    <tag k="cycleway:right" v="no" />
    <tag k="highway" v="primary" />
    <tag k="lanes" v="3" />
    <tag k="maxspeed" v="50" />
    <tag k="name" v="Südliche Ringstraße" />
    <tag k="oneway" v="yes" />
    <tag k="ref" v="B 13" />
    <tag k="source" v="HiRes aerial imagery" />
    <tag k="surface" v="asphalt" />
    <tag k="turn:lanes" v="through|through|right" />
  </way>
  <way id="1285343858">
    <nd ref="7627033074" />
    <nd ref="39732721" />
    <nd ref="7627056304" />
    <nd ref="1079366750" />
    <tag k="bicycle" v="no" />
    <tag k="check_date" v="2020-06-24" />
    <tag k="highway" v="secondary" />
    <tag k="lanes" v="3" />
    <tag k="lanes:backward" v="1" />
    <tag k="lanes:forward" v="2" />
    <tag k="lit" v="yes" />
    <tag k="maxspeed" v="50" />
    <tag k="name" v="Westliche Ringstraße" />
    <tag k="ref" v="IN 17" />
    <tag k="source" v="HiRes aerial imagery" />
    <tag k="surface" v="asphalt" />
    <tag k="temporary:access" v="no @ (2022 Aug 22 - 2022 Sep 09)" />
    <tag k="temporary:construction" v="yes @ (2022 Aug 22 - 2022 Sep 09" />
    <tag k="turn:lanes:backward" v="through" />
  </way>
  <way id="1285343860">
    <nd ref="570048664" />
    <nd ref="1833941696" />
    <nd ref="503416705" />
    <nd ref="503416708" />
    <tag k="highway" v="service" />
    <tag k="lanes" v="2" />
    <tag k="source" v="HiRes aerial imagery" />
    <tag k="turn:lanes:backward" v="slight_left;right" />
  </way>
  <way id="1293090533">
    <nd ref="21532578" />
    <nd ref="12033890310" />
    <nd ref="11987544257" />
    <nd ref="11987544256" />
    <nd ref="11987544255" />
    <nd ref="12033890311" />
    <nd ref="25633363" />
    <tag k="highway" v="residential" />
    <tag k="lanes" v="1" />
    <tag k="maxspeed" v="50" />
    <tag k="name" v="Südliche Ringstraße" />
    <tag k="note" v="Neue Linksabbiegerspur Südliche Ringstraße &gt; Bei der Arena - &#10;&quot;BG Donautower an der Saturn-Arena, Erschließung von Linksabbieger Südl. Ringstraße bis Neubau&quot;" />
    <tag k="oneway" v="yes" />
    <tag k="opening_date" v="2024-07-02" />
    <tag k="source" v="survey;local knowledge" />
    <tag k="start_date" v="2024-07-02" />
    <tag k="turn:lanes" v="left" />
  </way>
  <way id="1293090534">
    <nd ref="30965824" />
    <nd ref="1197458832" />
    <nd ref="21532578" />
    <tag k="highway" v="primary" />
    <tag k="lanes" v="4" />
    <tag k="maxspeed" v="50" />
    <tag k="name" v="Südliche Ringstraße" />
    <tag k="oneway" v="yes" />
    <tag k="psv" v="yes" />
    <tag k="ref" v="B 13" />
    <tag k="surface" v="asphalt" />
    <tag k="turn:lanes" v="left|none|none|none" />
  </way>
  <way id="1297012002">
    <nd ref="12017648390" />
    <nd ref="12033890301" />
    <nd ref="12017648391" />
    <nd ref="12017648392" />
    <nd ref="12017648399" />
    <nd ref="12017648393" />
    <nd ref="12017648394" />
    <nd ref="12017648395" />
    <nd ref="12017648396" />
    <nd ref="12017648397" />
    <nd ref="12017648398" />
    <tag k="footway" v="sidewalk" />
    <tag k="highway" v="footway" />
  </way>
  <way id="1299099740">
    <nd ref="12017648390" />
    <nd ref="12033890300" />
    <nd ref="2278459320" />
    <nd ref="12033890299" />
    <tag k="bicycle" v="designated" />
    <tag k="crossing:island" v="no" />
    <tag k="crossing:markings" v="dashes" />
    <tag k="cycleway" v="crossing" />
    <tag k="foot" v="designated" />
    <tag k="highway" v="cycleway" />
    <tag k="tactile_paving" v="no" />
  </way>
  <way id="1299099741">
    <nd ref="12033890299" />
    <nd ref="12033890302" />
    <nd ref="12033890303" />
    <nd ref="12033890304" />
    <nd ref="12033890305" />
    <nd ref="12033890306" />
    <nd ref="12033890308" />
    <nd ref="12033890307" />
    <tag k="footway" v="sidewalk" />
    <tag k="highway" v="footway" />
  </way>
  <way id="1303932559">
    <nd ref="4344409039" />
    <nd ref="10976283185" />
    <nd ref="12075550161" />
    <nd ref="10177801578" />
    <nd ref="1496557364" />
    <tag k="highway" v="footway" />
    <tag k="lit" v="yes" />
    <tag k="smoothness" v="excellent" />
    <tag k="source" v="HiRes aerial imagery" />
    <tag k="surface" v="paving_stones" />
    <tag k="wheelchair" v="yes" />
  </way>
  <way id="1304227254">
    <nd ref="1443568661" />
    <nd ref="12078175019" />
    <nd ref="1443568696" />
    <tag k="highway" v="path" />
  </way>
  <way id="1304227255">
    <nd ref="1443568696" />
    <nd ref="12078175020" />
    <nd ref="12078175021" />
    <nd ref="12078175022" />
    <nd ref="8498722862" />
    <tag k="highway" v="path" />
  </way>
  <way id="1306021709">
    <nd ref="12095883617" />
    <nd ref="12095883618" />
    <nd ref="12095883622" />
    <nd ref="12095883621" />
    <nd ref="12095883619" />
    <nd ref="12095883620" />
    <tag k="highway" v="residential" />
    <tag k="lanes" v="1" />
    <tag k="maxspeed" v="50" />
    <tag k="name" v="Weningstraße" />
    <tag k="oneway" v="yes" />
    <tag k="surface" v="asphalt" />
  </way>
  <way id="1306021712">
    <nd ref="12095883620" />
    <nd ref="11987706482" />
    <nd ref="11987706481" />
    <nd ref="25633367" />
    <tag k="cycleway:both" v="no" />
    <tag k="highway" v="primary" />
    <tag k="lanes" v="4" />
    <tag k="lanes:backward" v="2" />
    <tag k="lanes:forward" v="2" />
    <tag k="maxspeed" v="50" />
    <tag k="name" v="Südliche Ringstraße" />
    <tag k="ref" v="B 13" />
    <tag k="surface" v="asphalt" />
    <tag k="turn:lanes:backward" v="through|through" />
  </way>
  <way id="1306021713">
    <nd ref="12095883617" />
    <nd ref="1835775066" />
    <nd ref="8265500964" />
    <nd ref="8265500963" />
    <nd ref="250713433" />
    <tag k="highway" v="residential" />
    <tag k="lanes" v="1" />
    <tag k="maxspeed" v="50" />
    <tag k="name" v="Weningstraße" />
    <tag k="oneway" v="yes" />
    <tag k="psv" v="yes" />
    <tag k="sidewalk" v="no" />
    <tag k="source" v="HiRes aerial imagery" />
    <tag k="surface" v="asphalt" />
    <tag k="turn:lanes" v="left" />
  </way>
  <way id="1311007962">
    <nd ref="40095631" />
    <nd ref="12135446542" />
    <tag k="bicycle" v="no" />
    <tag k="cutting" v="yes" />
    <tag k="highway" v="secondary" />
    <tag k="lanes" v="3" />
    <tag k="lanes:forward" v="1" />
    <tag k="maxspeed" v="50" />
    <tag k="name" v="Südliche Ringstraße" />
    <tag k="ref" v="IN 17" />
    <tag k="source" v="HiRes aerial imagery" />
    <tag k="surface" v="asphalt" />
    <tag k="turn:lanes:backward" v="through|right" />
  </way>
  <way id="1311357328">
    <nd ref="12138513267" />
    <nd ref="12138513278" />
    <nd ref="12138513268" />
    <nd ref="12138513269" />
    <nd ref="12138513270" />
    <nd ref="12138513271" />
    <tag k="highway" v="service" />
    <tag k="service" v="driveway" />
  </way>
  <way id="1311357329">
    <nd ref="12138513269" />
    <nd ref="12138601210" />
    <nd ref="12138513272" />
    <tag k="highway" v="service" />
    <tag k="service" v="driveway" />
  </way>
  <way id="1311357331">
    <nd ref="12138513277" />
    <nd ref="12138513278" />
    <tag k="highway" v="footway" />
  </way>
  <way id="1311357332">
    <nd ref="12138513267" />
    <nd ref="12138513279" />
    <nd ref="12138513280" />
    <nd ref="12138513281" />
    <nd ref="12138513282" />
    <tag k="highway" v="footway" />
  </way>
  <way id="1311357333">
    <nd ref="12138513281" />
    <nd ref="12138513283" />
    <nd ref="12138513284" />
    <tag k="highway" v="footway" />
  </way>
  <way id="1311357346">
    <nd ref="12138601125" />
    <nd ref="12138601209" />
    <nd ref="12138601126" />
    <tag k="highway" v="service" />
    <tag k="service" v="driveway" />
  </way>
  <way id="1311357350">
    <nd ref="10983036748" />
    <nd ref="12138601141" />
    <nd ref="12138601142" />
    <nd ref="12138601143" />
    <nd ref="12138601144" />
    <nd ref="12138601145" />
    <nd ref="12138601146" />
    <nd ref="12138601147" />
    <nd ref="12138601148" />
    <nd ref="12138601149" />
    <nd ref="12138601150" />
    <nd ref="12138601151" />
    <nd ref="12138601152" />
    <nd ref="12138601153" />
    <nd ref="12138601154" />
    <nd ref="12138601214" />
    <nd ref="12138601215" />
    <nd ref="12138601155" />
    <nd ref="12138601156" />
    <nd ref="12138601157" />
    <nd ref="12138601158" />
    <nd ref="12138601159" />
    <nd ref="12138601160" />
    <nd ref="12138601161" />
    <nd ref="12138601162" />
    <nd ref="12815137485" />
    <nd ref="12138601163" />
    <nd ref="2287775637" />
    <tag k="footway" v="sidewalk" />
    <tag k="highway" v="footway" />
  </way>
  <way id="1311357351">
    <nd ref="12138601170" />
    <nd ref="12138601171" />
    <nd ref="288571301" />
    <nd ref="12138601172" />
    <nd ref="12138601208" />
    <nd ref="12138601173" />
    <nd ref="12138601174" />
    <nd ref="12138601175" />
    <nd ref="12138601176" />
    <nd ref="12138601207" />
    <nd ref="12138601177" />
    <nd ref="12138601178" />
    <nd ref="12138601179" />
    <nd ref="12138601180" />
    <nd ref="12138601181" />
    <nd ref="12138601209" />
    <nd ref="12138601182" />
    <nd ref="12138601210" />
    <nd ref="12138601183" />
    <nd ref="12138601184" />
    <nd ref="12138601185" />
    <nd ref="12138601186" />
    <nd ref="12138601187" />
    <nd ref="12138601212" />
    <nd ref="12138601188" />
    <nd ref="12138601189" />
    <nd ref="12138601190" />
    <nd ref="12138601211" />
    <nd ref="12138601191" />
    <nd ref="12138601192" />
    <nd ref="12138601193" />
    <nd ref="12138601194" />
    <nd ref="12138601213" />
    <nd ref="12138601195" />
    <nd ref="12138601196" />
    <nd ref="12138601197" />
    <nd ref="12138601198" />
    <nd ref="12138601199" />
    <nd ref="12138601200" />
    <nd ref="12815137479" />
    <nd ref="10983036747" />
    <tag k="footway" v="sidewalk" />
    <tag k="highway" v="footway" />
    <tag k="lit" v="yes" />
    <tag k="smoothness" v="good" />
    <tag k="surface" v="paving_stones" />
  </way>
  <way id="1311357352">
    <nd ref="12138601216" />
    <nd ref="12138601217" />
    <nd ref="12138601218" />
    <nd ref="12138601219" />
    <nd ref="12138601220" />
    <nd ref="12138601221" />
    <nd ref="12138601222" />
    <nd ref="12138601223" />
    <nd ref="12138601224" />
    <nd ref="12138601225" />
    <nd ref="12138601226" />
    <nd ref="12138601227" />
    <nd ref="12138601228" />
    <nd ref="12138601296" />
    <nd ref="12138601295" />
    <nd ref="12138601229" />
    <nd ref="12138601230" />
    <nd ref="12138601231" />
    <nd ref="12138601232" />
    <nd ref="12138601233" />
    <nd ref="12138601234" />
    <nd ref="12138601235" />
    <nd ref="12138601236" />
    <nd ref="12138601237" />
    <nd ref="12138601238" />
    <nd ref="12138601239" />
    <nd ref="12138601240" />
    <nd ref="12138601241" />
    <nd ref="12138601216" />
    <tag k="footway" v="sidewalk" />
    <tag k="highway" v="footway" />
  </way>
  <way id="1311357353">
    <nd ref="10983036746" />
    <nd ref="12138601263" />
    <nd ref="12138601264" />
    <nd ref="12138601262" />
    <nd ref="12138601242" />
    <nd ref="12138601243" />
    <nd ref="12138601265" />
    <nd ref="12138601261" />
    <nd ref="12138601244" />
    <nd ref="12138601245" />
    <nd ref="12138601246" />
    <nd ref="12138601247" />
    <nd ref="12138601248" />
    <nd ref="12138601249" />
    <nd ref="12138601250" />
    <nd ref="12138601251" />
    <nd ref="12138601252" />
    <nd ref="12138601253" />
    <nd ref="12138601254" />
    <nd ref="12138601255" />
    <nd ref="12138601260" />
    <nd ref="12138601256" />
    <nd ref="12138601257" />
    <nd ref="12138601258" />
    <nd ref="12138601259" />
    <nd ref="10983036749" />
    <tag k="footway" v="sidewalk" />
    <tag k="highway" v="footway" />
  </way>
  <way id="1311357354">
    <nd ref="12138601265" />
    <nd ref="12138601267" />
    <nd ref="12138601266" />
    <tag k="crossing" v="uncontrolled" />
    <tag k="crossing:markings" v="zebra" />
    <tag k="footway" v="crossing" />
    <tag k="highway" v="footway" />
  </way>
  <way id="1311357355">
    <nd ref="2109053699" />
    <nd ref="12138601268" />
    <nd ref="12138601269" />
    <nd ref="12138601270" />
    <nd ref="12138601271" />
    <nd ref="12138601272" />
    <nd ref="12138601273" />
    <nd ref="12138601274" />
    <nd ref="12138601275" />
    <nd ref="12138601276" />
    <nd ref="12138601287" />
    <nd ref="12138601288" />
    <nd ref="12138601277" />
    <nd ref="12138601278" />
    <nd ref="12138601279" />
    <nd ref="12138601280" />
    <nd ref="12138601281" />
    <nd ref="12138601283" />
    <nd ref="12138601282" />
    <nd ref="12138601266" />
    <nd ref="12138601285" />
    <nd ref="12138601284" />
    <nd ref="12138601286" />
    <nd ref="10983036745" />
    <tag k="footway" v="sidewalk" />
    <tag k="highway" v="footway" />
  </way>
  <way id="1311357356">
    <nd ref="12138601253" />
    <nd ref="12138601290" />
    <nd ref="12138601146" />
    <tag k="crossing" v="unmarked" />
    <tag k="crossing:markings" v="no" />
    <tag k="footway" v="crossing" />
    <tag k="highway" v="footway" />
  </way>
  <way id="1311357357">
    <nd ref="12138601147" />
    <nd ref="1834159707" />
    <nd ref="12138601185" />
    <tag k="crossing" v="unmarked" />
    <tag k="crossing:markings" v="no" />
    <tag k="footway" v="crossing" />
    <tag k="highway" v="footway" />
  </way>
  <way id="1311357358">
    <nd ref="12138601231" />
    <nd ref="12138601289" />
    <nd ref="12138601185" />
    <tag k="crossing" v="unmarked" />
    <tag k="crossing:markings" v="no" />
    <tag k="footway" v="crossing" />
    <tag k="highway" v="footway" />
  </way>
  <way id="1311357359">
    <nd ref="12138601232" />
    <nd ref="1834159706" />
    <nd ref="12138601253" />
    <tag k="crossing" v="unmarked" />
    <tag k="crossing:markings" v="no" />
    <tag k="footway" v="crossing" />
    <tag k="highway" v="footway" />
  </way>
  <way id="1311357360">
    <nd ref="12138601248" />
    <nd ref="12138601294" />
    <nd ref="12138601237" />
    <tag k="crossing" v="unmarked" />
    <tag k="crossing:markings" v="no" />
    <tag k="footway" v="crossing" />
    <tag k="highway" v="footway" />
  </way>
  <way id="1311357361">
    <nd ref="12138601303" />
    <nd ref="12138601304" />
    <tag k="highway" v="footway" />
  </way>
  <way id="1339077156">
    <nd ref="12386615525" />
    <nd ref="12386615526" />
    <nd ref="12386615527" />
    <tag k="highway" v="service" />
    <tag k="psv" v="no" />
  </way>
  <way id="1339077157">
    <nd ref="366583306" />
    <nd ref="12386615528" />
    <nd ref="12386615529" />
    <nd ref="12386615535" />
    <nd ref="12386615533" />
    <nd ref="12386615530" />
    <nd ref="12386615532" />
    <nd ref="12386615531" />
    <tag k="bicycle" v="yes" />
    <tag k="highway" v="footway" />
  </way>
  <way id="1339077158">
    <nd ref="12386615533" />
    <nd ref="12386615536" />
    <nd ref="12386615537" />
    <nd ref="12386615534" />
    <nd ref="12386615539" />
    <nd ref="12386615538" />
    <tag k="bicycle" v="yes" />
    <tag k="construction" v="footway" />
    <tag k="highway" v="construction" />
  </way>
  <way id="1339077160">
    <nd ref="12386615544" />
    <nd ref="12386615550" />
    <nd ref="12386615545" />
    <nd ref="12386615546" />
    <nd ref="12386615547" />
    <nd ref="12386615548" />
    <nd ref="12386615549" />
    <tag k="highway" v="footway" />
  </way>
  <way id="1339077168">
    <nd ref="366583303" />
    <nd ref="12386616020" />
    <nd ref="12386616022" />
    <nd ref="12386616021" />
    <tag k="highway" v="footway" />
  </way>
  <way id="1339077169">
    <nd ref="12386616023" />
    <nd ref="12386616024" />
    <tag k="highway" v="footway" />
  </way>
  <way id="1339077170">
    <nd ref="12386616020" />
    <nd ref="12386616025" />
    <nd ref="12386616026" />
    <tag k="highway" v="footway" />
  </way>
  <way id="1339077171">
    <nd ref="12386616030" />
    <nd ref="12386616029" />
    <nd ref="12386616027" />
    <nd ref="12386616028" />
    <tag k="construction" v="busway" />
    <tag k="construction:highway" v="busway" />
    <tag k="highway" v="construction" />
  </way>
  <way id="1339077172">
    <nd ref="12386616061" />
    <nd ref="12386616062" />
    <nd ref="12386616063" />
    <nd ref="12386616064" />
    <nd ref="12386616060" />
    <nd ref="12386616036" />
    <nd ref="12386616054" />
    <nd ref="12386616059" />
    <nd ref="12386616055" />
    <nd ref="12386616035" />
    <nd ref="12386616057" />
    <nd ref="12386616058" />
    <nd ref="12386616056" />
    <nd ref="12386616039" />
    <nd ref="12386616037" />
    <tag k="construction" v="path" />
    <tag k="construction:highway" v="path" />
    <tag k="construction:service" v="emergency_access" />
    <tag k="highway" v="construction" />
  </way>
  <way id="1339077173">
    <nd ref="12386616032" />
    <nd ref="12386616031" />
    <nd ref="12386616028" />
    <nd ref="12386616033" />
    <nd ref="12386616053" />
    <nd ref="12386616049" />
    <nd ref="12386616048" />
    <nd ref="12386616034" />
    <nd ref="12386616037" />
    <nd ref="12386616038" />
    <tag k="construction" v="service" />
    <tag k="construction:highway" v="service" />
    <tag k="construction:service" v="driveway" />
    <tag k="highway" v="construction" />
  </way>
  <way id="1339077174">
    <nd ref="12386616027" />
    <nd ref="12386616040" />
    <nd ref="12386616042" />
    <nd ref="12386616043" />
    <tag k="construction" v="path" />
    <tag k="construction:highway" v="path" />
    <tag k="highway" v="construction" />
  </way>
  <way id="1339077175">
    <nd ref="12386616050" />
    <nd ref="12386616051" />
    <nd ref="12386616052" />
    <nd ref="12386616053" />
    <tag k="construction" v="path" />
    <tag k="construction:highway" v="path" />
    <tag k="highway" v="construction" />
  </way>
  <way id="1339077176">
    <nd ref="12386616042" />
    <nd ref="12386616044" />
    <nd ref="12386616041" />
    <nd ref="12386616068" />
    <nd ref="12386616065" />
    <nd ref="12386616060" />
    <tag k="construction" v="path" />
    <tag k="construction:highway" v="path" />
    <tag k="highway" v="construction" />
  </way>
  <way id="1339077177">
    <nd ref="12386616062" />
    <nd ref="12386616066" />
    <nd ref="12386616067" />
    <nd ref="12386616068" />
    <tag k="construction" v="path" />
    <tag k="construction:highway" v="path" />
    <tag k="construction:service" v="emergency_access" />
    <tag k="highway" v="construction" />
  </way>
  <way id="1346042176">
    <nd ref="12449886232" />
    <nd ref="12449886233" />
    <nd ref="12449886234" />
    <nd ref="12449886255" />
    <nd ref="12449886235" />
    <tag k="highway" v="footway" />
  </way>
  <way id="1346042177">
    <nd ref="12449886241" />
    <nd ref="12449886242" />
    <tag k="highway" v="footway" />
  </way>
  <way id="1346498994">
    <nd ref="12454251806" />
    <nd ref="12454251811" />
    <nd ref="12454251808" />
    <nd ref="12454251819" />
    <nd ref="12454251807" />
    <tag k="highway" v="footway" />
    <tag k="surface" v="paving_stones" />
  </way>
  <way id="1346498995">
    <nd ref="12454251808" />
    <nd ref="12454251809" />
    <tag k="highway" v="footway" />
  </way>
  <way id="1346498996">
    <nd ref="12454251810" />
    <nd ref="12454251821" />
    <nd ref="12454251811" />
    <tag k="highway" v="footway" />
  </way>
  <way id="1346498998">
    <nd ref="2129156392" />
    <nd ref="2129156402" />
    <tag k="highway" v="footway" />
    <tag k="surface" v="paving_stones" />
  </way>
  <way id="1346498999">
    <nd ref="2129156408" />
    <nd ref="12454251819" />
    <tag k="highway" v="footway" />
    <tag k="surface" v="paving_stones" />
  </way>
  <way id="1346499000">
    <nd ref="2172162715" />
    <nd ref="12454251820" />
    <tag k="highway" v="footway" />
    <tag k="surface" v="paving_stones" />
  </way>
  <way id="1384129439">
    <nd ref="12815137480" />
    <nd ref="12815137481" />
    <nd ref="12815137482" />
    <nd ref="7529847817" />
    <tag k="highway" v="cycleway" />
    <tag k="oneway" v="yes" />
  </way>
  <way id="1384129440">
    <nd ref="12815137477" />
    <nd ref="12815137483" />
    <nd ref="12815137480" />
    <tag k="crossing" v="uncontrolled" />
    <tag k="crossing:markings" v="yes" />
    <tag k="cycleway" v="crossing" />
    <tag k="highway" v="cycleway" />
    <tag k="oneway" v="yes" />
  </way>
  <way id="1384129441">
    <nd ref="1315532865" />
    <nd ref="12815137484" />
    <tag k="highway" v="footway" />
  </way>
  <way id="1384129442">
    <nd ref="2287775637" />
    <nd ref="12815137484" />
    <nd ref="7529847817" />
    <tag k="bicycle" v="designated" />
    <tag k="foot" v="designated" />
    <tag k="highway" v="footway" />
    <tag k="oneway:bicycle" v="yes" />
    <tag k="segregated" v="yes" />
    <tag k="surface" v="asphalt" />
    <tag k="width" v="2" />
  </way>
  <way id="1411409200">
    <nd ref="12969170151" />
    <nd ref="12969170152" />
    <tag k="highway" v="service" />
  </way>
  <way id="1425823562">
    <nd ref="269095272" />
    <nd ref="1393740285" />
    <tag k="bicycle" v="designated" />
    <tag k="foot" v="designated" />
    <tag k="highway" v="path" />
    <tag k="lit" v="yes" />
    <tag k="segregated" v="no" />
    <tag k="smoothness" v="good" />
    <tag k="source" v="HiRes aerial imagery" />
    <tag k="surface" v="asphalt" />
    <tag k="width" v="2" />
  </way>
  </osm>