<?xml version='1.0' encoding='UTF-8'?>
<osm version="0.6" generator="tile_fbx_generator.py">
  <node id="-1" lat="48.7648977" lon="11.4339340" visible="true" />
  <node id="-2" lat="48.7650035" lon="11.4344672" visible="true" />
  <node id="-3" lat="48.7650880" lon="11.4346719" visible="true" />
  <node id="-4" lat="48.7648990" lon="11.4348476" visible="true" />
  <node id="-5" lat="48.7647270" lon="11.4340100" visible="true" />
  <node id="-6" lat="48.7661258" lon="11.4393635" visible="true" />
  <node id="-7" lat="48.7658690" lon="11.4394735" visible="true" />
  <node id="-8" lat="48.7655816" lon="11.4385916" visible="true" />
  <node id="-9" lat="48.7658691" lon="11.4384627" visible="true" />
  <node id="-10" lat="48.7658541" lon="11.4383888" visible="true" />
  <node id="-11" lat="48.7659270" lon="11.4383585" visible="true" />
  <node id="-12" lat="48.7660845" lon="11.4391552" visible="true" />
  <node id="-13" lat="48.7657946" lon="11.4376578" visible="true" />
  <node id="-14" lat="48.7658000" lon="11.4376882" visible="true" />
  <node id="-15" lat="48.7658074" lon="11.4377291" visible="true" />
  <node id="-16" lat="48.7658168" lon="11.4377741" visible="true" />
  <node id="-17" lat="48.7653413" lon="11.4378744" visible="true" />
  <node id="-18" lat="48.7669287" lon="11.4320415" visible="true" />
  <node id="-19" lat="48.7670580" lon="11.4319787" visible="true" />
  <node id="-20" lat="48.7671226" lon="11.4319472" visible="true" />
  <node id="-21" lat="48.7671021" lon="11.4318660" visible="true" />
  <node id="-22" lat="48.7671710" lon="11.4318029" visible="true" />
  <node id="-23" lat="48.7677462" lon="11.4331440" visible="true" />
  <node id="-24" lat="48.7676184" lon="11.4332697" visible="true" />
  <node id="-25" lat="48.7675821" lon="11.4331813" visible="true" />
  <node id="-26" lat="48.7675765" lon="11.4331869" visible="true" />
  <node id="-27" lat="48.7675530" lon="11.4332104" visible="true" />
  <node id="-28" lat="48.7675554" lon="11.4332163" visible="true" />
  <node id="-29" lat="48.7674760" lon="11.4332971" visible="true" />
  <node id="-30" lat="48.7673096" lon="11.4329110" visible="true" />
  <node id="-31" lat="48.7673239" lon="11.4328975" visible="true" />
  <node id="-32" lat="48.7672898" lon="11.4328190" visible="true" />
  <node id="-33" lat="48.7672890" lon="11.4328169" visible="true" />
  <node id="-34" lat="48.7672758" lon="11.4327858" visible="true" />
  <node id="-35" lat="48.7672629" lon="11.4327982" visible="true" />
  <node id="-36" lat="48.7670693" lon="11.4330924" visible="true" />
  <node id="-37" lat="48.7670539" lon="11.4330407" visible="true" />
  <node id="-38" lat="48.7670336" lon="11.4329734" visible="true" />
  <node id="-39" lat="48.7670015" lon="11.4330081" visible="true" />
  <node id="-40" lat="48.7669748" lon="11.4329182" visible="true" />
  <node id="-41" lat="48.7669625" lon="11.4328784" visible="true" />
  <node id="-42" lat="48.7669415" lon="11.4328059" visible="true" />
  <node id="-43" lat="48.7669775" lon="11.4327816" visible="true" />
  <node id="-44" lat="48.7669261" lon="11.4326071" visible="true" />
  <node id="-45" lat="48.7669419" lon="11.4325963" visible="true" />
  <node id="-46" lat="48.7669432" lon="11.4325953" visible="true" />
  <node id="-47" lat="48.7669595" lon="11.4325838" visible="true" />
  <node id="-48" lat="48.7669574" lon="11.4325770" visible="true" />
  <node id="-49" lat="48.7670210" lon="11.4325353" visible="true" />
  <node id="-50" lat="48.7673271" lon="11.4335663" visible="true" />
  <node id="-51" lat="48.7673334" lon="11.4335621" visible="true" />
  <node id="-52" lat="48.7673907" lon="11.4337564" visible="true" />
  <node id="-53" lat="48.7673849" lon="11.4337603" visible="true" />
  <node id="-54" lat="48.7674211" lon="11.4338816" visible="true" />
  <node id="-55" lat="48.7674140" lon="11.4338871" visible="true" />
  <node id="-56" lat="48.7674170" lon="11.4338974" visible="true" />
  <node id="-57" lat="48.7673589" lon="11.4339386" visible="true" />
  <node id="-58" lat="48.7673295" lon="11.4339587" visible="true" />
  <node id="-59" lat="48.7672776" lon="11.4337868" visible="true" />
  <node id="-60" lat="48.7672478" lon="11.4338069" visible="true" />
  <node id="-61" lat="48.7672261" lon="11.4337363" visible="true" />
  <node id="-62" lat="48.7672082" lon="11.4336771" visible="true" />
  <node id="-63" lat="48.7671900" lon="11.4336172" visible="true" />
  <node id="-64" lat="48.7671759" lon="11.4335704" visible="true" />
  <node id="-65" lat="48.7671623" lon="11.4335256" visible="true" />
  <node id="-66" lat="48.7671439" lon="11.4334672" visible="true" />
  <node id="-67" lat="48.7671753" lon="11.4334456" visible="true" />
  <node id="-68" lat="48.7671562" lon="11.4333820" visible="true" />
  <node id="-69" lat="48.7671269" lon="11.4334016" visible="true" />
  <node id="-70" lat="48.7671126" lon="11.4333534" visible="true" />
  <node id="-71" lat="48.7670959" lon="11.4332970" visible="true" />
  <node id="-72" lat="48.7670818" lon="11.4332495" visible="true" />
  <node id="-73" lat="48.7670641" lon="11.4331900" visible="true" />
  <node id="-74" lat="48.7670409" lon="11.4331124" visible="true" />
  <node id="-75" lat="48.7699178" lon="11.4352427" visible="true" />
  <node id="-76" lat="48.7699993" lon="11.4355151" visible="true" />
  <node id="-77" lat="48.7702165" lon="11.4353598" visible="true" />
  <node id="-78" lat="48.7701193" lon="11.4351009" visible="true" />
  <node id="-79" lat="48.7708089" lon="11.4345308" visible="true" />
  <node id="-80" lat="48.7709070" lon="11.4347490" visible="true" />
  <node id="-81" lat="48.7713908" lon="11.4342480" visible="true" />
  <node id="-82" lat="48.7712926" lon="11.4340299" visible="true" />
  <node id="-83" lat="48.7711911" lon="11.4374141" visible="true" />
  <node id="-84" lat="48.7711789" lon="11.4372651" visible="true" />
  <node id="-85" lat="48.7714754" lon="11.4372095" visible="true" />
  <node id="-86" lat="48.7714876" lon="11.4373586" visible="true" />
  <node id="-87" lat="48.7712217" lon="11.4365277" visible="true" />
  <node id="-88" lat="48.7712093" lon="11.4363770" visible="true" />
  <node id="-89" lat="48.7707948" lon="11.4364553" visible="true" />
  <node id="-90" lat="48.7708072" lon="11.4366059" visible="true" />
  <node id="-91" lat="48.7705145" lon="11.4376924" visible="true" />
  <node id="-92" lat="48.7704965" lon="11.4374539" visible="true" />
  <node id="-93" lat="48.7705861" lon="11.4374385" visible="true" />
  <node id="-94" lat="48.7706040" lon="11.4376770" visible="true" />
  <node id="-95" lat="48.7705738" lon="11.4372360" visible="true" />
  <node id="-96" lat="48.7705527" lon="11.4369877" visible="true" />
  <node id="-97" lat="48.7704607" lon="11.4370056" visible="true" />
  <node id="-98" lat="48.7704817" lon="11.4372539" visible="true" />
  <node id="-99" lat="48.7706003" lon="11.4366631" visible="true" />
  <node id="-100" lat="48.7705897" lon="11.4365213" visible="true" />
  <node id="-101" lat="48.7704094" lon="11.4365524" visible="true" />
  <node id="-102" lat="48.7704201" lon="11.4366942" visible="true" />
  <node id="-103" lat="48.7673226" lon="11.4461607" visible="true" />
  <node id="-104" lat="48.7672046" lon="11.4462054" visible="true" />
  <node id="-105" lat="48.7671771" lon="11.4460384" visible="true" />
  <node id="-106" lat="48.7672951" lon="11.4459937" visible="true" />
  <node id="-107" lat="48.7670426" lon="11.4452560" visible="true" />
  <node id="-108" lat="48.7671387" lon="11.4452199" visible="true" />
  <node id="-109" lat="48.7671657" lon="11.4453853" visible="true" />
  <node id="-110" lat="48.7671272" lon="11.4453998" visible="true" />
  <node id="-111" lat="48.7671673" lon="11.4456453" visible="true" />
  <node id="-112" lat="48.7671097" lon="11.4456669" visible="true" />
  <node id="-113" lat="48.7674433" lon="11.4456170" visible="true" />
  <node id="-114" lat="48.7674653" lon="11.4457517" visible="true" />
  <node id="-115" lat="48.7673404" lon="11.4457985" visible="true" />
  <node id="-116" lat="48.7673185" lon="11.4456638" visible="true" />
  <node id="-117" lat="48.7673942" lon="11.4456354" visible="true" />
  <node id="-118" lat="48.7672553" lon="11.4456712" visible="true" />
  <node id="-119" lat="48.7672744" lon="11.4457961" visible="true" />
  <node id="-120" lat="48.7672114" lon="11.4458182" visible="true" />
  <node id="-121" lat="48.7671694" lon="11.4458330" visible="true" />
  <node id="-122" lat="48.7671664" lon="11.4458132" visible="true" />
  <node id="-123" lat="48.7671503" lon="11.4457081" visible="true" />
  <node id="-124" lat="48.7670564" lon="11.4458520" visible="true" />
  <node id="-125" lat="48.7671797" lon="11.4458999" visible="true" />
  <node id="-126" lat="48.7671864" lon="11.4459441" visible="true" />
  <node id="-127" lat="48.7670764" lon="11.4459829" visible="true" />
  <node id="-128" lat="48.7668896" lon="11.4453188" visible="true" />
  <node id="-129" lat="48.7669830" lon="11.4452830" visible="true" />
  <node id="-130" lat="48.7669944" lon="11.4453515" visible="true" />
  <node id="-131" lat="48.7670144" lon="11.4454715" visible="true" />
  <node id="-132" lat="48.7669210" lon="11.4455073" visible="true" />
  <node id="-133" lat="48.7666231" lon="11.4454190" visible="true" />
  <node id="-134" lat="48.7666652" lon="11.4456619" visible="true" />
  <node id="-135" lat="48.7666088" lon="11.4456845" visible="true" />
  <node id="-136" lat="48.7665666" lon="11.4454415" visible="true" />
  <node id="-137" lat="48.7665051" lon="11.4454510" visible="true" />
  <node id="-138" lat="48.7665609" lon="11.4454271" visible="true" />
  <node id="-139" lat="48.7666073" lon="11.4456764" visible="true" />
  <node id="-140" lat="48.7665514" lon="11.4457003" visible="true" />
  <node id="-141" lat="48.7667347" lon="11.4459293" visible="true" />
  <node id="-142" lat="48.7667609" lon="11.4460865" visible="true" />
  <node id="-143" lat="48.7666727" lon="11.4461204" visible="true" />
  <node id="-144" lat="48.7666465" lon="11.4459632" visible="true" />
  <node id="-145" lat="48.7669122" lon="11.4458612" visible="true" />
  <node id="-146" lat="48.7669384" lon="11.4460183" visible="true" />
  <node id="-147" lat="48.7668478" lon="11.4460531" visible="true" />
  <node id="-148" lat="48.7668216" lon="11.4458960" visible="true" />
  <node id="-149" lat="48.7667860" lon="11.4454843" visible="true" />
  <node id="-150" lat="48.7667580" lon="11.4454950" visible="true" />
  <node id="-151" lat="48.7667730" lon="11.4455845" visible="true" />
  <node id="-152" lat="48.7667375" lon="11.4455982" visible="true" />
  <node id="-153" lat="48.7667258" lon="11.4456026" visible="true" />
  <node id="-154" lat="48.7666906" lon="11.4453921" visible="true" />
  <node id="-155" lat="48.7667658" lon="11.4453632" visible="true" />
  <node id="-156" lat="48.7667034" lon="11.4456112" visible="true" />
  <node id="-157" lat="48.7667527" lon="11.4456894" visible="true" />
  <node id="-158" lat="48.7667187" lon="11.4457025" visible="true" />
  <node id="-159" lat="48.7681195" lon="11.4462386" visible="true" />
  <node id="-160" lat="48.7681525" lon="11.4462325" visible="true" />
  <node id="-161" lat="48.7681667" lon="11.4464091" visible="true" />
  <node id="-162" lat="48.7681013" lon="11.4464212" visible="true" />
  <node id="-163" lat="48.7680962" lon="11.4463572" visible="true" />
  <node id="-164" lat="48.7679523" lon="11.4463837" visible="true" />
  <node id="-165" lat="48.7679394" lon="11.4462234" visible="true" />
  <node id="-166" lat="48.7680422" lon="11.4462045" visible="true" />
  <node id="-167" lat="48.7680371" lon="11.4461404" visible="true" />
  <node id="-168" lat="48.7681106" lon="11.4461268" visible="true" />
  <node id="-169" lat="48.7676206" lon="11.4452606" visible="true" />
  <node id="-170" lat="48.7675918" lon="11.4451157" visible="true" />
  <node id="-171" lat="48.7678507" lon="11.4449969" visible="true" />
  <node id="-172" lat="48.7678796" lon="11.4451420" visible="true" />
  <node id="-173" lat="48.7677770" lon="11.4443698" visible="true" />
  <node id="-174" lat="48.7678603" lon="11.4447606" visible="true" />
  <node id="-175" lat="48.7678435" lon="11.4447688" visible="true" />
  <node id="-176" lat="48.7678779" lon="11.4449304" visible="true" />
  <node id="-177" lat="48.7680072" lon="11.4448670" visible="true" />
  <node id="-178" lat="48.7679456" lon="11.4445776" visible="true" />
  <node id="-179" lat="48.7679264" lon="11.4445871" visible="true" />
  <node id="-180" lat="48.7678965" lon="11.4444467" visible="true" />
  <node id="-181" lat="48.7679207" lon="11.4444348" visible="true" />
  <node id="-182" lat="48.7678945" lon="11.4443122" visible="true" />
  <node id="-183" lat="48.7677172" lon="11.4444025" visible="true" />
  <node id="-184" lat="48.7677480" lon="11.4445243" visible="true" />
  <node id="-185" lat="48.7676779" lon="11.4445652" visible="true" />
  <node id="-186" lat="48.7676471" lon="11.4444435" visible="true" />
  <node id="-187" lat="48.7676192" lon="11.4445949" visible="true" />
  <node id="-188" lat="48.7676486" lon="11.4447364" visible="true" />
  <node id="-189" lat="48.7675366" lon="11.4447900" visible="true" />
  <node id="-190" lat="48.7675072" lon="11.4446485" visible="true" />
  <node id="-191" lat="48.7671181" lon="11.4443932" visible="true" />
  <node id="-192" lat="48.7672176" lon="11.4443491" visible="true" />
  <node id="-193" lat="48.7673272" lon="11.4449181" visible="true" />
  <node id="-194" lat="48.7672277" lon="11.4449622" visible="true" />
  <node id="-195" lat="48.7670043" lon="11.4437538" visible="true" />
  <node id="-196" lat="48.7670971" lon="11.4437111" visible="true" />
  <node id="-197" lat="48.7672108" lon="11.4442801" visible="true" />
  <node id="-198" lat="48.7671181" lon="11.4443228" visible="true" />
  <node id="-199" lat="48.7669495" lon="11.4444955" visible="true" />
  <node id="-200" lat="48.7669709" lon="11.4446163" visible="true" />
  <node id="-201" lat="48.7664694" lon="11.4448209" visible="true" />
  <node id="-202" lat="48.7664480" lon="11.4447001" visible="true" />
  <node id="-203" lat="48.7668655" lon="11.4441632" visible="true" />
  <node id="-204" lat="48.7668977" lon="11.4443442" visible="true" />
  <node id="-205" lat="48.7665010" lon="11.4445067" visible="true" />
  <node id="-206" lat="48.7665000" lon="11.4443129" visible="true" />
  <node id="-207" lat="48.7668035" lon="11.4438397" visible="true" />
  <node id="-208" lat="48.7668327" lon="11.4439989" visible="true" />
  <node id="-209" lat="48.7665199" lon="11.4441310" visible="true" />
  <node id="-210" lat="48.7664907" lon="11.4439718" visible="true" />
  <node id="-211" lat="48.7663929" lon="11.4433316" visible="true" />
  <node id="-212" lat="48.7663602" lon="11.4431325" visible="true" />
  <node id="-213" lat="48.7668855" lon="11.4429340" visible="true" />
  <node id="-214" lat="48.7668674" lon="11.4428239" visible="true" />
  <node id="-215" lat="48.7669376" lon="11.4427973" visible="true" />
  <node id="-216" lat="48.7670770" lon="11.4436460" visible="true" />
  <node id="-217" lat="48.7670116" lon="11.4436707" visible="true" />
  <node id="-218" lat="48.7669897" lon="11.4435373" visible="true" />
  <node id="-219" lat="48.7664714" lon="11.4437330" visible="true" />
  <node id="-220" lat="48.7664409" lon="11.4435470" visible="true" />
  <node id="-221" lat="48.7669495" lon="11.4433550" visible="true" />
  <node id="-222" lat="48.7669134" lon="11.4431351" visible="true" />
  <node id="-223" lat="48.7660646" lon="11.4399447" visible="true" />
  <node id="-224" lat="48.7665997" lon="11.4398492" visible="true" />
  <node id="-225" lat="48.7666167" lon="11.4409709" visible="true" />
  <node id="-226" lat="48.7665030" lon="11.4409819" visible="true" />
  <node id="-227" lat="48.7664908" lon="11.4400314" visible="true" />
  <node id="-228" lat="48.7660716" lon="11.4401116" visible="true" />
  <node id="-229" lat="48.7668512" lon="11.4400842" visible="true" />
  <node id="-230" lat="48.7668581" lon="11.4400841" visible="true" />
  <node id="-231" lat="48.7669544" lon="11.4400832" visible="true" />
  <node id="-232" lat="48.7669556" lon="11.4403501" visible="true" />
  <node id="-233" lat="48.7668522" lon="11.4403511" visible="true" />
  <node id="-234" lat="48.7674229" lon="11.4397304" visible="true" />
  <node id="-235" lat="48.7674245" lon="11.4399030" visible="true" />
  <node id="-236" lat="48.7671338" lon="11.4399094" visible="true" />
  <node id="-237" lat="48.7671321" lon="11.4397368" visible="true" />
  <node id="-238" lat="48.7673651" lon="11.4401011" visible="true" />
  <node id="-239" lat="48.7673651" lon="11.4403121" visible="true" />
  <node id="-240" lat="48.7671375" lon="11.4403121" visible="true" />
  <node id="-241" lat="48.7671375" lon="11.4401011" visible="true" />
  <node id="-242" lat="48.7675033" lon="11.4397052" visible="true" />
  <node id="-243" lat="48.7674485" lon="11.4394559" visible="true" />
  <node id="-244" lat="48.7675471" lon="11.4394060" visible="true" />
  <node id="-245" lat="48.7676019" lon="11.4396553" visible="true" />
  <node id="-246" lat="48.7674847" lon="11.4390683" visible="true" />
  <node id="-247" lat="48.7675301" lon="11.4392098" visible="true" />
  <node id="-248" lat="48.7673658" lon="11.4393313" visible="true" />
  <node id="-249" lat="48.7673203" lon="11.4391898" visible="true" />
  <node id="-250" lat="48.7674052" lon="11.4391302" visible="true" />
  <node id="-251" lat="48.7672498" lon="11.4393197" visible="true" />
  <node id="-252" lat="48.7672478" lon="11.4395300" visible="true" />
  <node id="-253" lat="48.7671653" lon="11.4395282" visible="true" />
  <node id="-254" lat="48.7671665" lon="11.4393961" visible="true" />
  <node id="-255" lat="48.7671306" lon="11.4393953" visible="true" />
  <node id="-256" lat="48.7671313" lon="11.4393171" visible="true" />
  <node id="-257" lat="48.7671648" lon="11.4395748" visible="true" />
  <node id="-258" lat="48.7670328" lon="11.4395719" visible="true" />
  <node id="-259" lat="48.7670346" lon="11.4393931" visible="true" />
  <node id="-260" lat="48.7670211" lon="11.4404672" visible="true" />
  <node id="-261" lat="48.7671298" lon="11.4404390" visible="true" />
  <node id="-262" lat="48.7671583" lon="11.4406921" visible="true" />
  <node id="-263" lat="48.7670496" lon="11.4407203" visible="true" />
  <node id="-264" lat="48.7670669" lon="11.4408680" visible="true" />
  <node id="-265" lat="48.7671572" lon="11.4408468" visible="true" />
  <node id="-266" lat="48.7671893" lon="11.4411613" visible="true" />
  <node id="-267" lat="48.7670990" lon="11.4411825" visible="true" />
  <node id="-268" lat="48.7671290" lon="11.4413888" visible="true" />
  <node id="-269" lat="48.7671122" lon="11.4412418" visible="true" />
  <node id="-270" lat="48.7671934" lon="11.4412203" visible="true" />
  <node id="-271" lat="48.7672103" lon="11.4413674" visible="true" />
  <node id="-272" lat="48.7671167" lon="11.4414782" visible="true" />
  <node id="-273" lat="48.7672101" lon="11.4414564" visible="true" />
  <node id="-274" lat="48.7672354" lon="11.4417058" visible="true" />
  <node id="-275" lat="48.7671419" lon="11.4417276" visible="true" />
  <node id="-276" lat="48.7670594" lon="11.4414720" visible="true" />
  <node id="-277" lat="48.7670798" lon="11.4416104" visible="true" />
  <node id="-278" lat="48.7669776" lon="11.4416451" visible="true" />
  <node id="-279" lat="48.7669571" lon="11.4415068" visible="true" />
  <node id="-280" lat="48.7672878" lon="11.4411482" visible="true" />
  <node id="-281" lat="48.7672730" lon="11.4410081" visible="true" />
  <node id="-282" lat="48.7673571" lon="11.4409877" visible="true" />
  <node id="-283" lat="48.7673374" lon="11.4408004" visible="true" />
  <node id="-284" lat="48.7674448" lon="11.4407743" visible="true" />
  <node id="-285" lat="48.7674793" lon="11.4411017" visible="true" />
  <node id="-286" lat="48.7674527" lon="11.4414375" visible="true" />
  <node id="-287" lat="48.7674816" lon="11.4416011" visible="true" />
  <node id="-288" lat="48.7673088" lon="11.4416714" visible="true" />
  <node id="-289" lat="48.7672799" lon="11.4415079" visible="true" />
  <node id="-290" lat="48.7673271" lon="11.4412820" visible="true" />
  <node id="-291" lat="48.7672513" lon="11.4413012" visible="true" />
  <node id="-292" lat="48.7672435" lon="11.4412307" visible="true" />
  <node id="-293" lat="48.7673194" lon="11.4412115" visible="true" />
  <node id="-294" lat="48.7675435" lon="11.4413978" visible="true" />
  <node id="-295" lat="48.7676448" lon="11.4413660" visible="true" />
  <node id="-296" lat="48.7676701" lon="11.4415514" visible="true" />
  <node id="-297" lat="48.7675688" lon="11.4415832" visible="true" />
  <node id="-298" lat="48.7677106" lon="11.4413332" visible="true" />
  <node id="-299" lat="48.7678563" lon="11.4412997" visible="true" />
  <node id="-300" lat="48.7678774" lon="11.4415107" visible="true" />
  <node id="-301" lat="48.7677317" lon="11.4415441" visible="true" />
  <node id="-302" lat="48.7679887" lon="11.4414738" visible="true" />
  <node id="-303" lat="48.7679592" lon="11.4412628" visible="true" />
  <node id="-304" lat="48.7680359" lon="11.4412382" visible="true" />
  <node id="-305" lat="48.7680654" lon="11.4414492" visible="true" />
  <node id="-306" lat="48.7679972" lon="11.4409751" visible="true" />
  <node id="-307" lat="48.7680153" lon="11.4411564" visible="true" />
  <node id="-308" lat="48.7679236" lon="11.4411768" visible="true" />
  <node id="-309" lat="48.7679055" lon="11.4409956" visible="true" />
  <node id="-310" lat="48.7679887" lon="11.4408856" visible="true" />
  <node id="-311" lat="48.7678975" lon="11.4408967" visible="true" />
  <node id="-312" lat="48.7678890" lon="11.4407368" visible="true" />
  <node id="-313" lat="48.7679803" lon="11.4407258" visible="true" />
  <node id="-314" lat="48.7679424" lon="11.4404764" visible="true" />
  <node id="-315" lat="48.7679719" lon="11.4406554" visible="true" />
  <node id="-316" lat="48.7678813" lon="11.4406898" visible="true" />
  <node id="-317" lat="48.7678518" lon="11.4405108" visible="true" />
  <node id="-318" lat="48.7677734" lon="11.4407615" visible="true" />
  <node id="-319" lat="48.7677949" lon="11.4409194" visible="true" />
  <node id="-320" lat="48.7677045" lon="11.4409478" visible="true" />
  <node id="-321" lat="48.7676830" lon="11.4407898" visible="true" />
  <node id="-322" lat="48.7678323" lon="11.4404802" visible="true" />
  <node id="-323" lat="48.7678456" lon="11.4405916" visible="true" />
  <node id="-324" lat="48.7677814" lon="11.4406093" visible="true" />
  <node id="-325" lat="48.7677681" lon="11.4404979" visible="true" />
  <node id="-326" lat="48.7675186" lon="11.4403957" visible="true" />
  <node id="-327" lat="48.7675792" lon="11.4403814" visible="true" />
  <node id="-328" lat="48.7676001" lon="11.4405857" visible="true" />
  <node id="-329" lat="48.7675395" lon="11.4406000" visible="true" />
  <node id="-330" lat="48.7672739" lon="11.4418801" visible="true" />
  <node id="-331" lat="48.7672948" lon="11.4420392" visible="true" />
  <node id="-332" lat="48.7672053" lon="11.4420662" visible="true" />
  <node id="-333" lat="48.7671844" lon="11.4419071" visible="true" />
  <node id="-334" lat="48.7675117" lon="11.4418411" visible="true" />
  <node id="-335" lat="48.7675390" lon="11.4419830" visible="true" />
  <node id="-336" lat="48.7674731" lon="11.4420121" visible="true" />
  <node id="-337" lat="48.7674458" lon="11.4418702" visible="true" />
  <node id="-338" lat="48.7675795" lon="11.4417999" visible="true" />
  <node id="-339" lat="48.7676774" lon="11.4417681" visible="true" />
  <node id="-340" lat="48.7677090" lon="11.4419919" visible="true" />
  <node id="-341" lat="48.7676111" lon="11.4420237" visible="true" />
  <node id="-342" lat="48.7680242" lon="11.4416948" visible="true" />
  <node id="-343" lat="48.7681003" lon="11.4416823" visible="true" />
  <node id="-344" lat="48.7681111" lon="11.4418337" visible="true" />
  <node id="-345" lat="48.7680350" lon="11.4418462" visible="true" />
  <node id="-346" lat="48.7681509" lon="11.4420508" visible="true" />
  <node id="-347" lat="48.7681979" lon="11.4422585" visible="true" />
  <node id="-348" lat="48.7680172" lon="11.4423526" visible="true" />
  <node id="-349" lat="48.7679702" lon="11.4421449" visible="true" />
  <node id="-350" lat="48.7682469" lon="11.4426545" visible="true" />
  <node id="-351" lat="48.7682784" lon="11.4427908" visible="true" />
  <node id="-352" lat="48.7681256" lon="11.4428722" visible="true" />
  <node id="-353" lat="48.7680941" lon="11.4427358" visible="true" />
  <node id="-354" lat="48.7683293" lon="11.4429900" visible="true" />
  <node id="-355" lat="48.7683753" lon="11.4431382" visible="true" />
  <node id="-356" lat="48.7682133" lon="11.4432538" visible="true" />
  <node id="-357" lat="48.7681674" lon="11.4431057" visible="true" />
  <node id="-358" lat="48.7683988" lon="11.4432385" visible="true" />
  <node id="-359" lat="48.7684411" lon="11.4433926" visible="true" />
  <node id="-360" lat="48.7683106" lon="11.4434750" visible="true" />
  <node id="-361" lat="48.7682683" lon="11.4433210" visible="true" />
  <node id="-362" lat="48.7682534" lon="11.4435566" visible="true" />
  <node id="-363" lat="48.7683297" lon="11.4435029" visible="true" />
  <node id="-364" lat="48.7683998" lon="11.4437321" visible="true" />
  <node id="-365" lat="48.7683235" lon="11.4437858" visible="true" />
  <node id="-366" lat="48.7684960" lon="11.4435633" visible="true" />
  <node id="-367" lat="48.7685418" lon="11.4437269" visible="true" />
  <node id="-368" lat="48.7684220" lon="11.4438042" visible="true" />
  <node id="-369" lat="48.7683761" lon="11.4436405" visible="true" />
  <node id="-370" lat="48.7680431" lon="11.4438062" visible="true" />
  <node id="-371" lat="48.7680814" lon="11.4439713" visible="true" />
  <node id="-372" lat="48.7678899" lon="11.4440736" visible="true" />
  <node id="-373" lat="48.7678516" lon="11.4439085" visible="true" />
  <node id="-374" lat="48.7682265" lon="11.4437326" visible="true" />
  <node id="-375" lat="48.7682675" lon="11.4438790" visible="true" />
  <node id="-376" lat="48.7681596" lon="11.4439486" visible="true" />
  <node id="-377" lat="48.7681186" lon="11.4438021" visible="true" />
  <node id="-378" lat="48.7680916" lon="11.4433561" visible="true" />
  <node id="-379" lat="48.7681375" lon="11.4435730" visible="true" />
  <node id="-380" lat="48.7680448" lon="11.4436181" visible="true" />
  <node id="-381" lat="48.7679990" lon="11.4434012" visible="true" />
  <node id="-382" lat="48.7676951" lon="11.4439904" visible="true" />
  <node id="-383" lat="48.7677344" lon="11.4441453" visible="true" />
  <node id="-384" lat="48.7675942" lon="11.4442271" visible="true" />
  <node id="-385" lat="48.7675549" lon="11.4440722" visible="true" />
  <node id="-386" lat="48.7676439" lon="11.4422308" visible="true" />
  <node id="-387" lat="48.7677543" lon="11.4422153" visible="true" />
  <node id="-388" lat="48.7677678" lon="11.4424363" visible="true" />
  <node id="-389" lat="48.7676574" lon="11.4424518" visible="true" />
  <node id="-390" lat="48.7673464" lon="11.4422932" visible="true" />
  <node id="-391" lat="48.7673579" lon="11.4424327" visible="true" />
  <node id="-392" lat="48.7672706" lon="11.4424493" visible="true" />
  <node id="-393" lat="48.7672591" lon="11.4423098" visible="true" />
  <node id="-394" lat="48.7665209" lon="11.4378538" visible="true" />
  <node id="-395" lat="48.7666485" lon="11.4385405" visible="true" />
  <node id="-396" lat="48.7666111" lon="11.4385565" visible="true" />
  <node id="-397" lat="48.7665786" lon="11.4385704" visible="true" />
  <node id="-398" lat="48.7665899" lon="11.4386312" visible="true" />
  <node id="-399" lat="48.7665747" lon="11.4386377" visible="true" />
  <node id="-400" lat="48.7665095" lon="11.4386656" visible="true" />
  <node id="-401" lat="48.7664465" lon="11.4386925" visible="true" />
  <node id="-402" lat="48.7663565" lon="11.4382079" visible="true" />
  <node id="-403" lat="48.7663191" lon="11.4382239" visible="true" />
  <node id="-404" lat="48.7663066" lon="11.4381569" visible="true" />
  <node id="-405" lat="48.7663448" lon="11.4381406" visible="true" />
  <node id="-406" lat="48.7663218" lon="11.4380168" visible="true" />
  <node id="-407" lat="48.7663670" lon="11.4379975" visible="true" />
  <node id="-408" lat="48.7663536" lon="11.4379254" visible="true" />
  <node id="-409" lat="48.7663680" lon="11.4379179" visible="true" />
  <node id="-410" lat="48.7666218" lon="11.4388820" visible="true" />
  <node id="-411" lat="48.7666344" lon="11.4389436" visible="true" />
  <node id="-412" lat="48.7666956" lon="11.4389230" visible="true" />
  <node id="-413" lat="48.7666925" lon="11.4393032" visible="true" />
  <node id="-414" lat="48.7663047" lon="11.4394875" visible="true" />
  <node id="-415" lat="48.7662281" lon="11.4390663" visible="true" />
  <node id="-416" lat="48.7659398" lon="11.4378389" visible="true" />
  <node id="-417" lat="48.7659143" lon="11.4376118" visible="true" />
  <node id="-418" lat="48.7661030" lon="11.4375630" visible="true" />
  <node id="-419" lat="48.7661284" lon="11.4377900" visible="true" />
  <node id="-420" lat="48.7662122" lon="11.4375408" visible="true" />
  <node id="-421" lat="48.7664238" lon="11.4374903" visible="true" />
  <node id="-422" lat="48.7664493" lon="11.4377354" visible="true" />
  <node id="-423" lat="48.7662376" lon="11.4377859" visible="true" />
  <node id="-424" lat="48.7664305" lon="11.4372872" visible="true" />
  <node id="-425" lat="48.7662568" lon="11.4372967" visible="true" />
  <node id="-426" lat="48.7662530" lon="11.4371383" visible="true" />
  <node id="-427" lat="48.7664267" lon="11.4371289" visible="true" />
  <node id="-428" lat="48.7667611" lon="11.4370583" visible="true" />
  <node id="-429" lat="48.7667629" lon="11.4372350" visible="true" />
  <node id="-430" lat="48.7666010" lon="11.4372386" visible="true" />
  <node id="-431" lat="48.7666012" lon="11.4372583" visible="true" />
  <node id="-432" lat="48.7664823" lon="11.4372611" visible="true" />
  <node id="-433" lat="48.7664809" lon="11.4371209" visible="true" />
  <node id="-434" lat="48.7666024" lon="11.4371181" visible="true" />
  <node id="-435" lat="48.7666019" lon="11.4370619" visible="true" />
  <node id="-436" lat="48.7672260" lon="11.4370010" visible="true" />
  <node id="-437" lat="48.7672391" lon="11.4371744" visible="true" />
  <node id="-438" lat="48.7671211" lon="11.4371948" visible="true" />
  <node id="-439" lat="48.7671080" lon="11.4370213" visible="true" />
  <node id="-440" lat="48.7671222" lon="11.4374478" visible="true" />
  <node id="-441" lat="48.7671459" lon="11.4376320" visible="true" />
  <node id="-442" lat="48.7670510" lon="11.4376599" visible="true" />
  <node id="-443" lat="48.7670274" lon="11.4374758" visible="true" />
  <node id="-444" lat="48.7671783" lon="11.4377599" visible="true" />
  <node id="-445" lat="48.7672154" lon="11.4379747" visible="true" />
  <node id="-446" lat="48.7671030" lon="11.4380192" visible="true" />
  <node id="-447" lat="48.7670659" lon="11.4378044" visible="true" />
  <node id="-448" lat="48.7672121" lon="11.4380430" visible="true" />
  <node id="-449" lat="48.7672576" lon="11.4382447" visible="true" />
  <node id="-450" lat="48.7671484" lon="11.4383011" visible="true" />
  <node id="-451" lat="48.7671029" lon="11.4380995" visible="true" />
  <node id="-452" lat="48.7672706" lon="11.4383237" visible="true" />
  <node id="-453" lat="48.7673144" lon="11.4385232" visible="true" />
  <node id="-454" lat="48.7672102" lon="11.4385758" visible="true" />
  <node id="-455" lat="48.7671664" lon="11.4383764" visible="true" />
  <node id="-456" lat="48.7675471" lon="11.4369661" visible="true" />
  <node id="-457" lat="48.7675503" lon="11.4371142" visible="true" />
  <node id="-458" lat="48.7674492" lon="11.4371194" visible="true" />
  <node id="-459" lat="48.7674459" lon="11.4369712" visible="true" />
  <node id="-460" lat="48.7673118" lon="11.4369793" visible="true" />
  <node id="-461" lat="48.7670978" lon="11.4369967" visible="true" />
  <node id="-462" lat="48.7670957" lon="11.4369386" visible="true" />
  <node id="-463" lat="48.7674372" lon="11.4369109" visible="true" />
  <node id="-464" lat="48.7674396" lon="11.4369794" visible="true" />
  <node id="-465" lat="48.7673729" lon="11.4369848" visible="true" />
  <node id="-466" lat="48.7673782" lon="11.4371332" visible="true" />
  <node id="-467" lat="48.7673175" lon="11.4371381" visible="true" />
  <node id="-468" lat="48.7670051" lon="11.4376309" visible="true" />
  <node id="-469" lat="48.7670090" lon="11.4377452" visible="true" />
  <node id="-470" lat="48.7669089" lon="11.4377530" visible="true" />
  <node id="-471" lat="48.7669050" lon="11.4376388" visible="true" />
  <node id="-472" lat="48.7670803" lon="11.4379536" visible="true" />
  <node id="-473" lat="48.7670949" lon="11.4380340" visible="true" />
  <node id="-474" lat="48.7670092" lon="11.4380697" visible="true" />
  <node id="-475" lat="48.7669945" lon="11.4379893" visible="true" />
  <node id="-476" lat="48.7668567" lon="11.4374558" visible="true" />
  <node id="-477" lat="48.7668677" lon="11.4376181" visible="true" />
  <node id="-478" lat="48.7667774" lon="11.4376321" visible="true" />
  <node id="-479" lat="48.7667664" lon="11.4374698" visible="true" />
  <node id="-480" lat="48.7671671" lon="11.4387632" visible="true" />
  <node id="-481" lat="48.7672145" lon="11.4389150" visible="true" />
  <node id="-482" lat="48.7671112" lon="11.4389892" visible="true" />
  <node id="-483" lat="48.7670638" lon="11.4388374" visible="true" />
  <node id="-484" lat="48.7668923" lon="11.4383765" visible="true" />
  <node id="-485" lat="48.7668628" lon="11.4384562" visible="true" />
  <node id="-486" lat="48.7667785" lon="11.4383843" visible="true" />
  <node id="-487" lat="48.7668080" lon="11.4383046" visible="true" />
  <node id="-488" lat="48.7689099" lon="11.4457550" visible="true" />
  <node id="-489" lat="48.7690242" lon="11.4457150" visible="true" />
  <node id="-490" lat="48.7690558" lon="11.4459228" visible="true" />
  <node id="-491" lat="48.7689415" lon="11.4459628" visible="true" />
  <node id="-492" lat="48.7689628" lon="11.4460858" visible="true" />
  <node id="-493" lat="48.7690876" lon="11.4460460" visible="true" />
  <node id="-494" lat="48.7691297" lon="11.4463496" visible="true" />
  <node id="-495" lat="48.7690049" lon="11.4463895" visible="true" />
  <node id="-496" lat="48.7690152" lon="11.4464408" visible="true" />
  <node id="-497" lat="48.7691040" lon="11.4464091" visible="true" />
  <node id="-498" lat="48.7691308" lon="11.4465817" visible="true" />
  <node id="-499" lat="48.7690419" lon="11.4466134" visible="true" />
  <node id="-500" lat="48.7685835" lon="11.4464854" visible="true" />
  <node id="-501" lat="48.7684677" lon="11.4465254" visible="true" />
  <node id="-502" lat="48.7684367" lon="11.4463185" visible="true" />
  <node id="-503" lat="48.7685525" lon="11.4462785" visible="true" />
  <node id="-504" lat="48.7684519" lon="11.4459659" visible="true" />
  <node id="-505" lat="48.7684782" lon="11.4461977" visible="true" />
  <node id="-506" lat="48.7683748" lon="11.4462247" visible="true" />
  <node id="-507" lat="48.7683485" lon="11.4459930" visible="true" />
  <node id="-508" lat="48.7688048" lon="11.4462377" visible="true" />
  <node id="-509" lat="48.7688290" lon="11.4464138" visible="true" />
  <node id="-510" lat="48.7687026" lon="11.4464538" visible="true" />
  <node id="-511" lat="48.7686784" lon="11.4462776" visible="true" />
  <node id="-512" lat="48.7687363" lon="11.4458780" visible="true" />
  <node id="-513" lat="48.7687623" lon="11.4460257" visible="true" />
  <node id="-514" lat="48.7686833" lon="11.4460577" visible="true" />
  <node id="-515" lat="48.7686573" lon="11.4459100" visible="true" />
  <node id="-516" lat="48.7683202" lon="11.4457581" visible="true" />
  <node id="-517" lat="48.7682675" lon="11.4455024" visible="true" />
  <node id="-518" lat="48.7684031" lon="11.4454381" visible="true" />
  <node id="-519" lat="48.7684557" lon="11.4456939" visible="true" />
  <node id="-520" lat="48.7685768" lon="11.4454507" visible="true" />
  <node id="-521" lat="48.7685926" lon="11.4456345" visible="true" />
  <node id="-522" lat="48.7684830" lon="11.4456562" visible="true" />
  <node id="-523" lat="48.7684672" lon="11.4454724" visible="true" />
  <node id="-524" lat="48.7688680" lon="11.4455423" visible="true" />
  <node id="-525" lat="48.7688259" lon="11.4453266" visible="true" />
  <node id="-526" lat="48.7689390" lon="11.4452757" visible="true" />
  <node id="-527" lat="48.7689812" lon="11.4454915" visible="true" />
  <node id="-528" lat="48.7686955" lon="11.4455839" visible="true" />
  <node id="-529" lat="48.7686692" lon="11.4454320" visible="true" />
  <node id="-530" lat="48.7687657" lon="11.4453935" visible="true" />
  <node id="-531" lat="48.7687920" lon="11.4455454" visible="true" />
  <node id="-532" lat="48.7682728" lon="11.4453905" visible="true" />
  <node id="-533" lat="48.7682396" lon="11.4452394" visible="true" />
  <node id="-534" lat="48.7683502" lon="11.4451835" visible="true" />
  <node id="-535" lat="48.7683834" lon="11.4453345" visible="true" />
  <node id="-536" lat="48.7681832" lon="11.4450468" visible="true" />
  <node id="-537" lat="48.7683097" lon="11.4449869" visible="true" />
  <node id="-538" lat="48.7683360" lon="11.4451147" visible="true" />
  <node id="-539" lat="48.7682095" lon="11.4451747" visible="true" />
  <node id="-540" lat="48.7681607" lon="11.4447183" visible="true" />
  <node id="-541" lat="48.7682773" lon="11.4446571" visible="true" />
  <node id="-542" lat="48.7683247" lon="11.4448648" visible="true" />
  <node id="-543" lat="48.7682081" lon="11.4449261" visible="true" />
  <node id="-544" lat="48.7683146" lon="11.4444095" visible="true" />
  <node id="-545" lat="48.7683414" lon="11.4445319" visible="true" />
  <node id="-546" lat="48.7682590" lon="11.4445733" visible="true" />
  <node id="-547" lat="48.7682323" lon="11.4444508" visible="true" />
  <node id="-548" lat="48.7686125" lon="11.4446568" visible="true" />
  <node id="-549" lat="48.7685411" lon="11.4446984" visible="true" />
  <node id="-550" lat="48.7684835" lon="11.4444554" visible="true" />
  <node id="-551" lat="48.7686444" lon="11.4443524" visible="true" />
  <node id="-552" lat="48.7686768" lon="11.4444804" visible="true" />
  <node id="-553" lat="48.7685830" lon="11.4445404" visible="true" />
  <node id="-554" lat="48.7681184" lon="11.4441962" visible="true" />
  <node id="-555" lat="48.7681422" lon="11.4443155" visible="true" />
  <node id="-556" lat="48.7680622" lon="11.4443522" visible="true" />
  <node id="-557" lat="48.7680384" lon="11.4442330" visible="true" />
  <node id="-558" lat="48.7681727" lon="11.4444235" visible="true" />
  <node id="-559" lat="48.7682038" lon="11.4445811" visible="true" />
  <node id="-560" lat="48.7680985" lon="11.4446290" visible="true" />
  <node id="-561" lat="48.7680673" lon="11.4444714" visible="true" />
  <node id="-562" lat="48.7684849" lon="11.4418621" visible="true" />
  <node id="-563" lat="48.7685442" lon="11.4418321" visible="true" />
  <node id="-564" lat="48.7685771" lon="11.4419820" visible="true" />
  <node id="-565" lat="48.7685178" lon="11.4420120" visible="true" />
  <node id="-566" lat="48.7686413" lon="11.4416998" visible="true" />
  <node id="-567" lat="48.7687327" lon="11.4416557" visible="true" />
  <node id="-568" lat="48.7687903" lon="11.4419304" visible="true" />
  <node id="-569" lat="48.7686989" lon="11.4419745" visible="true" />
  <node id="-570" lat="48.7685142" lon="11.4424256" visible="true" />
  <node id="-571" lat="48.7685476" lon="11.4425648" visible="true" />
  <node id="-572" lat="48.7684317" lon="11.4426287" visible="true" />
  <node id="-573" lat="48.7683983" lon="11.4424895" visible="true" />
  <node id="-574" lat="48.7685774" lon="11.4426893" visible="true" />
  <node id="-575" lat="48.7685969" lon="11.4428195" visible="true" />
  <node id="-576" lat="48.7684810" lon="11.4428595" visible="true" />
  <node id="-577" lat="48.7684615" lon="11.4427293" visible="true" />
  <node id="-578" lat="48.7685300" lon="11.4430569" visible="true" />
  <node id="-579" lat="48.7686406" lon="11.4429850" visible="true" />
  <node id="-580" lat="48.7686719" lon="11.4430959" visible="true" />
  <node id="-581" lat="48.7685613" lon="11.4431679" visible="true" />
  <node id="-582" lat="48.7682403" lon="11.4413546" visible="true" />
  <node id="-583" lat="48.7683455" lon="11.4413487" visible="true" />
  <node id="-584" lat="48.7683508" lon="11.4415645" visible="true" />
  <node id="-585" lat="48.7682455" lon="11.4415704" visible="true" />
  <node id="-586" lat="48.7682424" lon="11.4414435" visible="true" />
  <node id="-587" lat="48.7687512" lon="11.4414985" visible="true" />
  <node id="-588" lat="48.7687271" lon="11.4413435" visible="true" />
  <node id="-589" lat="48.7689272" lon="11.4412716" visible="true" />
  <node id="-590" lat="48.7689514" lon="11.4414265" visible="true" />
  <node id="-591" lat="48.7691726" lon="11.4417622" visible="true" />
  <node id="-592" lat="48.7688987" lon="11.4418821" visible="true" />
  <node id="-593" lat="48.7688713" lon="11.4417377" visible="true" />
  <node id="-594" lat="48.7691452" lon="11.4416178" visible="true" />
  <node id="-595" lat="48.7687407" lon="11.4427692" visible="true" />
  <node id="-596" lat="48.7687193" lon="11.4426502" visible="true" />
  <node id="-597" lat="48.7688352" lon="11.4426022" visible="true" />
  <node id="-598" lat="48.7688566" lon="11.4427213" visible="true" />
  <node id="-599" lat="48.7688935" lon="11.4424256" visible="true" />
  <node id="-600" lat="48.7686880" lon="11.4425295" visible="true" />
  <node id="-601" lat="48.7686569" lon="11.4423880" visible="true" />
  <node id="-602" lat="48.7688624" lon="11.4422841" visible="true" />
  <node id="-603" lat="48.7686828" lon="11.4432008" visible="true" />
  <node id="-604" lat="48.7687618" lon="11.4435205" visible="true" />
  <node id="-605" lat="48.7686931" lon="11.4435596" visible="true" />
  <node id="-606" lat="48.7686141" lon="11.4432399" visible="true" />
  <node id="-607" lat="48.7690926" lon="11.4437586" visible="true" />
  <node id="-608" lat="48.7689873" lon="11.4438065" visible="true" />
  <node id="-609" lat="48.7689599" lon="11.4436680" visible="true" />
  <node id="-610" lat="48.7690652" lon="11.4436201" visible="true" />
  <node id="-611" lat="48.7689985" lon="11.4434740" visible="true" />
  <node id="-612" lat="48.7690298" lon="11.4436323" visible="true" />
  <node id="-613" lat="48.7689309" lon="11.4436772" visible="true" />
  <node id="-614" lat="48.7688996" lon="11.4435189" visible="true" />
  <node id="-615" lat="48.7691410" lon="11.4428971" visible="true" />
  <node id="-616" lat="48.7692095" lon="11.4432168" visible="true" />
  <node id="-617" lat="48.7690684" lon="11.4432864" visible="true" />
  <node id="-618" lat="48.7689999" lon="11.4429667" visible="true" />
  <node id="-619" lat="48.7693939" lon="11.4428092" visible="true" />
  <node id="-620" lat="48.7694624" lon="11.4430969" visible="true" />
  <node id="-621" lat="48.7693188" lon="11.4431755" visible="true" />
  <node id="-622" lat="48.7692503" lon="11.4428878" visible="true" />
  <node id="-623" lat="48.7695256" lon="11.4432887" visible="true" />
  <node id="-624" lat="48.7695798" lon="11.4435439" visible="true" />
  <node id="-625" lat="48.7694165" lon="11.4436238" visible="true" />
  <node id="-626" lat="48.7693623" lon="11.4433686" visible="true" />
  <node id="-627" lat="48.7693050" lon="11.4434561" visible="true" />
  <node id="-628" lat="48.7693567" lon="11.4436951" visible="true" />
  <node id="-629" lat="48.7691976" lon="11.4437743" visible="true" />
  <node id="-630" lat="48.7691459" lon="11.4435353" visible="true" />
  <node id="-631" lat="48.7690199" lon="11.4411388" visible="true" />
  <node id="-632" lat="48.7691202" lon="11.4411177" visible="true" />
  <node id="-633" lat="48.7691466" lon="11.4414054" visible="true" />
  <node id="-634" lat="48.7690462" lon="11.4414266" visible="true" />
  <node id="-635" lat="48.7684615" lon="11.4422018" visible="true" />
  <node id="-636" lat="48.7684615" lon="11.4423536" visible="true" />
  <node id="-637" lat="48.7683825" lon="11.4423536" visible="true" />
  <node id="-638" lat="48.7683825" lon="11.4422018" visible="true" />
  <node id="-639" lat="48.7684141" lon="11.4421139" visible="true" />
  <node id="-640" lat="48.7684113" lon="11.4421869" visible="true" />
  <node id="-641" lat="48.7683572" lon="11.4421821" visible="true" />
  <node id="-642" lat="48.7683600" lon="11.4421091" visible="true" />
  <node id="-643" lat="48.7682805" lon="11.4417909" visible="true" />
  <node id="-644" lat="48.7684023" lon="11.4417404" visible="true" />
  <node id="-645" lat="48.7684428" lon="11.4419655" visible="true" />
  <node id="-646" lat="48.7683209" lon="11.4420159" visible="true" />
  <node id="-647" lat="48.7689574" lon="11.4432498" visible="true" />
  <node id="-648" lat="48.7689804" lon="11.4434019" visible="true" />
  <node id="-649" lat="48.7688377" lon="11.4434526" visible="true" />
  <node id="-650" lat="48.7688147" lon="11.4433005" visible="true" />
  <node id="-651" lat="48.7689743" lon="11.4428662" visible="true" />
  <node id="-652" lat="48.7689375" lon="11.4426762" visible="true" />
  <node id="-653" lat="48.7691094" lon="11.4425995" visible="true" />
  <node id="-654" lat="48.7691462" lon="11.4427895" visible="true" />
  <node id="-655" lat="48.7693653" lon="11.4424979" visible="true" />
  <node id="-656" lat="48.7693915" lon="11.4426915" visible="true" />
  <node id="-657" lat="48.7692600" lon="11.4427324" visible="true" />
  <node id="-658" lat="48.7692339" lon="11.4425389" visible="true" />
  <node id="-659" lat="48.7684956" lon="11.4414085" visible="true" />
  <node id="-660" lat="48.7683540" lon="11.4414365" visible="true" />
  <node id="-661" lat="48.7683439" lon="11.4413188" visible="true" />
  <node id="-662" lat="48.7684855" lon="11.4412908" visible="true" />
  <node id="-663" lat="48.7688091" lon="11.4420376" visible="true" />
  <node id="-664" lat="48.7688344" lon="11.4421720" visible="true" />
  <node id="-665" lat="48.7686928" lon="11.4422334" visible="true" />
  <node id="-666" lat="48.7686675" lon="11.4420990" visible="true" />
  <node id="-667" lat="48.7692406" lon="11.4418739" visible="true" />
  <node id="-668" lat="48.7692652" lon="11.4420118" visible="true" />
  <node id="-669" lat="48.7691404" lon="11.4420629" visible="true" />
  <node id="-670" lat="48.7691159" lon="11.4419251" visible="true" />
  <node id="-671" lat="48.7692811" lon="11.4420939" visible="true" />
  <node id="-672" lat="48.7693122" lon="11.4422246" visible="true" />
  <node id="-673" lat="48.7692234" lon="11.4422732" visible="true" />
  <node id="-674" lat="48.7692411" lon="11.4423636" visible="true" />
  <node id="-675" lat="48.7691280" lon="11.4424105" visible="true" />
  <node id="-676" lat="48.7691071" lon="11.4422883" visible="true" />
  <node id="-677" lat="48.7691835" lon="11.4422602" visible="true" />
  <node id="-678" lat="48.7691597" lon="11.4421603" visible="true" />
  <node id="-679" lat="48.7695886" lon="11.4422842" visible="true" />
  <node id="-680" lat="48.7696087" lon="11.4423864" visible="true" />
  <node id="-681" lat="48.7695165" lon="11.4424279" visible="true" />
  <node id="-682" lat="48.7694964" lon="11.4423256" visible="true" />
  <node id="-683" lat="48.7696872" lon="11.4425226" visible="true" />
  <node id="-684" lat="48.7697032" lon="11.4426517" visible="true" />
  <node id="-685" lat="48.7695696" lon="11.4426896" visible="true" />
  <node id="-686" lat="48.7695536" lon="11.4425605" visible="true" />
  <node id="-687" lat="48.7697660" lon="11.4422114" visible="true" />
  <node id="-688" lat="48.7697938" lon="11.4423884" visible="true" />
  <node id="-689" lat="48.7696679" lon="11.4424336" visible="true" />
  <node id="-690" lat="48.7696401" lon="11.4422566" visible="true" />
  <node id="-691" lat="48.7698903" lon="11.4420498" visible="true" />
  <node id="-692" lat="48.7699112" lon="11.4421830" visible="true" />
  <node id="-693" lat="48.7698270" lon="11.4422133" visible="true" />
  <node id="-694" lat="48.7698061" lon="11.4420801" visible="true" />
  <node id="-695" lat="48.7696664" lon="11.4417281" visible="true" />
  <node id="-696" lat="48.7696873" lon="11.4418746" visible="true" />
  <node id="-697" lat="48.7695352" lon="11.4419243" visible="true" />
  <node id="-698" lat="48.7695143" lon="11.4417778" visible="true" />
  <node id="-699" lat="48.7696010" lon="11.4421199" visible="true" />
  <node id="-700" lat="48.7696496" lon="11.4421038" visible="true" />
  <node id="-701" lat="48.7696629" lon="11.4421964" visible="true" />
  <node id="-702" lat="48.7696144" lon="11.4422125" visible="true" />
  <node id="-703" lat="48.7695062" lon="11.4416075" visible="true" />
  <node id="-704" lat="48.7693990" lon="11.4416434" visible="true" />
  <node id="-705" lat="48.7693745" lon="11.4414760" visible="true" />
  <node id="-706" lat="48.7694554" lon="11.4414490" visible="true" />
  <node id="-707" lat="48.7694621" lon="11.4414944" visible="true" />
  <node id="-708" lat="48.7694884" lon="11.4414856" visible="true" />
  <node id="-709" lat="48.7698333" lon="11.4428007" visible="true" />
  <node id="-710" lat="48.7698673" lon="11.4429751" visible="true" />
  <node id="-711" lat="48.7697777" lon="11.4430150" visible="true" />
  <node id="-712" lat="48.7697438" lon="11.4428405" visible="true" />
  <node id="-713" lat="48.7697433" lon="11.4430446" visible="true" />
  <node id="-714" lat="48.7697666" lon="11.4431450" visible="true" />
  <node id="-715" lat="48.7697093" lon="11.4431756" visible="true" />
  <node id="-716" lat="48.7696859" lon="11.4430753" visible="true" />
  <node id="-717" lat="48.7697952" lon="11.4432005" visible="true" />
  <node id="-718" lat="48.7698833" lon="11.4431576" visible="true" />
  <node id="-719" lat="48.7699219" lon="11.4433388" visible="true" />
  <node id="-720" lat="48.7698107" lon="11.4433929" visible="true" />
  <node id="-721" lat="48.7697829" lon="11.4432625" visible="true" />
  <node id="-722" lat="48.7698060" lon="11.4432513" visible="true" />
  <node id="-723" lat="48.7700018" lon="11.4422347" visible="true" />
  <node id="-724" lat="48.7700840" lon="11.4422062" visible="true" />
  <node id="-725" lat="48.7701077" lon="11.4423635" visible="true" />
  <node id="-726" lat="48.7700255" lon="11.4423919" visible="true" />
  <node id="-727" lat="48.7700253" lon="11.4408979" visible="true" />
  <node id="-728" lat="48.7700604" lon="11.4411516" visible="true" />
  <node id="-729" lat="48.7699188" lon="11.4411964" visible="true" />
  <node id="-730" lat="48.7698837" lon="11.4409427" visible="true" />
  <node id="-731" lat="48.7700311" lon="11.4412361" visible="true" />
  <node id="-732" lat="48.7700644" lon="11.4414892" visible="true" />
  <node id="-733" lat="48.7699310" lon="11.4415293" visible="true" />
  <node id="-734" lat="48.7698978" lon="11.4412762" visible="true" />
  <node id="-735" lat="48.7697420" lon="11.4409977" visible="true" />
  <node id="-736" lat="48.7697607" lon="11.4411837" visible="true" />
  <node id="-737" lat="48.7697145" lon="11.4411943" visible="true" />
  <node id="-738" lat="48.7696460" lon="11.4412100" visible="true" />
  <node id="-739" lat="48.7696402" lon="11.4411530" visible="true" />
  <node id="-740" lat="48.7696273" lon="11.4410241" visible="true" />
  <node id="-741" lat="48.7703128" lon="11.4423142" visible="true" />
  <node id="-742" lat="48.7703231" lon="11.4423885" visible="true" />
  <node id="-743" lat="48.7703413" lon="11.4425201" visible="true" />
  <node id="-744" lat="48.7703500" lon="11.4425830" visible="true" />
  <node id="-745" lat="48.7702524" lon="11.4426139" visible="true" />
  <node id="-746" lat="48.7702153" lon="11.4423450" visible="true" />
  <node id="-747" lat="48.7701496" lon="11.4427651" visible="true" />
  <node id="-748" lat="48.7701770" lon="11.4429126" visible="true" />
  <node id="-749" lat="48.7701097" lon="11.4429412" visible="true" />
  <node id="-750" lat="48.7700823" lon="11.4427937" visible="true" />
  <node id="-751" lat="48.7702372" lon="11.4430335" visible="true" />
  <node id="-752" lat="48.7702512" lon="11.4431207" visible="true" />
  <node id="-753" lat="48.7702569" lon="11.4431565" visible="true" />
  <node id="-754" lat="48.7701670" lon="11.4431894" visible="true" />
  <node id="-755" lat="48.7701473" lon="11.4430665" visible="true" />
  <node id="-756" lat="48.7700800" lon="11.4430959" visible="true" />
  <node id="-757" lat="48.7701020" lon="11.4432117" visible="true" />
  <node id="-758" lat="48.7700119" lon="11.4432508" visible="true" />
  <node id="-759" lat="48.7699899" lon="11.4431350" visible="true" />
  <node id="-760" lat="48.7700503" lon="11.4429211" visible="true" />
  <node id="-761" lat="48.7700642" lon="11.4429956" visible="true" />
  <node id="-762" lat="48.7699939" lon="11.4430257" visible="true" />
  <node id="-763" lat="48.7699799" lon="11.4429511" visible="true" />
  <node id="-764" lat="48.7702855" lon="11.4429422" visible="true" />
  <node id="-765" lat="48.7703834" lon="11.4429062" visible="true" />
  <node id="-766" lat="48.7704165" lon="11.4431120" visible="true" />
  <node id="-767" lat="48.7703186" lon="11.4431481" visible="true" />
  <node id="-768" lat="48.7704565" lon="11.4429795" visible="true" />
  <node id="-769" lat="48.7705292" lon="11.4429560" visible="true" />
  <node id="-770" lat="48.7705455" lon="11.4430713" visible="true" />
  <node id="-771" lat="48.7704728" lon="11.4430947" visible="true" />
  <node id="-772" lat="48.7703490" lon="11.4415833" visible="true" />
  <node id="-773" lat="48.7703412" lon="11.4415280" visible="true" />
  <node id="-774" lat="48.7703036" lon="11.4415401" visible="true" />
  <node id="-775" lat="48.7703127" lon="11.4416051" visible="true" />
  <node id="-776" lat="48.7702424" lon="11.4416276" visible="true" />
  <node id="-777" lat="48.7701995" lon="11.4413214" visible="true" />
  <node id="-778" lat="48.7702721" lon="11.4412981" visible="true" />
  <node id="-779" lat="48.7702890" lon="11.4414185" visible="true" />
  <node id="-780" lat="48.7703423" lon="11.4414015" visible="true" />
  <node id="-781" lat="48.7703256" lon="11.4412820" visible="true" />
  <node id="-782" lat="48.7703904" lon="11.4412612" visible="true" />
  <node id="-783" lat="48.7704225" lon="11.4414907" visible="true" />
  <node id="-784" lat="48.7704767" lon="11.4414733" visible="true" />
  <node id="-785" lat="48.7704923" lon="11.4415844" visible="true" />
  <node id="-786" lat="48.7704254" lon="11.4416058" visible="true" />
  <node id="-787" lat="48.7704191" lon="11.4415608" visible="true" />
  <node id="-788" lat="48.7703633" lon="11.4408503" visible="true" />
  <node id="-789" lat="48.7703835" lon="11.4410354" visible="true" />
  <node id="-790" lat="48.7701944" lon="11.4410829" visible="true" />
  <node id="-791" lat="48.7701741" lon="11.4408978" visible="true" />
  <node id="-792" lat="48.7706620" lon="11.4411250" visible="true" />
  <node id="-793" lat="48.7706835" lon="11.4412922" visible="true" />
  <node id="-794" lat="48.7705682" lon="11.4413261" visible="true" />
  <node id="-795" lat="48.7705467" lon="11.4411589" visible="true" />
  <node id="-796" lat="48.7706416" lon="11.4411310" visible="true" />
  <node id="-797" lat="48.7708068" lon="11.4422332" visible="true" />
  <node id="-798" lat="48.7708315" lon="11.4425584" visible="true" />
  <node id="-799" lat="48.7707392" lon="11.4425745" visible="true" />
  <node id="-800" lat="48.7707145" lon="11.4422492" visible="true" />
  <node id="-801" lat="48.7707338" lon="11.4426702" visible="true" />
  <node id="-802" lat="48.7708384" lon="11.4426507" visible="true" />
  <node id="-803" lat="48.7708473" lon="11.4427601" visible="true" />
  <node id="-804" lat="48.7707426" lon="11.4427795" visible="true" />
  <node id="-805" lat="48.7708547" lon="11.4428567" visible="true" />
  <node id="-806" lat="48.7708689" lon="11.4430080" visible="true" />
  <node id="-807" lat="48.7707142" lon="11.4430413" visible="true" />
  <node id="-808" lat="48.7707061" lon="11.4429558" visible="true" />
  <node id="-809" lat="48.7707575" lon="11.4429447" visible="true" />
  <node id="-810" lat="48.7707513" lon="11.4428789" visible="true" />
  <node id="-811" lat="48.7707077" lon="11.4413670" visible="true" />
  <node id="-812" lat="48.7707265" lon="11.4415001" visible="true" />
  <node id="-813" lat="48.7707056" lon="11.4415069" visible="true" />
  <node id="-814" lat="48.7707117" lon="11.4415500" visible="true" />
  <node id="-815" lat="48.7706027" lon="11.4415852" visible="true" />
  <node id="-816" lat="48.7705778" lon="11.4414089" visible="true" />
  <node id="-817" lat="48.7706874" lon="11.4415959" visible="true" />
  <node id="-818" lat="48.7707108" lon="11.4417324" visible="true" />
  <node id="-819" lat="48.7705045" lon="11.4418133" visible="true" />
  <node id="-820" lat="48.7704811" lon="11.4416768" visible="true" />
  <node id="-821" lat="48.7704732" lon="11.4416798" visible="true" />
  <node id="-822" lat="48.7705003" lon="11.4418409" visible="true" />
  <node id="-823" lat="48.7704084" lon="11.4418763" visible="true" />
  <node id="-824" lat="48.7703813" lon="11.4417152" visible="true" />
  <node id="-825" lat="48.7703886" lon="11.4422388" visible="true" />
  <node id="-826" lat="48.7704057" lon="11.4423624" visible="true" />
  <node id="-827" lat="48.7703060" lon="11.4422649" visible="true" />
  <node id="-828" lat="48.7704230" lon="11.4424943" visible="true" />
  <node id="-829" lat="48.7704380" lon="11.4426034" visible="true" />
  <node id="-830" lat="48.7703564" lon="11.4426292" visible="true" />
  <node id="-831" lat="48.7677073" lon="11.4390942" visible="true" />
  <node id="-832" lat="48.7677886" lon="11.4390556" visible="true" />
  <node id="-833" lat="48.7678261" lon="11.4392376" visible="true" />
  <node id="-834" lat="48.7677448" lon="11.4392762" visible="true" />
  <node id="-835" lat="48.7677629" lon="11.4393876" visible="true" />
  <node id="-836" lat="48.7678543" lon="11.4393422" visible="true" />
  <node id="-837" lat="48.7678910" lon="11.4395124" visible="true" />
  <node id="-838" lat="48.7677996" lon="11.4395577" visible="true" />
  <node id="-839" lat="48.7678639" lon="11.4396272" visible="true" />
  <node id="-840" lat="48.7679240" lon="11.4396126" visible="true" />
  <node id="-841" lat="48.7679409" lon="11.4397725" visible="true" />
  <node id="-842" lat="48.7678807" lon="11.4397871" visible="true" />
  <node id="-843" lat="48.7681555" lon="11.4409073" visible="true" />
  <node id="-844" lat="48.7682608" lon="11.4408714" visible="true" />
  <node id="-845" lat="48.7682987" lon="11.4411271" visible="true" />
  <node id="-846" lat="48.7681934" lon="11.4411631" visible="true" />
  <node id="-847" lat="48.7681049" lon="11.4405301" visible="true" />
  <node id="-848" lat="48.7682033" lon="11.4404936" visible="true" />
  <node id="-849" lat="48.7682496" lon="11.4407814" visible="true" />
  <node id="-850" lat="48.7681513" lon="11.4408178" visible="true" />
  <node id="-851" lat="48.7680670" lon="11.4402424" visible="true" />
  <node id="-852" lat="48.7681577" lon="11.4402132" visible="true" />
  <node id="-853" lat="48.7681872" lon="11.4404242" visible="true" />
  <node id="-854" lat="48.7680965" lon="11.4404534" visible="true" />
  <node id="-855" lat="48.7682291" lon="11.4401803" visible="true" />
  <node id="-856" lat="48.7682832" lon="11.4401629" visible="true" />
  <node id="-857" lat="48.7683022" lon="11.4402996" visible="true" />
  <node id="-858" lat="48.7682481" lon="11.4403169" visible="true" />
  <node id="-859" lat="48.7687918" lon="11.4404406" visible="true" />
  <node id="-860" lat="48.7688125" lon="11.4406081" visible="true" />
  <node id="-861" lat="48.7684754" lon="11.4407040" visible="true" />
  <node id="-862" lat="48.7684547" lon="11.4405365" visible="true" />
  <node id="-863" lat="48.7685687" lon="11.4408827" visible="true" />
  <node id="-864" lat="48.7686228" lon="11.4408688" visible="true" />
  <node id="-865" lat="48.7686396" lon="11.4410192" visible="true" />
  <node id="-866" lat="48.7685855" lon="11.4410331" visible="true" />
  <node id="-867" lat="48.7685480" lon="11.4398104" visible="true" />
  <node id="-868" lat="48.7685688" lon="11.4399751" visible="true" />
  <node id="-869" lat="48.7687178" lon="11.4399321" visible="true" />
  <node id="-870" lat="48.7687383" lon="11.4401031" visible="true" />
  <node id="-871" lat="48.7685917" lon="11.4401562" visible="true" />
  <node id="-872" lat="48.7686070" lon="11.4402771" visible="true" />
  <node id="-873" lat="48.7684918" lon="11.4403106" visible="true" />
  <node id="-874" lat="48.7684328" lon="11.4398439" visible="true" />
  <node id="-875" lat="48.7682903" lon="11.4390536" visible="true" />
  <node id="-876" lat="48.7683117" lon="11.4392229" visible="true" />
  <node id="-877" lat="48.7679802" lon="11.4393191" visible="true" />
  <node id="-878" lat="48.7679651" lon="11.4391988" visible="true" />
  <node id="-879" lat="48.7679589" lon="11.4391498" visible="true" />
  <node id="-880" lat="48.7680045" lon="11.4391366" visible="true" />
  <node id="-881" lat="48.7683183" lon="11.4393988" visible="true" />
  <node id="-882" lat="48.7683411" lon="11.4395959" visible="true" />
  <node id="-883" lat="48.7682333" lon="11.4396244" visible="true" />
  <node id="-884" lat="48.7682105" lon="11.4394273" visible="true" />
  <node id="-885" lat="48.7680399" lon="11.4388730" visible="true" />
  <node id="-886" lat="48.7680588" lon="11.4390227" visible="true" />
  <node id="-887" lat="48.7679926" lon="11.4390420" visible="true" />
  <node id="-888" lat="48.7679055" lon="11.4392160" visible="true" />
  <node id="-889" lat="48.7678791" lon="11.4390072" visible="true" />
  <node id="-890" lat="48.7678965" lon="11.4390022" visible="true" />
  <node id="-891" lat="48.7678858" lon="11.4389177" visible="true" />
  <node id="-892" lat="48.7686225" lon="11.4390629" visible="true" />
  <node id="-893" lat="48.7686935" lon="11.4396102" visible="true" />
  <node id="-894" lat="48.7684327" lon="11.4396876" visible="true" />
  <node id="-895" lat="48.7683617" lon="11.4391404" visible="true" />
  <node id="-896" lat="48.7690051" lon="11.4406504" visible="true" />
  <node id="-897" lat="48.7690853" lon="11.4406417" visible="true" />
  <node id="-898" lat="48.7690980" lon="11.4409102" visible="true" />
  <node id="-899" lat="48.7690177" lon="11.4409189" visible="true" />
  <node id="-900" lat="48.7689014" lon="11.4392450" visible="true" />
  <node id="-901" lat="48.7690152" lon="11.4392450" visible="true" />
  <node id="-902" lat="48.7690152" lon="11.4393729" visible="true" />
  <node id="-903" lat="48.7689014" lon="11.4393729" visible="true" />
  <node id="-904" lat="48.7688268" lon="11.4386768" visible="true" />
  <node id="-905" lat="48.7688457" lon="11.4388856" visible="true" />
  <node id="-906" lat="48.7687235" lon="11.4389111" visible="true" />
  <node id="-907" lat="48.7687046" lon="11.4387024" visible="true" />
  <node id="-908" lat="48.7688057" lon="11.4388942" visible="true" />
  <node id="-909" lat="48.7688225" lon="11.4390796" visible="true" />
  <node id="-910" lat="48.7686956" lon="11.4391061" visible="true" />
  <node id="-911" lat="48.7686788" lon="11.4389207" visible="true" />
  <node id="-912" lat="48.7690278" lon="11.4396862" visible="true" />
  <node id="-913" lat="48.7690278" lon="11.4398204" visible="true" />
  <node id="-914" lat="48.7689309" lon="11.4398204" visible="true" />
  <node id="-915" lat="48.7689309" lon="11.4396862" visible="true" />
  <node id="-916" lat="48.7690447" lon="11.4399163" visible="true" />
  <node id="-917" lat="48.7690447" lon="11.4400506" visible="true" />
  <node id="-918" lat="48.7688972" lon="11.4400506" visible="true" />
  <node id="-919" lat="48.7688972" lon="11.4399163" visible="true" />
  <node id="-920" lat="48.7688544" lon="11.4396640" visible="true" />
  <node id="-921" lat="48.7688617" lon="11.4397681" visible="true" />
  <node id="-922" lat="48.7687882" lon="11.4397798" visible="true" />
  <node id="-923" lat="48.7687810" lon="11.4396757" visible="true" />
  <node id="-924" lat="48.7690684" lon="11.4400922" visible="true" />
  <node id="-925" lat="48.7690766" lon="11.4403023" visible="true" />
  <node id="-926" lat="48.7689244" lon="11.4403160" visible="true" />
  <node id="-927" lat="48.7689183" lon="11.4401596" visible="true" />
  <node id="-928" lat="48.7689539" lon="11.4401564" visible="true" />
  <node id="-929" lat="48.7689518" lon="11.4401027" visible="true" />
  <node id="-930" lat="48.7690801" lon="11.4403952" visible="true" />
  <node id="-931" lat="48.7690857" lon="11.4405451" visible="true" />
  <node id="-932" lat="48.7689903" lon="11.4405533" visible="true" />
  <node id="-933" lat="48.7689847" lon="11.4404034" visible="true" />
  <node id="-934" lat="48.7693130" lon="11.4392990" visible="true" />
  <node id="-935" lat="48.7693205" lon="11.4395236" visible="true" />
  <node id="-936" lat="48.7691973" lon="11.4395330" visible="true" />
  <node id="-937" lat="48.7691898" lon="11.4393084" visible="true" />
  <node id="-938" lat="48.7693247" lon="11.4395784" visible="true" />
  <node id="-939" lat="48.7693317" lon="11.4397833" visible="true" />
  <node id="-940" lat="48.7692065" lon="11.4397931" visible="true" />
  <node id="-941" lat="48.7692003" lon="11.4396103" visible="true" />
  <node id="-942" lat="48.7692747" lon="11.4396045" visible="true" />
  <node id="-943" lat="48.7692739" lon="11.4395824" visible="true" />
  <node id="-944" lat="48.7693176" lon="11.4399750" visible="true" />
  <node id="-945" lat="48.7693264" lon="11.4401542" visible="true" />
  <node id="-946" lat="48.7692193" lon="11.4401662" visible="true" />
  <node id="-947" lat="48.7692106" lon="11.4399871" visible="true" />
  <node id="-948" lat="48.7693510" lon="11.4402238" visible="true" />
  <node id="-949" lat="48.7693628" lon="11.4404853" visible="true" />
  <node id="-950" lat="48.7692286" lon="11.4404993" visible="true" />
  <node id="-951" lat="48.7692168" lon="11.4402377" visible="true" />
  <node id="-952" lat="48.7696051" lon="11.4405429" visible="true" />
  <node id="-953" lat="48.7696954" lon="11.4408100" visible="true" />
  <node id="-954" lat="48.7693120" lon="11.4408995" visible="true" />
  <node id="-955" lat="48.7692217" lon="11.4406324" visible="true" />
  <node id="-956" lat="48.7696852" lon="11.4403319" visible="true" />
  <node id="-957" lat="48.7698296" lon="11.4402982" visible="true" />
  <node id="-958" lat="48.7698750" lon="11.4407458" visible="true" />
  <node id="-959" lat="48.7697306" lon="11.4407795" visible="true" />
  <node id="-960" lat="48.7674323" lon="11.4378202" visible="true" />
  <node id="-961" lat="48.7675461" lon="11.4377627" visible="true" />
  <node id="-962" lat="48.7675773" lon="11.4379046" visible="true" />
  <node id="-963" lat="48.7674635" lon="11.4379621" visible="true" />
  <node id="-964" lat="48.7675643" lon="11.4379672" visible="true" />
  <node id="-965" lat="48.7675932" lon="11.4381207" visible="true" />
  <node id="-966" lat="48.7674988" lon="11.4381617" visible="true" />
  <node id="-967" lat="48.7674699" lon="11.4380082" visible="true" />
  <node id="-968" lat="48.7676228" lon="11.4383220" visible="true" />
  <node id="-969" lat="48.7676589" lon="11.4384728" visible="true" />
  <node id="-970" lat="48.7675699" lon="11.4385219" visible="true" />
  <node id="-971" lat="48.7675338" lon="11.4383711" visible="true" />
  <node id="-972" lat="48.7677126" lon="11.4385114" visible="true" />
  <node id="-973" lat="48.7677212" lon="11.4386262" visible="true" />
  <node id="-974" lat="48.7675820" lon="11.4386502" visible="true" />
  <node id="-975" lat="48.7677972" lon="11.4383584" visible="true" />
  <node id="-976" lat="48.7679660" lon="11.4383185" visible="true" />
  <node id="-977" lat="48.7679771" lon="11.4383159" visible="true" />
  <node id="-978" lat="48.7679903" lon="11.4384441" visible="true" />
  <node id="-979" lat="48.7679937" lon="11.4384777" visible="true" />
  <node id="-980" lat="48.7678138" lon="11.4385202" visible="true" />
  <node id="-981" lat="48.7677275" lon="11.4379181" visible="true" />
  <node id="-982" lat="48.7677490" lon="11.4380982" visible="true" />
  <node id="-983" lat="48.7676543" lon="11.4381243" visible="true" />
  <node id="-984" lat="48.7676328" lon="11.4379442" visible="true" />
  <node id="-985" lat="48.7677550" lon="11.4382683" visible="true" />
  <node id="-986" lat="48.7677812" lon="11.4384244" visible="true" />
  <node id="-987" lat="48.7676943" lon="11.4384578" visible="true" />
  <node id="-988" lat="48.7676681" lon="11.4383016" visible="true" />
  <node id="-989" lat="48.7675834" lon="11.4374084" visible="true" />
  <node id="-990" lat="48.7676347" lon="11.4376130" visible="true" />
  <node id="-991" lat="48.7674727" lon="11.4377064" visible="true" />
  <node id="-992" lat="48.7674597" lon="11.4376548" visible="true" />
  <node id="-993" lat="48.7673542" lon="11.4376949" visible="true" />
  <node id="-994" lat="48.7673162" lon="11.4374804" visible="true" />
  <node id="-995" lat="48.7673932" lon="11.4374473" visible="true" />
  <node id="-996" lat="48.7674006" lon="11.4374877" visible="true" />
  <node id="-997" lat="48.7678099" lon="11.4374761" visible="true" />
  <node id="-998" lat="48.7678126" lon="11.4377053" visible="true" />
  <node id="-999" lat="48.7677101" lon="11.4377081" visible="true" />
  <node id="-1000" lat="48.7677074" lon="11.4374789" visible="true" />
  <node id="-1001" lat="48.7679124" lon="11.4375334" visible="true" />
  <node id="-1002" lat="48.7679124" lon="11.4377298" visible="true" />
  <node id="-1003" lat="48.7678153" lon="11.4377298" visible="true" />
  <node id="-1004" lat="48.7678153" lon="11.4375334" visible="true" />
  <node id="-1005" lat="48.7678962" lon="11.4379344" visible="true" />
  <node id="-1006" lat="48.7679259" lon="11.4381186" visible="true" />
  <node id="-1007" lat="48.7677938" lon="11.4381677" visible="true" />
  <node id="-1008" lat="48.7677640" lon="11.4379835" visible="true" />
  <node id="-1009" lat="48.7684136" lon="11.4379088" visible="true" />
  <node id="-1010" lat="48.7682840" lon="11.4379238" visible="true" />
  <node id="-1011" lat="48.7683084" lon="11.4382180" visible="true" />
  <node id="-1012" lat="48.7685423" lon="11.4381748" visible="true" />
  <node id="-1013" lat="48.7685252" lon="11.4379612" visible="true" />
  <node id="-1014" lat="48.7684188" lon="11.4379894" visible="true" />
  <node id="-1015" lat="48.7686187" lon="11.4380957" visible="true" />
  <node id="-1016" lat="48.7687275" lon="11.4381903" visible="true" />
  <node id="-1017" lat="48.7686800" lon="11.4383154" visible="true" />
  <node id="-1018" lat="48.7685712" lon="11.4382207" visible="true" />
  <node id="-1019" lat="48.7680931" lon="11.4378894" visible="true" />
  <node id="-1020" lat="48.7680418" lon="11.4379828" visible="true" />
  <node id="-1021" lat="48.7679609" lon="11.4378805" visible="true" />
  <node id="-1022" lat="48.7680122" lon="11.4377871" visible="true" />
  <node id="-1023" lat="48.7707826" lon="11.4404650" visible="true" />
  <node id="-1024" lat="48.7709200" lon="11.4405926" visible="true" />
  <node id="-1025" lat="48.7708670" lon="11.4407239" visible="true" />
  <node id="-1026" lat="48.7707297" lon="11.4405963" visible="true" />
  <node id="-1027" lat="48.7708341" lon="11.4407968" visible="true" />
  <node id="-1028" lat="48.7708000" lon="11.4408829" visible="true" />
  <node id="-1029" lat="48.7707532" lon="11.4408404" visible="true" />
  <node id="-1030" lat="48.7707873" lon="11.4407543" visible="true" />
  <node id="-1031" lat="48.7709002" lon="11.4409792" visible="true" />
  <node id="-1032" lat="48.7709287" lon="11.4411523" visible="true" />
  <node id="-1033" lat="48.7708075" lon="11.4411983" visible="true" />
  <node id="-1034" lat="48.7707790" lon="11.4410252" visible="true" />
  <node id="-1035" lat="48.7710359" lon="11.4407120" visible="true" />
  <node id="-1036" lat="48.7709834" lon="11.4408440" visible="true" />
  <node id="-1037" lat="48.7708971" lon="11.4407654" visible="true" />
  <node id="-1038" lat="48.7709497" lon="11.4406334" visible="true" />
  <node id="-1039" lat="48.7710815" lon="11.4407653" visible="true" />
  <node id="-1040" lat="48.7711858" lon="11.4408607" visible="true" />
  <node id="-1041" lat="48.7711308" lon="11.4409985" visible="true" />
  <node id="-1042" lat="48.7710264" lon="11.4409031" visible="true" />
  <node id="-1043" lat="48.7710112" lon="11.4409388" visible="true" />
  <node id="-1044" lat="48.7711523" lon="11.4417844" visible="true" />
  <node id="-1045" lat="48.7709044" lon="11.4418274" visible="true" />
  <node id="-1046" lat="48.7708883" lon="11.4417293" visible="true" />
  <node id="-1047" lat="48.7710558" lon="11.4416948" visible="true" />
  <node id="-1048" lat="48.7709959" lon="11.4413652" visible="true" />
  <node id="-1049" lat="48.7710065" lon="11.4413605" visible="true" />
  <node id="-1050" lat="48.7709626" lon="11.4411035" visible="true" />
  <node id="-1051" lat="48.7709305" lon="11.4411130" visible="true" />
  <node id="-1052" lat="48.7709092" lon="11.4409765" visible="true" />
  <node id="-1053" lat="48.7691349" lon="11.4452053" visible="true" />
  <node id="-1054" lat="48.7692342" lon="11.4451682" visible="true" />
  <node id="-1055" lat="48.7692752" lon="11.4454208" visible="true" />
  <node id="-1056" lat="48.7691760" lon="11.4454579" visible="true" />
  <node id="-1057" lat="48.7691812" lon="11.4455747" visible="true" />
  <node id="-1058" lat="48.7692780" lon="11.4455356" visible="true" />
  <node id="-1059" lat="48.7693212" lon="11.4457819" visible="true" />
  <node id="-1060" lat="48.7692244" lon="11.4458210" visible="true" />
  <node id="-1061" lat="48.7692090" lon="11.4459818" visible="true" />
  <node id="-1062" lat="48.7693193" lon="11.4459292" visible="true" />
  <node id="-1063" lat="48.7693771" lon="11.4462080" visible="true" />
  <node id="-1064" lat="48.7692668" lon="11.4462606" visible="true" />
  <node id="-1065" lat="48.7696889" lon="11.4450377" visible="true" />
  <node id="-1066" lat="48.7697212" lon="11.4451891" visible="true" />
  <node id="-1067" lat="48.7694912" lon="11.4453018" visible="true" />
  <node id="-1068" lat="48.7694590" lon="11.4451504" visible="true" />
  <node id="-1069" lat="48.7692058" lon="11.4448695" visible="true" />
  <node id="-1070" lat="48.7692957" lon="11.4448250" visible="true" />
  <node id="-1071" lat="48.7693339" lon="11.4450027" visible="true" />
  <node id="-1072" lat="48.7692439" lon="11.4450472" visible="true" />
  <node id="-1073" lat="48.7691485" lon="11.4443668" visible="true" />
  <node id="-1074" lat="48.7692308" lon="11.4443292" visible="true" />
  <node id="-1075" lat="48.7692561" lon="11.4444569" visible="true" />
  <node id="-1076" lat="48.7691738" lon="11.4444945" visible="true" />
  <node id="-1077" lat="48.7693325" lon="11.4445793" visible="true" />
  <node id="-1078" lat="48.7694414" lon="11.4445259" visible="true" />
  <node id="-1079" lat="48.7694811" lon="11.4447124" visible="true" />
  <node id="-1080" lat="48.7693722" lon="11.4447657" visible="true" />
  <node id="-1081" lat="48.7695186" lon="11.4448236" visible="true" />
  <node id="-1082" lat="48.7695856" lon="11.4447391" visible="true" />
  <node id="-1083" lat="48.7696478" lon="11.4448525" visible="true" />
  <node id="-1084" lat="48.7695808" lon="11.4449370" visible="true" />
  <node id="-1085" lat="48.7689515" lon="11.4441375" visible="true" />
  <node id="-1086" lat="48.7689888" lon="11.4442932" visible="true" />
  <node id="-1087" lat="48.7689139" lon="11.4443345" visible="true" />
  <node id="-1088" lat="48.7688766" lon="11.4441788" visible="true" />
  <node id="-1089" lat="48.7692409" lon="11.4446041" visible="true" />
  <node id="-1090" lat="48.7692753" lon="11.4447537" visible="true" />
  <node id="-1091" lat="48.7691712" lon="11.4448087" visible="true" />
  <node id="-1092" lat="48.7691368" lon="11.4446591" visible="true" />
  <node id="-1093" lat="48.7698929" lon="11.4465867" visible="true" />
  <node id="-1094" lat="48.7699230" lon="11.4467044" visible="true" />
  <node id="-1095" lat="48.7698169" lon="11.4467670" visible="true" />
  <node id="-1096" lat="48.7697867" lon="11.4466493" visible="true" />
  <node id="-1097" lat="48.7697164" lon="11.4461683" visible="true" />
  <node id="-1098" lat="48.7697490" lon="11.4464359" visible="true" />
  <node id="-1099" lat="48.7696231" lon="11.4464713" visible="true" />
  <node id="-1100" lat="48.7695904" lon="11.4462037" visible="true" />
  <node id="-1101" lat="48.7701457" lon="11.4461963" visible="true" />
  <node id="-1102" lat="48.7701642" lon="11.4463057" visible="true" />
  <node id="-1103" lat="48.7700701" lon="11.4463423" visible="true" />
  <node id="-1104" lat="48.7700530" lon="11.4463489" visible="true" />
  <node id="-1105" lat="48.7700469" lon="11.4463127" visible="true" />
  <node id="-1106" lat="48.7700841" lon="11.4462983" visible="true" />
  <node id="-1107" lat="48.7700718" lon="11.4462250" visible="true" />
  <node id="-1108" lat="48.7699343" lon="11.4460100" visible="true" />
  <node id="-1109" lat="48.7700509" lon="11.4459677" visible="true" />
  <node id="-1110" lat="48.7700686" lon="11.4460804" visible="true" />
  <node id="-1111" lat="48.7700085" lon="11.4461022" visible="true" />
  <node id="-1112" lat="48.7699522" lon="11.4461235" visible="true" />
  <node id="-1113" lat="48.7701921" lon="11.4464452" visible="true" />
  <node id="-1114" lat="48.7702138" lon="11.4465451" visible="true" />
  <node id="-1115" lat="48.7701185" lon="11.4465929" visible="true" />
  <node id="-1116" lat="48.7700967" lon="11.4464930" visible="true" />
  <node id="-1117" lat="48.7693810" lon="11.4462452" visible="true" />
  <node id="-1118" lat="48.7693977" lon="11.4463432" visible="true" />
  <node id="-1119" lat="48.7694321" lon="11.4463296" visible="true" />
  <node id="-1120" lat="48.7694196" lon="11.4462566" visible="true" />
  <node id="-1121" lat="48.7695044" lon="11.4462232" visible="true" />
  <node id="-1122" lat="48.7695362" lon="11.4464090" visible="true" />
  <node id="-1123" lat="48.7693089" lon="11.4464986" visible="true" />
  <node id="-1124" lat="48.7692728" lon="11.4462878" visible="true" />
  <node id="-1125" lat="48.7707123" lon="11.4448637" visible="true" />
  <node id="-1126" lat="48.7708246" lon="11.4448015" visible="true" />
  <node id="-1127" lat="48.7708697" lon="11.4449888" visible="true" />
  <node id="-1128" lat="48.7707574" lon="11.4450510" visible="true" />
  <node id="-1129" lat="48.7701137" lon="11.4452191" visible="true" />
  <node id="-1130" lat="48.7701050" lon="11.4451756" visible="true" />
  <node id="-1131" lat="48.7701634" lon="11.4451442" visible="true" />
  <node id="-1132" lat="48.7701941" lon="11.4452718" visible="true" />
  <node id="-1133" lat="48.7701836" lon="11.4452778" visible="true" />
  <node id="-1134" lat="48.7702030" lon="11.4453568" visible="true" />
  <node id="-1135" lat="48.7702355" lon="11.4453384" visible="true" />
  <node id="-1136" lat="48.7702457" lon="11.4453801" visible="true" />
  <node id="-1137" lat="48.7702560" lon="11.4454218" visible="true" />
  <node id="-1138" lat="48.7702250" lon="11.4454394" visible="true" />
  <node id="-1139" lat="48.7702344" lon="11.4454775" visible="true" />
  <node id="-1140" lat="48.7702571" lon="11.4454647" visible="true" />
  <node id="-1141" lat="48.7703026" lon="11.4456495" visible="true" />
  <node id="-1142" lat="48.7701991" lon="11.4457083" visible="true" />
  <node id="-1143" lat="48.7701298" lon="11.4454221" visible="true" />
  <node id="-1144" lat="48.7700952" lon="11.4453729" visible="true" />
  <node id="-1145" lat="48.7700768" lon="11.4452752" visible="true" />
  <node id="-1146" lat="48.7700930" lon="11.4452688" visible="true" />
  <node id="-1147" lat="48.7700876" lon="11.4452297" visible="true" />
  <node id="-1148" lat="48.7703966" lon="11.4450558" visible="true" />
  <node id="-1149" lat="48.7704024" lon="11.4450529" visible="true" />
  <node id="-1150" lat="48.7705017" lon="11.4450015" visible="true" />
  <node id="-1151" lat="48.7705185" lon="11.4450760" visible="true" />
  <node id="-1152" lat="48.7705278" lon="11.4450711" visible="true" />
  <node id="-1153" lat="48.7705412" lon="11.4451300" visible="true" />
  <node id="-1154" lat="48.7705297" lon="11.4451361" visible="true" />
  <node id="-1155" lat="48.7705516" lon="11.4452312" visible="true" />
  <node id="-1156" lat="48.7705890" lon="11.4452113" visible="true" />
  <node id="-1157" lat="48.7706043" lon="11.4452776" visible="true" />
  <node id="-1158" lat="48.7705858" lon="11.4452874" visible="true" />
  <node id="-1159" lat="48.7705988" lon="11.4453435" visible="true" />
  <node id="-1160" lat="48.7706138" lon="11.4453355" visible="true" />
  <node id="-1161" lat="48.7706474" lon="11.4454867" visible="true" />
  <node id="-1162" lat="48.7705436" lon="11.4455396" visible="true" />
  <node id="-1163" lat="48.7705306" lon="11.4454809" visible="true" />
  <node id="-1164" lat="48.7705211" lon="11.4454858" visible="true" />
  <node id="-1165" lat="48.7704909" lon="11.4453508" visible="true" />
  <node id="-1166" lat="48.7704657" lon="11.4453638" visible="true" />
  <node id="-1167" lat="48.7703956" lon="11.4459277" visible="true" />
  <node id="-1168" lat="48.7704247" lon="11.4460568" visible="true" />
  <node id="-1169" lat="48.7702873" lon="11.4461281" visible="true" />
  <node id="-1170" lat="48.7702582" lon="11.4459989" visible="true" />
  <node id="-1171" lat="48.7703222" lon="11.4462111" visible="true" />
  <node id="-1172" lat="48.7704056" lon="11.4461646" visible="true" />
  <node id="-1173" lat="48.7704595" lon="11.4463874" visible="true" />
  <node id="-1174" lat="48.7703761" lon="11.4464338" visible="true" />
  <node id="-1175" lat="48.7700571" lon="11.4449657" visible="true" />
  <node id="-1176" lat="48.7698985" lon="11.4450495" visible="true" />
  <node id="-1177" lat="48.7698724" lon="11.4449358" visible="true" />
  <node id="-1178" lat="48.7700310" lon="11.4448520" visible="true" />
  <node id="-1179" lat="48.7699646" lon="11.4447529" visible="true" />
  <node id="-1180" lat="48.7698277" lon="11.4448217" visible="true" />
  <node id="-1181" lat="48.7697995" lon="11.4446929" visible="true" />
  <node id="-1182" lat="48.7699364" lon="11.4446241" visible="true" />
  <node id="-1183" lat="48.7701754" lon="11.4445027" visible="true" />
  <node id="-1184" lat="48.7702049" lon="11.4446304" visible="true" />
  <node id="-1185" lat="48.7700692" lon="11.4447024" visible="true" />
  <node id="-1186" lat="48.7700398" lon="11.4445747" visible="true" />
  <node id="-1187" lat="48.7702116" lon="11.4447381" visible="true" />
  <node id="-1188" lat="48.7702434" lon="11.4448741" visible="true" />
  <node id="-1189" lat="48.7701409" lon="11.4449294" visible="true" />
  <node id="-1190" lat="48.7701091" lon="11.4447934" visible="true" />
  <node id="-1191" lat="48.7703203" lon="11.4447605" visible="true" />
  <node id="-1192" lat="48.7702732" lon="11.4445494" visible="true" />
  <node id="-1193" lat="48.7703529" lon="11.4445084" visible="true" />
  <node id="-1194" lat="48.7704000" lon="11.4447195" visible="true" />
  <node id="-1195" lat="48.7702499" lon="11.4444492" visible="true" />
  <node id="-1196" lat="48.7702072" lon="11.4442396" visible="true" />
  <node id="-1197" lat="48.7702839" lon="11.4442036" visible="true" />
  <node id="-1198" lat="48.7703266" lon="11.4444131" visible="true" />
  <node id="-1199" lat="48.7703381" lon="11.4442569" visible="true" />
  <node id="-1200" lat="48.7704753" lon="11.4441872" visible="true" />
  <node id="-1201" lat="48.7705184" lon="11.4443812" visible="true" />
  <node id="-1202" lat="48.7703811" lon="11.4444508" visible="true" />
  <node id="-1203" lat="48.7705937" lon="11.4447029" visible="true" />
  <node id="-1204" lat="48.7705706" lon="11.4445944" visible="true" />
  <node id="-1205" lat="48.7706261" lon="11.4445673" visible="true" />
  <node id="-1206" lat="48.7706116" lon="11.4444989" visible="true" />
  <node id="-1207" lat="48.7706972" lon="11.4444571" visible="true" />
  <node id="-1208" lat="48.7707349" lon="11.4446340" visible="true" />
  <node id="-1209" lat="48.7696799" lon="11.4443852" visible="true" />
  <node id="-1210" lat="48.7695364" lon="11.4444483" visible="true" />
  <node id="-1211" lat="48.7695091" lon="11.4443053" visible="true" />
  <node id="-1212" lat="48.7696527" lon="11.4442423" visible="true" />
  <node id="-1213" lat="48.7708949" lon="11.4432450" visible="true" />
  <node id="-1214" lat="48.7709144" lon="11.4433864" visible="true" />
  <node id="-1215" lat="48.7708111" lon="11.4434191" visible="true" />
  <node id="-1216" lat="48.7708013" lon="11.4433482" visible="true" />
  <node id="-1217" lat="48.7708233" lon="11.4433412" visible="true" />
  <node id="-1218" lat="48.7708135" lon="11.4432707" visible="true" />
  <node id="-1219" lat="48.7709308" lon="11.4434875" visible="true" />
  <node id="-1220" lat="48.7709536" lon="11.4436448" visible="true" />
  <node id="-1221" lat="48.7708635" lon="11.4436748" visible="true" />
  <node id="-1222" lat="48.7708406" lon="11.4435175" visible="true" />
  <node id="-1223" lat="48.7695985" lon="11.4440001" visible="true" />
  <node id="-1224" lat="48.7696361" lon="11.4441400" visible="true" />
  <node id="-1225" lat="48.7694599" lon="11.4442483" visible="true" />
  <node id="-1226" lat="48.7694294" lon="11.4441347" visible="true" />
  <node id="-1227" lat="48.7695049" lon="11.4440883" visible="true" />
  <node id="-1228" lat="48.7694979" lon="11.4440620" visible="true" />
  <node id="-1229" lat="48.7695145" lon="11.4436882" visible="true" />
  <node id="-1230" lat="48.7696060" lon="11.4436404" visible="true" />
  <node id="-1231" lat="48.7696427" lon="11.4438012" visible="true" />
  <node id="-1232" lat="48.7695511" lon="11.4438490" visible="true" />
  <node id="-1233" lat="48.7696835" lon="11.4439842" visible="true" />
  <node id="-1234" lat="48.7697241" lon="11.4439591" visible="true" />
  <node id="-1235" lat="48.7697539" lon="11.4440699" visible="true" />
  <node id="-1236" lat="48.7697134" lon="11.4440950" visible="true" />
  <node id="-1237" lat="48.7698885" lon="11.4435769" visible="true" />
  <node id="-1238" lat="48.7699848" lon="11.4435276" visible="true" />
  <node id="-1239" lat="48.7700238" lon="11.4437016" visible="true" />
  <node id="-1240" lat="48.7699274" lon="11.4437509" visible="true" />
  <node id="-1241" lat="48.7704588" lon="11.4438186" visible="true" />
  <node id="-1242" lat="48.7705431" lon="11.4437809" visible="true" />
  <node id="-1243" lat="48.7705682" lon="11.4439099" visible="true" />
  <node id="-1244" lat="48.7704838" lon="11.4439476" visible="true" />
  <node id="-1245" lat="48.7702652" lon="11.4436840" visible="true" />
  <node id="-1246" lat="48.7703558" lon="11.4436414" visible="true" />
  <node id="-1247" lat="48.7703798" lon="11.4437583" visible="true" />
  <node id="-1248" lat="48.7702891" lon="11.4438009" visible="true" />
  <node id="-1249" lat="48.7703041" lon="11.4438598" visible="true" />
  <node id="-1250" lat="48.7703862" lon="11.4438183" visible="true" />
  <node id="-1251" lat="48.7704190" lon="11.4439679" visible="true" />
  <node id="-1252" lat="48.7703369" lon="11.4440094" visible="true" />
  <node id="-1253" lat="48.7703888" lon="11.4435442" visible="true" />
  <node id="-1254" lat="48.7704770" lon="11.4435031" visible="true" />
  <node id="-1255" lat="48.7705111" lon="11.4436709" visible="true" />
  <node id="-1256" lat="48.7704229" lon="11.4437121" visible="true" />
  <node id="-1257" lat="48.7700421" lon="11.4435788" visible="true" />
  <node id="-1258" lat="48.7701445" lon="11.4435272" visible="true" />
  <node id="-1259" lat="48.7701821" lon="11.4436983" visible="true" />
  <node id="-1260" lat="48.7700797" lon="11.4437498" visible="true" />
  <node id="-1261" lat="48.7705122" lon="11.4433825" visible="true" />
  <node id="-1262" lat="48.7706027" lon="11.4433396" visible="true" />
  <node id="-1263" lat="48.7706353" lon="11.4434973" visible="true" />
  <node id="-1264" lat="48.7705447" lon="11.4435403" visible="true" />
  <node id="-1265" lat="48.7704811" lon="11.4468421" visible="true" />
  <node id="-1266" lat="48.7706675" lon="11.4467180" visible="true" />
  <node id="-1267" lat="48.7707029" lon="11.4468404" visible="true" />
  <node id="-1268" lat="48.7706268" lon="11.4468910" visible="true" />
  <node id="-1269" lat="48.7705165" lon="11.4469644" visible="true" />
  <node id="-1270" lat="48.7669684" lon="11.4383722" visible="true" />
  <node id="-1271" lat="48.7670442" lon="11.4384176" visible="true" />
  <node id="-1272" lat="48.7670048" lon="11.4385685" visible="true" />
  <node id="-1273" lat="48.7669290" lon="11.4385231" visible="true" />
  <node id="-1274" lat="48.7701366" lon="11.4367569" visible="true" />
  <node id="-1275" lat="48.7699596" lon="11.4367900" visible="true" />
  <node id="-1276" lat="48.7699476" lon="11.4366431" visible="true" />
  <node id="-1277" lat="48.7701246" lon="11.4366101" visible="true" />
  <node id="-1278" lat="48.7698047" lon="11.4368272" visible="true" />
  <node id="-1279" lat="48.7693628" lon="11.4369161" visible="true" />
  <node id="-1280" lat="48.7693507" lon="11.4367782" visible="true" />
  <node id="-1281" lat="48.7697926" lon="11.4366893" visible="true" />
  <node id="-1282" lat="48.7705078" lon="11.4358429" visible="true" />
  <node id="-1283" lat="48.7704119" lon="11.4356034" visible="true" />
  <node id="-1284" lat="48.7705044" lon="11.4355181" visible="true" />
  <node id="-1285" lat="48.7706003" lon="11.4357576" visible="true" />
  <node id="-1286" lat="48.7704429" lon="11.4356862" visible="true" />
  <node id="-1287" lat="48.7703410" lon="11.4357741" visible="true" />
  <node id="-1288" lat="48.7703100" lon="11.4356914" visible="true" />
  <node id="-1289" lat="48.7713103" lon="11.4348335" visible="true" />
  <node id="-1290" lat="48.7713848" lon="11.4350099" visible="true" />
  <node id="-1291" lat="48.7712369" lon="11.4351537" visible="true" />
  <node id="-1292" lat="48.7711458" lon="11.4352423" visible="true" />
  <node id="-1293" lat="48.7710713" lon="11.4350659" visible="true" />
  <node id="-1294" lat="48.7713875" lon="11.4367751" visible="true" />
  <node id="-1295" lat="48.7713982" lon="11.4369310" visible="true" />
  <node id="-1296" lat="48.7710432" lon="11.4369868" visible="true" />
  <node id="-1297" lat="48.7710384" lon="11.4369162" visible="true" />
  <node id="-1298" lat="48.7710325" lon="11.4368309" visible="true" />
  <node id="-1299" lat="48.7711986" lon="11.4374823" visible="true" />
  <node id="-1300" lat="48.7712126" lon="11.4376339" visible="true" />
  <node id="-1301" lat="48.7709182" lon="11.4376959" visible="true" />
  <node id="-1302" lat="48.7709042" lon="11.4375443" visible="true" />
  <node id="-1303" lat="48.7702156" lon="11.4370704" visible="true" />
  <node id="-1304" lat="48.7702385" lon="11.4373329" visible="true" />
  <node id="-1305" lat="48.7701514" lon="11.4373504" visible="true" />
  <node id="-1306" lat="48.7701284" lon="11.4370879" visible="true" />
  <node id="-1307" lat="48.7708734" lon="11.4369422" visible="true" />
  <node id="-1308" lat="48.7710481" lon="11.4370575" visible="true" />
  <node id="-1309" lat="48.7708831" lon="11.4370834" visible="true" />
  <node id="-1310" lat="48.7708091" lon="11.4379144" visible="true" />
  <node id="-1311" lat="48.7708215" lon="11.4380625" visible="true" />
  <node id="-1312" lat="48.7705581" lon="11.4381131" visible="true" />
  <node id="-1313" lat="48.7705456" lon="11.4379650" visible="true" />
  <node id="-1314" lat="48.7708678" lon="11.4377421" visible="true" />
  <node id="-1315" lat="48.7709263" lon="11.4377286" visible="true" />
  <node id="-1316" lat="48.7709547" lon="11.4380115" visible="true" />
  <node id="-1317" lat="48.7708962" lon="11.4380249" visible="true" />
  <node id="-1318" lat="48.7698888" lon="11.4380929" visible="true" />
  <node id="-1319" lat="48.7702001" lon="11.4380481" visible="true" />
  <node id="-1320" lat="48.7701933" lon="11.4379387" visible="true" />
  <node id="-1321" lat="48.7702865" lon="11.4379252" visible="true" />
  <node id="-1322" lat="48.7703022" lon="11.4381756" visible="true" />
  <node id="-1323" lat="48.7698977" lon="11.4382338" visible="true" />
  <node id="-1324" lat="48.7702501" lon="11.4374573" visible="true" />
  <node id="-1325" lat="48.7702698" lon="11.4377335" visible="true" />
  <node id="-1326" lat="48.7701824" lon="11.4377478" visible="true" />
  <node id="-1327" lat="48.7701627" lon="11.4374716" visible="true" />
  <node id="-1328" lat="48.7713097" lon="11.4376590" visible="true" />
  <node id="-1329" lat="48.7713237" lon="11.4379332" visible="true" />
  <node id="-1330" lat="48.7712271" lon="11.4379446" visible="true" />
  <node id="-1331" lat="48.7712130" lon="11.4376704" visible="true" />
  <node id="-1332" lat="48.7696329" lon="11.4351271" visible="true" />
  <node id="-1333" lat="48.7695495" lon="11.4352713" visible="true" />
  <node id="-1334" lat="48.7696286" lon="11.4356115" visible="true" />
  <node id="-1335" lat="48.7697229" lon="11.4355563" visible="true" />
  <node id="-1336" lat="48.7697595" lon="11.4357000" visible="true" />
  <node id="-1337" lat="48.7690844" lon="11.4360951" visible="true" />
  <node id="-1338" lat="48.7690479" lon="11.4359513" visible="true" />
  <node id="-1339" lat="48.7691343" lon="11.4359008" visible="true" />
  <node id="-1340" lat="48.7690886" lon="11.4356929" visible="true" />
  <node id="-1341" lat="48.7690249" lon="11.4355691" visible="true" />
  <node id="-1342" lat="48.7690140" lon="11.4355899" visible="true" />
  <node id="-1343" lat="48.7689418" lon="11.4355026" visible="true" />
  <node id="-1344" lat="48.7691572" lon="11.4350929" visible="true" />
  <node id="-1345" lat="48.7691831" lon="11.4352267" visible="true" />
  <node id="-1346" lat="48.7690809" lon="11.4354625" visible="true" />
  <node id="-1347" lat="48.7691668" lon="11.4356294" visible="true" />
  <node id="-1348" lat="48.7692159" lon="11.4358530" visible="true" />
  <node id="-1349" lat="48.7694518" lon="11.4357149" visible="true" />
  <node id="-1350" lat="48.7693648" lon="11.4353402" visible="true" />
  <node id="-1351" lat="48.7693638" lon="11.4353420" visible="true" />
  <node id="-1352" lat="48.7692481" lon="11.4351957" visible="true" />
  <node id="-1353" lat="48.7693500" lon="11.4350100" visible="true" />
  <node id="-1354" lat="48.7694512" lon="11.4351379" visible="true" />
  <node id="-1355" lat="48.7695338" lon="11.4349951" visible="true" />
  <node id="-1356" lat="48.7687072" lon="11.4338190" visible="true" />
  <node id="-1357" lat="48.7688006" lon="11.4337320" visible="true" />
  <node id="-1358" lat="48.7688792" lon="11.4339262" visible="true" />
  <node id="-1359" lat="48.7687858" lon="11.4340132" visible="true" />
  <node id="-1360" lat="48.7687659" lon="11.4339767" visible="true" />
  <node id="-1361" lat="48.7687488" lon="11.4339884" visible="true" />
  <node id="-1362" lat="48.7687331" lon="11.4339874" visible="true" />
  <node id="-1363" lat="48.7687176" lon="11.4339774" visible="true" />
  <node id="-1364" lat="48.7687083" lon="11.4339654" visible="true" />
  <node id="-1365" lat="48.7687034" lon="11.4339386" visible="true" />
  <node id="-1366" lat="48.7687055" lon="11.4339119" visible="true" />
  <node id="-1367" lat="48.7687195" lon="11.4338892" visible="true" />
  <node id="-1368" lat="48.7687286" lon="11.4338744" visible="true" />
  <node id="-1369" lat="48.7687205" lon="11.4338518" visible="true" />
  <node id="-1370" lat="48.7686016" lon="11.4334259" visible="true" />
  <node id="-1371" lat="48.7686674" lon="11.4333794" visible="true" />
  <node id="-1372" lat="48.7687190" lon="11.4335477" visible="true" />
  <node id="-1373" lat="48.7686532" lon="11.4335942" visible="true" />
  <node id="-1374" lat="48.7702017" lon="11.4335585" visible="true" />
  <node id="-1375" lat="48.7700309" lon="11.4337192" visible="true" />
  <node id="-1376" lat="48.7700518" lon="11.4339789" visible="true" />
  <node id="-1377" lat="48.7700930" lon="11.4339728" visible="true" />
  <node id="-1378" lat="48.7700952" lon="11.4340058" visible="true" />
  <node id="-1379" lat="48.7702321" lon="11.4339777" visible="true" />
  <node id="-1380" lat="48.7688938" lon="11.4346555" visible="true" />
  <node id="-1381" lat="48.7689859" lon="11.4347715" visible="true" />
  <node id="-1382" lat="48.7688284" lon="11.4350593" visible="true" />
  <node id="-1383" lat="48.7687363" lon="11.4349433" visible="true" />
  <node id="-1384" lat="48.7684422" lon="11.4355286" visible="true" />
  <node id="-1385" lat="48.7685060" lon="11.4356012" visible="true" />
  <node id="-1386" lat="48.7684288" lon="11.4357573" visible="true" />
  <node id="-1387" lat="48.7683651" lon="11.4356847" visible="true" />
  <node id="-1388" lat="48.7689466" lon="11.4357817" visible="true" />
  <node id="-1389" lat="48.7688743" lon="11.4359213" visible="true" />
  <node id="-1390" lat="48.7687843" lon="11.4358140" visible="true" />
  <node id="-1391" lat="48.7688566" lon="11.4356744" visible="true" />
  <node id="-1392" lat="48.7688254" lon="11.4360028" visible="true" />
  <node id="-1393" lat="48.7687309" lon="11.4361954" visible="true" />
  <node id="-1394" lat="48.7686389" lon="11.4360851" visible="true" />
  <node id="-1395" lat="48.7687379" lon="11.4358969" visible="true" />
  <node id="-1396" lat="48.7704558" lon="11.4358670" visible="true" />
  <node id="-1397" lat="48.7705046" lon="11.4359806" visible="true" />
  <node id="-1398" lat="48.7704122" lon="11.4360720" visible="true" />
  <node id="-1399" lat="48.7703634" lon="11.4359584" visible="true" />
  <node id="-1400" lat="48.7704594" lon="11.4341836" visible="true" />
  <node id="-1401" lat="48.7704705" lon="11.4342567" visible="true" />
  <node id="-1402" lat="48.7703426" lon="11.4343015" visible="true" />
  <node id="-1403" lat="48.7703315" lon="11.4342284" visible="true" />
  <node id="-1404" lat="48.7707495" lon="11.4345380" visible="true" />
  <node id="-1405" lat="48.7708359" lon="11.4347231" visible="true" />
  <node id="-1406" lat="48.7707334" lon="11.4348333" visible="true" />
  <node id="-1407" lat="48.7706470" lon="11.4346482" visible="true" />
  <node id="-1408" lat="48.7709081" lon="11.4342769" visible="true" />
  <node id="-1409" lat="48.7708294" lon="11.4343567" visible="true" />
  <node id="-1410" lat="48.7707890" lon="11.4342649" visible="true" />
  <node id="-1411" lat="48.7708677" lon="11.4341851" visible="true" />
  <node id="-1412" lat="48.7709512" lon="11.4340550" visible="true" />
  <node id="-1413" lat="48.7710292" lon="11.4342392" visible="true" />
  <node id="-1414" lat="48.7709913" lon="11.4342762" visible="true" />
  <node id="-1415" lat="48.7709133" lon="11.4340921" visible="true" />
  <node id="-1416" lat="48.7702734" lon="11.4360610" visible="true" />
  <node id="-1417" lat="48.7702863" lon="11.4362108" visible="true" />
  <node id="-1418" lat="48.7701938" lon="11.4362291" visible="true" />
  <node id="-1419" lat="48.7701810" lon="11.4360793" visible="true" />
  <node id="-1420" lat="48.7700645" lon="11.4361098" visible="true" />
  <node id="-1421" lat="48.7700729" lon="11.4362311" visible="true" />
  <node id="-1422" lat="48.7699966" lon="11.4362433" visible="true" />
  <node id="-1423" lat="48.7699881" lon="11.4361220" visible="true" />
  <node id="-1424" lat="48.7697912" lon="11.4363077" visible="true" />
  <node id="-1425" lat="48.7697764" lon="11.4361640" visible="true" />
  <node id="-1426" lat="48.7697628" lon="11.4361673" visible="true" />
  <node id="-1427" lat="48.7697537" lon="11.4360788" visible="true" />
  <node id="-1428" lat="48.7698202" lon="11.4360631" visible="true" />
  <node id="-1429" lat="48.7698280" lon="11.4361392" visible="true" />
  <node id="-1430" lat="48.7698667" lon="11.4361300" visible="true" />
  <node id="-1431" lat="48.7698827" lon="11.4362861" visible="true" />
  <node id="-1432" lat="48.7716197" lon="11.4340066" visible="true" />
  <node id="-1433" lat="48.7715809" lon="11.4340455" visible="true" />
  <node id="-1434" lat="48.7715877" lon="11.4340612" visible="true" />
  <node id="-1435" lat="48.7714838" lon="11.4341653" visible="true" />
  <node id="-1436" lat="48.7714309" lon="11.4340438" visible="true" />
  <node id="-1437" lat="48.7714436" lon="11.4340311" visible="true" />
  <node id="-1438" lat="48.7714275" lon="11.4339943" visible="true" />
  <node id="-1439" lat="48.7714717" lon="11.4339501" visible="true" />
  <node id="-1440" lat="48.7714379" lon="11.4338723" visible="true" />
  <node id="-1441" lat="48.7715074" lon="11.4338026" visible="true" />
  <node id="-1442" lat="48.7715419" lon="11.4338818" visible="true" />
  <node id="-1443" lat="48.7715583" lon="11.4338653" visible="true" />
  <node id="-1444" lat="48.7662225" lon="11.4393193" visible="true" />
  <node id="-1445" lat="48.7661812" lon="11.4391111" visible="true" />
  <node id="-1446" lat="48.7701597" lon="11.4348851" visible="true" />
  <node id="-1447" lat="48.7700747" lon="11.4347411" visible="true" />
  <node id="-1448" lat="48.7701044" lon="11.4347011" visible="true" />
  <node id="-1449" lat="48.7700172" lon="11.4345533" visible="true" />
  <node id="-1450" lat="48.7699441" lon="11.4346521" visible="true" />
  <node id="-1451" lat="48.7699918" lon="11.4347329" visible="true" />
  <node id="-1452" lat="48.7699591" lon="11.4347770" visible="true" />
  <node id="-1453" lat="48.7700836" lon="11.4349879" visible="true" />
  <node id="-1454" lat="48.7703849" lon="11.4394790" visible="true" />
  <node id="-1455" lat="48.7703070" lon="11.4394021" visible="true" />
  <node id="-1456" lat="48.7702578" lon="11.4395170" visible="true" />
  <node id="-1457" lat="48.7703237" lon="11.4395821" visible="true" />
  <node id="-1458" lat="48.7703357" lon="11.4395938" visible="true" />
  <node id="-1459" lat="48.7703632" lon="11.4395295" visible="true" />
  <node id="-1460" lat="48.7715974" lon="11.4384264" visible="true" />
  <node id="-1461" lat="48.7715848" lon="11.4382517" visible="true" />
  <node id="-1462" lat="48.7712387" lon="11.4383090" visible="true" />
  <node id="-1463" lat="48.7712512" lon="11.4384837" visible="true" />
  <node id="-1464" lat="48.7714777" lon="11.4384462" visible="true" />
  <node id="-1465" lat="48.7709613" lon="11.4383770" visible="true" />
  <node id="-1466" lat="48.7704441" lon="11.4384702" visible="true" />
  <node id="-1467" lat="48.7704571" lon="11.4386361" visible="true" />
  <node id="-1468" lat="48.7705013" lon="11.4386282" visible="true" />
  <node id="-1469" lat="48.7705100" lon="11.4387394" visible="true" />
  <node id="-1470" lat="48.7708479" lon="11.4386786" visible="true" />
  <node id="-1471" lat="48.7708458" lon="11.4386507" visible="true" />
  <node id="-1472" lat="48.7708438" lon="11.4386261" visible="true" />
  <node id="-1473" lat="48.7709789" lon="11.4386017" visible="true" />
  <node id="-1474" lat="48.7716222" lon="11.4387334" visible="true" />
  <node id="-1475" lat="48.7714880" lon="11.4387596" visible="true" />
  <node id="-1476" lat="48.7712627" lon="11.4388021" visible="true" />
  <node id="-1477" lat="48.7712610" lon="11.4387871" visible="true" />
  <node id="-1478" lat="48.7710073" lon="11.4388334" visible="true" />
  <node id="-1479" lat="48.7710822" lon="11.4397190" visible="true" />
  <node id="-1480" lat="48.7713355" lon="11.4396717" visible="true" />
  <node id="-1481" lat="48.7713329" lon="11.4396180" visible="true" />
  <node id="-1482" lat="48.7712902" lon="11.4391312" visible="true" />
  <node id="-1483" lat="48.7712772" lon="11.4389718" visible="true" />
  <node id="-1484" lat="48.7713856" lon="11.4389554" visible="true" />
  <node id="-1485" lat="48.7715417" lon="11.4389209" visible="true" />
  <node id="-1486" lat="48.7716392" lon="11.4388971" visible="true" />
  <node id="-1487" lat="48.7699903" lon="11.4392539" visible="true" />
  <node id="-1488" lat="48.7702087" lon="11.4394712" visible="true" />
  <node id="-1489" lat="48.7702596" lon="11.4393533" visible="true" />
  <node id="-1490" lat="48.7701986" lon="11.4392932" visible="true" />
  <node id="-1491" lat="48.7701512" lon="11.4392449" visible="true" />
  <node id="-1492" lat="48.7700413" lon="11.4391360" visible="true" />
  <node id="-1493" lat="48.7705415" lon="11.4389073" visible="true" />
  <node id="-1494" lat="48.7705687" lon="11.4392384" visible="true" />
  <node id="-1495" lat="48.7704676" lon="11.4392575" visible="true" />
  <node id="-1496" lat="48.7704404" lon="11.4389265" visible="true" />
  <node id="-1497" lat="48.7700356" lon="11.4388646" visible="true" />
  <node id="-1498" lat="48.7700446" lon="11.4390632" visible="true" />
  <node id="-1499" lat="48.7699388" lon="11.4390743" visible="true" />
  <node id="-1500" lat="48.7699298" lon="11.4388756" visible="true" />
  <node id="-1501" lat="48.7710489" lon="11.4400431" visible="true" />
  <node id="-1502" lat="48.7711741" lon="11.4401605" visible="true" />
  <node id="-1503" lat="48.7711149" lon="11.4403062" visible="true" />
  <node id="-1504" lat="48.7709896" lon="11.4401888" visible="true" />
  <node id="-1505" lat="48.7708840" lon="11.4398964" visible="true" />
  <node id="-1506" lat="48.7709832" lon="11.4399890" visible="true" />
  <node id="-1507" lat="48.7709256" lon="11.4401309" visible="true" />
  <node id="-1508" lat="48.7708095" lon="11.4400224" visible="true" />
  <node id="-1509" lat="48.7708556" lon="11.4399089" visible="true" />
  <node id="-1510" lat="48.7708725" lon="11.4399247" visible="true" />
  <node id="-1511" lat="48.7655617" lon="11.4367436" visible="true" />
  <node id="-1512" lat="48.7655349" lon="11.4364759" visible="true" />
  <node id="-1513" lat="48.7653670" lon="11.4365147" visible="true" />
  <node id="-1514" lat="48.7653486" lon="11.4363317" visible="true" />
  <node id="-1515" lat="48.7652554" lon="11.4363532" visible="true" />
  <node id="-1516" lat="48.7652926" lon="11.4367232" visible="true" />
  <node id="-1517" lat="48.7653879" lon="11.4367012" visible="true" />
  <node id="-1518" lat="48.7653841" lon="11.4366639" visible="true" />
  <node id="-1519" lat="48.7654711" lon="11.4366438" visible="true" />
  <node id="-1520" lat="48.7654829" lon="11.4367618" visible="true" />
  <node id="-1521" lat="48.7702483" lon="11.4386151" visible="true" />
  <node id="-1522" lat="48.7702580" lon="11.4387403" visible="true" />
  <node id="-1523" lat="48.7700536" lon="11.4387766" visible="true" />
  <node id="-1524" lat="48.7700520" lon="11.4387567" visible="true" />
  <node id="-1525" lat="48.7700068" lon="11.4387648" visible="true" />
  <node id="-1526" lat="48.7699986" lon="11.4386594" visible="true" />
  <node id="-1527" lat="48.7698361" lon="11.4387072" visible="true" />
  <node id="-1528" lat="48.7698448" lon="11.4387941" visible="true" />
  <node id="-1529" lat="48.7697104" lon="11.4388255" visible="true" />
  <node id="-1530" lat="48.7696769" lon="11.4388323" visible="true" />
  <node id="-1531" lat="48.7695506" lon="11.4388615" visible="true" />
  <node id="-1532" lat="48.7695420" lon="11.4387746" visible="true" />
  <node id="-1533" lat="48.7713993" lon="11.4391131" visible="true" />
  <node id="-1534" lat="48.7713996" lon="11.4395431" visible="true" />
  <node id="-1535" lat="48.7714034" lon="11.4395939" visible="true" />
  <node id="-1536" lat="48.7714355" lon="11.4395446" visible="true" />
  <node id="-1537" lat="48.7703948" lon="11.4395607" visible="true" />
  <node id="-1538" lat="48.7703359" lon="11.4396981" visible="true" />
  <node id="-1539" lat="48.7702924" lon="11.4396552" visible="true" />
  <node id="-1540" lat="48.7704170" lon="11.4394520" visible="true" />
  <node id="-1541" lat="48.7703810" lon="11.4393761" visible="true" />
  <node id="-1542" lat="48.7704148" lon="11.4393392" visible="true" />
  <node id="-1543" lat="48.7704508" lon="11.4394151" visible="true" />
  <node id="-1544" lat="48.7706457" lon="11.4393687" visible="true" />
  <node id="-1545" lat="48.7705301" lon="11.4393890" visible="true" />
  <node id="-1546" lat="48.7705366" lon="11.4394745" visible="true" />
  <node id="-1547" lat="48.7706522" lon="11.4394541" visible="true" />
  <node id="-1548" lat="48.7631022" lon="11.4363285" visible="true" />
  <node id="-1549" lat="48.7631386" lon="11.4359632" visible="true" />
  <node id="-1550" lat="48.7631570" lon="11.4357890" visible="true" />
  <node id="-1551" lat="48.7631694" lon="11.4356563" visible="true" />
  <node id="-1552" lat="48.7631730" lon="11.4356178" visible="true" />
  <node id="-1553" lat="48.7630109" lon="11.4355719" visible="true" />
  <node id="-1554" lat="48.7629852" lon="11.4357799" visible="true" />
  <node id="-1555" lat="48.7629569" lon="11.4360222" visible="true" />
  <node id="-1556" lat="48.7629307" lon="11.4362267" visible="true" />
  <node id="-1557" lat="48.7627542" lon="11.4363609" visible="true" />
  <node id="-1558" lat="48.7627224" lon="11.4363862" visible="true" />
  <node id="-1559" lat="48.7628014" lon="11.4366383" visible="true" />
  <node id="-1560" lat="48.7630477" lon="11.4364832" visible="true" />
  <node id="-1561" lat="48.7631347" lon="11.4366268" visible="true" />
  <node id="-1562" lat="48.7631618" lon="11.4366389" visible="true" />
  <node id="-1563" lat="48.7631988" lon="11.4366369" visible="true" />
  <node id="-1564" lat="48.7632184" lon="11.4366181" visible="true" />
  <node id="-1565" lat="48.7632388" lon="11.4365789" visible="true" />
  <node id="-1566" lat="48.7632479" lon="11.4365338" visible="true" />
  <node id="-1567" lat="48.7632481" lon="11.4364722" visible="true" />
  <node id="-1568" lat="48.7632388" lon="11.4364299" visible="true" />
  <node id="-1569" lat="48.7632032" lon="11.4363926" visible="true" />
  <node id="-1570" lat="48.7655414" lon="11.4318764" visible="true" />
  <node id="-1571" lat="48.7655604" lon="11.4319680" visible="true" />
  <node id="-1572" lat="48.7655999" lon="11.4321642" visible="true" />
  <node id="-1573" lat="48.7657787" lon="11.4330377" visible="true" />
  <node id="-1574" lat="48.7659795" lon="11.4329433" visible="true" />
  <node id="-1575" lat="48.7657421" lon="11.4317820" visible="true" />
  <node id="-1576" lat="48.7701010" lon="11.4388610" visible="true" />
  <node id="-1577" lat="48.7701062" lon="11.4389526" visible="true" />
  <node id="-1578" lat="48.7700482" lon="11.4389602" visible="true" />
  <node id="-1579" lat="48.7700430" lon="11.4388686" visible="true" />
  <node id="-1580" lat="48.7712605" lon="11.4386403" visible="true" />
  <node id="-1581" lat="48.7712687" lon="11.4387357" visible="true" />
  <node id="-1582" lat="48.7710842" lon="11.4387719" visible="true" />
  <node id="-1583" lat="48.7710761" lon="11.4386765" visible="true" />
  <node id="-1584" lat="48.7702514" lon="11.4390802" visible="true" />
  <node id="-1585" lat="48.7702799" lon="11.4390949" visible="true" />
  <node id="-1586" lat="48.7702914" lon="11.4392276" visible="true" />
  <node id="-1587" lat="48.7702243" lon="11.4391892" visible="true" />
  <node id="-1588" lat="48.7701992" lon="11.4390520" visible="true" />
  <node id="-1589" lat="48.7701726" lon="11.4391583" visible="true" />
  <node id="-1590" lat="48.7701276" lon="11.4391324" visible="true" />
  <node id="-1591" lat="48.7701542" lon="11.4390261" visible="true" />
  <node id="-1592" lat="48.7709174" lon="11.4391649" visible="true" />
  <node id="-1593" lat="48.7710120" lon="11.4397304" visible="true" />
  <node id="-1594" lat="48.7709705" lon="11.4397463" visible="true" />
  <node id="-1595" lat="48.7708759" lon="11.4391809" visible="true" />
  <node id="-1596" lat="48.7708495" lon="11.4398689" visible="true" />
  <node id="-1597" lat="48.7708339" lon="11.4398747" visible="true" />
  <node id="-1598" lat="48.7707286" lon="11.4392265" visible="true" />
  <node id="-1599" lat="48.7708504" lon="11.4391815" visible="true" />
  <node id="-1600" lat="48.7706289" lon="11.4334091" visible="true" />
  <node id="-1601" lat="48.7705827" lon="11.4334390" visible="true" />
  <node id="-1602" lat="48.7705268" lon="11.4332401" visible="true" />
  <node id="-1603" lat="48.7705730" lon="11.4332102" visible="true" />
  <node id="-1604" lat="48.7708066" lon="11.4336145" visible="true" />
  <node id="-1605" lat="48.7708454" lon="11.4337593" visible="true" />
  <node id="-1606" lat="48.7707310" lon="11.4338299" visible="true" />
  <node id="-1607" lat="48.7706922" lon="11.4336851" visible="true" />
  <node id="-1608" lat="48.7706632" lon="11.4338392" visible="true" />
  <node id="-1609" lat="48.7705826" lon="11.4338693" visible="true" />
  <node id="-1610" lat="48.7705348" lon="11.4338876" visible="true" />
  <node id="-1611" lat="48.7703930" lon="11.4333813" visible="true" />
  <node id="-1612" lat="48.7705057" lon="11.4332764" visible="true" />
  <node id="-1613" lat="48.7704970" lon="11.4340080" visible="true" />
  <node id="-1614" lat="48.7704573" lon="11.4340232" visible="true" />
  <node id="-1615" lat="48.7704408" lon="11.4339239" visible="true" />
  <node id="-1616" lat="48.7704805" lon="11.4339085" visible="true" />
  <node id="-1617" lat="48.7704949" lon="11.4339949" visible="true" />
  <node id="-1618" lat="48.7703976" lon="11.4336476" visible="true" />
  <node id="-1619" lat="48.7704100" lon="11.4338368" visible="true" />
  <node id="-1620" lat="48.7703695" lon="11.4338429" visible="true" />
  <node id="-1621" lat="48.7703247" lon="11.4338497" visible="true" />
  <node id="-1622" lat="48.7703122" lon="11.4336605" visible="true" />
  <node id="-1623" lat="48.7705970" lon="11.4339557" visible="true" />
  <node id="-1624" lat="48.7704165" lon="11.4338358" visible="true" />
  <node id="-1625" lat="48.7704229" lon="11.4339319" visible="true" />
  <node id="-1626" lat="48.7703759" lon="11.4339390" visible="true" />
  <node id="-1627" lat="48.7703747" lon="11.4339215" visible="true" />
  <node id="-1628" lat="48.7703077" lon="11.4340820" visible="true" />
  <node id="-1629" lat="48.7702632" lon="11.4340836" visible="true" />
  <node id="-1630" lat="48.7702537" lon="11.4339645" visible="true" />
  <node id="-1631" lat="48.7698075" lon="11.4389661" visible="true" />
  <node id="-1632" lat="48.7697805" lon="11.4389694" visible="true" />
  <node id="-1633" lat="48.7697767" lon="11.4389012" visible="true" />
  <node id="-1634" lat="48.7698853" lon="11.4388859" visible="true" />
  <node id="-1635" lat="48.7698707" lon="11.4389201" visible="true" />
  <node id="-1636" lat="48.7698631" lon="11.4389124" visible="true" />
  <node id="-1637" lat="48.7698306" lon="11.4389887" visible="true" />
  <node id="-1638" lat="48.7695866" lon="11.4393123" visible="true" />
  <node id="-1639" lat="48.7695327" lon="11.4394561" visible="true" />
  <node id="-1640" lat="48.7694069" lon="11.4393475" visible="true" />
  <node id="-1641" lat="48.7694609" lon="11.4392037" visible="true" />
  <node id="-1642" lat="48.7700924" lon="11.4405552" visible="true" />
  <node id="-1643" lat="48.7701063" lon="11.4406851" visible="true" />
  <node id="-1644" lat="48.7699643" lon="11.4407203" visible="true" />
  <node id="-1645" lat="48.7699503" lon="11.4405905" visible="true" />
  <node id="-1646" lat="48.7695375" lon="11.4395536" visible="true" />
  <node id="-1647" lat="48.7695706" lon="11.4400435" visible="true" />
  <node id="-1648" lat="48.7694930" lon="11.4400556" visible="true" />
  <node id="-1649" lat="48.7694599" lon="11.4395657" visible="true" />
  <node id="-1650" lat="48.7701776" lon="11.4398939" visible="true" />
  <node id="-1651" lat="48.7701200" lon="11.4400393" visible="true" />
  <node id="-1652" lat="48.7700362" lon="11.4399628" visible="true" />
  <node id="-1653" lat="48.7700937" lon="11.4398174" visible="true" />
  <node id="-1654" lat="48.7699024" lon="11.4396205" visible="true" />
  <node id="-1655" lat="48.7698342" lon="11.4397790" visible="true" />
  <node id="-1656" lat="48.7697690" lon="11.4397144" visible="true" />
  <node id="-1657" lat="48.7698373" lon="11.4395559" visible="true" />
  <node id="-1658" lat="48.7693676" lon="11.4390952" visible="true" />
  <node id="-1659" lat="48.7693084" lon="11.4392449" visible="true" />
  <node id="-1660" lat="48.7692102" lon="11.4391555" visible="true" />
  <node id="-1661" lat="48.7692694" lon="11.4390058" visible="true" />
  <node id="-1662" lat="48.7697836" lon="11.4395114" visible="true" />
  <node id="-1663" lat="48.7697352" lon="11.4396214" visible="true" />
  <node id="-1664" lat="48.7696784" lon="11.4395639" visible="true" />
  <node id="-1665" lat="48.7696524" lon="11.4395376" visible="true" />
  <node id="-1666" lat="48.7696663" lon="11.4395060" visible="true" />
  <node id="-1667" lat="48.7697009" lon="11.4394275" visible="true" />
  <node id="-1668" lat="48.7696245" lon="11.4396928" visible="true" />
  <node id="-1669" lat="48.7696149" lon="11.4395128" visible="true" />
  <node id="-1670" lat="48.7696845" lon="11.4396855" visible="true" />
  <node id="-1671" lat="48.7699821" lon="11.4398768" visible="true" />
  <node id="-1672" lat="48.7699406" lon="11.4399716" visible="true" />
  <node id="-1673" lat="48.7698730" lon="11.4399033" visible="true" />
  <node id="-1674" lat="48.7699145" lon="11.4398085" visible="true" />
  <node id="-1675" lat="48.7699031" lon="11.4397970" visible="true" />
  <node id="-1676" lat="48.7699532" lon="11.4396826" visible="true" />
  <node id="-1677" lat="48.7700430" lon="11.4397732" visible="true" />
  <node id="-1678" lat="48.7699928" lon="11.4398876" visible="true" />
  <node id="-1679" lat="48.7704949" lon="11.4402251" visible="true" />
  <node id="-1680" lat="48.7705275" lon="11.4405122" visible="true" />
  <node id="-1681" lat="48.7702881" lon="11.4405748" visible="true" />
  <node id="-1682" lat="48.7702948" lon="11.4406343" visible="true" />
  <node id="-1683" lat="48.7702492" lon="11.4406462" visible="true" />
  <node id="-1684" lat="48.7702416" lon="11.4405798" visible="true" />
  <node id="-1685" lat="48.7701440" lon="11.4406053" visible="true" />
  <node id="-1686" lat="48.7701122" lon="11.4403251" visible="true" />
  <node id="-1687" lat="48.7702561" lon="11.4402875" visible="true" />
  <node id="-1688" lat="48.7702509" lon="11.4390798" visible="true" />
  <node id="-1689" lat="48.7656292" lon="11.4331521" visible="true" />
  <node id="-1690" lat="48.7650660" lon="11.4334265" visible="true" />
  <node id="-1691" lat="48.7649674" lon="11.4329608" visible="true" />
  <node id="-1692" lat="48.7655306" lon="11.4326864" visible="true" />
  <node id="-1693" lat="48.7653671" lon="11.4325825" visible="true" />
  <node id="-1694" lat="48.7648239" lon="11.4328999" visible="true" />
  <node id="-1695" lat="48.7648002" lon="11.4329138" visible="true" />
  <node id="-1696" lat="48.7648617" lon="11.4332291" visible="true" />
  <node id="-1697" lat="48.7647143" lon="11.4332962" visible="true" />
  <node id="-1698" lat="48.7646887" lon="11.4333079" visible="true" />
  <node id="-1699" lat="48.7646743" lon="11.4332455" visible="true" />
  <node id="-1700" lat="48.7646210" lon="11.4330264" visible="true" />
  <node id="-1701" lat="48.7645610" lon="11.4327052" visible="true" />
  <node id="-1702" lat="48.7644723" lon="11.4327405" visible="true" />
  <node id="-1703" lat="48.7644407" lon="11.4325900" visible="true" />
  <node id="-1704" lat="48.7644080" lon="11.4324343" visible="true" />
  <node id="-1705" lat="48.7646179" lon="11.4322639" visible="true" />
  <node id="-1706" lat="48.7651593" lon="11.4320108" visible="true" />
  <node id="-1707" lat="48.7652021" lon="11.4321460" visible="true" />
  <node id="-1708" lat="48.7652188" lon="11.4321988" visible="true" />
  <node id="-1709" lat="48.7652836" lon="11.4321442" visible="true" />
  <node id="-1710" lat="48.7653058" lon="11.4322609" visible="true" />
  <node id="-1711" lat="48.7628763" lon="11.4429125" visible="true" />
  <node id="-1712" lat="48.7629349" lon="11.4429780" visible="true" />
  <node id="-1713" lat="48.7628363" lon="11.4431809" visible="true" />
  <node id="-1714" lat="48.7627777" lon="11.4431154" visible="true" />
  <node id="-1715" lat="48.7622499" lon="11.4429339" visible="true" />
  <node id="-1716" lat="48.7627496" lon="11.4423360" visible="true" />
  <node id="-1717" lat="48.7628604" lon="11.4425491" visible="true" />
  <node id="-1718" lat="48.7623607" lon="11.4431471" visible="true" />
  <node id="-1719" lat="48.7621495" lon="11.4432730" visible="true" />
  <node id="-1720" lat="48.7622459" lon="11.4431713" visible="true" />
  <node id="-1721" lat="48.7623902" lon="11.4434863" visible="true" />
  <node id="-1722" lat="48.7622938" lon="11.4435879" visible="true" />
  <node id="-1723" lat="48.7698239" lon="11.4382444" visible="true" />
  <node id="-1724" lat="48.7698189" lon="11.4381642" visible="true" />
  <node id="-1725" lat="48.7696079" lon="11.4381946" visible="true" />
  <node id="-1726" lat="48.7696030" lon="11.4381170" visible="true" />
  <node id="-1727" lat="48.7696245" lon="11.4381139" visible="true" />
  <node id="-1728" lat="48.7696640" lon="11.4381082" visible="true" />
  <node id="-1729" lat="48.7696585" lon="11.4380208" visible="true" />
  <node id="-1730" lat="48.7697469" lon="11.4380081" visible="true" />
  <node id="-1731" lat="48.7698315" lon="11.4379959" visible="true" />
  <node id="-1732" lat="48.7698380" lon="11.4381002" visible="true" />
  <node id="-1733" lat="48.7694736" lon="11.4369633" visible="true" />
  <node id="-1734" lat="48.7693801" lon="11.4369811" visible="true" />
  <node id="-1735" lat="48.7694262" lon="11.4374828" visible="true" />
  <node id="-1736" lat="48.7695153" lon="11.4374643" visible="true" />
  <node id="-1737" lat="48.7698050" lon="11.4349931" visible="true" />
  <node id="-1738" lat="48.7697083" lon="11.4350130" visible="true" />
  <node id="-1739" lat="48.7697566" lon="11.4355497" visible="true" />
  <node id="-1740" lat="48.7698534" lon="11.4355298" visible="true" />
  <node id="-1741" lat="48.7693293" lon="11.4381015" visible="true" />
  <node id="-1742" lat="48.7691448" lon="11.4381296" visible="true" />
  <node id="-1743" lat="48.7691553" lon="11.4382870" visible="true" />
  <node id="-1744" lat="48.7693398" lon="11.4382589" visible="true" />
  <node id="-1745" lat="48.7695239" lon="11.4347053" visible="true" />
  <node id="-1746" lat="48.7694377" lon="11.4347143" visible="true" />
  <node id="-1747" lat="48.7694457" lon="11.4348900" visible="true" />
  <node id="-1748" lat="48.7695319" lon="11.4348809" visible="true" />
  <node id="-1749" lat="48.7695616" lon="11.4345639" visible="true" />
  <node id="-1750" lat="48.7695176" lon="11.4345685" visible="true" />
  <node id="-1751" lat="48.7695678" lon="11.4347007" visible="true" />
  <node id="-1752" lat="48.7696467" lon="11.4343566" visible="true" />
  <node id="-1753" lat="48.7695004" lon="11.4343698" visible="true" />
  <node id="-1754" lat="48.7695074" lon="11.4345460" visible="true" />
  <node id="-1755" lat="48.7696537" lon="11.4345327" visible="true" />
  <node id="-1756" lat="48.7697357" lon="11.4346832" visible="true" />
  <node id="-1757" lat="48.7697437" lon="11.4348588" visible="true" />
  <node id="-1758" lat="48.7696094" lon="11.4378734" visible="true" />
  <node id="-1759" lat="48.7695225" lon="11.4381285" visible="true" />
  <node id="-1760" lat="48.7695074" lon="11.4378881" visible="true" />
  <node id="-1761" lat="48.7695561" lon="11.4378811" visible="true" />
  <node id="-1762" lat="48.7697096" lon="11.4375591" visible="true" />
  <node id="-1763" lat="48.7695125" lon="11.4375875" visible="true" />
  <node id="-1764" lat="48.7695233" lon="11.4377595" visible="true" />
  <node id="-1765" lat="48.7695482" lon="11.4377560" visible="true" />
  <node id="-1766" lat="48.7696540" lon="11.4378670" visible="true" />
  <node id="-1767" lat="48.7696454" lon="11.4377297" visible="true" />
  <node id="-1768" lat="48.7697196" lon="11.4377190" visible="true" />
  <node id="-1769" lat="48.7687700" lon="11.4370268" visible="true" />
  <node id="-1770" lat="48.7687704" lon="11.4370311" visible="true" />
  <node id="-1771" lat="48.7687841" lon="11.4370282" visible="true" />
  <node id="-1772" lat="48.7687878" lon="11.4370674" visible="true" />
  <node id="-1773" lat="48.7687765" lon="11.4370698" visible="true" />
  <node id="-1774" lat="48.7687778" lon="11.4370837" visible="true" />
  <node id="-1775" lat="48.7687917" lon="11.4370808" visible="true" />
  <node id="-1776" lat="48.7687927" lon="11.4370912" visible="true" />
  <node id="-1777" lat="48.7688396" lon="11.4370814" visible="true" />
  <node id="-1778" lat="48.7688449" lon="11.4371397" visible="true" />
  <node id="-1779" lat="48.7690096" lon="11.4371054" visible="true" />
  <node id="-1780" lat="48.7690361" lon="11.4373979" visible="true" />
  <node id="-1781" lat="48.7688757" lon="11.4374313" visible="true" />
  <node id="-1782" lat="48.7688813" lon="11.4374928" visible="true" />
  <node id="-1783" lat="48.7689029" lon="11.4374883" visible="true" />
  <node id="-1784" lat="48.7689018" lon="11.4374769" visible="true" />
  <node id="-1785" lat="48.7689721" lon="11.4374623" visible="true" />
  <node id="-1786" lat="48.7689895" lon="11.4376543" visible="true" />
  <node id="-1787" lat="48.7689289" lon="11.4376670" visible="true" />
  <node id="-1788" lat="48.7689335" lon="11.4377171" visible="true" />
  <node id="-1789" lat="48.7689073" lon="11.4377226" visible="true" />
  <node id="-1790" lat="48.7689098" lon="11.4377509" visible="true" />
  <node id="-1791" lat="48.7688437" lon="11.4377647" visible="true" />
  <node id="-1792" lat="48.7688415" lon="11.4377403" visible="true" />
  <node id="-1793" lat="48.7688216" lon="11.4377445" visible="true" />
  <node id="-1794" lat="48.7688237" lon="11.4377684" visible="true" />
  <node id="-1795" lat="48.7687591" lon="11.4377820" visible="true" />
  <node id="-1796" lat="48.7687514" lon="11.4376971" visible="true" />
  <node id="-1797" lat="48.7686965" lon="11.4377087" visible="true" />
  <node id="-1798" lat="48.7686803" lon="11.4375324" visible="true" />
  <node id="-1799" lat="48.7686841" lon="11.4375237" visible="true" />
  <node id="-1800" lat="48.7686407" lon="11.4375335" visible="true" />
  <node id="-1801" lat="48.7686004" lon="11.4371229" visible="true" />
  <node id="-1802" lat="48.7686929" lon="11.4371021" visible="true" />
  <node id="-1803" lat="48.7687179" lon="11.4370964" visible="true" />
  <node id="-1804" lat="48.7687123" lon="11.4370398" visible="true" />
  <node id="-1805" lat="48.7675936" lon="11.4381560" visible="true" />
  <node id="-1806" lat="48.7674975" lon="11.4382024" visible="true" />
  <node id="-1807" lat="48.7675260" lon="11.4383374" visible="true" />
  <node id="-1808" lat="48.7676221" lon="11.4382909" visible="true" />
  <node id="-1809" lat="48.7682025" lon="11.4370552" visible="true" />
  <node id="-1810" lat="48.7681035" lon="11.4370770" visible="true" />
  <node id="-1811" lat="48.7681324" lon="11.4373786" visible="true" />
  <node id="-1812" lat="48.7682313" lon="11.4373568" visible="true" />
  <node id="-1813" lat="48.7688784" lon="11.4368700" visible="true" />
  <node id="-1814" lat="48.7683485" lon="11.4369769" visible="true" />
  <node id="-1815" lat="48.7683703" lon="11.4372264" visible="true" />
  <node id="-1816" lat="48.7685704" lon="11.4371861" visible="true" />
  <node id="-1817" lat="48.7685614" lon="11.4370830" visible="true" />
  <node id="-1818" lat="48.7686360" lon="11.4370688" visible="true" />
  <node id="-1819" lat="48.7686349" lon="11.4370566" visible="true" />
  <node id="-1820" lat="48.7688899" lon="11.4370009" visible="true" />
  <node id="-1821" lat="48.7660274" lon="11.4411134" visible="true" />
  <node id="-1822" lat="48.7660048" lon="11.4412580" visible="true" />
  <node id="-1823" lat="48.7661813" lon="11.4413522" visible="true" />
  <node id="-1824" lat="48.7662812" lon="11.4414199" visible="true" />
  <node id="-1825" lat="48.7663487" lon="11.4414831" visible="true" />
  <node id="-1826" lat="48.7664138" lon="11.4415477" visible="true" />
  <node id="-1827" lat="48.7664778" lon="11.4416284" visible="true" />
  <node id="-1828" lat="48.7665454" lon="11.4417425" visible="true" />
  <node id="-1829" lat="48.7666127" lon="11.4418633" visible="true" />
  <node id="-1830" lat="48.7666584" lon="11.4419685" visible="true" />
  <node id="-1831" lat="48.7666973" lon="11.4420783" visible="true" />
  <node id="-1832" lat="48.7667293" lon="11.4421944" visible="true" />
  <node id="-1833" lat="48.7667555" lon="11.4423372" visible="true" />
  <node id="-1834" lat="48.7668243" lon="11.4427569" visible="true" />
  <node id="-1835" lat="48.7669212" lon="11.4427185" visible="true" />
  <node id="-1836" lat="48.7668571" lon="11.4423366" visible="true" />
  <node id="-1837" lat="48.7668469" lon="11.4422683" visible="true" />
  <node id="-1838" lat="48.7668223" lon="11.4421461" visible="true" />
  <node id="-1839" lat="48.7667871" lon="11.4420083" visible="true" />
  <node id="-1840" lat="48.7667442" lon="11.4418876" visible="true" />
  <node id="-1841" lat="48.7666952" lon="11.4417742" visible="true" />
  <node id="-1842" lat="48.7666372" lon="11.4416613" visible="true" />
  <node id="-1843" lat="48.7666119" lon="11.4416178" visible="true" />
  <node id="-1844" lat="48.7665475" lon="11.4415173" visible="true" />
  <node id="-1845" lat="48.7664754" lon="11.4414278" visible="true" />
  <node id="-1846" lat="48.7664016" lon="11.4413460" visible="true" />
  <node id="-1847" lat="48.7663222" lon="11.4412823" visible="true" />
  <node id="-1848" lat="48.7662188" lon="11.4412163" visible="true" />
  <node id="-1849" lat="48.7666802" lon="11.4448746" visible="true" />
  <node id="-1850" lat="48.7666958" lon="11.4448684" visible="true" />
  <node id="-1851" lat="48.7667133" lon="11.4449706" visible="true" />
  <node id="-1852" lat="48.7666978" lon="11.4449767" visible="true" />
  <node id="-1853" lat="48.7667103" lon="11.4457291" visible="true" />
  <node id="-1854" lat="48.7667278" lon="11.4458248" visible="true" />
  <node id="-1855" lat="48.7666736" lon="11.4458476" visible="true" />
  <node id="-1856" lat="48.7666561" lon="11.4457520" visible="true" />
  <node id="-1857" lat="48.7664062" lon="11.4451837" visible="true" />
  <node id="-1858" lat="48.7664459" lon="11.4449919" visible="true" />
  <node id="-1859" lat="48.7665359" lon="11.4450348" visible="true" />
  <node id="-1860" lat="48.7665257" lon="11.4450840" visible="true" />
  <node id="-1861" lat="48.7665025" lon="11.4451960" visible="true" />
  <node id="-1862" lat="48.7664962" lon="11.4452266" visible="true" />
  <node id="-1863" lat="48.7676679" lon="11.4430281" visible="true" />
  <node id="-1864" lat="48.7676835" lon="11.4431330" visible="true" />
  <node id="-1865" lat="48.7676298" lon="11.4431514" visible="true" />
  <node id="-1866" lat="48.7676142" lon="11.4430465" visible="true" />
  <node id="-1867" lat="48.7675831" lon="11.4434139" visible="true" />
  <node id="-1868" lat="48.7676995" lon="11.4433622" visible="true" />
  <node id="-1869" lat="48.7677374" lon="11.4435585" visible="true" />
  <node id="-1870" lat="48.7676211" lon="11.4436103" visible="true" />
  <node id="-1871" lat="48.7672083" lon="11.4432548" visible="true" />
  <node id="-1872" lat="48.7672994" lon="11.4432134" visible="true" />
  <node id="-1873" lat="48.7673396" lon="11.4434165" visible="true" />
  <node id="-1874" lat="48.7672485" lon="11.4434579" visible="true" />
  <node id="-1875" lat="48.7674844" lon="11.4459347" visible="true" />
  <node id="-1876" lat="48.7675056" lon="11.4461038" visible="true" />
  <node id="-1877" lat="48.7673791" lon="11.4461403" visible="true" />
  <node id="-1878" lat="48.7673579" lon="11.4459713" visible="true" />
  <node id="-1879" lat="48.7676824" lon="11.4431859" visible="true" />
  <node id="-1880" lat="48.7677003" lon="11.4432756" visible="true" />
  <node id="-1881" lat="48.7676516" lon="11.4432979" visible="true" />
  <node id="-1882" lat="48.7676338" lon="11.4432082" visible="true" />
  <node id="-1883" lat="48.7669754" lon="11.4456286" visible="true" />
  <node id="-1884" lat="48.7670597" lon="11.4455920" visible="true" />
  <node id="-1885" lat="48.7670762" lon="11.4456795" visible="true" />
  <node id="-1886" lat="48.7669919" lon="11.4457161" visible="true" />
  <node id="-1887" lat="48.7676055" lon="11.4430924" visible="true" />
  <node id="-1888" lat="48.7676405" lon="11.4432659" visible="true" />
  <node id="-1889" lat="48.7675022" lon="11.4433302" visible="true" />
  <node id="-1890" lat="48.7674671" lon="11.4431567" visible="true" />
  <node id="-1891" lat="48.7669091" lon="11.4449112" visible="true" />
  <node id="-1892" lat="48.7669362" lon="11.4450574" visible="true" />
  <node id="-1893" lat="48.7668817" lon="11.4450807" visible="true" />
  <node id="-1894" lat="48.7668546" lon="11.4449344" visible="true" />
  <node id="-1895" lat="48.7679368" lon="11.4434804" visible="true" />
  <node id="-1896" lat="48.7679747" lon="11.4436632" visible="true" />
  <node id="-1897" lat="48.7678559" lon="11.4437199" visible="true" />
  <node id="-1898" lat="48.7678180" lon="11.4435371" visible="true" />
  <node id="-1899" lat="48.7670718" lon="11.4448563" visible="true" />
  <node id="-1900" lat="48.7670950" lon="11.4449815" visible="true" />
  <node id="-1901" lat="48.7669776" lon="11.4450317" visible="true" />
  <node id="-1902" lat="48.7669543" lon="11.4449066" visible="true" />
  <node id="-1903" lat="48.7678944" lon="11.4433450" visible="true" />
  <node id="-1904" lat="48.7677683" lon="11.4433991" visible="true" />
  <node id="-1905" lat="48.7677422" lon="11.4432590" visible="true" />
  <node id="-1906" lat="48.7678682" lon="11.4432049" visible="true" />
  <node id="-1907" lat="48.7670134" lon="11.4461957" visible="true" />
  <node id="-1908" lat="48.7669940" lon="11.4460816" visible="true" />
  <node id="-1909" lat="48.7670737" lon="11.4460504" visible="true" />
  <node id="-1910" lat="48.7670931" lon="11.4461645" visible="true" />
  <node id="-1911" lat="48.7674270" lon="11.4441891" visible="true" />
  <node id="-1912" lat="48.7673980" lon="11.4440571" visible="true" />
  <node id="-1913" lat="48.7674836" lon="11.4440138" visible="true" />
  <node id="-1914" lat="48.7675126" lon="11.4441458" visible="true" />
  <node id="-1915" lat="48.7663729" lon="11.4455940" visible="true" />
  <node id="-1916" lat="48.7664284" lon="11.4455720" visible="true" />
  <node id="-1917" lat="48.7664530" lon="11.4457156" visible="true" />
  <node id="-1918" lat="48.7663976" lon="11.4457375" visible="true" />
  <node id="-1919" lat="48.7675698" lon="11.4449880" visible="true" />
  <node id="-1920" lat="48.7675522" lon="11.4448962" visible="true" />
  <node id="-1921" lat="48.7677976" lon="11.4447879" visible="true" />
  <node id="-1922" lat="48.7678152" lon="11.4448797" visible="true" />
  <node id="-1923" lat="48.7679290" lon="11.4425106" visible="true" />
  <node id="-1924" lat="48.7680138" lon="11.4429320" visible="true" />
  <node id="-1925" lat="48.7678769" lon="11.4429954" visible="true" />
  <node id="-1926" lat="48.7677921" lon="11.4425739" visible="true" />
  <node id="-1927" lat="48.7667226" lon="11.4451387" visible="true" />
  <node id="-1928" lat="48.7665402" lon="11.4452108" visible="true" />
  <node id="-1929" lat="48.7667012" lon="11.4450146" visible="true" />
  <node id="-1930" lat="48.7673310" lon="11.4435053" visible="true" />
  <node id="-1931" lat="48.7674091" lon="11.4434715" visible="true" />
  <node id="-1932" lat="48.7674270" lon="11.4435663" visible="true" />
  <node id="-1933" lat="48.7673489" lon="11.4436001" visible="true" />
  <node id="-1934" lat="48.7673232" lon="11.4439160" visible="true" />
  <node id="-1935" lat="48.7672756" lon="11.4436619" visible="true" />
  <node id="-1936" lat="48.7673806" lon="11.4436150" visible="true" />
  <node id="-1937" lat="48.7674227" lon="11.4438219" visible="true" />
  <node id="-1938" lat="48.7674295" lon="11.4438703" visible="true" />
  <node id="-1939" lat="48.7660280" lon="11.4456716" visible="true" />
  <node id="-1940" lat="48.7660484" lon="11.4452423" visible="true" />
  <node id="-1941" lat="48.7661085" lon="11.4452489" visible="true" />
  <node id="-1942" lat="48.7661197" lon="11.4450153" visible="true" />
  <node id="-1943" lat="48.7661939" lon="11.4450234" visible="true" />
  <node id="-1944" lat="48.7661919" lon="11.4450655" visible="true" />
  <node id="-1945" lat="48.7661746" lon="11.4454273" visible="true" />
  <node id="-1946" lat="48.7661670" lon="11.4454264" visible="true" />
  <node id="-1947" lat="48.7661577" lon="11.4456206" visible="true" />
  <node id="-1948" lat="48.7661284" lon="11.4456174" visible="true" />
  <node id="-1949" lat="48.7661253" lon="11.4456823" visible="true" />
  <node id="-1950" lat="48.7667607" lon="11.4449087" visible="true" />
  <node id="-1951" lat="48.7667551" lon="11.4448760" visible="true" />
  <node id="-1952" lat="48.7668278" lon="11.4448472" visible="true" />
  <node id="-1953" lat="48.7668613" lon="11.4450423" visible="true" />
  <node id="-1954" lat="48.7667886" lon="11.4450711" visible="true" />
  <node id="-1955" lat="48.7667758" lon="11.4449963" visible="true" />
  <node id="-1956" lat="48.7667465" lon="11.4450079" visible="true" />
  <node id="-1957" lat="48.7667314" lon="11.4449203" visible="true" />
  <node id="-1958" lat="48.7662048" lon="11.4371972" visible="true" />
  <node id="-1959" lat="48.7662032" lon="11.4372788" visible="true" />
  <node id="-1960" lat="48.7661081" lon="11.4372748" visible="true" />
  <node id="-1961" lat="48.7661096" lon="11.4371932" visible="true" />
  <node id="-1962" lat="48.7630557" lon="11.4426077" visible="true" />
  <node id="-1963" lat="48.7630356" lon="11.4427012" visible="true" />
  <node id="-1964" lat="48.7629897" lon="11.4426785" visible="true" />
  <node id="-1965" lat="48.7630098" lon="11.4425850" visible="true" />
  <node id="-1966" lat="48.7677859" lon="11.4402751" visible="true" />
  <node id="-1967" lat="48.7678038" lon="11.4404169" visible="true" />
  <node id="-1968" lat="48.7676614" lon="11.4404582" visible="true" />
  <node id="-1969" lat="48.7676435" lon="11.4403164" visible="true" />
  <node id="-1970" lat="48.7679162" lon="11.4403130" visible="true" />
  <node id="-1971" lat="48.7679266" lon="11.4403875" visible="true" />
  <node id="-1972" lat="48.7678504" lon="11.4404120" visible="true" />
  <node id="-1973" lat="48.7678400" lon="11.4403376" visible="true" />
  <node id="-1974" lat="48.7676363" lon="11.4407076" visible="true" />
  <node id="-1975" lat="48.7676432" lon="11.4407584" visible="true" />
  <node id="-1976" lat="48.7674721" lon="11.4408121" visible="true" />
  <node id="-1977" lat="48.7674652" lon="11.4407612" visible="true" />
  <node id="-1978" lat="48.7675416" lon="11.4400902" visible="true" />
  <node id="-1979" lat="48.7675547" lon="11.4402022" visible="true" />
  <node id="-1980" lat="48.7674373" lon="11.4402338" visible="true" />
  <node id="-1981" lat="48.7674242" lon="11.4401218" visible="true" />
  <node id="-1982" lat="48.7678574" lon="11.4401555" visible="true" />
  <node id="-1983" lat="48.7678686" lon="11.4402325" visible="true" />
  <node id="-1984" lat="48.7677905" lon="11.4402586" visible="true" />
  <node id="-1985" lat="48.7677794" lon="11.4401815" visible="true" />
  <node id="-1986" lat="48.7678339" lon="11.4401633" visible="true" />
  <node id="-1987" lat="48.7676379" lon="11.4412081" visible="true" />
  <node id="-1988" lat="48.7676715" lon="11.4412016" visible="true" />
  <node id="-1989" lat="48.7676834" lon="11.4413432" visible="true" />
  <node id="-1990" lat="48.7676499" lon="11.4413497" visible="true" />
  <node id="-1991" lat="48.7672480" lon="11.4409238" visible="true" />
  <node id="-1992" lat="48.7672555" lon="11.4409865" visible="true" />
  <node id="-1993" lat="48.7671930" lon="11.4410037" visible="true" />
  <node id="-1994" lat="48.7671855" lon="11.4409410" visible="true" />
  <node id="-1995" lat="48.7630718" lon="11.4419838" visible="true" />
  <node id="-1996" lat="48.7631252" lon="11.4420966" visible="true" />
  <node id="-1997" lat="48.7630559" lon="11.4421722" visible="true" />
  <node id="-1998" lat="48.7631013" lon="11.4422683" visible="true" />
  <node id="-1999" lat="48.7630137" lon="11.4423635" visible="true" />
  <node id="-2000" lat="48.7629684" lon="11.4422676" visible="true" />
  <node id="-2001" lat="48.7629204" lon="11.4423200" visible="true" />
  <node id="-2002" lat="48.7628669" lon="11.4422072" visible="true" />
  <node id="-2003" lat="48.7679756" lon="11.4396435" visible="true" />
  <node id="-2004" lat="48.7681397" lon="11.4396058" visible="true" />
  <node id="-2005" lat="48.7681536" lon="11.4397450" visible="true" />
  <node id="-2006" lat="48.7679895" lon="11.4397827" visible="true" />
  <node id="-2007" lat="48.7687706" lon="11.4432153" visible="true" />
  <node id="-2008" lat="48.7687332" lon="11.4430661" visible="true" />
  <node id="-2009" lat="48.7687817" lon="11.4430382" visible="true" />
  <node id="-2010" lat="48.7688191" lon="11.4431873" visible="true" />
  <node id="-2011" lat="48.7683996" lon="11.4405293" visible="true" />
  <node id="-2012" lat="48.7684151" lon="11.4406194" visible="true" />
  <node id="-2013" lat="48.7682872" lon="11.4406700" visible="true" />
  <node id="-2014" lat="48.7682717" lon="11.4405799" visible="true" />
  <node id="-2015" lat="48.7685681" lon="11.4417195" visible="true" />
  <node id="-2016" lat="48.7685795" lon="11.4417954" visible="true" />
  <node id="-2017" lat="48.7684419" lon="11.4418431" visible="true" />
  <node id="-2018" lat="48.7684305" lon="11.4417672" visible="true" />
  <node id="-2019" lat="48.7686331" lon="11.4412961" visible="true" />
  <node id="-2020" lat="48.7686664" lon="11.4415531" visible="true" />
  <node id="-2021" lat="48.7686209" lon="11.4415667" visible="true" />
  <node id="-2022" lat="48.7685876" lon="11.4413097" visible="true" />
  <node id="-2023" lat="48.7681369" lon="11.4394200" visible="true" />
  <node id="-2024" lat="48.7681476" lon="11.4394969" visible="true" />
  <node id="-2025" lat="48.7679641" lon="11.4395560" visible="true" />
  <node id="-2026" lat="48.7679534" lon="11.4394790" visible="true" />
  <node id="-2027" lat="48.7688433" lon="11.4428007" visible="true" />
  <node id="-2028" lat="48.7688826" lon="11.4429916" visible="true" />
  <node id="-2029" lat="48.7688070" lon="11.4430274" visible="true" />
  <node id="-2030" lat="48.7687677" lon="11.4428366" visible="true" />
  <node id="-2031" lat="48.7697926" lon="11.4452487" visible="true" />
  <node id="-2032" lat="48.7698035" lon="11.4453088" visible="true" />
  <node id="-2033" lat="48.7697465" lon="11.4453326" visible="true" />
  <node id="-2034" lat="48.7697356" lon="11.4452726" visible="true" />
  <node id="-2035" lat="48.7682265" lon="11.4435187" visible="true" />
  <node id="-2036" lat="48.7682486" lon="11.4436021" visible="true" />
  <node id="-2037" lat="48.7681596" lon="11.4436564" visible="true" />
  <node id="-2038" lat="48.7680382" lon="11.4399472" visible="true" />
  <node id="-2039" lat="48.7680493" lon="11.4400442" visible="true" />
  <node id="-2040" lat="48.7679786" lon="11.4400629" visible="true" />
  <node id="-2041" lat="48.7679675" lon="11.4399659" visible="true" />
  <node id="-2042" lat="48.7706638" lon="11.4460751" visible="true" />
  <node id="-2043" lat="48.7706854" lon="11.4461573" visible="true" />
  <node id="-2044" lat="48.7705874" lon="11.4462166" visible="true" />
  <node id="-2045" lat="48.7705542" lon="11.4460901" visible="true" />
  <node id="-2046" lat="48.7706204" lon="11.4460501" visible="true" />
  <node id="-2047" lat="48.7706320" lon="11.4460944" visible="true" />
  <node id="-2048" lat="48.7693385" lon="11.4451652" visible="true" />
  <node id="-2049" lat="48.7693882" lon="11.4451430" visible="true" />
  <node id="-2050" lat="48.7694393" lon="11.4454054" visible="true" />
  <node id="-2051" lat="48.7693896" lon="11.4454277" visible="true" />
  <node id="-2052" lat="48.7685052" lon="11.4407486" visible="true" />
  <node id="-2053" lat="48.7685124" lon="11.4408500" visible="true" />
  <node id="-2054" lat="48.7683067" lon="11.4408837" visible="true" />
  <node id="-2055" lat="48.7682995" lon="11.4407824" visible="true" />
  <node id="-2056" lat="48.7684955" lon="11.4409258" visible="true" />
  <node id="-2057" lat="48.7685079" lon="11.4410387" visible="true" />
  <node id="-2058" lat="48.7683494" lon="11.4410787" visible="true" />
  <node id="-2059" lat="48.7683370" lon="11.4409659" visible="true" />
  <node id="-2060" lat="48.7686292" lon="11.4448297" visible="true" />
  <node id="-2061" lat="48.7686903" lon="11.4451081" visible="true" />
  <node id="-2062" lat="48.7685769" lon="11.4451654" visible="true" />
  <node id="-2063" lat="48.7685157" lon="11.4448871" visible="true" />
  <node id="-2064" lat="48.7685634" lon="11.4460913" visible="true" />
  <node id="-2065" lat="48.7685825" lon="11.4461697" visible="true" />
  <node id="-2066" lat="48.7685296" lon="11.4461992" visible="true" />
  <node id="-2067" lat="48.7685106" lon="11.4461209" visible="true" />
  <node id="-2068" lat="48.7685386" lon="11.4415883" visible="true" />
  <node id="-2069" lat="48.7685464" lon="11.4416619" visible="true" />
  <node id="-2070" lat="48.7684855" lon="11.4416768" visible="true" />
  <node id="-2071" lat="48.7684777" lon="11.4416032" visible="true" />
  <node id="-2072" lat="48.7705324" lon="11.4462877" visible="true" />
  <node id="-2073" lat="48.7705575" lon="11.4463848" visible="true" />
  <node id="-2074" lat="48.7705310" lon="11.4464000" visible="true" />
  <node id="-2075" lat="48.7705060" lon="11.4463030" visible="true" />
  <node id="-2076" lat="48.7688182" lon="11.4447074" visible="true" />
  <node id="-2077" lat="48.7688933" lon="11.4450279" visible="true" />
  <node id="-2078" lat="48.7687765" lon="11.4450909" visible="true" />
  <node id="-2079" lat="48.7687014" lon="11.4447703" visible="true" />
  <node id="-2080" lat="48.7684911" lon="11.4458973" visible="true" />
  <node id="-2081" lat="48.7685565" lon="11.4458690" visible="true" />
  <node id="-2082" lat="48.7685787" lon="11.4459871" visible="true" />
  <node id="-2083" lat="48.7685134" lon="11.4460154" visible="true" />
  <node id="-2084" lat="48.7684502" lon="11.4414988" visible="true" />
  <node id="-2085" lat="48.7684698" lon="11.4416420" visible="true" />
  <node id="-2086" lat="48.7684075" lon="11.4416617" visible="true" />
  <node id="-2087" lat="48.7683878" lon="11.4415185" visible="true" />
  <node id="-2088" lat="48.7679817" lon="11.4451767" visible="true" />
  <node id="-2089" lat="48.7679424" lon="11.4449589" visible="true" />
  <node id="-2090" lat="48.7680273" lon="11.4449236" visible="true" />
  <node id="-2091" lat="48.7680667" lon="11.4451413" visible="true" />
  <node id="-2092" lat="48.7696481" lon="11.4458112" visible="true" />
  <node id="-2093" lat="48.7696816" lon="11.4459889" visible="true" />
  <node id="-2094" lat="48.7695806" lon="11.4460327" visible="true" />
  <node id="-2095" lat="48.7695472" lon="11.4458549" visible="true" />
  <node id="-2096" lat="48.7696845" lon="11.4456245" visible="true" />
  <node id="-2097" lat="48.7697175" lon="11.4457770" visible="true" />
  <node id="-2098" lat="48.7695882" lon="11.4458301" visible="true" />
  <node id="-2099" lat="48.7695587" lon="11.4456872" visible="true" />
  <node id="-2100" lat="48.7686431" lon="11.4439397" visible="true" />
  <node id="-2101" lat="48.7686847" lon="11.4441159" visible="true" />
  <node id="-2102" lat="48.7685374" lon="11.4441961" visible="true" />
  <node id="-2103" lat="48.7684957" lon="11.4440198" visible="true" />
  <node id="-2104" lat="48.7680576" lon="11.4398565" visible="true" />
  <node id="-2105" lat="48.7680646" lon="11.4399240" visible="true" />
  <node id="-2106" lat="48.7679656" lon="11.4399475" visible="true" />
  <node id="-2107" lat="48.7679586" lon="11.4398800" visible="true" />
  <node id="-2108" lat="48.7694526" lon="11.4464686" visible="true" />
  <node id="-2109" lat="48.7694811" lon="11.4465942" visible="true" />
  <node id="-2110" lat="48.7693671" lon="11.4466538" visible="true" />
  <node id="-2111" lat="48.7693385" lon="11.4465282" visible="true" />
  <node id="-2112" lat="48.7695833" lon="11.4466623" visible="true" />
  <node id="-2113" lat="48.7695659" lon="11.4465541" visible="true" />
  <node id="-2114" lat="48.7696275" lon="11.4465312" visible="true" />
  <node id="-2115" lat="48.7696649" lon="11.4467251" visible="true" />
  <node id="-2116" lat="48.7695371" lon="11.4467788" visible="true" />
  <node id="-2117" lat="48.7695206" lon="11.4466886" visible="true" />
  <node id="-2118" lat="48.7706702" lon="11.4426658" visible="true" />
  <node id="-2119" lat="48.7706816" lon="11.4427920" visible="true" />
  <node id="-2120" lat="48.7705719" lon="11.4428148" visible="true" />
  <node id="-2121" lat="48.7705605" lon="11.4426885" visible="true" />
  <node id="-2122" lat="48.7697705" lon="11.4444609" visible="true" />
  <node id="-2123" lat="48.7698012" lon="11.4445809" visible="true" />
  <node id="-2124" lat="48.7697048" lon="11.4446376" visible="true" />
  <node id="-2125" lat="48.7696742" lon="11.4445175" visible="true" />
  <node id="-2126" lat="48.7694520" lon="11.4411158" visible="true" />
  <node id="-2127" lat="48.7694679" lon="11.4412724" visible="true" />
  <node id="-2128" lat="48.7694184" lon="11.4412840" visible="true" />
  <node id="-2129" lat="48.7693682" lon="11.4412957" visible="true" />
  <node id="-2130" lat="48.7693522" lon="11.4411391" visible="true" />
  <node id="-2131" lat="48.7703448" lon="11.4426583" visible="true" />
  <node id="-2132" lat="48.7703688" lon="11.4427968" visible="true" />
  <node id="-2133" lat="48.7702633" lon="11.4428387" visible="true" />
  <node id="-2134" lat="48.7702393" lon="11.4427002" visible="true" />
  <node id="-2135" lat="48.7705077" lon="11.4445327" visible="true" />
  <node id="-2136" lat="48.7705524" lon="11.4447419" visible="true" />
  <node id="-2137" lat="48.7704416" lon="11.4447960" visible="true" />
  <node id="-2138" lat="48.7703970" lon="11.4445867" visible="true" />
  <node id="-2139" lat="48.7701247" lon="11.4415844" visible="true" />
  <node id="-2140" lat="48.7701513" lon="11.4417771" visible="true" />
  <node id="-2141" lat="48.7701291" lon="11.4417841" visible="true" />
  <node id="-2142" lat="48.7700606" lon="11.4418057" visible="true" />
  <node id="-2143" lat="48.7700459" lon="11.4418103" visible="true" />
  <node id="-2144" lat="48.7700194" lon="11.4416177" visible="true" />
  <node id="-2145" lat="48.7700364" lon="11.4416123" visible="true" />
  <node id="-2146" lat="48.7701043" lon="11.4415909" visible="true" />
  <node id="-2147" lat="48.7683316" lon="11.4398114" visible="true" />
  <node id="-2148" lat="48.7683465" lon="11.4399412" visible="true" />
  <node id="-2149" lat="48.7682543" lon="11.4399655" visible="true" />
  <node id="-2150" lat="48.7682394" lon="11.4398357" visible="true" />
  <node id="-2151" lat="48.7697279" lon="11.4363434" visible="true" />
  <node id="-2152" lat="48.7695897" lon="11.4363677" visible="true" />
  <node id="-2153" lat="48.7695809" lon="11.4362537" visible="true" />
  <node id="-2154" lat="48.7697192" lon="11.4362294" visible="true" />
  <node id="-2155" lat="48.7684166" lon="11.4331017" visible="true" />
  <node id="-2156" lat="48.7684468" lon="11.4332085" visible="true" />
  <node id="-2157" lat="48.7684147" lon="11.4332293" visible="true" />
  <node id="-2158" lat="48.7683846" lon="11.4331225" visible="true" />
  <node id="-2159" lat="48.7683855" lon="11.4333229" visible="true" />
  <node id="-2160" lat="48.7684130" lon="11.4335278" visible="true" />
  <node id="-2161" lat="48.7683303" lon="11.4335533" visible="true" />
  <node id="-2162" lat="48.7683028" lon="11.4333484" visible="true" />
  <node id="-2163" lat="48.7668628" lon="11.4404512" visible="true" />
  <node id="-2164" lat="48.7668622" lon="11.4405127" visible="true" />
  <node id="-2165" lat="48.7667941" lon="11.4405112" visible="true" />
  <node id="-2166" lat="48.7667947" lon="11.4404497" visible="true" />
  <node id="-2167" lat="48.7653622" lon="11.4371151" visible="true" />
  <node id="-2168" lat="48.7652770" lon="11.4371295" visible="true" />
  <node id="-2169" lat="48.7653180" lon="11.4372454" visible="true" />
  <node id="-2170" lat="48.7653200" lon="11.4373663" visible="true" />
  <node id="-2171" lat="48.7654677" lon="11.4373552" visible="true" />
  <node id="-2172" lat="48.7654628" lon="11.4372313" visible="true" />
  <node id="-2173" lat="48.7654467" lon="11.4371230" visible="true" />
  <node id="-2174" lat="48.7653884" lon="11.4371299" visible="true" />
  <node id="-2175" lat="48.7665242" lon="11.4322316" visible="true" />
  <node id="-2176" lat="48.7665334" lon="11.4322839" visible="true" />
  <node id="-2177" lat="48.7665352" lon="11.4322936" visible="true" />
  <node id="-2178" lat="48.7665397" lon="11.4323721" visible="true" />
  <node id="-2179" lat="48.7664990" lon="11.4323748" visible="true" />
  <node id="-2180" lat="48.7665084" lon="11.4325310" visible="true" />
  <node id="-2181" lat="48.7665116" lon="11.4325296" visible="true" />
  <node id="-2182" lat="48.7665223" lon="11.4326554" visible="true" />
  <node id="-2183" lat="48.7665522" lon="11.4326523" visible="true" />
  <node id="-2184" lat="48.7665785" lon="11.4327551" visible="true" />
  <node id="-2185" lat="48.7665864" lon="11.4327532" visible="true" />
  <node id="-2186" lat="48.7665878" lon="11.4327580" visible="true" />
  <node id="-2187" lat="48.7666581" lon="11.4327525" visible="true" />
  <node id="-2188" lat="48.7666571" lon="11.4327365" visible="true" />
  <node id="-2189" lat="48.7666581" lon="11.4327363" visible="true" />
  <node id="-2190" lat="48.7666560" lon="11.4327189" visible="true" />
  <node id="-2191" lat="48.7666535" lon="11.4326812" visible="true" />
  <node id="-2192" lat="48.7666581" lon="11.4326793" visible="true" />
  <node id="-2193" lat="48.7666793" lon="11.4326709" visible="true" />
  <node id="-2194" lat="48.7666942" lon="11.4327851" visible="true" />
  <node id="-2195" lat="48.7667854" lon="11.4327330" visible="true" />
  <node id="-2196" lat="48.7667713" lon="11.4327061" visible="true" />
  <node id="-2197" lat="48.7668283" lon="11.4326451" visible="true" />
  <node id="-2198" lat="48.7668100" lon="11.4325922" visible="true" />
  <node id="-2199" lat="48.7668152" lon="11.4325863" visible="true" />
  <node id="-2200" lat="48.7668062" lon="11.4325739" visible="true" />
  <node id="-2201" lat="48.7668090" lon="11.4325704" visible="true" />
  <node id="-2202" lat="48.7668017" lon="11.4325632" visible="true" />
  <node id="-2203" lat="48.7668366" lon="11.4324621" visible="true" />
  <node id="-2204" lat="48.7667985" lon="11.4324272" visible="true" />
  <node id="-2205" lat="48.7668120" lon="11.4323853" visible="true" />
  <node id="-2206" lat="48.7667258" lon="11.4323299" visible="true" />
  <node id="-2207" lat="48.7666818" lon="11.4321540" visible="true" />
  <node id="-2208" lat="48.7628543" lon="11.4441879" visible="true" />
  <node id="-2209" lat="48.7628547" lon="11.4443840" visible="true" />
  <node id="-2210" lat="48.7628550" lon="11.4445231" visible="true" />
  <node id="-2211" lat="48.7627637" lon="11.4445235" visible="true" />
  <node id="-2212" lat="48.7627630" lon="11.4442637" visible="true" />
  <node id="-2213" lat="48.7627631" lon="11.4441883" visible="true" />
  <node id="-2214" lat="48.7628168" lon="11.4446670" visible="true" />
  <node id="-2215" lat="48.7628176" lon="11.4449939" visible="true" />
  <node id="-2216" lat="48.7627338" lon="11.4449943" visible="true" />
  <node id="-2217" lat="48.7627333" lon="11.4447529" visible="true" />
  <node id="-2218" lat="48.7627331" lon="11.4446675" visible="true" />
  <node id="-2219" lat="48.7627629" lon="11.4441268" visible="true" />
  <node id="-2220" lat="48.7625572" lon="11.4442627" visible="true" />
  <node id="-2221" lat="48.7625164" lon="11.4442621" visible="true" />
  <node id="-2222" lat="48.7625176" lon="11.4441244" visible="true" />
  <node id="-2223" lat="48.7627329" lon="11.4445926" visible="true" />
  <node id="-2224" lat="48.7625452" lon="11.4447539" visible="true" />
  <node id="-2225" lat="48.7624797" lon="11.4447542" visible="true" />
  <node id="-2226" lat="48.7624794" lon="11.4445939" visible="true" />
  <node id="-2227" lat="48.7624801" lon="11.4448952" visible="true" />
  <node id="-2228" lat="48.7623705" lon="11.4448957" visible="true" />
  <node id="-2229" lat="48.7621837" lon="11.4448967" visible="true" />
  <node id="-2230" lat="48.7621833" lon="11.4447558" visible="true" />
  <node id="-2231" lat="48.7670074" lon="11.4412753" visible="true" />
  <node id="-2232" lat="48.7670283" lon="11.4414340" visible="true" />
  <node id="-2233" lat="48.7669342" lon="11.4414626" visible="true" />
  <node id="-2234" lat="48.7669133" lon="11.4413039" visible="true" />
  <node id="-2235" lat="48.7662161" lon="11.4324195" visible="true" />
  <node id="-2236" lat="48.7662732" lon="11.4327016" visible="true" />
  <node id="-2237" lat="48.7663659" lon="11.4331601" visible="true" />
  <node id="-2238" lat="48.7663914" lon="11.4332889" visible="true" />
  <node id="-2239" lat="48.7665180" lon="11.4332314" visible="true" />
  <node id="-2240" lat="48.7663792" lon="11.4325479" visible="true" />
  <node id="-2241" lat="48.7663426" lon="11.4323650" visible="true" />
  <node id="-2242" lat="48.7663362" lon="11.4323678" visible="true" />
  <node id="-2243" lat="48.7665362" lon="11.4428851" visible="true" />
  <node id="-2244" lat="48.7665127" lon="11.4426785" visible="true" />
  <node id="-2245" lat="48.7664906" lon="11.4426002" visible="true" />
  <node id="-2246" lat="48.7663647" lon="11.4426356" visible="true" />
  <node id="-2247" lat="48.7663046" lon="11.4426667" visible="true" />
  <node id="-2248" lat="48.7663302" lon="11.4428589" visible="true" />
  <node id="-2249" lat="48.7663493" lon="11.4429583" visible="true" />
  <node id="-2250" lat="48.7664410" lon="11.4429303" visible="true" />
  <node id="-2251" lat="48.7664791" lon="11.4429212" visible="true" />
  <node id="-2252" lat="48.7665901" lon="11.4423795" visible="true" />
  <node id="-2253" lat="48.7665680" lon="11.4421957" visible="true" />
  <node id="-2254" lat="48.7665433" lon="11.4421068" visible="true" />
  <node id="-2255" lat="48.7664190" lon="11.4421374" visible="true" />
  <node id="-2256" lat="48.7663644" lon="11.4421733" visible="true" />
  <node id="-2257" lat="48.7663819" lon="11.4423412" visible="true" />
  <node id="-2258" lat="48.7664054" lon="11.4424427" visible="true" />
  <node id="-2259" lat="48.7664964" lon="11.4424172" visible="true" />
  <node id="-2260" lat="48.7665437" lon="11.4424056" visible="true" />
  <node id="-2261" lat="48.7663723" lon="11.4420052" visible="true" />
  <node id="-2262" lat="48.7663651" lon="11.4419208" visible="true" />
  <node id="-2263" lat="48.7663257" lon="11.4417200" visible="true" />
  <node id="-2264" lat="48.7662608" lon="11.4417310" visible="true" />
  <node id="-2265" lat="48.7661411" lon="11.4417830" visible="true" />
  <node id="-2266" lat="48.7661494" lon="11.4418906" visible="true" />
  <node id="-2267" lat="48.7661904" lon="11.4420757" visible="true" />
  <node id="-2268" lat="48.7662524" lon="11.4420629" visible="true" />
  <node id="-2269" lat="48.7662863" lon="11.4420454" visible="true" />
  <node id="-2270" lat="48.7706859" lon="11.4397366" visible="true" />
  <node id="-2271" lat="48.7705989" lon="11.4396529" visible="true" />
  <node id="-2272" lat="48.7705397" lon="11.4397944" visible="true" />
  <node id="-2273" lat="48.7706107" lon="11.4398627" visible="true" />
  <node id="-2274" lat="48.7706247" lon="11.4398292" visible="true" />
  <node id="-2275" lat="48.7706407" lon="11.4398446" visible="true" />
  <node id="-2276" lat="48.7706639" lon="11.4394527" visible="true" />
  <node id="-2277" lat="48.7706241" lon="11.4394658" visible="true" />
  <node id="-2278" lat="48.7706374" lon="11.4395584" visible="true" />
  <node id="-2279" lat="48.7706500" lon="11.4395543" visible="true" />
  <node id="-2280" lat="48.7706608" lon="11.4396299" visible="true" />
  <node id="-2281" lat="48.7706973" lon="11.4396179" visible="true" />
  <node id="-2282" lat="48.7706865" lon="11.4395425" visible="true" />
  <node id="-2283" lat="48.7706956" lon="11.4395395" visible="true" />
  <node id="-2284" lat="48.7706862" lon="11.4394738" visible="true" />
  <node id="-2285" lat="48.7706678" lon="11.4394799" visible="true" />
  <node id="-2286" lat="48.7707367" lon="11.4398507" visible="true" />
  <node id="-2287" lat="48.7706834" lon="11.4398659" visible="true" />
  <node id="-2288" lat="48.7706943" lon="11.4399530" visible="true" />
  <node id="-2289" lat="48.7707475" lon="11.4399378" visible="true" />
  <node id="-2290" lat="48.7700962" lon="11.4449849" visible="true" />
  <node id="-2291" lat="48.7701422" lon="11.4449579" visible="true" />
  <node id="-2292" lat="48.7701234" lon="11.4448847" visible="true" />
  <node id="-2293" lat="48.7700774" lon="11.4449117" visible="true" />
  <node id="-2294" lat="48.7698472" lon="11.4389716" visible="true" />
  <node id="-2295" lat="48.7697982" lon="11.4390890" visible="true" />
  <node id="-2296" lat="48.7698758" lon="11.4391637" visible="true" />
  <node id="-2297" lat="48.7698785" lon="11.4391572" visible="true" />
  <node id="-2298" lat="48.7698896" lon="11.4391679" visible="true" />
  <node id="-2299" lat="48.7699258" lon="11.4390812" visible="true" />
  <node id="-2300" lat="48.7699157" lon="11.4390711" visible="true" />
  <node id="-2301" lat="48.7699247" lon="11.4390501" visible="true" />
  <node id="-2302" lat="48.7667396" lon="11.4343681" visible="true" />
  <node id="-2303" lat="48.7668217" lon="11.4347722" visible="true" />
  <node id="-2304" lat="48.7657731" lon="11.4352620" visible="true" />
  <node id="-2305" lat="48.7656911" lon="11.4348582" visible="true" />
  <node id="-2306" lat="48.7658192" lon="11.4347983" visible="true" />
  <node id="-2307" lat="48.7675723" lon="11.4461364" visible="true" />
  <node id="-2308" lat="48.7675789" lon="11.4461897" visible="true" />
  <node id="-2309" lat="48.7675138" lon="11.4462084" visible="true" />
  <node id="-2310" lat="48.7675071" lon="11.4461551" visible="true" />
  <node id="-2311" lat="48.7674273" lon="11.4435930" visible="true" />
  <node id="-2312" lat="48.7674695" lon="11.4437999" visible="true" />
  <node id="-2313" lat="48.7672231" lon="11.4426062" visible="true" />
  <node id="-2314" lat="48.7672968" lon="11.4430355" visible="true" />
  <node id="-2315" lat="48.7671926" lon="11.4430767" visible="true" />
  <node id="-2316" lat="48.7671189" lon="11.4426473" visible="true" />
  <node id="-2317" lat="48.7708838" lon="11.4332841" visible="true" />
  <node id="-2318" lat="48.7710075" lon="11.4337401" visible="true" />
  <node id="-2319" lat="48.7708944" lon="11.4338152" visible="true" />
  <node id="-2320" lat="48.7707618" lon="11.4333485" visible="true" />
  <node id="-2321" lat="48.7661850" lon="11.4446999" visible="true" />
  <node id="-2322" lat="48.7662080" lon="11.4441702" visible="true" />
  <node id="-2323" lat="48.7663505" lon="11.4441845" visible="true" />
  <node id="-2324" lat="48.7663275" lon="11.4447141" visible="true" />
  <node id="-2325" lat="48.7625455" lon="11.4448948" visible="true" />
  <node id="-2326" lat="48.7625156" lon="11.4443990" visible="true" />
  <node id="-2327" lat="48.7625576" lon="11.4443987" visible="true" />
  <node id="-2328" lat="48.7623479" lon="11.4442597" visible="true" />
  <node id="-2329" lat="48.7623470" lon="11.4443967" visible="true" />
  <node id="-2330" lat="48.7628539" lon="11.4441292" visible="true" />
  <node id="-2331" lat="48.7627061" lon="11.4450736" visible="true" />
  <node id="-2332" lat="48.7627060" lon="11.4451400" visible="true" />
  <node id="-2333" lat="48.7627915" lon="11.4451393" visible="true" />
  <node id="-2334" lat="48.7627909" lon="11.4450719" visible="true" />
  <node id="-2335" lat="48.7651448" lon="11.4335985" visible="true" />
  <node id="-2336" lat="48.7652200" lon="11.4335632" visible="true" />
  <node id="-2337" lat="48.7652248" lon="11.4335865" visible="true" />
  <node id="-2338" lat="48.7651495" lon="11.4336219" visible="true" />
  <node id="-2339" lat="48.7676546" lon="11.4427715" visible="true" />
  <node id="-2340" lat="48.7674142" lon="11.4428413" visible="true" />
  <node id="-2341" lat="48.7674354" lon="11.4429995" visible="true" />
  <node id="-2342" lat="48.7676794" lon="11.4429137" visible="true" />
  <node id="-2343" lat="48.7676032" lon="11.4424964" visible="true" />
  <node id="-2344" lat="48.7673655" lon="11.4425676" visible="true" />
  <node id="-2345" lat="48.7673844" lon="11.4427126" visible="true" />
  <node id="-2346" lat="48.7676221" lon="11.4426413" visible="true" />
  <node id="-2347" lat="48.7679671" lon="11.4416892" visible="true" />
  <node id="-2348" lat="48.7677750" lon="11.4417502" visible="true" />
  <node id="-2349" lat="48.7678010" lon="11.4419380" visible="true" />
  <node id="-2350" lat="48.7678331" lon="11.4419277" visible="true" />
  <node id="-2351" lat="48.7678390" lon="11.4419701" visible="true" />
  <node id="-2352" lat="48.7679622" lon="11.4419309" visible="true" />
  <node id="-2353" lat="48.7679565" lon="11.4418895" visible="true" />
  <node id="-2354" lat="48.7679931" lon="11.4418779" visible="true" />
  <node id="-2355" lat="48.7678185" lon="11.4409929" visible="true" />
  <node id="-2356" lat="48.7677167" lon="11.4410214" visible="true" />
  <node id="-2357" lat="48.7677360" lon="11.4411794" visible="true" />
  <node id="-2358" lat="48.7678377" lon="11.4411509" visible="true" />
  <node id="-2359" lat="48.7666460" lon="11.4397699" visible="true" />
  <node id="-2360" lat="48.7666514" lon="11.4397734" visible="true" />
  <node id="-2361" lat="48.7666573" lon="11.4397741" visible="true" />
  <node id="-2362" lat="48.7666630" lon="11.4397718" visible="true" />
  <node id="-2363" lat="48.7666679" lon="11.4397668" visible="true" />
  <node id="-2364" lat="48.7666713" lon="11.4397599" visible="true" />
  <node id="-2365" lat="48.7666731" lon="11.4397516" visible="true" />
  <node id="-2366" lat="48.7666730" lon="11.4397430" visible="true" />
  <node id="-2367" lat="48.7666712" lon="11.4397348" visible="true" />
  <node id="-2368" lat="48.7666677" lon="11.4397279" visible="true" />
  <node id="-2369" lat="48.7666629" lon="11.4397231" visible="true" />
  <node id="-2370" lat="48.7666574" lon="11.4397209" visible="true" />
  <node id="-2371" lat="48.7666517" lon="11.4397214" visible="true" />
  <node id="-2372" lat="48.7666464" lon="11.4397247" visible="true" />
  <node id="-2373" lat="48.7666421" lon="11.4397304" visible="true" />
  <node id="-2374" lat="48.7666391" lon="11.4397382" visible="true" />
  <node id="-2375" lat="48.7666380" lon="11.4397470" visible="true" />
  <node id="-2376" lat="48.7666389" lon="11.4397558" visible="true" />
  <node id="-2377" lat="48.7666417" lon="11.4397638" visible="true" />
  <node id="-2378" lat="48.7692887" lon="11.4440617" visible="true" />
  <node id="-2379" lat="48.7691958" lon="11.4441175" visible="true" />
  <node id="-2380" lat="48.7691470" lon="11.4439305" visible="true" />
  <node id="-2381" lat="48.7692398" lon="11.4438746" visible="true" />
  <node id="-2382" lat="48.7694619" lon="11.4437531" visible="true" />
  <node id="-2383" lat="48.7695106" lon="11.4439268" visible="true" />
  <node id="-2384" lat="48.7693626" lon="11.4440224" visible="true" />
  <node id="-2385" lat="48.7693139" lon="11.4438487" visible="true" />
  <node id="-2386" lat="48.7711775" lon="11.4410113" visible="true" />
  <node id="-2387" lat="48.7711529" lon="11.4410779" visible="true" />
  <node id="-2388" lat="48.7711811" lon="11.4411017" visible="true" />
  <node id="-2389" lat="48.7712057" lon="11.4410352" visible="true" />
  <node id="-2390" lat="48.7693089" lon="11.4440746" visible="true" />
  <node id="-2391" lat="48.7693274" lon="11.4441443" visible="true" />
  <node id="-2392" lat="48.7692783" lon="11.4441742" visible="true" />
  <node id="-2393" lat="48.7692598" lon="11.4441045" visible="true" />
  <node id="-2394" lat="48.7693138" lon="11.4439006" visible="true" />
  <node id="-2395" lat="48.7693419" lon="11.4440038" visible="true" />
  <node id="-2396" lat="48.7692939" lon="11.4440337" visible="true" />
  <node id="-2397" lat="48.7692658" lon="11.4439304" visible="true" />
  <node id="-2398" lat="48.7699137" lon="11.4438552" visible="true" />
  <node id="-2399" lat="48.7699268" lon="11.4439203" visible="true" />
  <node id="-2400" lat="48.7699013" lon="11.4439320" visible="true" />
  <node id="-2401" lat="48.7698882" lon="11.4438669" visible="true" />
  <node id="-2402" lat="48.7702882" lon="11.4433460" visible="true" />
  <node id="-2403" lat="48.7702990" lon="11.4434242" visible="true" />
  <node id="-2404" lat="48.7702401" lon="11.4434429" visible="true" />
  <node id="-2405" lat="48.7702293" lon="11.4433647" visible="true" />
  <node id="-2406" lat="48.7704030" lon="11.4433112" visible="true" />
  <node id="-2407" lat="48.7704257" lon="11.4434169" visible="true" />
  <node id="-2408" lat="48.7703797" lon="11.4434395" visible="true" />
  <node id="-2409" lat="48.7703570" lon="11.4433338" visible="true" />
  <node id="-2410" lat="48.7704825" lon="11.4433978" visible="true" />
  <node id="-2411" lat="48.7704974" lon="11.4434753" visible="true" />
  <node id="-2412" lat="48.7704688" lon="11.4434879" visible="true" />
  <node id="-2413" lat="48.7704539" lon="11.4434104" visible="true" />
  <node id="-2414" lat="48.7705168" lon="11.4432740" visible="true" />
  <node id="-2415" lat="48.7705287" lon="11.4433457" visible="true" />
  <node id="-2416" lat="48.7704810" lon="11.4433637" visible="true" />
  <node id="-2417" lat="48.7704691" lon="11.4432920" visible="true" />
  <node id="-2418" lat="48.7708018" lon="11.4436174" visible="true" />
  <node id="-2419" lat="48.7708185" lon="11.4437380" visible="true" />
  <node id="-2420" lat="48.7707699" lon="11.4437534" visible="true" />
  <node id="-2421" lat="48.7707532" lon="11.4436328" visible="true" />
  <node id="-2422" lat="48.7707975" lon="11.4444186" visible="true" />
  <node id="-2423" lat="48.7708319" lon="11.4445748" visible="true" />
  <node id="-2424" lat="48.7707647" lon="11.4446088" visible="true" />
  <node id="-2425" lat="48.7707302" lon="11.4444525" visible="true" />
  <node id="-2426" lat="48.7703249" lon="11.4447824" visible="true" />
  <node id="-2427" lat="48.7703396" lon="11.4448591" visible="true" />
  <node id="-2428" lat="48.7702930" lon="11.4448795" visible="true" />
  <node id="-2429" lat="48.7702783" lon="11.4448028" visible="true" />
  <node id="-2430" lat="48.7702517" lon="11.4444702" visible="true" />
  <node id="-2431" lat="48.7702663" lon="11.4445469" visible="true" />
  <node id="-2432" lat="48.7702197" lon="11.4445673" visible="true" />
  <node id="-2433" lat="48.7702050" lon="11.4444906" visible="true" />
  <node id="-2434" lat="48.7700833" lon="11.4438730" visible="true" />
  <node id="-2435" lat="48.7701104" lon="11.4440046" visible="true" />
  <node id="-2436" lat="48.7700605" lon="11.4440282" visible="true" />
  <node id="-2437" lat="48.7700334" lon="11.4438965" visible="true" />
  <node id="-2438" lat="48.7700793" lon="11.4441361" visible="true" />
  <node id="-2439" lat="48.7700956" lon="11.4442074" visible="true" />
  <node id="-2440" lat="48.7700066" lon="11.4442538" visible="true" />
  <node id="-2441" lat="48.7699904" lon="11.4441825" visible="true" />
  <node id="-2442" lat="48.7700098" lon="11.4445764" visible="true" />
  <node id="-2443" lat="48.7700288" lon="11.4446624" visible="true" />
  <node id="-2444" lat="48.7699750" lon="11.4446897" visible="true" />
  <node id="-2445" lat="48.7699559" lon="11.4446037" visible="true" />
  <node id="-2446" lat="48.7697818" lon="11.4446430" visible="true" />
  <node id="-2447" lat="48.7697971" lon="11.4447136" visible="true" />
  <node id="-2448" lat="48.7697447" lon="11.4447396" visible="true" />
  <node id="-2449" lat="48.7697294" lon="11.4446690" visible="true" />
  <node id="-2450" lat="48.7698570" lon="11.4448517" visible="true" />
  <node id="-2451" lat="48.7698726" lon="11.4449241" visible="true" />
  <node id="-2452" lat="48.7698285" lon="11.4449458" visible="true" />
  <node id="-2453" lat="48.7698129" lon="11.4448733" visible="true" />
  <node id="-2454" lat="48.7699119" lon="11.4443178" visible="true" />
  <node id="-2455" lat="48.7699190" lon="11.4443504" visible="true" />
  <node id="-2456" lat="48.7699065" lon="11.4443566" visible="true" />
  <node id="-2457" lat="48.7699150" lon="11.4443953" visible="true" />
  <node id="-2458" lat="48.7698713" lon="11.4444171" visible="true" />
  <node id="-2459" lat="48.7698557" lon="11.4443459" visible="true" />
  <node id="-2460" lat="48.7701747" lon="11.4443867" visible="true" />
  <node id="-2461" lat="48.7701827" lon="11.4444220" visible="true" />
  <node id="-2462" lat="48.7701399" lon="11.4444441" visible="true" />
  <node id="-2463" lat="48.7701319" lon="11.4444088" visible="true" />
  <node id="-2464" lat="48.7700981" lon="11.4442976" visible="true" />
  <node id="-2465" lat="48.7699232" lon="11.4443929" visible="true" />
  <node id="-2466" lat="48.7699494" lon="11.4445031" visible="true" />
  <node id="-2467" lat="48.7701243" lon="11.4444079" visible="true" />
  <node id="-2468" lat="48.7702655" lon="11.4430231" visible="true" />
  <node id="-2469" lat="48.7702795" lon="11.4431104" visible="true" />
  <node id="-2470" lat="48.7701199" lon="11.4429853" visible="true" />
  <node id="-2471" lat="48.7701351" lon="11.4430651" visible="true" />
  <node id="-2472" lat="48.7701067" lon="11.4430775" visible="true" />
  <node id="-2473" lat="48.7700915" lon="11.4429978" visible="true" />
  <node id="-2474" lat="48.7702446" lon="11.4428863" visible="true" />
  <node id="-2475" lat="48.7702573" lon="11.4429647" visible="true" />
  <node id="-2476" lat="48.7702239" lon="11.4429771" visible="true" />
  <node id="-2477" lat="48.7702112" lon="11.4428987" visible="true" />
  <node id="-2478" lat="48.7699481" lon="11.4431153" visible="true" />
  <node id="-2479" lat="48.7699833" lon="11.4432722" visible="true" />
  <node id="-2480" lat="48.7700051" lon="11.4432610" visible="true" />
  <node id="-2481" lat="48.7700204" lon="11.4433295" visible="true" />
  <node id="-2482" lat="48.7699917" lon="11.4433442" visible="true" />
  <node id="-2483" lat="48.7699882" lon="11.4433286" visible="true" />
  <node id="-2484" lat="48.7699377" lon="11.4433545" visible="true" />
  <node id="-2485" lat="48.7699178" lon="11.4432658" visible="true" />
  <node id="-2486" lat="48.7699422" lon="11.4432533" visible="true" />
  <node id="-2487" lat="48.7699150" lon="11.4431323" visible="true" />
  <node id="-2488" lat="48.7697777" lon="11.4415101" visible="true" />
  <node id="-2489" lat="48.7697897" lon="11.4416104" visible="true" />
  <node id="-2490" lat="48.7698558" lon="11.4415924" visible="true" />
  <node id="-2491" lat="48.7698438" lon="11.4414921" visible="true" />
  <node id="-2492" lat="48.7698094" lon="11.4415015" visible="true" />
  <node id="-2493" lat="48.7697915" lon="11.4413508" visible="true" />
  <node id="-2494" lat="48.7697356" lon="11.4415215" visible="true" />
  <node id="-2495" lat="48.7697177" lon="11.4413708" visible="true" />
  <node id="-2496" lat="48.7696840" lon="11.4414936" visible="true" />
  <node id="-2497" lat="48.7696923" lon="11.4415790" visible="true" />
  <node id="-2498" lat="48.7696320" lon="11.4415924" visible="true" />
  <node id="-2499" lat="48.7696237" lon="11.4415070" visible="true" />
  <node id="-2500" lat="48.7701382" lon="11.4418502" visible="true" />
  <node id="-2501" lat="48.7700697" lon="11.4418718" visible="true" />
  <node id="-2502" lat="48.7700943" lon="11.4415186" visible="true" />
  <node id="-2503" lat="48.7700264" lon="11.4415400" visible="true" />
  <node id="-2504" lat="48.7698194" lon="11.4410344" visible="true" />
  <node id="-2505" lat="48.7697891" lon="11.4410423" visible="true" />
  <node id="-2506" lat="48.7697945" lon="11.4410891" visible="true" />
  <node id="-2507" lat="48.7698018" lon="11.4411530" visible="true" />
  <node id="-2508" lat="48.7698321" lon="11.4411451" visible="true" />
  <node id="-2509" lat="48.7697768" lon="11.4409346" visible="true" />
  <node id="-2510" lat="48.7697609" lon="11.4410979" visible="true" />
  <node id="-2511" lat="48.7697431" lon="11.4409434" visible="true" />
  <node id="-2512" lat="48.7696077" lon="11.4411604" visible="true" />
  <node id="-2513" lat="48.7696219" lon="11.4413009" visible="true" />
  <node id="-2514" lat="48.7697229" lon="11.4412777" visible="true" />
  <node id="-2515" lat="48.7694918" lon="11.4412669" visible="true" />
  <node id="-2516" lat="48.7694999" lon="11.4413468" visible="true" />
  <node id="-2517" lat="48.7694265" lon="11.4413639" visible="true" />
  <node id="-2518" lat="48.7694035" lon="11.4413648" visible="true" />
  <node id="-2519" lat="48.7692949" lon="11.4413938" visible="true" />
  <node id="-2520" lat="48.7693015" lon="11.4414501" visible="true" />
  <node id="-2521" lat="48.7694101" lon="11.4414212" visible="true" />
  <node id="-2522" lat="48.7694610" lon="11.4417178" visible="true" />
  <node id="-2523" lat="48.7693868" lon="11.4417451" visible="true" />
  <node id="-2524" lat="48.7694062" lon="11.4418655" visible="true" />
  <node id="-2525" lat="48.7694597" lon="11.4418458" visible="true" />
  <node id="-2526" lat="48.7694470" lon="11.4417668" visible="true" />
  <node id="-2527" lat="48.7694677" lon="11.4417592" visible="true" />
  <node id="-2528" lat="48.7694484" lon="11.4419911" visible="true" />
  <node id="-2529" lat="48.7694072" lon="11.4420069" visible="true" />
  <node id="-2530" lat="48.7694139" lon="11.4420469" visible="true" />
  <node id="-2531" lat="48.7694551" lon="11.4420311" visible="true" />
  <node id="-2532" lat="48.7696024" lon="11.4420231" visible="true" />
  <node id="-2533" lat="48.7696033" lon="11.4421045" visible="true" />
  <node id="-2534" lat="48.7695720" lon="11.4421053" visible="true" />
  <node id="-2535" lat="48.7695712" lon="11.4420238" visible="true" />
  <node id="-2536" lat="48.7695232" lon="11.4421681" visible="true" />
  <node id="-2537" lat="48.7694766" lon="11.4421811" visible="true" />
  <node id="-2538" lat="48.7694857" lon="11.4422560" visible="true" />
  <node id="-2539" lat="48.7695324" lon="11.4422430" visible="true" />
  <node id="-2540" lat="48.7694446" lon="11.4420461" visible="true" />
  <node id="-2541" lat="48.7694678" lon="11.4421711" visible="true" />
  <node id="-2542" lat="48.7695512" lon="11.4421357" visible="true" />
  <node id="-2543" lat="48.7695280" lon="11.4420107" visible="true" />
  <node id="-2544" lat="48.7698313" lon="11.4425588" visible="true" />
  <node id="-2545" lat="48.7697271" lon="11.4425976" visible="true" />
  <node id="-2546" lat="48.7697433" lon="11.4426976" visible="true" />
  <node id="-2547" lat="48.7698476" lon="11.4426589" visible="true" />
  <node id="-2548" lat="48.7698980" lon="11.4422749" visible="true" />
  <node id="-2549" lat="48.7699135" lon="11.4424057" visible="true" />
  <node id="-2550" lat="48.7698229" lon="11.4424303" visible="true" />
  <node id="-2551" lat="48.7698074" lon="11.4422995" visible="true" />
  <node id="-2552" lat="48.7698484" lon="11.4419421" visible="true" />
  <node id="-2553" lat="48.7698606" lon="11.4420225" visible="true" />
  <node id="-2554" lat="48.7698115" lon="11.4420395" visible="true" />
  <node id="-2555" lat="48.7697994" lon="11.4419590" visible="true" />
  <node id="-2556" lat="48.7700930" lon="11.4421065" visible="true" />
  <node id="-2557" lat="48.7701026" lon="11.4421869" visible="true" />
  <node id="-2558" lat="48.7700497" lon="11.4422013" visible="true" />
  <node id="-2559" lat="48.7700401" lon="11.4421209" visible="true" />
  <node id="-2560" lat="48.7706654" lon="11.4428399" visible="true" />
  <node id="-2561" lat="48.7706721" lon="11.4429200" visible="true" />
  <node id="-2562" lat="48.7707012" lon="11.4429144" visible="true" />
  <node id="-2563" lat="48.7706945" lon="11.4428343" visible="true" />
  <node id="-2564" lat="48.7707330" lon="11.4427523" visible="true" />
  <node id="-2565" lat="48.7707392" lon="11.4428257" visible="true" />
  <node id="-2566" lat="48.7706883" lon="11.4427609" visible="true" />
  <node id="-2567" lat="48.7708661" lon="11.4428064" visible="true" />
  <node id="-2568" lat="48.7708197" lon="11.4428160" visible="true" />
  <node id="-2569" lat="48.7708230" lon="11.4428525" visible="true" />
  <node id="-2570" lat="48.7708695" lon="11.4428429" visible="true" />
  <node id="-2571" lat="48.7706793" lon="11.4429402" visible="true" />
  <node id="-2572" lat="48.7706936" lon="11.4430769" visible="true" />
  <node id="-2573" lat="48.7706015" lon="11.4430990" visible="true" />
  <node id="-2574" lat="48.7705871" lon="11.4429624" visible="true" />
  <node id="-2575" lat="48.7705908" lon="11.4422703" visible="true" />
  <node id="-2576" lat="48.7706236" lon="11.4425944" visible="true" />
  <node id="-2577" lat="48.7705325" lon="11.4426154" visible="true" />
  <node id="-2578" lat="48.7704997" lon="11.4422914" visible="true" />
  <node id="-2579" lat="48.7702787" lon="11.4420076" visible="true" />
  <node id="-2580" lat="48.7703072" lon="11.4422228" visible="true" />
  <node id="-2581" lat="48.7701654" lon="11.4422658" visible="true" />
  <node id="-2582" lat="48.7701368" lon="11.4420506" visible="true" />
  <node id="-2583" lat="48.7705102" lon="11.4418978" visible="true" />
  <node id="-2584" lat="48.7705477" lon="11.4421470" visible="true" />
  <node id="-2585" lat="48.7704055" lon="11.4421959" visible="true" />
  <node id="-2586" lat="48.7703680" lon="11.4419467" visible="true" />
  <node id="-2587" lat="48.7707664" lon="11.4418497" visible="true" />
  <node id="-2588" lat="48.7707886" lon="11.4421072" visible="true" />
  <node id="-2589" lat="48.7706462" lon="11.4421354" visible="true" />
  <node id="-2590" lat="48.7706239" lon="11.4418779" visible="true" />
  <node id="-2591" lat="48.7705391" lon="11.4410993" visible="true" />
  <node id="-2592" lat="48.7705693" lon="11.4410904" visible="true" />
  <node id="-2593" lat="48.7705658" lon="11.4410637" visible="true" />
  <node id="-2594" lat="48.7706306" lon="11.4410447" visible="true" />
  <node id="-2595" lat="48.7662249" lon="11.4431553" visible="true" />
  <node id="-2596" lat="48.7663084" lon="11.4436952" visible="true" />
  <node id="-2597" lat="48.7661475" lon="11.4437522" visible="true" />
  <node id="-2598" lat="48.7660640" lon="11.4432122" visible="true" />
  <node id="-2599" lat="48.7654404" lon="11.4377519" visible="true" />
  <node id="-2600" lat="48.7654507" lon="11.4378040" visible="true" />
  <node id="-2601" lat="48.7655042" lon="11.4377792" visible="true" />
  <node id="-2602" lat="48.7654937" lon="11.4377271" visible="true" />
  <node id="-2603" lat="48.7674198" lon="11.4407047" visible="true" />
  <node id="-2604" lat="48.7672879" lon="11.4407062" visible="true" />
  <node id="-2605" lat="48.7672869" lon="11.4405110" visible="true" />
  <node id="-2606" lat="48.7674188" lon="11.4405096" visible="true" />
  <node id="-2607" lat="48.7666751" lon="11.4340055" visible="true" />
  <node id="-2608" lat="48.7663005" lon="11.4341798" visible="true" />
  <node id="-2609" lat="48.7663421" lon="11.4343857" visible="true" />
  <node id="-2610" lat="48.7667167" lon="11.4342114" visible="true" />
  <node id="-2611" lat="48.7653818" lon="11.4347149" visible="true" />
  <node id="-2612" lat="48.7651551" lon="11.4348096" visible="true" />
  <node id="-2613" lat="48.7650055" lon="11.4349468" visible="true" />
  <node id="-2614" lat="48.7649543" lon="11.4349858" visible="true" />
  <node id="-2615" lat="48.7650181" lon="11.4352796" visible="true" />
  <node id="-2616" lat="48.7654605" lon="11.4349974" visible="true" />
  <node id="-2617" lat="48.7647599" lon="11.4350830" visible="true" />
  <node id="-2618" lat="48.7648238" lon="11.4353768" visible="true" />
  <node id="-2619" lat="48.7648901" lon="11.4350179" visible="true" />
  <node id="-2620" lat="48.7623686" lon="11.4407094" visible="true" />
  <node id="-2621" lat="48.7623386" lon="11.4404146" visible="true" />
  <node id="-2622" lat="48.7621825" lon="11.4404509" visible="true" />
  <node id="-2623" lat="48.7622046" lon="11.4406686" visible="true" />
  <node id="-2624" lat="48.7622124" lon="11.4407457" visible="true" />
  <node id="-2625" lat="48.7623159" lon="11.4407217" visible="true" />
  <node id="-2626" lat="48.7625244" lon="11.4408088" visible="true" />
  <node id="-2627" lat="48.7625489" lon="11.4410499" visible="true" />
  <node id="-2628" lat="48.7624999" lon="11.4410613" visible="true" />
  <node id="-2629" lat="48.7623539" lon="11.4410952" visible="true" />
  <node id="-2630" lat="48.7623294" lon="11.4408542" visible="true" />
  <node id="-2631" lat="48.7623821" lon="11.4408419" visible="true" />
  <node id="-2632" lat="48.7627035" lon="11.4411210" visible="true" />
  <node id="-2633" lat="48.7627287" lon="11.4413687" visible="true" />
  <node id="-2634" lat="48.7625357" lon="11.4414136" visible="true" />
  <node id="-2635" lat="48.7625283" lon="11.4413411" visible="true" />
  <node id="-2636" lat="48.7625105" lon="11.4411659" visible="true" />
  <node id="-2637" lat="48.7625595" lon="11.4411545" visible="true" />
  <node id="-2638" lat="48.7622801" lon="11.4413989" visible="true" />
  <node id="-2639" lat="48.7622881" lon="11.4414773" visible="true" />
  <node id="-2640" lat="48.7623093" lon="11.4416864" visible="true" />
  <node id="-2641" lat="48.7624681" lon="11.4416495" visible="true" />
  <node id="-2642" lat="48.7624462" lon="11.4414344" visible="true" />
  <node id="-2643" lat="48.7624389" lon="11.4413619" visible="true" />
  <node id="-2644" lat="48.7677847" lon="11.4382343" visible="true" />
  <node id="-2645" lat="48.7679640" lon="11.4381917" visible="true" />
  <node id="-2646" lat="48.7680430" lon="11.4381637" visible="true" />
  <node id="-2647" lat="48.7680450" lon="11.4383429" visible="true" />
  <node id="-2648" lat="48.7680458" lon="11.4384149" visible="true" />
  <node id="-2649" lat="48.7680460" lon="11.4384374" visible="true" />
  <node id="-2650" lat="48.7681301" lon="11.4382715" visible="true" />
  <node id="-2651" lat="48.7682351" lon="11.4382354" visible="true" />
  <node id="-2652" lat="48.7682603" lon="11.4384040" visible="true" />
  <node id="-2653" lat="48.7681553" lon="11.4384401" visible="true" />
  <node id="-2654" lat="48.7681468" lon="11.4383836" visible="true" />
  <node id="-2655" lat="48.7681366" lon="11.4383153" visible="true" />
  <node id="-2656" lat="48.7671597" lon="11.4423142" visible="true" />
  <node id="-2657" lat="48.7670679" lon="11.4423467" visible="true" />
  <node id="-2658" lat="48.7670957" lon="11.4425276" visible="true" />
  <node id="-2659" lat="48.7671875" lon="11.4424952" visible="true" />
  <node id="-2660" lat="48.7620863" lon="11.4414439" visible="true" />
  <node id="-2661" lat="48.7620943" lon="11.4415224" visible="true" />
  <node id="-2662" lat="48.7668567" lon="11.4398976" visible="true" />
  <node id="-2663" lat="48.7669659" lon="11.4398947" visible="true" />
  <node id="-2664" lat="48.7669682" lon="11.4400482" visible="true" />
  <node id="-2665" lat="48.7668538" lon="11.4396504" visible="true" />
  <node id="-2666" lat="48.7669630" lon="11.4396474" visible="true" />
  <node id="-2667" lat="48.7669799" lon="11.4459984" visible="true" />
  <node id="-2668" lat="48.7670595" lon="11.4459672" visible="true" />
  <node id="-2669" lat="48.7672217" lon="11.4458851" visible="true" />
  <node id="-2670" lat="48.7673869" lon="11.4455902" visible="true" />
  <node id="-2671" lat="48.7674360" lon="11.4455718" visible="true" />
  <node id="-2672" lat="48.7663567" lon="11.4456189" visible="true" />
  <node id="-2673" lat="48.7663679" lon="11.4456839" visible="true" />
  <node id="-2674" lat="48.7663205" lon="11.4457027" visible="true" />
  <node id="-2675" lat="48.7663093" lon="11.4456376" visible="true" />
  <node id="-2676" lat="48.7664838" lon="11.4455501" visible="true" />
  <node id="-2677" lat="48.7665084" lon="11.4456937" visible="true" />
  <node id="-2678" lat="48.7668319" lon="11.4453378" visible="true" />
  <node id="-2679" lat="48.7668521" lon="11.4454589" visible="true" />
  <node id="-2680" lat="48.7667797" lon="11.4456464" visible="true" />
  <node id="-2681" lat="48.7668804" lon="11.4456102" visible="true" />
  <node id="-2682" lat="48.7668909" lon="11.4456773" visible="true" />
  <node id="-2683" lat="48.7669017" lon="11.4457461" visible="true" />
  <node id="-2684" lat="48.7668009" lon="11.4457823" visible="true" />
  <node id="-2685" lat="48.7687309" lon="11.4408410" visible="true" />
  <node id="-2686" lat="48.7687854" lon="11.4408270" visible="true" />
  <node id="-2687" lat="48.7687928" lon="11.4408938" visible="true" />
  <node id="-2688" lat="48.7688022" lon="11.4409774" visible="true" />
  <node id="-2689" lat="48.7687477" lon="11.4409914" visible="true" />
  <node id="-2690" lat="48.7686768" lon="11.4408549" visible="true" />
  <node id="-2691" lat="48.7686936" lon="11.4410053" visible="true" />
  <node id="-2692" lat="48.7688410" lon="11.4408814" visible="true" />
  <node id="-2693" lat="48.7687678" lon="11.4406701" visible="true" />
  <node id="-2694" lat="48.7688160" lon="11.4406578" visible="true" />
  <node id="-2695" lat="48.7689283" lon="11.4406354" visible="true" />
  <node id="-2696" lat="48.7689589" lon="11.4409303" visible="true" />
  <node id="-2697" lat="48.7689141" lon="11.4409410" visible="true" />
  <node id="-2698" lat="48.7688835" lon="11.4406461" visible="true" />
  <node id="-2699" lat="48.7675421" lon="11.4408714" visible="true" />
  <node id="-2700" lat="48.7674917" lon="11.4408848" visible="true" />
  <node id="-2701" lat="48.7674833" lon="11.4408120" visible="true" />
  <node id="-2702" lat="48.7675337" lon="11.4407986" visible="true" />
  <node id="-2703" lat="48.7674789" lon="11.4406143" visible="true" />
  <node id="-2704" lat="48.7674579" lon="11.4404099" visible="true" />
  <node id="-2705" lat="48.7677625" lon="11.4401872" visible="true" />
  <node id="-2706" lat="48.7677571" lon="11.4401500" visible="true" />
  <node id="-2707" lat="48.7677685" lon="11.4401462" visible="true" />
  <node id="-2708" lat="48.7677581" lon="11.4400745" visible="true" />
  <node id="-2709" lat="48.7678181" lon="11.4400545" visible="true" />
  <node id="-2710" lat="48.7676486" lon="11.4400538" visible="true" />
  <node id="-2711" lat="48.7677502" lon="11.4400199" visible="true" />
  <node id="-2712" lat="48.7676669" lon="11.4401801" visible="true" />
  <node id="-2713" lat="48.7673197" lon="11.4451186" visible="true" />
  <node id="-2714" lat="48.7672100" lon="11.4451636" visible="true" />
  <node id="-2715" lat="48.7672393" lon="11.4453277" visible="true" />
  <node id="-2716" lat="48.7673490" lon="11.4452827" visible="true" />
  <node id="-2717" lat="48.7700886" lon="11.4460731" visible="true" />
  <node id="-2718" lat="48.7700984" lon="11.4461354" visible="true" />
  <node id="-2719" lat="48.7700183" lon="11.4461644" visible="true" />
  <node id="-2720" lat="48.7701753" lon="11.4463686" visible="true" />
  <node id="-2721" lat="48.7700807" lon="11.4464045" visible="true" />
  <node id="-2722" lat="48.7700806" lon="11.4464971" visible="true" />
  <node id="-2723" lat="48.7700671" lon="11.4464379" visible="true" />
  <node id="-2724" lat="48.7700131" lon="11.4464662" visible="true" />
  <node id="-2725" lat="48.7700266" lon="11.4465254" visible="true" />
  <node id="-2726" lat="48.7700380" lon="11.4466047" visible="true" />
  <node id="-2727" lat="48.7699929" lon="11.4466333" visible="true" />
  <node id="-2728" lat="48.7700108" lon="11.4467031" visible="true" />
  <node id="-2729" lat="48.7700572" lon="11.4466745" visible="true" />
  <node id="-2730" lat="48.7701726" lon="11.4458654" visible="true" />
  <node id="-2731" lat="48.7701606" lon="11.4458233" visible="true" />
  <node id="-2732" lat="48.7702089" lon="11.4457917" visible="true" />
  <node id="-2733" lat="48.7702209" lon="11.4458338" visible="true" />
  <node id="-2734" lat="48.7701848" lon="11.4459070" visible="true" />
  <node id="-2735" lat="48.7702331" lon="11.4458754" visible="true" />
  <node id="-2736" lat="48.7701968" lon="11.4459485" visible="true" />
  <node id="-2737" lat="48.7702452" lon="11.4459169" visible="true" />
  <node id="-2738" lat="48.7705046" lon="11.4464153" visible="true" />
  <node id="-2739" lat="48.7704795" lon="11.4463183" visible="true" />
  <node id="-2740" lat="48.7678386" lon="11.4333851" visible="true" />
  <node id="-2741" lat="48.7676205" lon="11.4336007" visible="true" />
  <node id="-2742" lat="48.7675470" lon="11.4334312" visible="true" />
  <node id="-2743" lat="48.7677682" lon="11.4332185" visible="true" />
  <node id="-2744" lat="48.7656250" lon="11.4336497" visible="true" />
  <node id="-2745" lat="48.7653810" lon="11.4337684" visible="true" />
  <node id="-2746" lat="48.7655713" lon="11.4347045" visible="true" />
  <node id="-2747" lat="48.7658107" lon="11.4345857" visible="true" />
  <node id="-2748" lat="48.7657216" lon="11.4334561" visible="true" />
  <node id="-2749" lat="48.7658755" lon="11.4342083" visible="true" />
  <node id="-2750" lat="48.7664400" lon="11.4339493" visible="true" />
  <node id="-2751" lat="48.7662861" lon="11.4331905" visible="true" />
  <node id="-2752" lat="48.7661930" lon="11.4332346" visible="true" />
  <node id="-2753" lat="48.7662427" lon="11.4336208" visible="true" />
  <node id="-2754" lat="48.7659065" lon="11.4337214" visible="true" />
  <node id="-2755" lat="48.7659496" lon="11.4339385" visible="true" />
  <node id="-2756" lat="48.7659526" lon="11.4339465" visible="true" />
  <node id="-2757" lat="48.7659577" lon="11.4339550" visible="true" />
  <node id="-2758" lat="48.7659610" lon="11.4339586" visible="true" />
  <node id="-2759" lat="48.7659669" lon="11.4339616" visible="true" />
  <node id="-2760" lat="48.7659737" lon="11.4339637" visible="true" />
  <node id="-2761" lat="48.7659776" lon="11.4339637" visible="true" />
  <node id="-2762" lat="48.7660910" lon="11.4339111" visible="true" />
  <node id="-2763" lat="48.7661135" lon="11.4339071" visible="true" />
  <node id="-2764" lat="48.7662625" lon="11.4338377" visible="true" />
  <node id="-2765" lat="48.7662663" lon="11.4338356" visible="true" />
  <node id="-2766" lat="48.7662693" lon="11.4338321" visible="true" />
  <node id="-2767" lat="48.7662722" lon="11.4338276" visible="true" />
  <node id="-2768" lat="48.7662741" lon="11.4338223" visible="true" />
  <node id="-2769" lat="48.7662760" lon="11.4338147" visible="true" />
  <node id="-2770" lat="48.7662772" lon="11.4338078" visible="true" />
  <node id="-2771" lat="48.7662772" lon="11.4338020" visible="true" />
  <node id="-2772" lat="48.7662767" lon="11.4337955" visible="true" />
  <node id="-2773" lat="48.7662758" lon="11.4337901" visible="true" />
  <way id="-1000000000" visible="true">
    <nd ref="-1" />
    <nd ref="-2" />
    <nd ref="-3" />
    <nd ref="-4" />
    <nd ref="-5" />
    <nd ref="-1" />
    <tag k="addr:city" v="Ingolstadt" />
    <tag k="addr:country" v="DE" />
    <tag k="addr:housenumber" v="26" />
    <tag k="addr:postcode" v="85049" />
    <tag k="addr:street" v="Schloßlände" />
    <tag k="building" v="office" />
    <tag k="building:colour" v="#af1212" />
    <tag k="building:levels" v="2" />
    <tag k="building:levels:underground" v="1" />
    <tag k="description" v="Historisches Gebäude, in dem sich nun ein Startup-Zentrum (Brigk) inkl. Coworking-Space und Werkstatt befindet." />
    <tag k="name" v="Kavalier Dalwigk" />
    <tag k="smoking" v="outside" />
    <tag k="source" v="HiRes aerial imagery" />
    <tag k="website" v="https://brigk.digital/" />
  </way>
  <way id="-1000000001" visible="true">
    <nd ref="-6" />
    <nd ref="-7" />
    <nd ref="-8" />
    <nd ref="-9" />
    <nd ref="-10" />
    <nd ref="-11" />
    <nd ref="-12" />
    <nd ref="-6" />
    <tag k="addr:city" v="Ingolstadt" />
    <tag k="addr:country" v="DE" />
    <tag k="addr:housename" v="Donau-City-Center" />
    <tag k="addr:housenumber" v="35" />
    <tag k="addr:postcode" v="85055" />
    <tag k="addr:street" v="Frühlingstraße" />
    <tag k="building" v="retail" />
    <tag k="building:levels" v="3" />
    <tag k="source" v="HiRes aerial imagery" />
  </way>
  <way id="-1000000002" visible="true">
    <nd ref="-13" />
    <nd ref="-14" />
    <nd ref="-15" />
    <nd ref="-16" />
    <nd ref="-11" />
    <nd ref="-10" />
    <nd ref="-9" />
    <nd ref="-8" />
    <nd ref="-17" />
    <nd ref="-13" />
    <tag k="access" v="yes" />
    <tag k="amenity" v="parking" />
    <tag k="building" v="yes" />
    <tag k="check_date:opening_hours" v="2026-03-31" />
    <tag k="fee" v="no" />
    <tag k="opening_hours" v="Mo-Fr 05:00-24:00; Sa 05:00-21:30; Su 08:00-21:00" />
    <tag k="parking" v="multi-storey" />
    <tag k="source" v="HiRes aerial imagery" />
  </way>
  <way id="-1000000003" visible="true">
    <nd ref="-18" />
    <nd ref="-19" />
    <nd ref="-20" />
    <nd ref="-21" />
    <nd ref="-22" />
    <nd ref="-23" />
    <nd ref="-24" />
    <nd ref="-25" />
    <nd ref="-26" />
    <nd ref="-27" />
    <nd ref="-28" />
    <nd ref="-29" />
    <nd ref="-30" />
    <nd ref="-31" />
    <nd ref="-32" />
    <nd ref="-33" />
    <nd ref="-34" />
    <nd ref="-35" />
    <nd ref="-18" />
    <tag k="building" v="university" />
    <tag k="building:levels" v="1" />
    <tag k="height" v="5" />
    <tag k="ref" v="C" />
    <tag k="source" v="HiRes aerial imagery" />
    <tag k="wheelchair" v="yes" />
  </way>
  <way id="-1000000004" visible="true">
    <nd ref="-36" />
    <nd ref="-37" />
    <nd ref="-38" />
    <nd ref="-39" />
    <nd ref="-40" />
    <nd ref="-41" />
    <nd ref="-42" />
    <nd ref="-43" />
    <nd ref="-44" />
    <nd ref="-45" />
    <nd ref="-46" />
    <nd ref="-47" />
    <nd ref="-48" />
    <nd ref="-49" />
    <nd ref="-50" />
    <nd ref="-51" />
    <nd ref="-52" />
    <nd ref="-53" />
    <nd ref="-54" />
    <nd ref="-55" />
    <nd ref="-56" />
    <nd ref="-57" />
    <nd ref="-58" />
    <nd ref="-59" />
    <nd ref="-60" />
    <nd ref="-61" />
    <nd ref="-62" />
    <nd ref="-63" />
    <nd ref="-64" />
    <nd ref="-65" />
    <nd ref="-66" />
    <nd ref="-67" />
    <nd ref="-68" />
    <nd ref="-69" />
    <nd ref="-70" />
    <nd ref="-71" />
    <nd ref="-72" />
    <nd ref="-73" />
    <nd ref="-74" />
    <nd ref="-36" />
    <tag k="building" v="university" />
    <tag k="ref" v="D" />
    <tag k="source" v="HiRes aerial imagery" />
  </way>
  <way id="-1000000005" visible="true">
    <nd ref="-75" />
    <nd ref="-76" />
    <nd ref="-77" />
    <nd ref="-78" />
    <nd ref="-75" />
    <tag k="building" v="yes" />
  </way>
  <way id="-1000000006" visible="true">
    <nd ref="-79" />
    <nd ref="-80" />
    <nd ref="-81" />
    <nd ref="-82" />
    <nd ref="-79" />
    <tag k="building" v="retail" />
    <tag k="building:levels" v="1" />
    <tag k="roof:levels" v="1" />
    <tag k="source" v="HiRes aerial imagery" />
  </way>
  <way id="-1000000007" visible="true">
    <nd ref="-83" />
    <nd ref="-84" />
    <nd ref="-85" />
    <nd ref="-86" />
    <nd ref="-83" />
    <tag k="building" v="yes" />
  </way>
  <way id="-1000000008" visible="true">
    <nd ref="-87" />
    <nd ref="-88" />
    <nd ref="-89" />
    <nd ref="-90" />
    <nd ref="-87" />
    <tag k="building" v="yes" />
  </way>
  <way id="-1000000009" visible="true">
    <nd ref="-91" />
    <nd ref="-92" />
    <nd ref="-93" />
    <nd ref="-94" />
    <nd ref="-91" />
    <tag k="building" v="yes" />
  </way>
  <way id="-1000000010" visible="true">
    <nd ref="-95" />
    <nd ref="-96" />
    <nd ref="-97" />
    <nd ref="-98" />
    <nd ref="-95" />
    <tag k="building" v="yes" />
  </way>
  <way id="-1000000011" visible="true">
    <nd ref="-99" />
    <nd ref="-100" />
    <nd ref="-101" />
    <nd ref="-102" />
    <nd ref="-99" />
    <tag k="building" v="yes" />
  </way>
  <way id="-1000000012" visible="true">
    <nd ref="-103" />
    <nd ref="-104" />
    <nd ref="-105" />
    <nd ref="-106" />
    <nd ref="-103" />
    <tag k="building" v="apartments" />
  </way>
  <way id="-1000000013" visible="true">
    <nd ref="-107" />
    <nd ref="-108" />
    <nd ref="-109" />
    <nd ref="-110" />
    <nd ref="-111" />
    <nd ref="-112" />
    <nd ref="-107" />
    <tag k="building" v="apartments" />
  </way>
  <way id="-1000000014" visible="true">
    <nd ref="-113" />
    <nd ref="-114" />
    <nd ref="-115" />
    <nd ref="-116" />
    <nd ref="-117" />
    <nd ref="-113" />
    <tag k="building" v="apartments" />
  </way>
  <way id="-1000000015" visible="true">
    <nd ref="-118" />
    <nd ref="-119" />
    <nd ref="-120" />
    <nd ref="-121" />
    <nd ref="-122" />
    <nd ref="-123" />
    <nd ref="-118" />
    <tag k="building" v="detached" />
  </way>
  <way id="-1000000016" visible="true">
    <nd ref="-124" />
    <nd ref="-122" />
    <nd ref="-121" />
    <nd ref="-125" />
    <nd ref="-126" />
    <nd ref="-127" />
    <nd ref="-124" />
    <tag k="building" v="detached" />
  </way>
  <way id="-1000000017" visible="true">
    <nd ref="-128" />
    <nd ref="-129" />
    <nd ref="-130" />
    <nd ref="-131" />
    <nd ref="-132" />
    <nd ref="-128" />
    <tag k="building" v="apartments" />
  </way>
  <way id="-1000000018" visible="true">
    <nd ref="-133" />
    <nd ref="-134" />
    <nd ref="-135" />
    <nd ref="-136" />
    <nd ref="-133" />
    <tag k="building" v="semidetached_house" />
  </way>
  <way id="-1000000019" visible="true">
    <nd ref="-137" />
    <nd ref="-138" />
    <nd ref="-139" />
    <nd ref="-140" />
    <nd ref="-137" />
    <tag k="building" v="semidetached_house" />
  </way>
  <way id="-1000000020" visible="true">
    <nd ref="-141" />
    <nd ref="-142" />
    <nd ref="-143" />
    <nd ref="-144" />
    <nd ref="-141" />
    <tag k="building" v="yes" />
  </way>
  <way id="-1000000021" visible="true">
    <nd ref="-145" />
    <nd ref="-146" />
    <nd ref="-147" />
    <nd ref="-148" />
    <nd ref="-145" />
    <tag k="building" v="detached" />
  </way>
  <way id="-1000000022" visible="true">
    <nd ref="-149" />
    <nd ref="-150" />
    <nd ref="-151" />
    <nd ref="-152" />
    <nd ref="-153" />
    <nd ref="-154" />
    <nd ref="-155" />
    <nd ref="-149" />
    <tag k="building" v="apartments" />
  </way>
  <way id="-1000000023" visible="true">
    <nd ref="-156" />
    <nd ref="-153" />
    <nd ref="-152" />
    <nd ref="-157" />
    <nd ref="-158" />
    <nd ref="-156" />
    <tag k="building" v="apartments" />
  </way>
  <way id="-1000000024" visible="true">
    <nd ref="-159" />
    <nd ref="-160" />
    <nd ref="-161" />
    <nd ref="-162" />
    <nd ref="-163" />
    <nd ref="-164" />
    <nd ref="-165" />
    <nd ref="-166" />
    <nd ref="-167" />
    <nd ref="-168" />
    <nd ref="-159" />
    <tag k="building" v="apartments" />
  </way>
  <way id="-1000000025" visible="true">
    <nd ref="-169" />
    <nd ref="-170" />
    <nd ref="-171" />
    <nd ref="-172" />
    <nd ref="-169" />
    <tag k="building" v="apartments" />
  </way>
  <way id="-1000000026" visible="true">
    <nd ref="-173" />
    <nd ref="-174" />
    <nd ref="-175" />
    <nd ref="-176" />
    <nd ref="-177" />
    <nd ref="-178" />
    <nd ref="-179" />
    <nd ref="-180" />
    <nd ref="-181" />
    <nd ref="-182" />
    <nd ref="-173" />
    <tag k="building" v="semidetached_house" />
  </way>
  <way id="-1000000027" visible="true">
    <nd ref="-183" />
    <nd ref="-184" />
    <nd ref="-185" />
    <nd ref="-186" />
    <nd ref="-183" />
    <tag k="building" v="detached" />
  </way>
  <way id="-1000000028" visible="true">
    <nd ref="-187" />
    <nd ref="-188" />
    <nd ref="-189" />
    <nd ref="-190" />
    <nd ref="-187" />
    <tag k="building" v="apartments" />
  </way>
  <way id="-1000000029" visible="true">
    <nd ref="-191" />
    <nd ref="-192" />
    <nd ref="-193" />
    <nd ref="-194" />
    <nd ref="-191" />
    <tag k="building" v="apartments" />
  </way>
  <way id="-1000000030" visible="true">
    <nd ref="-195" />
    <nd ref="-196" />
    <nd ref="-197" />
    <nd ref="-198" />
    <nd ref="-195" />
    <tag k="building" v="apartments" />
  </way>
  <way id="-1000000031" visible="true">
    <nd ref="-199" />
    <nd ref="-200" />
    <nd ref="-201" />
    <nd ref="-202" />
    <nd ref="-199" />
    <tag k="building" v="apartments" />
  </way>
  <way id="-1000000032" visible="true">
    <nd ref="-203" />
    <nd ref="-204" />
    <nd ref="-205" />
    <nd ref="-206" />
    <nd ref="-203" />
    <tag k="building" v="apartments" />
  </way>
  <way id="-1000000033" visible="true">
    <nd ref="-207" />
    <nd ref="-208" />
    <nd ref="-209" />
    <nd ref="-210" />
    <nd ref="-207" />
    <tag k="building" v="apartments" />
  </way>
  <way id="-1000000034" visible="true">
    <nd ref="-211" />
    <nd ref="-212" />
    <nd ref="-213" />
    <nd ref="-214" />
    <nd ref="-215" />
    <nd ref="-216" />
    <nd ref="-217" />
    <nd ref="-218" />
    <nd ref="-219" />
    <nd ref="-220" />
    <nd ref="-221" />
    <nd ref="-222" />
    <nd ref="-211" />
    <tag k="building" v="apartments" />
  </way>
  <way id="-1000000035" visible="true">
    <nd ref="-223" />
    <nd ref="-224" />
    <nd ref="-225" />
    <nd ref="-226" />
    <nd ref="-227" />
    <nd ref="-228" />
    <nd ref="-223" />
    <tag k="building" v="apartments" />
  </way>
  <way id="-1000000036" visible="true">
    <nd ref="-229" />
    <nd ref="-230" />
    <nd ref="-231" />
    <nd ref="-232" />
    <nd ref="-233" />
    <nd ref="-229" />
    <tag k="building" v="apartments" />
    <tag k="noaddress" v="yes" />
    <tag k="roof:shape" v="side_hipped" />
  </way>
  <way id="-1000000037" visible="true">
    <nd ref="-234" />
    <nd ref="-235" />
    <nd ref="-236" />
    <nd ref="-237" />
    <nd ref="-234" />
    <tag k="building" v="yes" />
  </way>
  <way id="-1000000038" visible="true">
    <nd ref="-238" />
    <nd ref="-239" />
    <nd ref="-240" />
    <nd ref="-241" />
    <nd ref="-238" />
    <tag k="building" v="yes" />
  </way>
  <way id="-1000000039" visible="true">
    <nd ref="-242" />
    <nd ref="-243" />
    <nd ref="-244" />
    <nd ref="-245" />
    <nd ref="-242" />
    <tag k="building" v="yes" />
  </way>
  <way id="-1000000040" visible="true">
    <nd ref="-246" />
    <nd ref="-247" />
    <nd ref="-248" />
    <nd ref="-249" />
    <nd ref="-250" />
    <nd ref="-246" />
    <tag k="building" v="apartments" />
  </way>
  <way id="-1000000041" visible="true">
    <nd ref="-251" />
    <nd ref="-252" />
    <nd ref="-253" />
    <nd ref="-254" />
    <nd ref="-255" />
    <nd ref="-256" />
    <nd ref="-251" />
    <tag k="building" v="apartments" />
  </way>
  <way id="-1000000042" visible="true">
    <nd ref="-255" />
    <nd ref="-254" />
    <nd ref="-253" />
    <nd ref="-257" />
    <nd ref="-258" />
    <nd ref="-259" />
    <nd ref="-255" />
    <tag k="building" v="apartments" />
  </way>
  <way id="-1000000043" visible="true">
    <nd ref="-260" />
    <nd ref="-261" />
    <nd ref="-262" />
    <nd ref="-263" />
    <nd ref="-260" />
    <tag k="addr:city" v="Ingolstadt" />
    <tag k="addr:housenumber" v="21" />
    <tag k="addr:postcode" v="85055" />
    <tag k="addr:street" v="Regensburger Straße" />
    <tag k="amenity" v="cafe" />
    <tag k="building" v="yes" />
  </way>
  <way id="-1000000044" visible="true">
    <nd ref="-264" />
    <nd ref="-265" />
    <nd ref="-266" />
    <nd ref="-267" />
    <nd ref="-264" />
    <tag k="building" v="yes" />
  </way>
  <way id="-1000000045" visible="true">
    <nd ref="-268" />
    <nd ref="-269" />
    <nd ref="-270" />
    <nd ref="-271" />
    <nd ref="-268" />
    <tag k="building" v="yes" />
  </way>
  <way id="-1000000046" visible="true">
    <nd ref="-272" />
    <nd ref="-273" />
    <nd ref="-274" />
    <nd ref="-275" />
    <nd ref="-272" />
    <tag k="building" v="apartments" />
  </way>
  <way id="-1000000047" visible="true">
    <nd ref="-276" />
    <nd ref="-277" />
    <nd ref="-278" />
    <nd ref="-279" />
    <nd ref="-276" />
    <tag k="building" v="yes" />
  </way>
  <way id="-1000000048" visible="true">
    <nd ref="-280" />
    <nd ref="-281" />
    <nd ref="-282" />
    <nd ref="-283" />
    <nd ref="-284" />
    <nd ref="-285" />
    <nd ref="-280" />
    <tag k="building" v="yes" />
  </way>
  <way id="-1000000049" visible="true">
    <nd ref="-286" />
    <nd ref="-287" />
    <nd ref="-288" />
    <nd ref="-289" />
    <nd ref="-286" />
    <tag k="addr:housenumber" v="1" />
    <tag k="addr:street" v="Baldestraße" />
    <tag k="building" v="apartments" />
  </way>
  <way id="-1000000050" visible="true">
    <nd ref="-290" />
    <nd ref="-291" />
    <nd ref="-292" />
    <nd ref="-293" />
    <nd ref="-290" />
    <tag k="building" v="yes" />
  </way>
  <way id="-1000000051" visible="true">
    <nd ref="-294" />
    <nd ref="-295" />
    <nd ref="-296" />
    <nd ref="-297" />
    <nd ref="-294" />
    <tag k="building" v="apartments" />
  </way>
  <way id="-1000000052" visible="true">
    <nd ref="-298" />
    <nd ref="-299" />
    <nd ref="-300" />
    <nd ref="-301" />
    <nd ref="-298" />
    <tag k="building" v="apartments" />
  </way>
  <way id="-1000000053" visible="true">
    <nd ref="-302" />
    <nd ref="-303" />
    <nd ref="-304" />
    <nd ref="-305" />
    <nd ref="-302" />
    <tag k="building" v="apartments" />
  </way>
  <way id="-1000000054" visible="true">
    <nd ref="-306" />
    <nd ref="-307" />
    <nd ref="-308" />
    <nd ref="-309" />
    <nd ref="-306" />
    <tag k="building" v="apartments" />
  </way>
  <way id="-1000000055" visible="true">
    <nd ref="-310" />
    <nd ref="-311" />
    <nd ref="-312" />
    <nd ref="-313" />
    <nd ref="-310" />
    <tag k="building" v="apartments" />
  </way>
  <way id="-1000000056" visible="true">
    <nd ref="-314" />
    <nd ref="-315" />
    <nd ref="-316" />
    <nd ref="-317" />
    <nd ref="-314" />
    <tag k="building" v="apartments" />
  </way>
  <way id="-1000000057" visible="true">
    <nd ref="-318" />
    <nd ref="-319" />
    <nd ref="-320" />
    <nd ref="-321" />
    <nd ref="-318" />
    <tag k="building" v="yes" />
  </way>
  <way id="-1000000058" visible="true">
    <nd ref="-322" />
    <nd ref="-323" />
    <nd ref="-324" />
    <nd ref="-325" />
    <nd ref="-322" />
    <tag k="building" v="garage" />
  </way>
  <way id="-1000000059" visible="true">
    <nd ref="-326" />
    <nd ref="-327" />
    <nd ref="-328" />
    <nd ref="-329" />
    <nd ref="-326" />
    <tag k="building" v="yes" />
  </way>
  <way id="-1000000060" visible="true">
    <nd ref="-330" />
    <nd ref="-331" />
    <nd ref="-332" />
    <nd ref="-333" />
    <nd ref="-330" />
    <tag k="building" v="apartments" />
  </way>
  <way id="-1000000061" visible="true">
    <nd ref="-334" />
    <nd ref="-335" />
    <nd ref="-336" />
    <nd ref="-337" />
    <nd ref="-334" />
    <tag k="building" v="yes" />
  </way>
  <way id="-1000000062" visible="true">
    <nd ref="-338" />
    <nd ref="-339" />
    <nd ref="-340" />
    <nd ref="-341" />
    <nd ref="-338" />
    <tag k="building" v="apartments" />
  </way>
  <way id="-1000000063" visible="true">
    <nd ref="-342" />
    <nd ref="-343" />
    <nd ref="-344" />
    <nd ref="-345" />
    <nd ref="-342" />
    <tag k="building" v="apartments" />
  </way>
  <way id="-1000000064" visible="true">
    <nd ref="-346" />
    <nd ref="-347" />
    <nd ref="-348" />
    <nd ref="-349" />
    <nd ref="-346" />
    <tag k="building" v="detached" />
  </way>
  <way id="-1000000065" visible="true">
    <nd ref="-350" />
    <nd ref="-351" />
    <nd ref="-352" />
    <nd ref="-353" />
    <nd ref="-350" />
    <tag k="building" v="apartments" />
  </way>
  <way id="-1000000066" visible="true">
    <nd ref="-354" />
    <nd ref="-355" />
    <nd ref="-356" />
    <nd ref="-357" />
    <nd ref="-354" />
    <tag k="building" v="apartments" />
  </way>
  <way id="-1000000067" visible="true">
    <nd ref="-358" />
    <nd ref="-359" />
    <nd ref="-360" />
    <nd ref="-361" />
    <nd ref="-358" />
    <tag k="addr:housenumber" v="46" />
    <tag k="addr:street" v="Feldkirchener Straße" />
    <tag k="building" v="apartments" />
  </way>
  <way id="-1000000068" visible="true">
    <nd ref="-362" />
    <nd ref="-363" />
    <nd ref="-364" />
    <nd ref="-365" />
    <nd ref="-362" />
    <tag k="addr:housenumber" v="48 1/2" />
    <tag k="addr:street" v="Feldkirchener Straße" />
    <tag k="building" v="house" />
  </way>
  <way id="-1000000069" visible="true">
    <nd ref="-366" />
    <nd ref="-367" />
    <nd ref="-368" />
    <nd ref="-369" />
    <nd ref="-366" />
    <tag k="building" v="apartments" />
  </way>
  <way id="-1000000070" visible="true">
    <nd ref="-370" />
    <nd ref="-371" />
    <nd ref="-372" />
    <nd ref="-373" />
    <nd ref="-370" />
    <tag k="building" v="apartments" />
  </way>
  <way id="-1000000071" visible="true">
    <nd ref="-374" />
    <nd ref="-375" />
    <nd ref="-376" />
    <nd ref="-377" />
    <nd ref="-374" />
    <tag k="addr:housenumber" v="1" />
    <tag k="addr:street" v="Heysestraße" />
    <tag k="building" v="apartments" />
  </way>
  <way id="-1000000072" visible="true">
    <nd ref="-378" />
    <nd ref="-379" />
    <nd ref="-380" />
    <nd ref="-381" />
    <nd ref="-378" />
    <tag k="addr:housenumber" v="1a" />
    <tag k="addr:street" v="Heysestraße" />
    <tag k="building" v="detached" />
  </way>
  <way id="-1000000073" visible="true">
    <nd ref="-382" />
    <nd ref="-383" />
    <nd ref="-384" />
    <nd ref="-385" />
    <nd ref="-382" />
    <tag k="abandoned" v="yes" />
    <tag k="building" v="yes" />
  </way>
  <way id="-1000000074" visible="true">
    <nd ref="-386" />
    <nd ref="-387" />
    <nd ref="-388" />
    <nd ref="-389" />
    <nd ref="-386" />
    <tag k="building" v="yes" />
  </way>
  <way id="-1000000075" visible="true">
    <nd ref="-390" />
    <nd ref="-391" />
    <nd ref="-392" />
    <nd ref="-393" />
    <nd ref="-390" />
    <tag k="building" v="apartments" />
  </way>
  <way id="-1000000076" visible="true">
    <nd ref="-394" />
    <nd ref="-395" />
    <nd ref="-396" />
    <nd ref="-397" />
    <nd ref="-398" />
    <nd ref="-399" />
    <nd ref="-400" />
    <nd ref="-401" />
    <nd ref="-402" />
    <nd ref="-403" />
    <nd ref="-404" />
    <nd ref="-405" />
    <nd ref="-406" />
    <nd ref="-407" />
    <nd ref="-408" />
    <nd ref="-409" />
    <nd ref="-394" />
    <tag k="access" v="customers" />
    <tag k="amenity" v="parking" />
    <tag k="building" v="yes" />
    <tag k="fee" v="yes" />
    <tag k="opening_hours" v="Mo-Su 00:00-24:00" />
    <tag k="parking" v="multi-storey" />
  </way>
  <way id="-1000000077" visible="true">
    <nd ref="-410" />
    <nd ref="-411" />
    <nd ref="-412" />
    <nd ref="-413" />
    <nd ref="-414" />
    <nd ref="-415" />
    <nd ref="-410" />
    <tag k="building" v="retail" />
    <tag k="building:levels" v="3" />
  </way>
  <way id="-1000000078" visible="true">
    <nd ref="-416" />
    <nd ref="-417" />
    <nd ref="-418" />
    <nd ref="-419" />
    <nd ref="-416" />
    <tag k="building" v="yes" />
  </way>
  <way id="-1000000079" visible="true">
    <nd ref="-420" />
    <nd ref="-421" />
    <nd ref="-422" />
    <nd ref="-423" />
    <nd ref="-420" />
    <tag k="building" v="yes" />
  </way>
  <way id="-1000000080" visible="true">
    <nd ref="-424" />
    <nd ref="-425" />
    <nd ref="-426" />
    <nd ref="-427" />
    <nd ref="-424" />
    <tag k="building" v="apartments" />
    <tag k="building:levels" v="3" />
    <tag k="roof:shape" v="gabled" />
  </way>
  <way id="-1000000081" visible="true">
    <nd ref="-428" />
    <nd ref="-429" />
    <nd ref="-430" />
    <nd ref="-431" />
    <nd ref="-432" />
    <nd ref="-433" />
    <nd ref="-434" />
    <nd ref="-435" />
    <nd ref="-428" />
    <tag k="building" v="apartments" />
    <tag k="building:levels" v="3" />
    <tag k="roof:shape" v="gabled" />
  </way>
  <way id="-1000000082" visible="true">
    <nd ref="-436" />
    <nd ref="-437" />
    <nd ref="-438" />
    <nd ref="-439" />
    <nd ref="-436" />
    <tag k="building" v="apartments" />
  </way>
  <way id="-1000000083" visible="true">
    <nd ref="-440" />
    <nd ref="-441" />
    <nd ref="-442" />
    <nd ref="-443" />
    <nd ref="-440" />
    <tag k="building" v="apartments" />
  </way>
  <way id="-1000000084" visible="true">
    <nd ref="-444" />
    <nd ref="-445" />
    <nd ref="-446" />
    <nd ref="-447" />
    <nd ref="-444" />
    <tag k="building" v="yes" />
  </way>
  <way id="-1000000085" visible="true">
    <nd ref="-448" />
    <nd ref="-449" />
    <nd ref="-450" />
    <nd ref="-451" />
    <nd ref="-448" />
    <tag k="building" v="yes" />
  </way>
  <way id="-1000000086" visible="true">
    <nd ref="-452" />
    <nd ref="-453" />
    <nd ref="-454" />
    <nd ref="-455" />
    <nd ref="-452" />
    <tag k="building" v="yes" />
  </way>
  <way id="-1000000087" visible="true">
    <nd ref="-456" />
    <nd ref="-457" />
    <nd ref="-458" />
    <nd ref="-459" />
    <nd ref="-456" />
    <tag k="building" v="apartments" />
  </way>
  <way id="-1000000088" visible="true">
    <nd ref="-460" />
    <nd ref="-461" />
    <nd ref="-462" />
    <nd ref="-463" />
    <nd ref="-464" />
    <nd ref="-465" />
    <nd ref="-466" />
    <nd ref="-467" />
    <nd ref="-460" />
    <tag k="building" v="yes" />
  </way>
  <way id="-1000000089" visible="true">
    <nd ref="-468" />
    <nd ref="-469" />
    <nd ref="-470" />
    <nd ref="-471" />
    <nd ref="-468" />
    <tag k="building" v="yes" />
  </way>
  <way id="-1000000090" visible="true">
    <nd ref="-472" />
    <nd ref="-473" />
    <nd ref="-474" />
    <nd ref="-475" />
    <nd ref="-472" />
    <tag k="building" v="yes" />
  </way>
  <way id="-1000000091" visible="true">
    <nd ref="-476" />
    <nd ref="-477" />
    <nd ref="-478" />
    <nd ref="-479" />
    <nd ref="-476" />
    <tag k="building" v="yes" />
  </way>
  <way id="-1000000092" visible="true">
    <nd ref="-480" />
    <nd ref="-481" />
    <nd ref="-482" />
    <nd ref="-483" />
    <nd ref="-480" />
    <tag k="building" v="apartments" />
  </way>
  <way id="-1000000093" visible="true">
    <nd ref="-484" />
    <nd ref="-485" />
    <nd ref="-486" />
    <nd ref="-487" />
    <nd ref="-484" />
    <tag k="building" v="yes" />
  </way>
  <way id="-1000000094" visible="true">
    <nd ref="-488" />
    <nd ref="-489" />
    <nd ref="-490" />
    <nd ref="-491" />
    <nd ref="-488" />
    <tag k="building" v="apartments" />
    <tag k="building:levels" v="2" />
    <tag k="roof:levels" v="1" />
    <tag k="roof:shape" v="gabled" />
  </way>
  <way id="-1000000095" visible="true">
    <nd ref="-492" />
    <nd ref="-493" />
    <nd ref="-494" />
    <nd ref="-495" />
    <nd ref="-492" />
    <tag k="building" v="apartments" />
    <tag k="building:levels" v="2" />
    <tag k="roof:levels" v="1" />
    <tag k="roof:shape" v="gabled" />
  </way>
  <way id="-1000000096" visible="true">
    <nd ref="-496" />
    <nd ref="-497" />
    <nd ref="-498" />
    <nd ref="-499" />
    <nd ref="-496" />
    <tag k="building" v="apartments" />
    <tag k="building:levels" v="2" />
    <tag k="roof:levels" v="1" />
    <tag k="roof:shape" v="gabled" />
  </way>
  <way id="-1000000097" visible="true">
    <nd ref="-500" />
    <nd ref="-501" />
    <nd ref="-502" />
    <nd ref="-503" />
    <nd ref="-500" />
    <tag k="building" v="detached" />
  </way>
  <way id="-1000000098" visible="true">
    <nd ref="-504" />
    <nd ref="-505" />
    <nd ref="-506" />
    <nd ref="-507" />
    <nd ref="-504" />
    <tag k="building" v="apartments" />
  </way>
  <way id="-1000000099" visible="true">
    <nd ref="-508" />
    <nd ref="-509" />
    <nd ref="-510" />
    <nd ref="-511" />
    <nd ref="-508" />
    <tag k="building" v="detached" />
  </way>
  <way id="-1000000100" visible="true">
    <nd ref="-512" />
    <nd ref="-513" />
    <nd ref="-514" />
    <nd ref="-515" />
    <nd ref="-512" />
    <tag k="addr:housenumber" v="11" />
    <tag k="addr:street" v="Thomastraße" />
    <tag k="building" v="detached" />
  </way>
  <way id="-1000000101" visible="true">
    <nd ref="-516" />
    <nd ref="-517" />
    <nd ref="-518" />
    <nd ref="-519" />
    <nd ref="-516" />
    <tag k="building" v="apartments" />
  </way>
  <way id="-1000000102" visible="true">
    <nd ref="-520" />
    <nd ref="-521" />
    <nd ref="-522" />
    <nd ref="-523" />
    <nd ref="-520" />
    <tag k="building" v="apartments" />
  </way>
  <way id="-1000000103" visible="true">
    <nd ref="-524" />
    <nd ref="-525" />
    <nd ref="-526" />
    <nd ref="-527" />
    <nd ref="-524" />
    <tag k="building" v="detached" />
    <tag k="building:levels" v="2" />
    <tag k="roof:shape" v="gabled" />
  </way>
  <way id="-1000000104" visible="true">
    <nd ref="-528" />
    <nd ref="-529" />
    <nd ref="-530" />
    <nd ref="-531" />
    <nd ref="-528" />
    <tag k="building" v="detached" />
  </way>
  <way id="-1000000105" visible="true">
    <nd ref="-532" />
    <nd ref="-533" />
    <nd ref="-534" />
    <nd ref="-535" />
    <nd ref="-532" />
    <tag k="building" v="detached" />
  </way>
  <way id="-1000000106" visible="true">
    <nd ref="-536" />
    <nd ref="-537" />
    <nd ref="-538" />
    <nd ref="-539" />
    <nd ref="-536" />
    <tag k="addr:housenumber" v="3" />
    <tag k="addr:street" v="Thomastraße" />
    <tag k="building" v="detached" />
  </way>
  <way id="-1000000107" visible="true">
    <nd ref="-540" />
    <nd ref="-541" />
    <nd ref="-542" />
    <nd ref="-543" />
    <nd ref="-540" />
    <tag k="building" v="detached" />
  </way>
  <way id="-1000000108" visible="true">
    <nd ref="-544" />
    <nd ref="-545" />
    <nd ref="-546" />
    <nd ref="-547" />
    <nd ref="-544" />
    <tag k="building" v="garage" />
  </way>
  <way id="-1000000109" visible="true">
    <nd ref="-548" />
    <nd ref="-549" />
    <nd ref="-550" />
    <nd ref="-551" />
    <nd ref="-552" />
    <nd ref="-553" />
    <nd ref="-548" />
    <tag k="building" v="detached" />
  </way>
  <way id="-1000000110" visible="true">
    <nd ref="-554" />
    <nd ref="-555" />
    <nd ref="-556" />
    <nd ref="-557" />
    <nd ref="-554" />
    <tag k="addr:housenumber" v="4" />
    <tag k="addr:street" v="Heysestraße" />
    <tag k="building" v="apartments" />
  </way>
  <way id="-1000000111" visible="true">
    <nd ref="-558" />
    <nd ref="-559" />
    <nd ref="-560" />
    <nd ref="-561" />
    <nd ref="-558" />
    <tag k="building" v="detached" />
  </way>
  <way id="-1000000112" visible="true">
    <nd ref="-562" />
    <nd ref="-563" />
    <nd ref="-564" />
    <nd ref="-565" />
    <nd ref="-562" />
    <tag k="building" v="yes" />
  </way>
  <way id="-1000000113" visible="true">
    <nd ref="-566" />
    <nd ref="-567" />
    <nd ref="-568" />
    <nd ref="-569" />
    <nd ref="-566" />
    <tag k="building" v="yes" />
  </way>
  <way id="-1000000114" visible="true">
    <nd ref="-570" />
    <nd ref="-571" />
    <nd ref="-572" />
    <nd ref="-573" />
    <nd ref="-570" />
    <tag k="addr:housenumber" v="41" />
    <tag k="addr:street" v="Feldkirchener Straße" />
    <tag k="building" v="apartments" />
  </way>
  <way id="-1000000115" visible="true">
    <nd ref="-574" />
    <nd ref="-575" />
    <nd ref="-576" />
    <nd ref="-577" />
    <nd ref="-574" />
    <tag k="addr:housenumber" v="43b" />
    <tag k="addr:street" v="Feldkirchener Straße" />
    <tag k="building" v="apartments" />
  </way>
  <way id="-1000000116" visible="true">
    <nd ref="-578" />
    <nd ref="-579" />
    <nd ref="-580" />
    <nd ref="-581" />
    <nd ref="-578" />
    <tag k="addr:housenumber" v="45" />
    <tag k="addr:street" v="Feldkirchener Straße" />
    <tag k="building" v="apartments" />
  </way>
  <way id="-1000000117" visible="true">
    <nd ref="-582" />
    <nd ref="-583" />
    <nd ref="-584" />
    <nd ref="-585" />
    <nd ref="-586" />
    <nd ref="-582" />
    <tag k="building" v="apartments" />
  </way>
  <way id="-1000000118" visible="true">
    <nd ref="-587" />
    <nd ref="-588" />
    <nd ref="-589" />
    <nd ref="-590" />
    <nd ref="-587" />
    <tag k="building" v="terrace" />
  </way>
  <way id="-1000000119" visible="true">
    <nd ref="-591" />
    <nd ref="-592" />
    <nd ref="-593" />
    <nd ref="-594" />
    <nd ref="-591" />
    <tag k="building" v="terrace" />
  </way>
  <way id="-1000000120" visible="true">
    <nd ref="-595" />
    <nd ref="-596" />
    <nd ref="-597" />
    <nd ref="-598" />
    <nd ref="-595" />
    <tag k="building" v="yes" />
  </way>
  <way id="-1000000121" visible="true">
    <nd ref="-599" />
    <nd ref="-600" />
    <nd ref="-601" />
    <nd ref="-602" />
    <nd ref="-599" />
    <tag k="building" v="yes" />
  </way>
  <way id="-1000000122" visible="true">
    <nd ref="-603" />
    <nd ref="-604" />
    <nd ref="-605" />
    <nd ref="-606" />
    <nd ref="-603" />
    <tag k="building" v="apartments" />
    <tag k="building:levels" v="2" />
    <tag k="roof:shape" v="gabled" />
  </way>
  <way id="-1000000123" visible="true">
    <nd ref="-607" />
    <nd ref="-608" />
    <nd ref="-609" />
    <nd ref="-610" />
    <nd ref="-607" />
    <tag k="building" v="semidetached_house" />
    <tag k="building:levels" v="2" />
    <tag k="roof:levels" v="1" />
  </way>
  <way id="-1000000124" visible="true">
    <nd ref="-611" />
    <nd ref="-612" />
    <nd ref="-613" />
    <nd ref="-614" />
    <nd ref="-611" />
    <tag k="building" v="semidetached_house" />
    <tag k="building:levels" v="2" />
    <tag k="roof:levels" v="1" />
  </way>
  <way id="-1000000125" visible="true">
    <nd ref="-615" />
    <nd ref="-616" />
    <nd ref="-617" />
    <nd ref="-618" />
    <nd ref="-615" />
    <tag k="building" v="yes" />
  </way>
  <way id="-1000000126" visible="true">
    <nd ref="-619" />
    <nd ref="-620" />
    <nd ref="-621" />
    <nd ref="-622" />
    <nd ref="-619" />
    <tag k="building" v="terrace" />
  </way>
  <way id="-1000000127" visible="true">
    <nd ref="-623" />
    <nd ref="-624" />
    <nd ref="-625" />
    <nd ref="-626" />
    <nd ref="-623" />
    <tag k="building" v="detached" />
  </way>
  <way id="-1000000128" visible="true">
    <nd ref="-627" />
    <nd ref="-628" />
    <nd ref="-629" />
    <nd ref="-630" />
    <nd ref="-627" />
    <tag k="building" v="detached" />
  </way>
  <way id="-1000000129" visible="true">
    <nd ref="-631" />
    <nd ref="-632" />
    <nd ref="-633" />
    <nd ref="-634" />
    <nd ref="-631" />
    <tag k="building" v="apartments" />
  </way>
  <way id="-1000000130" visible="true">
    <nd ref="-635" />
    <nd ref="-636" />
    <nd ref="-637" />
    <nd ref="-638" />
    <nd ref="-635" />
    <tag k="addr:housenumber" v="39" />
    <tag k="addr:street" v="Feldkirchener Straße" />
    <tag k="building" v="apartments" />
  </way>
  <way id="-1000000131" visible="true">
    <nd ref="-639" />
    <nd ref="-640" />
    <nd ref="-641" />
    <nd ref="-642" />
    <nd ref="-639" />
    <tag k="building" v="garage" />
  </way>
  <way id="-1000000132" visible="true">
    <nd ref="-643" />
    <nd ref="-644" />
    <nd ref="-645" />
    <nd ref="-646" />
    <nd ref="-643" />
    <tag k="addr:housenumber" v="33" />
    <tag k="addr:street" v="Feldkirchener Straße" />
    <tag k="building" v="detached" />
  </way>
  <way id="-1000000133" visible="true">
    <nd ref="-647" />
    <nd ref="-648" />
    <nd ref="-649" />
    <nd ref="-650" />
    <nd ref="-647" />
    <tag k="building" v="yes" />
  </way>
  <way id="-1000000134" visible="true">
    <nd ref="-651" />
    <nd ref="-652" />
    <nd ref="-653" />
    <nd ref="-654" />
    <nd ref="-651" />
    <tag k="building" v="yes" />
  </way>
  <way id="-1000000135" visible="true">
    <nd ref="-655" />
    <nd ref="-656" />
    <nd ref="-657" />
    <nd ref="-658" />
    <nd ref="-655" />
    <tag k="building" v="apartments" />
  </way>
  <way id="-1000000136" visible="true">
    <nd ref="-659" />
    <nd ref="-660" />
    <nd ref="-661" />
    <nd ref="-662" />
    <nd ref="-659" />
    <tag k="building" v="yes" />
  </way>
  <way id="-1000000137" visible="true">
    <nd ref="-663" />
    <nd ref="-664" />
    <nd ref="-665" />
    <nd ref="-666" />
    <nd ref="-663" />
    <tag k="building" v="yes" />
  </way>
  <way id="-1000000138" visible="true">
    <nd ref="-667" />
    <nd ref="-668" />
    <nd ref="-669" />
    <nd ref="-670" />
    <nd ref="-667" />
    <tag k="building" v="apartments" />
  </way>
  <way id="-1000000139" visible="true">
    <nd ref="-671" />
    <nd ref="-672" />
    <nd ref="-673" />
    <nd ref="-674" />
    <nd ref="-675" />
    <nd ref="-676" />
    <nd ref="-677" />
    <nd ref="-678" />
    <nd ref="-671" />
    <tag k="building" v="apartments" />
  </way>
  <way id="-1000000140" visible="true">
    <nd ref="-679" />
    <nd ref="-680" />
    <nd ref="-681" />
    <nd ref="-682" />
    <nd ref="-679" />
    <tag k="building" v="apartments" />
  </way>
  <way id="-1000000141" visible="true">
    <nd ref="-683" />
    <nd ref="-684" />
    <nd ref="-685" />
    <nd ref="-686" />
    <nd ref="-683" />
    <tag k="building" v="apartments" />
  </way>
  <way id="-1000000142" visible="true">
    <nd ref="-687" />
    <nd ref="-688" />
    <nd ref="-689" />
    <nd ref="-690" />
    <nd ref="-687" />
    <tag k="building" v="yes" />
  </way>
  <way id="-1000000143" visible="true">
    <nd ref="-691" />
    <nd ref="-692" />
    <nd ref="-693" />
    <nd ref="-694" />
    <nd ref="-691" />
    <tag k="building" v="yes" />
  </way>
  <way id="-1000000144" visible="true">
    <nd ref="-695" />
    <nd ref="-696" />
    <nd ref="-697" />
    <nd ref="-698" />
    <nd ref="-695" />
    <tag k="building" v="apartments" />
  </way>
  <way id="-1000000145" visible="true">
    <nd ref="-699" />
    <nd ref="-700" />
    <nd ref="-701" />
    <nd ref="-702" />
    <nd ref="-699" />
    <tag k="building" v="yes" />
  </way>
  <way id="-1000000146" visible="true">
    <nd ref="-703" />
    <nd ref="-704" />
    <nd ref="-705" />
    <nd ref="-706" />
    <nd ref="-707" />
    <nd ref="-708" />
    <nd ref="-703" />
    <tag k="building" v="detached" />
  </way>
  <way id="-1000000147" visible="true">
    <nd ref="-709" />
    <nd ref="-710" />
    <nd ref="-711" />
    <nd ref="-712" />
    <nd ref="-709" />
    <tag k="building" v="detached" />
  </way>
  <way id="-1000000148" visible="true">
    <nd ref="-713" />
    <nd ref="-714" />
    <nd ref="-715" />
    <nd ref="-716" />
    <nd ref="-713" />
    <tag k="building" v="garage" />
  </way>
  <way id="-1000000149" visible="true">
    <nd ref="-717" />
    <nd ref="-718" />
    <nd ref="-719" />
    <nd ref="-720" />
    <nd ref="-721" />
    <nd ref="-722" />
    <nd ref="-717" />
    <tag k="building" v="apartments" />
  </way>
  <way id="-1000000150" visible="true">
    <nd ref="-723" />
    <nd ref="-724" />
    <nd ref="-725" />
    <nd ref="-726" />
    <nd ref="-723" />
    <tag k="building" v="yes" />
  </way>
  <way id="-1000000151" visible="true">
    <nd ref="-727" />
    <nd ref="-728" />
    <nd ref="-729" />
    <nd ref="-730" />
    <nd ref="-727" />
    <tag k="building" v="yes" />
  </way>
  <way id="-1000000152" visible="true">
    <nd ref="-731" />
    <nd ref="-732" />
    <nd ref="-733" />
    <nd ref="-734" />
    <nd ref="-731" />
    <tag k="building" v="yes" />
  </way>
  <way id="-1000000153" visible="true">
    <nd ref="-735" />
    <nd ref="-736" />
    <nd ref="-737" />
    <nd ref="-738" />
    <nd ref="-739" />
    <nd ref="-740" />
    <nd ref="-735" />
    <tag k="building" v="yes" />
  </way>
  <way id="-1000000154" visible="true">
    <nd ref="-741" />
    <nd ref="-742" />
    <nd ref="-743" />
    <nd ref="-744" />
    <nd ref="-745" />
    <nd ref="-746" />
    <nd ref="-741" />
    <tag k="building" v="apartments" />
  </way>
  <way id="-1000000155" visible="true">
    <nd ref="-747" />
    <nd ref="-748" />
    <nd ref="-749" />
    <nd ref="-750" />
    <nd ref="-747" />
    <tag k="building" v="detached" />
  </way>
  <way id="-1000000156" visible="true">
    <nd ref="-751" />
    <nd ref="-752" />
    <nd ref="-753" />
    <nd ref="-754" />
    <nd ref="-755" />
    <nd ref="-751" />
    <tag k="building" v="detached" />
  </way>
  <way id="-1000000157" visible="true">
    <nd ref="-756" />
    <nd ref="-757" />
    <nd ref="-758" />
    <nd ref="-759" />
    <nd ref="-756" />
    <tag k="building" v="detached" />
  </way>
  <way id="-1000000158" visible="true">
    <nd ref="-760" />
    <nd ref="-761" />
    <nd ref="-762" />
    <nd ref="-763" />
    <nd ref="-760" />
    <tag k="building" v="yes" />
  </way>
  <way id="-1000000159" visible="true">
    <nd ref="-764" />
    <nd ref="-765" />
    <nd ref="-766" />
    <nd ref="-767" />
    <nd ref="-764" />
    <tag k="building" v="apartments" />
  </way>
  <way id="-1000000160" visible="true">
    <nd ref="-768" />
    <nd ref="-769" />
    <nd ref="-770" />
    <nd ref="-771" />
    <nd ref="-768" />
    <tag k="building" v="detached" />
  </way>
  <way id="-1000000161" visible="true">
    <nd ref="-772" />
    <nd ref="-773" />
    <nd ref="-774" />
    <nd ref="-775" />
    <nd ref="-776" />
    <nd ref="-777" />
    <nd ref="-778" />
    <nd ref="-779" />
    <nd ref="-780" />
    <nd ref="-781" />
    <nd ref="-782" />
    <nd ref="-783" />
    <nd ref="-784" />
    <nd ref="-785" />
    <nd ref="-786" />
    <nd ref="-787" />
    <nd ref="-772" />
    <tag k="building" v="yes" />
  </way>
  <way id="-1000000162" visible="true">
    <nd ref="-788" />
    <nd ref="-789" />
    <nd ref="-790" />
    <nd ref="-791" />
    <nd ref="-788" />
    <tag k="building" v="apartments" />
  </way>
  <way id="-1000000163" visible="true">
    <nd ref="-792" />
    <nd ref="-793" />
    <nd ref="-794" />
    <nd ref="-795" />
    <nd ref="-796" />
    <nd ref="-792" />
    <tag k="building" v="detached" />
  </way>
  <way id="-1000000164" visible="true">
    <nd ref="-797" />
    <nd ref="-798" />
    <nd ref="-799" />
    <nd ref="-800" />
    <nd ref="-797" />
    <tag k="building" v="apartments" />
  </way>
  <way id="-1000000165" visible="true">
    <nd ref="-801" />
    <nd ref="-802" />
    <nd ref="-803" />
    <nd ref="-804" />
    <nd ref="-801" />
    <tag k="building" v="detached" />
  </way>
  <way id="-1000000166" visible="true">
    <nd ref="-805" />
    <nd ref="-806" />
    <nd ref="-807" />
    <nd ref="-808" />
    <nd ref="-809" />
    <nd ref="-810" />
    <nd ref="-805" />
    <tag k="building" v="apartments" />
  </way>
  <way id="-1000000167" visible="true">
    <nd ref="-811" />
    <nd ref="-812" />
    <nd ref="-813" />
    <nd ref="-814" />
    <nd ref="-815" />
    <nd ref="-816" />
    <nd ref="-811" />
    <tag k="building" v="detached" />
  </way>
  <way id="-1000000168" visible="true">
    <nd ref="-817" />
    <nd ref="-818" />
    <nd ref="-819" />
    <nd ref="-820" />
    <nd ref="-817" />
    <tag k="building" v="semidetached_house" />
  </way>
  <way id="-1000000169" visible="true">
    <nd ref="-821" />
    <nd ref="-822" />
    <nd ref="-823" />
    <nd ref="-824" />
    <nd ref="-821" />
    <tag k="building" v="house" />
  </way>
  <way id="-1000000170" visible="true">
    <nd ref="-825" />
    <nd ref="-826" />
    <nd ref="-742" />
    <nd ref="-741" />
    <nd ref="-827" />
    <nd ref="-825" />
    <tag k="building" v="garages" />
  </way>
  <way id="-1000000171" visible="true">
    <nd ref="-828" />
    <nd ref="-829" />
    <nd ref="-830" />
    <nd ref="-744" />
    <nd ref="-743" />
    <nd ref="-828" />
    <tag k="building" v="garages" />
  </way>
  <way id="-1000000172" visible="true">
    <nd ref="-831" />
    <nd ref="-832" />
    <nd ref="-833" />
    <nd ref="-834" />
    <nd ref="-831" />
    <tag k="building" v="yes" />
  </way>
  <way id="-1000000173" visible="true">
    <nd ref="-835" />
    <nd ref="-836" />
    <nd ref="-837" />
    <nd ref="-838" />
    <nd ref="-835" />
    <tag k="building" v="apartments" />
  </way>
  <way id="-1000000174" visible="true">
    <nd ref="-839" />
    <nd ref="-840" />
    <nd ref="-841" />
    <nd ref="-842" />
    <nd ref="-839" />
    <tag k="building" v="yes" />
  </way>
  <way id="-1000000175" visible="true">
    <nd ref="-843" />
    <nd ref="-844" />
    <nd ref="-845" />
    <nd ref="-846" />
    <nd ref="-843" />
    <tag k="building" v="apartments" />
  </way>
  <way id="-1000000176" visible="true">
    <nd ref="-847" />
    <nd ref="-848" />
    <nd ref="-849" />
    <nd ref="-850" />
    <nd ref="-847" />
    <tag k="building" v="apartments" />
  </way>
  <way id="-1000000177" visible="true">
    <nd ref="-851" />
    <nd ref="-852" />
    <nd ref="-853" />
    <nd ref="-854" />
    <nd ref="-851" />
    <tag k="building" v="yes" />
  </way>
  <way id="-1000000178" visible="true">
    <nd ref="-855" />
    <nd ref="-856" />
    <nd ref="-857" />
    <nd ref="-858" />
    <nd ref="-855" />
    <tag k="building" v="garage" />
  </way>
  <way id="-1000000179" visible="true">
    <nd ref="-859" />
    <nd ref="-860" />
    <nd ref="-861" />
    <nd ref="-862" />
    <nd ref="-859" />
    <tag k="building" v="yes" />
  </way>
  <way id="-1000000180" visible="true">
    <nd ref="-863" />
    <nd ref="-864" />
    <nd ref="-865" />
    <nd ref="-866" />
    <nd ref="-863" />
    <tag k="building" v="yes" />
  </way>
  <way id="-1000000181" visible="true">
    <nd ref="-867" />
    <nd ref="-868" />
    <nd ref="-869" />
    <nd ref="-870" />
    <nd ref="-871" />
    <nd ref="-872" />
    <nd ref="-873" />
    <nd ref="-874" />
    <nd ref="-867" />
    <tag k="building" v="yes" />
  </way>
  <way id="-1000000182" visible="true">
    <nd ref="-875" />
    <nd ref="-876" />
    <nd ref="-877" />
    <nd ref="-878" />
    <nd ref="-879" />
    <nd ref="-880" />
    <nd ref="-875" />
    <tag k="building" v="apartments" />
  </way>
  <way id="-1000000183" visible="true">
    <nd ref="-881" />
    <nd ref="-882" />
    <nd ref="-883" />
    <nd ref="-884" />
    <nd ref="-881" />
    <tag k="building" v="yes" />
  </way>
  <way id="-1000000184" visible="true">
    <nd ref="-885" />
    <nd ref="-886" />
    <nd ref="-887" />
    <nd ref="-880" />
    <nd ref="-879" />
    <nd ref="-878" />
    <nd ref="-888" />
    <nd ref="-889" />
    <nd ref="-890" />
    <nd ref="-891" />
    <nd ref="-885" />
    <tag k="building" v="retail" />
  </way>
  <way id="-1000000185" visible="true">
    <nd ref="-892" />
    <nd ref="-893" />
    <nd ref="-894" />
    <nd ref="-895" />
    <nd ref="-892" />
    <tag k="addr:city" v="Ingolstadt" />
    <tag k="addr:country" v="DE" />
    <tag k="addr:housenumber" v="27" />
    <tag k="addr:postcode" v="85055" />
    <tag k="addr:street" v="Schillerstraße" />
    <tag k="brand" v="Siemes Schuhcenter" />
    <tag k="brand:wikidata" v="Q2800720" />
    <tag k="building" v="yes" />
    <tag k="name" v="Siemes Schuhcenter" />
    <tag k="shop" v="shoes" />
  </way>
  <way id="-1000000186" visible="true">
    <nd ref="-896" />
    <nd ref="-897" />
    <nd ref="-898" />
    <nd ref="-899" />
    <nd ref="-896" />
    <tag k="building" v="terrace" />
  </way>
  <way id="-1000000187" visible="true">
    <nd ref="-900" />
    <nd ref="-901" />
    <nd ref="-902" />
    <nd ref="-903" />
    <nd ref="-900" />
    <tag k="building" v="detached" />
  </way>
  <way id="-1000000188" visible="true">
    <nd ref="-904" />
    <nd ref="-905" />
    <nd ref="-906" />
    <nd ref="-907" />
    <nd ref="-904" />
    <tag k="building" v="apartments" />
  </way>
  <way id="-1000000189" visible="true">
    <nd ref="-908" />
    <nd ref="-909" />
    <nd ref="-910" />
    <nd ref="-911" />
    <nd ref="-908" />
    <tag k="building" v="garage" />
  </way>
  <way id="-1000000190" visible="true">
    <nd ref="-912" />
    <nd ref="-913" />
    <nd ref="-914" />
    <nd ref="-915" />
    <nd ref="-912" />
    <tag k="building" v="detached" />
  </way>
  <way id="-1000000191" visible="true">
    <nd ref="-916" />
    <nd ref="-917" />
    <nd ref="-918" />
    <nd ref="-919" />
    <nd ref="-916" />
    <tag k="building" v="apartments" />
  </way>
  <way id="-1000000192" visible="true">
    <nd ref="-920" />
    <nd ref="-921" />
    <nd ref="-922" />
    <nd ref="-923" />
    <nd ref="-920" />
    <tag k="addr:housenumber" v="4a" />
    <tag k="addr:street" v="Lönsstraße" />
    <tag k="building" v="detached" />
  </way>
  <way id="-1000000193" visible="true">
    <nd ref="-924" />
    <nd ref="-925" />
    <nd ref="-926" />
    <nd ref="-927" />
    <nd ref="-928" />
    <nd ref="-929" />
    <nd ref="-924" />
    <tag k="building" v="detached" />
  </way>
  <way id="-1000000194" visible="true">
    <nd ref="-930" />
    <nd ref="-931" />
    <nd ref="-932" />
    <nd ref="-933" />
    <nd ref="-930" />
    <tag k="building" v="detached" />
  </way>
  <way id="-1000000195" visible="true">
    <nd ref="-934" />
    <nd ref="-935" />
    <nd ref="-936" />
    <nd ref="-937" />
    <nd ref="-934" />
    <tag k="building" v="semidetached_house" />
  </way>
  <way id="-1000000196" visible="true">
    <nd ref="-938" />
    <nd ref="-939" />
    <nd ref="-940" />
    <nd ref="-941" />
    <nd ref="-942" />
    <nd ref="-943" />
    <nd ref="-938" />
    <tag k="building" v="apartments" />
  </way>
  <way id="-1000000197" visible="true">
    <nd ref="-944" />
    <nd ref="-945" />
    <nd ref="-946" />
    <nd ref="-947" />
    <nd ref="-944" />
    <tag k="building" v="apartments" />
  </way>
  <way id="-1000000198" visible="true">
    <nd ref="-948" />
    <nd ref="-949" />
    <nd ref="-950" />
    <nd ref="-951" />
    <nd ref="-948" />
    <tag k="building" v="apartments" />
  </way>
  <way id="-1000000199" visible="true">
    <nd ref="-952" />
    <nd ref="-953" />
    <nd ref="-954" />
    <nd ref="-955" />
    <nd ref="-952" />
    <tag k="building" v="terrace" />
  </way>
  <way id="-1000000200" visible="true">
    <nd ref="-956" />
    <nd ref="-957" />
    <nd ref="-958" />
    <nd ref="-959" />
    <nd ref="-956" />
    <tag k="building" v="office" />
  </way>
  <way id="-1000000201" visible="true">
    <nd ref="-960" />
    <nd ref="-961" />
    <nd ref="-962" />
    <nd ref="-963" />
    <nd ref="-960" />
    <tag k="building" v="yes" />
  </way>
  <way id="-1000000202" visible="true">
    <nd ref="-964" />
    <nd ref="-965" />
    <nd ref="-966" />
    <nd ref="-967" />
    <nd ref="-964" />
    <tag k="building" v="yes" />
  </way>
  <way id="-1000000203" visible="true">
    <nd ref="-968" />
    <nd ref="-969" />
    <nd ref="-970" />
    <nd ref="-971" />
    <nd ref="-968" />
    <tag k="building" v="yes" />
  </way>
  <way id="-1000000204" visible="true">
    <nd ref="-970" />
    <nd ref="-972" />
    <nd ref="-973" />
    <nd ref="-974" />
    <nd ref="-970" />
    <tag k="addr:housenumber" v="9" />
    <tag k="addr:street" v="Feldkirchener Straße" />
    <tag k="building" v="apartments" />
  </way>
  <way id="-1000000205" visible="true">
    <nd ref="-975" />
    <nd ref="-976" />
    <nd ref="-977" />
    <nd ref="-978" />
    <nd ref="-979" />
    <nd ref="-980" />
    <nd ref="-975" />
    <tag k="building" v="yes" />
  </way>
  <way id="-1000000206" visible="true">
    <nd ref="-981" />
    <nd ref="-982" />
    <nd ref="-983" />
    <nd ref="-984" />
    <nd ref="-981" />
    <tag k="building" v="yes" />
  </way>
  <way id="-1000000207" visible="true">
    <nd ref="-985" />
    <nd ref="-986" />
    <nd ref="-987" />
    <nd ref="-988" />
    <nd ref="-985" />
    <tag k="building" v="yes" />
  </way>
  <way id="-1000000208" visible="true">
    <nd ref="-989" />
    <nd ref="-990" />
    <nd ref="-991" />
    <nd ref="-992" />
    <nd ref="-993" />
    <nd ref="-994" />
    <nd ref="-995" />
    <nd ref="-996" />
    <nd ref="-989" />
    <tag k="building" v="apartments" />
  </way>
  <way id="-1000000209" visible="true">
    <nd ref="-997" />
    <nd ref="-998" />
    <nd ref="-999" />
    <nd ref="-1000" />
    <nd ref="-997" />
    <tag k="building" v="apartments" />
  </way>
  <way id="-1000000210" visible="true">
    <nd ref="-1001" />
    <nd ref="-1002" />
    <nd ref="-1003" />
    <nd ref="-1004" />
    <nd ref="-1001" />
    <tag k="building" v="apartments" />
  </way>
  <way id="-1000000211" visible="true">
    <nd ref="-1005" />
    <nd ref="-1006" />
    <nd ref="-1007" />
    <nd ref="-1008" />
    <nd ref="-1005" />
    <tag k="building" v="yes" />
  </way>
  <way id="-1000000212" visible="true">
    <nd ref="-1009" />
    <nd ref="-1010" />
    <nd ref="-1011" />
    <nd ref="-1012" />
    <nd ref="-1013" />
    <nd ref="-1014" />
    <nd ref="-1009" />
    <tag k="building" v="kindergarten" />
  </way>
  <way id="-1000000213" visible="true">
    <nd ref="-1015" />
    <nd ref="-1016" />
    <nd ref="-1017" />
    <nd ref="-1018" />
    <nd ref="-1015" />
    <tag k="building" v="yes" />
  </way>
  <way id="-1000000214" visible="true">
    <nd ref="-1019" />
    <nd ref="-1020" />
    <nd ref="-1021" />
    <nd ref="-1022" />
    <nd ref="-1019" />
    <tag k="building" v="yes" />
  </way>
  <way id="-1000000215" visible="true">
    <nd ref="-1023" />
    <nd ref="-1024" />
    <nd ref="-1025" />
    <nd ref="-1026" />
    <nd ref="-1023" />
    <tag k="building" v="semidetached_house" />
    <tag k="building:levels" v="2" />
    <tag k="roof:levels" v="1" />
    <tag k="roof:shape" v="gabled" />
  </way>
  <way id="-1000000216" visible="true">
    <nd ref="-1027" />
    <nd ref="-1028" />
    <nd ref="-1029" />
    <nd ref="-1030" />
    <nd ref="-1027" />
    <tag k="building" v="garages" />
  </way>
  <way id="-1000000217" visible="true">
    <nd ref="-1031" />
    <nd ref="-1032" />
    <nd ref="-1033" />
    <nd ref="-1034" />
    <nd ref="-1031" />
    <tag k="building" v="detached" />
  </way>
  <way id="-1000000218" visible="true">
    <nd ref="-1035" />
    <nd ref="-1036" />
    <nd ref="-1037" />
    <nd ref="-1038" />
    <nd ref="-1035" />
    <tag k="building" v="apartments" />
    <tag k="building:levels" v="2" />
    <tag k="roof:levels" v="1" />
    <tag k="roof:shape" v="gabled" />
  </way>
  <way id="-1000000219" visible="true">
    <nd ref="-1039" />
    <nd ref="-1040" />
    <nd ref="-1041" />
    <nd ref="-1042" />
    <nd ref="-1039" />
    <tag k="building" v="apartments" />
  </way>
  <way id="-1000000220" visible="true">
    <nd ref="-1043" />
    <nd ref="-1044" />
    <nd ref="-1045" />
    <nd ref="-1046" />
    <nd ref="-1047" />
    <nd ref="-1048" />
    <nd ref="-1049" />
    <nd ref="-1050" />
    <nd ref="-1051" />
    <nd ref="-1052" />
    <nd ref="-1043" />
    <tag k="building" v="retail" />
  </way>
  <way id="-1000000221" visible="true">
    <nd ref="-1053" />
    <nd ref="-1054" />
    <nd ref="-1055" />
    <nd ref="-1056" />
    <nd ref="-1053" />
    <tag k="building" v="apartments" />
    <tag k="building:levels" v="3" />
    <tag k="roof:shape" v="gabled" />
  </way>
  <way id="-1000000222" visible="true">
    <nd ref="-1057" />
    <nd ref="-1058" />
    <nd ref="-1059" />
    <nd ref="-1060" />
    <nd ref="-1057" />
    <tag k="building" v="apartments" />
    <tag k="building:levels" v="3" />
    <tag k="roof:levels" v="1" />
    <tag k="roof:shape" v="gabled" />
  </way>
  <way id="-1000000223" visible="true">
    <nd ref="-1061" />
    <nd ref="-1062" />
    <nd ref="-1063" />
    <nd ref="-1064" />
    <nd ref="-1061" />
    <tag k="addr:city" v="Ingolstadt" />
    <tag k="addr:country" v="DE" />
    <tag k="addr:housenumber" v="67" />
    <tag k="addr:postcode" v="85055" />
    <tag k="addr:street" v="Feldkirchener Straße" />
    <tag k="building" v="yes" />
    <tag k="check_date" v="2024-10-12" />
    <tag k="contact:email" v="info@bavariahotel-ingolstadt.de" />
    <tag k="contact:fax" v="+49 841 58802" />
    <tag k="contact:phone" v="+49 841 95340" />
    <tag k="contact:website" v="http://www.bavariahotel-ingolstadt.de" />
    <tag k="name" v="Bavaria" />
    <tag k="tourism" v="hotel" />
  </way>
  <way id="-1000000224" visible="true">
    <nd ref="-1065" />
    <nd ref="-1066" />
    <nd ref="-1067" />
    <nd ref="-1068" />
    <nd ref="-1065" />
    <tag k="addr:housenumber" v="8,8a" />
    <tag k="addr:postcode" v="85055" />
    <tag k="addr:street" v="Unterer Taubentalweg" />
    <tag k="building" v="apartments" />
    <tag k="building:flats" v="16" />
    <tag k="building:levels" v="3" />
    <tag k="building:material" v="plaster" />
    <tag k="roof:levels" v="1" />
  </way>
  <way id="-1000000225" visible="true">
    <nd ref="-1069" />
    <nd ref="-1070" />
    <nd ref="-1071" />
    <nd ref="-1072" />
    <nd ref="-1069" />
    <tag k="building" v="detached" />
    <tag k="building:levels" v="1" />
    <tag k="roof:levels" v="1" />
    <tag k="roof:shape" v="gabled" />
  </way>
  <way id="-1000000226" visible="true">
    <nd ref="-1073" />
    <nd ref="-1074" />
    <nd ref="-1075" />
    <nd ref="-1076" />
    <nd ref="-1073" />
    <tag k="building" v="detached" />
  </way>
  <way id="-1000000227" visible="true">
    <nd ref="-1077" />
    <nd ref="-1078" />
    <nd ref="-1079" />
    <nd ref="-1080" />
    <nd ref="-1077" />
    <tag k="building" v="semidetached_house" />
  </way>
  <way id="-1000000228" visible="true">
    <nd ref="-1081" />
    <nd ref="-1082" />
    <nd ref="-1083" />
    <nd ref="-1084" />
    <nd ref="-1081" />
    <tag k="building" v="apartments" />
  </way>
  <way id="-1000000229" visible="true">
    <nd ref="-1085" />
    <nd ref="-1086" />
    <nd ref="-1087" />
    <nd ref="-1088" />
    <nd ref="-1085" />
    <tag k="building" v="detached" />
    <tag k="building:levels" v="2" />
    <tag k="roof:shape" v="gabled" />
  </way>
  <way id="-1000000230" visible="true">
    <nd ref="-1089" />
    <nd ref="-1090" />
    <nd ref="-1091" />
    <nd ref="-1092" />
    <nd ref="-1089" />
    <tag k="building" v="detached" />
    <tag k="roof:shape" v="gabled" />
  </way>
  <way id="-1000000231" visible="true">
    <nd ref="-1093" />
    <nd ref="-1094" />
    <nd ref="-1095" />
    <nd ref="-1096" />
    <nd ref="-1093" />
    <tag k="addr:city" v="Ingolstadt" />
    <tag k="addr:country" v="DE" />
    <tag k="addr:housenumber" v="49" />
    <tag k="addr:postcode" v="85055" />
    <tag k="addr:street" v="Lessingstraße" />
    <tag k="building" v="detached" />
  </way>
  <way id="-1000000232" visible="true">
    <nd ref="-1097" />
    <nd ref="-1098" />
    <nd ref="-1099" />
    <nd ref="-1100" />
    <nd ref="-1097" />
    <tag k="addr:housenumber" v="71a" />
    <tag k="addr:street" v="Feldkirchener Straße" />
    <tag k="building" v="hotel" />
    <tag k="building:levels" v="2" />
    <tag k="roof:levels" v="1" />
    <tag k="roof:shape" v="gabled" />
  </way>
  <way id="-1000000233" visible="true">
    <nd ref="-1101" />
    <nd ref="-1102" />
    <nd ref="-1103" />
    <nd ref="-1104" />
    <nd ref="-1105" />
    <nd ref="-1106" />
    <nd ref="-1107" />
    <nd ref="-1101" />
    <tag k="addr:city" v="Ingolstadt" />
    <tag k="addr:country" v="DE" />
    <tag k="addr:housenumber" v="20" />
    <tag k="addr:postcode" v="85055" />
    <tag k="addr:street" v="Unterer Taubentalweg" />
    <tag k="building" v="apartments" />
    <tag k="building:levels" v="2" />
    <tag k="roof:shape" v="gabled" />
  </way>
  <way id="-1000000234" visible="true">
    <nd ref="-1108" />
    <nd ref="-1109" />
    <nd ref="-1110" />
    <nd ref="-1111" />
    <nd ref="-1112" />
    <nd ref="-1108" />
    <tag k="addr:city" v="Ingolstadt" />
    <tag k="addr:country" v="DE" />
    <tag k="addr:housenumber" v="18" />
    <tag k="addr:postcode" v="85055" />
    <tag k="addr:street" v="Unterer Taubentalweg" />
    <tag k="building" v="detached" />
    <tag k="building:levels" v="1" />
    <tag k="roof:levels" v="1" />
    <tag k="roof:shape" v="gabled" />
  </way>
  <way id="-1000000235" visible="true">
    <nd ref="-1113" />
    <nd ref="-1114" />
    <nd ref="-1115" />
    <nd ref="-1116" />
    <nd ref="-1113" />
    <tag k="addr:city" v="Ingolstadt" />
    <tag k="addr:country" v="DE" />
    <tag k="addr:housenumber" v="24" />
    <tag k="addr:postcode" v="85055" />
    <tag k="addr:street" v="Unterer Taubentalweg" />
    <tag k="building" v="apartments" />
    <tag k="building:levels" v="2" />
    <tag k="roof:shape" v="gambrel" />
  </way>
  <way id="-1000000236" visible="true">
    <nd ref="-1117" />
    <nd ref="-1118" />
    <nd ref="-1119" />
    <nd ref="-1120" />
    <nd ref="-1121" />
    <nd ref="-1122" />
    <nd ref="-1123" />
    <nd ref="-1124" />
    <nd ref="-1117" />
    <tag k="addr:city" v="Ingolstadt" />
    <tag k="addr:country" v="DE" />
    <tag k="addr:housenumber" v="69" />
    <tag k="addr:postcode" v="85055" />
    <tag k="addr:street" v="Feldkirchener Straße" />
    <tag k="building" v="yes" />
    <tag k="check_date" v="2024-10-12" />
    <tag k="contact:website" v="http://www.hoteldomizil.de" />
    <tag k="name" v="Domizil" />
    <tag k="tourism" v="hotel" />
  </way>
  <way id="-1000000237" visible="true">
    <nd ref="-1125" />
    <nd ref="-1126" />
    <nd ref="-1127" />
    <nd ref="-1128" />
    <nd ref="-1125" />
    <tag k="addr:city" v="Ingolstadt" />
    <tag k="addr:country" v="DE" />
    <tag k="addr:housenumber" v="17" />
    <tag k="addr:postcode" v="85055" />
    <tag k="addr:street" v="Herderstraße" />
    <tag k="building" v="apartments" />
  </way>
  <way id="-1000000238" visible="true">
    <nd ref="-1129" />
    <nd ref="-1130" />
    <nd ref="-1131" />
    <nd ref="-1132" />
    <nd ref="-1133" />
    <nd ref="-1134" />
    <nd ref="-1135" />
    <nd ref="-1136" />
    <nd ref="-1137" />
    <nd ref="-1138" />
    <nd ref="-1139" />
    <nd ref="-1140" />
    <nd ref="-1141" />
    <nd ref="-1142" />
    <nd ref="-1143" />
    <nd ref="-1144" />
    <nd ref="-1145" />
    <nd ref="-1146" />
    <nd ref="-1147" />
    <nd ref="-1129" />
    <tag k="addr:city" v="Ingolstadt" />
    <tag k="addr:country" v="DE" />
    <tag k="addr:housenumber" v="25" />
    <tag k="addr:postcode" v="85055" />
    <tag k="addr:street" v="Herderstraße" />
    <tag k="building" v="apartments" />
  </way>
  <way id="-1000000239" visible="true">
    <nd ref="-1148" />
    <nd ref="-1149" />
    <nd ref="-1150" />
    <nd ref="-1151" />
    <nd ref="-1152" />
    <nd ref="-1153" />
    <nd ref="-1154" />
    <nd ref="-1155" />
    <nd ref="-1156" />
    <nd ref="-1157" />
    <nd ref="-1158" />
    <nd ref="-1159" />
    <nd ref="-1160" />
    <nd ref="-1161" />
    <nd ref="-1162" />
    <nd ref="-1163" />
    <nd ref="-1164" />
    <nd ref="-1165" />
    <nd ref="-1166" />
    <nd ref="-1148" />
    <tag k="addr:city" v="Ingolstadt" />
    <tag k="addr:country" v="DE" />
    <tag k="addr:housenumber" v="23" />
    <tag k="addr:postcode" v="85055" />
    <tag k="addr:street" v="Herderstraße" />
    <tag k="building" v="apartments" />
  </way>
  <way id="-1000000240" visible="true">
    <nd ref="-1167" />
    <nd ref="-1168" />
    <nd ref="-1169" />
    <nd ref="-1170" />
    <nd ref="-1167" />
    <tag k="addr:city" v="Ingolstadt" />
    <tag k="addr:country" v="DE" />
    <tag k="addr:housenumber" v="17" />
    <tag k="addr:postcode" v="85055" />
    <tag k="addr:street" v="Unterer Taubentalweg" />
    <tag k="building" v="apartments" />
    <tag k="building:levels" v="2" />
    <tag k="roof:levels" v="1" />
    <tag k="roof:shape" v="gabled" />
  </way>
  <way id="-1000000241" visible="true">
    <nd ref="-1171" />
    <nd ref="-1172" />
    <nd ref="-1173" />
    <nd ref="-1174" />
    <nd ref="-1171" />
    <tag k="addr:city" v="Ingolstadt" />
    <tag k="addr:country" v="DE" />
    <tag k="addr:housenumber" v="19" />
    <tag k="addr:postcode" v="85055" />
    <tag k="addr:street" v="Unterer Taubentalweg" />
    <tag k="building" v="apartments" />
    <tag k="building:levels" v="3" />
    <tag k="roof:levels" v="1" />
    <tag k="roof:shape" v="gabled" />
  </way>
  <way id="-1000000242" visible="true">
    <nd ref="-1175" />
    <nd ref="-1176" />
    <nd ref="-1177" />
    <nd ref="-1178" />
    <nd ref="-1175" />
    <tag k="building" v="apartments" />
    <tag k="roof:shape" v="gabled" />
  </way>
  <way id="-1000000243" visible="true">
    <nd ref="-1179" />
    <nd ref="-1180" />
    <nd ref="-1181" />
    <nd ref="-1182" />
    <nd ref="-1179" />
    <tag k="building" v="semidetached_house" />
    <tag k="roof:shape" v="gabled" />
  </way>
  <way id="-1000000244" visible="true">
    <nd ref="-1183" />
    <nd ref="-1184" />
    <nd ref="-1185" />
    <nd ref="-1186" />
    <nd ref="-1183" />
    <tag k="building" v="semidetached_house" />
    <tag k="roof:shape" v="gabled" />
  </way>
  <way id="-1000000245" visible="true">
    <nd ref="-1187" />
    <nd ref="-1188" />
    <nd ref="-1189" />
    <nd ref="-1190" />
    <nd ref="-1187" />
    <tag k="building" v="apartments" />
    <tag k="roof:shape" v="gabled" />
  </way>
  <way id="-1000000246" visible="true">
    <nd ref="-1191" />
    <nd ref="-1192" />
    <nd ref="-1193" />
    <nd ref="-1194" />
    <nd ref="-1191" />
    <tag k="building" v="semidetached_house" />
    <tag k="roof:shape" v="gabled" />
  </way>
  <way id="-1000000247" visible="true">
    <nd ref="-1195" />
    <nd ref="-1196" />
    <nd ref="-1197" />
    <nd ref="-1198" />
    <nd ref="-1195" />
    <tag k="building" v="semidetached_house" />
    <tag k="roof:shape" v="gabled" />
  </way>
  <way id="-1000000248" visible="true">
    <nd ref="-1199" />
    <nd ref="-1200" />
    <nd ref="-1201" />
    <nd ref="-1202" />
    <nd ref="-1199" />
    <tag k="building" v="detached" />
  </way>
  <way id="-1000000249" visible="true">
    <nd ref="-1203" />
    <nd ref="-1204" />
    <nd ref="-1205" />
    <nd ref="-1206" />
    <nd ref="-1207" />
    <nd ref="-1208" />
    <nd ref="-1203" />
    <tag k="building" v="detached" />
  </way>
  <way id="-1000000250" visible="true">
    <nd ref="-1209" />
    <nd ref="-1210" />
    <nd ref="-1211" />
    <nd ref="-1212" />
    <nd ref="-1209" />
    <tag k="building" v="apartments" />
  </way>
  <way id="-1000000251" visible="true">
    <nd ref="-1213" />
    <nd ref="-1214" />
    <nd ref="-1215" />
    <nd ref="-1216" />
    <nd ref="-1217" />
    <nd ref="-1218" />
    <nd ref="-1213" />
    <tag k="building" v="apartments" />
  </way>
  <way id="-1000000252" visible="true">
    <nd ref="-1219" />
    <nd ref="-1220" />
    <nd ref="-1221" />
    <nd ref="-1222" />
    <nd ref="-1219" />
    <tag k="building" v="detached" />
  </way>
  <way id="-1000000253" visible="true">
    <nd ref="-1223" />
    <nd ref="-1224" />
    <nd ref="-1225" />
    <nd ref="-1226" />
    <nd ref="-1227" />
    <nd ref="-1228" />
    <nd ref="-1223" />
    <tag k="building" v="farm" />
  </way>
  <way id="-1000000254" visible="true">
    <nd ref="-1229" />
    <nd ref="-1230" />
    <nd ref="-1231" />
    <nd ref="-1232" />
    <nd ref="-1229" />
    <tag k="building" v="detached" />
  </way>
  <way id="-1000000255" visible="true">
    <nd ref="-1233" />
    <nd ref="-1234" />
    <nd ref="-1235" />
    <nd ref="-1236" />
    <nd ref="-1233" />
    <tag k="building" v="detached" />
  </way>
  <way id="-1000000256" visible="true">
    <nd ref="-1237" />
    <nd ref="-1238" />
    <nd ref="-1239" />
    <nd ref="-1240" />
    <nd ref="-1237" />
    <tag k="building" v="detached" />
  </way>
  <way id="-1000000257" visible="true">
    <nd ref="-1241" />
    <nd ref="-1242" />
    <nd ref="-1243" />
    <nd ref="-1244" />
    <nd ref="-1241" />
    <tag k="building" v="detached" />
    <tag k="roof:shape" v="gabled" />
  </way>
  <way id="-1000000258" visible="true">
    <nd ref="-1245" />
    <nd ref="-1246" />
    <nd ref="-1247" />
    <nd ref="-1248" />
    <nd ref="-1245" />
    <tag k="building" v="detached" />
    <tag k="roof:shape" v="hipped" />
  </way>
  <way id="-1000000259" visible="true">
    <nd ref="-1249" />
    <nd ref="-1250" />
    <nd ref="-1251" />
    <nd ref="-1252" />
    <nd ref="-1249" />
    <tag k="building" v="detached" />
    <tag k="roof:shape" v="hipped" />
  </way>
  <way id="-1000000260" visible="true">
    <nd ref="-1253" />
    <nd ref="-1254" />
    <nd ref="-1255" />
    <nd ref="-1256" />
    <nd ref="-1253" />
    <tag k="building" v="apartments" />
    <tag k="roof:shape" v="gabled" />
  </way>
  <way id="-1000000261" visible="true">
    <nd ref="-1257" />
    <nd ref="-1258" />
    <nd ref="-1259" />
    <nd ref="-1260" />
    <nd ref="-1257" />
    <tag k="abandoned" v="yes" />
    <tag k="building" v="yes" />
  </way>
  <way id="-1000000262" visible="true">
    <nd ref="-1261" />
    <nd ref="-1262" />
    <nd ref="-1263" />
    <nd ref="-1264" />
    <nd ref="-1261" />
    <tag k="building" v="apartments" />
    <tag k="roof:shape" v="gabled" />
  </way>
  <way id="-1000000263" visible="true">
    <nd ref="-1265" />
    <nd ref="-1266" />
    <nd ref="-1267" />
    <nd ref="-1268" />
    <nd ref="-1269" />
    <nd ref="-1265" />
    <tag k="building" v="semidetached_house" />
    <tag k="building:levels" v="1" />
    <tag k="roof:levels" v="1" />
    <tag k="roof:shape" v="gabled" />
  </way>
  <way id="-1000000264" visible="true">
    <nd ref="-1270" />
    <nd ref="-1271" />
    <nd ref="-1272" />
    <nd ref="-1273" />
    <nd ref="-1270" />
    <tag k="building" v="yes" />
  </way>
  <way id="-1000000265" visible="true">
    <nd ref="-1274" />
    <nd ref="-1275" />
    <nd ref="-1276" />
    <nd ref="-1277" />
    <nd ref="-1274" />
    <tag k="building" v="yes" />
  </way>
  <way id="-1000000266" visible="true">
    <nd ref="-1278" />
    <nd ref="-1279" />
    <nd ref="-1280" />
    <nd ref="-1281" />
    <nd ref="-1278" />
    <tag k="building" v="yes" />
  </way>
  <way id="-1000000267" visible="true">
    <nd ref="-1282" />
    <nd ref="-1283" />
    <nd ref="-1284" />
    <nd ref="-1285" />
    <nd ref="-1282" />
    <tag k="building" v="yes" />
  </way>
  <way id="-1000000268" visible="true">
    <nd ref="-1283" />
    <nd ref="-1286" />
    <nd ref="-1287" />
    <nd ref="-1288" />
    <nd ref="-1283" />
    <tag k="building" v="yes" />
  </way>
  <way id="-1000000269" visible="true">
    <nd ref="-1289" />
    <nd ref="-1290" />
    <nd ref="-1291" />
    <nd ref="-1292" />
    <nd ref="-1293" />
    <nd ref="-1289" />
    <tag k="addr:city" v="Ingolstadt" />
    <tag k="addr:country" v="DE" />
    <tag k="addr:housenumber" v="12" />
    <tag k="addr:postcode" v="85055" />
    <tag k="addr:street" v="Nürnberger Straße" />
    <tag k="amenity" v="fast_food" />
    <tag k="brand" v="McDonald's" />
    <tag k="brand:wikidata" v="Q38076" />
    <tag k="brand:wikipedia" v="en:McDonald's" />
    <tag k="building" v="yes" />
    <tag k="cuisine" v="burger" />
    <tag k="drive_through" v="yes" />
    <tag k="email" v="service@mcdonalds.de" />
    <tag k="fax" v="+49 841 25062" />
    <tag k="internet_access" v="wlan" />
    <tag k="name" v="McDonald's" />
    <tag k="opening_hours" v="08:00-01:00, Mo-We,Fr,Sa 07:00-08:00, Sa,Su,PH 00:00-02:00" />
    <tag k="operator" v="Prinz von Hessen Systemgastronomie e.K" />
    <tag k="phone" v="+49 841 52252" />
    <tag k="takeaway" v="yes" />
    <tag k="website" v="https://www.mcdonalds.com/de/de-de/restaurant-suche.html/l/ingolstadt/nurnberger-strasse-12/281" />
    <tag k="wheelchair" v="yes" />
  </way>
  <way id="-1000000270" visible="true">
    <nd ref="-1294" />
    <nd ref="-1295" />
    <nd ref="-1296" />
    <nd ref="-1297" />
    <nd ref="-1298" />
    <nd ref="-1294" />
    <tag k="building" v="yes" />
  </way>
  <way id="-1000000271" visible="true">
    <nd ref="-1299" />
    <nd ref="-1300" />
    <nd ref="-1301" />
    <nd ref="-1302" />
    <nd ref="-1299" />
    <tag k="building" v="yes" />
  </way>
  <way id="-1000000272" visible="true">
    <nd ref="-1303" />
    <nd ref="-1304" />
    <nd ref="-1305" />
    <nd ref="-1306" />
    <nd ref="-1303" />
    <tag k="building" v="yes" />
  </way>
  <way id="-1000000273" visible="true">
    <nd ref="-1307" />
    <nd ref="-1297" />
    <nd ref="-1296" />
    <nd ref="-1308" />
    <nd ref="-1309" />
    <nd ref="-1307" />
    <tag k="building" v="yes" />
  </way>
  <way id="-1000000274" visible="true">
    <nd ref="-1310" />
    <nd ref="-1311" />
    <nd ref="-1312" />
    <nd ref="-1313" />
    <nd ref="-1310" />
    <tag k="building" v="yes" />
  </way>
  <way id="-1000000275" visible="true">
    <nd ref="-1314" />
    <nd ref="-1315" />
    <nd ref="-1316" />
    <nd ref="-1317" />
    <nd ref="-1314" />
    <tag k="building" v="yes" />
  </way>
  <way id="-1000000276" visible="true">
    <nd ref="-1318" />
    <nd ref="-1319" />
    <nd ref="-1320" />
    <nd ref="-1321" />
    <nd ref="-1322" />
    <nd ref="-1323" />
    <nd ref="-1318" />
    <tag k="building" v="yes" />
  </way>
  <way id="-1000000277" visible="true">
    <nd ref="-1324" />
    <nd ref="-1325" />
    <nd ref="-1326" />
    <nd ref="-1327" />
    <nd ref="-1324" />
    <tag k="building" v="yes" />
  </way>
  <way id="-1000000278" visible="true">
    <nd ref="-1328" />
    <nd ref="-1329" />
    <nd ref="-1330" />
    <nd ref="-1331" />
    <nd ref="-1328" />
    <tag k="building" v="yes" />
  </way>
  <way id="-1000000279" visible="true">
    <nd ref="-1332" />
    <nd ref="-1333" />
    <nd ref="-1334" />
    <nd ref="-1335" />
    <nd ref="-1336" />
    <nd ref="-1337" />
    <nd ref="-1338" />
    <nd ref="-1339" />
    <nd ref="-1340" />
    <nd ref="-1341" />
    <nd ref="-1342" />
    <nd ref="-1343" />
    <nd ref="-1344" />
    <nd ref="-1345" />
    <nd ref="-1346" />
    <nd ref="-1347" />
    <nd ref="-1348" />
    <nd ref="-1349" />
    <nd ref="-1350" />
    <nd ref="-1351" />
    <nd ref="-1352" />
    <nd ref="-1353" />
    <nd ref="-1354" />
    <nd ref="-1355" />
    <nd ref="-1332" />
    <tag k="building" v="yes" />
  </way>
  <way id="-1000000280" visible="true">
    <nd ref="-1356" />
    <nd ref="-1357" />
    <nd ref="-1358" />
    <nd ref="-1359" />
    <nd ref="-1360" />
    <nd ref="-1361" />
    <nd ref="-1362" />
    <nd ref="-1363" />
    <nd ref="-1364" />
    <nd ref="-1365" />
    <nd ref="-1366" />
    <nd ref="-1367" />
    <nd ref="-1368" />
    <nd ref="-1369" />
    <nd ref="-1356" />
    <tag k="addr:city" v="Ingolstadt" />
    <tag k="addr:housenumber" v="5" />
    <tag k="addr:postcode" v="85049" />
    <tag k="addr:street" v="Heydeckstraße" />
    <tag k="building" v="yes" />
    <tag k="name" v="Villa Heydeck" />
    <tag k="old_name" v="Röss-Villa" />
    <tag k="operator" v="TH Ingolstadt" />
    <tag k="year_of_construction" v="1922..1923" />
  </way>
  <way id="-1000000281" visible="true">
    <nd ref="-1370" />
    <nd ref="-1371" />
    <nd ref="-1372" />
    <nd ref="-1373" />
    <nd ref="-1370" />
    <tag k="building" v="yes" />
  </way>
  <way id="-1000000282" visible="true">
    <nd ref="-1374" />
    <nd ref="-1375" />
    <nd ref="-1376" />
    <nd ref="-1377" />
    <nd ref="-1378" />
    <nd ref="-1379" />
    <nd ref="-1374" />
    <tag k="building" v="detached" />
    <tag k="building:levels" v="1" />
    <tag k="roof:levels" v="0" />
    <tag k="source" v="HiRes aerial imagery" />
  </way>
  <way id="-1000000283" visible="true">
    <nd ref="-1380" />
    <nd ref="-1381" />
    <nd ref="-1382" />
    <nd ref="-1383" />
    <nd ref="-1380" />
    <tag k="building" v="yes" />
  </way>
  <way id="-1000000284" visible="true">
    <nd ref="-1384" />
    <nd ref="-1385" />
    <nd ref="-1386" />
    <nd ref="-1387" />
    <nd ref="-1384" />
    <tag k="building" v="detached" />
  </way>
  <way id="-1000000285" visible="true">
    <nd ref="-1388" />
    <nd ref="-1389" />
    <nd ref="-1390" />
    <nd ref="-1391" />
    <nd ref="-1388" />
    <tag k="building" v="yes" />
  </way>
  <way id="-1000000286" visible="true">
    <nd ref="-1392" />
    <nd ref="-1393" />
    <nd ref="-1394" />
    <nd ref="-1395" />
    <nd ref="-1392" />
    <tag k="building" v="yes" />
    <tag k="roof:shape" v="gabled" />
  </way>
  <way id="-1000000287" visible="true">
    <nd ref="-1396" />
    <nd ref="-1397" />
    <nd ref="-1398" />
    <nd ref="-1399" />
    <nd ref="-1396" />
    <tag k="building" v="yes" />
  </way>
  <way id="-1000000288" visible="true">
    <nd ref="-1400" />
    <nd ref="-1401" />
    <nd ref="-1402" />
    <nd ref="-1403" />
    <nd ref="-1400" />
    <tag k="building" v="yes" />
    <tag k="source" v="HiRes aerial imagery" />
  </way>
  <way id="-1000000289" visible="true">
    <nd ref="-1404" />
    <nd ref="-1405" />
    <nd ref="-1406" />
    <nd ref="-1407" />
    <nd ref="-1404" />
    <tag k="building" v="yes" />
    <tag k="source" v="HiRes aerial imagery" />
  </way>
  <way id="-1000000290" visible="true">
    <nd ref="-1408" />
    <nd ref="-1409" />
    <nd ref="-1410" />
    <nd ref="-1411" />
    <nd ref="-1408" />
    <tag k="building" v="yes" />
    <tag k="source" v="HiRes aerial imagery" />
  </way>
  <way id="-1000000291" visible="true">
    <nd ref="-1412" />
    <nd ref="-1413" />
    <nd ref="-1414" />
    <nd ref="-1415" />
    <nd ref="-1412" />
    <tag k="building" v="yes" />
    <tag k="source" v="HiRes aerial imagery" />
  </way>
  <way id="-1000000292" visible="true">
    <nd ref="-1416" />
    <nd ref="-1417" />
    <nd ref="-1418" />
    <nd ref="-1419" />
    <nd ref="-1416" />
    <tag k="building" v="yes" />
  </way>
  <way id="-1000000293" visible="true">
    <nd ref="-1420" />
    <nd ref="-1421" />
    <nd ref="-1422" />
    <nd ref="-1423" />
    <nd ref="-1420" />
    <tag k="building" v="yes" />
  </way>
  <way id="-1000000294" visible="true">
    <nd ref="-1424" />
    <nd ref="-1425" />
    <nd ref="-1426" />
    <nd ref="-1427" />
    <nd ref="-1428" />
    <nd ref="-1429" />
    <nd ref="-1430" />
    <nd ref="-1431" />
    <nd ref="-1424" />
    <tag k="building" v="yes" />
  </way>
  <way id="-1000000295" visible="true">
    <nd ref="-1432" />
    <nd ref="-1433" />
    <nd ref="-1434" />
    <nd ref="-1435" />
    <nd ref="-1436" />
    <nd ref="-1437" />
    <nd ref="-1438" />
    <nd ref="-1439" />
    <nd ref="-1440" />
    <nd ref="-1441" />
    <nd ref="-1442" />
    <nd ref="-1443" />
    <nd ref="-1432" />
    <tag k="building" v="detached" />
    <tag k="source" v="HiRes aerial imagery" />
  </way>
  <way id="-1000000296" visible="true">
    <nd ref="-1444" />
    <nd ref="-1445" />
    <nd ref="-12" />
    <nd ref="-6" />
    <nd ref="-1444" />
    <tag k="building" v="yes" />
    <tag k="man_made" v="tower" />
    <tag k="material" v="brick" />
    <tag k="source" v="HiRes aerial imagery" />
  </way>
  <way id="-1000000297" visible="true">
    <nd ref="-1446" />
    <nd ref="-1447" />
    <nd ref="-1448" />
    <nd ref="-1449" />
    <nd ref="-1450" />
    <nd ref="-1451" />
    <nd ref="-1452" />
    <nd ref="-1453" />
    <nd ref="-1446" />
    <tag k="building" v="yes" />
  </way>
  <way id="-1000000298" visible="true">
    <nd ref="-1454" />
    <nd ref="-1455" />
    <nd ref="-1456" />
    <nd ref="-1457" />
    <nd ref="-1458" />
    <nd ref="-1459" />
    <nd ref="-1454" />
    <tag k="addr:housenumber" v="23 1/2" />
    <tag k="addr:street" v="Friedrich-Ebert-Straße" />
    <tag k="building" v="apartments" />
    <tag k="source" v="HiRes aerial imagery" />
  </way>
  <way id="-1000000299" visible="true">
    <nd ref="-1460" />
    <nd ref="-1461" />
    <nd ref="-1462" />
    <nd ref="-1463" />
    <nd ref="-1464" />
    <nd ref="-1460" />
    <tag k="building" v="yes" />
    <tag k="source" v="HiRes aerial imagery" />
  </way>
  <way id="-1000000300" visible="true">
    <nd ref="-1465" />
    <nd ref="-1466" />
    <nd ref="-1467" />
    <nd ref="-1468" />
    <nd ref="-1469" />
    <nd ref="-1470" />
    <nd ref="-1471" />
    <nd ref="-1472" />
    <nd ref="-1473" />
    <nd ref="-1465" />
    <tag k="amenity" v="parking" />
    <tag k="building" v="parking" />
    <tag k="building:levels" v="4" />
    <tag k="parking" v="multi-storey" />
    <tag k="source" v="HiRes aerial imagery" />
  </way>
  <way id="-1000000301" visible="true">
    <nd ref="-1474" />
    <nd ref="-1475" />
    <nd ref="-1476" />
    <nd ref="-1477" />
    <nd ref="-1478" />
    <nd ref="-1479" />
    <nd ref="-1480" />
    <nd ref="-1481" />
    <nd ref="-1482" />
    <nd ref="-1483" />
    <nd ref="-1484" />
    <nd ref="-1485" />
    <nd ref="-1486" />
    <nd ref="-1474" />
    <tag k="building" v="industrial" />
    <tag k="source" v="HiRes aerial imagery" />
  </way>
  <way id="-1000000302" visible="true">
    <nd ref="-1487" />
    <nd ref="-1488" />
    <nd ref="-1489" />
    <nd ref="-1490" />
    <nd ref="-1491" />
    <nd ref="-1492" />
    <nd ref="-1487" />
    <tag k="building" v="terrace" />
    <tag k="source" v="HiRes aerial imagery" />
  </way>
  <way id="-1000000303" visible="true">
    <nd ref="-1493" />
    <nd ref="-1494" />
    <nd ref="-1495" />
    <nd ref="-1496" />
    <nd ref="-1493" />
    <tag k="building" v="apartments" />
    <tag k="source" v="HiRes aerial imagery" />
  </way>
  <way id="-1000000304" visible="true">
    <nd ref="-1497" />
    <nd ref="-1498" />
    <nd ref="-1499" />
    <nd ref="-1500" />
    <nd ref="-1497" />
    <tag k="building" v="shed" />
    <tag k="source" v="HiRes aerial imagery" />
  </way>
  <way id="-1000000305" visible="true">
    <nd ref="-1501" />
    <nd ref="-1502" />
    <nd ref="-1503" />
    <nd ref="-1504" />
    <nd ref="-1501" />
    <tag k="building" v="apartments" />
    <tag k="source" v="HiRes aerial imagery" />
  </way>
  <way id="-1000000306" visible="true">
    <nd ref="-1505" />
    <nd ref="-1506" />
    <nd ref="-1507" />
    <nd ref="-1508" />
    <nd ref="-1509" />
    <nd ref="-1510" />
    <nd ref="-1505" />
    <tag k="building" v="office" />
    <tag k="source" v="HiRes aerial imagery" />
  </way>
  <way id="-1000000307" visible="true">
    <nd ref="-1511" />
    <nd ref="-1512" />
    <nd ref="-1513" />
    <nd ref="-1514" />
    <nd ref="-1515" />
    <nd ref="-1516" />
    <nd ref="-1517" />
    <nd ref="-1518" />
    <nd ref="-1519" />
    <nd ref="-1520" />
    <nd ref="-1511" />
    <tag k="building" v="industrial" />
    <tag k="source" v="HiRes aerial imagery" />
  </way>
  <way id="-1000000308" visible="true">
    <nd ref="-1521" />
    <nd ref="-1522" />
    <nd ref="-1523" />
    <nd ref="-1524" />
    <nd ref="-1525" />
    <nd ref="-1526" />
    <nd ref="-1521" />
    <tag k="amenity" v="car_wash" />
    <tag k="building" v="yes" />
    <tag k="source" v="HiRes aerial imagery" />
  </way>
  <way id="-1000000309" visible="true">
    <nd ref="-1527" />
    <nd ref="-1528" />
    <nd ref="-1529" />
    <nd ref="-1530" />
    <nd ref="-1531" />
    <nd ref="-1532" />
    <nd ref="-1527" />
    <tag k="building" v="roof" />
    <tag k="note" v="Außer Betrieb!" />
    <tag k="source" v="HiRes aerial imagery" />
  </way>
  <way id="-1000000310" visible="true">
    <nd ref="-1533" />
    <nd ref="-1482" />
    <nd ref="-1481" />
    <nd ref="-1534" />
    <nd ref="-1535" />
    <nd ref="-1536" />
    <nd ref="-1533" />
    <tag k="building" v="retail" />
    <tag k="source" v="HiRes aerial imagery" />
  </way>
  <way id="-1000000311" visible="true">
    <nd ref="-1459" />
    <nd ref="-1537" />
    <nd ref="-1538" />
    <nd ref="-1539" />
    <nd ref="-1457" />
    <nd ref="-1458" />
    <nd ref="-1459" />
    <tag k="building" v="garage" />
    <tag k="source" v="HiRes aerial imagery" />
  </way>
  <way id="-1000000312" visible="true">
    <nd ref="-1540" />
    <nd ref="-1541" />
    <nd ref="-1542" />
    <nd ref="-1543" />
    <nd ref="-1540" />
    <tag k="building" v="garage" />
    <tag k="source" v="HiRes aerial imagery" />
  </way>
  <way id="-1000000313" visible="true">
    <nd ref="-1544" />
    <nd ref="-1545" />
    <nd ref="-1546" />
    <nd ref="-1547" />
    <nd ref="-1544" />
    <tag k="building" v="garage" />
    <tag k="source" v="HiRes aerial imagery" />
  </way>
  <way id="-1000000314" visible="true">
    <nd ref="-1548" />
    <nd ref="-1549" />
    <nd ref="-1550" />
    <nd ref="-1551" />
    <nd ref="-1552" />
    <nd ref="-1553" />
    <nd ref="-1554" />
    <nd ref="-1555" />
    <nd ref="-1556" />
    <nd ref="-1557" />
    <nd ref="-1558" />
    <nd ref="-1559" />
    <nd ref="-1560" />
    <nd ref="-1561" />
    <nd ref="-1562" />
    <nd ref="-1563" />
    <nd ref="-1564" />
    <nd ref="-1565" />
    <nd ref="-1566" />
    <nd ref="-1567" />
    <nd ref="-1568" />
    <nd ref="-1569" />
    <nd ref="-1548" />
    <tag k="addr:city" v="Ingolstadt" />
    <tag k="addr:country" v="DE" />
    <tag k="addr:housenumber" v="105" />
    <tag k="addr:place" v="Flankenbatterie" />
    <tag k="addr:postcode" v="85051" />
    <tag k="building" v="yes" />
    <tag k="name" v="Flankenbatterie 92" />
    <tag k="note" v="Gebäudename Flankenbatterie 92, aber Anschrift 105" />
    <tag k="source" v="HiRes aerial imagery" />
  </way>
  <way id="-1000000315" visible="true">
    <nd ref="-1570" />
    <nd ref="-1571" />
    <nd ref="-1572" />
    <nd ref="-1573" />
    <nd ref="-1574" />
    <nd ref="-1575" />
    <nd ref="-1570" />
    <tag k="addr:city" v="Ingolstadt" />
    <tag k="addr:country" v="DE" />
    <tag k="addr:housenumber" v="3" />
    <tag k="addr:postcode" v="85049" />
    <tag k="addr:street" v="Roßmühlstraße" />
    <tag k="building" v="industrial" />
    <tag k="construction:museum" v="art" />
    <tag k="construction:tourism" v="museum" />
    <tag k="description" v="Zukünftiger Standort des Museums für Konkrete Kunst und Design (Eröffnung geplant 2025)" />
    <tag k="name" v="Museum für konkrete Kunst" />
    <tag k="opening_hours" v="off" />
    <tag k="start_date" v="2025" />
    <tag k="website" v="https://www.mkk-ingolstadt.de" />
  </way>
  <way id="-1000000316" visible="true">
    <nd ref="-1576" />
    <nd ref="-1577" />
    <nd ref="-1578" />
    <nd ref="-1579" />
    <nd ref="-1576" />
    <tag k="building" v="garage" />
    <tag k="source" v="HiRes aerial imagery" />
  </way>
  <way id="-1000000317" visible="true">
    <nd ref="-1580" />
    <nd ref="-1581" />
    <nd ref="-1582" />
    <nd ref="-1583" />
    <nd ref="-1580" />
    <tag k="building" v="garage" />
    <tag k="source" v="HiRes aerial imagery" />
  </way>
  <way id="-1000000318" visible="true">
    <nd ref="-1584" />
    <nd ref="-1585" />
    <nd ref="-1586" />
    <nd ref="-1587" />
    <nd ref="-1584" />
    <tag k="building" v="garage" />
    <tag k="source" v="HiRes aerial imagery" />
  </way>
  <way id="-1000000319" visible="true">
    <nd ref="-1588" />
    <nd ref="-1589" />
    <nd ref="-1590" />
    <nd ref="-1591" />
    <nd ref="-1588" />
    <tag k="building" v="garage" />
    <tag k="source" v="HiRes aerial imagery" />
  </way>
  <way id="-1000000320" visible="true">
    <nd ref="-1592" />
    <nd ref="-1593" />
    <nd ref="-1594" />
    <nd ref="-1595" />
    <nd ref="-1592" />
    <tag k="building" v="yes" />
    <tag k="source" v="HiRes aerial imagery" />
  </way>
  <way id="-1000000321" visible="true">
    <nd ref="-1506" />
    <nd ref="-1505" />
    <nd ref="-1510" />
    <nd ref="-1509" />
    <nd ref="-1596" />
    <nd ref="-1597" />
    <nd ref="-1598" />
    <nd ref="-1599" />
    <nd ref="-1506" />
    <tag k="building" v="industrial" />
    <tag k="source" v="HiRes aerial imagery" />
  </way>
  <way id="-1000000322" visible="true">
    <nd ref="-1600" />
    <nd ref="-1601" />
    <nd ref="-1602" />
    <nd ref="-1603" />
    <nd ref="-1600" />
    <tag k="building" v="garage" />
    <tag k="source" v="HiRes aerial imagery" />
  </way>
  <way id="-1000000323" visible="true">
    <nd ref="-1604" />
    <nd ref="-1605" />
    <nd ref="-1606" />
    <nd ref="-1607" />
    <nd ref="-1604" />
    <tag k="building" v="detached" />
    <tag k="source" v="HiRes aerial imagery" />
  </way>
  <way id="-1000000324" visible="true">
    <nd ref="-1608" />
    <nd ref="-1609" />
    <nd ref="-1610" />
    <nd ref="-1611" />
    <nd ref="-1612" />
    <nd ref="-1608" />
    <tag k="building" v="warehouse" />
    <tag k="source" v="HiRes aerial imagery" />
  </way>
  <way id="-1000000325" visible="true">
    <nd ref="-1613" />
    <nd ref="-1614" />
    <nd ref="-1615" />
    <nd ref="-1616" />
    <nd ref="-1617" />
    <nd ref="-1613" />
    <tag k="building" v="yes" />
    <tag k="source" v="HiRes aerial imagery" />
  </way>
  <way id="-1000000326" visible="true">
    <nd ref="-1618" />
    <nd ref="-1619" />
    <nd ref="-1620" />
    <nd ref="-1621" />
    <nd ref="-1622" />
    <nd ref="-1618" />
    <tag k="building" v="apartments" />
    <tag k="building:levels" v="2" />
    <tag k="roof:levels" v="1" />
    <tag k="source" v="HiRes aerial imagery" />
  </way>
  <way id="-1000000327" visible="true">
    <nd ref="-1623" />
    <nd ref="-1617" />
    <nd ref="-1616" />
    <nd ref="-1610" />
    <nd ref="-1609" />
    <nd ref="-1623" />
    <tag k="building" v="yes" />
    <tag k="source" v="HiRes aerial imagery" />
  </way>
  <way id="-1000000328" visible="true">
    <nd ref="-1624" />
    <nd ref="-1625" />
    <nd ref="-1626" />
    <nd ref="-1627" />
    <nd ref="-1620" />
    <nd ref="-1619" />
    <nd ref="-1624" />
    <tag k="building" v="yes" />
    <tag k="source" v="HiRes aerial imagery" />
  </way>
  <way id="-1000000329" visible="true">
    <nd ref="-1614" />
    <nd ref="-1628" />
    <nd ref="-1629" />
    <nd ref="-1630" />
    <nd ref="-1627" />
    <nd ref="-1626" />
    <nd ref="-1625" />
    <nd ref="-1615" />
    <nd ref="-1614" />
    <tag k="building" v="yes" />
    <tag k="source" v="HiRes aerial imagery" />
  </way>
  <way id="-1000000330" visible="true">
    <nd ref="-1631" />
    <nd ref="-1632" />
    <nd ref="-1633" />
    <nd ref="-1634" />
    <nd ref="-1635" />
    <nd ref="-1636" />
    <nd ref="-1637" />
    <nd ref="-1631" />
    <tag k="building" v="garage" />
    <tag k="source" v="HiRes aerial imagery" />
  </way>
  <way id="-1000000331" visible="true">
    <nd ref="-1638" />
    <nd ref="-1639" />
    <nd ref="-1640" />
    <nd ref="-1641" />
    <nd ref="-1638" />
    <tag k="addr:housenumber" v="18" />
    <tag k="addr:street" v="Friedrich-Ebert-Straße" />
    <tag k="building" v="apartments" />
    <tag k="source" v="HiRes aerial imagery" />
  </way>
  <way id="-1000000332" visible="true">
    <nd ref="-1642" />
    <nd ref="-1643" />
    <nd ref="-1644" />
    <nd ref="-1645" />
    <nd ref="-1642" />
    <tag k="building" v="yes" />
    <tag k="source" v="HiRes aerial imagery" />
  </way>
  <way id="-1000000333" visible="true">
    <nd ref="-1646" />
    <nd ref="-1647" />
    <nd ref="-1648" />
    <nd ref="-1649" />
    <nd ref="-1646" />
    <tag k="building" v="apartments" />
  </way>
  <way id="-1000000334" visible="true">
    <nd ref="-1650" />
    <nd ref="-1651" />
    <nd ref="-1652" />
    <nd ref="-1653" />
    <nd ref="-1650" />
    <tag k="addr:housenumber" v="20" />
    <tag k="addr:street" v="Friedrich-Ebert-Straße" />
    <tag k="building" v="apartments" />
    <tag k="source" v="HiRes aerial imagery" />
  </way>
  <way id="-1000000335" visible="true">
    <nd ref="-1654" />
    <nd ref="-1655" />
    <nd ref="-1656" />
    <nd ref="-1657" />
    <nd ref="-1654" />
    <tag k="building" v="apartments" />
    <tag k="source" v="HiRes aerial imagery" />
  </way>
  <way id="-1000000336" visible="true">
    <nd ref="-1658" />
    <nd ref="-1659" />
    <nd ref="-1660" />
    <nd ref="-1661" />
    <nd ref="-1658" />
    <tag k="addr:housenumber" v="16" />
    <tag k="addr:street" v="Friedrich-Ebert-Straße" />
    <tag k="building" v="apartments" />
    <tag k="source" v="HiRes aerial imagery" />
  </way>
  <way id="-1000000337" visible="true">
    <nd ref="-1662" />
    <nd ref="-1663" />
    <nd ref="-1664" />
    <nd ref="-1665" />
    <nd ref="-1666" />
    <nd ref="-1667" />
    <nd ref="-1662" />
    <tag k="building" v="apartments" />
    <tag k="source" v="HiRes aerial imagery" />
  </way>
  <way id="-1000000338" visible="true">
    <nd ref="-1668" />
    <nd ref="-1669" />
    <nd ref="-1666" />
    <nd ref="-1665" />
    <nd ref="-1664" />
    <nd ref="-1670" />
    <nd ref="-1668" />
    <tag k="building" v="garage" />
    <tag k="source" v="HiRes aerial imagery" />
  </way>
  <way id="-1000000339" visible="true">
    <nd ref="-1671" />
    <nd ref="-1672" />
    <nd ref="-1673" />
    <nd ref="-1674" />
    <nd ref="-1675" />
    <nd ref="-1676" />
    <nd ref="-1677" />
    <nd ref="-1678" />
    <nd ref="-1671" />
    <tag k="building" v="apartments" />
    <tag k="source" v="HiRes aerial imagery" />
  </way>
  <way id="-1000000340" visible="true">
    <nd ref="-1679" />
    <nd ref="-1680" />
    <nd ref="-1681" />
    <nd ref="-1682" />
    <nd ref="-1683" />
    <nd ref="-1684" />
    <nd ref="-1685" />
    <nd ref="-1686" />
    <nd ref="-1687" />
    <nd ref="-1679" />
    <tag k="building" v="industrial" />
    <tag k="source" v="HiRes aerial imagery" />
  </way>
  <way id="-1000000341" visible="true">
    <nd ref="-1688" />
    <nd ref="-1490" />
    <nd ref="-1491" />
    <nd ref="-1588" />
    <nd ref="-1688" />
    <tag k="building" v="yes" />
  </way>
  <way id="-1000000342" visible="true">
    <nd ref="-1689" />
    <nd ref="-1690" />
    <nd ref="-1691" />
    <nd ref="-1692" />
    <nd ref="-1689" />
    <tag k="addr:city" v="Ingolstadt" />
    <tag k="addr:country" v="DE" />
    <tag k="addr:housenumber" v="1" />
    <tag k="addr:postcode" v="85049" />
    <tag k="addr:street" v="Gießerei-Platz" />
    <tag k="building" v="office" />
    <tag k="name" v="Audi AG - MX407" />
    <tag k="operator" v="Audi AG" />
    <tag k="smoking" v="outside" />
    <tag k="wheelchair" v="yes" />
  </way>
  <way id="-1000000343" visible="true">
    <nd ref="-1693" />
    <nd ref="-1694" />
    <nd ref="-1695" />
    <nd ref="-1696" />
    <nd ref="-1697" />
    <nd ref="-1698" />
    <nd ref="-1699" />
    <nd ref="-1700" />
    <nd ref="-1701" />
    <nd ref="-1702" />
    <nd ref="-1703" />
    <nd ref="-1704" />
    <nd ref="-1705" />
    <nd ref="-1706" />
    <nd ref="-1707" />
    <nd ref="-1708" />
    <nd ref="-1709" />
    <nd ref="-1710" />
    <nd ref="-1693" />
    <tag k="addr:city" v="Ingolstadt" />
    <tag k="addr:country" v="DE" />
    <tag k="addr:housenumber" v="24" />
    <tag k="addr:postcode" v="85049" />
    <tag k="addr:street" v="Schloßlände" />
    <tag k="building" v="yes" />
    <tag k="building:levels" v="1" />
    <tag k="check_date" v="2026-03-16" />
    <tag k="email" v="info.ing@maritim.de" />
    <tag k="internet_access" v="wlan" />
    <tag k="internet_access:fee" v="no" />
    <tag k="name" v="Maritim Hotel + Congress Centrum Ingolstadt" />
    <tag k="operator" v="Maritim Hotels" />
    <tag k="payment:american_express" v="yes" />
    <tag k="payment:cash" v="yes" />
    <tag k="payment:credit_cards" v="yes" />
    <tag k="payment:debit_cards" v="yes" />
    <tag k="payment:diners_club" v="yes" />
    <tag k="payment:jcb" v="yes" />
    <tag k="payment:mastercard" v="yes" />
    <tag k="payment:visa" v="yes" />
    <tag k="phone" v="+49 841 88178-0" />
    <tag k="rooms" v="223" />
    <tag k="smoking" v="no" />
    <tag k="stars" v="4" />
    <tag k="toilets:wheelchair" v="yes" />
    <tag k="tourism" v="hotel" />
    <tag k="website" v="https://www.maritim.de/de/hotels/deutschland/hotel-ingolstadt/unser-hotel" />
    <tag k="wheelchair" v="yes" />
  </way>
  <way id="-1000000344" visible="true">
    <nd ref="-1711" />
    <nd ref="-1712" />
    <nd ref="-1713" />
    <nd ref="-1714" />
    <nd ref="-1711" />
    <tag k="building" v="industrial" />
  </way>
  <way id="-1000000345" visible="true">
    <nd ref="-1715" />
    <nd ref="-1716" />
    <nd ref="-1717" />
    <nd ref="-1718" />
    <nd ref="-1715" />
    <tag k="building" v="industrial" />
  </way>
  <way id="-1000000346" visible="true">
    <nd ref="-1719" />
    <nd ref="-1720" />
    <nd ref="-1721" />
    <nd ref="-1722" />
    <nd ref="-1719" />
    <tag k="building" v="industrial" />
  </way>
  <way id="-1000000347" visible="true">
    <nd ref="-1323" />
    <nd ref="-1723" />
    <nd ref="-1724" />
    <nd ref="-1725" />
    <nd ref="-1726" />
    <nd ref="-1727" />
    <nd ref="-1728" />
    <nd ref="-1729" />
    <nd ref="-1730" />
    <nd ref="-1731" />
    <nd ref="-1732" />
    <nd ref="-1318" />
    <nd ref="-1323" />
    <tag k="building" v="yes" />
  </way>
  <way id="-1000000348" visible="true">
    <nd ref="-1733" />
    <nd ref="-1734" />
    <nd ref="-1735" />
    <nd ref="-1736" />
    <nd ref="-1733" />
    <tag k="building" v="yes" />
  </way>
  <way id="-1000000349" visible="true">
    <nd ref="-1737" />
    <nd ref="-1738" />
    <nd ref="-1739" />
    <nd ref="-1740" />
    <nd ref="-1737" />
    <tag k="building" v="yes" />
  </way>
  <way id="-1000000350" visible="true">
    <nd ref="-1741" />
    <nd ref="-1742" />
    <nd ref="-1743" />
    <nd ref="-1744" />
    <nd ref="-1741" />
    <tag k="building" v="yes" />
    <tag k="building:levels" v="4" />
  </way>
  <way id="-1000000351" visible="true">
    <nd ref="-1745" />
    <nd ref="-1746" />
    <nd ref="-1747" />
    <nd ref="-1748" />
    <nd ref="-1745" />
    <tag k="building" v="yes" />
  </way>
  <way id="-1000000352" visible="true">
    <nd ref="-1749" />
    <nd ref="-1750" />
    <nd ref="-1745" />
    <nd ref="-1751" />
    <nd ref="-1749" />
    <tag k="building" v="yes" />
  </way>
  <way id="-1000000353" visible="true">
    <nd ref="-1752" />
    <nd ref="-1753" />
    <nd ref="-1754" />
    <nd ref="-1755" />
    <nd ref="-1752" />
    <tag k="addr:city" v="Ingolstadt" />
    <tag k="addr:country" v="DE" />
    <tag k="addr:housenumber" v="7" />
    <tag k="addr:postcode" v="85049" />
    <tag k="addr:street" v="Heydeckstraße" />
    <tag k="building" v="yes" />
    <tag k="name" v="Schmid's Videohalle" />
    <tag k="shop" v="video" />
  </way>
  <way id="-1000000354" visible="true">
    <nd ref="-1756" />
    <nd ref="-1751" />
    <nd ref="-1745" />
    <nd ref="-1748" />
    <nd ref="-1757" />
    <nd ref="-1756" />
    <tag k="building" v="yes" />
  </way>
  <way id="-1000000355" visible="true">
    <nd ref="-1758" />
    <nd ref="-1727" />
    <nd ref="-1726" />
    <nd ref="-1759" />
    <nd ref="-1760" />
    <nd ref="-1761" />
    <nd ref="-1758" />
    <tag k="building" v="yes" />
    <tag k="layer" v="1" />
  </way>
  <way id="-1000000356" visible="true">
    <nd ref="-1762" />
    <nd ref="-1763" />
    <nd ref="-1764" />
    <nd ref="-1765" />
    <nd ref="-1761" />
    <nd ref="-1758" />
    <nd ref="-1766" />
    <nd ref="-1767" />
    <nd ref="-1768" />
    <nd ref="-1762" />
    <tag k="building" v="yes" />
  </way>
  <way id="-1000000357" visible="true">
    <nd ref="-1769" />
    <nd ref="-1770" />
    <nd ref="-1771" />
    <nd ref="-1772" />
    <nd ref="-1773" />
    <nd ref="-1774" />
    <nd ref="-1775" />
    <nd ref="-1776" />
    <nd ref="-1777" />
    <nd ref="-1778" />
    <nd ref="-1779" />
    <nd ref="-1780" />
    <nd ref="-1781" />
    <nd ref="-1782" />
    <nd ref="-1783" />
    <nd ref="-1784" />
    <nd ref="-1785" />
    <nd ref="-1786" />
    <nd ref="-1787" />
    <nd ref="-1788" />
    <nd ref="-1789" />
    <nd ref="-1790" />
    <nd ref="-1791" />
    <nd ref="-1792" />
    <nd ref="-1793" />
    <nd ref="-1794" />
    <nd ref="-1795" />
    <nd ref="-1796" />
    <nd ref="-1797" />
    <nd ref="-1798" />
    <nd ref="-1799" />
    <nd ref="-1800" />
    <nd ref="-1801" />
    <nd ref="-1802" />
    <nd ref="-1803" />
    <nd ref="-1804" />
    <nd ref="-1769" />
    <tag k="building" v="yes" />
    <tag k="building:levels" v="1" />
    <tag k="name" v="Caritas Zentrum St. Vinzenz" />
  </way>
  <way id="-1000000358" visible="true">
    <nd ref="-1805" />
    <nd ref="-1806" />
    <nd ref="-1807" />
    <nd ref="-1808" />
    <nd ref="-1805" />
    <tag k="building" v="yes" />
  </way>
  <way id="-1000000359" visible="true">
    <nd ref="-1809" />
    <nd ref="-1810" />
    <nd ref="-1811" />
    <nd ref="-1812" />
    <nd ref="-1809" />
    <tag k="building" v="apartments" />
    <tag k="building:levels" v="3" />
    <tag k="roof:shape" v="gabled" />
  </way>
  <way id="-1000000360" visible="true">
    <nd ref="-1813" />
    <nd ref="-1814" />
    <nd ref="-1815" />
    <nd ref="-1816" />
    <nd ref="-1817" />
    <nd ref="-1818" />
    <nd ref="-1819" />
    <nd ref="-1804" />
    <nd ref="-1769" />
    <nd ref="-1820" />
    <nd ref="-1813" />
    <tag k="building" v="yes" />
    <tag k="building:levels" v="4" />
  </way>
  <way id="-1000000361" visible="true">
    <nd ref="-1821" />
    <nd ref="-1822" />
    <nd ref="-1823" />
    <nd ref="-1824" />
    <nd ref="-1825" />
    <nd ref="-1826" />
    <nd ref="-1827" />
    <nd ref="-1828" />
    <nd ref="-1829" />
    <nd ref="-1830" />
    <nd ref="-1831" />
    <nd ref="-1832" />
    <nd ref="-1833" />
    <nd ref="-1834" />
    <nd ref="-1835" />
    <nd ref="-1836" />
    <nd ref="-1837" />
    <nd ref="-1838" />
    <nd ref="-1839" />
    <nd ref="-1840" />
    <nd ref="-1841" />
    <nd ref="-1842" />
    <nd ref="-1843" />
    <nd ref="-1844" />
    <nd ref="-1845" />
    <nd ref="-1846" />
    <nd ref="-1847" />
    <nd ref="-1848" />
    <nd ref="-1821" />
    <tag k="building" v="apartments" />
    <tag k="name" v="Die Schwinge" />
  </way>
  <way id="-1000000362" visible="true">
    <nd ref="-1849" />
    <nd ref="-1850" />
    <nd ref="-1851" />
    <nd ref="-1852" />
    <nd ref="-1849" />
    <tag k="building" v="yes" />
  </way>
  <way id="-1000000363" visible="true">
    <nd ref="-1853" />
    <nd ref="-1854" />
    <nd ref="-1855" />
    <nd ref="-1856" />
    <nd ref="-1853" />
    <tag k="building" v="yes" />
  </way>
  <way id="-1000000364" visible="true">
    <nd ref="-1857" />
    <nd ref="-1858" />
    <nd ref="-1859" />
    <nd ref="-1860" />
    <nd ref="-1861" />
    <nd ref="-1862" />
    <nd ref="-1857" />
    <tag k="building" v="yes" />
  </way>
  <way id="-1000000365" visible="true">
    <nd ref="-1863" />
    <nd ref="-1864" />
    <nd ref="-1865" />
    <nd ref="-1866" />
    <nd ref="-1863" />
    <tag k="building" v="yes" />
  </way>
  <way id="-1000000366" visible="true">
    <nd ref="-1867" />
    <nd ref="-1868" />
    <nd ref="-1869" />
    <nd ref="-1870" />
    <nd ref="-1867" />
    <tag k="building" v="apartments" />
  </way>
  <way id="-1000000367" visible="true">
    <nd ref="-1871" />
    <nd ref="-1872" />
    <nd ref="-1873" />
    <nd ref="-1874" />
    <nd ref="-1871" />
    <tag k="building" v="apartments" />
  </way>
  <way id="-1000000368" visible="true">
    <nd ref="-1875" />
    <nd ref="-1876" />
    <nd ref="-1877" />
    <nd ref="-1878" />
    <nd ref="-1875" />
    <tag k="building" v="apartments" />
  </way>
  <way id="-1000000369" visible="true">
    <nd ref="-1879" />
    <nd ref="-1880" />
    <nd ref="-1881" />
    <nd ref="-1882" />
    <nd ref="-1879" />
    <tag k="building" v="yes" />
  </way>
  <way id="-1000000370" visible="true">
    <nd ref="-1883" />
    <nd ref="-1884" />
    <nd ref="-1885" />
    <nd ref="-1886" />
    <nd ref="-1883" />
    <tag k="building" v="garage" />
  </way>
  <way id="-1000000371" visible="true">
    <nd ref="-1887" />
    <nd ref="-1888" />
    <nd ref="-1889" />
    <nd ref="-1890" />
    <nd ref="-1887" />
    <tag k="building" v="yes" />
  </way>
  <way id="-1000000372" visible="true">
    <nd ref="-1891" />
    <nd ref="-1892" />
    <nd ref="-1893" />
    <nd ref="-1894" />
    <nd ref="-1891" />
    <tag k="building" v="garage" />
  </way>
  <way id="-1000000373" visible="true">
    <nd ref="-1895" />
    <nd ref="-1896" />
    <nd ref="-1897" />
    <nd ref="-1898" />
    <nd ref="-1895" />
    <tag k="building" v="apartments" />
  </way>
  <way id="-1000000374" visible="true">
    <nd ref="-1899" />
    <nd ref="-1900" />
    <nd ref="-1901" />
    <nd ref="-1902" />
    <nd ref="-1899" />
    <tag k="building" v="semidetached_house" />
  </way>
  <way id="-1000000375" visible="true">
    <nd ref="-1903" />
    <nd ref="-1904" />
    <nd ref="-1905" />
    <nd ref="-1906" />
    <nd ref="-1903" />
    <tag k="building" v="yes" />
  </way>
  <way id="-1000000376" visible="true">
    <nd ref="-1907" />
    <nd ref="-1908" />
    <nd ref="-1909" />
    <nd ref="-1910" />
    <nd ref="-1907" />
    <tag k="building" v="garage" />
  </way>
  <way id="-1000000377" visible="true">
    <nd ref="-1911" />
    <nd ref="-1912" />
    <nd ref="-1913" />
    <nd ref="-1914" />
    <nd ref="-1911" />
    <tag k="building" v="industrial" />
  </way>
  <way id="-1000000378" visible="true">
    <nd ref="-1915" />
    <nd ref="-1916" />
    <nd ref="-1917" />
    <nd ref="-1918" />
    <nd ref="-1915" />
    <tag k="addr:housenumber" v="13" />
    <tag k="building" v="semidetached_house" />
  </way>
  <way id="-1000000379" visible="true">
    <nd ref="-1919" />
    <nd ref="-1920" />
    <nd ref="-1921" />
    <nd ref="-1922" />
    <nd ref="-1919" />
    <tag k="building" v="garages" />
  </way>
  <way id="-1000000380" visible="true">
    <nd ref="-1923" />
    <nd ref="-1924" />
    <nd ref="-1925" />
    <nd ref="-1926" />
    <nd ref="-1923" />
    <tag k="building" v="yes" />
  </way>
  <way id="-1000000381" visible="true">
    <nd ref="-1927" />
    <nd ref="-1928" />
    <nd ref="-1861" />
    <nd ref="-1860" />
    <nd ref="-1929" />
    <nd ref="-1927" />
    <tag k="building" v="yes" />
  </way>
  <way id="-1000000382" visible="true">
    <nd ref="-1930" />
    <nd ref="-1931" />
    <nd ref="-1932" />
    <nd ref="-1933" />
    <nd ref="-1930" />
    <tag k="building" v="industrial" />
  </way>
  <way id="-1000000383" visible="true">
    <nd ref="-1934" />
    <nd ref="-1935" />
    <nd ref="-1936" />
    <nd ref="-1937" />
    <nd ref="-1938" />
    <nd ref="-1934" />
    <tag k="building" v="roof" />
    <tag k="layer" v="1" />
  </way>
  <way id="-1000000384" visible="true">
    <nd ref="-1939" />
    <nd ref="-1940" />
    <nd ref="-1941" />
    <nd ref="-1942" />
    <nd ref="-1943" />
    <nd ref="-1944" />
    <nd ref="-1945" />
    <nd ref="-1946" />
    <nd ref="-1947" />
    <nd ref="-1948" />
    <nd ref="-1949" />
    <nd ref="-1939" />
    <tag k="addr:city" v="Ingolstadt" />
    <tag k="addr:country" v="DE" />
    <tag k="addr:housenumber" v="10" />
    <tag k="addr:postcode" v="85055" />
    <tag k="addr:street" v="Gerhart-Hauptmann-Straße" />
    <tag k="building" v="kindergarten" />
    <tag k="building:levels" v="1" />
    <tag k="name" v="Kindertagesstätte" />
    <tag k="roof:levels" v="0" />
    <tag k="roof:shape" v="gabled" />
  </way>
  <way id="-1000000385" visible="true">
    <nd ref="-1950" />
    <nd ref="-1951" />
    <nd ref="-1952" />
    <nd ref="-1953" />
    <nd ref="-1954" />
    <nd ref="-1955" />
    <nd ref="-1956" />
    <nd ref="-1957" />
    <nd ref="-1950" />
    <tag k="building" v="detached" />
  </way>
  <way id="-1000000386" visible="true">
    <nd ref="-1958" />
    <nd ref="-1959" />
    <nd ref="-1960" />
    <nd ref="-1961" />
    <nd ref="-1958" />
    <tag k="building" v="garages" />
  </way>
  <way id="-1000000387" visible="true">
    <nd ref="-1962" />
    <nd ref="-1963" />
    <nd ref="-1964" />
    <nd ref="-1965" />
    <nd ref="-1962" />
    <tag k="building" v="industrial" />
  </way>
  <way id="-1000000388" visible="true">
    <nd ref="-1966" />
    <nd ref="-1967" />
    <nd ref="-1968" />
    <nd ref="-1969" />
    <nd ref="-1966" />
    <tag k="building" v="apartments" />
  </way>
  <way id="-1000000389" visible="true">
    <nd ref="-1970" />
    <nd ref="-1971" />
    <nd ref="-1972" />
    <nd ref="-1973" />
    <nd ref="-1970" />
    <tag k="building" v="garages" />
  </way>
  <way id="-1000000390" visible="true">
    <nd ref="-1974" />
    <nd ref="-1975" />
    <nd ref="-1976" />
    <nd ref="-1977" />
    <nd ref="-1974" />
    <tag k="building" v="yes" />
  </way>
  <way id="-1000000391" visible="true">
    <nd ref="-1978" />
    <nd ref="-1979" />
    <nd ref="-1980" />
    <nd ref="-1981" />
    <nd ref="-1978" />
    <tag k="building" v="garage" />
  </way>
  <way id="-1000000392" visible="true">
    <nd ref="-1982" />
    <nd ref="-1983" />
    <nd ref="-1984" />
    <nd ref="-1985" />
    <nd ref="-1986" />
    <nd ref="-1982" />
    <tag k="building" v="garages" />
  </way>
  <way id="-1000000393" visible="true">
    <nd ref="-1987" />
    <nd ref="-1988" />
    <nd ref="-1989" />
    <nd ref="-1990" />
    <nd ref="-1987" />
    <tag k="building" v="yes" />
  </way>
  <way id="-1000000394" visible="true">
    <nd ref="-1991" />
    <nd ref="-1992" />
    <nd ref="-1993" />
    <nd ref="-1994" />
    <nd ref="-1991" />
    <tag k="building" v="yes" />
  </way>
  <way id="-1000000395" visible="true">
    <nd ref="-1995" />
    <nd ref="-1996" />
    <nd ref="-1997" />
    <nd ref="-1998" />
    <nd ref="-1999" />
    <nd ref="-2000" />
    <nd ref="-2001" />
    <nd ref="-2002" />
    <nd ref="-1995" />
    <tag k="building" v="detached" />
    <tag k="building:levels" v="2" />
  </way>
  <way id="-1000000396" visible="true">
    <nd ref="-2003" />
    <nd ref="-2004" />
    <nd ref="-2005" />
    <nd ref="-2006" />
    <nd ref="-2003" />
    <tag k="building" v="garage" />
  </way>
  <way id="-1000000397" visible="true">
    <nd ref="-2007" />
    <nd ref="-2008" />
    <nd ref="-2009" />
    <nd ref="-2010" />
    <nd ref="-2007" />
    <tag k="building" v="yes" />
  </way>
  <way id="-1000000398" visible="true">
    <nd ref="-2011" />
    <nd ref="-2012" />
    <nd ref="-2013" />
    <nd ref="-2014" />
    <nd ref="-2011" />
    <tag k="building" v="yes" />
  </way>
  <way id="-1000000399" visible="true">
    <nd ref="-2015" />
    <nd ref="-2016" />
    <nd ref="-2017" />
    <nd ref="-2018" />
    <nd ref="-2015" />
    <tag k="building" v="garage" />
  </way>
  <way id="-1000000400" visible="true">
    <nd ref="-2019" />
    <nd ref="-2020" />
    <nd ref="-2021" />
    <nd ref="-2022" />
    <nd ref="-2019" />
    <tag k="building" v="garages" />
  </way>
  <way id="-1000000401" visible="true">
    <nd ref="-2023" />
    <nd ref="-2024" />
    <nd ref="-2025" />
    <nd ref="-2026" />
    <nd ref="-2023" />
    <tag k="building" v="garage" />
  </way>
  <way id="-1000000402" visible="true">
    <nd ref="-2027" />
    <nd ref="-2028" />
    <nd ref="-2029" />
    <nd ref="-2030" />
    <nd ref="-2027" />
    <tag k="building" v="yes" />
  </way>
  <way id="-1000000403" visible="true">
    <nd ref="-2031" />
    <nd ref="-2032" />
    <nd ref="-2033" />
    <nd ref="-2034" />
    <nd ref="-2031" />
    <tag k="building" v="garage" />
  </way>
  <way id="-1000000404" visible="true">
    <nd ref="-2035" />
    <nd ref="-2036" />
    <nd ref="-2037" />
    <nd ref="-379" />
    <nd ref="-2035" />
    <tag k="building" v="garage" />
  </way>
  <way id="-1000000405" visible="true">
    <nd ref="-2038" />
    <nd ref="-2039" />
    <nd ref="-2040" />
    <nd ref="-2041" />
    <nd ref="-2038" />
    <tag k="building" v="garage" />
  </way>
  <way id="-1000000406" visible="true">
    <nd ref="-2042" />
    <nd ref="-2043" />
    <nd ref="-2044" />
    <nd ref="-2045" />
    <nd ref="-2046" />
    <nd ref="-2047" />
    <nd ref="-2042" />
    <tag k="addr:housenumber" v="53" />
    <tag k="addr:street" v="Lessingstraße" />
    <tag k="building" v="detached" />
    <tag k="building:levels" v="1" />
    <tag k="roof:shape" v="gabled" />
  </way>
  <way id="-1000000407" visible="true">
    <nd ref="-2048" />
    <nd ref="-2049" />
    <nd ref="-2050" />
    <nd ref="-2051" />
    <nd ref="-2048" />
    <tag k="building" v="garages" />
  </way>
  <way id="-1000000408" visible="true">
    <nd ref="-2052" />
    <nd ref="-2053" />
    <nd ref="-2054" />
    <nd ref="-2055" />
    <nd ref="-2052" />
    <tag k="building" v="yes" />
  </way>
  <way id="-1000000409" visible="true">
    <nd ref="-2056" />
    <nd ref="-2057" />
    <nd ref="-2058" />
    <nd ref="-2059" />
    <nd ref="-2056" />
    <tag k="building" v="yes" />
  </way>
  <way id="-1000000410" visible="true">
    <nd ref="-2060" />
    <nd ref="-2061" />
    <nd ref="-2062" />
    <nd ref="-2063" />
    <nd ref="-2060" />
    <tag k="addr:housenumber" v="54a" />
    <tag k="addr:street" v="Feldkirchener Straße" />
    <tag k="building" v="apartments" />
  </way>
  <way id="-1000000411" visible="true">
    <nd ref="-2064" />
    <nd ref="-2065" />
    <nd ref="-2066" />
    <nd ref="-2067" />
    <nd ref="-2064" />
    <tag k="building" v="garage" />
  </way>
  <way id="-1000000412" visible="true">
    <nd ref="-2068" />
    <nd ref="-2069" />
    <nd ref="-2070" />
    <nd ref="-2071" />
    <nd ref="-2068" />
    <tag k="building" v="garage" />
  </way>
  <way id="-1000000413" visible="true">
    <nd ref="-2072" />
    <nd ref="-2073" />
    <nd ref="-2074" />
    <nd ref="-2075" />
    <nd ref="-2072" />
    <tag k="building" v="garage" />
  </way>
  <way id="-1000000414" visible="true">
    <nd ref="-2076" />
    <nd ref="-2077" />
    <nd ref="-2078" />
    <nd ref="-2079" />
    <nd ref="-2076" />
    <tag k="building" v="apartments" />
    <tag k="building:levels" v="2" />
    <tag k="roof:levels" v="1" />
    <tag k="roof:shape" v="gabled" />
  </way>
  <way id="-1000000415" visible="true">
    <nd ref="-2080" />
    <nd ref="-2081" />
    <nd ref="-2082" />
    <nd ref="-2083" />
    <nd ref="-2080" />
    <tag k="building" v="garage" />
  </way>
  <way id="-1000000416" visible="true">
    <nd ref="-2084" />
    <nd ref="-2085" />
    <nd ref="-2086" />
    <nd ref="-2087" />
    <nd ref="-2084" />
    <tag k="building" v="yes" />
  </way>
  <way id="-1000000417" visible="true">
    <nd ref="-2088" />
    <nd ref="-2089" />
    <nd ref="-2090" />
    <nd ref="-2091" />
    <nd ref="-2088" />
    <tag k="building" v="semidetached_house" />
  </way>
  <way id="-1000000418" visible="true">
    <nd ref="-2092" />
    <nd ref="-2093" />
    <nd ref="-2094" />
    <nd ref="-2095" />
    <nd ref="-2092" />
    <tag k="addr:housenumber" v="69a" />
    <tag k="addr:street" v="Feldkirchener Straße" />
    <tag k="building" v="hotel" />
    <tag k="building:levels" v="2" />
    <tag k="roof:shape" v="hipped" />
  </way>
  <way id="-1000000419" visible="true">
    <nd ref="-2096" />
    <nd ref="-2097" />
    <nd ref="-2098" />
    <nd ref="-2099" />
    <nd ref="-2096" />
    <tag k="addr:housenumber" v="69b" />
    <tag k="addr:street" v="Feldkirchener Straße" />
    <tag k="building" v="hotel" />
    <tag k="building:levels" v="2" />
    <tag k="roof:shape" v="flat" />
  </way>
  <way id="-1000000420" visible="true">
    <nd ref="-2100" />
    <nd ref="-2101" />
    <nd ref="-2102" />
    <nd ref="-2103" />
    <nd ref="-2100" />
    <tag k="building" v="apartments" />
  </way>
  <way id="-1000000421" visible="true">
    <nd ref="-2104" />
    <nd ref="-2105" />
    <nd ref="-2106" />
    <nd ref="-2107" />
    <nd ref="-2104" />
    <tag k="building" v="yes" />
  </way>
  <way id="-1000000422" visible="true">
    <nd ref="-2108" />
    <nd ref="-2109" />
    <nd ref="-2110" />
    <nd ref="-2111" />
    <nd ref="-2108" />
    <tag k="building" v="apartments" />
    <tag k="building:levels" v="2" />
    <tag k="roof:shape" v="gabled" />
  </way>
  <way id="-1000000423" visible="true">
    <nd ref="-2112" />
    <nd ref="-2113" />
    <nd ref="-2114" />
    <nd ref="-2115" />
    <nd ref="-2116" />
    <nd ref="-2117" />
    <nd ref="-2112" />
    <tag k="building" v="yes" />
  </way>
  <way id="-1000000424" visible="true">
    <nd ref="-2118" />
    <nd ref="-2119" />
    <nd ref="-2120" />
    <nd ref="-2121" />
    <nd ref="-2118" />
    <tag k="building" v="detached" />
  </way>
  <way id="-1000000425" visible="true">
    <nd ref="-2122" />
    <nd ref="-2123" />
    <nd ref="-2124" />
    <nd ref="-2125" />
    <nd ref="-2122" />
    <tag k="building" v="apartments" />
    <tag k="roof:shape" v="gabled" />
  </way>
  <way id="-1000000426" visible="true">
    <nd ref="-2126" />
    <nd ref="-2127" />
    <nd ref="-2128" />
    <nd ref="-2129" />
    <nd ref="-2130" />
    <nd ref="-2126" />
    <tag k="building" v="detached" />
  </way>
  <way id="-1000000427" visible="true">
    <nd ref="-2131" />
    <nd ref="-2132" />
    <nd ref="-2133" />
    <nd ref="-2134" />
    <nd ref="-2131" />
    <tag k="building" v="yes" />
  </way>
  <way id="-1000000428" visible="true">
    <nd ref="-2135" />
    <nd ref="-2136" />
    <nd ref="-2137" />
    <nd ref="-2138" />
    <nd ref="-2135" />
    <tag k="building" v="detached" />
  </way>
  <way id="-1000000429" visible="true">
    <nd ref="-2139" />
    <nd ref="-2140" />
    <nd ref="-2141" />
    <nd ref="-2142" />
    <nd ref="-2143" />
    <nd ref="-2144" />
    <nd ref="-2145" />
    <nd ref="-2146" />
    <nd ref="-2139" />
    <tag k="building" v="yes" />
  </way>
  <way id="-1000000430" visible="true">
    <nd ref="-2147" />
    <nd ref="-2148" />
    <nd ref="-2149" />
    <nd ref="-2150" />
    <nd ref="-2147" />
    <tag k="building" v="yes" />
  </way>
  <way id="-1000000431" visible="true">
    <nd ref="-2151" />
    <nd ref="-2152" />
    <nd ref="-2153" />
    <nd ref="-2154" />
    <nd ref="-2151" />
    <tag k="building" v="yes" />
  </way>
  <way id="-1000000432" visible="true">
    <nd ref="-2155" />
    <nd ref="-2156" />
    <nd ref="-2157" />
    <nd ref="-2158" />
    <nd ref="-2155" />
    <tag k="building" v="yes" />
  </way>
  <way id="-1000000433" visible="true">
    <nd ref="-2159" />
    <nd ref="-2160" />
    <nd ref="-2161" />
    <nd ref="-2162" />
    <nd ref="-2159" />
    <tag k="building" v="yes" />
  </way>
  <way id="-1000000434" visible="true">
    <nd ref="-2163" />
    <nd ref="-2164" />
    <nd ref="-2165" />
    <nd ref="-2166" />
    <nd ref="-2163" />
    <tag k="building" v="garage" />
  </way>
  <way id="-1000000435" visible="true">
    <nd ref="-2167" />
    <nd ref="-2168" />
    <nd ref="-2169" />
    <nd ref="-2170" />
    <nd ref="-2171" />
    <nd ref="-2172" />
    <nd ref="-2173" />
    <nd ref="-2174" />
    <nd ref="-2167" />
    <tag k="addr:housename" v="Festung Ingolstadt" />
    <tag k="addr:housenumber" v="32" />
    <tag k="addr:postcode" v="85055" />
    <tag k="addr:street" v="Frühlingstraße" />
    <tag k="building" v="bunker" />
    <tag k="note" v="Part of fortress of Ingolstadt" />
  </way>
  <way id="-1000000436" visible="true">
    <nd ref="-2175" />
    <nd ref="-2176" />
    <nd ref="-2177" />
    <nd ref="-2178" />
    <nd ref="-2179" />
    <nd ref="-2180" />
    <nd ref="-2181" />
    <nd ref="-2182" />
    <nd ref="-2183" />
    <nd ref="-2184" />
    <nd ref="-2185" />
    <nd ref="-2186" />
    <nd ref="-2187" />
    <nd ref="-2188" />
    <nd ref="-2189" />
    <nd ref="-2190" />
    <nd ref="-2191" />
    <nd ref="-2192" />
    <nd ref="-2193" />
    <nd ref="-2194" />
    <nd ref="-2195" />
    <nd ref="-2196" />
    <nd ref="-2197" />
    <nd ref="-2198" />
    <nd ref="-2199" />
    <nd ref="-2200" />
    <nd ref="-2201" />
    <nd ref="-2202" />
    <nd ref="-2203" />
    <nd ref="-2204" />
    <nd ref="-2205" />
    <nd ref="-2206" />
    <nd ref="-2207" />
    <nd ref="-2175" />
    <tag k="building" v="university" />
    <tag k="building:levels" v="2" />
    <tag k="ref" v="E" />
    <tag k="source" v="HiRes aerial imagery" />
    <tag k="wheelchair" v="yes" />
  </way>
  <way id="-1000000437" visible="true">
    <nd ref="-2208" />
    <nd ref="-2209" />
    <nd ref="-2210" />
    <nd ref="-2211" />
    <nd ref="-2212" />
    <nd ref="-2213" />
    <nd ref="-2208" />
    <tag k="addr:city" v="Ingolstadt" />
    <tag k="addr:country" v="DE" />
    <tag k="addr:housenumber" v="6b" />
    <tag k="addr:postcode" v="85053" />
    <tag k="addr:street" v="Peisserstraße" />
    <tag k="building" v="residential" />
  </way>
  <way id="-1000000438" visible="true">
    <nd ref="-2214" />
    <nd ref="-2215" />
    <nd ref="-2216" />
    <nd ref="-2217" />
    <nd ref="-2218" />
    <nd ref="-2214" />
    <tag k="addr:city" v="Ingolstadt" />
    <tag k="addr:country" v="DE" />
    <tag k="addr:housenumber" v="6c" />
    <tag k="addr:postcode" v="85053" />
    <tag k="addr:street" v="Peisserstraße" />
    <tag k="building" v="residential" />
  </way>
  <way id="-1000000439" visible="true">
    <nd ref="-2219" />
    <nd ref="-2213" />
    <nd ref="-2212" />
    <nd ref="-2220" />
    <nd ref="-2221" />
    <nd ref="-2222" />
    <nd ref="-2219" />
    <tag k="addr:city" v="Ingolstadt" />
    <tag k="addr:country" v="DE" />
    <tag k="addr:housenumber" v="5c" />
    <tag k="addr:postcode" v="85053" />
    <tag k="addr:street" v="Breslauer Straße" />
    <tag k="building" v="residential" />
  </way>
  <way id="-1000000440" visible="true">
    <nd ref="-2223" />
    <nd ref="-2218" />
    <nd ref="-2217" />
    <nd ref="-2224" />
    <nd ref="-2225" />
    <nd ref="-2226" />
    <nd ref="-2223" />
    <tag k="addr:city" v="Ingolstadt" />
    <tag k="addr:country" v="DE" />
    <tag k="addr:housenumber" v="7c" />
    <tag k="addr:postcode" v="85053" />
    <tag k="addr:street" v="Breslauer Straße" />
    <tag k="building" v="residential" />
  </way>
  <way id="-1000000441" visible="true">
    <nd ref="-2227" />
    <nd ref="-2228" />
    <nd ref="-2229" />
    <nd ref="-2230" />
    <nd ref="-2225" />
    <nd ref="-2227" />
    <tag k="addr:city" v="Ingolstadt" />
    <tag k="addr:country" v="DE" />
    <tag k="addr:housenumber" v="7a" />
    <tag k="addr:postcode" v="85053" />
    <tag k="addr:street" v="Breslauer Straße" />
    <tag k="building" v="residential" />
  </way>
  <way id="-1000000442" visible="true">
    <nd ref="-2231" />
    <nd ref="-2232" />
    <nd ref="-2233" />
    <nd ref="-2234" />
    <nd ref="-2231" />
    <tag k="building" v="yes" />
  </way>
  <way id="-1000000443" visible="true">
    <nd ref="-2235" />
    <nd ref="-2236" />
    <nd ref="-2237" />
    <nd ref="-2238" />
    <nd ref="-2239" />
    <nd ref="-2240" />
    <nd ref="-2241" />
    <nd ref="-2242" />
    <nd ref="-2235" />
    <tag k="building" v="university" />
    <tag k="building:levels" v="3" />
    <tag k="ref" v="F" />
    <tag k="wheelchair" v="yes" />
  </way>
  <way id="-1000000444" visible="true">
    <nd ref="-2243" />
    <nd ref="-2244" />
    <nd ref="-2245" />
    <nd ref="-2246" />
    <nd ref="-2247" />
    <nd ref="-2248" />
    <nd ref="-2249" />
    <nd ref="-2250" />
    <nd ref="-2251" />
    <nd ref="-2243" />
    <tag k="building" v="apartments" />
    <tag k="source" v="http://geoportal.bayern.de/bayernatlas-iframe/generator?0" />
  </way>
  <way id="-1000000445" visible="true">
    <nd ref="-2252" />
    <nd ref="-2253" />
    <nd ref="-2254" />
    <nd ref="-2255" />
    <nd ref="-2256" />
    <nd ref="-2257" />
    <nd ref="-2258" />
    <nd ref="-2259" />
    <nd ref="-2260" />
    <nd ref="-2252" />
    <tag k="building" v="apartments" />
    <tag k="source" v="http://geoportal.bayern.de/bayernatlas-iframe/generator?0" />
  </way>
  <way id="-1000000446" visible="true">
    <nd ref="-2261" />
    <nd ref="-2262" />
    <nd ref="-2263" />
    <nd ref="-2264" />
    <nd ref="-2265" />
    <nd ref="-2266" />
    <nd ref="-2267" />
    <nd ref="-2268" />
    <nd ref="-2269" />
    <nd ref="-2261" />
    <tag k="building" v="apartments" />
    <tag k="source" v="http://geoportal.bayern.de/bayernatlas-iframe/generator?0" />
  </way>
  <way id="-1000000447" visible="true">
    <nd ref="-2270" />
    <nd ref="-2271" />
    <nd ref="-2272" />
    <nd ref="-2273" />
    <nd ref="-2274" />
    <nd ref="-2275" />
    <nd ref="-2270" />
    <tag k="building" v="house" />
  </way>
  <way id="-1000000448" visible="true">
    <nd ref="-2276" />
    <nd ref="-2277" />
    <nd ref="-2278" />
    <nd ref="-2279" />
    <nd ref="-2280" />
    <nd ref="-2281" />
    <nd ref="-2282" />
    <nd ref="-2283" />
    <nd ref="-2284" />
    <nd ref="-2285" />
    <nd ref="-2276" />
    <tag k="building" v="garage" />
  </way>
  <way id="-1000000449" visible="true">
    <nd ref="-2286" />
    <nd ref="-2287" />
    <nd ref="-2288" />
    <nd ref="-2289" />
    <nd ref="-2286" />
    <tag k="building" v="garage" />
  </way>
  <way id="-1000000450" visible="true">
    <nd ref="-2290" />
    <nd ref="-2291" />
    <nd ref="-2292" />
    <nd ref="-2293" />
    <nd ref="-2290" />
    <tag k="building" v="garage" />
  </way>
  <way id="-1000000451" visible="true">
    <nd ref="-2294" />
    <nd ref="-2295" />
    <nd ref="-2296" />
    <nd ref="-2297" />
    <nd ref="-2298" />
    <nd ref="-2299" />
    <nd ref="-2300" />
    <nd ref="-2301" />
    <nd ref="-2294" />
    <tag k="building" v="house" />
  </way>
  <way id="-1000000452" visible="true">
    <nd ref="-2302" />
    <nd ref="-2303" />
    <nd ref="-2304" />
    <nd ref="-2305" />
    <nd ref="-2306" />
    <nd ref="-2302" />
    <tag k="building" v="university" />
    <tag k="ref" v="H" />
  </way>
  <way id="-1000000453" visible="true">
    <nd ref="-2307" />
    <nd ref="-2308" />
    <nd ref="-2309" />
    <nd ref="-2310" />
    <nd ref="-2307" />
    <tag k="building" v="kiosk" />
    <tag k="building:levels" v="1" />
    <tag k="check_date" v="2024-10-12" />
    <tag k="cuisine" v="kebab" />
    <tag k="disused:amenity" v="fast_food" />
  </way>
  <way id="-1000000454" visible="true">
    <nd ref="-2311" />
    <nd ref="-1936" />
    <nd ref="-1937" />
    <nd ref="-2312" />
    <nd ref="-2311" />
    <tag k="building" v="industrial" />
  </way>
  <way id="-1000000455" visible="true">
    <nd ref="-2313" />
    <nd ref="-2314" />
    <nd ref="-2315" />
    <nd ref="-2316" />
    <nd ref="-2313" />
    <tag k="addr:city" v="Ingolstadt" />
    <tag k="addr:housenumber" v="39" />
    <tag k="addr:postcode" v="85055" />
    <tag k="addr:street" v="Regensburger Straße" />
    <tag k="building" v="residential" />
  </way>
  <way id="-1000000456" visible="true">
    <nd ref="-2317" />
    <nd ref="-2318" />
    <nd ref="-2319" />
    <nd ref="-2320" />
    <nd ref="-2317" />
    <tag k="addr:city" v="Ingolstadt" />
    <tag k="addr:housenumber" v="18" />
    <tag k="addr:postcode" v="85049" />
    <tag k="addr:street" v="Am Nordbahnhof" />
    <tag k="building" v="office" />
    <tag k="building:levels" v="3" />
  </way>
  <way id="-1000000457" visible="true">
    <nd ref="-2321" />
    <nd ref="-2322" />
    <nd ref="-2323" />
    <nd ref="-2324" />
    <nd ref="-2321" />
    <tag k="addr:city" v="Ingolstadt" />
    <tag k="addr:country" v="DE" />
    <tag k="addr:housenumber" v="8a" />
    <tag k="addr:postcode" v="85055" />
    <tag k="addr:street" v="Gerhart-Hauptmann-Straße" />
    <tag k="building" v="kindergarten" />
    <tag k="name" v="Kindertagesstätte" />
  </way>
  <way id="-1000000458" visible="true">
    <nd ref="-2224" />
    <nd ref="-2225" />
    <nd ref="-2227" />
    <nd ref="-2325" />
    <nd ref="-2224" />
    <tag k="addr:city" v="Ingolstadt" />
    <tag k="addr:country" v="DE" />
    <tag k="addr:housenumber" v="7b" />
    <tag k="addr:postcode" v="85053" />
    <tag k="addr:street" v="Breslauer Straße" />
    <tag k="building" v="residential" />
  </way>
  <way id="-1000000459" visible="true">
    <nd ref="-2220" />
    <nd ref="-2221" />
    <nd ref="-2326" />
    <nd ref="-2327" />
    <nd ref="-2220" />
    <tag k="addr:city" v="Ingolstadt" />
    <tag k="addr:country" v="DE" />
    <tag k="addr:housenumber" v="5b" />
    <tag k="addr:postcode" v="85053" />
    <tag k="addr:street" v="Breslauer Straße" />
    <tag k="building" v="residential" />
  </way>
  <way id="-1000000460" visible="true">
    <nd ref="-2221" />
    <nd ref="-2328" />
    <nd ref="-2329" />
    <nd ref="-2326" />
    <nd ref="-2221" />
    <tag k="addr:city" v="Ingolstadt" />
    <tag k="addr:country" v="DE" />
    <tag k="addr:housenumber" v="5a" />
    <tag k="addr:postcode" v="85053" />
    <tag k="addr:street" v="Breslauer Straße" />
    <tag k="building" v="residential" />
  </way>
  <way id="-1000000461" visible="true">
    <nd ref="-2219" />
    <nd ref="-2213" />
    <nd ref="-2208" />
    <nd ref="-2330" />
    <nd ref="-2219" />
    <tag k="addr:city" v="Ingolstadt" />
    <tag k="addr:country" v="DE" />
    <tag k="addr:housenumber" v="6a" />
    <tag k="addr:postcode" v="85053" />
    <tag k="addr:street" v="Peisserstraße" />
    <tag k="building" v="residential" />
  </way>
  <way id="-1000000462" visible="true">
    <nd ref="-2331" />
    <nd ref="-2332" />
    <nd ref="-2333" />
    <nd ref="-2334" />
    <nd ref="-2331" />
    <tag k="addr:city" v="Ingolstadt" />
    <tag k="addr:country" v="DE" />
    <tag k="addr:housenumber" v="8a" />
    <tag k="addr:postcode" v="85053" />
    <tag k="addr:street" v="Peisserstraße" />
    <tag k="building" v="residential" />
  </way>
  <way id="-1000000463" visible="true">
    <nd ref="-2335" />
    <nd ref="-2336" />
    <nd ref="-2337" />
    <nd ref="-2338" />
    <nd ref="-2335" />
    <tag k="building" v="parking" />
    <tag k="building:levels" v="1" />
    <tag k="roof:shape" v="flat" />
  </way>
  <way id="-1000000464" visible="true">
    <nd ref="-2339" />
    <nd ref="-2340" />
    <nd ref="-2341" />
    <nd ref="-2342" />
    <nd ref="-2339" />
    <tag k="addr:city" v="Ingolstadt" />
    <tag k="addr:housenumber" v="41" />
    <tag k="addr:postcode" v="85055" />
    <tag k="addr:street" v="Regensburger Straße" />
    <tag k="building" v="residential" />
  </way>
  <way id="-1000000465" visible="true">
    <nd ref="-2343" />
    <nd ref="-2344" />
    <nd ref="-2345" />
    <nd ref="-2346" />
    <nd ref="-2343" />
    <tag k="addr:city" v="Ingolstadt" />
    <tag k="addr:housenumber" v="41a" />
    <tag k="addr:postcode" v="85055" />
    <tag k="addr:street" v="Regensburger Straße" />
    <tag k="building" v="residential" />
  </way>
  <way id="-1000000466" visible="true">
    <nd ref="-2347" />
    <nd ref="-2348" />
    <nd ref="-2349" />
    <nd ref="-2350" />
    <nd ref="-2351" />
    <nd ref="-2352" />
    <nd ref="-2353" />
    <nd ref="-2354" />
    <nd ref="-2347" />
    <tag k="building" v="apartments" />
  </way>
  <way id="-1000000467" visible="true">
    <nd ref="-2355" />
    <nd ref="-2356" />
    <nd ref="-2357" />
    <nd ref="-2358" />
    <nd ref="-2355" />
    <tag k="building" v="yes" />
  </way>
  <way id="-1000000468" visible="true">
    <nd ref="-2359" />
    <nd ref="-2360" />
    <nd ref="-2361" />
    <nd ref="-2362" />
    <nd ref="-2363" />
    <nd ref="-2364" />
    <nd ref="-2365" />
    <nd ref="-2366" />
    <nd ref="-2367" />
    <nd ref="-2368" />
    <nd ref="-2369" />
    <nd ref="-2370" />
    <nd ref="-2371" />
    <nd ref="-2372" />
    <nd ref="-2373" />
    <nd ref="-2374" />
    <nd ref="-2375" />
    <nd ref="-2376" />
    <nd ref="-2377" />
    <nd ref="-2359" />
    <tag k="abandoned:shop" v="kiosk" />
    <tag k="building" v="yes" />
    <tag k="building:levels" v="1" />
    <tag k="roof:shape" v="dome" />
  </way>
  <way id="-1000000469" visible="true">
    <nd ref="-2378" />
    <nd ref="-2379" />
    <nd ref="-2380" />
    <nd ref="-2381" />
    <nd ref="-2378" />
    <tag k="building" v="apartments" />
  </way>
  <way id="-1000000470" visible="true">
    <nd ref="-2382" />
    <nd ref="-2383" />
    <nd ref="-2384" />
    <nd ref="-2385" />
    <nd ref="-2382" />
    <tag k="building" v="apartments" />
  </way>
  <way id="-1000000471" visible="true">
    <nd ref="-2386" />
    <nd ref="-2387" />
    <nd ref="-2388" />
    <nd ref="-2389" />
    <nd ref="-2386" />
    <tag k="building" v="shed" />
  </way>
  <way id="-1000000472" visible="true">
    <nd ref="-2390" />
    <nd ref="-2391" />
    <nd ref="-2392" />
    <nd ref="-2393" />
    <nd ref="-2390" />
    <tag k="building" v="garage" />
  </way>
  <way id="-1000000473" visible="true">
    <nd ref="-2394" />
    <nd ref="-2395" />
    <nd ref="-2396" />
    <nd ref="-2397" />
    <nd ref="-2394" />
    <tag k="building" v="garage" />
  </way>
  <way id="-1000000474" visible="true">
    <nd ref="-2398" />
    <nd ref="-2399" />
    <nd ref="-2400" />
    <nd ref="-2401" />
    <nd ref="-2398" />
    <tag k="building" v="garage" />
  </way>
  <way id="-1000000475" visible="true">
    <nd ref="-2402" />
    <nd ref="-2403" />
    <nd ref="-2404" />
    <nd ref="-2405" />
    <nd ref="-2402" />
    <tag k="addr:housenumber" v="8" />
    <tag k="addr:street" v="Wredestraße" />
    <tag k="building" v="apartments" />
  </way>
  <way id="-1000000476" visible="true">
    <nd ref="-2406" />
    <nd ref="-2407" />
    <nd ref="-2408" />
    <nd ref="-2409" />
    <nd ref="-2406" />
    <tag k="building" v="garages" />
  </way>
  <way id="-1000000477" visible="true">
    <nd ref="-2410" />
    <nd ref="-2411" />
    <nd ref="-2412" />
    <nd ref="-2413" />
    <nd ref="-2410" />
    <tag k="building" v="garage" />
  </way>
  <way id="-1000000478" visible="true">
    <nd ref="-2414" />
    <nd ref="-2415" />
    <nd ref="-2416" />
    <nd ref="-2417" />
    <nd ref="-2414" />
    <tag k="building" v="garages" />
  </way>
  <way id="-1000000479" visible="true">
    <nd ref="-2418" />
    <nd ref="-2419" />
    <nd ref="-2420" />
    <nd ref="-2421" />
    <nd ref="-2418" />
    <tag k="building" v="garage" />
  </way>
  <way id="-1000000480" visible="true">
    <nd ref="-2422" />
    <nd ref="-2423" />
    <nd ref="-2424" />
    <nd ref="-2425" />
    <nd ref="-2422" />
    <tag k="building" v="detached" />
  </way>
  <way id="-1000000481" visible="true">
    <nd ref="-2426" />
    <nd ref="-2427" />
    <nd ref="-2428" />
    <nd ref="-2429" />
    <nd ref="-2426" />
    <tag k="building" v="garage" />
  </way>
  <way id="-1000000482" visible="true">
    <nd ref="-2430" />
    <nd ref="-2431" />
    <nd ref="-2432" />
    <nd ref="-2433" />
    <nd ref="-2430" />
    <tag k="building" v="yes" />
  </way>
  <way id="-1000000483" visible="true">
    <nd ref="-2434" />
    <nd ref="-2435" />
    <nd ref="-2436" />
    <nd ref="-2437" />
    <nd ref="-2434" />
    <tag k="building" v="yes" />
  </way>
  <way id="-1000000484" visible="true">
    <nd ref="-2438" />
    <nd ref="-2439" />
    <nd ref="-2440" />
    <nd ref="-2441" />
    <nd ref="-2438" />
    <tag k="building" v="shed" />
  </way>
  <way id="-1000000485" visible="true">
    <nd ref="-2442" />
    <nd ref="-2443" />
    <nd ref="-2444" />
    <nd ref="-2445" />
    <nd ref="-2442" />
    <tag k="building" v="yes" />
  </way>
  <way id="-1000000486" visible="true">
    <nd ref="-2446" />
    <nd ref="-2447" />
    <nd ref="-2448" />
    <nd ref="-2449" />
    <nd ref="-2446" />
    <tag k="building" v="garage" />
  </way>
  <way id="-1000000487" visible="true">
    <nd ref="-2450" />
    <nd ref="-2451" />
    <nd ref="-2452" />
    <nd ref="-2453" />
    <nd ref="-2450" />
    <tag k="building" v="garage" />
  </way>
  <way id="-1000000488" visible="true">
    <nd ref="-2454" />
    <nd ref="-2455" />
    <nd ref="-2456" />
    <nd ref="-2457" />
    <nd ref="-2458" />
    <nd ref="-2459" />
    <nd ref="-2454" />
    <tag k="building" v="garages" />
  </way>
  <way id="-1000000489" visible="true">
    <nd ref="-2460" />
    <nd ref="-2461" />
    <nd ref="-2462" />
    <nd ref="-2463" />
    <nd ref="-2460" />
    <tag k="building" v="garage" />
  </way>
  <way id="-1000000490" visible="true">
    <nd ref="-2464" />
    <nd ref="-2465" />
    <nd ref="-2466" />
    <nd ref="-2467" />
    <nd ref="-2464" />
    <tag k="building" v="semidetached_house" />
  </way>
  <way id="-1000000491" visible="true">
    <nd ref="-751" />
    <nd ref="-2468" />
    <nd ref="-2469" />
    <nd ref="-752" />
    <nd ref="-751" />
    <tag k="building" v="roof" />
  </way>
  <way id="-1000000492" visible="true">
    <nd ref="-2470" />
    <nd ref="-2471" />
    <nd ref="-2472" />
    <nd ref="-2473" />
    <nd ref="-2470" />
    <tag k="building" v="carport" />
  </way>
  <way id="-1000000493" visible="true">
    <nd ref="-2474" />
    <nd ref="-2475" />
    <nd ref="-2476" />
    <nd ref="-2477" />
    <nd ref="-2474" />
    <tag k="building" v="yes" />
  </way>
  <way id="-1000000494" visible="true">
    <nd ref="-2478" />
    <nd ref="-2479" />
    <nd ref="-2480" />
    <nd ref="-2481" />
    <nd ref="-2482" />
    <nd ref="-2483" />
    <nd ref="-2484" />
    <nd ref="-2485" />
    <nd ref="-2486" />
    <nd ref="-2487" />
    <nd ref="-2478" />
    <tag k="building" v="garages" />
  </way>
  <way id="-1000000495" visible="true">
    <nd ref="-2488" />
    <nd ref="-2489" />
    <nd ref="-2490" />
    <nd ref="-2491" />
    <nd ref="-2492" />
    <nd ref="-2488" />
    <tag k="building" v="yes" />
  </way>
  <way id="-1000000496" visible="true">
    <nd ref="-2493" />
    <nd ref="-2492" />
    <nd ref="-2488" />
    <nd ref="-2494" />
    <nd ref="-2495" />
    <nd ref="-2493" />
    <tag k="building" v="yes" />
  </way>
  <way id="-1000000497" visible="true">
    <nd ref="-2496" />
    <nd ref="-2497" />
    <nd ref="-2498" />
    <nd ref="-2499" />
    <nd ref="-2496" />
    <tag k="building" v="yes" />
  </way>
  <way id="-1000000498" visible="true">
    <nd ref="-2141" />
    <nd ref="-2500" />
    <nd ref="-2501" />
    <nd ref="-2142" />
    <nd ref="-2141" />
    <tag k="building" v="yes" />
  </way>
  <way id="-1000000499" visible="true">
    <nd ref="-2146" />
    <nd ref="-2502" />
    <nd ref="-2503" />
    <nd ref="-2145" />
    <nd ref="-2146" />
    <tag k="building" v="yes" />
  </way>
  <way id="-1000000500" visible="true">
    <nd ref="-2504" />
    <nd ref="-2505" />
    <nd ref="-2506" />
    <nd ref="-2507" />
    <nd ref="-2508" />
    <nd ref="-2504" />
    <tag k="building" v="yes" />
  </way>
  <way id="-1000000501" visible="true">
    <nd ref="-2509" />
    <nd ref="-2505" />
    <nd ref="-2506" />
    <nd ref="-2510" />
    <nd ref="-2511" />
    <nd ref="-2509" />
    <tag k="building" v="yes" />
  </way>
  <way id="-1000000502" visible="true">
    <nd ref="-739" />
    <nd ref="-2512" />
    <nd ref="-2513" />
    <nd ref="-2514" />
    <nd ref="-737" />
    <nd ref="-738" />
    <nd ref="-739" />
    <tag k="building" v="yes" />
  </way>
  <way id="-1000000503" visible="true">
    <nd ref="-2127" />
    <nd ref="-2515" />
    <nd ref="-2516" />
    <nd ref="-2517" />
    <nd ref="-2128" />
    <nd ref="-2127" />
    <tag k="building" v="garage" />
  </way>
  <way id="-1000000504" visible="true">
    <nd ref="-2518" />
    <nd ref="-2519" />
    <nd ref="-2520" />
    <nd ref="-2521" />
    <nd ref="-2518" />
    <tag k="building" v="garage" />
  </way>
  <way id="-1000000505" visible="true">
    <nd ref="-2522" />
    <nd ref="-2523" />
    <nd ref="-2524" />
    <nd ref="-2525" />
    <nd ref="-2526" />
    <nd ref="-2527" />
    <nd ref="-2522" />
    <tag k="building" v="garage" />
  </way>
  <way id="-1000000506" visible="true">
    <nd ref="-2528" />
    <nd ref="-2529" />
    <nd ref="-2530" />
    <nd ref="-2531" />
    <nd ref="-2528" />
    <tag k="building" v="garage" />
  </way>
  <way id="-1000000507" visible="true">
    <nd ref="-2532" />
    <nd ref="-2533" />
    <nd ref="-2534" />
    <nd ref="-2535" />
    <nd ref="-2532" />
    <tag k="building" v="yes" />
  </way>
  <way id="-1000000508" visible="true">
    <nd ref="-2536" />
    <nd ref="-2537" />
    <nd ref="-2538" />
    <nd ref="-2539" />
    <nd ref="-2536" />
    <tag k="building" v="yes" />
  </way>
  <way id="-1000000509" visible="true">
    <nd ref="-2540" />
    <nd ref="-2541" />
    <nd ref="-2542" />
    <nd ref="-2543" />
    <nd ref="-2540" />
    <tag k="building" v="apartments" />
  </way>
  <way id="-1000000510" visible="true">
    <nd ref="-2544" />
    <nd ref="-2545" />
    <nd ref="-2546" />
    <nd ref="-2547" />
    <nd ref="-2544" />
    <tag k="building" v="yes" />
  </way>
  <way id="-1000000511" visible="true">
    <nd ref="-2548" />
    <nd ref="-2549" />
    <nd ref="-2550" />
    <nd ref="-2551" />
    <nd ref="-2548" />
    <tag k="building" v="yes" />
  </way>
  <way id="-1000000512" visible="true">
    <nd ref="-2552" />
    <nd ref="-2553" />
    <nd ref="-2554" />
    <nd ref="-2555" />
    <nd ref="-2552" />
    <tag k="building" v="yes" />
  </way>
  <way id="-1000000513" visible="true">
    <nd ref="-2556" />
    <nd ref="-2557" />
    <nd ref="-2558" />
    <nd ref="-2559" />
    <nd ref="-2556" />
    <tag k="building" v="yes" />
  </way>
  <way id="-1000000514" visible="true">
    <nd ref="-2560" />
    <nd ref="-2561" />
    <nd ref="-2562" />
    <nd ref="-2563" />
    <nd ref="-2560" />
    <tag k="building" v="garage" />
  </way>
  <way id="-1000000515" visible="true">
    <nd ref="-2564" />
    <nd ref="-2565" />
    <nd ref="-2563" />
    <nd ref="-2566" />
    <nd ref="-2564" />
    <tag k="building" v="garage" />
  </way>
  <way id="-1000000516" visible="true">
    <nd ref="-2567" />
    <nd ref="-2568" />
    <nd ref="-2569" />
    <nd ref="-2570" />
    <nd ref="-2567" />
    <tag k="building" v="garage" />
  </way>
  <way id="-1000000517" visible="true">
    <nd ref="-2571" />
    <nd ref="-2572" />
    <nd ref="-2573" />
    <nd ref="-2574" />
    <nd ref="-2571" />
    <tag k="building" v="detached" />
  </way>
  <way id="-1000000518" visible="true">
    <nd ref="-2575" />
    <nd ref="-2576" />
    <nd ref="-2577" />
    <nd ref="-2578" />
    <nd ref="-2575" />
    <tag k="building" v="apartments" />
  </way>
  <way id="-1000000519" visible="true">
    <nd ref="-2579" />
    <nd ref="-2580" />
    <nd ref="-2581" />
    <nd ref="-2582" />
    <nd ref="-2579" />
    <tag k="building" v="apartments" />
  </way>
  <way id="-1000000520" visible="true">
    <nd ref="-2583" />
    <nd ref="-2584" />
    <nd ref="-2585" />
    <nd ref="-2586" />
    <nd ref="-2583" />
    <tag k="building" v="apartments" />
  </way>
  <way id="-1000000521" visible="true">
    <nd ref="-2587" />
    <nd ref="-2588" />
    <nd ref="-2589" />
    <nd ref="-2590" />
    <nd ref="-2587" />
    <tag k="building" v="apartments" />
  </way>
  <way id="-1000000522" visible="true">
    <nd ref="-795" />
    <nd ref="-2591" />
    <nd ref="-2592" />
    <nd ref="-2593" />
    <nd ref="-2594" />
    <nd ref="-796" />
    <nd ref="-795" />
    <tag k="building" v="garage" />
  </way>
  <way id="-1000000523" visible="true">
    <nd ref="-2595" />
    <nd ref="-2596" />
    <nd ref="-2597" />
    <nd ref="-2598" />
    <nd ref="-2595" />
    <tag k="addr:city" v="Ingolstadt" />
    <tag k="addr:country" v="DE" />
    <tag k="addr:housenumber" v="8" />
    <tag k="addr:postcode" v="85055" />
    <tag k="addr:street" v="Gerhart-Hauptmann-Straße" />
    <tag k="building" v="kindergarten" />
    <tag k="name" v="Kindertagesstätte" />
  </way>
  <way id="-1000000524" visible="true">
    <nd ref="-2599" />
    <nd ref="-2600" />
    <nd ref="-2601" />
    <nd ref="-2602" />
    <nd ref="-2599" />
    <tag k="building" v="service" />
    <tag k="operator" v="Stadtwerke Ingolstadt" />
    <tag k="operator:wikidata" v="Q2328520" />
    <tag k="power" v="substation" />
    <tag k="substation" v="distribution" />
  </way>
  <way id="-1000000525" visible="true">
    <nd ref="-2603" />
    <nd ref="-2604" />
    <nd ref="-2605" />
    <nd ref="-2606" />
    <nd ref="-2603" />
    <tag k="addr:city" v="Ingolstadt" />
    <tag k="addr:country" v="DE" />
    <tag k="addr:housenumber" v="21a" />
    <tag k="addr:postcode" v="85055" />
    <tag k="addr:street" v="Regensburger Straße" />
    <tag k="building" v="yes" />
  </way>
  <way id="-1000000526" visible="true">
    <nd ref="-2607" />
    <nd ref="-2608" />
    <nd ref="-2609" />
    <nd ref="-2610" />
    <nd ref="-2607" />
    <tag k="building" v="university" />
    <tag k="building:levels" v="3" />
    <tag k="layer" v="1" />
    <tag k="ref" v="J" />
  </way>
  <way id="-1000000527" visible="true">
    <nd ref="-2611" />
    <nd ref="-2612" />
    <nd ref="-2613" />
    <nd ref="-2614" />
    <nd ref="-2615" />
    <nd ref="-2616" />
    <nd ref="-2611" />
    <tag k="building" v="university" />
    <tag k="building:levels" v="4" />
    <tag k="ref" v="K" />
  </way>
  <way id="-1000000528" visible="true">
    <nd ref="-2617" />
    <nd ref="-2618" />
    <nd ref="-2615" />
    <nd ref="-2614" />
    <nd ref="-2619" />
    <nd ref="-2617" />
    <tag k="building" v="university" />
    <tag k="building:levels" v="8" />
    <tag k="name" v="Digitales Gründerzentrum" />
  </way>
  <way id="-1000000529" visible="true">
    <nd ref="-2620" />
    <nd ref="-2621" />
    <nd ref="-2622" />
    <nd ref="-2623" />
    <nd ref="-2624" />
    <nd ref="-2625" />
    <nd ref="-2620" />
    <tag k="building" v="yes" />
    <tag k="building:levels" v="12" />
  </way>
  <way id="-1000000530" visible="true">
    <nd ref="-2626" />
    <nd ref="-2627" />
    <nd ref="-2628" />
    <nd ref="-2629" />
    <nd ref="-2630" />
    <nd ref="-2631" />
    <nd ref="-2626" />
    <tag k="building" v="yes" />
    <tag k="building:levels" v="6" />
  </way>
  <way id="-1000000531" visible="true">
    <nd ref="-2632" />
    <nd ref="-2633" />
    <nd ref="-2634" />
    <nd ref="-2635" />
    <nd ref="-2636" />
    <nd ref="-2637" />
    <nd ref="-2632" />
    <tag k="building" v="yes" />
    <tag k="building:levels" v="19" />
  </way>
  <way id="-1000000532" visible="true">
    <nd ref="-2638" />
    <nd ref="-2639" />
    <nd ref="-2640" />
    <nd ref="-2641" />
    <nd ref="-2642" />
    <nd ref="-2643" />
    <nd ref="-2638" />
    <tag k="building" v="yes" />
  </way>
  <way id="-1000000533" visible="true">
    <nd ref="-975" />
    <nd ref="-2644" />
    <nd ref="-2645" />
    <nd ref="-977" />
    <nd ref="-976" />
    <nd ref="-975" />
    <tag k="building" v="yes" />
  </way>
  <way id="-1000000534" visible="true">
    <nd ref="-2645" />
    <nd ref="-2646" />
    <nd ref="-2647" />
    <nd ref="-2648" />
    <nd ref="-2649" />
    <nd ref="-978" />
    <nd ref="-977" />
    <nd ref="-2645" />
    <tag k="building" v="retail" />
  </way>
  <way id="-1000000535" visible="true">
    <nd ref="-2650" />
    <nd ref="-2651" />
    <nd ref="-2652" />
    <nd ref="-2653" />
    <nd ref="-2654" />
    <nd ref="-2655" />
    <nd ref="-2650" />
    <tag k="building" v="roof" />
    <tag k="layer" v="1" />
  </way>
  <way id="-1000000536" visible="true">
    <nd ref="-2648" />
    <nd ref="-2654" />
    <nd ref="-2655" />
    <nd ref="-2647" />
    <nd ref="-2648" />
    <tag k="building" v="roof" />
    <tag k="layer" v="1" />
  </way>
  <way id="-1000000537" visible="true">
    <nd ref="-2656" />
    <nd ref="-2657" />
    <nd ref="-2658" />
    <nd ref="-2659" />
    <nd ref="-2656" />
    <tag k="addr:city" v="Ingolstadt" />
    <tag k="addr:housenumber" v="37a" />
    <tag k="addr:postcode" v="85055" />
    <tag k="addr:street" v="Regensburger Straße" />
    <tag k="building" v="yes" />
  </way>
  <way id="-1000000538" visible="true">
    <nd ref="-2660" />
    <nd ref="-2661" />
    <nd ref="-2639" />
    <nd ref="-2638" />
    <nd ref="-2660" />
    <tag k="building" v="yes" />
  </way>
  <way id="-1000000539" visible="true">
    <nd ref="-2634" />
    <nd ref="-2642" />
    <nd ref="-2643" />
    <nd ref="-2635" />
    <nd ref="-2634" />
    <tag k="building" v="yes" />
  </way>
  <way id="-1000000540" visible="true">
    <nd ref="-2636" />
    <nd ref="-2628" />
    <nd ref="-2627" />
    <nd ref="-2637" />
    <nd ref="-2636" />
    <tag k="building" v="yes" />
  </way>
  <way id="-1000000541" visible="true">
    <nd ref="-2620" />
    <nd ref="-2631" />
    <nd ref="-2630" />
    <nd ref="-2625" />
    <nd ref="-2620" />
    <tag k="building" v="yes" />
  </way>
  <way id="-1000000542" visible="true">
    <nd ref="-231" />
    <nd ref="-230" />
    <nd ref="-2662" />
    <nd ref="-2663" />
    <nd ref="-2664" />
    <nd ref="-231" />
    <tag k="building" v="apartments" />
    <tag k="noaddress" v="yes" />
    <tag k="roof:shape" v="gabled" />
  </way>
  <way id="-1000000543" visible="true">
    <nd ref="-2663" />
    <nd ref="-2662" />
    <nd ref="-2665" />
    <nd ref="-2666" />
    <nd ref="-2663" />
    <tag k="building" v="apartments" />
    <tag k="noaddress" v="yes" />
    <tag k="roof:shape" v="side_hipped" />
  </way>
  <way id="-1000000544" visible="true">
    <nd ref="-1908" />
    <nd ref="-2667" />
    <nd ref="-2668" />
    <nd ref="-1909" />
    <nd ref="-1908" />
    <tag k="building" v="yes" />
  </way>
  <way id="-1000000545" visible="true">
    <nd ref="-121" />
    <nd ref="-120" />
    <nd ref="-2669" />
    <nd ref="-125" />
    <nd ref="-121" />
    <tag k="building" v="yes" />
  </way>
  <way id="-1000000546" visible="true">
    <nd ref="-2670" />
    <nd ref="-2671" />
    <nd ref="-113" />
    <nd ref="-117" />
    <nd ref="-2670" />
    <tag k="building" v="yes" />
  </way>
  <way id="-1000000547" visible="true">
    <nd ref="-2672" />
    <nd ref="-2673" />
    <nd ref="-2674" />
    <nd ref="-2675" />
    <nd ref="-2672" />
    <tag k="building" v="yes" />
  </way>
  <way id="-1000000548" visible="true">
    <nd ref="-1916" />
    <nd ref="-2676" />
    <nd ref="-2677" />
    <nd ref="-1917" />
    <nd ref="-1916" />
    <tag k="building" v="semidetached_house" />
  </way>
  <way id="-1000000549" visible="true">
    <nd ref="-141" />
    <nd ref="-148" />
    <nd ref="-147" />
    <nd ref="-142" />
    <nd ref="-141" />
    <tag k="building" v="yes" />
  </way>
  <way id="-1000000550" visible="true">
    <nd ref="-155" />
    <nd ref="-2678" />
    <nd ref="-2679" />
    <nd ref="-149" />
    <nd ref="-155" />
    <tag k="building" v="yes" />
  </way>
  <way id="-1000000551" visible="true">
    <nd ref="-2680" />
    <nd ref="-2681" />
    <nd ref="-2682" />
    <nd ref="-2683" />
    <nd ref="-2684" />
    <nd ref="-2680" />
    <tag k="building" v="yes" />
    <tag k="building:levels" v="2" />
    <tag k="roof:levels" v="0.5" />
    <tag k="roof:shape" v="hipped" />
  </way>
  <way id="-1000000552" visible="true">
    <nd ref="-2685" />
    <nd ref="-2686" />
    <nd ref="-2687" />
    <nd ref="-2688" />
    <nd ref="-2689" />
    <nd ref="-2685" />
    <tag k="building" v="yes" />
  </way>
  <way id="-1000000553" visible="true">
    <nd ref="-2690" />
    <nd ref="-2685" />
    <nd ref="-2689" />
    <nd ref="-2691" />
    <nd ref="-2690" />
    <tag k="building" v="yes" />
  </way>
  <way id="-1000000554" visible="true">
    <nd ref="-864" />
    <nd ref="-2690" />
    <nd ref="-2691" />
    <nd ref="-865" />
    <nd ref="-864" />
    <tag k="building" v="yes" />
  </way>
  <way id="-1000000555" visible="true">
    <nd ref="-2692" />
    <nd ref="-2687" />
    <nd ref="-2686" />
    <nd ref="-2693" />
    <nd ref="-2694" />
    <nd ref="-2692" />
    <tag k="building" v="garages" />
  </way>
  <way id="-1000000556" visible="true">
    <nd ref="-2695" />
    <nd ref="-2696" />
    <nd ref="-2697" />
    <nd ref="-2698" />
    <nd ref="-2695" />
    <tag k="building" v="garages" />
  </way>
  <way id="-1000000557" visible="true">
    <nd ref="-2699" />
    <nd ref="-2700" />
    <nd ref="-2701" />
    <nd ref="-2702" />
    <nd ref="-2699" />
    <tag k="building" v="yes" />
  </way>
  <way id="-1000000558" visible="true">
    <nd ref="-329" />
    <nd ref="-2703" />
    <nd ref="-2704" />
    <nd ref="-326" />
    <nd ref="-329" />
    <tag k="building" v="yes" />
  </way>
  <way id="-1000000559" visible="true">
    <nd ref="-1986" />
    <nd ref="-1985" />
    <nd ref="-2705" />
    <nd ref="-2706" />
    <nd ref="-2707" />
    <nd ref="-2708" />
    <nd ref="-2709" />
    <nd ref="-1986" />
    <tag k="building" v="yes" />
  </way>
  <way id="-1000000560" visible="true">
    <nd ref="-2710" />
    <nd ref="-2711" />
    <nd ref="-2708" />
    <nd ref="-2707" />
    <nd ref="-2706" />
    <nd ref="-2712" />
    <nd ref="-2710" />
    <tag k="building" v="yes" />
  </way>
  <way id="-1000000561" visible="true">
    <nd ref="-2713" />
    <nd ref="-2714" />
    <nd ref="-2715" />
    <nd ref="-2716" />
    <nd ref="-2713" />
    <tag k="building" v="construction" />
  </way>
  <way id="-1000000562" visible="true">
    <nd ref="-1110" />
    <nd ref="-2717" />
    <nd ref="-2718" />
    <nd ref="-2719" />
    <nd ref="-1111" />
    <nd ref="-1110" />
    <tag k="building" v="garage" />
  </way>
  <way id="-1000000563" visible="true">
    <nd ref="-1102" />
    <nd ref="-2720" />
    <nd ref="-2721" />
    <nd ref="-1103" />
    <nd ref="-1102" />
    <tag k="addr:city" v="Ingolstadt" />
    <tag k="addr:country" v="DE" />
    <tag k="addr:housenumber" v="22" />
    <tag k="addr:postcode" v="85055" />
    <tag k="addr:street" v="Unterer Taubentalweg" />
    <tag k="building" v="residential" />
  </way>
  <way id="-1000000564" visible="true">
    <nd ref="-2722" />
    <nd ref="-2723" />
    <nd ref="-2724" />
    <nd ref="-2725" />
    <nd ref="-2722" />
    <tag k="building" v="garage" />
  </way>
  <way id="-1000000565" visible="true">
    <nd ref="-2726" />
    <nd ref="-2727" />
    <nd ref="-2728" />
    <nd ref="-2729" />
    <nd ref="-2726" />
    <tag k="building" v="garage" />
  </way>
  <way id="-1000000566" visible="true">
    <nd ref="-2730" />
    <nd ref="-2731" />
    <nd ref="-2732" />
    <nd ref="-2733" />
    <nd ref="-2730" />
    <tag k="building" v="garage" />
  </way>
  <way id="-1000000567" visible="true">
    <nd ref="-2734" />
    <nd ref="-2730" />
    <nd ref="-2733" />
    <nd ref="-2735" />
    <nd ref="-2734" />
    <tag k="building" v="garage" />
  </way>
  <way id="-1000000568" visible="true">
    <nd ref="-2736" />
    <nd ref="-2734" />
    <nd ref="-2735" />
    <nd ref="-2737" />
    <nd ref="-2736" />
    <tag k="building" v="garage" />
  </way>
  <way id="-1000000569" visible="true">
    <nd ref="-2075" />
    <nd ref="-2074" />
    <nd ref="-2738" />
    <nd ref="-2739" />
    <nd ref="-2075" />
    <tag k="building" v="garage" />
  </way>
  <way id="-1000000570" visible="true">
    <nd ref="-2740" />
    <nd ref="-2741" />
    <nd ref="-2742" />
    <nd ref="-2743" />
    <nd ref="-2740" />
    <tag k="building" v="university" />
    <tag k="ref" v="W" />
  </way>
  <way id="-1000000571" visible="true">
    <nd ref="-2744" />
    <nd ref="-2745" />
    <nd ref="-2746" />
    <nd ref="-2747" />
    <nd ref="-2744" />
    <tag k="building" v="university" />
    <tag k="ref" v="L" />
  </way>
  <way id="-1000000572" visible="true">
    <nd ref="-2748" />
    <nd ref="-2749" />
    <nd ref="-2750" />
    <nd ref="-2751" />
    <nd ref="-2752" />
    <nd ref="-2748" />
  </way>
  <way id="-1000000573" visible="true">
    <nd ref="-2753" />
    <nd ref="-2754" />
    <nd ref="-2755" />
    <nd ref="-2756" />
    <nd ref="-2757" />
    <nd ref="-2758" />
    <nd ref="-2759" />
    <nd ref="-2760" />
    <nd ref="-2761" />
    <nd ref="-2762" />
    <nd ref="-2763" />
    <nd ref="-2764" />
    <nd ref="-2765" />
    <nd ref="-2766" />
    <nd ref="-2767" />
    <nd ref="-2768" />
    <nd ref="-2769" />
    <nd ref="-2770" />
    <nd ref="-2771" />
    <nd ref="-2772" />
    <nd ref="-2773" />
    <nd ref="-2753" />
  </way>
  <relation id="-1001000000" visible="true">
    <member type="way" ref="-1000000572" role="outer" />
    <member type="way" ref="-1000000573" role="inner" />
    <tag k="type" v="multipolygon" />
    <tag k="building" v="university" />
    <tag k="building:levels" v="4" />
    <tag k="ref" v="G" />
  </relation>
</osm>