<?xml version='1.0' encoding='UTF-8'?>
<osm version="0.6" generator="tile_fbx_generator.py">
  <node id="-1" lat="48.7731293" lon="11.4440390" visible="true" />
  <node id="-2" lat="48.7728169" lon="11.4441695" visible="true" />
  <node id="-3" lat="48.7728699" lon="11.4444391" visible="true" />
  <node id="-4" lat="48.7729148" lon="11.4444184" visible="true" />
  <node id="-5" lat="48.7730287" lon="11.4450157" visible="true" />
  <node id="-6" lat="48.7731782" lon="11.4449472" visible="true" />
  <node id="-7" lat="48.7731914" lon="11.4450244" visible="true" />
  <node id="-8" lat="48.7733021" lon="11.4449702" visible="true" />
  <node id="-9" lat="48.7725662" lon="11.4360257" visible="true" />
  <node id="-10" lat="48.7726542" lon="11.4360099" visible="true" />
  <node id="-11" lat="48.7726103" lon="11.4354465" visible="true" />
  <node id="-12" lat="48.7725222" lon="11.4354623" visible="true" />
  <node id="-13" lat="48.7724505" lon="11.4371157" visible="true" />
  <node id="-14" lat="48.7724661" lon="11.4373103" visible="true" />
  <node id="-15" lat="48.7727027" lon="11.4372666" visible="true" />
  <node id="-16" lat="48.7726963" lon="11.4371880" visible="true" />
  <node id="-17" lat="48.7727485" lon="11.4371783" visible="true" />
  <node id="-18" lat="48.7726898" lon="11.4364467" visible="true" />
  <node id="-19" lat="48.7725628" lon="11.4364702" visible="true" />
  <node id="-20" lat="48.7726123" lon="11.4370858" visible="true" />
  <node id="-21" lat="48.7722101" lon="11.4377576" visible="true" />
  <node id="-22" lat="48.7721951" lon="11.4375829" visible="true" />
  <node id="-23" lat="48.7718836" lon="11.4376447" visible="true" />
  <node id="-24" lat="48.7718987" lon="11.4378195" visible="true" />
  <node id="-25" lat="48.7722961" lon="11.4363667" visible="true" />
  <node id="-26" lat="48.7722861" lon="11.4362189" visible="true" />
  <node id="-27" lat="48.7718122" lon="11.4362929" visible="true" />
  <node id="-28" lat="48.7718222" lon="11.4364407" visible="true" />
  <node id="-29" lat="48.7721944" lon="11.4360894" visible="true" />
  <node id="-30" lat="48.7721511" lon="11.4354768" visible="true" />
  <node id="-31" lat="48.7720527" lon="11.4354927" visible="true" />
  <node id="-32" lat="48.7720959" lon="11.4361053" visible="true" />
  <node id="-33" lat="48.7743315" lon="11.4349701" visible="true" />
  <node id="-34" lat="48.7743036" lon="11.4351069" visible="true" />
  <node id="-35" lat="48.7739148" lon="11.4349247" visible="true" />
  <node id="-36" lat="48.7739426" lon="11.4347879" visible="true" />
  <node id="-37" lat="48.7719217" lon="11.4467747" visible="true" />
  <node id="-38" lat="48.7719219" lon="11.4469030" visible="true" />
  <node id="-39" lat="48.7718394" lon="11.4469033" visible="true" />
  <node id="-40" lat="48.7718392" lon="11.4467750" visible="true" />
  <node id="-41" lat="48.7718827" lon="11.4464424" visible="true" />
  <node id="-42" lat="48.7717394" lon="11.4463818" visible="true" />
  <node id="-43" lat="48.7717641" lon="11.4462474" visible="true" />
  <node id="-44" lat="48.7719525" lon="11.4463271" visible="true" />
  <node id="-45" lat="48.7719278" lon="11.4464615" visible="true" />
  <node id="-46" lat="48.7719240" lon="11.4464599" visible="true" />
  <node id="-47" lat="48.7719228" lon="11.4466081" visible="true" />
  <node id="-48" lat="48.7718814" lon="11.4466074" visible="true" />
  <node id="-49" lat="48.7716499" lon="11.4468277" visible="true" />
  <node id="-50" lat="48.7716440" lon="11.4469922" visible="true" />
  <node id="-51" lat="48.7715371" lon="11.4469834" visible="true" />
  <node id="-52" lat="48.7715430" lon="11.4468189" visible="true" />
  <node id="-53" lat="48.7723843" lon="11.4465109" visible="true" />
  <node id="-54" lat="48.7723605" lon="11.4466514" visible="true" />
  <node id="-55" lat="48.7721661" lon="11.4465754" visible="true" />
  <node id="-56" lat="48.7721784" lon="11.4465029" visible="true" />
  <node id="-57" lat="48.7721621" lon="11.4464972" visible="true" />
  <node id="-58" lat="48.7721748" lon="11.4464292" visible="true" />
  <node id="-59" lat="48.7721805" lon="11.4464314" visible="true" />
  <node id="-60" lat="48.7721882" lon="11.4464343" visible="true" />
  <node id="-61" lat="48.7722293" lon="11.4464503" visible="true" />
  <node id="-62" lat="48.7725199" lon="11.4465675" visible="true" />
  <node id="-63" lat="48.7724913" lon="11.4467397" visible="true" />
  <node id="-64" lat="48.7724490" lon="11.4467222" visible="true" />
  <node id="-65" lat="48.7724776" lon="11.4465501" visible="true" />
  <node id="-66" lat="48.7725790" lon="11.4468381" visible="true" />
  <node id="-67" lat="48.7725807" lon="11.4470005" visible="true" />
  <node id="-68" lat="48.7724977" lon="11.4470016" visible="true" />
  <node id="-69" lat="48.7724971" lon="11.4469490" visible="true" />
  <node id="-70" lat="48.7724535" lon="11.4469501" visible="true" />
  <node id="-71" lat="48.7724523" lon="11.4468413" visible="true" />
  <node id="-72" lat="48.7724788" lon="11.4468407" visible="true" />
  <node id="-73" lat="48.7725099" lon="11.4468399" visible="true" />
  <node id="-74" lat="48.7725612" lon="11.4468385" visible="true" />
  <node id="-75" lat="48.7725937" lon="11.4473669" visible="true" />
  <node id="-76" lat="48.7725947" lon="11.4474408" visible="true" />
  <node id="-77" lat="48.7724696" lon="11.4474452" visible="true" />
  <node id="-78" lat="48.7724682" lon="11.4473694" visible="true" />
  <node id="-79" lat="48.7724798" lon="11.4473686" visible="true" />
  <node id="-80" lat="48.7711051" lon="11.4423562" visible="true" />
  <node id="-81" lat="48.7711216" lon="11.4426104" visible="true" />
  <node id="-82" lat="48.7710080" lon="11.4426274" visible="true" />
  <node id="-83" lat="48.7709914" lon="11.4423732" visible="true" />
  <node id="-84" lat="48.7711685" lon="11.4422779" visible="true" />
  <node id="-85" lat="48.7712733" lon="11.4422608" visible="true" />
  <node id="-86" lat="48.7712908" lon="11.4425062" visible="true" />
  <node id="-87" lat="48.7712416" lon="11.4425142" visible="true" />
  <node id="-88" lat="48.7712474" lon="11.4425958" visible="true" />
  <node id="-89" lat="48.7711919" lon="11.4426049" visible="true" />
  <node id="-90" lat="48.7717530" lon="11.4421202" visible="true" />
  <node id="-91" lat="48.7717863" lon="11.4422631" visible="true" />
  <node id="-92" lat="48.7714364" lon="11.4424495" visible="true" />
  <node id="-93" lat="48.7714032" lon="11.4423067" visible="true" />
  <node id="-94" lat="48.7715199" lon="11.4425955" visible="true" />
  <node id="-95" lat="48.7715470" lon="11.4427667" visible="true" />
  <node id="-96" lat="48.7714812" lon="11.4427905" visible="true" />
  <node id="-97" lat="48.7714847" lon="11.4428125" visible="true" />
  <node id="-98" lat="48.7713867" lon="11.4428480" visible="true" />
  <node id="-99" lat="48.7713630" lon="11.4426978" visible="true" />
  <node id="-100" lat="48.7713888" lon="11.4426884" visible="true" />
  <node id="-101" lat="48.7713820" lon="11.4426454" visible="true" />
  <node id="-102" lat="48.7713017" lon="11.4427673" visible="true" />
  <node id="-103" lat="48.7713207" lon="11.4428951" visible="true" />
  <node id="-104" lat="48.7712455" lon="11.4429206" visible="true" />
  <node id="-105" lat="48.7712266" lon="11.4427928" visible="true" />
  <node id="-106" lat="48.7718895" lon="11.4422437" visible="true" />
  <node id="-107" lat="48.7719858" lon="11.4421891" visible="true" />
  <node id="-108" lat="48.7720673" lon="11.4425184" visible="true" />
  <node id="-109" lat="48.7719711" lon="11.4425729" visible="true" />
  <node id="-110" lat="48.7718108" lon="11.4424162" visible="true" />
  <node id="-111" lat="48.7719297" lon="11.4428852" visible="true" />
  <node id="-112" lat="48.7717453" lon="11.4429922" visible="true" />
  <node id="-113" lat="48.7716537" lon="11.4424998" visible="true" />
  <node id="-114" lat="48.7722408" lon="11.4421775" visible="true" />
  <node id="-115" lat="48.7723334" lon="11.4421284" visible="true" />
  <node id="-116" lat="48.7723893" lon="11.4423699" visible="true" />
  <node id="-117" lat="48.7722967" lon="11.4424190" visible="true" />
  <node id="-118" lat="48.7721077" lon="11.4421992" visible="true" />
  <node id="-119" lat="48.7721585" lon="11.4421701" visible="true" />
  <node id="-120" lat="48.7722278" lon="11.4424467" visible="true" />
  <node id="-121" lat="48.7721745" lon="11.4424772" visible="true" />
  <node id="-122" lat="48.7721247" lon="11.4422783" visible="true" />
  <node id="-123" lat="48.7720796" lon="11.4423041" visible="true" />
  <node id="-124" lat="48.7720438" lon="11.4421609" visible="true" />
  <node id="-125" lat="48.7720913" lon="11.4421337" visible="true" />
  <node id="-126" lat="48.7719694" lon="11.4419657" visible="true" />
  <node id="-127" lat="48.7719947" lon="11.4420678" visible="true" />
  <node id="-128" lat="48.7718261" lon="11.4421631" visible="true" />
  <node id="-129" lat="48.7718009" lon="11.4420610" visible="true" />
  <node id="-130" lat="48.7710902" lon="11.4411592" visible="true" />
  <node id="-131" lat="48.7711372" lon="11.4415002" visible="true" />
  <node id="-132" lat="48.7712101" lon="11.4414772" visible="true" />
  <node id="-133" lat="48.7712041" lon="11.4414333" visible="true" />
  <node id="-134" lat="48.7712260" lon="11.4414263" visible="true" />
  <node id="-135" lat="48.7712170" lon="11.4413610" visible="true" />
  <node id="-136" lat="48.7712581" lon="11.4413480" visible="true" />
  <node id="-137" lat="48.7712402" lon="11.4412181" visible="true" />
  <node id="-138" lat="48.7711974" lon="11.4412316" visible="true" />
  <node id="-139" lat="48.7711890" lon="11.4411708" visible="true" />
  <node id="-140" lat="48.7711635" lon="11.4411789" visible="true" />
  <node id="-141" lat="48.7711579" lon="11.4411379" visible="true" />
  <node id="-142" lat="48.7719070" lon="11.4417181" visible="true" />
  <node id="-143" lat="48.7719211" lon="11.4416872" visible="true" />
  <node id="-144" lat="48.7719113" lon="11.4416480" visible="true" />
  <node id="-145" lat="48.7719456" lon="11.4416335" visible="true" />
  <node id="-146" lat="48.7719633" lon="11.4415947" visible="true" />
  <node id="-147" lat="48.7720509" lon="11.4416861" visible="true" />
  <node id="-148" lat="48.7720301" lon="11.4417335" visible="true" />
  <node id="-149" lat="48.7720435" lon="11.4417810" visible="true" />
  <node id="-150" lat="48.7719946" lon="11.4418095" visible="true" />
  <node id="-151" lat="48.7716934" lon="11.4419694" visible="true" />
  <node id="-152" lat="48.7716690" lon="11.4418682" visible="true" />
  <node id="-153" lat="48.7716857" lon="11.4418603" visible="true" />
  <node id="-154" lat="48.7716785" lon="11.4418412" visible="true" />
  <node id="-155" lat="48.7717351" lon="11.4417798" visible="true" />
  <node id="-156" lat="48.7717459" lon="11.4418004" visible="true" />
  <node id="-157" lat="48.7716794" lon="11.4416547" visible="true" />
  <node id="-158" lat="48.7716139" lon="11.4417157" visible="true" />
  <node id="-159" lat="48.7715774" lon="11.4416261" visible="true" />
  <node id="-160" lat="48.7716430" lon="11.4415650" visible="true" />
  <node id="-161" lat="48.7713872" lon="11.4415536" visible="true" />
  <node id="-162" lat="48.7713663" lon="11.4416063" visible="true" />
  <node id="-163" lat="48.7713451" lon="11.4416594" visible="true" />
  <node id="-164" lat="48.7713318" lon="11.4416472" visible="true" />
  <node id="-165" lat="48.7713225" lon="11.4416708" visible="true" />
  <node id="-166" lat="48.7712531" lon="11.4416073" visible="true" />
  <node id="-167" lat="48.7713783" lon="11.4412925" visible="true" />
  <node id="-168" lat="48.7713581" lon="11.4412740" visible="true" />
  <node id="-169" lat="48.7714288" lon="11.4410960" visible="true" />
  <node id="-170" lat="48.7715688" lon="11.4412242" visible="true" />
  <node id="-171" lat="48.7714981" lon="11.4414021" visible="true" />
  <node id="-172" lat="48.7714706" lon="11.4413770" visible="true" />
  <node id="-173" lat="48.7714570" lon="11.4414111" visible="true" />
  <node id="-174" lat="48.7714828" lon="11.4414347" visible="true" />
  <node id="-175" lat="48.7714226" lon="11.4415861" visible="true" />
  <node id="-176" lat="48.7711842" lon="11.4418034" visible="true" />
  <node id="-177" lat="48.7711908" lon="11.4418578" visible="true" />
  <node id="-178" lat="48.7712240" lon="11.4418485" visible="true" />
  <node id="-179" lat="48.7712414" lon="11.4419908" visible="true" />
  <node id="-180" lat="48.7711235" lon="11.4420238" visible="true" />
  <node id="-181" lat="48.7710995" lon="11.4418271" visible="true" />
  <node id="-182" lat="48.7714452" lon="11.4418961" visible="true" />
  <node id="-183" lat="48.7713812" lon="11.4417799" visible="true" />
  <node id="-184" lat="48.7714226" lon="11.4417277" visible="true" />
  <node id="-185" lat="48.7714361" lon="11.4417524" visible="true" />
  <node id="-186" lat="48.7714710" lon="11.4417084" visible="true" />
  <node id="-187" lat="48.7714859" lon="11.4417354" visible="true" />
  <node id="-188" lat="48.7715224" lon="11.4416894" visible="true" />
  <node id="-189" lat="48.7715819" lon="11.4417975" visible="true" />
  <node id="-190" lat="48.7715469" lon="11.4418416" visible="true" />
  <node id="-191" lat="48.7715369" lon="11.4418234" visible="true" />
  <node id="-192" lat="48.7715000" lon="11.4418699" visible="true" />
  <node id="-193" lat="48.7714861" lon="11.4418446" visible="true" />
  <node id="-194" lat="48.7714201" lon="11.4419969" visible="true" />
  <node id="-195" lat="48.7715846" lon="11.4419103" visible="true" />
  <node id="-196" lat="48.7716097" lon="11.4420191" visible="true" />
  <node id="-197" lat="48.7714451" lon="11.4421058" visible="true" />
  <node id="-198" lat="48.7721840" lon="11.4418121" visible="true" />
  <node id="-199" lat="48.7723113" lon="11.4419270" visible="true" />
  <node id="-200" lat="48.7722693" lon="11.4420340" visible="true" />
  <node id="-201" lat="48.7721420" lon="11.4419191" visible="true" />
  <node id="-202" lat="48.7712859" lon="11.4409498" visible="true" />
  <node id="-203" lat="48.7713787" lon="11.4410361" visible="true" />
  <node id="-204" lat="48.7713243" lon="11.4411702" visible="true" />
  <node id="-205" lat="48.7712314" lon="11.4410838" visible="true" />
  <node id="-206" lat="48.7716519" lon="11.4413033" visible="true" />
  <node id="-207" lat="48.7717211" lon="11.4413682" visible="true" />
  <node id="-208" lat="48.7716806" lon="11.4414673" visible="true" />
  <node id="-209" lat="48.7716115" lon="11.4414024" visible="true" />
  <node id="-210" lat="48.7722732" lon="11.4425558" visible="true" />
  <node id="-211" lat="48.7723125" lon="11.4427160" visible="true" />
  <node id="-212" lat="48.7719963" lon="11.4428936" visible="true" />
  <node id="-213" lat="48.7719570" lon="11.4427333" visible="true" />
  <node id="-214" lat="48.7715670" lon="11.4430372" visible="true" />
  <node id="-215" lat="48.7713859" lon="11.4431014" visible="true" />
  <node id="-216" lat="48.7713692" lon="11.4429932" visible="true" />
  <node id="-217" lat="48.7715502" lon="11.4429290" visible="true" />
  <node id="-218" lat="48.7716613" lon="11.4433815" visible="true" />
  <node id="-219" lat="48.7715710" lon="11.4434134" visible="true" />
  <node id="-220" lat="48.7715407" lon="11.4432157" visible="true" />
  <node id="-221" lat="48.7716310" lon="11.4431839" visible="true" />
  <node id="-222" lat="48.7711682" lon="11.4432441" visible="true" />
  <node id="-223" lat="48.7710760" lon="11.4432644" visible="true" />
  <node id="-224" lat="48.7710608" lon="11.4431062" visible="true" />
  <node id="-225" lat="48.7711489" lon="11.4430867" visible="true" />
  <node id="-226" lat="48.7711535" lon="11.4431344" visible="true" />
  <node id="-227" lat="48.7711702" lon="11.4431307" visible="true" />
  <node id="-228" lat="48.7711758" lon="11.4431892" visible="true" />
  <node id="-229" lat="48.7711632" lon="11.4431920" visible="true" />
  <node id="-230" lat="48.7722137" lon="11.4434897" visible="true" />
  <node id="-231" lat="48.7722010" lon="11.4439163" visible="true" />
  <node id="-232" lat="48.7721176" lon="11.4439033" visible="true" />
  <node id="-233" lat="48.7720473" lon="11.4439386" visible="true" />
  <node id="-234" lat="48.7720173" lon="11.4438106" visible="true" />
  <node id="-235" lat="48.7719939" lon="11.4438154" visible="true" />
  <node id="-236" lat="48.7719532" lon="11.4436347" visible="true" />
  <node id="-237" lat="48.7718029" lon="11.4436916" visible="true" />
  <node id="-238" lat="48.7717546" lon="11.4433931" visible="true" />
  <node id="-239" lat="48.7718383" lon="11.4433619" visible="true" />
  <node id="-240" lat="48.7718199" lon="11.4432542" visible="true" />
  <node id="-241" lat="48.7719602" lon="11.4432010" visible="true" />
  <node id="-242" lat="48.7719982" lon="11.4433836" visible="true" />
  <node id="-243" lat="48.7721415" lon="11.4433274" visible="true" />
  <node id="-244" lat="48.7721679" lon="11.4434855" visible="true" />
  <node id="-245" lat="48.7719682" lon="11.4438469" visible="true" />
  <node id="-246" lat="48.7719949" lon="11.4439730" visible="true" />
  <node id="-247" lat="48.7719091" lon="11.4440147" visible="true" />
  <node id="-248" lat="48.7718823" lon="11.4438886" visible="true" />
  <node id="-249" lat="48.7712497" lon="11.4437553" visible="true" />
  <node id="-250" lat="48.7712814" lon="11.4439147" visible="true" />
  <node id="-251" lat="48.7711974" lon="11.4439529" visible="true" />
  <node id="-252" lat="48.7711657" lon="11.4437935" visible="true" />
  <node id="-253" lat="48.7713616" lon="11.4440464" visible="true" />
  <node id="-254" lat="48.7714071" lon="11.4442636" visible="true" />
  <node id="-255" lat="48.7713246" lon="11.4443031" visible="true" />
  <node id="-256" lat="48.7713157" lon="11.4442603" visible="true" />
  <node id="-257" lat="48.7712709" lon="11.4442817" visible="true" />
  <node id="-258" lat="48.7712451" lon="11.4441587" visible="true" />
  <node id="-259" lat="48.7712903" lon="11.4441370" visible="true" />
  <node id="-260" lat="48.7712796" lon="11.4440857" visible="true" />
  <node id="-261" lat="48.7715768" lon="11.4439553" visible="true" />
  <node id="-262" lat="48.7716225" lon="11.4441690" visible="true" />
  <node id="-263" lat="48.7715351" lon="11.4442083" visible="true" />
  <node id="-264" lat="48.7715266" lon="11.4441642" visible="true" />
  <node id="-265" lat="48.7714785" lon="11.4441831" visible="true" />
  <node id="-266" lat="48.7714670" lon="11.4441272" visible="true" />
  <node id="-267" lat="48.7714442" lon="11.4441366" visible="true" />
  <node id="-268" lat="48.7714322" lon="11.4440784" visible="true" />
  <node id="-269" lat="48.7714891" lon="11.4439992" visible="true" />
  <node id="-270" lat="48.7710076" lon="11.4447132" visible="true" />
  <node id="-271" lat="48.7711199" lon="11.4446544" visible="true" />
  <node id="-272" lat="48.7711725" lon="11.4448858" visible="true" />
  <node id="-273" lat="48.7710602" lon="11.4449446" visible="true" />
  <node id="-274" lat="48.7710879" lon="11.4450579" visible="true" />
  <node id="-275" lat="48.7712004" lon="11.4449973" visible="true" />
  <node id="-276" lat="48.7712427" lon="11.4451781" visible="true" />
  <node id="-277" lat="48.7711303" lon="11.4452387" visible="true" />
  <node id="-278" lat="48.7707929" lon="11.4451955" visible="true" />
  <node id="-279" lat="48.7709032" lon="11.4451355" visible="true" />
  <node id="-280" lat="48.7709464" lon="11.4453185" visible="true" />
  <node id="-281" lat="48.7708360" lon="11.4453784" visible="true" />
  <node id="-282" lat="48.7710084" lon="11.4454235" visible="true" />
  <node id="-283" lat="48.7710980" lon="11.4453768" visible="true" />
  <node id="-284" lat="48.7711145" lon="11.4454481" visible="true" />
  <node id="-285" lat="48.7710250" lon="11.4454949" visible="true" />
  <node id="-286" lat="48.7708162" lon="11.4455282" visible="true" />
  <node id="-287" lat="48.7709051" lon="11.4454789" visible="true" />
  <node id="-288" lat="48.7709226" lon="11.4455498" visible="true" />
  <node id="-289" lat="48.7708337" lon="11.4455991" visible="true" />
  <node id="-290" lat="48.7709310" lon="11.4459654" visible="true" />
  <node id="-291" lat="48.7709615" lon="11.4460934" visible="true" />
  <node id="-292" lat="48.7709154" lon="11.4461186" visible="true" />
  <node id="-293" lat="48.7708694" lon="11.4461438" visible="true" />
  <node id="-294" lat="48.7708449" lon="11.4460407" visible="true" />
  <node id="-295" lat="48.7708720" lon="11.4460258" visible="true" />
  <node id="-296" lat="48.7708661" lon="11.4460009" visible="true" />
  <node id="-297" lat="48.7711213" lon="11.4458453" visible="true" />
  <node id="-298" lat="48.7711324" lon="11.4458896" visible="true" />
  <node id="-299" lat="48.7711527" lon="11.4459700" visible="true" />
  <node id="-300" lat="48.7711543" lon="11.4459764" visible="true" />
  <node id="-301" lat="48.7711048" lon="11.4460051" visible="true" />
  <node id="-302" lat="48.7710708" lon="11.4460248" visible="true" />
  <node id="-303" lat="48.7710377" lon="11.4458938" visible="true" />
  <node id="-304" lat="48.7713986" lon="11.4457065" visible="true" />
  <node id="-305" lat="48.7714313" lon="11.4458306" visible="true" />
  <node id="-306" lat="48.7713575" lon="11.4458753" visible="true" />
  <node id="-307" lat="48.7713248" lon="11.4457512" visible="true" />
  <node id="-308" lat="48.7713384" lon="11.4454516" visible="true" />
  <node id="-309" lat="48.7713634" lon="11.4455607" visible="true" />
  <node id="-310" lat="48.7712699" lon="11.4456099" visible="true" />
  <node id="-311" lat="48.7712449" lon="11.4455007" visible="true" />
  <node id="-312" lat="48.7708442" lon="11.4443643" visible="true" />
  <node id="-313" lat="48.7710006" lon="11.4442851" visible="true" />
  <node id="-314" lat="48.7710378" lon="11.4444536" visible="true" />
  <node id="-315" lat="48.7708815" lon="11.4445328" visible="true" />
  <node id="-316" lat="48.7709764" lon="11.4437240" visible="true" />
  <node id="-317" lat="48.7710023" lon="11.4438784" visible="true" />
  <node id="-318" lat="48.7709674" lon="11.4438918" visible="true" />
  <node id="-319" lat="48.7709041" lon="11.4439160" visible="true" />
  <node id="-320" lat="48.7708783" lon="11.4437616" visible="true" />
  <node id="-321" lat="48.7710279" lon="11.4439571" visible="true" />
  <node id="-322" lat="48.7710679" lon="11.4441538" visible="true" />
  <node id="-323" lat="48.7709549" lon="11.4442063" visible="true" />
  <node id="-324" lat="48.7709486" lon="11.4441753" visible="true" />
  <node id="-325" lat="48.7709238" lon="11.4441868" visible="true" />
  <node id="-326" lat="48.7708901" lon="11.4440212" visible="true" />
  <node id="-327" lat="48.7716250" lon="11.4444365" visible="true" />
  <node id="-328" lat="48.7716936" lon="11.4444015" visible="true" />
  <node id="-329" lat="48.7717220" lon="11.4445296" visible="true" />
  <node id="-330" lat="48.7716534" lon="11.4445647" visible="true" />
  <node id="-331" lat="48.7713263" lon="11.4445712" visible="true" />
  <node id="-332" lat="48.7714366" lon="11.4445259" visible="true" />
  <node id="-333" lat="48.7714744" lon="11.4447380" visible="true" />
  <node id="-334" lat="48.7713640" lon="11.4447832" visible="true" />
  <node id="-335" lat="48.7718093" lon="11.4443177" visible="true" />
  <node id="-336" lat="48.7718804" lon="11.4442854" visible="true" />
  <node id="-337" lat="48.7719069" lon="11.4444198" visible="true" />
  <node id="-338" lat="48.7718357" lon="11.4444521" visible="true" />
  <node id="-339" lat="48.7719976" lon="11.4442223" visible="true" />
  <node id="-340" lat="48.7720838" lon="11.4441764" visible="true" />
  <node id="-341" lat="48.7721073" lon="11.4442778" visible="true" />
  <node id="-342" lat="48.7720211" lon="11.4443237" visible="true" />
  <node id="-343" lat="48.7722066" lon="11.4441183" visible="true" />
  <node id="-344" lat="48.7722956" lon="11.4441417" visible="true" />
  <node id="-345" lat="48.7722808" lon="11.4442704" visible="true" />
  <node id="-346" lat="48.7721919" lon="11.4442470" visible="true" />
  <node id="-347" lat="48.7720313" lon="11.4452563" visible="true" />
  <node id="-348" lat="48.7721129" lon="11.4452881" visible="true" />
  <node id="-349" lat="48.7720860" lon="11.4454469" visible="true" />
  <node id="-350" lat="48.7720044" lon="11.4454151" visible="true" />
  <node id="-351" lat="48.7721934" lon="11.4447905" visible="true" />
  <node id="-352" lat="48.7721732" lon="11.4449019" visible="true" />
  <node id="-353" lat="48.7721011" lon="11.4448717" visible="true" />
  <node id="-354" lat="48.7721213" lon="11.4447603" visible="true" />
  <node id="-355" lat="48.7721582" lon="11.4449992" visible="true" />
  <node id="-356" lat="48.7721380" lon="11.4451164" visible="true" />
  <node id="-357" lat="48.7720715" lon="11.4450901" visible="true" />
  <node id="-358" lat="48.7720916" lon="11.4449728" visible="true" />
  <node id="-359" lat="48.7716034" lon="11.4450202" visible="true" />
  <node id="-360" lat="48.7716269" lon="11.4451234" visible="true" />
  <node id="-361" lat="48.7715273" lon="11.4451756" visible="true" />
  <node id="-362" lat="48.7715038" lon="11.4450724" visible="true" />
  <node id="-363" lat="48.7715537" lon="11.4447201" visible="true" />
  <node id="-364" lat="48.7716358" lon="11.4446778" visible="true" />
  <node id="-365" lat="48.7716746" lon="11.4448514" visible="true" />
  <node id="-366" lat="48.7715666" lon="11.4449069" visible="true" />
  <node id="-367" lat="48.7715406" lon="11.4447906" visible="true" />
  <node id="-368" lat="48.7715665" lon="11.4447773" visible="true" />
  <node id="-369" lat="48.7718150" lon="11.4448802" visible="true" />
  <node id="-370" lat="48.7718444" lon="11.4449985" visible="true" />
  <node id="-371" lat="48.7718095" lon="11.4450184" visible="true" />
  <node id="-372" lat="48.7717159" lon="11.4450719" visible="true" />
  <node id="-373" lat="48.7716841" lon="11.4449441" visible="true" />
  <node id="-374" lat="48.7717527" lon="11.4449049" visible="true" />
  <node id="-375" lat="48.7717551" lon="11.4449144" visible="true" />
  <node id="-376" lat="48.7716950" lon="11.4454177" visible="true" />
  <node id="-377" lat="48.7717547" lon="11.4456582" visible="true" />
  <node id="-378" lat="48.7717247" lon="11.4456754" visible="true" />
  <node id="-379" lat="48.7717198" lon="11.4456558" visible="true" />
  <node id="-380" lat="48.7715962" lon="11.4457265" visible="true" />
  <node id="-381" lat="48.7715414" lon="11.4455055" visible="true" />
  <node id="-382" lat="48.7716815" lon="11.4453631" visible="true" />
  <node id="-383" lat="48.7717575" lon="11.4453196" visible="true" />
  <node id="-384" lat="48.7717701" lon="11.4453707" visible="true" />
  <node id="-385" lat="48.7717859" lon="11.4453616" visible="true" />
  <node id="-386" lat="48.7718404" lon="11.4455811" visible="true" />
  <node id="-387" lat="48.7718465" lon="11.4456057" visible="true" />
  <node id="-388" lat="48.7719161" lon="11.4452068" visible="true" />
  <node id="-389" lat="48.7718673" lon="11.4452347" visible="true" />
  <node id="-390" lat="48.7719060" lon="11.4453906" visible="true" />
  <node id="-391" lat="48.7719237" lon="11.4453805" visible="true" />
  <node id="-392" lat="48.7719570" lon="11.4455144" visible="true" />
  <node id="-393" lat="48.7717732" lon="11.4453106" visible="true" />
  <node id="-394" lat="48.7716339" lon="11.4451714" visible="true" />
  <node id="-395" lat="48.7717456" lon="11.4451075" visible="true" />
  <node id="-396" lat="48.7717553" lon="11.4451469" visible="true" />
  <node id="-397" lat="48.7718307" lon="11.4451038" visible="true" />
  <node id="-398" lat="48.7718232" lon="11.4450735" visible="true" />
  <node id="-399" lat="48.7718755" lon="11.4450436" visible="true" />
  <node id="-400" lat="48.7718779" lon="11.4450530" visible="true" />
  <node id="-401" lat="48.7719051" lon="11.4451628" visible="true" />
  <node id="-402" lat="48.7714209" lon="11.4461699" visible="true" />
  <node id="-403" lat="48.7714255" lon="11.4463539" visible="true" />
  <node id="-404" lat="48.7713181" lon="11.4463602" visible="true" />
  <node id="-405" lat="48.7713134" lon="11.4461762" visible="true" />
  <node id="-406" lat="48.7713602" lon="11.4464388" visible="true" />
  <node id="-407" lat="48.7713653" lon="11.4465992" visible="true" />
  <node id="-408" lat="48.7712673" lon="11.4466063" visible="true" />
  <node id="-409" lat="48.7712623" lon="11.4464459" visible="true" />
  <node id="-410" lat="48.7709778" lon="11.4464105" visible="true" />
  <node id="-411" lat="48.7710710" lon="11.4463606" visible="true" />
  <node id="-412" lat="48.7711270" lon="11.4466012" visible="true" />
  <node id="-413" lat="48.7710338" lon="11.4466511" visible="true" />
  <node id="-414" lat="48.7710780" lon="11.4467213" visible="true" />
  <node id="-415" lat="48.7711259" lon="11.4468911" visible="true" />
  <node id="-416" lat="48.7709375" lon="11.4470133" visible="true" />
  <node id="-417" lat="48.7708897" lon="11.4468435" visible="true" />
  <node id="-418" lat="48.7707029" lon="11.4468404" visible="true" />
  <node id="-419" lat="48.7707517" lon="11.4470078" visible="true" />
  <node id="-420" lat="48.7706768" lon="11.4470590" visible="true" />
  <node id="-421" lat="48.7706268" lon="11.4468910" visible="true" />
  <node id="-422" lat="48.7738262" lon="11.4458172" visible="true" />
  <node id="-423" lat="48.7738518" lon="11.4459953" visible="true" />
  <node id="-424" lat="48.7737240" lon="11.4460376" visible="true" />
  <node id="-425" lat="48.7736984" lon="11.4458595" visible="true" />
  <node id="-426" lat="48.7736074" lon="11.4453820" visible="true" />
  <node id="-427" lat="48.7736250" lon="11.4454969" visible="true" />
  <node id="-428" lat="48.7735339" lon="11.4455290" visible="true" />
  <node id="-429" lat="48.7735023" lon="11.4453222" visible="true" />
  <node id="-430" lat="48.7734898" lon="11.4453266" visible="true" />
  <node id="-431" lat="48.7734797" lon="11.4452609" visible="true" />
  <node id="-432" lat="48.7734924" lon="11.4452564" visible="true" />
  <node id="-433" lat="48.7734806" lon="11.4451791" visible="true" />
  <node id="-434" lat="48.7737489" lon="11.4450844" visible="true" />
  <node id="-435" lat="48.7737535" lon="11.4451145" visible="true" />
  <node id="-436" lat="48.7737773" lon="11.4451061" visible="true" />
  <node id="-437" lat="48.7738092" lon="11.4453146" visible="true" />
  <node id="-438" lat="48.7737825" lon="11.4453241" visible="true" />
  <node id="-439" lat="48.7737846" lon="11.4453373" visible="true" />
  <node id="-440" lat="48.7737072" lon="11.4453646" visible="true" />
  <node id="-441" lat="48.7737046" lon="11.4453478" visible="true" />
  <node id="-442" lat="48.7737884" lon="11.4446217" visible="true" />
  <node id="-443" lat="48.7739071" lon="11.4445811" visible="true" />
  <node id="-444" lat="48.7739398" lon="11.4448009" visible="true" />
  <node id="-445" lat="48.7738211" lon="11.4448415" visible="true" />
  <node id="-446" lat="48.7737861" lon="11.4432996" visible="true" />
  <node id="-447" lat="48.7738830" lon="11.4433827" visible="true" />
  <node id="-448" lat="48.7738222" lon="11.4435458" visible="true" />
  <node id="-449" lat="48.7737254" lon="11.4434627" visible="true" />
  <node id="-450" lat="48.7727038" lon="11.4453728" visible="true" />
  <node id="-451" lat="48.7727250" lon="11.4454690" visible="true" />
  <node id="-452" lat="48.7726240" lon="11.4455205" visible="true" />
  <node id="-453" lat="48.7726026" lon="11.4454243" visible="true" />
  <node id="-454" lat="48.7737487" lon="11.4436329" visible="true" />
  <node id="-455" lat="48.7737861" lon="11.4438457" visible="true" />
  <node id="-456" lat="48.7736898" lon="11.4438846" visible="true" />
  <node id="-457" lat="48.7736524" lon="11.4436719" visible="true" />
  <node id="-458" lat="48.7730511" lon="11.4426596" visible="true" />
  <node id="-459" lat="48.7732512" lon="11.4428420" visible="true" />
  <node id="-460" lat="48.7731795" lon="11.4430115" visible="true" />
  <node id="-461" lat="48.7729593" lon="11.4428451" visible="true" />
  <node id="-462" lat="48.7726784" lon="11.4433386" visible="true" />
  <node id="-463" lat="48.7726593" lon="11.4436149" visible="true" />
  <node id="-464" lat="48.7725844" lon="11.4436030" visible="true" />
  <node id="-465" lat="48.7726035" lon="11.4433267" visible="true" />
  <node id="-466" lat="48.7728929" lon="11.4425040" visible="true" />
  <node id="-467" lat="48.7728097" lon="11.4426962" visible="true" />
  <node id="-468" lat="48.7728031" lon="11.4433608" visible="true" />
  <node id="-469" lat="48.7728777" lon="11.4433218" visible="true" />
  <node id="-470" lat="48.7729135" lon="11.4434795" visible="true" />
  <node id="-471" lat="48.7728390" lon="11.4435186" visible="true" />
  <node id="-472" lat="48.7726682" lon="11.4424278" visible="true" />
  <node id="-473" lat="48.7726891" lon="11.4424121" visible="true" />
  <node id="-474" lat="48.7726675" lon="11.4423462" visible="true" />
  <node id="-475" lat="48.7726515" lon="11.4422972" visible="true" />
  <node id="-476" lat="48.7727101" lon="11.4422530" visible="true" />
  <node id="-477" lat="48.7727261" lon="11.4423020" visible="true" />
  <node id="-478" lat="48.7727466" lon="11.4423647" visible="true" />
  <node id="-479" lat="48.7727686" lon="11.4423481" visible="true" />
  <node id="-480" lat="48.7728308" lon="11.4424067" visible="true" />
  <node id="-481" lat="48.7728105" lon="11.4424597" visible="true" />
  <node id="-482" lat="48.7727686" lon="11.4425065" visible="true" />
  <node id="-483" lat="48.7727124" lon="11.4425372" visible="true" />
  <node id="-484" lat="48.7726669" lon="11.4425415" visible="true" />
  <node id="-485" lat="48.7726136" lon="11.4430023" visible="true" />
  <node id="-486" lat="48.7727019" lon="11.4430113" visible="true" />
  <node id="-487" lat="48.7726937" lon="11.4431956" visible="true" />
  <node id="-488" lat="48.7726054" lon="11.4431866" visible="true" />
  <node id="-489" lat="48.7737254" lon="11.4432500" visible="true" />
  <node id="-490" lat="48.7736674" lon="11.4434190" visible="true" />
  <node id="-491" lat="48.7735506" lon="11.4433268" visible="true" />
  <node id="-492" lat="48.7736085" lon="11.4431578" visible="true" />
  <node id="-493" lat="48.7735618" lon="11.4447250" visible="true" />
  <node id="-494" lat="48.7736343" lon="11.4447046" visible="true" />
  <node id="-495" lat="48.7736225" lon="11.4446257" visible="true" />
  <node id="-496" lat="48.7737254" lon="11.4445903" visible="true" />
  <node id="-497" lat="48.7737473" lon="11.4447371" visible="true" />
  <node id="-498" lat="48.7736830" lon="11.4447593" visible="true" />
  <node id="-499" lat="48.7736983" lon="11.4448847" visible="true" />
  <node id="-500" lat="48.7735851" lon="11.4449165" visible="true" />
  <node id="-501" lat="48.7733655" lon="11.4445123" visible="true" />
  <node id="-502" lat="48.7734654" lon="11.4444847" visible="true" />
  <node id="-503" lat="48.7734841" lon="11.4446407" visible="true" />
  <node id="-504" lat="48.7733842" lon="11.4446683" visible="true" />
  <node id="-505" lat="48.7735104" lon="11.4447321" visible="true" />
  <node id="-506" lat="48.7735384" lon="11.4448952" visible="true" />
  <node id="-507" lat="48.7734342" lon="11.4449365" visible="true" />
  <node id="-508" lat="48.7734061" lon="11.4447734" visible="true" />
  <node id="-509" lat="48.7732083" lon="11.4464673" visible="true" />
  <node id="-510" lat="48.7731829" lon="11.4465999" visible="true" />
  <node id="-511" lat="48.7731375" lon="11.4465822" visible="true" />
  <node id="-512" lat="48.7731631" lon="11.4464472" visible="true" />
  <node id="-513" lat="48.7731554" lon="11.4468416" visible="true" />
  <node id="-514" lat="48.7730983" lon="11.4471365" visible="true" />
  <node id="-515" lat="48.7730948" lon="11.4471554" visible="true" />
  <node id="-516" lat="48.7730440" lon="11.4471345" visible="true" />
  <node id="-517" lat="48.7730839" lon="11.4469291" visible="true" />
  <node id="-518" lat="48.7731070" lon="11.4469121" visible="true" />
  <node id="-519" lat="48.7731218" lon="11.4468271" visible="true" />
  <node id="-520" lat="48.7729953" lon="11.4452832" visible="true" />
  <node id="-521" lat="48.7730077" lon="11.4453910" visible="true" />
  <node id="-522" lat="48.7729016" lon="11.4454189" visible="true" />
  <node id="-523" lat="48.7728893" lon="11.4453111" visible="true" />
  <node id="-524" lat="48.7733464" lon="11.4452344" visible="true" />
  <node id="-525" lat="48.7733623" lon="11.4453406" visible="true" />
  <node id="-526" lat="48.7733364" lon="11.4453496" visible="true" />
  <node id="-527" lat="48.7733415" lon="11.4453832" visible="true" />
  <node id="-528" lat="48.7733196" lon="11.4453908" visible="true" />
  <node id="-529" lat="48.7733137" lon="11.4453515" visible="true" />
  <node id="-530" lat="48.7732954" lon="11.4453579" visible="true" />
  <node id="-531" lat="48.7732921" lon="11.4453328" visible="true" />
  <node id="-532" lat="48.7732815" lon="11.4452569" visible="true" />
  <node id="-533" lat="48.7731390" lon="11.4452415" visible="true" />
  <node id="-534" lat="48.7732053" lon="11.4452242" visible="true" />
  <node id="-535" lat="48.7732054" lon="11.4452293" visible="true" />
  <node id="-536" lat="48.7732189" lon="11.4453396" visible="true" />
  <node id="-537" lat="48.7732537" lon="11.4453298" visible="true" />
  <node id="-538" lat="48.7732567" lon="11.4453464" visible="true" />
  <node id="-539" lat="48.7732685" lon="11.4454510" visible="true" />
  <node id="-540" lat="48.7732322" lon="11.4454605" visible="true" />
  <node id="-541" lat="48.7732277" lon="11.4454211" visible="true" />
  <node id="-542" lat="48.7731613" lon="11.4454383" visible="true" />
  <node id="-543" lat="48.7732719" lon="11.4456469" visible="true" />
  <node id="-544" lat="48.7732866" lon="11.4457852" visible="true" />
  <node id="-545" lat="48.7732636" lon="11.4457908" visible="true" />
  <node id="-546" lat="48.7732818" lon="11.4459619" visible="true" />
  <node id="-547" lat="48.7731736" lon="11.4459883" visible="true" />
  <node id="-548" lat="48.7731552" lon="11.4458145" visible="true" />
  <node id="-549" lat="48.7731792" lon="11.4458087" visible="true" />
  <node id="-550" lat="48.7731648" lon="11.4456730" visible="true" />
  <node id="-551" lat="48.7733298" lon="11.4456822" visible="true" />
  <node id="-552" lat="48.7734111" lon="11.4456576" visible="true" />
  <node id="-553" lat="48.7734339" lon="11.4458306" visible="true" />
  <node id="-554" lat="48.7733526" lon="11.4458552" visible="true" />
  <node id="-555" lat="48.7736800" lon="11.4456138" visible="true" />
  <node id="-556" lat="48.7736981" lon="11.4457368" visible="true" />
  <node id="-557" lat="48.7736459" lon="11.4457545" visible="true" />
  <node id="-558" lat="48.7735790" lon="11.4457772" visible="true" />
  <node id="-559" lat="48.7735740" lon="11.4457789" visible="true" />
  <node id="-560" lat="48.7735559" lon="11.4456559" visible="true" />
  <node id="-561" lat="48.7730664" lon="11.4462901" visible="true" />
  <node id="-562" lat="48.7730210" lon="11.4465286" visible="true" />
  <node id="-563" lat="48.7729777" lon="11.4465096" visible="true" />
  <node id="-564" lat="48.7730231" lon="11.4462711" visible="true" />
  <node id="-565" lat="48.7729561" lon="11.4467539" visible="true" />
  <node id="-566" lat="48.7729966" lon="11.4467722" visible="true" />
  <node id="-567" lat="48.7729548" lon="11.4469855" visible="true" />
  <node id="-568" lat="48.7728979" lon="11.4469597" visible="true" />
  <node id="-569" lat="48.7729166" lon="11.4468642" visible="true" />
  <node id="-570" lat="48.7729330" lon="11.4468716" visible="true" />
  <node id="-571" lat="48.7733225" lon="11.4469103" visible="true" />
  <node id="-572" lat="48.7732625" lon="11.4472330" visible="true" />
  <node id="-573" lat="48.7732086" lon="11.4472092" visible="true" />
  <node id="-574" lat="48.7732145" lon="11.4471788" visible="true" />
  <node id="-575" lat="48.7732049" lon="11.4471746" visible="true" />
  <node id="-576" lat="48.7732245" lon="11.4470727" visible="true" />
  <node id="-577" lat="48.7732333" lon="11.4470766" visible="true" />
  <node id="-578" lat="48.7732390" lon="11.4470471" visible="true" />
  <node id="-579" lat="48.7732526" lon="11.4470531" visible="true" />
  <node id="-580" lat="48.7732828" lon="11.4468957" visible="true" />
  <node id="-581" lat="48.7733860" lon="11.4464427" visible="true" />
  <node id="-582" lat="48.7733720" lon="11.4465224" visible="true" />
  <node id="-583" lat="48.7733546" lon="11.4466176" visible="true" />
  <node id="-584" lat="48.7733451" lon="11.4466708" visible="true" />
  <node id="-585" lat="48.7733021" lon="11.4466530" visible="true" />
  <node id="-586" lat="48.7733430" lon="11.4464249" visible="true" />
  <node id="-587" lat="48.7718277" lon="11.4365268" visible="true" />
  <node id="-588" lat="48.7718667" lon="11.4371427" visible="true" />
  <node id="-589" lat="48.7717810" lon="11.4371552" visible="true" />
  <node id="-590" lat="48.7717420" lon="11.4365393" visible="true" />
  <node id="-591" lat="48.7724898" lon="11.4349518" visible="true" />
  <node id="-592" lat="48.7725195" lon="11.4349240" visible="true" />
  <node id="-593" lat="48.7725784" lon="11.4349113" visible="true" />
  <node id="-594" lat="48.7725934" lon="11.4351005" visible="true" />
  <node id="-595" lat="48.7725030" lon="11.4351168" visible="true" />
  <node id="-596" lat="48.7725484" lon="11.4341271" visible="true" />
  <node id="-597" lat="48.7726175" lon="11.4342914" visible="true" />
  <node id="-598" lat="48.7724286" lon="11.4344743" visible="true" />
  <node id="-599" lat="48.7723595" lon="11.4343100" visible="true" />
  <node id="-600" lat="48.7724136" lon="11.4353241" visible="true" />
  <node id="-601" lat="48.7724210" lon="11.4354118" visible="true" />
  <node id="-602" lat="48.7722075" lon="11.4354531" visible="true" />
  <node id="-603" lat="48.7722000" lon="11.4353652" visible="true" />
  <node id="-604" lat="48.7718415" lon="11.4352824" visible="true" />
  <node id="-605" lat="48.7718858" lon="11.4352748" visible="true" />
  <node id="-606" lat="48.7719803" lon="11.4352587" visible="true" />
  <node id="-607" lat="48.7721187" lon="11.4352350" visible="true" />
  <node id="-608" lat="48.7721280" lon="11.4353596" visible="true" />
  <node id="-609" lat="48.7720606" lon="11.4353711" visible="true" />
  <node id="-610" lat="48.7719895" lon="11.4353833" visible="true" />
  <node id="-611" lat="48.7719195" lon="11.4353953" visible="true" />
  <node id="-612" lat="48.7718507" lon="11.4354070" visible="true" />
  <node id="-613" lat="48.7720630" lon="11.4346405" visible="true" />
  <node id="-614" lat="48.7720934" lon="11.4347692" visible="true" />
  <node id="-615" lat="48.7720035" lon="11.4348179" visible="true" />
  <node id="-616" lat="48.7719731" lon="11.4346893" visible="true" />
  <node id="-617" lat="48.7716713" lon="11.4395110" visible="true" />
  <node id="-618" lat="48.7716082" lon="11.4395836" visible="true" />
  <node id="-619" lat="48.7714697" lon="11.4394972" visible="true" />
  <node id="-620" lat="48.7714355" lon="11.4395446" visible="true" />
  <node id="-621" lat="48.7713993" lon="11.4391131" visible="true" />
  <node id="-622" lat="48.7713856" lon="11.4389554" visible="true" />
  <node id="-623" lat="48.7715417" lon="11.4389209" visible="true" />
  <node id="-624" lat="48.7715446" lon="11.4389702" visible="true" />
  <node id="-625" lat="48.7716417" lon="11.4390264" visible="true" />
  <node id="-626" lat="48.7716626" lon="11.4392885" visible="true" />
  <node id="-627" lat="48.7716540" lon="11.4393000" visible="true" />
  <node id="-628" lat="48.7715514" lon="11.4405715" visible="true" />
  <node id="-629" lat="48.7716427" lon="11.4406594" visible="true" />
  <node id="-630" lat="48.7715994" lon="11.4407630" visible="true" />
  <node id="-631" lat="48.7715081" lon="11.4406751" visible="true" />
  <node id="-632" lat="48.7739354" lon="11.4369402" visible="true" />
  <node id="-633" lat="48.7744127" lon="11.4369111" visible="true" />
  <node id="-634" lat="48.7744100" lon="11.4368108" visible="true" />
  <node id="-635" lat="48.7746053" lon="11.4367989" visible="true" />
  <node id="-636" lat="48.7746093" lon="11.4369519" visible="true" />
  <node id="-637" lat="48.7744362" lon="11.4369624" visible="true" />
  <node id="-638" lat="48.7744381" lon="11.4370312" visible="true" />
  <node id="-639" lat="48.7739386" lon="11.4370616" visible="true" />
  <node id="-640" lat="48.7716022" lon="11.4384981" visible="true" />
  <node id="-641" lat="48.7716222" lon="11.4387334" visible="true" />
  <node id="-642" lat="48.7714880" lon="11.4387596" visible="true" />
  <node id="-643" lat="48.7714680" lon="11.4385244" visible="true" />
  <node id="-644" lat="48.7714849" lon="11.4385211" visible="true" />
  <node id="-645" lat="48.7714777" lon="11.4384462" visible="true" />
  <node id="-646" lat="48.7715974" lon="11.4384264" visible="true" />
  <node id="-647" lat="48.7717444" lon="11.4407142" visible="true" />
  <node id="-648" lat="48.7716994" lon="11.4407390" visible="true" />
  <node id="-649" lat="48.7716652" lon="11.4405961" visible="true" />
  <node id="-650" lat="48.7717102" lon="11.4405713" visible="true" />
  <node id="-651" lat="48.7716051" lon="11.4402476" visible="true" />
  <node id="-652" lat="48.7715531" lon="11.4402685" visible="true" />
  <node id="-653" lat="48.7715400" lon="11.4401931" visible="true" />
  <node id="-654" lat="48.7715920" lon="11.4401723" visible="true" />
  <node id="-655" lat="48.7718011" lon="11.4402363" visible="true" />
  <node id="-656" lat="48.7716540" lon="11.4402932" visible="true" />
  <node id="-657" lat="48.7716284" lon="11.4401408" visible="true" />
  <node id="-658" lat="48.7717755" lon="11.4400839" visible="true" />
  <node id="-659" lat="48.7717861" lon="11.4407091" visible="true" />
  <node id="-660" lat="48.7717233" lon="11.4404405" visible="true" />
  <node id="-661" lat="48.7718257" lon="11.4403855" visible="true" />
  <node id="-662" lat="48.7718884" lon="11.4406541" visible="true" />
  <node id="-663" lat="48.7718730" lon="11.4406624" visible="true" />
  <node id="-664" lat="48.7717098" lon="11.4397422" visible="true" />
  <node id="-665" lat="48.7717300" lon="11.4398571" visible="true" />
  <node id="-666" lat="48.7716072" lon="11.4399069" visible="true" />
  <node id="-667" lat="48.7716452" lon="11.4401227" visible="true" />
  <node id="-668" lat="48.7715525" lon="11.4401603" visible="true" />
  <node id="-669" lat="48.7714943" lon="11.4398296" visible="true" />
  <node id="-670" lat="48.7716938" lon="11.4462139" visible="true" />
  <node id="-671" lat="48.7716665" lon="11.4463572" visible="true" />
  <node id="-672" lat="48.7715512" lon="11.4463064" visible="true" />
  <node id="-673" lat="48.7715786" lon="11.4461632" visible="true" />
  <node id="-674" lat="48.7720778" lon="11.4381998" visible="true" />
  <node id="-675" lat="48.7720902" lon="11.4383640" visible="true" />
  <node id="-676" lat="48.7718955" lon="11.4383979" visible="true" />
  <node id="-677" lat="48.7718831" lon="11.4382337" visible="true" />
  <node id="-678" lat="48.7738749" lon="11.4380377" visible="true" />
  <node id="-679" lat="48.7737524" lon="11.4380486" visible="true" />
  <node id="-680" lat="48.7737585" lon="11.4382061" visible="true" />
  <node id="-681" lat="48.7738810" lon="11.4381952" visible="true" />
  <node id="-682" lat="48.7734577" lon="11.4459748" visible="true" />
  <node id="-683" lat="48.7734726" lon="11.4460814" visible="true" />
  <node id="-684" lat="48.7733922" lon="11.4461075" visible="true" />
  <node id="-685" lat="48.7733773" lon="11.4460009" visible="true" />
  <node id="-686" lat="48.7742822" lon="11.4343195" visible="true" />
  <node id="-687" lat="48.7743104" lon="11.4341550" visible="true" />
  <node id="-688" lat="48.7738001" lon="11.4339539" visible="true" />
  <node id="-689" lat="48.7737720" lon="11.4341184" visible="true" />
  <node id="-690" lat="48.7741780" lon="11.4342784" visible="true" />
  <node id="-691" lat="48.7738544" lon="11.4379096" visible="true" />
  <node id="-692" lat="48.7738367" lon="11.4377253" visible="true" />
  <node id="-693" lat="48.7737338" lon="11.4377481" visible="true" />
  <node id="-694" lat="48.7737516" lon="11.4379325" visible="true" />
  <node id="-695" lat="48.7739194" lon="11.4383477" visible="true" />
  <node id="-696" lat="48.7738241" lon="11.4383610" visible="true" />
  <node id="-697" lat="48.7738317" lon="11.4384873" visible="true" />
  <node id="-698" lat="48.7739270" lon="11.4384741" visible="true" />
  <node id="-699" lat="48.7741744" lon="11.4384617" visible="true" />
  <node id="-700" lat="48.7741639" lon="11.4383122" visible="true" />
  <node id="-701" lat="48.7740721" lon="11.4383271" visible="true" />
  <node id="-702" lat="48.7740826" lon="11.4384766" visible="true" />
  <node id="-703" lat="48.7739569" lon="11.4472294" visible="true" />
  <node id="-704" lat="48.7739647" lon="11.4473431" visible="true" />
  <node id="-705" lat="48.7738833" lon="11.4473558" visible="true" />
  <node id="-706" lat="48.7738773" lon="11.4472682" visible="true" />
  <node id="-707" lat="48.7739299" lon="11.4472600" visible="true" />
  <node id="-708" lat="48.7739281" lon="11.4472339" visible="true" />
  <node id="-709" lat="48.7732052" lon="11.4345408" visible="true" />
  <node id="-710" lat="48.7731957" lon="11.4346756" visible="true" />
  <node id="-711" lat="48.7727863" lon="11.4346087" visible="true" />
  <node id="-712" lat="48.7727959" lon="11.4344739" visible="true" />
  <node id="-713" lat="48.7731588" lon="11.4358780" visible="true" />
  <node id="-714" lat="48.7731784" lon="11.4360354" visible="true" />
  <node id="-715" lat="48.7728369" lon="11.4361332" visible="true" />
  <node id="-716" lat="48.7728173" lon="11.4359758" visible="true" />
  <node id="-717" lat="48.7739357" lon="11.4386299" visible="true" />
  <node id="-718" lat="48.7738468" lon="11.4386172" visible="true" />
  <node id="-719" lat="48.7738393" lon="11.4387386" visible="true" />
  <node id="-720" lat="48.7739282" lon="11.4387513" visible="true" />
  <node id="-721" lat="48.7729029" lon="11.4473921" visible="true" />
  <node id="-722" lat="48.7729036" lon="11.4474610" visible="true" />
  <node id="-723" lat="48.7727589" lon="11.4474643" visible="true" />
  <node id="-724" lat="48.7727582" lon="11.4473954" visible="true" />
  <node id="-725" lat="48.7742588" lon="11.4387524" visible="true" />
  <node id="-726" lat="48.7742482" lon="11.4385920" visible="true" />
  <node id="-727" lat="48.7741018" lon="11.4386143" visible="true" />
  <node id="-728" lat="48.7741124" lon="11.4387747" visible="true" />
  <node id="-729" lat="48.7738633" lon="11.4469832" visible="true" />
  <node id="-730" lat="48.7738812" lon="11.4471416" visible="true" />
  <node id="-731" lat="48.7738844" lon="11.4471698" visible="true" />
  <node id="-732" lat="48.7738484" lon="11.4471792" visible="true" />
  <node id="-733" lat="48.7738274" lon="11.4469925" visible="true" />
  <node id="-734" lat="48.7732696" lon="11.4378238" visible="true" />
  <node id="-735" lat="48.7731142" lon="11.4378427" visible="true" />
  <node id="-736" lat="48.7731207" lon="11.4379655" visible="true" />
  <node id="-737" lat="48.7731410" lon="11.4379630" visible="true" />
  <node id="-738" lat="48.7731470" lon="11.4380753" visible="true" />
  <node id="-739" lat="48.7732820" lon="11.4380588" visible="true" />
  <node id="-740" lat="48.7736742" lon="11.4470230" visible="true" />
  <node id="-741" lat="48.7736812" lon="11.4471663" visible="true" />
  <node id="-742" lat="48.7736158" lon="11.4471755" visible="true" />
  <node id="-743" lat="48.7736075" lon="11.4470347" visible="true" />
  <node id="-744" lat="48.7751541" lon="11.4404569" visible="true" />
  <node id="-745" lat="48.7742829" lon="11.4408336" visible="true" />
  <node id="-746" lat="48.7742552" lon="11.4406865" visible="true" />
  <node id="-747" lat="48.7751264" lon="11.4403098" visible="true" />
  <node id="-748" lat="48.7736304" lon="11.4472981" visible="true" />
  <node id="-749" lat="48.7736294" lon="11.4474301" visible="true" />
  <node id="-750" lat="48.7735273" lon="11.4474282" visible="true" />
  <node id="-751" lat="48.7735280" lon="11.4473373" visible="true" />
  <node id="-752" lat="48.7735698" lon="11.4473381" visible="true" />
  <node id="-753" lat="48.7735701" lon="11.4472970" visible="true" />
  <node id="-754" lat="48.7744709" lon="11.4386030" visible="true" />
  <node id="-755" lat="48.7743713" lon="11.4386134" visible="true" />
  <node id="-756" lat="48.7743774" lon="11.4387373" visible="true" />
  <node id="-757" lat="48.7744753" lon="11.4387257" visible="true" />
  <node id="-758" lat="48.7736185" lon="11.4348108" visible="true" />
  <node id="-759" lat="48.7736941" lon="11.4343576" visible="true" />
  <node id="-760" lat="48.7737817" lon="11.4343912" visible="true" />
  <node id="-761" lat="48.7737061" lon="11.4348444" visible="true" />
  <node id="-762" lat="48.7733597" lon="11.4383132" visible="true" />
  <node id="-763" lat="48.7733483" lon="11.4381023" visible="true" />
  <node id="-764" lat="48.7732659" lon="11.4381125" visible="true" />
  <node id="-765" lat="48.7732773" lon="11.4383235" visible="true" />
  <node id="-766" lat="48.7744676" lon="11.4439996" visible="true" />
  <node id="-767" lat="48.7746201" lon="11.4441327" visible="true" />
  <node id="-768" lat="48.7745593" lon="11.4442958" visible="true" />
  <node id="-769" lat="48.7744069" lon="11.4441627" visible="true" />
  <node id="-770" lat="48.7746493" lon="11.4343669" visible="true" />
  <node id="-771" lat="48.7745227" lon="11.4351037" visible="true" />
  <node id="-772" lat="48.7744220" lon="11.4350639" visible="true" />
  <node id="-773" lat="48.7745485" lon="11.4343270" visible="true" />
  <node id="-774" lat="48.7745576" lon="11.4343307" visible="true" />
  <node id="-775" lat="48.7746267" lon="11.4343580" visible="true" />
  <node id="-776" lat="48.7744642" lon="11.4390848" visible="true" />
  <node id="-777" lat="48.7744589" lon="11.4389716" visible="true" />
  <node id="-778" lat="48.7743685" lon="11.4389813" visible="true" />
  <node id="-779" lat="48.7743737" lon="11.4390945" visible="true" />
  <node id="-780" lat="48.7731395" lon="11.4356220" visible="true" />
  <node id="-781" lat="48.7731372" lon="11.4354698" visible="true" />
  <node id="-782" lat="48.7728011" lon="11.4354815" visible="true" />
  <node id="-783" lat="48.7728034" lon="11.4356337" visible="true" />
  <node id="-784" lat="48.7740740" lon="11.4435293" visible="true" />
  <node id="-785" lat="48.7741771" lon="11.4436155" visible="true" />
  <node id="-786" lat="48.7740784" lon="11.4438980" visible="true" />
  <node id="-787" lat="48.7739612" lon="11.4437883" visible="true" />
  <node id="-788" lat="48.7734241" lon="11.4433214" visible="true" />
  <node id="-789" lat="48.7734558" lon="11.4435303" visible="true" />
  <node id="-790" lat="48.7732413" lon="11.4436051" visible="true" />
  <node id="-791" lat="48.7732097" lon="11.4433963" visible="true" />
  <node id="-792" lat="48.7743285" lon="11.4438483" visible="true" />
  <node id="-793" lat="48.7744254" lon="11.4439314" visible="true" />
  <node id="-794" lat="48.7743399" lon="11.4441492" visible="true" />
  <node id="-795" lat="48.7742431" lon="11.4440661" visible="true" />
  <node id="-796" lat="48.7738461" lon="11.4366881" visible="true" />
  <node id="-797" lat="48.7738503" lon="11.4370019" visible="true" />
  <node id="-798" lat="48.7737423" lon="11.4370052" visible="true" />
  <node id="-799" lat="48.7737382" lon="11.4366914" visible="true" />
  <node id="-800" lat="48.7739045" lon="11.4351307" visible="true" />
  <node id="-801" lat="48.7738848" lon="11.4352826" visible="true" />
  <node id="-802" lat="48.7736977" lon="11.4352269" visible="true" />
  <node id="-803" lat="48.7737174" lon="11.4350749" visible="true" />
  <node id="-804" lat="48.7730887" lon="11.4349612" visible="true" />
  <node id="-805" lat="48.7731059" lon="11.4351256" visible="true" />
  <node id="-806" lat="48.7727791" lon="11.4352042" visible="true" />
  <node id="-807" lat="48.7727619" lon="11.4350398" visible="true" />
  <node id="-808" lat="48.7742107" lon="11.4391435" visible="true" />
  <node id="-809" lat="48.7742012" lon="11.4389942" visible="true" />
  <node id="-810" lat="48.7741190" lon="11.4390061" visible="true" />
  <node id="-811" lat="48.7741285" lon="11.4391555" visible="true" />
  <node id="-812" lat="48.7739534" lon="11.4465228" visible="true" />
  <node id="-813" lat="48.7739672" lon="11.4466357" visible="true" />
  <node id="-814" lat="48.7738942" lon="11.4466562" visible="true" />
  <node id="-815" lat="48.7738805" lon="11.4465432" visible="true" />
  <node id="-816" lat="48.7735349" lon="11.4355761" visible="true" />
  <node id="-817" lat="48.7736089" lon="11.4351811" visible="true" />
  <node id="-818" lat="48.7734102" lon="11.4350954" visible="true" />
  <node id="-819" lat="48.7733362" lon="11.4354904" visible="true" />
  <node id="-820" lat="48.7743236" lon="11.4444336" visible="true" />
  <node id="-821" lat="48.7744423" lon="11.4443930" visible="true" />
  <node id="-822" lat="48.7744750" lon="11.4446128" visible="true" />
  <node id="-823" lat="48.7743563" lon="11.4446534" visible="true" />
  <node id="-824" lat="48.7744845" lon="11.4375726" visible="true" />
  <node id="-825" lat="48.7744668" lon="11.4373883" visible="true" />
  <node id="-826" lat="48.7743639" lon="11.4374111" visible="true" />
  <node id="-827" lat="48.7743817" lon="11.4375954" visible="true" />
  <node id="-828" lat="48.7738731" lon="11.4460769" visible="true" />
  <node id="-829" lat="48.7738921" lon="11.4462116" visible="true" />
  <node id="-830" lat="48.7738952" lon="11.4462335" visible="true" />
  <node id="-831" lat="48.7738780" lon="11.4462391" visible="true" />
  <node id="-832" lat="48.7738258" lon="11.4462560" visible="true" />
  <node id="-833" lat="48.7737958" lon="11.4462658" visible="true" />
  <node id="-834" lat="48.7737897" lon="11.4462226" visible="true" />
  <node id="-835" lat="48.7737413" lon="11.4462383" visible="true" />
  <node id="-836" lat="48.7737305" lon="11.4461620" visible="true" />
  <node id="-837" lat="48.7737788" lon="11.4461463" visible="true" />
  <node id="-838" lat="48.7737735" lon="11.4461091" visible="true" />
  <node id="-839" lat="48.7721804" lon="11.4398882" visible="true" />
  <node id="-840" lat="48.7720579" lon="11.4398992" visible="true" />
  <node id="-841" lat="48.7720640" lon="11.4400567" visible="true" />
  <node id="-842" lat="48.7721865" lon="11.4400457" visible="true" />
  <node id="-843" lat="48.7741096" lon="11.4376395" visible="true" />
  <node id="-844" lat="48.7740919" lon="11.4374552" visible="true" />
  <node id="-845" lat="48.7739890" lon="11.4374780" visible="true" />
  <node id="-846" lat="48.7740068" lon="11.4376624" visible="true" />
  <node id="-847" lat="48.7724155" lon="11.4387539" visible="true" />
  <node id="-848" lat="48.7724071" lon="11.4386870" visible="true" />
  <node id="-849" lat="48.7724497" lon="11.4386789" visible="true" />
  <node id="-850" lat="48.7724568" lon="11.4387513" visible="true" />
  <node id="-851" lat="48.7727019" lon="11.4387125" visible="true" />
  <node id="-852" lat="48.7726845" lon="11.4384867" visible="true" />
  <node id="-853" lat="48.7724356" lon="11.4385296" visible="true" />
  <node id="-854" lat="48.7724415" lon="11.4385885" visible="true" />
  <node id="-855" lat="48.7724025" lon="11.4385965" visible="true" />
  <node id="-856" lat="48.7723967" lon="11.4385379" visible="true" />
  <node id="-857" lat="48.7720744" lon="11.4385999" visible="true" />
  <node id="-858" lat="48.7720767" lon="11.4386210" visible="true" />
  <node id="-859" lat="48.7719646" lon="11.4386412" visible="true" />
  <node id="-860" lat="48.7719798" lon="11.4388336" visible="true" />
  <node id="-861" lat="48.7720925" lon="11.4388230" visible="true" />
  <node id="-862" lat="48.7720918" lon="11.4388096" visible="true" />
  <node id="-863" lat="48.7741004" lon="11.4445135" visible="true" />
  <node id="-864" lat="48.7742191" lon="11.4444729" visible="true" />
  <node id="-865" lat="48.7742518" lon="11.4446927" visible="true" />
  <node id="-866" lat="48.7741331" lon="11.4447333" visible="true" />
  <node id="-867" lat="48.7726129" lon="11.4381825" visible="true" />
  <node id="-868" lat="48.7726013" lon="11.4380419" visible="true" />
  <node id="-869" lat="48.7721432" lon="11.4381293" visible="true" />
  <node id="-870" lat="48.7721548" lon="11.4382700" visible="true" />
  <node id="-871" lat="48.7736538" lon="11.4381189" visible="true" />
  <node id="-872" lat="48.7736360" lon="11.4379346" visible="true" />
  <node id="-873" lat="48.7735332" lon="11.4379574" visible="true" />
  <node id="-874" lat="48.7735509" lon="11.4381418" visible="true" />
  <node id="-875" lat="48.7743025" lon="11.4375696" visible="true" />
  <node id="-876" lat="48.7742890" lon="11.4374476" visible="true" />
  <node id="-877" lat="48.7741437" lon="11.4374962" visible="true" />
  <node id="-878" lat="48.7741557" lon="11.4376139" visible="true" />
  <node id="-879" lat="48.7741637" lon="11.4381946" visible="true" />
  <node id="-880" lat="48.7741460" lon="11.4380102" visible="true" />
  <node id="-881" lat="48.7740431" lon="11.4380331" visible="true" />
  <node id="-882" lat="48.7740609" lon="11.4382174" visible="true" />
  <node id="-883" lat="48.7726954" lon="11.4392459" visible="true" />
  <node id="-884" lat="48.7726966" lon="11.4389588" visible="true" />
  <node id="-885" lat="48.7721694" lon="11.4390120" visible="true" />
  <node id="-886" lat="48.7721774" lon="11.4391983" visible="true" />
  <node id="-887" lat="48.7721319" lon="11.4393553" visible="true" />
  <node id="-888" lat="48.7720328" lon="11.4393659" visible="true" />
  <node id="-889" lat="48.7720660" lon="11.4396439" visible="true" />
  <node id="-890" lat="48.7721117" lon="11.4396314" visible="true" />
  <node id="-891" lat="48.7721237" lon="11.4397318" visible="true" />
  <node id="-892" lat="48.7721600" lon="11.4397218" visible="true" />
  <node id="-893" lat="48.7721537" lon="11.4396694" visible="true" />
  <node id="-894" lat="48.7723709" lon="11.4396097" visible="true" />
  <node id="-895" lat="48.7723515" lon="11.4394476" visible="true" />
  <node id="-896" lat="48.7721515" lon="11.4395032" visible="true" />
  <node id="-897" lat="48.7732625" lon="11.4360905" visible="true" />
  <node id="-898" lat="48.7732755" lon="11.4362684" visible="true" />
  <node id="-899" lat="48.7734532" lon="11.4362384" visible="true" />
  <node id="-900" lat="48.7734449" lon="11.4361246" visible="true" />
  <node id="-901" lat="48.7738278" lon="11.4360601" visible="true" />
  <node id="-902" lat="48.7738168" lon="11.4359095" visible="true" />
  <node id="-903" lat="48.7734344" lon="11.4359739" visible="true" />
  <node id="-904" lat="48.7734407" lon="11.4360604" visible="true" />
  <node id="-905" lat="48.7731558" lon="11.4372013" visible="true" />
  <node id="-906" lat="48.7736379" lon="11.4371723" visible="true" />
  <node id="-907" lat="48.7736419" lon="11.4373228" visible="true" />
  <node id="-908" lat="48.7731505" lon="11.4373524" visible="true" />
  <node id="-909" lat="48.7731487" lon="11.4372824" visible="true" />
  <node id="-910" lat="48.7729562" lon="11.4372940" visible="true" />
  <node id="-911" lat="48.7729523" lon="11.4371465" visible="true" />
  <node id="-912" lat="48.7731541" lon="11.4371344" visible="true" />
  <node id="-913" lat="48.7733400" lon="11.4366652" visible="true" />
  <node id="-914" lat="48.7728579" lon="11.4366930" visible="true" />
  <node id="-915" lat="48.7728541" lon="11.4365424" visible="true" />
  <node id="-916" lat="48.7733455" lon="11.4365141" visible="true" />
  <node id="-917" lat="48.7733472" lon="11.4365841" visible="true" />
  <node id="-918" lat="48.7735398" lon="11.4365730" visible="true" />
  <node id="-919" lat="48.7735435" lon="11.4367205" visible="true" />
  <node id="-920" lat="48.7733417" lon="11.4367321" visible="true" />
  <node id="-921" lat="48.7740915" lon="11.4364843" visible="true" />
  <node id="-922" lat="48.7745721" lon="11.4364185" visible="true" />
  <node id="-923" lat="48.7745632" lon="11.4362684" visible="true" />
  <node id="-924" lat="48.7740734" lon="11.4363355" visible="true" />
  <node id="-925" lat="48.7740776" lon="11.4364052" visible="true" />
  <node id="-926" lat="48.7738857" lon="11.4364315" visible="true" />
  <node id="-927" lat="48.7738944" lon="11.4365786" visible="true" />
  <node id="-928" lat="48.7740955" lon="11.4365510" visible="true" />
  <node id="-929" lat="48.7744417" lon="11.4354014" visible="true" />
  <node id="-930" lat="48.7744280" lon="11.4355546" visible="true" />
  <node id="-931" lat="48.7740875" lon="11.4354845" visible="true" />
  <node id="-932" lat="48.7740926" lon="11.4354269" visible="true" />
  <node id="-933" lat="48.7739341" lon="11.4353943" visible="true" />
  <node id="-934" lat="48.7739472" lon="11.4352477" visible="true" />
  <node id="-935" lat="48.7741307" lon="11.4352855" visible="true" />
  <node id="-936" lat="48.7741261" lon="11.4353365" visible="true" />
  <node id="-937" lat="48.7739319" lon="11.4357991" visible="true" />
  <node id="-938" lat="48.7742812" lon="11.4358104" visible="true" />
  <node id="-939" lat="48.7742804" lon="11.4358728" visible="true" />
  <node id="-940" lat="48.7744335" lon="11.4358777" visible="true" />
  <node id="-941" lat="48.7744314" lon="11.4360246" visible="true" />
  <node id="-942" lat="48.7742553" lon="11.4360189" visible="true" />
  <node id="-943" lat="48.7742562" lon="11.4359547" visible="true" />
  <node id="-944" lat="48.7739299" lon="11.4359442" visible="true" />
  <node id="-945" lat="48.7737772" lon="11.4424941" visible="true" />
  <node id="-946" lat="48.7737166" lon="11.4426229" visible="true" />
  <node id="-947" lat="48.7738789" lon="11.4427988" visible="true" />
  <node id="-948" lat="48.7739395" lon="11.4426700" visible="true" />
  <node id="-949" lat="48.7741120" lon="11.4346640" visible="true" />
  <node id="-950" lat="48.7742162" lon="11.4347051" visible="true" />
  <node id="-951" lat="48.7725938" lon="11.4398214" visible="true" />
  <node id="-952" lat="48.7725967" lon="11.4398353" visible="true" />
  <node id="-953" lat="48.7724570" lon="11.4399032" visible="true" />
  <node id="-954" lat="48.7724149" lon="11.4397040" visible="true" />
  <node id="-955" lat="48.7725546" lon="11.4396360" visible="true" />
  <node id="-956" lat="48.7725681" lon="11.4396998" visible="true" />
  <node id="-957" lat="48.7726967" lon="11.4396456" visible="true" />
  <node id="-958" lat="48.7726867" lon="11.4395789" visible="true" />
  <node id="-959" lat="48.7728265" lon="11.4395308" visible="true" />
  <node id="-960" lat="48.7728549" lon="11.4397211" visible="true" />
  <node id="-961" lat="48.7735102" lon="11.4422916" visible="true" />
  <node id="-962" lat="48.7735008" lon="11.4422831" visible="true" />
  <node id="-963" lat="48.7734655" lon="11.4423699" visible="true" />
  <node id="-964" lat="48.7733162" lon="11.4422288" visible="true" />
  <node id="-965" lat="48.7733663" lon="11.4421069" visible="true" />
  <node id="-966" lat="48.7734606" lon="11.4421960" visible="true" />
  <node id="-967" lat="48.7735178" lon="11.4420609" visible="true" />
  <node id="-968" lat="48.7735518" lon="11.4420966" visible="true" />
  <node id="-969" lat="48.7735863" lon="11.4420189" visible="true" />
  <node id="-970" lat="48.7737484" lon="11.4421849" visible="true" />
  <node id="-971" lat="48.7736928" lon="11.4423099" visible="true" />
  <node id="-972" lat="48.7736655" lon="11.4422819" visible="true" />
  <node id="-973" lat="48.7736340" lon="11.4423622" visible="true" />
  <node id="-974" lat="48.7736852" lon="11.4424048" visible="true" />
  <node id="-975" lat="48.7736447" lon="11.4425170" visible="true" />
  <node id="-976" lat="48.7735998" lon="11.4424797" visible="true" />
  <node id="-977" lat="48.7734786" lon="11.4423791" visible="true" />
  <node id="-978" lat="48.7731531" lon="11.4409381" visible="true" />
  <node id="-979" lat="48.7731642" lon="11.4409890" visible="true" />
  <node id="-980" lat="48.7730949" lon="11.4410240" visible="true" />
  <node id="-981" lat="48.7730837" lon="11.4409731" visible="true" />
  <node id="-982" lat="48.7740654" lon="11.4401608" visible="true" />
  <node id="-983" lat="48.7740923" lon="11.4403154" visible="true" />
  <node id="-984" lat="48.7739501" lon="11.4403725" visible="true" />
  <node id="-985" lat="48.7739232" lon="11.4402178" visible="true" />
  <node id="-986" lat="48.7742446" lon="11.4396702" visible="true" />
  <node id="-987" lat="48.7742493" lon="11.4397895" visible="true" />
  <node id="-988" lat="48.7741707" lon="11.4397967" visible="true" />
  <node id="-989" lat="48.7741660" lon="11.4396774" visible="true" />
  <node id="-990" lat="48.7722533" lon="11.4402449" visible="true" />
  <node id="-991" lat="48.7723838" lon="11.4406708" visible="true" />
  <node id="-992" lat="48.7722916" lon="11.4407358" visible="true" />
  <node id="-993" lat="48.7721611" lon="11.4403100" visible="true" />
  <node id="-994" lat="48.7738139" lon="11.4398509" visible="true" />
  <node id="-995" lat="48.7738231" lon="11.4399233" visible="true" />
  <node id="-996" lat="48.7737262" lon="11.4399516" visible="true" />
  <node id="-997" lat="48.7737170" lon="11.4398791" visible="true" />
  <node id="-998" lat="48.7742105" lon="11.4391827" visible="true" />
  <node id="-999" lat="48.7742682" lon="11.4391744" visible="true" />
  <node id="-1000" lat="48.7742728" lon="11.4392486" visible="true" />
  <node id="-1001" lat="48.7742151" lon="11.4392569" visible="true" />
  <node id="-1002" lat="48.7743361" lon="11.4420649" visible="true" />
  <node id="-1003" lat="48.7743553" lon="11.4421454" visible="true" />
  <node id="-1004" lat="48.7742604" lon="11.4421974" visible="true" />
  <node id="-1005" lat="48.7742412" lon="11.4421169" visible="true" />
  <node id="-1006" lat="48.7743229" lon="11.4390587" visible="true" />
  <node id="-1007" lat="48.7743342" lon="11.4392398" visible="true" />
  <node id="-1008" lat="48.7742615" lon="11.4390676" visible="true" />
  <node id="-1009" lat="48.7733255" lon="11.4390837" visible="true" />
  <node id="-1010" lat="48.7733346" lon="11.4391679" visible="true" />
  <node id="-1011" lat="48.7732370" lon="11.4391919" visible="true" />
  <node id="-1012" lat="48.7732280" lon="11.4391077" visible="true" />
  <node id="-1013" lat="48.7738683" lon="11.4422169" visible="true" />
  <node id="-1014" lat="48.7738064" lon="11.4423508" visible="true" />
  <node id="-1015" lat="48.7737595" lon="11.4423009" visible="true" />
  <node id="-1016" lat="48.7738214" lon="11.4421669" visible="true" />
  <node id="-1017" lat="48.7728810" lon="11.4414301" visible="true" />
  <node id="-1018" lat="48.7728504" lon="11.4414861" visible="true" />
  <node id="-1019" lat="48.7727964" lon="11.4414182" visible="true" />
  <node id="-1020" lat="48.7728269" lon="11.4413622" visible="true" />
  <node id="-1021" lat="48.7733443" lon="11.4412194" visible="true" />
  <node id="-1022" lat="48.7733294" lon="11.4411289" visible="true" />
  <node id="-1023" lat="48.7733649" lon="11.4411155" visible="true" />
  <node id="-1024" lat="48.7733798" lon="11.4412060" visible="true" />
  <node id="-1025" lat="48.7732017" lon="11.4391677" visible="true" />
  <node id="-1026" lat="48.7732392" lon="11.4396652" visible="true" />
  <node id="-1027" lat="48.7731469" lon="11.4396812" visible="true" />
  <node id="-1028" lat="48.7731094" lon="11.4391837" visible="true" />
  <node id="-1029" lat="48.7729183" lon="11.4416195" visible="true" />
  <node id="-1030" lat="48.7728591" lon="11.4417588" visible="true" />
  <node id="-1031" lat="48.7727492" lon="11.4416513" visible="true" />
  <node id="-1032" lat="48.7728083" lon="11.4415121" visible="true" />
  <node id="-1033" lat="48.7734356" lon="11.4409621" visible="true" />
  <node id="-1034" lat="48.7734614" lon="11.4411446" visible="true" />
  <node id="-1035" lat="48.7733831" lon="11.4411701" visible="true" />
  <node id="-1036" lat="48.7733573" lon="11.4409876" visible="true" />
  <node id="-1037" lat="48.7731903" lon="11.4411841" visible="true" />
  <node id="-1038" lat="48.7731949" lon="11.4412204" visible="true" />
  <node id="-1039" lat="48.7731465" lon="11.4412345" visible="true" />
  <node id="-1040" lat="48.7731419" lon="11.4411982" visible="true" />
  <node id="-1041" lat="48.7741456" lon="11.4406313" visible="true" />
  <node id="-1042" lat="48.7741675" lon="11.4408069" visible="true" />
  <node id="-1043" lat="48.7740985" lon="11.4408267" visible="true" />
  <node id="-1044" lat="48.7740766" lon="11.4406511" visible="true" />
  <node id="-1045" lat="48.7741253" lon="11.4421849" visible="true" />
  <node id="-1046" lat="48.7741419" lon="11.4422742" visible="true" />
  <node id="-1047" lat="48.7740813" lon="11.4423002" visible="true" />
  <node id="-1048" lat="48.7740647" lon="11.4422109" visible="true" />
  <node id="-1049" lat="48.7741029" lon="11.4415171" visible="true" />
  <node id="-1050" lat="48.7741375" lon="11.4416429" visible="true" />
  <node id="-1051" lat="48.7740334" lon="11.4417089" visible="true" />
  <node id="-1052" lat="48.7739988" lon="11.4415830" visible="true" />
  <node id="-1053" lat="48.7736368" lon="11.4408971" visible="true" />
  <node id="-1054" lat="48.7736592" lon="11.4410328" visible="true" />
  <node id="-1055" lat="48.7735426" lon="11.4410771" visible="true" />
  <node id="-1056" lat="48.7735202" lon="11.4409413" visible="true" />
  <node id="-1057" lat="48.7745522" lon="11.4432246" visible="true" />
  <node id="-1058" lat="48.7744881" lon="11.4433819" visible="true" />
  <node id="-1059" lat="48.7743985" lon="11.4432980" visible="true" />
  <node id="-1060" lat="48.7744626" lon="11.4431406" visible="true" />
  <node id="-1061" lat="48.7736400" lon="11.4399072" visible="true" />
  <node id="-1062" lat="48.7736479" lon="11.4399732" visible="true" />
  <node id="-1063" lat="48.7735940" lon="11.4399881" visible="true" />
  <node id="-1064" lat="48.7735861" lon="11.4399221" visible="true" />
  <node id="-1065" lat="48.7743058" lon="11.4422348" visible="true" />
  <node id="-1066" lat="48.7743329" lon="11.4423524" visible="true" />
  <node id="-1067" lat="48.7742539" lon="11.4423944" visible="true" />
  <node id="-1068" lat="48.7742267" lon="11.4422768" visible="true" />
  <node id="-1069" lat="48.7739582" lon="11.4413173" visible="true" />
  <node id="-1070" lat="48.7739753" lon="11.4414010" visible="true" />
  <node id="-1071" lat="48.7739206" lon="11.4414267" visible="true" />
  <node id="-1072" lat="48.7739035" lon="11.4413430" visible="true" />
  <node id="-1073" lat="48.7725826" lon="11.4401038" visible="true" />
  <node id="-1074" lat="48.7726289" lon="11.4403793" visible="true" />
  <node id="-1075" lat="48.7725853" lon="11.4403962" visible="true" />
  <node id="-1076" lat="48.7725895" lon="11.4404211" visible="true" />
  <node id="-1077" lat="48.7724978" lon="11.4404566" visible="true" />
  <node id="-1078" lat="48.7724936" lon="11.4404315" visible="true" />
  <node id="-1079" lat="48.7724235" lon="11.4404587" visible="true" />
  <node id="-1080" lat="48.7723770" lon="11.4401821" visible="true" />
  <node id="-1081" lat="48.7724448" lon="11.4401558" visible="true" />
  <node id="-1082" lat="48.7724406" lon="11.4401310" visible="true" />
  <node id="-1083" lat="48.7725323" lon="11.4400956" visible="true" />
  <node id="-1084" lat="48.7725366" lon="11.4401216" visible="true" />
  <node id="-1085" lat="48.7736223" lon="11.4397848" visible="true" />
  <node id="-1086" lat="48.7736325" lon="11.4398763" visible="true" />
  <node id="-1087" lat="48.7735761" lon="11.4398909" visible="true" />
  <node id="-1088" lat="48.7735658" lon="11.4397994" visible="true" />
  <node id="-1089" lat="48.7735101" lon="11.4408320" visible="true" />
  <node id="-1090" lat="48.7733946" lon="11.4408547" visible="true" />
  <node id="-1091" lat="48.7733836" lon="11.4407253" visible="true" />
  <node id="-1092" lat="48.7734991" lon="11.4407027" visible="true" />
  <node id="-1093" lat="48.7739566" lon="11.4423328" visible="true" />
  <node id="-1094" lat="48.7739909" lon="11.4423693" visible="true" />
  <node id="-1095" lat="48.7738881" lon="11.4425913" visible="true" />
  <node id="-1096" lat="48.7738538" lon="11.4425548" visible="true" />
  <node id="-1097" lat="48.7730319" lon="11.4417468" visible="true" />
  <node id="-1098" lat="48.7729792" lon="11.4418742" visible="true" />
  <node id="-1099" lat="48.7729139" lon="11.4418120" visible="true" />
  <node id="-1100" lat="48.7729667" lon="11.4416846" visible="true" />
  <node id="-1101" lat="48.7740721" lon="11.4408772" visible="true" />
  <node id="-1102" lat="48.7740810" lon="11.4409337" visible="true" />
  <node id="-1103" lat="48.7740301" lon="11.4409547" visible="true" />
  <node id="-1104" lat="48.7740203" lon="11.4408961" visible="true" />
  <node id="-1105" lat="48.7743486" lon="11.4404540" visible="true" />
  <node id="-1106" lat="48.7743723" lon="11.4406100" visible="true" />
  <node id="-1107" lat="48.7743159" lon="11.4406297" visible="true" />
  <node id="-1108" lat="48.7742922" lon="11.4404738" visible="true" />
  <node id="-1109" lat="48.7741780" lon="11.4414631" visible="true" />
  <node id="-1110" lat="48.7750826" lon="11.4410613" visible="true" />
  <node id="-1111" lat="48.7751142" lon="11.4412253" visible="true" />
  <node id="-1112" lat="48.7742096" lon="11.4416270" visible="true" />
  <node id="-1113" lat="48.7721376" lon="11.4389962" visible="true" />
  <node id="-1114" lat="48.7719984" lon="11.4390317" visible="true" />
  <node id="-1115" lat="48.7737561" lon="11.4385883" visible="true" />
  <node id="-1116" lat="48.7737511" lon="11.4387455" visible="true" />
  <node id="-1117" lat="48.7736549" lon="11.4387385" visible="true" />
  <node id="-1118" lat="48.7736599" lon="11.4385812" visible="true" />
  <node id="-1119" lat="48.7744664" lon="11.4391892" visible="true" />
  <node id="-1120" lat="48.7744672" lon="11.4392427" visible="true" />
  <node id="-1121" lat="48.7744137" lon="11.4392446" visible="true" />
  <node id="-1122" lat="48.7744129" lon="11.4391910" visible="true" />
  <node id="-1123" lat="48.7734840" lon="11.4412166" visible="true" />
  <node id="-1124" lat="48.7735102" lon="11.4413642" visible="true" />
  <node id="-1125" lat="48.7734133" lon="11.4414038" visible="true" />
  <node id="-1126" lat="48.7733871" lon="11.4412562" visible="true" />
  <node id="-1127" lat="48.7731698" lon="11.4412717" visible="true" />
  <node id="-1128" lat="48.7731933" lon="11.4414495" visible="true" />
  <node id="-1129" lat="48.7731094" lon="11.4414750" visible="true" />
  <node id="-1130" lat="48.7730860" lon="11.4412972" visible="true" />
  <node id="-1131" lat="48.7741943" lon="11.4408876" visible="true" />
  <node id="-1132" lat="48.7742538" lon="11.4412088" visible="true" />
  <node id="-1133" lat="48.7741675" lon="11.4412471" visible="true" />
  <node id="-1134" lat="48.7741039" lon="11.4409233" visible="true" />
  <node id="-1135" lat="48.7723484" lon="11.4398149" visible="true" />
  <node id="-1136" lat="48.7723707" lon="11.4399336" visible="true" />
  <node id="-1137" lat="48.7722164" lon="11.4400005" visible="true" />
  <node id="-1138" lat="48.7721941" lon="11.4398818" visible="true" />
  <node id="-1139" lat="48.7740897" lon="11.4423348" visible="true" />
  <node id="-1140" lat="48.7741152" lon="11.4424854" visible="true" />
  <node id="-1141" lat="48.7740177" lon="11.4425234" visible="true" />
  <node id="-1142" lat="48.7739922" lon="11.4423728" visible="true" />
  <node id="-1143" lat="48.7740844" lon="11.4417610" visible="true" />
  <node id="-1144" lat="48.7741094" lon="11.4418506" visible="true" />
  <node id="-1145" lat="48.7740501" lon="11.4418886" visible="true" />
  <node id="-1146" lat="48.7740251" lon="11.4417990" visible="true" />
  <node id="-1147" lat="48.7726231" lon="11.4393041" visible="true" />
  <node id="-1148" lat="48.7726573" lon="11.4394809" visible="true" />
  <node id="-1149" lat="48.7725361" lon="11.4395349" visible="true" />
  <node id="-1150" lat="48.7725019" lon="11.4393581" visible="true" />
  <node id="-1151" lat="48.7735269" lon="11.4414965" visible="true" />
  <node id="-1152" lat="48.7735603" lon="11.4416520" visible="true" />
  <node id="-1153" lat="48.7734746" lon="11.4416944" visible="true" />
  <node id="-1154" lat="48.7734412" lon="11.4415390" visible="true" />
  <node id="-1155" lat="48.7724134" lon="11.4375245" visible="true" />
  <node id="-1156" lat="48.7724244" lon="11.4376766" visible="true" />
  <node id="-1157" lat="48.7722863" lon="11.4376995" visible="true" />
  <node id="-1158" lat="48.7722753" lon="11.4375474" visible="true" />
  <node id="-1159" lat="48.7731663" lon="11.4408528" visible="true" />
  <node id="-1160" lat="48.7729899" lon="11.4408892" visible="true" />
  <node id="-1161" lat="48.7729800" lon="11.4407788" visible="true" />
  <node id="-1162" lat="48.7730016" lon="11.4407744" visible="true" />
  <node id="-1163" lat="48.7729561" lon="11.4402662" visible="true" />
  <node id="-1164" lat="48.7731110" lon="11.4402343" visible="true" />
  <node id="-1165" lat="48.7740413" lon="11.4399189" visible="true" />
  <node id="-1166" lat="48.7740616" lon="11.4400866" visible="true" />
  <node id="-1167" lat="48.7739115" lon="11.4401285" visible="true" />
  <node id="-1168" lat="48.7738912" lon="11.4399608" visible="true" />
  <node id="-1169" lat="48.7737803" lon="11.4407868" visible="true" />
  <node id="-1170" lat="48.7738118" lon="11.4409404" visible="true" />
  <node id="-1171" lat="48.7737280" lon="11.4409800" visible="true" />
  <node id="-1172" lat="48.7736965" lon="11.4408264" visible="true" />
  <node id="-1173" lat="48.7730040" lon="11.4410455" visible="true" />
  <node id="-1174" lat="48.7730318" lon="11.4412111" visible="true" />
  <node id="-1175" lat="48.7729367" lon="11.4412478" visible="true" />
  <node id="-1176" lat="48.7729089" lon="11.4410823" visible="true" />
  <node id="-1177" lat="48.7739996" lon="11.4410817" visible="true" />
  <node id="-1178" lat="48.7740361" lon="11.4412789" visible="true" />
  <node id="-1179" lat="48.7739393" lon="11.4413201" visible="true" />
  <node id="-1180" lat="48.7739028" lon="11.4411230" visible="true" />
  <node id="-1181" lat="48.7740185" lon="11.4406700" visible="true" />
  <node id="-1182" lat="48.7740394" lon="11.4407894" visible="true" />
  <node id="-1183" lat="48.7738871" lon="11.4408506" visible="true" />
  <node id="-1184" lat="48.7738663" lon="11.4407313" visible="true" />
  <node id="-1185" lat="48.7744455" lon="11.4420969" visible="true" />
  <node id="-1186" lat="48.7744850" lon="11.4422728" visible="true" />
  <node id="-1187" lat="48.7743988" lon="11.4423174" visible="true" />
  <node id="-1188" lat="48.7743592" lon="11.4421415" visible="true" />
  <node id="-1189" lat="48.7744264" lon="11.4404280" visible="true" />
  <node id="-1190" lat="48.7744541" lon="11.4405485" visible="true" />
  <node id="-1191" lat="48.7744278" lon="11.4405625" visible="true" />
  <node id="-1192" lat="48.7744000" lon="11.4404420" visible="true" />
  <node id="-1193" lat="48.7738196" lon="11.4418410" visible="true" />
  <node id="-1194" lat="48.7738512" lon="11.4419569" visible="true" />
  <node id="-1195" lat="48.7738209" lon="11.4419759" visible="true" />
  <node id="-1196" lat="48.7737893" lon="11.4418600" visible="true" />
  <node id="-1197" lat="48.7744613" lon="11.4419689" visible="true" />
  <node id="-1198" lat="48.7744837" lon="11.4420769" visible="true" />
  <node id="-1199" lat="48.7744617" lon="11.4420874" visible="true" />
  <node id="-1200" lat="48.7744393" lon="11.4419794" visible="true" />
  <node id="-1201" lat="48.7732230" lon="11.4419473" visible="true" />
  <node id="-1202" lat="48.7731733" lon="11.4420608" visible="true" />
  <node id="-1203" lat="48.7730062" lon="11.4418923" visible="true" />
  <node id="-1204" lat="48.7730559" lon="11.4417788" visible="true" />
  <node id="-1205" lat="48.7740861" lon="11.4410272" visible="true" />
  <node id="-1206" lat="48.7741005" lon="11.4411043" visible="true" />
  <node id="-1207" lat="48.7740630" lon="11.4411206" visible="true" />
  <node id="-1208" lat="48.7740485" lon="11.4410435" visible="true" />
  <node id="-1209" lat="48.7737537" lon="11.4417530" visible="true" />
  <node id="-1210" lat="48.7737928" lon="11.4418828" visible="true" />
  <node id="-1211" lat="48.7737006" lon="11.4419468" visible="true" />
  <node id="-1212" lat="48.7736615" lon="11.4418170" visible="true" />
  <node id="-1213" lat="48.7727388" lon="11.4413425" visible="true" />
  <node id="-1214" lat="48.7726469" lon="11.4414727" visible="true" />
  <node id="-1215" lat="48.7725786" lon="11.4413616" visible="true" />
  <node id="-1216" lat="48.7726705" lon="11.4412314" visible="true" />
  <node id="-1217" lat="48.7727795" lon="11.4411525" visible="true" />
  <node id="-1218" lat="48.7728179" lon="11.4412796" visible="true" />
  <node id="-1219" lat="48.7739972" lon="11.4396903" visible="true" />
  <node id="-1220" lat="48.7740146" lon="11.4398640" visible="true" />
  <node id="-1221" lat="48.7739427" lon="11.4398805" visible="true" />
  <node id="-1222" lat="48.7739464" lon="11.4399171" visible="true" />
  <node id="-1223" lat="48.7738537" lon="11.4399384" visible="true" />
  <node id="-1224" lat="48.7738482" lon="11.4398839" visible="true" />
  <node id="-1225" lat="48.7739144" lon="11.4398686" visible="true" />
  <node id="-1226" lat="48.7739086" lon="11.4398110" visible="true" />
  <node id="-1227" lat="48.7738516" lon="11.4398241" visible="true" />
  <node id="-1228" lat="48.7738426" lon="11.4397343" visible="true" />
  <node id="-1229" lat="48.7739006" lon="11.4397210" visible="true" />
  <node id="-1230" lat="48.7739025" lon="11.4397409" visible="true" />
  <node id="-1231" lat="48.7739141" lon="11.4397383" visible="true" />
  <node id="-1232" lat="48.7739113" lon="11.4397100" visible="true" />
  <node id="-1233" lat="48.7734486" lon="11.4414202" visible="true" />
  <node id="-1234" lat="48.7734635" lon="11.4414965" visible="true" />
  <node id="-1235" lat="48.7734024" lon="11.4415240" visible="true" />
  <node id="-1236" lat="48.7733875" lon="11.4414477" visible="true" />
  <node id="-1237" lat="48.7729771" lon="11.4409447" visible="true" />
  <node id="-1238" lat="48.7729882" lon="11.4409962" visible="true" />
  <node id="-1239" lat="48.7729421" lon="11.4410190" visible="true" />
  <node id="-1240" lat="48.7729310" lon="11.4409675" visible="true" />
  <node id="-1241" lat="48.7740667" lon="11.4404334" visible="true" />
  <node id="-1242" lat="48.7740917" lon="11.4405709" visible="true" />
  <node id="-1243" lat="48.7739634" lon="11.4406245" visible="true" />
  <node id="-1244" lat="48.7739384" lon="11.4404871" visible="true" />
  <node id="-1245" lat="48.7736927" lon="11.4413806" visible="true" />
  <node id="-1246" lat="48.7737210" lon="11.4415144" visible="true" />
  <node id="-1247" lat="48.7736278" lon="11.4415596" visible="true" />
  <node id="-1248" lat="48.7735996" lon="11.4414258" visible="true" />
  <node id="-1249" lat="48.7734691" lon="11.4420429" visible="true" />
  <node id="-1250" lat="48.7734269" lon="11.4421269" visible="true" />
  <node id="-1251" lat="48.7734019" lon="11.4421009" visible="true" />
  <node id="-1252" lat="48.7734281" lon="11.4420427" visible="true" />
  <node id="-1253" lat="48.7733933" lon="11.4419899" visible="true" />
  <node id="-1254" lat="48.7734137" lon="11.4419589" visible="true" />
  <node id="-1255" lat="48.7739825" lon="11.4390060" visible="true" />
  <node id="-1256" lat="48.7739942" lon="11.4392218" visible="true" />
  <node id="-1257" lat="48.7739800" lon="11.4392235" visible="true" />
  <node id="-1258" lat="48.7739868" lon="11.4393490" visible="true" />
  <node id="-1259" lat="48.7740066" lon="11.4393466" visible="true" />
  <node id="-1260" lat="48.7740134" lon="11.4394726" visible="true" />
  <node id="-1261" lat="48.7739469" lon="11.4394809" visible="true" />
  <node id="-1262" lat="48.7739483" lon="11.4395059" visible="true" />
  <node id="-1263" lat="48.7739309" lon="11.4395081" visible="true" />
  <node id="-1264" lat="48.7739325" lon="11.4395378" visible="true" />
  <node id="-1265" lat="48.7738631" lon="11.4395465" visible="true" />
  <node id="-1266" lat="48.7738624" lon="11.4395341" visible="true" />
  <node id="-1267" lat="48.7737874" lon="11.4395434" visible="true" />
  <node id="-1268" lat="48.7737774" lon="11.4393590" visible="true" />
  <node id="-1269" lat="48.7738645" lon="11.4393482" visible="true" />
  <node id="-1270" lat="48.7738469" lon="11.4390229" visible="true" />
  <node id="-1271" lat="48.7738907" lon="11.4418750" visible="true" />
  <node id="-1272" lat="48.7738486" lon="11.4419029" visible="true" />
  <node id="-1273" lat="48.7738296" lon="11.4418371" visible="true" />
  <node id="-1274" lat="48.7738612" lon="11.4418161" visible="true" />
  <node id="-1275" lat="48.7738283" lon="11.4417018" visible="true" />
  <node id="-1276" lat="48.7739382" lon="11.4416290" visible="true" />
  <node id="-1277" lat="48.7739790" lon="11.4417710" visible="true" />
  <node id="-1278" lat="48.7738797" lon="11.4418368" visible="true" />
  <node id="-1279" lat="48.7741838" lon="11.4393689" visible="true" />
  <node id="-1280" lat="48.7743268" lon="11.4393363" visible="true" />
  <node id="-1281" lat="48.7743438" lon="11.4395079" visible="true" />
  <node id="-1282" lat="48.7742008" lon="11.4395405" visible="true" />
  <node id="-1283" lat="48.7744073" lon="11.4426207" visible="true" />
  <node id="-1284" lat="48.7744423" lon="11.4427828" visible="true" />
  <node id="-1285" lat="48.7744626" lon="11.4427747" visible="true" />
  <node id="-1286" lat="48.7744837" lon="11.4428967" visible="true" />
  <node id="-1287" lat="48.7744330" lon="11.4429168" visible="true" />
  <node id="-1288" lat="48.7744141" lon="11.4428077" visible="true" />
  <node id="-1289" lat="48.7743562" lon="11.4428366" visible="true" />
  <node id="-1290" lat="48.7743190" lon="11.4426647" visible="true" />
  <node id="-1291" lat="48.7741394" lon="11.4428865" visible="true" />
  <node id="-1292" lat="48.7740716" lon="11.4428211" visible="true" />
  <node id="-1293" lat="48.7740963" lon="11.4427631" visible="true" />
  <node id="-1294" lat="48.7741639" lon="11.4427227" visible="true" />
  <node id="-1295" lat="48.7741960" lon="11.4428555" visible="true" />
  <node id="-1296" lat="48.7728686" lon="11.4436690" visible="true" />
  <node id="-1297" lat="48.7729364" lon="11.4439654" visible="true" />
  <node id="-1298" lat="48.7726334" lon="11.4441248" visible="true" />
  <node id="-1299" lat="48.7725657" lon="11.4438284" visible="true" />
  <node id="-1300" lat="48.7713871" lon="11.4466629" visible="true" />
  <node id="-1301" lat="48.7713792" lon="11.4468896" visible="true" />
  <node id="-1302" lat="48.7713062" lon="11.4468837" visible="true" />
  <node id="-1303" lat="48.7713141" lon="11.4466571" visible="true" />
  <node id="-1304" lat="48.7707558" lon="11.4465105" visible="true" />
  <node id="-1305" lat="48.7709062" lon="11.4464132" visible="true" />
  <node id="-1306" lat="48.7709478" lon="11.4465610" visible="true" />
  <node id="-1307" lat="48.7708830" lon="11.4466030" visible="true" />
  <node id="-1308" lat="48.7709062" lon="11.4466855" visible="true" />
  <node id="-1309" lat="48.7708206" lon="11.4467409" visible="true" />
  <node id="-1310" lat="48.7712115" lon="11.4420755" visible="true" />
  <node id="-1311" lat="48.7712239" lon="11.4421982" visible="true" />
  <node id="-1312" lat="48.7711517" lon="11.4422148" visible="true" />
  <node id="-1313" lat="48.7711394" lon="11.4420921" visible="true" />
  <node id="-1314" lat="48.7713148" lon="11.4417507" visible="true" />
  <node id="-1315" lat="48.7713345" lon="11.4419386" visible="true" />
  <node id="-1316" lat="48.7712859" lon="11.4419503" visible="true" />
  <node id="-1317" lat="48.7712663" lon="11.4417624" visible="true" />
  <node id="-1318" lat="48.7713631" lon="11.4430164" visible="true" />
  <node id="-1319" lat="48.7713841" lon="11.4431463" visible="true" />
  <node id="-1320" lat="48.7713023" lon="11.4431765" visible="true" />
  <node id="-1321" lat="48.7712813" lon="11.4430467" visible="true" />
  <node id="-1322" lat="48.7727002" lon="11.4427684" visible="true" />
  <node id="-1323" lat="48.7726962" lon="11.4428940" visible="true" />
  <node id="-1324" lat="48.7726190" lon="11.4428884" visible="true" />
  <node id="-1325" lat="48.7726230" lon="11.4427628" visible="true" />
  <node id="-1326" lat="48.7718217" lon="11.4414249" visible="true" />
  <node id="-1327" lat="48.7718678" lon="11.4415525" visible="true" />
  <node id="-1328" lat="48.7717924" lon="11.4416152" visible="true" />
  <node id="-1329" lat="48.7717463" lon="11.4414875" visible="true" />
  <node id="-1330" lat="48.7716681" lon="11.4415339" visible="true" />
  <node id="-1331" lat="48.7715656" lon="11.4416278" visible="true" />
  <node id="-1332" lat="48.7715444" lon="11.4415631" visible="true" />
  <node id="-1333" lat="48.7715924" lon="11.4414463" visible="true" />
  <node id="-1334" lat="48.7725869" lon="11.4376689" visible="true" />
  <node id="-1335" lat="48.7725777" lon="11.4376025" visible="true" />
  <node id="-1336" lat="48.7726711" lon="11.4375726" visible="true" />
  <node id="-1337" lat="48.7726692" lon="11.4374755" visible="true" />
  <node id="-1338" lat="48.7727479" lon="11.4374719" visible="true" />
  <node id="-1339" lat="48.7727507" lon="11.4376113" visible="true" />
  <node id="-1340" lat="48.7734010" lon="11.4431709" visible="true" />
  <node id="-1341" lat="48.7733729" lon="11.4432459" visible="true" />
  <node id="-1342" lat="48.7733059" lon="11.4431880" visible="true" />
  <node id="-1343" lat="48.7733340" lon="11.4431131" visible="true" />
  <node id="-1344" lat="48.7727603" lon="11.4430787" visible="true" />
  <node id="-1345" lat="48.7727603" lon="11.4427349" visible="true" />
  <node id="-1346" lat="48.7728544" lon="11.4430844" visible="true" />
  <node id="-1347" lat="48.7728183" lon="11.4470900" visible="true" />
  <node id="-1348" lat="48.7728194" lon="11.4471617" visible="true" />
  <node id="-1349" lat="48.7728213" lon="11.4472837" visible="true" />
  <node id="-1350" lat="48.7727895" lon="11.4472849" visible="true" />
  <node id="-1351" lat="48.7727884" lon="11.4472157" visible="true" />
  <node id="-1352" lat="48.7727535" lon="11.4472170" visible="true" />
  <node id="-1353" lat="48.7727515" lon="11.4470924" visible="true" />
  <node id="-1354" lat="48.7728042" lon="11.4470905" visible="true" />
  <node id="-1355" lat="48.7735412" lon="11.4464588" visible="true" />
  <node id="-1356" lat="48.7735354" lon="11.4466543" visible="true" />
  <node id="-1357" lat="48.7735222" lon="11.4466540" visible="true" />
  <node id="-1358" lat="48.7735050" lon="11.4467395" visible="true" />
  <node id="-1359" lat="48.7734655" lon="11.4467220" visible="true" />
  <node id="-1360" lat="48.7734800" lon="11.4466497" visible="true" />
  <node id="-1361" lat="48.7734885" lon="11.4464589" visible="true" />
  <node id="-1362" lat="48.7742902" lon="11.4438131" visible="true" />
  <node id="-1363" lat="48.7742006" lon="11.4440850" visible="true" />
  <node id="-1364" lat="48.7741141" lon="11.4440194" visible="true" />
  <node id="-1365" lat="48.7742037" lon="11.4437474" visible="true" />
  <node id="-1366" lat="48.7734858" lon="11.4469852" visible="true" />
  <node id="-1367" lat="48.7734419" lon="11.4472186" visible="true" />
  <node id="-1368" lat="48.7734245" lon="11.4473111" visible="true" />
  <node id="-1369" lat="48.7733698" lon="11.4472874" visible="true" />
  <node id="-1370" lat="48.7734064" lon="11.4470929" visible="true" />
  <node id="-1371" lat="48.7734197" lon="11.4470986" visible="true" />
  <node id="-1372" lat="48.7734445" lon="11.4469673" visible="true" />
  <node id="-1373" lat="48.7732827" lon="11.4475125" visible="true" />
  <node id="-1374" lat="48.7732835" lon="11.4476228" visible="true" />
  <node id="-1375" lat="48.7732295" lon="11.4476236" visible="true" />
  <node id="-1376" lat="48.7732288" lon="11.4475133" visible="true" />
  <node id="-1377" lat="48.7733732" lon="11.4429396" visible="true" />
  <node id="-1378" lat="48.7733177" lon="11.4430720" visible="true" />
  <node id="-1379" lat="48.7732157" lon="11.4429735" visible="true" />
  <node id="-1380" lat="48.7732712" lon="11.4428411" visible="true" />
  <node id="-1381" lat="48.7735586" lon="11.4430959" visible="true" />
  <node id="-1382" lat="48.7734960" lon="11.4432459" visible="true" />
  <node id="-1383" lat="48.7733837" lon="11.4431381" visible="true" />
  <node id="-1384" lat="48.7734463" lon="11.4429881" visible="true" />
  <node id="-1385" lat="48.7730341" lon="11.4436056" visible="true" />
  <node id="-1386" lat="48.7730647" lon="11.4437370" visible="true" />
  <node id="-1387" lat="48.7729846" lon="11.4437799" visible="true" />
  <node id="-1388" lat="48.7729540" lon="11.4436485" visible="true" />
  <node id="-1389" lat="48.7737783" lon="11.4455020" visible="true" />
  <node id="-1390" lat="48.7738250" lon="11.4454863" visible="true" />
  <node id="-1391" lat="48.7738450" lon="11.4456233" visible="true" />
  <node id="-1392" lat="48.7738624" lon="11.4456174" visible="true" />
  <node id="-1393" lat="48.7738831" lon="11.4457591" visible="true" />
  <node id="-1394" lat="48.7738398" lon="11.4457736" visible="true" />
  <node id="-1395" lat="48.7738113" lon="11.4455784" visible="true" />
  <node id="-1396" lat="48.7737905" lon="11.4455854" visible="true" />
  <node id="-1397" lat="48.7737852" lon="11.4455492" visible="true" />
  <node id="-1398" lat="48.7728259" lon="11.4466990" visible="true" />
  <node id="-1399" lat="48.7727849" lon="11.4469275" visible="true" />
  <node id="-1400" lat="48.7727833" lon="11.4469234" visible="true" />
  <node id="-1401" lat="48.7727392" lon="11.4469052" visible="true" />
  <node id="-1402" lat="48.7727796" lon="11.4466798" visible="true" />
  <node id="-1403" lat="48.7739875" lon="11.4435333" visible="true" />
  <node id="-1404" lat="48.7739350" lon="11.4436594" visible="true" />
  <node id="-1405" lat="48.7738763" lon="11.4436031" visible="true" />
  <node id="-1406" lat="48.7739288" lon="11.4434770" visible="true" />
  <node id="-1407" lat="48.7732761" lon="11.4440577" visible="true" />
  <node id="-1408" lat="48.7733422" lon="11.4440195" visible="true" />
  <node id="-1409" lat="48.7733527" lon="11.4440612" visible="true" />
  <node id="-1410" lat="48.7733852" lon="11.4440424" visible="true" />
  <node id="-1411" lat="48.7733918" lon="11.4440685" visible="true" />
  <node id="-1412" lat="48.7734900" lon="11.4440118" visible="true" />
  <node id="-1413" lat="48.7735226" lon="11.4441418" visible="true" />
  <node id="-1414" lat="48.7734854" lon="11.4441633" visible="true" />
  <node id="-1415" lat="48.7734906" lon="11.4441843" visible="true" />
  <node id="-1416" lat="48.7734135" lon="11.4442288" visible="true" />
  <node id="-1417" lat="48.7733309" lon="11.4442764" visible="true" />
  <node id="-1418" lat="48.7728691" lon="11.4431109" visible="true" />
  <node id="-1419" lat="48.7729008" lon="11.4432752" visible="true" />
  <node id="-1420" lat="48.7727936" lon="11.4433228" visible="true" />
  <node id="-1421" lat="48.7727840" lon="11.4432730" visible="true" />
  <node id="-1422" lat="48.7727590" lon="11.4432841" visible="true" />
  <node id="-1423" lat="48.7727286" lon="11.4431264" visible="true" />
  <node id="-1424" lat="48.7727758" lon="11.4431054" visible="true" />
  <node id="-1425" lat="48.7727841" lon="11.4431487" visible="true" />
  <node id="-1426" lat="48.7732887" lon="11.4432131" visible="true" />
  <node id="-1427" lat="48.7731188" lon="11.4434288" visible="true" />
  <node id="-1428" lat="48.7730075" lon="11.4430943" visible="true" />
  <node id="-1429" lat="48.7729045" lon="11.4431490" visible="true" />
  <node id="-1430" lat="48.7737211" lon="11.4443386" visible="true" />
  <node id="-1431" lat="48.7736995" lon="11.4441850" visible="true" />
  <node id="-1432" lat="48.7740259" lon="11.4440796" visible="true" />
  <node id="-1433" lat="48.7740491" lon="11.4442449" visible="true" />
  <node id="-1434" lat="48.7741017" lon="11.4442299" visible="true" />
  <node id="-1435" lat="48.7741263" lon="11.4444284" visible="true" />
  <node id="-1436" lat="48.7737102" lon="11.4445472" visible="true" />
  <node id="-1437" lat="48.7736855" lon="11.4443487" visible="true" />
  <node id="-1438" lat="48.7732559" lon="11.4462085" visible="true" />
  <node id="-1439" lat="48.7732190" lon="11.4463957" visible="true" />
  <node id="-1440" lat="48.7731765" lon="11.4463764" visible="true" />
  <node id="-1441" lat="48.7732134" lon="11.4461892" visible="true" />
  <node id="-1442" lat="48.7738081" lon="11.4463627" visible="true" />
  <node id="-1443" lat="48.7738261" lon="11.4464926" visible="true" />
  <node id="-1444" lat="48.7737319" lon="11.4465227" visible="true" />
  <node id="-1445" lat="48.7737138" lon="11.4463928" visible="true" />
  <node id="-1446" lat="48.7739869" lon="11.4476125" visible="true" />
  <node id="-1447" lat="48.7739842" lon="11.4474510" visible="true" />
  <node id="-1448" lat="48.7739303" lon="11.4474531" visible="true" />
  <node id="-1449" lat="48.7739331" lon="11.4476146" visible="true" />
  <node id="-1450" lat="48.7739796" lon="11.4474268" visible="true" />
  <node id="-1451" lat="48.7739336" lon="11.4474340" visible="true" />
  <node id="-1452" lat="48.7739293" lon="11.4473711" visible="true" />
  <node id="-1453" lat="48.7739753" lon="11.4473639" visible="true" />
  <node id="-1454" lat="48.7723167" lon="11.4345387" visible="true" />
  <node id="-1455" lat="48.7722642" lon="11.4346506" visible="true" />
  <node id="-1456" lat="48.7721202" lon="11.4344950" visible="true" />
  <node id="-1457" lat="48.7721728" lon="11.4343831" visible="true" />
  <node id="-1458" lat="48.7727801" lon="11.4341198" visible="true" />
  <node id="-1459" lat="48.7726677" lon="11.4342395" visible="true" />
  <node id="-1460" lat="48.7725784" lon="11.4340463" visible="true" />
  <node id="-1461" lat="48.7726908" lon="11.4339267" visible="true" />
  <node id="-1462" lat="48.7727821" lon="11.4337875" visible="true" />
  <node id="-1463" lat="48.7728550" lon="11.4337129" visible="true" />
  <node id="-1464" lat="48.7729139" lon="11.4338456" visible="true" />
  <node id="-1465" lat="48.7729310" lon="11.4338303" visible="true" />
  <node id="-1466" lat="48.7729635" lon="11.4339134" visible="true" />
  <node id="-1467" lat="48.7728668" lon="11.4340001" visible="true" />
  <node id="-1468" lat="48.7743508" lon="11.4386790" visible="true" />
  <node id="-1469" lat="48.7743561" lon="11.4387750" visible="true" />
  <node id="-1470" lat="48.7743247" lon="11.4387789" visible="true" />
  <node id="-1471" lat="48.7743194" lon="11.4386829" visible="true" />
  <node id="-1472" lat="48.7742721" lon="11.4378537" visible="true" />
  <node id="-1473" lat="48.7742837" lon="11.4379601" visible="true" />
  <node id="-1474" lat="48.7742205" lon="11.4379761" visible="true" />
  <node id="-1475" lat="48.7742088" lon="11.4378697" visible="true" />
  <node id="-1476" lat="48.7743419" lon="11.4380522" visible="true" />
  <node id="-1477" lat="48.7743492" lon="11.4381999" visible="true" />
  <node id="-1478" lat="48.7742379" lon="11.4382146" visible="true" />
  <node id="-1479" lat="48.7742290" lon="11.4380642" visible="true" />
  <node id="-1480" lat="48.7741610" lon="11.4429074" visible="true" />
  <node id="-1481" lat="48.7741140" lon="11.4430197" visible="true" />
  <node id="-1482" lat="48.7742022" lon="11.4431048" visible="true" />
  <node id="-1483" lat="48.7742493" lon="11.4429925" visible="true" />
  <node id="-1484" lat="48.7742892" lon="11.4428037" visible="true" />
  <node id="-1485" lat="48.7742571" lon="11.4426709" visible="true" />
  <node id="-1486" lat="48.7740141" lon="11.4429233" visible="true" />
  <node id="-1487" lat="48.7740611" lon="11.4428110" visible="true" />
  <node id="-1488" lat="48.7725625" lon="11.4462169" visible="true" />
  <node id="-1489" lat="48.7726686" lon="11.4462615" visible="true" />
  <node id="-1490" lat="48.7726480" lon="11.4463739" visible="true" />
  <node id="-1491" lat="48.7725419" lon="11.4463293" visible="true" />
  <node id="-1492" lat="48.7722579" lon="11.4458402" visible="true" />
  <node id="-1493" lat="48.7722859" lon="11.4456605" visible="true" />
  <node id="-1494" lat="48.7723693" lon="11.4456904" visible="true" />
  <node id="-1495" lat="48.7723418" lon="11.4458670" visible="true" />
  <node id="-1496" lat="48.7727747" lon="11.4463061" visible="true" />
  <node id="-1497" lat="48.7727541" lon="11.4464185" visible="true" />
  <node id="-1498" lat="48.7722095" lon="11.4461925" visible="true" />
  <node id="-1499" lat="48.7722298" lon="11.4460200" visible="true" />
  <node id="-1500" lat="48.7723142" lon="11.4460437" visible="true" />
  <node id="-1501" lat="48.7722866" lon="11.4462203" visible="true" />
  <node id="-1502" lat="48.7733426" lon="11.4443230" visible="true" />
  <node id="-1503" lat="48.7734251" lon="11.4442753" visible="true" />
  <node id="-1504" lat="48.7728808" lon="11.4463507" visible="true" />
  <node id="-1505" lat="48.7728602" lon="11.4464631" visible="true" />
  <node id="-1506" lat="48.7724564" lon="11.4461723" visible="true" />
  <node id="-1507" lat="48.7724358" lon="11.4462847" visible="true" />
  <node id="-1508" lat="48.7731845" lon="11.4382638" visible="true" />
  <node id="-1509" lat="48.7732011" lon="11.4385377" visible="true" />
  <node id="-1510" lat="48.7731422" lon="11.4385460" visible="true" />
  <node id="-1511" lat="48.7731255" lon="11.4382720" visible="true" />
  <node id="-1512" lat="48.7730660" lon="11.4381014" visible="true" />
  <node id="-1513" lat="48.7730614" lon="11.4380206" visible="true" />
  <node id="-1514" lat="48.7731143" lon="11.4380136" visible="true" />
  <node id="-1515" lat="48.7731189" lon="11.4380944" visible="true" />
  <node id="-1516" lat="48.7730956" lon="11.4386138" visible="true" />
  <node id="-1517" lat="48.7731011" lon="11.4387086" visible="true" />
  <node id="-1518" lat="48.7730366" lon="11.4387171" visible="true" />
  <node id="-1519" lat="48.7729220" lon="11.4387324" visible="true" />
  <node id="-1520" lat="48.7728502" lon="11.4387419" visible="true" />
  <node id="-1521" lat="48.7728105" lon="11.4380540" visible="true" />
  <node id="-1522" lat="48.7731668" lon="11.4402279" visible="true" />
  <node id="-1523" lat="48.7735398" lon="11.4401547" visible="true" />
  <node id="-1524" lat="48.7735632" lon="11.4404282" visible="true" />
  <node id="-1525" lat="48.7735023" lon="11.4404402" visible="true" />
  <node id="-1526" lat="48.7735212" lon="11.4406618" visible="true" />
  <node id="-1527" lat="48.7733294" lon="11.4406994" visible="true" />
  <node id="-1528" lat="48.7733273" lon="11.4406747" visible="true" />
  <node id="-1529" lat="48.7732749" lon="11.4406161" visible="true" />
  <node id="-1530" lat="48.7732722" lon="11.4405843" visible="true" />
  <node id="-1531" lat="48.7732191" lon="11.4405947" visible="true" />
  <node id="-1532" lat="48.7731956" lon="11.4405659" visible="true" />
  <node id="-1533" lat="48.7731861" lon="11.4404548" visible="true" />
  <node id="-1534" lat="48.7731950" lon="11.4404524" visible="true" />
  <node id="-1535" lat="48.7731847" lon="11.4403347" visible="true" />
  <node id="-1536" lat="48.7731749" lon="11.4403235" visible="true" />
  <node id="-1537" lat="48.7728571" lon="11.4409056" visible="true" />
  <node id="-1538" lat="48.7728786" lon="11.4410338" visible="true" />
  <node id="-1539" lat="48.7728452" lon="11.4410467" visible="true" />
  <node id="-1540" lat="48.7728237" lon="11.4409185" visible="true" />
  <node id="-1541" lat="48.7728982" lon="11.4410310" visible="true" />
  <node id="-1542" lat="48.7728777" lon="11.4409008" visible="true" />
  <node id="-1543" lat="48.7729104" lon="11.4408889" visible="true" />
  <node id="-1544" lat="48.7729309" lon="11.4410191" visible="true" />
  <node id="-1545" lat="48.7728728" lon="11.4402689" visible="true" />
  <node id="-1546" lat="48.7726620" lon="11.4403536" visible="true" />
  <node id="-1547" lat="48.7726141" lon="11.4400801" visible="true" />
  <node id="-1548" lat="48.7728437" lon="11.4399874" visible="true" />
  <node id="-1549" lat="48.7730975" lon="11.4399326" visible="true" />
  <node id="-1550" lat="48.7731240" lon="11.4402147" visible="true" />
  <node id="-1551" lat="48.7722813" lon="11.4351523" visible="true" />
  <node id="-1552" lat="48.7722307" lon="11.4350283" visible="true" />
  <node id="-1553" lat="48.7721300" lon="11.4350827" visible="true" />
  <node id="-1554" lat="48.7721631" lon="11.4352204" visible="true" />
  <node id="-1555" lat="48.7727463" lon="11.4373018" visible="true" />
  <node id="-1556" lat="48.7727475" lon="11.4373576" visible="true" />
  <node id="-1557" lat="48.7727271" lon="11.4373585" visible="true" />
  <node id="-1558" lat="48.7727260" lon="11.4373028" visible="true" />
  <node id="-1559" lat="48.7719749" lon="11.4351867" visible="true" />
  <node id="-1560" lat="48.7718804" lon="11.4352029" visible="true" />
  <node id="-1561" lat="48.7718835" lon="11.4352442" visible="true" />
  <node id="-1562" lat="48.7725177" lon="11.4353056" visible="true" />
  <node id="-1563" lat="48.7726082" lon="11.4352893" visible="true" />
  <node id="-1564" lat="48.7725542" lon="11.4376794" visible="true" />
  <node id="-1565" lat="48.7725403" lon="11.4375790" visible="true" />
  <node id="-1566" lat="48.7725730" lon="11.4375686" visible="true" />
  <node id="-1567" lat="48.7724701" lon="11.4348031" visible="true" />
  <node id="-1568" lat="48.7723771" lon="11.4348907" visible="true" />
  <node id="-1569" lat="48.7724264" lon="11.4350115" visible="true" />
  <node id="-1570" lat="48.7724313" lon="11.4350234" visible="true" />
  <node id="-1571" lat="48.7722849" lon="11.4351610" visible="true" />
  <node id="-1572" lat="48.7732505" lon="11.4346736" visible="true" />
  <node id="-1573" lat="48.7733704" lon="11.4347183" visible="true" />
  <node id="-1574" lat="48.7734497" lon="11.4342278" visible="true" />
  <node id="-1575" lat="48.7737833" lon="11.4343520" visible="true" />
  <node id="-1576" lat="48.7738100" lon="11.4341869" visible="true" />
  <node id="-1577" lat="48.7733565" lon="11.4340181" visible="true" />
  <node id="-1578" lat="48.7723423" lon="11.4468714" visible="true" />
  <node id="-1579" lat="48.7723434" lon="11.4469960" visible="true" />
  <node id="-1580" lat="48.7723643" lon="11.4469956" visible="true" />
  <node id="-1581" lat="48.7723672" lon="11.4473259" visible="true" />
  <node id="-1582" lat="48.7723413" lon="11.4473265" visible="true" />
  <node id="-1583" lat="48.7723410" lon="11.4472955" visible="true" />
  <node id="-1584" lat="48.7722687" lon="11.4472969" visible="true" />
  <node id="-1585" lat="48.7722704" lon="11.4474908" visible="true" />
  <node id="-1586" lat="48.7723485" lon="11.4474893" visible="true" />
  <node id="-1587" lat="48.7723496" lon="11.4476150" visible="true" />
  <node id="-1588" lat="48.7721724" lon="11.4476186" visible="true" />
  <node id="-1589" lat="48.7721689" lon="11.4472305" visible="true" />
  <node id="-1590" lat="48.7722605" lon="11.4472287" visible="true" />
  <node id="-1591" lat="48.7722584" lon="11.4469969" visible="true" />
  <node id="-1592" lat="48.7721659" lon="11.4469987" visible="true" />
  <node id="-1593" lat="48.7721648" lon="11.4468750" visible="true" />
  <node id="-1594" lat="48.7718014" lon="11.4470754" visible="true" />
  <node id="-1595" lat="48.7717347" lon="11.4470756" visible="true" />
  <node id="-1596" lat="48.7717346" lon="11.4469949" visible="true" />
  <node id="-1597" lat="48.7718013" lon="11.4469947" visible="true" />
  <node id="-1598" lat="48.7719221" lon="11.4470313" visible="true" />
  <node id="-1599" lat="48.7718396" lon="11.4470315" visible="true" />
  <node id="-1600" lat="48.7716471" lon="11.4426582" visible="true" />
  <node id="-1601" lat="48.7716615" lon="11.4427335" visible="true" />
  <node id="-1602" lat="48.7716109" lon="11.4427558" visible="true" />
  <node id="-1603" lat="48.7715964" lon="11.4426805" visible="true" />
  <node id="-1604" lat="48.7716132" lon="11.4424857" visible="true" />
  <node id="-1605" lat="48.7715126" lon="11.4425300" visible="true" />
  <node id="-1606" lat="48.7715276" lon="11.4426080" visible="true" />
  <node id="-1607" lat="48.7716282" lon="11.4425636" visible="true" />
  <node id="-1608" lat="48.7712319" lon="11.4408735" visible="true" />
  <node id="-1609" lat="48.7712073" lon="11.4409401" visible="true" />
  <node id="-1610" lat="48.7712355" lon="11.4409639" visible="true" />
  <node id="-1611" lat="48.7712601" lon="11.4408974" visible="true" />
  <node id="-1612" lat="48.7713136" lon="11.4411927" visible="true" />
  <node id="-1613" lat="48.7712949" lon="11.4412404" visible="true" />
  <node id="-1614" lat="48.7712050" lon="11.4411595" visible="true" />
  <node id="-1615" lat="48.7712237" lon="11.4411118" visible="true" />
  <node id="-1616" lat="48.7721678" lon="11.4418002" visible="true" />
  <node id="-1617" lat="48.7721005" lon="11.4417367" visible="true" />
  <node id="-1618" lat="48.7720729" lon="11.4418035" visible="true" />
  <node id="-1619" lat="48.7721402" lon="11.4418671" visible="true" />
  <node id="-1620" lat="48.7716180" lon="11.4438864" visible="true" />
  <node id="-1621" lat="48.7716326" lon="11.4439536" visible="true" />
  <node id="-1622" lat="48.7715875" lon="11.4439759" visible="true" />
  <node id="-1623" lat="48.7715729" lon="11.4439088" visible="true" />
  <node id="-1624" lat="48.7714080" lon="11.4439856" visible="true" />
  <node id="-1625" lat="48.7714226" lon="11.4440527" visible="true" />
  <node id="-1626" lat="48.7713775" lon="11.4440751" visible="true" />
  <node id="-1627" lat="48.7713629" lon="11.4440080" visible="true" />
  <node id="-1628" lat="48.7711617" lon="11.4437181" visible="true" />
  <node id="-1629" lat="48.7711729" lon="11.4437766" visible="true" />
  <node id="-1630" lat="48.7712363" lon="11.4437489" visible="true" />
  <node id="-1631" lat="48.7712252" lon="11.4436904" visible="true" />
  <node id="-1632" lat="48.7716284" lon="11.4434029" visible="true" />
  <node id="-1633" lat="48.7716350" lon="11.4434453" visible="true" />
  <node id="-1634" lat="48.7716185" lon="11.4434512" visible="true" />
  <node id="-1635" lat="48.7716311" lon="11.4435333" visible="true" />
  <node id="-1636" lat="48.7715448" lon="11.4435638" visible="true" />
  <node id="-1637" lat="48.7715256" lon="11.4434392" visible="true" />
  <node id="-1638" lat="48.7716664" lon="11.4431187" visible="true" />
  <node id="-1639" lat="48.7716114" lon="11.4431386" visible="true" />
  <node id="-1640" lat="48.7716177" lon="11.4431782" visible="true" />
  <node id="-1641" lat="48.7716726" lon="11.4431583" visible="true" />
  <node id="-1642" lat="48.7710345" lon="11.4438661" visible="true" />
  <node id="-1643" lat="48.7710419" lon="11.4439100" visible="true" />
  <node id="-1644" lat="48.7709748" lon="11.4439357" visible="true" />
  <node id="-1645" lat="48.7710704" lon="11.4441603" visible="true" />
  <node id="-1646" lat="48.7710194" lon="11.4441893" visible="true" />
  <node id="-1647" lat="48.7710279" lon="11.4442235" visible="true" />
  <node id="-1648" lat="48.7709954" lon="11.4442420" visible="true" />
  <node id="-1649" lat="48.7710112" lon="11.4443056" visible="true" />
  <node id="-1650" lat="48.7710947" lon="11.4442580" visible="true" />
  <node id="-1651" lat="48.7720100" lon="11.4411488" visible="true" />
  <node id="-1652" lat="48.7717568" lon="11.4409087" visible="true" />
  <node id="-1653" lat="48.7718251" lon="11.4407480" visible="true" />
  <node id="-1654" lat="48.7718619" lon="11.4407845" visible="true" />
  <node id="-1655" lat="48.7719237" lon="11.4407577" visible="true" />
  <node id="-1656" lat="48.7720431" lon="11.4410654" visible="true" />
  <node id="-1657" lat="48.7735640" lon="11.4383508" visible="true" />
  <node id="-1658" lat="48.7735627" lon="11.4384989" visible="true" />
  <node id="-1659" lat="48.7734656" lon="11.4384969" visible="true" />
  <node id="-1660" lat="48.7734669" lon="11.4383488" visible="true" />
  <node id="-1661" lat="48.7735618" lon="11.4385935" visible="true" />
  <node id="-1662" lat="48.7735614" lon="11.4387363" visible="true" />
  <node id="-1663" lat="48.7734655" lon="11.4387356" visible="true" />
  <node id="-1664" lat="48.7734659" lon="11.4385928" visible="true" />
  <node id="-1665" lat="48.7722651" lon="11.4442727" visible="true" />
  <node id="-1666" lat="48.7722560" lon="11.4443520" visible="true" />
  <node id="-1667" lat="48.7721979" lon="11.4443367" visible="true" />
  <node id="-1668" lat="48.7722070" lon="11.4442574" visible="true" />
  <node id="-1669" lat="48.7718618" lon="11.4449885" visible="true" />
  <node id="-1670" lat="48.7719593" lon="11.4451318" visible="true" />
  <node id="-1671" lat="48.7719868" lon="11.4452422" visible="true" />
  <node id="-1672" lat="48.7719326" lon="11.4452732" visible="true" />
  <node id="-1673" lat="48.7719321" lon="11.4450220" visible="true" />
  <node id="-1674" lat="48.7720160" lon="11.4448062" visible="true" />
  <node id="-1675" lat="48.7720036" lon="11.4448927" visible="true" />
  <node id="-1676" lat="48.7719501" lon="11.4448751" visible="true" />
  <node id="-1677" lat="48.7719625" lon="11.4447885" visible="true" />
  <node id="-1678" lat="48.7718291" lon="11.4448372" visible="true" />
  <node id="-1679" lat="48.7718851" lon="11.4448085" visible="true" />
  <node id="-1680" lat="48.7719114" lon="11.4449267" visible="true" />
  <node id="-1681" lat="48.7718553" lon="11.4449553" visible="true" />
  <node id="-1682" lat="48.7717289" lon="11.4446451" visible="true" />
  <node id="-1683" lat="48.7718061" lon="11.4446023" visible="true" />
  <node id="-1684" lat="48.7718415" lon="11.4447489" visible="true" />
  <node id="-1685" lat="48.7717643" lon="11.4447918" visible="true" />
  <node id="-1686" lat="48.7720014" lon="11.4444984" visible="true" />
  <node id="-1687" lat="48.7720350" lon="11.4446519" visible="true" />
  <node id="-1688" lat="48.7719510" lon="11.4446942" visible="true" />
  <node id="-1689" lat="48.7719174" lon="11.4445407" visible="true" />
  <node id="-1690" lat="48.7722378" lon="11.4445225" visible="true" />
  <node id="-1691" lat="48.7722162" lon="11.4446734" visible="true" />
  <node id="-1692" lat="48.7721368" lon="11.4446472" visible="true" />
  <node id="-1693" lat="48.7721584" lon="11.4444963" visible="true" />
  <node id="-1694" lat="48.7736643" lon="11.4403189" visible="true" />
  <node id="-1695" lat="48.7736932" lon="11.4404792" visible="true" />
  <node id="-1696" lat="48.7738470" lon="11.4404156" visible="true" />
  <node id="-1697" lat="48.7738181" lon="11.4402552" visible="true" />
  <node id="-1698" lat="48.7736554" lon="11.4400593" visible="true" />
  <node id="-1699" lat="48.7736802" lon="11.4402149" visible="true" />
  <node id="-1700" lat="48.7738347" lon="11.4401582" visible="true" />
  <node id="-1701" lat="48.7738099" lon="11.4400026" visible="true" />
  <node id="-1702" lat="48.7744165" lon="11.4398561" visible="true" />
  <node id="-1703" lat="48.7744280" lon="11.4399292" visible="true" />
  <node id="-1704" lat="48.7743898" lon="11.4399430" visible="true" />
  <node id="-1705" lat="48.7743783" lon="11.4398699" visible="true" />
  <node id="-1706" lat="48.7742768" lon="11.4398485" visible="true" />
  <node id="-1707" lat="48.7742721" lon="11.4397907" visible="true" />
  <node id="-1708" lat="48.7743461" lon="11.4397767" visible="true" />
  <node id="-1709" lat="48.7743508" lon="11.4398345" visible="true" />
  <node id="-1710" lat="48.7741345" lon="11.4393546" visible="true" />
  <node id="-1711" lat="48.7741295" lon="11.4392813" visible="true" />
  <node id="-1712" lat="48.7741764" lon="11.4392739" visible="true" />
  <node id="-1713" lat="48.7741814" lon="11.4393472" visible="true" />
  <node id="-1714" lat="48.7741865" lon="11.4395291" visible="true" />
  <node id="-1715" lat="48.7741468" lon="11.4395377" visible="true" />
  <node id="-1716" lat="48.7741390" lon="11.4394546" visible="true" />
  <node id="-1717" lat="48.7741787" lon="11.4394461" visible="true" />
  <node id="-1718" lat="48.7744253" lon="11.4394739" visible="true" />
  <node id="-1719" lat="48.7745085" lon="11.4394518" visible="true" />
  <node id="-1720" lat="48.7745333" lon="11.4396664" visible="true" />
  <node id="-1721" lat="48.7744501" lon="11.4396885" visible="true" />
  <node id="-1722" lat="48.7711837" lon="11.4458560" visible="true" />
  <node id="-1723" lat="48.7712039" lon="11.4459385" visible="true" />
  <node id="-1724" lat="48.7709591" lon="11.4459390" visible="true" />
  <node id="-1725" lat="48.7709359" lon="11.4458417" visible="true" />
  <node id="-1726" lat="48.7708326" lon="11.4458983" visible="true" />
  <node id="-1727" lat="48.7708440" lon="11.4459460" visible="true" />
  <node id="-1728" lat="48.7708955" lon="11.4459178" visible="true" />
  <node id="-1729" lat="48.7709073" lon="11.4459673" visible="true" />
  <node id="-1730" lat="48.7710687" lon="11.4460876" visible="true" />
  <node id="-1731" lat="48.7710503" lon="11.4460117" visible="true" />
  <node id="-1732" lat="48.7709856" lon="11.4460480" visible="true" />
  <node id="-1733" lat="48.7710041" lon="11.4461239" visible="true" />
  <node id="-1734" lat="48.7709405" lon="11.4456204" visible="true" />
  <node id="-1735" lat="48.7708515" lon="11.4456697" visible="true" />
  <node id="-1736" lat="48.7709583" lon="11.4456911" visible="true" />
  <node id="-1737" lat="48.7708694" lon="11.4457404" visible="true" />
  <node id="-1738" lat="48.7709758" lon="11.4457619" visible="true" />
  <node id="-1739" lat="48.7708869" lon="11.4458112" visible="true" />
  <node id="-1740" lat="48.7711315" lon="11.4455193" visible="true" />
  <node id="-1741" lat="48.7710420" lon="11.4455660" visible="true" />
  <node id="-1742" lat="48.7711485" lon="11.4455904" visible="true" />
  <node id="-1743" lat="48.7710590" lon="11.4456371" visible="true" />
  <node id="-1744" lat="48.7711651" lon="11.4456618" visible="true" />
  <node id="-1745" lat="48.7710756" lon="11.4457085" visible="true" />
  <node id="-1746" lat="48.7712547" lon="11.4456335" visible="true" />
  <node id="-1747" lat="48.7712023" lon="11.4456628" visible="true" />
  <node id="-1748" lat="48.7712125" lon="11.4457047" visible="true" />
  <node id="-1749" lat="48.7712569" lon="11.4456799" visible="true" />
  <node id="-1750" lat="48.7712649" lon="11.4456754" visible="true" />
  <node id="-1751" lat="48.7712043" lon="11.4457093" visible="true" />
  <node id="-1752" lat="48.7712145" lon="11.4457515" visible="true" />
  <node id="-1753" lat="48.7712671" lon="11.4457221" visible="true" />
  <node id="-1754" lat="48.7713349" lon="11.4452722" visible="true" />
  <node id="-1755" lat="48.7713184" lon="11.4452020" visible="true" />
  <node id="-1756" lat="48.7711149" lon="11.4453124" visible="true" />
  <node id="-1757" lat="48.7711314" lon="11.4453827" visible="true" />
  <node id="-1758" lat="48.7712305" lon="11.4448818" visible="true" />
  <node id="-1759" lat="48.7711806" lon="11.4449096" visible="true" />
  <node id="-1760" lat="48.7711944" lon="11.4449662" visible="true" />
  <node id="-1761" lat="48.7712442" lon="11.4449384" visible="true" />
  <node id="-1762" lat="48.7712366" lon="11.4449071" visible="true" />
  <node id="-1763" lat="48.7728369" lon="11.4473334" visible="true" />
  <node id="-1764" lat="48.7728379" lon="11.4473506" visible="true" />
  <node id="-1765" lat="48.7729030" lon="11.4473476" visible="true" />
  <node id="-1766" lat="48.7727573" lon="11.4473345" visible="true" />
  <node id="-1767" lat="48.7729115" lon="11.4474525" visible="true" />
  <node id="-1768" lat="48.7729649" lon="11.4474499" visible="true" />
  <node id="-1769" lat="48.7729662" lon="11.4475026" visible="true" />
  <node id="-1770" lat="48.7729115" lon="11.4475037" visible="true" />
  <node id="-1771" lat="48.7729532" lon="11.4472842" visible="true" />
  <node id="-1772" lat="48.7728939" lon="11.4472831" visible="true" />
  <node id="-1773" lat="48.7728935" lon="11.4473316" visible="true" />
  <node id="-1774" lat="48.7729532" lon="11.4473321" visible="true" />
  <node id="-1775" lat="48.7727513" lon="11.4470474" visible="true" />
  <node id="-1776" lat="48.7728038" lon="11.4470454" visible="true" />
  <node id="-1777" lat="48.7728529" lon="11.4470441" visible="true" />
  <node id="-1778" lat="48.7728318" lon="11.4471604" visible="true" />
  <node id="-1779" lat="48.7728654" lon="11.4467140" visible="true" />
  <node id="-1780" lat="48.7728327" lon="11.4468913" visible="true" />
  <node id="-1781" lat="48.7728710" lon="11.4469075" visible="true" />
  <node id="-1782" lat="48.7728614" lon="11.4469599" visible="true" />
  <node id="-1783" lat="48.7727752" lon="11.4469672" visible="true" />
  <node id="-1784" lat="48.7727315" lon="11.4469487" visible="true" />
  <node id="-1785" lat="48.7729492" lon="11.4470141" visible="true" />
  <node id="-1786" lat="48.7729297" lon="11.4471141" visible="true" />
  <node id="-1787" lat="48.7728715" lon="11.4470878" visible="true" />
  <node id="-1788" lat="48.7729390" lon="11.4467443" visible="true" />
  <node id="-1789" lat="48.7729123" lon="11.4467318" visible="true" />
  <node id="-1790" lat="48.7728953" lon="11.4468142" visible="true" />
  <node id="-1791" lat="48.7729220" lon="11.4468267" visible="true" />
  <node id="-1792" lat="48.7728855" lon="11.4467193" visible="true" />
  <node id="-1793" lat="48.7728685" lon="11.4468017" visible="true" />
  <node id="-1794" lat="48.7730386" lon="11.4467913" visible="true" />
  <node id="-1795" lat="48.7730194" lon="11.4468873" visible="true" />
  <node id="-1796" lat="48.7730341" lon="11.4468948" visible="true" />
  <node id="-1797" lat="48.7730085" lon="11.4470371" visible="true" />
  <node id="-1798" lat="48.7731922" lon="11.4468580" visible="true" />
  <node id="-1799" lat="48.7731772" lon="11.4469352" visible="true" />
  <node id="-1800" lat="48.7731980" lon="11.4469445" visible="true" />
  <node id="-1801" lat="48.7731558" lon="11.4471621" visible="true" />
  <node id="-1802" lat="48.7730796" lon="11.4467858" visible="true" />
  <node id="-1803" lat="48.7730537" lon="11.4467740" visible="true" />
  <node id="-1804" lat="48.7730378" lon="11.4468537" visible="true" />
  <node id="-1805" lat="48.7730637" lon="11.4468656" visible="true" />
  <node id="-1806" lat="48.7731007" lon="11.4468252" visible="true" />
  <node id="-1807" lat="48.7730748" lon="11.4468133" visible="true" />
  <node id="-1808" lat="48.7730589" lon="11.4468930" visible="true" />
  <node id="-1809" lat="48.7730848" lon="11.4469049" visible="true" />
  <node id="-1810" lat="48.7733574" lon="11.4469250" visible="true" />
  <node id="-1811" lat="48.7733382" lon="11.4470303" visible="true" />
  <node id="-1812" lat="48.7733596" lon="11.4470393" visible="true" />
  <node id="-1813" lat="48.7733446" lon="11.4471165" visible="true" />
  <node id="-1814" lat="48.7733159" lon="11.4472599" visible="true" />
  <node id="-1815" lat="48.7732923" lon="11.4472490" visible="true" />
  <node id="-1816" lat="48.7733844" lon="11.4470504" visible="true" />
  <node id="-1817" lat="48.7733710" lon="11.4471287" visible="true" />
  <node id="-1818" lat="48.7733313" lon="11.4473268" visible="true" />
  <node id="-1819" lat="48.7732813" lon="11.4473037" visible="true" />
  <node id="-1820" lat="48.7735194" lon="11.4469994" visible="true" />
  <node id="-1821" lat="48.7735130" lon="11.4470366" visible="true" />
  <node id="-1822" lat="48.7734975" lon="11.4471274" visible="true" />
  <node id="-1823" lat="48.7735152" lon="11.4471343" visible="true" />
  <node id="-1824" lat="48.7734953" lon="11.4472440" visible="true" />
  <node id="-1825" lat="48.7735310" lon="11.4471406" visible="true" />
  <node id="-1826" lat="48.7735465" lon="11.4470514" visible="true" />
  <node id="-1827" lat="48.7735637" lon="11.4471946" visible="true" />
  <node id="-1828" lat="48.7735327" lon="11.4471825" visible="true" />
  <node id="-1829" lat="48.7735193" lon="11.4472611" visible="true" />
  <node id="-1830" lat="48.7735504" lon="11.4472732" visible="true" />
  <node id="-1831" lat="48.7735749" lon="11.4471277" visible="true" />
  <node id="-1832" lat="48.7735454" lon="11.4471153" visible="true" />
  <node id="-1833" lat="48.7736819" lon="11.4471814" visible="true" />
  <node id="-1834" lat="48.7736344" lon="11.4471841" visible="true" />
  <node id="-1835" lat="48.7736364" lon="11.4472648" visible="true" />
  <node id="-1836" lat="48.7736858" lon="11.4472618" visible="true" />
  <node id="-1837" lat="48.7737183" lon="11.4470181" visible="true" />
  <node id="-1838" lat="48.7737245" lon="11.4471454" visible="true" />
  <node id="-1839" lat="48.7737392" lon="11.4471438" visible="true" />
  <node id="-1840" lat="48.7737463" lon="11.4472899" visible="true" />
  <node id="-1841" lat="48.7736874" lon="11.4472965" visible="true" />
  <node id="-1842" lat="48.7738232" lon="11.4471747" visible="true" />
  <node id="-1843" lat="48.7737820" lon="11.4471810" visible="true" />
  <node id="-1844" lat="48.7737889" lon="11.4472852" visible="true" />
  <node id="-1845" lat="48.7738302" lon="11.4472789" visible="true" />
  <node id="-1846" lat="48.7739000" lon="11.4469732" visible="true" />
  <node id="-1847" lat="48.7739129" lon="11.4470859" visible="true" />
  <node id="-1848" lat="48.7739306" lon="11.4470812" visible="true" />
  <node id="-1849" lat="48.7739359" lon="11.4471271" visible="true" />
  <node id="-1850" lat="48.7739724" lon="11.4472270" visible="true" />
  <node id="-1851" lat="48.7739690" lon="11.4471777" visible="true" />
  <node id="-1852" lat="48.7739167" lon="11.4471858" visible="true" />
  <node id="-1853" lat="48.7739200" lon="11.4472352" visible="true" />
  <node id="-1854" lat="48.7736505" lon="11.4474777" visible="true" />
  <node id="-1855" lat="48.7735798" lon="11.4474796" visible="true" />
  <node id="-1856" lat="48.7735806" lon="11.4475257" visible="true" />
  <node id="-1857" lat="48.7736522" lon="11.4475218" visible="true" />
  <node id="-1858" lat="48.7731482" lon="11.4473689" visible="true" />
  <node id="-1859" lat="48.7731177" lon="11.4473562" visible="true" />
  <node id="-1860" lat="48.7730640" lon="11.4473341" visible="true" />
  <node id="-1861" lat="48.7730494" lon="11.4473925" visible="true" />
  <node id="-1862" lat="48.7730888" lon="11.4473897" visible="true" />
  <node id="-1863" lat="48.7731461" lon="11.4473856" visible="true" />
  <node id="-1864" lat="48.7731437" lon="11.4474397" visible="true" />
  <node id="-1865" lat="48.7730903" lon="11.4474397" visible="true" />
  <node id="-1866" lat="48.7731611" lon="11.4472896" visible="true" />
  <node id="-1867" lat="48.7731317" lon="11.4472779" visible="true" />
  <node id="-1868" lat="48.7730780" lon="11.4472558" visible="true" />
  <node id="-1869" lat="48.7740027" lon="11.4466474" visible="true" />
  <node id="-1870" lat="48.7739752" lon="11.4466548" visible="true" />
  <node id="-1871" lat="48.7739846" lon="11.4467357" visible="true" />
  <node id="-1872" lat="48.7740121" lon="11.4467283" visible="true" />
  <node id="-1873" lat="48.7738857" lon="11.4463014" visible="true" />
  <node id="-1874" lat="48.7738344" lon="11.4463180" visible="true" />
  <node id="-1875" lat="48.7738412" lon="11.4463666" visible="true" />
  <node id="-1876" lat="48.7738926" lon="11.4463500" visible="true" />
  <node id="-1877" lat="48.7739550" lon="11.4462766" visible="true" />
  <node id="-1878" lat="48.7739440" lon="11.4461909" visible="true" />
  <node id="-1879" lat="48.7736537" lon="11.4458174" visible="true" />
  <node id="-1880" lat="48.7736494" lon="11.4458195" visible="true" />
  <node id="-1881" lat="48.7736212" lon="11.4458286" visible="true" />
  <node id="-1882" lat="48.7735936" lon="11.4458388" visible="true" />
  <node id="-1883" lat="48.7735878" lon="11.4458407" visible="true" />
  <node id="-1884" lat="48.7736616" lon="11.4459060" visible="true" />
  <node id="-1885" lat="48.7736335" lon="11.4459152" visible="true" />
  <node id="-1886" lat="48.7736056" lon="11.4459254" visible="true" />
  <node id="-1887" lat="48.7735774" lon="11.4459345" visible="true" />
  <node id="-1888" lat="48.7735652" lon="11.4458480" visible="true" />
  <node id="-1889" lat="48.7737160" lon="11.4455229" visible="true" />
  <node id="-1890" lat="48.7737229" lon="11.4455701" visible="true" />
  <node id="-1891" lat="48.7732750" lon="11.4452099" visible="true" />
  <node id="-1892" lat="48.7732401" lon="11.4452194" visible="true" />
  <node id="-1893" lat="48.7727956" lon="11.4454468" visible="true" />
  <node id="-1894" lat="48.7727832" lon="11.4453390" visible="true" />
  <node id="-1895" lat="48.7725233" lon="11.4455720" visible="true" />
  <node id="-1896" lat="48.7725019" lon="11.4454759" visible="true" />
  <node id="-1897" lat="48.7724223" lon="11.4456237" visible="true" />
  <node id="-1898" lat="48.7724010" lon="11.4455275" visible="true" />
  <node id="-1899" lat="48.7733457" lon="11.4455521" visible="true" />
  <node id="-1900" lat="48.7732879" lon="11.4455729" visible="true" />
  <node id="-1901" lat="48.7732999" lon="11.4456492" visible="true" />
  <node id="-1902" lat="48.7733577" lon="11.4456284" visible="true" />
  <node id="-1903" lat="48.7734875" lon="11.4461880" visible="true" />
  <node id="-1904" lat="48.7734071" lon="11.4462141" visible="true" />
  <node id="-1905" lat="48.7734613" lon="11.4458592" visible="true" />
  <node id="-1906" lat="48.7733983" lon="11.4458810" visible="true" />
  <node id="-1907" lat="48.7734062" lon="11.4459334" visible="true" />
  <node id="-1908" lat="48.7734121" lon="11.4459315" visible="true" />
  <node id="-1909" lat="48.7734691" lon="11.4459119" visible="true" />
  <node id="-1910" lat="48.7734762" lon="11.4459596" visible="true" />
  <node id="-1911" lat="48.7734192" lon="11.4459791" visible="true" />
  <node id="-1912" lat="48.7734890" lon="11.4464088" visible="true" />
  <node id="-1913" lat="48.7734395" lon="11.4464106" visible="true" />
  <node id="-1914" lat="48.7734361" lon="11.4465432" visible="true" />
  <node id="-1915" lat="48.7734340" lon="11.4466295" visible="true" />
  <node id="-1916" lat="48.7734199" lon="11.4467025" visible="true" />
  <node id="-1917" lat="48.7735435" lon="11.4464012" visible="true" />
  <node id="-1918" lat="48.7735142" lon="11.4463755" visible="true" />
  <node id="-1919" lat="48.7734906" lon="11.4463549" visible="true" />
  <node id="-1920" lat="48.7735340" lon="11.4463379" visible="true" />
  <node id="-1921" lat="48.7735222" lon="11.4462607" visible="true" />
  <node id="-1922" lat="48.7734696" lon="11.4462771" visible="true" />
  <node id="-1923" lat="48.7734546" lon="11.4463183" visible="true" />
  <node id="-1924" lat="48.7734123" lon="11.4465436" visible="true" />
  <node id="-1925" lat="48.7734150" lon="11.4464097" visible="true" />
  <node id="-1926" lat="48.7732559" lon="11.4466350" visible="true" />
  <node id="-1927" lat="48.7733019" lon="11.4463794" visible="true" />
  <node id="-1928" lat="48.7733470" lon="11.4463988" visible="true" />
  <node id="-1929" lat="48.7734053" lon="11.4465358" visible="true" />
  <node id="-1930" lat="48.7733881" lon="11.4466313" visible="true" />
  <node id="-1931" lat="48.7732701" lon="11.4464750" visible="true" />
  <node id="-1932" lat="48.7732478" lon="11.4464653" visible="true" />
  <node id="-1933" lat="48.7732334" lon="11.4465389" visible="true" />
  <node id="-1934" lat="48.7732564" lon="11.4465491" visible="true" />
  <node id="-1935" lat="48.7732812" lon="11.4464166" visible="true" />
  <node id="-1936" lat="48.7732588" lon="11.4464069" visible="true" />
  <node id="-1937" lat="48.7733063" lon="11.4461140" visible="true" />
  <node id="-1938" lat="48.7732769" lon="11.4461012" visible="true" />
  <node id="-1939" lat="48.7732587" lon="11.4461978" visible="true" />
  <node id="-1940" lat="48.7732881" lon="11.4462105" visible="true" />
  <node id="-1941" lat="48.7730932" lon="11.4465629" visible="true" />
  <node id="-1942" lat="48.7731321" lon="11.4463570" visible="true" />
  <node id="-1943" lat="48.7731399" lon="11.4462583" visible="true" />
  <node id="-1944" lat="48.7731150" lon="11.4462463" visible="true" />
  <node id="-1945" lat="48.7731008" lon="11.4463144" visible="true" />
  <node id="-1946" lat="48.7731257" lon="11.4463263" visible="true" />
  <node id="-1947" lat="48.7730649" lon="11.4465012" visible="true" />
  <node id="-1948" lat="48.7730407" lon="11.4464912" visible="true" />
  <node id="-1949" lat="48.7730262" lon="11.4465659" visible="true" />
  <node id="-1950" lat="48.7730520" lon="11.4465772" visible="true" />
  <node id="-1951" lat="48.7729272" lon="11.4464874" visible="true" />
  <node id="-1952" lat="48.7729386" lon="11.4464258" visible="true" />
  <node id="-1953" lat="48.7729878" lon="11.4461611" visible="true" />
  <node id="-1954" lat="48.7730386" lon="11.4461827" visible="true" />
  <node id="-1955" lat="48.7729097" lon="11.4464134" visible="true" />
  <node id="-1956" lat="48.7728935" lon="11.4465006" visible="true" />
  <node id="-1957" lat="48.7729224" lon="11.4465130" visible="true" />
  <node id="-1958" lat="48.7725597" lon="11.4465827" visible="true" />
  <node id="-1959" lat="48.7725415" lon="11.4466928" visible="true" />
  <node id="-1960" lat="48.7725618" lon="11.4467009" visible="true" />
  <node id="-1961" lat="48.7725484" lon="11.4467817" visible="true" />
  <node id="-1962" lat="48.7725467" lon="11.4467925" visible="true" />
  <node id="-1963" lat="48.7725132" lon="11.4467779" visible="true" />
  <node id="-1964" lat="48.7724873" lon="11.4467666" visible="true" />
  <node id="-1965" lat="48.7724143" lon="11.4466819" visible="true" />
  <node id="-1966" lat="48.7723858" lon="11.4466819" visible="true" />
  <node id="-1967" lat="48.7723846" lon="11.4467559" visible="true" />
  <node id="-1968" lat="48.7724143" lon="11.4467580" visible="true" />
  <node id="-1969" lat="48.7724143" lon="11.4467402" visible="true" />
  <node id="-1970" lat="48.7724446" lon="11.4467398" visible="true" />
  <node id="-1971" lat="48.7724454" lon="11.4467849" visible="true" />
  <node id="-1972" lat="48.7724461" lon="11.4468272" visible="true" />
  <node id="-1973" lat="48.7724153" lon="11.4468291" visible="true" />
  <node id="-1974" lat="48.7725811" lon="11.4470728" visible="true" />
  <node id="-1975" lat="48.7725390" lon="11.4470732" visible="true" />
  <node id="-1976" lat="48.7724926" lon="11.4470741" visible="true" />
  <node id="-1977" lat="48.7724923" lon="11.4470280" visible="true" />
  <node id="-1978" lat="48.7724484" lon="11.4470286" visible="true" />
  <node id="-1979" lat="48.7724482" lon="11.4470023" visible="true" />
  <node id="-1980" lat="48.7725392" lon="11.4471709" visible="true" />
  <node id="-1981" lat="48.7725393" lon="11.4471862" visible="true" />
  <node id="-1982" lat="48.7724460" lon="11.4471880" visible="true" />
  <node id="-1983" lat="48.7724450" lon="11.4470750" visible="true" />
  <node id="-1984" lat="48.7725936" lon="11.4471705" visible="true" />
  <node id="-1985" lat="48.7725394" lon="11.4472183" visible="true" />
  <node id="-1986" lat="48.7725937" lon="11.4472179" visible="true" />
  <node id="-1987" lat="48.7725618" lon="11.4467797" visible="true" />
  <node id="-1988" lat="48.7724635" lon="11.4467845" visible="true" />
  <node id="-1989" lat="48.7724649" lon="11.4468255" visible="true" />
  <node id="-1990" lat="48.7724787" lon="11.4473156" visible="true" />
  <node id="-1991" lat="48.7724224" lon="11.4473183" visible="true" />
  <node id="-1992" lat="48.7724235" lon="11.4473713" visible="true" />
  <node id="-1993" lat="48.7733798" lon="11.4386715" visible="true" />
  <node id="-1994" lat="48.7733667" lon="11.4384447" visible="true" />
  <node id="-1995" lat="48.7732161" lon="11.4384647" visible="true" />
  <node id="-1996" lat="48.7732237" lon="11.4385968" visible="true" />
  <node id="-1997" lat="48.7733304" lon="11.4385058" visible="true" />
  <node id="-1998" lat="48.7733356" lon="11.4385955" visible="true" />
  <node id="-1999" lat="48.7732772" lon="11.4386033" visible="true" />
  <node id="-2000" lat="48.7732720" lon="11.4385136" visible="true" />
  <way id="-1000000000" visible="true">
    <nd ref="-1" />
    <nd ref="-2" />
    <nd ref="-3" />
    <nd ref="-4" />
    <nd ref="-5" />
    <nd ref="-6" />
    <nd ref="-7" />
    <nd ref="-8" />
    <nd ref="-1" />
    <tag k="addr:city" v="Ingolstadt" />
    <tag k="addr:country" v="DE" />
    <tag k="addr:housenumber" v="61" />
    <tag k="addr:postcode" v="85055" />
    <tag k="addr:street" v="Goethestraße" />
    <tag k="brand" v="Lidl" />
    <tag k="brand:wikidata" v="Q151954" />
    <tag k="building" v="retail" />
    <tag k="check_date:opening_hours" v="2026-01-01" />
    <tag k="name" v="Lidl" />
    <tag k="opening_hours" v="Mo-Sa 07:00-20:00" />
    <tag k="shop" v="supermarket" />
    <tag k="source" v="HiRes aerial imagery" />
  </way>
  <way id="-1000000001" visible="true">
    <nd ref="-9" />
    <nd ref="-10" />
    <nd ref="-11" />
    <nd ref="-12" />
    <nd ref="-9" />
    <tag k="building" v="yes" />
  </way>
  <way id="-1000000002" visible="true">
    <nd ref="-13" />
    <nd ref="-14" />
    <nd ref="-15" />
    <nd ref="-16" />
    <nd ref="-17" />
    <nd ref="-18" />
    <nd ref="-19" />
    <nd ref="-20" />
    <nd ref="-13" />
    <tag k="building" v="yes" />
  </way>
  <way id="-1000000003" visible="true">
    <nd ref="-21" />
    <nd ref="-22" />
    <nd ref="-23" />
    <nd ref="-24" />
    <nd ref="-21" />
    <tag k="addr:city" v="Ingolstadt" />
    <tag k="addr:country" v="DE" />
    <tag k="addr:housenumber" v="15" />
    <tag k="addr:postcode" v="85055" />
    <tag k="addr:street" v="Goethestraße" />
    <tag k="building" v="apartments" />
    <tag k="building:levels" v="4" />
    <tag k="description" v="Studentenwohnungen" />
    <tag k="roof:levels" v="0" />
    <tag k="roof:shape" v="flat" />
  </way>
  <way id="-1000000004" visible="true">
    <nd ref="-25" />
    <nd ref="-26" />
    <nd ref="-27" />
    <nd ref="-28" />
    <nd ref="-25" />
    <tag k="building" v="yes" />
  </way>
  <way id="-1000000005" visible="true">
    <nd ref="-29" />
    <nd ref="-30" />
    <nd ref="-31" />
    <nd ref="-32" />
    <nd ref="-29" />
    <tag k="building" v="yes" />
  </way>
  <way id="-1000000006" visible="true">
    <nd ref="-33" />
    <nd ref="-34" />
    <nd ref="-35" />
    <nd ref="-36" />
    <nd ref="-33" />
    <tag k="building" v="apartments" />
  </way>
  <way id="-1000000007" visible="true">
    <nd ref="-37" />
    <nd ref="-38" />
    <nd ref="-39" />
    <nd ref="-40" />
    <nd ref="-37" />
    <tag k="building" v="semidetached_house" />
    <tag k="source" v="HiRes aerial imagery" />
  </way>
  <way id="-1000000008" visible="true">
    <nd ref="-41" />
    <nd ref="-42" />
    <nd ref="-43" />
    <nd ref="-44" />
    <nd ref="-45" />
    <nd ref="-46" />
    <nd ref="-47" />
    <nd ref="-48" />
    <nd ref="-41" />
    <tag k="building" v="apartments" />
    <tag k="source" v="HiRes aerial imagery" />
  </way>
  <way id="-1000000009" visible="true">
    <nd ref="-49" />
    <nd ref="-50" />
    <nd ref="-51" />
    <nd ref="-52" />
    <nd ref="-49" />
    <tag k="building" v="apartments" />
    <tag k="source" v="HiRes aerial imagery" />
  </way>
  <way id="-1000000010" visible="true">
    <nd ref="-53" />
    <nd ref="-54" />
    <nd ref="-55" />
    <nd ref="-56" />
    <nd ref="-57" />
    <nd ref="-58" />
    <nd ref="-59" />
    <nd ref="-60" />
    <nd ref="-61" />
    <nd ref="-53" />
    <tag k="addr:city" v="Ingolstadt" />
    <tag k="addr:country" v="DE" />
    <tag k="addr:housenumber" v="6" />
    <tag k="addr:postcode" v="85055" />
    <tag k="addr:street" v="Geibelstraße" />
    <tag k="building" v="hotel" />
    <tag k="building:colour" v="white" />
    <tag k="building:levels" v="2" />
    <tag k="check_date" v="2024-04-15" />
  </way>
  <way id="-1000000011" visible="true">
    <nd ref="-62" />
    <nd ref="-63" />
    <nd ref="-64" />
    <nd ref="-65" />
    <nd ref="-62" />
    <tag k="addr:city" v="Ingolstadt" />
    <tag k="addr:country" v="DE" />
    <tag k="addr:housenumber" v="8" />
    <tag k="addr:postcode" v="85055" />
    <tag k="addr:street" v="Geibelstraße" />
    <tag k="building" v="semidetached_house" />
    <tag k="source" v="survey;bing" />
  </way>
  <way id="-1000000012" visible="true">
    <nd ref="-66" />
    <nd ref="-67" />
    <nd ref="-68" />
    <nd ref="-69" />
    <nd ref="-70" />
    <nd ref="-71" />
    <nd ref="-72" />
    <nd ref="-73" />
    <nd ref="-74" />
    <nd ref="-66" />
    <tag k="addr:city" v="Ingolstadt" />
    <tag k="addr:country" v="DE" />
    <tag k="addr:housenumber" v="2" />
    <tag k="addr:postcode" v="85055" />
    <tag k="addr:street" v="Hebbelstraße" />
    <tag k="building" v="house" />
    <tag k="house" v="terraced" />
  </way>
  <way id="-1000000013" visible="true">
    <nd ref="-75" />
    <nd ref="-76" />
    <nd ref="-77" />
    <nd ref="-78" />
    <nd ref="-79" />
    <nd ref="-75" />
    <tag k="addr:city" v="Ingolstadt" />
    <tag k="addr:country" v="DE" />
    <tag k="addr:housenumber" v="6" />
    <tag k="addr:postcode" v="85055" />
    <tag k="addr:street" v="Hebbelstraße" />
    <tag k="building" v="semidetached_house" />
  </way>
  <way id="-1000000014" visible="true">
    <nd ref="-80" />
    <nd ref="-81" />
    <nd ref="-82" />
    <nd ref="-83" />
    <nd ref="-80" />
    <tag k="building" v="apartments" />
  </way>
  <way id="-1000000015" visible="true">
    <nd ref="-84" />
    <nd ref="-85" />
    <nd ref="-86" />
    <nd ref="-87" />
    <nd ref="-88" />
    <nd ref="-89" />
    <nd ref="-84" />
    <tag k="building" v="garages" />
  </way>
  <way id="-1000000016" visible="true">
    <nd ref="-90" />
    <nd ref="-91" />
    <nd ref="-92" />
    <nd ref="-93" />
    <nd ref="-90" />
    <tag k="building" v="apartments" />
  </way>
  <way id="-1000000017" visible="true">
    <nd ref="-94" />
    <nd ref="-95" />
    <nd ref="-96" />
    <nd ref="-97" />
    <nd ref="-98" />
    <nd ref="-99" />
    <nd ref="-100" />
    <nd ref="-101" />
    <nd ref="-94" />
    <tag k="building" v="apartments" />
  </way>
  <way id="-1000000018" visible="true">
    <nd ref="-102" />
    <nd ref="-103" />
    <nd ref="-104" />
    <nd ref="-105" />
    <nd ref="-102" />
    <tag k="building" v="apartments" />
  </way>
  <way id="-1000000019" visible="true">
    <nd ref="-106" />
    <nd ref="-107" />
    <nd ref="-108" />
    <nd ref="-109" />
    <nd ref="-106" />
    <tag k="building" v="terrace" />
  </way>
  <way id="-1000000020" visible="true">
    <nd ref="-110" />
    <nd ref="-111" />
    <nd ref="-112" />
    <nd ref="-113" />
    <nd ref="-110" />
    <tag k="addr:city" v="Ingolstadt" />
    <tag k="addr:housenumber" v="21" />
    <tag k="addr:postcode" v="85055" />
    <tag k="addr:street" v="Wredestraße" />
    <tag k="building" v="apartments" />
    <tag k="building:flats" v="52" />
    <tag k="building:levels" v="3" />
    <tag k="building:levels:underground" v="1" />
  </way>
  <way id="-1000000021" visible="true">
    <nd ref="-114" />
    <nd ref="-115" />
    <nd ref="-116" />
    <nd ref="-117" />
    <nd ref="-114" />
    <tag k="building" v="apartments" />
  </way>
  <way id="-1000000022" visible="true">
    <nd ref="-118" />
    <nd ref="-119" />
    <nd ref="-120" />
    <nd ref="-121" />
    <nd ref="-122" />
    <nd ref="-123" />
    <nd ref="-124" />
    <nd ref="-125" />
    <nd ref="-118" />
    <tag k="building" v="yes" />
  </way>
  <way id="-1000000023" visible="true">
    <nd ref="-126" />
    <nd ref="-127" />
    <nd ref="-128" />
    <nd ref="-129" />
    <nd ref="-126" />
    <tag k="building" v="yes" />
  </way>
  <way id="-1000000024" visible="true">
    <nd ref="-130" />
    <nd ref="-131" />
    <nd ref="-132" />
    <nd ref="-133" />
    <nd ref="-134" />
    <nd ref="-135" />
    <nd ref="-136" />
    <nd ref="-137" />
    <nd ref="-138" />
    <nd ref="-139" />
    <nd ref="-140" />
    <nd ref="-141" />
    <nd ref="-130" />
    <tag k="building" v="yes" />
  </way>
  <way id="-1000000025" visible="true">
    <nd ref="-142" />
    <nd ref="-143" />
    <nd ref="-144" />
    <nd ref="-145" />
    <nd ref="-146" />
    <nd ref="-147" />
    <nd ref="-148" />
    <nd ref="-149" />
    <nd ref="-150" />
    <nd ref="-151" />
    <nd ref="-152" />
    <nd ref="-153" />
    <nd ref="-154" />
    <nd ref="-155" />
    <nd ref="-156" />
    <nd ref="-142" />
    <tag k="building" v="yes" />
  </way>
  <way id="-1000000026" visible="true">
    <nd ref="-157" />
    <nd ref="-158" />
    <nd ref="-159" />
    <nd ref="-160" />
    <nd ref="-157" />
    <tag k="building" v="garage" />
  </way>
  <way id="-1000000027" visible="true">
    <nd ref="-161" />
    <nd ref="-162" />
    <nd ref="-163" />
    <nd ref="-164" />
    <nd ref="-165" />
    <nd ref="-166" />
    <nd ref="-167" />
    <nd ref="-168" />
    <nd ref="-169" />
    <nd ref="-170" />
    <nd ref="-171" />
    <nd ref="-172" />
    <nd ref="-173" />
    <nd ref="-174" />
    <nd ref="-175" />
    <nd ref="-161" />
    <tag k="building" v="apartments" />
    <tag k="building:levels" v="2" />
    <tag k="roof:shape" v="flat" />
    <tag k="source" v="HiRes aerial imagery" />
  </way>
  <way id="-1000000028" visible="true">
    <nd ref="-176" />
    <nd ref="-177" />
    <nd ref="-178" />
    <nd ref="-179" />
    <nd ref="-180" />
    <nd ref="-181" />
    <nd ref="-176" />
    <tag k="building" v="semidetached_house" />
  </way>
  <way id="-1000000029" visible="true">
    <nd ref="-182" />
    <nd ref="-183" />
    <nd ref="-184" />
    <nd ref="-185" />
    <nd ref="-186" />
    <nd ref="-187" />
    <nd ref="-188" />
    <nd ref="-189" />
    <nd ref="-190" />
    <nd ref="-191" />
    <nd ref="-192" />
    <nd ref="-193" />
    <nd ref="-182" />
    <tag k="building" v="yes" />
  </way>
  <way id="-1000000030" visible="true">
    <nd ref="-194" />
    <nd ref="-195" />
    <nd ref="-196" />
    <nd ref="-197" />
    <nd ref="-194" />
    <tag k="building" v="yes" />
  </way>
  <way id="-1000000031" visible="true">
    <nd ref="-198" />
    <nd ref="-199" />
    <nd ref="-200" />
    <nd ref="-201" />
    <nd ref="-198" />
    <tag k="building" v="yes" />
  </way>
  <way id="-1000000032" visible="true">
    <nd ref="-202" />
    <nd ref="-203" />
    <nd ref="-204" />
    <nd ref="-205" />
    <nd ref="-202" />
    <tag k="building" v="apartments" />
  </way>
  <way id="-1000000033" visible="true">
    <nd ref="-206" />
    <nd ref="-207" />
    <nd ref="-208" />
    <nd ref="-209" />
    <nd ref="-206" />
    <tag k="building" v="apartments" />
    <tag k="source" v="HiRes aerial imagery" />
  </way>
  <way id="-1000000034" visible="true">
    <nd ref="-210" />
    <nd ref="-211" />
    <nd ref="-212" />
    <nd ref="-213" />
    <nd ref="-210" />
    <tag k="building" v="apartments" />
  </way>
  <way id="-1000000035" visible="true">
    <nd ref="-214" />
    <nd ref="-215" />
    <nd ref="-216" />
    <nd ref="-217" />
    <nd ref="-214" />
    <tag k="building" v="apartments" />
  </way>
  <way id="-1000000036" visible="true">
    <nd ref="-218" />
    <nd ref="-219" />
    <nd ref="-220" />
    <nd ref="-221" />
    <nd ref="-218" />
    <tag k="building" v="detached" />
  </way>
  <way id="-1000000037" visible="true">
    <nd ref="-222" />
    <nd ref="-223" />
    <nd ref="-224" />
    <nd ref="-225" />
    <nd ref="-226" />
    <nd ref="-227" />
    <nd ref="-228" />
    <nd ref="-229" />
    <nd ref="-222" />
    <tag k="building" v="apartments" />
  </way>
  <way id="-1000000038" visible="true">
    <nd ref="-230" />
    <nd ref="-231" />
    <nd ref="-232" />
    <nd ref="-233" />
    <nd ref="-234" />
    <nd ref="-235" />
    <nd ref="-236" />
    <nd ref="-237" />
    <nd ref="-238" />
    <nd ref="-239" />
    <nd ref="-240" />
    <nd ref="-241" />
    <nd ref="-242" />
    <nd ref="-243" />
    <nd ref="-244" />
    <nd ref="-230" />
    <tag k="building" v="retail" />
  </way>
  <way id="-1000000039" visible="true">
    <nd ref="-245" />
    <nd ref="-246" />
    <nd ref="-247" />
    <nd ref="-248" />
    <nd ref="-245" />
    <tag k="building" v="detached" />
  </way>
  <way id="-1000000040" visible="true">
    <nd ref="-249" />
    <nd ref="-250" />
    <nd ref="-251" />
    <nd ref="-252" />
    <nd ref="-249" />
    <tag k="building" v="detached" />
  </way>
  <way id="-1000000041" visible="true">
    <nd ref="-253" />
    <nd ref="-254" />
    <nd ref="-255" />
    <nd ref="-256" />
    <nd ref="-257" />
    <nd ref="-258" />
    <nd ref="-259" />
    <nd ref="-260" />
    <nd ref="-253" />
    <tag k="building" v="semidetached_house" />
  </way>
  <way id="-1000000042" visible="true">
    <nd ref="-261" />
    <nd ref="-262" />
    <nd ref="-263" />
    <nd ref="-264" />
    <nd ref="-265" />
    <nd ref="-266" />
    <nd ref="-267" />
    <nd ref="-268" />
    <nd ref="-269" />
    <nd ref="-261" />
    <tag k="building" v="semidetached_house" />
  </way>
  <way id="-1000000043" visible="true">
    <nd ref="-270" />
    <nd ref="-271" />
    <nd ref="-272" />
    <nd ref="-273" />
    <nd ref="-270" />
    <tag k="addr:city" v="Ingolstadt" />
    <tag k="addr:country" v="DE" />
    <tag k="addr:housenumber" v="36" />
    <tag k="addr:postcode" v="85055" />
    <tag k="addr:street" v="Oberer Taubentalweg" />
    <tag k="building" v="apartments" />
  </way>
  <way id="-1000000044" visible="true">
    <nd ref="-274" />
    <nd ref="-275" />
    <nd ref="-276" />
    <nd ref="-277" />
    <nd ref="-274" />
    <tag k="addr:city" v="Ingolstadt" />
    <tag k="addr:country" v="DE" />
    <tag k="addr:housenumber" v="36a" />
    <tag k="addr:postcode" v="85055" />
    <tag k="addr:street" v="Oberer Taubentalweg" />
    <tag k="building" v="apartments" />
  </way>
  <way id="-1000000045" visible="true">
    <nd ref="-278" />
    <nd ref="-279" />
    <nd ref="-280" />
    <nd ref="-281" />
    <nd ref="-278" />
    <tag k="addr:city" v="Ingolstadt" />
    <tag k="addr:country" v="DE" />
    <tag k="addr:housenumber" v="19" />
    <tag k="addr:postcode" v="85055" />
    <tag k="addr:street" v="Herderstraße" />
    <tag k="building" v="apartments" />
  </way>
  <way id="-1000000046" visible="true">
    <nd ref="-282" />
    <nd ref="-283" />
    <nd ref="-284" />
    <nd ref="-285" />
    <nd ref="-282" />
    <tag k="addr:housenumber" v="38a" />
    <tag k="addr:street" v="Oberer Taubentalweg" />
    <tag k="building" v="house" />
    <tag k="house" v="terraced" />
    <tag k="roof:orientation" v="across" />
    <tag k="roof:shape" v="gabled" />
  </way>
  <way id="-1000000047" visible="true">
    <nd ref="-286" />
    <nd ref="-287" />
    <nd ref="-288" />
    <nd ref="-289" />
    <nd ref="-286" />
    <tag k="addr:city" v="Ingolstadt" />
    <tag k="addr:housenumber" v="38e" />
    <tag k="addr:postcode" v="85055" />
    <tag k="addr:street" v="Oberer Taubentalweg" />
    <tag k="building" v="house" />
    <tag k="house" v="terraced" />
    <tag k="roof:orientation" v="across" />
    <tag k="roof:shape" v="gabled" />
  </way>
  <way id="-1000000048" visible="true">
    <nd ref="-290" />
    <nd ref="-291" />
    <nd ref="-292" />
    <nd ref="-293" />
    <nd ref="-294" />
    <nd ref="-295" />
    <nd ref="-296" />
    <nd ref="-290" />
    <tag k="addr:city" v="Ingolstadt" />
    <tag k="addr:country" v="DE" />
    <tag k="addr:housenumber" v="55" />
    <tag k="addr:postcode" v="85055" />
    <tag k="addr:street" v="Lessingstraße" />
    <tag k="building" v="detached" />
    <tag k="building:levels" v="1" />
    <tag k="roof:levels" v="1" />
    <tag k="roof:shape" v="gabled" />
  </way>
  <way id="-1000000049" visible="true">
    <nd ref="-297" />
    <nd ref="-298" />
    <nd ref="-299" />
    <nd ref="-300" />
    <nd ref="-301" />
    <nd ref="-302" />
    <nd ref="-303" />
    <nd ref="-297" />
    <tag k="addr:housenumber" v="57" />
    <tag k="addr:street" v="Lessingstraße" />
    <tag k="building" v="detached" />
    <tag k="building:levels" v="1" />
    <tag k="roof:levels" v="1" />
    <tag k="roof:shape" v="gabled" />
  </way>
  <way id="-1000000050" visible="true">
    <nd ref="-304" />
    <nd ref="-305" />
    <nd ref="-306" />
    <nd ref="-307" />
    <nd ref="-304" />
    <tag k="addr:city" v="Ingolstadt" />
    <tag k="addr:country" v="DE" />
    <tag k="addr:housenumber" v="40" />
    <tag k="addr:postcode" v="85055" />
    <tag k="addr:street" v="Oberer Taubentalweg" />
    <tag k="building" v="apartments" />
    <tag k="building:levels" v="2" />
    <tag k="roof:shape" v="hipped" />
  </way>
  <way id="-1000000051" visible="true">
    <nd ref="-308" />
    <nd ref="-309" />
    <nd ref="-310" />
    <nd ref="-311" />
    <nd ref="-308" />
    <tag k="addr:housenumber" v="38" />
    <tag k="addr:street" v="Oberer Taubentalweg" />
    <tag k="building" v="apartments" />
  </way>
  <way id="-1000000052" visible="true">
    <nd ref="-312" />
    <nd ref="-313" />
    <nd ref="-314" />
    <nd ref="-315" />
    <nd ref="-312" />
    <tag k="building" v="apartments" />
  </way>
  <way id="-1000000053" visible="true">
    <nd ref="-316" />
    <nd ref="-317" />
    <nd ref="-318" />
    <nd ref="-319" />
    <nd ref="-320" />
    <nd ref="-316" />
    <tag k="building" v="detached" />
  </way>
  <way id="-1000000054" visible="true">
    <nd ref="-321" />
    <nd ref="-322" />
    <nd ref="-323" />
    <nd ref="-324" />
    <nd ref="-325" />
    <nd ref="-326" />
    <nd ref="-321" />
    <tag k="building" v="detached" />
  </way>
  <way id="-1000000055" visible="true">
    <nd ref="-327" />
    <nd ref="-328" />
    <nd ref="-329" />
    <nd ref="-330" />
    <nd ref="-327" />
    <tag k="building" v="detached" />
  </way>
  <way id="-1000000056" visible="true">
    <nd ref="-331" />
    <nd ref="-332" />
    <nd ref="-333" />
    <nd ref="-334" />
    <nd ref="-331" />
    <tag k="building" v="apartments" />
  </way>
  <way id="-1000000057" visible="true">
    <nd ref="-335" />
    <nd ref="-336" />
    <nd ref="-337" />
    <nd ref="-338" />
    <nd ref="-335" />
    <tag k="building" v="detached" />
  </way>
  <way id="-1000000058" visible="true">
    <nd ref="-339" />
    <nd ref="-340" />
    <nd ref="-341" />
    <nd ref="-342" />
    <nd ref="-339" />
    <tag k="building" v="apartments" />
  </way>
  <way id="-1000000059" visible="true">
    <nd ref="-343" />
    <nd ref="-344" />
    <nd ref="-345" />
    <nd ref="-346" />
    <nd ref="-343" />
    <tag k="building" v="apartments" />
    <tag k="building:levels" v="2" />
    <tag k="roof:levels" v="1" />
    <tag k="roof:shape" v="gabled" />
  </way>
  <way id="-1000000060" visible="true">
    <nd ref="-347" />
    <nd ref="-348" />
    <nd ref="-349" />
    <nd ref="-350" />
    <nd ref="-347" />
    <tag k="building" v="apartments" />
    <tag k="building:levels" v="2" />
    <tag k="roof:shape" v="hipped" />
    <tag k="source" v="HiRes aerial imagery" />
  </way>
  <way id="-1000000061" visible="true">
    <nd ref="-351" />
    <nd ref="-352" />
    <nd ref="-353" />
    <nd ref="-354" />
    <nd ref="-351" />
    <tag k="building" v="apartments" />
    <tag k="building:levels" v="2" />
    <tag k="roof:levels" v="1" />
    <tag k="roof:shape" v="hipped" />
  </way>
  <way id="-1000000062" visible="true">
    <nd ref="-355" />
    <nd ref="-356" />
    <nd ref="-357" />
    <nd ref="-358" />
    <nd ref="-355" />
    <tag k="building" v="apartments" />
    <tag k="building:levels" v="2" />
    <tag k="roof:shape" v="hipped" />
    <tag k="source" v="HiRes aerial imagery" />
  </way>
  <way id="-1000000063" visible="true">
    <nd ref="-359" />
    <nd ref="-360" />
    <nd ref="-361" />
    <nd ref="-362" />
    <nd ref="-359" />
    <tag k="building" v="detached" />
    <tag k="source" v="HiRes aerial imagery" />
  </way>
  <way id="-1000000064" visible="true">
    <nd ref="-363" />
    <nd ref="-364" />
    <nd ref="-365" />
    <nd ref="-366" />
    <nd ref="-367" />
    <nd ref="-368" />
    <nd ref="-363" />
    <tag k="building" v="detached" />
  </way>
  <way id="-1000000065" visible="true">
    <nd ref="-369" />
    <nd ref="-370" />
    <nd ref="-371" />
    <nd ref="-372" />
    <nd ref="-373" />
    <nd ref="-374" />
    <nd ref="-375" />
    <nd ref="-369" />
    <tag k="building" v="yes" />
    <tag k="source" v="HiRes aerial imagery" />
  </way>
  <way id="-1000000066" visible="true">
    <nd ref="-376" />
    <nd ref="-377" />
    <nd ref="-378" />
    <nd ref="-379" />
    <nd ref="-380" />
    <nd ref="-381" />
    <nd ref="-376" />
    <tag k="building" v="apartments" />
    <tag k="building:levels" v="2" />
    <tag k="roof:levels" v="1" />
    <tag k="roof:shape" v="hipped" />
    <tag k="source" v="HiRes aerial imagery" />
  </way>
  <way id="-1000000067" visible="true">
    <nd ref="-382" />
    <nd ref="-383" />
    <nd ref="-384" />
    <nd ref="-385" />
    <nd ref="-386" />
    <nd ref="-387" />
    <nd ref="-377" />
    <nd ref="-376" />
    <nd ref="-382" />
    <tag k="addr:housenumber" v="61" />
    <tag k="addr:street" v="Lessingstraße" />
    <tag k="building" v="retail" />
    <tag k="building:levels" v="1" />
    <tag k="roof:shape" v="flat" />
    <tag k="source" v="HiRes aerial imagery" />
  </way>
  <way id="-1000000068" visible="true">
    <nd ref="-388" />
    <nd ref="-389" />
    <nd ref="-390" />
    <nd ref="-391" />
    <nd ref="-392" />
    <nd ref="-386" />
    <nd ref="-385" />
    <nd ref="-393" />
    <nd ref="-383" />
    <nd ref="-382" />
    <nd ref="-394" />
    <nd ref="-395" />
    <nd ref="-396" />
    <nd ref="-397" />
    <nd ref="-398" />
    <nd ref="-399" />
    <nd ref="-400" />
    <nd ref="-401" />
    <nd ref="-388" />
    <tag k="building" v="apartments" />
    <tag k="building:levels" v="2" />
    <tag k="roof:levels" v="1" />
    <tag k="roof:shape" v="gabled" />
    <tag k="source" v="HiRes aerial imagery" />
  </way>
  <way id="-1000000069" visible="true">
    <nd ref="-402" />
    <nd ref="-403" />
    <nd ref="-404" />
    <nd ref="-405" />
    <nd ref="-402" />
    <tag k="building" v="detached" />
    <tag k="building:levels" v="2" />
    <tag k="roof:shape" v="pyramidal" />
  </way>
  <way id="-1000000070" visible="true">
    <nd ref="-406" />
    <nd ref="-407" />
    <nd ref="-408" />
    <nd ref="-409" />
    <nd ref="-406" />
    <tag k="building" v="semidetached_house" />
  </way>
  <way id="-1000000071" visible="true">
    <nd ref="-410" />
    <nd ref="-411" />
    <nd ref="-412" />
    <nd ref="-413" />
    <nd ref="-410" />
    <tag k="building" v="apartments" />
    <tag k="building:levels" v="1" />
    <tag k="roof:levels" v="1" />
    <tag k="roof:shape" v="gabled" />
  </way>
  <way id="-1000000072" visible="true">
    <nd ref="-414" />
    <nd ref="-415" />
    <nd ref="-416" />
    <nd ref="-417" />
    <nd ref="-414" />
    <tag k="building" v="detached" />
  </way>
  <way id="-1000000073" visible="true">
    <nd ref="-418" />
    <nd ref="-419" />
    <nd ref="-420" />
    <nd ref="-421" />
    <nd ref="-418" />
    <tag k="building" v="semidetached_house" />
  </way>
  <way id="-1000000074" visible="true">
    <nd ref="-422" />
    <nd ref="-423" />
    <nd ref="-424" />
    <nd ref="-425" />
    <nd ref="-422" />
    <tag k="addr:city" v="Ingolstadt" />
    <tag k="addr:country" v="DE" />
    <tag k="addr:housenumber" v="3" />
    <tag k="addr:postcode" v="85055" />
    <tag k="addr:street" v="Rückertstraße" />
    <tag k="building" v="apartments" />
  </way>
  <way id="-1000000075" visible="true">
    <nd ref="-426" />
    <nd ref="-427" />
    <nd ref="-428" />
    <nd ref="-429" />
    <nd ref="-430" />
    <nd ref="-431" />
    <nd ref="-432" />
    <nd ref="-433" />
    <nd ref="-434" />
    <nd ref="-435" />
    <nd ref="-436" />
    <nd ref="-437" />
    <nd ref="-438" />
    <nd ref="-439" />
    <nd ref="-440" />
    <nd ref="-441" />
    <nd ref="-426" />
    <tag k="addr:city" v="Ingolstadt" />
    <tag k="addr:country" v="DE" />
    <tag k="addr:housenumber" v="7" />
    <tag k="addr:postcode" v="85055" />
    <tag k="addr:street" v="Rückertstraße" />
    <tag k="building" v="sports_centre" />
  </way>
  <way id="-1000000076" visible="true">
    <nd ref="-442" />
    <nd ref="-443" />
    <nd ref="-444" />
    <nd ref="-445" />
    <nd ref="-442" />
    <tag k="building" v="yes" />
  </way>
  <way id="-1000000077" visible="true">
    <nd ref="-446" />
    <nd ref="-447" />
    <nd ref="-448" />
    <nd ref="-449" />
    <nd ref="-446" />
    <tag k="building" v="yes" />
  </way>
  <way id="-1000000078" visible="true">
    <nd ref="-450" />
    <nd ref="-451" />
    <nd ref="-452" />
    <nd ref="-453" />
    <nd ref="-450" />
    <tag k="addr:city" v="Ingolstadt" />
    <tag k="addr:country" v="DE" />
    <tag k="addr:housenumber" v="64" />
    <tag k="addr:postcode" v="85055" />
    <tag k="addr:street" v="Lessingstraße" />
    <tag k="building" v="apartments" />
    <tag k="source" v="HiRes aerial imagery" />
  </way>
  <way id="-1000000079" visible="true">
    <nd ref="-454" />
    <nd ref="-455" />
    <nd ref="-456" />
    <nd ref="-457" />
    <nd ref="-454" />
    <tag k="building" v="yes" />
  </way>
  <way id="-1000000080" visible="true">
    <nd ref="-458" />
    <nd ref="-459" />
    <nd ref="-460" />
    <nd ref="-461" />
    <nd ref="-458" />
    <tag k="building" v="yes" />
  </way>
  <way id="-1000000081" visible="true">
    <nd ref="-462" />
    <nd ref="-463" />
    <nd ref="-464" />
    <nd ref="-465" />
    <nd ref="-462" />
    <tag k="addr:city" v="Ingolstadt" />
    <tag k="addr:country" v="DE" />
    <tag k="addr:housenumber" v="59" />
    <tag k="addr:postcode" v="85055" />
    <tag k="addr:street" v="Goethestraße" />
    <tag k="building" v="house" />
    <tag k="source" v="HiRes aerial imagery" />
  </way>
  <way id="-1000000082" visible="true">
    <nd ref="-466" />
    <nd ref="-458" />
    <nd ref="-461" />
    <nd ref="-467" />
    <nd ref="-466" />
    <tag k="building" v="industrial" />
  </way>
  <way id="-1000000083" visible="true">
    <nd ref="-468" />
    <nd ref="-469" />
    <nd ref="-470" />
    <nd ref="-471" />
    <nd ref="-468" />
    <tag k="building" v="detached" />
    <tag k="source" v="HiRes aerial imagery" />
  </way>
  <way id="-1000000084" visible="true">
    <nd ref="-472" />
    <nd ref="-473" />
    <nd ref="-474" />
    <nd ref="-475" />
    <nd ref="-476" />
    <nd ref="-477" />
    <nd ref="-478" />
    <nd ref="-479" />
    <nd ref="-480" />
    <nd ref="-481" />
    <nd ref="-482" />
    <nd ref="-483" />
    <nd ref="-484" />
    <nd ref="-472" />
    <tag k="building" v="roof" />
    <tag k="source" v="HiRes aerial imagery" />
  </way>
  <way id="-1000000085" visible="true">
    <nd ref="-485" />
    <nd ref="-486" />
    <nd ref="-487" />
    <nd ref="-488" />
    <nd ref="-485" />
    <tag k="building" v="house" />
    <tag k="building:levels" v="2" />
    <tag k="roof:levels" v="1" />
    <tag k="roof:shape" v="gabled" />
    <tag k="source" v="HiRes aerial imagery" />
  </way>
  <way id="-1000000086" visible="true">
    <nd ref="-489" />
    <nd ref="-490" />
    <nd ref="-491" />
    <nd ref="-492" />
    <nd ref="-489" />
    <tag k="building" v="yes" />
  </way>
  <way id="-1000000087" visible="true">
    <nd ref="-493" />
    <nd ref="-494" />
    <nd ref="-495" />
    <nd ref="-496" />
    <nd ref="-497" />
    <nd ref="-498" />
    <nd ref="-499" />
    <nd ref="-500" />
    <nd ref="-493" />
    <tag k="building" v="detached" />
  </way>
  <way id="-1000000088" visible="true">
    <nd ref="-501" />
    <nd ref="-502" />
    <nd ref="-503" />
    <nd ref="-504" />
    <nd ref="-501" />
    <tag k="building" v="detached" />
  </way>
  <way id="-1000000089" visible="true">
    <nd ref="-505" />
    <nd ref="-506" />
    <nd ref="-507" />
    <nd ref="-508" />
    <nd ref="-505" />
    <tag k="building" v="apartments" />
  </way>
  <way id="-1000000090" visible="true">
    <nd ref="-509" />
    <nd ref="-510" />
    <nd ref="-511" />
    <nd ref="-512" />
    <nd ref="-509" />
    <tag k="addr:city" v="Ingolstadt" />
    <tag k="addr:country" v="DE" />
    <tag k="addr:housenumber" v="15" />
    <tag k="addr:postcode" v="85055" />
    <tag k="addr:street" v="Geibelstraße" />
    <tag k="building" v="semidetached_house" />
  </way>
  <way id="-1000000091" visible="true">
    <nd ref="-513" />
    <nd ref="-514" />
    <nd ref="-515" />
    <nd ref="-516" />
    <nd ref="-517" />
    <nd ref="-518" />
    <nd ref="-519" />
    <nd ref="-513" />
    <tag k="addr:city" v="Ingolstadt" />
    <tag k="addr:country" v="DE" />
    <tag k="addr:housenumber" v="20" />
    <tag k="addr:postcode" v="85055" />
    <tag k="addr:street" v="Geibelstraße" />
    <tag k="building" v="semidetached_house" />
  </way>
  <way id="-1000000092" visible="true">
    <nd ref="-520" />
    <nd ref="-521" />
    <nd ref="-522" />
    <nd ref="-523" />
    <nd ref="-520" />
    <tag k="addr:city" v="Ingolstadt" />
    <tag k="addr:country" v="DE" />
    <tag k="addr:housenumber" v="68" />
    <tag k="addr:postcode" v="85055" />
    <tag k="addr:street" v="Lessingstraße" />
    <tag k="building" v="apartments" />
  </way>
  <way id="-1000000093" visible="true">
    <nd ref="-524" />
    <nd ref="-525" />
    <nd ref="-526" />
    <nd ref="-527" />
    <nd ref="-528" />
    <nd ref="-529" />
    <nd ref="-530" />
    <nd ref="-531" />
    <nd ref="-532" />
    <nd ref="-524" />
    <tag k="addr:city" v="Ingolstadt" />
    <tag k="addr:country" v="DE" />
    <tag k="addr:housenumber" v="6" />
    <tag k="addr:postcode" v="85055" />
    <tag k="addr:street" v="Rückertstraße" />
    <tag k="building" v="detached" />
  </way>
  <way id="-1000000094" visible="true">
    <nd ref="-533" />
    <nd ref="-534" />
    <nd ref="-535" />
    <nd ref="-536" />
    <nd ref="-537" />
    <nd ref="-538" />
    <nd ref="-539" />
    <nd ref="-540" />
    <nd ref="-541" />
    <nd ref="-542" />
    <nd ref="-533" />
    <tag k="addr:city" v="Ingolstadt" />
    <tag k="addr:country" v="DE" />
    <tag k="addr:housenumber" v="70" />
    <tag k="addr:postcode" v="85055" />
    <tag k="addr:street" v="Lessingstraße" />
    <tag k="building" v="detached" />
  </way>
  <way id="-1000000095" visible="true">
    <nd ref="-543" />
    <nd ref="-544" />
    <nd ref="-545" />
    <nd ref="-546" />
    <nd ref="-547" />
    <nd ref="-548" />
    <nd ref="-549" />
    <nd ref="-550" />
    <nd ref="-543" />
    <tag k="addr:city" v="Ingolstadt" />
    <tag k="addr:country" v="DE" />
    <tag k="addr:housenumber" v="70a" />
    <tag k="addr:postcode" v="85055" />
    <tag k="addr:street" v="Lessingstraße" />
    <tag k="building" v="detached" />
  </way>
  <way id="-1000000096" visible="true">
    <nd ref="-551" />
    <nd ref="-552" />
    <nd ref="-553" />
    <nd ref="-554" />
    <nd ref="-551" />
    <tag k="addr:city" v="Ingolstadt" />
    <tag k="addr:country" v="DE" />
    <tag k="addr:housenumber" v="4" />
    <tag k="addr:postcode" v="85055" />
    <tag k="addr:street" v="Rückertstraße" />
    <tag k="building" v="detached" />
  </way>
  <way id="-1000000097" visible="true">
    <nd ref="-555" />
    <nd ref="-556" />
    <nd ref="-557" />
    <nd ref="-558" />
    <nd ref="-559" />
    <nd ref="-560" />
    <nd ref="-555" />
    <tag k="addr:city" v="Ingolstadt" />
    <tag k="addr:country" v="DE" />
    <tag k="addr:housenumber" v="5" />
    <tag k="addr:postcode" v="85055" />
    <tag k="addr:street" v="Rückertstraße" />
    <tag k="building" v="detached" />
  </way>
  <way id="-1000000098" visible="true">
    <nd ref="-561" />
    <nd ref="-562" />
    <nd ref="-563" />
    <nd ref="-564" />
    <nd ref="-561" />
    <tag k="addr:city" v="Ingolstadt" />
    <tag k="addr:country" v="DE" />
    <tag k="addr:housenumber" v="11" />
    <tag k="addr:postcode" v="85055" />
    <tag k="addr:street" v="Geibelstraße" />
    <tag k="building" v="semidetached_house" />
  </way>
  <way id="-1000000099" visible="true">
    <nd ref="-565" />
    <nd ref="-566" />
    <nd ref="-567" />
    <nd ref="-568" />
    <nd ref="-569" />
    <nd ref="-570" />
    <nd ref="-565" />
    <tag k="addr:city" v="Ingolstadt" />
    <tag k="addr:country" v="DE" />
    <tag k="addr:housenumber" v="16" />
    <tag k="addr:postcode" v="85055" />
    <tag k="addr:street" v="Geibelstraße" />
    <tag k="building" v="semidetached_house" />
  </way>
  <way id="-1000000100" visible="true">
    <nd ref="-571" />
    <nd ref="-572" />
    <nd ref="-573" />
    <nd ref="-574" />
    <nd ref="-575" />
    <nd ref="-576" />
    <nd ref="-577" />
    <nd ref="-578" />
    <nd ref="-579" />
    <nd ref="-580" />
    <nd ref="-571" />
    <tag k="addr:city" v="Ingolstadt" />
    <tag k="addr:country" v="DE" />
    <tag k="addr:housenumber" v="24" />
    <tag k="addr:postcode" v="85055" />
    <tag k="addr:street" v="Geibelstraße" />
    <tag k="building" v="semidetached_house" />
  </way>
  <way id="-1000000101" visible="true">
    <nd ref="-581" />
    <nd ref="-582" />
    <nd ref="-583" />
    <nd ref="-584" />
    <nd ref="-585" />
    <nd ref="-586" />
    <nd ref="-581" />
    <tag k="addr:city" v="Ingolstadt" />
    <tag k="addr:country" v="DE" />
    <tag k="addr:housenumber" v="19" />
    <tag k="addr:postcode" v="85055" />
    <tag k="addr:street" v="Geibelstraße" />
    <tag k="building" v="semidetached_house" />
  </way>
  <way id="-1000000102" visible="true">
    <nd ref="-587" />
    <nd ref="-588" />
    <nd ref="-589" />
    <nd ref="-590" />
    <nd ref="-587" />
    <tag k="building" v="yes" />
  </way>
  <way id="-1000000103" visible="true">
    <nd ref="-591" />
    <nd ref="-592" />
    <nd ref="-593" />
    <nd ref="-594" />
    <nd ref="-595" />
    <nd ref="-591" />
    <tag k="building" v="house" />
    <tag k="building:levels" v="2" />
    <tag k="roof:levels" v="2" />
    <tag k="roof:shape" v="mansard" />
  </way>
  <way id="-1000000104" visible="true">
    <nd ref="-596" />
    <nd ref="-597" />
    <nd ref="-598" />
    <nd ref="-599" />
    <nd ref="-596" />
    <tag k="building" v="yes" />
  </way>
  <way id="-1000000105" visible="true">
    <nd ref="-600" />
    <nd ref="-601" />
    <nd ref="-602" />
    <nd ref="-603" />
    <nd ref="-600" />
    <tag k="addr:city" v="Ingolstadt" />
    <tag k="addr:country" v="DE" />
    <tag k="addr:housenumber" v="37R" />
    <tag k="addr:postcode" v="85055" />
    <tag k="addr:street" v="Nürnberger Straße" />
    <tag k="building" v="garage" />
    <tag k="source" v="HiRes aerial imagery" />
  </way>
  <way id="-1000000106" visible="true">
    <nd ref="-604" />
    <nd ref="-605" />
    <nd ref="-606" />
    <nd ref="-607" />
    <nd ref="-608" />
    <nd ref="-609" />
    <nd ref="-610" />
    <nd ref="-611" />
    <nd ref="-612" />
    <nd ref="-604" />
    <tag k="building" v="apartments" />
  </way>
  <way id="-1000000107" visible="true">
    <nd ref="-613" />
    <nd ref="-614" />
    <nd ref="-615" />
    <nd ref="-616" />
    <nd ref="-613" />
    <tag k="building" v="yes" />
  </way>
  <way id="-1000000108" visible="true">
    <nd ref="-617" />
    <nd ref="-618" />
    <nd ref="-619" />
    <nd ref="-620" />
    <nd ref="-621" />
    <nd ref="-622" />
    <nd ref="-623" />
    <nd ref="-624" />
    <nd ref="-625" />
    <nd ref="-626" />
    <nd ref="-627" />
    <nd ref="-617" />
    <tag k="building" v="retail" />
    <tag k="source" v="HiRes aerial imagery" />
  </way>
  <way id="-1000000109" visible="true">
    <nd ref="-628" />
    <nd ref="-629" />
    <nd ref="-630" />
    <nd ref="-631" />
    <nd ref="-628" />
    <tag k="building" v="apartments" />
    <tag k="source" v="HiRes aerial imagery" />
  </way>
  <way id="-1000000110" visible="true">
    <nd ref="-632" />
    <nd ref="-633" />
    <nd ref="-634" />
    <nd ref="-635" />
    <nd ref="-636" />
    <nd ref="-637" />
    <nd ref="-638" />
    <nd ref="-639" />
    <nd ref="-632" />
    <tag k="building" v="apartments" />
  </way>
  <way id="-1000000111" visible="true">
    <nd ref="-640" />
    <nd ref="-641" />
    <nd ref="-642" />
    <nd ref="-643" />
    <nd ref="-644" />
    <nd ref="-640" />
    <tag k="building" v="retail" />
    <tag k="building:levels" v="1" />
    <tag k="roof:levels" v="0" />
    <tag k="roof:shape" v="flat" />
    <tag k="source" v="HiRes aerial imagery" />
  </way>
  <way id="-1000000112" visible="true">
    <nd ref="-645" />
    <nd ref="-644" />
    <nd ref="-640" />
    <nd ref="-646" />
    <nd ref="-645" />
    <tag k="building" v="yes" />
    <tag k="source" v="HiRes aerial imagery" />
  </way>
  <way id="-1000000113" visible="true">
    <nd ref="-647" />
    <nd ref="-648" />
    <nd ref="-649" />
    <nd ref="-650" />
    <nd ref="-647" />
    <tag k="building" v="garages" />
    <tag k="source" v="HiRes aerial imagery" />
  </way>
  <way id="-1000000114" visible="true">
    <nd ref="-651" />
    <nd ref="-652" />
    <nd ref="-653" />
    <nd ref="-654" />
    <nd ref="-651" />
    <tag k="building" v="garage" />
    <tag k="source" v="HiRes aerial imagery" />
  </way>
  <way id="-1000000115" visible="true">
    <nd ref="-655" />
    <nd ref="-656" />
    <nd ref="-657" />
    <nd ref="-658" />
    <nd ref="-655" />
    <tag k="addr:housenumber" v="4" />
    <tag k="addr:street" v="Pestalozzistraße" />
    <tag k="building" v="apartments" />
    <tag k="source" v="HiRes aerial imagery" />
  </way>
  <way id="-1000000116" visible="true">
    <nd ref="-659" />
    <nd ref="-660" />
    <nd ref="-661" />
    <nd ref="-662" />
    <nd ref="-663" />
    <nd ref="-659" />
    <tag k="building" v="apartments" />
    <tag k="source" v="HiRes aerial imagery" />
  </way>
  <way id="-1000000117" visible="true">
    <nd ref="-664" />
    <nd ref="-665" />
    <nd ref="-666" />
    <nd ref="-667" />
    <nd ref="-668" />
    <nd ref="-669" />
    <nd ref="-664" />
    <tag k="building" v="retail" />
    <tag k="source" v="HiRes aerial imagery" />
  </way>
  <way id="-1000000118" visible="true">
    <nd ref="-670" />
    <nd ref="-671" />
    <nd ref="-672" />
    <nd ref="-673" />
    <nd ref="-670" />
    <tag k="building" v="apartments" />
    <tag k="building:levels" v="2" />
    <tag k="roof:levels" v="1" />
    <tag k="roof:shape" v="gabled" />
    <tag k="source" v="HiRes aerial imagery" />
  </way>
  <way id="-1000000119" visible="true">
    <nd ref="-674" />
    <nd ref="-675" />
    <nd ref="-676" />
    <nd ref="-677" />
    <nd ref="-674" />
    <tag k="addr:city" v="Ingolstadt" />
    <tag k="addr:country" v="DE" />
    <tag k="addr:housenumber" v="47" />
    <tag k="addr:postcode" v="85055" />
    <tag k="addr:street" v="Schillerstraße" />
    <tag k="building" v="apartments" />
  </way>
  <way id="-1000000120" visible="true">
    <nd ref="-678" />
    <nd ref="-679" />
    <nd ref="-680" />
    <nd ref="-681" />
    <nd ref="-678" />
    <tag k="building" v="yes" />
  </way>
  <way id="-1000000121" visible="true">
    <nd ref="-682" />
    <nd ref="-683" />
    <nd ref="-684" />
    <nd ref="-685" />
    <nd ref="-682" />
    <tag k="addr:city" v="Ingolstadt" />
    <tag k="addr:country" v="DE" />
    <tag k="addr:housenumber" v="2a" />
    <tag k="addr:postcode" v="85055" />
    <tag k="addr:street" v="Rückertstraße" />
    <tag k="building" v="semidetached_house" />
  </way>
  <way id="-1000000122" visible="true">
    <nd ref="-686" />
    <nd ref="-687" />
    <nd ref="-688" />
    <nd ref="-689" />
    <nd ref="-690" />
    <nd ref="-686" />
    <tag k="building" v="apartments" />
  </way>
  <way id="-1000000123" visible="true">
    <nd ref="-691" />
    <nd ref="-692" />
    <nd ref="-693" />
    <nd ref="-694" />
    <nd ref="-691" />
    <tag k="building" v="detached" />
    <tag k="building:levels" v="2" />
    <tag k="roof:levels" v="1" />
    <tag k="roof:shape" v="gabled" />
  </way>
  <way id="-1000000124" visible="true">
    <nd ref="-695" />
    <nd ref="-696" />
    <nd ref="-697" />
    <nd ref="-698" />
    <nd ref="-695" />
    <tag k="building" v="yes" />
  </way>
  <way id="-1000000125" visible="true">
    <nd ref="-699" />
    <nd ref="-700" />
    <nd ref="-701" />
    <nd ref="-702" />
    <nd ref="-699" />
    <tag k="building" v="apartments" />
    <tag k="building:levels" v="2" />
    <tag k="roof:levels" v="2" />
    <tag k="roof:shape" v="hipped" />
  </way>
  <way id="-1000000126" visible="true">
    <nd ref="-703" />
    <nd ref="-704" />
    <nd ref="-705" />
    <nd ref="-706" />
    <nd ref="-707" />
    <nd ref="-708" />
    <nd ref="-703" />
    <tag k="addr:city" v="Ingolstadt" />
    <tag k="addr:country" v="DE" />
    <tag k="addr:housenumber" v="23" />
    <tag k="addr:postcode" v="85055" />
    <tag k="addr:street" v="Anzengruberstraße" />
    <tag k="building" v="detached" />
  </way>
  <way id="-1000000127" visible="true">
    <nd ref="-709" />
    <nd ref="-710" />
    <nd ref="-711" />
    <nd ref="-712" />
    <nd ref="-709" />
    <tag k="building" v="yes" />
  </way>
  <way id="-1000000128" visible="true">
    <nd ref="-713" />
    <nd ref="-714" />
    <nd ref="-715" />
    <nd ref="-716" />
    <nd ref="-713" />
    <tag k="building" v="yes" />
  </way>
  <way id="-1000000129" visible="true">
    <nd ref="-717" />
    <nd ref="-718" />
    <nd ref="-719" />
    <nd ref="-720" />
    <nd ref="-717" />
    <tag k="building" v="apartments" />
    <tag k="building:levels" v="2" />
    <tag k="roof:levels" v="2" />
    <tag k="roof:shape" v="gabled" />
  </way>
  <way id="-1000000130" visible="true">
    <nd ref="-721" />
    <nd ref="-722" />
    <nd ref="-723" />
    <nd ref="-724" />
    <nd ref="-721" />
    <tag k="addr:city" v="Ingolstadt" />
    <tag k="addr:country" v="DE" />
    <tag k="addr:housenumber" v="3" />
    <tag k="addr:postcode" v="85055" />
    <tag k="addr:street" v="Hebbelstraße" />
    <tag k="building" v="semidetached_house" />
  </way>
  <way id="-1000000131" visible="true">
    <nd ref="-725" />
    <nd ref="-726" />
    <nd ref="-727" />
    <nd ref="-728" />
    <nd ref="-725" />
    <tag k="building" v="apartments" />
    <tag k="building:levels" v="2" />
    <tag k="roof:levels" v="2" />
    <tag k="roof:shape" v="half-hipped" />
  </way>
  <way id="-1000000132" visible="true">
    <nd ref="-729" />
    <nd ref="-730" />
    <nd ref="-731" />
    <nd ref="-732" />
    <nd ref="-733" />
    <nd ref="-729" />
    <tag k="addr:city" v="Ingolstadt" />
    <tag k="addr:country" v="DE" />
    <tag k="addr:housenumber" v="36" />
    <tag k="addr:postcode" v="85055" />
    <tag k="addr:street" v="Geibelstraße" />
    <tag k="building" v="semidetached_house" />
  </way>
  <way id="-1000000133" visible="true">
    <nd ref="-734" />
    <nd ref="-735" />
    <nd ref="-736" />
    <nd ref="-737" />
    <nd ref="-738" />
    <nd ref="-739" />
    <nd ref="-734" />
    <tag k="building" v="yes" />
    <tag k="height" v="10" />
  </way>
  <way id="-1000000134" visible="true">
    <nd ref="-740" />
    <nd ref="-741" />
    <nd ref="-742" />
    <nd ref="-743" />
    <nd ref="-740" />
    <tag k="addr:city" v="Ingolstadt" />
    <tag k="addr:country" v="DE" />
    <tag k="addr:housenumber" v="32" />
    <tag k="addr:postcode" v="85055" />
    <tag k="addr:street" v="Geibelstraße" />
    <tag k="building" v="semidetached_house" />
  </way>
  <way id="-1000000135" visible="true">
    <nd ref="-744" />
    <nd ref="-745" />
    <nd ref="-746" />
    <nd ref="-747" />
    <nd ref="-744" />
    <tag k="building" v="terrace" />
    <tag k="building:levels" v="2" />
    <tag k="roof:levels" v="1" />
  </way>
  <way id="-1000000136" visible="true">
    <nd ref="-748" />
    <nd ref="-749" />
    <nd ref="-750" />
    <nd ref="-751" />
    <nd ref="-752" />
    <nd ref="-753" />
    <nd ref="-748" />
    <tag k="addr:city" v="Ingolstadt" />
    <tag k="addr:country" v="DE" />
    <tag k="addr:housenumber" v="32 1/2" />
    <tag k="addr:postcode" v="85055" />
    <tag k="addr:street" v="Geibelstraße" />
    <tag k="building" v="yes" />
  </way>
  <way id="-1000000137" visible="true">
    <nd ref="-754" />
    <nd ref="-755" />
    <nd ref="-756" />
    <nd ref="-757" />
    <nd ref="-754" />
    <tag k="building" v="yes" />
  </way>
  <way id="-1000000138" visible="true">
    <nd ref="-758" />
    <nd ref="-759" />
    <nd ref="-760" />
    <nd ref="-761" />
    <nd ref="-758" />
    <tag k="building" v="apartments" />
  </way>
  <way id="-1000000139" visible="true">
    <nd ref="-762" />
    <nd ref="-763" />
    <nd ref="-764" />
    <nd ref="-765" />
    <nd ref="-762" />
    <tag k="building" v="yes" />
    <tag k="height" v="10" />
  </way>
  <way id="-1000000140" visible="true">
    <nd ref="-766" />
    <nd ref="-767" />
    <nd ref="-768" />
    <nd ref="-769" />
    <nd ref="-766" />
    <tag k="building" v="yes" />
  </way>
  <way id="-1000000141" visible="true">
    <nd ref="-770" />
    <nd ref="-771" />
    <nd ref="-772" />
    <nd ref="-773" />
    <nd ref="-774" />
    <nd ref="-775" />
    <nd ref="-770" />
    <tag k="building" v="apartments" />
  </way>
  <way id="-1000000142" visible="true">
    <nd ref="-776" />
    <nd ref="-777" />
    <nd ref="-778" />
    <nd ref="-779" />
    <nd ref="-776" />
    <tag k="building" v="yes" />
  </way>
  <way id="-1000000143" visible="true">
    <nd ref="-780" />
    <nd ref="-781" />
    <nd ref="-782" />
    <nd ref="-783" />
    <nd ref="-780" />
    <tag k="building" v="yes" />
  </way>
  <way id="-1000000144" visible="true">
    <nd ref="-784" />
    <nd ref="-785" />
    <nd ref="-786" />
    <nd ref="-787" />
    <nd ref="-784" />
    <tag k="building" v="yes" />
  </way>
  <way id="-1000000145" visible="true">
    <nd ref="-788" />
    <nd ref="-789" />
    <nd ref="-790" />
    <nd ref="-791" />
    <nd ref="-788" />
    <tag k="building" v="apartments" />
  </way>
  <way id="-1000000146" visible="true">
    <nd ref="-792" />
    <nd ref="-793" />
    <nd ref="-794" />
    <nd ref="-795" />
    <nd ref="-792" />
    <tag k="addr:housename" v="Kleeblatt'l" />
    <tag k="addr:housenumber" v="62" />
    <tag k="addr:postcode" v="85055" />
    <tag k="addr:street" v="Friedrich-Ebert-Straße" />
    <tag k="amenity" v="bar" />
    <tag k="building" v="yes" />
    <tag k="internet_access" v="wlan" />
    <tag k="name" v="Kleeblattl" />
  </way>
  <way id="-1000000147" visible="true">
    <nd ref="-796" />
    <nd ref="-797" />
    <nd ref="-798" />
    <nd ref="-799" />
    <nd ref="-796" />
    <tag k="building" v="yes" />
  </way>
  <way id="-1000000148" visible="true">
    <nd ref="-800" />
    <nd ref="-801" />
    <nd ref="-802" />
    <nd ref="-803" />
    <nd ref="-800" />
    <tag k="building" v="yes" />
  </way>
  <way id="-1000000149" visible="true">
    <nd ref="-804" />
    <nd ref="-805" />
    <nd ref="-806" />
    <nd ref="-807" />
    <nd ref="-804" />
    <tag k="building" v="yes" />
  </way>
  <way id="-1000000150" visible="true">
    <nd ref="-808" />
    <nd ref="-809" />
    <nd ref="-810" />
    <nd ref="-811" />
    <nd ref="-808" />
    <tag k="building" v="apartments" />
    <tag k="building:levels" v="2" />
    <tag k="roof:levels" v="2" />
    <tag k="roof:shape" v="gabled" />
  </way>
  <way id="-1000000151" visible="true">
    <nd ref="-812" />
    <nd ref="-813" />
    <nd ref="-814" />
    <nd ref="-815" />
    <nd ref="-812" />
    <tag k="addr:city" v="Ingolstadt" />
    <tag k="addr:country" v="DE" />
    <tag k="addr:housenumber" v="27" />
    <tag k="addr:postcode" v="85055" />
    <tag k="addr:street" v="Geibelstraße" />
    <tag k="building" v="detached" />
  </way>
  <way id="-1000000152" visible="true">
    <nd ref="-816" />
    <nd ref="-817" />
    <nd ref="-818" />
    <nd ref="-819" />
    <nd ref="-816" />
    <tag k="building" v="yes" />
  </way>
  <way id="-1000000153" visible="true">
    <nd ref="-820" />
    <nd ref="-821" />
    <nd ref="-822" />
    <nd ref="-823" />
    <nd ref="-820" />
    <tag k="building" v="yes" />
  </way>
  <way id="-1000000154" visible="true">
    <nd ref="-824" />
    <nd ref="-825" />
    <nd ref="-826" />
    <nd ref="-827" />
    <nd ref="-824" />
    <tag k="building" v="apartments" />
  </way>
  <way id="-1000000155" visible="true">
    <nd ref="-828" />
    <nd ref="-829" />
    <nd ref="-830" />
    <nd ref="-831" />
    <nd ref="-832" />
    <nd ref="-833" />
    <nd ref="-834" />
    <nd ref="-835" />
    <nd ref="-836" />
    <nd ref="-837" />
    <nd ref="-838" />
    <nd ref="-828" />
    <tag k="addr:city" v="Ingolstadt" />
    <tag k="addr:country" v="DE" />
    <tag k="addr:housenumber" v="1" />
    <tag k="addr:postcode" v="85055" />
    <tag k="addr:street" v="Rückertstraße" />
    <tag k="building" v="detached" />
  </way>
  <way id="-1000000156" visible="true">
    <nd ref="-839" />
    <nd ref="-840" />
    <nd ref="-841" />
    <nd ref="-842" />
    <nd ref="-839" />
    <tag k="building" v="apartments" />
  </way>
  <way id="-1000000157" visible="true">
    <nd ref="-843" />
    <nd ref="-844" />
    <nd ref="-845" />
    <nd ref="-846" />
    <nd ref="-843" />
    <tag k="building" v="yes" />
  </way>
  <way id="-1000000158" visible="true">
    <nd ref="-847" />
    <nd ref="-848" />
    <nd ref="-849" />
    <nd ref="-850" />
    <nd ref="-851" />
    <nd ref="-852" />
    <nd ref="-853" />
    <nd ref="-854" />
    <nd ref="-855" />
    <nd ref="-856" />
    <nd ref="-857" />
    <nd ref="-858" />
    <nd ref="-859" />
    <nd ref="-860" />
    <nd ref="-861" />
    <nd ref="-862" />
    <nd ref="-847" />
    <tag k="addr:city" v="Ingolstadt" />
    <tag k="addr:country" v="DE" />
    <tag k="addr:housenumber" v="21" />
    <tag k="addr:postcode" v="85055" />
    <tag k="addr:street" v="Goethestraße" />
    <tag k="building" v="yes" />
  </way>
  <way id="-1000000159" visible="true">
    <nd ref="-863" />
    <nd ref="-864" />
    <nd ref="-865" />
    <nd ref="-866" />
    <nd ref="-863" />
    <tag k="building" v="yes" />
  </way>
  <way id="-1000000160" visible="true">
    <nd ref="-867" />
    <nd ref="-868" />
    <nd ref="-869" />
    <nd ref="-870" />
    <nd ref="-867" />
    <tag k="building" v="apartments" />
  </way>
  <way id="-1000000161" visible="true">
    <nd ref="-871" />
    <nd ref="-872" />
    <nd ref="-873" />
    <nd ref="-874" />
    <nd ref="-871" />
    <tag k="building" v="yes" />
  </way>
  <way id="-1000000162" visible="true">
    <nd ref="-875" />
    <nd ref="-876" />
    <nd ref="-877" />
    <nd ref="-878" />
    <nd ref="-875" />
    <tag k="building" v="yes" />
  </way>
  <way id="-1000000163" visible="true">
    <nd ref="-879" />
    <nd ref="-880" />
    <nd ref="-881" />
    <nd ref="-882" />
    <nd ref="-879" />
    <tag k="building" v="detached" />
  </way>
  <way id="-1000000164" visible="true">
    <nd ref="-883" />
    <nd ref="-884" />
    <nd ref="-885" />
    <nd ref="-886" />
    <nd ref="-883" />
    <tag k="building" v="yes" />
  </way>
  <way id="-1000000165" visible="true">
    <nd ref="-887" />
    <nd ref="-888" />
    <nd ref="-889" />
    <nd ref="-890" />
    <nd ref="-891" />
    <nd ref="-892" />
    <nd ref="-893" />
    <nd ref="-894" />
    <nd ref="-895" />
    <nd ref="-896" />
    <nd ref="-887" />
    <tag k="building" v="yes" />
  </way>
  <way id="-1000000166" visible="true">
    <nd ref="-897" />
    <nd ref="-898" />
    <nd ref="-899" />
    <nd ref="-900" />
    <nd ref="-901" />
    <nd ref="-902" />
    <nd ref="-903" />
    <nd ref="-904" />
    <nd ref="-897" />
    <tag k="building" v="yes" />
  </way>
  <way id="-1000000167" visible="true">
    <nd ref="-905" />
    <nd ref="-906" />
    <nd ref="-907" />
    <nd ref="-908" />
    <nd ref="-909" />
    <nd ref="-910" />
    <nd ref="-911" />
    <nd ref="-912" />
    <nd ref="-905" />
    <tag k="building" v="yes" />
  </way>
  <way id="-1000000168" visible="true">
    <nd ref="-913" />
    <nd ref="-914" />
    <nd ref="-915" />
    <nd ref="-916" />
    <nd ref="-917" />
    <nd ref="-918" />
    <nd ref="-919" />
    <nd ref="-920" />
    <nd ref="-913" />
    <tag k="building" v="yes" />
  </way>
  <way id="-1000000169" visible="true">
    <nd ref="-921" />
    <nd ref="-922" />
    <nd ref="-923" />
    <nd ref="-924" />
    <nd ref="-925" />
    <nd ref="-926" />
    <nd ref="-927" />
    <nd ref="-928" />
    <nd ref="-921" />
    <tag k="building" v="apartments" />
  </way>
  <way id="-1000000170" visible="true">
    <nd ref="-929" />
    <nd ref="-930" />
    <nd ref="-931" />
    <nd ref="-932" />
    <nd ref="-933" />
    <nd ref="-934" />
    <nd ref="-935" />
    <nd ref="-936" />
    <nd ref="-929" />
    <tag k="building" v="apartments" />
  </way>
  <way id="-1000000171" visible="true">
    <nd ref="-937" />
    <nd ref="-938" />
    <nd ref="-939" />
    <nd ref="-940" />
    <nd ref="-941" />
    <nd ref="-942" />
    <nd ref="-943" />
    <nd ref="-944" />
    <nd ref="-937" />
    <tag k="building" v="apartments" />
  </way>
  <way id="-1000000172" visible="true">
    <nd ref="-945" />
    <nd ref="-946" />
    <nd ref="-947" />
    <nd ref="-948" />
    <nd ref="-945" />
    <tag k="building" v="apartments" />
  </way>
  <way id="-1000000173" visible="true">
    <nd ref="-949" />
    <nd ref="-690" />
    <nd ref="-686" />
    <nd ref="-950" />
    <nd ref="-949" />
    <tag k="building" v="yes" />
  </way>
  <way id="-1000000174" visible="true">
    <nd ref="-951" />
    <nd ref="-952" />
    <nd ref="-953" />
    <nd ref="-954" />
    <nd ref="-955" />
    <nd ref="-956" />
    <nd ref="-957" />
    <nd ref="-958" />
    <nd ref="-959" />
    <nd ref="-960" />
    <nd ref="-951" />
    <tag k="building" v="yes" />
  </way>
  <way id="-1000000175" visible="true">
    <nd ref="-961" />
    <nd ref="-962" />
    <nd ref="-963" />
    <nd ref="-964" />
    <nd ref="-965" />
    <nd ref="-966" />
    <nd ref="-967" />
    <nd ref="-968" />
    <nd ref="-969" />
    <nd ref="-970" />
    <nd ref="-971" />
    <nd ref="-972" />
    <nd ref="-973" />
    <nd ref="-974" />
    <nd ref="-975" />
    <nd ref="-976" />
    <nd ref="-977" />
    <nd ref="-961" />
    <tag k="building" v="apartments" />
  </way>
  <way id="-1000000176" visible="true">
    <nd ref="-978" />
    <nd ref="-979" />
    <nd ref="-980" />
    <nd ref="-981" />
    <nd ref="-978" />
    <tag k="building" v="yes" />
  </way>
  <way id="-1000000177" visible="true">
    <nd ref="-982" />
    <nd ref="-983" />
    <nd ref="-984" />
    <nd ref="-985" />
    <nd ref="-982" />
    <tag k="addr:city" v="Ingolstadt" />
    <tag k="addr:country" v="DE" />
    <tag k="addr:housenumber" v="20" />
    <tag k="addr:postcode" v="85055" />
    <tag k="addr:street" v="Arndtstraße" />
    <tag k="building" v="apartments" />
  </way>
  <way id="-1000000178" visible="true">
    <nd ref="-986" />
    <nd ref="-987" />
    <nd ref="-988" />
    <nd ref="-989" />
    <nd ref="-986" />
    <tag k="building" v="apartments" />
    <tag k="roof:shape" v="pyramidal" />
  </way>
  <way id="-1000000179" visible="true">
    <nd ref="-990" />
    <nd ref="-991" />
    <nd ref="-992" />
    <nd ref="-993" />
    <nd ref="-990" />
    <tag k="addr:housenumber" v="29" />
    <tag k="addr:street" v="Goethestraße" />
    <tag k="building" v="school" />
  </way>
  <way id="-1000000180" visible="true">
    <nd ref="-994" />
    <nd ref="-995" />
    <nd ref="-996" />
    <nd ref="-997" />
    <nd ref="-994" />
    <tag k="building" v="yes" />
  </way>
  <way id="-1000000181" visible="true">
    <nd ref="-998" />
    <nd ref="-999" />
    <nd ref="-1000" />
    <nd ref="-1001" />
    <nd ref="-998" />
    <tag k="building" v="yes" />
  </way>
  <way id="-1000000182" visible="true">
    <nd ref="-1002" />
    <nd ref="-1003" />
    <nd ref="-1004" />
    <nd ref="-1005" />
    <nd ref="-1002" />
    <tag k="building" v="yes" />
  </way>
  <way id="-1000000183" visible="true">
    <nd ref="-1006" />
    <nd ref="-1007" />
    <nd ref="-1000" />
    <nd ref="-999" />
    <nd ref="-1008" />
    <nd ref="-1006" />
    <tag k="building" v="yes" />
  </way>
  <way id="-1000000184" visible="true">
    <nd ref="-1009" />
    <nd ref="-1010" />
    <nd ref="-1011" />
    <nd ref="-1012" />
    <nd ref="-1009" />
    <tag k="building" v="yes" />
  </way>
  <way id="-1000000185" visible="true">
    <nd ref="-1013" />
    <nd ref="-1014" />
    <nd ref="-1015" />
    <nd ref="-1016" />
    <nd ref="-1013" />
    <tag k="building" v="garages" />
  </way>
  <way id="-1000000186" visible="true">
    <nd ref="-1017" />
    <nd ref="-1018" />
    <nd ref="-1019" />
    <nd ref="-1020" />
    <nd ref="-1017" />
    <tag k="building" v="garages" />
  </way>
  <way id="-1000000187" visible="true">
    <nd ref="-1021" />
    <nd ref="-1022" />
    <nd ref="-1023" />
    <nd ref="-1024" />
    <nd ref="-1021" />
    <tag k="building" v="yes" />
  </way>
  <way id="-1000000188" visible="true">
    <nd ref="-1025" />
    <nd ref="-1026" />
    <nd ref="-1027" />
    <nd ref="-1028" />
    <nd ref="-1025" />
    <tag k="amenity" v="kindergarten" />
    <tag k="building" v="yes" />
    <tag k="check_date" v="2024-04-03" />
    <tag k="name" v="Kath. Kindergarten St. Anna" />
    <tag k="operator" v="Katholische Kindertageseinrichtungen Ingolstadt gemeinnützige GmbH" />
  </way>
  <way id="-1000000189" visible="true">
    <nd ref="-1029" />
    <nd ref="-1030" />
    <nd ref="-1031" />
    <nd ref="-1032" />
    <nd ref="-1029" />
    <tag k="building" v="apartments" />
  </way>
  <way id="-1000000190" visible="true">
    <nd ref="-1033" />
    <nd ref="-1034" />
    <nd ref="-1035" />
    <nd ref="-1036" />
    <nd ref="-1033" />
    <tag k="building" v="yes" />
  </way>
  <way id="-1000000191" visible="true">
    <nd ref="-1037" />
    <nd ref="-1038" />
    <nd ref="-1039" />
    <nd ref="-1040" />
    <nd ref="-1037" />
    <tag k="building" v="yes" />
  </way>
  <way id="-1000000192" visible="true">
    <nd ref="-1041" />
    <nd ref="-1042" />
    <nd ref="-1043" />
    <nd ref="-1044" />
    <nd ref="-1041" />
    <tag k="addr:city" v="Ingolstadt" />
    <tag k="addr:country" v="DE" />
    <tag k="addr:housenumber" v="24" />
    <tag k="addr:postcode" v="85055" />
    <tag k="addr:street" v="Arndtstraße" />
    <tag k="building" v="apartments" />
  </way>
  <way id="-1000000193" visible="true">
    <nd ref="-1045" />
    <nd ref="-1046" />
    <nd ref="-1047" />
    <nd ref="-1048" />
    <nd ref="-1045" />
    <tag k="building" v="yes" />
  </way>
  <way id="-1000000194" visible="true">
    <nd ref="-1049" />
    <nd ref="-1050" />
    <nd ref="-1051" />
    <nd ref="-1052" />
    <nd ref="-1049" />
    <tag k="building" v="yes" />
  </way>
  <way id="-1000000195" visible="true">
    <nd ref="-1053" />
    <nd ref="-1054" />
    <nd ref="-1055" />
    <nd ref="-1056" />
    <nd ref="-1053" />
    <tag k="building" v="yes" />
  </way>
  <way id="-1000000196" visible="true">
    <nd ref="-1057" />
    <nd ref="-1058" />
    <nd ref="-1059" />
    <nd ref="-1060" />
    <nd ref="-1057" />
    <tag k="building" v="yes" />
  </way>
  <way id="-1000000197" visible="true">
    <nd ref="-1061" />
    <nd ref="-1062" />
    <nd ref="-1063" />
    <nd ref="-1064" />
    <nd ref="-1061" />
    <tag k="building" v="yes" />
  </way>
  <way id="-1000000198" visible="true">
    <nd ref="-1065" />
    <nd ref="-1066" />
    <nd ref="-1067" />
    <nd ref="-1068" />
    <nd ref="-1065" />
    <tag k="building" v="yes" />
  </way>
  <way id="-1000000199" visible="true">
    <nd ref="-1069" />
    <nd ref="-1070" />
    <nd ref="-1071" />
    <nd ref="-1072" />
    <nd ref="-1069" />
    <tag k="building" v="yes" />
  </way>
  <way id="-1000000200" visible="true">
    <nd ref="-1073" />
    <nd ref="-1074" />
    <nd ref="-1075" />
    <nd ref="-1076" />
    <nd ref="-1077" />
    <nd ref="-1078" />
    <nd ref="-1079" />
    <nd ref="-1080" />
    <nd ref="-1081" />
    <nd ref="-1082" />
    <nd ref="-1083" />
    <nd ref="-1084" />
    <nd ref="-1073" />
    <tag k="building" v="school" />
  </way>
  <way id="-1000000201" visible="true">
    <nd ref="-1085" />
    <nd ref="-1086" />
    <nd ref="-1087" />
    <nd ref="-1088" />
    <nd ref="-1085" />
    <tag k="building" v="yes" />
  </way>
  <way id="-1000000202" visible="true">
    <nd ref="-1089" />
    <nd ref="-1090" />
    <nd ref="-1091" />
    <nd ref="-1092" />
    <nd ref="-1089" />
    <tag k="building" v="yes" />
  </way>
  <way id="-1000000203" visible="true">
    <nd ref="-1093" />
    <nd ref="-1094" />
    <nd ref="-1095" />
    <nd ref="-1096" />
    <nd ref="-1093" />
    <tag k="building" v="yes" />
  </way>
  <way id="-1000000204" visible="true">
    <nd ref="-1097" />
    <nd ref="-1098" />
    <nd ref="-1099" />
    <nd ref="-1100" />
    <nd ref="-1097" />
    <tag k="building" v="retail" />
  </way>
  <way id="-1000000205" visible="true">
    <nd ref="-1101" />
    <nd ref="-1102" />
    <nd ref="-1103" />
    <nd ref="-1104" />
    <nd ref="-1101" />
    <tag k="building" v="garage" />
  </way>
  <way id="-1000000206" visible="true">
    <nd ref="-1105" />
    <nd ref="-1106" />
    <nd ref="-1107" />
    <nd ref="-1108" />
    <nd ref="-1105" />
    <tag k="building" v="yes" />
  </way>
  <way id="-1000000207" visible="true">
    <nd ref="-1109" />
    <nd ref="-1110" />
    <nd ref="-1111" />
    <nd ref="-1112" />
    <nd ref="-1109" />
    <tag k="building" v="terrace" />
    <tag k="building:levels" v="2" />
    <tag k="roof:levels" v="1" />
  </way>
  <way id="-1000000208" visible="true">
    <nd ref="-1113" />
    <nd ref="-887" />
    <nd ref="-888" />
    <nd ref="-1114" />
    <nd ref="-1113" />
    <tag k="building" v="yes" />
  </way>
  <way id="-1000000209" visible="true">
    <nd ref="-1115" />
    <nd ref="-1116" />
    <nd ref="-1117" />
    <nd ref="-1118" />
    <nd ref="-1115" />
    <tag k="building" v="yes" />
  </way>
  <way id="-1000000210" visible="true">
    <nd ref="-1119" />
    <nd ref="-1120" />
    <nd ref="-1121" />
    <nd ref="-1122" />
    <nd ref="-1119" />
    <tag k="building" v="yes" />
  </way>
  <way id="-1000000211" visible="true">
    <nd ref="-1123" />
    <nd ref="-1124" />
    <nd ref="-1125" />
    <nd ref="-1126" />
    <nd ref="-1123" />
    <tag k="building" v="yes" />
  </way>
  <way id="-1000000212" visible="true">
    <nd ref="-1127" />
    <nd ref="-1128" />
    <nd ref="-1129" />
    <nd ref="-1130" />
    <nd ref="-1127" />
    <tag k="building" v="yes" />
  </way>
  <way id="-1000000213" visible="true">
    <nd ref="-1131" />
    <nd ref="-1132" />
    <nd ref="-1133" />
    <nd ref="-1134" />
    <nd ref="-1131" />
    <tag k="addr:city" v="Ingolstadt" />
    <tag k="addr:country" v="DE" />
    <tag k="addr:housenumber" v="26" />
    <tag k="addr:postcode" v="85055" />
    <tag k="addr:street" v="Arndtstraße" />
    <tag k="building" v="apartments" />
    <tag k="building:colour" v="#62786B" />
    <tag k="building:levels" v="2" />
    <tag k="roof:colour" v="#36454f" />
    <tag k="roof:levels" v="1" />
    <tag k="roof:shape" v="gabled" />
  </way>
  <way id="-1000000214" visible="true">
    <nd ref="-1135" />
    <nd ref="-1136" />
    <nd ref="-1137" />
    <nd ref="-1138" />
    <nd ref="-1135" />
    <tag k="building" v="garage" />
  </way>
  <way id="-1000000215" visible="true">
    <nd ref="-1139" />
    <nd ref="-1140" />
    <nd ref="-1141" />
    <nd ref="-1142" />
    <nd ref="-1139" />
    <tag k="building" v="yes" />
  </way>
  <way id="-1000000216" visible="true">
    <nd ref="-1143" />
    <nd ref="-1144" />
    <nd ref="-1145" />
    <nd ref="-1146" />
    <nd ref="-1143" />
    <tag k="building" v="yes" />
  </way>
  <way id="-1000000217" visible="true">
    <nd ref="-1147" />
    <nd ref="-1148" />
    <nd ref="-1149" />
    <nd ref="-1150" />
    <nd ref="-1147" />
    <tag k="building" v="yes" />
  </way>
  <way id="-1000000218" visible="true">
    <nd ref="-1151" />
    <nd ref="-1152" />
    <nd ref="-1153" />
    <nd ref="-1154" />
    <nd ref="-1151" />
    <tag k="building" v="apartments" />
  </way>
  <way id="-1000000219" visible="true">
    <nd ref="-1155" />
    <nd ref="-1156" />
    <nd ref="-1157" />
    <nd ref="-1158" />
    <nd ref="-1155" />
    <tag k="addr:city" v="Ingolstadt" />
    <tag k="addr:country" v="DE" />
    <tag k="addr:housenumber" v="52" />
    <tag k="addr:postcode" v="85055" />
    <tag k="addr:street" v="Schillerstraße" />
    <tag k="building" v="yes" />
  </way>
  <way id="-1000000220" visible="true">
    <nd ref="-1159" />
    <nd ref="-1160" />
    <nd ref="-1161" />
    <nd ref="-1162" />
    <nd ref="-1163" />
    <nd ref="-1164" />
    <nd ref="-1159" />
    <tag k="building" v="school" />
  </way>
  <way id="-1000000221" visible="true">
    <nd ref="-1165" />
    <nd ref="-1166" />
    <nd ref="-1167" />
    <nd ref="-1168" />
    <nd ref="-1165" />
    <tag k="addr:city" v="Ingolstadt" />
    <tag k="addr:country" v="DE" />
    <tag k="addr:housenumber" v="18" />
    <tag k="addr:postcode" v="85055" />
    <tag k="addr:street" v="Arndtstraße" />
    <tag k="building" v="apartments" />
  </way>
  <way id="-1000000222" visible="true">
    <nd ref="-1169" />
    <nd ref="-1170" />
    <nd ref="-1171" />
    <nd ref="-1172" />
    <nd ref="-1169" />
    <tag k="building" v="yes" />
  </way>
  <way id="-1000000223" visible="true">
    <nd ref="-1173" />
    <nd ref="-1174" />
    <nd ref="-1175" />
    <nd ref="-1176" />
    <nd ref="-1173" />
    <tag k="building" v="yes" />
  </way>
  <way id="-1000000224" visible="true">
    <nd ref="-1177" />
    <nd ref="-1178" />
    <nd ref="-1179" />
    <nd ref="-1180" />
    <nd ref="-1177" />
    <tag k="building" v="residential" />
  </way>
  <way id="-1000000225" visible="true">
    <nd ref="-1181" />
    <nd ref="-1182" />
    <nd ref="-1183" />
    <nd ref="-1184" />
    <nd ref="-1181" />
    <tag k="building" v="garage" />
  </way>
  <way id="-1000000226" visible="true">
    <nd ref="-1185" />
    <nd ref="-1186" />
    <nd ref="-1187" />
    <nd ref="-1188" />
    <nd ref="-1185" />
    <tag k="building" v="yes" />
  </way>
  <way id="-1000000227" visible="true">
    <nd ref="-1189" />
    <nd ref="-1190" />
    <nd ref="-1191" />
    <nd ref="-1192" />
    <nd ref="-1189" />
    <tag k="building" v="yes" />
  </way>
  <way id="-1000000228" visible="true">
    <nd ref="-1193" />
    <nd ref="-1194" />
    <nd ref="-1195" />
    <nd ref="-1196" />
    <nd ref="-1193" />
    <tag k="building" v="yes" />
  </way>
  <way id="-1000000229" visible="true">
    <nd ref="-1197" />
    <nd ref="-1198" />
    <nd ref="-1199" />
    <nd ref="-1200" />
    <nd ref="-1197" />
    <tag k="building" v="yes" />
  </way>
  <way id="-1000000230" visible="true">
    <nd ref="-1201" />
    <nd ref="-1202" />
    <nd ref="-1203" />
    <nd ref="-1204" />
    <nd ref="-1201" />
    <tag k="building" v="apartments" />
  </way>
  <way id="-1000000231" visible="true">
    <nd ref="-1205" />
    <nd ref="-1206" />
    <nd ref="-1207" />
    <nd ref="-1208" />
    <nd ref="-1205" />
    <tag k="building" v="yes" />
  </way>
  <way id="-1000000232" visible="true">
    <nd ref="-1209" />
    <nd ref="-1210" />
    <nd ref="-1211" />
    <nd ref="-1212" />
    <nd ref="-1209" />
    <tag k="building" v="yes" />
  </way>
  <way id="-1000000233" visible="true">
    <nd ref="-1213" />
    <nd ref="-1214" />
    <nd ref="-1215" />
    <nd ref="-1216" />
    <nd ref="-1217" />
    <nd ref="-1218" />
    <nd ref="-1213" />
    <tag k="building" v="apartments" />
  </way>
  <way id="-1000000234" visible="true">
    <nd ref="-1219" />
    <nd ref="-1220" />
    <nd ref="-1221" />
    <nd ref="-1222" />
    <nd ref="-1223" />
    <nd ref="-1224" />
    <nd ref="-1225" />
    <nd ref="-1226" />
    <nd ref="-1227" />
    <nd ref="-1228" />
    <nd ref="-1229" />
    <nd ref="-1230" />
    <nd ref="-1231" />
    <nd ref="-1232" />
    <nd ref="-1219" />
    <tag k="addr:city" v="Ingolstadt" />
    <tag k="addr:country" v="DE" />
    <tag k="addr:housenumber" v="16" />
    <tag k="addr:postcode" v="85055" />
    <tag k="addr:street" v="Arndtstraße" />
    <tag k="building" v="apartments" />
  </way>
  <way id="-1000000235" visible="true">
    <nd ref="-1233" />
    <nd ref="-1234" />
    <nd ref="-1235" />
    <nd ref="-1236" />
    <nd ref="-1233" />
    <tag k="building" v="yes" />
  </way>
  <way id="-1000000236" visible="true">
    <nd ref="-1237" />
    <nd ref="-1238" />
    <nd ref="-1239" />
    <nd ref="-1240" />
    <nd ref="-1237" />
    <tag k="building" v="yes" />
  </way>
  <way id="-1000000237" visible="true">
    <nd ref="-1241" />
    <nd ref="-1242" />
    <nd ref="-1243" />
    <nd ref="-1244" />
    <nd ref="-1241" />
    <tag k="addr:city" v="Ingolstadt" />
    <tag k="addr:country" v="DE" />
    <tag k="addr:housenumber" v="22" />
    <tag k="addr:postcode" v="85055" />
    <tag k="addr:street" v="Arndtstraße" />
    <tag k="building" v="apartments" />
  </way>
  <way id="-1000000238" visible="true">
    <nd ref="-1245" />
    <nd ref="-1246" />
    <nd ref="-1247" />
    <nd ref="-1248" />
    <nd ref="-1245" />
    <tag k="building" v="yes" />
  </way>
  <way id="-1000000239" visible="true">
    <nd ref="-1249" />
    <nd ref="-1250" />
    <nd ref="-1251" />
    <nd ref="-1252" />
    <nd ref="-1253" />
    <nd ref="-1254" />
    <nd ref="-1249" />
    <tag k="building" v="yes" />
  </way>
  <way id="-1000000240" visible="true">
    <nd ref="-1255" />
    <nd ref="-1256" />
    <nd ref="-1257" />
    <nd ref="-1258" />
    <nd ref="-1259" />
    <nd ref="-1260" />
    <nd ref="-1261" />
    <nd ref="-1262" />
    <nd ref="-1263" />
    <nd ref="-1264" />
    <nd ref="-1265" />
    <nd ref="-1266" />
    <nd ref="-1267" />
    <nd ref="-1268" />
    <nd ref="-1269" />
    <nd ref="-1270" />
    <nd ref="-1255" />
    <tag k="building" v="apartments" />
  </way>
  <way id="-1000000241" visible="true">
    <nd ref="-1271" />
    <nd ref="-1272" />
    <nd ref="-1273" />
    <nd ref="-1274" />
    <nd ref="-1275" />
    <nd ref="-1276" />
    <nd ref="-1277" />
    <nd ref="-1278" />
    <nd ref="-1271" />
    <tag k="building" v="yes" />
  </way>
  <way id="-1000000242" visible="true">
    <nd ref="-1279" />
    <nd ref="-1280" />
    <nd ref="-1281" />
    <nd ref="-1282" />
    <nd ref="-1279" />
    <tag k="building" v="apartments" />
  </way>
  <way id="-1000000243" visible="true">
    <nd ref="-1283" />
    <nd ref="-1284" />
    <nd ref="-1285" />
    <nd ref="-1286" />
    <nd ref="-1287" />
    <nd ref="-1288" />
    <nd ref="-1289" />
    <nd ref="-1290" />
    <nd ref="-1283" />
    <tag k="building" v="yes" />
  </way>
  <way id="-1000000244" visible="true">
    <nd ref="-1291" />
    <nd ref="-1292" />
    <nd ref="-1293" />
    <nd ref="-1294" />
    <nd ref="-1295" />
    <nd ref="-1291" />
    <tag k="building" v="house" />
    <tag k="source" v="Bing(2012)" />
  </way>
  <way id="-1000000245" visible="true">
    <nd ref="-1296" />
    <nd ref="-1297" />
    <nd ref="-1298" />
    <nd ref="-1299" />
    <nd ref="-1296" />
    <tag k="addr:city" v="Ingolstadt" />
    <tag k="addr:country" v="DE" />
    <tag k="addr:housenumber" v="61a" />
    <tag k="addr:postcode" v="85055" />
    <tag k="addr:street" v="Goethestraße" />
    <tag k="brand" v="Rossmann" />
    <tag k="brand:wikidata" v="Q316004" />
    <tag k="building" v="retail" />
    <tag k="building:levels" v="1" />
    <tag k="check_date:opening_hours" v="2026-01-01" />
    <tag k="contact:phone" v="+49 841 95198307" />
    <tag k="contact:website" v="https://www.rossmann.de" />
    <tag k="name" v="Rossmann" />
    <tag k="opening_hours" v="Mo-Fr 08:00-20:00; Sa 08:00-20:00; PH off" />
    <tag k="operator" v="Dirk Rossmann GmbH" />
    <tag k="ref:shop:num" v="2380" />
    <tag k="ref:vatin" v="DE115055186" />
    <tag k="roof:shape" v="flat" />
    <tag k="shop" v="chemist" />
    <tag k="source" v="Bing(2012)" />
    <tag k="wheelchair" v="yes" />
  </way>
  <way id="-1000000246" visible="true">
    <nd ref="-1300" />
    <nd ref="-1301" />
    <nd ref="-1302" />
    <nd ref="-1303" />
    <nd ref="-1300" />
    <tag k="building" v="apartments" />
  </way>
  <way id="-1000000247" visible="true">
    <nd ref="-1304" />
    <nd ref="-1305" />
    <nd ref="-1306" />
    <nd ref="-1307" />
    <nd ref="-1308" />
    <nd ref="-1309" />
    <nd ref="-1304" />
    <tag k="building" v="apartments" />
    <tag k="building:levels" v="1" />
    <tag k="roof:levels" v="1" />
    <tag k="roof:shape" v="gabled" />
  </way>
  <way id="-1000000248" visible="true">
    <nd ref="-1310" />
    <nd ref="-1311" />
    <nd ref="-1312" />
    <nd ref="-1313" />
    <nd ref="-1310" />
    <tag k="building" v="yes" />
  </way>
  <way id="-1000000249" visible="true">
    <nd ref="-1314" />
    <nd ref="-1315" />
    <nd ref="-1316" />
    <nd ref="-1317" />
    <nd ref="-1314" />
    <tag k="building" v="garages" />
  </way>
  <way id="-1000000250" visible="true">
    <nd ref="-1318" />
    <nd ref="-1319" />
    <nd ref="-1320" />
    <nd ref="-1321" />
    <nd ref="-1318" />
    <tag k="building" v="house" />
  </way>
  <way id="-1000000251" visible="true">
    <nd ref="-1322" />
    <nd ref="-1323" />
    <nd ref="-1324" />
    <nd ref="-1325" />
    <nd ref="-1322" />
    <tag k="building" v="house" />
    <tag k="building:levels" v="2" />
    <tag k="roof:levels" v="1" />
    <tag k="roof:shape" v="hipped" />
    <tag k="source" v="HiRes aerial imagery" />
  </way>
  <way id="-1000000252" visible="true">
    <nd ref="-1326" />
    <nd ref="-1327" />
    <nd ref="-1328" />
    <nd ref="-1329" />
    <nd ref="-1326" />
    <tag k="building" v="detached" />
  </way>
  <way id="-1000000253" visible="true">
    <nd ref="-1330" />
    <nd ref="-1331" />
    <nd ref="-1332" />
    <nd ref="-1333" />
    <nd ref="-1330" />
    <tag k="building" v="terrace" />
  </way>
  <way id="-1000000254" visible="true">
    <nd ref="-1334" />
    <nd ref="-1335" />
    <nd ref="-1336" />
    <nd ref="-1337" />
    <nd ref="-1338" />
    <nd ref="-1339" />
    <nd ref="-1334" />
    <tag k="addr:city" v="Ingolstadt" />
    <tag k="addr:country" v="DE" />
    <tag k="addr:housenumber" v="54" />
    <tag k="addr:postcode" v="85055" />
    <tag k="addr:street" v="Schillerstraße" />
    <tag k="building" v="house" />
  </way>
  <way id="-1000000255" visible="true">
    <nd ref="-1340" />
    <nd ref="-1341" />
    <nd ref="-1342" />
    <nd ref="-1343" />
    <nd ref="-1340" />
    <tag k="building" v="yes" />
  </way>
  <way id="-1000000256" visible="true">
    <nd ref="-1344" />
    <nd ref="-1345" />
    <nd ref="-467" />
    <nd ref="-1346" />
    <nd ref="-1344" />
    <tag k="building" v="yes" />
  </way>
  <way id="-1000000257" visible="true">
    <nd ref="-1347" />
    <nd ref="-1348" />
    <nd ref="-1349" />
    <nd ref="-1350" />
    <nd ref="-1351" />
    <nd ref="-1352" />
    <nd ref="-1353" />
    <nd ref="-1354" />
    <nd ref="-1347" />
    <tag k="addr:city" v="Ingolstadt" />
    <tag k="addr:country" v="DE" />
    <tag k="addr:housenumber" v="1 1/2" />
    <tag k="addr:postcode" v="85055" />
    <tag k="addr:street" v="Hebbelstraße" />
    <tag k="building" v="detached" />
  </way>
  <way id="-1000000258" visible="true">
    <nd ref="-1355" />
    <nd ref="-1356" />
    <nd ref="-1357" />
    <nd ref="-1358" />
    <nd ref="-1359" />
    <nd ref="-1360" />
    <nd ref="-1361" />
    <nd ref="-1355" />
    <tag k="addr:city" v="Ingolstadt" />
    <tag k="addr:country" v="DE" />
    <tag k="addr:housenumber" v="23" />
    <tag k="addr:postcode" v="85055" />
    <tag k="addr:street" v="Geibelstraße" />
    <tag k="building" v="semidetached_house" />
  </way>
  <way id="-1000000259" visible="true">
    <nd ref="-1362" />
    <nd ref="-1363" />
    <nd ref="-1364" />
    <nd ref="-1365" />
    <nd ref="-1362" />
    <tag k="building" v="yes" />
  </way>
  <way id="-1000000260" visible="true">
    <nd ref="-1366" />
    <nd ref="-1367" />
    <nd ref="-1368" />
    <nd ref="-1369" />
    <nd ref="-1370" />
    <nd ref="-1371" />
    <nd ref="-1372" />
    <nd ref="-1366" />
    <tag k="addr:city" v="Ingolstadt" />
    <tag k="addr:country" v="DE" />
    <tag k="addr:housenumber" v="28" />
    <tag k="addr:postcode" v="85055" />
    <tag k="addr:street" v="Geibelstraße" />
    <tag k="building" v="semidetached_house" />
  </way>
  <way id="-1000000261" visible="true">
    <nd ref="-1373" />
    <nd ref="-1374" />
    <nd ref="-1375" />
    <nd ref="-1376" />
    <nd ref="-1373" />
    <tag k="building" v="yes" />
  </way>
  <way id="-1000000262" visible="true">
    <nd ref="-1377" />
    <nd ref="-1378" />
    <nd ref="-1379" />
    <nd ref="-1380" />
    <nd ref="-1377" />
    <tag k="building" v="yes" />
  </way>
  <way id="-1000000263" visible="true">
    <nd ref="-1381" />
    <nd ref="-1382" />
    <nd ref="-1383" />
    <nd ref="-1384" />
    <nd ref="-1381" />
    <tag k="building" v="yes" />
  </way>
  <way id="-1000000264" visible="true">
    <nd ref="-1385" />
    <nd ref="-1386" />
    <nd ref="-1387" />
    <nd ref="-1388" />
    <nd ref="-1385" />
    <tag k="building" v="apartments" />
    <tag k="source" v="HiRes aerial imagery" />
  </way>
  <way id="-1000000265" visible="true">
    <nd ref="-1389" />
    <nd ref="-1390" />
    <nd ref="-1391" />
    <nd ref="-1392" />
    <nd ref="-1393" />
    <nd ref="-1394" />
    <nd ref="-1395" />
    <nd ref="-1396" />
    <nd ref="-1397" />
    <nd ref="-1389" />
    <tag k="building" v="yes" />
  </way>
  <way id="-1000000266" visible="true">
    <nd ref="-1398" />
    <nd ref="-1399" />
    <nd ref="-1400" />
    <nd ref="-1401" />
    <nd ref="-1402" />
    <nd ref="-1398" />
    <tag k="addr:city" v="Ingolstadt" />
    <tag k="addr:country" v="DE" />
    <tag k="addr:housenumber" v="12" />
    <tag k="addr:postcode" v="85055" />
    <tag k="addr:street" v="Geibelstraße" />
    <tag k="building" v="semidetached_house" />
  </way>
  <way id="-1000000267" visible="true">
    <nd ref="-1403" />
    <nd ref="-1404" />
    <nd ref="-1405" />
    <nd ref="-1406" />
    <nd ref="-1403" />
    <tag k="building" v="yes" />
  </way>
  <way id="-1000000268" visible="true">
    <nd ref="-1407" />
    <nd ref="-1408" />
    <nd ref="-1409" />
    <nd ref="-1410" />
    <nd ref="-1411" />
    <nd ref="-1412" />
    <nd ref="-1413" />
    <nd ref="-1414" />
    <nd ref="-1415" />
    <nd ref="-1416" />
    <nd ref="-1417" />
    <nd ref="-1407" />
    <tag k="building" v="apartments" />
    <tag k="source" v="HiRes aerial imagery" />
  </way>
  <way id="-1000000269" visible="true">
    <nd ref="-1418" />
    <nd ref="-1419" />
    <nd ref="-1420" />
    <nd ref="-1421" />
    <nd ref="-1422" />
    <nd ref="-1423" />
    <nd ref="-1424" />
    <nd ref="-1425" />
    <nd ref="-1418" />
    <tag k="building" v="warehouse" />
  </way>
  <way id="-1000000270" visible="true">
    <nd ref="-1426" />
    <nd ref="-1427" />
    <nd ref="-1428" />
    <nd ref="-1429" />
    <nd ref="-1346" />
    <nd ref="-467" />
    <nd ref="-461" />
    <nd ref="-460" />
    <nd ref="-1426" />
    <tag k="building" v="yes" />
  </way>
  <way id="-1000000271" visible="true">
    <nd ref="-1430" />
    <nd ref="-1431" />
    <nd ref="-1432" />
    <nd ref="-1433" />
    <nd ref="-1434" />
    <nd ref="-1435" />
    <nd ref="-1436" />
    <nd ref="-1437" />
    <nd ref="-1430" />
    <tag k="building" v="industrial" />
  </way>
  <way id="-1000000272" visible="true">
    <nd ref="-1438" />
    <nd ref="-1439" />
    <nd ref="-1440" />
    <nd ref="-1441" />
    <nd ref="-1438" />
    <tag k="addr:city" v="Ingolstadt" />
    <tag k="addr:country" v="DE" />
    <tag k="addr:housenumber" v="15 1/2" />
    <tag k="addr:postcode" v="85055" />
    <tag k="addr:street" v="Geibelstraße" />
    <tag k="building" v="yes" />
  </way>
  <way id="-1000000273" visible="true">
    <nd ref="-1442" />
    <nd ref="-1443" />
    <nd ref="-1444" />
    <nd ref="-1445" />
    <nd ref="-1442" />
    <tag k="addr:city" v="Ingolstadt" />
    <tag k="addr:country" v="DE" />
    <tag k="addr:housenumber" v="1 1 /2" />
    <tag k="addr:postcode" v="85055" />
    <tag k="addr:street" v="Rückertstraße" />
    <tag k="building" v="detached" />
  </way>
  <way id="-1000000274" visible="true">
    <nd ref="-1446" />
    <nd ref="-1447" />
    <nd ref="-1448" />
    <nd ref="-1449" />
    <nd ref="-1446" />
    <tag k="addr:city" v="Ingolstadt" />
    <tag k="addr:country" v="DE" />
    <tag k="addr:housenumber" v="21" />
    <tag k="addr:postcode" v="85055" />
    <tag k="addr:street" v="Anzengruberstraße" />
    <tag k="building" v="detached" />
  </way>
  <way id="-1000000275" visible="true">
    <nd ref="-1450" />
    <nd ref="-1451" />
    <nd ref="-1452" />
    <nd ref="-1453" />
    <nd ref="-1450" />
    <tag k="building" v="garage" />
  </way>
  <way id="-1000000276" visible="true">
    <nd ref="-1454" />
    <nd ref="-1455" />
    <nd ref="-1456" />
    <nd ref="-1457" />
    <nd ref="-1454" />
    <tag k="building" v="yes" />
  </way>
  <way id="-1000000277" visible="true">
    <nd ref="-1458" />
    <nd ref="-1459" />
    <nd ref="-1460" />
    <nd ref="-1461" />
    <nd ref="-1458" />
    <tag k="building" v="yes" />
  </way>
  <way id="-1000000278" visible="true">
    <nd ref="-1462" />
    <nd ref="-1463" />
    <nd ref="-1464" />
    <nd ref="-1465" />
    <nd ref="-1466" />
    <nd ref="-1467" />
    <nd ref="-1462" />
    <tag k="building" v="yes" />
  </way>
  <way id="-1000000279" visible="true">
    <nd ref="-1468" />
    <nd ref="-1469" />
    <nd ref="-1470" />
    <nd ref="-1471" />
    <nd ref="-1468" />
    <tag k="building" v="yes" />
  </way>
  <way id="-1000000280" visible="true">
    <nd ref="-1472" />
    <nd ref="-1473" />
    <nd ref="-1474" />
    <nd ref="-1475" />
    <nd ref="-1472" />
    <tag k="building" v="yes" />
  </way>
  <way id="-1000000281" visible="true">
    <nd ref="-1476" />
    <nd ref="-1477" />
    <nd ref="-1478" />
    <nd ref="-1479" />
    <nd ref="-1476" />
    <tag k="building" v="yes" />
  </way>
  <way id="-1000000282" visible="true">
    <nd ref="-1480" />
    <nd ref="-1481" />
    <nd ref="-1482" />
    <nd ref="-1483" />
    <nd ref="-1480" />
    <tag k="building" v="house" />
    <tag k="source" v="Bing(2012)" />
  </way>
  <way id="-1000000283" visible="true">
    <nd ref="-1294" />
    <nd ref="-1295" />
    <nd ref="-1484" />
    <nd ref="-1485" />
    <nd ref="-1294" />
    <tag k="building" v="house" />
    <tag k="source" v="Bing(2012)" />
  </way>
  <way id="-1000000284" visible="true">
    <nd ref="-1480" />
    <nd ref="-1481" />
    <nd ref="-1486" />
    <nd ref="-1487" />
    <nd ref="-1292" />
    <nd ref="-1291" />
    <nd ref="-1480" />
    <tag k="building" v="house" />
    <tag k="source" v="Bing(2012)" />
  </way>
  <way id="-1000000285" visible="true">
    <nd ref="-1488" />
    <nd ref="-1489" />
    <nd ref="-1490" />
    <nd ref="-1491" />
    <nd ref="-1488" />
    <tag k="addr:city" v="Ingolstadt" />
    <tag k="addr:country" v="DE" />
    <tag k="addr:housenumber" v="3" />
    <tag k="addr:postcode" v="85055" />
    <tag k="addr:street" v="Geibelstraße" />
    <tag k="building" v="apartments" />
    <tag k="building:levels" v="2" />
    <tag k="source" v="survey;HiRes aerial imagery" />
  </way>
  <way id="-1000000286" visible="true">
    <nd ref="-1492" />
    <nd ref="-1493" />
    <nd ref="-1494" />
    <nd ref="-1495" />
    <nd ref="-1492" />
    <tag k="addr:city" v="Ingolstadt" />
    <tag k="addr:country" v="DE" />
    <tag k="addr:housenumber" v="69" />
    <tag k="addr:postcode" v="85055" />
    <tag k="addr:street" v="Goethestraße" />
    <tag k="building" v="residential" />
    <tag k="building:levels" v="2" />
  </way>
  <way id="-1000000287" visible="true">
    <nd ref="-1489" />
    <nd ref="-1496" />
    <nd ref="-1497" />
    <nd ref="-1490" />
    <nd ref="-1489" />
    <tag k="addr:city" v="Ingolstadt" />
    <tag k="addr:country" v="DE" />
    <tag k="addr:housenumber" v="5" />
    <tag k="addr:postcode" v="85055" />
    <tag k="addr:street" v="Geibelstraße" />
    <tag k="building" v="apartments" />
    <tag k="building:levels" v="2" />
    <tag k="source" v="survey;HiRes aerial imagery" />
  </way>
  <way id="-1000000288" visible="true">
    <nd ref="-1498" />
    <nd ref="-1499" />
    <nd ref="-1500" />
    <nd ref="-1501" />
    <nd ref="-1498" />
    <tag k="addr:city" v="Ingolstadt" />
    <tag k="addr:country" v="DE" />
    <tag k="addr:housenumber" v="73" />
    <tag k="addr:postcode" v="85055" />
    <tag k="addr:street" v="Goethestraße" />
    <tag k="building" v="residential" />
    <tag k="building:levels" v="2" />
  </way>
  <way id="-1000000289" visible="true">
    <nd ref="-1499" />
    <nd ref="-1492" />
    <nd ref="-1495" />
    <nd ref="-1500" />
    <nd ref="-1499" />
    <tag k="addr:city" v="Ingolstadt" />
    <tag k="addr:country" v="DE" />
    <tag k="addr:housenumber" v="71" />
    <tag k="addr:postcode" v="85055" />
    <tag k="addr:street" v="Goethestraße" />
    <tag k="building" v="residential" />
    <tag k="building:levels" v="2" />
  </way>
  <way id="-1000000290" visible="true">
    <nd ref="-1417" />
    <nd ref="-1502" />
    <nd ref="-1503" />
    <nd ref="-1416" />
    <nd ref="-1417" />
    <tag k="building" v="garage" />
    <tag k="source" v="HiRes aerial imagery" />
  </way>
  <way id="-1000000291" visible="true">
    <nd ref="-1496" />
    <nd ref="-1504" />
    <nd ref="-1505" />
    <nd ref="-1497" />
    <nd ref="-1496" />
    <tag k="addr:city" v="Ingolstadt" />
    <tag k="addr:country" v="DE" />
    <tag k="addr:housenumber" v="7" />
    <tag k="addr:postcode" v="85055" />
    <tag k="addr:street" v="Geibelstraße" />
    <tag k="building" v="apartments" />
    <tag k="building:levels" v="2" />
    <tag k="source" v="survey;HiRes aerial imagery" />
  </way>
  <way id="-1000000292" visible="true">
    <nd ref="-1506" />
    <nd ref="-1488" />
    <nd ref="-1491" />
    <nd ref="-1507" />
    <nd ref="-1506" />
    <tag k="addr:city" v="Ingolstadt" />
    <tag k="addr:country" v="DE" />
    <tag k="addr:housenumber" v="1" />
    <tag k="addr:postcode" v="85055" />
    <tag k="addr:street" v="Geibelstraße" />
    <tag k="building" v="apartments" />
    <tag k="building:levels" v="2" />
    <tag k="source" v="survey;HiRes aerial imagery" />
  </way>
  <way id="-1000000293" visible="true">
    <nd ref="-1508" />
    <nd ref="-1509" />
    <nd ref="-1510" />
    <nd ref="-1511" />
    <nd ref="-1508" />
    <tag k="building" v="yes" />
    <tag k="height" v="5" />
  </way>
  <way id="-1000000294" visible="true">
    <nd ref="-1512" />
    <nd ref="-1513" />
    <nd ref="-1514" />
    <nd ref="-1515" />
    <nd ref="-1512" />
    <tag k="building" v="yes" />
    <tag k="height" v="40" />
  </way>
  <way id="-1000000295" visible="true">
    <nd ref="-1516" />
    <nd ref="-1517" />
    <nd ref="-1518" />
    <nd ref="-1519" />
    <nd ref="-1520" />
    <nd ref="-1521" />
    <nd ref="-1513" />
    <nd ref="-1512" />
    <nd ref="-1516" />
    <tag k="addr:city" v="Ingolstadt" />
    <tag k="addr:housenumber" v="21" />
    <tag k="addr:postcode" v="85055" />
    <tag k="addr:street" v="Hans-Sachs-Straße" />
    <tag k="amenity" v="place_of_worship" />
    <tag k="building" v="church" />
    <tag k="denomination" v="roman_catholic" />
    <tag k="name" v="St. Josef" />
    <tag k="religion" v="christian" />
    <tag k="service_times" v="Sa 19:00; Su 08:30, 10:30" />
  </way>
  <way id="-1000000296" visible="true">
    <nd ref="-1522" />
    <nd ref="-1523" />
    <nd ref="-1524" />
    <nd ref="-1525" />
    <nd ref="-1526" />
    <nd ref="-1527" />
    <nd ref="-1528" />
    <nd ref="-1529" />
    <nd ref="-1530" />
    <nd ref="-1531" />
    <nd ref="-1532" />
    <nd ref="-1533" />
    <nd ref="-1534" />
    <nd ref="-1535" />
    <nd ref="-1536" />
    <nd ref="-1522" />
    <tag k="building" v="school" />
  </way>
  <way id="-1000000297" visible="true">
    <nd ref="-1537" />
    <nd ref="-1538" />
    <nd ref="-1539" />
    <nd ref="-1540" />
    <nd ref="-1537" />
    <tag k="building" v="yes" />
  </way>
  <way id="-1000000298" visible="true">
    <nd ref="-1541" />
    <nd ref="-1542" />
    <nd ref="-1543" />
    <nd ref="-1544" />
    <nd ref="-1541" />
    <tag k="building" v="yes" />
  </way>
  <way id="-1000000299" visible="true">
    <nd ref="-1545" />
    <nd ref="-1546" />
    <nd ref="-1547" />
    <nd ref="-1548" />
    <nd ref="-1549" />
    <nd ref="-1550" />
    <nd ref="-1545" />
    <tag k="building" v="school" />
  </way>
  <way id="-1000000300" visible="true">
    <nd ref="-1551" />
    <nd ref="-1552" />
    <nd ref="-1553" />
    <nd ref="-1554" />
    <nd ref="-1551" />
    <tag k="building" v="house" />
  </way>
  <way id="-1000000301" visible="true">
    <nd ref="-1555" />
    <nd ref="-1556" />
    <nd ref="-1557" />
    <nd ref="-1558" />
    <nd ref="-1555" />
    <tag k="building" v="yes" />
    <tag k="frequency" v="50" />
    <tag k="location" v="indoor" />
    <tag k="power" v="substation" />
  </way>
  <way id="-1000000302" visible="true">
    <nd ref="-606" />
    <nd ref="-1559" />
    <nd ref="-1560" />
    <nd ref="-1561" />
    <nd ref="-605" />
    <nd ref="-606" />
    <tag k="addr:city" v="Ingolstadt" />
    <tag k="addr:country" v="DE" />
    <tag k="addr:housenumber" v="33 1/2" />
    <tag k="addr:postcode" v="85055" />
    <tag k="addr:street" v="Nürnberger Straße" />
    <tag k="building" v="yes" />
    <tag k="name" v="Wohnungsgenossenschaft Ingolstadt e. G." />
    <tag k="office" v="estate_agent" />
    <tag k="opening_hours" v="Tu,Th 10:00-12:00" />
    <tag k="phone" v="+49 841 561 24" />
  </way>
  <way id="-1000000303" visible="true">
    <nd ref="-594" />
    <nd ref="-595" />
    <nd ref="-1562" />
    <nd ref="-1563" />
    <nd ref="-594" />
    <tag k="building" v="house" />
    <tag k="building:levels" v="2" />
    <tag k="roof:levels" v="2" />
    <tag k="roof:shape" v="mansard" />
  </way>
  <way id="-1000000304" visible="true">
    <nd ref="-1334" />
    <nd ref="-1564" />
    <nd ref="-1565" />
    <nd ref="-1566" />
    <nd ref="-1335" />
    <nd ref="-1334" />
    <tag k="building" v="garage" />
  </way>
  <way id="-1000000305" visible="true">
    <nd ref="-592" />
    <nd ref="-1567" />
    <nd ref="-1568" />
    <nd ref="-1569" />
    <nd ref="-591" />
    <nd ref="-592" />
    <tag k="building" v="house" />
  </way>
  <way id="-1000000306" visible="true">
    <nd ref="-1568" />
    <nd ref="-1569" />
    <nd ref="-1570" />
    <nd ref="-1571" />
    <nd ref="-1551" />
    <nd ref="-1552" />
    <nd ref="-1568" />
    <tag k="building" v="house" />
  </way>
  <way id="-1000000307" visible="true">
    <nd ref="-1572" />
    <nd ref="-1573" />
    <nd ref="-1574" />
    <nd ref="-1575" />
    <nd ref="-1576" />
    <nd ref="-1577" />
    <nd ref="-1572" />
    <tag k="building" v="apartments" />
  </way>
  <way id="-1000000308" visible="true">
    <nd ref="-1578" />
    <nd ref="-1579" />
    <nd ref="-1580" />
    <nd ref="-1581" />
    <nd ref="-1582" />
    <nd ref="-1583" />
    <nd ref="-1584" />
    <nd ref="-1585" />
    <nd ref="-1586" />
    <nd ref="-1587" />
    <nd ref="-1588" />
    <nd ref="-1589" />
    <nd ref="-1590" />
    <nd ref="-1591" />
    <nd ref="-1592" />
    <nd ref="-1593" />
    <nd ref="-1578" />
    <tag k="building" v="apartments" />
  </way>
  <way id="-1000000309" visible="true">
    <nd ref="-1594" />
    <nd ref="-1595" />
    <nd ref="-1596" />
    <nd ref="-1597" />
    <nd ref="-1594" />
    <tag k="building" v="garages" />
  </way>
  <way id="-1000000310" visible="true">
    <nd ref="-38" />
    <nd ref="-1598" />
    <nd ref="-1599" />
    <nd ref="-39" />
    <nd ref="-38" />
    <tag k="building" v="semidetached_house" />
    <tag k="source" v="HiRes aerial imagery" />
  </way>
  <way id="-1000000311" visible="true">
    <nd ref="-1600" />
    <nd ref="-1601" />
    <nd ref="-1602" />
    <nd ref="-1603" />
    <nd ref="-1600" />
    <tag k="building" v="garages" />
  </way>
  <way id="-1000000312" visible="true">
    <nd ref="-1604" />
    <nd ref="-1605" />
    <nd ref="-1606" />
    <nd ref="-1607" />
    <nd ref="-1604" />
    <tag k="building" v="garages" />
  </way>
  <way id="-1000000313" visible="true">
    <nd ref="-1608" />
    <nd ref="-1609" />
    <nd ref="-1610" />
    <nd ref="-1611" />
    <nd ref="-1608" />
    <tag k="building" v="shed" />
  </way>
  <way id="-1000000314" visible="true">
    <nd ref="-1612" />
    <nd ref="-1613" />
    <nd ref="-1614" />
    <nd ref="-1615" />
    <nd ref="-1612" />
    <tag k="building" v="yes" />
  </way>
  <way id="-1000000315" visible="true">
    <nd ref="-1616" />
    <nd ref="-1617" />
    <nd ref="-1618" />
    <nd ref="-1619" />
    <nd ref="-1616" />
    <tag k="building" v="office" />
  </way>
  <way id="-1000000316" visible="true">
    <nd ref="-1620" />
    <nd ref="-1621" />
    <nd ref="-1622" />
    <nd ref="-1623" />
    <nd ref="-1620" />
    <tag k="building" v="garage" />
  </way>
  <way id="-1000000317" visible="true">
    <nd ref="-1624" />
    <nd ref="-1625" />
    <nd ref="-1626" />
    <nd ref="-1627" />
    <nd ref="-1624" />
    <tag k="building" v="garage" />
  </way>
  <way id="-1000000318" visible="true">
    <nd ref="-1628" />
    <nd ref="-1629" />
    <nd ref="-1630" />
    <nd ref="-1631" />
    <nd ref="-1628" />
    <tag k="building" v="garage" />
  </way>
  <way id="-1000000319" visible="true">
    <nd ref="-1632" />
    <nd ref="-1633" />
    <nd ref="-1634" />
    <nd ref="-1635" />
    <nd ref="-1636" />
    <nd ref="-1637" />
    <nd ref="-1632" />
    <tag k="building" v="garage" />
  </way>
  <way id="-1000000320" visible="true">
    <nd ref="-1638" />
    <nd ref="-1639" />
    <nd ref="-1640" />
    <nd ref="-1641" />
    <nd ref="-1638" />
    <tag k="building" v="garage" />
  </way>
  <way id="-1000000321" visible="true">
    <nd ref="-317" />
    <nd ref="-1642" />
    <nd ref="-1643" />
    <nd ref="-1644" />
    <nd ref="-318" />
    <nd ref="-317" />
    <tag k="building" v="garage" />
  </way>
  <way id="-1000000322" visible="true">
    <nd ref="-1645" />
    <nd ref="-1646" />
    <nd ref="-1647" />
    <nd ref="-1648" />
    <nd ref="-1649" />
    <nd ref="-1650" />
    <nd ref="-1645" />
    <tag k="building" v="garage" />
  </way>
  <way id="-1000000323" visible="true">
    <nd ref="-1651" />
    <nd ref="-1652" />
    <nd ref="-1653" />
    <nd ref="-1654" />
    <nd ref="-1655" />
    <nd ref="-1656" />
    <nd ref="-1651" />
    <tag k="building" v="apartments" />
  </way>
  <way id="-1000000324" visible="true">
    <nd ref="-1657" />
    <nd ref="-1658" />
    <nd ref="-1659" />
    <nd ref="-1660" />
    <nd ref="-1657" />
    <tag k="addr:city" v="Ingolstadt" />
    <tag k="addr:housenumber" v="19a" />
    <tag k="addr:postcode" v="85055" />
    <tag k="addr:street" v="Hans-Sachs-Straße" />
    <tag k="building" v="yes" />
    <tag k="building:colour" v="white" />
    <tag k="building:levels" v="2" />
    <tag k="roof:colour" v="#222222" />
    <tag k="roof:levels" v="2" />
    <tag k="roof:shape" v="half-hipped" />
  </way>
  <way id="-1000000325" visible="true">
    <nd ref="-1661" />
    <nd ref="-1662" />
    <nd ref="-1663" />
    <nd ref="-1664" />
    <nd ref="-1661" />
    <tag k="addr:city" v="Ingolstadt" />
    <tag k="addr:housenumber" v="19" />
    <tag k="addr:postcode" v="85055" />
    <tag k="addr:street" v="Hans-Sachs-Straße" />
    <tag k="building" v="yes" />
    <tag k="building:colour" v="white" />
    <tag k="building:levels" v="2" />
    <tag k="roof:colour" v="#222222" />
    <tag k="roof:levels" v="2" />
    <tag k="roof:shape" v="half-hipped" />
  </way>
  <way id="-1000000326" visible="true">
    <nd ref="-1665" />
    <nd ref="-1666" />
    <nd ref="-1667" />
    <nd ref="-1668" />
    <nd ref="-1665" />
    <tag k="building" v="container" />
    <tag k="building:levels" v="1" />
    <tag k="roof:shape" v="flat" />
  </way>
  <way id="-1000000327" visible="true">
    <nd ref="-399" />
    <nd ref="-398" />
    <nd ref="-371" />
    <nd ref="-370" />
    <nd ref="-1669" />
    <nd ref="-399" />
    <tag k="building" v="yes" />
  </way>
  <way id="-1000000328" visible="true">
    <nd ref="-401" />
    <nd ref="-1670" />
    <nd ref="-1671" />
    <nd ref="-1672" />
    <nd ref="-388" />
    <nd ref="-401" />
    <tag k="building" v="garage" />
  </way>
  <way id="-1000000329" visible="true">
    <nd ref="-400" />
    <nd ref="-1673" />
    <nd ref="-1670" />
    <nd ref="-401" />
    <nd ref="-400" />
    <tag k="building" v="garage" />
  </way>
  <way id="-1000000330" visible="true">
    <nd ref="-1674" />
    <nd ref="-1675" />
    <nd ref="-1676" />
    <nd ref="-1677" />
    <nd ref="-1674" />
    <tag k="building" v="yes" />
  </way>
  <way id="-1000000331" visible="true">
    <nd ref="-1678" />
    <nd ref="-1679" />
    <nd ref="-1680" />
    <nd ref="-1681" />
    <nd ref="-1678" />
    <tag k="building" v="yes" />
  </way>
  <way id="-1000000332" visible="true">
    <nd ref="-1682" />
    <nd ref="-1683" />
    <nd ref="-1684" />
    <nd ref="-1685" />
    <nd ref="-1682" />
    <tag k="addr:city" v="Ingolstadt" />
    <tag k="addr:housenumber" v="66B" />
    <tag k="addr:postcode" v="85055" />
    <tag k="addr:street" v="Goethestraße" />
    <tag k="building" v="yes" />
    <tag k="building:levels:underground" v="1" />
  </way>
  <way id="-1000000333" visible="true">
    <nd ref="-1686" />
    <nd ref="-1687" />
    <nd ref="-1688" />
    <nd ref="-1689" />
    <nd ref="-1686" />
    <tag k="addr:city" v="Ingolstadt" />
    <tag k="addr:housenumber" v="66A" />
    <tag k="addr:postcode" v="85055" />
    <tag k="addr:street" v="Goethestraße" />
    <tag k="building" v="yes" />
  </way>
  <way id="-1000000334" visible="true">
    <nd ref="-1690" />
    <nd ref="-1691" />
    <nd ref="-1692" />
    <nd ref="-1693" />
    <nd ref="-1690" />
    <tag k="addr:housenumber" v="66" />
    <tag k="addr:street" v="Goethestraße" />
    <tag k="building" v="apartments" />
  </way>
  <way id="-1000000335" visible="true">
    <nd ref="-1694" />
    <nd ref="-1695" />
    <nd ref="-1696" />
    <nd ref="-1697" />
    <nd ref="-1694" />
    <tag k="building" v="residential" />
  </way>
  <way id="-1000000336" visible="true">
    <nd ref="-1698" />
    <nd ref="-1699" />
    <nd ref="-1700" />
    <nd ref="-1701" />
    <nd ref="-1698" />
    <tag k="building" v="residential" />
  </way>
  <way id="-1000000337" visible="true">
    <nd ref="-1702" />
    <nd ref="-1703" />
    <nd ref="-1704" />
    <nd ref="-1705" />
    <nd ref="-1702" />
    <tag k="building" v="yes" />
  </way>
  <way id="-1000000338" visible="true">
    <nd ref="-1706" />
    <nd ref="-1707" />
    <nd ref="-1708" />
    <nd ref="-1709" />
    <nd ref="-1706" />
    <tag k="building" v="yes" />
  </way>
  <way id="-1000000339" visible="true">
    <nd ref="-1710" />
    <nd ref="-1711" />
    <nd ref="-1712" />
    <nd ref="-1713" />
    <nd ref="-1710" />
    <tag k="building" v="yes" />
  </way>
  <way id="-1000000340" visible="true">
    <nd ref="-1714" />
    <nd ref="-1715" />
    <nd ref="-1716" />
    <nd ref="-1717" />
    <nd ref="-1714" />
    <tag k="building" v="apartments" />
  </way>
  <way id="-1000000341" visible="true">
    <nd ref="-1718" />
    <nd ref="-1719" />
    <nd ref="-1720" />
    <nd ref="-1721" />
    <nd ref="-1718" />
    <tag k="building" v="yes" />
  </way>
  <way id="-1000000342" visible="true">
    <nd ref="-298" />
    <nd ref="-1722" />
    <nd ref="-1723" />
    <nd ref="-299" />
    <nd ref="-298" />
    <tag k="building" v="garage" />
  </way>
  <way id="-1000000343" visible="true">
    <nd ref="-1724" />
    <nd ref="-1725" />
    <nd ref="-1726" />
    <nd ref="-1727" />
    <nd ref="-1728" />
    <nd ref="-1729" />
    <nd ref="-1724" />
    <tag k="building" v="yes" />
  </way>
  <way id="-1000000344" visible="true">
    <nd ref="-1730" />
    <nd ref="-1731" />
    <nd ref="-1732" />
    <nd ref="-1733" />
    <nd ref="-1730" />
    <tag k="building" v="garage" />
  </way>
  <way id="-1000000345" visible="true">
    <nd ref="-289" />
    <nd ref="-288" />
    <nd ref="-1734" />
    <nd ref="-1735" />
    <nd ref="-289" />
    <tag k="addr:city" v="Ingolstadt" />
    <tag k="addr:housenumber" v="38f" />
    <tag k="addr:postcode" v="85055" />
    <tag k="addr:street" v="Oberer Taubentalweg" />
    <tag k="building" v="house" />
    <tag k="house" v="terraced" />
    <tag k="roof:orientation" v="across" />
    <tag k="roof:shape" v="gabled" />
  </way>
  <way id="-1000000346" visible="true">
    <nd ref="-1735" />
    <nd ref="-1734" />
    <nd ref="-1736" />
    <nd ref="-1737" />
    <nd ref="-1735" />
    <tag k="addr:city" v="Ingolstadt" />
    <tag k="addr:housenumber" v="38g" />
    <tag k="addr:postcode" v="85055" />
    <tag k="addr:street" v="Oberer Taubentalweg" />
    <tag k="building" v="house" />
    <tag k="house" v="terraced" />
    <tag k="roof:orientation" v="across" />
    <tag k="roof:shape" v="gabled" />
  </way>
  <way id="-1000000347" visible="true">
    <nd ref="-1737" />
    <nd ref="-1736" />
    <nd ref="-1738" />
    <nd ref="-1739" />
    <nd ref="-1737" />
    <tag k="addr:city" v="Ingolstadt" />
    <tag k="addr:housenumber" v="38h" />
    <tag k="addr:postcode" v="85055" />
    <tag k="addr:street" v="Oberer Taubentalweg" />
    <tag k="building" v="house" />
    <tag k="house" v="terraced" />
    <tag k="roof:orientation" v="across" />
    <tag k="roof:shape" v="gabled" />
  </way>
  <way id="-1000000348" visible="true">
    <nd ref="-285" />
    <nd ref="-284" />
    <nd ref="-1740" />
    <nd ref="-1741" />
    <nd ref="-285" />
    <tag k="addr:housenumber" v="38b" />
    <tag k="addr:street" v="Oberer Taubentalweg" />
    <tag k="building" v="house" />
    <tag k="house" v="terraced" />
    <tag k="roof:orientation" v="across" />
    <tag k="roof:shape" v="gabled" />
  </way>
  <way id="-1000000349" visible="true">
    <nd ref="-1741" />
    <nd ref="-1740" />
    <nd ref="-1742" />
    <nd ref="-1743" />
    <nd ref="-1741" />
    <tag k="addr:housenumber" v="38c" />
    <tag k="addr:street" v="Oberer Taubentalweg" />
    <tag k="building" v="house" />
    <tag k="house" v="terraced" />
    <tag k="roof:orientation" v="across" />
    <tag k="roof:shape" v="gabled" />
  </way>
  <way id="-1000000350" visible="true">
    <nd ref="-1743" />
    <nd ref="-1742" />
    <nd ref="-1744" />
    <nd ref="-1745" />
    <nd ref="-1743" />
    <tag k="addr:housenumber" v="3d" />
    <tag k="addr:street" v="Oberer Taubentalweg" />
    <tag k="building" v="house" />
    <tag k="house" v="terraced" />
    <tag k="roof:orientation" v="across" />
    <tag k="roof:shape" v="gabled" />
  </way>
  <way id="-1000000351" visible="true">
    <nd ref="-1746" />
    <nd ref="-1747" />
    <nd ref="-1748" />
    <nd ref="-1749" />
    <nd ref="-1750" />
    <nd ref="-1746" />
    <tag k="building" v="garage" />
  </way>
  <way id="-1000000352" visible="true">
    <nd ref="-1749" />
    <nd ref="-1748" />
    <nd ref="-1751" />
    <nd ref="-1752" />
    <nd ref="-1753" />
    <nd ref="-1749" />
    <tag k="building" v="garage" />
  </way>
  <way id="-1000000353" visible="true">
    <nd ref="-1754" />
    <nd ref="-1755" />
    <nd ref="-1756" />
    <nd ref="-1757" />
    <nd ref="-1754" />
    <tag k="building" v="carport" />
  </way>
  <way id="-1000000354" visible="true">
    <nd ref="-1758" />
    <nd ref="-1759" />
    <nd ref="-1760" />
    <nd ref="-1761" />
    <nd ref="-1762" />
    <nd ref="-1758" />
    <tag k="building" v="parking_entrance" />
  </way>
  <way id="-1000000355" visible="true">
    <nd ref="-1763" />
    <nd ref="-1764" />
    <nd ref="-1765" />
    <nd ref="-721" />
    <nd ref="-724" />
    <nd ref="-1766" />
    <nd ref="-1763" />
    <tag k="addr:city" v="Ingolstadt" />
    <tag k="addr:country" v="DE" />
    <tag k="addr:housenumber" v="1" />
    <tag k="addr:postcode" v="85055" />
    <tag k="addr:street" v="Hebbelstraße" />
    <tag k="building" v="semidetached_house" />
  </way>
  <way id="-1000000356" visible="true">
    <nd ref="-1767" />
    <nd ref="-1768" />
    <nd ref="-1769" />
    <nd ref="-1770" />
    <nd ref="-1767" />
    <tag k="building" v="garage" />
  </way>
  <way id="-1000000357" visible="true">
    <nd ref="-1771" />
    <nd ref="-1772" />
    <nd ref="-1773" />
    <nd ref="-1774" />
    <nd ref="-1771" />
    <tag k="building" v="garage" />
  </way>
  <way id="-1000000358" visible="true">
    <nd ref="-1353" />
    <nd ref="-1775" />
    <nd ref="-1776" />
    <nd ref="-1354" />
    <nd ref="-1353" />
    <tag k="building" v="garage" />
  </way>
  <way id="-1000000359" visible="true">
    <nd ref="-1776" />
    <nd ref="-1777" />
    <nd ref="-1778" />
    <nd ref="-1348" />
    <nd ref="-1347" />
    <nd ref="-1354" />
    <nd ref="-1776" />
    <tag k="building" v="yes" />
  </way>
  <way id="-1000000360" visible="true">
    <nd ref="-1779" />
    <nd ref="-1780" />
    <nd ref="-1781" />
    <nd ref="-1782" />
    <nd ref="-1399" />
    <nd ref="-1398" />
    <nd ref="-1779" />
    <tag k="addr:city" v="Ingolstadt" />
    <tag k="addr:country" v="DE" />
    <tag k="addr:housenumber" v="14" />
    <tag k="addr:postcode" v="85055" />
    <tag k="addr:street" v="Geibelstraße" />
    <tag k="building" v="semidetached_house" />
  </way>
  <way id="-1000000361" visible="true">
    <nd ref="-1400" />
    <nd ref="-1783" />
    <nd ref="-1784" />
    <nd ref="-1401" />
    <nd ref="-1400" />
    <tag k="building" v="garage" />
  </way>
  <way id="-1000000362" visible="true">
    <nd ref="-567" />
    <nd ref="-1785" />
    <nd ref="-1786" />
    <nd ref="-1787" />
    <nd ref="-568" />
    <nd ref="-567" />
    <tag k="building" v="yes" />
  </way>
  <way id="-1000000363" visible="true">
    <nd ref="-1788" />
    <nd ref="-1789" />
    <nd ref="-1790" />
    <nd ref="-1791" />
    <nd ref="-1788" />
    <tag k="building" v="garage" />
  </way>
  <way id="-1000000364" visible="true">
    <nd ref="-1789" />
    <nd ref="-1792" />
    <nd ref="-1793" />
    <nd ref="-1790" />
    <nd ref="-1789" />
    <tag k="building" v="garage" />
  </way>
  <way id="-1000000365" visible="true">
    <nd ref="-566" />
    <nd ref="-1794" />
    <nd ref="-1795" />
    <nd ref="-1796" />
    <nd ref="-1797" />
    <nd ref="-1785" />
    <nd ref="-567" />
    <nd ref="-566" />
    <tag k="addr:city" v="Ingolstadt" />
    <tag k="addr:country" v="DE" />
    <tag k="addr:housenumber" v="18" />
    <tag k="addr:postcode" v="85055" />
    <tag k="addr:street" v="Geibelstraße" />
    <tag k="building" v="semidetached_house" />
  </way>
  <way id="-1000000366" visible="true">
    <nd ref="-513" />
    <nd ref="-1798" />
    <nd ref="-1799" />
    <nd ref="-1800" />
    <nd ref="-1801" />
    <nd ref="-514" />
    <nd ref="-513" />
    <tag k="addr:city" v="Ingolstadt" />
    <tag k="addr:country" v="DE" />
    <tag k="addr:housenumber" v="22" />
    <tag k="addr:postcode" v="85055" />
    <tag k="addr:street" v="Geibelstraße" />
    <tag k="building" v="semidetached_house" />
  </way>
  <way id="-1000000367" visible="true">
    <nd ref="-1802" />
    <nd ref="-1803" />
    <nd ref="-1804" />
    <nd ref="-1805" />
    <nd ref="-1802" />
    <tag k="building" v="garage" />
  </way>
  <way id="-1000000368" visible="true">
    <nd ref="-1806" />
    <nd ref="-1807" />
    <nd ref="-1808" />
    <nd ref="-1809" />
    <nd ref="-1806" />
    <tag k="building" v="garage" />
  </way>
  <way id="-1000000369" visible="true">
    <nd ref="-571" />
    <nd ref="-1810" />
    <nd ref="-1811" />
    <nd ref="-1812" />
    <nd ref="-1813" />
    <nd ref="-1814" />
    <nd ref="-1815" />
    <nd ref="-572" />
    <nd ref="-571" />
    <tag k="addr:city" v="Ingolstadt" />
    <tag k="addr:country" v="DE" />
    <tag k="addr:housenumber" v="26" />
    <tag k="addr:postcode" v="85055" />
    <tag k="addr:street" v="Geibelstraße" />
    <tag k="building" v="semidetached_house" />
  </way>
  <way id="-1000000370" visible="true">
    <nd ref="-1812" />
    <nd ref="-1816" />
    <nd ref="-1817" />
    <nd ref="-1813" />
    <nd ref="-1812" />
    <tag k="building" v="garage" />
  </way>
  <way id="-1000000371" visible="true">
    <nd ref="-1817" />
    <nd ref="-1818" />
    <nd ref="-1819" />
    <nd ref="-1815" />
    <nd ref="-1814" />
    <nd ref="-1813" />
    <nd ref="-1817" />
    <tag k="building" v="yes" />
  </way>
  <way id="-1000000372" visible="true">
    <nd ref="-1366" />
    <nd ref="-1820" />
    <nd ref="-1821" />
    <nd ref="-1822" />
    <nd ref="-1823" />
    <nd ref="-1824" />
    <nd ref="-1367" />
    <nd ref="-1366" />
    <tag k="addr:city" v="Ingolstadt" />
    <tag k="addr:country" v="DE" />
    <tag k="addr:housenumber" v="30" />
    <tag k="addr:postcode" v="85055" />
    <tag k="addr:street" v="Geibelstraße" />
    <tag k="building" v="semidetached_house" />
  </way>
  <way id="-1000000373" visible="true">
    <nd ref="-1823" />
    <nd ref="-1825" />
    <nd ref="-1826" />
    <nd ref="-1821" />
    <nd ref="-1822" />
    <nd ref="-1823" />
    <tag k="building" v="garage" />
  </way>
  <way id="-1000000374" visible="true">
    <nd ref="-1827" />
    <nd ref="-1828" />
    <nd ref="-1829" />
    <nd ref="-1830" />
    <nd ref="-1827" />
    <tag k="building" v="garage" />
  </way>
  <way id="-1000000375" visible="true">
    <nd ref="-1827" />
    <nd ref="-1831" />
    <nd ref="-1832" />
    <nd ref="-1828" />
    <nd ref="-1827" />
    <tag k="building" v="carport" />
  </way>
  <way id="-1000000376" visible="true">
    <nd ref="-1833" />
    <nd ref="-1834" />
    <nd ref="-1835" />
    <nd ref="-1836" />
    <nd ref="-1833" />
    <tag k="building" v="garage" />
  </way>
  <way id="-1000000377" visible="true">
    <nd ref="-740" />
    <nd ref="-1837" />
    <nd ref="-1838" />
    <nd ref="-1839" />
    <nd ref="-1840" />
    <nd ref="-1841" />
    <nd ref="-1836" />
    <nd ref="-1833" />
    <nd ref="-741" />
    <nd ref="-740" />
    <tag k="addr:city" v="Ingolstadt" />
    <tag k="addr:country" v="DE" />
    <tag k="addr:housenumber" v="34" />
    <tag k="addr:postcode" v="85055" />
    <tag k="addr:street" v="Geibelstraße" />
    <tag k="building" v="semidetached_house" />
  </way>
  <way id="-1000000378" visible="true">
    <nd ref="-1842" />
    <nd ref="-1843" />
    <nd ref="-1844" />
    <nd ref="-1845" />
    <nd ref="-1842" />
    <tag k="building" v="garage" />
  </way>
  <way id="-1000000379" visible="true">
    <nd ref="-729" />
    <nd ref="-1846" />
    <nd ref="-1847" />
    <nd ref="-1848" />
    <nd ref="-1849" />
    <nd ref="-730" />
    <nd ref="-729" />
    <tag k="addr:city" v="Ingolstadt" />
    <tag k="addr:country" v="DE" />
    <tag k="addr:housenumber" v="38" />
    <tag k="addr:postcode" v="85055" />
    <tag k="addr:street" v="Geibelstraße" />
    <tag k="building" v="semidetached_house" />
  </way>
  <way id="-1000000380" visible="true">
    <nd ref="-703" />
    <nd ref="-1850" />
    <nd ref="-1851" />
    <nd ref="-1852" />
    <nd ref="-1853" />
    <nd ref="-708" />
    <nd ref="-703" />
    <tag k="building" v="garage" />
  </way>
  <way id="-1000000381" visible="true">
    <nd ref="-1854" />
    <nd ref="-1855" />
    <nd ref="-1856" />
    <nd ref="-1857" />
    <nd ref="-1854" />
    <tag k="building" v="yes" />
  </way>
  <way id="-1000000382" visible="true">
    <nd ref="-1858" />
    <nd ref="-1859" />
    <nd ref="-1860" />
    <nd ref="-1861" />
    <nd ref="-1862" />
    <nd ref="-1863" />
    <nd ref="-1858" />
    <tag k="building" v="yes" />
  </way>
  <way id="-1000000383" visible="true">
    <nd ref="-1863" />
    <nd ref="-1864" />
    <nd ref="-1865" />
    <nd ref="-1862" />
    <nd ref="-1863" />
    <tag k="building" v="yes" />
  </way>
  <way id="-1000000384" visible="true">
    <nd ref="-1858" />
    <nd ref="-1866" />
    <nd ref="-1867" />
    <nd ref="-1859" />
    <nd ref="-1858" />
    <tag k="building" v="garage" />
  </way>
  <way id="-1000000385" visible="true">
    <nd ref="-1867" />
    <nd ref="-1868" />
    <nd ref="-1860" />
    <nd ref="-1859" />
    <nd ref="-1867" />
    <tag k="building" v="yes" />
  </way>
  <way id="-1000000386" visible="true">
    <nd ref="-1869" />
    <nd ref="-1870" />
    <nd ref="-1871" />
    <nd ref="-1872" />
    <nd ref="-1869" />
    <tag k="building" v="garage" />
  </way>
  <way id="-1000000387" visible="true">
    <nd ref="-1873" />
    <nd ref="-1874" />
    <nd ref="-1875" />
    <nd ref="-1876" />
    <nd ref="-1873" />
    <tag k="building" v="garage" />
  </way>
  <way id="-1000000388" visible="true">
    <nd ref="-1874" />
    <nd ref="-832" />
    <nd ref="-831" />
    <nd ref="-1873" />
    <nd ref="-1874" />
    <tag k="building" v="garage" />
  </way>
  <way id="-1000000389" visible="true">
    <nd ref="-1873" />
    <nd ref="-1877" />
    <nd ref="-1878" />
    <nd ref="-829" />
    <nd ref="-830" />
    <nd ref="-831" />
    <nd ref="-1873" />
    <tag k="building" v="yes" />
  </way>
  <way id="-1000000390" visible="true">
    <nd ref="-557" />
    <nd ref="-1879" />
    <nd ref="-1880" />
    <nd ref="-1881" />
    <nd ref="-1882" />
    <nd ref="-1883" />
    <nd ref="-558" />
    <nd ref="-557" />
    <tag k="building" v="garage" />
  </way>
  <way id="-1000000391" visible="true">
    <nd ref="-1880" />
    <nd ref="-1884" />
    <nd ref="-1885" />
    <nd ref="-1881" />
    <nd ref="-1880" />
    <tag k="building" v="garage" />
  </way>
  <way id="-1000000392" visible="true">
    <nd ref="-1881" />
    <nd ref="-1885" />
    <nd ref="-1886" />
    <nd ref="-1882" />
    <nd ref="-1881" />
    <tag k="building" v="garage" />
  </way>
  <way id="-1000000393" visible="true">
    <nd ref="-1882" />
    <nd ref="-1886" />
    <nd ref="-1887" />
    <nd ref="-1888" />
    <nd ref="-1883" />
    <nd ref="-1882" />
    <tag k="building" v="garage" />
  </way>
  <way id="-1000000394" visible="true">
    <nd ref="-1389" />
    <nd ref="-1889" />
    <nd ref="-1890" />
    <nd ref="-1397" />
    <nd ref="-1389" />
    <tag k="building" v="garage" />
  </way>
  <way id="-1000000395" visible="true">
    <nd ref="-532" />
    <nd ref="-1891" />
    <nd ref="-1892" />
    <nd ref="-537" />
    <nd ref="-538" />
    <nd ref="-531" />
    <nd ref="-532" />
    <tag k="building" v="garage" />
  </way>
  <way id="-1000000396" visible="true">
    <nd ref="-1892" />
    <nd ref="-535" />
    <nd ref="-536" />
    <nd ref="-537" />
    <nd ref="-1892" />
    <tag k="building" v="garage" />
  </way>
  <way id="-1000000397" visible="true">
    <nd ref="-523" />
    <nd ref="-522" />
    <nd ref="-1893" />
    <nd ref="-1894" />
    <nd ref="-523" />
    <tag k="addr:city" v="Ingolstadt" />
    <tag k="addr:country" v="DE" />
    <tag k="addr:housenumber" v="66" />
    <tag k="addr:postcode" v="85055" />
    <tag k="addr:street" v="Lessingstraße" />
    <tag k="building" v="apartments" />
  </way>
  <way id="-1000000398" visible="true">
    <nd ref="-453" />
    <nd ref="-452" />
    <nd ref="-1895" />
    <nd ref="-1896" />
    <nd ref="-453" />
    <tag k="addr:city" v="Ingolstadt" />
    <tag k="addr:country" v="DE" />
    <tag k="addr:housenumber" v="62" />
    <tag k="addr:postcode" v="85055" />
    <tag k="addr:street" v="Lessingstraße" />
    <tag k="building" v="apartments" />
    <tag k="source" v="HiRes aerial imagery" />
  </way>
  <way id="-1000000399" visible="true">
    <nd ref="-1896" />
    <nd ref="-1895" />
    <nd ref="-1897" />
    <nd ref="-1898" />
    <nd ref="-1896" />
    <tag k="addr:city" v="Ingolstadt" />
    <tag k="addr:country" v="DE" />
    <tag k="addr:housenumber" v="60" />
    <tag k="addr:postcode" v="85055" />
    <tag k="addr:street" v="Lessingstraße" />
    <tag k="building" v="apartments" />
    <tag k="source" v="HiRes aerial imagery" />
  </way>
  <way id="-1000000400" visible="true">
    <nd ref="-1899" />
    <nd ref="-1900" />
    <nd ref="-1901" />
    <nd ref="-1902" />
    <nd ref="-1899" />
    <tag k="building" v="garage" />
  </way>
  <way id="-1000000401" visible="true">
    <nd ref="-683" />
    <nd ref="-1903" />
    <nd ref="-1904" />
    <nd ref="-684" />
    <nd ref="-683" />
    <tag k="addr:city" v="Ingolstadt" />
    <tag k="addr:country" v="DE" />
    <tag k="addr:housenumber" v="2" />
    <tag k="addr:postcode" v="85055" />
    <tag k="addr:street" v="Rückertstraße" />
    <tag k="building" v="semidetached_house" />
  </way>
  <way id="-1000000402" visible="true">
    <nd ref="-1905" />
    <nd ref="-1906" />
    <nd ref="-1907" />
    <nd ref="-1908" />
    <nd ref="-1909" />
    <nd ref="-1905" />
    <tag k="building" v="garage" />
  </way>
  <way id="-1000000403" visible="true">
    <nd ref="-1909" />
    <nd ref="-1910" />
    <nd ref="-1911" />
    <nd ref="-1908" />
    <nd ref="-1909" />
    <tag k="building" v="garage" />
  </way>
  <way id="-1000000404" visible="true">
    <nd ref="-1361" />
    <nd ref="-1912" />
    <nd ref="-1913" />
    <nd ref="-1914" />
    <nd ref="-1915" />
    <nd ref="-1916" />
    <nd ref="-1359" />
    <nd ref="-1360" />
    <nd ref="-1361" />
    <tag k="addr:city" v="Ingolstadt" />
    <tag k="addr:country" v="DE" />
    <tag k="addr:housenumber" v="21" />
    <tag k="addr:postcode" v="85055" />
    <tag k="addr:street" v="Geibelstraße" />
    <tag k="building" v="semidetached_house" />
  </way>
  <way id="-1000000405" visible="true">
    <nd ref="-1355" />
    <nd ref="-1917" />
    <nd ref="-1918" />
    <nd ref="-1919" />
    <nd ref="-1912" />
    <nd ref="-1361" />
    <nd ref="-1355" />
    <tag k="building" v="garage" />
  </way>
  <way id="-1000000406" visible="true">
    <nd ref="-1918" />
    <nd ref="-1920" />
    <nd ref="-1921" />
    <nd ref="-1922" />
    <nd ref="-1923" />
    <nd ref="-1919" />
    <nd ref="-1918" />
    <tag k="building" v="garage" />
  </way>
  <way id="-1000000407" visible="true">
    <nd ref="-1914" />
    <nd ref="-1924" />
    <nd ref="-1925" />
    <nd ref="-1913" />
    <nd ref="-1914" />
    <tag k="building" v="yes" />
  </way>
  <way id="-1000000408" visible="true">
    <nd ref="-586" />
    <nd ref="-585" />
    <nd ref="-1926" />
    <nd ref="-1927" />
    <nd ref="-1928" />
    <nd ref="-586" />
    <tag k="addr:city" v="Ingolstadt" />
    <tag k="addr:country" v="DE" />
    <tag k="addr:housenumber" v="17" />
    <tag k="addr:postcode" v="85055" />
    <tag k="addr:street" v="Geibelstraße" />
    <tag k="building" v="semidetached_house" />
  </way>
  <way id="-1000000409" visible="true">
    <nd ref="-582" />
    <nd ref="-1929" />
    <nd ref="-1930" />
    <nd ref="-583" />
    <nd ref="-582" />
    <tag k="building" v="garage" />
  </way>
  <way id="-1000000410" visible="true">
    <nd ref="-1931" />
    <nd ref="-1932" />
    <nd ref="-1933" />
    <nd ref="-1934" />
    <nd ref="-1931" />
    <tag k="building" v="garage" />
  </way>
  <way id="-1000000411" visible="true">
    <nd ref="-1931" />
    <nd ref="-1935" />
    <nd ref="-1936" />
    <nd ref="-1932" />
    <nd ref="-1931" />
    <tag k="building" v="yes" />
  </way>
  <way id="-1000000412" visible="true">
    <nd ref="-1937" />
    <nd ref="-1938" />
    <nd ref="-1939" />
    <nd ref="-1940" />
    <nd ref="-1937" />
    <tag k="building" v="garage" />
  </way>
  <way id="-1000000413" visible="true">
    <nd ref="-1440" />
    <nd ref="-512" />
    <nd ref="-511" />
    <nd ref="-1941" />
    <nd ref="-1942" />
    <nd ref="-1440" />
    <tag k="addr:city" v="Ingolstadt" />
    <tag k="addr:country" v="DE" />
    <tag k="addr:housenumber" v="13" />
    <tag k="addr:postcode" v="85055" />
    <tag k="addr:street" v="Geibelstraße" />
    <tag k="building" v="semidetached_house" />
  </way>
  <way id="-1000000414" visible="true">
    <nd ref="-1943" />
    <nd ref="-1944" />
    <nd ref="-1945" />
    <nd ref="-1946" />
    <nd ref="-1943" />
    <tag k="building" v="garage" />
  </way>
  <way id="-1000000415" visible="true">
    <nd ref="-1947" />
    <nd ref="-1948" />
    <nd ref="-1949" />
    <nd ref="-1950" />
    <nd ref="-1947" />
    <tag k="building" v="garage" />
  </way>
  <way id="-1000000416" visible="true">
    <nd ref="-563" />
    <nd ref="-1951" />
    <nd ref="-1952" />
    <nd ref="-1953" />
    <nd ref="-1954" />
    <nd ref="-564" />
    <nd ref="-563" />
    <tag k="addr:city" v="Ingolstadt" />
    <tag k="addr:country" v="DE" />
    <tag k="addr:housenumber" v="9" />
    <tag k="addr:postcode" v="85055" />
    <tag k="addr:street" v="Geibelstraße" />
    <tag k="building" v="semidetached_house" />
  </way>
  <way id="-1000000417" visible="true">
    <nd ref="-1952" />
    <nd ref="-1955" />
    <nd ref="-1956" />
    <nd ref="-1957" />
    <nd ref="-1951" />
    <nd ref="-1952" />
    <tag k="building" v="garage" />
  </way>
  <way id="-1000000418" visible="true">
    <nd ref="-1958" />
    <nd ref="-1959" />
    <nd ref="-1960" />
    <nd ref="-1961" />
    <nd ref="-1962" />
    <nd ref="-1963" />
    <nd ref="-1964" />
    <nd ref="-63" />
    <nd ref="-62" />
    <nd ref="-1958" />
    <tag k="addr:city" v="Ingolstadt" />
    <tag k="addr:country" v="DE" />
    <tag k="addr:housenumber" v="10" />
    <tag k="addr:postcode" v="85055" />
    <tag k="addr:street" v="Geibelstraße" />
    <tag k="building" v="semidetached_house" />
    <tag k="source" v="survey;bing" />
  </way>
  <way id="-1000000419" visible="true">
    <nd ref="-1965" />
    <nd ref="-1966" />
    <nd ref="-1967" />
    <nd ref="-1968" />
    <nd ref="-1969" />
    <nd ref="-1965" />
    <tag k="building" v="garage" />
  </way>
  <way id="-1000000420" visible="true">
    <nd ref="-1969" />
    <nd ref="-1970" />
    <nd ref="-1971" />
    <nd ref="-1972" />
    <nd ref="-1973" />
    <nd ref="-1969" />
    <tag k="building" v="garage" />
  </way>
  <way id="-1000000421" visible="true">
    <nd ref="-67" />
    <nd ref="-1974" />
    <nd ref="-1975" />
    <nd ref="-1976" />
    <nd ref="-1977" />
    <nd ref="-1978" />
    <nd ref="-1979" />
    <nd ref="-68" />
    <nd ref="-67" />
    <tag k="addr:city" v="Ingolstadt" />
    <tag k="addr:country" v="DE" />
    <tag k="addr:housenumber" v="4" />
    <tag k="addr:postcode" v="85055" />
    <tag k="addr:street" v="Hebbelstraße" />
    <tag k="building" v="house" />
    <tag k="house" v="terraced" />
  </way>
  <way id="-1000000422" visible="true">
    <nd ref="-1975" />
    <nd ref="-1980" />
    <nd ref="-1981" />
    <nd ref="-1982" />
    <nd ref="-1983" />
    <nd ref="-1976" />
    <nd ref="-1975" />
    <tag k="addr:city" v="Ingolstadt" />
    <tag k="addr:country" v="DE" />
    <tag k="addr:housenumber" v="4a" />
    <tag k="addr:postcode" v="85055" />
    <tag k="addr:street" v="Hebbelstraße" />
    <tag k="building" v="house" />
    <tag k="house" v="terraced" />
  </way>
  <way id="-1000000423" visible="true">
    <nd ref="-1984" />
    <nd ref="-1980" />
    <nd ref="-1981" />
    <nd ref="-1985" />
    <nd ref="-1986" />
    <nd ref="-1984" />
    <tag k="building" v="garage" />
  </way>
  <way id="-1000000424" visible="true">
    <nd ref="-1961" />
    <nd ref="-1987" />
    <nd ref="-74" />
    <nd ref="-73" />
    <nd ref="-1963" />
    <nd ref="-1962" />
    <nd ref="-1961" />
    <tag k="building" v="garage" />
  </way>
  <way id="-1000000425" visible="true">
    <nd ref="-1964" />
    <nd ref="-72" />
    <nd ref="-73" />
    <nd ref="-1963" />
    <nd ref="-1964" />
    <tag k="building" v="yes" />
  </way>
  <way id="-1000000426" visible="true">
    <nd ref="-1971" />
    <nd ref="-1988" />
    <nd ref="-1989" />
    <nd ref="-1972" />
    <nd ref="-1971" />
    <tag k="building" v="yes" />
  </way>
  <way id="-1000000427" visible="true">
    <nd ref="-79" />
    <nd ref="-1990" />
    <nd ref="-1991" />
    <nd ref="-1992" />
    <nd ref="-78" />
    <nd ref="-79" />
    <tag k="building" v="garage" />
  </way>
  <way id="-1000000428" visible="true">
    <nd ref="-1517" />
    <nd ref="-1993" />
    <nd ref="-1994" />
    <nd ref="-1995" />
    <nd ref="-1996" />
    <nd ref="-1516" />
    <nd ref="-1517" />
  </way>
  <way id="-1000000429" visible="true">
    <nd ref="-1997" />
    <nd ref="-1998" />
    <nd ref="-1999" />
    <nd ref="-2000" />
    <nd ref="-1997" />
  </way>
  <relation id="-1001000000" visible="true">
    <member type="way" ref="-1000000428" role="outer" />
    <member type="way" ref="-1000000429" role="inner" />
    <tag k="type" v="multipolygon" />
    <tag k="addr:city" v="Ingolstadt" />
    <tag k="addr:country" v="DE" />
    <tag k="addr:housenumber" v="21" />
    <tag k="addr:postcode" v="85055" />
    <tag k="addr:street" v="Hans-Sachs-Straße" />
    <tag k="alt_name" v="Katholisches Pfarramt St. Joseph" />
    <tag k="building" v="presbytery" />
    <tag k="contact:email" v="st.josef.in@bistum-eichstaett.de" />
    <tag k="contact:phone" v="+49 841 967710" />
    <tag k="contact:website" v="https://ingolstadt-st-josef.bistum-eichstaett.de/startseite/pfarrei/" />
    <tag k="name" v="Pfarramt St. Josef" />
    <tag k="office" v="parish" />
  </relation>
</osm>