<?xml version='1.0' encoding='UTF-8'?>
<osm version="0.6" generator="tile_fbx_generator.py">
  <node id="-1" lat="48.7603243" lon="11.4389361" visible="true" />
  <node id="-2" lat="48.7603556" lon="11.4386978" visible="true" />
  <node id="-3" lat="48.7604511" lon="11.4387277" visible="true" />
  <node id="-4" lat="48.7604634" lon="11.4386216" visible="true" />
  <node id="-5" lat="48.7605273" lon="11.4381570" visible="true" />
  <node id="-6" lat="48.7604697" lon="11.4381435" visible="true" />
  <node id="-7" lat="48.7604888" lon="11.4379980" visible="true" />
  <node id="-8" lat="48.7602190" lon="11.4378618" visible="true" />
  <node id="-9" lat="48.7602356" lon="11.4377857" visible="true" />
  <node id="-10" lat="48.7603106" lon="11.4378035" visible="true" />
  <node id="-11" lat="48.7603191" lon="11.4377394" visible="true" />
  <node id="-12" lat="48.7603352" lon="11.4377409" visible="true" />
  <node id="-13" lat="48.7603421" lon="11.4376583" visible="true" />
  <node id="-14" lat="48.7600361" lon="11.4375794" visible="true" />
  <node id="-15" lat="48.7600292" lon="11.4376558" visible="true" />
  <node id="-16" lat="48.7598997" lon="11.4376203" visible="true" />
  <node id="-17" lat="48.7598848" lon="11.4376797" visible="true" />
  <node id="-18" lat="48.7597541" lon="11.4376109" visible="true" />
  <node id="-19" lat="48.7595362" lon="11.4381626" visible="true" />
  <node id="-20" lat="48.7595016" lon="11.4381640" visible="true" />
  <node id="-21" lat="48.7594824" lon="11.4384696" visible="true" />
  <node id="-22" lat="48.7570013" lon="11.4364775" visible="true" />
  <node id="-23" lat="48.7568330" lon="11.4368805" visible="true" />
  <node id="-24" lat="48.7567870" lon="11.4369907" visible="true" />
  <node id="-25" lat="48.7570133" lon="11.4372082" visible="true" />
  <node id="-26" lat="48.7569857" lon="11.4372742" visible="true" />
  <node id="-27" lat="48.7574623" lon="11.4377321" visible="true" />
  <node id="-28" lat="48.7575403" lon="11.4375453" visible="true" />
  <node id="-29" lat="48.7576321" lon="11.4373255" visible="true" />
  <node id="-30" lat="48.7572930" lon="11.4369996" visible="true" />
  <node id="-31" lat="48.7573651" lon="11.4368270" visible="true" />
  <node id="-32" lat="48.7609304" lon="11.4378498" visible="true" />
  <node id="-33" lat="48.7605847" lon="11.4377402" visible="true" />
  <node id="-34" lat="48.7605475" lon="11.4386483" visible="true" />
  <node id="-35" lat="48.7608090" lon="11.4387312" visible="true" />
  <node id="-36" lat="48.7606322" lon="11.4351424" visible="true" />
  <node id="-37" lat="48.7601025" lon="11.4349618" visible="true" />
  <node id="-38" lat="48.7600749" lon="11.4351481" visible="true" />
  <node id="-39" lat="48.7606046" lon="11.4353286" visible="true" />
  <node id="-40" lat="48.7577575" lon="11.4313900" visible="true" />
  <node id="-41" lat="48.7577212" lon="11.4313794" visible="true" />
  <node id="-42" lat="48.7570004" lon="11.4311685" visible="true" />
  <node id="-43" lat="48.7568958" lon="11.4319914" visible="true" />
  <node id="-44" lat="48.7570405" lon="11.4320337" visible="true" />
  <node id="-45" lat="48.7569605" lon="11.4326628" visible="true" />
  <node id="-46" lat="48.7570982" lon="11.4327031" visible="true" />
  <node id="-47" lat="48.7570896" lon="11.4327709" visible="true" />
  <node id="-48" lat="48.7574933" lon="11.4328890" visible="true" />
  <node id="-49" lat="48.7575824" lon="11.4321876" visible="true" />
  <node id="-50" lat="48.7578425" lon="11.4322637" visible="true" />
  <node id="-51" lat="48.7578943" lon="11.4318570" visible="true" />
  <node id="-52" lat="48.7577473" lon="11.4318140" visible="true" />
  <node id="-53" lat="48.7577636" lon="11.4316862" visible="true" />
  <node id="-54" lat="48.7578545" lon="11.4317128" visible="true" />
  <node id="-55" lat="48.7578981" lon="11.4313696" visible="true" />
  <node id="-56" lat="48.7577650" lon="11.4313307" visible="true" />
  <node id="-57" lat="48.7588401" lon="11.4304860" visible="true" />
  <node id="-58" lat="48.7588078" lon="11.4304610" visible="true" />
  <node id="-59" lat="48.7587847" lon="11.4304432" visible="true" />
  <node id="-60" lat="48.7587642" lon="11.4304273" visible="true" />
  <node id="-61" lat="48.7586772" lon="11.4303600" visible="true" />
  <node id="-62" lat="48.7587071" lon="11.4302708" visible="true" />
  <node id="-63" lat="48.7585936" lon="11.4301832" visible="true" />
  <node id="-64" lat="48.7585591" lon="11.4302860" visible="true" />
  <node id="-65" lat="48.7585324" lon="11.4302654" visible="true" />
  <node id="-66" lat="48.7585385" lon="11.4302473" visible="true" />
  <node id="-67" lat="48.7584750" lon="11.4301983" visible="true" />
  <node id="-68" lat="48.7584103" lon="11.4303912" visible="true" />
  <node id="-69" lat="48.7583825" lon="11.4303698" visible="true" />
  <node id="-70" lat="48.7583042" lon="11.4306029" visible="true" />
  <node id="-71" lat="48.7583963" lon="11.4306740" visible="true" />
  <node id="-72" lat="48.7583602" lon="11.4307815" visible="true" />
  <node id="-73" lat="48.7584253" lon="11.4308318" visible="true" />
  <node id="-74" lat="48.7584173" lon="11.4308557" visible="true" />
  <node id="-75" lat="48.7585995" lon="11.4309965" visible="true" />
  <node id="-76" lat="48.7586312" lon="11.4309020" visible="true" />
  <node id="-77" lat="48.7587129" lon="11.4309651" visible="true" />
  <node id="-78" lat="48.7588150" lon="11.4306609" visible="true" />
  <node id="-79" lat="48.7588650" lon="11.4306995" visible="true" />
  <node id="-80" lat="48.7588286" lon="11.4308078" visible="true" />
  <node id="-81" lat="48.7589152" lon="11.4308747" visible="true" />
  <node id="-82" lat="48.7589648" lon="11.4307270" visible="true" />
  <node id="-83" lat="48.7590630" lon="11.4308028" visible="true" />
  <node id="-84" lat="48.7591294" lon="11.4306049" visible="true" />
  <node id="-85" lat="48.7591355" lon="11.4305865" visible="true" />
  <node id="-86" lat="48.7590320" lon="11.4305066" visible="true" />
  <node id="-87" lat="48.7590224" lon="11.4305356" visible="true" />
  <node id="-88" lat="48.7588643" lon="11.4304136" visible="true" />
  <node id="-89" lat="48.7594870" lon="11.4348533" visible="true" />
  <node id="-90" lat="48.7594729" lon="11.4351207" visible="true" />
  <node id="-91" lat="48.7598223" lon="11.4351629" visible="true" />
  <node id="-92" lat="48.7598363" lon="11.4348955" visible="true" />
  <node id="-93" lat="48.7597224" lon="11.4348817" visible="true" />
  <node id="-94" lat="48.7545269" lon="11.4312991" visible="true" />
  <node id="-95" lat="48.7545297" lon="11.4313424" visible="true" />
  <node id="-96" lat="48.7545435" lon="11.4315523" visible="true" />
  <node id="-97" lat="48.7546721" lon="11.4315329" visible="true" />
  <node id="-98" lat="48.7546558" lon="11.4312847" visible="true" />
  <node id="-99" lat="48.7546358" lon="11.4312528" visible="true" />
  <node id="-100" lat="48.7539671" lon="11.4427188" visible="true" />
  <node id="-101" lat="48.7541706" lon="11.4429119" visible="true" />
  <node id="-102" lat="48.7543048" lon="11.4425865" visible="true" />
  <node id="-103" lat="48.7541013" lon="11.4423934" visible="true" />
  <node id="-104" lat="48.7597314" lon="11.4311417" visible="true" />
  <node id="-105" lat="48.7597208" lon="11.4312643" visible="true" />
  <node id="-106" lat="48.7596460" lon="11.4312495" visible="true" />
  <node id="-107" lat="48.7596448" lon="11.4312633" visible="true" />
  <node id="-108" lat="48.7596394" lon="11.4313260" visible="true" />
  <node id="-109" lat="48.7596703" lon="11.4313321" visible="true" />
  <node id="-110" lat="48.7596587" lon="11.4314657" visible="true" />
  <node id="-111" lat="48.7594503" lon="11.4314243" visible="true" />
  <node id="-112" lat="48.7594623" lon="11.4312857" visible="true" />
  <node id="-113" lat="48.7595390" lon="11.4313009" visible="true" />
  <node id="-114" lat="48.7595454" lon="11.4312268" visible="true" />
  <node id="-115" lat="48.7595258" lon="11.4312229" visible="true" />
  <node id="-116" lat="48.7595361" lon="11.4311029" visible="true" />
  <node id="-117" lat="48.7597626" lon="11.4316957" visible="true" />
  <node id="-118" lat="48.7597728" lon="11.4321605" visible="true" />
  <node id="-119" lat="48.7597637" lon="11.4321607" visible="true" />
  <node id="-120" lat="48.7597528" lon="11.4321610" visible="true" />
  <node id="-121" lat="48.7597492" lon="11.4323044" visible="true" />
  <node id="-122" lat="48.7591920" lon="11.4322593" visible="true" />
  <node id="-123" lat="48.7591894" lon="11.4323335" visible="true" />
  <node id="-124" lat="48.7591642" lon="11.4323315" visible="true" />
  <node id="-125" lat="48.7591400" lon="11.4323295" visible="true" />
  <node id="-126" lat="48.7591426" lon="11.4322553" visible="true" />
  <node id="-127" lat="48.7589589" lon="11.4322404" visible="true" />
  <node id="-128" lat="48.7589624" lon="11.4321003" visible="true" />
  <node id="-129" lat="48.7596751" lon="11.4321525" visible="true" />
  <node id="-130" lat="48.7596672" lon="11.4316970" visible="true" />
  <node id="-131" lat="48.7584039" lon="11.4320411" visible="true" />
  <node id="-132" lat="48.7583658" lon="11.4326066" visible="true" />
  <node id="-133" lat="48.7584126" lon="11.4326942" visible="true" />
  <node id="-134" lat="48.7586773" lon="11.4327473" visible="true" />
  <node id="-135" lat="48.7586614" lon="11.4329530" visible="true" />
  <node id="-136" lat="48.7583289" lon="11.4328954" visible="true" />
  <node id="-137" lat="48.7582124" lon="11.4326715" visible="true" />
  <node id="-138" lat="48.7582596" lon="11.4320179" visible="true" />
  <node id="-139" lat="48.7630423" lon="11.4382068" visible="true" />
  <node id="-140" lat="48.7629495" lon="11.4384114" visible="true" />
  <node id="-141" lat="48.7629145" lon="11.4384152" visible="true" />
  <node id="-142" lat="48.7628182" lon="11.4386221" visible="true" />
  <node id="-143" lat="48.7626336" lon="11.4386987" visible="true" />
  <node id="-144" lat="48.7624581" lon="11.4390861" visible="true" />
  <node id="-145" lat="48.7623354" lon="11.4390959" visible="true" />
  <node id="-146" lat="48.7623302" lon="11.4390709" visible="true" />
  <node id="-147" lat="48.7622376" lon="11.4390752" visible="true" />
  <node id="-148" lat="48.7622392" lon="11.4391094" visible="true" />
  <node id="-149" lat="48.7622323" lon="11.4391445" visible="true" />
  <node id="-150" lat="48.7622098" lon="11.4391704" visible="true" />
  <node id="-151" lat="48.7621801" lon="11.4391788" visible="true" />
  <node id="-152" lat="48.7621589" lon="11.4391589" visible="true" />
  <node id="-153" lat="48.7621466" lon="11.4391277" visible="true" />
  <node id="-154" lat="48.7621425" lon="11.4390856" visible="true" />
  <node id="-155" lat="48.7621435" lon="11.4390523" visible="true" />
  <node id="-156" lat="48.7621220" lon="11.4389479" visible="true" />
  <node id="-157" lat="48.7622147" lon="11.4389036" visible="true" />
  <node id="-158" lat="48.7622705" lon="11.4388769" visible="true" />
  <node id="-159" lat="48.7622394" lon="11.4384560" visible="true" />
  <node id="-160" lat="48.7621292" lon="11.4384441" visible="true" />
  <node id="-161" lat="48.7621278" lon="11.4385011" visible="true" />
  <node id="-162" lat="48.7616093" lon="11.4384425" visible="true" />
  <node id="-163" lat="48.7616231" lon="11.4381479" visible="true" />
  <node id="-164" lat="48.7620765" lon="11.4382045" visible="true" />
  <node id="-165" lat="48.7620834" lon="11.4380777" visible="true" />
  <node id="-166" lat="48.7621534" lon="11.4380858" visible="true" />
  <node id="-167" lat="48.7622191" lon="11.4380933" visible="true" />
  <node id="-168" lat="48.7622772" lon="11.4381000" visible="true" />
  <node id="-169" lat="48.7622816" lon="11.4380358" visible="true" />
  <node id="-170" lat="48.7623427" lon="11.4380418" visible="true" />
  <node id="-171" lat="48.7623500" lon="11.4379111" visible="true" />
  <node id="-172" lat="48.7624426" lon="11.4379208" visible="true" />
  <node id="-173" lat="48.7624223" lon="11.4377001" visible="true" />
  <node id="-174" lat="48.7627204" lon="11.4376420" visible="true" />
  <node id="-175" lat="48.7626995" lon="11.4380114" visible="true" />
  <node id="-176" lat="48.7627783" lon="11.4380463" visible="true" />
  <node id="-177" lat="48.7627906" lon="11.4381799" visible="true" />
  <node id="-178" lat="48.7535185" lon="11.4402309" visible="true" />
  <node id="-179" lat="48.7534252" lon="11.4402223" visible="true" />
  <node id="-180" lat="48.7534043" lon="11.4407374" visible="true" />
  <node id="-181" lat="48.7534976" lon="11.4407460" visible="true" />
  <node id="-182" lat="48.7558434" lon="11.4378713" visible="true" />
  <node id="-183" lat="48.7556828" lon="11.4380428" visible="true" />
  <node id="-184" lat="48.7557510" lon="11.4381897" visible="true" />
  <node id="-185" lat="48.7559116" lon="11.4380183" visible="true" />
  <node id="-186" lat="48.7556980" lon="11.4383296" visible="true" />
  <node id="-187" lat="48.7555973" lon="11.4380804" visible="true" />
  <node id="-188" lat="48.7555180" lon="11.4381542" visible="true" />
  <node id="-189" lat="48.7556187" lon="11.4384034" visible="true" />
  <node id="-190" lat="48.7555876" lon="11.4383999" visible="true" />
  <node id="-191" lat="48.7555228" lon="11.4382326" visible="true" />
  <node id="-192" lat="48.7554349" lon="11.4383104" visible="true" />
  <node id="-193" lat="48.7554997" lon="11.4384777" visible="true" />
  <node id="-194" lat="48.7561306" lon="11.4386166" visible="true" />
  <node id="-195" lat="48.7559762" lon="11.4384699" visible="true" />
  <node id="-196" lat="48.7558824" lon="11.4386971" visible="true" />
  <node id="-197" lat="48.7560368" lon="11.4388437" visible="true" />
  <node id="-198" lat="48.7554638" lon="11.4377163" visible="true" />
  <node id="-199" lat="48.7552617" lon="11.4379019" visible="true" />
  <node id="-200" lat="48.7553219" lon="11.4380519" visible="true" />
  <node id="-201" lat="48.7554480" lon="11.4379361" visible="true" />
  <node id="-202" lat="48.7554304" lon="11.4378923" visible="true" />
  <node id="-203" lat="48.7554675" lon="11.4378590" visible="true" />
  <node id="-204" lat="48.7555065" lon="11.4378225" visible="true" />
  <node id="-205" lat="48.7540597" lon="11.4400194" visible="true" />
  <node id="-206" lat="48.7540719" lon="11.4402300" visible="true" />
  <node id="-207" lat="48.7543714" lon="11.4402934" visible="true" />
  <node id="-208" lat="48.7544168" lon="11.4402666" visible="true" />
  <node id="-209" lat="48.7544389" lon="11.4402132" visible="true" />
  <node id="-210" lat="48.7544610" lon="11.4401597" visible="true" />
  <node id="-211" lat="48.7544520" lon="11.4399668" visible="true" />
  <node id="-212" lat="48.7534767" lon="11.4412214" visible="true" />
  <node id="-213" lat="48.7537886" lon="11.4415342" visible="true" />
  <node id="-214" lat="48.7537279" lon="11.4416734" visible="true" />
  <node id="-215" lat="48.7534160" lon="11.4413606" visible="true" />
  <node id="-216" lat="48.7542244" lon="11.4406574" visible="true" />
  <node id="-217" lat="48.7538572" lon="11.4406421" visible="true" />
  <node id="-218" lat="48.7538599" lon="11.4404968" visible="true" />
  <node id="-219" lat="48.7542271" lon="11.4405122" visible="true" />
  <node id="-220" lat="48.7539623" lon="11.4401996" visible="true" />
  <node id="-221" lat="48.7536523" lon="11.4403121" visible="true" />
  <node id="-222" lat="48.7536263" lon="11.4401477" visible="true" />
  <node id="-223" lat="48.7539363" lon="11.4400353" visible="true" />
  <node id="-224" lat="48.7540167" lon="11.4411484" visible="true" />
  <node id="-225" lat="48.7535969" lon="11.4410117" visible="true" />
  <node id="-226" lat="48.7536169" lon="11.4408714" visible="true" />
  <node id="-227" lat="48.7540367" lon="11.4410081" visible="true" />
  <node id="-228" lat="48.7559458" lon="11.4435376" visible="true" />
  <node id="-229" lat="48.7558914" lon="11.4436776" visible="true" />
  <node id="-230" lat="48.7555759" lon="11.4433956" visible="true" />
  <node id="-231" lat="48.7556303" lon="11.4432556" visible="true" />
  <node id="-232" lat="48.7570353" lon="11.4417030" visible="true" />
  <node id="-233" lat="48.7567818" lon="11.4414552" visible="true" />
  <node id="-234" lat="48.7568377" lon="11.4413236" visible="true" />
  <node id="-235" lat="48.7570913" lon="11.4415714" visible="true" />
  <node id="-236" lat="48.7544960" lon="11.4422349" visible="true" />
  <node id="-237" lat="48.7544408" lon="11.4423594" visible="true" />
  <node id="-238" lat="48.7540929" lon="11.4420068" visible="true" />
  <node id="-239" lat="48.7541481" lon="11.4418823" visible="true" />
  <node id="-240" lat="48.7566659" lon="11.4432232" visible="true" />
  <node id="-241" lat="48.7563703" lon="11.4429677" visible="true" />
  <node id="-242" lat="48.7564153" lon="11.4428482" visible="true" />
  <node id="-243" lat="48.7567108" lon="11.4431036" visible="true" />
  <node id="-244" lat="48.7546246" lon="11.4412597" visible="true" />
  <node id="-245" lat="48.7546189" lon="11.4414040" visible="true" />
  <node id="-246" lat="48.7542448" lon="11.4413698" visible="true" />
  <node id="-247" lat="48.7542505" lon="11.4412255" visible="true" />
  <node id="-248" lat="48.7543979" lon="11.4415627" visible="true" />
  <node id="-249" lat="48.7545679" lon="11.4417235" visible="true" />
  <node id="-250" lat="48.7545268" lon="11.4418230" visible="true" />
  <node id="-251" lat="48.7543567" lon="11.4416623" visible="true" />
  <node id="-252" lat="48.7557035" lon="11.4429821" visible="true" />
  <node id="-253" lat="48.7556550" lon="11.4431175" visible="true" />
  <node id="-254" lat="48.7553338" lon="11.4428526" visible="true" />
  <node id="-255" lat="48.7553823" lon="11.4427172" visible="true" />
  <node id="-256" lat="48.7549784" lon="11.4426926" visible="true" />
  <node id="-257" lat="48.7549251" lon="11.4428174" visible="true" />
  <node id="-258" lat="48.7545188" lon="11.4424211" visible="true" />
  <node id="-259" lat="48.7545720" lon="11.4422963" visible="true" />
  <node id="-260" lat="48.7555583" lon="11.4410221" visible="true" />
  <node id="-261" lat="48.7550850" lon="11.4405862" visible="true" />
  <node id="-262" lat="48.7551463" lon="11.4404332" visible="true" />
  <node id="-263" lat="48.7556196" lon="11.4408691" visible="true" />
  <node id="-264" lat="48.7568711" lon="11.4427917" visible="true" />
  <node id="-265" lat="48.7564574" lon="11.4425266" visible="true" />
  <node id="-266" lat="48.7564927" lon="11.4423995" visible="true" />
  <node id="-267" lat="48.7569065" lon="11.4426646" visible="true" />
  <node id="-268" lat="48.7561644" lon="11.4415920" visible="true" />
  <node id="-269" lat="48.7560799" lon="11.4422586" visible="true" />
  <node id="-270" lat="48.7559768" lon="11.4422285" visible="true" />
  <node id="-271" lat="48.7560614" lon="11.4415619" visible="true" />
  <node id="-272" lat="48.7563582" lon="11.4431429" visible="true" />
  <node id="-273" lat="48.7561948" lon="11.4435958" visible="true" />
  <node id="-274" lat="48.7561155" lon="11.4435300" visible="true" />
  <node id="-275" lat="48.7562789" lon="11.4430771" visible="true" />
  <node id="-276" lat="48.7561709" lon="11.4428786" visible="true" />
  <node id="-277" lat="48.7561346" lon="11.4430102" visible="true" />
  <node id="-278" lat="48.7558247" lon="11.4428136" visible="true" />
  <node id="-279" lat="48.7558610" lon="11.4426820" visible="true" />
  <node id="-280" lat="48.7552718" lon="11.4426069" visible="true" />
  <node id="-281" lat="48.7552116" lon="11.4427529" visible="true" />
  <node id="-282" lat="48.7549870" lon="11.4425398" visible="true" />
  <node id="-283" lat="48.7550472" lon="11.4423938" visible="true" />
  <node id="-284" lat="48.7554387" lon="11.4412216" visible="true" />
  <node id="-285" lat="48.7551570" lon="11.4419309" visible="true" />
  <node id="-286" lat="48.7550592" lon="11.4418416" visible="true" />
  <node id="-287" lat="48.7553410" lon="11.4411323" visible="true" />
  <node id="-288" lat="48.7555339" lon="11.4410377" visible="true" />
  <node id="-289" lat="48.7555087" lon="11.4410972" visible="true" />
  <node id="-290" lat="48.7550824" lon="11.4406849" visible="true" />
  <node id="-291" lat="48.7551076" lon="11.4406254" visible="true" />
  <node id="-292" lat="48.7569753" lon="11.4422946" visible="true" />
  <node id="-293" lat="48.7565574" lon="11.4420296" visible="true" />
  <node id="-294" lat="48.7565993" lon="11.4418772" visible="true" />
  <node id="-295" lat="48.7570174" lon="11.4421424" visible="true" />
  <node id="-296" lat="48.7541140" lon="11.4415476" visible="true" />
  <node id="-297" lat="48.7542609" lon="11.4416869" visible="true" />
  <node id="-298" lat="48.7542039" lon="11.4418249" visible="true" />
  <node id="-299" lat="48.7540571" lon="11.4416856" visible="true" />
  <node id="-300" lat="48.7544398" lon="11.4426567" visible="true" />
  <node id="-301" lat="48.7549804" lon="11.4431986" visible="true" />
  <node id="-302" lat="48.7549303" lon="11.4433152" visible="true" />
  <node id="-303" lat="48.7543897" lon="11.4427733" visible="true" />
  <node id="-304" lat="48.7545329" lon="11.4407741" visible="true" />
  <node id="-305" lat="48.7545171" lon="11.4411603" visible="true" />
  <node id="-306" lat="48.7544365" lon="11.4411512" visible="true" />
  <node id="-307" lat="48.7544540" lon="11.4407650" visible="true" />
  <node id="-308" lat="48.7551006" lon="11.4420164" visible="true" />
  <node id="-309" lat="48.7550397" lon="11.4421710" visible="true" />
  <node id="-310" lat="48.7545777" lon="11.4417522" visible="true" />
  <node id="-311" lat="48.7546386" lon="11.4415976" visible="true" />
  <node id="-312" lat="48.7549050" lon="11.4406620" visible="true" />
  <node id="-313" lat="48.7548951" lon="11.4408035" visible="true" />
  <node id="-314" lat="48.7545248" lon="11.4407681" visible="true" />
  <node id="-315" lat="48.7545294" lon="11.4406174" visible="true" />
  <node id="-316" lat="48.7556899" lon="11.4406822" visible="true" />
  <node id="-317" lat="48.7556100" lon="11.4406084" visible="true" />
  <node id="-318" lat="48.7559025" lon="11.4398802" visible="true" />
  <node id="-319" lat="48.7559823" lon="11.4399540" visible="true" />
  <node id="-320" lat="48.7583475" lon="11.4397652" visible="true" />
  <node id="-321" lat="48.7580968" lon="11.4404127" visible="true" />
  <node id="-322" lat="48.7580065" lon="11.4403323" visible="true" />
  <node id="-323" lat="48.7582572" lon="11.4396848" visible="true" />
  <node id="-324" lat="48.7572145" lon="11.4423023" visible="true" />
  <node id="-325" lat="48.7572975" lon="11.4423822" visible="true" />
  <node id="-326" lat="48.7569386" lon="11.4432398" visible="true" />
  <node id="-327" lat="48.7568556" lon="11.4431599" visible="true" />
  <node id="-328" lat="48.7574249" lon="11.4402735" visible="true" />
  <node id="-329" lat="48.7573697" lon="11.4402439" visible="true" />
  <node id="-330" lat="48.7571945" lon="11.4401499" visible="true" />
  <node id="-331" lat="48.7571414" lon="11.4401214" visible="true" />
  <node id="-332" lat="48.7571741" lon="11.4399813" visible="true" />
  <node id="-333" lat="48.7574575" lon="11.4401334" visible="true" />
  <node id="-334" lat="48.7564996" lon="11.4401839" visible="true" />
  <node id="-335" lat="48.7563830" lon="11.4410570" visible="true" />
  <node id="-336" lat="48.7564078" lon="11.4410646" visible="true" />
  <node id="-337" lat="48.7563424" lon="11.4415545" visible="true" />
  <node id="-338" lat="48.7562446" lon="11.4415244" visible="true" />
  <node id="-339" lat="48.7563083" lon="11.4410471" visible="true" />
  <node id="-340" lat="48.7562890" lon="11.4410412" visible="true" />
  <node id="-341" lat="48.7564073" lon="11.4401556" visible="true" />
  <node id="-342" lat="48.7580144" lon="11.4405730" visible="true" />
  <node id="-343" lat="48.7578717" lon="11.4409425" visible="true" />
  <node id="-344" lat="48.7577918" lon="11.4408715" visible="true" />
  <node id="-345" lat="48.7579345" lon="11.4405020" visible="true" />
  <node id="-346" lat="48.7557499" lon="11.4391361" visible="true" />
  <node id="-347" lat="48.7557264" lon="11.4392628" visible="true" />
  <node id="-348" lat="48.7553775" lon="11.4391140" visible="true" />
  <node id="-349" lat="48.7554010" lon="11.4389873" visible="true" />
  <node id="-350" lat="48.7575303" lon="11.4417650" visible="true" />
  <node id="-351" lat="48.7572086" lon="11.4414636" visible="true" />
  <node id="-352" lat="48.7572581" lon="11.4413421" visible="true" />
  <node id="-353" lat="48.7575798" lon="11.4416435" visible="true" />
  <node id="-354" lat="48.7573988" lon="11.4390218" visible="true" />
  <node id="-355" lat="48.7572377" lon="11.4388642" visible="true" />
  <node id="-356" lat="48.7572621" lon="11.4388069" visible="true" />
  <node id="-357" lat="48.7574233" lon="11.4389646" visible="true" />
  <node id="-358" lat="48.7554370" lon="11.4394784" visible="true" />
  <node id="-359" lat="48.7554370" lon="11.4396262" visible="true" />
  <node id="-360" lat="48.7550353" lon="11.4396262" visible="true" />
  <node id="-361" lat="48.7550353" lon="11.4394784" visible="true" />
  <node id="-362" lat="48.7581999" lon="11.4396264" visible="true" />
  <node id="-363" lat="48.7580248" lon="11.4394585" visible="true" />
  <node id="-364" lat="48.7580539" lon="11.4393888" visible="true" />
  <node id="-365" lat="48.7582289" lon="11.4395566" visible="true" />
  <node id="-366" lat="48.7578293" lon="11.4394582" visible="true" />
  <node id="-367" lat="48.7577530" lon="11.4393829" visible="true" />
  <node id="-368" lat="48.7579230" lon="11.4389861" visible="true" />
  <node id="-369" lat="48.7579994" lon="11.4390613" visible="true" />
  <node id="-370" lat="48.7570332" lon="11.4390012" visible="true" />
  <node id="-371" lat="48.7572952" lon="11.4392626" visible="true" />
  <node id="-372" lat="48.7572376" lon="11.4393946" visible="true" />
  <node id="-373" lat="48.7570432" lon="11.4392006" visible="true" />
  <node id="-374" lat="48.7569756" lon="11.4391332" visible="true" />
  <node id="-375" lat="48.7577543" lon="11.4412325" visible="true" />
  <node id="-376" lat="48.7574949" lon="11.4409827" visible="true" />
  <node id="-377" lat="48.7575495" lon="11.4408521" visible="true" />
  <node id="-378" lat="48.7578089" lon="11.4411019" visible="true" />
  <node id="-379" lat="48.7550191" lon="11.4395968" visible="true" />
  <node id="-380" lat="48.7550191" lon="11.4396994" visible="true" />
  <node id="-381" lat="48.7551084" lon="11.4396994" visible="true" />
  <node id="-382" lat="48.7551084" lon="11.4399011" visible="true" />
  <node id="-383" lat="48.7549515" lon="11.4399011" visible="true" />
  <node id="-384" lat="48.7549515" lon="11.4395968" visible="true" />
  <node id="-385" lat="48.7572576" lon="11.4412138" visible="true" />
  <node id="-386" lat="48.7569576" lon="11.4409359" visible="true" />
  <node id="-387" lat="48.7570056" lon="11.4408169" visible="true" />
  <node id="-388" lat="48.7573055" lon="11.4410948" visible="true" />
  <node id="-389" lat="48.7551262" lon="11.4402240" visible="true" />
  <node id="-390" lat="48.7547599" lon="11.4402107" visible="true" />
  <node id="-391" lat="48.7547619" lon="11.4400853" visible="true" />
  <node id="-392" lat="48.7551281" lon="11.4400985" visible="true" />
  <node id="-393" lat="48.7568536" lon="11.4433436" visible="true" />
  <node id="-394" lat="48.7566878" lon="11.4437399" visible="true" />
  <node id="-395" lat="48.7567044" lon="11.4437559" visible="true" />
  <node id="-396" lat="48.7566066" lon="11.4439895" visible="true" />
  <node id="-397" lat="48.7565310" lon="11.4439167" visible="true" />
  <node id="-398" lat="48.7566183" lon="11.4437080" visible="true" />
  <node id="-399" lat="48.7565942" lon="11.4436849" visible="true" />
  <node id="-400" lat="48.7567705" lon="11.4432636" visible="true" />
  <node id="-401" lat="48.7561283" lon="11.4399837" visible="true" />
  <node id="-402" lat="48.7561939" lon="11.4398210" visible="true" />
  <node id="-403" lat="48.7561399" lon="11.4397712" visible="true" />
  <node id="-404" lat="48.7561478" lon="11.4397517" visible="true" />
  <node id="-405" lat="48.7561071" lon="11.4397141" visible="true" />
  <node id="-406" lat="48.7560993" lon="11.4397336" visible="true" />
  <node id="-407" lat="48.7559899" lon="11.4396325" visible="true" />
  <node id="-408" lat="48.7559983" lon="11.4396117" visible="true" />
  <node id="-409" lat="48.7559615" lon="11.4395777" visible="true" />
  <node id="-410" lat="48.7559531" lon="11.4395986" visible="true" />
  <node id="-411" lat="48.7558262" lon="11.4394812" visible="true" />
  <node id="-412" lat="48.7558355" lon="11.4394580" visible="true" />
  <node id="-413" lat="48.7557954" lon="11.4394209" visible="true" />
  <node id="-414" lat="48.7557861" lon="11.4394442" visible="true" />
  <node id="-415" lat="48.7557197" lon="11.4393829" visible="true" />
  <node id="-416" lat="48.7556541" lon="11.4395455" visible="true" />
  <node id="-417" lat="48.7571723" lon="11.4388719" visible="true" />
  <node id="-418" lat="48.7570881" lon="11.4387918" visible="true" />
  <node id="-419" lat="48.7572712" lon="11.4383487" visible="true" />
  <node id="-420" lat="48.7573554" lon="11.4384287" visible="true" />
  <node id="-421" lat="48.7573200" lon="11.4385156" visible="true" />
  <node id="-422" lat="48.7569609" lon="11.4392223" visible="true" />
  <node id="-423" lat="48.7569298" lon="11.4392996" visible="true" />
  <node id="-424" lat="48.7568040" lon="11.4396125" visible="true" />
  <node id="-425" lat="48.7567281" lon="11.4395423" visible="true" />
  <node id="-426" lat="48.7568850" lon="11.4391520" visible="true" />
  <node id="-427" lat="48.7552266" lon="11.4393594" visible="true" />
  <node id="-428" lat="48.7552648" lon="11.4390783" visible="true" />
  <node id="-429" lat="48.7553318" lon="11.4390992" visible="true" />
  <node id="-430" lat="48.7552936" lon="11.4393803" visible="true" />
  <node id="-431" lat="48.7576953" lon="11.4402811" visible="true" />
  <node id="-432" lat="48.7577697" lon="11.4403468" visible="true" />
  <node id="-433" lat="48.7577208" lon="11.4404741" visible="true" />
  <node id="-434" lat="48.7577468" lon="11.4404971" visible="true" />
  <node id="-435" lat="48.7576665" lon="11.4407064" visible="true" />
  <node id="-436" lat="48.7575660" lon="11.4406176" visible="true" />
  <node id="-437" lat="48.7573076" lon="11.4423129" visible="true" />
  <node id="-438" lat="48.7569780" lon="11.4419955" visible="true" />
  <node id="-439" lat="48.7570297" lon="11.4418719" visible="true" />
  <node id="-440" lat="48.7573593" lon="11.4421893" visible="true" />
  <node id="-441" lat="48.7571340" lon="11.4404748" visible="true" />
  <node id="-442" lat="48.7570648" lon="11.4404326" visible="true" />
  <node id="-443" lat="48.7570561" lon="11.4404274" visible="true" />
  <node id="-444" lat="48.7570417" lon="11.4404186" visible="true" />
  <node id="-445" lat="48.7569314" lon="11.4403515" visible="true" />
  <node id="-446" lat="48.7569167" lon="11.4403426" visible="true" />
  <node id="-447" lat="48.7569052" lon="11.4403356" visible="true" />
  <node id="-448" lat="48.7567879" lon="11.4402642" visible="true" />
  <node id="-449" lat="48.7567779" lon="11.4402581" visible="true" />
  <node id="-450" lat="48.7567638" lon="11.4402495" visible="true" />
  <node id="-451" lat="48.7566933" lon="11.4402067" visible="true" />
  <node id="-452" lat="48.7567334" lon="11.4400560" visible="true" />
  <node id="-453" lat="48.7571741" lon="11.4403241" visible="true" />
  <node id="-454" lat="48.7571559" lon="11.4403924" visible="true" />
  <node id="-455" lat="48.7573108" lon="11.4393601" visible="true" />
  <node id="-456" lat="48.7573627" lon="11.4392397" visible="true" />
  <node id="-457" lat="48.7577753" lon="11.4396488" visible="true" />
  <node id="-458" lat="48.7577234" lon="11.4397691" visible="true" />
  <node id="-459" lat="48.7574030" lon="11.4394515" visible="true" />
  <node id="-460" lat="48.7575138" lon="11.4391091" visible="true" />
  <node id="-461" lat="48.7574408" lon="11.4390391" visible="true" />
  <node id="-462" lat="48.7575978" lon="11.4386621" visible="true" />
  <node id="-463" lat="48.7576708" lon="11.4387321" visible="true" />
  <node id="-464" lat="48.7555420" lon="11.4422323" visible="true" />
  <node id="-465" lat="48.7558907" lon="11.4423654" visible="true" />
  <node id="-466" lat="48.7558676" lon="11.4425046" visible="true" />
  <node id="-467" lat="48.7555189" lon="11.4423716" visible="true" />
  <node id="-468" lat="48.7577217" lon="11.4393388" visible="true" />
  <node id="-469" lat="48.7575553" lon="11.4391861" visible="true" />
  <node id="-470" lat="48.7575819" lon="11.4391188" visible="true" />
  <node id="-471" lat="48.7577459" lon="11.4392772" visible="true" />
  <node id="-472" lat="48.7537147" lon="11.4426860" visible="true" />
  <node id="-473" lat="48.7539350" lon="11.4428896" visible="true" />
  <node id="-474" lat="48.7539888" lon="11.4427555" visible="true" />
  <node id="-475" lat="48.7541372" lon="11.4428927" visible="true" />
  <node id="-476" lat="48.7540274" lon="11.4431662" visible="true" />
  <node id="-477" lat="48.7536586" lon="11.4428255" visible="true" />
  <node id="-478" lat="48.7535446" lon="11.4418574" visible="true" />
  <node id="-479" lat="48.7536825" lon="11.4419958" visible="true" />
  <node id="-480" lat="48.7536256" lon="11.4421263" visible="true" />
  <node id="-481" lat="48.7534876" lon="11.4419880" visible="true" />
  <node id="-482" lat="48.7533529" lon="11.4427369" visible="true" />
  <node id="-483" lat="48.7532523" lon="11.4426426" visible="true" />
  <node id="-484" lat="48.7532917" lon="11.4425459" visible="true" />
  <node id="-485" lat="48.7533923" lon="11.4426402" visible="true" />
  <node id="-486" lat="48.7532035" lon="11.4428440" visible="true" />
  <node id="-487" lat="48.7532794" lon="11.4429151" visible="true" />
  <node id="-488" lat="48.7532163" lon="11.4430701" visible="true" />
  <node id="-489" lat="48.7531404" lon="11.4429989" visible="true" />
  <node id="-490" lat="48.7535544" lon="11.4423376" visible="true" />
  <node id="-491" lat="48.7534478" lon="11.4422377" visible="true" />
  <node id="-492" lat="48.7534848" lon="11.4421469" visible="true" />
  <node id="-493" lat="48.7535913" lon="11.4422468" visible="true" />
  <node id="-494" lat="48.7531260" lon="11.4415614" visible="true" />
  <node id="-495" lat="48.7531894" lon="11.4416250" visible="true" />
  <node id="-496" lat="48.7531196" lon="11.4417850" visible="true" />
  <node id="-497" lat="48.7530563" lon="11.4417214" visible="true" />
  <node id="-498" lat="48.7532027" lon="11.4424928" visible="true" />
  <node id="-499" lat="48.7531324" lon="11.4424270" visible="true" />
  <node id="-500" lat="48.7531552" lon="11.4423711" visible="true" />
  <node id="-501" lat="48.7532255" lon="11.4424370" visible="true" />
  <node id="-502" lat="48.7532686" lon="11.4416212" visible="true" />
  <node id="-503" lat="48.7531781" lon="11.4418286" visible="true" />
  <node id="-504" lat="48.7532659" lon="11.4419167" visible="true" />
  <node id="-505" lat="48.7533564" lon="11.4417093" visible="true" />
  <node id="-506" lat="48.7533671" lon="11.4420175" visible="true" />
  <node id="-507" lat="48.7533897" lon="11.4419665" visible="true" />
  <node id="-508" lat="48.7534574" lon="11.4420353" visible="true" />
  <node id="-509" lat="48.7534349" lon="11.4420864" visible="true" />
  <node id="-510" lat="48.7533793" lon="11.4417070" visible="true" />
  <node id="-511" lat="48.7534287" lon="11.4417565" visible="true" />
  <node id="-512" lat="48.7533718" lon="11.4418869" visible="true" />
  <node id="-513" lat="48.7533225" lon="11.4418374" visible="true" />
  <node id="-514" lat="48.7530297" lon="11.4425138" visible="true" />
  <node id="-515" lat="48.7530567" lon="11.4426667" visible="true" />
  <node id="-516" lat="48.7529843" lon="11.4426962" visible="true" />
  <node id="-517" lat="48.7529573" lon="11.4425433" visible="true" />
  <node id="-518" lat="48.7534505" lon="11.4417835" visible="true" />
  <node id="-519" lat="48.7535085" lon="11.4418416" visible="true" />
  <node id="-520" lat="48.7534524" lon="11.4419702" visible="true" />
  <node id="-521" lat="48.7533944" lon="11.4419121" visible="true" />
  <node id="-522" lat="48.7531376" lon="11.4429147" visible="true" />
  <node id="-523" lat="48.7530234" lon="11.4428077" visible="true" />
  <node id="-524" lat="48.7530629" lon="11.4427108" visible="true" />
  <node id="-525" lat="48.7531771" lon="11.4428179" visible="true" />
  <node id="-526" lat="48.7561667" lon="11.4390567" visible="true" />
  <node id="-527" lat="48.7565595" lon="11.4394455" visible="true" />
  <node id="-528" lat="48.7564602" lon="11.4396763" visible="true" />
  <node id="-529" lat="48.7562981" lon="11.4395159" visible="true" />
  <node id="-530" lat="48.7563490" lon="11.4393978" visible="true" />
  <node id="-531" lat="48.7561182" lon="11.4391694" visible="true" />
  <node id="-532" lat="48.7562163" lon="11.4386630" visible="true" />
  <node id="-533" lat="48.7563099" lon="11.4384395" visible="true" />
  <node id="-534" lat="48.7567639" lon="11.4388768" visible="true" />
  <node id="-535" lat="48.7566703" lon="11.4391003" visible="true" />
  <node id="-536" lat="48.7566419" lon="11.4392935" visible="true" />
  <node id="-537" lat="48.7566135" lon="11.4393635" visible="true" />
  <node id="-538" lat="48.7564758" lon="11.4392347" visible="true" />
  <node id="-539" lat="48.7565043" lon="11.4391647" visible="true" />
  <node id="-540" lat="48.7565012" lon="11.4379352" visible="true" />
  <node id="-541" lat="48.7566042" lon="11.4378885" visible="true" />
  <node id="-542" lat="48.7566753" lon="11.4379582" visible="true" />
  <node id="-543" lat="48.7567166" lon="11.4378611" visible="true" />
  <node id="-544" lat="48.7568070" lon="11.4379496" visible="true" />
  <node id="-545" lat="48.7568368" lon="11.4378795" visible="true" />
  <node id="-546" lat="48.7569227" lon="11.4379636" visible="true" />
  <node id="-547" lat="48.7568663" lon="11.4380960" visible="true" />
  <node id="-548" lat="48.7568238" lon="11.4380545" visible="true" />
  <node id="-549" lat="48.7567430" lon="11.4382445" visible="true" />
  <node id="-550" lat="48.7566142" lon="11.4381184" visible="true" />
  <node id="-551" lat="48.7564586" lon="11.4384844" visible="true" />
  <node id="-552" lat="48.7562780" lon="11.4383076" visible="true" />
  <node id="-553" lat="48.7563634" lon="11.4381067" visible="true" />
  <node id="-554" lat="48.7564092" lon="11.4381516" visible="true" />
  <node id="-555" lat="48.7569857" lon="11.4381095" visible="true" />
  <node id="-556" lat="48.7569366" lon="11.4382264" visible="true" />
  <node id="-557" lat="48.7569239" lon="11.4382141" visible="true" />
  <node id="-558" lat="48.7569021" lon="11.4382660" visible="true" />
  <node id="-559" lat="48.7569143" lon="11.4382778" visible="true" />
  <node id="-560" lat="48.7568974" lon="11.4383181" visible="true" />
  <node id="-561" lat="48.7568714" lon="11.4382930" visible="true" />
  <node id="-562" lat="48.7568402" lon="11.4383673" visible="true" />
  <node id="-563" lat="48.7567904" lon="11.4383192" visible="true" />
  <node id="-564" lat="48.7567802" lon="11.4383435" visible="true" />
  <node id="-565" lat="48.7567676" lon="11.4383313" visible="true" />
  <node id="-566" lat="48.7567481" lon="11.4383777" visible="true" />
  <node id="-567" lat="48.7567592" lon="11.4383884" visible="true" />
  <node id="-568" lat="48.7567487" lon="11.4384134" visible="true" />
  <node id="-569" lat="48.7567103" lon="11.4383763" visible="true" />
  <node id="-570" lat="48.7566994" lon="11.4384023" visible="true" />
  <node id="-571" lat="48.7566881" lon="11.4383914" visible="true" />
  <node id="-572" lat="48.7566679" lon="11.4384394" visible="true" />
  <node id="-573" lat="48.7566795" lon="11.4384506" visible="true" />
  <node id="-574" lat="48.7566586" lon="11.4385004" visible="true" />
  <node id="-575" lat="48.7566465" lon="11.4384887" visible="true" />
  <node id="-576" lat="48.7566252" lon="11.4385393" visible="true" />
  <node id="-577" lat="48.7566380" lon="11.4385517" visible="true" />
  <node id="-578" lat="48.7566271" lon="11.4385777" visible="true" />
  <node id="-579" lat="48.7567012" lon="11.4386493" visible="true" />
  <node id="-580" lat="48.7567746" lon="11.4384747" visible="true" />
  <node id="-581" lat="48.7568116" lon="11.4385105" visible="true" />
  <node id="-582" lat="48.7568017" lon="11.4385341" visible="true" />
  <node id="-583" lat="48.7568185" lon="11.4385504" visible="true" />
  <node id="-584" lat="48.7568108" lon="11.4385688" visible="true" />
  <node id="-585" lat="48.7568492" lon="11.4386059" visible="true" />
  <node id="-586" lat="48.7568574" lon="11.4385864" visible="true" />
  <node id="-587" lat="48.7568789" lon="11.4386072" visible="true" />
  <node id="-588" lat="48.7570039" lon="11.4383096" visible="true" />
  <node id="-589" lat="48.7570401" lon="11.4383446" visible="true" />
  <node id="-590" lat="48.7570878" lon="11.4382311" visible="true" />
  <node id="-591" lat="48.7570124" lon="11.4381582" visible="true" />
  <node id="-592" lat="48.7570192" lon="11.4381419" visible="true" />
  <node id="-593" lat="48.7557140" lon="11.4375295" visible="true" />
  <node id="-594" lat="48.7557460" lon="11.4375984" visible="true" />
  <node id="-595" lat="48.7556894" lon="11.4376589" visible="true" />
  <node id="-596" lat="48.7557441" lon="11.4377768" visible="true" />
  <node id="-597" lat="48.7556251" lon="11.4379039" visible="true" />
  <node id="-598" lat="48.7555383" lon="11.4377171" visible="true" />
  <node id="-599" lat="48.7552681" lon="11.4381492" visible="true" />
  <node id="-600" lat="48.7554414" lon="11.4385757" visible="true" />
  <node id="-601" lat="48.7552423" lon="11.4387608" visible="true" />
  <node id="-602" lat="48.7551900" lon="11.4388094" visible="true" />
  <node id="-603" lat="48.7551643" lon="11.4388333" visible="true" />
  <node id="-604" lat="48.7550424" lon="11.4385333" visible="true" />
  <node id="-605" lat="48.7551167" lon="11.4384644" visible="true" />
  <node id="-606" lat="48.7550652" lon="11.4383377" visible="true" />
  <node id="-607" lat="48.7552110" lon="11.4374269" visible="true" />
  <node id="-608" lat="48.7553111" lon="11.4373425" visible="true" />
  <node id="-609" lat="48.7552418" lon="11.4371534" visible="true" />
  <node id="-610" lat="48.7551417" lon="11.4372378" visible="true" />
  <node id="-611" lat="48.7560531" lon="11.4375912" visible="true" />
  <node id="-612" lat="48.7558912" lon="11.4377469" visible="true" />
  <node id="-613" lat="48.7559699" lon="11.4379342" visible="true" />
  <node id="-614" lat="48.7559187" lon="11.4379835" visible="true" />
  <node id="-615" lat="48.7558002" lon="11.4377016" visible="true" />
  <node id="-616" lat="48.7558555" lon="11.4376484" visible="true" />
  <node id="-617" lat="48.7558220" lon="11.4375688" visible="true" />
  <node id="-618" lat="48.7559498" lon="11.4374458" visible="true" />
  <node id="-619" lat="48.7560010" lon="11.4375676" visible="true" />
  <node id="-620" lat="48.7560311" lon="11.4375387" visible="true" />
  <node id="-621" lat="48.7559947" lon="11.4378261" visible="true" />
  <node id="-622" lat="48.7560839" lon="11.4377432" visible="true" />
  <node id="-623" lat="48.7561412" lon="11.4378850" visible="true" />
  <node id="-624" lat="48.7560520" lon="11.4379680" visible="true" />
  <node id="-625" lat="48.7561804" lon="11.4375130" visible="true" />
  <node id="-626" lat="48.7561349" lon="11.4374726" visible="true" />
  <node id="-627" lat="48.7561625" lon="11.4374013" visible="true" />
  <node id="-628" lat="48.7561138" lon="11.4373580" visible="true" />
  <node id="-629" lat="48.7561595" lon="11.4372396" visible="true" />
  <node id="-630" lat="48.7562537" lon="11.4373234" visible="true" />
  <node id="-631" lat="48.7553955" lon="11.4380980" visible="true" />
  <node id="-632" lat="48.7553450" lon="11.4381469" visible="true" />
  <node id="-633" lat="48.7553192" lon="11.4380841" visible="true" />
  <node id="-634" lat="48.7553677" lon="11.4380351" visible="true" />
  <node id="-635" lat="48.7543038" lon="11.4381935" visible="true" />
  <node id="-636" lat="48.7543005" lon="11.4383462" visible="true" />
  <node id="-637" lat="48.7539190" lon="11.4383272" visible="true" />
  <node id="-638" lat="48.7539225" lon="11.4381663" visible="true" />
  <node id="-639" lat="48.7539891" lon="11.4381697" visible="true" />
  <node id="-640" lat="48.7539886" lon="11.4381935" visible="true" />
  <node id="-641" lat="48.7540756" lon="11.4381979" visible="true" />
  <node id="-642" lat="48.7540759" lon="11.4381822" visible="true" />
  <node id="-643" lat="48.7541472" lon="11.4381858" visible="true" />
  <node id="-644" lat="48.7541467" lon="11.4382066" visible="true" />
  <node id="-645" lat="48.7542325" lon="11.4382109" visible="true" />
  <node id="-646" lat="48.7542329" lon="11.4381899" visible="true" />
  <node id="-647" lat="48.7548350" lon="11.4365651" visible="true" />
  <node id="-648" lat="48.7543416" lon="11.4364663" visible="true" />
  <node id="-649" lat="48.7543521" lon="11.4363468" visible="true" />
  <node id="-650" lat="48.7541476" lon="11.4363058" visible="true" />
  <node id="-651" lat="48.7541341" lon="11.4364596" visible="true" />
  <node id="-652" lat="48.7543310" lon="11.4364990" visible="true" />
  <node id="-653" lat="48.7543217" lon="11.4366055" visible="true" />
  <node id="-654" lat="48.7548227" lon="11.4367058" visible="true" />
  <node id="-655" lat="48.7536474" lon="11.4383987" visible="true" />
  <node id="-656" lat="48.7536143" lon="11.4385745" visible="true" />
  <node id="-657" lat="48.7534617" lon="11.4385084" visible="true" />
  <node id="-658" lat="48.7534948" lon="11.4383326" visible="true" />
  <node id="-659" lat="48.7546553" lon="11.4393224" visible="true" />
  <node id="-660" lat="48.7546620" lon="11.4394749" visible="true" />
  <node id="-661" lat="48.7543005" lon="11.4395112" visible="true" />
  <node id="-662" lat="48.7542938" lon="11.4393585" visible="true" />
  <node id="-663" lat="48.7536668" lon="11.4394332" visible="true" />
  <node id="-664" lat="48.7536796" lon="11.4398248" visible="true" />
  <node id="-665" lat="48.7534904" lon="11.4399014" visible="true" />
  <node id="-666" lat="48.7534636" lon="11.4397330" visible="true" />
  <node id="-667" lat="48.7535587" lon="11.4396934" visible="true" />
  <node id="-668" lat="48.7535545" lon="11.4394533" visible="true" />
  <node id="-669" lat="48.7539159" lon="11.4386933" visible="true" />
  <node id="-670" lat="48.7540087" lon="11.4387164" visible="true" />
  <node id="-671" lat="48.7539537" lon="11.4392214" visible="true" />
  <node id="-672" lat="48.7538609" lon="11.4391983" visible="true" />
  <node id="-673" lat="48.7538526" lon="11.4374268" visible="true" />
  <node id="-674" lat="48.7534215" lon="11.4373164" visible="true" />
  <node id="-675" lat="48.7534354" lon="11.4371926" visible="true" />
  <node id="-676" lat="48.7538664" lon="11.4373029" visible="true" />
  <node id="-677" lat="48.7537592" lon="11.4376173" visible="true" />
  <node id="-678" lat="48.7538114" lon="11.4376291" visible="true" />
  <node id="-679" lat="48.7537780" lon="11.4379686" visible="true" />
  <node id="-680" lat="48.7537258" lon="11.4379568" visible="true" />
  <node id="-681" lat="48.7541222" lon="11.4378942" visible="true" />
  <node id="-682" lat="48.7539198" lon="11.4378788" visible="true" />
  <node id="-683" lat="48.7539250" lon="11.4377239" visible="true" />
  <node id="-684" lat="48.7539416" lon="11.4377252" visible="true" />
  <node id="-685" lat="48.7539478" lon="11.4375410" visible="true" />
  <node id="-686" lat="48.7540599" lon="11.4375495" visible="true" />
  <node id="-687" lat="48.7540539" lon="11.4377294" visible="true" />
  <node id="-688" lat="48.7541275" lon="11.4377350" visible="true" />
  <node id="-689" lat="48.7547571" lon="11.4387455" visible="true" />
  <node id="-690" lat="48.7547544" lon="11.4389130" visible="true" />
  <node id="-691" lat="48.7541838" lon="11.4388915" visible="true" />
  <node id="-692" lat="48.7541865" lon="11.4387298" visible="true" />
  <node id="-693" lat="48.7542552" lon="11.4387324" visible="true" />
  <node id="-694" lat="48.7542548" lon="11.4387557" visible="true" />
  <node id="-695" lat="48.7543404" lon="11.4387590" visible="true" />
  <node id="-696" lat="48.7543409" lon="11.4387315" visible="true" />
  <node id="-697" lat="48.7544096" lon="11.4387341" visible="true" />
  <node id="-698" lat="48.7544092" lon="11.4387622" visible="true" />
  <node id="-699" lat="48.7545277" lon="11.4387666" visible="true" />
  <node id="-700" lat="48.7545282" lon="11.4387357" visible="true" />
  <node id="-701" lat="48.7546016" lon="11.4387385" visible="true" />
  <node id="-702" lat="48.7546011" lon="11.4387686" visible="true" />
  <node id="-703" lat="48.7546829" lon="11.4387716" visible="true" />
  <node id="-704" lat="48.7546833" lon="11.4387427" visible="true" />
  <node id="-705" lat="48.7548089" lon="11.4383640" visible="true" />
  <node id="-706" lat="48.7548094" lon="11.4388020" visible="true" />
  <node id="-707" lat="48.7547679" lon="11.4388022" visible="true" />
  <node id="-708" lat="48.7547674" lon="11.4383642" visible="true" />
  <node id="-709" lat="48.7542229" lon="11.4369835" visible="true" />
  <node id="-710" lat="48.7543230" lon="11.4369876" visible="true" />
  <node id="-711" lat="48.7543094" lon="11.4377511" visible="true" />
  <node id="-712" lat="48.7542092" lon="11.4377470" visible="true" />
  <node id="-713" lat="48.7537155" lon="11.4381610" visible="true" />
  <node id="-714" lat="48.7532794" lon="11.4380420" visible="true" />
  <node id="-715" lat="48.7533001" lon="11.4378679" visible="true" />
  <node id="-716" lat="48.7537362" lon="11.4379869" visible="true" />
  <node id="-717" lat="48.7547471" lon="11.4370376" visible="true" />
  <node id="-718" lat="48.7548468" lon="11.4370421" visible="true" />
  <node id="-719" lat="48.7548318" lon="11.4377973" visible="true" />
  <node id="-720" lat="48.7547321" lon="11.4377928" visible="true" />
  <node id="-721" lat="48.7532948" lon="11.4402496" visible="true" />
  <node id="-722" lat="48.7532829" lon="11.4405585" visible="true" />
  <node id="-723" lat="48.7531698" lon="11.4405431" visible="true" />
  <node id="-724" lat="48.7531694" lon="11.4402909" visible="true" />
  <node id="-725" lat="48.7547746" lon="11.4381086" visible="true" />
  <node id="-726" lat="48.7547703" lon="11.4382481" visible="true" />
  <node id="-727" lat="48.7543907" lon="11.4382210" visible="true" />
  <node id="-728" lat="48.7543951" lon="11.4380815" visible="true" />
  <node id="-729" lat="48.7542060" lon="11.4394378" visible="true" />
  <node id="-730" lat="48.7542145" lon="11.4396256" visible="true" />
  <node id="-731" lat="48.7538250" lon="11.4396662" visible="true" />
  <node id="-732" lat="48.7538167" lon="11.4394838" visible="true" />
  <node id="-733" lat="48.7538934" lon="11.4394758" visible="true" />
  <node id="-734" lat="48.7538948" lon="11.4395063" visible="true" />
  <node id="-735" lat="48.7539736" lon="11.4394981" visible="true" />
  <node id="-736" lat="48.7539722" lon="11.4394661" visible="true" />
  <node id="-737" lat="48.7540528" lon="11.4394577" visible="true" />
  <node id="-738" lat="48.7540540" lon="11.4394838" visible="true" />
  <node id="-739" lat="48.7541321" lon="11.4394756" visible="true" />
  <node id="-740" lat="48.7541307" lon="11.4394456" visible="true" />
  <node id="-741" lat="48.7536137" lon="11.4386363" visible="true" />
  <node id="-742" lat="48.7537000" lon="11.4386462" visible="true" />
  <node id="-743" lat="48.7536673" lon="11.4392993" visible="true" />
  <node id="-744" lat="48.7535810" lon="11.4392894" visible="true" />
  <node id="-745" lat="48.7547992" lon="11.4367737" visible="true" />
  <node id="-746" lat="48.7547934" lon="11.4368377" visible="true" />
  <node id="-747" lat="48.7543225" lon="11.4367385" visible="true" />
  <node id="-748" lat="48.7543283" lon="11.4366745" visible="true" />
  <node id="-749" lat="48.7540984" lon="11.4349671" visible="true" />
  <node id="-750" lat="48.7537702" lon="11.4349077" visible="true" />
  <node id="-751" lat="48.7537807" lon="11.4347740" visible="true" />
  <node id="-752" lat="48.7541089" lon="11.4348335" visible="true" />
  <node id="-753" lat="48.7544825" lon="11.4351569" visible="true" />
  <node id="-754" lat="48.7541843" lon="11.4350750" visible="true" />
  <node id="-755" lat="48.7542002" lon="11.4349429" visible="true" />
  <node id="-756" lat="48.7544984" lon="11.4350249" visible="true" />
  <node id="-757" lat="48.7546858" lon="11.4360208" visible="true" />
  <node id="-758" lat="48.7546398" lon="11.4357135" visible="true" />
  <node id="-759" lat="48.7545715" lon="11.4357370" visible="true" />
  <node id="-760" lat="48.7545956" lon="11.4358978" visible="true" />
  <node id="-761" lat="48.7545561" lon="11.4359115" visible="true" />
  <node id="-762" lat="48.7545780" lon="11.4360579" visible="true" />
  <node id="-763" lat="48.7548423" lon="11.4359900" visible="true" />
  <node id="-764" lat="48.7548315" lon="11.4358750" visible="true" />
  <node id="-765" lat="48.7548675" lon="11.4358672" visible="true" />
  <node id="-766" lat="48.7548783" lon="11.4359823" visible="true" />
  <node id="-767" lat="48.7538984" lon="11.4353965" visible="true" />
  <node id="-768" lat="48.7539593" lon="11.4354147" visible="true" />
  <node id="-769" lat="48.7539864" lon="11.4352073" visible="true" />
  <node id="-770" lat="48.7541462" lon="11.4352550" visible="true" />
  <node id="-771" lat="48.7541602" lon="11.4351471" visible="true" />
  <node id="-772" lat="48.7539395" lon="11.4350812" visible="true" />
  <node id="-773" lat="48.7542240" lon="11.4354062" visible="true" />
  <node id="-774" lat="48.7542645" lon="11.4355610" visible="true" />
  <node id="-775" lat="48.7538616" lon="11.4358021" visible="true" />
  <node id="-776" lat="48.7538211" lon="11.4356473" visible="true" />
  <node id="-777" lat="48.7548643" lon="11.4356104" visible="true" />
  <node id="-778" lat="48.7548890" lon="11.4358348" visible="true" />
  <node id="-779" lat="48.7547420" lon="11.4358720" visible="true" />
  <node id="-780" lat="48.7547173" lon="11.4356475" visible="true" />
  <node id="-781" lat="48.7545581" lon="11.4356940" visible="true" />
  <node id="-782" lat="48.7545512" lon="11.4356520" visible="true" />
  <node id="-783" lat="48.7546519" lon="11.4356137" visible="true" />
  <node id="-784" lat="48.7546588" lon="11.4356557" visible="true" />
  <node id="-785" lat="48.7547401" lon="11.4360763" visible="true" />
  <node id="-786" lat="48.7547264" lon="11.4359232" visible="true" />
  <node id="-787" lat="48.7547604" lon="11.4359162" visible="true" />
  <node id="-788" lat="48.7547741" lon="11.4360693" visible="true" />
  <node id="-789" lat="48.7537383" lon="11.4351040" visible="true" />
  <node id="-790" lat="48.7538297" lon="11.4351357" visible="true" />
  <node id="-791" lat="48.7537948" lon="11.4353656" visible="true" />
  <node id="-792" lat="48.7537034" lon="11.4353338" visible="true" />
  <node id="-793" lat="48.7547640" lon="11.4354016" visible="true" />
  <node id="-794" lat="48.7547486" lon="11.4353086" visible="true" />
  <node id="-795" lat="48.7545204" lon="11.4353953" visible="true" />
  <node id="-796" lat="48.7545549" lon="11.4356043" visible="true" />
  <node id="-797" lat="48.7548350" lon="11.4354979" visible="true" />
  <node id="-798" lat="48.7548159" lon="11.4353818" visible="true" />
  <node id="-799" lat="48.7538216" lon="11.4356936" visible="true" />
  <node id="-800" lat="48.7538183" lon="11.4357680" visible="true" />
  <node id="-801" lat="48.7536086" lon="11.4357464" visible="true" />
  <node id="-802" lat="48.7536120" lon="11.4356720" visible="true" />
  <node id="-803" lat="48.7592371" lon="11.4314507" visible="true" />
  <node id="-804" lat="48.7592418" lon="11.4316204" visible="true" />
  <node id="-805" lat="48.7590492" lon="11.4316326" visible="true" />
  <node id="-806" lat="48.7590445" lon="11.4314630" visible="true" />
  <node id="-807" lat="48.7587710" lon="11.4317562" visible="true" />
  <node id="-808" lat="48.7588242" lon="11.4317538" visible="true" />
  <node id="-809" lat="48.7588216" lon="11.4316200" visible="true" />
  <node id="-810" lat="48.7587799" lon="11.4316218" visible="true" />
  <node id="-811" lat="48.7587762" lon="11.4314339" visible="true" />
  <node id="-812" lat="48.7588508" lon="11.4314306" visible="true" />
  <node id="-813" lat="48.7588529" lon="11.4315350" visible="true" />
  <node id="-814" lat="48.7588925" lon="11.4315332" visible="true" />
  <node id="-815" lat="48.7589008" lon="11.4315929" visible="true" />
  <node id="-816" lat="48.7589033" lon="11.4317554" visible="true" />
  <node id="-817" lat="48.7589205" lon="11.4317548" visible="true" />
  <node id="-818" lat="48.7589214" lon="11.4318130" visible="true" />
  <node id="-819" lat="48.7588789" lon="11.4318145" visible="true" />
  <node id="-820" lat="48.7588794" lon="11.4318461" visible="true" />
  <node id="-821" lat="48.7588290" lon="11.4318480" visible="true" />
  <node id="-822" lat="48.7588285" lon="11.4318209" visible="true" />
  <node id="-823" lat="48.7587660" lon="11.4318231" visible="true" />
  <node id="-824" lat="48.7579566" lon="11.4421435" visible="true" />
  <node id="-825" lat="48.7580230" lon="11.4419810" visible="true" />
  <node id="-826" lat="48.7584069" lon="11.4423423" visible="true" />
  <node id="-827" lat="48.7583405" lon="11.4425048" visible="true" />
  <node id="-828" lat="48.7582745" lon="11.4424427" visible="true" />
  <node id="-829" lat="48.7582649" lon="11.4424663" visible="true" />
  <node id="-830" lat="48.7582274" lon="11.4424310" visible="true" />
  <node id="-831" lat="48.7582370" lon="11.4424074" visible="true" />
  <node id="-832" lat="48.7621798" lon="11.4419888" visible="true" />
  <node id="-833" lat="48.7620802" lon="11.4420484" visible="true" />
  <node id="-834" lat="48.7619639" lon="11.4416016" visible="true" />
  <node id="-835" lat="48.7619409" lon="11.4416154" visible="true" />
  <node id="-836" lat="48.7618770" lon="11.4413698" visible="true" />
  <node id="-837" lat="48.7619760" lon="11.4413105" visible="true" />
  <node id="-838" lat="48.7620370" lon="11.4415448" visible="true" />
  <node id="-839" lat="48.7620606" lon="11.4415307" visible="true" />
  <node id="-840" lat="48.7607588" lon="11.4411497" visible="true" />
  <node id="-841" lat="48.7604780" lon="11.4414234" visible="true" />
  <node id="-842" lat="48.7604280" lon="11.4413055" visible="true" />
  <node id="-843" lat="48.7607088" lon="11.4410317" visible="true" />
  <node id="-844" lat="48.7616510" lon="11.4423176" visible="true" />
  <node id="-845" lat="48.7613774" lon="11.4425793" visible="true" />
  <node id="-846" lat="48.7613250" lon="11.4424533" visible="true" />
  <node id="-847" lat="48.7615987" lon="11.4421916" visible="true" />
  <node id="-848" lat="48.7613243" lon="11.4419749" visible="true" />
  <node id="-849" lat="48.7610355" lon="11.4422349" visible="true" />
  <node id="-850" lat="48.7609817" lon="11.4420975" visible="true" />
  <node id="-851" lat="48.7612707" lon="11.4418376" visible="true" />
  <node id="-852" lat="48.7604858" lon="11.4406018" visible="true" />
  <node id="-853" lat="48.7604963" lon="11.4407834" visible="true" />
  <node id="-854" lat="48.7602878" lon="11.4408111" visible="true" />
  <node id="-855" lat="48.7602773" lon="11.4406295" visible="true" />
  <node id="-856" lat="48.7610393" lon="11.4415636" visible="true" />
  <node id="-857" lat="48.7607626" lon="11.4418255" visible="true" />
  <node id="-858" lat="48.7607112" lon="11.4417006" visible="true" />
  <node id="-859" lat="48.7609879" lon="11.4414386" visible="true" />
  <node id="-860" lat="48.7600106" lon="11.4310975" visible="true" />
  <node id="-861" lat="48.7600222" lon="11.4312827" visible="true" />
  <node id="-862" lat="48.7599556" lon="11.4312923" visible="true" />
  <node id="-863" lat="48.7599439" lon="11.4311072" visible="true" />
  <node id="-864" lat="48.7585862" lon="11.4317131" visible="true" />
  <node id="-865" lat="48.7587718" lon="11.4317445" visible="true" />
  <node id="-866" lat="48.7587611" lon="11.4318908" visible="true" />
  <node id="-867" lat="48.7585751" lon="11.4318594" visible="true" />
  <node id="-868" lat="48.7583993" lon="11.4316815" visible="true" />
  <node id="-869" lat="48.7583885" lon="11.4318279" visible="true" />
  <node id="-870" lat="48.7580016" lon="11.4348521" visible="true" />
  <node id="-871" lat="48.7579757" lon="11.4350158" visible="true" />
  <node id="-872" lat="48.7579270" lon="11.4349981" visible="true" />
  <node id="-873" lat="48.7579529" lon="11.4348344" visible="true" />
  <node id="-874" lat="48.7566987" lon="11.4328343" visible="true" />
  <node id="-875" lat="48.7567573" lon="11.4323650" visible="true" />
  <node id="-876" lat="48.7568931" lon="11.4324041" visible="true" />
  <node id="-877" lat="48.7568344" lon="11.4328733" visible="true" />
  <node id="-878" lat="48.7577869" lon="11.4329469" visible="true" />
  <node id="-879" lat="48.7578324" lon="11.4324300" visible="true" />
  <node id="-880" lat="48.7579118" lon="11.4324461" visible="true" />
  <node id="-881" lat="48.7578662" lon="11.4329630" visible="true" />
  <node id="-882" lat="48.7595504" lon="11.4342996" visible="true" />
  <node id="-883" lat="48.7593052" lon="11.4342096" visible="true" />
  <node id="-884" lat="48.7593574" lon="11.4338826" visible="true" />
  <node id="-885" lat="48.7596027" lon="11.4339720" visible="true" />
  <node id="-886" lat="48.7598758" lon="11.4344190" visible="true" />
  <node id="-887" lat="48.7598264" lon="11.4347286" visible="true" />
  <node id="-888" lat="48.7592022" lon="11.4344994" visible="true" />
  <node id="-889" lat="48.7592516" lon="11.4341899" visible="true" />
  <node id="-890" lat="48.7599108" lon="11.4339364" visible="true" />
  <node id="-891" lat="48.7598887" lon="11.4340762" visible="true" />
  <node id="-892" lat="48.7592181" lon="11.4338318" visible="true" />
  <node id="-893" lat="48.7592403" lon="11.4336921" visible="true" />
  <node id="-894" lat="48.7550401" lon="11.4408284" visible="true" />
  <node id="-895" lat="48.7549671" lon="11.4407807" visible="true" />
  <node id="-896" lat="48.7548307" lon="11.4412611" visible="true" />
  <node id="-897" lat="48.7549038" lon="11.4413088" visible="true" />
  <node id="-898" lat="48.7545945" lon="11.4322893" visible="true" />
  <node id="-899" lat="48.7546997" lon="11.4322737" visible="true" />
  <node id="-900" lat="48.7547152" lon="11.4325136" visible="true" />
  <node id="-901" lat="48.7546100" lon="11.4325292" visible="true" />
  <node id="-902" lat="48.7544258" lon="11.4341099" visible="true" />
  <node id="-903" lat="48.7544210" lon="11.4339450" visible="true" />
  <node id="-904" lat="48.7545400" lon="11.4339372" visible="true" />
  <node id="-905" lat="48.7545448" lon="11.4341020" visible="true" />
  <node id="-906" lat="48.7547541" lon="11.4335956" visible="true" />
  <node id="-907" lat="48.7547025" lon="11.4337641" visible="true" />
  <node id="-908" lat="48.7545909" lon="11.4336854" visible="true" />
  <node id="-909" lat="48.7546426" lon="11.4335169" visible="true" />
  <node id="-910" lat="48.7541693" lon="11.4321055" visible="true" />
  <node id="-911" lat="48.7542642" lon="11.4320914" visible="true" />
  <node id="-912" lat="48.7542772" lon="11.4322921" visible="true" />
  <node id="-913" lat="48.7541823" lon="11.4323062" visible="true" />
  <node id="-914" lat="48.7546161" lon="11.4325572" visible="true" />
  <node id="-915" lat="48.7547156" lon="11.4325424" visible="true" />
  <node id="-916" lat="48.7547295" lon="11.4327571" visible="true" />
  <node id="-917" lat="48.7546300" lon="11.4327719" visible="true" />
  <node id="-918" lat="48.7545581" lon="11.4318405" visible="true" />
  <node id="-919" lat="48.7546670" lon="11.4318243" visible="true" />
  <node id="-920" lat="48.7546881" lon="11.4321496" visible="true" />
  <node id="-921" lat="48.7545791" lon="11.4321658" visible="true" />
  <node id="-922" lat="48.7546549" lon="11.4331845" visible="true" />
  <node id="-923" lat="48.7547566" lon="11.4331791" visible="true" />
  <node id="-924" lat="48.7547742" lon="11.4334070" visible="true" />
  <node id="-925" lat="48.7546702" lon="11.4334225" visible="true" />
  <node id="-926" lat="48.7541460" lon="11.4324427" visible="true" />
  <node id="-927" lat="48.7542381" lon="11.4324289" visible="true" />
  <node id="-928" lat="48.7542531" lon="11.4326607" visible="true" />
  <node id="-929" lat="48.7541610" lon="11.4326744" visible="true" />
  <node id="-930" lat="48.7544407" lon="11.4318233" visible="true" />
  <node id="-931" lat="48.7544548" lon="11.4320419" visible="true" />
  <node id="-932" lat="48.7543496" lon="11.4320575" visible="true" />
  <node id="-933" lat="48.7543354" lon="11.4318389" visible="true" />
  <node id="-934" lat="48.7540975" lon="11.4337570" visible="true" />
  <node id="-935" lat="48.7541993" lon="11.4337503" visible="true" />
  <node id="-936" lat="48.7542039" lon="11.4339109" visible="true" />
  <node id="-937" lat="48.7541021" lon="11.4339176" visible="true" />
  <node id="-938" lat="48.7543631" lon="11.4323407" visible="true" />
  <node id="-939" lat="48.7544593" lon="11.4323264" visible="true" />
  <node id="-940" lat="48.7544743" lon="11.4325574" visible="true" />
  <node id="-941" lat="48.7543780" lon="11.4325717" visible="true" />
  <node id="-942" lat="48.7545525" lon="11.4332461" visible="true" />
  <node id="-943" lat="48.7544488" lon="11.4332264" visible="true" />
  <node id="-944" lat="48.7544614" lon="11.4330729" visible="true" />
  <node id="-945" lat="48.7543727" lon="11.4330561" visible="true" />
  <node id="-946" lat="48.7543897" lon="11.4328502" visible="true" />
  <node id="-947" lat="48.7545822" lon="11.4328866" visible="true" />
  <node id="-948" lat="48.7545911" lon="11.4306552" visible="true" />
  <node id="-949" lat="48.7546066" lon="11.4308845" visible="true" />
  <node id="-950" lat="48.7544521" lon="11.4309472" visible="true" />
  <node id="-951" lat="48.7544229" lon="11.4307818" visible="true" />
  <node id="-952" lat="48.7544853" lon="11.4307565" visible="true" />
  <node id="-953" lat="48.7544797" lon="11.4306725" visible="true" />
  <node id="-954" lat="48.7545586" lon="11.4301205" visible="true" />
  <node id="-955" lat="48.7545429" lon="11.4301212" visible="true" />
  <node id="-956" lat="48.7545434" lon="11.4301476" visible="true" />
  <node id="-957" lat="48.7545437" lon="11.4301659" visible="true" />
  <node id="-958" lat="48.7545606" lon="11.4301651" visible="true" />
  <node id="-959" lat="48.7545662" lon="11.4304617" visible="true" />
  <node id="-960" lat="48.7544662" lon="11.4304660" visible="true" />
  <node id="-961" lat="48.7544608" lon="11.4301794" visible="true" />
  <node id="-962" lat="48.7544846" lon="11.4301784" visible="true" />
  <node id="-963" lat="48.7544841" lon="11.4301517" visible="true" />
  <node id="-964" lat="48.7544835" lon="11.4301200" visible="true" />
  <node id="-965" lat="48.7539791" lon="11.4301423" visible="true" />
  <node id="-966" lat="48.7539760" lon="11.4299793" visible="true" />
  <node id="-967" lat="48.7545554" lon="11.4299537" visible="true" />
  <node id="-968" lat="48.7591313" lon="11.4330247" visible="true" />
  <node id="-969" lat="48.7593982" lon="11.4329938" visible="true" />
  <node id="-970" lat="48.7594012" lon="11.4330537" visible="true" />
  <node id="-971" lat="48.7595843" lon="11.4330326" visible="true" />
  <node id="-972" lat="48.7595709" lon="11.4327661" visible="true" />
  <node id="-973" lat="48.7596572" lon="11.4327562" visible="true" />
  <node id="-974" lat="48.7596762" lon="11.4331336" visible="true" />
  <node id="-975" lat="48.7596081" lon="11.4331415" visible="true" />
  <node id="-976" lat="48.7596129" lon="11.4332375" visible="true" />
  <node id="-977" lat="48.7595556" lon="11.4332442" visible="true" />
  <node id="-978" lat="48.7595656" lon="11.4334430" visible="true" />
  <node id="-979" lat="48.7593344" lon="11.4334698" visible="true" />
  <node id="-980" lat="48.7593238" lon="11.4332610" visible="true" />
  <node id="-981" lat="48.7591443" lon="11.4332819" visible="true" />
  <node id="-982" lat="48.7587946" lon="11.4325193" visible="true" />
  <node id="-983" lat="48.7587879" lon="11.4326137" visible="true" />
  <node id="-984" lat="48.7586942" lon="11.4325985" visible="true" />
  <node id="-985" lat="48.7587009" lon="11.4325031" visible="true" />
  <node id="-986" lat="48.7586827" lon="11.4325001" visible="true" />
  <node id="-987" lat="48.7586900" lon="11.4323972" visible="true" />
  <node id="-988" lat="48.7587080" lon="11.4324001" visible="true" />
  <node id="-989" lat="48.7587110" lon="11.4323587" visible="true" />
  <node id="-990" lat="48.7587344" lon="11.4323625" visible="true" />
  <node id="-991" lat="48.7587364" lon="11.4323349" visible="true" />
  <node id="-992" lat="48.7586175" lon="11.4323157" visible="true" />
  <node id="-993" lat="48.7586278" lon="11.4321692" visible="true" />
  <node id="-994" lat="48.7587484" lon="11.4321888" visible="true" />
  <node id="-995" lat="48.7587550" lon="11.4320960" visible="true" />
  <node id="-996" lat="48.7588523" lon="11.4321117" visible="true" />
  <node id="-997" lat="48.7588332" lon="11.4323821" visible="true" />
  <node id="-998" lat="48.7589275" lon="11.4323973" visible="true" />
  <node id="-999" lat="48.7589175" lon="11.4325392" visible="true" />
  <node id="-1000" lat="48.7587747" lon="11.4337663" visible="true" />
  <node id="-1001" lat="48.7587731" lon="11.4338805" visible="true" />
  <node id="-1002" lat="48.7586346" lon="11.4338761" visible="true" />
  <node id="-1003" lat="48.7586325" lon="11.4340292" visible="true" />
  <node id="-1004" lat="48.7585379" lon="11.4340262" visible="true" />
  <node id="-1005" lat="48.7585352" lon="11.4342235" visible="true" />
  <node id="-1006" lat="48.7583939" lon="11.4342190" visible="true" />
  <node id="-1007" lat="48.7583998" lon="11.4337917" visible="true" />
  <node id="-1008" lat="48.7586360" lon="11.4337992" visible="true" />
  <node id="-1009" lat="48.7586366" lon="11.4337619" visible="true" />
  <node id="-1010" lat="48.7588646" lon="11.4329896" visible="true" />
  <node id="-1011" lat="48.7588617" lon="11.4331138" visible="true" />
  <node id="-1012" lat="48.7587276" lon="11.4331067" visible="true" />
  <node id="-1013" lat="48.7587305" lon="11.4329825" visible="true" />
  <node id="-1014" lat="48.7580591" lon="11.4319173" visible="true" />
  <node id="-1015" lat="48.7580163" lon="11.4322921" visible="true" />
  <node id="-1016" lat="48.7578734" lon="11.4322546" visible="true" />
  <node id="-1017" lat="48.7579162" lon="11.4318798" visible="true" />
  <node id="-1018" lat="48.7572127" lon="11.4344220" visible="true" />
  <node id="-1019" lat="48.7572541" lon="11.4344381" visible="true" />
  <node id="-1020" lat="48.7572387" lon="11.4345289" visible="true" />
  <node id="-1021" lat="48.7571973" lon="11.4345128" visible="true" />
  <node id="-1022" lat="48.7561466" lon="11.4345119" visible="true" />
  <node id="-1023" lat="48.7562147" lon="11.4345139" visible="true" />
  <node id="-1024" lat="48.7562139" lon="11.4345789" visible="true" />
  <node id="-1025" lat="48.7561457" lon="11.4345770" visible="true" />
  <node id="-1026" lat="48.7574448" lon="11.4341160" visible="true" />
  <node id="-1027" lat="48.7574917" lon="11.4341323" visible="true" />
  <node id="-1028" lat="48.7574778" lon="11.4342239" visible="true" />
  <node id="-1029" lat="48.7574310" lon="11.4342076" visible="true" />
  <node id="-1030" lat="48.7565332" lon="11.4344513" visible="true" />
  <node id="-1031" lat="48.7565760" lon="11.4344355" visible="true" />
  <node id="-1032" lat="48.7565887" lon="11.4345151" visible="true" />
  <node id="-1033" lat="48.7565460" lon="11.4345309" visible="true" />
  <node id="-1034" lat="48.7564700" lon="11.4340761" visible="true" />
  <node id="-1035" lat="48.7565302" lon="11.4340512" visible="true" />
  <node id="-1036" lat="48.7565413" lon="11.4341114" visible="true" />
  <node id="-1037" lat="48.7564810" lon="11.4341363" visible="true" />
  <node id="-1038" lat="48.7572513" lon="11.4337250" visible="true" />
  <node id="-1039" lat="48.7572870" lon="11.4337375" visible="true" />
  <node id="-1040" lat="48.7572799" lon="11.4337843" visible="true" />
  <node id="-1041" lat="48.7572441" lon="11.4337718" visible="true" />
  <node id="-1042" lat="48.7562621" lon="11.4346420" visible="true" />
  <node id="-1043" lat="48.7562562" lon="11.4347264" visible="true" />
  <node id="-1044" lat="48.7562025" lon="11.4347178" visible="true" />
  <node id="-1045" lat="48.7562084" lon="11.4346334" visible="true" />
  <node id="-1046" lat="48.7577049" lon="11.4354987" visible="true" />
  <node id="-1047" lat="48.7576911" lon="11.4355799" visible="true" />
  <node id="-1048" lat="48.7576520" lon="11.4355645" visible="true" />
  <node id="-1049" lat="48.7576658" lon="11.4354832" visible="true" />
  <node id="-1050" lat="48.7562224" lon="11.4343287" visible="true" />
  <node id="-1051" lat="48.7562842" lon="11.4343107" visible="true" />
  <node id="-1052" lat="48.7562930" lon="11.4343802" visible="true" />
  <node id="-1053" lat="48.7562312" lon="11.4343982" visible="true" />
  <node id="-1054" lat="48.7575861" lon="11.4354759" visible="true" />
  <node id="-1055" lat="48.7575975" lon="11.4353985" visible="true" />
  <node id="-1056" lat="48.7576393" lon="11.4354126" visible="true" />
  <node id="-1057" lat="48.7576279" lon="11.4354900" visible="true" />
  <node id="-1058" lat="48.7562098" lon="11.4336130" visible="true" />
  <node id="-1059" lat="48.7562225" lon="11.4336752" visible="true" />
  <node id="-1060" lat="48.7561693" lon="11.4337003" visible="true" />
  <node id="-1061" lat="48.7561565" lon="11.4336381" visible="true" />
  <node id="-1062" lat="48.7582180" lon="11.4331984" visible="true" />
  <node id="-1063" lat="48.7583718" lon="11.4332167" visible="true" />
  <node id="-1064" lat="48.7583667" lon="11.4333463" visible="true" />
  <node id="-1065" lat="48.7583588" lon="11.4335489" visible="true" />
  <node id="-1066" lat="48.7583541" lon="11.4336326" visible="true" />
  <node id="-1067" lat="48.7582045" lon="11.4336216" visible="true" />
  <node id="-1068" lat="48.7581024" lon="11.4375489" visible="true" />
  <node id="-1069" lat="48.7579307" lon="11.4379633" visible="true" />
  <node id="-1070" lat="48.7586298" lon="11.4386288" visible="true" />
  <node id="-1071" lat="48.7587003" lon="11.4384623" visible="true" />
  <node id="-1072" lat="48.7588058" lon="11.4382034" visible="true" />
  <node id="-1073" lat="48.7542091" lon="11.4314177" visible="true" />
  <node id="-1074" lat="48.7542481" lon="11.4314118" visible="true" />
  <node id="-1075" lat="48.7542890" lon="11.4314056" visible="true" />
  <node id="-1076" lat="48.7543020" lon="11.4316037" visible="true" />
  <node id="-1077" lat="48.7542221" lon="11.4316158" visible="true" />
  <node id="-1078" lat="48.7614508" lon="11.4406636" visible="true" />
  <node id="-1079" lat="48.7612778" lon="11.4406731" visible="true" />
  <node id="-1080" lat="48.7612781" lon="11.4406857" visible="true" />
  <node id="-1081" lat="48.7612361" lon="11.4406880" visible="true" />
  <node id="-1082" lat="48.7612354" lon="11.4406580" visible="true" />
  <node id="-1083" lat="48.7611609" lon="11.4406620" visible="true" />
  <node id="-1084" lat="48.7611593" lon="11.4405947" visible="true" />
  <node id="-1085" lat="48.7612169" lon="11.4405915" visible="true" />
  <node id="-1086" lat="48.7612106" lon="11.4403999" visible="true" />
  <node id="-1087" lat="48.7614440" lon="11.4403765" visible="true" />
  <node id="-1088" lat="48.7612282" lon="11.4410882" visible="true" />
  <node id="-1089" lat="48.7613307" lon="11.4410740" visible="true" />
  <node id="-1090" lat="48.7613429" lon="11.4412778" visible="true" />
  <node id="-1091" lat="48.7612404" lon="11.4412920" visible="true" />
  <node id="-1092" lat="48.7614885" lon="11.4410193" visible="true" />
  <node id="-1093" lat="48.7614991" lon="11.4411804" visible="true" />
  <node id="-1094" lat="48.7613912" lon="11.4411968" visible="true" />
  <node id="-1095" lat="48.7613805" lon="11.4410357" visible="true" />
  <node id="-1096" lat="48.7616271" lon="11.4409700" visible="true" />
  <node id="-1097" lat="48.7618460" lon="11.4409096" visible="true" />
  <node id="-1098" lat="48.7618626" lon="11.4410482" visible="true" />
  <node id="-1099" lat="48.7616437" lon="11.4411086" visible="true" />
  <node id="-1100" lat="48.7536017" lon="11.4404922" visible="true" />
  <node id="-1101" lat="48.7535544" lon="11.4405082" visible="true" />
  <node id="-1102" lat="48.7535917" lon="11.4407601" visible="true" />
  <node id="-1103" lat="48.7536390" lon="11.4407441" visible="true" />
  <node id="-1104" lat="48.7537250" lon="11.4404611" visible="true" />
  <node id="-1105" lat="48.7536804" lon="11.4404790" visible="true" />
  <node id="-1106" lat="48.7537245" lon="11.4407317" visible="true" />
  <node id="-1107" lat="48.7537691" lon="11.4407137" visible="true" />
  <node id="-1108" lat="48.7569308" lon="11.4396297" visible="true" />
  <node id="-1109" lat="48.7568858" lon="11.4395893" visible="true" />
  <node id="-1110" lat="48.7567711" lon="11.4398814" visible="true" />
  <node id="-1111" lat="48.7568161" lon="11.4399218" visible="true" />
  <node id="-1112" lat="48.7614493" lon="11.4405853" visible="true" />
  <node id="-1113" lat="48.7614453" lon="11.4404015" visible="true" />
  <node id="-1114" lat="48.7615648" lon="11.4403955" visible="true" />
  <node id="-1115" lat="48.7615688" lon="11.4405793" visible="true" />
  <node id="-1116" lat="48.7542233" lon="11.4307713" visible="true" />
  <node id="-1117" lat="48.7541858" lon="11.4305792" visible="true" />
  <node id="-1118" lat="48.7543043" lon="11.4305260" visible="true" />
  <node id="-1119" lat="48.7543418" lon="11.4307181" visible="true" />
  <node id="-1120" lat="48.7542608" lon="11.4309633" visible="true" />
  <node id="-1121" lat="48.7543793" lon="11.4309101" visible="true" />
  <node id="-1122" lat="48.7609206" lon="11.4407555" visible="true" />
  <node id="-1123" lat="48.7607468" lon="11.4407738" visible="true" />
  <node id="-1124" lat="48.7607415" lon="11.4406584" visible="true" />
  <node id="-1125" lat="48.7609153" lon="11.4406400" visible="true" />
  <node id="-1126" lat="48.7605539" lon="11.4408231" visible="true" />
  <node id="-1127" lat="48.7605731" lon="11.4406715" visible="true" />
  <node id="-1128" lat="48.7606491" lon="11.4406645" visible="true" />
  <node id="-1129" lat="48.7606558" lon="11.4408861" visible="true" />
  <node id="-1130" lat="48.7608545" lon="11.4409537" visible="true" />
  <node id="-1131" lat="48.7608480" lon="11.4407635" visible="true" />
  <node id="-1132" lat="48.7577613" lon="11.4426264" visible="true" />
  <node id="-1133" lat="48.7578266" lon="11.4424637" visible="true" />
  <node id="-1134" lat="48.7581715" lon="11.4427822" visible="true" />
  <node id="-1135" lat="48.7581064" lon="11.4429443" visible="true" />
  <node id="-1136" lat="48.7580396" lon="11.4428826" visible="true" />
  <node id="-1137" lat="48.7580303" lon="11.4429057" visible="true" />
  <node id="-1138" lat="48.7579926" lon="11.4428708" visible="true" />
  <node id="-1139" lat="48.7580017" lon="11.4428483" visible="true" />
  <node id="-1140" lat="48.7575568" lon="11.4431179" visible="true" />
  <node id="-1141" lat="48.7576220" lon="11.4429553" visible="true" />
  <node id="-1142" lat="48.7579669" lon="11.4432738" visible="true" />
  <node id="-1143" lat="48.7579019" lon="11.4434359" visible="true" />
  <node id="-1144" lat="48.7578350" lon="11.4433742" visible="true" />
  <node id="-1145" lat="48.7578258" lon="11.4433972" visible="true" />
  <node id="-1146" lat="48.7577881" lon="11.4433624" visible="true" />
  <node id="-1147" lat="48.7577971" lon="11.4433399" visible="true" />
  <node id="-1148" lat="48.7573589" lon="11.4436015" visible="true" />
  <node id="-1149" lat="48.7574242" lon="11.4434389" visible="true" />
  <node id="-1150" lat="48.7577691" lon="11.4437574" visible="true" />
  <node id="-1151" lat="48.7577040" lon="11.4439195" visible="true" />
  <node id="-1152" lat="48.7576372" lon="11.4438578" visible="true" />
  <node id="-1153" lat="48.7576280" lon="11.4438808" visible="true" />
  <node id="-1154" lat="48.7575903" lon="11.4438460" visible="true" />
  <node id="-1155" lat="48.7575993" lon="11.4438235" visible="true" />
  <node id="-1156" lat="48.7573140" lon="11.4365099" visible="true" />
  <node id="-1157" lat="48.7571044" lon="11.4363109" visible="true" />
  <node id="-1158" lat="48.7571529" lon="11.4361936" visible="true" />
  <node id="-1159" lat="48.7573624" lon="11.4363927" visible="true" />
  <node id="-1160" lat="48.7543797" lon="11.4306697" visible="true" />
  <node id="-1161" lat="48.7543992" lon="11.4306610" visible="true" />
  <node id="-1162" lat="48.7544217" lon="11.4307754" visible="true" />
  <node id="-1163" lat="48.7544022" lon="11.4307842" visible="true" />
  <node id="-1164" lat="48.7546110" lon="11.4304675" visible="true" />
  <node id="-1165" lat="48.7546170" lon="11.4305496" visible="true" />
  <node id="-1166" lat="48.7543665" lon="11.4305886" visible="true" />
  <node id="-1167" lat="48.7543508" lon="11.4305114" visible="true" />
  <node id="-1168" lat="48.7540942" lon="11.4332629" visible="true" />
  <node id="-1169" lat="48.7540646" lon="11.4334876" visible="true" />
  <node id="-1170" lat="48.7539755" lon="11.4334606" visible="true" />
  <node id="-1171" lat="48.7540051" lon="11.4332358" visible="true" />
  <node id="-1172" lat="48.7546666" lon="11.4419700" visible="true" />
  <node id="-1173" lat="48.7549870" lon="11.4422798" visible="true" />
  <node id="-1174" lat="48.7549589" lon="11.4423467" visible="true" />
  <node id="-1175" lat="48.7546385" lon="11.4420368" visible="true" />
  <node id="-1176" lat="48.7555601" lon="11.4395521" visible="true" />
  <node id="-1177" lat="48.7556049" lon="11.4395939" visible="true" />
  <node id="-1178" lat="48.7553159" lon="11.4403075" visible="true" />
  <node id="-1179" lat="48.7552711" lon="11.4402658" visible="true" />
  <node id="-1180" lat="48.7548699" lon="11.4413236" visible="true" />
  <node id="-1181" lat="48.7548054" lon="11.4415518" visible="true" />
  <node id="-1182" lat="48.7547469" lon="11.4415137" visible="true" />
  <node id="-1183" lat="48.7548114" lon="11.4412855" visible="true" />
  <node id="-1184" lat="48.7543063" lon="11.4417840" visible="true" />
  <node id="-1185" lat="48.7543354" lon="11.4417154" visible="true" />
  <node id="-1186" lat="48.7545472" lon="11.4419219" visible="true" />
  <node id="-1187" lat="48.7545182" lon="11.4419905" visible="true" />
  <node id="-1188" lat="48.7550487" lon="11.4404164" visible="true" />
  <node id="-1189" lat="48.7551189" lon="11.4404839" visible="true" />
  <node id="-1190" lat="48.7550381" lon="11.4406773" visible="true" />
  <node id="-1191" lat="48.7549679" lon="11.4406098" visible="true" />
  <node id="-1192" lat="48.7552149" lon="11.4428761" visible="true" />
  <node id="-1193" lat="48.7551756" lon="11.4429707" visible="true" />
  <node id="-1194" lat="48.7551384" lon="11.4429351" visible="true" />
  <node id="-1195" lat="48.7551001" lon="11.4430273" visible="true" />
  <node id="-1196" lat="48.7550043" lon="11.4429356" visible="true" />
  <node id="-1197" lat="48.7550820" lon="11.4427489" visible="true" />
  <node id="-1198" lat="48.7552569" lon="11.4387948" visible="true" />
  <node id="-1199" lat="48.7552064" lon="11.4388410" visible="true" />
  <node id="-1200" lat="48.7560800" lon="11.4376000" visible="true" />
  <node id="-1201" lat="48.7561204" lon="11.4375611" visible="true" />
  <node id="-1202" lat="48.7561525" lon="11.4376380" visible="true" />
  <node id="-1203" lat="48.7561121" lon="11.4376768" visible="true" />
  <node id="-1204" lat="48.7560476" lon="11.4372755" visible="true" />
  <node id="-1205" lat="48.7560291" lon="11.4372313" visible="true" />
  <node id="-1206" lat="48.7560758" lon="11.4371865" visible="true" />
  <node id="-1207" lat="48.7560943" lon="11.4372307" visible="true" />
  <node id="-1208" lat="48.7562593" lon="11.4376589" visible="true" />
  <node id="-1209" lat="48.7562751" lon="11.4376965" visible="true" />
  <node id="-1210" lat="48.7562317" lon="11.4377386" visible="true" />
  <node id="-1211" lat="48.7562159" lon="11.4377010" visible="true" />
  <node id="-1212" lat="48.7580709" lon="11.4433606" visible="true" />
  <node id="-1213" lat="48.7579360" lon="11.4436873" visible="true" />
  <node id="-1214" lat="48.7580580" lon="11.4438031" visible="true" />
  <node id="-1215" lat="48.7581928" lon="11.4434764" visible="true" />
  <node id="-1216" lat="48.7584672" lon="11.4424123" visible="true" />
  <node id="-1217" lat="48.7583212" lon="11.4427647" visible="true" />
  <node id="-1218" lat="48.7584395" lon="11.4428775" visible="true" />
  <node id="-1219" lat="48.7585855" lon="11.4425250" visible="true" />
  <node id="-1220" lat="48.7582758" lon="11.4428658" visible="true" />
  <node id="-1221" lat="48.7583923" lon="11.4429751" visible="true" />
  <node id="-1222" lat="48.7582486" lon="11.4433273" visible="true" />
  <node id="-1223" lat="48.7581321" lon="11.4432180" visible="true" />
  <node id="-1224" lat="48.7554375" lon="11.4337408" visible="true" />
  <node id="-1225" lat="48.7556040" lon="11.4337232" visible="true" />
  <node id="-1226" lat="48.7556080" lon="11.4338115" visible="true" />
  <node id="-1227" lat="48.7554976" lon="11.4338231" visible="true" />
  <node id="-1228" lat="48.7554992" lon="11.4338581" visible="true" />
  <node id="-1229" lat="48.7553111" lon="11.4338780" visible="true" />
  <node id="-1230" lat="48.7553093" lon="11.4338382" visible="true" />
  <node id="-1231" lat="48.7552058" lon="11.4338492" visible="true" />
  <node id="-1232" lat="48.7552022" lon="11.4337696" visible="true" />
  <node id="-1233" lat="48.7553692" lon="11.4337519" visible="true" />
  <node id="-1234" lat="48.7553671" lon="11.4337050" visible="true" />
  <node id="-1235" lat="48.7554355" lon="11.4336978" visible="true" />
  <node id="-1236" lat="48.7601898" lon="11.4421464" visible="true" />
  <node id="-1237" lat="48.7595082" lon="11.4415368" visible="true" />
  <node id="-1238" lat="48.7595591" lon="11.4414059" visible="true" />
  <node id="-1239" lat="48.7595178" lon="11.4413690" visible="true" />
  <node id="-1240" lat="48.7594748" lon="11.4413306" visible="true" />
  <node id="-1241" lat="48.7595801" lon="11.4410598" visible="true" />
  <node id="-1242" lat="48.7597343" lon="11.4411977" visible="true" />
  <node id="-1243" lat="48.7601323" lon="11.4415537" visible="true" />
  <node id="-1244" lat="48.7603459" lon="11.4417448" visible="true" />
  <node id="-1245" lat="48.7600904" lon="11.4428827" visible="true" />
  <node id="-1246" lat="48.7600061" lon="11.4428038" visible="true" />
  <node id="-1247" lat="48.7600447" lon="11.4427089" visible="true" />
  <node id="-1248" lat="48.7600289" lon="11.4426940" visible="true" />
  <node id="-1249" lat="48.7600976" lon="11.4425250" visible="true" />
  <node id="-1250" lat="48.7601895" lon="11.4426110" visible="true" />
  <node id="-1251" lat="48.7601344" lon="11.4427464" visible="true" />
  <node id="-1252" lat="48.7601226" lon="11.4427754" visible="true" />
  <node id="-1253" lat="48.7601309" lon="11.4427831" visible="true" />
  <node id="-1254" lat="48.7596122" lon="11.4424735" visible="true" />
  <node id="-1255" lat="48.7596551" lon="11.4423642" visible="true" />
  <node id="-1256" lat="48.7596234" lon="11.4423356" visible="true" />
  <node id="-1257" lat="48.7596934" lon="11.4421570" visible="true" />
  <node id="-1258" lat="48.7597876" lon="11.4422421" visible="true" />
  <node id="-1259" lat="48.7597172" lon="11.4424216" visible="true" />
  <node id="-1260" lat="48.7597343" lon="11.4424371" visible="true" />
  <node id="-1261" lat="48.7596918" lon="11.4425454" visible="true" />
  <node id="-1262" lat="48.7599708" lon="11.4425757" visible="true" />
  <node id="-1263" lat="48.7598693" lon="11.4424824" visible="true" />
  <node id="-1264" lat="48.7598578" lon="11.4425111" visible="true" />
  <node id="-1265" lat="48.7597819" lon="11.4424413" visible="true" />
  <node id="-1266" lat="48.7598290" lon="11.4423234" visible="true" />
  <node id="-1267" lat="48.7599002" lon="11.4423889" visible="true" />
  <node id="-1268" lat="48.7599136" lon="11.4423554" visible="true" />
  <node id="-1269" lat="48.7600198" lon="11.4424530" visible="true" />
  <node id="-1270" lat="48.7603959" lon="11.4429807" visible="true" />
  <node id="-1271" lat="48.7602998" lon="11.4428915" visible="true" />
  <node id="-1272" lat="48.7602918" lon="11.4429114" visible="true" />
  <node id="-1273" lat="48.7601961" lon="11.4428226" visible="true" />
  <node id="-1274" lat="48.7602419" lon="11.4427089" visible="true" />
  <node id="-1275" lat="48.7603348" lon="11.4427952" visible="true" />
  <node id="-1276" lat="48.7603489" lon="11.4427602" visible="true" />
  <node id="-1277" lat="48.7604478" lon="11.4428520" visible="true" />
  <node id="-1278" lat="48.7602593" lon="11.4433170" visible="true" />
  <node id="-1279" lat="48.7601775" lon="11.4432408" visible="true" />
  <node id="-1280" lat="48.7602355" lon="11.4430978" visible="true" />
  <node id="-1281" lat="48.7602209" lon="11.4430843" visible="true" />
  <node id="-1282" lat="48.7602624" lon="11.4429819" visible="true" />
  <node id="-1283" lat="48.7603350" lon="11.4430495" visible="true" />
  <node id="-1284" lat="48.7602942" lon="11.4431503" visible="true" />
  <node id="-1285" lat="48.7603179" lon="11.4431724" visible="true" />
  <node id="-1286" lat="48.7600010" lon="11.4430854" visible="true" />
  <node id="-1287" lat="48.7599073" lon="11.4429984" visible="true" />
  <node id="-1288" lat="48.7599534" lon="11.4428843" visible="true" />
  <node id="-1289" lat="48.7600479" lon="11.4429721" visible="true" />
  <node id="-1290" lat="48.7600615" lon="11.4429385" visible="true" />
  <node id="-1291" lat="48.7601670" lon="11.4430365" visible="true" />
  <node id="-1292" lat="48.7601145" lon="11.4431667" visible="true" />
  <node id="-1293" lat="48.7600081" lon="11.4430679" visible="true" />
  <node id="-1294" lat="48.7596696" lon="11.4428211" visible="true" />
  <node id="-1295" lat="48.7595678" lon="11.4427270" visible="true" />
  <node id="-1296" lat="48.7595600" lon="11.4427464" visible="true" />
  <node id="-1297" lat="48.7594944" lon="11.4426858" visible="true" />
  <node id="-1298" lat="48.7595401" lon="11.4425720" visible="true" />
  <node id="-1299" lat="48.7596022" lon="11.4426294" visible="true" />
  <node id="-1300" lat="48.7596154" lon="11.4425965" visible="true" />
  <node id="-1301" lat="48.7597207" lon="11.4426938" visible="true" />
  <node id="-1302" lat="48.7598069" lon="11.4429830" visible="true" />
  <node id="-1303" lat="48.7597172" lon="11.4429008" visible="true" />
  <node id="-1304" lat="48.7597199" lon="11.4428939" visible="true" />
  <node id="-1305" lat="48.7597848" lon="11.4427309" visible="true" />
  <node id="-1306" lat="48.7597724" lon="11.4427194" visible="true" />
  <node id="-1307" lat="48.7598247" lon="11.4425880" visible="true" />
  <node id="-1308" lat="48.7598900" lon="11.4426478" visible="true" />
  <node id="-1309" lat="48.7598373" lon="11.4427801" visible="true" />
  <node id="-1310" lat="48.7598549" lon="11.4427962" visible="true" />
  <node id="-1311" lat="48.7598743" lon="11.4428139" visible="true" />
  <node id="-1312" lat="48.7574500" lon="11.4405288" visible="true" />
  <node id="-1313" lat="48.7575245" lon="11.4405945" visible="true" />
  <node id="-1314" lat="48.7574756" lon="11.4407218" visible="true" />
  <node id="-1315" lat="48.7575016" lon="11.4407448" visible="true" />
  <node id="-1316" lat="48.7574212" lon="11.4409541" visible="true" />
  <node id="-1317" lat="48.7573208" lon="11.4408654" visible="true" />
  <node id="-1318" lat="48.7561866" lon="11.4387339" visible="true" />
  <node id="-1319" lat="48.7566795" lon="11.4392087" visible="true" />
  <node id="-1320" lat="48.7567092" lon="11.4391378" visible="true" />
  <node id="-1321" lat="48.7610913" lon="11.4423716" visible="true" />
  <node id="-1322" lat="48.7610747" lon="11.4424009" visible="true" />
  <node id="-1323" lat="48.7610513" lon="11.4423704" visible="true" />
  <node id="-1324" lat="48.7610680" lon="11.4423411" visible="true" />
  <node id="-1325" lat="48.7588848" lon="11.4432049" visible="true" />
  <node id="-1326" lat="48.7590643" lon="11.4433649" visible="true" />
  <node id="-1327" lat="48.7589948" lon="11.4435446" visible="true" />
  <node id="-1328" lat="48.7589535" lon="11.4435078" visible="true" />
  <node id="-1329" lat="48.7588152" lon="11.4433846" visible="true" />
  <node id="-1330" lat="48.7587276" lon="11.4434885" visible="true" />
  <node id="-1331" lat="48.7588591" lon="11.4436109" visible="true" />
  <node id="-1332" lat="48.7588700" lon="11.4435786" visible="true" />
  <node id="-1333" lat="48.7589142" lon="11.4436251" visible="true" />
  <node id="-1334" lat="48.7588426" lon="11.4438131" visible="true" />
  <node id="-1335" lat="48.7586637" lon="11.4436466" visible="true" />
  <node id="-1336" lat="48.7586355" lon="11.4438174" visible="true" />
  <node id="-1337" lat="48.7588107" lon="11.4439913" visible="true" />
  <node id="-1338" lat="48.7587342" lon="11.4441685" visible="true" />
  <node id="-1339" lat="48.7586921" lon="11.4441267" visible="true" />
  <node id="-1340" lat="48.7585590" lon="11.4439945" visible="true" />
  <node id="-1341" lat="48.7585993" lon="11.4439013" visible="true" />
  <node id="-1342" lat="48.7599221" lon="11.4441676" visible="true" />
  <node id="-1343" lat="48.7598447" lon="11.4443553" visible="true" />
  <node id="-1344" lat="48.7598351" lon="11.4443462" visible="true" />
  <node id="-1345" lat="48.7597086" lon="11.4442261" visible="true" />
  <node id="-1346" lat="48.7597418" lon="11.4441457" visible="true" />
  <node id="-1347" lat="48.7597517" lon="11.4441215" visible="true" />
  <node id="-1348" lat="48.7597860" lon="11.4440384" visible="true" />
  <node id="-1349" lat="48.7595771" lon="11.4442781" visible="true" />
  <node id="-1350" lat="48.7595537" lon="11.4443395" visible="true" />
  <node id="-1351" lat="48.7595154" lon="11.4444402" visible="true" />
  <node id="-1352" lat="48.7593926" lon="11.4443325" visible="true" />
  <node id="-1353" lat="48.7594197" lon="11.4442613" visible="true" />
  <node id="-1354" lat="48.7594455" lon="11.4442839" visible="true" />
  <node id="-1355" lat="48.7594736" lon="11.4442099" visible="true" />
  <node id="-1356" lat="48.7594805" lon="11.4441918" visible="true" />
  <node id="-1357" lat="48.7594598" lon="11.4441736" visible="true" />
  <node id="-1358" lat="48.7594781" lon="11.4441255" visible="true" />
  <node id="-1359" lat="48.7595681" lon="11.4442043" visible="true" />
  <node id="-1360" lat="48.7595493" lon="11.4442537" visible="true" />
  <node id="-1361" lat="48.7596964" lon="11.4439897" visible="true" />
  <node id="-1362" lat="48.7596405" lon="11.4441343" visible="true" />
  <node id="-1363" lat="48.7595976" lon="11.4440961" visible="true" />
  <node id="-1364" lat="48.7595883" lon="11.4441201" visible="true" />
  <node id="-1365" lat="48.7595461" lon="11.4440826" visible="true" />
  <node id="-1366" lat="48.7594905" lon="11.4440331" visible="true" />
  <node id="-1367" lat="48.7595339" lon="11.4439209" visible="true" />
  <node id="-1368" lat="48.7595576" lon="11.4439420" visible="true" />
  <node id="-1369" lat="48.7595795" lon="11.4438855" visible="true" />
  <node id="-1370" lat="48.7596471" lon="11.4439458" visible="true" />
  <node id="-1371" lat="48.7593493" lon="11.4441112" visible="true" />
  <node id="-1372" lat="48.7592725" lon="11.4442950" visible="true" />
  <node id="-1373" lat="48.7591420" lon="11.4441694" visible="true" />
  <node id="-1374" lat="48.7591820" lon="11.4440737" visible="true" />
  <node id="-1375" lat="48.7591893" lon="11.4440563" visible="true" />
  <node id="-1376" lat="48.7592075" lon="11.4440128" visible="true" />
  <node id="-1377" lat="48.7592293" lon="11.4440338" visible="true" />
  <node id="-1378" lat="48.7592406" lon="11.4440067" visible="true" />
  <node id="-1379" lat="48.7594877" lon="11.4437611" visible="true" />
  <node id="-1380" lat="48.7594128" lon="11.4439528" visible="true" />
  <node id="-1381" lat="48.7593992" lon="11.4439405" visible="true" />
  <node id="-1382" lat="48.7592996" lon="11.4438509" visible="true" />
  <node id="-1383" lat="48.7593110" lon="11.4438219" visible="true" />
  <node id="-1384" lat="48.7592916" lon="11.4438045" visible="true" />
  <node id="-1385" lat="48.7593141" lon="11.4437468" visible="true" />
  <node id="-1386" lat="48.7593192" lon="11.4437337" visible="true" />
  <node id="-1387" lat="48.7593232" lon="11.4437236" visible="true" />
  <node id="-1388" lat="48.7593551" lon="11.4436419" visible="true" />
  <node id="-1389" lat="48.7591521" lon="11.4439638" visible="true" />
  <node id="-1390" lat="48.7590854" lon="11.4441258" visible="true" />
  <node id="-1391" lat="48.7589688" lon="11.4440154" visible="true" />
  <node id="-1392" lat="48.7589735" lon="11.4440040" visible="true" />
  <node id="-1393" lat="48.7590583" lon="11.4437978" visible="true" />
  <node id="-1394" lat="48.7591140" lon="11.4438505" visible="true" />
  <node id="-1395" lat="48.7591493" lon="11.4438839" visible="true" />
  <node id="-1396" lat="48.7591264" lon="11.4439395" visible="true" />
  <node id="-1397" lat="48.7592923" lon="11.4436245" visible="true" />
  <node id="-1398" lat="48.7592372" lon="11.4437609" visible="true" />
  <node id="-1399" lat="48.7592006" lon="11.4437269" visible="true" />
  <node id="-1400" lat="48.7591917" lon="11.4437491" visible="true" />
  <node id="-1401" lat="48.7591758" lon="11.4437346" visible="true" />
  <node id="-1402" lat="48.7591606" lon="11.4437207" visible="true" />
  <node id="-1403" lat="48.7590923" lon="11.4436562" visible="true" />
  <node id="-1404" lat="48.7591367" lon="11.4435471" visible="true" />
  <node id="-1405" lat="48.7591623" lon="11.4435709" visible="true" />
  <node id="-1406" lat="48.7591820" lon="11.4435220" visible="true" />
  <node id="-1407" lat="48.7592349" lon="11.4401972" visible="true" />
  <node id="-1408" lat="48.7589151" lon="11.4410016" visible="true" />
  <node id="-1409" lat="48.7588813" lon="11.4409707" visible="true" />
  <node id="-1410" lat="48.7585249" lon="11.4406447" visible="true" />
  <node id="-1411" lat="48.7588447" lon="11.4398402" visible="true" />
  <node id="-1412" lat="48.7594173" lon="11.4424975" visible="true" />
  <node id="-1413" lat="48.7593555" lon="11.4424412" visible="true" />
  <node id="-1414" lat="48.7593432" lon="11.4424721" visible="true" />
  <node id="-1415" lat="48.7591904" lon="11.4423327" visible="true" />
  <node id="-1416" lat="48.7592394" lon="11.4422091" visible="true" />
  <node id="-1417" lat="48.7593502" lon="11.4423102" visible="true" />
  <node id="-1418" lat="48.7593860" lon="11.4423429" visible="true" />
  <node id="-1419" lat="48.7594003" lon="11.4423067" visible="true" />
  <node id="-1420" lat="48.7594683" lon="11.4423687" visible="true" />
  <node id="-1421" lat="48.7605342" lon="11.4425118" visible="true" />
  <node id="-1422" lat="48.7606598" lon="11.4421957" visible="true" />
  <node id="-1423" lat="48.7605221" lon="11.4420402" visible="true" />
  <node id="-1424" lat="48.7604769" lon="11.4421073" visible="true" />
  <node id="-1425" lat="48.7604187" lon="11.4421412" visible="true" />
  <node id="-1426" lat="48.7603522" lon="11.4421332" visible="true" />
  <node id="-1427" lat="48.7602966" lon="11.4421006" visible="true" />
  <node id="-1428" lat="48.7602531" lon="11.4422162" visible="true" />
  <node id="-1429" lat="48.7594041" lon="11.4420636" visible="true" />
  <node id="-1430" lat="48.7594409" lon="11.4419690" visible="true" />
  <node id="-1431" lat="48.7594557" lon="11.4419316" visible="true" />
  <node id="-1432" lat="48.7595704" lon="11.4420390" visible="true" />
  <node id="-1433" lat="48.7595172" lon="11.4421696" visible="true" />
  <node id="-1434" lat="48.7594609" lon="11.4421169" visible="true" />
  <node id="-1435" lat="48.7594376" lon="11.4420950" visible="true" />
  <node id="-1436" lat="48.7601732" lon="11.4414502" visible="true" />
  <node id="-1437" lat="48.7603078" lon="11.4415692" visible="true" />
  <node id="-1438" lat="48.7603674" lon="11.4416827" visible="true" />
  <node id="-1439" lat="48.7595294" lon="11.4429316" visible="true" />
  <node id="-1440" lat="48.7594431" lon="11.4428532" visible="true" />
  <node id="-1441" lat="48.7593839" lon="11.4430032" visible="true" />
  <node id="-1442" lat="48.7593663" lon="11.4429872" visible="true" />
  <node id="-1443" lat="48.7593273" lon="11.4430858" visible="true" />
  <node id="-1444" lat="48.7594020" lon="11.4431537" visible="true" />
  <node id="-1445" lat="48.7594369" lon="11.4430652" visible="true" />
  <node id="-1446" lat="48.7594413" lon="11.4430540" visible="true" />
  <node id="-1447" lat="48.7594706" lon="11.4430806" visible="true" />
  <node id="-1448" lat="48.7590959" lon="11.4430186" visible="true" />
  <node id="-1449" lat="48.7590300" lon="11.4429578" visible="true" />
  <node id="-1450" lat="48.7590167" lon="11.4429456" visible="true" />
  <node id="-1451" lat="48.7589623" lon="11.4428954" visible="true" />
  <node id="-1452" lat="48.7589233" lon="11.4429928" visible="true" />
  <node id="-1453" lat="48.7589163" lon="11.4430103" visible="true" />
  <node id="-1454" lat="48.7590561" lon="11.4431392" visible="true" />
  <node id="-1455" lat="48.7590681" lon="11.4431092" visible="true" />
  <node id="-1456" lat="48.7591397" lon="11.4431752" visible="true" />
  <node id="-1457" lat="48.7591493" lon="11.4431840" visible="true" />
  <node id="-1458" lat="48.7592365" lon="11.4429662" visible="true" />
  <node id="-1459" lat="48.7592254" lon="11.4429560" visible="true" />
  <node id="-1460" lat="48.7591491" lon="11.4428858" visible="true" />
  <node id="-1461" lat="48.7591337" lon="11.4429243" visible="true" />
  <node id="-1462" lat="48.7591208" lon="11.4429564" visible="true" />
  <node id="-1463" lat="48.7594890" lon="11.4433413" visible="true" />
  <node id="-1464" lat="48.7594159" lon="11.4432733" visible="true" />
  <node id="-1465" lat="48.7593830" lon="11.4432428" visible="true" />
  <node id="-1466" lat="48.7593704" lon="11.4432739" visible="true" />
  <node id="-1467" lat="48.7593414" lon="11.4432470" visible="true" />
  <node id="-1468" lat="48.7592978" lon="11.4432065" visible="true" />
  <node id="-1469" lat="48.7592513" lon="11.4433219" visible="true" />
  <node id="-1470" lat="48.7593277" lon="11.4433929" visible="true" />
  <node id="-1471" lat="48.7593390" lon="11.4433647" visible="true" />
  <node id="-1472" lat="48.7594412" lon="11.4434596" visible="true" />
  <node id="-1473" lat="48.7593425" lon="11.4426829" visible="true" />
  <node id="-1474" lat="48.7592959" lon="11.4427953" visible="true" />
  <node id="-1475" lat="48.7592888" lon="11.4427885" visible="true" />
  <node id="-1476" lat="48.7592360" lon="11.4427381" visible="true" />
  <node id="-1477" lat="48.7592241" lon="11.4427268" visible="true" />
  <node id="-1478" lat="48.7592088" lon="11.4427122" visible="true" />
  <node id="-1479" lat="48.7591698" lon="11.4426750" visible="true" />
  <node id="-1480" lat="48.7591404" lon="11.4427459" visible="true" />
  <node id="-1481" lat="48.7591186" lon="11.4427984" visible="true" />
  <node id="-1482" lat="48.7590870" lon="11.4427683" visible="true" />
  <node id="-1483" lat="48.7590355" lon="11.4427191" visible="true" />
  <node id="-1484" lat="48.7591163" lon="11.4425243" visible="true" />
  <node id="-1485" lat="48.7591917" lon="11.4425963" visible="true" />
  <node id="-1486" lat="48.7592087" lon="11.4425553" visible="true" />
  <node id="-1487" lat="48.7596459" lon="11.4434847" visible="true" />
  <node id="-1488" lat="48.7595589" lon="11.4434030" visible="true" />
  <node id="-1489" lat="48.7595002" lon="11.4435471" visible="true" />
  <node id="-1490" lat="48.7595872" lon="11.4436288" visible="true" />
  <node id="-1491" lat="48.7597808" lon="11.4431654" visible="true" />
  <node id="-1492" lat="48.7596761" lon="11.4430648" visible="true" />
  <node id="-1493" lat="48.7596607" lon="11.4431017" visible="true" />
  <node id="-1494" lat="48.7595745" lon="11.4430188" visible="true" />
  <node id="-1495" lat="48.7595271" lon="11.4431322" visible="true" />
  <node id="-1496" lat="48.7596166" lon="11.4432182" visible="true" />
  <node id="-1497" lat="48.7596286" lon="11.4431896" visible="true" />
  <node id="-1498" lat="48.7597185" lon="11.4432761" visible="true" />
  <node id="-1499" lat="48.7597299" lon="11.4432870" visible="true" />
  <node id="-1500" lat="48.7594006" lon="11.4412641" visible="true" />
  <node id="-1501" lat="48.7595059" lon="11.4409934" visible="true" />
  <node id="-1502" lat="48.7592935" lon="11.4411683" visible="true" />
  <node id="-1503" lat="48.7593988" lon="11.4408976" visible="true" />
  <node id="-1504" lat="48.7593923" lon="11.4420938" visible="true" />
  <node id="-1505" lat="48.7593600" lon="11.4421765" visible="true" />
  <node id="-1506" lat="48.7592830" lon="11.4421074" visible="true" />
  <node id="-1507" lat="48.7593291" lon="11.4419892" visible="true" />
  <node id="-1508" lat="48.7593639" lon="11.4418999" visible="true" />
  <node id="-1509" lat="48.7584059" lon="11.4412789" visible="true" />
  <node id="-1510" lat="48.7584877" lon="11.4410664" visible="true" />
  <node id="-1511" lat="48.7586253" lon="11.4411965" visible="true" />
  <node id="-1512" lat="48.7585204" lon="11.4414518" visible="true" />
  <node id="-1513" lat="48.7584806" lon="11.4415487" visible="true" />
  <node id="-1514" lat="48.7583910" lon="11.4417669" visible="true" />
  <node id="-1515" lat="48.7583534" lon="11.4418585" visible="true" />
  <node id="-1516" lat="48.7581770" lon="11.4416917" visible="true" />
  <node id="-1517" lat="48.7579767" lon="11.4415024" visible="true" />
  <node id="-1518" lat="48.7581010" lon="11.4411998" visible="true" />
  <node id="-1519" lat="48.7582485" lon="11.4408404" visible="true" />
  <node id="-1520" lat="48.7583757" lon="11.4409606" visible="true" />
  <node id="-1521" lat="48.7582902" lon="11.4411694" visible="true" />
  <node id="-1522" lat="48.7581822" lon="11.4414320" visible="true" />
  <node id="-1523" lat="48.7582383" lon="11.4414850" visible="true" />
  <node id="-1524" lat="48.7582980" lon="11.4415415" visible="true" />
  <node id="-1525" lat="48.7535012" lon="11.4424393" visible="true" />
  <node id="-1526" lat="48.7534415" lon="11.4425928" visible="true" />
  <node id="-1527" lat="48.7533149" lon="11.4424797" visible="true" />
  <node id="-1528" lat="48.7533745" lon="11.4423262" visible="true" />
  <node id="-1529" lat="48.7533209" lon="11.4422616" visible="true" />
  <node id="-1530" lat="48.7532613" lon="11.4424151" visible="true" />
  <node id="-1531" lat="48.7531347" lon="11.4423019" visible="true" />
  <node id="-1532" lat="48.7531943" lon="11.4421485" visible="true" />
  <node id="-1533" lat="48.7553899" lon="11.4433197" visible="true" />
  <node id="-1534" lat="48.7554813" lon="11.4430752" visible="true" />
  <node id="-1535" lat="48.7555787" lon="11.4431590" visible="true" />
  <node id="-1536" lat="48.7554873" lon="11.4434035" visible="true" />
  <node id="-1537" lat="48.7552022" lon="11.4431422" visible="true" />
  <node id="-1538" lat="48.7552936" lon="11.4428978" visible="true" />
  <node id="-1539" lat="48.7553909" lon="11.4429815" visible="true" />
  <node id="-1540" lat="48.7552995" lon="11.4432260" visible="true" />
  <node id="-1541" lat="48.7560699" lon="11.4431185" visible="true" />
  <node id="-1542" lat="48.7559623" lon="11.4434259" visible="true" />
  <node id="-1543" lat="48.7558607" lon="11.4433441" visible="true" />
  <node id="-1544" lat="48.7559684" lon="11.4430367" visible="true" />
  <node id="-1545" lat="48.7558458" lon="11.4418876" visible="true" />
  <node id="-1546" lat="48.7558174" lon="11.4420997" visible="true" />
  <node id="-1547" lat="48.7556771" lon="11.4420564" visible="true" />
  <node id="-1548" lat="48.7557056" lon="11.4418443" visible="true" />
  <node id="-1549" lat="48.7558943" lon="11.4415195" visible="true" />
  <node id="-1550" lat="48.7558684" lon="11.4417290" visible="true" />
  <node id="-1551" lat="48.7557650" lon="11.4416996" visible="true" />
  <node id="-1552" lat="48.7557827" lon="11.4415568" visible="true" />
  <node id="-1553" lat="48.7558035" lon="11.4415627" visible="true" />
  <node id="-1554" lat="48.7558118" lon="11.4414959" visible="true" />
  <node id="-1555" lat="48.7562353" lon="11.4425234" visible="true" />
  <node id="-1556" lat="48.7562150" lon="11.4426102" visible="true" />
  <node id="-1557" lat="48.7560135" lon="11.4425016" visible="true" />
  <node id="-1558" lat="48.7560338" lon="11.4424148" visible="true" />
  <node id="-1559" lat="48.7564206" lon="11.4417009" visible="true" />
  <node id="-1560" lat="48.7563802" lon="11.4421001" visible="true" />
  <node id="-1561" lat="48.7563010" lon="11.4424829" visible="true" />
  <node id="-1562" lat="48.7562001" lon="11.4424383" visible="true" />
  <node id="-1563" lat="48.7562770" lon="11.4420569" visible="true" />
  <node id="-1564" lat="48.7563176" lon="11.4416708" visible="true" />
  <node id="-1565" lat="48.7567403" lon="11.4312361" visible="true" />
  <node id="-1566" lat="48.7568417" lon="11.4312645" visible="true" />
  <node id="-1567" lat="48.7567599" lon="11.4319376" visible="true" />
  <node id="-1568" lat="48.7567339" lon="11.4319303" visible="true" />
  <node id="-1569" lat="48.7567015" lon="11.4319213" visible="true" />
  <node id="-1570" lat="48.7566586" lon="11.4319093" visible="true" />
  <node id="-1571" lat="48.7587048" lon="11.4412442" visible="true" />
  <node id="-1572" lat="48.7586794" lon="11.4413061" visible="true" />
  <node id="-1573" lat="48.7587130" lon="11.4413405" visible="true" />
  <node id="-1574" lat="48.7587375" lon="11.4412786" visible="true" />
  <node id="-1575" lat="48.7590038" lon="11.4415118" visible="true" />
  <node id="-1576" lat="48.7587391" lon="11.4421827" visible="true" />
  <node id="-1577" lat="48.7585721" lon="11.4420310" visible="true" />
  <node id="-1578" lat="48.7588367" lon="11.4413601" visible="true" />
  <node id="-1579" lat="48.7604430" lon="11.4354460" visible="true" />
  <node id="-1580" lat="48.7604527" lon="11.4353951" visible="true" />
  <node id="-1581" lat="48.7602919" lon="11.4353376" visible="true" />
  <node id="-1582" lat="48.7602829" lon="11.4353861" visible="true" />
  <node id="-1583" lat="48.7600529" lon="11.4358896" visible="true" />
  <node id="-1584" lat="48.7600403" lon="11.4359813" visible="true" />
  <node id="-1585" lat="48.7599929" lon="11.4359663" visible="true" />
  <node id="-1586" lat="48.7600056" lon="11.4358746" visible="true" />
  <node id="-1587" lat="48.7600202" lon="11.4358792" visible="true" />
  <node id="-1588" lat="48.7600430" lon="11.4358865" visible="true" />
  <node id="-1589" lat="48.7568545" lon="11.4407547" visible="true" />
  <node id="-1590" lat="48.7567599" lon="11.4407587" visible="true" />
  <node id="-1591" lat="48.7566954" lon="11.4407788" visible="true" />
  <node id="-1592" lat="48.7566476" lon="11.4408325" visible="true" />
  <node id="-1593" lat="48.7566317" lon="11.4408888" visible="true" />
  <node id="-1594" lat="48.7566087" lon="11.4412147" visible="true" />
  <node id="-1595" lat="48.7566363" lon="11.4412194" visible="true" />
  <node id="-1596" lat="48.7567033" lon="11.4412308" visible="true" />
  <node id="-1597" lat="48.7567263" lon="11.4411664" visible="true" />
  <node id="-1598" lat="48.7567281" lon="11.4410457" visible="true" />
  <node id="-1599" lat="48.7567387" lon="11.4410470" visible="true" />
  <node id="-1600" lat="48.7567467" lon="11.4409196" visible="true" />
  <node id="-1601" lat="48.7567926" lon="11.4409505" visible="true" />
  <node id="-1602" lat="48.7568024" lon="11.4409143" visible="true" />
  <node id="-1603" lat="48.7567732" lon="11.4408740" visible="true" />
  <node id="-1604" lat="48.7568572" lon="11.4408714" visible="true" />
  <node id="-1605" lat="48.7538308" lon="11.4411754" visible="true" />
  <node id="-1606" lat="48.7539711" lon="11.4413179" visible="true" />
  <node id="-1607" lat="48.7539413" lon="11.4413854" visible="true" />
  <node id="-1608" lat="48.7538010" lon="11.4412429" visible="true" />
  <node id="-1609" lat="48.7537692" lon="11.4413212" visible="true" />
  <node id="-1610" lat="48.7539095" lon="11.4414638" visible="true" />
  <node id="-1611" lat="48.7538797" lon="11.4415313" visible="true" />
  <node id="-1612" lat="48.7537394" lon="11.4413887" visible="true" />
  <node id="-1613" lat="48.7540461" lon="11.4406935" visible="true" />
  <node id="-1614" lat="48.7541466" lon="11.4407355" visible="true" />
  <node id="-1615" lat="48.7541327" lon="11.4408123" visible="true" />
  <node id="-1616" lat="48.7540322" lon="11.4407704" visible="true" />
  <node id="-1617" lat="48.7540226" lon="11.4408573" visible="true" />
  <node id="-1618" lat="48.7541231" lon="11.4408992" visible="true" />
  <node id="-1619" lat="48.7541092" lon="11.4409760" visible="true" />
  <node id="-1620" lat="48.7540087" lon="11.4409341" visible="true" />
  <node id="-1621" lat="48.7601480" lon="11.4435996" visible="true" />
  <node id="-1622" lat="48.7600466" lon="11.4435063" visible="true" />
  <node id="-1623" lat="48.7600351" lon="11.4435351" visible="true" />
  <node id="-1624" lat="48.7599592" lon="11.4434652" visible="true" />
  <node id="-1625" lat="48.7600063" lon="11.4433474" visible="true" />
  <node id="-1626" lat="48.7600775" lon="11.4434129" visible="true" />
  <node id="-1627" lat="48.7600854" lon="11.4433930" visible="true" />
  <node id="-1628" lat="48.7600909" lon="11.4433794" visible="true" />
  <node id="-1629" lat="48.7601970" lon="11.4434770" visible="true" />
  <node id="-1630" lat="48.7599831" lon="11.4439890" visible="true" />
  <node id="-1631" lat="48.7598989" lon="11.4439117" visible="true" />
  <node id="-1632" lat="48.7599612" lon="11.4437552" visible="true" />
  <node id="-1633" lat="48.7599440" lon="11.4437394" visible="true" />
  <node id="-1634" lat="48.7599983" lon="11.4436029" visible="true" />
  <node id="-1635" lat="48.7600833" lon="11.4436808" visible="true" />
  <node id="-1636" lat="48.7600306" lon="11.4438133" visible="true" />
  <node id="-1637" lat="48.7600471" lon="11.4438284" visible="true" />
  <node id="-1638" lat="48.7598495" lon="11.4438466" visible="true" />
  <node id="-1639" lat="48.7597477" lon="11.4437526" visible="true" />
  <node id="-1640" lat="48.7597399" lon="11.4437719" visible="true" />
  <node id="-1641" lat="48.7596744" lon="11.4437113" visible="true" />
  <node id="-1642" lat="48.7597201" lon="11.4435975" visible="true" />
  <node id="-1643" lat="48.7597822" lon="11.4436549" visible="true" />
  <node id="-1644" lat="48.7597954" lon="11.4436220" visible="true" />
  <node id="-1645" lat="48.7599007" lon="11.4437193" visible="true" />
  <node id="-1646" lat="48.7598693" lon="11.4435343" visible="true" />
  <node id="-1647" lat="48.7597949" lon="11.4434642" visible="true" />
  <node id="-1648" lat="48.7598365" lon="11.4433626" visible="true" />
  <node id="-1649" lat="48.7598244" lon="11.4433512" visible="true" />
  <node id="-1650" lat="48.7598892" lon="11.4431927" visible="true" />
  <node id="-1651" lat="48.7599696" lon="11.4432684" visible="true" />
  <node id="-1652" lat="48.7599044" lon="11.4434276" visible="true" />
  <node id="-1653" lat="48.7599106" lon="11.4434334" visible="true" />
  <node id="-1654" lat="48.7597991" lon="11.4411336" visible="true" />
  <node id="-1655" lat="48.7598116" lon="11.4411019" visible="true" />
  <node id="-1656" lat="48.7598493" lon="11.4411361" visible="true" />
  <node id="-1657" lat="48.7598368" lon="11.4411678" visible="true" />
  <node id="-1658" lat="48.7598876" lon="11.4411707" visible="true" />
  <node id="-1659" lat="48.7598751" lon="11.4412025" visible="true" />
  <node id="-1660" lat="48.7595769" lon="11.4409257" visible="true" />
  <node id="-1661" lat="48.7595900" lon="11.4408926" visible="true" />
  <node id="-1662" lat="48.7596279" lon="11.4409269" visible="true" />
  <node id="-1663" lat="48.7596148" lon="11.4409601" visible="true" />
  <node id="-1664" lat="48.7592348" lon="11.4408827" visible="true" />
  <node id="-1665" lat="48.7592483" lon="11.4408495" visible="true" />
  <node id="-1666" lat="48.7592839" lon="11.4408827" visible="true" />
  <node id="-1667" lat="48.7592704" lon="11.4409161" visible="true" />
  <node id="-1668" lat="48.7621555" lon="11.4409802" visible="true" />
  <node id="-1669" lat="48.7621336" lon="11.4407641" visible="true" />
  <node id="-1670" lat="48.7621257" lon="11.4406869" visible="true" />
  <node id="-1671" lat="48.7619659" lon="11.4407241" visible="true" />
  <node id="-1672" lat="48.7619957" lon="11.4410174" visible="true" />
  <node id="-1673" lat="48.7618180" lon="11.4421313" visible="true" />
  <node id="-1674" lat="48.7617184" lon="11.4421909" visible="true" />
  <node id="-1675" lat="48.7616022" lon="11.4417442" visible="true" />
  <node id="-1676" lat="48.7615791" lon="11.4417580" visible="true" />
  <node id="-1677" lat="48.7615152" lon="11.4415124" visible="true" />
  <node id="-1678" lat="48.7616142" lon="11.4414531" visible="true" />
  <node id="-1679" lat="48.7616752" lon="11.4416874" visible="true" />
  <node id="-1680" lat="48.7616988" lon="11.4416732" visible="true" />
  <node id="-1681" lat="48.7586533" lon="11.4332421" visible="true" />
  <node id="-1682" lat="48.7586403" lon="11.4335742" visible="true" />
  <node id="-1683" lat="48.7583509" lon="11.4367632" visible="true" />
  <node id="-1684" lat="48.7583331" lon="11.4367505" visible="true" />
  <node id="-1685" lat="48.7583139" lon="11.4367441" visible="true" />
  <node id="-1686" lat="48.7582942" lon="11.4367444" visible="true" />
  <node id="-1687" lat="48.7582751" lon="11.4367512" visible="true" />
  <node id="-1688" lat="48.7582574" lon="11.4367643" visible="true" />
  <node id="-1689" lat="48.7582422" lon="11.4367831" visible="true" />
  <node id="-1690" lat="48.7582300" lon="11.4368065" visible="true" />
  <node id="-1691" lat="48.7582216" lon="11.4368334" visible="true" />
  <node id="-1692" lat="48.7582174" lon="11.4368624" visible="true" />
  <node id="-1693" lat="48.7582176" lon="11.4368922" visible="true" />
  <node id="-1694" lat="48.7582221" lon="11.4369211" visible="true" />
  <node id="-1695" lat="48.7582308" lon="11.4369478" visible="true" />
  <node id="-1696" lat="48.7582432" lon="11.4369709" visible="true" />
  <node id="-1697" lat="48.7582586" lon="11.4369893" visible="true" />
  <node id="-1698" lat="48.7582408" lon="11.4369766" visible="true" />
  <node id="-1699" lat="48.7582216" lon="11.4369702" visible="true" />
  <node id="-1700" lat="48.7582020" lon="11.4369704" visible="true" />
  <node id="-1701" lat="48.7581828" lon="11.4369773" visible="true" />
  <node id="-1702" lat="48.7581652" lon="11.4369904" visible="true" />
  <node id="-1703" lat="48.7581499" lon="11.4370091" visible="true" />
  <node id="-1704" lat="48.7581378" lon="11.4370325" visible="true" />
  <node id="-1705" lat="48.7581294" lon="11.4370594" visible="true" />
  <node id="-1706" lat="48.7581252" lon="11.4370885" visible="true" />
  <node id="-1707" lat="48.7581253" lon="11.4371182" visible="true" />
  <node id="-1708" lat="48.7581298" lon="11.4371472" visible="true" />
  <node id="-1709" lat="48.7581385" lon="11.4371739" visible="true" />
  <node id="-1710" lat="48.7581509" lon="11.4371970" visible="true" />
  <node id="-1711" lat="48.7581664" lon="11.4372153" visible="true" />
  <node id="-1712" lat="48.7582648" lon="11.4373071" visible="true" />
  <node id="-1713" lat="48.7588450" lon="11.4378489" visible="true" />
  <node id="-1714" lat="48.7589220" lon="11.4379208" visible="true" />
  <node id="-1715" lat="48.7589634" lon="11.4378193" visible="true" />
  <node id="-1716" lat="48.7590663" lon="11.4375673" visible="true" />
  <node id="-1717" lat="48.7591065" lon="11.4374687" visible="true" />
  <node id="-1718" lat="48.7622046" lon="11.4406686" visible="true" />
  <node id="-1719" lat="48.7622124" lon="11.4407457" visible="true" />
  <node id="-1720" lat="48.7621582" lon="11.4380190" visible="true" />
  <node id="-1721" lat="48.7622239" lon="11.4380253" visible="true" />
  <node id="-1722" lat="48.7623892" lon="11.4377161" visible="true" />
  <node id="-1723" lat="48.7623238" lon="11.4377288" visible="true" />
  <node id="-1724" lat="48.7623275" lon="11.4377718" visible="true" />
  <node id="-1725" lat="48.7623929" lon="11.4377590" visible="true" />
  <node id="-1726" lat="48.7621827" lon="11.4377627" visible="true" />
  <node id="-1727" lat="48.7620094" lon="11.4378019" visible="true" />
  <node id="-1728" lat="48.7620191" lon="11.4379001" visible="true" />
  <node id="-1729" lat="48.7621924" lon="11.4378608" visible="true" />
  <node id="-1730" lat="48.7619519" lon="11.4380539" visible="true" />
  <node id="-1731" lat="48.7619475" lon="11.4381484" visible="true" />
  <node id="-1732" lat="48.7620425" lon="11.4381585" visible="true" />
  <node id="-1733" lat="48.7620469" lon="11.4380641" visible="true" />
  <node id="-1734" lat="48.7617342" lon="11.4380368" visible="true" />
  <node id="-1735" lat="48.7617319" lon="11.4381292" visible="true" />
  <node id="-1736" lat="48.7618044" lon="11.4381332" visible="true" />
  <node id="-1737" lat="48.7618066" lon="11.4380409" visible="true" />
  <node id="-1738" lat="48.7593650" lon="11.4389341" visible="true" />
  <node id="-1739" lat="48.7593731" lon="11.4389490" visible="true" />
  <node id="-1740" lat="48.7593757" lon="11.4389679" visible="true" />
  <node id="-1741" lat="48.7593734" lon="11.4389894" visible="true" />
  <node id="-1742" lat="48.7593579" lon="11.4390288" visible="true" />
  <node id="-1743" lat="48.7594878" lon="11.4391428" visible="true" />
  <node id="-1744" lat="48.7596162" lon="11.4392556" visible="true" />
  <node id="-1745" lat="48.7595124" lon="11.4395446" visible="true" />
  <node id="-1746" lat="48.7594363" lon="11.4394827" visible="true" />
  <node id="-1747" lat="48.7594162" lon="11.4395344" visible="true" />
  <node id="-1748" lat="48.7594064" lon="11.4395451" visible="true" />
  <node id="-1749" lat="48.7593968" lon="11.4395469" visible="true" />
  <node id="-1750" lat="48.7593865" lon="11.4395416" visible="true" />
  <node id="-1751" lat="48.7590865" lon="11.4392891" visible="true" />
  <node id="-1752" lat="48.7590790" lon="11.4392758" visible="true" />
  <node id="-1753" lat="48.7590778" lon="11.4392562" visible="true" />
  <node id="-1754" lat="48.7590804" lon="11.4392375" visible="true" />
  <node id="-1755" lat="48.7591284" lon="11.4391079" visible="true" />
  <node id="-1756" lat="48.7590216" lon="11.4390127" visible="true" />
  <node id="-1757" lat="48.7590158" lon="11.4390020" visible="true" />
  <node id="-1758" lat="48.7590138" lon="11.4389881" visible="true" />
  <node id="-1759" lat="48.7590146" lon="11.4389732" visible="true" />
  <node id="-1760" lat="48.7591041" lon="11.4387432" visible="true" />
  <node id="-1761" lat="48.7591146" lon="11.4387302" visible="true" />
  <node id="-1762" lat="48.7591281" lon="11.4387276" visible="true" />
  <node id="-1763" lat="48.7591422" lon="11.4387331" visible="true" />
  <node id="-1764" lat="48.7556033" lon="11.4317219" visible="true" />
  <node id="-1765" lat="48.7555591" lon="11.4317266" visible="true" />
  <node id="-1766" lat="48.7555619" lon="11.4317861" visible="true" />
  <node id="-1767" lat="48.7556060" lon="11.4317814" visible="true" />
  <node id="-1768" lat="48.7554558" lon="11.4316988" visible="true" />
  <node id="-1769" lat="48.7554085" lon="11.4317063" visible="true" />
  <node id="-1770" lat="48.7554103" lon="11.4317320" visible="true" />
  <node id="-1771" lat="48.7554214" lon="11.4317302" visible="true" />
  <node id="-1772" lat="48.7554267" lon="11.4318067" visible="true" />
  <node id="-1773" lat="48.7554628" lon="11.4318009" visible="true" />
  <node id="-1774" lat="48.7556307" lon="11.4318754" visible="true" />
  <node id="-1775" lat="48.7555781" lon="11.4318799" visible="true" />
  <node id="-1776" lat="48.7555803" lon="11.4319416" visible="true" />
  <node id="-1777" lat="48.7556330" lon="11.4319371" visible="true" />
  <node id="-1778" lat="48.7555079" lon="11.4321905" visible="true" />
  <node id="-1779" lat="48.7554574" lon="11.4321956" visible="true" />
  <node id="-1780" lat="48.7554595" lon="11.4322430" visible="true" />
  <node id="-1781" lat="48.7555100" lon="11.4322379" visible="true" />
  <node id="-1782" lat="48.7556795" lon="11.4323596" visible="true" />
  <node id="-1783" lat="48.7556320" lon="11.4323647" visible="true" />
  <node id="-1784" lat="48.7556352" lon="11.4324313" visible="true" />
  <node id="-1785" lat="48.7556827" lon="11.4324261" visible="true" />
  <node id="-1786" lat="48.7555152" lon="11.4323911" visible="true" />
  <node id="-1787" lat="48.7554794" lon="11.4323965" visible="true" />
  <node id="-1788" lat="48.7554849" lon="11.4324792" visible="true" />
  <node id="-1789" lat="48.7555207" lon="11.4324737" visible="true" />
  <node id="-1790" lat="48.7555145" lon="11.4325618" visible="true" />
  <node id="-1791" lat="48.7554562" lon="11.4325690" visible="true" />
  <node id="-1792" lat="48.7554594" lon="11.4326282" visible="true" />
  <node id="-1793" lat="48.7555177" lon="11.4326210" visible="true" />
  <node id="-1794" lat="48.7555960" lon="11.4326809" visible="true" />
  <node id="-1795" lat="48.7555448" lon="11.4326865" visible="true" />
  <node id="-1796" lat="48.7555467" lon="11.4327272" visible="true" />
  <node id="-1797" lat="48.7555979" lon="11.4327216" visible="true" />
  <node id="-1798" lat="48.7555940" lon="11.4327357" visible="true" />
  <node id="-1799" lat="48.7555499" lon="11.4327403" visible="true" />
  <node id="-1800" lat="48.7555540" lon="11.4328316" visible="true" />
  <node id="-1801" lat="48.7555981" lon="11.4328271" visible="true" />
  <node id="-1802" lat="48.7555289" lon="11.4327830" visible="true" />
  <node id="-1803" lat="48.7554937" lon="11.4327880" visible="true" />
  <node id="-1804" lat="48.7554980" lon="11.4328573" visible="true" />
  <node id="-1805" lat="48.7555331" lon="11.4328523" visible="true" />
  <node id="-1806" lat="48.7551984" lon="11.4328350" visible="true" />
  <node id="-1807" lat="48.7551595" lon="11.4328391" visible="true" />
  <node id="-1808" lat="48.7551641" lon="11.4329375" visible="true" />
  <node id="-1809" lat="48.7552277" lon="11.4329307" visible="true" />
  <node id="-1810" lat="48.7552244" lon="11.4328599" visible="true" />
  <node id="-1811" lat="48.7551997" lon="11.4328626" visible="true" />
  <node id="-1812" lat="48.7555545" lon="11.4329774" visible="true" />
  <node id="-1813" lat="48.7555216" lon="11.4329854" visible="true" />
  <node id="-1814" lat="48.7555320" lon="11.4330851" visible="true" />
  <node id="-1815" lat="48.7555649" lon="11.4330772" visible="true" />
  <node id="-1816" lat="48.7555673" lon="11.4331361" visible="true" />
  <node id="-1817" lat="48.7555233" lon="11.4331416" visible="true" />
  <node id="-1818" lat="48.7555281" lon="11.4332300" visible="true" />
  <node id="-1819" lat="48.7555721" lon="11.4332245" visible="true" />
  <node id="-1820" lat="48.7557015" lon="11.4330639" visible="true" />
  <node id="-1821" lat="48.7556610" lon="11.4330632" visible="true" />
  <node id="-1822" lat="48.7556605" lon="11.4331277" visible="true" />
  <node id="-1823" lat="48.7557010" lon="11.4331284" visible="true" />
  <node id="-1824" lat="48.7555820" lon="11.4333812" visible="true" />
  <node id="-1825" lat="48.7555378" lon="11.4333856" visible="true" />
  <node id="-1826" lat="48.7555416" lon="11.4334728" visible="true" />
  <node id="-1827" lat="48.7555857" lon="11.4334684" visible="true" />
  <node id="-1828" lat="48.7556303" lon="11.4334165" visible="true" />
  <node id="-1829" lat="48.7555862" lon="11.4334212" visible="true" />
  <node id="-1830" lat="48.7555890" lon="11.4334807" visible="true" />
  <node id="-1831" lat="48.7556331" lon="11.4334760" visible="true" />
  <node id="-1832" lat="48.7556203" lon="11.4334836" visible="true" />
  <node id="-1833" lat="48.7555951" lon="11.4334864" visible="true" />
  <node id="-1834" lat="48.7555974" lon="11.4335319" visible="true" />
  <node id="-1835" lat="48.7556226" lon="11.4335290" visible="true" />
  <node id="-1836" lat="48.7556548" lon="11.4337983" visible="true" />
  <node id="-1837" lat="48.7556109" lon="11.4338025" visible="true" />
  <node id="-1838" lat="48.7556132" lon="11.4338585" visible="true" />
  <node id="-1839" lat="48.7556572" lon="11.4338542" visible="true" />
  <node id="-1840" lat="48.7556363" lon="11.4339224" visible="true" />
  <node id="-1841" lat="48.7555983" lon="11.4339277" visible="true" />
  <node id="-1842" lat="48.7556016" lon="11.4339827" visible="true" />
  <node id="-1843" lat="48.7556396" lon="11.4339775" visible="true" />
  <node id="-1844" lat="48.7556591" lon="11.4344080" visible="true" />
  <node id="-1845" lat="48.7556217" lon="11.4344052" visible="true" />
  <node id="-1846" lat="48.7556180" lon="11.4345209" visible="true" />
  <node id="-1847" lat="48.7556479" lon="11.4345232" visible="true" />
  <node id="-1848" lat="48.7556494" lon="11.4344753" visible="true" />
  <node id="-1849" lat="48.7556569" lon="11.4344758" visible="true" />
  <node id="-1850" lat="48.7555577" lon="11.4343996" visible="true" />
  <node id="-1851" lat="48.7554572" lon="11.4343677" visible="true" />
  <node id="-1852" lat="48.7554411" lon="11.4344847" visible="true" />
  <node id="-1853" lat="48.7555203" lon="11.4345098" visible="true" />
  <node id="-1854" lat="48.7555238" lon="11.4344846" visible="true" />
  <node id="-1855" lat="48.7555450" lon="11.4344913" visible="true" />
  <node id="-1856" lat="48.7552591" lon="11.4341747" visible="true" />
  <node id="-1857" lat="48.7552284" lon="11.4341793" visible="true" />
  <node id="-1858" lat="48.7552368" lon="11.4343075" visible="true" />
  <node id="-1859" lat="48.7552837" lon="11.4343004" visible="true" />
  <node id="-1860" lat="48.7552783" lon="11.4342184" visible="true" />
  <node id="-1861" lat="48.7552622" lon="11.4342209" visible="true" />
  <node id="-1862" lat="48.7552141" lon="11.4341851" visible="true" />
  <node id="-1863" lat="48.7551875" lon="11.4341883" visible="true" />
  <node id="-1864" lat="48.7551894" lon="11.4342250" visible="true" />
  <node id="-1865" lat="48.7550781" lon="11.4342382" visible="true" />
  <node id="-1866" lat="48.7550846" lon="11.4343645" visible="true" />
  <node id="-1867" lat="48.7552226" lon="11.4343481" visible="true" />
  <node id="-1868" lat="48.7563577" lon="11.4348805" visible="true" />
  <node id="-1869" lat="48.7563023" lon="11.4348633" visible="true" />
  <node id="-1870" lat="48.7562911" lon="11.4349462" visible="true" />
  <node id="-1871" lat="48.7563465" lon="11.4349634" visible="true" />
  <node id="-1872" lat="48.7561491" lon="11.4341285" visible="true" />
  <node id="-1873" lat="48.7560818" lon="11.4341553" visible="true" />
  <node id="-1874" lat="48.7560800" lon="11.4341444" visible="true" />
  <node id="-1875" lat="48.7560560" lon="11.4341539" visible="true" />
  <node id="-1876" lat="48.7560668" lon="11.4342167" visible="true" />
  <node id="-1877" lat="48.7561326" lon="11.4341905" visible="true" />
  <node id="-1878" lat="48.7561349" lon="11.4342040" visible="true" />
  <node id="-1879" lat="48.7561604" lon="11.4341938" visible="true" />
  <node id="-1880" lat="48.7562355" lon="11.4338519" visible="true" />
  <node id="-1881" lat="48.7561725" lon="11.4338870" visible="true" />
  <node id="-1882" lat="48.7561860" lon="11.4339429" visible="true" />
  <node id="-1883" lat="48.7562490" lon="11.4339078" visible="true" />
  <node id="-1884" lat="48.7562096" lon="11.4337423" visible="true" />
  <node id="-1885" lat="48.7561601" lon="11.4337667" visible="true" />
  <node id="-1886" lat="48.7561713" lon="11.4338188" visible="true" />
  <node id="-1887" lat="48.7562208" lon="11.4337944" visible="true" />
  <node id="-1888" lat="48.7561782" lon="11.4334548" visible="true" />
  <node id="-1889" lat="48.7561058" lon="11.4334840" visible="true" />
  <node id="-1890" lat="48.7561193" lon="11.4335613" visible="true" />
  <node id="-1891" lat="48.7561595" lon="11.4335451" visible="true" />
  <node id="-1892" lat="48.7561550" lon="11.4335194" visible="true" />
  <node id="-1893" lat="48.7561873" lon="11.4335065" visible="true" />
  <node id="-1894" lat="48.7561883" lon="11.4333128" visible="true" />
  <node id="-1895" lat="48.7561334" lon="11.4333375" visible="true" />
  <node id="-1896" lat="48.7561417" lon="11.4333800" visible="true" />
  <node id="-1897" lat="48.7561966" lon="11.4333553" visible="true" />
  <node id="-1898" lat="48.7560396" lon="11.4332024" visible="true" />
  <node id="-1899" lat="48.7559798" lon="11.4332244" visible="true" />
  <node id="-1900" lat="48.7559885" lon="11.4332784" visible="true" />
  <node id="-1901" lat="48.7560483" lon="11.4332563" visible="true" />
  <node id="-1902" lat="48.7565278" lon="11.4349477" visible="true" />
  <node id="-1903" lat="48.7564677" lon="11.4349590" visible="true" />
  <node id="-1904" lat="48.7564756" lon="11.4350560" visible="true" />
  <node id="-1905" lat="48.7565295" lon="11.4350460" visible="true" />
  <node id="-1906" lat="48.7565241" lon="11.4349802" visible="true" />
  <node id="-1907" lat="48.7565303" lon="11.4349790" visible="true" />
  <node id="-1908" lat="48.7566304" lon="11.4349736" visible="true" />
  <node id="-1909" lat="48.7565792" lon="11.4349813" visible="true" />
  <node id="-1910" lat="48.7565841" lon="11.4350557" visible="true" />
  <node id="-1911" lat="48.7566028" lon="11.4350529" visible="true" />
  <node id="-1912" lat="48.7566039" lon="11.4350693" visible="true" />
  <node id="-1913" lat="48.7566218" lon="11.4350666" visible="true" />
  <node id="-1914" lat="48.7566208" lon="11.4350520" visible="true" />
  <node id="-1915" lat="48.7566354" lon="11.4350498" visible="true" />
  <node id="-1916" lat="48.7567272" lon="11.4349143" visible="true" />
  <node id="-1917" lat="48.7566795" lon="11.4349153" visible="true" />
  <node id="-1918" lat="48.7566802" lon="11.4349939" visible="true" />
  <node id="-1919" lat="48.7567279" lon="11.4349929" visible="true" />
  <node id="-1920" lat="48.7565938" lon="11.4345289" visible="true" />
  <node id="-1921" lat="48.7565522" lon="11.4345453" visible="true" />
  <node id="-1922" lat="48.7565608" lon="11.4345928" visible="true" />
  <node id="-1923" lat="48.7566024" lon="11.4345764" visible="true" />
  <node id="-1924" lat="48.7565502" lon="11.4343025" visible="true" />
  <node id="-1925" lat="48.7564942" lon="11.4343277" visible="true" />
  <node id="-1926" lat="48.7565069" lon="11.4343927" visible="true" />
  <node id="-1927" lat="48.7565629" lon="11.4343674" visible="true" />
  <node id="-1928" lat="48.7565521" lon="11.4341395" visible="true" />
  <node id="-1929" lat="48.7564817" lon="11.4341662" visible="true" />
  <node id="-1930" lat="48.7564905" lon="11.4342197" visible="true" />
  <node id="-1931" lat="48.7565270" lon="11.4342059" visible="true" />
  <node id="-1932" lat="48.7565314" lon="11.4342325" visible="true" />
  <node id="-1933" lat="48.7565653" lon="11.4342196" visible="true" />
  <node id="-1934" lat="48.7565992" lon="11.4338565" visible="true" />
  <node id="-1935" lat="48.7565404" lon="11.4338813" visible="true" />
  <node id="-1936" lat="48.7565535" lon="11.4339527" visible="true" />
  <node id="-1937" lat="48.7565966" lon="11.4339345" visible="true" />
  <node id="-1938" lat="48.7565924" lon="11.4339116" visible="true" />
  <node id="-1939" lat="48.7566081" lon="11.4339050" visible="true" />
  <node id="-1940" lat="48.7565624" lon="11.4336887" visible="true" />
  <node id="-1941" lat="48.7564715" lon="11.4337304" visible="true" />
  <node id="-1942" lat="48.7564832" lon="11.4337892" visible="true" />
  <node id="-1943" lat="48.7565209" lon="11.4337719" visible="true" />
  <node id="-1944" lat="48.7565260" lon="11.4337975" visible="true" />
  <node id="-1945" lat="48.7565792" lon="11.4337731" visible="true" />
  <node id="-1946" lat="48.7565272" lon="11.4335593" visible="true" />
  <node id="-1947" lat="48.7564624" lon="11.4335903" visible="true" />
  <node id="-1948" lat="48.7564778" lon="11.4336641" visible="true" />
  <node id="-1949" lat="48.7565426" lon="11.4336331" visible="true" />
  <node id="-1950" lat="48.7565092" lon="11.4334941" visible="true" />
  <node id="-1951" lat="48.7564596" lon="11.4335156" visible="true" />
  <node id="-1952" lat="48.7564715" lon="11.4335783" visible="true" />
  <node id="-1953" lat="48.7565210" lon="11.4335568" visible="true" />
  <node id="-1954" lat="48.7565001" lon="11.4333278" visible="true" />
  <node id="-1955" lat="48.7564383" lon="11.4333142" visible="true" />
  <node id="-1956" lat="48.7564317" lon="11.4333837" visible="true" />
  <node id="-1957" lat="48.7564935" lon="11.4333972" visible="true" />
  <node id="-1958" lat="48.7568236" lon="11.4336255" visible="true" />
  <node id="-1959" lat="48.7567869" lon="11.4336095" visible="true" />
  <node id="-1960" lat="48.7567736" lon="11.4336793" visible="true" />
  <node id="-1961" lat="48.7568104" lon="11.4336954" visible="true" />
  <node id="-1962" lat="48.7569265" lon="11.4337049" visible="true" />
  <node id="-1963" lat="48.7568602" lon="11.4336756" visible="true" />
  <node id="-1964" lat="48.7568494" lon="11.4337322" visible="true" />
  <node id="-1965" lat="48.7568888" lon="11.4337496" visible="true" />
  <node id="-1966" lat="48.7568854" lon="11.4337676" visible="true" />
  <node id="-1967" lat="48.7569122" lon="11.4337795" visible="true" />
  <node id="-1968" lat="48.7570159" lon="11.4337317" visible="true" />
  <node id="-1969" lat="48.7569479" lon="11.4337038" visible="true" />
  <node id="-1970" lat="48.7569366" lon="11.4337670" visible="true" />
  <node id="-1971" lat="48.7570047" lon="11.4337949" visible="true" />
  <node id="-1972" lat="48.7570861" lon="11.4336915" visible="true" />
  <node id="-1973" lat="48.7570386" lon="11.4336722" visible="true" />
  <node id="-1974" lat="48.7570312" lon="11.4337137" visible="true" />
  <node id="-1975" lat="48.7570387" lon="11.4337168" visible="true" />
  <node id="-1976" lat="48.7570318" lon="11.4337555" visible="true" />
  <node id="-1977" lat="48.7570719" lon="11.4337717" visible="true" />
  <node id="-1978" lat="48.7572385" lon="11.4335284" visible="true" />
  <node id="-1979" lat="48.7571998" lon="11.4335076" visible="true" />
  <node id="-1980" lat="48.7571815" lon="11.4335856" visible="true" />
  <node id="-1981" lat="48.7572202" lon="11.4336065" visible="true" />
  <node id="-1982" lat="48.7573825" lon="11.4335952" visible="true" />
  <node id="-1983" lat="48.7573385" lon="11.4335658" visible="true" />
  <node id="-1984" lat="48.7573230" lon="11.4336191" visible="true" />
  <node id="-1985" lat="48.7573670" lon="11.4336486" visible="true" />
  <node id="-1986" lat="48.7575852" lon="11.4337763" visible="true" />
  <node id="-1987" lat="48.7575322" lon="11.4337425" visible="true" />
  <node id="-1988" lat="48.7575141" lon="11.4338078" visible="true" />
  <node id="-1989" lat="48.7575671" lon="11.4338416" visible="true" />
  <node id="-1990" lat="48.7571549" lon="11.4339618" visible="true" />
  <node id="-1991" lat="48.7571255" lon="11.4339502" visible="true" />
  <node id="-1992" lat="48.7571106" lon="11.4340366" visible="true" />
  <node id="-1993" lat="48.7571400" lon="11.4340482" visible="true" />
  <node id="-1994" lat="48.7573302" lon="11.4339490" visible="true" />
  <node id="-1995" lat="48.7572876" lon="11.4339333" visible="true" />
  <node id="-1996" lat="48.7572759" lon="11.4340065" visible="true" />
  <node id="-1997" lat="48.7573184" lon="11.4340222" visible="true" />
  <node id="-1998" lat="48.7574157" lon="11.4340805" visible="true" />
  <node id="-1999" lat="48.7573807" lon="11.4340660" visible="true" />
  <node id="-2000" lat="48.7573668" lon="11.4341430" visible="true" />
  <node id="-2001" lat="48.7574018" lon="11.4341575" visible="true" />
  <node id="-2002" lat="48.7575835" lon="11.4342089" visible="true" />
  <node id="-2003" lat="48.7575380" lon="11.4341905" visible="true" />
  <node id="-2004" lat="48.7575173" lon="11.4343081" visible="true" />
  <node id="-2005" lat="48.7575628" lon="11.4343265" visible="true" />
  <node id="-2006" lat="48.7576867" lon="11.4341552" visible="true" />
  <node id="-2007" lat="48.7576410" lon="11.4341382" visible="true" />
  <node id="-2008" lat="48.7576300" lon="11.4342061" visible="true" />
  <node id="-2009" lat="48.7576176" lon="11.4342015" visible="true" />
  <node id="-2010" lat="48.7576131" lon="11.4342291" visible="true" />
  <node id="-2011" lat="48.7576712" lon="11.4342508" visible="true" />
  <node id="-2012" lat="48.7577633" lon="11.4342260" visible="true" />
  <node id="-2013" lat="48.7577323" lon="11.4342137" visible="true" />
  <node id="-2014" lat="48.7577118" lon="11.4343328" visible="true" />
  <node id="-2015" lat="48.7577429" lon="11.4343451" visible="true" />
  <node id="-2016" lat="48.7578467" lon="11.4341372" visible="true" />
  <node id="-2017" lat="48.7578016" lon="11.4341185" visible="true" />
  <node id="-2018" lat="48.7577823" lon="11.4342255" visible="true" />
  <node id="-2019" lat="48.7578404" lon="11.4342496" visible="true" />
  <node id="-2020" lat="48.7578521" lon="11.4341848" visible="true" />
  <node id="-2021" lat="48.7578391" lon="11.4341794" visible="true" />
  <node id="-2022" lat="48.7579134" lon="11.4342482" visible="true" />
  <node id="-2023" lat="48.7578721" lon="11.4342653" visible="true" />
  <node id="-2024" lat="48.7578862" lon="11.4343438" visible="true" />
  <node id="-2025" lat="48.7579275" lon="11.4343267" visible="true" />
  <node id="-2026" lat="48.7578922" lon="11.4340525" visible="true" />
  <node id="-2027" lat="48.7578520" lon="11.4340729" visible="true" />
  <node id="-2028" lat="48.7578678" lon="11.4341445" visible="true" />
  <node id="-2029" lat="48.7579080" lon="11.4341241" visible="true" />
  <node id="-2030" lat="48.7568755" lon="11.4344085" visible="true" />
  <node id="-2031" lat="48.7568308" lon="11.4343957" visible="true" />
  <node id="-2032" lat="48.7568201" lon="11.4344817" visible="true" />
  <node id="-2033" lat="48.7568648" lon="11.4344945" visible="true" />
  <node id="-2034" lat="48.7569639" lon="11.4344992" visible="true" />
  <node id="-2035" lat="48.7569135" lon="11.4344810" visible="true" />
  <node id="-2036" lat="48.7569015" lon="11.4345575" visible="true" />
  <node id="-2037" lat="48.7569519" lon="11.4345756" visible="true" />
  <node id="-2038" lat="48.7570707" lon="11.4345142" visible="true" />
  <node id="-2039" lat="48.7570386" lon="11.4344993" visible="true" />
  <node id="-2040" lat="48.7570201" lon="11.4345538" visible="true" />
  <node id="-2041" lat="48.7570155" lon="11.4345838" visible="true" />
  <node id="-2042" lat="48.7570549" lon="11.4346005" visible="true" />
  <node id="-2043" lat="48.7571689" lon="11.4344558" visible="true" />
  <node id="-2044" lat="48.7571421" lon="11.4344434" visible="true" />
  <node id="-2045" lat="48.7571233" lon="11.4345364" visible="true" />
  <node id="-2046" lat="48.7571501" lon="11.4345489" visible="true" />
  <node id="-2047" lat="48.7573484" lon="11.4344281" visible="true" />
  <node id="-2048" lat="48.7572923" lon="11.4344065" visible="true" />
  <node id="-2049" lat="48.7572786" lon="11.4344880" visible="true" />
  <node id="-2050" lat="48.7573347" lon="11.4345097" visible="true" />
  <node id="-2051" lat="48.7574337" lon="11.4344634" visible="true" />
  <node id="-2052" lat="48.7574074" lon="11.4344503" visible="true" />
  <node id="-2053" lat="48.7573812" lon="11.4345723" visible="true" />
  <node id="-2054" lat="48.7574074" lon="11.4345853" visible="true" />
  <node id="-2055" lat="48.7574831" lon="11.4347124" visible="true" />
  <node id="-2056" lat="48.7574414" lon="11.4346956" visible="true" />
  <node id="-2057" lat="48.7574256" lon="11.4347855" visible="true" />
  <node id="-2058" lat="48.7574673" lon="11.4348024" visible="true" />
  <node id="-2059" lat="48.7574482" lon="11.4348119" visible="true" />
  <node id="-2060" lat="48.7574187" lon="11.4348005" visible="true" />
  <node id="-2061" lat="48.7574120" lon="11.4348404" visible="true" />
  <node id="-2062" lat="48.7574414" lon="11.4348519" visible="true" />
  <node id="-2063" lat="48.7576073" lon="11.4345845" visible="true" />
  <node id="-2064" lat="48.7575605" lon="11.4345616" visible="true" />
  <node id="-2065" lat="48.7575435" lon="11.4346418" visible="true" />
  <node id="-2066" lat="48.7575769" lon="11.4346582" visible="true" />
  <node id="-2067" lat="48.7575843" lon="11.4346233" visible="true" />
  <node id="-2068" lat="48.7575977" lon="11.4346298" visible="true" />
  <node id="-2069" lat="48.7576767" lon="11.4346442" visible="true" />
  <node id="-2070" lat="48.7576314" lon="11.4346238" visible="true" />
  <node id="-2071" lat="48.7576090" lon="11.4347378" visible="true" />
  <node id="-2072" lat="48.7576543" lon="11.4347582" visible="true" />
  <node id="-2073" lat="48.7577424" lon="11.4348112" visible="true" />
  <node id="-2074" lat="48.7577038" lon="11.4347988" visible="true" />
  <node id="-2075" lat="48.7576914" lon="11.4348876" visible="true" />
  <node id="-2076" lat="48.7577300" lon="11.4349000" visible="true" />
  <node id="-2077" lat="48.7578122" lon="11.4348837" visible="true" />
  <node id="-2078" lat="48.7577675" lon="11.4348669" visible="true" />
  <node id="-2079" lat="48.7577538" lon="11.4349508" visible="true" />
  <node id="-2080" lat="48.7577986" lon="11.4349675" visible="true" />
  <node id="-2081" lat="48.7579389" lon="11.4347390" visible="true" />
  <node id="-2082" lat="48.7578844" lon="11.4347100" visible="true" />
  <node id="-2083" lat="48.7578701" lon="11.4347718" visible="true" />
  <node id="-2084" lat="48.7579246" lon="11.4348008" visible="true" />
  <node id="-2085" lat="48.7579225" lon="11.4349298" visible="true" />
  <node id="-2086" lat="48.7578776" lon="11.4349163" visible="true" />
  <node id="-2087" lat="48.7578673" lon="11.4349946" visible="true" />
  <node id="-2088" lat="48.7579030" lon="11.4350054" visible="true" />
  <node id="-2089" lat="48.7579089" lon="11.4349598" visible="true" />
  <node id="-2090" lat="48.7579182" lon="11.4349626" visible="true" />
  <node id="-2091" lat="48.7579428" lon="11.4351977" visible="true" />
  <node id="-2092" lat="48.7579014" lon="11.4351818" visible="true" />
  <node id="-2093" lat="48.7578887" lon="11.4352574" visible="true" />
  <node id="-2094" lat="48.7579301" lon="11.4352733" visible="true" />
  <node id="-2095" lat="48.7568901" lon="11.4350179" visible="true" />
  <node id="-2096" lat="48.7568619" lon="11.4350102" visible="true" />
  <node id="-2097" lat="48.7568572" lon="11.4350493" visible="true" />
  <node id="-2098" lat="48.7568398" lon="11.4350445" visible="true" />
  <node id="-2099" lat="48.7568327" lon="11.4351041" visible="true" />
  <node id="-2100" lat="48.7568784" lon="11.4351166" visible="true" />
  <node id="-2101" lat="48.7569890" lon="11.4349887" visible="true" />
  <node id="-2102" lat="48.7569305" lon="11.4349603" visible="true" />
  <node id="-2103" lat="48.7569180" lon="11.4350192" visible="true" />
  <node id="-2104" lat="48.7569376" lon="11.4350287" visible="true" />
  <node id="-2105" lat="48.7569261" lon="11.4350836" visible="true" />
  <node id="-2106" lat="48.7569650" lon="11.4351025" visible="true" />
  <node id="-2107" lat="48.7570344" lon="11.4349807" visible="true" />
  <node id="-2108" lat="48.7569972" lon="11.4349652" visible="true" />
  <node id="-2109" lat="48.7569717" lon="11.4351059" visible="true" />
  <node id="-2110" lat="48.7570030" lon="11.4351190" visible="true" />
  <node id="-2111" lat="48.7570155" lon="11.4350502" visible="true" />
  <node id="-2112" lat="48.7570213" lon="11.4350526" visible="true" />
  <node id="-2113" lat="48.7571062" lon="11.4350729" visible="true" />
  <node id="-2114" lat="48.7570779" lon="11.4350624" visible="true" />
  <node id="-2115" lat="48.7570684" lon="11.4351216" visible="true" />
  <node id="-2116" lat="48.7570967" lon="11.4351321" visible="true" />
  <node id="-2117" lat="48.7572483" lon="11.4350415" visible="true" />
  <node id="-2118" lat="48.7571995" lon="11.4350227" visible="true" />
  <node id="-2119" lat="48.7571869" lon="11.4350981" visible="true" />
  <node id="-2120" lat="48.7572070" lon="11.4351059" visible="true" />
  <node id="-2121" lat="48.7572019" lon="11.4351363" visible="true" />
  <node id="-2122" lat="48.7572267" lon="11.4351459" visible="true" />
  <node id="-2123" lat="48.7572315" lon="11.4351173" visible="true" />
  <node id="-2124" lat="48.7572353" lon="11.4351188" visible="true" />
  <node id="-2125" lat="48.7573261" lon="11.4350486" visible="true" />
  <node id="-2126" lat="48.7573078" lon="11.4350422" visible="true" />
  <node id="-2127" lat="48.7573044" lon="11.4350644" visible="true" />
  <node id="-2128" lat="48.7572831" lon="11.4350570" visible="true" />
  <node id="-2129" lat="48.7572756" lon="11.4351065" visible="true" />
  <node id="-2130" lat="48.7572963" lon="11.4351137" visible="true" />
  <node id="-2131" lat="48.7572932" lon="11.4351342" visible="true" />
  <node id="-2132" lat="48.7573121" lon="11.4351407" visible="true" />
  <node id="-2133" lat="48.7574172" lon="11.4351331" visible="true" />
  <node id="-2134" lat="48.7573569" lon="11.4351118" visible="true" />
  <node id="-2135" lat="48.7573455" lon="11.4351863" visible="true" />
  <node id="-2136" lat="48.7573603" lon="11.4351915" visible="true" />
  <node id="-2137" lat="48.7573560" lon="11.4352197" visible="true" />
  <node id="-2138" lat="48.7574015" lon="11.4352357" visible="true" />
  <node id="-2139" lat="48.7574585" lon="11.4353675" visible="true" />
  <node id="-2140" lat="48.7574100" lon="11.4353501" visible="true" />
  <node id="-2141" lat="48.7573997" lon="11.4354163" visible="true" />
  <node id="-2142" lat="48.7574482" lon="11.4354337" visible="true" />
  <node id="-2143" lat="48.7575528" lon="11.4351750" visible="true" />
  <node id="-2144" lat="48.7575166" lon="11.4351611" visible="true" />
  <node id="-2145" lat="48.7575083" lon="11.4352108" visible="true" />
  <node id="-2146" lat="48.7575160" lon="11.4352138" visible="true" />
  <node id="-2147" lat="48.7575089" lon="11.4352564" visible="true" />
  <node id="-2148" lat="48.7575374" lon="11.4352674" visible="true" />
  <node id="-2149" lat="48.7577948" lon="11.4356301" visible="true" />
  <node id="-2150" lat="48.7577499" lon="11.4356163" visible="true" />
  <node id="-2151" lat="48.7577412" lon="11.4356815" visible="true" />
  <node id="-2152" lat="48.7577540" lon="11.4356854" visible="true" />
  <node id="-2153" lat="48.7577490" lon="11.4357225" visible="true" />
  <node id="-2154" lat="48.7577813" lon="11.4357323" visible="true" />
  <node id="-2155" lat="48.7578487" lon="11.4356688" visible="true" />
  <node id="-2156" lat="48.7578168" lon="11.4356568" visible="true" />
  <node id="-2157" lat="48.7577986" lon="11.4357691" visible="true" />
  <node id="-2158" lat="48.7578305" lon="11.4357810" visible="true" />
  <node id="-2159" lat="48.7579039" lon="11.4357920" visible="true" />
  <node id="-2160" lat="48.7578823" lon="11.4357832" visible="true" />
  <node id="-2161" lat="48.7578697" lon="11.4358542" visible="true" />
  <node id="-2162" lat="48.7578914" lon="11.4358630" visible="true" />
  <node id="-2163" lat="48.7579813" lon="11.4356715" visible="true" />
  <node id="-2164" lat="48.7579448" lon="11.4356600" visible="true" />
  <node id="-2165" lat="48.7579316" lon="11.4357563" visible="true" />
  <node id="-2166" lat="48.7579681" lon="11.4357678" visible="true" />
  <node id="-2167" lat="48.7580494" lon="11.4356342" visible="true" />
  <node id="-2168" lat="48.7580102" lon="11.4356237" visible="true" />
  <node id="-2169" lat="48.7580076" lon="11.4356454" visible="true" />
  <node id="-2170" lat="48.7579987" lon="11.4356430" visible="true" />
  <node id="-2171" lat="48.7579923" lon="11.4356976" visible="true" />
  <node id="-2172" lat="48.7580087" lon="11.4357020" visible="true" />
  <node id="-2173" lat="48.7580048" lon="11.4357353" visible="true" />
  <node id="-2174" lat="48.7580366" lon="11.4357438" visible="true" />
  <node id="-2175" lat="48.7581645" lon="11.4356231" visible="true" />
  <node id="-2176" lat="48.7581052" lon="11.4356052" visible="true" />
  <node id="-2177" lat="48.7580946" lon="11.4356864" visible="true" />
  <node id="-2178" lat="48.7581388" lon="11.4356997" visible="true" />
  <node id="-2179" lat="48.7581430" lon="11.4356677" visible="true" />
  <node id="-2180" lat="48.7581580" lon="11.4356723" visible="true" />
  <node id="-2181" lat="48.7582918" lon="11.4359939" visible="true" />
  <node id="-2182" lat="48.7582484" lon="11.4359731" visible="true" />
  <node id="-2183" lat="48.7582317" lon="11.4360529" visible="true" />
  <node id="-2184" lat="48.7582751" lon="11.4360738" visible="true" />
  <node id="-2185" lat="48.7583869" lon="11.4359727" visible="true" />
  <node id="-2186" lat="48.7583461" lon="11.4359600" visible="true" />
  <node id="-2187" lat="48.7583298" lon="11.4360813" visible="true" />
  <node id="-2188" lat="48.7583706" lon="11.4360939" visible="true" />
  <node id="-2189" lat="48.7585963" lon="11.4360390" visible="true" />
  <node id="-2190" lat="48.7585443" lon="11.4360251" visible="true" />
  <node id="-2191" lat="48.7585359" lon="11.4360978" visible="true" />
  <node id="-2192" lat="48.7585879" lon="11.4361117" visible="true" />
  <node id="-2193" lat="48.7586827" lon="11.4360495" visible="true" />
  <node id="-2194" lat="48.7586365" lon="11.4360354" visible="true" />
  <node id="-2195" lat="48.7586226" lon="11.4361410" visible="true" />
  <node id="-2196" lat="48.7586688" lon="11.4361551" visible="true" />
  <node id="-2197" lat="48.7588621" lon="11.4362285" visible="true" />
  <node id="-2198" lat="48.7588122" lon="11.4362055" visible="true" />
  <node id="-2199" lat="48.7587954" lon="11.4362893" visible="true" />
  <node id="-2200" lat="48.7588453" lon="11.4363123" visible="true" />
  <node id="-2201" lat="48.7589579" lon="11.4362625" visible="true" />
  <node id="-2202" lat="48.7589158" lon="11.4362419" visible="true" />
  <node id="-2203" lat="48.7588965" lon="11.4363329" visible="true" />
  <node id="-2204" lat="48.7589386" lon="11.4363535" visible="true" />
  <node id="-2205" lat="48.7589268" lon="11.4364107" visible="true" />
  <node id="-2206" lat="48.7588818" lon="11.4363883" visible="true" />
  <node id="-2207" lat="48.7588711" lon="11.4364382" visible="true" />
  <node id="-2208" lat="48.7589161" lon="11.4364605" visible="true" />
  <node id="-2209" lat="48.7590898" lon="11.4363319" visible="true" />
  <node id="-2210" lat="48.7590336" lon="11.4363050" visible="true" />
  <node id="-2211" lat="48.7590209" lon="11.4363662" visible="true" />
  <node id="-2212" lat="48.7590771" lon="11.4363931" visible="true" />
  <node id="-2213" lat="48.7591867" lon="11.4364232" visible="true" />
  <node id="-2214" lat="48.7591500" lon="11.4364045" visible="true" />
  <node id="-2215" lat="48.7591324" lon="11.4364836" visible="true" />
  <node id="-2216" lat="48.7591691" lon="11.4365024" visible="true" />
  <node id="-2217" lat="48.7593072" lon="11.4363217" visible="true" />
  <node id="-2218" lat="48.7592655" lon="11.4363016" visible="true" />
  <node id="-2219" lat="48.7592503" lon="11.4363739" visible="true" />
  <node id="-2220" lat="48.7592593" lon="11.4363782" visible="true" />
  <node id="-2221" lat="48.7592555" lon="11.4363961" visible="true" />
  <node id="-2222" lat="48.7592810" lon="11.4364084" visible="true" />
  <node id="-2223" lat="48.7592845" lon="11.4363917" visible="true" />
  <node id="-2224" lat="48.7592918" lon="11.4363952" visible="true" />
  <node id="-2225" lat="48.7594026" lon="11.4364545" visible="true" />
  <node id="-2226" lat="48.7593586" lon="11.4364345" visible="true" />
  <node id="-2227" lat="48.7593458" lon="11.4364988" visible="true" />
  <node id="-2228" lat="48.7593899" lon="11.4365189" visible="true" />
  <node id="-2229" lat="48.7594689" lon="11.4364886" visible="true" />
  <node id="-2230" lat="48.7594191" lon="11.4364647" visible="true" />
  <node id="-2231" lat="48.7594047" lon="11.4365335" visible="true" />
  <node id="-2232" lat="48.7594546" lon="11.4365574" visible="true" />
  <node id="-2233" lat="48.7595961" lon="11.4365684" visible="true" />
  <node id="-2234" lat="48.7595522" lon="11.4365479" visible="true" />
  <node id="-2235" lat="48.7595344" lon="11.4366352" visible="true" />
  <node id="-2236" lat="48.7595784" lon="11.4366557" visible="true" />
  <node id="-2237" lat="48.7600447" lon="11.4358752" visible="true" />
  <node id="-2238" lat="48.7600465" lon="11.4358627" visible="true" />
  <node id="-2239" lat="48.7600237" lon="11.4358551" visible="true" />
  <node id="-2240" lat="48.7600218" lon="11.4358683" visible="true" />
  <node id="-2241" lat="48.7583964" lon="11.4355972" visible="true" />
  <node id="-2242" lat="48.7583475" lon="11.4355776" visible="true" />
  <node id="-2243" lat="48.7583343" lon="11.4356534" visible="true" />
  <node id="-2244" lat="48.7583832" lon="11.4356730" visible="true" />
  <node id="-2245" lat="48.7585942" lon="11.4356899" visible="true" />
  <node id="-2246" lat="48.7585456" lon="11.4356734" visible="true" />
  <node id="-2247" lat="48.7585311" lon="11.4357714" visible="true" />
  <node id="-2248" lat="48.7585798" lon="11.4357880" visible="true" />
  <node id="-2249" lat="48.7587399" lon="11.4357390" visible="true" />
  <node id="-2250" lat="48.7586913" lon="11.4357250" visible="true" />
  <node id="-2251" lat="48.7586862" lon="11.4357654" visible="true" />
  <node id="-2252" lat="48.7586685" lon="11.4357603" visible="true" />
  <node id="-2253" lat="48.7586620" lon="11.4358129" visible="true" />
  <node id="-2254" lat="48.7587283" lon="11.4358319" visible="true" />
  <node id="-2255" lat="48.7588749" lon="11.4357982" visible="true" />
  <node id="-2256" lat="48.7588336" lon="11.4357847" visible="true" />
  <node id="-2257" lat="48.7588289" lon="11.4358182" visible="true" />
  <node id="-2258" lat="48.7588109" lon="11.4358123" visible="true" />
  <node id="-2259" lat="48.7588049" lon="11.4358547" visible="true" />
  <node id="-2260" lat="48.7588641" lon="11.4358740" visible="true" />
  <node id="-2261" lat="48.7590134" lon="11.4358598" visible="true" />
  <node id="-2262" lat="48.7589652" lon="11.4358454" visible="true" />
  <node id="-2263" lat="48.7589596" lon="11.4358881" visible="true" />
  <node id="-2264" lat="48.7589442" lon="11.4358835" visible="true" />
  <node id="-2265" lat="48.7589396" lon="11.4359187" visible="true" />
  <node id="-2266" lat="48.7590033" lon="11.4359377" visible="true" />
  <node id="-2267" lat="48.7591331" lon="11.4359327" visible="true" />
  <node id="-2268" lat="48.7590857" lon="11.4359147" visible="true" />
  <node id="-2269" lat="48.7590794" lon="11.4359532" visible="true" />
  <node id="-2270" lat="48.7590643" lon="11.4359474" visible="true" />
  <node id="-2271" lat="48.7590579" lon="11.4359863" visible="true" />
  <node id="-2272" lat="48.7591203" lon="11.4360100" visible="true" />
  <node id="-2273" lat="48.7592381" lon="11.4359948" visible="true" />
  <node id="-2274" lat="48.7591843" lon="11.4359698" visible="true" />
  <node id="-2275" lat="48.7591697" lon="11.4360421" visible="true" />
  <node id="-2276" lat="48.7592235" lon="11.4360671" visible="true" />
  <node id="-2277" lat="48.7593412" lon="11.4360366" visible="true" />
  <node id="-2278" lat="48.7592835" lon="11.4360144" visible="true" />
  <node id="-2279" lat="48.7592719" lon="11.4360875" visible="true" />
  <node id="-2280" lat="48.7593280" lon="11.4361080" visible="true" />
  <node id="-2281" lat="48.7594444" lon="11.4360682" visible="true" />
  <node id="-2282" lat="48.7594064" lon="11.4360558" visible="true" />
  <node id="-2283" lat="48.7594036" lon="11.4360757" visible="true" />
  <node id="-2284" lat="48.7593948" lon="11.4360728" visible="true" />
  <node id="-2285" lat="48.7593923" lon="11.4360909" visible="true" />
  <node id="-2286" lat="48.7593824" lon="11.4360877" visible="true" />
  <node id="-2287" lat="48.7593775" lon="11.4361222" visible="true" />
  <node id="-2288" lat="48.7594342" lon="11.4361406" visible="true" />
  <node id="-2289" lat="48.7595619" lon="11.4360501" visible="true" />
  <node id="-2290" lat="48.7595143" lon="11.4360677" visible="true" />
  <node id="-2291" lat="48.7595195" lon="11.4361003" visible="true" />
  <node id="-2292" lat="48.7595096" lon="11.4361040" visible="true" />
  <node id="-2293" lat="48.7595161" lon="11.4361440" visible="true" />
  <node id="-2294" lat="48.7595736" lon="11.4361227" visible="true" />
  <node id="-2295" lat="48.7551671" lon="11.4323298" visible="true" />
  <node id="-2296" lat="48.7551299" lon="11.4323313" visible="true" />
  <node id="-2297" lat="48.7551316" lon="11.4324335" visible="true" />
  <node id="-2298" lat="48.7551946" lon="11.4324310" visible="true" />
  <node id="-2299" lat="48.7551936" lon="11.4323724" visible="true" />
  <node id="-2300" lat="48.7551847" lon="11.4322169" visible="true" />
  <node id="-2301" lat="48.7551544" lon="11.4322231" visible="true" />
  <node id="-2302" lat="48.7551618" lon="11.4323062" visible="true" />
  <node id="-2303" lat="48.7551921" lon="11.4323000" visible="true" />
  <node id="-2304" lat="48.7551718" lon="11.4325952" visible="true" />
  <node id="-2305" lat="48.7551458" lon="11.4325981" visible="true" />
  <node id="-2306" lat="48.7551509" lon="11.4327026" visible="true" />
  <node id="-2307" lat="48.7551769" lon="11.4326996" visible="true" />
  <node id="-2308" lat="48.7579433" lon="11.4370982" visible="true" />
  <node id="-2309" lat="48.7579280" lon="11.4371339" visible="true" />
  <node id="-2310" lat="48.7579786" lon="11.4371837" visible="true" />
  <node id="-2311" lat="48.7579939" lon="11.4371479" visible="true" />
  <node id="-2312" lat="48.7540415" lon="11.4402883" visible="true" />
  <node id="-2313" lat="48.7540515" lon="11.4403668" visible="true" />
  <node id="-2314" lat="48.7539402" lon="11.4403995" visible="true" />
  <node id="-2315" lat="48.7539302" lon="11.4403211" visible="true" />
  <node id="-2316" lat="48.7617071" lon="11.4313732" visible="true" />
  <node id="-2317" lat="48.7616606" lon="11.4314692" visible="true" />
  <node id="-2318" lat="48.7615996" lon="11.4315640" visible="true" />
  <node id="-2319" lat="48.7615252" lon="11.4316525" visible="true" />
  <node id="-2320" lat="48.7616979" lon="11.4320612" visible="true" />
  <node id="-2321" lat="48.7617604" lon="11.4322090" visible="true" />
  <node id="-2322" lat="48.7617434" lon="11.4322233" visible="true" />
  <node id="-2323" lat="48.7616358" lon="11.4323087" visible="true" />
  <node id="-2324" lat="48.7615821" lon="11.4321512" visible="true" />
  <node id="-2325" lat="48.7614422" lon="11.4317171" visible="true" />
  <node id="-2326" lat="48.7613950" lon="11.4317517" visible="true" />
  <node id="-2327" lat="48.7613378" lon="11.4317812" visible="true" />
  <node id="-2328" lat="48.7612667" lon="11.4318061" visible="true" />
  <node id="-2329" lat="48.7611831" lon="11.4318195" visible="true" />
  <node id="-2330" lat="48.7610991" lon="11.4318179" visible="true" />
  <node id="-2331" lat="48.7610161" lon="11.4317974" visible="true" />
  <node id="-2332" lat="48.7609556" lon="11.4317731" visible="true" />
  <node id="-2333" lat="48.7609085" lon="11.4317489" visible="true" />
  <node id="-2334" lat="48.7608510" lon="11.4317130" visible="true" />
  <node id="-2335" lat="48.7607801" lon="11.4316489" visible="true" />
  <node id="-2336" lat="48.7607298" lon="11.4315935" visible="true" />
  <node id="-2337" lat="48.7606761" lon="11.4315184" visible="true" />
  <node id="-2338" lat="48.7606422" lon="11.4314684" visible="true" />
  <node id="-2339" lat="48.7606013" lon="11.4313840" visible="true" />
  <node id="-2340" lat="48.7605707" lon="11.4313094" visible="true" />
  <node id="-2341" lat="48.7605415" lon="11.4312199" visible="true" />
  <node id="-2342" lat="48.7605130" lon="11.4311067" visible="true" />
  <node id="-2343" lat="48.7604937" lon="11.4309836" visible="true" />
  <node id="-2344" lat="48.7604839" lon="11.4308545" visible="true" />
  <node id="-2345" lat="48.7604846" lon="11.4307296" visible="true" />
  <node id="-2346" lat="48.7604950" lon="11.4306092" visible="true" />
  <node id="-2347" lat="48.7605199" lon="11.4304733" visible="true" />
  <node id="-2348" lat="48.7602288" lon="11.4303168" visible="true" />
  <node id="-2349" lat="48.7601169" lon="11.4302567" visible="true" />
  <node id="-2350" lat="48.7601663" lon="11.4300469" visible="true" />
  <node id="-2351" lat="48.7605559" lon="11.4303495" visible="true" />
  <node id="-2352" lat="48.7606128" lon="11.4302069" visible="true" />
  <node id="-2353" lat="48.7606742" lon="11.4300948" visible="true" />
  <node id="-2354" lat="48.7607169" lon="11.4300389" visible="true" />
  <node id="-2355" lat="48.7608042" lon="11.4301895" visible="true" />
  <node id="-2356" lat="48.7607592" lon="11.4302570" visible="true" />
  <node id="-2357" lat="48.7607194" lon="11.4303335" visible="true" />
  <node id="-2358" lat="48.7606900" lon="11.4304041" visible="true" />
  <node id="-2359" lat="48.7606986" lon="11.4304140" visible="true" />
  <node id="-2360" lat="48.7607080" lon="11.4304317" visible="true" />
  <node id="-2361" lat="48.7607119" lon="11.4304672" visible="true" />
  <node id="-2362" lat="48.7607081" lon="11.4304913" visible="true" />
  <node id="-2363" lat="48.7608521" lon="11.4305818" visible="true" />
  <node id="-2364" lat="48.7611242" lon="11.4307625" visible="true" />
  <node id="-2365" lat="48.7611602" lon="11.4307956" visible="true" />
  <node id="-2366" lat="48.7611928" lon="11.4308539" visible="true" />
  <node id="-2367" lat="48.7614115" lon="11.4314329" visible="true" />
  <node id="-2368" lat="48.7614237" lon="11.4314298" visible="true" />
  <node id="-2369" lat="48.7614295" lon="11.4314284" visible="true" />
  <node id="-2370" lat="48.7614503" lon="11.4314346" visible="true" />
  <node id="-2371" lat="48.7614634" lon="11.4314474" visible="true" />
  <node id="-2372" lat="48.7614709" lon="11.4314623" visible="true" />
  <node id="-2373" lat="48.7615356" lon="11.4313783" visible="true" />
  <node id="-2374" lat="48.7615987" lon="11.4312702" visible="true" />
  <node id="-2375" lat="48.7606462" lon="11.4305393" visible="true" />
  <node id="-2376" lat="48.7606334" lon="11.4306091" visible="true" />
  <node id="-2377" lat="48.7606203" lon="11.4307197" visible="true" />
  <node id="-2378" lat="48.7606189" lon="11.4308475" visible="true" />
  <node id="-2379" lat="48.7606315" lon="11.4309832" visible="true" />
  <node id="-2380" lat="48.7606670" lon="11.4311393" visible="true" />
  <node id="-2381" lat="48.7607122" lon="11.4312598" visible="true" />
  <node id="-2382" lat="48.7607779" lon="11.4313760" visible="true" />
  <node id="-2383" lat="48.7608502" lon="11.4314632" visible="true" />
  <node id="-2384" lat="48.7609040" lon="11.4315142" visible="true" />
  <node id="-2385" lat="48.7609679" lon="11.4315573" visible="true" />
  <node id="-2386" lat="48.7610555" lon="11.4315952" visible="true" />
  <node id="-2387" lat="48.7611266" lon="11.4316093" visible="true" />
  <node id="-2388" lat="48.7612037" lon="11.4316043" visible="true" />
  <node id="-2389" lat="48.7612731" lon="11.4315879" visible="true" />
  <node id="-2390" lat="48.7613311" lon="11.4315620" visible="true" />
  <node id="-2391" lat="48.7613839" lon="11.4315305" visible="true" />
  <node id="-2392" lat="48.7613814" lon="11.4315155" visible="true" />
  <node id="-2393" lat="48.7613804" lon="11.4315023" visible="true" />
  <node id="-2394" lat="48.7613814" lon="11.4314797" visible="true" />
  <node id="-2395" lat="48.7613872" lon="11.4314599" visible="true" />
  <node id="-2396" lat="48.7613942" lon="11.4314492" visible="true" />
  <node id="-2397" lat="48.7612433" lon="11.4310498" visible="true" />
  <node id="-2398" lat="48.7612032" lon="11.4310728" visible="true" />
  <node id="-2399" lat="48.7611656" lon="11.4310791" visible="true" />
  <node id="-2400" lat="48.7611206" lon="11.4310686" visible="true" />
  <node id="-2401" lat="48.7610810" lon="11.4310504" visible="true" />
  <node id="-2402" lat="48.7610467" lon="11.4310186" visible="true" />
  <node id="-2403" lat="48.7610139" lon="11.4309660" visible="true" />
  <node id="-2404" lat="48.7609907" lon="11.4309070" visible="true" />
  <node id="-2405" lat="48.7609777" lon="11.4308374" visible="true" />
  <node id="-2406" lat="48.7609760" lon="11.4307689" visible="true" />
  <node id="-2407" lat="48.7609835" lon="11.4307012" visible="true" />
  <node id="-2408" lat="48.7608410" lon="11.4306062" visible="true" />
  <node id="-2409" lat="48.7606998" lon="11.4305185" visible="true" />
  <node id="-2410" lat="48.7606911" lon="11.4305307" visible="true" />
  <node id="-2411" lat="48.7606781" lon="11.4305390" visible="true" />
  <node id="-2412" lat="48.7606632" lon="11.4305426" visible="true" />
  <node id="-2413" lat="48.7626639" lon="11.4355744" visible="true" />
  <node id="-2414" lat="48.7626516" lon="11.4356261" visible="true" />
  <node id="-2415" lat="48.7626349" lon="11.4356716" visible="true" />
  <node id="-2416" lat="48.7626053" lon="11.4357262" visible="true" />
  <node id="-2417" lat="48.7625673" lon="11.4357715" visible="true" />
  <node id="-2418" lat="48.7625177" lon="11.4358063" visible="true" />
  <node id="-2419" lat="48.7624620" lon="11.4358219" visible="true" />
  <node id="-2420" lat="48.7623995" lon="11.4358136" visible="true" />
  <node id="-2421" lat="48.7623457" lon="11.4357829" visible="true" />
  <node id="-2422" lat="48.7622848" lon="11.4357105" visible="true" />
  <node id="-2423" lat="48.7622559" lon="11.4356488" visible="true" />
  <node id="-2424" lat="48.7622370" lon="11.4355803" visible="true" />
  <node id="-2425" lat="48.7621632" lon="11.4350928" visible="true" />
  <node id="-2426" lat="48.7621656" lon="11.4350275" visible="true" />
  <node id="-2427" lat="48.7621753" lon="11.4349690" visible="true" />
  <node id="-2428" lat="48.7621987" lon="11.4348963" visible="true" />
  <node id="-2429" lat="48.7622330" lon="11.4348340" visible="true" />
  <node id="-2430" lat="48.7622946" lon="11.4347719" visible="true" />
  <node id="-2431" lat="48.7623341" lon="11.4347544" visible="true" />
  <node id="-2432" lat="48.7623516" lon="11.4347466" visible="true" />
  <node id="-2433" lat="48.7624062" lon="11.4347444" visible="true" />
  <node id="-2434" lat="48.7624490" lon="11.4347571" visible="true" />
  <node id="-2435" lat="48.7624977" lon="11.4347896" visible="true" />
  <node id="-2436" lat="48.7625295" lon="11.4348242" visible="true" />
  <node id="-2437" lat="48.7625578" lon="11.4348686" visible="true" />
  <node id="-2438" lat="48.7625814" lon="11.4349233" visible="true" />
  <node id="-2439" lat="48.7625948" lon="11.4349706" visible="true" />
  <node id="-2440" lat="48.7626684" lon="11.4354269" visible="true" />
  <node id="-2441" lat="48.7626712" lon="11.4355091" visible="true" />
  <node id="-2442" lat="48.7624400" lon="11.4356196" visible="true" />
  <node id="-2443" lat="48.7624685" lon="11.4356183" visible="true" />
  <node id="-2444" lat="48.7624914" lon="11.4356080" visible="true" />
  <node id="-2445" lat="48.7625131" lon="11.4355880" visible="true" />
  <node id="-2446" lat="48.7625271" lon="11.4355676" visible="true" />
  <node id="-2447" lat="48.7625367" lon="11.4355472" visible="true" />
  <node id="-2448" lat="48.7625444" lon="11.4355227" visible="true" />
  <node id="-2449" lat="48.7625494" lon="11.4354945" visible="true" />
  <node id="-2450" lat="48.7625506" lon="11.4354747" visible="true" />
  <node id="-2451" lat="48.7625500" lon="11.4354526" visible="true" />
  <node id="-2452" lat="48.7624872" lon="11.4350376" visible="true" />
  <node id="-2453" lat="48.7625162" lon="11.4350253" visible="true" />
  <node id="-2454" lat="48.7625036" lon="11.4349835" visible="true" />
  <node id="-2455" lat="48.7624811" lon="11.4349425" visible="true" />
  <node id="-2456" lat="48.7624563" lon="11.4349174" visible="true" />
  <node id="-2457" lat="48.7624312" lon="11.4348985" visible="true" />
  <node id="-2458" lat="48.7624129" lon="11.4348916" visible="true" />
  <node id="-2459" lat="48.7623954" lon="11.4348887" visible="true" />
  <node id="-2460" lat="48.7623707" lon="11.4348911" visible="true" />
  <node id="-2461" lat="48.7623491" lon="11.4349009" visible="true" />
  <node id="-2462" lat="48.7623264" lon="11.4349142" visible="true" />
  <node id="-2463" lat="48.7623070" lon="11.4349331" visible="true" />
  <node id="-2464" lat="48.7622887" lon="11.4349609" visible="true" />
  <node id="-2465" lat="48.7622755" lon="11.4349921" visible="true" />
  <node id="-2466" lat="48.7622653" lon="11.4350210" visible="true" />
  <node id="-2467" lat="48.7622585" lon="11.4350662" visible="true" />
  <node id="-2468" lat="48.7622582" lon="11.4351231" visible="true" />
  <node id="-2469" lat="48.7622877" lon="11.4351130" visible="true" />
  <node id="-2470" lat="48.7623537" lon="11.4354945" visible="true" />
  <node id="-2471" lat="48.7623577" lon="11.4355187" visible="true" />
  <node id="-2472" lat="48.7623678" lon="11.4355507" visible="true" />
  <node id="-2473" lat="48.7623786" lon="11.4355720" visible="true" />
  <node id="-2474" lat="48.7623944" lon="11.4355931" visible="true" />
  <node id="-2475" lat="48.7624143" lon="11.4356095" visible="true" />
  <way id="-1000000000" visible="true">
    <nd ref="-1" />
    <nd ref="-2" />
    <nd ref="-3" />
    <nd ref="-4" />
    <nd ref="-5" />
    <nd ref="-6" />
    <nd ref="-7" />
    <nd ref="-8" />
    <nd ref="-9" />
    <nd ref="-10" />
    <nd ref="-11" />
    <nd ref="-12" />
    <nd ref="-13" />
    <nd ref="-14" />
    <nd ref="-15" />
    <nd ref="-16" />
    <nd ref="-17" />
    <nd ref="-18" />
    <nd ref="-19" />
    <nd ref="-20" />
    <nd ref="-21" />
    <nd ref="-1" />
    <tag k="addr:city" v="Ingolstadt" />
    <tag k="addr:housenumber" v="64" />
    <tag k="addr:postcode" v="85053" />
    <tag k="addr:street" v="Südliche Ringstraße" />
    <tag k="building" v="yes" />
    <tag k="leisure" v="stadium" />
    <tag k="name" v="Saturn Arena" />
    <tag k="sport" v="ice_hockey" />
    <tag k="website" v="https://www.saturn-arena.de/" />
    <tag k="wheelchair" v="yes" />
    <tag k="wikidata" v="Q316967" />
    <tag k="wikipedia" v="de:Saturn-Arena" />
  </way>
  <way id="-1000000001" visible="true">
    <nd ref="-22" />
    <nd ref="-23" />
    <nd ref="-24" />
    <nd ref="-25" />
    <nd ref="-26" />
    <nd ref="-27" />
    <nd ref="-28" />
    <nd ref="-29" />
    <nd ref="-30" />
    <nd ref="-31" />
    <nd ref="-22" />
    <tag k="addr:city" v="Ingolstadt" />
    <tag k="addr:country" v="DE" />
    <tag k="addr:housenumber" v="7" />
    <tag k="addr:postcode" v="85053" />
    <tag k="addr:street" v="Bei der Arena" />
    <tag k="building" v="yes" />
    <tag k="contact:email" v="onlineshop@radhaus.de" />
    <tag k="contact:phone" v="+49 841 1590" />
    <tag k="contact:website" v="http://www.radhaus.de" />
    <tag k="name" v="Radhaus" />
    <tag k="opening_hours" v="Tu-Fr 10:00-19:00; Sa 10:00-18:00" />
    <tag k="shop" v="bicycle" />
    <tag k="source" v="Bing(2012)" />
    <tag k="wheelchair" v="yes" />
  </way>
  <way id="-1000000002" visible="true">
    <nd ref="-32" />
    <nd ref="-33" />
    <nd ref="-5" />
    <nd ref="-4" />
    <nd ref="-34" />
    <nd ref="-35" />
    <nd ref="-32" />
    <tag k="building" v="yes" />
    <tag k="leisure" v="stadium" />
    <tag k="sport" v="skating" />
  </way>
  <way id="-1000000003" visible="true">
    <nd ref="-36" />
    <nd ref="-37" />
    <nd ref="-38" />
    <nd ref="-39" />
    <nd ref="-36" />
    <tag k="addr:city" v="Ingolstadt" />
    <tag k="addr:country" v="DE" />
    <tag k="addr:housenumber" v="26" />
    <tag k="addr:postcode" v="85051" />
    <tag k="addr:street" v="Regimentstraße" />
    <tag k="building" v="yes" />
    <tag k="historic" v="yes" />
    <tag k="name" v="Exerzierhaus" />
    <tag k="source" v="HiRes aerial imagery" />
    <tag k="wikidata" v="Q41263943" />
  </way>
  <way id="-1000000004" visible="true">
    <nd ref="-40" />
    <nd ref="-41" />
    <nd ref="-42" />
    <nd ref="-43" />
    <nd ref="-44" />
    <nd ref="-45" />
    <nd ref="-46" />
    <nd ref="-47" />
    <nd ref="-48" />
    <nd ref="-49" />
    <nd ref="-50" />
    <nd ref="-51" />
    <nd ref="-52" />
    <nd ref="-53" />
    <nd ref="-54" />
    <nd ref="-55" />
    <nd ref="-56" />
    <nd ref="-40" />
    <tag k="building" v="yes" />
    <tag k="man_made" v="works" />
    <tag k="source" v="HiRes aerial imagery" />
  </way>
  <way id="-1000000005" visible="true">
    <nd ref="-57" />
    <nd ref="-58" />
    <nd ref="-59" />
    <nd ref="-60" />
    <nd ref="-61" />
    <nd ref="-62" />
    <nd ref="-63" />
    <nd ref="-64" />
    <nd ref="-65" />
    <nd ref="-66" />
    <nd ref="-67" />
    <nd ref="-68" />
    <nd ref="-69" />
    <nd ref="-70" />
    <nd ref="-71" />
    <nd ref="-72" />
    <nd ref="-73" />
    <nd ref="-74" />
    <nd ref="-75" />
    <nd ref="-76" />
    <nd ref="-77" />
    <nd ref="-78" />
    <nd ref="-79" />
    <nd ref="-80" />
    <nd ref="-81" />
    <nd ref="-82" />
    <nd ref="-83" />
    <nd ref="-84" />
    <nd ref="-85" />
    <nd ref="-86" />
    <nd ref="-87" />
    <nd ref="-88" />
    <nd ref="-57" />
    <tag k="addr:city" v="Ingolstadt" />
    <tag k="addr:country" v="DE" />
    <tag k="addr:housename" v="Wirtschaftsschule Ingolstadt" />
    <tag k="addr:housenumber" v="3" />
    <tag k="addr:postcode" v="85051" />
    <tag k="addr:street" v="Brückenkopf" />
    <tag k="amenity" v="school" />
    <tag k="building" v="school" />
    <tag k="name" v="Wirtschaftsschule Ingolstadt" />
    <tag k="source" v="HiRes aerial imagery" />
    <tag k="website" v="https://www.ws-in.de/" />
  </way>
  <way id="-1000000006" visible="true">
    <nd ref="-89" />
    <nd ref="-90" />
    <nd ref="-91" />
    <nd ref="-92" />
    <nd ref="-93" />
    <nd ref="-89" />
    <tag k="addr:city" v="Ingolstadt" />
    <tag k="addr:country" v="DE" />
    <tag k="addr:housenumber" v="24" />
    <tag k="addr:postcode" v="85051" />
    <tag k="addr:street" v="Regimentstraße" />
    <tag k="building" v="yes" />
    <tag k="name" v="Reithalle" />
    <tag k="name:ja" v="ライトハレ" />
    <tag k="source" v="HiRes aerial imagery" />
  </way>
  <way id="-1000000007" visible="true">
    <nd ref="-94" />
    <nd ref="-95" />
    <nd ref="-96" />
    <nd ref="-97" />
    <nd ref="-98" />
    <nd ref="-99" />
    <nd ref="-94" />
    <tag k="addr:city" v="Ingolstadt" />
    <tag k="addr:country" v="DE" />
    <tag k="addr:housenumber" v="8" />
    <tag k="addr:postcode" v="85051" />
    <tag k="addr:street" v="Münchener Straße" />
    <tag k="building" v="yes" />
    <tag k="disused:amenity" v="restaurant" />
    <tag k="old_name" v="Bonschab" />
    <tag k="source" v="HiRes aerial imagery" />
    <tag k="source:start_date" v="inscription" />
    <tag k="start_date" v="1902" />
    <tag k="wheelchair" v="no" />
  </way>
  <way id="-1000000008" visible="true">
    <nd ref="-100" />
    <nd ref="-101" />
    <nd ref="-102" />
    <nd ref="-103" />
    <nd ref="-100" />
    <tag k="addr:city" v="Ingolstadt" />
    <tag k="addr:housenumber" v="12" />
    <tag k="addr:postcode" v="85053" />
    <tag k="addr:street" v="Pettenoferstraße" />
    <tag k="amenity" v="place_of_worship" />
    <tag k="building" v="yes" />
    <tag k="denomination" v="catholic" />
    <tag k="name" v="St. Augustin" />
    <tag k="religion" v="christian" />
    <tag k="wikidata" v="Q41263912" />
  </way>
  <way id="-1000000009" visible="true">
    <nd ref="-104" />
    <nd ref="-105" />
    <nd ref="-106" />
    <nd ref="-107" />
    <nd ref="-108" />
    <nd ref="-109" />
    <nd ref="-110" />
    <nd ref="-111" />
    <nd ref="-112" />
    <nd ref="-113" />
    <nd ref="-114" />
    <nd ref="-115" />
    <nd ref="-116" />
    <nd ref="-104" />
    <tag k="building" v="apartments" />
    <tag k="building:levels" v="13" />
    <tag k="roof:shape" v="flat" />
    <tag k="source" v="HiRes aerial imagery" />
  </way>
  <way id="-1000000010" visible="true">
    <nd ref="-117" />
    <nd ref="-118" />
    <nd ref="-119" />
    <nd ref="-120" />
    <nd ref="-121" />
    <nd ref="-122" />
    <nd ref="-123" />
    <nd ref="-124" />
    <nd ref="-125" />
    <nd ref="-126" />
    <nd ref="-127" />
    <nd ref="-128" />
    <nd ref="-129" />
    <nd ref="-130" />
    <nd ref="-117" />
    <tag k="building" v="yes" />
    <tag k="building:levels" v="5" />
    <tag k="roof:shape" v="flat" />
    <tag k="source" v="HiRes aerial imagery" />
  </way>
  <way id="-1000000011" visible="true">
    <nd ref="-131" />
    <nd ref="-132" />
    <nd ref="-133" />
    <nd ref="-134" />
    <nd ref="-135" />
    <nd ref="-136" />
    <nd ref="-137" />
    <nd ref="-138" />
    <nd ref="-131" />
    <tag k="building" v="apartments" />
    <tag k="source" v="HiRes aerial imagery" />
  </way>
  <way id="-1000000012" visible="true">
    <nd ref="-139" />
    <nd ref="-140" />
    <nd ref="-141" />
    <nd ref="-142" />
    <nd ref="-143" />
    <nd ref="-144" />
    <nd ref="-145" />
    <nd ref="-146" />
    <nd ref="-147" />
    <nd ref="-148" />
    <nd ref="-149" />
    <nd ref="-150" />
    <nd ref="-151" />
    <nd ref="-152" />
    <nd ref="-153" />
    <nd ref="-154" />
    <nd ref="-155" />
    <nd ref="-156" />
    <nd ref="-157" />
    <nd ref="-158" />
    <nd ref="-159" />
    <nd ref="-160" />
    <nd ref="-161" />
    <nd ref="-162" />
    <nd ref="-163" />
    <nd ref="-164" />
    <nd ref="-165" />
    <nd ref="-166" />
    <nd ref="-167" />
    <nd ref="-168" />
    <nd ref="-169" />
    <nd ref="-170" />
    <nd ref="-171" />
    <nd ref="-172" />
    <nd ref="-173" />
    <nd ref="-174" />
    <nd ref="-175" />
    <nd ref="-176" />
    <nd ref="-177" />
    <nd ref="-139" />
    <tag k="addr:city" v="Ingolstadt" />
    <tag k="addr:country" v="DE" />
    <tag k="addr:housenumber" v="63" />
    <tag k="addr:postcode" v="85053" />
    <tag k="addr:street" v="Südliche Ringstraße" />
    <tag k="building" v="yes" />
    <tag k="email" v="info@donautherme.de" />
    <tag k="leisure" v="water_park" />
    <tag k="name" v="Donautherme" />
    <tag k="opening_hours" v="Mo-Su,PH 10:00-22:00" />
    <tag k="operator" v="Stadtwerke Ingolstadt Freizeitanlagen GmbH Donautherme" />
    <tag k="phone" v="+49 841 37911-0" />
    <tag k="source" v="https://www.donaukurier.de/archiv/bauarbeiten-am-wonnemar-wieder-aufgenommen-2236176" />
    <tag k="website" v="https://www.donautherme.de/" />
    <tag k="wheelchair" v="yes" />
    <tag k="wheelchair:description" v="Pool-Lifter, Behinderten-WC vorhanden, Gebäude komplett ebenerdig" />
  </way>
  <way id="-1000000013" visible="true">
    <nd ref="-178" />
    <nd ref="-179" />
    <nd ref="-180" />
    <nd ref="-181" />
    <nd ref="-178" />
    <tag k="building" v="apartments" />
    <tag k="building:levels" v="4" />
    <tag k="roof:shape" v="gabled" />
  </way>
  <way id="-1000000014" visible="true">
    <nd ref="-182" />
    <nd ref="-183" />
    <nd ref="-184" />
    <nd ref="-185" />
    <nd ref="-182" />
    <tag k="addr:city" v="Ingolstadt" />
    <tag k="addr:country" v="DE" />
    <tag k="addr:housenumber" v="7" />
    <tag k="addr:postcode" v="85053" />
    <tag k="addr:street" v="Asamstraße" />
    <tag k="building" v="yes" />
    <tag k="name" v="Kuttenreich" />
    <tag k="opening_hours" v="Mo-Fr 05:45-17:00; Sa 06:00-12:30; Su 07:30-10:30; PH closed" />
    <tag k="organic" v="no" />
    <tag k="payment:cash" v="yes" />
    <tag k="payment:credit_cards" v="no" />
    <tag k="payment:debit_cards" v="no" />
    <tag k="payment:girocard" v="no" />
    <tag k="phone" v="+49 841 940274" />
    <tag k="shop" v="bakery" />
    <tag k="website" v="https://www.baeckerei-kuttenreich.de/" />
    <tag k="wheelchair" v="yes" />
  </way>
  <way id="-1000000015" visible="true">
    <nd ref="-186" />
    <nd ref="-187" />
    <nd ref="-188" />
    <nd ref="-189" />
    <nd ref="-186" />
    <tag k="addr:city" v="Ingolstadt" />
    <tag k="addr:country" v="DE" />
    <tag k="addr:housenumber" v="9" />
    <tag k="addr:postcode" v="85053" />
    <tag k="addr:street" v="Asamstraße" />
    <tag k="building" v="yes" />
    <tag k="source" v="HiRes aerial imagery" />
  </way>
  <way id="-1000000016" visible="true">
    <nd ref="-190" />
    <nd ref="-191" />
    <nd ref="-192" />
    <nd ref="-193" />
    <nd ref="-190" />
    <tag k="addr:city" v="Ingolstadt" />
    <tag k="addr:country" v="DE" />
    <tag k="addr:housenumber" v="13" />
    <tag k="addr:postcode" v="85053" />
    <tag k="addr:street" v="Asamstraße" />
    <tag k="building" v="yes" />
    <tag k="source" v="HiRes aerial imagery" />
  </way>
  <way id="-1000000017" visible="true">
    <nd ref="-194" />
    <nd ref="-195" />
    <nd ref="-196" />
    <nd ref="-197" />
    <nd ref="-194" />
    <tag k="addr:city" v="Ingolstadt" />
    <tag k="addr:country" v="DE" />
    <tag k="addr:housenumber" v="4" />
    <tag k="addr:postcode" v="85053" />
    <tag k="addr:street" v="Asamstraße" />
    <tag k="building" v="apartments" />
    <tag k="building:levels" v="9" />
    <tag k="source" v="HiRes aerial imagery" />
  </way>
  <way id="-1000000018" visible="true">
    <nd ref="-198" />
    <nd ref="-199" />
    <nd ref="-200" />
    <nd ref="-201" />
    <nd ref="-202" />
    <nd ref="-203" />
    <nd ref="-204" />
    <nd ref="-198" />
    <tag k="building" v="apartments" />
    <tag k="building:levels" v="2" />
    <tag k="roof:levels" v="1" />
    <tag k="source" v="HiRes aerial imagery" />
  </way>
  <way id="-1000000019" visible="true">
    <nd ref="-205" />
    <nd ref="-206" />
    <nd ref="-207" />
    <nd ref="-208" />
    <nd ref="-209" />
    <nd ref="-210" />
    <nd ref="-211" />
    <nd ref="-205" />
    <tag k="addr:city" v="Ingolstadt" />
    <tag k="addr:country" v="DE" />
    <tag k="addr:housenumber" v="12" />
    <tag k="addr:postcode" v="85053" />
    <tag k="addr:street" v="Feselenstraße" />
    <tag k="brand" v="trinkgut" />
    <tag k="brand:wikidata" v="Q2453627" />
    <tag k="building" v="retail" />
    <tag k="name" v="trinkgut" />
    <tag k="opening_hours" v="Mo-Sa 08:00-20:00; PH,Su closed" />
    <tag k="shop" v="beverages" />
    <tag k="website" v="https://www.trinkgut.de/markt/filiale-ingolstadt-ingolstadt" />
    <tag k="wheelchair" v="yes" />
  </way>
  <way id="-1000000020" visible="true">
    <nd ref="-212" />
    <nd ref="-213" />
    <nd ref="-214" />
    <nd ref="-215" />
    <nd ref="-212" />
    <tag k="building" v="yes" />
  </way>
  <way id="-1000000021" visible="true">
    <nd ref="-216" />
    <nd ref="-217" />
    <nd ref="-218" />
    <nd ref="-219" />
    <nd ref="-216" />
    <tag k="building" v="yes" />
  </way>
  <way id="-1000000022" visible="true">
    <nd ref="-220" />
    <nd ref="-221" />
    <nd ref="-222" />
    <nd ref="-223" />
    <nd ref="-220" />
    <tag k="building" v="apartments" />
    <tag k="building:levels" v="3" />
    <tag k="roof:shape" v="gabled" />
  </way>
  <way id="-1000000023" visible="true">
    <nd ref="-224" />
    <nd ref="-225" />
    <nd ref="-226" />
    <nd ref="-227" />
    <nd ref="-224" />
    <tag k="building" v="yes" />
  </way>
  <way id="-1000000024" visible="true">
    <nd ref="-228" />
    <nd ref="-229" />
    <nd ref="-230" />
    <nd ref="-231" />
    <nd ref="-228" />
    <tag k="building" v="apartments" />
    <tag k="building:levels" v="4" />
    <tag k="roof:shape" v="gabled" />
  </way>
  <way id="-1000000025" visible="true">
    <nd ref="-232" />
    <nd ref="-233" />
    <nd ref="-234" />
    <nd ref="-235" />
    <nd ref="-232" />
    <tag k="building" v="apartments" />
    <tag k="building:flats" v="16" />
    <tag k="building:levels" v="4" />
    <tag k="roof:shape" v="gabled" />
  </way>
  <way id="-1000000026" visible="true">
    <nd ref="-236" />
    <nd ref="-237" />
    <nd ref="-238" />
    <nd ref="-239" />
    <nd ref="-236" />
    <tag k="building" v="apartments" />
    <tag k="building:levels" v="4" />
    <tag k="roof:shape" v="gabled" />
  </way>
  <way id="-1000000027" visible="true">
    <nd ref="-240" />
    <nd ref="-241" />
    <nd ref="-242" />
    <nd ref="-243" />
    <nd ref="-240" />
    <tag k="building" v="apartments" />
  </way>
  <way id="-1000000028" visible="true">
    <nd ref="-244" />
    <nd ref="-245" />
    <nd ref="-246" />
    <nd ref="-247" />
    <nd ref="-244" />
    <tag k="building" v="apartments" />
    <tag k="building:levels" v="4" />
  </way>
  <way id="-1000000029" visible="true">
    <nd ref="-248" />
    <nd ref="-249" />
    <nd ref="-250" />
    <nd ref="-251" />
    <nd ref="-248" />
    <tag k="building" v="garage" />
  </way>
  <way id="-1000000030" visible="true">
    <nd ref="-252" />
    <nd ref="-253" />
    <nd ref="-254" />
    <nd ref="-255" />
    <nd ref="-252" />
    <tag k="building" v="apartments" />
  </way>
  <way id="-1000000031" visible="true">
    <nd ref="-256" />
    <nd ref="-257" />
    <nd ref="-258" />
    <nd ref="-259" />
    <nd ref="-256" />
    <tag k="building" v="apartments" />
    <tag k="building:levels" v="4" />
    <tag k="roof:shape" v="gabled" />
  </way>
  <way id="-1000000032" visible="true">
    <nd ref="-260" />
    <nd ref="-261" />
    <nd ref="-262" />
    <nd ref="-263" />
    <nd ref="-260" />
    <tag k="building" v="apartments" />
  </way>
  <way id="-1000000033" visible="true">
    <nd ref="-264" />
    <nd ref="-265" />
    <nd ref="-266" />
    <nd ref="-267" />
    <nd ref="-264" />
    <tag k="building" v="apartments" />
  </way>
  <way id="-1000000034" visible="true">
    <nd ref="-268" />
    <nd ref="-269" />
    <nd ref="-270" />
    <nd ref="-271" />
    <nd ref="-268" />
    <tag k="building" v="yes" />
  </way>
  <way id="-1000000035" visible="true">
    <nd ref="-272" />
    <nd ref="-273" />
    <nd ref="-274" />
    <nd ref="-275" />
    <nd ref="-272" />
    <tag k="building" v="apartments" />
    <tag k="building:levels" v="3" />
    <tag k="roof:shape" v="gabled" />
  </way>
  <way id="-1000000036" visible="true">
    <nd ref="-276" />
    <nd ref="-277" />
    <nd ref="-278" />
    <nd ref="-279" />
    <nd ref="-276" />
    <tag k="building" v="apartments" />
    <tag k="building:levels" v="3" />
    <tag k="roof:shape" v="gabled" />
  </way>
  <way id="-1000000037" visible="true">
    <nd ref="-280" />
    <nd ref="-281" />
    <nd ref="-282" />
    <nd ref="-283" />
    <nd ref="-280" />
    <tag k="addr:housenumber" v="23" />
    <tag k="addr:street" v="Pettenkoferstraße" />
    <tag k="building" v="apartments" />
    <tag k="building:levels" v="4" />
    <tag k="roof:shape" v="gabled" />
  </way>
  <way id="-1000000038" visible="true">
    <nd ref="-284" />
    <nd ref="-285" />
    <nd ref="-286" />
    <nd ref="-287" />
    <nd ref="-284" />
    <tag k="addr:postcode" v="85053" />
    <tag k="addr:street" v="Feselenstraße" />
    <tag k="building" v="yes" />
  </way>
  <way id="-1000000039" visible="true">
    <nd ref="-288" />
    <nd ref="-289" />
    <nd ref="-290" />
    <nd ref="-291" />
    <nd ref="-288" />
    <tag k="building" v="garages" />
  </way>
  <way id="-1000000040" visible="true">
    <nd ref="-292" />
    <nd ref="-293" />
    <nd ref="-294" />
    <nd ref="-295" />
    <nd ref="-292" />
    <tag k="building" v="apartments" />
  </way>
  <way id="-1000000041" visible="true">
    <nd ref="-296" />
    <nd ref="-297" />
    <nd ref="-298" />
    <nd ref="-299" />
    <nd ref="-296" />
    <tag k="building" v="apartments" />
    <tag k="building:levels" v="5" />
    <tag k="roof:shape" v="gabled" />
  </way>
  <way id="-1000000042" visible="true">
    <nd ref="-300" />
    <nd ref="-301" />
    <nd ref="-302" />
    <nd ref="-303" />
    <nd ref="-300" />
    <tag k="building" v="yes" />
  </way>
  <way id="-1000000043" visible="true">
    <nd ref="-304" />
    <nd ref="-305" />
    <nd ref="-306" />
    <nd ref="-307" />
    <nd ref="-304" />
    <tag k="building" v="yes" />
  </way>
  <way id="-1000000044" visible="true">
    <nd ref="-308" />
    <nd ref="-309" />
    <nd ref="-310" />
    <nd ref="-311" />
    <nd ref="-308" />
    <tag k="addr:postcode" v="85053" />
    <tag k="addr:street" v="Feselenstraße" />
    <tag k="building" v="apartments" />
    <tag k="building:levels" v="6" />
  </way>
  <way id="-1000000045" visible="true">
    <nd ref="-312" />
    <nd ref="-313" />
    <nd ref="-314" />
    <nd ref="-315" />
    <nd ref="-312" />
    <tag k="building" v="yes" />
  </way>
  <way id="-1000000046" visible="true">
    <nd ref="-316" />
    <nd ref="-317" />
    <nd ref="-318" />
    <nd ref="-319" />
    <nd ref="-316" />
    <tag k="building" v="yes" />
  </way>
  <way id="-1000000047" visible="true">
    <nd ref="-320" />
    <nd ref="-321" />
    <nd ref="-322" />
    <nd ref="-323" />
    <nd ref="-320" />
    <tag k="building" v="apartments" />
    <tag k="building:levels" v="5" />
    <tag k="roof:levels" v="2" />
    <tag k="roof:shape" v="gabled" />
  </way>
  <way id="-1000000048" visible="true">
    <nd ref="-324" />
    <nd ref="-325" />
    <nd ref="-326" />
    <nd ref="-327" />
    <nd ref="-324" />
    <tag k="building" v="yes" />
  </way>
  <way id="-1000000049" visible="true">
    <nd ref="-328" />
    <nd ref="-329" />
    <nd ref="-330" />
    <nd ref="-331" />
    <nd ref="-332" />
    <nd ref="-333" />
    <nd ref="-328" />
    <tag k="building" v="apartments" />
    <tag k="building:levels" v="4" />
  </way>
  <way id="-1000000050" visible="true">
    <nd ref="-334" />
    <nd ref="-335" />
    <nd ref="-336" />
    <nd ref="-337" />
    <nd ref="-338" />
    <nd ref="-339" />
    <nd ref="-340" />
    <nd ref="-341" />
    <nd ref="-334" />
    <tag k="building" v="apartments" />
    <tag k="building:levels" v="5" />
    <tag k="roof:shape" v="gabled" />
  </way>
  <way id="-1000000051" visible="true">
    <nd ref="-342" />
    <nd ref="-343" />
    <nd ref="-344" />
    <nd ref="-345" />
    <nd ref="-342" />
    <tag k="building" v="apartments" />
    <tag k="building:levels" v="6" />
    <tag k="roof:shape" v="flat" />
  </way>
  <way id="-1000000052" visible="true">
    <nd ref="-346" />
    <nd ref="-347" />
    <nd ref="-348" />
    <nd ref="-349" />
    <nd ref="-346" />
    <tag k="building" v="apartments" />
    <tag k="building:levels" v="4" />
    <tag k="roof:shape" v="flat" />
  </way>
  <way id="-1000000053" visible="true">
    <nd ref="-350" />
    <nd ref="-351" />
    <nd ref="-352" />
    <nd ref="-353" />
    <nd ref="-350" />
    <tag k="building" v="apartments" />
    <tag k="building:levels" v="5" />
    <tag k="roof:shape" v="gabled" />
  </way>
  <way id="-1000000054" visible="true">
    <nd ref="-354" />
    <nd ref="-355" />
    <nd ref="-356" />
    <nd ref="-357" />
    <nd ref="-354" />
    <tag k="building" v="garage" />
  </way>
  <way id="-1000000055" visible="true">
    <nd ref="-358" />
    <nd ref="-359" />
    <nd ref="-360" />
    <nd ref="-361" />
    <nd ref="-358" />
    <tag k="building" v="yes" />
  </way>
  <way id="-1000000056" visible="true">
    <nd ref="-362" />
    <nd ref="-363" />
    <nd ref="-364" />
    <nd ref="-365" />
    <nd ref="-362" />
    <tag k="building" v="garage" />
  </way>
  <way id="-1000000057" visible="true">
    <nd ref="-366" />
    <nd ref="-367" />
    <nd ref="-368" />
    <nd ref="-369" />
    <nd ref="-366" />
    <tag k="building" v="apartments" />
    <tag k="building:levels" v="5" />
    <tag k="roof:levels" v="1" />
  </way>
  <way id="-1000000058" visible="true">
    <nd ref="-370" />
    <nd ref="-371" />
    <nd ref="-372" />
    <nd ref="-373" />
    <nd ref="-374" />
    <nd ref="-370" />
    <tag k="building" v="apartments" />
    <tag k="building:levels" v="4" />
  </way>
  <way id="-1000000059" visible="true">
    <nd ref="-375" />
    <nd ref="-376" />
    <nd ref="-377" />
    <nd ref="-378" />
    <nd ref="-375" />
    <tag k="building" v="apartments" />
    <tag k="building:levels" v="5" />
    <tag k="roof:levels" v="1" />
    <tag k="roof:shape" v="gabled" />
  </way>
  <way id="-1000000060" visible="true">
    <nd ref="-379" />
    <nd ref="-380" />
    <nd ref="-381" />
    <nd ref="-382" />
    <nd ref="-383" />
    <nd ref="-384" />
    <nd ref="-379" />
    <tag k="building" v="yes" />
  </way>
  <way id="-1000000061" visible="true">
    <nd ref="-385" />
    <nd ref="-386" />
    <nd ref="-387" />
    <nd ref="-388" />
    <nd ref="-385" />
    <tag k="building" v="apartments" />
    <tag k="building:levels" v="4" />
    <tag k="roof:shape" v="gabled" />
  </way>
  <way id="-1000000062" visible="true">
    <nd ref="-389" />
    <nd ref="-390" />
    <nd ref="-391" />
    <nd ref="-392" />
    <nd ref="-389" />
    <tag k="building" v="yes" />
  </way>
  <way id="-1000000063" visible="true">
    <nd ref="-393" />
    <nd ref="-394" />
    <nd ref="-395" />
    <nd ref="-396" />
    <nd ref="-397" />
    <nd ref="-398" />
    <nd ref="-399" />
    <nd ref="-400" />
    <nd ref="-393" />
    <tag k="building" v="yes" />
  </way>
  <way id="-1000000064" visible="true">
    <nd ref="-401" />
    <nd ref="-402" />
    <nd ref="-403" />
    <nd ref="-404" />
    <nd ref="-405" />
    <nd ref="-406" />
    <nd ref="-407" />
    <nd ref="-408" />
    <nd ref="-409" />
    <nd ref="-410" />
    <nd ref="-411" />
    <nd ref="-412" />
    <nd ref="-413" />
    <nd ref="-414" />
    <nd ref="-415" />
    <nd ref="-416" />
    <nd ref="-401" />
    <tag k="building" v="apartments" />
    <tag k="building:levels" v="6" />
    <tag k="roof:shape" v="flat" />
  </way>
  <way id="-1000000065" visible="true">
    <nd ref="-417" />
    <nd ref="-418" />
    <nd ref="-419" />
    <nd ref="-420" />
    <nd ref="-421" />
    <nd ref="-417" />
    <tag k="building" v="apartments" />
  </way>
  <way id="-1000000066" visible="true">
    <nd ref="-422" />
    <nd ref="-423" />
    <nd ref="-424" />
    <nd ref="-425" />
    <nd ref="-426" />
    <nd ref="-422" />
    <tag k="building" v="apartments" />
    <tag k="building:levels" v="4" />
    <tag k="roof:shape" v="gabled" />
  </way>
  <way id="-1000000067" visible="true">
    <nd ref="-427" />
    <nd ref="-428" />
    <nd ref="-429" />
    <nd ref="-430" />
    <nd ref="-427" />
    <tag k="building" v="garage" />
  </way>
  <way id="-1000000068" visible="true">
    <nd ref="-431" />
    <nd ref="-432" />
    <nd ref="-433" />
    <nd ref="-434" />
    <nd ref="-435" />
    <nd ref="-436" />
    <nd ref="-431" />
    <tag k="addr:housenumber" v="7" />
    <tag k="addr:street" v="Wertingerstraße" />
    <tag k="building" v="apartments" />
    <tag k="building:levels" v="5" />
    <tag k="roof:shape" v="flat" />
  </way>
  <way id="-1000000069" visible="true">
    <nd ref="-437" />
    <nd ref="-438" />
    <nd ref="-439" />
    <nd ref="-440" />
    <nd ref="-437" />
    <tag k="building" v="apartments" />
    <tag k="building:flats" v="20" />
    <tag k="building:levels" v="5" />
    <tag k="roof:shape" v="gabled" />
  </way>
  <way id="-1000000070" visible="true">
    <nd ref="-441" />
    <nd ref="-442" />
    <nd ref="-443" />
    <nd ref="-444" />
    <nd ref="-445" />
    <nd ref="-446" />
    <nd ref="-447" />
    <nd ref="-448" />
    <nd ref="-449" />
    <nd ref="-450" />
    <nd ref="-451" />
    <nd ref="-452" />
    <nd ref="-453" />
    <nd ref="-454" />
    <nd ref="-441" />
    <tag k="building" v="apartments" />
    <tag k="building:levels" v="4" />
    <tag k="roof:shape" v="gabled" />
  </way>
  <way id="-1000000071" visible="true">
    <nd ref="-455" />
    <nd ref="-456" />
    <nd ref="-457" />
    <nd ref="-458" />
    <nd ref="-459" />
    <nd ref="-455" />
    <tag k="building" v="apartments" />
    <tag k="building:levels" v="4" />
  </way>
  <way id="-1000000072" visible="true">
    <nd ref="-460" />
    <nd ref="-461" />
    <nd ref="-462" />
    <nd ref="-463" />
    <nd ref="-460" />
    <tag k="building" v="apartments" />
  </way>
  <way id="-1000000073" visible="true">
    <nd ref="-464" />
    <nd ref="-465" />
    <nd ref="-466" />
    <nd ref="-467" />
    <nd ref="-464" />
    <tag k="building" v="yes" />
  </way>
  <way id="-1000000074" visible="true">
    <nd ref="-468" />
    <nd ref="-469" />
    <nd ref="-470" />
    <nd ref="-471" />
    <nd ref="-468" />
    <tag k="building" v="garage" />
  </way>
  <way id="-1000000075" visible="true">
    <nd ref="-472" />
    <nd ref="-473" />
    <nd ref="-474" />
    <nd ref="-475" />
    <nd ref="-476" />
    <nd ref="-477" />
    <nd ref="-472" />
    <tag k="building" v="yes" />
  </way>
  <way id="-1000000076" visible="true">
    <nd ref="-478" />
    <nd ref="-479" />
    <nd ref="-480" />
    <nd ref="-481" />
    <nd ref="-478" />
    <tag k="building" v="yes" />
  </way>
  <way id="-1000000077" visible="true">
    <nd ref="-482" />
    <nd ref="-483" />
    <nd ref="-484" />
    <nd ref="-485" />
    <nd ref="-482" />
    <tag k="building" v="yes" />
  </way>
  <way id="-1000000078" visible="true">
    <nd ref="-486" />
    <nd ref="-487" />
    <nd ref="-488" />
    <nd ref="-489" />
    <nd ref="-486" />
    <tag k="building" v="yes" />
  </way>
  <way id="-1000000079" visible="true">
    <nd ref="-490" />
    <nd ref="-491" />
    <nd ref="-492" />
    <nd ref="-493" />
    <nd ref="-490" />
    <tag k="building" v="yes" />
  </way>
  <way id="-1000000080" visible="true">
    <nd ref="-494" />
    <nd ref="-495" />
    <nd ref="-496" />
    <nd ref="-497" />
    <nd ref="-494" />
    <tag k="building" v="yes" />
  </way>
  <way id="-1000000081" visible="true">
    <nd ref="-498" />
    <nd ref="-499" />
    <nd ref="-500" />
    <nd ref="-501" />
    <nd ref="-498" />
    <tag k="building" v="yes" />
  </way>
  <way id="-1000000082" visible="true">
    <nd ref="-502" />
    <nd ref="-503" />
    <nd ref="-504" />
    <nd ref="-505" />
    <nd ref="-502" />
    <tag k="building" v="yes" />
  </way>
  <way id="-1000000083" visible="true">
    <nd ref="-506" />
    <nd ref="-507" />
    <nd ref="-508" />
    <nd ref="-509" />
    <nd ref="-506" />
    <tag k="building" v="yes" />
  </way>
  <way id="-1000000084" visible="true">
    <nd ref="-510" />
    <nd ref="-511" />
    <nd ref="-512" />
    <nd ref="-513" />
    <nd ref="-510" />
    <tag k="building" v="yes" />
  </way>
  <way id="-1000000085" visible="true">
    <nd ref="-514" />
    <nd ref="-515" />
    <nd ref="-516" />
    <nd ref="-517" />
    <nd ref="-514" />
    <tag k="building" v="yes" />
  </way>
  <way id="-1000000086" visible="true">
    <nd ref="-518" />
    <nd ref="-519" />
    <nd ref="-520" />
    <nd ref="-521" />
    <nd ref="-518" />
    <tag k="building" v="garage" />
  </way>
  <way id="-1000000087" visible="true">
    <nd ref="-522" />
    <nd ref="-523" />
    <nd ref="-524" />
    <nd ref="-525" />
    <nd ref="-522" />
    <tag k="building" v="yes" />
  </way>
  <way id="-1000000088" visible="true">
    <nd ref="-526" />
    <nd ref="-527" />
    <nd ref="-528" />
    <nd ref="-529" />
    <nd ref="-530" />
    <nd ref="-531" />
    <nd ref="-526" />
    <tag k="building" v="apartments" />
    <tag k="building:levels" v="4" />
    <tag k="roof:shape" v="flat" />
    <tag k="source" v="HiRes aerial imagery" />
  </way>
  <way id="-1000000089" visible="true">
    <nd ref="-532" />
    <nd ref="-533" />
    <nd ref="-534" />
    <nd ref="-535" />
    <nd ref="-532" />
    <tag k="building" v="carport" />
    <tag k="source" v="HiRes aerial imagery" />
  </way>
  <way id="-1000000090" visible="true">
    <nd ref="-536" />
    <nd ref="-537" />
    <nd ref="-538" />
    <nd ref="-539" />
    <nd ref="-536" />
    <tag k="building" v="garages" />
    <tag k="source" v="HiRes aerial imagery" />
  </way>
  <way id="-1000000091" visible="true">
    <nd ref="-540" />
    <nd ref="-541" />
    <nd ref="-542" />
    <nd ref="-543" />
    <nd ref="-544" />
    <nd ref="-545" />
    <nd ref="-546" />
    <nd ref="-547" />
    <nd ref="-548" />
    <nd ref="-549" />
    <nd ref="-550" />
    <nd ref="-551" />
    <nd ref="-552" />
    <nd ref="-553" />
    <nd ref="-554" />
    <nd ref="-540" />
    <tag k="addr:city" v="Ingolstadt" />
    <tag k="addr:country" v="DE" />
    <tag k="addr:housenumber" v="2" />
    <tag k="addr:postcode" v="85053" />
    <tag k="addr:street" v="Asamstraße" />
    <tag k="building" v="retail" />
    <tag k="source" v="HiRes aerial imagery" />
  </way>
  <way id="-1000000092" visible="true">
    <nd ref="-555" />
    <nd ref="-556" />
    <nd ref="-557" />
    <nd ref="-558" />
    <nd ref="-559" />
    <nd ref="-560" />
    <nd ref="-561" />
    <nd ref="-562" />
    <nd ref="-563" />
    <nd ref="-564" />
    <nd ref="-565" />
    <nd ref="-566" />
    <nd ref="-567" />
    <nd ref="-568" />
    <nd ref="-569" />
    <nd ref="-570" />
    <nd ref="-571" />
    <nd ref="-572" />
    <nd ref="-573" />
    <nd ref="-574" />
    <nd ref="-575" />
    <nd ref="-576" />
    <nd ref="-577" />
    <nd ref="-578" />
    <nd ref="-579" />
    <nd ref="-580" />
    <nd ref="-581" />
    <nd ref="-582" />
    <nd ref="-583" />
    <nd ref="-584" />
    <nd ref="-585" />
    <nd ref="-586" />
    <nd ref="-587" />
    <nd ref="-588" />
    <nd ref="-589" />
    <nd ref="-590" />
    <nd ref="-591" />
    <nd ref="-592" />
    <nd ref="-555" />
    <tag k="addr:city" v="Ingolstadt" />
    <tag k="addr:country" v="DE" />
    <tag k="addr:housenumber" v="49" />
    <tag k="addr:postcode" v="85053" />
    <tag k="addr:street" v="Südliche Ringstraße" />
    <tag k="building" v="apartments" />
    <tag k="building:levels" v="6" />
    <tag k="source" v="HiRes aerial imagery" />
  </way>
  <way id="-1000000093" visible="true">
    <nd ref="-593" />
    <nd ref="-594" />
    <nd ref="-595" />
    <nd ref="-596" />
    <nd ref="-597" />
    <nd ref="-598" />
    <nd ref="-593" />
    <tag k="building" v="yes" />
    <tag k="source" v="HiRes aerial imagery" />
  </way>
  <way id="-1000000094" visible="true">
    <nd ref="-599" />
    <nd ref="-600" />
    <nd ref="-601" />
    <nd ref="-602" />
    <nd ref="-603" />
    <nd ref="-604" />
    <nd ref="-605" />
    <nd ref="-606" />
    <nd ref="-599" />
    <tag k="addr:housenumber" v="37" />
    <tag k="addr:postcode" v="85053" />
    <tag k="addr:street" v="Weningstraße" />
    <tag k="brand" v="Penny" />
    <tag k="brand:wikidata" v="Q284688" />
    <tag k="brand:wikipedia" v="en:Penny (supermarket)" />
    <tag k="building" v="retail" />
    <tag k="building:levels" v="1" />
    <tag k="name" v="PENNY" />
    <tag k="note" v="früher REWE" />
    <tag k="opening_hours" v="Mo-Sa 07:00-20:00; Su,PH off" />
    <tag k="shop" v="supermarket" />
    <tag k="source" v="HiRes aerial imagery" />
  </way>
  <way id="-1000000095" visible="true">
    <nd ref="-607" />
    <nd ref="-608" />
    <nd ref="-609" />
    <nd ref="-610" />
    <nd ref="-607" />
    <tag k="building" v="apartments" />
    <tag k="building:levels" v="8" />
    <tag k="source" v="HiRes aerial imagery" />
  </way>
  <way id="-1000000096" visible="true">
    <nd ref="-611" />
    <nd ref="-612" />
    <nd ref="-613" />
    <nd ref="-614" />
    <nd ref="-615" />
    <nd ref="-616" />
    <nd ref="-617" />
    <nd ref="-618" />
    <nd ref="-619" />
    <nd ref="-620" />
    <nd ref="-611" />
    <tag k="addr:city" v="Ingolstadt" />
    <tag k="addr:country" v="DE" />
    <tag k="addr:housenumber" v="5" />
    <tag k="addr:postcode" v="85053" />
    <tag k="addr:street" v="Asamstraße" />
    <tag k="building" v="yes" />
    <tag k="source" v="HiRes aerial imagery" />
  </way>
  <way id="-1000000097" visible="true">
    <nd ref="-621" />
    <nd ref="-622" />
    <nd ref="-623" />
    <nd ref="-624" />
    <nd ref="-621" />
    <tag k="addr:city" v="Ingolstadt" />
    <tag k="addr:country" v="DE" />
    <tag k="addr:housenumber" v="3" />
    <tag k="addr:postcode" v="85053" />
    <tag k="addr:street" v="Asamstraße" />
    <tag k="building" v="yes" />
    <tag k="source" v="HiRes aerial imagery" />
  </way>
  <way id="-1000000098" visible="true">
    <nd ref="-625" />
    <nd ref="-626" />
    <nd ref="-627" />
    <nd ref="-628" />
    <nd ref="-629" />
    <nd ref="-630" />
    <nd ref="-625" />
    <tag k="building" v="yes" />
  </way>
  <way id="-1000000099" visible="true">
    <nd ref="-631" />
    <nd ref="-632" />
    <nd ref="-633" />
    <nd ref="-634" />
    <nd ref="-631" />
    <tag k="building" v="yes" />
  </way>
  <way id="-1000000100" visible="true">
    <nd ref="-635" />
    <nd ref="-636" />
    <nd ref="-637" />
    <nd ref="-638" />
    <nd ref="-639" />
    <nd ref="-640" />
    <nd ref="-641" />
    <nd ref="-642" />
    <nd ref="-643" />
    <nd ref="-644" />
    <nd ref="-645" />
    <nd ref="-646" />
    <nd ref="-635" />
    <tag k="building" v="apartments" />
    <tag k="building:levels" v="5" />
    <tag k="roof:shape" v="gabled" />
    <tag k="source" v="HiRes aerial imagery" />
  </way>
  <way id="-1000000101" visible="true">
    <nd ref="-647" />
    <nd ref="-648" />
    <nd ref="-649" />
    <nd ref="-650" />
    <nd ref="-651" />
    <nd ref="-652" />
    <nd ref="-653" />
    <nd ref="-654" />
    <nd ref="-647" />
    <tag k="building" v="apartments" />
    <tag k="building:levels" v="5" />
    <tag k="roof:shape" v="gabled" />
    <tag k="source" v="HiRes aerial imagery" />
  </way>
  <way id="-1000000102" visible="true">
    <nd ref="-655" />
    <nd ref="-656" />
    <nd ref="-657" />
    <nd ref="-658" />
    <nd ref="-655" />
    <tag k="building" v="apartments" />
    <tag k="building:levels" v="3" />
    <tag k="roof:shape" v="gabled" />
  </way>
  <way id="-1000000103" visible="true">
    <nd ref="-659" />
    <nd ref="-660" />
    <nd ref="-661" />
    <nd ref="-662" />
    <nd ref="-659" />
    <tag k="building" v="apartments" />
    <tag k="building:levels" v="4" />
    <tag k="roof:shape" v="gabled" />
    <tag k="source" v="HiRes aerial imagery" />
  </way>
  <way id="-1000000104" visible="true">
    <nd ref="-663" />
    <nd ref="-664" />
    <nd ref="-665" />
    <nd ref="-666" />
    <nd ref="-667" />
    <nd ref="-668" />
    <nd ref="-663" />
    <tag k="building" v="yes" />
  </way>
  <way id="-1000000105" visible="true">
    <nd ref="-669" />
    <nd ref="-670" />
    <nd ref="-671" />
    <nd ref="-672" />
    <nd ref="-669" />
    <tag k="building" v="apartments" />
    <tag k="building:levels" v="3" />
    <tag k="roof:levels" v="1" />
    <tag k="roof:shape" v="gabled" />
    <tag k="source" v="HiRes aerial imagery" />
  </way>
  <way id="-1000000106" visible="true">
    <nd ref="-673" />
    <nd ref="-674" />
    <nd ref="-675" />
    <nd ref="-676" />
    <nd ref="-673" />
    <tag k="building" v="apartments" />
    <tag k="building:levels" v="3" />
    <tag k="roof:shape" v="gabled" />
  </way>
  <way id="-1000000107" visible="true">
    <nd ref="-677" />
    <nd ref="-678" />
    <nd ref="-679" />
    <nd ref="-680" />
    <nd ref="-677" />
    <tag k="building" v="garages" />
  </way>
  <way id="-1000000108" visible="true">
    <nd ref="-681" />
    <nd ref="-682" />
    <nd ref="-683" />
    <nd ref="-684" />
    <nd ref="-685" />
    <nd ref="-686" />
    <nd ref="-687" />
    <nd ref="-688" />
    <nd ref="-681" />
    <tag k="building" v="yes" />
    <tag k="source" v="HiRes aerial imagery" />
  </way>
  <way id="-1000000109" visible="true">
    <nd ref="-689" />
    <nd ref="-690" />
    <nd ref="-691" />
    <nd ref="-692" />
    <nd ref="-693" />
    <nd ref="-694" />
    <nd ref="-695" />
    <nd ref="-696" />
    <nd ref="-697" />
    <nd ref="-698" />
    <nd ref="-699" />
    <nd ref="-700" />
    <nd ref="-701" />
    <nd ref="-702" />
    <nd ref="-703" />
    <nd ref="-704" />
    <nd ref="-689" />
    <tag k="building" v="apartments" />
    <tag k="building:levels" v="5" />
    <tag k="roof:shape" v="gabled" />
    <tag k="source" v="HiRes aerial imagery" />
  </way>
  <way id="-1000000110" visible="true">
    <nd ref="-705" />
    <nd ref="-706" />
    <nd ref="-707" />
    <nd ref="-708" />
    <nd ref="-705" />
    <tag k="building" v="garages" />
    <tag k="source" v="HiRes aerial imagery" />
  </way>
  <way id="-1000000111" visible="true">
    <nd ref="-709" />
    <nd ref="-710" />
    <nd ref="-711" />
    <nd ref="-712" />
    <nd ref="-709" />
    <tag k="building" v="apartments" />
    <tag k="building:levels" v="5" />
    <tag k="roof:shape" v="gabled" />
    <tag k="source" v="HiRes aerial imagery" />
  </way>
  <way id="-1000000112" visible="true">
    <nd ref="-713" />
    <nd ref="-714" />
    <nd ref="-715" />
    <nd ref="-716" />
    <nd ref="-713" />
    <tag k="building" v="apartments" />
    <tag k="building:levels" v="3" />
    <tag k="roof:shape" v="gabled" />
  </way>
  <way id="-1000000113" visible="true">
    <nd ref="-717" />
    <nd ref="-718" />
    <nd ref="-719" />
    <nd ref="-720" />
    <nd ref="-717" />
    <tag k="building" v="apartments" />
    <tag k="building:levels" v="5" />
    <tag k="roof:shape" v="gabled" />
    <tag k="source" v="HiRes aerial imagery" />
  </way>
  <way id="-1000000114" visible="true">
    <nd ref="-721" />
    <nd ref="-722" />
    <nd ref="-723" />
    <nd ref="-724" />
    <nd ref="-721" />
    <tag k="building" v="yes" />
  </way>
  <way id="-1000000115" visible="true">
    <nd ref="-725" />
    <nd ref="-726" />
    <nd ref="-727" />
    <nd ref="-728" />
    <nd ref="-725" />
    <tag k="building" v="apartments" />
    <tag k="building:levels" v="3" />
    <tag k="roof:shape" v="gabled" />
    <tag k="source" v="HiRes aerial imagery" />
  </way>
  <way id="-1000000116" visible="true">
    <nd ref="-729" />
    <nd ref="-730" />
    <nd ref="-731" />
    <nd ref="-732" />
    <nd ref="-733" />
    <nd ref="-734" />
    <nd ref="-735" />
    <nd ref="-736" />
    <nd ref="-737" />
    <nd ref="-738" />
    <nd ref="-739" />
    <nd ref="-740" />
    <nd ref="-729" />
    <tag k="building" v="apartments" />
    <tag k="building:levels" v="5" />
    <tag k="roof:shape" v="gabled" />
    <tag k="source" v="HiRes aerial imagery" />
  </way>
  <way id="-1000000117" visible="true">
    <nd ref="-741" />
    <nd ref="-742" />
    <nd ref="-743" />
    <nd ref="-744" />
    <nd ref="-741" />
    <tag k="building" v="apartments" />
    <tag k="building:levels" v="3" />
    <tag k="roof:shape" v="gabled" />
  </way>
  <way id="-1000000118" visible="true">
    <nd ref="-745" />
    <nd ref="-746" />
    <nd ref="-747" />
    <nd ref="-748" />
    <nd ref="-745" />
    <tag k="building" v="garages" />
    <tag k="source" v="HiRes aerial imagery" />
  </way>
  <way id="-1000000119" visible="true">
    <nd ref="-749" />
    <nd ref="-750" />
    <nd ref="-751" />
    <nd ref="-752" />
    <nd ref="-749" />
    <tag k="building" v="yes" />
  </way>
  <way id="-1000000120" visible="true">
    <nd ref="-753" />
    <nd ref="-754" />
    <nd ref="-755" />
    <nd ref="-756" />
    <nd ref="-753" />
    <tag k="building" v="yes" />
  </way>
  <way id="-1000000121" visible="true">
    <nd ref="-757" />
    <nd ref="-758" />
    <nd ref="-759" />
    <nd ref="-760" />
    <nd ref="-761" />
    <nd ref="-762" />
    <nd ref="-757" />
    <tag k="building" v="apartments" />
    <tag k="building:levels" v="3" />
    <tag k="roof:shape" v="flat" />
  </way>
  <way id="-1000000122" visible="true">
    <nd ref="-763" />
    <nd ref="-764" />
    <nd ref="-765" />
    <nd ref="-766" />
    <nd ref="-763" />
    <tag k="building" v="garages" />
  </way>
  <way id="-1000000123" visible="true">
    <nd ref="-767" />
    <nd ref="-768" />
    <nd ref="-769" />
    <nd ref="-770" />
    <nd ref="-771" />
    <nd ref="-772" />
    <nd ref="-767" />
    <tag k="building" v="yes" />
  </way>
  <way id="-1000000124" visible="true">
    <nd ref="-773" />
    <nd ref="-774" />
    <nd ref="-775" />
    <nd ref="-776" />
    <nd ref="-773" />
    <tag k="building" v="yes" />
  </way>
  <way id="-1000000125" visible="true">
    <nd ref="-777" />
    <nd ref="-778" />
    <nd ref="-779" />
    <nd ref="-780" />
    <nd ref="-777" />
    <tag k="building" v="apartments" />
    <tag k="building:levels" v="2" />
    <tag k="roof:levels" v="1" />
    <tag k="roof:shape" v="gabled" />
  </way>
  <way id="-1000000126" visible="true">
    <nd ref="-781" />
    <nd ref="-782" />
    <nd ref="-783" />
    <nd ref="-784" />
    <nd ref="-781" />
    <tag k="building" v="garages" />
  </way>
  <way id="-1000000127" visible="true">
    <nd ref="-785" />
    <nd ref="-786" />
    <nd ref="-787" />
    <nd ref="-788" />
    <nd ref="-785" />
    <tag k="building" v="garages" />
  </way>
  <way id="-1000000128" visible="true">
    <nd ref="-789" />
    <nd ref="-790" />
    <nd ref="-791" />
    <nd ref="-792" />
    <nd ref="-789" />
    <tag k="building" v="yes" />
  </way>
  <way id="-1000000129" visible="true">
    <nd ref="-793" />
    <nd ref="-794" />
    <nd ref="-795" />
    <nd ref="-796" />
    <nd ref="-797" />
    <nd ref="-798" />
    <nd ref="-793" />
    <tag k="building" v="yes" />
  </way>
  <way id="-1000000130" visible="true">
    <nd ref="-799" />
    <nd ref="-800" />
    <nd ref="-801" />
    <nd ref="-802" />
    <nd ref="-799" />
    <tag k="building" v="yes" />
  </way>
  <way id="-1000000131" visible="true">
    <nd ref="-803" />
    <nd ref="-804" />
    <nd ref="-805" />
    <nd ref="-806" />
    <nd ref="-803" />
    <tag k="addr:city" v="Ingolstadt" />
    <tag k="addr:country" v="DE" />
    <tag k="addr:housenumber" v="8 1/2" />
    <tag k="addr:postcode" v="85051" />
    <tag k="addr:street" v="Brückenkopf" />
    <tag k="building" v="yes" />
    <tag k="source" v="HiRes aerial imagery" />
  </way>
  <way id="-1000000132" visible="true">
    <nd ref="-807" />
    <nd ref="-808" />
    <nd ref="-809" />
    <nd ref="-810" />
    <nd ref="-811" />
    <nd ref="-812" />
    <nd ref="-813" />
    <nd ref="-814" />
    <nd ref="-815" />
    <nd ref="-816" />
    <nd ref="-817" />
    <nd ref="-818" />
    <nd ref="-819" />
    <nd ref="-820" />
    <nd ref="-821" />
    <nd ref="-822" />
    <nd ref="-823" />
    <nd ref="-807" />
    <tag k="addr:city" v="Ingolstadt" />
    <tag k="addr:country" v="DE" />
    <tag k="addr:housenumber" v="14a" />
    <tag k="addr:postcode" v="85051" />
    <tag k="addr:street" v="Brückenkopf" />
    <tag k="building" v="yes" />
    <tag k="source" v="HiRes aerial imagery" />
  </way>
  <way id="-1000000133" visible="true">
    <nd ref="-824" />
    <nd ref="-825" />
    <nd ref="-826" />
    <nd ref="-827" />
    <nd ref="-828" />
    <nd ref="-829" />
    <nd ref="-830" />
    <nd ref="-831" />
    <nd ref="-824" />
    <tag k="addr:city" v="Ingolstadt" />
    <tag k="addr:country" v="DE" />
    <tag k="addr:housenumber" v="1" />
    <tag k="addr:postcode" v="85053" />
    <tag k="addr:street" v="Hildegard-Knef-Straße" />
    <tag k="building" v="house" />
    <tag k="building:levels" v="4" />
  </way>
  <way id="-1000000134" visible="true">
    <nd ref="-832" />
    <nd ref="-833" />
    <nd ref="-834" />
    <nd ref="-835" />
    <nd ref="-836" />
    <nd ref="-837" />
    <nd ref="-838" />
    <nd ref="-839" />
    <nd ref="-832" />
    <tag k="building" v="yes" />
  </way>
  <way id="-1000000135" visible="true">
    <nd ref="-840" />
    <nd ref="-841" />
    <nd ref="-842" />
    <nd ref="-843" />
    <nd ref="-840" />
    <tag k="building" v="yes" />
  </way>
  <way id="-1000000136" visible="true">
    <nd ref="-844" />
    <nd ref="-845" />
    <nd ref="-846" />
    <nd ref="-847" />
    <nd ref="-844" />
    <tag k="building" v="yes" />
  </way>
  <way id="-1000000137" visible="true">
    <nd ref="-848" />
    <nd ref="-849" />
    <nd ref="-850" />
    <nd ref="-851" />
    <nd ref="-848" />
    <tag k="building" v="yes" />
  </way>
  <way id="-1000000138" visible="true">
    <nd ref="-852" />
    <nd ref="-853" />
    <nd ref="-854" />
    <nd ref="-855" />
    <nd ref="-852" />
    <tag k="addr:city" v="Ingolstadt" />
    <tag k="addr:country" v="DE" />
    <tag k="addr:housenumber" v="58" />
    <tag k="addr:postcode" v="85053" />
    <tag k="addr:street" v="Südliche Ringstraße" />
    <tag k="brand" v="Carglass" />
    <tag k="brand:wikidata" v="Q1035997" />
    <tag k="building" v="yes" />
    <tag k="name" v="Carglass" />
    <tag k="opening_hours" v="Mo-Fr 07:30-17:00; Sa 08:00-13:30" />
    <tag k="service:vehicle:glass" v="yes" />
    <tag k="shop" v="car_repair" />
    <tag k="website" v="https://www.carglass.de/" />
  </way>
  <way id="-1000000139" visible="true">
    <nd ref="-856" />
    <nd ref="-857" />
    <nd ref="-858" />
    <nd ref="-859" />
    <nd ref="-856" />
    <tag k="building" v="yes" />
  </way>
  <way id="-1000000140" visible="true">
    <nd ref="-860" />
    <nd ref="-861" />
    <nd ref="-862" />
    <nd ref="-863" />
    <nd ref="-860" />
    <tag k="building" v="yes" />
    <tag k="description" v="Parking entrance" />
    <tag k="source" v="HiRes aerial imagery" />
    <tag k="wheelchair" v="yes" />
  </way>
  <way id="-1000000141" visible="true">
    <nd ref="-864" />
    <nd ref="-865" />
    <nd ref="-807" />
    <nd ref="-823" />
    <nd ref="-866" />
    <nd ref="-867" />
    <nd ref="-864" />
    <tag k="addr:city" v="Ingolstadt" />
    <tag k="addr:country" v="DE" />
    <tag k="addr:housenumber" v="14" />
    <tag k="addr:postcode" v="85051" />
    <tag k="addr:street" v="Brückenkopf" />
    <tag k="building" v="yes" />
    <tag k="source" v="HiRes aerial imagery" />
  </way>
  <way id="-1000000142" visible="true">
    <nd ref="-867" />
    <nd ref="-864" />
    <nd ref="-868" />
    <nd ref="-869" />
    <nd ref="-867" />
    <tag k="addr:city" v="Ingolstadt" />
    <tag k="addr:country" v="DE" />
    <tag k="addr:housenumber" v="16" />
    <tag k="addr:postcode" v="85051" />
    <tag k="addr:street" v="Brückenkopf" />
    <tag k="building" v="yes" />
    <tag k="source" v="HiRes aerial imagery" />
  </way>
  <way id="-1000000143" visible="true">
    <nd ref="-870" />
    <nd ref="-871" />
    <nd ref="-872" />
    <nd ref="-873" />
    <nd ref="-870" />
    <tag k="building" v="yes" />
    <tag k="height" v="3.5" />
    <tag k="source" v="HiRes aerial imagery" />
  </way>
  <way id="-1000000144" visible="true">
    <nd ref="-874" />
    <nd ref="-875" />
    <nd ref="-876" />
    <nd ref="-877" />
    <nd ref="-874" />
    <tag k="building" v="yes" />
  </way>
  <way id="-1000000145" visible="true">
    <nd ref="-878" />
    <nd ref="-879" />
    <nd ref="-880" />
    <nd ref="-881" />
    <nd ref="-878" />
    <tag k="building" v="apartments" />
  </way>
  <way id="-1000000146" visible="true">
    <nd ref="-882" />
    <nd ref="-883" />
    <nd ref="-884" />
    <nd ref="-885" />
    <nd ref="-882" />
    <tag k="building" v="yes" />
    <tag k="source" v="HiRes aerial imagery" />
  </way>
  <way id="-1000000147" visible="true">
    <nd ref="-886" />
    <nd ref="-887" />
    <nd ref="-888" />
    <nd ref="-889" />
    <nd ref="-883" />
    <nd ref="-882" />
    <nd ref="-886" />
    <tag k="building" v="yes" />
    <tag k="source" v="HiRes aerial imagery" />
  </way>
  <way id="-1000000148" visible="true">
    <nd ref="-890" />
    <nd ref="-891" />
    <nd ref="-885" />
    <nd ref="-884" />
    <nd ref="-892" />
    <nd ref="-893" />
    <nd ref="-890" />
    <tag k="building" v="yes" />
    <tag k="source" v="HiRes aerial imagery" />
  </way>
  <way id="-1000000149" visible="true">
    <nd ref="-894" />
    <nd ref="-895" />
    <nd ref="-896" />
    <nd ref="-897" />
    <nd ref="-894" />
    <tag k="building" v="garage" />
  </way>
  <way id="-1000000150" visible="true">
    <nd ref="-898" />
    <nd ref="-899" />
    <nd ref="-900" />
    <nd ref="-901" />
    <nd ref="-898" />
    <tag k="building" v="yes" />
  </way>
  <way id="-1000000151" visible="true">
    <nd ref="-902" />
    <nd ref="-903" />
    <nd ref="-904" />
    <nd ref="-905" />
    <nd ref="-902" />
    <tag k="building" v="apartments" />
    <tag k="building:levels" v="2" />
    <tag k="roof:levels" v="1" />
    <tag k="roof:shape" v="gabled" />
  </way>
  <way id="-1000000152" visible="true">
    <nd ref="-906" />
    <nd ref="-907" />
    <nd ref="-908" />
    <nd ref="-909" />
    <nd ref="-906" />
    <tag k="building" v="residential" />
    <tag k="building:levels" v="4" />
    <tag k="roof:shape" v="mansard" />
  </way>
  <way id="-1000000153" visible="true">
    <nd ref="-910" />
    <nd ref="-911" />
    <nd ref="-912" />
    <nd ref="-913" />
    <nd ref="-910" />
    <tag k="building" v="yes" />
  </way>
  <way id="-1000000154" visible="true">
    <nd ref="-914" />
    <nd ref="-915" />
    <nd ref="-916" />
    <nd ref="-917" />
    <nd ref="-914" />
    <tag k="building" v="yes" />
  </way>
  <way id="-1000000155" visible="true">
    <nd ref="-918" />
    <nd ref="-919" />
    <nd ref="-920" />
    <nd ref="-921" />
    <nd ref="-918" />
    <tag k="building" v="yes" />
  </way>
  <way id="-1000000156" visible="true">
    <nd ref="-922" />
    <nd ref="-923" />
    <nd ref="-924" />
    <nd ref="-925" />
    <nd ref="-922" />
    <tag k="building" v="yes" />
  </way>
  <way id="-1000000157" visible="true">
    <nd ref="-926" />
    <nd ref="-927" />
    <nd ref="-928" />
    <nd ref="-929" />
    <nd ref="-926" />
    <tag k="building" v="yes" />
  </way>
  <way id="-1000000158" visible="true">
    <nd ref="-930" />
    <nd ref="-931" />
    <nd ref="-932" />
    <nd ref="-933" />
    <nd ref="-930" />
    <tag k="building" v="yes" />
  </way>
  <way id="-1000000159" visible="true">
    <nd ref="-934" />
    <nd ref="-935" />
    <nd ref="-936" />
    <nd ref="-937" />
    <nd ref="-934" />
    <tag k="building" v="apartments" />
    <tag k="building:levels" v="2" />
    <tag k="roof:shape" v="gabled" />
  </way>
  <way id="-1000000160" visible="true">
    <nd ref="-938" />
    <nd ref="-939" />
    <nd ref="-940" />
    <nd ref="-941" />
    <nd ref="-938" />
    <tag k="building" v="yes" />
  </way>
  <way id="-1000000161" visible="true">
    <nd ref="-942" />
    <nd ref="-943" />
    <nd ref="-944" />
    <nd ref="-945" />
    <nd ref="-946" />
    <nd ref="-947" />
    <nd ref="-942" />
    <tag k="addr:city" v="Ingolstadt" />
    <tag k="addr:housenumber" v="6" />
    <tag k="addr:postcode" v="85053" />
    <tag k="addr:street" v="Weningstraße" />
    <tag k="building" v="yes" />
  </way>
  <way id="-1000000162" visible="true">
    <nd ref="-948" />
    <nd ref="-949" />
    <nd ref="-950" />
    <nd ref="-951" />
    <nd ref="-952" />
    <nd ref="-953" />
    <nd ref="-948" />
    <tag k="addr:city" v="Ingolstadt" />
    <tag k="addr:country" v="DE" />
    <tag k="addr:housenumber" v="9" />
    <tag k="addr:postcode" v="85051" />
    <tag k="addr:street" v="Münchener Straße" />
    <tag k="building" v="yes" />
  </way>
  <way id="-1000000163" visible="true">
    <nd ref="-954" />
    <nd ref="-955" />
    <nd ref="-956" />
    <nd ref="-957" />
    <nd ref="-958" />
    <nd ref="-959" />
    <nd ref="-960" />
    <nd ref="-961" />
    <nd ref="-962" />
    <nd ref="-963" />
    <nd ref="-964" />
    <nd ref="-965" />
    <nd ref="-966" />
    <nd ref="-967" />
    <nd ref="-954" />
    <tag k="building" v="yes" />
  </way>
  <way id="-1000000164" visible="true">
    <nd ref="-968" />
    <nd ref="-969" />
    <nd ref="-970" />
    <nd ref="-971" />
    <nd ref="-972" />
    <nd ref="-973" />
    <nd ref="-974" />
    <nd ref="-975" />
    <nd ref="-976" />
    <nd ref="-977" />
    <nd ref="-978" />
    <nd ref="-979" />
    <nd ref="-980" />
    <nd ref="-981" />
    <nd ref="-968" />
    <tag k="building" v="yes" />
  </way>
  <way id="-1000000165" visible="true">
    <nd ref="-982" />
    <nd ref="-983" />
    <nd ref="-984" />
    <nd ref="-985" />
    <nd ref="-986" />
    <nd ref="-987" />
    <nd ref="-988" />
    <nd ref="-989" />
    <nd ref="-990" />
    <nd ref="-991" />
    <nd ref="-992" />
    <nd ref="-993" />
    <nd ref="-994" />
    <nd ref="-995" />
    <nd ref="-996" />
    <nd ref="-997" />
    <nd ref="-998" />
    <nd ref="-999" />
    <nd ref="-982" />
    <tag k="building" v="yes" />
  </way>
  <way id="-1000000166" visible="true">
    <nd ref="-1000" />
    <nd ref="-1001" />
    <nd ref="-1002" />
    <nd ref="-1003" />
    <nd ref="-1004" />
    <nd ref="-1005" />
    <nd ref="-1006" />
    <nd ref="-1007" />
    <nd ref="-1008" />
    <nd ref="-1009" />
    <nd ref="-1000" />
    <tag k="addr:city" v="Ingolstadt" />
    <tag k="addr:housenumber" v="11" />
    <tag k="addr:postcode" v="85051" />
    <tag k="addr:street" v="Stauffenbergstraße" />
    <tag k="building" v="yes" />
    <tag k="building:levels" v="3" />
  </way>
  <way id="-1000000167" visible="true">
    <nd ref="-1010" />
    <nd ref="-1011" />
    <nd ref="-1012" />
    <nd ref="-1013" />
    <nd ref="-1010" />
    <tag k="building" v="yes" />
  </way>
  <way id="-1000000168" visible="true">
    <nd ref="-1014" />
    <nd ref="-1015" />
    <nd ref="-1016" />
    <nd ref="-1017" />
    <nd ref="-1014" />
    <tag k="building" v="industrial" />
    <tag k="wikidata" v="Q126722007" />
  </way>
  <way id="-1000000169" visible="true">
    <nd ref="-1018" />
    <nd ref="-1019" />
    <nd ref="-1020" />
    <nd ref="-1021" />
    <nd ref="-1018" />
    <tag k="building" v="yes" />
  </way>
  <way id="-1000000170" visible="true">
    <nd ref="-1022" />
    <nd ref="-1023" />
    <nd ref="-1024" />
    <nd ref="-1025" />
    <nd ref="-1022" />
    <tag k="building" v="yes" />
    <tag k="height" v="3.5" />
  </way>
  <way id="-1000000171" visible="true">
    <nd ref="-1026" />
    <nd ref="-1027" />
    <nd ref="-1028" />
    <nd ref="-1029" />
    <nd ref="-1026" />
    <tag k="building" v="yes" />
    <tag k="height" v="3.5" />
  </way>
  <way id="-1000000172" visible="true">
    <nd ref="-1030" />
    <nd ref="-1031" />
    <nd ref="-1032" />
    <nd ref="-1033" />
    <nd ref="-1030" />
    <tag k="building" v="yes" />
  </way>
  <way id="-1000000173" visible="true">
    <nd ref="-1034" />
    <nd ref="-1035" />
    <nd ref="-1036" />
    <nd ref="-1037" />
    <nd ref="-1034" />
    <tag k="building" v="yes" />
  </way>
  <way id="-1000000174" visible="true">
    <nd ref="-1038" />
    <nd ref="-1039" />
    <nd ref="-1040" />
    <nd ref="-1041" />
    <nd ref="-1038" />
    <tag k="building" v="yes" />
  </way>
  <way id="-1000000175" visible="true">
    <nd ref="-1042" />
    <nd ref="-1043" />
    <nd ref="-1044" />
    <nd ref="-1045" />
    <nd ref="-1042" />
    <tag k="building" v="yes" />
  </way>
  <way id="-1000000176" visible="true">
    <nd ref="-1046" />
    <nd ref="-1047" />
    <nd ref="-1048" />
    <nd ref="-1049" />
    <nd ref="-1046" />
    <tag k="building" v="yes" />
    <tag k="height" v="3.5" />
  </way>
  <way id="-1000000177" visible="true">
    <nd ref="-1050" />
    <nd ref="-1051" />
    <nd ref="-1052" />
    <nd ref="-1053" />
    <nd ref="-1050" />
    <tag k="building" v="yes" />
    <tag k="height" v="3.5" />
  </way>
  <way id="-1000000178" visible="true">
    <nd ref="-1054" />
    <nd ref="-1055" />
    <nd ref="-1056" />
    <nd ref="-1057" />
    <nd ref="-1054" />
    <tag k="building" v="yes" />
    <tag k="height" v="3.5" />
  </way>
  <way id="-1000000179" visible="true">
    <nd ref="-1058" />
    <nd ref="-1059" />
    <nd ref="-1060" />
    <nd ref="-1061" />
    <nd ref="-1058" />
    <tag k="building" v="yes" />
  </way>
  <way id="-1000000180" visible="true">
    <nd ref="-1062" />
    <nd ref="-1063" />
    <nd ref="-1064" />
    <nd ref="-1065" />
    <nd ref="-1066" />
    <nd ref="-1067" />
    <nd ref="-1062" />
    <tag k="addr:city" v="Ingolstadt" />
    <tag k="addr:housenumber" v="11" />
    <tag k="addr:postcode" v="85051" />
    <tag k="addr:street" v="Stauffenbergstraße" />
    <tag k="building" v="yes" />
    <tag k="building:levels" v="2" />
    <tag k="description" v="Autohaus Stock ist seit 1994 geschlossen.&#10;Noch immer stehen im Verkaufsraum die alten Autos" />
    <tag k="name" v="Autohaus Stock" />
    <tag k="opening_hours" v="closed" />
    <tag k="shop" v="car" />
    <tag k="source" v="https://timelesscars.jimdofree.com/autohaus-stock/" />
  </way>
  <way id="-1000000181" visible="true">
    <nd ref="-1068" />
    <nd ref="-1069" />
    <nd ref="-1070" />
    <nd ref="-1071" />
    <nd ref="-1072" />
    <nd ref="-1068" />
    <tag k="building" v="yes" />
    <tag k="building:levels" v="6" />
    <tag k="name" v="Hotel und Business Center Ingolstadt" />
    <tag k="roof:levels" v="1" />
    <tag k="roof:shape" v="flat" />
    <tag k="source" v="Bing(2012)" />
  </way>
  <way id="-1000000182" visible="true">
    <nd ref="-1073" />
    <nd ref="-1074" />
    <nd ref="-1075" />
    <nd ref="-1076" />
    <nd ref="-1077" />
    <nd ref="-1073" />
    <tag k="building" v="yes" />
  </way>
  <way id="-1000000183" visible="true">
    <nd ref="-1078" />
    <nd ref="-1079" />
    <nd ref="-1080" />
    <nd ref="-1081" />
    <nd ref="-1082" />
    <nd ref="-1083" />
    <nd ref="-1084" />
    <nd ref="-1085" />
    <nd ref="-1086" />
    <nd ref="-1087" />
    <nd ref="-1078" />
    <tag k="addr:city" v="Ingolstadt" />
    <tag k="addr:country" v="DE" />
    <tag k="addr:housenumber" v="62" />
    <tag k="addr:postcode" v="85053" />
    <tag k="addr:street" v="Südliche Ringstraße" />
    <tag k="amenity" v="fuel" />
    <tag k="brand" v="Bavaria Petrol" />
    <tag k="building" v="roof" />
    <tag k="compressed_air" v="yes" />
    <tag k="contact:email" v="vasile.turcas@web.de" />
    <tag k="contact:fax" v="+49 841 62558" />
    <tag k="contact:phone" v="+49 841 62593" />
    <tag k="contact:website" v="http://www.bavaria-petrol.de/" />
    <tag k="fuel:biodiesel" v="yes" />
    <tag k="fuel:diesel" v="yes" />
    <tag k="fuel:e10" v="yes" />
    <tag k="fuel:octane_95" v="yes" />
    <tag k="fuel:octane_98" v="yes" />
    <tag k="layer" v="1" />
    <tag k="name" v="Bavaria Petrol" />
    <tag k="opening_hours" v="24/7" />
    <tag k="operator" v="Vasile Turcas" />
    <tag k="payment:account_cards" v="yes" />
    <tag k="payment:coins" v="yes" />
    <tag k="payment:credit_cards" v="yes" />
    <tag k="payment:debit_cards" v="yes" />
    <tag k="payment:electronic_purses" v="yes" />
    <tag k="payment:notes" v="yes" />
    <tag k="shop" v="yes" />
    <tag k="wheelchair" v="yes" />
  </way>
  <way id="-1000000184" visible="true">
    <nd ref="-1088" />
    <nd ref="-1089" />
    <nd ref="-1090" />
    <nd ref="-1091" />
    <nd ref="-1088" />
    <tag k="building" v="yes" />
  </way>
  <way id="-1000000185" visible="true">
    <nd ref="-1092" />
    <nd ref="-1093" />
    <nd ref="-1094" />
    <nd ref="-1095" />
    <nd ref="-1092" />
    <tag k="building" v="yes" />
  </way>
  <way id="-1000000186" visible="true">
    <nd ref="-1096" />
    <nd ref="-1097" />
    <nd ref="-1098" />
    <nd ref="-1099" />
    <nd ref="-1096" />
    <tag k="building" v="yes" />
  </way>
  <way id="-1000000187" visible="true">
    <nd ref="-1100" />
    <nd ref="-1101" />
    <nd ref="-1102" />
    <nd ref="-1103" />
    <nd ref="-1100" />
    <tag k="building" v="yes" />
  </way>
  <way id="-1000000188" visible="true">
    <nd ref="-1104" />
    <nd ref="-1105" />
    <nd ref="-1106" />
    <nd ref="-1107" />
    <nd ref="-1104" />
    <tag k="building" v="yes" />
  </way>
  <way id="-1000000189" visible="true">
    <nd ref="-1108" />
    <nd ref="-1109" />
    <nd ref="-1110" />
    <nd ref="-1111" />
    <nd ref="-1108" />
    <tag k="building" v="garage" />
  </way>
  <way id="-1000000190" visible="true">
    <nd ref="-1112" />
    <nd ref="-1113" />
    <nd ref="-1114" />
    <nd ref="-1115" />
    <nd ref="-1112" />
    <tag k="building" v="yes" />
  </way>
  <way id="-1000000191" visible="true">
    <nd ref="-1116" />
    <nd ref="-1117" />
    <nd ref="-1118" />
    <nd ref="-1119" />
    <nd ref="-1116" />
    <tag k="addr:city" v="Ingolstadt" />
    <tag k="addr:country" v="DE" />
    <tag k="addr:housenumber" v="13" />
    <tag k="addr:postcode" v="85051" />
    <tag k="addr:street" v="Münchener Straße" />
    <tag k="building" v="yes" />
  </way>
  <way id="-1000000192" visible="true">
    <nd ref="-1120" />
    <nd ref="-1116" />
    <nd ref="-1119" />
    <nd ref="-1121" />
    <nd ref="-1120" />
    <tag k="addr:city" v="Ingolstadt" />
    <tag k="addr:country" v="DE" />
    <tag k="addr:housenumber" v="11" />
    <tag k="addr:postcode" v="85051" />
    <tag k="addr:street" v="Münchener Straße" />
    <tag k="building" v="yes" />
  </way>
  <way id="-1000000193" visible="true">
    <nd ref="-1122" />
    <nd ref="-1123" />
    <nd ref="-1124" />
    <nd ref="-1125" />
    <nd ref="-1122" />
    <tag k="building" v="yes" />
    <tag k="source" v="HiRes aerial imagery" />
  </way>
  <way id="-1000000194" visible="true">
    <nd ref="-1126" />
    <nd ref="-1127" />
    <nd ref="-1128" />
    <nd ref="-1129" />
    <nd ref="-1126" />
    <tag k="building" v="yes" />
    <tag k="source" v="HiRes aerial imagery" />
  </way>
  <way id="-1000000195" visible="true">
    <nd ref="-1130" />
    <nd ref="-1129" />
    <nd ref="-1128" />
    <nd ref="-1124" />
    <nd ref="-1123" />
    <nd ref="-1131" />
    <nd ref="-1130" />
    <tag k="building" v="yes" />
    <tag k="name" v="Erotik Shop" />
    <tag k="shop" v="erotic" />
    <tag k="source" v="HiRes aerial imagery" />
  </way>
  <way id="-1000000196" visible="true">
    <nd ref="-1132" />
    <nd ref="-1133" />
    <nd ref="-1134" />
    <nd ref="-1135" />
    <nd ref="-1136" />
    <nd ref="-1137" />
    <nd ref="-1138" />
    <nd ref="-1139" />
    <nd ref="-1132" />
    <tag k="addr:city" v="Ingolstadt" />
    <tag k="addr:country" v="DE" />
    <tag k="addr:housename" v="Studentenwohnheim des Studentenwerk Erlangen Nürnberg" />
    <tag k="addr:housenumber" v="3" />
    <tag k="addr:postcode" v="85053" />
    <tag k="addr:street" v="Hildegard-Knef-Straße" />
    <tag k="building" v="dormitory" />
    <tag k="building:levels" v="3" />
    <tag k="operator" v="Studentenwerk Erlangen Nürnberg" />
    <tag k="roof:shape" v="gabled" />
    <tag k="website" v="https://www.werkswelt.de/" />
    <tag k="wheelchair" v="yes" />
  </way>
  <way id="-1000000197" visible="true">
    <nd ref="-1140" />
    <nd ref="-1141" />
    <nd ref="-1142" />
    <nd ref="-1143" />
    <nd ref="-1144" />
    <nd ref="-1145" />
    <nd ref="-1146" />
    <nd ref="-1147" />
    <nd ref="-1140" />
    <tag k="addr:city" v="Ingolstadt" />
    <tag k="addr:country" v="DE" />
    <tag k="addr:housename" v="Studentenwohnheim des Studentenwerk Erlangen Nürnberg" />
    <tag k="addr:housenumber" v="5" />
    <tag k="addr:postcode" v="85053" />
    <tag k="addr:street" v="Hildegard-Knef-Straße" />
    <tag k="building" v="dormitory" />
    <tag k="building:levels" v="3" />
    <tag k="operator" v="Studentenwerk Erlangen Nürnberg" />
    <tag k="website" v="https://www.werkswelt.de/" />
    <tag k="wheelchair" v="yes" />
  </way>
  <way id="-1000000198" visible="true">
    <nd ref="-1148" />
    <nd ref="-1149" />
    <nd ref="-1150" />
    <nd ref="-1151" />
    <nd ref="-1152" />
    <nd ref="-1153" />
    <nd ref="-1154" />
    <nd ref="-1155" />
    <nd ref="-1148" />
    <tag k="addr:city" v="Ingolstadt" />
    <tag k="addr:country" v="DE" />
    <tag k="addr:housenumber" v="7" />
    <tag k="addr:postcode" v="85053" />
    <tag k="addr:street" v="Hildegard-Knef-Straße" />
    <tag k="building" v="house" />
    <tag k="building:levels" v="4" />
    <tag k="roof:levels" v="1" />
  </way>
  <way id="-1000000199" visible="true">
    <nd ref="-1156" />
    <nd ref="-1157" />
    <nd ref="-1158" />
    <nd ref="-1159" />
    <nd ref="-1156" />
    <tag k="building" v="yes" />
    <tag k="source" v="Bing(2012)" />
  </way>
  <way id="-1000000200" visible="true">
    <nd ref="-1160" />
    <nd ref="-1161" />
    <nd ref="-1162" />
    <nd ref="-1163" />
    <nd ref="-1160" />
    <tag k="building" v="garage" />
  </way>
  <way id="-1000000201" visible="true">
    <nd ref="-1164" />
    <nd ref="-1165" />
    <nd ref="-1166" />
    <nd ref="-1167" />
    <nd ref="-1164" />
    <tag k="building" v="garage" />
  </way>
  <way id="-1000000202" visible="true">
    <nd ref="-1168" />
    <nd ref="-1169" />
    <nd ref="-1170" />
    <nd ref="-1171" />
    <nd ref="-1168" />
    <tag k="building" v="residential" />
    <tag k="building:levels" v="2" />
    <tag k="roof:shape" v="gabled" />
  </way>
  <way id="-1000000203" visible="true">
    <nd ref="-1172" />
    <nd ref="-1173" />
    <nd ref="-1174" />
    <nd ref="-1175" />
    <nd ref="-1172" />
    <tag k="building" v="garage" />
  </way>
  <way id="-1000000204" visible="true">
    <nd ref="-1176" />
    <nd ref="-1177" />
    <nd ref="-1178" />
    <nd ref="-1179" />
    <nd ref="-1176" />
    <tag k="building" v="garage" />
  </way>
  <way id="-1000000205" visible="true">
    <nd ref="-1180" />
    <nd ref="-1181" />
    <nd ref="-1182" />
    <nd ref="-1183" />
    <nd ref="-1180" />
    <tag k="building" v="garage" />
  </way>
  <way id="-1000000206" visible="true">
    <nd ref="-1184" />
    <nd ref="-1185" />
    <nd ref="-1186" />
    <nd ref="-1187" />
    <nd ref="-1184" />
    <tag k="building" v="garage" />
  </way>
  <way id="-1000000207" visible="true">
    <nd ref="-1188" />
    <nd ref="-1189" />
    <nd ref="-1190" />
    <nd ref="-1191" />
    <nd ref="-1188" />
    <tag k="building" v="garage" />
  </way>
  <way id="-1000000208" visible="true">
    <nd ref="-1192" />
    <nd ref="-1193" />
    <nd ref="-1194" />
    <nd ref="-1195" />
    <nd ref="-1196" />
    <nd ref="-1197" />
    <nd ref="-1192" />
    <tag k="addr:city" v="Ingolstadt" />
    <tag k="addr:country" v="DE" />
    <tag k="addr:housenumber" v="23a" />
    <tag k="addr:street" v="Pettenkoferstraße" />
    <tag k="amenity" v="fast_food" />
    <tag k="building" v="yes" />
    <tag k="cuisine" v="kebab" />
    <tag k="name" v="Ali Riza Efendi Döner Imbiss" />
  </way>
  <way id="-1000000209" visible="true">
    <nd ref="-601" />
    <nd ref="-1198" />
    <nd ref="-1199" />
    <nd ref="-602" />
    <nd ref="-601" />
    <tag k="amenity" v="fast_food" />
    <tag k="building" v="yes" />
    <tag k="cuisine" v="kebab" />
    <tag k="name" v="Solmaz Kebap" />
    <tag k="opening_hours" v="Mo-Fr 10:00-20:00; Sa 11:00-20:00; PH,Su off" />
    <tag k="operator" v="Tevfik Solmaz" />
    <tag k="phone" v="+49 176 96643341" />
    <tag k="wheelchair" v="yes" />
  </way>
  <way id="-1000000210" visible="true">
    <nd ref="-1200" />
    <nd ref="-1201" />
    <nd ref="-1202" />
    <nd ref="-1203" />
    <nd ref="-1200" />
    <tag k="building" v="garage" />
  </way>
  <way id="-1000000211" visible="true">
    <nd ref="-1204" />
    <nd ref="-1205" />
    <nd ref="-1206" />
    <nd ref="-1207" />
    <nd ref="-1204" />
    <tag k="building" v="garage" />
  </way>
  <way id="-1000000212" visible="true">
    <nd ref="-1208" />
    <nd ref="-1209" />
    <nd ref="-1210" />
    <nd ref="-1211" />
    <nd ref="-1208" />
    <tag k="building" v="garage" />
  </way>
  <way id="-1000000213" visible="true">
    <nd ref="-1212" />
    <nd ref="-1213" />
    <nd ref="-1214" />
    <nd ref="-1215" />
    <nd ref="-1212" />
    <tag k="building" v="house" />
    <tag k="building:levels" v="4" />
  </way>
  <way id="-1000000214" visible="true">
    <nd ref="-1216" />
    <nd ref="-1217" />
    <nd ref="-1218" />
    <nd ref="-1219" />
    <nd ref="-1216" />
    <tag k="addr:housenumber" v="6" />
    <tag k="addr:street" v="Romy-Schneider-Straße" />
    <tag k="building" v="residential" />
    <tag k="building:levels" v="4" />
    <tag k="note" v="WA 19.1" />
  </way>
  <way id="-1000000215" visible="true">
    <nd ref="-1220" />
    <nd ref="-1221" />
    <nd ref="-1222" />
    <nd ref="-1223" />
    <nd ref="-1220" />
    <tag k="building" v="house" />
    <tag k="building:levels" v="4" />
  </way>
  <way id="-1000000216" visible="true">
    <nd ref="-1224" />
    <nd ref="-1225" />
    <nd ref="-1226" />
    <nd ref="-1227" />
    <nd ref="-1228" />
    <nd ref="-1229" />
    <nd ref="-1230" />
    <nd ref="-1231" />
    <nd ref="-1232" />
    <nd ref="-1233" />
    <nd ref="-1234" />
    <nd ref="-1235" />
    <nd ref="-1224" />
    <tag k="building" v="yes" />
    <tag k="building:levels" v="1" />
    <tag k="height" v="4" />
  </way>
  <way id="-1000000217" visible="true">
    <nd ref="-1236" />
    <nd ref="-1237" />
    <nd ref="-1238" />
    <nd ref="-1239" />
    <nd ref="-1240" />
    <nd ref="-1241" />
    <nd ref="-1242" />
    <nd ref="-1243" />
    <nd ref="-1244" />
    <nd ref="-1236" />
    <tag k="addr:city" v="Ingolstadt" />
    <tag k="addr:country" v="DE" />
    <tag k="addr:housenumber" v="2" />
    <tag k="addr:postcode" v="85053" />
    <tag k="addr:street" v="Liegnitzer Straße" />
    <tag k="branch" v="Fanderl Liegnitzer Straße" />
    <tag k="brand" v="Edeka" />
    <tag k="brand:wikidata" v="Q701755" />
    <tag k="brand:wikipedia" v="de:Edeka" />
    <tag k="building" v="retail" />
    <tag k="check_date:opening_hours" v="2025-12-31" />
    <tag k="contact:phone" v="+49 841 93159912" />
    <tag k="contact:website" v="https://www.edeka-fanderl.de/" />
    <tag k="currency:EUR" v="yes" />
    <tag k="name" v="EDEKA" />
    <tag k="opening_hours" v="Mo-Sa 07:00-20:00; Su,PH off" />
    <tag k="operator" v="Reiner Fanderl GmbH &amp; Co. KG" />
    <tag k="organic" v="yes" />
    <tag k="payment:apple_pay" v="yes" />
    <tag k="payment:cash" v="yes" />
    <tag k="payment:coins" v="yes" />
    <tag k="payment:contactless" v="yes" />
    <tag k="payment:girocard" v="yes" />
    <tag k="payment:google_pay" v="yes" />
    <tag k="payment:nfc" v="yes" />
    <tag k="payment:visa" v="yes" />
    <tag k="shop" v="supermarket" />
    <tag k="toilets:wheelchair" v="yes" />
    <tag k="wheelchair" v="yes" />
  </way>
  <way id="-1000000218" visible="true">
    <nd ref="-1245" />
    <nd ref="-1246" />
    <nd ref="-1247" />
    <nd ref="-1248" />
    <nd ref="-1249" />
    <nd ref="-1250" />
    <nd ref="-1251" />
    <nd ref="-1252" />
    <nd ref="-1253" />
    <nd ref="-1245" />
    <tag k="addr:housenumber" v="10" />
    <tag k="addr:postcode" v="85053" />
    <tag k="addr:street" v="Erni-Singerl-Straße" />
    <tag k="building" v="yes" />
    <tag k="building:levels" v="4" />
  </way>
  <way id="-1000000219" visible="true">
    <nd ref="-1254" />
    <nd ref="-1255" />
    <nd ref="-1256" />
    <nd ref="-1257" />
    <nd ref="-1258" />
    <nd ref="-1259" />
    <nd ref="-1260" />
    <nd ref="-1261" />
    <nd ref="-1254" />
    <tag k="addr:housenumber" v="8" />
    <tag k="addr:postcode" v="85053" />
    <tag k="addr:street" v="Erni-Singerl-Straße" />
    <tag k="building" v="apartments" />
    <tag k="building:levels" v="4" />
    <tag k="source" v="survey" />
  </way>
  <way id="-1000000220" visible="true">
    <nd ref="-1262" />
    <nd ref="-1263" />
    <nd ref="-1264" />
    <nd ref="-1265" />
    <nd ref="-1266" />
    <nd ref="-1267" />
    <nd ref="-1268" />
    <nd ref="-1269" />
    <nd ref="-1262" />
    <tag k="addr:housenumber" v="8c" />
    <tag k="addr:postcode" v="85053" />
    <tag k="addr:street" v="Erni-Singerl-Straße" />
    <tag k="building" v="apartments" />
    <tag k="building:levels" v="4" />
    <tag k="source" v="survey" />
  </way>
  <way id="-1000000221" visible="true">
    <nd ref="-1270" />
    <nd ref="-1271" />
    <nd ref="-1272" />
    <nd ref="-1273" />
    <nd ref="-1274" />
    <nd ref="-1275" />
    <nd ref="-1276" />
    <nd ref="-1277" />
    <nd ref="-1270" />
    <tag k="addr:city" v="Ingolstadt" />
    <tag k="addr:country" v="DE" />
    <tag k="addr:housenumber" v="10c" />
    <tag k="addr:street" v="Inge-Meysel-Straße" />
    <tag k="building" v="apartments" />
    <tag k="building:levels" v="4" />
  </way>
  <way id="-1000000222" visible="true">
    <nd ref="-1278" />
    <nd ref="-1279" />
    <nd ref="-1280" />
    <nd ref="-1281" />
    <nd ref="-1282" />
    <nd ref="-1283" />
    <nd ref="-1284" />
    <nd ref="-1285" />
    <nd ref="-1278" />
    <tag k="addr:city" v="Ingolstadt" />
    <tag k="addr:country" v="DE" />
    <tag k="addr:housenumber" v="10b" />
    <tag k="addr:street" v="Inge-Meysel-Straße" />
    <tag k="building" v="apartments" />
    <tag k="building:levels" v="3" />
  </way>
  <way id="-1000000223" visible="true">
    <nd ref="-1286" />
    <nd ref="-1287" />
    <nd ref="-1288" />
    <nd ref="-1289" />
    <nd ref="-1290" />
    <nd ref="-1291" />
    <nd ref="-1292" />
    <nd ref="-1293" />
    <nd ref="-1286" />
    <tag k="addr:housenumber" v="10a" />
    <tag k="addr:postcode" v="85053" />
    <tag k="addr:street" v="Erni-Singerl-Straße" />
    <tag k="building" v="apartments" />
    <tag k="building:levels" v="3" />
  </way>
  <way id="-1000000224" visible="true">
    <nd ref="-1294" />
    <nd ref="-1295" />
    <nd ref="-1296" />
    <nd ref="-1297" />
    <nd ref="-1298" />
    <nd ref="-1299" />
    <nd ref="-1300" />
    <nd ref="-1301" />
    <nd ref="-1294" />
    <tag k="addr:housenumber" v="8a" />
    <tag k="addr:postcode" v="85053" />
    <tag k="addr:street" v="Erni-Singerl-Straße" />
    <tag k="building" v="apartments" />
    <tag k="building:levels" v="3" />
    <tag k="source" v="survey" />
  </way>
  <way id="-1000000225" visible="true">
    <nd ref="-1302" />
    <nd ref="-1303" />
    <nd ref="-1304" />
    <nd ref="-1305" />
    <nd ref="-1306" />
    <nd ref="-1307" />
    <nd ref="-1308" />
    <nd ref="-1309" />
    <nd ref="-1310" />
    <nd ref="-1311" />
    <nd ref="-1302" />
    <tag k="addr:housenumber" v="8b" />
    <tag k="addr:postcode" v="85053" />
    <tag k="addr:street" v="Erni-Singerl-Straße" />
    <tag k="building" v="apartments" />
    <tag k="building:levels" v="3" />
    <tag k="source" v="survey" />
  </way>
  <way id="-1000000226" visible="true">
    <nd ref="-1312" />
    <nd ref="-1313" />
    <nd ref="-1314" />
    <nd ref="-1315" />
    <nd ref="-1316" />
    <nd ref="-1317" />
    <nd ref="-1312" />
    <tag k="addr:housenumber" v="9" />
    <tag k="addr:street" v="Wertingerstraße" />
    <tag k="building" v="apartments" />
    <tag k="building:levels" v="4" />
    <tag k="roof:shape" v="flat" />
  </way>
  <way id="-1000000227" visible="true">
    <nd ref="-535" />
    <nd ref="-532" />
    <nd ref="-1318" />
    <nd ref="-1319" />
    <nd ref="-1320" />
    <nd ref="-535" />
    <tag k="building" v="garages" />
    <tag k="source" v="HiRes aerial imagery" />
  </way>
  <way id="-1000000228" visible="true">
    <nd ref="-1321" />
    <nd ref="-1322" />
    <nd ref="-1323" />
    <nd ref="-1324" />
    <nd ref="-1321" />
    <tag k="building" v="yes" />
    <tag k="operator" v="Stadtwerke Ingolstadt" />
    <tag k="operator:wikidata" v="Q2328520" />
    <tag k="power" v="substation" />
  </way>
  <way id="-1000000229" visible="true">
    <nd ref="-1325" />
    <nd ref="-1326" />
    <nd ref="-1327" />
    <nd ref="-1328" />
    <nd ref="-1329" />
    <nd ref="-1325" />
    <tag k="addr:city" v="Ingolstadt" />
    <tag k="addr:country" v="DE" />
    <tag k="addr:housenumber" v="10" />
    <tag k="addr:street" v="Inge-Meysel-Straße" />
    <tag k="building" v="apartments" />
  </way>
  <way id="-1000000230" visible="true">
    <nd ref="-1330" />
    <nd ref="-1331" />
    <nd ref="-1332" />
    <nd ref="-1333" />
    <nd ref="-1334" />
    <nd ref="-1335" />
    <nd ref="-1330" />
    <tag k="addr:city" v="Ingolstadt" />
    <tag k="addr:country" v="DE" />
    <tag k="addr:housenumber" v="10a" />
    <tag k="addr:street" v="Inge-Meysel-Straße" />
    <tag k="building" v="apartments" />
    <tag k="building:levels" v="3" />
  </way>
  <way id="-1000000231" visible="true">
    <nd ref="-1336" />
    <nd ref="-1337" />
    <nd ref="-1338" />
    <nd ref="-1339" />
    <nd ref="-1340" />
    <nd ref="-1341" />
    <nd ref="-1336" />
    <tag k="addr:city" v="Ingolstadt" />
    <tag k="addr:country" v="DE" />
    <tag k="addr:housenumber" v="12" />
    <tag k="addr:street" v="Inge-Meysel-Straße" />
    <tag k="building" v="apartments" />
    <tag k="building:levels" v="3" />
  </way>
  <way id="-1000000232" visible="true">
    <nd ref="-1342" />
    <nd ref="-1343" />
    <nd ref="-1344" />
    <nd ref="-1345" />
    <nd ref="-1346" />
    <nd ref="-1347" />
    <nd ref="-1348" />
    <nd ref="-1342" />
    <tag k="addr:city" v="Ingolstadt" />
    <tag k="addr:country" v="DE" />
    <tag k="addr:housenumber" v="9" />
    <tag k="addr:street" v="Inge-Meysel-Straße" />
    <tag k="building" v="apartments" />
    <tag k="building:levels" v="3" />
  </way>
  <way id="-1000000233" visible="true">
    <nd ref="-1349" />
    <nd ref="-1350" />
    <nd ref="-1351" />
    <nd ref="-1352" />
    <nd ref="-1353" />
    <nd ref="-1354" />
    <nd ref="-1355" />
    <nd ref="-1356" />
    <nd ref="-1357" />
    <nd ref="-1358" />
    <nd ref="-1359" />
    <nd ref="-1360" />
    <nd ref="-1349" />
    <tag k="addr:city" v="Ingolstadt" />
    <tag k="addr:country" v="DE" />
    <tag k="addr:housenumber" v="9b" />
    <tag k="addr:street" v="Inge-Meysel-Straße" />
    <tag k="building" v="apartments" />
    <tag k="building:levels" v="3" />
  </way>
  <way id="-1000000234" visible="true">
    <nd ref="-1361" />
    <nd ref="-1362" />
    <nd ref="-1363" />
    <nd ref="-1364" />
    <nd ref="-1365" />
    <nd ref="-1366" />
    <nd ref="-1367" />
    <nd ref="-1368" />
    <nd ref="-1369" />
    <nd ref="-1370" />
    <nd ref="-1361" />
    <tag k="addr:city" v="Ingolstadt" />
    <tag k="addr:country" v="DE" />
    <tag k="addr:housenumber" v="9c" />
    <tag k="addr:street" v="Inge-Meysel-Straße" />
    <tag k="building" v="apartments" />
    <tag k="building:levels" v="3" />
  </way>
  <way id="-1000000235" visible="true">
    <nd ref="-1371" />
    <nd ref="-1372" />
    <nd ref="-1373" />
    <nd ref="-1374" />
    <nd ref="-1375" />
    <nd ref="-1376" />
    <nd ref="-1377" />
    <nd ref="-1378" />
    <nd ref="-1371" />
    <tag k="addr:city" v="Ingolstadt" />
    <tag k="addr:country" v="DE" />
    <tag k="addr:housenumber" v="11a" />
    <tag k="addr:street" v="Inge-Meysel-Straße" />
    <tag k="building" v="apartments" />
    <tag k="building:levels" v="3" />
  </way>
  <way id="-1000000236" visible="true">
    <nd ref="-1379" />
    <nd ref="-1380" />
    <nd ref="-1381" />
    <nd ref="-1382" />
    <nd ref="-1383" />
    <nd ref="-1384" />
    <nd ref="-1385" />
    <nd ref="-1386" />
    <nd ref="-1387" />
    <nd ref="-1388" />
    <nd ref="-1379" />
    <tag k="addr:city" v="Ingolstadt" />
    <tag k="addr:country" v="DE" />
    <tag k="addr:housenumber" v="11" />
    <tag k="addr:street" v="Inge-Meysel-Straße" />
    <tag k="building" v="apartments" />
    <tag k="building:levels" v="3" />
  </way>
  <way id="-1000000237" visible="true">
    <nd ref="-1389" />
    <nd ref="-1390" />
    <nd ref="-1391" />
    <nd ref="-1392" />
    <nd ref="-1393" />
    <nd ref="-1394" />
    <nd ref="-1395" />
    <nd ref="-1396" />
    <nd ref="-1389" />
    <tag k="addr:city" v="Ingolstadt" />
    <tag k="addr:country" v="DE" />
    <tag k="addr:housenumber" v="11b" />
    <tag k="addr:street" v="Inge-Meysel-Straße" />
    <tag k="building" v="apartments" />
    <tag k="building:levels" v="3" />
  </way>
  <way id="-1000000238" visible="true">
    <nd ref="-1397" />
    <nd ref="-1398" />
    <nd ref="-1399" />
    <nd ref="-1400" />
    <nd ref="-1401" />
    <nd ref="-1402" />
    <nd ref="-1403" />
    <nd ref="-1404" />
    <nd ref="-1405" />
    <nd ref="-1406" />
    <nd ref="-1397" />
    <tag k="addr:city" v="Ingolstadt" />
    <tag k="addr:country" v="DE" />
    <tag k="addr:housenumber" v="11c" />
    <tag k="addr:street" v="Inge-Meysel-Straße" />
    <tag k="building" v="apartments" />
    <tag k="building:levels" v="3" />
  </way>
  <way id="-1000000239" visible="true">
    <nd ref="-1407" />
    <nd ref="-1408" />
    <nd ref="-1409" />
    <nd ref="-1410" />
    <nd ref="-1411" />
    <nd ref="-1407" />
    <tag k="addr:city" v="Ingolstadt" />
    <tag k="addr:country" v="DE" />
    <tag k="addr:housenumber" v="1" />
    <tag k="addr:postcode" v="85053" />
    <tag k="addr:street" v="Erni-Singerl-Straße" />
    <tag k="amenity" v="social_facility" />
    <tag k="brand" v="Diakonie" />
    <tag k="brand:wikidata" v="Q126501" />
    <tag k="building" v="yes" />
    <tag k="building:levels" v="5" />
    <tag k="name" v="Matthäus-Stift" />
    <tag k="note" v="position und größe geschätzt" />
    <tag k="operator" v="Diakonie" />
    <tag k="social_facility" v="nursing_home" />
  </way>
  <way id="-1000000240" visible="true">
    <nd ref="-1412" />
    <nd ref="-1413" />
    <nd ref="-1414" />
    <nd ref="-1415" />
    <nd ref="-1416" />
    <nd ref="-1417" />
    <nd ref="-1418" />
    <nd ref="-1419" />
    <nd ref="-1420" />
    <nd ref="-1412" />
    <tag k="addr:housenumber" v="6a" />
    <tag k="addr:postcode" v="85053" />
    <tag k="addr:street" v="Erni-Singerl-Straße" />
    <tag k="building" v="apartments" />
    <tag k="building:levels" v="3" />
  </way>
  <way id="-1000000241" visible="true">
    <nd ref="-1421" />
    <nd ref="-1422" />
    <nd ref="-1423" />
    <nd ref="-1424" />
    <nd ref="-1425" />
    <nd ref="-1426" />
    <nd ref="-1427" />
    <nd ref="-1428" />
    <nd ref="-1421" />
    <tag k="addr:housenumber" v="7" />
    <tag k="addr:postcode" v="85053" />
    <tag k="addr:street" v="Erni-Singerl-Straße" />
    <tag k="amenity" v="kindergarten" />
    <tag k="building" v="yes" />
    <tag k="name" v="vier elemente" />
    <tag k="website" v="https://vier-elemente-kinderkrippe.de/home/" />
  </way>
  <way id="-1000000242" visible="true">
    <nd ref="-1429" />
    <nd ref="-1430" />
    <nd ref="-1431" />
    <nd ref="-1432" />
    <nd ref="-1433" />
    <nd ref="-1434" />
    <nd ref="-1435" />
    <nd ref="-1429" />
    <tag k="addr:housenumber" v="6" />
    <tag k="addr:postcode" v="85053" />
    <tag k="addr:street" v="Erni-Singerl-Straße" />
    <tag k="building" v="apartments" />
    <tag k="building:levels" v="4" />
  </way>
  <way id="-1000000243" visible="true">
    <nd ref="-1436" />
    <nd ref="-1437" />
    <nd ref="-1438" />
    <nd ref="-1244" />
    <nd ref="-1243" />
    <nd ref="-1436" />
    <tag k="building" v="garage" />
  </way>
  <way id="-1000000244" visible="true">
    <nd ref="-1439" />
    <nd ref="-1440" />
    <nd ref="-1441" />
    <nd ref="-1442" />
    <nd ref="-1443" />
    <nd ref="-1444" />
    <nd ref="-1445" />
    <nd ref="-1446" />
    <nd ref="-1447" />
    <nd ref="-1439" />
    <tag k="addr:housenumber" v="6b" />
    <tag k="addr:postcode" v="85053" />
    <tag k="addr:street" v="Inge-Meysel-Straße" />
    <tag k="building" v="apartments" />
  </way>
  <way id="-1000000245" visible="true">
    <nd ref="-1448" />
    <nd ref="-1449" />
    <nd ref="-1450" />
    <nd ref="-1451" />
    <nd ref="-1452" />
    <nd ref="-1453" />
    <nd ref="-1454" />
    <nd ref="-1455" />
    <nd ref="-1456" />
    <nd ref="-1457" />
    <nd ref="-1458" />
    <nd ref="-1459" />
    <nd ref="-1460" />
    <nd ref="-1461" />
    <nd ref="-1462" />
    <nd ref="-1448" />
    <tag k="building" v="apartments" />
  </way>
  <way id="-1000000246" visible="true">
    <nd ref="-1463" />
    <nd ref="-1464" />
    <nd ref="-1465" />
    <nd ref="-1466" />
    <nd ref="-1467" />
    <nd ref="-1468" />
    <nd ref="-1469" />
    <nd ref="-1470" />
    <nd ref="-1471" />
    <nd ref="-1472" />
    <nd ref="-1463" />
    <tag k="addr:housenumber" v="6c" />
    <tag k="addr:postcode" v="85053" />
    <tag k="addr:street" v="Inge-Meysel-Straße" />
    <tag k="building" v="apartments" />
    <tag k="building:levels" v="3" />
  </way>
  <way id="-1000000247" visible="true">
    <nd ref="-1473" />
    <nd ref="-1474" />
    <nd ref="-1475" />
    <nd ref="-1476" />
    <nd ref="-1477" />
    <nd ref="-1478" />
    <nd ref="-1479" />
    <nd ref="-1480" />
    <nd ref="-1481" />
    <nd ref="-1482" />
    <nd ref="-1483" />
    <nd ref="-1484" />
    <nd ref="-1485" />
    <nd ref="-1486" />
    <nd ref="-1473" />
    <tag k="building" v="apartments" />
  </way>
  <way id="-1000000248" visible="true">
    <nd ref="-1487" />
    <nd ref="-1488" />
    <nd ref="-1489" />
    <nd ref="-1490" />
    <nd ref="-1487" />
    <tag k="addr:housenumber" v="6" />
    <tag k="addr:postcode" v="85053" />
    <tag k="addr:street" v="Inge-Meysel-Straße" />
    <tag k="building" v="apartments" />
  </way>
  <way id="-1000000249" visible="true">
    <nd ref="-1491" />
    <nd ref="-1492" />
    <nd ref="-1493" />
    <nd ref="-1494" />
    <nd ref="-1495" />
    <nd ref="-1496" />
    <nd ref="-1497" />
    <nd ref="-1498" />
    <nd ref="-1499" />
    <nd ref="-1491" />
    <tag k="addr:housenumber" v="6a" />
    <tag k="addr:postcode" v="85053" />
    <tag k="addr:street" v="Inge-Meysel-Straße" />
    <tag k="building" v="apartments" />
    <tag k="building:levels" v="3" />
  </way>
  <way id="-1000000250" visible="true">
    <nd ref="-1500" />
    <nd ref="-1240" />
    <nd ref="-1241" />
    <nd ref="-1501" />
    <nd ref="-1500" />
    <tag k="building" v="roof" />
    <tag k="layer" v="1" />
  </way>
  <way id="-1000000251" visible="true">
    <nd ref="-1502" />
    <nd ref="-1500" />
    <nd ref="-1501" />
    <nd ref="-1503" />
    <nd ref="-1502" />
    <tag k="building" v="yes" />
  </way>
  <way id="-1000000252" visible="true">
    <nd ref="-1430" />
    <nd ref="-1429" />
    <nd ref="-1504" />
    <nd ref="-1505" />
    <nd ref="-1506" />
    <nd ref="-1507" />
    <nd ref="-1508" />
    <nd ref="-1430" />
    <tag k="building" v="apartments" />
    <tag k="building:levels" v="3" />
  </way>
  <way id="-1000000253" visible="true">
    <nd ref="-1509" />
    <nd ref="-1510" />
    <nd ref="-1511" />
    <nd ref="-1512" />
    <nd ref="-1513" />
    <nd ref="-1514" />
    <nd ref="-1515" />
    <nd ref="-1516" />
    <nd ref="-1517" />
    <nd ref="-1518" />
    <nd ref="-1519" />
    <nd ref="-1520" />
    <nd ref="-1521" />
    <nd ref="-1522" />
    <nd ref="-1523" />
    <nd ref="-1524" />
    <nd ref="-1509" />
    <tag k="building" v="office" />
    <tag k="building:levels" v="4" />
  </way>
  <way id="-1000000254" visible="true">
    <nd ref="-1525" />
    <nd ref="-1526" />
    <nd ref="-1527" />
    <nd ref="-1528" />
    <nd ref="-1525" />
    <tag k="building" v="yes" />
  </way>
  <way id="-1000000255" visible="true">
    <nd ref="-1529" />
    <nd ref="-1530" />
    <nd ref="-1531" />
    <nd ref="-1532" />
    <nd ref="-1529" />
    <tag k="building" v="yes" />
  </way>
  <way id="-1000000256" visible="true">
    <nd ref="-1533" />
    <nd ref="-1534" />
    <nd ref="-1535" />
    <nd ref="-1536" />
    <nd ref="-1533" />
    <tag k="building" v="apartments" />
    <tag k="building:levels" v="4" />
    <tag k="roof:shape" v="flat" />
  </way>
  <way id="-1000000257" visible="true">
    <nd ref="-1537" />
    <nd ref="-1538" />
    <nd ref="-1539" />
    <nd ref="-1540" />
    <nd ref="-1537" />
    <tag k="building" v="apartments" />
    <tag k="building:levels" v="4" />
    <tag k="roof:shape" v="flat" />
  </way>
  <way id="-1000000258" visible="true">
    <nd ref="-1541" />
    <nd ref="-1542" />
    <nd ref="-1543" />
    <nd ref="-1544" />
    <nd ref="-1541" />
    <tag k="building" v="apartments" />
    <tag k="building:levels" v="3" />
    <tag k="roof:levels" v="1" />
    <tag k="roof:shape" v="flat" />
  </way>
  <way id="-1000000259" visible="true">
    <nd ref="-1545" />
    <nd ref="-1546" />
    <nd ref="-1547" />
    <nd ref="-1548" />
    <nd ref="-1545" />
    <tag k="building" v="yes" />
  </way>
  <way id="-1000000260" visible="true">
    <nd ref="-1549" />
    <nd ref="-1550" />
    <nd ref="-1551" />
    <nd ref="-1552" />
    <nd ref="-1553" />
    <nd ref="-1554" />
    <nd ref="-1549" />
    <tag k="building" v="yes" />
  </way>
  <way id="-1000000261" visible="true">
    <nd ref="-1555" />
    <nd ref="-1556" />
    <nd ref="-1557" />
    <nd ref="-1558" />
    <nd ref="-1555" />
    <tag k="building" v="yes" />
  </way>
  <way id="-1000000262" visible="true">
    <nd ref="-1559" />
    <nd ref="-1560" />
    <nd ref="-1561" />
    <nd ref="-1562" />
    <nd ref="-1563" />
    <nd ref="-1564" />
    <nd ref="-1559" />
    <tag k="building" v="apartments" />
    <tag k="building:levels" v="3" />
    <tag k="roof:shape" v="flat" />
  </way>
  <way id="-1000000263" visible="true">
    <nd ref="-1565" />
    <nd ref="-1566" />
    <nd ref="-1567" />
    <nd ref="-1568" />
    <nd ref="-1569" />
    <nd ref="-1570" />
    <nd ref="-1565" />
    <tag k="building" v="yes" />
  </way>
  <way id="-1000000264" visible="true">
    <nd ref="-1571" />
    <nd ref="-1572" />
    <nd ref="-1573" />
    <nd ref="-1574" />
    <nd ref="-1571" />
    <tag k="building" v="yes" />
  </way>
  <way id="-1000000265" visible="true">
    <nd ref="-1575" />
    <nd ref="-1576" />
    <nd ref="-1577" />
    <nd ref="-1578" />
    <nd ref="-1575" />
    <tag k="addr:city" v="Ingolstadt" />
    <tag k="addr:country" v="DE" />
    <tag k="addr:housenumber" v="4" />
    <tag k="addr:postcode" v="85053" />
    <tag k="addr:street" v="Romy-Schneider-Straße" />
    <tag k="building" v="apartments" />
  </way>
  <way id="-1000000266" visible="true">
    <nd ref="-1579" />
    <nd ref="-1580" />
    <nd ref="-1581" />
    <nd ref="-1582" />
    <nd ref="-1579" />
    <tag k="amenity" v="toilets" />
    <tag k="building" v="yes" />
    <tag k="fee" v="no" />
    <tag k="wheelchair" v="yes" />
  </way>
  <way id="-1000000267" visible="true">
    <nd ref="-1583" />
    <nd ref="-1584" />
    <nd ref="-1585" />
    <nd ref="-1586" />
    <nd ref="-1587" />
    <nd ref="-1588" />
    <nd ref="-1583" />
    <tag k="building" v="yes" />
  </way>
  <way id="-1000000268" visible="true">
    <nd ref="-1589" />
    <nd ref="-1590" />
    <nd ref="-1591" />
    <nd ref="-1592" />
    <nd ref="-1593" />
    <nd ref="-1594" />
    <nd ref="-1595" />
    <nd ref="-1596" />
    <nd ref="-1597" />
    <nd ref="-1598" />
    <nd ref="-1599" />
    <nd ref="-1600" />
    <nd ref="-1601" />
    <nd ref="-1602" />
    <nd ref="-1603" />
    <nd ref="-1604" />
    <nd ref="-1589" />
    <tag k="building" v="apartments" />
    <tag k="building:levels" v="3" />
    <tag k="roof:shape" v="flat" />
  </way>
  <way id="-1000000269" visible="true">
    <nd ref="-1605" />
    <nd ref="-1606" />
    <nd ref="-1607" />
    <nd ref="-1608" />
    <nd ref="-1605" />
    <tag k="building" v="garages" />
  </way>
  <way id="-1000000270" visible="true">
    <nd ref="-1609" />
    <nd ref="-1610" />
    <nd ref="-1611" />
    <nd ref="-1612" />
    <nd ref="-1609" />
    <tag k="building" v="garages" />
  </way>
  <way id="-1000000271" visible="true">
    <nd ref="-1613" />
    <nd ref="-1614" />
    <nd ref="-1615" />
    <nd ref="-1616" />
    <nd ref="-1613" />
    <tag k="building" v="garages" />
  </way>
  <way id="-1000000272" visible="true">
    <nd ref="-1617" />
    <nd ref="-1618" />
    <nd ref="-1619" />
    <nd ref="-1620" />
    <nd ref="-1617" />
    <tag k="building" v="garages" />
  </way>
  <way id="-1000000273" visible="true">
    <nd ref="-1621" />
    <nd ref="-1622" />
    <nd ref="-1623" />
    <nd ref="-1624" />
    <nd ref="-1625" />
    <nd ref="-1626" />
    <nd ref="-1627" />
    <nd ref="-1628" />
    <nd ref="-1629" />
    <nd ref="-1621" />
    <tag k="addr:housenumber" v="4a" />
    <tag k="addr:postcode" v="85053" />
    <tag k="addr:street" v="Inge-Meysel-Straße" />
    <tag k="building" v="apartments" />
    <tag k="building:levels" v="4" />
  </way>
  <way id="-1000000274" visible="true">
    <nd ref="-1630" />
    <nd ref="-1631" />
    <nd ref="-1632" />
    <nd ref="-1633" />
    <nd ref="-1634" />
    <nd ref="-1635" />
    <nd ref="-1636" />
    <nd ref="-1637" />
    <nd ref="-1630" />
    <tag k="addr:housenumber" v="4" />
    <tag k="addr:postcode" v="85053" />
    <tag k="addr:street" v="Inge-Meysel-Straße" />
    <tag k="building" v="apartments" />
    <tag k="building:levels" v="3" />
  </way>
  <way id="-1000000275" visible="true">
    <nd ref="-1638" />
    <nd ref="-1639" />
    <nd ref="-1640" />
    <nd ref="-1641" />
    <nd ref="-1642" />
    <nd ref="-1643" />
    <nd ref="-1644" />
    <nd ref="-1645" />
    <nd ref="-1638" />
    <tag k="addr:housenumber" v="4c" />
    <tag k="addr:postcode" v="85053" />
    <tag k="addr:street" v="Inge-Meysel-Straße" />
    <tag k="building" v="apartments" />
    <tag k="building:levels" v="3" />
  </way>
  <way id="-1000000276" visible="true">
    <nd ref="-1646" />
    <nd ref="-1647" />
    <nd ref="-1648" />
    <nd ref="-1649" />
    <nd ref="-1650" />
    <nd ref="-1651" />
    <nd ref="-1652" />
    <nd ref="-1653" />
    <nd ref="-1646" />
    <tag k="addr:housenumber" v="4b" />
    <tag k="addr:postcode" v="85053" />
    <tag k="addr:street" v="Inge-Meysel-Straße" />
    <tag k="building" v="yes" />
    <tag k="building:levels" v="4" />
  </way>
  <way id="-1000000277" visible="true">
    <nd ref="-1654" />
    <nd ref="-1655" />
    <nd ref="-1656" />
    <nd ref="-1657" />
    <nd ref="-1654" />
    <tag k="amenity" v="trolley_bay" />
    <tag k="building" v="roof" />
    <tag k="covered" v="yes" />
    <tag k="indoor" v="no" />
    <tag k="layer" v="1" />
    <tag k="opening_hours" v="Mo-Sa 07:00-20:00; Su,PH off" />
    <tag k="operator" v="Edeka" />
    <tag k="trolley:children" v="no" />
    <tag k="trolley:deposit" v="yes" />
    <tag k="trolley:flatbed" v="no" />
    <tag k="trolley:magnifier" v="no" />
    <tag k="trolley:seats" v="no" />
    <tag k="trolley:wheelchair" v="no" />
  </way>
  <way id="-1000000278" visible="true">
    <nd ref="-1657" />
    <nd ref="-1656" />
    <nd ref="-1658" />
    <nd ref="-1659" />
    <nd ref="-1657" />
    <tag k="amenity" v="trolley_bay" />
    <tag k="building" v="roof" />
    <tag k="covered" v="yes" />
    <tag k="indoor" v="no" />
    <tag k="layer" v="1" />
    <tag k="opening_hours" v="Mo-Sa 07:00-20:00; Su,PH off" />
    <tag k="operator" v="Edeka" />
    <tag k="trolley:children" v="no" />
    <tag k="trolley:deposit" v="yes" />
    <tag k="trolley:flatbed" v="no" />
    <tag k="trolley:magnifier" v="no" />
    <tag k="trolley:seats" v="no" />
    <tag k="trolley:wheelchair" v="no" />
  </way>
  <way id="-1000000279" visible="true">
    <nd ref="-1660" />
    <nd ref="-1661" />
    <nd ref="-1662" />
    <nd ref="-1663" />
    <nd ref="-1660" />
    <tag k="amenity" v="trolley_bay" />
    <tag k="building" v="roof" />
    <tag k="covered" v="yes" />
    <tag k="indoor" v="no" />
    <tag k="layer" v="1" />
    <tag k="opening_hours" v="Mo-Sa 07:00-20:00; Su,PH off" />
    <tag k="operator" v="Edeka" />
    <tag k="trolley:children" v="no" />
    <tag k="trolley:deposit" v="yes" />
    <tag k="trolley:flatbed" v="no" />
    <tag k="trolley:magnifier" v="no" />
    <tag k="trolley:seats" v="no" />
    <tag k="trolley:wheelchair" v="no" />
  </way>
  <way id="-1000000280" visible="true">
    <nd ref="-1664" />
    <nd ref="-1665" />
    <nd ref="-1666" />
    <nd ref="-1667" />
    <nd ref="-1664" />
    <tag k="amenity" v="trolley_bay" />
    <tag k="building" v="roof" />
    <tag k="covered" v="yes" />
    <tag k="indoor" v="no" />
    <tag k="layer" v="1" />
    <tag k="opening_hours" v="Mo-Sa 07:00-20:00; Su,PH off" />
    <tag k="operator" v="Edeka" />
    <tag k="trolley:children" v="no" />
    <tag k="trolley:deposit" v="yes" />
    <tag k="trolley:flatbed" v="no" />
    <tag k="trolley:magnifier" v="no" />
    <tag k="trolley:seats" v="no" />
    <tag k="trolley:wheelchair" v="no" />
  </way>
  <way id="-1000000281" visible="true">
    <nd ref="-1668" />
    <nd ref="-1669" />
    <nd ref="-1670" />
    <nd ref="-1671" />
    <nd ref="-1672" />
    <nd ref="-1668" />
    <tag k="building" v="yes" />
    <tag k="building:levels" v="4" />
  </way>
  <way id="-1000000282" visible="true">
    <nd ref="-1673" />
    <nd ref="-1674" />
    <nd ref="-1675" />
    <nd ref="-1676" />
    <nd ref="-1677" />
    <nd ref="-1678" />
    <nd ref="-1679" />
    <nd ref="-1680" />
    <nd ref="-1673" />
    <tag k="building" v="yes" />
  </way>
  <way id="-1000000283" visible="true">
    <nd ref="-1063" />
    <nd ref="-1681" />
    <nd ref="-1682" />
    <nd ref="-1065" />
    <nd ref="-1064" />
    <nd ref="-1063" />
    <tag k="addr:city" v="Ingolstadt" />
    <tag k="addr:housenumber" v="11" />
    <tag k="addr:postcode" v="85051" />
    <tag k="addr:street" v="Stauffenbergstraße" />
    <tag k="building" v="yes" />
    <tag k="building:levels" v="1" />
    <tag k="description" v="Autohaus Stock ist seit 1994 geschlossen.&#10;Noch immer stehen im Verkaufsraum die alten Autos" />
    <tag k="name" v="Autohaus Stock" />
    <tag k="opening_hours" v="closed" />
    <tag k="shop" v="car" />
    <tag k="source" v="https://timelesscars.jimdofree.com/autohaus-stock/" />
  </way>
  <way id="-1000000284" visible="true">
    <nd ref="-1683" />
    <nd ref="-1684" />
    <nd ref="-1685" />
    <nd ref="-1686" />
    <nd ref="-1687" />
    <nd ref="-1688" />
    <nd ref="-1689" />
    <nd ref="-1690" />
    <nd ref="-1691" />
    <nd ref="-1692" />
    <nd ref="-1693" />
    <nd ref="-1694" />
    <nd ref="-1695" />
    <nd ref="-1696" />
    <nd ref="-1697" />
    <nd ref="-1698" />
    <nd ref="-1699" />
    <nd ref="-1700" />
    <nd ref="-1701" />
    <nd ref="-1702" />
    <nd ref="-1703" />
    <nd ref="-1704" />
    <nd ref="-1705" />
    <nd ref="-1706" />
    <nd ref="-1707" />
    <nd ref="-1708" />
    <nd ref="-1709" />
    <nd ref="-1710" />
    <nd ref="-1711" />
    <nd ref="-1712" />
    <nd ref="-1713" />
    <nd ref="-1714" />
    <nd ref="-1715" />
    <nd ref="-1716" />
    <nd ref="-1717" />
    <nd ref="-1683" />
    <tag k="access" v="yes" />
    <tag k="addr:city" v="Ingolstadt" />
    <tag k="addr:street" v="Bei der Arena" />
    <tag k="amenity" v="parking" />
    <tag k="building" v="garage" />
    <tag k="building:levels" v="5" />
    <tag k="capacity" v="570" />
    <tag k="check_date" v="2024-06-17" />
    <tag k="construction" v="parking" />
    <tag k="covered" v="yes" />
    <tag k="fee" v="yes" />
    <tag k="name" v="Parkhaus Arena" />
    <tag k="operator" v="IFG Ingolstadt Kommunalunternehmen Anstalt des öffentlichen Rechtes der Stadt Ingolstadt" />
    <tag k="operator:type" v="public" />
    <tag k="parking" v="multi-storey" />
    <tag k="source" v="https://www.ingolstadt-ifg.de/aktuelles/neuigkeiten/zentrumsnahes-parkhaus-in-oekologischer-bauweise-entsteht-an-der-saturn-arena" />
    <tag k="start_date" v="2024-12-31" />
    <tag k="surface" v="paved" />
  </way>
  <way id="-1000000285" visible="true">
    <nd ref="-1670" />
    <nd ref="-1718" />
    <nd ref="-1719" />
    <nd ref="-1669" />
    <nd ref="-1670" />
    <tag k="building" v="yes" />
  </way>
  <way id="-1000000286" visible="true">
    <nd ref="-1521" />
    <nd ref="-1509" />
    <nd ref="-1510" />
    <nd ref="-1520" />
    <nd ref="-1521" />
    <tag k="building" v="office" />
    <tag k="building:levels" v="4" />
    <tag k="building:min_level" v="3" />
    <tag k="layer" v="1" />
  </way>
  <way id="-1000000287" visible="true">
    <nd ref="-167" />
    <nd ref="-166" />
    <nd ref="-1720" />
    <nd ref="-1721" />
    <nd ref="-167" />
    <tag k="building" v="yes" />
  </way>
  <way id="-1000000288" visible="true">
    <nd ref="-1722" />
    <nd ref="-1723" />
    <nd ref="-1724" />
    <nd ref="-1725" />
    <nd ref="-1722" />
    <tag k="building" v="yes" />
  </way>
  <way id="-1000000289" visible="true">
    <nd ref="-1726" />
    <nd ref="-1727" />
    <nd ref="-1728" />
    <nd ref="-1729" />
    <nd ref="-1726" />
    <tag k="building" v="yes" />
  </way>
  <way id="-1000000290" visible="true">
    <nd ref="-1730" />
    <nd ref="-1731" />
    <nd ref="-1732" />
    <nd ref="-1733" />
    <nd ref="-1730" />
    <tag k="building" v="yes" />
  </way>
  <way id="-1000000291" visible="true">
    <nd ref="-1734" />
    <nd ref="-1735" />
    <nd ref="-1736" />
    <nd ref="-1737" />
    <nd ref="-1734" />
    <tag k="building" v="yes" />
  </way>
  <way id="-1000000292" visible="true">
    <nd ref="-1738" />
    <nd ref="-1739" />
    <nd ref="-1740" />
    <nd ref="-1741" />
    <nd ref="-1742" />
    <nd ref="-1743" />
    <nd ref="-1744" />
    <nd ref="-1745" />
    <nd ref="-1746" />
    <nd ref="-1747" />
    <nd ref="-1748" />
    <nd ref="-1749" />
    <nd ref="-1750" />
    <nd ref="-1751" />
    <nd ref="-1752" />
    <nd ref="-1753" />
    <nd ref="-1754" />
    <nd ref="-1755" />
    <nd ref="-1756" />
    <nd ref="-1757" />
    <nd ref="-1758" />
    <nd ref="-1759" />
    <nd ref="-1760" />
    <nd ref="-1761" />
    <nd ref="-1762" />
    <nd ref="-1763" />
    <nd ref="-1738" />
    <tag k="addr:city" v="Ingolstadt" />
    <tag k="addr:country" v="DE" />
    <tag k="addr:housenumber" v="66" />
    <tag k="addr:postcode" v="85053" />
    <tag k="addr:street" v="Südliche Ringstraße" />
    <tag k="building" v="yes" />
    <tag k="name" v="DonauTower" />
    <tag k="operator" v="Volksbank Raiffeisenbank Bayern Mitte eG" />
    <tag k="website" v="https://www.donautower.de/" />
  </way>
  <way id="-1000000293" visible="true">
    <nd ref="-1764" />
    <nd ref="-1765" />
    <nd ref="-1766" />
    <nd ref="-1767" />
    <nd ref="-1764" />
    <tag k="building" v="yes" />
    <tag k="building:levels" v="1" />
  </way>
  <way id="-1000000294" visible="true">
    <nd ref="-1768" />
    <nd ref="-1769" />
    <nd ref="-1770" />
    <nd ref="-1771" />
    <nd ref="-1772" />
    <nd ref="-1773" />
    <nd ref="-1768" />
    <tag k="building" v="yes" />
    <tag k="building:levels" v="1" />
  </way>
  <way id="-1000000295" visible="true">
    <nd ref="-1774" />
    <nd ref="-1775" />
    <nd ref="-1776" />
    <nd ref="-1777" />
    <nd ref="-1774" />
    <tag k="building" v="yes" />
    <tag k="building:levels" v="1" />
  </way>
  <way id="-1000000296" visible="true">
    <nd ref="-1778" />
    <nd ref="-1779" />
    <nd ref="-1780" />
    <nd ref="-1781" />
    <nd ref="-1778" />
    <tag k="building" v="yes" />
    <tag k="building:levels" v="1" />
  </way>
  <way id="-1000000297" visible="true">
    <nd ref="-1782" />
    <nd ref="-1783" />
    <nd ref="-1784" />
    <nd ref="-1785" />
    <nd ref="-1782" />
    <tag k="building" v="yes" />
    <tag k="building:levels" v="1" />
  </way>
  <way id="-1000000298" visible="true">
    <nd ref="-1786" />
    <nd ref="-1787" />
    <nd ref="-1788" />
    <nd ref="-1789" />
    <nd ref="-1786" />
    <tag k="building" v="yes" />
    <tag k="building:levels" v="1" />
  </way>
  <way id="-1000000299" visible="true">
    <nd ref="-1790" />
    <nd ref="-1791" />
    <nd ref="-1792" />
    <nd ref="-1793" />
    <nd ref="-1790" />
    <tag k="building" v="yes" />
    <tag k="building:levels" v="1" />
    <tag k="height" v="3.5" />
  </way>
  <way id="-1000000300" visible="true">
    <nd ref="-1794" />
    <nd ref="-1795" />
    <nd ref="-1796" />
    <nd ref="-1797" />
    <nd ref="-1794" />
    <tag k="building" v="yes" />
    <tag k="building:levels" v="1" />
  </way>
  <way id="-1000000301" visible="true">
    <nd ref="-1798" />
    <nd ref="-1799" />
    <nd ref="-1800" />
    <nd ref="-1801" />
    <nd ref="-1798" />
    <tag k="building" v="yes" />
    <tag k="building:levels" v="1" />
  </way>
  <way id="-1000000302" visible="true">
    <nd ref="-1802" />
    <nd ref="-1803" />
    <nd ref="-1804" />
    <nd ref="-1805" />
    <nd ref="-1802" />
    <tag k="building" v="yes" />
    <tag k="building:levels" v="1" />
  </way>
  <way id="-1000000303" visible="true">
    <nd ref="-1806" />
    <nd ref="-1807" />
    <nd ref="-1808" />
    <nd ref="-1809" />
    <nd ref="-1810" />
    <nd ref="-1811" />
    <nd ref="-1806" />
    <tag k="building" v="yes" />
    <tag k="building:levels" v="1" />
    <tag k="height" v="3.5" />
  </way>
  <way id="-1000000304" visible="true">
    <nd ref="-1812" />
    <nd ref="-1813" />
    <nd ref="-1814" />
    <nd ref="-1815" />
    <nd ref="-1812" />
    <tag k="building" v="yes" />
    <tag k="building:levels" v="1" />
  </way>
  <way id="-1000000305" visible="true">
    <nd ref="-1816" />
    <nd ref="-1817" />
    <nd ref="-1818" />
    <nd ref="-1819" />
    <nd ref="-1816" />
    <tag k="building" v="yes" />
    <tag k="building:levels" v="1" />
  </way>
  <way id="-1000000306" visible="true">
    <nd ref="-1820" />
    <nd ref="-1821" />
    <nd ref="-1822" />
    <nd ref="-1823" />
    <nd ref="-1820" />
    <tag k="building" v="yes" />
    <tag k="building:levels" v="1" />
  </way>
  <way id="-1000000307" visible="true">
    <nd ref="-1824" />
    <nd ref="-1825" />
    <nd ref="-1826" />
    <nd ref="-1827" />
    <nd ref="-1824" />
    <tag k="building" v="yes" />
    <tag k="building:levels" v="1" />
  </way>
  <way id="-1000000308" visible="true">
    <nd ref="-1828" />
    <nd ref="-1829" />
    <nd ref="-1830" />
    <nd ref="-1831" />
    <nd ref="-1828" />
    <tag k="building" v="yes" />
    <tag k="building:levels" v="1" />
  </way>
  <way id="-1000000309" visible="true">
    <nd ref="-1832" />
    <nd ref="-1833" />
    <nd ref="-1834" />
    <nd ref="-1835" />
    <nd ref="-1832" />
    <tag k="building" v="yes" />
    <tag k="building:levels" v="1" />
  </way>
  <way id="-1000000310" visible="true">
    <nd ref="-1836" />
    <nd ref="-1837" />
    <nd ref="-1838" />
    <nd ref="-1839" />
    <nd ref="-1836" />
    <tag k="building" v="yes" />
    <tag k="building:levels" v="1" />
  </way>
  <way id="-1000000311" visible="true">
    <nd ref="-1840" />
    <nd ref="-1841" />
    <nd ref="-1842" />
    <nd ref="-1843" />
    <nd ref="-1840" />
    <tag k="building" v="yes" />
    <tag k="building:levels" v="1" />
  </way>
  <way id="-1000000312" visible="true">
    <nd ref="-1844" />
    <nd ref="-1845" />
    <nd ref="-1846" />
    <nd ref="-1847" />
    <nd ref="-1848" />
    <nd ref="-1849" />
    <nd ref="-1844" />
    <tag k="building" v="yes" />
    <tag k="building:levels" v="1" />
  </way>
  <way id="-1000000313" visible="true">
    <nd ref="-1850" />
    <nd ref="-1851" />
    <nd ref="-1852" />
    <nd ref="-1853" />
    <nd ref="-1854" />
    <nd ref="-1855" />
    <nd ref="-1850" />
    <tag k="building" v="yes" />
    <tag k="building:levels" v="1" />
  </way>
  <way id="-1000000314" visible="true">
    <nd ref="-1856" />
    <nd ref="-1857" />
    <nd ref="-1858" />
    <nd ref="-1859" />
    <nd ref="-1860" />
    <nd ref="-1861" />
    <nd ref="-1856" />
    <tag k="building" v="yes" />
    <tag k="building:levels" v="1" />
  </way>
  <way id="-1000000315" visible="true">
    <nd ref="-1862" />
    <nd ref="-1863" />
    <nd ref="-1864" />
    <nd ref="-1865" />
    <nd ref="-1866" />
    <nd ref="-1867" />
    <nd ref="-1862" />
    <tag k="building" v="yes" />
    <tag k="building:levels" v="1" />
  </way>
  <way id="-1000000316" visible="true">
    <nd ref="-1868" />
    <nd ref="-1869" />
    <nd ref="-1870" />
    <nd ref="-1871" />
    <nd ref="-1868" />
    <tag k="building" v="yes" />
    <tag k="building:levels" v="1" />
  </way>
  <way id="-1000000317" visible="true">
    <nd ref="-1872" />
    <nd ref="-1873" />
    <nd ref="-1874" />
    <nd ref="-1875" />
    <nd ref="-1876" />
    <nd ref="-1877" />
    <nd ref="-1878" />
    <nd ref="-1879" />
    <nd ref="-1872" />
    <tag k="building" v="yes" />
    <tag k="building:levels" v="1" />
  </way>
  <way id="-1000000318" visible="true">
    <nd ref="-1880" />
    <nd ref="-1881" />
    <nd ref="-1882" />
    <nd ref="-1883" />
    <nd ref="-1880" />
    <tag k="building" v="yes" />
    <tag k="building:levels" v="1" />
  </way>
  <way id="-1000000319" visible="true">
    <nd ref="-1884" />
    <nd ref="-1885" />
    <nd ref="-1886" />
    <nd ref="-1887" />
    <nd ref="-1884" />
    <tag k="building" v="yes" />
    <tag k="building:levels" v="1" />
  </way>
  <way id="-1000000320" visible="true">
    <nd ref="-1888" />
    <nd ref="-1889" />
    <nd ref="-1890" />
    <nd ref="-1891" />
    <nd ref="-1892" />
    <nd ref="-1893" />
    <nd ref="-1888" />
    <tag k="building" v="yes" />
    <tag k="building:levels" v="1" />
  </way>
  <way id="-1000000321" visible="true">
    <nd ref="-1894" />
    <nd ref="-1895" />
    <nd ref="-1896" />
    <nd ref="-1897" />
    <nd ref="-1894" />
    <tag k="building" v="yes" />
    <tag k="building:levels" v="1" />
  </way>
  <way id="-1000000322" visible="true">
    <nd ref="-1898" />
    <nd ref="-1899" />
    <nd ref="-1900" />
    <nd ref="-1901" />
    <nd ref="-1898" />
    <tag k="building" v="yes" />
    <tag k="building:levels" v="1" />
  </way>
  <way id="-1000000323" visible="true">
    <nd ref="-1902" />
    <nd ref="-1903" />
    <nd ref="-1904" />
    <nd ref="-1905" />
    <nd ref="-1906" />
    <nd ref="-1907" />
    <nd ref="-1902" />
    <tag k="building" v="yes" />
    <tag k="building:levels" v="1" />
    <tag k="height" v="3.5" />
  </way>
  <way id="-1000000324" visible="true">
    <nd ref="-1908" />
    <nd ref="-1909" />
    <nd ref="-1910" />
    <nd ref="-1911" />
    <nd ref="-1912" />
    <nd ref="-1913" />
    <nd ref="-1914" />
    <nd ref="-1915" />
    <nd ref="-1908" />
    <tag k="building" v="yes" />
    <tag k="building:levels" v="1" />
    <tag k="height" v="3.5" />
  </way>
  <way id="-1000000325" visible="true">
    <nd ref="-1916" />
    <nd ref="-1917" />
    <nd ref="-1918" />
    <nd ref="-1919" />
    <nd ref="-1916" />
    <tag k="building" v="yes" />
    <tag k="building:levels" v="1" />
    <tag k="height" v="3.5" />
  </way>
  <way id="-1000000326" visible="true">
    <nd ref="-1920" />
    <nd ref="-1921" />
    <nd ref="-1922" />
    <nd ref="-1923" />
    <nd ref="-1920" />
    <tag k="building" v="yes" />
    <tag k="building:levels" v="1" />
  </way>
  <way id="-1000000327" visible="true">
    <nd ref="-1924" />
    <nd ref="-1925" />
    <nd ref="-1926" />
    <nd ref="-1927" />
    <nd ref="-1924" />
    <tag k="building" v="yes" />
    <tag k="building:levels" v="1" />
  </way>
  <way id="-1000000328" visible="true">
    <nd ref="-1928" />
    <nd ref="-1929" />
    <nd ref="-1930" />
    <nd ref="-1931" />
    <nd ref="-1932" />
    <nd ref="-1933" />
    <nd ref="-1928" />
    <tag k="building" v="yes" />
    <tag k="building:levels" v="1" />
  </way>
  <way id="-1000000329" visible="true">
    <nd ref="-1934" />
    <nd ref="-1935" />
    <nd ref="-1936" />
    <nd ref="-1937" />
    <nd ref="-1938" />
    <nd ref="-1939" />
    <nd ref="-1934" />
    <tag k="building" v="yes" />
    <tag k="building:levels" v="1" />
  </way>
  <way id="-1000000330" visible="true">
    <nd ref="-1940" />
    <nd ref="-1941" />
    <nd ref="-1942" />
    <nd ref="-1943" />
    <nd ref="-1944" />
    <nd ref="-1945" />
    <nd ref="-1940" />
    <tag k="building" v="yes" />
    <tag k="building:levels" v="1" />
  </way>
  <way id="-1000000331" visible="true">
    <nd ref="-1946" />
    <nd ref="-1947" />
    <nd ref="-1948" />
    <nd ref="-1949" />
    <nd ref="-1946" />
    <tag k="building" v="yes" />
    <tag k="building:levels" v="1" />
  </way>
  <way id="-1000000332" visible="true">
    <nd ref="-1950" />
    <nd ref="-1951" />
    <nd ref="-1952" />
    <nd ref="-1953" />
    <nd ref="-1950" />
    <tag k="building" v="yes" />
    <tag k="building:levels" v="1" />
  </way>
  <way id="-1000000333" visible="true">
    <nd ref="-1954" />
    <nd ref="-1955" />
    <nd ref="-1956" />
    <nd ref="-1957" />
    <nd ref="-1954" />
    <tag k="building" v="yes" />
    <tag k="building:levels" v="1" />
  </way>
  <way id="-1000000334" visible="true">
    <nd ref="-1958" />
    <nd ref="-1959" />
    <nd ref="-1960" />
    <nd ref="-1961" />
    <nd ref="-1958" />
    <tag k="building" v="yes" />
    <tag k="building:levels" v="1" />
  </way>
  <way id="-1000000335" visible="true">
    <nd ref="-1962" />
    <nd ref="-1963" />
    <nd ref="-1964" />
    <nd ref="-1965" />
    <nd ref="-1966" />
    <nd ref="-1967" />
    <nd ref="-1962" />
    <tag k="building" v="yes" />
    <tag k="building:levels" v="1" />
  </way>
  <way id="-1000000336" visible="true">
    <nd ref="-1968" />
    <nd ref="-1969" />
    <nd ref="-1970" />
    <nd ref="-1971" />
    <nd ref="-1968" />
    <tag k="building" v="yes" />
    <tag k="building:levels" v="1" />
  </way>
  <way id="-1000000337" visible="true">
    <nd ref="-1972" />
    <nd ref="-1973" />
    <nd ref="-1974" />
    <nd ref="-1975" />
    <nd ref="-1976" />
    <nd ref="-1977" />
    <nd ref="-1972" />
    <tag k="building" v="yes" />
    <tag k="building:levels" v="1" />
  </way>
  <way id="-1000000338" visible="true">
    <nd ref="-1978" />
    <nd ref="-1979" />
    <nd ref="-1980" />
    <nd ref="-1981" />
    <nd ref="-1978" />
    <tag k="building" v="yes" />
    <tag k="building:levels" v="1" />
  </way>
  <way id="-1000000339" visible="true">
    <nd ref="-1982" />
    <nd ref="-1983" />
    <nd ref="-1984" />
    <nd ref="-1985" />
    <nd ref="-1982" />
    <tag k="building" v="yes" />
    <tag k="building:levels" v="1" />
  </way>
  <way id="-1000000340" visible="true">
    <nd ref="-1986" />
    <nd ref="-1987" />
    <nd ref="-1988" />
    <nd ref="-1989" />
    <nd ref="-1986" />
    <tag k="building" v="yes" />
    <tag k="building:levels" v="1" />
  </way>
  <way id="-1000000341" visible="true">
    <nd ref="-1990" />
    <nd ref="-1991" />
    <nd ref="-1992" />
    <nd ref="-1993" />
    <nd ref="-1990" />
    <tag k="building" v="yes" />
    <tag k="building:levels" v="1" />
  </way>
  <way id="-1000000342" visible="true">
    <nd ref="-1994" />
    <nd ref="-1995" />
    <nd ref="-1996" />
    <nd ref="-1997" />
    <nd ref="-1994" />
    <tag k="building" v="yes" />
    <tag k="building:levels" v="1" />
    <tag k="height" v="3.5" />
  </way>
  <way id="-1000000343" visible="true">
    <nd ref="-1998" />
    <nd ref="-1999" />
    <nd ref="-2000" />
    <nd ref="-2001" />
    <nd ref="-1998" />
    <tag k="building" v="yes" />
    <tag k="building:levels" v="1" />
  </way>
  <way id="-1000000344" visible="true">
    <nd ref="-2002" />
    <nd ref="-2003" />
    <nd ref="-2004" />
    <nd ref="-2005" />
    <nd ref="-2002" />
    <tag k="building" v="yes" />
    <tag k="building:levels" v="1" />
    <tag k="height" v="3.5" />
  </way>
  <way id="-1000000345" visible="true">
    <nd ref="-2006" />
    <nd ref="-2007" />
    <nd ref="-2008" />
    <nd ref="-2009" />
    <nd ref="-2010" />
    <nd ref="-2011" />
    <nd ref="-2006" />
    <tag k="building" v="yes" />
    <tag k="building:levels" v="1" />
  </way>
  <way id="-1000000346" visible="true">
    <nd ref="-2012" />
    <nd ref="-2013" />
    <nd ref="-2014" />
    <nd ref="-2015" />
    <nd ref="-2012" />
    <tag k="building" v="yes" />
    <tag k="building:levels" v="1" />
  </way>
  <way id="-1000000347" visible="true">
    <nd ref="-2016" />
    <nd ref="-2017" />
    <nd ref="-2018" />
    <nd ref="-2019" />
    <nd ref="-2020" />
    <nd ref="-2021" />
    <nd ref="-2016" />
    <tag k="building" v="yes" />
    <tag k="building:levels" v="1" />
    <tag k="height" v="3.5" />
  </way>
  <way id="-1000000348" visible="true">
    <nd ref="-2022" />
    <nd ref="-2023" />
    <nd ref="-2024" />
    <nd ref="-2025" />
    <nd ref="-2022" />
    <tag k="building" v="yes" />
    <tag k="building:levels" v="1" />
  </way>
  <way id="-1000000349" visible="true">
    <nd ref="-2026" />
    <nd ref="-2027" />
    <nd ref="-2028" />
    <nd ref="-2029" />
    <nd ref="-2026" />
    <tag k="building" v="yes" />
    <tag k="building:levels" v="1" />
  </way>
  <way id="-1000000350" visible="true">
    <nd ref="-2030" />
    <nd ref="-2031" />
    <nd ref="-2032" />
    <nd ref="-2033" />
    <nd ref="-2030" />
    <tag k="building" v="yes" />
    <tag k="building:levels" v="1" />
  </way>
  <way id="-1000000351" visible="true">
    <nd ref="-2034" />
    <nd ref="-2035" />
    <nd ref="-2036" />
    <nd ref="-2037" />
    <nd ref="-2034" />
    <tag k="building" v="yes" />
    <tag k="building:levels" v="1" />
  </way>
  <way id="-1000000352" visible="true">
    <nd ref="-2038" />
    <nd ref="-2039" />
    <nd ref="-2040" />
    <nd ref="-2041" />
    <nd ref="-2042" />
    <nd ref="-2038" />
    <tag k="building" v="yes" />
    <tag k="building:levels" v="1" />
  </way>
  <way id="-1000000353" visible="true">
    <nd ref="-2043" />
    <nd ref="-2044" />
    <nd ref="-2045" />
    <nd ref="-2046" />
    <nd ref="-2043" />
    <tag k="building" v="yes" />
    <tag k="building:levels" v="1" />
  </way>
  <way id="-1000000354" visible="true">
    <nd ref="-2047" />
    <nd ref="-2048" />
    <nd ref="-2049" />
    <nd ref="-2050" />
    <nd ref="-2047" />
    <tag k="building" v="yes" />
    <tag k="building:levels" v="1" />
  </way>
  <way id="-1000000355" visible="true">
    <nd ref="-2051" />
    <nd ref="-2052" />
    <nd ref="-2053" />
    <nd ref="-2054" />
    <nd ref="-2051" />
    <tag k="building" v="yes" />
    <tag k="building:levels" v="1" />
  </way>
  <way id="-1000000356" visible="true">
    <nd ref="-2055" />
    <nd ref="-2056" />
    <nd ref="-2057" />
    <nd ref="-2058" />
    <nd ref="-2055" />
    <tag k="building" v="yes" />
    <tag k="building:levels" v="1" />
  </way>
  <way id="-1000000357" visible="true">
    <nd ref="-2059" />
    <nd ref="-2060" />
    <nd ref="-2061" />
    <nd ref="-2062" />
    <nd ref="-2059" />
    <tag k="building" v="yes" />
    <tag k="building:levels" v="1" />
  </way>
  <way id="-1000000358" visible="true">
    <nd ref="-2063" />
    <nd ref="-2064" />
    <nd ref="-2065" />
    <nd ref="-2066" />
    <nd ref="-2067" />
    <nd ref="-2068" />
    <nd ref="-2063" />
    <tag k="building" v="yes" />
    <tag k="building:levels" v="1" />
  </way>
  <way id="-1000000359" visible="true">
    <nd ref="-2069" />
    <nd ref="-2070" />
    <nd ref="-2071" />
    <nd ref="-2072" />
    <nd ref="-2069" />
    <tag k="building" v="yes" />
    <tag k="building:levels" v="1" />
    <tag k="height" v="3.5" />
  </way>
  <way id="-1000000360" visible="true">
    <nd ref="-2073" />
    <nd ref="-2074" />
    <nd ref="-2075" />
    <nd ref="-2076" />
    <nd ref="-2073" />
    <tag k="building" v="yes" />
    <tag k="building:levels" v="1" />
  </way>
  <way id="-1000000361" visible="true">
    <nd ref="-2077" />
    <nd ref="-2078" />
    <nd ref="-2079" />
    <nd ref="-2080" />
    <nd ref="-2077" />
    <tag k="building" v="yes" />
    <tag k="building:levels" v="1" />
  </way>
  <way id="-1000000362" visible="true">
    <nd ref="-2081" />
    <nd ref="-2082" />
    <nd ref="-2083" />
    <nd ref="-2084" />
    <nd ref="-2081" />
    <tag k="building" v="yes" />
    <tag k="building:levels" v="1" />
  </way>
  <way id="-1000000363" visible="true">
    <nd ref="-2085" />
    <nd ref="-2086" />
    <nd ref="-2087" />
    <nd ref="-2088" />
    <nd ref="-2089" />
    <nd ref="-2090" />
    <nd ref="-2085" />
    <tag k="building" v="yes" />
    <tag k="building:levels" v="1" />
  </way>
  <way id="-1000000364" visible="true">
    <nd ref="-2091" />
    <nd ref="-2092" />
    <nd ref="-2093" />
    <nd ref="-2094" />
    <nd ref="-2091" />
    <tag k="building" v="yes" />
    <tag k="building:levels" v="1" />
  </way>
  <way id="-1000000365" visible="true">
    <nd ref="-2095" />
    <nd ref="-2096" />
    <nd ref="-2097" />
    <nd ref="-2098" />
    <nd ref="-2099" />
    <nd ref="-2100" />
    <nd ref="-2095" />
    <tag k="building" v="yes" />
    <tag k="building:levels" v="1" />
  </way>
  <way id="-1000000366" visible="true">
    <nd ref="-2101" />
    <nd ref="-2102" />
    <nd ref="-2103" />
    <nd ref="-2104" />
    <nd ref="-2105" />
    <nd ref="-2106" />
    <nd ref="-2101" />
    <tag k="building" v="yes" />
    <tag k="building:levels" v="1" />
  </way>
  <way id="-1000000367" visible="true">
    <nd ref="-2107" />
    <nd ref="-2108" />
    <nd ref="-2109" />
    <nd ref="-2110" />
    <nd ref="-2111" />
    <nd ref="-2112" />
    <nd ref="-2107" />
    <tag k="building" v="yes" />
    <tag k="building:levels" v="1" />
  </way>
  <way id="-1000000368" visible="true">
    <nd ref="-2113" />
    <nd ref="-2114" />
    <nd ref="-2115" />
    <nd ref="-2116" />
    <nd ref="-2113" />
    <tag k="building" v="yes" />
    <tag k="building:levels" v="1" />
  </way>
  <way id="-1000000369" visible="true">
    <nd ref="-2117" />
    <nd ref="-2118" />
    <nd ref="-2119" />
    <nd ref="-2120" />
    <nd ref="-2121" />
    <nd ref="-2122" />
    <nd ref="-2123" />
    <nd ref="-2124" />
    <nd ref="-2117" />
    <tag k="building" v="yes" />
    <tag k="building:levels" v="1" />
    <tag k="height" v="3.5" />
  </way>
  <way id="-1000000370" visible="true">
    <nd ref="-2125" />
    <nd ref="-2126" />
    <nd ref="-2127" />
    <nd ref="-2128" />
    <nd ref="-2129" />
    <nd ref="-2130" />
    <nd ref="-2131" />
    <nd ref="-2132" />
    <nd ref="-2125" />
    <tag k="building" v="yes" />
    <tag k="building:levels" v="1" />
  </way>
  <way id="-1000000371" visible="true">
    <nd ref="-2133" />
    <nd ref="-2134" />
    <nd ref="-2135" />
    <nd ref="-2136" />
    <nd ref="-2137" />
    <nd ref="-2138" />
    <nd ref="-2133" />
    <tag k="building" v="yes" />
    <tag k="building:levels" v="1" />
    <tag k="height" v="3.5" />
  </way>
  <way id="-1000000372" visible="true">
    <nd ref="-2139" />
    <nd ref="-2140" />
    <nd ref="-2141" />
    <nd ref="-2142" />
    <nd ref="-2139" />
    <tag k="building" v="yes" />
    <tag k="building:levels" v="1" />
  </way>
  <way id="-1000000373" visible="true">
    <nd ref="-2143" />
    <nd ref="-2144" />
    <nd ref="-2145" />
    <nd ref="-2146" />
    <nd ref="-2147" />
    <nd ref="-2148" />
    <nd ref="-2143" />
    <tag k="building" v="yes" />
    <tag k="building:levels" v="1" />
  </way>
  <way id="-1000000374" visible="true">
    <nd ref="-2149" />
    <nd ref="-2150" />
    <nd ref="-2151" />
    <nd ref="-2152" />
    <nd ref="-2153" />
    <nd ref="-2154" />
    <nd ref="-2149" />
    <tag k="building" v="yes" />
    <tag k="building:levels" v="1" />
  </way>
  <way id="-1000000375" visible="true">
    <nd ref="-2155" />
    <nd ref="-2156" />
    <nd ref="-2157" />
    <nd ref="-2158" />
    <nd ref="-2155" />
    <tag k="building" v="yes" />
    <tag k="building:levels" v="1" />
  </way>
  <way id="-1000000376" visible="true">
    <nd ref="-2159" />
    <nd ref="-2160" />
    <nd ref="-2161" />
    <nd ref="-2162" />
    <nd ref="-2159" />
    <tag k="building" v="yes" />
    <tag k="building:levels" v="1" />
  </way>
  <way id="-1000000377" visible="true">
    <nd ref="-2163" />
    <nd ref="-2164" />
    <nd ref="-2165" />
    <nd ref="-2166" />
    <nd ref="-2163" />
    <tag k="building" v="yes" />
    <tag k="building:levels" v="1" />
  </way>
  <way id="-1000000378" visible="true">
    <nd ref="-2167" />
    <nd ref="-2168" />
    <nd ref="-2169" />
    <nd ref="-2170" />
    <nd ref="-2171" />
    <nd ref="-2172" />
    <nd ref="-2173" />
    <nd ref="-2174" />
    <nd ref="-2167" />
    <tag k="building" v="yes" />
    <tag k="building:levels" v="1" />
  </way>
  <way id="-1000000379" visible="true">
    <nd ref="-2175" />
    <nd ref="-2176" />
    <nd ref="-2177" />
    <nd ref="-2178" />
    <nd ref="-2179" />
    <nd ref="-2180" />
    <nd ref="-2175" />
    <tag k="building" v="yes" />
    <tag k="building:levels" v="1" />
  </way>
  <way id="-1000000380" visible="true">
    <nd ref="-2181" />
    <nd ref="-2182" />
    <nd ref="-2183" />
    <nd ref="-2184" />
    <nd ref="-2181" />
    <tag k="building" v="yes" />
    <tag k="building:levels" v="1" />
  </way>
  <way id="-1000000381" visible="true">
    <nd ref="-2185" />
    <nd ref="-2186" />
    <nd ref="-2187" />
    <nd ref="-2188" />
    <nd ref="-2185" />
    <tag k="building" v="yes" />
    <tag k="building:levels" v="1" />
  </way>
  <way id="-1000000382" visible="true">
    <nd ref="-2189" />
    <nd ref="-2190" />
    <nd ref="-2191" />
    <nd ref="-2192" />
    <nd ref="-2189" />
    <tag k="building" v="yes" />
    <tag k="building:levels" v="1" />
  </way>
  <way id="-1000000383" visible="true">
    <nd ref="-2193" />
    <nd ref="-2194" />
    <nd ref="-2195" />
    <nd ref="-2196" />
    <nd ref="-2193" />
    <tag k="building" v="yes" />
    <tag k="building:levels" v="1" />
    <tag k="height" v="3.5" />
  </way>
  <way id="-1000000384" visible="true">
    <nd ref="-2197" />
    <nd ref="-2198" />
    <nd ref="-2199" />
    <nd ref="-2200" />
    <nd ref="-2197" />
    <tag k="building" v="yes" />
    <tag k="building:levels" v="1" />
  </way>
  <way id="-1000000385" visible="true">
    <nd ref="-2201" />
    <nd ref="-2202" />
    <nd ref="-2203" />
    <nd ref="-2204" />
    <nd ref="-2201" />
    <tag k="building" v="yes" />
    <tag k="building:levels" v="1" />
  </way>
  <way id="-1000000386" visible="true">
    <nd ref="-2205" />
    <nd ref="-2206" />
    <nd ref="-2207" />
    <nd ref="-2208" />
    <nd ref="-2205" />
    <tag k="building" v="yes" />
    <tag k="building:levels" v="1" />
  </way>
  <way id="-1000000387" visible="true">
    <nd ref="-2209" />
    <nd ref="-2210" />
    <nd ref="-2211" />
    <nd ref="-2212" />
    <nd ref="-2209" />
    <tag k="building" v="yes" />
    <tag k="building:levels" v="1" />
  </way>
  <way id="-1000000388" visible="true">
    <nd ref="-2213" />
    <nd ref="-2214" />
    <nd ref="-2215" />
    <nd ref="-2216" />
    <nd ref="-2213" />
    <tag k="building" v="yes" />
    <tag k="building:levels" v="1" />
  </way>
  <way id="-1000000389" visible="true">
    <nd ref="-2217" />
    <nd ref="-2218" />
    <nd ref="-2219" />
    <nd ref="-2220" />
    <nd ref="-2221" />
    <nd ref="-2222" />
    <nd ref="-2223" />
    <nd ref="-2224" />
    <nd ref="-2217" />
    <tag k="building" v="yes" />
    <tag k="building:levels" v="1" />
  </way>
  <way id="-1000000390" visible="true">
    <nd ref="-2225" />
    <nd ref="-2226" />
    <nd ref="-2227" />
    <nd ref="-2228" />
    <nd ref="-2225" />
    <tag k="building" v="yes" />
    <tag k="building:levels" v="1" />
  </way>
  <way id="-1000000391" visible="true">
    <nd ref="-2229" />
    <nd ref="-2230" />
    <nd ref="-2231" />
    <nd ref="-2232" />
    <nd ref="-2229" />
    <tag k="building" v="yes" />
    <tag k="building:levels" v="1" />
  </way>
  <way id="-1000000392" visible="true">
    <nd ref="-2233" />
    <nd ref="-2234" />
    <nd ref="-2235" />
    <nd ref="-2236" />
    <nd ref="-2233" />
    <tag k="building" v="yes" />
    <tag k="building:levels" v="1" />
  </way>
  <way id="-1000000393" visible="true">
    <nd ref="-1588" />
    <nd ref="-2237" />
    <nd ref="-2238" />
    <nd ref="-2239" />
    <nd ref="-2240" />
    <nd ref="-1587" />
    <nd ref="-1588" />
    <tag k="building" v="roof" />
  </way>
  <way id="-1000000394" visible="true">
    <nd ref="-2241" />
    <nd ref="-2242" />
    <nd ref="-2243" />
    <nd ref="-2244" />
    <nd ref="-2241" />
    <tag k="building" v="yes" />
    <tag k="building:levels" v="1" />
  </way>
  <way id="-1000000395" visible="true">
    <nd ref="-2245" />
    <nd ref="-2246" />
    <nd ref="-2247" />
    <nd ref="-2248" />
    <nd ref="-2245" />
    <tag k="building" v="yes" />
    <tag k="building:levels" v="1" />
  </way>
  <way id="-1000000396" visible="true">
    <nd ref="-2249" />
    <nd ref="-2250" />
    <nd ref="-2251" />
    <nd ref="-2252" />
    <nd ref="-2253" />
    <nd ref="-2254" />
    <nd ref="-2249" />
    <tag k="building" v="yes" />
    <tag k="building:levels" v="1" />
    <tag k="height" v="3.5" />
  </way>
  <way id="-1000000397" visible="true">
    <nd ref="-2255" />
    <nd ref="-2256" />
    <nd ref="-2257" />
    <nd ref="-2258" />
    <nd ref="-2259" />
    <nd ref="-2260" />
    <nd ref="-2255" />
    <tag k="building" v="yes" />
    <tag k="building:levels" v="1" />
    <tag k="height" v="3.5" />
  </way>
  <way id="-1000000398" visible="true">
    <nd ref="-2261" />
    <nd ref="-2262" />
    <nd ref="-2263" />
    <nd ref="-2264" />
    <nd ref="-2265" />
    <nd ref="-2266" />
    <nd ref="-2261" />
    <tag k="building" v="yes" />
    <tag k="building:levels" v="1" />
  </way>
  <way id="-1000000399" visible="true">
    <nd ref="-2267" />
    <nd ref="-2268" />
    <nd ref="-2269" />
    <nd ref="-2270" />
    <nd ref="-2271" />
    <nd ref="-2272" />
    <nd ref="-2267" />
    <tag k="building" v="yes" />
    <tag k="building:levels" v="1" />
  </way>
  <way id="-1000000400" visible="true">
    <nd ref="-2273" />
    <nd ref="-2274" />
    <nd ref="-2275" />
    <nd ref="-2276" />
    <nd ref="-2273" />
    <tag k="building" v="yes" />
    <tag k="building:levels" v="1" />
    <tag k="height" v="3.5" />
  </way>
  <way id="-1000000401" visible="true">
    <nd ref="-2277" />
    <nd ref="-2278" />
    <nd ref="-2279" />
    <nd ref="-2280" />
    <nd ref="-2277" />
    <tag k="building" v="yes" />
    <tag k="building:levels" v="1" />
    <tag k="height" v="3.5" />
  </way>
  <way id="-1000000402" visible="true">
    <nd ref="-2281" />
    <nd ref="-2282" />
    <nd ref="-2283" />
    <nd ref="-2284" />
    <nd ref="-2285" />
    <nd ref="-2286" />
    <nd ref="-2287" />
    <nd ref="-2288" />
    <nd ref="-2281" />
    <tag k="building" v="yes" />
    <tag k="building:levels" v="1" />
    <tag k="height" v="3.5" />
  </way>
  <way id="-1000000403" visible="true">
    <nd ref="-2289" />
    <nd ref="-2290" />
    <nd ref="-2291" />
    <nd ref="-2292" />
    <nd ref="-2293" />
    <nd ref="-2294" />
    <nd ref="-2289" />
    <tag k="building" v="yes" />
    <tag k="building:levels" v="1" />
  </way>
  <way id="-1000000404" visible="true">
    <nd ref="-2295" />
    <nd ref="-2296" />
    <nd ref="-2297" />
    <nd ref="-2298" />
    <nd ref="-2299" />
    <nd ref="-2295" />
    <tag k="building" v="yes" />
    <tag k="building:levels" v="1" />
    <tag k="height" v="3.5" />
  </way>
  <way id="-1000000405" visible="true">
    <nd ref="-2300" />
    <nd ref="-2301" />
    <nd ref="-2302" />
    <nd ref="-2303" />
    <nd ref="-2300" />
    <tag k="building" v="yes" />
    <tag k="building:levels" v="1" />
  </way>
  <way id="-1000000406" visible="true">
    <nd ref="-2304" />
    <nd ref="-2305" />
    <nd ref="-2306" />
    <nd ref="-2307" />
    <nd ref="-2304" />
    <tag k="building" v="yes" />
    <tag k="building:levels" v="1" />
  </way>
  <way id="-1000000407" visible="true">
    <nd ref="-2308" />
    <nd ref="-2309" />
    <nd ref="-2310" />
    <nd ref="-2311" />
    <nd ref="-2308" />
    <tag k="addr:housenumber" v="1" />
    <tag k="addr:street" v="Bei der Arena" />
    <tag k="building" v="service" />
    <tag k="operator" v="Stadtwerke Ingolstadt" />
    <tag k="operator:wikidata" v="Q2328520" />
    <tag k="power" v="substation" />
  </way>
  <way id="-1000000408" visible="true">
    <nd ref="-2312" />
    <nd ref="-2313" />
    <nd ref="-2314" />
    <nd ref="-2315" />
    <nd ref="-2312" />
    <tag k="building" v="garages" />
  </way>
  <way id="-1000000409" visible="true">
    <nd ref="-2316" />
    <nd ref="-2317" />
    <nd ref="-2318" />
    <nd ref="-2319" />
    <nd ref="-2320" />
    <nd ref="-2321" />
    <nd ref="-2322" />
    <nd ref="-2323" />
    <nd ref="-2324" />
    <nd ref="-2325" />
    <nd ref="-2326" />
    <nd ref="-2327" />
    <nd ref="-2328" />
    <nd ref="-2329" />
    <nd ref="-2330" />
    <nd ref="-2331" />
    <nd ref="-2332" />
    <nd ref="-2333" />
    <nd ref="-2334" />
    <nd ref="-2335" />
    <nd ref="-2336" />
    <nd ref="-2337" />
    <nd ref="-2338" />
    <nd ref="-2339" />
    <nd ref="-2340" />
    <nd ref="-2341" />
    <nd ref="-2342" />
    <nd ref="-2343" />
    <nd ref="-2344" />
    <nd ref="-2345" />
    <nd ref="-2346" />
    <nd ref="-2347" />
    <nd ref="-2348" />
    <nd ref="-2349" />
    <nd ref="-2350" />
    <nd ref="-2351" />
    <nd ref="-2352" />
    <nd ref="-2353" />
    <nd ref="-2354" />
    <nd ref="-2355" />
    <nd ref="-2356" />
    <nd ref="-2357" />
    <nd ref="-2358" />
    <nd ref="-2359" />
    <nd ref="-2360" />
    <nd ref="-2361" />
    <nd ref="-2362" />
    <nd ref="-2363" />
    <nd ref="-2364" />
    <nd ref="-2365" />
    <nd ref="-2366" />
    <nd ref="-2367" />
    <nd ref="-2368" />
    <nd ref="-2369" />
    <nd ref="-2370" />
    <nd ref="-2371" />
    <nd ref="-2372" />
    <nd ref="-2373" />
    <nd ref="-2374" />
    <nd ref="-2316" />
  </way>
  <way id="-1000000410" visible="true">
    <nd ref="-2375" />
    <nd ref="-2376" />
    <nd ref="-2377" />
    <nd ref="-2378" />
    <nd ref="-2379" />
    <nd ref="-2380" />
    <nd ref="-2381" />
    <nd ref="-2382" />
    <nd ref="-2383" />
    <nd ref="-2384" />
    <nd ref="-2385" />
    <nd ref="-2386" />
    <nd ref="-2387" />
    <nd ref="-2388" />
    <nd ref="-2389" />
    <nd ref="-2390" />
    <nd ref="-2391" />
    <nd ref="-2392" />
    <nd ref="-2393" />
    <nd ref="-2394" />
    <nd ref="-2395" />
    <nd ref="-2396" />
    <nd ref="-2397" />
    <nd ref="-2398" />
    <nd ref="-2399" />
    <nd ref="-2400" />
    <nd ref="-2401" />
    <nd ref="-2402" />
    <nd ref="-2403" />
    <nd ref="-2404" />
    <nd ref="-2405" />
    <nd ref="-2406" />
    <nd ref="-2407" />
    <nd ref="-2408" />
    <nd ref="-2409" />
    <nd ref="-2410" />
    <nd ref="-2411" />
    <nd ref="-2412" />
    <nd ref="-2375" />
  </way>
  <way id="-1000000411" visible="true">
    <nd ref="-2413" />
    <nd ref="-2414" />
    <nd ref="-2415" />
    <nd ref="-2416" />
    <nd ref="-2417" />
    <nd ref="-2418" />
    <nd ref="-2419" />
    <nd ref="-2420" />
    <nd ref="-2421" />
    <nd ref="-2422" />
    <nd ref="-2423" />
    <nd ref="-2424" />
    <nd ref="-2425" />
    <nd ref="-2426" />
    <nd ref="-2427" />
    <nd ref="-2428" />
    <nd ref="-2429" />
    <nd ref="-2430" />
    <nd ref="-2431" />
    <nd ref="-2432" />
    <nd ref="-2433" />
    <nd ref="-2434" />
    <nd ref="-2435" />
    <nd ref="-2436" />
    <nd ref="-2437" />
    <nd ref="-2438" />
    <nd ref="-2439" />
    <nd ref="-2440" />
    <nd ref="-2441" />
    <nd ref="-2413" />
  </way>
  <way id="-1000000412" visible="true">
    <nd ref="-2442" />
    <nd ref="-2443" />
    <nd ref="-2444" />
    <nd ref="-2445" />
    <nd ref="-2446" />
    <nd ref="-2447" />
    <nd ref="-2448" />
    <nd ref="-2449" />
    <nd ref="-2450" />
    <nd ref="-2451" />
    <nd ref="-2452" />
    <nd ref="-2453" />
    <nd ref="-2454" />
    <nd ref="-2455" />
    <nd ref="-2456" />
    <nd ref="-2457" />
    <nd ref="-2458" />
    <nd ref="-2459" />
    <nd ref="-2460" />
    <nd ref="-2461" />
    <nd ref="-2462" />
    <nd ref="-2463" />
    <nd ref="-2464" />
    <nd ref="-2465" />
    <nd ref="-2466" />
    <nd ref="-2467" />
    <nd ref="-2468" />
    <nd ref="-2469" />
    <nd ref="-2470" />
    <nd ref="-2471" />
    <nd ref="-2472" />
    <nd ref="-2473" />
    <nd ref="-2474" />
    <nd ref="-2475" />
    <nd ref="-2442" />
  </way>
  <relation id="-1001000000" visible="true">
    <member type="way" ref="-1000000409" role="outer" />
    <member type="way" ref="-1000000410" role="inner" />
    <tag k="type" v="multipolygon" />
    <tag k="alt_name" v="Tillyveste" />
    <tag k="building" v="yes" />
    <tag k="castle_type" v="fortress" />
    <tag k="historic" v="castle" />
    <tag k="name" v="Reduit Tilly" />
    <tag k="wikidata" v="Q23047573" />
    <tag k="wikipedia" v="de:Reduit Tilly" />
  </relation>
  <relation id="-1001000001" visible="true">
    <member type="way" ref="-1000000411" role="outer" />
    <member type="way" ref="-1000000412" role="inner" />
    <tag k="type" v="multipolygon" />
    <tag k="building" v="yes" />
    <tag k="historic" v="yes" />
    <tag k="man_made" v="tower" />
    <tag k="name" v="Turm Triva" />
    <tag k="start_date" v="1841" />
    <tag k="tower:type" v="defensive" />
    <tag k="wikidata" v="Q1563604" />
    <tag k="wikipedia" v="de:Turm Triva" />
  </relation>
</osm>