<?xml version='1.0' encoding='UTF-8'?>
<osm version="0.6" generator="tile_fbx_generator.py">
  <node id="-1" lat="48.7524531" lon="11.4486715" visible="true" />
  <node id="-2" lat="48.7524780" lon="11.4488632" visible="true" />
  <node id="-3" lat="48.7521377" lon="11.4489650" visible="true" />
  <node id="-4" lat="48.7521128" lon="11.4487733" visible="true" />
  <node id="-5" lat="48.7523066" lon="11.4479224" visible="true" />
  <node id="-6" lat="48.7523597" lon="11.4477557" visible="true" />
  <node id="-7" lat="48.7524591" lon="11.4478284" visible="true" />
  <node id="-8" lat="48.7524061" lon="11.4479952" visible="true" />
  <node id="-9" lat="48.7522752" lon="11.4479671" visible="true" />
  <node id="-10" lat="48.7523746" lon="11.4480488" visible="true" />
  <node id="-11" lat="48.7523117" lon="11.4482245" visible="true" />
  <node id="-12" lat="48.7522124" lon="11.4481428" visible="true" />
  <node id="-13" lat="48.7522085" lon="11.4481815" visible="true" />
  <node id="-14" lat="48.7522988" lon="11.4482560" visible="true" />
  <node id="-15" lat="48.7522379" lon="11.4484258" visible="true" />
  <node id="-16" lat="48.7521476" lon="11.4483513" visible="true" />
  <node id="-17" lat="48.7521378" lon="11.4483960" visible="true" />
  <node id="-18" lat="48.7522359" lon="11.4484749" visible="true" />
  <node id="-19" lat="48.7521848" lon="11.4486209" visible="true" />
  <node id="-20" lat="48.7520867" lon="11.4485419" visible="true" />
  <node id="-21" lat="48.7521280" lon="11.4480326" visible="true" />
  <node id="-22" lat="48.7520475" lon="11.4482619" visible="true" />
  <node id="-23" lat="48.7519624" lon="11.4481933" visible="true" />
  <node id="-24" lat="48.7520429" lon="11.4479640" visible="true" />
  <node id="-25" lat="48.7519316" lon="11.4476574" visible="true" />
  <node id="-26" lat="48.7517883" lon="11.4474906" visible="true" />
  <node id="-27" lat="48.7518555" lon="11.4473576" visible="true" />
  <node id="-28" lat="48.7519989" lon="11.4475244" visible="true" />
  <node id="-29" lat="48.7508615" lon="11.4504541" visible="true" />
  <node id="-30" lat="48.7509681" lon="11.4509774" visible="true" />
  <node id="-31" lat="48.7508658" lon="11.4510253" visible="true" />
  <node id="-32" lat="48.7507593" lon="11.4505021" visible="true" />
  <node id="-33" lat="48.7504597" lon="11.4517070" visible="true" />
  <node id="-34" lat="48.7505660" lon="11.4522951" visible="true" />
  <node id="-35" lat="48.7505257" lon="11.4523119" visible="true" />
  <node id="-36" lat="48.7504195" lon="11.4517238" visible="true" />
  <node id="-37" lat="48.7502383" lon="11.4503283" visible="true" />
  <node id="-38" lat="48.7502822" lon="11.4505115" visible="true" />
  <node id="-39" lat="48.7501198" lon="11.4506010" visible="true" />
  <node id="-40" lat="48.7500759" lon="11.4504178" visible="true" />
  <node id="-41" lat="48.7498920" lon="11.4504940" visible="true" />
  <node id="-42" lat="48.7500296" lon="11.4504182" visible="true" />
  <node id="-43" lat="48.7500747" lon="11.4506062" visible="true" />
  <node id="-44" lat="48.7499371" lon="11.4506821" visible="true" />
  <node id="-45" lat="48.7496213" lon="11.4500074" visible="true" />
  <node id="-46" lat="48.7497255" lon="11.4499661" visible="true" />
  <node id="-47" lat="48.7497851" lon="11.4503118" visible="true" />
  <node id="-48" lat="48.7496809" lon="11.4503531" visible="true" />
  <node id="-49" lat="48.7498072" lon="11.4499064" visible="true" />
  <node id="-50" lat="48.7499259" lon="11.4498529" visible="true" />
  <node id="-51" lat="48.7499925" lon="11.4501932" visible="true" />
  <node id="-52" lat="48.7498738" lon="11.4502467" visible="true" />
  <node id="-53" lat="48.7500070" lon="11.4497947" visible="true" />
  <node id="-54" lat="48.7500989" lon="11.4497504" visible="true" />
  <node id="-55" lat="48.7501725" lon="11.4501013" visible="true" />
  <node id="-56" lat="48.7500806" lon="11.4501457" visible="true" />
  <node id="-57" lat="48.7508080" lon="11.4500446" visible="true" />
  <node id="-58" lat="48.7508355" lon="11.4501844" visible="true" />
  <node id="-59" lat="48.7507166" lon="11.4502383" visible="true" />
  <node id="-60" lat="48.7506891" lon="11.4500986" visible="true" />
  <node id="-61" lat="48.7506013" lon="11.4495649" visible="true" />
  <node id="-62" lat="48.7507183" lon="11.4495185" visible="true" />
  <node id="-63" lat="48.7507569" lon="11.4497418" visible="true" />
  <node id="-64" lat="48.7506399" lon="11.4497883" visible="true" />
  <node id="-65" lat="48.7509481" lon="11.4493994" visible="true" />
  <node id="-66" lat="48.7509762" lon="11.4496557" visible="true" />
  <node id="-67" lat="48.7508287" lon="11.4496930" visible="true" />
  <node id="-68" lat="48.7508006" lon="11.4494367" visible="true" />
  <node id="-69" lat="48.7509440" lon="11.4497621" visible="true" />
  <node id="-70" lat="48.7509829" lon="11.4500882" visible="true" />
  <node id="-71" lat="48.7508615" lon="11.4501215" visible="true" />
  <node id="-72" lat="48.7508226" lon="11.4497953" visible="true" />
  <node id="-73" lat="48.7494815" lon="11.4518197" visible="true" />
  <node id="-74" lat="48.7495096" lon="11.4519728" visible="true" />
  <node id="-75" lat="48.7494069" lon="11.4520161" visible="true" />
  <node id="-76" lat="48.7493788" lon="11.4518630" visible="true" />
  <node id="-77" lat="48.7496584" lon="11.4516196" visible="true" />
  <node id="-78" lat="48.7497035" lon="11.4518740" visible="true" />
  <node id="-79" lat="48.7495658" lon="11.4519300" visible="true" />
  <node id="-80" lat="48.7495399" lon="11.4517840" visible="true" />
  <node id="-81" lat="48.7495920" lon="11.4517628" visible="true" />
  <node id="-82" lat="48.7495728" lon="11.4516544" visible="true" />
  <node id="-83" lat="48.7503002" lon="11.4518225" visible="true" />
  <node id="-84" lat="48.7503512" lon="11.4518021" visible="true" />
  <node id="-85" lat="48.7504494" lon="11.4523679" visible="true" />
  <node id="-86" lat="48.7503983" lon="11.4523883" visible="true" />
  <node id="-87" lat="48.7502568" lon="11.4518651" visible="true" />
  <node id="-88" lat="48.7503627" lon="11.4524396" visible="true" />
  <node id="-89" lat="48.7502551" lon="11.4524852" visible="true" />
  <node id="-90" lat="48.7501492" lon="11.4519107" visible="true" />
  <node id="-91" lat="48.7498249" lon="11.4523833" visible="true" />
  <node id="-92" lat="48.7498870" lon="11.4527444" visible="true" />
  <node id="-93" lat="48.7498225" lon="11.4527699" visible="true" />
  <node id="-94" lat="48.7497604" lon="11.4524088" visible="true" />
  <node id="-95" lat="48.7497010" lon="11.4506180" visible="true" />
  <node id="-96" lat="48.7498290" lon="11.4505474" visible="true" />
  <node id="-97" lat="48.7498676" lon="11.4507086" visible="true" />
  <node id="-98" lat="48.7497396" lon="11.4507792" visible="true" />
  <node id="-99" lat="48.7494254" lon="11.4514921" visible="true" />
  <node id="-100" lat="48.7494563" lon="11.4516623" visible="true" />
  <node id="-101" lat="48.7493535" lon="11.4517051" visible="true" />
  <node id="-102" lat="48.7493227" lon="11.4515350" visible="true" />
  <node id="-103" lat="48.7494815" lon="11.4511858" visible="true" />
  <node id="-104" lat="48.7495720" lon="11.4511572" visible="true" />
  <node id="-105" lat="48.7496001" lon="11.4513614" visible="true" />
  <node id="-106" lat="48.7495096" lon="11.4513900" visible="true" />
  <node id="-107" lat="48.7493666" lon="11.4507179" visible="true" />
  <node id="-108" lat="48.7494668" lon="11.4506914" visible="true" />
  <node id="-109" lat="48.7494910" lon="11.4509016" visible="true" />
  <node id="-110" lat="48.7493908" lon="11.4509282" visible="true" />
  <node id="-111" lat="48.7495351" lon="11.4506493" visible="true" />
  <node id="-112" lat="48.7496267" lon="11.4505988" visible="true" />
  <node id="-113" lat="48.7496846" lon="11.4508405" visible="true" />
  <node id="-114" lat="48.7495930" lon="11.4508910" visible="true" />
  <node id="-115" lat="48.7499023" lon="11.4516027" visible="true" />
  <node id="-116" lat="48.7499331" lon="11.4517686" visible="true" />
  <node id="-117" lat="48.7498267" lon="11.4518142" visible="true" />
  <node id="-118" lat="48.7497958" lon="11.4516483" visible="true" />
  <node id="-119" lat="48.7501154" lon="11.4515134" visible="true" />
  <node id="-120" lat="48.7501499" lon="11.4516822" visible="true" />
  <node id="-121" lat="48.7500321" lon="11.4517375" visible="true" />
  <node id="-122" lat="48.7499976" lon="11.4515687" visible="true" />
  <node id="-123" lat="48.7503006" lon="11.4508072" visible="true" />
  <node id="-124" lat="48.7504268" lon="11.4515134" visible="true" />
  <node id="-125" lat="48.7503361" lon="11.4515507" visible="true" />
  <node id="-126" lat="48.7502099" lon="11.4508445" visible="true" />
  <node id="-127" lat="48.7497048" lon="11.4521442" visible="true" />
  <node id="-128" lat="48.7497294" lon="11.4523416" visible="true" />
  <node id="-129" lat="48.7496120" lon="11.4523753" visible="true" />
  <node id="-130" lat="48.7495873" lon="11.4521780" visible="true" />
  <node id="-131" lat="48.7495991" lon="11.4524697" visible="true" />
  <node id="-132" lat="48.7497093" lon="11.4524318" visible="true" />
  <node id="-133" lat="48.7497653" lon="11.4528064" visible="true" />
  <node id="-134" lat="48.7496551" lon="11.4528443" visible="true" />
  <node id="-135" lat="48.7493691" lon="11.4526347" visible="true" />
  <node id="-136" lat="48.7494810" lon="11.4526001" visible="true" />
  <node id="-137" lat="48.7495196" lon="11.4528872" visible="true" />
  <node id="-138" lat="48.7494077" lon="11.4529218" visible="true" />
  <node id="-139" lat="48.7493271" lon="11.4522731" visible="true" />
  <node id="-140" lat="48.7494304" lon="11.4522355" visible="true" />
  <node id="-141" lat="48.7494724" lon="11.4525013" visible="true" />
  <node id="-142" lat="48.7493691" lon="11.4525389" visible="true" />
  <node id="-143" lat="48.7500054" lon="11.4520148" visible="true" />
  <node id="-144" lat="48.7501087" lon="11.4526070" visible="true" />
  <node id="-145" lat="48.7500078" lon="11.4526475" visible="true" />
  <node id="-146" lat="48.7499046" lon="11.4520553" visible="true" />
  <node id="-147" lat="48.7505895" lon="11.4506328" visible="true" />
  <node id="-148" lat="48.7507045" lon="11.4512582" visible="true" />
  <node id="-149" lat="48.7506022" lon="11.4513014" visible="true" />
  <node id="-150" lat="48.7504872" lon="11.4506761" visible="true" />
  <node id="-151" lat="48.7508989" lon="11.4513998" visible="true" />
  <node id="-152" lat="48.7509735" lon="11.4518986" visible="true" />
  <node id="-153" lat="48.7508619" lon="11.4519370" visible="true" />
  <node id="-154" lat="48.7507872" lon="11.4514383" visible="true" />
  <node id="-155" lat="48.7507066" lon="11.4516115" visible="true" />
  <node id="-156" lat="48.7507717" lon="11.4520437" visible="true" />
  <node id="-157" lat="48.7506356" lon="11.4520908" visible="true" />
  <node id="-158" lat="48.7505706" lon="11.4516586" visible="true" />
  <node id="-159" lat="48.7496000" lon="11.4495142" visible="true" />
  <node id="-160" lat="48.7496389" lon="11.4497421" visible="true" />
  <node id="-161" lat="48.7494930" lon="11.4497994" visible="true" />
  <node id="-162" lat="48.7494541" lon="11.4495715" visible="true" />
  <node id="-163" lat="48.7505279" lon="11.4486843" visible="true" />
  <node id="-164" lat="48.7505825" lon="11.4486711" visible="true" />
  <node id="-165" lat="48.7505980" lon="11.4488182" visible="true" />
  <node id="-166" lat="48.7505434" lon="11.4488314" visible="true" />
  <node id="-167" lat="48.7507153" lon="11.4485012" visible="true" />
  <node id="-168" lat="48.7507335" lon="11.4486851" visible="true" />
  <node id="-169" lat="48.7506333" lon="11.4487079" visible="true" />
  <node id="-170" lat="48.7506151" lon="11.4485240" visible="true" />
  <node id="-171" lat="48.7509473" lon="11.4485071" visible="true" />
  <node id="-172" lat="48.7509570" lon="11.4487351" visible="true" />
  <node id="-173" lat="48.7508447" lon="11.4487461" visible="true" />
  <node id="-174" lat="48.7508350" lon="11.4485181" visible="true" />
  <node id="-175" lat="48.7500551" lon="11.4488847" visible="true" />
  <node id="-176" lat="48.7500781" lon="11.4490104" visible="true" />
  <node id="-177" lat="48.7500083" lon="11.4490398" visible="true" />
  <node id="-178" lat="48.7499853" lon="11.4489142" visible="true" />
  <node id="-179" lat="48.7500193" lon="11.4486744" visible="true" />
  <node id="-180" lat="48.7500435" lon="11.4488288" visible="true" />
  <node id="-181" lat="48.7499727" lon="11.4488544" visible="true" />
  <node id="-182" lat="48.7499485" lon="11.4487000" visible="true" />
  <node id="-183" lat="48.7500215" lon="11.4493121" visible="true" />
  <node id="-184" lat="48.7500604" lon="11.4495400" visible="true" />
  <node id="-185" lat="48.7499180" lon="11.4495959" visible="true" />
  <node id="-186" lat="48.7498792" lon="11.4493680" visible="true" />
  <node id="-187" lat="48.7504424" lon="11.4493505" visible="true" />
  <node id="-188" lat="48.7503342" lon="11.4493929" visible="true" />
  <node id="-189" lat="48.7503136" lon="11.4492722" visible="true" />
  <node id="-190" lat="48.7504218" lon="11.4492298" visible="true" />
  <node id="-191" lat="48.7505092" lon="11.4485748" visible="true" />
  <node id="-192" lat="48.7505335" lon="11.4487586" visible="true" />
  <node id="-193" lat="48.7504426" lon="11.4487862" visible="true" />
  <node id="-194" lat="48.7504183" lon="11.4486023" visible="true" />
  <node id="-195" lat="48.7509699" lon="11.4488230" visible="true" />
  <node id="-196" lat="48.7509759" lon="11.4489792" visible="true" />
  <node id="-197" lat="48.7508779" lon="11.4489880" visible="true" />
  <node id="-198" lat="48.7508718" lon="11.4488317" visible="true" />
  <node id="-199" lat="48.7496462" lon="11.4488599" visible="true" />
  <node id="-200" lat="48.7497044" lon="11.4491100" visible="true" />
  <node id="-201" lat="48.7495832" lon="11.4491749" visible="true" />
  <node id="-202" lat="48.7495250" lon="11.4489248" visible="true" />
  <node id="-203" lat="48.7493921" lon="11.4495292" visible="true" />
  <node id="-204" lat="48.7494348" lon="11.4497797" visible="true" />
  <node id="-205" lat="48.7493251" lon="11.4498227" visible="true" />
  <node id="-206" lat="48.7492824" lon="11.4495723" visible="true" />
  <node id="-207" lat="48.7498897" lon="11.4488226" visible="true" />
  <node id="-208" lat="48.7499528" lon="11.4491241" visible="true" />
  <node id="-209" lat="48.7498317" lon="11.4491824" visible="true" />
  <node id="-210" lat="48.7497686" lon="11.4488808" visible="true" />
  <node id="-211" lat="48.7503199" lon="11.4487535" visible="true" />
  <node id="-212" lat="48.7503647" lon="11.4489844" visible="true" />
  <node id="-213" lat="48.7502616" lon="11.4490304" visible="true" />
  <node id="-214" lat="48.7502169" lon="11.4487994" visible="true" />
  <node id="-215" lat="48.7498156" lon="11.4494206" visible="true" />
  <node id="-216" lat="48.7498523" lon="11.4496356" visible="true" />
  <node id="-217" lat="48.7497157" lon="11.4496893" visible="true" />
  <node id="-218" lat="48.7496790" lon="11.4494742" visible="true" />
  <node id="-219" lat="48.7495396" lon="11.4491320" visible="true" />
  <node id="-220" lat="48.7495687" lon="11.4493012" visible="true" />
  <node id="-221" lat="48.7494147" lon="11.4493621" visible="true" />
  <node id="-222" lat="48.7493856" lon="11.4491929" visible="true" />
  <node id="-223" lat="48.7503835" lon="11.4479919" visible="true" />
  <node id="-224" lat="48.7504137" lon="11.4482102" visible="true" />
  <node id="-225" lat="48.7502874" lon="11.4482505" visible="true" />
  <node id="-226" lat="48.7502571" lon="11.4480321" visible="true" />
  <node id="-227" lat="48.7506918" lon="11.4473876" visible="true" />
  <node id="-228" lat="48.7506918" lon="11.4476082" visible="true" />
  <node id="-229" lat="48.7505645" lon="11.4476082" visible="true" />
  <node id="-230" lat="48.7505645" lon="11.4473876" visible="true" />
  <node id="-231" lat="48.7510129" lon="11.4479583" visible="true" />
  <node id="-232" lat="48.7510177" lon="11.4481348" visible="true" />
  <node id="-233" lat="48.7509161" lon="11.4481413" visible="true" />
  <node id="-234" lat="48.7509112" lon="11.4479648" visible="true" />
  <node id="-235" lat="48.7499110" lon="11.4482755" visible="true" />
  <node id="-236" lat="48.7499402" lon="11.4484194" visible="true" />
  <node id="-237" lat="48.7498815" lon="11.4484468" visible="true" />
  <node id="-238" lat="48.7498523" lon="11.4483029" visible="true" />
  <node id="-239" lat="48.7502064" lon="11.4480762" visible="true" />
  <node id="-240" lat="48.7502429" lon="11.4482561" visible="true" />
  <node id="-241" lat="48.7501639" lon="11.4482930" visible="true" />
  <node id="-242" lat="48.7501274" lon="11.4481131" visible="true" />
  <node id="-243" lat="48.7505391" lon="11.4478338" visible="true" />
  <node id="-244" lat="48.7505720" lon="11.4480716" visible="true" />
  <node id="-245" lat="48.7504849" lon="11.4480993" visible="true" />
  <node id="-246" lat="48.7504520" lon="11.4478616" visible="true" />
  <node id="-247" lat="48.7510710" lon="11.4475759" visible="true" />
  <node id="-248" lat="48.7510565" lon="11.4477230" visible="true" />
  <node id="-249" lat="48.7509628" lon="11.4477017" visible="true" />
  <node id="-250" lat="48.7509774" lon="11.4475546" visible="true" />
  <node id="-251" lat="48.7500641" lon="11.4482137" visible="true" />
  <node id="-252" lat="48.7500960" lon="11.4483713" visible="true" />
  <node id="-253" lat="48.7500328" lon="11.4484008" visible="true" />
  <node id="-254" lat="48.7500008" lon="11.4482432" visible="true" />
  <node id="-255" lat="48.7508999" lon="11.4474320" visible="true" />
  <node id="-256" lat="48.7508999" lon="11.4476250" visible="true" />
  <node id="-257" lat="48.7507908" lon="11.4476250" visible="true" />
  <node id="-258" lat="48.7507908" lon="11.4473712" visible="true" />
  <node id="-259" lat="48.7508304" lon="11.4473712" visible="true" />
  <node id="-260" lat="48.7508304" lon="11.4474320" visible="true" />
  <node id="-261" lat="48.7507547" lon="11.4479139" visible="true" />
  <node id="-262" lat="48.7507734" lon="11.4481126" visible="true" />
  <node id="-263" lat="48.7506278" lon="11.4481442" visible="true" />
  <node id="-264" lat="48.7506091" lon="11.4479454" visible="true" />
  <node id="-265" lat="48.7494217" lon="11.4484687" visible="true" />
  <node id="-266" lat="48.7494175" lon="11.4486517" visible="true" />
  <node id="-267" lat="48.7493101" lon="11.4486460" visible="true" />
  <node id="-268" lat="48.7493142" lon="11.4484631" visible="true" />
  <node id="-269" lat="48.7511353" lon="11.4503162" visible="true" />
  <node id="-270" lat="48.7512442" lon="11.4502632" visible="true" />
  <node id="-271" lat="48.7512369" lon="11.4502287" visible="true" />
  <node id="-272" lat="48.7514044" lon="11.4501472" visible="true" />
  <node id="-273" lat="48.7513986" lon="11.4501195" visible="true" />
  <node id="-274" lat="48.7516308" lon="11.4500065" visible="true" />
  <node id="-275" lat="48.7516647" lon="11.4501665" visible="true" />
  <node id="-276" lat="48.7514246" lon="11.4502834" visible="true" />
  <node id="-277" lat="48.7514339" lon="11.4503272" visible="true" />
  <node id="-278" lat="48.7512705" lon="11.4504068" visible="true" />
  <node id="-279" lat="48.7512777" lon="11.4504408" visible="true" />
  <node id="-280" lat="48.7511725" lon="11.4504920" visible="true" />
  <node id="-281" lat="48.7514956" lon="11.4483136" visible="true" />
  <node id="-282" lat="48.7515186" lon="11.4484954" visible="true" />
  <node id="-283" lat="48.7511770" lon="11.4485951" visible="true" />
  <node id="-284" lat="48.7511539" lon="11.4484132" visible="true" />
  <node id="-285" lat="48.7511577" lon="11.4489349" visible="true" />
  <node id="-286" lat="48.7512621" lon="11.4488886" visible="true" />
  <node id="-287" lat="48.7512669" lon="11.4489133" visible="true" />
  <node id="-288" lat="48.7513765" lon="11.4488647" visible="true" />
  <node id="-289" lat="48.7513833" lon="11.4488999" visible="true" />
  <node id="-290" lat="48.7514856" lon="11.4488545" visible="true" />
  <node id="-291" lat="48.7514928" lon="11.4488919" visible="true" />
  <node id="-292" lat="48.7515562" lon="11.4488638" visible="true" />
  <node id="-293" lat="48.7515321" lon="11.4487389" visible="true" />
  <node id="-294" lat="48.7514749" lon="11.4487643" visible="true" />
  <node id="-295" lat="48.7514708" lon="11.4487431" visible="true" />
  <node id="-296" lat="48.7513669" lon="11.4487891" visible="true" />
  <node id="-297" lat="48.7513622" lon="11.4487646" visible="true" />
  <node id="-298" lat="48.7512491" lon="11.4488147" visible="true" />
  <node id="-299" lat="48.7512455" lon="11.4487963" visible="true" />
  <node id="-300" lat="48.7511400" lon="11.4488431" visible="true" />
  <node id="-301" lat="48.7511837" lon="11.4498589" visible="true" />
  <node id="-302" lat="48.7513884" lon="11.4497560" visible="true" />
  <node id="-303" lat="48.7513798" lon="11.4497167" visible="true" />
  <node id="-304" lat="48.7515918" lon="11.4496101" visible="true" />
  <node id="-305" lat="48.7516278" lon="11.4497750" visible="true" />
  <node id="-306" lat="48.7514018" lon="11.4498886" visible="true" />
  <node id="-307" lat="48.7514090" lon="11.4499219" visible="true" />
  <node id="-308" lat="48.7512184" lon="11.4500177" visible="true" />
  <node id="-309" lat="48.7512226" lon="11.4511649" visible="true" />
  <node id="-310" lat="48.7513915" lon="11.4510798" visible="true" />
  <node id="-311" lat="48.7513789" lon="11.4510224" visible="true" />
  <node id="-312" lat="48.7514783" lon="11.4509724" visible="true" />
  <node id="-313" lat="48.7514659" lon="11.4509157" visible="true" />
  <node id="-314" lat="48.7516021" lon="11.4508471" visible="true" />
  <node id="-315" lat="48.7515930" lon="11.4508055" visible="true" />
  <node id="-316" lat="48.7516546" lon="11.4507745" visible="true" />
  <node id="-317" lat="48.7516939" lon="11.4509540" visible="true" />
  <node id="-318" lat="48.7516185" lon="11.4509919" visible="true" />
  <node id="-319" lat="48.7516307" lon="11.4510478" visible="true" />
  <node id="-320" lat="48.7514953" lon="11.4511160" visible="true" />
  <node id="-321" lat="48.7515087" lon="11.4511768" visible="true" />
  <node id="-322" lat="48.7514111" lon="11.4512259" visible="true" />
  <node id="-323" lat="48.7514262" lon="11.4512949" visible="true" />
  <node id="-324" lat="48.7512684" lon="11.4513744" visible="true" />
  <node id="-325" lat="48.7511025" lon="11.4513748" visible="true" />
  <node id="-326" lat="48.7511477" lon="11.4515085" visible="true" />
  <node id="-327" lat="48.7510044" lon="11.4516198" visible="true" />
  <node id="-328" lat="48.7509593" lon="11.4514861" visible="true" />
  <node id="-329" lat="48.7511895" lon="11.4507475" visible="true" />
  <node id="-330" lat="48.7513342" lon="11.4506656" visible="true" />
  <node id="-331" lat="48.7513265" lon="11.4506343" visible="true" />
  <node id="-332" lat="48.7514964" lon="11.4505382" visible="true" />
  <node id="-333" lat="48.7514870" lon="11.4504998" visible="true" />
  <node id="-334" lat="48.7516688" lon="11.4503970" visible="true" />
  <node id="-335" lat="48.7517103" lon="11.4505659" visible="true" />
  <node id="-336" lat="48.7515155" lon="11.4506761" visible="true" />
  <node id="-337" lat="48.7515274" lon="11.4507245" visible="true" />
  <node id="-338" lat="48.7513579" lon="11.4508203" visible="true" />
  <node id="-339" lat="48.7513651" lon="11.4508498" visible="true" />
  <node id="-340" lat="48.7512330" lon="11.4509245" visible="true" />
  <node id="-341" lat="48.7515875" lon="11.4489446" visible="true" />
  <node id="-342" lat="48.7515918" lon="11.4490193" visible="true" />
  <node id="-343" lat="48.7511605" lon="11.4490753" visible="true" />
  <node id="-344" lat="48.7511563" lon="11.4490007" visible="true" />
  <node id="-345" lat="48.7510592" lon="11.4511260" visible="true" />
  <node id="-346" lat="48.7510843" lon="11.4511863" visible="true" />
  <node id="-347" lat="48.7509405" lon="11.4513238" visible="true" />
  <node id="-348" lat="48.7509154" lon="11.4512635" visible="true" />
  <node id="-349" lat="48.7515723" lon="11.4492795" visible="true" />
  <node id="-350" lat="48.7515949" lon="11.4493913" visible="true" />
  <node id="-351" lat="48.7514800" lon="11.4494448" visible="true" />
  <node id="-352" lat="48.7514755" lon="11.4494222" visible="true" />
  <node id="-353" lat="48.7513136" lon="11.4494975" visible="true" />
  <node id="-354" lat="48.7513084" lon="11.4494715" visible="true" />
  <node id="-355" lat="48.7511578" lon="11.4495415" visible="true" />
  <node id="-356" lat="48.7511334" lon="11.4494206" visible="true" />
  <node id="-357" lat="48.7512910" lon="11.4493472" visible="true" />
  <node id="-358" lat="48.7512971" lon="11.4493774" visible="true" />
  <node id="-359" lat="48.7514555" lon="11.4493037" visible="true" />
  <node id="-360" lat="48.7514611" lon="11.4493312" visible="true" />
  <node id="-361" lat="48.7495232" lon="11.4474828" visible="true" />
  <node id="-362" lat="48.7495277" lon="11.4476179" visible="true" />
  <node id="-363" lat="48.7494325" lon="11.4476251" visible="true" />
  <node id="-364" lat="48.7494280" lon="11.4474901" visible="true" />
  <node id="-365" lat="48.7497100" lon="11.4474544" visible="true" />
  <node id="-366" lat="48.7497158" lon="11.4476292" visible="true" />
  <node id="-367" lat="48.7496348" lon="11.4476354" visible="true" />
  <node id="-368" lat="48.7496290" lon="11.4474606" visible="true" />
  <node id="-369" lat="48.7495811" lon="11.4482536" visible="true" />
  <node id="-370" lat="48.7495905" lon="11.4483325" visible="true" />
  <node id="-371" lat="48.7496213" lon="11.4483241" visible="true" />
  <node id="-372" lat="48.7496458" lon="11.4485299" visible="true" />
  <node id="-373" lat="48.7495733" lon="11.4485498" visible="true" />
  <node id="-374" lat="48.7495643" lon="11.4484743" visible="true" />
  <node id="-375" lat="48.7494769" lon="11.4484982" visible="true" />
  <node id="-376" lat="48.7494520" lon="11.4482889" visible="true" />
  <node id="-377" lat="48.7500935" lon="11.4474536" visible="true" />
  <node id="-378" lat="48.7501792" lon="11.4474471" visible="true" />
  <node id="-379" lat="48.7501843" lon="11.4476025" visible="true" />
  <node id="-380" lat="48.7500986" lon="11.4476090" visible="true" />
  <node id="-381" lat="48.7499517" lon="11.4474892" visible="true" />
  <node id="-382" lat="48.7500280" lon="11.4474834" visible="true" />
  <node id="-383" lat="48.7500331" lon="11.4476382" visible="true" />
  <node id="-384" lat="48.7499569" lon="11.4476440" visible="true" />
  <node id="-385" lat="48.7498062" lon="11.4475064" visible="true" />
  <node id="-386" lat="48.7498671" lon="11.4475017" visible="true" />
  <node id="-387" lat="48.7498711" lon="11.4476235" visible="true" />
  <node id="-388" lat="48.7498102" lon="11.4476281" visible="true" />
  <node id="-389" lat="48.7511998" lon="11.4481396" visible="true" />
  <node id="-390" lat="48.7514659" lon="11.4480535" visible="true" />
  <node id="-391" lat="48.7514765" lon="11.4481290" visible="true" />
  <node id="-392" lat="48.7512105" lon="11.4482151" visible="true" />
  <node id="-393" lat="48.7497695" lon="11.4481586" visible="true" />
  <node id="-394" lat="48.7497767" lon="11.4483231" visible="true" />
  <node id="-395" lat="48.7497988" lon="11.4483209" visible="true" />
  <node id="-396" lat="48.7498073" lon="11.4485155" visible="true" />
  <node id="-397" lat="48.7497661" lon="11.4485196" visible="true" />
  <node id="-398" lat="48.7497612" lon="11.4484061" visible="true" />
  <node id="-399" lat="48.7496651" lon="11.4484157" visible="true" />
  <node id="-400" lat="48.7496544" lon="11.4481702" visible="true" />
  <node id="-401" lat="48.7505086" lon="11.4473375" visible="true" />
  <node id="-402" lat="48.7505126" lon="11.4476893" visible="true" />
  <node id="-403" lat="48.7503260" lon="11.4476942" visible="true" />
  <node id="-404" lat="48.7503248" lon="11.4475919" visible="true" />
  <node id="-405" lat="48.7503910" lon="11.4475902" visible="true" />
  <node id="-406" lat="48.7503882" lon="11.4473406" visible="true" />
  <node id="-407" lat="48.7493515" lon="11.4475237" visible="true" />
  <node id="-408" lat="48.7493696" lon="11.4476719" visible="true" />
  <node id="-409" lat="48.7493028" lon="11.4476906" visible="true" />
  <node id="-410" lat="48.7492847" lon="11.4475424" visible="true" />
  <node id="-411" lat="48.7506940" lon="11.4437765" visible="true" />
  <node id="-412" lat="48.7507280" lon="11.4439276" visible="true" />
  <node id="-413" lat="48.7506346" lon="11.4439761" visible="true" />
  <node id="-414" lat="48.7506005" lon="11.4438250" visible="true" />
  <node id="-415" lat="48.7503847" lon="11.4452358" visible="true" />
  <node id="-416" lat="48.7503117" lon="11.4451595" visible="true" />
  <node id="-417" lat="48.7503609" lon="11.4450512" visible="true" />
  <node id="-418" lat="48.7504339" lon="11.4451276" visible="true" />
  <node id="-419" lat="48.7499809" lon="11.4446401" visible="true" />
  <node id="-420" lat="48.7500423" lon="11.4447010" visible="true" />
  <node id="-421" lat="48.7499736" lon="11.4448603" visible="true" />
  <node id="-422" lat="48.7499122" lon="11.4447995" visible="true" />
  <node id="-423" lat="48.7510235" lon="11.4437428" visible="true" />
  <node id="-424" lat="48.7509641" lon="11.4438813" visible="true" />
  <node id="-425" lat="48.7509073" lon="11.4438253" visible="true" />
  <node id="-426" lat="48.7509668" lon="11.4436868" visible="true" />
  <node id="-427" lat="48.7504590" lon="11.4445972" visible="true" />
  <node id="-428" lat="48.7505911" lon="11.4447275" visible="true" />
  <node id="-429" lat="48.7505060" lon="11.4449257" visible="true" />
  <node id="-430" lat="48.7503740" lon="11.4447954" visible="true" />
  <node id="-431" lat="48.7508125" lon="11.4442607" visible="true" />
  <node id="-432" lat="48.7507548" lon="11.4443952" visible="true" />
  <node id="-433" lat="48.7506888" lon="11.4443300" visible="true" />
  <node id="-434" lat="48.7507465" lon="11.4441955" visible="true" />
  <node id="-435" lat="48.7507025" lon="11.4445315" visible="true" />
  <node id="-436" lat="48.7506636" lon="11.4446223" visible="true" />
  <node id="-437" lat="48.7506095" lon="11.4445690" visible="true" />
  <node id="-438" lat="48.7506485" lon="11.4444782" visible="true" />
  <node id="-439" lat="48.7504171" lon="11.4439341" visible="true" />
  <node id="-440" lat="48.7504981" lon="11.4438921" visible="true" />
  <node id="-441" lat="48.7505448" lon="11.4440993" visible="true" />
  <node id="-442" lat="48.7504638" lon="11.4441413" visible="true" />
  <node id="-443" lat="48.7507887" lon="11.4440884" visible="true" />
  <node id="-444" lat="48.7507450" lon="11.4441902" visible="true" />
  <node id="-445" lat="48.7507097" lon="11.4441554" visible="true" />
  <node id="-446" lat="48.7507534" lon="11.4440536" visible="true" />
  <node id="-447" lat="48.7503512" lon="11.4453388" visible="true" />
  <node id="-448" lat="48.7503207" lon="11.4454321" visible="true" />
  <node id="-449" lat="48.7502407" lon="11.4453484" visible="true" />
  <node id="-450" lat="48.7502805" lon="11.4452632" visible="true" />
  <node id="-451" lat="48.7509497" lon="11.4439618" visible="true" />
  <node id="-452" lat="48.7508636" lon="11.4441624" visible="true" />
  <node id="-453" lat="48.7508747" lon="11.4438878" visible="true" />
  <node id="-454" lat="48.7496318" lon="11.4443131" visible="true" />
  <node id="-455" lat="48.7497216" lon="11.4444022" visible="true" />
  <node id="-456" lat="48.7496618" lon="11.4445409" visible="true" />
  <node id="-457" lat="48.7495720" lon="11.4444518" visible="true" />
  <node id="-458" lat="48.7501085" lon="11.4447461" visible="true" />
  <node id="-459" lat="48.7501849" lon="11.4448218" visible="true" />
  <node id="-460" lat="48.7500980" lon="11.4450232" visible="true" />
  <node id="-461" lat="48.7500217" lon="11.4449475" visible="true" />
  <node id="-462" lat="48.7502250" lon="11.4448841" visible="true" />
  <node id="-463" lat="48.7501767" lon="11.4449962" visible="true" />
  <node id="-464" lat="48.7502161" lon="11.4450352" visible="true" />
  <node id="-465" lat="48.7502031" lon="11.4450655" visible="true" />
  <node id="-466" lat="48.7502339" lon="11.4450961" visible="true" />
  <node id="-467" lat="48.7502953" lon="11.4449538" visible="true" />
  <node id="-468" lat="48.7510355" lon="11.4434904" visible="true" />
  <node id="-469" lat="48.7511086" lon="11.4435626" visible="true" />
  <node id="-470" lat="48.7510589" lon="11.4436784" visible="true" />
  <node id="-471" lat="48.7509858" lon="11.4436063" visible="true" />
  <node id="-472" lat="48.7494119" lon="11.4443983" visible="true" />
  <node id="-473" lat="48.7495000" lon="11.4444785" visible="true" />
  <node id="-474" lat="48.7494501" lon="11.4446046" visible="true" />
  <node id="-475" lat="48.7493620" lon="11.4445245" visible="true" />
  <node id="-476" lat="48.7506278" lon="11.4454911" visible="true" />
  <node id="-477" lat="48.7507050" lon="11.4453209" visible="true" />
  <node id="-478" lat="48.7506367" lon="11.4452496" visible="true" />
  <node id="-479" lat="48.7506050" lon="11.4453195" visible="true" />
  <node id="-480" lat="48.7505670" lon="11.4452799" visible="true" />
  <node id="-481" lat="48.7505215" lon="11.4453802" visible="true" />
  <node id="-482" lat="48.7502538" lon="11.4455650" visible="true" />
  <node id="-483" lat="48.7501797" lon="11.4457278" visible="true" />
  <node id="-484" lat="48.7500779" lon="11.4456212" visible="true" />
  <node id="-485" lat="48.7501519" lon="11.4454585" visible="true" />
  <node id="-486" lat="48.7495809" lon="11.4451891" visible="true" />
  <node id="-487" lat="48.7496626" lon="11.4452708" visible="true" />
  <node id="-488" lat="48.7495901" lon="11.4454378" visible="true" />
  <node id="-489" lat="48.7495084" lon="11.4453561" visible="true" />
  <node id="-490" lat="48.7509566" lon="11.4459559" visible="true" />
  <node id="-491" lat="48.7510578" lon="11.4460590" visible="true" />
  <node id="-492" lat="48.7508603" lon="11.4465049" visible="true" />
  <node id="-493" lat="48.7510056" lon="11.4466529" visible="true" />
  <node id="-494" lat="48.7510277" lon="11.4466030" visible="true" />
  <node id="-495" lat="48.7511549" lon="11.4467325" visible="true" />
  <node id="-496" lat="48.7511694" lon="11.4466998" visible="true" />
  <node id="-497" lat="48.7512352" lon="11.4467668" visible="true" />
  <node id="-498" lat="48.7511861" lon="11.4468777" visible="true" />
  <node id="-499" lat="48.7511158" lon="11.4468061" visible="true" />
  <node id="-500" lat="48.7511155" lon="11.4468068" visible="true" />
  <node id="-501" lat="48.7510432" lon="11.4467331" visible="true" />
  <node id="-502" lat="48.7510287" lon="11.4467658" visible="true" />
  <node id="-503" lat="48.7509734" lon="11.4467095" visible="true" />
  <node id="-504" lat="48.7509560" lon="11.4467486" visible="true" />
  <node id="-505" lat="48.7508252" lon="11.4466154" visible="true" />
  <node id="-506" lat="48.7507897" lon="11.4466955" visible="true" />
  <node id="-507" lat="48.7507077" lon="11.4466119" visible="true" />
  <node id="-508" lat="48.7509015" lon="11.4461741" visible="true" />
  <node id="-509" lat="48.7508729" lon="11.4461449" visible="true" />
  <node id="-510" lat="48.7504463" lon="11.4456678" visible="true" />
  <node id="-511" lat="48.7505022" lon="11.4457261" visible="true" />
  <node id="-512" lat="48.7504420" lon="11.4458587" visible="true" />
  <node id="-513" lat="48.7503861" lon="11.4458004" visible="true" />
  <node id="-514" lat="48.7499528" lon="11.4463118" visible="true" />
  <node id="-515" lat="48.7498655" lon="11.4462204" visible="true" />
  <node id="-516" lat="48.7498900" lon="11.4461665" visible="true" />
  <node id="-517" lat="48.7499773" lon="11.4462579" visible="true" />
  <node id="-518" lat="48.7496828" lon="11.4465282" visible="true" />
  <node id="-519" lat="48.7497367" lon="11.4465742" visible="true" />
  <node id="-520" lat="48.7496931" lon="11.4466918" visible="true" />
  <node id="-521" lat="48.7496392" lon="11.4466459" visible="true" />
  <node id="-522" lat="48.7502130" lon="11.4463157" visible="true" />
  <node id="-523" lat="48.7501681" lon="11.4464146" visible="true" />
  <node id="-524" lat="48.7500927" lon="11.4463358" visible="true" />
  <node id="-525" lat="48.7501377" lon="11.4462369" visible="true" />
  <node id="-526" lat="48.7514548" lon="11.4469458" visible="true" />
  <node id="-527" lat="48.7514877" lon="11.4468674" visible="true" />
  <node id="-528" lat="48.7515707" lon="11.4469474" visible="true" />
  <node id="-529" lat="48.7515379" lon="11.4470258" visible="true" />
  <node id="-530" lat="48.7494829" lon="11.4452124" visible="true" />
  <node id="-531" lat="48.7494268" lon="11.4453415" visible="true" />
  <node id="-532" lat="48.7493436" lon="11.4452584" visible="true" />
  <node id="-533" lat="48.7493997" lon="11.4451293" visible="true" />
  <node id="-534" lat="48.7494321" lon="11.4456543" visible="true" />
  <node id="-535" lat="48.7495039" lon="11.4457261" visible="true" />
  <node id="-536" lat="48.7494454" lon="11.4458608" visible="true" />
  <node id="-537" lat="48.7493735" lon="11.4457891" visible="true" />
  <node id="-538" lat="48.7498117" lon="11.4459846" visible="true" />
  <node id="-539" lat="48.7498948" lon="11.4460677" visible="true" />
  <node id="-540" lat="48.7497291" lon="11.4464493" visible="true" />
  <node id="-541" lat="48.7496459" lon="11.4463662" visible="true" />
  <node id="-542" lat="48.7505063" lon="11.4454698" visible="true" />
  <node id="-543" lat="48.7506165" lon="11.4455848" visible="true" />
  <node id="-544" lat="48.7505565" lon="11.4457172" visible="true" />
  <node id="-545" lat="48.7505199" lon="11.4456790" visible="true" />
  <node id="-546" lat="48.7505296" lon="11.4456578" visible="true" />
  <node id="-547" lat="48.7504559" lon="11.4455810" visible="true" />
  <node id="-548" lat="48.7513678" lon="11.4468366" visible="true" />
  <node id="-549" lat="48.7513266" lon="11.4469451" visible="true" />
  <node id="-550" lat="48.7512464" lon="11.4468750" visible="true" />
  <node id="-551" lat="48.7512876" lon="11.4467665" visible="true" />
  <node id="-552" lat="48.7498719" lon="11.4453962" visible="true" />
  <node id="-553" lat="48.7499492" lon="11.4454733" visible="true" />
  <node id="-554" lat="48.7498390" lon="11.4457272" visible="true" />
  <node id="-555" lat="48.7497617" lon="11.4456500" visible="true" />
  <node id="-556" lat="48.7508363" lon="11.4454680" visible="true" />
  <node id="-557" lat="48.7509108" lon="11.4455400" visible="true" />
  <node id="-558" lat="48.7508413" lon="11.4457056" visible="true" />
  <node id="-559" lat="48.7507667" lon="11.4456335" visible="true" />
  <node id="-560" lat="48.7515152" lon="11.4460267" visible="true" />
  <node id="-561" lat="48.7516061" lon="11.4461145" visible="true" />
  <node id="-562" lat="48.7515337" lon="11.4462867" visible="true" />
  <node id="-563" lat="48.7514428" lon="11.4461989" visible="true" />
  <node id="-564" lat="48.7493320" lon="11.4462863" visible="true" />
  <node id="-565" lat="48.7494039" lon="11.4463600" visible="true" />
  <node id="-566" lat="48.7492966" lon="11.4466009" visible="true" />
  <node id="-567" lat="48.7492247" lon="11.4465273" visible="true" />
  <node id="-568" lat="48.7505096" lon="11.4464968" visible="true" />
  <node id="-569" lat="48.7504601" lon="11.4466057" visible="true" />
  <node id="-570" lat="48.7503761" lon="11.4465178" visible="true" />
  <node id="-571" lat="48.7504256" lon="11.4464089" visible="true" />
  <node id="-572" lat="48.7500139" lon="11.4464637" visible="true" />
  <node id="-573" lat="48.7501139" lon="11.4465683" visible="true" />
  <node id="-574" lat="48.7500494" lon="11.4467100" visible="true" />
  <node id="-575" lat="48.7499494" lon="11.4466054" visible="true" />
  <node id="-576" lat="48.7510191" lon="11.4455056" visible="true" />
  <node id="-577" lat="48.7510774" lon="11.4455619" visible="true" />
  <node id="-578" lat="48.7509920" lon="11.4457650" visible="true" />
  <node id="-579" lat="48.7509338" lon="11.4457087" visible="true" />
  <node id="-580" lat="48.7496040" lon="11.4458085" visible="true" />
  <node id="-581" lat="48.7496860" lon="11.4458904" visible="true" />
  <node id="-582" lat="48.7495043" lon="11.4463087" visible="true" />
  <node id="-583" lat="48.7494223" lon="11.4462268" visible="true" />
  <node id="-584" lat="48.7503195" lon="11.4458422" visible="true" />
  <node id="-585" lat="48.7503981" lon="11.4459242" visible="true" />
  <node id="-586" lat="48.7503537" lon="11.4460223" visible="true" />
  <node id="-587" lat="48.7502751" lon="11.4459403" visible="true" />
  <node id="-588" lat="48.7503541" lon="11.4461248" visible="true" />
  <node id="-589" lat="48.7504355" lon="11.4462099" visible="true" />
  <node id="-590" lat="48.7503783" lon="11.4463355" visible="true" />
  <node id="-591" lat="48.7502970" lon="11.4462504" visible="true" />
  <node id="-592" lat="48.7497529" lon="11.4451746" visible="true" />
  <node id="-593" lat="48.7498359" lon="11.4452575" visible="true" />
  <node id="-594" lat="48.7497619" lon="11.4454279" visible="true" />
  <node id="-595" lat="48.7496789" lon="11.4453450" visible="true" />
  <node id="-596" lat="48.7498429" lon="11.4463080" visible="true" />
  <node id="-597" lat="48.7499050" lon="11.4463730" visible="true" />
  <node id="-598" lat="48.7498432" lon="11.4465089" visible="true" />
  <node id="-599" lat="48.7497811" lon="11.4464439" visible="true" />
  <node id="-600" lat="48.7501391" lon="11.4458281" visible="true" />
  <node id="-601" lat="48.7500795" lon="11.4459592" visible="true" />
  <node id="-602" lat="48.7499946" lon="11.4458704" visible="true" />
  <node id="-603" lat="48.7500240" lon="11.4458057" visible="true" />
  <node id="-604" lat="48.7499745" lon="11.4457539" visible="true" />
  <node id="-605" lat="48.7500177" lon="11.4456590" visible="true" />
  <node id="-606" lat="48.7500743" lon="11.4457182" visible="true" />
  <node id="-607" lat="48.7500613" lon="11.4457468" visible="true" />
  <node id="-608" lat="48.7516783" lon="11.4467473" visible="true" />
  <node id="-609" lat="48.7515569" lon="11.4466454" visible="true" />
  <node id="-610" lat="48.7516012" lon="11.4465241" visible="true" />
  <node id="-611" lat="48.7517225" lon="11.4466260" visible="true" />
  <node id="-612" lat="48.7512857" lon="11.4465914" visible="true" />
  <node id="-613" lat="48.7512029" lon="11.4465118" visible="true" />
  <node id="-614" lat="48.7512517" lon="11.4463953" visible="true" />
  <node id="-615" lat="48.7512320" lon="11.4463764" visible="true" />
  <node id="-616" lat="48.7512786" lon="11.4462649" visible="true" />
  <node id="-617" lat="48.7513810" lon="11.4463635" visible="true" />
  <node id="-618" lat="48.7511838" lon="11.4456667" visible="true" />
  <node id="-619" lat="48.7512680" lon="11.4457481" visible="true" />
  <node id="-620" lat="48.7511979" lon="11.4459151" visible="true" />
  <node id="-621" lat="48.7511136" lon="11.4458337" visible="true" />
  <node id="-622" lat="48.7506800" lon="11.4456290" visible="true" />
  <node id="-623" lat="48.7506625" lon="11.4456706" visible="true" />
  <node id="-624" lat="48.7506843" lon="11.4456916" visible="true" />
  <node id="-625" lat="48.7506365" lon="11.4458053" visible="true" />
  <node id="-626" lat="48.7507427" lon="11.4459080" visible="true" />
  <node id="-627" lat="48.7508080" lon="11.4457526" visible="true" />
  <node id="-628" lat="48.7494158" lon="11.4424729" visible="true" />
  <node id="-629" lat="48.7493143" lon="11.4423782" visible="true" />
  <node id="-630" lat="48.7493595" lon="11.4422667" visible="true" />
  <node id="-631" lat="48.7494610" lon="11.4423614" visible="true" />
  <node id="-632" lat="48.7495002" lon="11.4422383" visible="true" />
  <node id="-633" lat="48.7494050" lon="11.4421494" visible="true" />
  <node id="-634" lat="48.7494439" lon="11.4420534" visible="true" />
  <node id="-635" lat="48.7495391" lon="11.4421423" visible="true" />
  <node id="-636" lat="48.7498851" lon="11.4423373" visible="true" />
  <node id="-637" lat="48.7497213" lon="11.4421865" visible="true" />
  <node id="-638" lat="48.7497715" lon="11.4420611" visible="true" />
  <node id="-639" lat="48.7499353" lon="11.4422118" visible="true" />
  <node id="-640" lat="48.7493737" lon="11.4433165" visible="true" />
  <node id="-641" lat="48.7494361" lon="11.4433739" visible="true" />
  <node id="-642" lat="48.7493890" lon="11.4434917" visible="true" />
  <node id="-643" lat="48.7493265" lon="11.4434343" visible="true" />
  <node id="-644" lat="48.7495641" lon="11.4430875" visible="true" />
  <node id="-645" lat="48.7494990" lon="11.4430276" visible="true" />
  <node id="-646" lat="48.7494547" lon="11.4431383" visible="true" />
  <node id="-647" lat="48.7494054" lon="11.4430929" visible="true" />
  <node id="-648" lat="48.7493659" lon="11.4431916" visible="true" />
  <node id="-649" lat="48.7494803" lon="11.4432968" visible="true" />
  <node id="-650" lat="48.7497756" lon="11.4423489" visible="true" />
  <node id="-651" lat="48.7498279" lon="11.4423969" visible="true" />
  <node id="-652" lat="48.7497853" lon="11.4425033" visible="true" />
  <node id="-653" lat="48.7497331" lon="11.4424552" visible="true" />
  <node id="-654" lat="48.7497491" lon="11.4427356" visible="true" />
  <node id="-655" lat="48.7496328" lon="11.4426286" visible="true" />
  <node id="-656" lat="48.7496778" lon="11.4425159" visible="true" />
  <node id="-657" lat="48.7497941" lon="11.4426229" visible="true" />
  <node id="-658" lat="48.7494700" lon="11.4426394" visible="true" />
  <node id="-659" lat="48.7493857" lon="11.4428670" visible="true" />
  <node id="-660" lat="48.7492403" lon="11.4427248" visible="true" />
  <node id="-661" lat="48.7492919" lon="11.4425897" visible="true" />
  <node id="-662" lat="48.7493950" lon="11.4425612" visible="true" />
  <node id="-663" lat="48.7496057" lon="11.4427186" visible="true" />
  <node id="-664" lat="48.7496851" lon="11.4427916" visible="true" />
  <node id="-665" lat="48.7496021" lon="11.4429991" visible="true" />
  <node id="-666" lat="48.7495227" lon="11.4429260" visible="true" />
  <node id="-667" lat="48.7503474" lon="11.4426159" visible="true" />
  <node id="-668" lat="48.7504364" lon="11.4427002" visible="true" />
  <node id="-669" lat="48.7504003" lon="11.4427879" visible="true" />
  <node id="-670" lat="48.7504536" lon="11.4428383" visible="true" />
  <node id="-671" lat="48.7504202" lon="11.4429194" visible="true" />
  <node id="-672" lat="48.7503719" lon="11.4428737" visible="true" />
  <node id="-673" lat="48.7503834" lon="11.4428457" visible="true" />
  <node id="-674" lat="48.7502894" lon="11.4427568" visible="true" />
  <node id="-675" lat="48.7509445" lon="11.4433100" visible="true" />
  <node id="-676" lat="48.7508901" lon="11.4432564" visible="true" />
  <node id="-677" lat="48.7508625" lon="11.4433209" visible="true" />
  <node id="-678" lat="48.7507867" lon="11.4432463" visible="true" />
  <node id="-679" lat="48.7508378" lon="11.4431267" visible="true" />
  <node id="-680" lat="48.7508826" lon="11.4431708" visible="true" />
  <node id="-681" lat="48.7509028" lon="11.4431234" visible="true" />
  <node id="-682" lat="48.7509884" lon="11.4432076" visible="true" />
  <node id="-683" lat="48.7509500" lon="11.4425469" visible="true" />
  <node id="-684" lat="48.7509885" lon="11.4425275" visible="true" />
  <node id="-685" lat="48.7510141" lon="11.4426442" visible="true" />
  <node id="-686" lat="48.7509756" lon="11.4426637" visible="true" />
  <node id="-687" lat="48.7498060" lon="11.4438283" visible="true" />
  <node id="-688" lat="48.7498972" lon="11.4436162" visible="true" />
  <node id="-689" lat="48.7499636" lon="11.4436819" visible="true" />
  <node id="-690" lat="48.7499785" lon="11.4436472" visible="true" />
  <node id="-691" lat="48.7500867" lon="11.4437542" visible="true" />
  <node id="-692" lat="48.7500461" lon="11.4438488" visible="true" />
  <node id="-693" lat="48.7499526" lon="11.4437563" visible="true" />
  <node id="-694" lat="48.7498871" lon="11.4439085" visible="true" />
  <node id="-695" lat="48.7509372" lon="11.4429960" visible="true" />
  <node id="-696" lat="48.7509755" lon="11.4431024" visible="true" />
  <node id="-697" lat="48.7510210" lon="11.4430647" visible="true" />
  <node id="-698" lat="48.7510577" lon="11.4431667" visible="true" />
  <node id="-699" lat="48.7511063" lon="11.4431265" visible="true" />
  <node id="-700" lat="48.7510313" lon="11.4429182" visible="true" />
  <node id="-701" lat="48.7510967" lon="11.4427370" visible="true" />
  <node id="-702" lat="48.7511505" lon="11.4427053" visible="true" />
  <node id="-703" lat="48.7511847" lon="11.4428390" visible="true" />
  <node id="-704" lat="48.7511309" lon="11.4428707" visible="true" />
  <node id="-705" lat="48.7503121" lon="11.4433449" visible="true" />
  <node id="-706" lat="48.7504359" lon="11.4430524" visible="true" />
  <node id="-707" lat="48.7505005" lon="11.4431152" visible="true" />
  <node id="-708" lat="48.7505322" lon="11.4430402" visible="true" />
  <node id="-709" lat="48.7506905" lon="11.4431943" visible="true" />
  <node id="-710" lat="48.7506667" lon="11.4432506" visible="true" />
  <node id="-711" lat="48.7507500" lon="11.4433316" visible="true" />
  <node id="-712" lat="48.7506954" lon="11.4434609" visible="true" />
  <node id="-713" lat="48.7505981" lon="11.4433663" visible="true" />
  <node id="-714" lat="48.7506258" lon="11.4433007" visible="true" />
  <node id="-715" lat="48.7505008" lon="11.4431791" visible="true" />
  <node id="-716" lat="48.7503961" lon="11.4434266" visible="true" />
  <node id="-717" lat="48.7501235" lon="11.4425144" visible="true" />
  <node id="-718" lat="48.7502093" lon="11.4425956" visible="true" />
  <node id="-719" lat="48.7501659" lon="11.4427011" visible="true" />
  <node id="-720" lat="48.7502192" lon="11.4427515" visible="true" />
  <node id="-721" lat="48.7501804" lon="11.4428458" visible="true" />
  <node id="-722" lat="48.7500413" lon="11.4427143" visible="true" />
  <node id="-723" lat="48.7511553" lon="11.4429362" visible="true" />
  <node id="-724" lat="48.7511878" lon="11.4430184" visible="true" />
  <node id="-725" lat="48.7511236" lon="11.4430768" visible="true" />
  <node id="-726" lat="48.7510911" lon="11.4429945" visible="true" />
  <node id="-727" lat="48.7501869" lon="11.4434749" visible="true" />
  <node id="-728" lat="48.7502751" lon="11.4435608" visible="true" />
  <node id="-729" lat="48.7501708" lon="11.4438074" visible="true" />
  <node id="-730" lat="48.7500826" lon="11.4437215" visible="true" />
  <node id="-731" lat="48.7505853" lon="11.4425972" visible="true" />
  <node id="-732" lat="48.7505051" lon="11.4425323" visible="true" />
  <node id="-733" lat="48.7505365" lon="11.4424431" visible="true" />
  <node id="-734" lat="48.7506167" lon="11.4425080" visible="true" />
  <node id="-735" lat="48.7513182" lon="11.4426553" visible="true" />
  <node id="-736" lat="48.7513610" lon="11.4428369" visible="true" />
  <node id="-737" lat="48.7512870" lon="11.4428770" visible="true" />
  <node id="-738" lat="48.7512442" lon="11.4426954" visible="true" />
  <node id="-739" lat="48.7508206" lon="11.4428080" visible="true" />
  <node id="-740" lat="48.7507350" lon="11.4427351" visible="true" />
  <node id="-741" lat="48.7507712" lon="11.4426377" visible="true" />
  <node id="-742" lat="48.7508567" lon="11.4427106" visible="true" />
  <node id="-743" lat="48.7514282" lon="11.4445317" visible="true" />
  <node id="-744" lat="48.7515005" lon="11.4445980" visible="true" />
  <node id="-745" lat="48.7514363" lon="11.4447589" visible="true" />
  <node id="-746" lat="48.7513640" lon="11.4446926" visible="true" />
  <node id="-747" lat="48.7523849" lon="11.4447502" visible="true" />
  <node id="-748" lat="48.7524781" lon="11.4448383" visible="true" />
  <node id="-749" lat="48.7523929" lon="11.4450456" visible="true" />
  <node id="-750" lat="48.7522997" lon="11.4449575" visible="true" />
  <node id="-751" lat="48.7520560" lon="11.4451228" visible="true" />
  <node id="-752" lat="48.7521480" lon="11.4452071" visible="true" />
  <node id="-753" lat="48.7520965" lon="11.4453363" visible="true" />
  <node id="-754" lat="48.7520045" lon="11.4452520" visible="true" />
  <node id="-755" lat="48.7511409" lon="11.4449466" visible="true" />
  <node id="-756" lat="48.7511717" lon="11.4449763" visible="true" />
  <node id="-757" lat="48.7511395" lon="11.4450529" visible="true" />
  <node id="-758" lat="48.7511088" lon="11.4450232" visible="true" />
  <node id="-759" lat="48.7519393" lon="11.4450463" visible="true" />
  <node id="-760" lat="48.7519886" lon="11.4450914" visible="true" />
  <node id="-761" lat="48.7519489" lon="11.4451909" visible="true" />
  <node id="-762" lat="48.7518997" lon="11.4451457" visible="true" />
  <node id="-763" lat="48.7513871" lon="11.4432840" visible="true" />
  <node id="-764" lat="48.7514317" lon="11.4431726" visible="true" />
  <node id="-765" lat="48.7515060" lon="11.4432411" visible="true" />
  <node id="-766" lat="48.7514614" lon="11.4433524" visible="true" />
  <node id="-767" lat="48.7515393" lon="11.4438612" visible="true" />
  <node id="-768" lat="48.7516005" lon="11.4439173" visible="true" />
  <node id="-769" lat="48.7514827" lon="11.4442125" visible="true" />
  <node id="-770" lat="48.7514216" lon="11.4441564" visible="true" />
  <node id="-771" lat="48.7520959" lon="11.4438137" visible="true" />
  <node id="-772" lat="48.7520150" lon="11.4439920" visible="true" />
  <node id="-773" lat="48.7519407" lon="11.4439144" visible="true" />
  <node id="-774" lat="48.7519810" lon="11.4438255" visible="true" />
  <node id="-775" lat="48.7519381" lon="11.4437807" visible="true" />
  <node id="-776" lat="48.7519787" lon="11.4436913" visible="true" />
  <node id="-777" lat="48.7517779" lon="11.4445486" visible="true" />
  <node id="-778" lat="48.7517177" lon="11.4444934" visible="true" />
  <node id="-779" lat="48.7517468" lon="11.4444206" visible="true" />
  <node id="-780" lat="48.7518069" lon="11.4444757" visible="true" />
  <node id="-781" lat="48.7516807" lon="11.4453892" visible="true" />
  <node id="-782" lat="48.7516217" lon="11.4455298" visible="true" />
  <node id="-783" lat="48.7515539" lon="11.4454643" visible="true" />
  <node id="-784" lat="48.7516129" lon="11.4453238" visible="true" />
  <node id="-785" lat="48.7515715" lon="11.4443594" visible="true" />
  <node id="-786" lat="48.7515059" lon="11.4442992" visible="true" />
  <node id="-787" lat="48.7515337" lon="11.4442296" visible="true" />
  <node id="-788" lat="48.7515992" lon="11.4442897" visible="true" />
  <node id="-789" lat="48.7517096" lon="11.4434156" visible="true" />
  <node id="-790" lat="48.7517729" lon="11.4434817" visible="true" />
  <node id="-791" lat="48.7517034" lon="11.4436349" visible="true" />
  <node id="-792" lat="48.7516401" lon="11.4435688" visible="true" />
  <node id="-793" lat="48.7521894" lon="11.4452416" visible="true" />
  <node id="-794" lat="48.7522777" lon="11.4453212" visible="true" />
  <node id="-795" lat="48.7522279" lon="11.4454483" visible="true" />
  <node id="-796" lat="48.7521396" lon="11.4453687" visible="true" />
  <node id="-797" lat="48.7519437" lon="11.4443039" visible="true" />
  <node id="-798" lat="48.7520118" lon="11.4443663" visible="true" />
  <node id="-799" lat="48.7519126" lon="11.4446149" visible="true" />
  <node id="-800" lat="48.7518446" lon="11.4445525" visible="true" />
  <node id="-801" lat="48.7517504" lon="11.4440725" visible="true" />
  <node id="-802" lat="48.7518146" lon="11.4441314" visible="true" />
  <node id="-803" lat="48.7517063" lon="11.4444031" visible="true" />
  <node id="-804" lat="48.7516420" lon="11.4443442" visible="true" />
  <node id="-805" lat="48.7510196" lon="11.4449807" visible="true" />
  <node id="-806" lat="48.7510909" lon="11.4450495" visible="true" />
  <node id="-807" lat="48.7510201" lon="11.4452182" visible="true" />
  <node id="-808" lat="48.7509488" lon="11.4451493" visible="true" />
  <node id="-809" lat="48.7516577" lon="11.4455779" visible="true" />
  <node id="-810" lat="48.7517366" lon="11.4456542" visible="true" />
  <node id="-811" lat="48.7516755" lon="11.4457997" visible="true" />
  <node id="-812" lat="48.7515966" lon="11.4457234" visible="true" />
  <node id="-813" lat="48.7519623" lon="11.4457962" visible="true" />
  <node id="-814" lat="48.7520324" lon="11.4456173" visible="true" />
  <node id="-815" lat="48.7520925" lon="11.4456715" visible="true" />
  <node id="-816" lat="48.7520224" lon="11.4458504" visible="true" />
  <node id="-817" lat="48.7521102" lon="11.4445462" visible="true" />
  <node id="-818" lat="48.7521994" lon="11.4446280" visible="true" />
  <node id="-819" lat="48.7521039" lon="11.4448676" visible="true" />
  <node id="-820" lat="48.7520147" lon="11.4447858" visible="true" />
  <node id="-821" lat="48.7517764" lon="11.4457325" visible="true" />
  <node id="-822" lat="48.7518492" lon="11.4458028" visible="true" />
  <node id="-823" lat="48.7517909" lon="11.4459415" visible="true" />
  <node id="-824" lat="48.7517181" lon="11.4458712" visible="true" />
  <node id="-825" lat="48.7518109" lon="11.4448926" visible="true" />
  <node id="-826" lat="48.7518739" lon="11.4449504" visible="true" />
  <node id="-827" lat="48.7518290" lon="11.4450632" visible="true" />
  <node id="-828" lat="48.7517659" lon="11.4450053" visible="true" />
  <node id="-829" lat="48.7515557" lon="11.4453226" visible="true" />
  <node id="-830" lat="48.7515860" lon="11.4453513" visible="true" />
  <node id="-831" lat="48.7515465" lon="11.4454473" visible="true" />
  <node id="-832" lat="48.7515162" lon="11.4454186" visible="true" />
  <node id="-833" lat="48.7519254" lon="11.4436583" visible="true" />
  <node id="-834" lat="48.7518580" lon="11.4438067" visible="true" />
  <node id="-835" lat="48.7517852" lon="11.4437308" visible="true" />
  <node id="-836" lat="48.7518526" lon="11.4435823" visible="true" />
  <node id="-837" lat="48.7512717" lon="11.4443780" visible="true" />
  <node id="-838" lat="48.7513541" lon="11.4444536" visible="true" />
  <node id="-839" lat="48.7512760" lon="11.4446494" visible="true" />
  <node id="-840" lat="48.7511936" lon="11.4445738" visible="true" />
  <node id="-841" lat="48.7513605" lon="11.4441422" visible="true" />
  <node id="-842" lat="48.7512895" lon="11.4440771" visible="true" />
  <node id="-843" lat="48.7513199" lon="11.4440009" visible="true" />
  <node id="-844" lat="48.7513909" lon="11.4440660" visible="true" />
  <node id="-845" lat="48.7526017" lon="11.4445749" visible="true" />
  <node id="-846" lat="48.7525555" lon="11.4445312" visible="true" />
  <node id="-847" lat="48.7525297" lon="11.4445939" visible="true" />
  <node id="-848" lat="48.7524632" lon="11.4445309" visible="true" />
  <node id="-849" lat="48.7524242" lon="11.4446257" visible="true" />
  <node id="-850" lat="48.7525370" lon="11.4447324" visible="true" />
  <node id="-851" lat="48.7515437" lon="11.4450787" visible="true" />
  <node id="-852" lat="48.7516288" lon="11.4448652" visible="true" />
  <node id="-853" lat="48.7517066" lon="11.4449366" visible="true" />
  <node id="-854" lat="48.7516215" lon="11.4451501" visible="true" />
  <node id="-855" lat="48.7514025" lon="11.4453408" visible="true" />
  <node id="-856" lat="48.7514984" lon="11.4454334" visible="true" />
  <node id="-857" lat="48.7514305" lon="11.4455952" visible="true" />
  <node id="-858" lat="48.7513346" lon="11.4455026" visible="true" />
  <node id="-859" lat="48.7510638" lon="11.4446073" visible="true" />
  <node id="-860" lat="48.7509913" lon="11.4447769" visible="true" />
  <node id="-861" lat="48.7508899" lon="11.4446772" visible="true" />
  <node id="-862" lat="48.7509358" lon="11.4445698" visible="true" />
  <node id="-863" lat="48.7508735" lon="11.4445086" visible="true" />
  <node id="-864" lat="48.7509002" lon="11.4444463" visible="true" />
  <node id="-865" lat="48.7522885" lon="11.4440099" visible="true" />
  <node id="-866" lat="48.7523480" lon="11.4440721" visible="true" />
  <node id="-867" lat="48.7523031" lon="11.4441711" visible="true" />
  <node id="-868" lat="48.7522436" lon="11.4441089" visible="true" />
  <node id="-869" lat="48.7515475" lon="11.4446488" visible="true" />
  <node id="-870" lat="48.7514940" lon="11.4447829" visible="true" />
  <node id="-871" lat="48.7515643" lon="11.4448474" visible="true" />
  <node id="-872" lat="48.7515949" lon="11.4447708" visible="true" />
  <node id="-873" lat="48.7516400" lon="11.4448121" visible="true" />
  <node id="-874" lat="48.7516749" lon="11.4447246" visible="true" />
  <node id="-875" lat="48.7516314" lon="11.4446847" visible="true" />
  <node id="-876" lat="48.7516194" lon="11.4447148" visible="true" />
  <node id="-877" lat="48.7513738" lon="11.4435570" visible="true" />
  <node id="-878" lat="48.7513124" lon="11.4435004" visible="true" />
  <node id="-879" lat="48.7513476" lon="11.4434126" visible="true" />
  <node id="-880" lat="48.7514090" lon="11.4434691" visible="true" />
  <node id="-881" lat="48.7521552" lon="11.4438059" visible="true" />
  <node id="-882" lat="48.7522481" lon="11.4438917" visible="true" />
  <node id="-883" lat="48.7521947" lon="11.4440248" visible="true" />
  <node id="-884" lat="48.7521018" lon="11.4439391" visible="true" />
  <node id="-885" lat="48.7518987" lon="11.4458721" visible="true" />
  <node id="-886" lat="48.7519687" lon="11.4459397" visible="true" />
  <node id="-887" lat="48.7519207" lon="11.4460540" visible="true" />
  <node id="-888" lat="48.7518507" lon="11.4459864" visible="true" />
  <node id="-889" lat="48.7510737" lon="11.4441815" visible="true" />
  <node id="-890" lat="48.7511391" lon="11.4442459" visible="true" />
  <node id="-891" lat="48.7510875" lon="11.4443666" visible="true" />
  <node id="-892" lat="48.7510221" lon="11.4443022" visible="true" />
  <node id="-893" lat="48.7513241" lon="11.4436319" visible="true" />
  <node id="-894" lat="48.7514017" lon="11.4437031" visible="true" />
  <node id="-895" lat="48.7512835" lon="11.4439994" visible="true" />
  <node id="-896" lat="48.7512059" lon="11.4439283" visible="true" />
  <node id="-897" lat="48.7512112" lon="11.4453771" visible="true" />
  <node id="-898" lat="48.7512655" lon="11.4452480" visible="true" />
  <node id="-899" lat="48.7513199" lon="11.4453006" visible="true" />
  <node id="-900" lat="48.7513443" lon="11.4452425" visible="true" />
  <node id="-901" lat="48.7513763" lon="11.4452735" visible="true" />
  <node id="-902" lat="48.7512977" lon="11.4454607" visible="true" />
  <node id="-903" lat="48.7526083" lon="11.4444931" visible="true" />
  <node id="-904" lat="48.7525420" lon="11.4444305" visible="true" />
  <node id="-905" lat="48.7526171" lon="11.4442768" visible="true" />
  <node id="-906" lat="48.7526834" lon="11.4443395" visible="true" />
  <node id="-907" lat="48.7514440" lon="11.4425413" visible="true" />
  <node id="-908" lat="48.7515051" lon="11.4425102" visible="true" />
  <node id="-909" lat="48.7515347" lon="11.4426443" visible="true" />
  <node id="-910" lat="48.7514736" lon="11.4426754" visible="true" />
  <node id="-911" lat="48.7527178" lon="11.4435379" visible="true" />
  <node id="-912" lat="48.7526736" lon="11.4432884" visible="true" />
  <node id="-913" lat="48.7525758" lon="11.4433283" visible="true" />
  <node id="-914" lat="48.7526000" lon="11.4434649" visible="true" />
  <node id="-915" lat="48.7526330" lon="11.4434515" visible="true" />
  <node id="-916" lat="48.7526530" lon="11.4435642" visible="true" />
  <node id="-917" lat="48.7519080" lon="11.4431216" visible="true" />
  <node id="-918" lat="48.7519606" lon="11.4431735" visible="true" />
  <node id="-919" lat="48.7519187" lon="11.4432711" visible="true" />
  <node id="-920" lat="48.7518661" lon="11.4432191" visible="true" />
  <node id="-921" lat="48.7521781" lon="11.4430775" visible="true" />
  <node id="-922" lat="48.7522350" lon="11.4429266" visible="true" />
  <node id="-923" lat="48.7523125" lon="11.4429937" visible="true" />
  <node id="-924" lat="48.7522556" lon="11.4431446" visible="true" />
  <node id="-925" lat="48.7518433" lon="11.4429293" visible="true" />
  <node id="-926" lat="48.7519204" lon="11.4430193" visible="true" />
  <node id="-927" lat="48.7518412" lon="11.4431931" visible="true" />
  <node id="-928" lat="48.7517508" lon="11.4431089" visible="true" />
  <node id="-929" lat="48.7524211" lon="11.4436922" visible="true" />
  <node id="-930" lat="48.7524766" lon="11.4437470" visible="true" />
  <node id="-931" lat="48.7524246" lon="11.4438679" visible="true" />
  <node id="-932" lat="48.7523692" lon="11.4438131" visible="true" />
  <node id="-933" lat="48.7520861" lon="11.4427456" visible="true" />
  <node id="-934" lat="48.7521575" lon="11.4428194" visible="true" />
  <node id="-935" lat="48.7520911" lon="11.4429671" visible="true" />
  <node id="-936" lat="48.7520197" lon="11.4428933" visible="true" />
  <node id="-937" lat="48.7525803" lon="11.4427010" visible="true" />
  <node id="-938" lat="48.7524344" lon="11.4427604" visible="true" />
  <node id="-939" lat="48.7524621" lon="11.4429168" visible="true" />
  <node id="-940" lat="48.7525402" lon="11.4428849" visible="true" />
  <node id="-941" lat="48.7525498" lon="11.4429392" visible="true" />
  <node id="-942" lat="48.7526429" lon="11.4429013" visible="true" />
  <node id="-943" lat="48.7526279" lon="11.4428167" visible="true" />
  <node id="-944" lat="48.7526027" lon="11.4428270" visible="true" />
  <node id="-945" lat="48.7525873" lon="11.4440799" visible="true" />
  <node id="-946" lat="48.7526333" lon="11.4439730" visible="true" />
  <node id="-947" lat="48.7527107" lon="11.4440496" visible="true" />
  <node id="-948" lat="48.7527404" lon="11.4439807" visible="true" />
  <node id="-949" lat="48.7528220" lon="11.4440614" visible="true" />
  <node id="-950" lat="48.7527957" lon="11.4441228" visible="true" />
  <node id="-951" lat="48.7527465" lon="11.4442372" visible="true" />
  <node id="-952" lat="48.7520128" lon="11.4430796" visible="true" />
  <node id="-953" lat="48.7520821" lon="11.4431481" visible="true" />
  <node id="-954" lat="48.7519709" lon="11.4434070" visible="true" />
  <node id="-955" lat="48.7519015" lon="11.4433385" visible="true" />
  <node id="-956" lat="48.7526658" lon="11.4432405" visible="true" />
  <node id="-957" lat="48.7526164" lon="11.4429618" visible="true" />
  <node id="-958" lat="48.7525103" lon="11.4430051" visible="true" />
  <node id="-959" lat="48.7525312" lon="11.4431234" visible="true" />
  <node id="-960" lat="48.7525695" lon="11.4431079" visible="true" />
  <node id="-961" lat="48.7525978" lon="11.4432682" visible="true" />
  <node id="-962" lat="48.7529353" lon="11.4431564" visible="true" />
  <node id="-963" lat="48.7528430" lon="11.4431940" visible="true" />
  <node id="-964" lat="48.7528252" lon="11.4430934" visible="true" />
  <node id="-965" lat="48.7529175" lon="11.4430558" visible="true" />
  <node id="-966" lat="48.7527168" lon="11.4436837" visible="true" />
  <node id="-967" lat="48.7527832" lon="11.4437359" visible="true" />
  <node id="-968" lat="48.7527057" lon="11.4439625" visible="true" />
  <node id="-969" lat="48.7526394" lon="11.4439103" visible="true" />
  <node id="-970" lat="48.7525884" lon="11.4437909" visible="true" />
  <node id="-971" lat="48.7526397" lon="11.4438416" visible="true" />
  <node id="-972" lat="48.7525676" lon="11.4440093" visible="true" />
  <node id="-973" lat="48.7525163" lon="11.4439586" visible="true" />
  <node id="-974" lat="48.7518490" lon="11.4425759" visible="true" />
  <node id="-975" lat="48.7519642" lon="11.4427122" visible="true" />
  <node id="-976" lat="48.7519162" lon="11.4428056" visible="true" />
  <node id="-977" lat="48.7520293" lon="11.4429396" visible="true" />
  <node id="-978" lat="48.7519936" lon="11.4430090" visible="true" />
  <node id="-979" lat="48.7518665" lon="11.4428586" visible="true" />
  <node id="-980" lat="48.7518835" lon="11.4428255" visible="true" />
  <node id="-981" lat="48.7517822" lon="11.4427056" visible="true" />
  <node id="-982" lat="48.7528050" lon="11.4454747" visible="true" />
  <node id="-983" lat="48.7525984" lon="11.4452866" visible="true" />
  <node id="-984" lat="48.7526340" lon="11.4451967" visible="true" />
  <node id="-985" lat="48.7528406" lon="11.4453847" visible="true" />
  <node id="-986" lat="48.7516158" lon="11.4430635" visible="true" />
  <node id="-987" lat="48.7517095" lon="11.4428331" visible="true" />
  <node id="-988" lat="48.7517722" lon="11.4429057" visible="true" />
  <node id="-989" lat="48.7516748" lon="11.4431218" visible="true" />
  <node id="-990" lat="48.7524823" lon="11.4465991" visible="true" />
  <node id="-991" lat="48.7523096" lon="11.4464326" visible="true" />
  <node id="-992" lat="48.7523668" lon="11.4462959" visible="true" />
  <node id="-993" lat="48.7525396" lon="11.4464624" visible="true" />
  <node id="-994" lat="48.7524916" lon="11.4459019" visible="true" />
  <node id="-995" lat="48.7523933" lon="11.4458132" visible="true" />
  <node id="-996" lat="48.7524360" lon="11.4457043" visible="true" />
  <node id="-997" lat="48.7525343" lon="11.4457930" visible="true" />
  <node id="-998" lat="48.7524907" lon="11.4471794" visible="true" />
  <node id="-999" lat="48.7523915" lon="11.4470838" visible="true" />
  <node id="-1000" lat="48.7524522" lon="11.4469390" visible="true" />
  <node id="-1001" lat="48.7525514" lon="11.4470345" visible="true" />
  <node id="-1002" lat="48.7525156" lon="11.4454350" visible="true" />
  <node id="-1003" lat="48.7526840" lon="11.4455868" visible="true" />
  <node id="-1004" lat="48.7526255" lon="11.4457360" visible="true" />
  <node id="-1005" lat="48.7524571" lon="11.4455841" visible="true" />
  <node id="-1006" lat="48.7524256" lon="11.4468663" visible="true" />
  <node id="-1007" lat="48.7523975" lon="11.4469332" visible="true" />
  <node id="-1008" lat="48.7523740" lon="11.4469105" visible="true" />
  <node id="-1009" lat="48.7523446" lon="11.4469808" visible="true" />
  <node id="-1010" lat="48.7522792" lon="11.4469177" visible="true" />
  <node id="-1011" lat="48.7523366" lon="11.4467806" visible="true" />
  <node id="-1012" lat="48.7523468" lon="11.4467221" visible="true" />
  <node id="-1013" lat="48.7523238" lon="11.4467771" visible="true" />
  <node id="-1014" lat="48.7522520" lon="11.4467079" visible="true" />
  <node id="-1015" lat="48.7522750" lon="11.4466529" visible="true" />
  <node id="-1016" lat="48.7526164" lon="11.4461710" visible="true" />
  <node id="-1017" lat="48.7526536" lon="11.4462054" visible="true" />
  <node id="-1018" lat="48.7525531" lon="11.4464555" visible="true" />
  <node id="-1019" lat="48.7525159" lon="11.4464211" visible="true" />
  <node id="-1020" lat="48.7523411" lon="11.4459154" visible="true" />
  <node id="-1021" lat="48.7524251" lon="11.4459911" visible="true" />
  <node id="-1022" lat="48.7523133" lon="11.4462765" visible="true" />
  <node id="-1023" lat="48.7522292" lon="11.4462007" visible="true" />
  <node id="-1024" lat="48.7501162" lon="11.4476604" visible="true" />
  <node id="-1025" lat="48.7501527" lon="11.4476532" visible="true" />
  <node id="-1026" lat="48.7501606" lon="11.4477447" visible="true" />
  <node id="-1027" lat="48.7502433" lon="11.4477194" visible="true" />
  <node id="-1028" lat="48.7502551" lon="11.4478079" visible="true" />
  <node id="-1029" lat="48.7500518" lon="11.4478701" visible="true" />
  <node id="-1030" lat="48.7500612" lon="11.4479479" visible="true" />
  <node id="-1031" lat="48.7500154" lon="11.4479607" visible="true" />
  <node id="-1032" lat="48.7499946" lon="11.4477895" visible="true" />
  <node id="-1033" lat="48.7501244" lon="11.4477557" visible="true" />
  <node id="-1034" lat="48.7520985" lon="11.4478458" visible="true" />
  <node id="-1035" lat="48.7520561" lon="11.4479577" visible="true" />
  <node id="-1036" lat="48.7520038" lon="11.4479121" visible="true" />
  <node id="-1037" lat="48.7520461" lon="11.4478003" visible="true" />
  <node id="-1038" lat="48.7515008" lon="11.4458696" visible="true" />
  <node id="-1039" lat="48.7514800" lon="11.4459433" visible="true" />
  <node id="-1040" lat="48.7514370" lon="11.4459154" visible="true" />
  <node id="-1041" lat="48.7514579" lon="11.4458416" visible="true" />
  <node id="-1042" lat="48.7514158" lon="11.4457826" visible="true" />
  <node id="-1043" lat="48.7513741" lon="11.4458880" visible="true" />
  <node id="-1044" lat="48.7513284" lon="11.4458464" visible="true" />
  <node id="-1045" lat="48.7513701" lon="11.4457411" visible="true" />
  <node id="-1046" lat="48.7520230" lon="11.4476113" visible="true" />
  <node id="-1047" lat="48.7519911" lon="11.4476895" visible="true" />
  <node id="-1048" lat="48.7519720" lon="11.4476717" visible="true" />
  <node id="-1049" lat="48.7520040" lon="11.4475935" visible="true" />
  <node id="-1050" lat="48.7521746" lon="11.4476521" visible="true" />
  <node id="-1051" lat="48.7521285" lon="11.4476040" visible="true" />
  <node id="-1052" lat="48.7521623" lon="11.4475296" visible="true" />
  <node id="-1053" lat="48.7522084" lon="11.4475778" visible="true" />
  <node id="-1054" lat="48.7520819" lon="11.4473729" visible="true" />
  <node id="-1055" lat="48.7520574" lon="11.4474437" visible="true" />
  <node id="-1056" lat="48.7520135" lon="11.4474087" visible="true" />
  <node id="-1057" lat="48.7520380" lon="11.4473379" visible="true" />
  <node id="-1058" lat="48.7518586" lon="11.4462804" visible="true" />
  <node id="-1059" lat="48.7517457" lon="11.4465701" visible="true" />
  <node id="-1060" lat="48.7516502" lon="11.4464845" visible="true" />
  <node id="-1061" lat="48.7517631" lon="11.4461948" visible="true" />
  <node id="-1062" lat="48.7521863" lon="11.4472556" visible="true" />
  <node id="-1063" lat="48.7521298" lon="11.4473767" visible="true" />
  <node id="-1064" lat="48.7520499" lon="11.4472910" visible="true" />
  <node id="-1065" lat="48.7521064" lon="11.4471699" visible="true" />
  <node id="-1066" lat="48.7522489" lon="11.4477193" visible="true" />
  <node id="-1067" lat="48.7521728" lon="11.4479130" visible="true" />
  <node id="-1068" lat="48.7514418" lon="11.4459723" visible="true" />
  <node id="-1069" lat="48.7513654" lon="11.4461777" visible="true" />
  <node id="-1070" lat="48.7512663" lon="11.4460929" visible="true" />
  <node id="-1071" lat="48.7513427" lon="11.4458875" visible="true" />
  <node id="-1072" lat="48.7521834" lon="11.4454775" visible="true" />
  <node id="-1073" lat="48.7521315" lon="11.4456310" visible="true" />
  <node id="-1074" lat="48.7520315" lon="11.4455532" visible="true" />
  <node id="-1075" lat="48.7520834" lon="11.4453997" visible="true" />
  <node id="-1076" lat="48.7498106" lon="11.4447297" visible="true" />
  <node id="-1077" lat="48.7497366" lon="11.4449206" visible="true" />
  <node id="-1078" lat="48.7496460" lon="11.4448398" visible="true" />
  <node id="-1079" lat="48.7497200" lon="11.4446489" visible="true" />
  <node id="-1080" lat="48.7505220" lon="11.4434468" visible="true" />
  <node id="-1081" lat="48.7504622" lon="11.4435956" visible="true" />
  <node id="-1082" lat="48.7503849" lon="11.4435242" visible="true" />
  <node id="-1083" lat="48.7504448" lon="11.4433754" visible="true" />
  <node id="-1084" lat="48.7509548" lon="11.4448590" visible="true" />
  <node id="-1085" lat="48.7508837" lon="11.4450297" visible="true" />
  <node id="-1086" lat="48.7507931" lon="11.4449428" visible="true" />
  <node id="-1087" lat="48.7508643" lon="11.4447721" visible="true" />
  <node id="-1088" lat="48.7500425" lon="11.4509079" visible="true" />
  <node id="-1089" lat="48.7500885" lon="11.4511289" visible="true" />
  <node id="-1090" lat="48.7500084" lon="11.4511673" visible="true" />
  <node id="-1091" lat="48.7499624" lon="11.4509462" visible="true" />
  <node id="-1092" lat="48.7495518" lon="11.4479595" visible="true" />
  <node id="-1093" lat="48.7494401" lon="11.4479883" visible="true" />
  <node id="-1094" lat="48.7494263" lon="11.4478654" visible="true" />
  <node id="-1095" lat="48.7495381" lon="11.4478366" visible="true" />
  <node id="-1096" lat="48.7506624" lon="11.4501115" visible="true" />
  <node id="-1097" lat="48.7506957" lon="11.4502435" visible="true" />
  <node id="-1098" lat="48.7505523" lon="11.4503267" visible="true" />
  <node id="-1099" lat="48.7505190" lon="11.4501947" visible="true" />
  <node id="-1100" lat="48.7504516" lon="11.4502075" visible="true" />
  <node id="-1101" lat="48.7504895" lon="11.4503480" visible="true" />
  <node id="-1102" lat="48.7503609" lon="11.4504280" visible="true" />
  <node id="-1103" lat="48.7503229" lon="11.4502874" visible="true" />
  <node id="-1104" lat="48.7503524" lon="11.4498237" visible="true" />
  <node id="-1105" lat="48.7504115" lon="11.4500988" visible="true" />
  <node id="-1106" lat="48.7503291" lon="11.4501394" visible="true" />
  <node id="-1107" lat="48.7502701" lon="11.4498644" visible="true" />
  <node id="-1108" lat="48.7502282" lon="11.4492443" visible="true" />
  <node id="-1109" lat="48.7502597" lon="11.4494008" visible="true" />
  <node id="-1110" lat="48.7501524" lon="11.4494505" visible="true" />
  <node id="-1111" lat="48.7501208" lon="11.4492940" visible="true" />
  <node id="-1112" lat="48.7503356" lon="11.4496222" visible="true" />
  <node id="-1113" lat="48.7503627" lon="11.4497627" visible="true" />
  <node id="-1114" lat="48.7502762" lon="11.4498011" visible="true" />
  <node id="-1115" lat="48.7502491" lon="11.4496606" visible="true" />
  <node id="-1116" lat="48.7506069" lon="11.4489910" visible="true" />
  <node id="-1117" lat="48.7506397" lon="11.4492081" visible="true" />
  <node id="-1118" lat="48.7505275" lon="11.4492471" visible="true" />
  <node id="-1119" lat="48.7504947" lon="11.4490300" visible="true" />
  <node id="-1120" lat="48.7505275" lon="11.4497885" visible="true" />
  <node id="-1121" lat="48.7505675" lon="11.4499644" visible="true" />
  <node id="-1122" lat="48.7504945" lon="11.4500027" visible="true" />
  <node id="-1123" lat="48.7504544" lon="11.4498268" visible="true" />
  <node id="-1124" lat="48.7507978" lon="11.4489141" visible="true" />
  <node id="-1125" lat="48.7508276" lon="11.4491357" visible="true" />
  <node id="-1126" lat="48.7507267" lon="11.4491670" visible="true" />
  <node id="-1127" lat="48.7506969" lon="11.4489453" visible="true" />
  <node id="-1128" lat="48.7505211" lon="11.4495519" visible="true" />
  <node id="-1129" lat="48.7505570" lon="11.4497150" visible="true" />
  <node id="-1130" lat="48.7504684" lon="11.4497598" visible="true" />
  <node id="-1131" lat="48.7504326" lon="11.4495967" visible="true" />
  <node id="-1132" lat="48.7499121" lon="11.4479553" visible="true" />
  <node id="-1133" lat="48.7499240" lon="11.4481136" visible="true" />
  <node id="-1134" lat="48.7498504" lon="11.4481264" visible="true" />
  <node id="-1135" lat="48.7498385" lon="11.4479681" visible="true" />
  <node id="-1136" lat="48.7498316" lon="11.4510934" visible="true" />
  <node id="-1137" lat="48.7498675" lon="11.4512980" visible="true" />
  <node id="-1138" lat="48.7497628" lon="11.4513402" visible="true" />
  <node id="-1139" lat="48.7497270" lon="11.4511355" visible="true" />
  <node id="-1140" lat="48.7498024" lon="11.4470385" visible="true" />
  <node id="-1141" lat="48.7498149" lon="11.4471319" visible="true" />
  <node id="-1142" lat="48.7497263" lon="11.4471593" visible="true" />
  <node id="-1143" lat="48.7497138" lon="11.4470659" visible="true" />
  <node id="-1144" lat="48.7511866" lon="11.4516040" visible="true" />
  <node id="-1145" lat="48.7512107" lon="11.4516701" visible="true" />
  <node id="-1146" lat="48.7510412" lon="11.4518120" visible="true" />
  <node id="-1147" lat="48.7510171" lon="11.4517458" visible="true" />
  <node id="-1148" lat="48.7522101" lon="11.4490099" visible="true" />
  <node id="-1149" lat="48.7522218" lon="11.4491168" visible="true" />
  <node id="-1150" lat="48.7521757" lon="11.4491285" visible="true" />
  <node id="-1151" lat="48.7521640" lon="11.4490215" visible="true" />
  <node id="-1152" lat="48.7523762" lon="11.4489568" visible="true" />
  <node id="-1153" lat="48.7523879" lon="11.4490624" visible="true" />
  <node id="-1154" lat="48.7522912" lon="11.4490873" visible="true" />
  <node id="-1155" lat="48.7522794" lon="11.4489816" visible="true" />
  <node id="-1156" lat="48.7523647" lon="11.4435435" visible="true" />
  <node id="-1157" lat="48.7523032" lon="11.4436863" visible="true" />
  <node id="-1158" lat="48.7522390" lon="11.4436227" visible="true" />
  <node id="-1159" lat="48.7523004" lon="11.4434799" visible="true" />
  <node id="-1160" lat="48.7515205" lon="11.4467890" visible="true" />
  <node id="-1161" lat="48.7516036" lon="11.4468690" visible="true" />
  <node id="-1162" lat="48.7513394" lon="11.4465100" visible="true" />
  <node id="-1163" lat="48.7513658" lon="11.4464452" visible="true" />
  <node id="-1164" lat="48.7513978" lon="11.4464752" visible="true" />
  <node id="-1165" lat="48.7514369" lon="11.4465117" visible="true" />
  <node id="-1166" lat="48.7514106" lon="11.4465765" visible="true" />
  <node id="-1167" lat="48.7514339" lon="11.4463863" visible="true" />
  <node id="-1168" lat="48.7515215" lon="11.4464681" visible="true" />
  <node id="-1169" lat="48.7514853" lon="11.4465570" visible="true" />
  <node id="-1170" lat="48.7512325" lon="11.4451515" visible="true" />
  <node id="-1171" lat="48.7511812" lon="11.4452829" visible="true" />
  <node id="-1172" lat="48.7511193" lon="11.4452274" visible="true" />
  <node id="-1173" lat="48.7511706" lon="11.4450959" visible="true" />
  <node id="-1174" lat="48.7513394" lon="11.4449235" visible="true" />
  <node id="-1175" lat="48.7512851" lon="11.4450496" visible="true" />
  <node id="-1176" lat="48.7512195" lon="11.4449846" visible="true" />
  <node id="-1177" lat="48.7512739" lon="11.4448585" visible="true" />
  <node id="-1178" lat="48.7507050" lon="11.4464403" visible="true" />
  <node id="-1179" lat="48.7506272" lon="11.4466207" visible="true" />
  <node id="-1180" lat="48.7505577" lon="11.4465517" visible="true" />
  <node id="-1181" lat="48.7506355" lon="11.4463713" visible="true" />
  <node id="-1182" lat="48.7508253" lon="11.4459313" visible="true" />
  <node id="-1183" lat="48.7508753" lon="11.4458082" visible="true" />
  <node id="-1184" lat="48.7509514" lon="11.4458792" visible="true" />
  <node id="-1185" lat="48.7509013" lon="11.4460024" visible="true" />
  <node id="-1186" lat="48.7507819" lon="11.4460427" visible="true" />
  <node id="-1187" lat="48.7508554" lon="11.4461196" visible="true" />
  <node id="-1188" lat="48.7507767" lon="11.4462926" visible="true" />
  <node id="-1189" lat="48.7507032" lon="11.4462157" visible="true" />
  <node id="-1190" lat="48.7503350" lon="11.4464316" visible="true" />
  <node id="-1191" lat="48.7502580" lon="11.4466059" visible="true" />
  <node id="-1192" lat="48.7501888" lon="11.4465356" visible="true" />
  <node id="-1193" lat="48.7502657" lon="11.4463613" visible="true" />
  <node id="-1194" lat="48.7493570" lon="11.4466985" visible="true" />
  <node id="-1195" lat="48.7493813" lon="11.4466421" visible="true" />
  <node id="-1196" lat="48.7494489" lon="11.4467092" visible="true" />
  <node id="-1197" lat="48.7494246" lon="11.4467656" visible="true" />
  <node id="-1198" lat="48.7494996" lon="11.4463435" visible="true" />
  <node id="-1199" lat="48.7495858" lon="11.4464290" visible="true" />
  <node id="-1200" lat="48.7494772" lon="11.4466807" visible="true" />
  <node id="-1201" lat="48.7493910" lon="11.4465952" visible="true" />
  <node id="-1202" lat="48.7493282" lon="11.4511777" visible="true" />
  <node id="-1203" lat="48.7493627" lon="11.4513615" visible="true" />
  <node id="-1204" lat="48.7492843" lon="11.4513953" visible="true" />
  <node id="-1205" lat="48.7492498" lon="11.4512116" visible="true" />
  <way id="-1000000000" visible="true">
    <nd ref="-1" />
    <nd ref="-2" />
    <nd ref="-3" />
    <nd ref="-4" />
    <nd ref="-1" />
    <tag k="building" v="yes" />
  </way>
  <way id="-1000000001" visible="true">
    <nd ref="-5" />
    <nd ref="-6" />
    <nd ref="-7" />
    <nd ref="-8" />
    <nd ref="-5" />
    <tag k="building" v="yes" />
  </way>
  <way id="-1000000002" visible="true">
    <nd ref="-9" />
    <nd ref="-10" />
    <nd ref="-11" />
    <nd ref="-12" />
    <nd ref="-9" />
    <tag k="building" v="yes" />
  </way>
  <way id="-1000000003" visible="true">
    <nd ref="-13" />
    <nd ref="-14" />
    <nd ref="-15" />
    <nd ref="-16" />
    <nd ref="-13" />
    <tag k="building" v="yes" />
  </way>
  <way id="-1000000004" visible="true">
    <nd ref="-17" />
    <nd ref="-18" />
    <nd ref="-19" />
    <nd ref="-20" />
    <nd ref="-17" />
    <tag k="building" v="yes" />
  </way>
  <way id="-1000000005" visible="true">
    <nd ref="-21" />
    <nd ref="-22" />
    <nd ref="-23" />
    <nd ref="-24" />
    <nd ref="-21" />
    <tag k="building" v="yes" />
  </way>
  <way id="-1000000006" visible="true">
    <nd ref="-25" />
    <nd ref="-26" />
    <nd ref="-27" />
    <nd ref="-28" />
    <nd ref="-25" />
    <tag k="building" v="yes" />
  </way>
  <way id="-1000000007" visible="true">
    <nd ref="-29" />
    <nd ref="-30" />
    <nd ref="-31" />
    <nd ref="-32" />
    <nd ref="-29" />
    <tag k="building" v="yes" />
  </way>
  <way id="-1000000008" visible="true">
    <nd ref="-33" />
    <nd ref="-34" />
    <nd ref="-35" />
    <nd ref="-36" />
    <nd ref="-33" />
    <tag k="building" v="garage" />
  </way>
  <way id="-1000000009" visible="true">
    <nd ref="-37" />
    <nd ref="-38" />
    <nd ref="-39" />
    <nd ref="-40" />
    <nd ref="-37" />
    <tag k="building" v="yes" />
  </way>
  <way id="-1000000010" visible="true">
    <nd ref="-41" />
    <nd ref="-42" />
    <nd ref="-43" />
    <nd ref="-44" />
    <nd ref="-41" />
    <tag k="building" v="yes" />
  </way>
  <way id="-1000000011" visible="true">
    <nd ref="-45" />
    <nd ref="-46" />
    <nd ref="-47" />
    <nd ref="-48" />
    <nd ref="-45" />
    <tag k="building" v="yes" />
  </way>
  <way id="-1000000012" visible="true">
    <nd ref="-49" />
    <nd ref="-50" />
    <nd ref="-51" />
    <nd ref="-52" />
    <nd ref="-49" />
    <tag k="building" v="yes" />
  </way>
  <way id="-1000000013" visible="true">
    <nd ref="-53" />
    <nd ref="-54" />
    <nd ref="-55" />
    <nd ref="-56" />
    <nd ref="-53" />
    <tag k="building" v="yes" />
  </way>
  <way id="-1000000014" visible="true">
    <nd ref="-57" />
    <nd ref="-58" />
    <nd ref="-59" />
    <nd ref="-60" />
    <nd ref="-57" />
    <tag k="building" v="yes" />
  </way>
  <way id="-1000000015" visible="true">
    <nd ref="-61" />
    <nd ref="-62" />
    <nd ref="-63" />
    <nd ref="-64" />
    <nd ref="-61" />
    <tag k="building" v="yes" />
  </way>
  <way id="-1000000016" visible="true">
    <nd ref="-65" />
    <nd ref="-66" />
    <nd ref="-67" />
    <nd ref="-68" />
    <nd ref="-65" />
    <tag k="building" v="yes" />
  </way>
  <way id="-1000000017" visible="true">
    <nd ref="-69" />
    <nd ref="-70" />
    <nd ref="-71" />
    <nd ref="-72" />
    <nd ref="-69" />
    <tag k="building" v="yes" />
  </way>
  <way id="-1000000018" visible="true">
    <nd ref="-73" />
    <nd ref="-74" />
    <nd ref="-75" />
    <nd ref="-76" />
    <nd ref="-73" />
    <tag k="building" v="yes" />
  </way>
  <way id="-1000000019" visible="true">
    <nd ref="-77" />
    <nd ref="-78" />
    <nd ref="-79" />
    <nd ref="-80" />
    <nd ref="-81" />
    <nd ref="-82" />
    <nd ref="-77" />
    <tag k="building" v="yes" />
  </way>
  <way id="-1000000020" visible="true">
    <nd ref="-83" />
    <nd ref="-84" />
    <nd ref="-85" />
    <nd ref="-86" />
    <nd ref="-83" />
    <tag k="building" v="garage" />
  </way>
  <way id="-1000000021" visible="true">
    <nd ref="-87" />
    <nd ref="-88" />
    <nd ref="-89" />
    <nd ref="-90" />
    <nd ref="-87" />
    <tag k="building" v="yes" />
  </way>
  <way id="-1000000022" visible="true">
    <nd ref="-91" />
    <nd ref="-92" />
    <nd ref="-93" />
    <nd ref="-94" />
    <nd ref="-91" />
    <tag k="building" v="garage" />
  </way>
  <way id="-1000000023" visible="true">
    <nd ref="-95" />
    <nd ref="-96" />
    <nd ref="-97" />
    <nd ref="-98" />
    <nd ref="-95" />
    <tag k="building" v="yes" />
  </way>
  <way id="-1000000024" visible="true">
    <nd ref="-99" />
    <nd ref="-100" />
    <nd ref="-101" />
    <nd ref="-102" />
    <nd ref="-99" />
    <tag k="building" v="yes" />
  </way>
  <way id="-1000000025" visible="true">
    <nd ref="-103" />
    <nd ref="-104" />
    <nd ref="-105" />
    <nd ref="-106" />
    <nd ref="-103" />
    <tag k="building" v="yes" />
  </way>
  <way id="-1000000026" visible="true">
    <nd ref="-107" />
    <nd ref="-108" />
    <nd ref="-109" />
    <nd ref="-110" />
    <nd ref="-107" />
    <tag k="building" v="yes" />
  </way>
  <way id="-1000000027" visible="true">
    <nd ref="-111" />
    <nd ref="-112" />
    <nd ref="-113" />
    <nd ref="-114" />
    <nd ref="-111" />
    <tag k="building" v="yes" />
  </way>
  <way id="-1000000028" visible="true">
    <nd ref="-115" />
    <nd ref="-116" />
    <nd ref="-117" />
    <nd ref="-118" />
    <nd ref="-115" />
    <tag k="building" v="yes" />
  </way>
  <way id="-1000000029" visible="true">
    <nd ref="-119" />
    <nd ref="-120" />
    <nd ref="-121" />
    <nd ref="-122" />
    <nd ref="-119" />
    <tag k="building" v="yes" />
  </way>
  <way id="-1000000030" visible="true">
    <nd ref="-123" />
    <nd ref="-124" />
    <nd ref="-125" />
    <nd ref="-126" />
    <nd ref="-123" />
    <tag k="building" v="yes" />
  </way>
  <way id="-1000000031" visible="true">
    <nd ref="-127" />
    <nd ref="-128" />
    <nd ref="-129" />
    <nd ref="-130" />
    <nd ref="-127" />
    <tag k="building" v="yes" />
  </way>
  <way id="-1000000032" visible="true">
    <nd ref="-131" />
    <nd ref="-132" />
    <nd ref="-133" />
    <nd ref="-134" />
    <nd ref="-131" />
    <tag k="building" v="yes" />
  </way>
  <way id="-1000000033" visible="true">
    <nd ref="-135" />
    <nd ref="-136" />
    <nd ref="-137" />
    <nd ref="-138" />
    <nd ref="-135" />
    <tag k="building" v="yes" />
  </way>
  <way id="-1000000034" visible="true">
    <nd ref="-139" />
    <nd ref="-140" />
    <nd ref="-141" />
    <nd ref="-142" />
    <nd ref="-139" />
    <tag k="building" v="yes" />
  </way>
  <way id="-1000000035" visible="true">
    <nd ref="-143" />
    <nd ref="-144" />
    <nd ref="-145" />
    <nd ref="-146" />
    <nd ref="-143" />
    <tag k="building" v="yes" />
  </way>
  <way id="-1000000036" visible="true">
    <nd ref="-147" />
    <nd ref="-148" />
    <nd ref="-149" />
    <nd ref="-150" />
    <nd ref="-147" />
    <tag k="building" v="yes" />
  </way>
  <way id="-1000000037" visible="true">
    <nd ref="-151" />
    <nd ref="-152" />
    <nd ref="-153" />
    <nd ref="-154" />
    <nd ref="-151" />
    <tag k="building" v="yes" />
  </way>
  <way id="-1000000038" visible="true">
    <nd ref="-155" />
    <nd ref="-156" />
    <nd ref="-157" />
    <nd ref="-158" />
    <nd ref="-155" />
    <tag k="building" v="yes" />
  </way>
  <way id="-1000000039" visible="true">
    <nd ref="-159" />
    <nd ref="-160" />
    <nd ref="-161" />
    <nd ref="-162" />
    <nd ref="-159" />
    <tag k="building" v="yes" />
  </way>
  <way id="-1000000040" visible="true">
    <nd ref="-163" />
    <nd ref="-164" />
    <nd ref="-165" />
    <nd ref="-166" />
    <nd ref="-163" />
    <tag k="building" v="yes" />
  </way>
  <way id="-1000000041" visible="true">
    <nd ref="-167" />
    <nd ref="-168" />
    <nd ref="-169" />
    <nd ref="-170" />
    <nd ref="-167" />
    <tag k="building" v="yes" />
  </way>
  <way id="-1000000042" visible="true">
    <nd ref="-171" />
    <nd ref="-172" />
    <nd ref="-173" />
    <nd ref="-174" />
    <nd ref="-171" />
    <tag k="building" v="yes" />
  </way>
  <way id="-1000000043" visible="true">
    <nd ref="-175" />
    <nd ref="-176" />
    <nd ref="-177" />
    <nd ref="-178" />
    <nd ref="-175" />
    <tag k="building" v="yes" />
  </way>
  <way id="-1000000044" visible="true">
    <nd ref="-179" />
    <nd ref="-180" />
    <nd ref="-181" />
    <nd ref="-182" />
    <nd ref="-179" />
    <tag k="building" v="yes" />
  </way>
  <way id="-1000000045" visible="true">
    <nd ref="-183" />
    <nd ref="-184" />
    <nd ref="-185" />
    <nd ref="-186" />
    <nd ref="-183" />
    <tag k="building" v="yes" />
  </way>
  <way id="-1000000046" visible="true">
    <nd ref="-187" />
    <nd ref="-188" />
    <nd ref="-189" />
    <nd ref="-190" />
    <nd ref="-187" />
    <tag k="building" v="yes" />
  </way>
  <way id="-1000000047" visible="true">
    <nd ref="-191" />
    <nd ref="-192" />
    <nd ref="-193" />
    <nd ref="-194" />
    <nd ref="-191" />
    <tag k="building" v="yes" />
  </way>
  <way id="-1000000048" visible="true">
    <nd ref="-195" />
    <nd ref="-196" />
    <nd ref="-197" />
    <nd ref="-198" />
    <nd ref="-195" />
    <tag k="building" v="yes" />
  </way>
  <way id="-1000000049" visible="true">
    <nd ref="-199" />
    <nd ref="-200" />
    <nd ref="-201" />
    <nd ref="-202" />
    <nd ref="-199" />
    <tag k="building" v="yes" />
  </way>
  <way id="-1000000050" visible="true">
    <nd ref="-203" />
    <nd ref="-204" />
    <nd ref="-205" />
    <nd ref="-206" />
    <nd ref="-203" />
    <tag k="building" v="yes" />
  </way>
  <way id="-1000000051" visible="true">
    <nd ref="-207" />
    <nd ref="-208" />
    <nd ref="-209" />
    <nd ref="-210" />
    <nd ref="-207" />
    <tag k="building" v="yes" />
  </way>
  <way id="-1000000052" visible="true">
    <nd ref="-211" />
    <nd ref="-212" />
    <nd ref="-213" />
    <nd ref="-214" />
    <nd ref="-211" />
    <tag k="building" v="yes" />
  </way>
  <way id="-1000000053" visible="true">
    <nd ref="-215" />
    <nd ref="-216" />
    <nd ref="-217" />
    <nd ref="-218" />
    <nd ref="-215" />
    <tag k="building" v="yes" />
  </way>
  <way id="-1000000054" visible="true">
    <nd ref="-219" />
    <nd ref="-220" />
    <nd ref="-221" />
    <nd ref="-222" />
    <nd ref="-219" />
    <tag k="building" v="yes" />
  </way>
  <way id="-1000000055" visible="true">
    <nd ref="-223" />
    <nd ref="-224" />
    <nd ref="-225" />
    <nd ref="-226" />
    <nd ref="-223" />
    <tag k="building" v="yes" />
  </way>
  <way id="-1000000056" visible="true">
    <nd ref="-227" />
    <nd ref="-228" />
    <nd ref="-229" />
    <nd ref="-230" />
    <nd ref="-227" />
    <tag k="building" v="yes" />
  </way>
  <way id="-1000000057" visible="true">
    <nd ref="-231" />
    <nd ref="-232" />
    <nd ref="-233" />
    <nd ref="-234" />
    <nd ref="-231" />
    <tag k="building" v="yes" />
  </way>
  <way id="-1000000058" visible="true">
    <nd ref="-235" />
    <nd ref="-236" />
    <nd ref="-237" />
    <nd ref="-238" />
    <nd ref="-235" />
    <tag k="building" v="yes" />
  </way>
  <way id="-1000000059" visible="true">
    <nd ref="-239" />
    <nd ref="-240" />
    <nd ref="-241" />
    <nd ref="-242" />
    <nd ref="-239" />
    <tag k="building" v="yes" />
  </way>
  <way id="-1000000060" visible="true">
    <nd ref="-243" />
    <nd ref="-244" />
    <nd ref="-245" />
    <nd ref="-246" />
    <nd ref="-243" />
    <tag k="building" v="yes" />
  </way>
  <way id="-1000000061" visible="true">
    <nd ref="-247" />
    <nd ref="-248" />
    <nd ref="-249" />
    <nd ref="-250" />
    <nd ref="-247" />
    <tag k="building" v="yes" />
  </way>
  <way id="-1000000062" visible="true">
    <nd ref="-251" />
    <nd ref="-252" />
    <nd ref="-253" />
    <nd ref="-254" />
    <nd ref="-251" />
    <tag k="building" v="yes" />
  </way>
  <way id="-1000000063" visible="true">
    <nd ref="-255" />
    <nd ref="-256" />
    <nd ref="-257" />
    <nd ref="-258" />
    <nd ref="-259" />
    <nd ref="-260" />
    <nd ref="-255" />
    <tag k="building" v="yes" />
  </way>
  <way id="-1000000064" visible="true">
    <nd ref="-261" />
    <nd ref="-262" />
    <nd ref="-263" />
    <nd ref="-264" />
    <nd ref="-261" />
    <tag k="building" v="yes" />
  </way>
  <way id="-1000000065" visible="true">
    <nd ref="-265" />
    <nd ref="-266" />
    <nd ref="-267" />
    <nd ref="-268" />
    <nd ref="-265" />
    <tag k="building" v="yes" />
  </way>
  <way id="-1000000066" visible="true">
    <nd ref="-269" />
    <nd ref="-270" />
    <nd ref="-271" />
    <nd ref="-272" />
    <nd ref="-273" />
    <nd ref="-274" />
    <nd ref="-275" />
    <nd ref="-276" />
    <nd ref="-277" />
    <nd ref="-278" />
    <nd ref="-279" />
    <nd ref="-280" />
    <nd ref="-269" />
    <tag k="building" v="yes" />
  </way>
  <way id="-1000000067" visible="true">
    <nd ref="-281" />
    <nd ref="-282" />
    <nd ref="-283" />
    <nd ref="-284" />
    <nd ref="-281" />
    <tag k="building" v="yes" />
  </way>
  <way id="-1000000068" visible="true">
    <nd ref="-285" />
    <nd ref="-286" />
    <nd ref="-287" />
    <nd ref="-288" />
    <nd ref="-289" />
    <nd ref="-290" />
    <nd ref="-291" />
    <nd ref="-292" />
    <nd ref="-293" />
    <nd ref="-294" />
    <nd ref="-295" />
    <nd ref="-296" />
    <nd ref="-297" />
    <nd ref="-298" />
    <nd ref="-299" />
    <nd ref="-300" />
    <nd ref="-285" />
    <tag k="building" v="yes" />
  </way>
  <way id="-1000000069" visible="true">
    <nd ref="-301" />
    <nd ref="-302" />
    <nd ref="-303" />
    <nd ref="-304" />
    <nd ref="-305" />
    <nd ref="-306" />
    <nd ref="-307" />
    <nd ref="-308" />
    <nd ref="-301" />
    <tag k="building" v="yes" />
  </way>
  <way id="-1000000070" visible="true">
    <nd ref="-309" />
    <nd ref="-310" />
    <nd ref="-311" />
    <nd ref="-312" />
    <nd ref="-313" />
    <nd ref="-314" />
    <nd ref="-315" />
    <nd ref="-316" />
    <nd ref="-317" />
    <nd ref="-318" />
    <nd ref="-319" />
    <nd ref="-320" />
    <nd ref="-321" />
    <nd ref="-322" />
    <nd ref="-323" />
    <nd ref="-324" />
    <nd ref="-309" />
    <tag k="building" v="yes" />
  </way>
  <way id="-1000000071" visible="true">
    <nd ref="-325" />
    <nd ref="-326" />
    <nd ref="-327" />
    <nd ref="-328" />
    <nd ref="-325" />
    <tag k="building" v="garage" />
  </way>
  <way id="-1000000072" visible="true">
    <nd ref="-329" />
    <nd ref="-330" />
    <nd ref="-331" />
    <nd ref="-332" />
    <nd ref="-333" />
    <nd ref="-334" />
    <nd ref="-335" />
    <nd ref="-336" />
    <nd ref="-337" />
    <nd ref="-338" />
    <nd ref="-339" />
    <nd ref="-340" />
    <nd ref="-329" />
    <tag k="building" v="yes" />
  </way>
  <way id="-1000000073" visible="true">
    <nd ref="-341" />
    <nd ref="-342" />
    <nd ref="-343" />
    <nd ref="-344" />
    <nd ref="-341" />
    <tag k="building" v="yes" />
  </way>
  <way id="-1000000074" visible="true">
    <nd ref="-345" />
    <nd ref="-346" />
    <nd ref="-347" />
    <nd ref="-348" />
    <nd ref="-345" />
    <tag k="building" v="garage" />
  </way>
  <way id="-1000000075" visible="true">
    <nd ref="-349" />
    <nd ref="-350" />
    <nd ref="-351" />
    <nd ref="-352" />
    <nd ref="-353" />
    <nd ref="-354" />
    <nd ref="-355" />
    <nd ref="-356" />
    <nd ref="-357" />
    <nd ref="-358" />
    <nd ref="-359" />
    <nd ref="-360" />
    <nd ref="-349" />
    <tag k="building" v="yes" />
  </way>
  <way id="-1000000076" visible="true">
    <nd ref="-361" />
    <nd ref="-362" />
    <nd ref="-363" />
    <nd ref="-364" />
    <nd ref="-361" />
    <tag k="building" v="yes" />
  </way>
  <way id="-1000000077" visible="true">
    <nd ref="-365" />
    <nd ref="-366" />
    <nd ref="-367" />
    <nd ref="-368" />
    <nd ref="-365" />
    <tag k="building" v="yes" />
  </way>
  <way id="-1000000078" visible="true">
    <nd ref="-369" />
    <nd ref="-370" />
    <nd ref="-371" />
    <nd ref="-372" />
    <nd ref="-373" />
    <nd ref="-374" />
    <nd ref="-375" />
    <nd ref="-376" />
    <nd ref="-369" />
    <tag k="building" v="yes" />
  </way>
  <way id="-1000000079" visible="true">
    <nd ref="-377" />
    <nd ref="-378" />
    <nd ref="-379" />
    <nd ref="-380" />
    <nd ref="-377" />
    <tag k="building" v="yes" />
  </way>
  <way id="-1000000080" visible="true">
    <nd ref="-381" />
    <nd ref="-382" />
    <nd ref="-383" />
    <nd ref="-384" />
    <nd ref="-381" />
    <tag k="building" v="yes" />
  </way>
  <way id="-1000000081" visible="true">
    <nd ref="-385" />
    <nd ref="-386" />
    <nd ref="-387" />
    <nd ref="-388" />
    <nd ref="-385" />
    <tag k="building" v="yes" />
  </way>
  <way id="-1000000082" visible="true">
    <nd ref="-389" />
    <nd ref="-390" />
    <nd ref="-391" />
    <nd ref="-392" />
    <nd ref="-389" />
    <tag k="building" v="yes" />
  </way>
  <way id="-1000000083" visible="true">
    <nd ref="-393" />
    <nd ref="-394" />
    <nd ref="-395" />
    <nd ref="-396" />
    <nd ref="-397" />
    <nd ref="-398" />
    <nd ref="-399" />
    <nd ref="-400" />
    <nd ref="-393" />
    <tag k="building" v="yes" />
  </way>
  <way id="-1000000084" visible="true">
    <nd ref="-401" />
    <nd ref="-402" />
    <nd ref="-403" />
    <nd ref="-404" />
    <nd ref="-405" />
    <nd ref="-406" />
    <nd ref="-401" />
    <tag k="building" v="yes" />
  </way>
  <way id="-1000000085" visible="true">
    <nd ref="-407" />
    <nd ref="-408" />
    <nd ref="-409" />
    <nd ref="-410" />
    <nd ref="-407" />
    <tag k="building" v="yes" />
  </way>
  <way id="-1000000086" visible="true">
    <nd ref="-411" />
    <nd ref="-412" />
    <nd ref="-413" />
    <nd ref="-414" />
    <nd ref="-411" />
    <tag k="building" v="yes" />
  </way>
  <way id="-1000000087" visible="true">
    <nd ref="-415" />
    <nd ref="-416" />
    <nd ref="-417" />
    <nd ref="-418" />
    <nd ref="-415" />
    <tag k="building" v="yes" />
  </way>
  <way id="-1000000088" visible="true">
    <nd ref="-419" />
    <nd ref="-420" />
    <nd ref="-421" />
    <nd ref="-422" />
    <nd ref="-419" />
    <tag k="building" v="yes" />
  </way>
  <way id="-1000000089" visible="true">
    <nd ref="-423" />
    <nd ref="-424" />
    <nd ref="-425" />
    <nd ref="-426" />
    <nd ref="-423" />
    <tag k="building" v="yes" />
  </way>
  <way id="-1000000090" visible="true">
    <nd ref="-427" />
    <nd ref="-428" />
    <nd ref="-429" />
    <nd ref="-430" />
    <nd ref="-427" />
    <tag k="building" v="yes" />
  </way>
  <way id="-1000000091" visible="true">
    <nd ref="-431" />
    <nd ref="-432" />
    <nd ref="-433" />
    <nd ref="-434" />
    <nd ref="-431" />
    <tag k="building" v="yes" />
  </way>
  <way id="-1000000092" visible="true">
    <nd ref="-435" />
    <nd ref="-436" />
    <nd ref="-437" />
    <nd ref="-438" />
    <nd ref="-435" />
    <tag k="building" v="yes" />
  </way>
  <way id="-1000000093" visible="true">
    <nd ref="-439" />
    <nd ref="-440" />
    <nd ref="-441" />
    <nd ref="-442" />
    <nd ref="-439" />
    <tag k="building" v="yes" />
  </way>
  <way id="-1000000094" visible="true">
    <nd ref="-443" />
    <nd ref="-444" />
    <nd ref="-445" />
    <nd ref="-446" />
    <nd ref="-443" />
    <tag k="building" v="yes" />
  </way>
  <way id="-1000000095" visible="true">
    <nd ref="-447" />
    <nd ref="-448" />
    <nd ref="-449" />
    <nd ref="-450" />
    <nd ref="-447" />
    <tag k="building" v="yes" />
  </way>
  <way id="-1000000096" visible="true">
    <nd ref="-451" />
    <nd ref="-452" />
    <nd ref="-443" />
    <nd ref="-453" />
    <nd ref="-451" />
    <tag k="building" v="yes" />
  </way>
  <way id="-1000000097" visible="true">
    <nd ref="-454" />
    <nd ref="-455" />
    <nd ref="-456" />
    <nd ref="-457" />
    <nd ref="-454" />
    <tag k="building" v="yes" />
  </way>
  <way id="-1000000098" visible="true">
    <nd ref="-458" />
    <nd ref="-459" />
    <nd ref="-460" />
    <nd ref="-461" />
    <nd ref="-458" />
    <tag k="building" v="yes" />
  </way>
  <way id="-1000000099" visible="true">
    <nd ref="-462" />
    <nd ref="-463" />
    <nd ref="-464" />
    <nd ref="-465" />
    <nd ref="-466" />
    <nd ref="-467" />
    <nd ref="-462" />
    <tag k="building" v="yes" />
  </way>
  <way id="-1000000100" visible="true">
    <nd ref="-468" />
    <nd ref="-469" />
    <nd ref="-470" />
    <nd ref="-471" />
    <nd ref="-468" />
    <tag k="building" v="yes" />
  </way>
  <way id="-1000000101" visible="true">
    <nd ref="-472" />
    <nd ref="-473" />
    <nd ref="-474" />
    <nd ref="-475" />
    <nd ref="-472" />
    <tag k="building" v="yes" />
  </way>
  <way id="-1000000102" visible="true">
    <nd ref="-476" />
    <nd ref="-477" />
    <nd ref="-478" />
    <nd ref="-479" />
    <nd ref="-480" />
    <nd ref="-481" />
    <nd ref="-476" />
    <tag k="building" v="yes" />
  </way>
  <way id="-1000000103" visible="true">
    <nd ref="-482" />
    <nd ref="-483" />
    <nd ref="-484" />
    <nd ref="-485" />
    <nd ref="-482" />
    <tag k="building" v="yes" />
  </way>
  <way id="-1000000104" visible="true">
    <nd ref="-486" />
    <nd ref="-487" />
    <nd ref="-488" />
    <nd ref="-489" />
    <nd ref="-486" />
    <tag k="building" v="yes" />
  </way>
  <way id="-1000000105" visible="true">
    <nd ref="-490" />
    <nd ref="-491" />
    <nd ref="-492" />
    <nd ref="-493" />
    <nd ref="-494" />
    <nd ref="-495" />
    <nd ref="-496" />
    <nd ref="-497" />
    <nd ref="-498" />
    <nd ref="-499" />
    <nd ref="-500" />
    <nd ref="-501" />
    <nd ref="-502" />
    <nd ref="-503" />
    <nd ref="-504" />
    <nd ref="-505" />
    <nd ref="-506" />
    <nd ref="-507" />
    <nd ref="-508" />
    <nd ref="-509" />
    <nd ref="-490" />
    <tag k="building" v="yes" />
  </way>
  <way id="-1000000106" visible="true">
    <nd ref="-510" />
    <nd ref="-511" />
    <nd ref="-512" />
    <nd ref="-513" />
    <nd ref="-510" />
    <tag k="building" v="yes" />
  </way>
  <way id="-1000000107" visible="true">
    <nd ref="-514" />
    <nd ref="-515" />
    <nd ref="-516" />
    <nd ref="-517" />
    <nd ref="-514" />
    <tag k="building" v="yes" />
  </way>
  <way id="-1000000108" visible="true">
    <nd ref="-518" />
    <nd ref="-519" />
    <nd ref="-520" />
    <nd ref="-521" />
    <nd ref="-518" />
    <tag k="building" v="yes" />
  </way>
  <way id="-1000000109" visible="true">
    <nd ref="-522" />
    <nd ref="-523" />
    <nd ref="-524" />
    <nd ref="-525" />
    <nd ref="-522" />
    <tag k="building" v="yes" />
  </way>
  <way id="-1000000110" visible="true">
    <nd ref="-526" />
    <nd ref="-527" />
    <nd ref="-528" />
    <nd ref="-529" />
    <nd ref="-526" />
    <tag k="building" v="yes" />
  </way>
  <way id="-1000000111" visible="true">
    <nd ref="-530" />
    <nd ref="-531" />
    <nd ref="-532" />
    <nd ref="-533" />
    <nd ref="-530" />
    <tag k="building" v="yes" />
  </way>
  <way id="-1000000112" visible="true">
    <nd ref="-534" />
    <nd ref="-535" />
    <nd ref="-536" />
    <nd ref="-537" />
    <nd ref="-534" />
    <tag k="building" v="yes" />
  </way>
  <way id="-1000000113" visible="true">
    <nd ref="-538" />
    <nd ref="-539" />
    <nd ref="-540" />
    <nd ref="-541" />
    <nd ref="-538" />
    <tag k="building" v="yes" />
  </way>
  <way id="-1000000114" visible="true">
    <nd ref="-542" />
    <nd ref="-543" />
    <nd ref="-544" />
    <nd ref="-545" />
    <nd ref="-546" />
    <nd ref="-547" />
    <nd ref="-542" />
    <tag k="building" v="yes" />
  </way>
  <way id="-1000000115" visible="true">
    <nd ref="-548" />
    <nd ref="-549" />
    <nd ref="-550" />
    <nd ref="-551" />
    <nd ref="-548" />
    <tag k="building" v="yes" />
  </way>
  <way id="-1000000116" visible="true">
    <nd ref="-552" />
    <nd ref="-553" />
    <nd ref="-554" />
    <nd ref="-555" />
    <nd ref="-552" />
    <tag k="building" v="yes" />
  </way>
  <way id="-1000000117" visible="true">
    <nd ref="-556" />
    <nd ref="-557" />
    <nd ref="-558" />
    <nd ref="-559" />
    <nd ref="-556" />
    <tag k="building" v="yes" />
  </way>
  <way id="-1000000118" visible="true">
    <nd ref="-560" />
    <nd ref="-561" />
    <nd ref="-562" />
    <nd ref="-563" />
    <nd ref="-560" />
    <tag k="building" v="yes" />
  </way>
  <way id="-1000000119" visible="true">
    <nd ref="-564" />
    <nd ref="-565" />
    <nd ref="-566" />
    <nd ref="-567" />
    <nd ref="-564" />
    <tag k="building" v="yes" />
  </way>
  <way id="-1000000120" visible="true">
    <nd ref="-568" />
    <nd ref="-569" />
    <nd ref="-570" />
    <nd ref="-571" />
    <nd ref="-568" />
    <tag k="building" v="yes" />
  </way>
  <way id="-1000000121" visible="true">
    <nd ref="-572" />
    <nd ref="-573" />
    <nd ref="-574" />
    <nd ref="-575" />
    <nd ref="-572" />
    <tag k="building" v="yes" />
  </way>
  <way id="-1000000122" visible="true">
    <nd ref="-576" />
    <nd ref="-577" />
    <nd ref="-578" />
    <nd ref="-579" />
    <nd ref="-576" />
    <tag k="building" v="yes" />
  </way>
  <way id="-1000000123" visible="true">
    <nd ref="-580" />
    <nd ref="-581" />
    <nd ref="-582" />
    <nd ref="-583" />
    <nd ref="-580" />
    <tag k="building" v="yes" />
  </way>
  <way id="-1000000124" visible="true">
    <nd ref="-584" />
    <nd ref="-585" />
    <nd ref="-586" />
    <nd ref="-587" />
    <nd ref="-584" />
    <tag k="building" v="yes" />
  </way>
  <way id="-1000000125" visible="true">
    <nd ref="-588" />
    <nd ref="-589" />
    <nd ref="-590" />
    <nd ref="-591" />
    <nd ref="-588" />
    <tag k="building" v="yes" />
  </way>
  <way id="-1000000126" visible="true">
    <nd ref="-592" />
    <nd ref="-593" />
    <nd ref="-594" />
    <nd ref="-595" />
    <nd ref="-592" />
    <tag k="building" v="yes" />
  </way>
  <way id="-1000000127" visible="true">
    <nd ref="-596" />
    <nd ref="-597" />
    <nd ref="-598" />
    <nd ref="-599" />
    <nd ref="-596" />
    <tag k="building" v="yes" />
  </way>
  <way id="-1000000128" visible="true">
    <nd ref="-600" />
    <nd ref="-601" />
    <nd ref="-602" />
    <nd ref="-603" />
    <nd ref="-604" />
    <nd ref="-605" />
    <nd ref="-606" />
    <nd ref="-607" />
    <nd ref="-600" />
    <tag k="building" v="yes" />
  </way>
  <way id="-1000000129" visible="true">
    <nd ref="-608" />
    <nd ref="-609" />
    <nd ref="-610" />
    <nd ref="-611" />
    <nd ref="-608" />
    <tag k="building" v="yes" />
  </way>
  <way id="-1000000130" visible="true">
    <nd ref="-612" />
    <nd ref="-613" />
    <nd ref="-614" />
    <nd ref="-615" />
    <nd ref="-616" />
    <nd ref="-617" />
    <nd ref="-612" />
    <tag k="building" v="yes" />
  </way>
  <way id="-1000000131" visible="true">
    <nd ref="-618" />
    <nd ref="-619" />
    <nd ref="-620" />
    <nd ref="-621" />
    <nd ref="-618" />
    <tag k="building" v="yes" />
  </way>
  <way id="-1000000132" visible="true">
    <nd ref="-622" />
    <nd ref="-623" />
    <nd ref="-624" />
    <nd ref="-625" />
    <nd ref="-626" />
    <nd ref="-627" />
    <nd ref="-622" />
    <tag k="building" v="yes" />
  </way>
  <way id="-1000000133" visible="true">
    <nd ref="-628" />
    <nd ref="-629" />
    <nd ref="-630" />
    <nd ref="-631" />
    <nd ref="-628" />
    <tag k="building" v="yes" />
  </way>
  <way id="-1000000134" visible="true">
    <nd ref="-632" />
    <nd ref="-633" />
    <nd ref="-634" />
    <nd ref="-635" />
    <nd ref="-632" />
    <tag k="building" v="yes" />
  </way>
  <way id="-1000000135" visible="true">
    <nd ref="-636" />
    <nd ref="-637" />
    <nd ref="-638" />
    <nd ref="-639" />
    <nd ref="-636" />
    <tag k="building" v="yes" />
  </way>
  <way id="-1000000136" visible="true">
    <nd ref="-640" />
    <nd ref="-641" />
    <nd ref="-642" />
    <nd ref="-643" />
    <nd ref="-640" />
    <tag k="building" v="yes" />
  </way>
  <way id="-1000000137" visible="true">
    <nd ref="-644" />
    <nd ref="-645" />
    <nd ref="-646" />
    <nd ref="-647" />
    <nd ref="-648" />
    <nd ref="-649" />
    <nd ref="-644" />
    <tag k="building" v="yes" />
  </way>
  <way id="-1000000138" visible="true">
    <nd ref="-650" />
    <nd ref="-651" />
    <nd ref="-652" />
    <nd ref="-653" />
    <nd ref="-650" />
    <tag k="building" v="yes" />
  </way>
  <way id="-1000000139" visible="true">
    <nd ref="-654" />
    <nd ref="-655" />
    <nd ref="-656" />
    <nd ref="-657" />
    <nd ref="-654" />
    <tag k="building" v="yes" />
  </way>
  <way id="-1000000140" visible="true">
    <nd ref="-658" />
    <nd ref="-659" />
    <nd ref="-660" />
    <nd ref="-661" />
    <nd ref="-662" />
    <nd ref="-658" />
    <tag k="building" v="yes" />
  </way>
  <way id="-1000000141" visible="true">
    <nd ref="-663" />
    <nd ref="-664" />
    <nd ref="-665" />
    <nd ref="-666" />
    <nd ref="-663" />
    <tag k="building" v="yes" />
  </way>
  <way id="-1000000142" visible="true">
    <nd ref="-667" />
    <nd ref="-668" />
    <nd ref="-669" />
    <nd ref="-670" />
    <nd ref="-671" />
    <nd ref="-672" />
    <nd ref="-673" />
    <nd ref="-674" />
    <nd ref="-667" />
    <tag k="building" v="yes" />
  </way>
  <way id="-1000000143" visible="true">
    <nd ref="-675" />
    <nd ref="-676" />
    <nd ref="-677" />
    <nd ref="-678" />
    <nd ref="-679" />
    <nd ref="-680" />
    <nd ref="-681" />
    <nd ref="-682" />
    <nd ref="-675" />
    <tag k="building" v="yes" />
  </way>
  <way id="-1000000144" visible="true">
    <nd ref="-683" />
    <nd ref="-684" />
    <nd ref="-685" />
    <nd ref="-686" />
    <nd ref="-683" />
    <tag k="building" v="yes" />
  </way>
  <way id="-1000000145" visible="true">
    <nd ref="-687" />
    <nd ref="-688" />
    <nd ref="-689" />
    <nd ref="-690" />
    <nd ref="-691" />
    <nd ref="-692" />
    <nd ref="-693" />
    <nd ref="-694" />
    <nd ref="-687" />
    <tag k="building" v="yes" />
  </way>
  <way id="-1000000146" visible="true">
    <nd ref="-695" />
    <nd ref="-696" />
    <nd ref="-697" />
    <nd ref="-698" />
    <nd ref="-699" />
    <nd ref="-700" />
    <nd ref="-695" />
    <tag k="building" v="yes" />
  </way>
  <way id="-1000000147" visible="true">
    <nd ref="-701" />
    <nd ref="-702" />
    <nd ref="-703" />
    <nd ref="-704" />
    <nd ref="-701" />
    <tag k="building" v="yes" />
  </way>
  <way id="-1000000148" visible="true">
    <nd ref="-705" />
    <nd ref="-706" />
    <nd ref="-707" />
    <nd ref="-708" />
    <nd ref="-709" />
    <nd ref="-710" />
    <nd ref="-711" />
    <nd ref="-712" />
    <nd ref="-713" />
    <nd ref="-714" />
    <nd ref="-715" />
    <nd ref="-716" />
    <nd ref="-705" />
    <tag k="building" v="yes" />
  </way>
  <way id="-1000000149" visible="true">
    <nd ref="-717" />
    <nd ref="-718" />
    <nd ref="-719" />
    <nd ref="-720" />
    <nd ref="-721" />
    <nd ref="-722" />
    <nd ref="-717" />
    <tag k="building" v="yes" />
  </way>
  <way id="-1000000150" visible="true">
    <nd ref="-723" />
    <nd ref="-724" />
    <nd ref="-725" />
    <nd ref="-726" />
    <nd ref="-723" />
    <tag k="building" v="yes" />
  </way>
  <way id="-1000000151" visible="true">
    <nd ref="-727" />
    <nd ref="-728" />
    <nd ref="-729" />
    <nd ref="-730" />
    <nd ref="-727" />
    <tag k="building" v="yes" />
  </way>
  <way id="-1000000152" visible="true">
    <nd ref="-731" />
    <nd ref="-732" />
    <nd ref="-733" />
    <nd ref="-734" />
    <nd ref="-731" />
    <tag k="building" v="yes" />
  </way>
  <way id="-1000000153" visible="true">
    <nd ref="-735" />
    <nd ref="-736" />
    <nd ref="-737" />
    <nd ref="-738" />
    <nd ref="-735" />
    <tag k="building" v="yes" />
  </way>
  <way id="-1000000154" visible="true">
    <nd ref="-739" />
    <nd ref="-740" />
    <nd ref="-741" />
    <nd ref="-742" />
    <nd ref="-739" />
    <tag k="building" v="yes" />
  </way>
  <way id="-1000000155" visible="true">
    <nd ref="-743" />
    <nd ref="-744" />
    <nd ref="-745" />
    <nd ref="-746" />
    <nd ref="-743" />
    <tag k="building" v="yes" />
  </way>
  <way id="-1000000156" visible="true">
    <nd ref="-747" />
    <nd ref="-748" />
    <nd ref="-749" />
    <nd ref="-750" />
    <nd ref="-747" />
    <tag k="building" v="yes" />
  </way>
  <way id="-1000000157" visible="true">
    <nd ref="-751" />
    <nd ref="-752" />
    <nd ref="-753" />
    <nd ref="-754" />
    <nd ref="-751" />
    <tag k="building" v="yes" />
  </way>
  <way id="-1000000158" visible="true">
    <nd ref="-755" />
    <nd ref="-756" />
    <nd ref="-757" />
    <nd ref="-758" />
    <nd ref="-755" />
    <tag k="building" v="yes" />
  </way>
  <way id="-1000000159" visible="true">
    <nd ref="-759" />
    <nd ref="-760" />
    <nd ref="-761" />
    <nd ref="-762" />
    <nd ref="-759" />
    <tag k="building" v="yes" />
  </way>
  <way id="-1000000160" visible="true">
    <nd ref="-763" />
    <nd ref="-764" />
    <nd ref="-765" />
    <nd ref="-766" />
    <nd ref="-763" />
    <tag k="building" v="yes" />
  </way>
  <way id="-1000000161" visible="true">
    <nd ref="-767" />
    <nd ref="-768" />
    <nd ref="-769" />
    <nd ref="-770" />
    <nd ref="-767" />
    <tag k="building" v="yes" />
  </way>
  <way id="-1000000162" visible="true">
    <nd ref="-771" />
    <nd ref="-772" />
    <nd ref="-773" />
    <nd ref="-774" />
    <nd ref="-775" />
    <nd ref="-776" />
    <nd ref="-771" />
    <tag k="building" v="yes" />
  </way>
  <way id="-1000000163" visible="true">
    <nd ref="-777" />
    <nd ref="-778" />
    <nd ref="-779" />
    <nd ref="-780" />
    <nd ref="-777" />
    <tag k="building" v="yes" />
  </way>
  <way id="-1000000164" visible="true">
    <nd ref="-781" />
    <nd ref="-782" />
    <nd ref="-783" />
    <nd ref="-784" />
    <nd ref="-781" />
    <tag k="building" v="yes" />
  </way>
  <way id="-1000000165" visible="true">
    <nd ref="-785" />
    <nd ref="-786" />
    <nd ref="-787" />
    <nd ref="-788" />
    <nd ref="-785" />
    <tag k="building" v="yes" />
  </way>
  <way id="-1000000166" visible="true">
    <nd ref="-789" />
    <nd ref="-790" />
    <nd ref="-791" />
    <nd ref="-792" />
    <nd ref="-789" />
    <tag k="building" v="yes" />
  </way>
  <way id="-1000000167" visible="true">
    <nd ref="-793" />
    <nd ref="-794" />
    <nd ref="-795" />
    <nd ref="-796" />
    <nd ref="-793" />
    <tag k="building" v="yes" />
  </way>
  <way id="-1000000168" visible="true">
    <nd ref="-797" />
    <nd ref="-798" />
    <nd ref="-799" />
    <nd ref="-800" />
    <nd ref="-797" />
    <tag k="building" v="yes" />
  </way>
  <way id="-1000000169" visible="true">
    <nd ref="-801" />
    <nd ref="-802" />
    <nd ref="-803" />
    <nd ref="-804" />
    <nd ref="-801" />
    <tag k="building" v="yes" />
  </way>
  <way id="-1000000170" visible="true">
    <nd ref="-805" />
    <nd ref="-806" />
    <nd ref="-807" />
    <nd ref="-808" />
    <nd ref="-805" />
    <tag k="building" v="yes" />
  </way>
  <way id="-1000000171" visible="true">
    <nd ref="-809" />
    <nd ref="-810" />
    <nd ref="-811" />
    <nd ref="-812" />
    <nd ref="-809" />
    <tag k="building" v="yes" />
  </way>
  <way id="-1000000172" visible="true">
    <nd ref="-813" />
    <nd ref="-814" />
    <nd ref="-815" />
    <nd ref="-816" />
    <nd ref="-813" />
    <tag k="building" v="yes" />
  </way>
  <way id="-1000000173" visible="true">
    <nd ref="-817" />
    <nd ref="-818" />
    <nd ref="-819" />
    <nd ref="-820" />
    <nd ref="-817" />
    <tag k="building" v="yes" />
  </way>
  <way id="-1000000174" visible="true">
    <nd ref="-821" />
    <nd ref="-822" />
    <nd ref="-823" />
    <nd ref="-824" />
    <nd ref="-821" />
    <tag k="building" v="yes" />
  </way>
  <way id="-1000000175" visible="true">
    <nd ref="-825" />
    <nd ref="-826" />
    <nd ref="-827" />
    <nd ref="-828" />
    <nd ref="-825" />
    <tag k="building" v="yes" />
  </way>
  <way id="-1000000176" visible="true">
    <nd ref="-829" />
    <nd ref="-830" />
    <nd ref="-831" />
    <nd ref="-832" />
    <nd ref="-829" />
    <tag k="building" v="yes" />
  </way>
  <way id="-1000000177" visible="true">
    <nd ref="-833" />
    <nd ref="-834" />
    <nd ref="-835" />
    <nd ref="-836" />
    <nd ref="-833" />
    <tag k="building" v="yes" />
  </way>
  <way id="-1000000178" visible="true">
    <nd ref="-837" />
    <nd ref="-838" />
    <nd ref="-839" />
    <nd ref="-840" />
    <nd ref="-837" />
    <tag k="building" v="yes" />
  </way>
  <way id="-1000000179" visible="true">
    <nd ref="-841" />
    <nd ref="-842" />
    <nd ref="-843" />
    <nd ref="-844" />
    <nd ref="-841" />
    <tag k="building" v="yes" />
  </way>
  <way id="-1000000180" visible="true">
    <nd ref="-845" />
    <nd ref="-846" />
    <nd ref="-847" />
    <nd ref="-848" />
    <nd ref="-849" />
    <nd ref="-850" />
    <nd ref="-845" />
    <tag k="building" v="yes" />
  </way>
  <way id="-1000000181" visible="true">
    <nd ref="-851" />
    <nd ref="-852" />
    <nd ref="-853" />
    <nd ref="-854" />
    <nd ref="-851" />
    <tag k="building" v="yes" />
  </way>
  <way id="-1000000182" visible="true">
    <nd ref="-855" />
    <nd ref="-856" />
    <nd ref="-857" />
    <nd ref="-858" />
    <nd ref="-855" />
    <tag k="building" v="yes" />
  </way>
  <way id="-1000000183" visible="true">
    <nd ref="-859" />
    <nd ref="-860" />
    <nd ref="-861" />
    <nd ref="-862" />
    <nd ref="-863" />
    <nd ref="-864" />
    <nd ref="-859" />
    <tag k="building" v="yes" />
  </way>
  <way id="-1000000184" visible="true">
    <nd ref="-865" />
    <nd ref="-866" />
    <nd ref="-867" />
    <nd ref="-868" />
    <nd ref="-865" />
    <tag k="building" v="yes" />
  </way>
  <way id="-1000000185" visible="true">
    <nd ref="-869" />
    <nd ref="-870" />
    <nd ref="-871" />
    <nd ref="-872" />
    <nd ref="-873" />
    <nd ref="-874" />
    <nd ref="-875" />
    <nd ref="-876" />
    <nd ref="-869" />
    <tag k="building" v="yes" />
  </way>
  <way id="-1000000186" visible="true">
    <nd ref="-877" />
    <nd ref="-878" />
    <nd ref="-879" />
    <nd ref="-880" />
    <nd ref="-877" />
    <tag k="building" v="yes" />
  </way>
  <way id="-1000000187" visible="true">
    <nd ref="-881" />
    <nd ref="-882" />
    <nd ref="-883" />
    <nd ref="-884" />
    <nd ref="-881" />
    <tag k="building" v="yes" />
  </way>
  <way id="-1000000188" visible="true">
    <nd ref="-885" />
    <nd ref="-886" />
    <nd ref="-887" />
    <nd ref="-888" />
    <nd ref="-885" />
    <tag k="building" v="yes" />
  </way>
  <way id="-1000000189" visible="true">
    <nd ref="-889" />
    <nd ref="-890" />
    <nd ref="-891" />
    <nd ref="-892" />
    <nd ref="-889" />
    <tag k="building" v="yes" />
  </way>
  <way id="-1000000190" visible="true">
    <nd ref="-893" />
    <nd ref="-894" />
    <nd ref="-895" />
    <nd ref="-896" />
    <nd ref="-893" />
    <tag k="building" v="yes" />
  </way>
  <way id="-1000000191" visible="true">
    <nd ref="-897" />
    <nd ref="-898" />
    <nd ref="-899" />
    <nd ref="-900" />
    <nd ref="-901" />
    <nd ref="-902" />
    <nd ref="-897" />
    <tag k="building" v="yes" />
  </way>
  <way id="-1000000192" visible="true">
    <nd ref="-903" />
    <nd ref="-904" />
    <nd ref="-905" />
    <nd ref="-906" />
    <nd ref="-903" />
    <tag k="building" v="yes" />
  </way>
  <way id="-1000000193" visible="true">
    <nd ref="-907" />
    <nd ref="-908" />
    <nd ref="-909" />
    <nd ref="-910" />
    <nd ref="-907" />
    <tag k="building" v="yes" />
  </way>
  <way id="-1000000194" visible="true">
    <nd ref="-911" />
    <nd ref="-912" />
    <nd ref="-913" />
    <nd ref="-914" />
    <nd ref="-915" />
    <nd ref="-916" />
    <nd ref="-911" />
    <tag k="building" v="yes" />
  </way>
  <way id="-1000000195" visible="true">
    <nd ref="-917" />
    <nd ref="-918" />
    <nd ref="-919" />
    <nd ref="-920" />
    <nd ref="-917" />
    <tag k="building" v="yes" />
  </way>
  <way id="-1000000196" visible="true">
    <nd ref="-921" />
    <nd ref="-922" />
    <nd ref="-923" />
    <nd ref="-924" />
    <nd ref="-921" />
    <tag k="building" v="yes" />
  </way>
  <way id="-1000000197" visible="true">
    <nd ref="-925" />
    <nd ref="-926" />
    <nd ref="-927" />
    <nd ref="-928" />
    <nd ref="-925" />
    <tag k="building" v="yes" />
  </way>
  <way id="-1000000198" visible="true">
    <nd ref="-929" />
    <nd ref="-930" />
    <nd ref="-931" />
    <nd ref="-932" />
    <nd ref="-929" />
    <tag k="building" v="yes" />
  </way>
  <way id="-1000000199" visible="true">
    <nd ref="-933" />
    <nd ref="-934" />
    <nd ref="-935" />
    <nd ref="-936" />
    <nd ref="-933" />
    <tag k="building" v="yes" />
  </way>
  <way id="-1000000200" visible="true">
    <nd ref="-937" />
    <nd ref="-938" />
    <nd ref="-939" />
    <nd ref="-940" />
    <nd ref="-941" />
    <nd ref="-942" />
    <nd ref="-943" />
    <nd ref="-944" />
    <nd ref="-937" />
    <tag k="building" v="yes" />
  </way>
  <way id="-1000000201" visible="true">
    <nd ref="-945" />
    <nd ref="-946" />
    <nd ref="-947" />
    <nd ref="-948" />
    <nd ref="-949" />
    <nd ref="-950" />
    <nd ref="-951" />
    <nd ref="-945" />
    <tag k="building" v="yes" />
  </way>
  <way id="-1000000202" visible="true">
    <nd ref="-952" />
    <nd ref="-953" />
    <nd ref="-954" />
    <nd ref="-955" />
    <nd ref="-952" />
    <tag k="building" v="yes" />
  </way>
  <way id="-1000000203" visible="true">
    <nd ref="-956" />
    <nd ref="-957" />
    <nd ref="-958" />
    <nd ref="-959" />
    <nd ref="-960" />
    <nd ref="-961" />
    <nd ref="-956" />
    <tag k="building" v="yes" />
  </way>
  <way id="-1000000204" visible="true">
    <nd ref="-962" />
    <nd ref="-963" />
    <nd ref="-964" />
    <nd ref="-965" />
    <nd ref="-962" />
    <tag k="building" v="yes" />
  </way>
  <way id="-1000000205" visible="true">
    <nd ref="-966" />
    <nd ref="-967" />
    <nd ref="-968" />
    <nd ref="-969" />
    <nd ref="-966" />
    <tag k="building" v="yes" />
  </way>
  <way id="-1000000206" visible="true">
    <nd ref="-970" />
    <nd ref="-971" />
    <nd ref="-972" />
    <nd ref="-973" />
    <nd ref="-970" />
    <tag k="building" v="yes" />
  </way>
  <way id="-1000000207" visible="true">
    <nd ref="-974" />
    <nd ref="-975" />
    <nd ref="-976" />
    <nd ref="-977" />
    <nd ref="-978" />
    <nd ref="-979" />
    <nd ref="-980" />
    <nd ref="-981" />
    <nd ref="-974" />
    <tag k="building" v="yes" />
  </way>
  <way id="-1000000208" visible="true">
    <nd ref="-982" />
    <nd ref="-983" />
    <nd ref="-984" />
    <nd ref="-985" />
    <nd ref="-982" />
    <tag k="building" v="yes" />
  </way>
  <way id="-1000000209" visible="true">
    <nd ref="-986" />
    <nd ref="-987" />
    <nd ref="-988" />
    <nd ref="-989" />
    <nd ref="-986" />
    <tag k="building" v="yes" />
  </way>
  <way id="-1000000210" visible="true">
    <nd ref="-990" />
    <nd ref="-991" />
    <nd ref="-992" />
    <nd ref="-993" />
    <nd ref="-990" />
    <tag k="building" v="yes" />
  </way>
  <way id="-1000000211" visible="true">
    <nd ref="-994" />
    <nd ref="-995" />
    <nd ref="-996" />
    <nd ref="-997" />
    <nd ref="-994" />
    <tag k="building" v="yes" />
  </way>
  <way id="-1000000212" visible="true">
    <nd ref="-998" />
    <nd ref="-999" />
    <nd ref="-1000" />
    <nd ref="-1001" />
    <nd ref="-998" />
    <tag k="building" v="yes" />
  </way>
  <way id="-1000000213" visible="true">
    <nd ref="-1002" />
    <nd ref="-1003" />
    <nd ref="-1004" />
    <nd ref="-1005" />
    <nd ref="-1002" />
    <tag k="building" v="yes" />
  </way>
  <way id="-1000000214" visible="true">
    <nd ref="-1006" />
    <nd ref="-1007" />
    <nd ref="-1008" />
    <nd ref="-1009" />
    <nd ref="-1010" />
    <nd ref="-1011" />
    <nd ref="-1006" />
    <tag k="building" v="yes" />
  </way>
  <way id="-1000000215" visible="true">
    <nd ref="-1012" />
    <nd ref="-1013" />
    <nd ref="-1014" />
    <nd ref="-1015" />
    <nd ref="-1012" />
    <tag k="building" v="yes" />
  </way>
  <way id="-1000000216" visible="true">
    <nd ref="-1016" />
    <nd ref="-1017" />
    <nd ref="-1018" />
    <nd ref="-1019" />
    <nd ref="-1016" />
    <tag k="building" v="yes" />
  </way>
  <way id="-1000000217" visible="true">
    <nd ref="-1020" />
    <nd ref="-1021" />
    <nd ref="-1022" />
    <nd ref="-1023" />
    <nd ref="-1020" />
    <tag k="building" v="yes" />
  </way>
  <way id="-1000000218" visible="true">
    <nd ref="-1024" />
    <nd ref="-1025" />
    <nd ref="-1026" />
    <nd ref="-1027" />
    <nd ref="-1028" />
    <nd ref="-1029" />
    <nd ref="-1030" />
    <nd ref="-1031" />
    <nd ref="-1032" />
    <nd ref="-1033" />
    <nd ref="-1024" />
    <tag k="building" v="yes" />
  </way>
  <way id="-1000000219" visible="true">
    <nd ref="-1034" />
    <nd ref="-1035" />
    <nd ref="-1036" />
    <nd ref="-1037" />
    <nd ref="-1034" />
    <tag k="building" v="yes" />
  </way>
  <way id="-1000000220" visible="true">
    <nd ref="-1038" />
    <nd ref="-1039" />
    <nd ref="-1040" />
    <nd ref="-1041" />
    <nd ref="-1038" />
    <tag k="building" v="yes" />
  </way>
  <way id="-1000000221" visible="true">
    <nd ref="-1042" />
    <nd ref="-1043" />
    <nd ref="-1044" />
    <nd ref="-1045" />
    <nd ref="-1042" />
    <tag k="building" v="yes" />
  </way>
  <way id="-1000000222" visible="true">
    <nd ref="-1046" />
    <nd ref="-1047" />
    <nd ref="-1048" />
    <nd ref="-1049" />
    <nd ref="-1046" />
    <tag k="building" v="yes" />
  </way>
  <way id="-1000000223" visible="true">
    <nd ref="-1050" />
    <nd ref="-1051" />
    <nd ref="-1052" />
    <nd ref="-1053" />
    <nd ref="-1050" />
    <tag k="building" v="yes" />
  </way>
  <way id="-1000000224" visible="true">
    <nd ref="-1054" />
    <nd ref="-1055" />
    <nd ref="-1056" />
    <nd ref="-1057" />
    <nd ref="-1054" />
    <tag k="building" v="yes" />
  </way>
  <way id="-1000000225" visible="true">
    <nd ref="-1058" />
    <nd ref="-1059" />
    <nd ref="-1060" />
    <nd ref="-1061" />
    <nd ref="-1058" />
    <tag k="building" v="yes" />
  </way>
  <way id="-1000000226" visible="true">
    <nd ref="-1062" />
    <nd ref="-1063" />
    <nd ref="-1064" />
    <nd ref="-1065" />
    <nd ref="-1062" />
    <tag k="building" v="yes" />
  </way>
  <way id="-1000000227" visible="true">
    <nd ref="-1066" />
    <nd ref="-1067" />
    <nd ref="-1034" />
    <nd ref="-1050" />
    <nd ref="-1066" />
    <tag k="building" v="yes" />
  </way>
  <way id="-1000000228" visible="true">
    <nd ref="-1068" />
    <nd ref="-1069" />
    <nd ref="-1070" />
    <nd ref="-1071" />
    <nd ref="-1068" />
    <tag k="building" v="yes" />
  </way>
  <way id="-1000000229" visible="true">
    <nd ref="-1072" />
    <nd ref="-1073" />
    <nd ref="-1074" />
    <nd ref="-1075" />
    <nd ref="-1072" />
    <tag k="building" v="yes" />
  </way>
  <way id="-1000000230" visible="true">
    <nd ref="-1076" />
    <nd ref="-1077" />
    <nd ref="-1078" />
    <nd ref="-1079" />
    <nd ref="-1076" />
    <tag k="building" v="yes" />
  </way>
  <way id="-1000000231" visible="true">
    <nd ref="-1080" />
    <nd ref="-1081" />
    <nd ref="-1082" />
    <nd ref="-1083" />
    <nd ref="-1080" />
    <tag k="building" v="yes" />
  </way>
  <way id="-1000000232" visible="true">
    <nd ref="-1084" />
    <nd ref="-1085" />
    <nd ref="-1086" />
    <nd ref="-1087" />
    <nd ref="-1084" />
    <tag k="building" v="yes" />
  </way>
  <way id="-1000000233" visible="true">
    <nd ref="-1088" />
    <nd ref="-1089" />
    <nd ref="-1090" />
    <nd ref="-1091" />
    <nd ref="-1088" />
    <tag k="building" v="yes" />
  </way>
  <way id="-1000000234" visible="true">
    <nd ref="-1092" />
    <nd ref="-1093" />
    <nd ref="-1094" />
    <nd ref="-1095" />
    <nd ref="-1092" />
    <tag k="building" v="yes" />
  </way>
  <way id="-1000000235" visible="true">
    <nd ref="-1096" />
    <nd ref="-1097" />
    <nd ref="-1098" />
    <nd ref="-1099" />
    <nd ref="-1096" />
    <tag k="building" v="yes" />
  </way>
  <way id="-1000000236" visible="true">
    <nd ref="-1100" />
    <nd ref="-1101" />
    <nd ref="-1102" />
    <nd ref="-1103" />
    <nd ref="-1100" />
    <tag k="building" v="yes" />
  </way>
  <way id="-1000000237" visible="true">
    <nd ref="-1104" />
    <nd ref="-1105" />
    <nd ref="-1106" />
    <nd ref="-1107" />
    <nd ref="-1104" />
    <tag k="building" v="yes" />
  </way>
  <way id="-1000000238" visible="true">
    <nd ref="-1108" />
    <nd ref="-1109" />
    <nd ref="-1110" />
    <nd ref="-1111" />
    <nd ref="-1108" />
    <tag k="building" v="yes" />
  </way>
  <way id="-1000000239" visible="true">
    <nd ref="-1112" />
    <nd ref="-1113" />
    <nd ref="-1114" />
    <nd ref="-1115" />
    <nd ref="-1112" />
    <tag k="building" v="yes" />
  </way>
  <way id="-1000000240" visible="true">
    <nd ref="-1116" />
    <nd ref="-1117" />
    <nd ref="-1118" />
    <nd ref="-1119" />
    <nd ref="-1116" />
    <tag k="building" v="yes" />
  </way>
  <way id="-1000000241" visible="true">
    <nd ref="-1120" />
    <nd ref="-1121" />
    <nd ref="-1122" />
    <nd ref="-1123" />
    <nd ref="-1120" />
    <tag k="building" v="yes" />
  </way>
  <way id="-1000000242" visible="true">
    <nd ref="-1124" />
    <nd ref="-1125" />
    <nd ref="-1126" />
    <nd ref="-1127" />
    <nd ref="-1124" />
    <tag k="building" v="yes" />
  </way>
  <way id="-1000000243" visible="true">
    <nd ref="-1128" />
    <nd ref="-1129" />
    <nd ref="-1130" />
    <nd ref="-1131" />
    <nd ref="-1128" />
    <tag k="building" v="yes" />
  </way>
  <way id="-1000000244" visible="true">
    <nd ref="-1132" />
    <nd ref="-1133" />
    <nd ref="-1134" />
    <nd ref="-1135" />
    <nd ref="-1132" />
    <tag k="building" v="yes" />
  </way>
  <way id="-1000000245" visible="true">
    <nd ref="-1136" />
    <nd ref="-1137" />
    <nd ref="-1138" />
    <nd ref="-1139" />
    <nd ref="-1136" />
    <tag k="building" v="yes" />
  </way>
  <way id="-1000000246" visible="true">
    <nd ref="-1140" />
    <nd ref="-1141" />
    <nd ref="-1142" />
    <nd ref="-1143" />
    <nd ref="-1140" />
    <tag k="building" v="container" />
  </way>
  <way id="-1000000247" visible="true">
    <nd ref="-1144" />
    <nd ref="-1145" />
    <nd ref="-1146" />
    <nd ref="-1147" />
    <nd ref="-1144" />
    <tag k="building" v="garage" />
  </way>
  <way id="-1000000248" visible="true">
    <nd ref="-1148" />
    <nd ref="-1149" />
    <nd ref="-1150" />
    <nd ref="-1151" />
    <nd ref="-1148" />
    <tag k="building" v="yes" />
  </way>
  <way id="-1000000249" visible="true">
    <nd ref="-1152" />
    <nd ref="-1153" />
    <nd ref="-1154" />
    <nd ref="-1155" />
    <nd ref="-1152" />
    <tag k="building" v="yes" />
  </way>
  <way id="-1000000250" visible="true">
    <nd ref="-1156" />
    <nd ref="-1157" />
    <nd ref="-1158" />
    <nd ref="-1159" />
    <nd ref="-1156" />
    <tag k="building" v="yes" />
  </way>
  <way id="-1000000251" visible="true">
    <nd ref="-527" />
    <nd ref="-1160" />
    <nd ref="-1161" />
    <nd ref="-528" />
    <nd ref="-527" />
    <tag k="building" v="yes" />
  </way>
  <way id="-1000000252" visible="true">
    <nd ref="-1162" />
    <nd ref="-1163" />
    <nd ref="-1164" />
    <nd ref="-1165" />
    <nd ref="-1166" />
    <nd ref="-1162" />
    <tag k="building" v="yes" />
  </way>
  <way id="-1000000253" visible="true">
    <nd ref="-1164" />
    <nd ref="-1167" />
    <nd ref="-1168" />
    <nd ref="-1169" />
    <nd ref="-1165" />
    <nd ref="-1164" />
    <tag k="building" v="yes" />
  </way>
  <way id="-1000000254" visible="true">
    <nd ref="-1170" />
    <nd ref="-1171" />
    <nd ref="-1172" />
    <nd ref="-1173" />
    <nd ref="-1170" />
    <tag k="building" v="yes" />
  </way>
  <way id="-1000000255" visible="true">
    <nd ref="-1174" />
    <nd ref="-1175" />
    <nd ref="-1176" />
    <nd ref="-1177" />
    <nd ref="-1174" />
    <tag k="building" v="yes" />
  </way>
  <way id="-1000000256" visible="true">
    <nd ref="-1178" />
    <nd ref="-1179" />
    <nd ref="-1180" />
    <nd ref="-1181" />
    <nd ref="-1178" />
    <tag k="building" v="yes" />
  </way>
  <way id="-1000000257" visible="true">
    <nd ref="-1182" />
    <nd ref="-1183" />
    <nd ref="-1184" />
    <nd ref="-1185" />
    <nd ref="-1182" />
    <tag k="building" v="yes" />
  </way>
  <way id="-1000000258" visible="true">
    <nd ref="-1186" />
    <nd ref="-1187" />
    <nd ref="-1188" />
    <nd ref="-1189" />
    <nd ref="-1186" />
    <tag k="building" v="yes" />
  </way>
  <way id="-1000000259" visible="true">
    <nd ref="-1190" />
    <nd ref="-1191" />
    <nd ref="-1192" />
    <nd ref="-1193" />
    <nd ref="-1190" />
    <tag k="building" v="yes" />
  </way>
  <way id="-1000000260" visible="true">
    <nd ref="-1194" />
    <nd ref="-1195" />
    <nd ref="-1196" />
    <nd ref="-1197" />
    <nd ref="-1194" />
    <tag k="building" v="garages" />
  </way>
  <way id="-1000000261" visible="true">
    <nd ref="-1198" />
    <nd ref="-1199" />
    <nd ref="-1200" />
    <nd ref="-1201" />
    <nd ref="-1198" />
    <tag k="building" v="yes" />
  </way>
  <way id="-1000000262" visible="true">
    <nd ref="-1202" />
    <nd ref="-1203" />
    <nd ref="-1204" />
    <nd ref="-1205" />
    <nd ref="-1202" />
    <tag k="building" v="yes" />
  </way>
</osm>