<?xml version='1.0' encoding='UTF-8'?>
<osm version="0.6" generator="tile_fbx_generator.py">
  <node id="-1" lat="48.7703606" lon="11.4273401" visible="true" />
  <node id="-2" lat="48.7702002" lon="11.4272825" visible="true" />
  <node id="-3" lat="48.7703061" lon="11.4265933" visible="true" />
  <node id="-4" lat="48.7703901" lon="11.4260654" visible="true" />
  <node id="-5" lat="48.7704201" lon="11.4258735" visible="true" />
  <node id="-6" lat="48.7705873" lon="11.4259335" visible="true" />
  <node id="-7" lat="48.7707208" lon="11.4258886" visible="true" />
  <node id="-8" lat="48.7707070" lon="11.4257902" visible="true" />
  <node id="-9" lat="48.7707590" lon="11.4257734" visible="true" />
  <node id="-10" lat="48.7707285" lon="11.4255559" visible="true" />
  <node id="-11" lat="48.7707030" lon="11.4255605" visible="true" />
  <node id="-12" lat="48.7706882" lon="11.4255526" visible="true" />
  <node id="-13" lat="48.7706760" lon="11.4255291" visible="true" />
  <node id="-14" lat="48.7706709" lon="11.4255012" visible="true" />
  <node id="-15" lat="48.7706744" lon="11.4254755" visible="true" />
  <node id="-16" lat="48.7706904" lon="11.4254577" visible="true" />
  <node id="-17" lat="48.7707454" lon="11.4254497" visible="true" />
  <node id="-18" lat="48.7708020" lon="11.4254600" visible="true" />
  <node id="-19" lat="48.7708407" lon="11.4254885" visible="true" />
  <node id="-20" lat="48.7708844" lon="11.4255400" visible="true" />
  <node id="-21" lat="48.7709105" lon="11.4255943" visible="true" />
  <node id="-22" lat="48.7709317" lon="11.4256780" visible="true" />
  <node id="-23" lat="48.7709862" lon="11.4260776" visible="true" />
  <node id="-24" lat="48.7705384" lon="11.4262308" visible="true" />
  <node id="-25" lat="48.7704731" lon="11.4266473" visible="true" />
  <node id="-26" lat="48.7704056" lon="11.4270448" visible="true" />
  <node id="-27" lat="48.7707616" lon="11.4274953" visible="true" />
  <node id="-28" lat="48.7705800" lon="11.4278291" visible="true" />
  <node id="-29" lat="48.7705389" lon="11.4278852" visible="true" />
  <node id="-30" lat="48.7704947" lon="11.4279110" visible="true" />
  <node id="-31" lat="48.7704433" lon="11.4279246" visible="true" />
  <node id="-32" lat="48.7703964" lon="11.4279165" visible="true" />
  <node id="-33" lat="48.7703602" lon="11.4279005" visible="true" />
  <node id="-34" lat="48.7703151" lon="11.4278478" visible="true" />
  <node id="-35" lat="48.7703042" lon="11.4278174" visible="true" />
  <node id="-36" lat="48.7703024" lon="11.4277814" visible="true" />
  <node id="-37" lat="48.7703086" lon="11.4277591" visible="true" />
  <node id="-38" lat="48.7703163" lon="11.4277450" visible="true" />
  <node id="-39" lat="48.7703272" lon="11.4277330" visible="true" />
  <node id="-40" lat="48.7703430" lon="11.4277277" visible="true" />
  <node id="-41" lat="48.7703585" lon="11.4277339" visible="true" />
  <node id="-42" lat="48.7703788" lon="11.4277611" visible="true" />
  <node id="-43" lat="48.7704770" lon="11.4275880" visible="true" />
  <node id="-44" lat="48.7704295" lon="11.4275260" visible="true" />
  <node id="-45" lat="48.7704618" lon="11.4274691" visible="true" />
  <node id="-46" lat="48.7688953" lon="11.4240569" visible="true" />
  <node id="-47" lat="48.7689270" lon="11.4250189" visible="true" />
  <node id="-48" lat="48.7689582" lon="11.4259670" visible="true" />
  <node id="-49" lat="48.7688112" lon="11.4259781" visible="true" />
  <node id="-50" lat="48.7687483" lon="11.4240680" visible="true" />
  <node id="-51" lat="48.7666695" lon="11.4239423" visible="true" />
  <node id="-52" lat="48.7667411" lon="11.4249287" visible="true" />
  <node id="-53" lat="48.7667582" lon="11.4251636" visible="true" />
  <node id="-54" lat="48.7668030" lon="11.4257809" visible="true" />
  <node id="-55" lat="48.7669253" lon="11.4257605" visible="true" />
  <node id="-56" lat="48.7668980" lon="11.4253453" visible="true" />
  <node id="-57" lat="48.7668637" lon="11.4249120" visible="true" />
  <node id="-58" lat="48.7667919" lon="11.4239219" visible="true" />
  <node id="-59" lat="48.7700342" lon="11.4298680" visible="true" />
  <node id="-60" lat="48.7704023" lon="11.4301825" visible="true" />
  <node id="-61" lat="48.7703439" lon="11.4303398" visible="true" />
  <node id="-62" lat="48.7699758" lon="11.4300252" visible="true" />
  <node id="-63" lat="48.7702041" lon="11.4294473" visible="true" />
  <node id="-64" lat="48.7705590" lon="11.4297924" visible="true" />
  <node id="-65" lat="48.7704948" lon="11.4299442" visible="true" />
  <node id="-66" lat="48.7701400" lon="11.4295991" visible="true" />
  <node id="-67" lat="48.7686086" lon="11.4283973" visible="true" />
  <node id="-68" lat="48.7689435" lon="11.4289813" visible="true" />
  <node id="-69" lat="48.7688378" lon="11.4291208" visible="true" />
  <node id="-70" lat="48.7687371" lon="11.4289452" visible="true" />
  <node id="-71" lat="48.7685029" lon="11.4285369" visible="true" />
  <node id="-72" lat="48.7680463" lon="11.4301660" visible="true" />
  <node id="-73" lat="48.7679619" lon="11.4300188" visible="true" />
  <node id="-74" lat="48.7683448" lon="11.4295131" visible="true" />
  <node id="-75" lat="48.7683285" lon="11.4294847" visible="true" />
  <node id="-76" lat="48.7658612" lon="11.4253928" visible="true" />
  <node id="-77" lat="48.7658490" lon="11.4256656" visible="true" />
  <node id="-78" lat="48.7666409" lon="11.4257472" visible="true" />
  <node id="-79" lat="48.7666529" lon="11.4254782" visible="true" />
  <node id="-80" lat="48.7665493" lon="11.4254675" visible="true" />
  <node id="-81" lat="48.7660389" lon="11.4254106" visible="true" />
  <node id="-82" lat="48.7688247" lon="11.4219309" visible="true" />
  <node id="-83" lat="48.7688274" lon="11.4220104" visible="true" />
  <node id="-84" lat="48.7688317" lon="11.4221405" visible="true" />
  <node id="-85" lat="48.7688205" lon="11.4221414" visible="true" />
  <node id="-86" lat="48.7688382" lon="11.4226711" visible="true" />
  <node id="-87" lat="48.7688439" lon="11.4226706" visible="true" />
  <node id="-88" lat="48.7688578" lon="11.4230886" visible="true" />
  <node id="-89" lat="48.7688522" lon="11.4230911" visible="true" />
  <node id="-90" lat="48.7688691" lon="11.4235960" visible="true" />
  <node id="-91" lat="48.7688821" lon="11.4235950" visible="true" />
  <node id="-92" lat="48.7688865" lon="11.4237267" visible="true" />
  <node id="-93" lat="48.7688896" lon="11.4238205" visible="true" />
  <node id="-94" lat="48.7687304" lon="11.4238328" visible="true" />
  <node id="-95" lat="48.7687229" lon="11.4236076" visible="true" />
  <node id="-96" lat="48.7687309" lon="11.4236070" visible="true" />
  <node id="-97" lat="48.7687137" lon="11.4230918" visible="true" />
  <node id="-98" lat="48.7686966" lon="11.4230931" visible="true" />
  <node id="-99" lat="48.7686830" lon="11.4226849" visible="true" />
  <node id="-100" lat="48.7686966" lon="11.4226838" visible="true" />
  <node id="-101" lat="48.7686795" lon="11.4221720" visible="true" />
  <node id="-102" lat="48.7686610" lon="11.4221734" visible="true" />
  <node id="-103" lat="48.7686534" lon="11.4219441" visible="true" />
  <node id="-104" lat="48.7665956" lon="11.4304914" visible="true" />
  <node id="-105" lat="48.7667458" lon="11.4307534" visible="true" />
  <node id="-106" lat="48.7670439" lon="11.4303601" visible="true" />
  <node id="-107" lat="48.7668937" lon="11.4300980" visible="true" />
  <node id="-108" lat="48.7685199" lon="11.4224136" visible="true" />
  <node id="-109" lat="48.7684983" lon="11.4223357" visible="true" />
  <node id="-110" lat="48.7685145" lon="11.4223248" visible="true" />
  <node id="-111" lat="48.7684963" lon="11.4222586" visible="true" />
  <node id="-112" lat="48.7685142" lon="11.4222473" visible="true" />
  <node id="-113" lat="48.7684915" lon="11.4221650" visible="true" />
  <node id="-114" lat="48.7685177" lon="11.4221484" visible="true" />
  <node id="-115" lat="48.7684866" lon="11.4220351" visible="true" />
  <node id="-116" lat="48.7683292" lon="11.4221325" visible="true" />
  <node id="-117" lat="48.7682844" lon="11.4221725" visible="true" />
  <node id="-118" lat="48.7683011" lon="11.4222623" visible="true" />
  <node id="-119" lat="48.7684695" lon="11.4224952" visible="true" />
  <node id="-120" lat="48.7651613" lon="11.4300172" visible="true" />
  <node id="-121" lat="48.7651643" lon="11.4300067" visible="true" />
  <node id="-122" lat="48.7651691" lon="11.4299955" visible="true" />
  <node id="-123" lat="48.7651746" lon="11.4299864" visible="true" />
  <node id="-124" lat="48.7651811" lon="11.4299780" visible="true" />
  <node id="-125" lat="48.7651925" lon="11.4299714" visible="true" />
  <node id="-126" lat="48.7652070" lon="11.4299691" visible="true" />
  <node id="-127" lat="48.7652188" lon="11.4299740" visible="true" />
  <node id="-128" lat="48.7652313" lon="11.4299853" visible="true" />
  <node id="-129" lat="48.7652412" lon="11.4300078" visible="true" />
  <node id="-130" lat="48.7652435" lon="11.4300231" visible="true" />
  <node id="-131" lat="48.7652422" lon="11.4300425" visible="true" />
  <node id="-132" lat="48.7652390" lon="11.4300623" visible="true" />
  <node id="-133" lat="48.7652296" lon="11.4300760" visible="true" />
  <node id="-134" lat="48.7652197" lon="11.4300881" visible="true" />
  <node id="-135" lat="48.7653168" lon="11.4305678" visible="true" />
  <node id="-136" lat="48.7651612" lon="11.4306397" visible="true" />
  <node id="-137" lat="48.7650617" lon="11.4301452" visible="true" />
  <node id="-138" lat="48.7650417" lon="11.4300377" visible="true" />
  <node id="-139" lat="48.7651495" lon="11.4300192" visible="true" />
  <node id="-140" lat="48.7643629" lon="11.4303911" visible="true" />
  <node id="-141" lat="48.7644229" lon="11.4305988" visible="true" />
  <node id="-142" lat="48.7643953" lon="11.4310648" visible="true" />
  <node id="-143" lat="48.7643942" lon="11.4310848" visible="true" />
  <node id="-144" lat="48.7644098" lon="11.4310860" visible="true" />
  <node id="-145" lat="48.7644642" lon="11.4310911" visible="true" />
  <node id="-146" lat="48.7644652" lon="11.4310652" visible="true" />
  <node id="-147" lat="48.7644682" lon="11.4310108" visible="true" />
  <node id="-148" lat="48.7645009" lon="11.4305956" visible="true" />
  <node id="-149" lat="48.7644602" lon="11.4303922" visible="true" />
  <node id="-150" lat="48.7647192" lon="11.4302858" visible="true" />
  <node id="-151" lat="48.7647062" lon="11.4302007" visible="true" />
  <node id="-152" lat="48.7647010" lon="11.4301711" visible="true" />
  <node id="-153" lat="48.7644006" lon="11.4303086" visible="true" />
  <node id="-154" lat="48.7644135" lon="11.4303637" visible="true" />
  <node id="-155" lat="48.7644927" lon="11.4314456" visible="true" />
  <node id="-156" lat="48.7648626" lon="11.4313218" visible="true" />
  <node id="-157" lat="48.7648560" lon="11.4312791" visible="true" />
  <node id="-158" lat="48.7649364" lon="11.4312492" visible="true" />
  <node id="-159" lat="48.7649169" lon="11.4311167" visible="true" />
  <node id="-160" lat="48.7649381" lon="11.4311082" visible="true" />
  <node id="-161" lat="48.7649593" lon="11.4310989" visible="true" />
  <node id="-162" lat="48.7649450" lon="11.4310263" visible="true" />
  <node id="-163" lat="48.7648561" lon="11.4310550" visible="true" />
  <node id="-164" lat="48.7648497" lon="11.4310118" visible="true" />
  <node id="-165" lat="48.7646383" lon="11.4310720" visible="true" />
  <node id="-166" lat="48.7644771" lon="11.4311283" visible="true" />
  <node id="-167" lat="48.7644749" lon="11.4311830" visible="true" />
  <node id="-168" lat="48.7644061" lon="11.4311766" visible="true" />
  <node id="-169" lat="48.7643939" lon="11.4311752" visible="true" />
  <node id="-170" lat="48.7643868" lon="11.4314011" visible="true" />
  <node id="-171" lat="48.7643242" lon="11.4315462" visible="true" />
  <node id="-172" lat="48.7643731" lon="11.4315916" visible="true" />
  <node id="-173" lat="48.7644289" lon="11.4316431" visible="true" />
  <node id="-174" lat="48.7644907" lon="11.4314979" visible="true" />
  <node id="-175" lat="48.7644783" lon="11.4314845" visible="true" />
  <node id="-176" lat="48.7654183" lon="11.4313503" visible="true" />
  <node id="-177" lat="48.7654672" lon="11.4315758" visible="true" />
  <node id="-178" lat="48.7651776" lon="11.4317204" visible="true" />
  <node id="-179" lat="48.7651652" lon="11.4316632" visible="true" />
  <node id="-180" lat="48.7651287" lon="11.4314949" visible="true" />
  <node id="-181" lat="48.7652980" lon="11.4314103" visible="true" />
  <node id="-182" lat="48.7683673" lon="11.4287145" visible="true" />
  <node id="-183" lat="48.7684860" lon="11.4289244" visible="true" />
  <node id="-184" lat="48.7683782" lon="11.4290648" visible="true" />
  <node id="-185" lat="48.7682595" lon="11.4288549" visible="true" />
  <node id="-186" lat="48.7675335" lon="11.4320429" visible="true" />
  <node id="-187" lat="48.7673840" lon="11.4314144" visible="true" />
  <node id="-188" lat="48.7672151" lon="11.4315069" visible="true" />
  <node id="-189" lat="48.7672910" lon="11.4318257" visible="true" />
  <node id="-190" lat="48.7673647" lon="11.4321354" visible="true" />
  <node id="-191" lat="48.7674368" lon="11.4320959" visible="true" />
  <node id="-192" lat="48.7672696" lon="11.4298899" visible="true" />
  <node id="-193" lat="48.7671927" lon="11.4300234" visible="true" />
  <node id="-194" lat="48.7671998" lon="11.4300329" visible="true" />
  <node id="-195" lat="48.7671805" lon="11.4300663" visible="true" />
  <node id="-196" lat="48.7670329" lon="11.4298704" visible="true" />
  <node id="-197" lat="48.7671291" lon="11.4297035" visible="true" />
  <node id="-198" lat="48.7677312" lon="11.4240206" visible="true" />
  <node id="-199" lat="48.7677160" lon="11.4237498" visible="true" />
  <node id="-200" lat="48.7673654" lon="11.4237948" visible="true" />
  <node id="-201" lat="48.7674208" lon="11.4248049" visible="true" />
  <node id="-202" lat="48.7674481" lon="11.4252161" visible="true" />
  <node id="-203" lat="48.7674466" lon="11.4252343" visible="true" />
  <node id="-204" lat="48.7674809" lon="11.4257964" visible="true" />
  <node id="-205" lat="48.7678292" lon="11.4257455" visible="true" />
  <node id="-206" lat="48.7678127" lon="11.4254741" visible="true" />
  <node id="-207" lat="48.7676578" lon="11.4254939" visible="true" />
  <node id="-208" lat="48.7676353" lon="11.4250919" visible="true" />
  <node id="-209" lat="48.7676279" lon="11.4249600" visible="true" />
  <node id="-210" lat="48.7676229" lon="11.4248700" visible="true" />
  <node id="-211" lat="48.7676174" lon="11.4247719" visible="true" />
  <node id="-212" lat="48.7676116" lon="11.4246682" visible="true" />
  <node id="-213" lat="48.7676056" lon="11.4245612" visible="true" />
  <node id="-214" lat="48.7675972" lon="11.4244107" visible="true" />
  <node id="-215" lat="48.7675764" lon="11.4240405" visible="true" />
  <node id="-216" lat="48.7676037" lon="11.4240370" visible="true" />
  <node id="-217" lat="48.7706955" lon="11.4330955" visible="true" />
  <node id="-218" lat="48.7707441" lon="11.4332708" visible="true" />
  <node id="-219" lat="48.7708582" lon="11.4331979" visible="true" />
  <node id="-220" lat="48.7708097" lon="11.4330227" visible="true" />
  <node id="-221" lat="48.7688700" lon="11.4272841" visible="true" />
  <node id="-222" lat="48.7688195" lon="11.4279936" visible="true" />
  <node id="-223" lat="48.7689368" lon="11.4280127" visible="true" />
  <node id="-224" lat="48.7689872" lon="11.4273033" visible="true" />
  <node id="-225" lat="48.7692349" lon="11.4255826" visible="true" />
  <node id="-226" lat="48.7692495" lon="11.4254610" visible="true" />
  <node id="-227" lat="48.7692431" lon="11.4254596" visible="true" />
  <node id="-228" lat="48.7692366" lon="11.4254579" visible="true" />
  <node id="-229" lat="48.7692337" lon="11.4254527" visible="true" />
  <node id="-230" lat="48.7692327" lon="11.4254448" visible="true" />
  <node id="-231" lat="48.7692334" lon="11.4254388" visible="true" />
  <node id="-232" lat="48.7692346" lon="11.4254349" visible="true" />
  <node id="-233" lat="48.7692393" lon="11.4254331" visible="true" />
  <node id="-234" lat="48.7692439" lon="11.4254326" visible="true" />
  <node id="-235" lat="48.7692529" lon="11.4254331" visible="true" />
  <node id="-236" lat="48.7692613" lon="11.4253725" visible="true" />
  <node id="-237" lat="48.7695652" lon="11.4254665" visible="true" />
  <node id="-238" lat="48.7695600" lon="11.4255072" visible="true" />
  <node id="-239" lat="48.7696355" lon="11.4255281" visible="true" />
  <node id="-240" lat="48.7696161" lon="11.4256885" visible="true" />
  <node id="-241" lat="48.7666264" lon="11.4288671" visible="true" />
  <node id="-242" lat="48.7665155" lon="11.4289214" visible="true" />
  <node id="-243" lat="48.7666117" lon="11.4293743" visible="true" />
  <node id="-244" lat="48.7667580" lon="11.4293027" visible="true" />
  <node id="-245" lat="48.7667189" lon="11.4291191" visible="true" />
  <node id="-246" lat="48.7667741" lon="11.4290920" visible="true" />
  <node id="-247" lat="48.7667569" lon="11.4290112" visible="true" />
  <node id="-248" lat="48.7667042" lon="11.4290369" visible="true" />
  <node id="-249" lat="48.7666650" lon="11.4288495" visible="true" />
  <node id="-250" lat="48.7690649" lon="11.4324727" visible="true" />
  <node id="-251" lat="48.7693767" lon="11.4316993" visible="true" />
  <node id="-252" lat="48.7695403" lon="11.4311567" visible="true" />
  <node id="-253" lat="48.7697836" lon="11.4303928" visible="true" />
  <node id="-254" lat="48.7699759" lon="11.4298778" visible="true" />
  <node id="-255" lat="48.7699306" lon="11.4298263" visible="true" />
  <node id="-256" lat="48.7697383" lon="11.4303413" visible="true" />
  <node id="-257" lat="48.7694894" lon="11.4311138" visible="true" />
  <node id="-258" lat="48.7692671" lon="11.4315822" visible="true" />
  <node id="-259" lat="48.7693306" lon="11.4316036" visible="true" />
  <node id="-260" lat="48.7693118" lon="11.4316625" visible="true" />
  <node id="-261" lat="48.7692813" lon="11.4317423" visible="true" />
  <node id="-262" lat="48.7691494" lon="11.4318047" visible="true" />
  <node id="-263" lat="48.7691387" lon="11.4320441" visible="true" />
  <node id="-264" lat="48.7690023" lon="11.4324129" visible="true" />
  <node id="-265" lat="48.7690327" lon="11.4324433" visible="true" />
  <node id="-266" lat="48.7688436" lon="11.4306814" visible="true" />
  <node id="-267" lat="48.7687657" lon="11.4305255" visible="true" />
  <node id="-268" lat="48.7685879" lon="11.4307347" visible="true" />
  <node id="-269" lat="48.7684746" lon="11.4305483" visible="true" />
  <node id="-270" lat="48.7685510" lon="11.4304414" visible="true" />
  <node id="-271" lat="48.7684617" lon="11.4302946" visible="true" />
  <node id="-272" lat="48.7682953" lon="11.4305276" visible="true" />
  <node id="-273" lat="48.7685743" lon="11.4309865" visible="true" />
  <node id="-274" lat="48.7692565" lon="11.4261122" visible="true" />
  <node id="-275" lat="48.7692674" lon="11.4259577" visible="true" />
  <node id="-276" lat="48.7695501" lon="11.4260035" visible="true" />
  <node id="-277" lat="48.7695392" lon="11.4261580" visible="true" />
  <node id="-278" lat="48.7656029" lon="11.4256777" visible="true" />
  <node id="-279" lat="48.7657295" lon="11.4256593" visible="true" />
  <node id="-280" lat="48.7657010" lon="11.4252070" visible="true" />
  <node id="-281" lat="48.7655744" lon="11.4252253" visible="true" />
  <node id="-282" lat="48.7655887" lon="11.4254517" visible="true" />
  <node id="-283" lat="48.7657565" lon="11.4249921" visible="true" />
  <node id="-284" lat="48.7657924" lon="11.4250227" visible="true" />
  <node id="-285" lat="48.7658349" lon="11.4250032" visible="true" />
  <node id="-286" lat="48.7658549" lon="11.4249448" visible="true" />
  <node id="-287" lat="48.7658270" lon="11.4248112" visible="true" />
  <node id="-288" lat="48.7657216" lon="11.4242644" visible="true" />
  <node id="-289" lat="48.7656738" lon="11.4240237" visible="true" />
  <node id="-290" lat="48.7655322" lon="11.4240837" visible="true" />
  <node id="-291" lat="48.7655711" lon="11.4242902" visible="true" />
  <node id="-292" lat="48.7655159" lon="11.4243161" visible="true" />
  <node id="-293" lat="48.7655015" lon="11.4243440" visible="true" />
  <node id="-294" lat="48.7655017" lon="11.4243773" visible="true" />
  <node id="-295" lat="48.7655087" lon="11.4243931" visible="true" />
  <node id="-296" lat="48.7655286" lon="11.4244058" visible="true" />
  <node id="-297" lat="48.7655459" lon="11.4243965" visible="true" />
  <node id="-298" lat="48.7655712" lon="11.4245326" visible="true" />
  <node id="-299" lat="48.7655391" lon="11.4245454" visible="true" />
  <node id="-300" lat="48.7655203" lon="11.4245824" visible="true" />
  <node id="-301" lat="48.7655249" lon="11.4246365" visible="true" />
  <node id="-302" lat="48.7655585" lon="11.4246527" visible="true" />
  <node id="-303" lat="48.7656343" lon="11.4246176" visible="true" />
  <node id="-304" lat="48.7656992" lon="11.4249168" visible="true" />
  <node id="-305" lat="48.7673069" lon="11.4277566" visible="true" />
  <node id="-306" lat="48.7672790" lon="11.4275989" visible="true" />
  <node id="-307" lat="48.7670817" lon="11.4276794" visible="true" />
  <node id="-308" lat="48.7670779" lon="11.4276580" visible="true" />
  <node id="-309" lat="48.7669731" lon="11.4277007" visible="true" />
  <node id="-310" lat="48.7670093" lon="11.4279050" visible="true" />
  <node id="-311" lat="48.7671145" lon="11.4278622" visible="true" />
  <node id="-312" lat="48.7671100" lon="11.4278369" visible="true" />
  <node id="-313" lat="48.7661242" lon="11.4248219" visible="true" />
  <node id="-314" lat="48.7660123" lon="11.4248667" visible="true" />
  <node id="-315" lat="48.7660187" lon="11.4249035" visible="true" />
  <node id="-316" lat="48.7660566" lon="11.4251215" visible="true" />
  <node id="-317" lat="48.7660596" lon="11.4251393" visible="true" />
  <node id="-318" lat="48.7663123" lon="11.4250410" visible="true" />
  <node id="-319" lat="48.7665458" lon="11.4249511" visible="true" />
  <node id="-320" lat="48.7666113" lon="11.4249253" visible="true" />
  <node id="-321" lat="48.7664337" lon="11.4238865" visible="true" />
  <node id="-322" lat="48.7663198" lon="11.4239314" visible="true" />
  <node id="-323" lat="48.7663232" lon="11.4239515" visible="true" />
  <node id="-324" lat="48.7663288" lon="11.4239845" visible="true" />
  <node id="-325" lat="48.7664696" lon="11.4247961" visible="true" />
  <node id="-326" lat="48.7661424" lon="11.4249267" visible="true" />
  <node id="-327" lat="48.7669983" lon="11.4311761" visible="true" />
  <node id="-328" lat="48.7669027" lon="11.4308199" visible="true" />
  <node id="-329" lat="48.7668191" lon="11.4308713" visible="true" />
  <node id="-330" lat="48.7668317" lon="11.4309233" visible="true" />
  <node id="-331" lat="48.7668152" lon="11.4309335" visible="true" />
  <node id="-332" lat="48.7668080" lon="11.4309510" visible="true" />
  <node id="-333" lat="48.7668141" lon="11.4309764" visible="true" />
  <node id="-334" lat="48.7668264" lon="11.4309821" visible="true" />
  <node id="-335" lat="48.7668433" lon="11.4309711" visible="true" />
  <node id="-336" lat="48.7668476" lon="11.4309872" visible="true" />
  <node id="-337" lat="48.7666756" lon="11.4310934" visible="true" />
  <node id="-338" lat="48.7666595" lon="11.4310333" visible="true" />
  <node id="-339" lat="48.7665889" lon="11.4310769" visible="true" />
  <node id="-340" lat="48.7666574" lon="11.4313324" visible="true" />
  <node id="-341" lat="48.7666818" lon="11.4313173" visible="true" />
  <node id="-342" lat="48.7666878" lon="11.4313397" visible="true" />
  <node id="-343" lat="48.7667518" lon="11.4313002" visible="true" />
  <node id="-344" lat="48.7667410" lon="11.4312597" visible="true" />
  <node id="-345" lat="48.7668874" lon="11.4311694" visible="true" />
  <node id="-346" lat="48.7669047" lon="11.4312339" visible="true" />
  <node id="-347" lat="48.7656060" lon="11.4232358" visible="true" />
  <node id="-348" lat="48.7654786" lon="11.4233125" visible="true" />
  <node id="-349" lat="48.7654248" lon="11.4230521" visible="true" />
  <node id="-350" lat="48.7654084" lon="11.4226990" visible="true" />
  <node id="-351" lat="48.7654926" lon="11.4226712" visible="true" />
  <node id="-352" lat="48.7654656" lon="11.4223644" visible="true" />
  <node id="-353" lat="48.7653989" lon="11.4218286" visible="true" />
  <node id="-354" lat="48.7652987" lon="11.4218573" visible="true" />
  <node id="-355" lat="48.7653653" lon="11.4223931" visible="true" />
  <node id="-356" lat="48.7654494" lon="11.4223690" visible="true" />
  <node id="-357" lat="48.7714400" lon="11.4331222" visible="true" />
  <node id="-358" lat="48.7714598" lon="11.4331707" visible="true" />
  <node id="-359" lat="48.7714087" lon="11.4332257" visible="true" />
  <node id="-360" lat="48.7714476" lon="11.4333250" visible="true" />
  <node id="-361" lat="48.7714109" lon="11.4333606" visible="true" />
  <node id="-362" lat="48.7713679" lon="11.4332543" visible="true" />
  <node id="-363" lat="48.7713039" lon="11.4332173" visible="true" />
  <node id="-364" lat="48.7712330" lon="11.4330408" visible="true" />
  <node id="-365" lat="48.7713814" lon="11.4329234" visible="true" />
  <node id="-366" lat="48.7713531" lon="11.4328515" visible="true" />
  <node id="-367" lat="48.7712827" lon="11.4329155" visible="true" />
  <node id="-368" lat="48.7711897" lon="11.4326797" visible="true" />
  <node id="-369" lat="48.7712856" lon="11.4325925" visible="true" />
  <node id="-370" lat="48.7713159" lon="11.4326693" visible="true" />
  <node id="-371" lat="48.7713467" lon="11.4326412" visible="true" />
  <node id="-372" lat="48.7713413" lon="11.4326276" visible="true" />
  <node id="-373" lat="48.7713819" lon="11.4325907" visible="true" />
  <node id="-374" lat="48.7714210" lon="11.4325552" visible="true" />
  <node id="-375" lat="48.7715137" lon="11.4324710" visible="true" />
  <node id="-376" lat="48.7715749" lon="11.4326261" visible="true" />
  <node id="-377" lat="48.7715225" lon="11.4326737" visible="true" />
  <node id="-378" lat="48.7715597" lon="11.4327680" visible="true" />
  <node id="-379" lat="48.7715649" lon="11.4327632" visible="true" />
  <node id="-380" lat="48.7716401" lon="11.4329538" visible="true" />
  <node id="-381" lat="48.7690903" lon="11.4279822" visible="true" />
  <node id="-382" lat="48.7690991" lon="11.4279343" visible="true" />
  <node id="-383" lat="48.7691637" lon="11.4275512" visible="true" />
  <node id="-384" lat="48.7691249" lon="11.4275360" visible="true" />
  <node id="-385" lat="48.7691374" lon="11.4274625" visible="true" />
  <node id="-386" lat="48.7691763" lon="11.4274776" visible="true" />
  <node id="-387" lat="48.7692134" lon="11.4272588" visible="true" />
  <node id="-388" lat="48.7694004" lon="11.4273319" visible="true" />
  <node id="-389" lat="48.7693632" lon="11.4275506" visible="true" />
  <node id="-390" lat="48.7692861" lon="11.4280069" visible="true" />
  <node id="-391" lat="48.7693136" lon="11.4280197" visible="true" />
  <node id="-392" lat="48.7692906" lon="11.4281539" visible="true" />
  <node id="-393" lat="48.7692640" lon="11.4281435" visible="true" />
  <node id="-394" lat="48.7691841" lon="11.4286133" visible="true" />
  <node id="-395" lat="48.7691661" lon="11.4286356" visible="true" />
  <node id="-396" lat="48.7690537" lon="11.4285916" visible="true" />
  <node id="-397" lat="48.7691383" lon="11.4280942" visible="true" />
  <node id="-398" lat="48.7691056" lon="11.4280802" visible="true" />
  <node id="-399" lat="48.7690541" lon="11.4280596" visible="true" />
  <node id="-400" lat="48.7690691" lon="11.4279737" visible="true" />
  <node id="-401" lat="48.7691670" lon="11.4293600" visible="true" />
  <node id="-402" lat="48.7691437" lon="11.4294189" visible="true" />
  <node id="-403" lat="48.7694620" lon="11.4297077" visible="true" />
  <node id="-404" lat="48.7694835" lon="11.4296530" visible="true" />
  <node id="-405" lat="48.7694880" lon="11.4296567" visible="true" />
  <node id="-406" lat="48.7695055" lon="11.4296497" visible="true" />
  <node id="-407" lat="48.7695152" lon="11.4296273" visible="true" />
  <node id="-408" lat="48.7695120" lon="11.4295989" visible="true" />
  <node id="-409" lat="48.7695070" lon="11.4295935" visible="true" />
  <node id="-410" lat="48.7695295" lon="11.4295364" visible="true" />
  <node id="-411" lat="48.7692113" lon="11.4292476" visible="true" />
  <node id="-412" lat="48.7691897" lon="11.4293024" visible="true" />
  <node id="-413" lat="48.7691811" lon="11.4292940" visible="true" />
  <node id="-414" lat="48.7691642" lon="11.4293014" visible="true" />
  <node id="-415" lat="48.7691543" lon="11.4293248" visible="true" />
  <node id="-416" lat="48.7691571" lon="11.4293500" visible="true" />
  <node id="-417" lat="48.7689016" lon="11.4297050" visible="true" />
  <node id="-418" lat="48.7687551" lon="11.4299015" visible="true" />
  <node id="-419" lat="48.7688374" lon="11.4300429" visible="true" />
  <node id="-420" lat="48.7689840" lon="11.4298465" visible="true" />
  <node id="-421" lat="48.7687376" lon="11.4301101" visible="true" />
  <node id="-422" lat="48.7686671" lon="11.4299853" visible="true" />
  <node id="-423" lat="48.7685117" lon="11.4301874" visible="true" />
  <node id="-424" lat="48.7685823" lon="11.4303122" visible="true" />
  <node id="-425" lat="48.7693158" lon="11.4300956" visible="true" />
  <node id="-426" lat="48.7691366" lon="11.4303933" visible="true" />
  <node id="-427" lat="48.7692088" lon="11.4305108" visible="true" />
  <node id="-428" lat="48.7692507" lon="11.4304405" visible="true" />
  <node id="-429" lat="48.7692460" lon="11.4304343" visible="true" />
  <node id="-430" lat="48.7693517" lon="11.4302527" visible="true" />
  <node id="-431" lat="48.7693608" lon="11.4302649" visible="true" />
  <node id="-432" lat="48.7694041" lon="11.4301910" visible="true" />
  <node id="-433" lat="48.7671548" lon="11.4221059" visible="true" />
  <node id="-434" lat="48.7671505" lon="11.4221433" visible="true" />
  <node id="-435" lat="48.7668513" lon="11.4222857" visible="true" />
  <node id="-436" lat="48.7668321" lon="11.4222945" visible="true" />
  <node id="-437" lat="48.7668570" lon="11.4224372" visible="true" />
  <node id="-438" lat="48.7670203" lon="11.4223597" visible="true" />
  <node id="-439" lat="48.7671163" lon="11.4223109" visible="true" />
  <node id="-440" lat="48.7672022" lon="11.4222748" visible="true" />
  <node id="-441" lat="48.7672807" lon="11.4222442" visible="true" />
  <node id="-442" lat="48.7673638" lon="11.4222145" visible="true" />
  <node id="-443" lat="48.7674471" lon="11.4221820" visible="true" />
  <node id="-444" lat="48.7675337" lon="11.4221485" visible="true" />
  <node id="-445" lat="48.7675298" lon="11.4219957" visible="true" />
  <node id="-446" lat="48.7672414" lon="11.4220731" visible="true" />
  <node id="-447" lat="48.7680912" lon="11.4222929" visible="true" />
  <node id="-448" lat="48.7679460" lon="11.4223015" visible="true" />
  <node id="-449" lat="48.7679584" lon="11.4227866" visible="true" />
  <node id="-450" lat="48.7681036" lon="11.4227781" visible="true" />
  <node id="-451" lat="48.7681133" lon="11.4229989" visible="true" />
  <node id="-452" lat="48.7679792" lon="11.4230074" visible="true" />
  <node id="-453" lat="48.7679923" lon="11.4234844" visible="true" />
  <node id="-454" lat="48.7681264" lon="11.4234760" visible="true" />
  <node id="-455" lat="48.7665649" lon="11.4221467" visible="true" />
  <node id="-456" lat="48.7665698" lon="11.4222626" visible="true" />
  <node id="-457" lat="48.7665084" lon="11.4222938" visible="true" />
  <node id="-458" lat="48.7665305" lon="11.4224270" visible="true" />
  <node id="-459" lat="48.7665341" lon="11.4224467" visible="true" />
  <node id="-460" lat="48.7665640" lon="11.4226090" visible="true" />
  <node id="-461" lat="48.7666709" lon="11.4225571" visible="true" />
  <node id="-462" lat="48.7666684" lon="11.4225140" visible="true" />
  <node id="-463" lat="48.7666942" lon="11.4225046" visible="true" />
  <node id="-464" lat="48.7666659" lon="11.4221154" visible="true" />
  <node id="-465" lat="48.7664713" lon="11.4226549" visible="true" />
  <node id="-466" lat="48.7664488" lon="11.4225504" visible="true" />
  <node id="-467" lat="48.7664351" lon="11.4224868" visible="true" />
  <node id="-468" lat="48.7663641" lon="11.4225165" visible="true" />
  <node id="-469" lat="48.7663284" lon="11.4225314" visible="true" />
  <node id="-470" lat="48.7663747" lon="11.4227048" visible="true" />
  <node id="-471" lat="48.7663917" lon="11.4226960" visible="true" />
  <node id="-472" lat="48.7663596" lon="11.4227156" visible="true" />
  <node id="-473" lat="48.7662856" lon="11.4227691" visible="true" />
  <node id="-474" lat="48.7662353" lon="11.4225999" visible="true" />
  <node id="-475" lat="48.7662528" lon="11.4225860" visible="true" />
  <node id="-476" lat="48.7662611" lon="11.4228006" visible="true" />
  <node id="-477" lat="48.7662041" lon="11.4228524" visible="true" />
  <node id="-478" lat="48.7661884" lon="11.4228646" visible="true" />
  <node id="-479" lat="48.7661530" lon="11.4227471" visible="true" />
  <node id="-480" lat="48.7661358" lon="11.4226870" visible="true" />
  <node id="-481" lat="48.7661721" lon="11.4226614" visible="true" />
  <node id="-482" lat="48.7662118" lon="11.4226334" visible="true" />
  <node id="-483" lat="48.7661726" lon="11.4228758" visible="true" />
  <node id="-484" lat="48.7661259" lon="11.4229091" visible="true" />
  <node id="-485" lat="48.7660679" lon="11.4229505" visible="true" />
  <node id="-486" lat="48.7660319" lon="11.4228169" visible="true" />
  <node id="-487" lat="48.7695420" lon="11.4234909" visible="true" />
  <node id="-488" lat="48.7695295" lon="11.4229731" visible="true" />
  <node id="-489" lat="48.7693695" lon="11.4229847" visible="true" />
  <node id="-490" lat="48.7693880" lon="11.4234364" visible="true" />
  <node id="-491" lat="48.7694912" lon="11.4234969" visible="true" />
  <node id="-492" lat="48.7693240" lon="11.4230346" visible="true" />
  <node id="-493" lat="48.7693214" lon="11.4229867" visible="true" />
  <node id="-494" lat="48.7693172" lon="11.4229075" visible="true" />
  <node id="-495" lat="48.7690798" lon="11.4229292" visible="true" />
  <node id="-496" lat="48.7689419" lon="11.4231529" visible="true" />
  <node id="-497" lat="48.7689528" lon="11.4234622" visible="true" />
  <node id="-498" lat="48.7690389" lon="11.4234585" visible="true" />
  <node id="-499" lat="48.7690353" lon="11.4232088" visible="true" />
  <node id="-500" lat="48.7691253" lon="11.4230550" visible="true" />
  <node id="-501" lat="48.7690181" lon="11.4235655" visible="true" />
  <node id="-502" lat="48.7690238" lon="11.4237183" visible="true" />
  <node id="-503" lat="48.7690272" lon="11.4238107" visible="true" />
  <node id="-504" lat="48.7693699" lon="11.4237839" visible="true" />
  <node id="-505" lat="48.7693695" lon="11.4237016" visible="true" />
  <node id="-506" lat="48.7693189" lon="11.4235433" visible="true" />
  <node id="-507" lat="48.7694283" lon="11.4235979" visible="true" />
  <node id="-508" lat="48.7693527" lon="11.4234862" visible="true" />
  <node id="-509" lat="48.7678935" lon="11.4241593" visible="true" />
  <node id="-510" lat="48.7679680" lon="11.4241512" visible="true" />
  <node id="-511" lat="48.7679716" lon="11.4242373" visible="true" />
  <node id="-512" lat="48.7679882" lon="11.4244729" visible="true" />
  <node id="-513" lat="48.7679184" lon="11.4244832" visible="true" />
  <node id="-514" lat="48.7682083" lon="11.4265490" visible="true" />
  <node id="-515" lat="48.7682074" lon="11.4265883" visible="true" />
  <node id="-516" lat="48.7683193" lon="11.4265939" visible="true" />
  <node id="-517" lat="48.7683246" lon="11.4263502" visible="true" />
  <node id="-518" lat="48.7681890" lon="11.4263434" visible="true" />
  <node id="-519" lat="48.7681885" lon="11.4263647" visible="true" />
  <node id="-520" lat="48.7681140" lon="11.4263698" visible="true" />
  <node id="-521" lat="48.7681193" lon="11.4265430" visible="true" />
  <node id="-522" lat="48.7665034" lon="11.4224607" visible="true" />
  <node id="-523" lat="48.7664609" lon="11.4224774" visible="true" />
  <node id="-524" lat="48.7664739" lon="11.4225412" visible="true" />
  <node id="-525" lat="48.7664879" lon="11.4226467" visible="true" />
  <node id="-526" lat="48.7671280" lon="11.4253427" visible="true" />
  <node id="-527" lat="48.7671352" lon="11.4254788" visible="true" />
  <node id="-528" lat="48.7671751" lon="11.4254740" visible="true" />
  <node id="-529" lat="48.7671764" lon="11.4254997" visible="true" />
  <node id="-530" lat="48.7671123" lon="11.4255075" visible="true" />
  <node id="-531" lat="48.7671265" lon="11.4257770" visible="true" />
  <node id="-532" lat="48.7673177" lon="11.4257538" visible="true" />
  <node id="-533" lat="48.7673106" lon="11.4256200" visible="true" />
  <node id="-534" lat="48.7672920" lon="11.4256223" visible="true" />
  <node id="-535" lat="48.7672907" lon="11.4255977" visible="true" />
  <node id="-536" lat="48.7673231" lon="11.4255937" visible="true" />
  <node id="-537" lat="48.7673060" lon="11.4252496" visible="true" />
  <node id="-538" lat="48.7672906" lon="11.4249787" visible="true" />
  <node id="-539" lat="48.7672350" lon="11.4249348" visible="true" />
  <node id="-540" lat="48.7671408" lon="11.4248726" visible="true" />
  <node id="-541" lat="48.7671123" lon="11.4248999" visible="true" />
  <node id="-542" lat="48.7670752" lon="11.4249381" visible="true" />
  <node id="-543" lat="48.7669990" lon="11.4250225" visible="true" />
  <node id="-544" lat="48.7670200" lon="11.4253089" visible="true" />
  <node id="-545" lat="48.7670916" lon="11.4253608" visible="true" />
  <node id="-546" lat="48.7671020" lon="11.4253290" visible="true" />
  <node id="-547" lat="48.7671158" lon="11.4253361" visible="true" />
  <node id="-548" lat="48.7668219" lon="11.4221052" visible="true" />
  <node id="-549" lat="48.7667326" lon="11.4221411" visible="true" />
  <node id="-550" lat="48.7667590" lon="11.4223253" visible="true" />
  <node id="-551" lat="48.7669454" lon="11.4286296" visible="true" />
  <node id="-552" lat="48.7668960" lon="11.4284272" visible="true" />
  <node id="-553" lat="48.7669950" lon="11.4283716" visible="true" />
  <node id="-554" lat="48.7670388" lon="11.4285511" visible="true" />
  <node id="-555" lat="48.7670934" lon="11.4285204" visible="true" />
  <node id="-556" lat="48.7671093" lon="11.4285854" visible="true" />
  <node id="-557" lat="48.7670689" lon="11.4286081" visible="true" />
  <node id="-558" lat="48.7670769" lon="11.4286406" visible="true" />
  <node id="-559" lat="48.7670643" lon="11.4286545" visible="true" />
  <node id="-560" lat="48.7670474" lon="11.4286426" visible="true" />
  <node id="-561" lat="48.7670358" lon="11.4286756" visible="true" />
  <node id="-562" lat="48.7670020" lon="11.4287013" visible="true" />
  <node id="-563" lat="48.7669645" lon="11.4286776" visible="true" />
  <node id="-564" lat="48.7654161" lon="11.4237811" visible="true" />
  <node id="-565" lat="48.7653307" lon="11.4237992" visible="true" />
  <node id="-566" lat="48.7653752" lon="11.4242816" visible="true" />
  <node id="-567" lat="48.7654606" lon="11.4242635" visible="true" />
  <node id="-568" lat="48.7671175" lon="11.4225921" visible="true" />
  <node id="-569" lat="48.7669186" lon="11.4226903" visible="true" />
  <node id="-570" lat="48.7669480" lon="11.4227943" visible="true" />
  <node id="-571" lat="48.7669574" lon="11.4228354" visible="true" />
  <node id="-572" lat="48.7671318" lon="11.4227433" visible="true" />
  <node id="-573" lat="48.7667844" lon="11.4227499" visible="true" />
  <node id="-574" lat="48.7668387" lon="11.4230563" visible="true" />
  <node id="-575" lat="48.7669526" lon="11.4230133" visible="true" />
  <node id="-576" lat="48.7669181" lon="11.4228090" visible="true" />
  <node id="-577" lat="48.7641127" lon="11.4249684" visible="true" />
  <node id="-578" lat="48.7640790" lon="11.4247198" visible="true" />
  <node id="-579" lat="48.7640636" lon="11.4247248" visible="true" />
  <node id="-580" lat="48.7640429" lon="11.4245757" visible="true" />
  <node id="-581" lat="48.7638775" lon="11.4246334" visible="true" />
  <node id="-582" lat="48.7638119" lon="11.4246563" visible="true" />
  <node id="-583" lat="48.7638259" lon="11.4247960" visible="true" />
  <node id="-584" lat="48.7638354" lon="11.4248141" visible="true" />
  <node id="-585" lat="48.7638584" lon="11.4250188" visible="true" />
  <node id="-586" lat="48.7640914" lon="11.4240210" visible="true" />
  <node id="-587" lat="48.7639898" lon="11.4240397" visible="true" />
  <node id="-588" lat="48.7639983" lon="11.4241595" visible="true" />
  <node id="-589" lat="48.7639563" lon="11.4241662" visible="true" />
  <node id="-590" lat="48.7639633" lon="11.4243094" visible="true" />
  <node id="-591" lat="48.7641132" lon="11.4242852" visible="true" />
  <node id="-592" lat="48.7642372" lon="11.4240561" visible="true" />
  <node id="-593" lat="48.7643514" lon="11.4240054" visible="true" />
  <node id="-594" lat="48.7643357" lon="11.4239240" visible="true" />
  <node id="-595" lat="48.7642341" lon="11.4239496" visible="true" />
  <node id="-596" lat="48.7642247" lon="11.4239514" visible="true" />
  <node id="-597" lat="48.7643586" lon="11.4239139" visible="true" />
  <node id="-598" lat="48.7643352" lon="11.4237355" visible="true" />
  <node id="-599" lat="48.7642110" lon="11.4237729" visible="true" />
  <node id="-600" lat="48.7643677" lon="11.4237257" visible="true" />
  <node id="-601" lat="48.7643514" lon="11.4236009" visible="true" />
  <node id="-602" lat="48.7641946" lon="11.4236481" visible="true" />
  <node id="-603" lat="48.7641697" lon="11.4234572" visible="true" />
  <node id="-604" lat="48.7641964" lon="11.4234491" visible="true" />
  <node id="-605" lat="48.7643264" lon="11.4234100" visible="true" />
  <node id="-606" lat="48.7641676" lon="11.4232288" visible="true" />
  <node id="-607" lat="48.7643018" lon="11.4231884" visible="true" />
  <node id="-608" lat="48.7643467" lon="11.4231749" visible="true" />
  <node id="-609" lat="48.7643352" lon="11.4230869" visible="true" />
  <node id="-610" lat="48.7642868" lon="11.4231015" visible="true" />
  <node id="-611" lat="48.7642702" lon="11.4229747" visible="true" />
  <node id="-612" lat="48.7641395" lon="11.4230141" visible="true" />
  <node id="-613" lat="48.7643205" lon="11.4229596" visible="true" />
  <node id="-614" lat="48.7643091" lon="11.4228721" visible="true" />
  <node id="-615" lat="48.7642971" lon="11.4227806" visible="true" />
  <node id="-616" lat="48.7642641" lon="11.4227889" visible="true" />
  <node id="-617" lat="48.7641186" lon="11.4228360" visible="true" />
  <node id="-618" lat="48.7640672" lon="11.4225408" visible="true" />
  <node id="-619" lat="48.7640776" lon="11.4226124" visible="true" />
  <node id="-620" lat="48.7640867" lon="11.4226086" visible="true" />
  <node id="-621" lat="48.7642451" lon="11.4225573" visible="true" />
  <node id="-622" lat="48.7642382" lon="11.4225117" visible="true" />
  <node id="-623" lat="48.7641971" lon="11.4225254" visible="true" />
  <node id="-624" lat="48.7641932" lon="11.4224987" visible="true" />
  <node id="-625" lat="48.7641760" lon="11.4223093" visible="true" />
  <node id="-626" lat="48.7643549" lon="11.4222418" visible="true" />
  <node id="-627" lat="48.7643344" lon="11.4221290" visible="true" />
  <node id="-628" lat="48.7641890" lon="11.4221699" visible="true" />
  <node id="-629" lat="48.7641725" lon="11.4221516" visible="true" />
  <node id="-630" lat="48.7641604" lon="11.4220567" visible="true" />
  <node id="-631" lat="48.7640287" lon="11.4220800" visible="true" />
  <node id="-632" lat="48.7640163" lon="11.4220831" visible="true" />
  <node id="-633" lat="48.7640369" lon="11.4223200" visible="true" />
  <node id="-634" lat="48.7640394" lon="11.4223491" visible="true" />
  <node id="-635" lat="48.7641815" lon="11.4233357" visible="true" />
  <node id="-636" lat="48.7643362" lon="11.4232891" visible="true" />
  <node id="-637" lat="48.7643510" lon="11.4234026" visible="true" />
  <node id="-638" lat="48.7643065" lon="11.4232238" visible="true" />
  <node id="-639" lat="48.7643583" lon="11.4232082" visible="true" />
  <node id="-640" lat="48.7643676" lon="11.4232797" visible="true" />
  <node id="-641" lat="48.7642823" lon="11.4224530" visible="true" />
  <node id="-642" lat="48.7642913" lon="11.4224484" visible="true" />
  <node id="-643" lat="48.7642884" lon="11.4224234" visible="true" />
  <node id="-644" lat="48.7642742" lon="11.4223367" visible="true" />
  <node id="-645" lat="48.7641859" lon="11.4223700" visible="true" />
  <node id="-646" lat="48.7642709" lon="11.4243438" visible="true" />
  <node id="-647" lat="48.7642684" lon="11.4243282" visible="true" />
  <node id="-648" lat="48.7641863" lon="11.4243589" visible="true" />
  <node id="-649" lat="48.7642398" lon="11.4246895" visible="true" />
  <node id="-650" lat="48.7643818" lon="11.4246365" visible="true" />
  <node id="-651" lat="48.7644105" lon="11.4246258" visible="true" />
  <node id="-652" lat="48.7643901" lon="11.4244998" visible="true" />
  <node id="-653" lat="48.7643774" lon="11.4244217" visible="true" />
  <node id="-654" lat="48.7643510" lon="11.4244315" visible="true" />
  <node id="-655" lat="48.7642889" lon="11.4244547" visible="true" />
  <node id="-656" lat="48.7643330" lon="11.4243206" visible="true" />
  <node id="-657" lat="48.7645208" lon="11.4242447" visible="true" />
  <node id="-658" lat="48.7645563" lon="11.4244366" visible="true" />
  <node id="-659" lat="48.7645616" lon="11.4244655" visible="true" />
  <node id="-660" lat="48.7646743" lon="11.4244167" visible="true" />
  <node id="-661" lat="48.7646985" lon="11.4245613" visible="true" />
  <node id="-662" lat="48.7648372" lon="11.4245191" visible="true" />
  <node id="-663" lat="48.7647666" lon="11.4241400" visible="true" />
  <node id="-664" lat="48.7648753" lon="11.4248201" visible="true" />
  <node id="-665" lat="48.7648775" lon="11.4248389" visible="true" />
  <node id="-666" lat="48.7648965" lon="11.4249988" visible="true" />
  <node id="-667" lat="48.7648088" lon="11.4250289" visible="true" />
  <node id="-668" lat="48.7647150" lon="11.4250558" visible="true" />
  <node id="-669" lat="48.7646986" lon="11.4249208" visible="true" />
  <node id="-670" lat="48.7646955" lon="11.4249027" visible="true" />
  <node id="-671" lat="48.7646913" lon="11.4248782" visible="true" />
  <node id="-672" lat="48.7647488" lon="11.4248585" visible="true" />
  <node id="-673" lat="48.7644434" lon="11.4244804" visible="true" />
  <node id="-674" lat="48.7644785" lon="11.4244661" visible="true" />
  <node id="-675" lat="48.7644961" lon="11.4245657" visible="true" />
  <node id="-676" lat="48.7645729" lon="11.4245345" visible="true" />
  <node id="-677" lat="48.7644099" lon="11.4242908" visible="true" />
  <node id="-678" lat="48.7644018" lon="11.4248048" visible="true" />
  <node id="-679" lat="48.7642589" lon="11.4248490" visible="true" />
  <node id="-680" lat="48.7644706" lon="11.4247835" visible="true" />
  <node id="-681" lat="48.7645690" lon="11.4247456" visible="true" />
  <node id="-682" lat="48.7646640" lon="11.4247180" visible="true" />
  <node id="-683" lat="48.7644602" lon="11.4249893" visible="true" />
  <node id="-684" lat="48.7642813" lon="11.4250329" visible="true" />
  <node id="-685" lat="48.7642792" lon="11.4250155" visible="true" />
  <node id="-686" lat="48.7645440" lon="11.4245752" visible="true" />
  <node id="-687" lat="48.7638603" lon="11.4241111" visible="true" />
  <node id="-688" lat="48.7638705" lon="11.4243198" visible="true" />
  <node id="-689" lat="48.7639531" lon="11.4241007" visible="true" />
  <node id="-690" lat="48.7649163" lon="11.4252102" visible="true" />
  <node id="-691" lat="48.7648259" lon="11.4252167" visible="true" />
  <node id="-692" lat="48.7644722" lon="11.4251769" visible="true" />
  <node id="-693" lat="48.7643014" lon="11.4252198" visible="true" />
  <node id="-694" lat="48.7644743" lon="11.4252313" visible="true" />
  <node id="-695" lat="48.7644758" lon="11.4252717" visible="true" />
  <node id="-696" lat="48.7647129" lon="11.4252160" visible="true" />
  <node id="-697" lat="48.7647233" lon="11.4253336" visible="true" />
  <node id="-698" lat="48.7645902" lon="11.4253469" visible="true" />
  <node id="-699" lat="48.7642781" lon="11.4254076" visible="true" />
  <node id="-700" lat="48.7642702" lon="11.4252848" visible="true" />
  <node id="-701" lat="48.7642663" lon="11.4252250" visible="true" />
  <node id="-702" lat="48.7641738" lon="11.4263176" visible="true" />
  <node id="-703" lat="48.7641662" lon="11.4262143" visible="true" />
  <node id="-704" lat="48.7640374" lon="11.4262250" visible="true" />
  <node id="-705" lat="48.7640469" lon="11.4263383" visible="true" />
  <node id="-706" lat="48.7648848" lon="11.4260825" visible="true" />
  <node id="-707" lat="48.7648777" lon="11.4259388" visible="true" />
  <node id="-708" lat="48.7647452" lon="11.4259625" visible="true" />
  <node id="-709" lat="48.7647572" lon="11.4261040" visible="true" />
  <node id="-710" lat="48.7645836" lon="11.4262888" visible="true" />
  <node id="-711" lat="48.7645950" lon="11.4264191" visible="true" />
  <node id="-712" lat="48.7643675" lon="11.4264648" visible="true" />
  <node id="-713" lat="48.7643550" lon="11.4263336" visible="true" />
  <node id="-714" lat="48.7647172" lon="11.4262626" visible="true" />
  <node id="-715" lat="48.7647197" lon="11.4265025" visible="true" />
  <node id="-716" lat="48.7646973" lon="11.4265058" visible="true" />
  <node id="-717" lat="48.7647009" lon="11.4266103" visible="true" />
  <node id="-718" lat="48.7643901" lon="11.4266585" visible="true" />
  <node id="-719" lat="48.7642203" lon="11.4265587" visible="true" />
  <node id="-720" lat="48.7641985" lon="11.4264584" visible="true" />
  <node id="-721" lat="48.7640773" lon="11.4264778" visible="true" />
  <node id="-722" lat="48.7640905" lon="11.4266035" visible="true" />
  <node id="-723" lat="48.7642416" lon="11.4266963" visible="true" />
  <node id="-724" lat="48.7641202" lon="11.4267321" visible="true" />
  <node id="-725" lat="48.7644847" lon="11.4256047" visible="true" />
  <node id="-726" lat="48.7644924" lon="11.4257412" visible="true" />
  <node id="-727" lat="48.7643084" lon="11.4257683" visible="true" />
  <node id="-728" lat="48.7642998" lon="11.4256290" visible="true" />
  <node id="-729" lat="48.7645975" lon="11.4254459" visible="true" />
  <node id="-730" lat="48.7644919" lon="11.4254537" visible="true" />
  <node id="-731" lat="48.7644986" lon="11.4255793" visible="true" />
  <node id="-732" lat="48.7642975" lon="11.4256038" visible="true" />
  <node id="-733" lat="48.7644153" lon="11.4258110" visible="true" />
  <node id="-734" lat="48.7644187" lon="11.4258580" visible="true" />
  <node id="-735" lat="48.7645012" lon="11.4258443" visible="true" />
  <node id="-736" lat="48.7645046" lon="11.4259148" visible="true" />
  <node id="-737" lat="48.7645079" lon="11.4259586" visible="true" />
  <node id="-738" lat="48.7643234" lon="11.4259895" visible="true" />
  <node id="-739" lat="48.7643178" lon="11.4259140" visible="true" />
  <node id="-740" lat="48.7643117" lon="11.4258284" visible="true" />
  <node id="-741" lat="48.7654030" lon="11.4257587" visible="true" />
  <node id="-742" lat="48.7653972" lon="11.4256743" visible="true" />
  <node id="-743" lat="48.7652461" lon="11.4256934" visible="true" />
  <node id="-744" lat="48.7652367" lon="11.4256946" visible="true" />
  <node id="-745" lat="48.7652456" lon="11.4257753" visible="true" />
  <node id="-746" lat="48.7649241" lon="11.4254290" visible="true" />
  <node id="-747" lat="48.7648225" lon="11.4254318" visible="true" />
  <node id="-748" lat="48.7648157" lon="11.4252174" visible="true" />
  <node id="-749" lat="48.7649214" lon="11.4255589" visible="true" />
  <node id="-750" lat="48.7648239" lon="11.4255500" visible="true" />
  <node id="-751" lat="48.7649110" lon="11.4257875" visible="true" />
  <node id="-752" lat="48.7648327" lon="11.4257772" visible="true" />
  <node id="-753" lat="48.7649074" lon="11.4258588" visible="true" />
  <node id="-754" lat="48.7648058" lon="11.4258848" visible="true" />
  <node id="-755" lat="48.7647991" lon="11.4257740" visible="true" />
  <node id="-756" lat="48.7657481" lon="11.4279287" visible="true" />
  <node id="-757" lat="48.7656483" lon="11.4279475" visible="true" />
  <node id="-758" lat="48.7657278" lon="11.4289181" visible="true" />
  <node id="-759" lat="48.7658276" lon="11.4288993" visible="true" />
  <node id="-760" lat="48.7658151" lon="11.4287465" visible="true" />
  <node id="-761" lat="48.7657907" lon="11.4284484" visible="true" />
  <node id="-762" lat="48.7654063" lon="11.4258428" visible="true" />
  <node id="-763" lat="48.7652592" lon="11.4258545" visible="true" />
  <node id="-764" lat="48.7652437" lon="11.4259685" visible="true" />
  <node id="-765" lat="48.7652558" lon="11.4259690" visible="true" />
  <node id="-766" lat="48.7653006" lon="11.4260193" visible="true" />
  <node id="-767" lat="48.7653009" lon="11.4260342" visible="true" />
  <node id="-768" lat="48.7652313" lon="11.4260426" visible="true" />
  <node id="-769" lat="48.7652124" lon="11.4260534" visible="true" />
  <node id="-770" lat="48.7652510" lon="11.4261100" visible="true" />
  <node id="-771" lat="48.7654139" lon="11.4260979" visible="true" />
  <node id="-772" lat="48.7651575" lon="11.4258548" visible="true" />
  <node id="-773" lat="48.7651668" lon="11.4260535" visible="true" />
  <node id="-774" lat="48.7651699" lon="11.4261079" visible="true" />
  <node id="-775" lat="48.7651369" lon="11.4260983" visible="true" />
  <node id="-776" lat="48.7649898" lon="11.4261194" visible="true" />
  <node id="-777" lat="48.7649852" lon="11.4258816" visible="true" />
  <node id="-778" lat="48.7651100" lon="11.4258030" visible="true" />
  <node id="-779" lat="48.7651075" lon="11.4257134" visible="true" />
  <node id="-780" lat="48.7651074" lon="11.4256994" visible="true" />
  <node id="-781" lat="48.7649958" lon="11.4257031" visible="true" />
  <node id="-782" lat="48.7649951" lon="11.4258121" visible="true" />
  <node id="-783" lat="48.7656971" lon="11.4264278" visible="true" />
  <node id="-784" lat="48.7655373" lon="11.4264710" visible="true" />
  <node id="-785" lat="48.7655444" lon="11.4266529" visible="true" />
  <node id="-786" lat="48.7657260" lon="11.4266016" visible="true" />
  <node id="-787" lat="48.7657379" lon="11.4266521" visible="true" />
  <node id="-788" lat="48.7657743" lon="11.4266392" visible="true" />
  <node id="-789" lat="48.7657564" lon="11.4265493" visible="true" />
  <node id="-790" lat="48.7657375" lon="11.4264201" visible="true" />
  <node id="-791" lat="48.7635772" lon="11.4278358" visible="true" />
  <node id="-792" lat="48.7635515" lon="11.4277290" visible="true" />
  <node id="-793" lat="48.7636397" lon="11.4276750" visible="true" />
  <node id="-794" lat="48.7636524" lon="11.4277335" visible="true" />
  <node id="-795" lat="48.7637063" lon="11.4277047" visible="true" />
  <node id="-796" lat="48.7637504" lon="11.4279117" visible="true" />
  <node id="-797" lat="48.7636208" lon="11.4279835" visible="true" />
  <node id="-798" lat="48.7636004" lon="11.4279023" visible="true" />
  <node id="-799" lat="48.7635874" lon="11.4278447" visible="true" />
  <node id="-800" lat="48.7646673" lon="11.4284135" visible="true" />
  <node id="-801" lat="48.7646932" lon="11.4285607" visible="true" />
  <node id="-802" lat="48.7647325" lon="11.4287708" visible="true" />
  <node id="-803" lat="48.7647465" lon="11.4288417" visible="true" />
  <node id="-804" lat="48.7648221" lon="11.4288184" visible="true" />
  <node id="-805" lat="48.7650197" lon="11.4287838" visible="true" />
  <node id="-806" lat="48.7650059" lon="11.4285420" visible="true" />
  <node id="-807" lat="48.7650481" lon="11.4285329" visible="true" />
  <node id="-808" lat="48.7650642" lon="11.4285040" visible="true" />
  <node id="-809" lat="48.7650606" lon="11.4284221" visible="true" />
  <node id="-810" lat="48.7651600" lon="11.4283675" visible="true" />
  <node id="-811" lat="48.7651254" lon="11.4281928" visible="true" />
  <node id="-812" lat="48.7655084" lon="11.4280186" visible="true" />
  <node id="-813" lat="48.7654106" lon="11.4280362" visible="true" />
  <node id="-814" lat="48.7654520" lon="11.4285650" visible="true" />
  <node id="-815" lat="48.7650829" lon="11.4286317" visible="true" />
  <node id="-816" lat="48.7650951" lon="11.4287875" visible="true" />
  <node id="-817" lat="48.7651940" lon="11.4287697" visible="true" />
  <node id="-818" lat="48.7653590" lon="11.4287399" visible="true" />
  <node id="-819" lat="48.7654643" lon="11.4287209" visible="true" />
  <node id="-820" lat="48.7654676" lon="11.4287639" visible="true" />
  <node id="-821" lat="48.7655655" lon="11.4287462" visible="true" />
  <node id="-822" lat="48.7655522" lon="11.4285775" visible="true" />
  <node id="-823" lat="48.7655370" lon="11.4283939" visible="true" />
  <node id="-824" lat="48.7655185" lon="11.4281471" visible="true" />
  <node id="-825" lat="48.7645760" lon="11.4278800" visible="true" />
  <node id="-826" lat="48.7646219" lon="11.4281484" visible="true" />
  <node id="-827" lat="48.7652727" lon="11.4283179" visible="true" />
  <node id="-828" lat="48.7652592" lon="11.4280813" visible="true" />
  <node id="-829" lat="48.7652451" lon="11.4280170" visible="true" />
  <node id="-830" lat="48.7651839" lon="11.4280463" visible="true" />
  <node id="-831" lat="48.7651076" lon="11.4276616" visible="true" />
  <node id="-832" lat="48.7647793" lon="11.4277975" visible="true" />
  <node id="-833" lat="48.7654990" lon="11.4279561" visible="true" />
  <node id="-834" lat="48.7654229" lon="11.4274940" visible="true" />
  <node id="-835" lat="48.7652924" lon="11.4275368" visible="true" />
  <node id="-836" lat="48.7652245" lon="11.4276042" visible="true" />
  <node id="-837" lat="48.7653218" lon="11.4279694" visible="true" />
  <node id="-838" lat="48.7654044" lon="11.4279415" visible="true" />
  <node id="-839" lat="48.7654133" lon="11.4279869" visible="true" />
  <node id="-840" lat="48.7650501" lon="11.4312376" visible="true" />
  <node id="-841" lat="48.7649936" lon="11.4312655" visible="true" />
  <node id="-842" lat="48.7649258" lon="11.4309322" visible="true" />
  <node id="-843" lat="48.7650647" lon="11.4308487" visible="true" />
  <node id="-844" lat="48.7652060" lon="11.4307689" visible="true" />
  <node id="-845" lat="48.7652085" lon="11.4307799" visible="true" />
  <node id="-846" lat="48.7652278" lon="11.4308671" visible="true" />
  <node id="-847" lat="48.7652996" lon="11.4308287" visible="true" />
  <node id="-848" lat="48.7653559" lon="11.4310393" visible="true" />
  <node id="-849" lat="48.7651789" lon="11.4311518" visible="true" />
  <node id="-850" lat="48.7651490" lon="11.4310112" visible="true" />
  <node id="-851" lat="48.7650736" lon="11.4310527" visible="true" />
  <node id="-852" lat="48.7651040" lon="11.4312076" visible="true" />
  <node id="-853" lat="48.7651001" lon="11.4312382" visible="true" />
  <node id="-854" lat="48.7650886" lon="11.4312545" visible="true" />
  <node id="-855" lat="48.7650722" lon="11.4312581" visible="true" />
  <node id="-856" lat="48.7650609" lon="11.4312512" visible="true" />
  <node id="-857" lat="48.7649356" lon="11.4301967" visible="true" />
  <node id="-858" lat="48.7649354" lon="11.4300597" visible="true" />
  <node id="-859" lat="48.7649176" lon="11.4300882" visible="true" />
  <node id="-860" lat="48.7682513" lon="11.4274193" visible="true" />
  <node id="-861" lat="48.7682255" lon="11.4275410" visible="true" />
  <node id="-862" lat="48.7679756" lon="11.4274203" visible="true" />
  <node id="-863" lat="48.7680090" lon="11.4273005" visible="true" />
  <node id="-864" lat="48.7680142" lon="11.4263541" visible="true" />
  <node id="-865" lat="48.7680124" lon="11.4265679" visible="true" />
  <node id="-866" lat="48.7680931" lon="11.4265587" visible="true" />
  <node id="-867" lat="48.7680915" lon="11.4263552" visible="true" />
  <node id="-868" lat="48.7654808" lon="11.4225890" visible="true" />
  <node id="-869" lat="48.7651192" lon="11.4224761" visible="true" />
  <node id="-870" lat="48.7651618" lon="11.4227787" visible="true" />
  <node id="-871" lat="48.7652587" lon="11.4227473" visible="true" />
  <node id="-872" lat="48.7658589" lon="11.4230547" visible="true" />
  <node id="-873" lat="48.7659420" lon="11.4230112" visible="true" />
  <node id="-874" lat="48.7658781" lon="11.4226173" visible="true" />
  <node id="-875" lat="48.7657839" lon="11.4226606" visible="true" />
  <node id="-876" lat="48.7653712" lon="11.4233830" visible="true" />
  <node id="-877" lat="48.7653214" lon="11.4231493" visible="true" />
  <node id="-878" lat="48.7652353" lon="11.4231939" visible="true" />
  <node id="-879" lat="48.7652786" lon="11.4234408" visible="true" />
  <node id="-880" lat="48.7680860" lon="11.4268754" visible="true" />
  <node id="-881" lat="48.7683311" lon="11.4269853" visible="true" />
  <node id="-882" lat="48.7683536" lon="11.4268701" visible="true" />
  <node id="-883" lat="48.7680894" lon="11.4267519" visible="true" />
  <node id="-884" lat="48.7680874" lon="11.4268151" visible="true" />
  <node id="-885" lat="48.7652058" lon="11.4230669" visible="true" />
  <node id="-886" lat="48.7651978" lon="11.4230209" visible="true" />
  <node id="-887" lat="48.7650965" lon="11.4223210" visible="true" />
  <node id="-888" lat="48.7650828" lon="11.4221846" visible="true" />
  <node id="-889" lat="48.7652032" lon="11.4221568" visible="true" />
  <node id="-890" lat="48.7652169" lon="11.4222932" visible="true" />
  <node id="-891" lat="48.7650850" lon="11.4228843" visible="true" />
  <node id="-892" lat="48.7651069" lon="11.4230563" visible="true" />
  <node id="-893" lat="48.7649983" lon="11.4230991" visible="true" />
  <node id="-894" lat="48.7649847" lon="11.4231046" visible="true" />
  <node id="-895" lat="48.7649753" lon="11.4230503" visible="true" />
  <node id="-896" lat="48.7649607" lon="11.4230561" visible="true" />
  <node id="-897" lat="48.7649405" lon="11.4229369" visible="true" />
  <node id="-898" lat="48.7649712" lon="11.4229258" visible="true" />
  <node id="-899" lat="48.7650022" lon="11.4221401" visible="true" />
  <node id="-900" lat="48.7650139" lon="11.4222256" visible="true" />
  <node id="-901" lat="48.7650333" lon="11.4223711" visible="true" />
  <node id="-902" lat="48.7648995" lon="11.4224108" visible="true" />
  <node id="-903" lat="48.7648875" lon="11.4223176" visible="true" />
  <node id="-904" lat="48.7649370" lon="11.4223029" visible="true" />
  <node id="-905" lat="48.7649269" lon="11.4222249" visible="true" />
  <node id="-906" lat="48.7648457" lon="11.4222490" visible="true" />
  <node id="-907" lat="48.7648383" lon="11.4221841" visible="true" />
  <node id="-908" lat="48.7648485" lon="11.4221805" visible="true" />
  <node id="-909" lat="48.7650474" lon="11.4224868" visible="true" />
  <node id="-910" lat="48.7649163" lon="11.4225246" visible="true" />
  <node id="-911" lat="48.7650738" lon="11.4226956" visible="true" />
  <node id="-912" lat="48.7649592" lon="11.4227299" visible="true" />
  <node id="-913" lat="48.7649531" lon="11.4226830" visible="true" />
  <node id="-914" lat="48.7649353" lon="11.4226883" visible="true" />
  <node id="-915" lat="48.7649305" lon="11.4226515" visible="true" />
  <node id="-916" lat="48.7649450" lon="11.4226472" visible="true" />
  <node id="-917" lat="48.7649404" lon="11.4226115" visible="true" />
  <node id="-918" lat="48.7649290" lon="11.4226149" visible="true" />
  <node id="-919" lat="48.7649609" lon="11.4228666" visible="true" />
  <node id="-920" lat="48.7649720" lon="11.4228629" visible="true" />
  <node id="-921" lat="48.7649510" lon="11.4227560" visible="true" />
  <node id="-922" lat="48.7651351" lon="11.4232211" visible="true" />
  <node id="-923" lat="48.7651512" lon="11.4233329" visible="true" />
  <node id="-924" lat="48.7650438" lon="11.4233829" visible="true" />
  <node id="-925" lat="48.7650252" lon="11.4233929" visible="true" />
  <node id="-926" lat="48.7650167" lon="11.4233412" visible="true" />
  <node id="-927" lat="48.7650365" lon="11.4233342" visible="true" />
  <node id="-928" lat="48.7650226" lon="11.4232696" visible="true" />
  <node id="-929" lat="48.7651920" lon="11.4235111" visible="true" />
  <node id="-930" lat="48.7652231" lon="11.4236649" visible="true" />
  <node id="-931" lat="48.7651134" lon="11.4237085" visible="true" />
  <node id="-932" lat="48.7650805" lon="11.4235564" visible="true" />
  <node id="-933" lat="48.7651597" lon="11.4233701" visible="true" />
  <node id="-934" lat="48.7650693" lon="11.4235071" visible="true" />
  <node id="-935" lat="48.7650528" lon="11.4234264" visible="true" />
  <node id="-936" lat="48.7647985" lon="11.4230978" visible="true" />
  <node id="-937" lat="48.7647811" lon="11.4229253" visible="true" />
  <node id="-938" lat="48.7648943" lon="11.4228999" visible="true" />
  <node id="-939" lat="48.7649210" lon="11.4228923" visible="true" />
  <node id="-940" lat="48.7649308" lon="11.4229855" visible="true" />
  <node id="-941" lat="48.7649021" lon="11.4229925" visible="true" />
  <node id="-942" lat="48.7649104" lon="11.4230705" visible="true" />
  <node id="-943" lat="48.7647647" lon="11.4227565" visible="true" />
  <node id="-944" lat="48.7648779" lon="11.4227312" visible="true" />
  <node id="-945" lat="48.7647557" lon="11.4225924" visible="true" />
  <node id="-946" lat="48.7647417" lon="11.4224757" visible="true" />
  <node id="-947" lat="48.7648585" lon="11.4224479" visible="true" />
  <node id="-948" lat="48.7648708" lon="11.4225594" visible="true" />
  <node id="-949" lat="48.7647220" lon="11.4222993" visible="true" />
  <node id="-950" lat="48.7648403" lon="11.4222712" visible="true" />
  <node id="-951" lat="48.7647137" lon="11.4222196" visible="true" />
  <node id="-952" lat="48.7648195" lon="11.4221946" visible="true" />
  <node id="-953" lat="48.7648321" lon="11.4221916" visible="true" />
  <node id="-954" lat="48.7648070" lon="11.4232564" visible="true" />
  <node id="-955" lat="48.7649208" lon="11.4232329" visible="true" />
  <node id="-956" lat="48.7648155" lon="11.4234210" visible="true" />
  <node id="-957" lat="48.7649419" lon="11.4233816" visible="true" />
  <node id="-958" lat="48.7642670" lon="11.4242104" visible="true" />
  <node id="-959" lat="48.7644987" lon="11.4241076" visible="true" />
  <node id="-960" lat="48.7644724" lon="11.4239715" visible="true" />
  <node id="-961" lat="48.7644532" lon="11.4238719" visible="true" />
  <node id="-962" lat="48.7649771" lon="11.4234066" visible="true" />
  <node id="-963" lat="48.7648326" lon="11.4238065" visible="true" />
  <node id="-964" lat="48.7648221" lon="11.4235991" visible="true" />
  <node id="-965" lat="48.7646589" lon="11.4239234" visible="true" />
  <node id="-966" lat="48.7647822" lon="11.4238576" visible="true" />
  <node id="-967" lat="48.7647568" lon="11.4235918" visible="true" />
  <node id="-968" lat="48.7646489" lon="11.4236179" visible="true" />
  <node id="-969" lat="48.7646170" lon="11.4236256" visible="true" />
  <node id="-970" lat="48.7646388" lon="11.4238225" visible="true" />
  <node id="-971" lat="48.7645589" lon="11.4240514" visible="true" />
  <node id="-972" lat="48.7646739" lon="11.4239986" visible="true" />
  <node id="-973" lat="48.7645238" lon="11.4238752" visible="true" />
  <node id="-974" lat="48.7645373" lon="11.4239427" visible="true" />
  <node id="-975" lat="48.7645636" lon="11.4240787" visible="true" />
  <node id="-976" lat="48.7659934" lon="11.4226663" visible="true" />
  <node id="-977" lat="48.7659732" lon="11.4225649" visible="true" />
  <node id="-978" lat="48.7660697" lon="11.4225092" visible="true" />
  <node id="-979" lat="48.7660622" lon="11.4224559" visible="true" />
  <node id="-980" lat="48.7659509" lon="11.4224959" visible="true" />
  <node id="-981" lat="48.7659345" lon="11.4223640" visible="true" />
  <node id="-982" lat="48.7659909" lon="11.4223434" visible="true" />
  <node id="-983" lat="48.7660085" lon="11.4223371" visible="true" />
  <node id="-984" lat="48.7660435" lon="11.4223245" visible="true" />
  <node id="-985" lat="48.7661103" lon="11.4223005" visible="true" />
  <node id="-986" lat="48.7661738" lon="11.4225268" visible="true" />
  <node id="-987" lat="48.7661072" lon="11.4225899" visible="true" />
  <node id="-988" lat="48.7660596" lon="11.4226216" visible="true" />
  <node id="-989" lat="48.7659225" lon="11.4222673" visible="true" />
  <node id="-990" lat="48.7659166" lon="11.4221744" visible="true" />
  <node id="-991" lat="48.7660576" lon="11.4221400" visible="true" />
  <node id="-992" lat="48.7661041" lon="11.4221266" visible="true" />
  <node id="-993" lat="48.7661184" lon="11.4221316" visible="true" />
  <node id="-994" lat="48.7661489" lon="11.4222795" visible="true" />
  <node id="-995" lat="48.7659945" lon="11.4222472" visible="true" />
  <node id="-996" lat="48.7660715" lon="11.4226672" visible="true" />
  <node id="-997" lat="48.7660815" lon="11.4226625" visible="true" />
  <node id="-998" lat="48.7660969" lon="11.4227130" visible="true" />
  <node id="-999" lat="48.7661970" lon="11.4232364" visible="true" />
  <node id="-1000" lat="48.7663314" lon="11.4231557" visible="true" />
  <node id="-1001" lat="48.7664679" lon="11.4230583" visible="true" />
  <node id="-1002" lat="48.7665262" lon="11.4232497" visible="true" />
  <node id="-1003" lat="48.7665465" lon="11.4233191" visible="true" />
  <node id="-1004" lat="48.7665580" lon="11.4233599" visible="true" />
  <node id="-1005" lat="48.7665185" lon="11.4233872" visible="true" />
  <node id="-1006" lat="48.7664837" lon="11.4232742" visible="true" />
  <node id="-1007" lat="48.7664572" lon="11.4232921" visible="true" />
  <node id="-1008" lat="48.7664935" lon="11.4234113" visible="true" />
  <node id="-1009" lat="48.7663001" lon="11.4235480" visible="true" />
  <node id="-1010" lat="48.7662800" lon="11.4234697" visible="true" />
  <node id="-1011" lat="48.7662686" lon="11.4234769" visible="true" />
  <node id="-1012" lat="48.7662647" lon="11.4239055" visible="true" />
  <node id="-1013" lat="48.7662405" lon="11.4237837" visible="true" />
  <node id="-1014" lat="48.7659488" lon="11.4239169" visible="true" />
  <node id="-1015" lat="48.7659089" lon="11.4237159" visible="true" />
  <node id="-1016" lat="48.7658080" lon="11.4237619" visible="true" />
  <node id="-1017" lat="48.7658443" lon="11.4239451" visible="true" />
  <node id="-1018" lat="48.7658720" lon="11.4240848" visible="true" />
  <node id="-1019" lat="48.7659105" lon="11.4240672" visible="true" />
  <node id="-1020" lat="48.7659554" lon="11.4240468" visible="true" />
  <node id="-1021" lat="48.7662290" lon="11.4237243" visible="true" />
  <node id="-1022" lat="48.7662930" lon="11.4236792" visible="true" />
  <node id="-1023" lat="48.7663452" lon="11.4238651" visible="true" />
  <node id="-1024" lat="48.7725944" lon="11.4267078" visible="true" />
  <node id="-1025" lat="48.7726809" lon="11.4267570" visible="true" />
  <node id="-1026" lat="48.7726467" lon="11.4268950" visible="true" />
  <node id="-1027" lat="48.7725603" lon="11.4268458" visible="true" />
  <node id="-1028" lat="48.7723339" lon="11.4286101" visible="true" />
  <node id="-1029" lat="48.7724347" lon="11.4286177" visible="true" />
  <node id="-1030" lat="48.7724291" lon="11.4287902" visible="true" />
  <node id="-1031" lat="48.7723283" lon="11.4287826" visible="true" />
  <node id="-1032" lat="48.7719927" lon="11.4334343" visible="true" />
  <node id="-1033" lat="48.7718332" lon="11.4335895" visible="true" />
  <node id="-1034" lat="48.7717799" lon="11.4334634" visible="true" />
  <node id="-1035" lat="48.7719394" lon="11.4333082" visible="true" />
  <node id="-1036" lat="48.7718737" lon="11.4325719" visible="true" />
  <node id="-1037" lat="48.7719180" lon="11.4326772" visible="true" />
  <node id="-1038" lat="48.7718049" lon="11.4327868" visible="true" />
  <node id="-1039" lat="48.7717829" lon="11.4328082" visible="true" />
  <node id="-1040" lat="48.7717385" lon="11.4327029" visible="true" />
  <node id="-1041" lat="48.7718549" lon="11.4329055" visible="true" />
  <node id="-1042" lat="48.7718035" lon="11.4329553" visible="true" />
  <node id="-1043" lat="48.7717536" lon="11.4328366" visible="true" />
  <node id="-1044" lat="48.7695252" lon="11.4296892" visible="true" />
  <node id="-1045" lat="48.7696223" lon="11.4297767" visible="true" />
  <node id="-1046" lat="48.7695936" lon="11.4298501" visible="true" />
  <node id="-1047" lat="48.7694965" lon="11.4297626" visible="true" />
  <node id="-1048" lat="48.7695181" lon="11.4299395" visible="true" />
  <node id="-1049" lat="48.7694849" lon="11.4300221" visible="true" />
  <node id="-1050" lat="48.7693555" lon="11.4299021" visible="true" />
  <node id="-1051" lat="48.7693887" lon="11.4298195" visible="true" />
  <node id="-1052" lat="48.7684170" lon="11.4330085" visible="true" />
  <node id="-1053" lat="48.7687911" lon="11.4327651" visible="true" />
  <node id="-1054" lat="48.7687160" lon="11.4324997" visible="true" />
  <node id="-1055" lat="48.7684009" lon="11.4327047" visible="true" />
  <node id="-1056" lat="48.7683487" lon="11.4328957" visible="true" />
  <node id="-1057" lat="48.7684033" lon="11.4329480" visible="true" />
  <node id="-1058" lat="48.7672667" lon="11.4240483" visible="true" />
  <node id="-1059" lat="48.7671449" lon="11.4240181" visible="true" />
  <node id="-1060" lat="48.7671385" lon="11.4238913" visible="true" />
  <node id="-1061" lat="48.7671356" lon="11.4236681" visible="true" />
  <node id="-1062" lat="48.7671306" lon="11.4235461" visible="true" />
  <node id="-1063" lat="48.7672419" lon="11.4235789" visible="true" />
  <node id="-1064" lat="48.7657534" lon="11.4257941" visible="true" />
  <node id="-1065" lat="48.7657738" lon="11.4259141" visible="true" />
  <node id="-1066" lat="48.7657835" lon="11.4259766" visible="true" />
  <node id="-1067" lat="48.7657458" lon="11.4259914" visible="true" />
  <node id="-1068" lat="48.7656928" lon="11.4260047" visible="true" />
  <node id="-1069" lat="48.7656882" lon="11.4259755" visible="true" />
  <node id="-1070" lat="48.7656640" lon="11.4258074" visible="true" />
  <node id="-1071" lat="48.7677373" lon="11.4246810" visible="true" />
  <node id="-1072" lat="48.7676779" lon="11.4246874" visible="true" />
  <node id="-1073" lat="48.7676774" lon="11.4246764" visible="true" />
  <node id="-1074" lat="48.7676605" lon="11.4243154" visible="true" />
  <node id="-1075" lat="48.7677199" lon="11.4243090" visible="true" />
  <node id="-1076" lat="48.7677671" lon="11.4252241" visible="true" />
  <node id="-1077" lat="48.7677104" lon="11.4252305" visible="true" />
  <node id="-1078" lat="48.7677094" lon="11.4252105" visible="true" />
  <node id="-1079" lat="48.7676928" lon="11.4248717" visible="true" />
  <node id="-1080" lat="48.7676921" lon="11.4248567" visible="true" />
  <node id="-1081" lat="48.7677487" lon="11.4248503" visible="true" />
  <node id="-1082" lat="48.7668378" lon="11.4267164" visible="true" />
  <node id="-1083" lat="48.7668371" lon="11.4268998" visible="true" />
  <node id="-1084" lat="48.7667932" lon="11.4269077" visible="true" />
  <node id="-1085" lat="48.7667937" lon="11.4267206" visible="true" />
  <node id="-1086" lat="48.7678777" lon="11.4293452" visible="true" />
  <node id="-1087" lat="48.7680001" lon="11.4295502" visible="true" />
  <node id="-1088" lat="48.7678948" lon="11.4296949" visible="true" />
  <node id="-1089" lat="48.7677724" lon="11.4294899" visible="true" />
  <node id="-1090" lat="48.7670474" lon="11.4269866" visible="true" />
  <node id="-1091" lat="48.7670379" lon="11.4268639" visible="true" />
  <node id="-1092" lat="48.7665965" lon="11.4269429" visible="true" />
  <node id="-1093" lat="48.7666060" lon="11.4270656" visible="true" />
  <node id="-1094" lat="48.7681237" lon="11.4290453" visible="true" />
  <node id="-1095" lat="48.7682436" lon="11.4292537" visible="true" />
  <node id="-1096" lat="48.7681365" lon="11.4293954" visible="true" />
  <node id="-1097" lat="48.7680166" lon="11.4291870" visible="true" />
  <node id="-1098" lat="48.7662645" lon="11.4306997" visible="true" />
  <node id="-1099" lat="48.7661706" lon="11.4307826" visible="true" />
  <node id="-1100" lat="48.7661172" lon="11.4306433" visible="true" />
  <node id="-1101" lat="48.7662110" lon="11.4305604" visible="true" />
  <node id="-1102" lat="48.7659518" lon="11.4306886" visible="true" />
  <node id="-1103" lat="48.7660134" lon="11.4308479" visible="true" />
  <node id="-1104" lat="48.7658455" lon="11.4309973" visible="true" />
  <node id="-1105" lat="48.7657839" lon="11.4308380" visible="true" />
  <node id="-1106" lat="48.7685135" lon="11.4282510" visible="true" />
  <node id="-1107" lat="48.7683801" lon="11.4280150" visible="true" />
  <node id="-1108" lat="48.7682816" lon="11.4281433" visible="true" />
  <node id="-1109" lat="48.7684150" lon="11.4283792" visible="true" />
  <node id="-1110" lat="48.7678149" lon="11.4276220" visible="true" />
  <node id="-1111" lat="48.7678750" lon="11.4276709" visible="true" />
  <node id="-1112" lat="48.7678445" lon="11.4277442" visible="true" />
  <node id="-1113" lat="48.7677837" lon="11.4276985" visible="true" />
  <node id="-1114" lat="48.7681155" lon="11.4235616" visible="true" />
  <node id="-1115" lat="48.7679927" lon="11.4235687" visible="true" />
  <node id="-1116" lat="48.7679975" lon="11.4237559" visible="true" />
  <node id="-1117" lat="48.7681202" lon="11.4237488" visible="true" />
  <node id="-1118" lat="48.7669654" lon="11.4273061" visible="true" />
  <node id="-1119" lat="48.7667735" lon="11.4273482" visible="true" />
  <node id="-1120" lat="48.7667586" lon="11.4271885" visible="true" />
  <node id="-1121" lat="48.7669535" lon="11.4271507" visible="true" />
  <node id="-1122" lat="48.7675576" lon="11.4280531" visible="true" />
  <node id="-1123" lat="48.7674596" lon="11.4282130" visible="true" />
  <node id="-1124" lat="48.7674376" lon="11.4282013" visible="true" />
  <node id="-1125" lat="48.7674090" lon="11.4280613" visible="true" />
  <node id="-1126" lat="48.7674804" lon="11.4279525" visible="true" />
  <node id="-1127" lat="48.7680904" lon="11.4267054" visible="true" />
  <node id="-1128" lat="48.7680966" lon="11.4267027" visible="true" />
  <node id="-1129" lat="48.7681019" lon="11.4266966" visible="true" />
  <node id="-1130" lat="48.7681047" lon="11.4266916" visible="true" />
  <node id="-1131" lat="48.7681074" lon="11.4266837" visible="true" />
  <node id="-1132" lat="48.7681087" lon="11.4266734" visible="true" />
  <node id="-1133" lat="48.7681076" lon="11.4266614" visible="true" />
  <node id="-1134" lat="48.7681047" lon="11.4266524" visible="true" />
  <node id="-1135" lat="48.7680983" lon="11.4266427" visible="true" />
  <node id="-1136" lat="48.7680919" lon="11.4266402" visible="true" />
  <node id="-1137" lat="48.7680014" lon="11.4268107" visible="true" />
  <node id="-1138" lat="48.7677483" lon="11.4275937" visible="true" />
  <node id="-1139" lat="48.7677007" lon="11.4275507" visible="true" />
  <node id="-1140" lat="48.7677260" lon="11.4274629" visible="true" />
  <node id="-1141" lat="48.7677913" lon="11.4274872" visible="true" />
  <node id="-1142" lat="48.7677527" lon="11.4279613" visible="true" />
  <node id="-1143" lat="48.7677093" lon="11.4279186" visible="true" />
  <node id="-1144" lat="48.7676970" lon="11.4279065" visible="true" />
  <node id="-1145" lat="48.7676680" lon="11.4279745" visible="true" />
  <node id="-1146" lat="48.7677237" lon="11.4280293" visible="true" />
  <node id="-1147" lat="48.7666736" lon="11.4267658" visible="true" />
  <node id="-1148" lat="48.7666036" lon="11.4267753" visible="true" />
  <node id="-1149" lat="48.7665903" lon="11.4266257" visible="true" />
  <node id="-1150" lat="48.7666252" lon="11.4266204" visible="true" />
  <node id="-1151" lat="48.7666606" lon="11.4266186" visible="true" />
  <node id="-1152" lat="48.7678560" lon="11.4275113" visible="true" />
  <node id="-1153" lat="48.7679193" lon="11.4275673" visible="true" />
  <node id="-1154" lat="48.7667384" lon="11.4276618" visible="true" />
  <node id="-1155" lat="48.7667305" lon="11.4276655" visible="true" />
  <node id="-1156" lat="48.7666487" lon="11.4277040" visible="true" />
  <node id="-1157" lat="48.7666180" lon="11.4275541" visible="true" />
  <node id="-1158" lat="48.7667201" lon="11.4275061" visible="true" />
  <node id="-1159" lat="48.7667277" lon="11.4275430" visible="true" />
  <node id="-1160" lat="48.7667153" lon="11.4275488" visible="true" />
  <node id="-1161" lat="48.7669974" lon="11.4235181" visible="true" />
  <node id="-1162" lat="48.7669930" lon="11.4236350" visible="true" />
  <node id="-1163" lat="48.7669000" lon="11.4236154" visible="true" />
  <node id="-1164" lat="48.7668979" lon="11.4234986" visible="true" />
  <node id="-1165" lat="48.7680828" lon="11.4270197" visible="true" />
  <node id="-1166" lat="48.7680520" lon="11.4270192" visible="true" />
  <node id="-1167" lat="48.7679968" lon="11.4270164" visible="true" />
  <node id="-1168" lat="48.7677955" lon="11.4272504" visible="true" />
  <node id="-1169" lat="48.7678164" lon="11.4274248" visible="true" />
  <node id="-1170" lat="48.7677081" lon="11.4272725" visible="true" />
  <node id="-1171" lat="48.7677552" lon="11.4272606" visible="true" />
  <node id="-1172" lat="48.7672150" lon="11.4261008" visible="true" />
  <node id="-1173" lat="48.7671595" lon="11.4260921" visible="true" />
  <node id="-1174" lat="48.7671635" lon="11.4260428" visible="true" />
  <node id="-1175" lat="48.7671439" lon="11.4260379" visible="true" />
  <node id="-1176" lat="48.7671471" lon="11.4259274" visible="true" />
  <node id="-1177" lat="48.7672260" lon="11.4259399" visible="true" />
  <node id="-1178" lat="48.7677174" lon="11.4276646" visible="true" />
  <node id="-1179" lat="48.7676794" lon="11.4277634" visible="true" />
  <node id="-1180" lat="48.7676066" lon="11.4277070" visible="true" />
  <node id="-1181" lat="48.7676087" lon="11.4276656" visible="true" />
  <node id="-1182" lat="48.7676407" lon="11.4275905" visible="true" />
  <node id="-1183" lat="48.7676699" lon="11.4269427" visible="true" />
  <node id="-1184" lat="48.7676170" lon="11.4269481" visible="true" />
  <node id="-1185" lat="48.7676116" lon="11.4268270" visible="true" />
  <node id="-1186" lat="48.7676645" lon="11.4268216" visible="true" />
  <node id="-1187" lat="48.7673062" lon="11.4275191" visible="true" />
  <node id="-1188" lat="48.7668973" lon="11.4276843" visible="true" />
  <node id="-1189" lat="48.7668831" lon="11.4276158" visible="true" />
  <node id="-1190" lat="48.7673014" lon="11.4274422" visible="true" />
  <node id="-1191" lat="48.7679235" lon="11.4266208" visible="true" />
  <node id="-1192" lat="48.7679218" lon="11.4268162" visible="true" />
  <node id="-1193" lat="48.7678047" lon="11.4268133" visible="true" />
  <node id="-1194" lat="48.7677392" lon="11.4268120" visible="true" />
  <node id="-1195" lat="48.7677357" lon="11.4266169" visible="true" />
  <node id="-1196" lat="48.7677819" lon="11.4266179" visible="true" />
  <node id="-1197" lat="48.7665654" lon="11.4258412" visible="true" />
  <node id="-1198" lat="48.7666504" lon="11.4258507" visible="true" />
  <node id="-1199" lat="48.7666496" lon="11.4258683" visible="true" />
  <node id="-1200" lat="48.7666435" lon="11.4259939" visible="true" />
  <node id="-1201" lat="48.7665584" lon="11.4259844" visible="true" />
  <node id="-1202" lat="48.7676207" lon="11.4279342" visible="true" />
  <node id="-1203" lat="48.7675393" lon="11.4278462" visible="true" />
  <node id="-1204" lat="48.7675828" lon="11.4277149" visible="true" />
  <node id="-1205" lat="48.7673685" lon="11.4261139" visible="true" />
  <node id="-1206" lat="48.7673877" lon="11.4259766" visible="true" />
  <node id="-1207" lat="48.7674804" lon="11.4260120" visible="true" />
  <node id="-1208" lat="48.7674592" lon="11.4261452" visible="true" />
  <node id="-1209" lat="48.7675255" lon="11.4268281" visible="true" />
  <node id="-1210" lat="48.7673495" lon="11.4268330" visible="true" />
  <node id="-1211" lat="48.7672888" lon="11.4268347" visible="true" />
  <node id="-1212" lat="48.7672868" lon="11.4266704" visible="true" />
  <node id="-1213" lat="48.7675235" lon="11.4266638" visible="true" />
  <node id="-1214" lat="48.7672068" lon="11.4286578" visible="true" />
  <node id="-1215" lat="48.7671294" lon="11.4285494" visible="true" />
  <node id="-1216" lat="48.7671409" lon="11.4285293" visible="true" />
  <node id="-1217" lat="48.7671342" lon="11.4284836" visible="true" />
  <node id="-1218" lat="48.7671763" lon="11.4284678" visible="true" />
  <node id="-1219" lat="48.7671992" lon="11.4284287" visible="true" />
  <node id="-1220" lat="48.7671930" lon="11.4283794" visible="true" />
  <node id="-1221" lat="48.7672329" lon="11.4283654" visible="true" />
  <node id="-1222" lat="48.7673101" lon="11.4284752" visible="true" />
  <node id="-1223" lat="48.7672602" lon="11.4285635" visible="true" />
  <node id="-1224" lat="48.7664417" lon="11.4259617" visible="true" />
  <node id="-1225" lat="48.7664339" lon="11.4259617" visible="true" />
  <node id="-1226" lat="48.7664330" lon="11.4260408" visible="true" />
  <node id="-1227" lat="48.7663812" lon="11.4260315" visible="true" />
  <node id="-1228" lat="48.7663632" lon="11.4258475" visible="true" />
  <node id="-1229" lat="48.7663728" lon="11.4258285" visible="true" />
  <node id="-1230" lat="48.7664386" lon="11.4258312" visible="true" />
  <node id="-1231" lat="48.7679155" lon="11.4269546" visible="true" />
  <node id="-1232" lat="48.7678052" lon="11.4269581" visible="true" />
  <node id="-1233" lat="48.7677224" lon="11.4266570" visible="true" />
  <node id="-1234" lat="48.7677284" lon="11.4268098" visible="true" />
  <node id="-1235" lat="48.7676350" lon="11.4268182" visible="true" />
  <node id="-1236" lat="48.7676320" lon="11.4267423" visible="true" />
  <node id="-1237" lat="48.7676583" lon="11.4267399" visible="true" />
  <node id="-1238" lat="48.7676553" lon="11.4266631" visible="true" />
  <node id="-1239" lat="48.7683716" lon="11.4266257" visible="true" />
  <node id="-1240" lat="48.7683773" lon="11.4264642" visible="true" />
  <node id="-1241" lat="48.7685587" lon="11.4264789" visible="true" />
  <node id="-1242" lat="48.7685530" lon="11.4266404" visible="true" />
  <node id="-1243" lat="48.7665992" lon="11.4270669" visible="true" />
  <node id="-1244" lat="48.7665177" lon="11.4270857" visible="true" />
  <node id="-1245" lat="48.7665460" lon="11.4272251" visible="true" />
  <node id="-1246" lat="48.7666160" lon="11.4272063" visible="true" />
  <node id="-1247" lat="48.7675044" lon="11.4265911" visible="true" />
  <node id="-1248" lat="48.7674161" lon="11.4266124" visible="true" />
  <node id="-1249" lat="48.7673763" lon="11.4262328" visible="true" />
  <node id="-1250" lat="48.7674646" lon="11.4262115" visible="true" />
  <node id="-1251" lat="48.7679251" lon="11.4261098" visible="true" />
  <node id="-1252" lat="48.7679250" lon="11.4262058" visible="true" />
  <node id="-1253" lat="48.7679248" lon="11.4263844" visible="true" />
  <node id="-1254" lat="48.7678273" lon="11.4263779" visible="true" />
  <node id="-1255" lat="48.7678270" lon="11.4261072" visible="true" />
  <node id="-1256" lat="48.7668640" lon="11.4276120" visible="true" />
  <node id="-1257" lat="48.7669077" lon="11.4278254" visible="true" />
  <node id="-1258" lat="48.7668813" lon="11.4278378" visible="true" />
  <node id="-1259" lat="48.7668617" lon="11.4278471" visible="true" />
  <node id="-1260" lat="48.7668326" lon="11.4277049" visible="true" />
  <node id="-1261" lat="48.7668180" lon="11.4276337" visible="true" />
  <node id="-1262" lat="48.7668549" lon="11.4276163" visible="true" />
  <node id="-1263" lat="48.7670860" lon="11.4258880" visible="true" />
  <node id="-1264" lat="48.7670901" lon="11.4258970" visible="true" />
  <node id="-1265" lat="48.7670880" lon="11.4260199" visible="true" />
  <node id="-1266" lat="48.7670406" lon="11.4260197" visible="true" />
  <node id="-1267" lat="48.7670403" lon="11.4260606" visible="true" />
  <node id="-1268" lat="48.7669889" lon="11.4260586" visible="true" />
  <node id="-1269" lat="48.7669892" lon="11.4260430" visible="true" />
  <node id="-1270" lat="48.7669464" lon="11.4260413" visible="true" />
  <node id="-1271" lat="48.7669487" lon="11.4259018" visible="true" />
  <node id="-1272" lat="48.7669490" lon="11.4258827" visible="true" />
  <node id="-1273" lat="48.7676934" lon="11.4280925" visible="true" />
  <node id="-1274" lat="48.7676995" lon="11.4280954" visible="true" />
  <node id="-1275" lat="48.7677062" lon="11.4280950" visible="true" />
  <node id="-1276" lat="48.7677103" lon="11.4280931" visible="true" />
  <node id="-1277" lat="48.7677155" lon="11.4280889" visible="true" />
  <node id="-1278" lat="48.7677204" lon="11.4280814" visible="true" />
  <node id="-1279" lat="48.7677239" lon="11.4280705" visible="true" />
  <node id="-1280" lat="48.7677248" lon="11.4280606" visible="true" />
  <node id="-1281" lat="48.7677230" lon="11.4280471" visible="true" />
  <node id="-1282" lat="48.7677186" lon="11.4280396" visible="true" />
  <node id="-1283" lat="48.7676062" lon="11.4281149" visible="true" />
  <node id="-1284" lat="48.7676601" lon="11.4281689" visible="true" />
  <node id="-1285" lat="48.7677796" lon="11.4263772" visible="true" />
  <node id="-1286" lat="48.7674779" lon="11.4277117" visible="true" />
  <node id="-1287" lat="48.7673524" lon="11.4277426" visible="true" />
  <node id="-1288" lat="48.7673165" lon="11.4274082" visible="true" />
  <node id="-1289" lat="48.7674420" lon="11.4273773" visible="true" />
  <node id="-1290" lat="48.7675675" lon="11.4273018" visible="true" />
  <node id="-1291" lat="48.7675930" lon="11.4275446" visible="true" />
  <node id="-1292" lat="48.7675135" lon="11.4275639" visible="true" />
  <node id="-1293" lat="48.7675042" lon="11.4275661" visible="true" />
  <node id="-1294" lat="48.7674985" lon="11.4275117" visible="true" />
  <node id="-1295" lat="48.7674891" lon="11.4275139" visible="true" />
  <node id="-1296" lat="48.7674811" lon="11.4274378" visible="true" />
  <node id="-1297" lat="48.7674908" lon="11.4274355" visible="true" />
  <node id="-1298" lat="48.7674790" lon="11.4273233" visible="true" />
  <node id="-1299" lat="48.7680324" lon="11.4271354" visible="true" />
  <node id="-1300" lat="48.7680537" lon="11.4271406" visible="true" />
  <node id="-1301" lat="48.7680918" lon="11.4271497" visible="true" />
  <node id="-1302" lat="48.7681450" lon="11.4270954" visible="true" />
  <node id="-1303" lat="48.7681112" lon="11.4270191" visible="true" />
  <node id="-1304" lat="48.7677323" lon="11.4263636" visible="true" />
  <node id="-1305" lat="48.7677327" lon="11.4264712" visible="true" />
  <node id="-1306" lat="48.7676522" lon="11.4264694" visible="true" />
  <node id="-1307" lat="48.7676594" lon="11.4265919" visible="true" />
  <node id="-1308" lat="48.7675914" lon="11.4266029" visible="true" />
  <node id="-1309" lat="48.7675722" lon="11.4263680" visible="true" />
  <node id="-1310" lat="48.7680146" lon="11.4262902" visible="true" />
  <node id="-1311" lat="48.7680010" lon="11.4262900" visible="true" />
  <node id="-1312" lat="48.7680016" lon="11.4262024" visible="true" />
  <node id="-1313" lat="48.7680757" lon="11.4262034" visible="true" />
  <node id="-1314" lat="48.7680927" lon="11.4262038" visible="true" />
  <node id="-1315" lat="48.7671149" lon="11.4258982" visible="true" />
  <node id="-1316" lat="48.7671109" lon="11.4260357" visible="true" />
  <node id="-1317" lat="48.7670898" lon="11.4260370" visible="true" />
  <node id="-1318" lat="48.7678400" lon="11.4277546" visible="true" />
  <node id="-1319" lat="48.7677422" lon="11.4278048" visible="true" />
  <node id="-1320" lat="48.7677532" lon="11.4278139" visible="true" />
  <node id="-1321" lat="48.7678014" lon="11.4278536" visible="true" />
  <node id="-1322" lat="48.7678170" lon="11.4278100" visible="true" />
  <node id="-1323" lat="48.7678255" lon="11.4278136" visible="true" />
  <node id="-1324" lat="48.7678321" lon="11.4278120" visible="true" />
  <node id="-1325" lat="48.7678361" lon="11.4278095" visible="true" />
  <node id="-1326" lat="48.7678409" lon="11.4278044" visible="true" />
  <node id="-1327" lat="48.7678452" lon="11.4277961" visible="true" />
  <node id="-1328" lat="48.7678479" lon="11.4277847" visible="true" />
  <node id="-1329" lat="48.7678480" lon="11.4277747" visible="true" />
  <node id="-1330" lat="48.7678453" lon="11.4277616" visible="true" />
  <node id="-1331" lat="48.7677521" lon="11.4271576" visible="true" />
  <node id="-1332" lat="48.7677821" lon="11.4271519" visible="true" />
  <node id="-1333" lat="48.7678286" lon="11.4271484" visible="true" />
  <node id="-1334" lat="48.7678434" lon="11.4270154" visible="true" />
  <node id="-1335" lat="48.7678228" lon="11.4270162" visible="true" />
  <node id="-1336" lat="48.7678231" lon="11.4270540" visible="true" />
  <node id="-1337" lat="48.7677481" lon="11.4270601" visible="true" />
  <node id="-1338" lat="48.7677347" lon="11.4270612" visible="true" />
  <node id="-1339" lat="48.7677283" lon="11.4269731" visible="true" />
  <node id="-1340" lat="48.7678978" lon="11.4271433" visible="true" />
  <node id="-1341" lat="48.7678725" lon="11.4272301" visible="true" />
  <node id="-1342" lat="48.7664534" lon="11.4266884" visible="true" />
  <node id="-1343" lat="48.7664391" lon="11.4265300" visible="true" />
  <node id="-1344" lat="48.7665001" lon="11.4265037" visible="true" />
  <node id="-1345" lat="48.7665415" lon="11.4264987" visible="true" />
  <node id="-1346" lat="48.7665482" lon="11.4265627" visible="true" />
  <node id="-1347" lat="48.7666177" lon="11.4265488" visible="true" />
  <node id="-1348" lat="48.7665564" lon="11.4266426" visible="true" />
  <node id="-1349" lat="48.7677270" lon="11.4269547" visible="true" />
  <node id="-1350" lat="48.7677377" lon="11.4271025" visible="true" />
  <node id="-1351" lat="48.7676285" lon="11.4271207" visible="true" />
  <node id="-1352" lat="48.7676178" lon="11.4269729" visible="true" />
  <node id="-1353" lat="48.7676251" lon="11.4260579" visible="true" />
  <node id="-1354" lat="48.7676136" lon="11.4261987" visible="true" />
  <node id="-1355" lat="48.7675557" lon="11.4261793" visible="true" />
  <node id="-1356" lat="48.7675637" lon="11.4260513" visible="true" />
  <node id="-1357" lat="48.7673970" lon="11.4281240" visible="true" />
  <node id="-1358" lat="48.7673082" lon="11.4281591" visible="true" />
  <node id="-1359" lat="48.7672931" lon="11.4280706" visible="true" />
  <node id="-1360" lat="48.7672873" lon="11.4280371" visible="true" />
  <node id="-1361" lat="48.7673761" lon="11.4280021" visible="true" />
  <node id="-1362" lat="48.7667222" lon="11.4280243" visible="true" />
  <node id="-1363" lat="48.7667012" lon="11.4279312" visible="true" />
  <node id="-1364" lat="48.7669010" lon="11.4279310" visible="true" />
  <node id="-1365" lat="48.7668016" lon="11.4258853" visible="true" />
  <node id="-1366" lat="48.7669461" lon="11.4260774" visible="true" />
  <node id="-1367" lat="48.7666411" lon="11.4260438" visible="true" />
  <node id="-1368" lat="48.7665167" lon="11.4261966" visible="true" />
  <node id="-1369" lat="48.7665408" lon="11.4264612" visible="true" />
  <node id="-1370" lat="48.7664289" lon="11.4264877" visible="true" />
  <node id="-1371" lat="48.7664020" lon="11.4261877" visible="true" />
  <node id="-1372" lat="48.7657630" lon="11.4239848" visible="true" />
  <node id="-1373" lat="48.7658086" lon="11.4242258" visible="true" />
  <node id="-1374" lat="48.7677230" lon="11.4262221" visible="true" />
  <node id="-1375" lat="48.7678039" lon="11.4260887" visible="true" />
  <node id="-1376" lat="48.7677960" lon="11.4263710" visible="true" />
  <node id="-1377" lat="48.7677212" lon="11.4263588" visible="true" />
  <node id="-1378" lat="48.7669268" lon="11.4282466" visible="true" />
  <node id="-1379" lat="48.7667804" lon="11.4283127" visible="true" />
  <node id="-1380" lat="48.7667528" lon="11.4281718" visible="true" />
  <node id="-1381" lat="48.7668992" lon="11.4281058" visible="true" />
  <node id="-1382" lat="48.7672340" lon="11.4270024" visible="true" />
  <node id="-1383" lat="48.7671433" lon="11.4269959" visible="true" />
  <node id="-1384" lat="48.7671680" lon="11.4262063" visible="true" />
  <node id="-1385" lat="48.7672588" lon="11.4262129" visible="true" />
  <node id="-1386" lat="48.7683405" lon="11.4238593" visible="true" />
  <node id="-1387" lat="48.7683322" lon="11.4238273" visible="true" />
  <node id="-1388" lat="48.7683242" lon="11.4237966" visible="true" />
  <node id="-1389" lat="48.7683050" lon="11.4238117" visible="true" />
  <node id="-1390" lat="48.7682855" lon="11.4238396" visible="true" />
  <node id="-1391" lat="48.7682726" lon="11.4238649" visible="true" />
  <node id="-1392" lat="48.7682613" lon="11.4239013" visible="true" />
  <node id="-1393" lat="48.7682528" lon="11.4239488" visible="true" />
  <node id="-1394" lat="48.7682518" lon="11.4239762" visible="true" />
  <node id="-1395" lat="48.7682589" lon="11.4240266" visible="true" />
  <node id="-1396" lat="48.7682738" lon="11.4240758" visible="true" />
  <node id="-1397" lat="48.7682881" lon="11.4241048" visible="true" />
  <node id="-1398" lat="48.7683103" lon="11.4241343" visible="true" />
  <node id="-1399" lat="48.7683302" lon="11.4240771" visible="true" />
  <node id="-1400" lat="48.7683085" lon="11.4240393" visible="true" />
  <node id="-1401" lat="48.7683000" lon="11.4240110" visible="true" />
  <node id="-1402" lat="48.7682962" lon="11.4239732" visible="true" />
  <node id="-1403" lat="48.7682982" lon="11.4239514" visible="true" />
  <node id="-1404" lat="48.7683050" lon="11.4239227" visible="true" />
  <node id="-1405" lat="48.7683182" lon="11.4238882" visible="true" />
  <node id="-1406" lat="48.7688806" lon="11.4302972" visible="true" />
  <node id="-1407" lat="48.7687639" lon="11.4304510" visible="true" />
  <node id="-1408" lat="48.7686797" lon="11.4303041" visible="true" />
  <node id="-1409" lat="48.7687964" lon="11.4301503" visible="true" />
  <node id="-1410" lat="48.7691409" lon="11.4222853" visible="true" />
  <node id="-1411" lat="48.7694208" lon="11.4221043" visible="true" />
  <node id="-1412" lat="48.7694305" lon="11.4221388" visible="true" />
  <node id="-1413" lat="48.7694929" lon="11.4220984" visible="true" />
  <node id="-1414" lat="48.7695240" lon="11.4222093" visible="true" />
  <node id="-1415" lat="48.7694594" lon="11.4222511" visible="true" />
  <node id="-1416" lat="48.7694652" lon="11.4222718" visible="true" />
  <node id="-1417" lat="48.7691875" lon="11.4224513" visible="true" />
  <node id="-1418" lat="48.7690814" lon="11.4304852" visible="true" />
  <node id="-1419" lat="48.7689353" lon="11.4307069" visible="true" />
  <node id="-1420" lat="48.7688779" lon="11.4306199" visible="true" />
  <node id="-1421" lat="48.7690240" lon="11.4303982" visible="true" />
  <node id="-1422" lat="48.7642560" lon="11.4293612" visible="true" />
  <node id="-1423" lat="48.7643100" lon="11.4295233" visible="true" />
  <node id="-1424" lat="48.7644251" lon="11.4298724" visible="true" />
  <node id="-1425" lat="48.7643367" lon="11.4299398" visible="true" />
  <node id="-1426" lat="48.7641676" lon="11.4294286" visible="true" />
  <node id="-1427" lat="48.7692890" lon="11.4256629" visible="true" />
  <node id="-1428" lat="48.7694806" lon="11.4256951" visible="true" />
  <node id="-1429" lat="48.7694637" lon="11.4259274" visible="true" />
  <node id="-1430" lat="48.7692721" lon="11.4258952" visible="true" />
  <node id="-1431" lat="48.7637280" lon="11.4270220" visible="true" />
  <node id="-1432" lat="48.7636642" lon="11.4267414" visible="true" />
  <node id="-1433" lat="48.7635506" lon="11.4268008" visible="true" />
  <node id="-1434" lat="48.7636145" lon="11.4270814" visible="true" />
  <node id="-1435" lat="48.7636483" lon="11.4270637" visible="true" />
  <node id="-1436" lat="48.7636991" lon="11.4270372" visible="true" />
  <node id="-1437" lat="48.7658682" lon="11.4260562" visible="true" />
  <node id="-1438" lat="48.7658939" lon="11.4260443" visible="true" />
  <node id="-1439" lat="48.7659417" lon="11.4260244" visible="true" />
  <node id="-1440" lat="48.7659482" lon="11.4260581" visible="true" />
  <node id="-1441" lat="48.7659682" lon="11.4261659" visible="true" />
  <node id="-1442" lat="48.7658931" lon="11.4262005" visible="true" />
  <node id="-1443" lat="48.7664809" lon="11.4258332" visible="true" />
  <node id="-1444" lat="48.7665556" lon="11.4260481" visible="true" />
  <node id="-1445" lat="48.7664783" lon="11.4260394" visible="true" />
  <node id="-1446" lat="48.7664807" lon="11.4259907" visible="true" />
  <node id="-1447" lat="48.7665089" lon="11.4259939" visible="true" />
  <node id="-1448" lat="48.7665102" lon="11.4259657" visible="true" />
  <node id="-1449" lat="48.7664784" lon="11.4259621" visible="true" />
  <node id="-1450" lat="48.7662943" lon="11.4277025" visible="true" />
  <node id="-1451" lat="48.7662423" lon="11.4274387" visible="true" />
  <node id="-1452" lat="48.7663115" lon="11.4274073" visible="true" />
  <node id="-1453" lat="48.7663635" lon="11.4276711" visible="true" />
  <node id="-1454" lat="48.7664647" lon="11.4268233" visible="true" />
  <node id="-1455" lat="48.7665686" lon="11.4267838" visible="true" />
  <node id="-1456" lat="48.7653866" lon="11.4255094" visible="true" />
  <node id="-1457" lat="48.7653915" lon="11.4255898" visible="true" />
  <node id="-1458" lat="48.7653018" lon="11.4256014" visible="true" />
  <node id="-1459" lat="48.7652834" lon="11.4256121" visible="true" />
  <node id="-1460" lat="48.7652785" lon="11.4255382" visible="true" />
  <node id="-1461" lat="48.7652964" lon="11.4255234" visible="true" />
  <node id="-1462" lat="48.7654065" lon="11.4294323" visible="true" />
  <node id="-1463" lat="48.7654348" lon="11.4294193" visible="true" />
  <node id="-1464" lat="48.7654480" lon="11.4294650" visible="true" />
  <node id="-1465" lat="48.7655346" lon="11.4294156" visible="true" />
  <node id="-1466" lat="48.7655069" lon="11.4293142" visible="true" />
  <node id="-1467" lat="48.7655297" lon="11.4293042" visible="true" />
  <node id="-1468" lat="48.7655335" lon="11.4293237" visible="true" />
  <node id="-1469" lat="48.7655796" lon="11.4293016" visible="true" />
  <node id="-1470" lat="48.7655672" lon="11.4292394" visible="true" />
  <node id="-1471" lat="48.7654944" lon="11.4292680" visible="true" />
  <node id="-1472" lat="48.7653747" lon="11.4293134" visible="true" />
  <node id="-1473" lat="48.7652017" lon="11.4257887" visible="true" />
  <node id="-1474" lat="48.7651730" lon="11.4257938" visible="true" />
  <node id="-1475" lat="48.7651501" lon="11.4257968" visible="true" />
  <node id="-1476" lat="48.7651477" lon="11.4257060" visible="true" />
  <node id="-1477" lat="48.7651476" lon="11.4256904" visible="true" />
  <node id="-1478" lat="48.7651963" lon="11.4256937" visible="true" />
  <node id="-1479" lat="48.7652286" lon="11.4258470" visible="true" />
  <node id="-1480" lat="48.7662569" lon="11.4266446" visible="true" />
  <node id="-1481" lat="48.7663477" lon="11.4266219" visible="true" />
  <node id="-1482" lat="48.7663341" lon="11.4265064" visible="true" />
  <node id="-1483" lat="48.7662557" lon="11.4265295" visible="true" />
  <node id="-1484" lat="48.7662397" lon="11.4265658" visible="true" />
  <node id="-1485" lat="48.7661724" lon="11.4265901" visible="true" />
  <node id="-1486" lat="48.7661763" lon="11.4266189" visible="true" />
  <node id="-1487" lat="48.7661852" lon="11.4266709" visible="true" />
  <node id="-1488" lat="48.7651451" lon="11.4271699" visible="true" />
  <node id="-1489" lat="48.7650337" lon="11.4272280" visible="true" />
  <node id="-1490" lat="48.7649669" lon="11.4272591" visible="true" />
  <node id="-1491" lat="48.7649532" lon="11.4271823" visible="true" />
  <node id="-1492" lat="48.7649434" lon="11.4271175" visible="true" />
  <node id="-1493" lat="48.7649928" lon="11.4271008" visible="true" />
  <node id="-1494" lat="48.7650353" lon="11.4270866" visible="true" />
  <node id="-1495" lat="48.7650227" lon="11.4270074" visible="true" />
  <node id="-1496" lat="48.7651237" lon="11.4269778" visible="true" />
  <node id="-1497" lat="48.7651430" lon="11.4270736" visible="true" />
  <node id="-1498" lat="48.7651542" lon="11.4270734" visible="true" />
  <node id="-1499" lat="48.7651560" lon="11.4270879" visible="true" />
  <node id="-1500" lat="48.7651993" lon="11.4270978" visible="true" />
  <node id="-1501" lat="48.7651938" lon="11.4271637" visible="true" />
  <node id="-1502" lat="48.7653053" lon="11.4268727" visible="true" />
  <node id="-1503" lat="48.7653070" lon="11.4270229" visible="true" />
  <node id="-1504" lat="48.7652072" lon="11.4270128" visible="true" />
  <node id="-1505" lat="48.7652051" lon="11.4269203" visible="true" />
  <node id="-1506" lat="48.7652271" lon="11.4269170" visible="true" />
  <node id="-1507" lat="48.7652267" lon="11.4268739" visible="true" />
  <node id="-1508" lat="48.7659690" lon="11.4271025" visible="true" />
  <node id="-1509" lat="48.7661938" lon="11.4270056" visible="true" />
  <node id="-1510" lat="48.7662103" lon="11.4270897" visible="true" />
  <node id="-1511" lat="48.7661729" lon="11.4271066" visible="true" />
  <node id="-1512" lat="48.7661774" lon="11.4271296" visible="true" />
  <node id="-1513" lat="48.7659879" lon="11.4272126" visible="true" />
  <node id="-1514" lat="48.7655962" lon="11.4293820" visible="true" />
  <node id="-1515" lat="48.7655557" lon="11.4294041" visible="true" />
  <node id="-1516" lat="48.7671313" lon="11.4258995" visible="true" />
  <node id="-1517" lat="48.7671479" lon="11.4259006" visible="true" />
  <node id="-1518" lat="48.7671288" lon="11.4260369" visible="true" />
  <node id="-1519" lat="48.7653012" lon="11.4262264" visible="true" />
  <node id="-1520" lat="48.7653048" lon="11.4263222" visible="true" />
  <node id="-1521" lat="48.7652843" lon="11.4263266" visible="true" />
  <node id="-1522" lat="48.7652851" lon="11.4263424" visible="true" />
  <node id="-1523" lat="48.7651532" lon="11.4263677" visible="true" />
  <node id="-1524" lat="48.7651534" lon="11.4263266" visible="true" />
  <node id="-1525" lat="48.7651577" lon="11.4262351" visible="true" />
  <node id="-1526" lat="48.7652598" lon="11.4262273" visible="true" />
  <node id="-1527" lat="48.7650590" lon="11.4262305" visible="true" />
  <node id="-1528" lat="48.7651422" lon="11.4262246" visible="true" />
  <node id="-1529" lat="48.7651620" lon="11.4264405" visible="true" />
  <node id="-1530" lat="48.7651930" lon="11.4264333" visible="true" />
  <node id="-1531" lat="48.7652037" lon="11.4265438" visible="true" />
  <node id="-1532" lat="48.7650967" lon="11.4265653" visible="true" />
  <node id="-1533" lat="48.7650914" lon="11.4264344" visible="true" />
  <node id="-1534" lat="48.7650823" lon="11.4263077" visible="true" />
  <node id="-1535" lat="48.7650638" lon="11.4263099" visible="true" />
  <node id="-1536" lat="48.7649652" lon="11.4290859" visible="true" />
  <node id="-1537" lat="48.7649634" lon="11.4290697" visible="true" />
  <node id="-1538" lat="48.7650498" lon="11.4290422" visible="true" />
  <node id="-1539" lat="48.7650704" lon="11.4292101" visible="true" />
  <node id="-1540" lat="48.7650604" lon="11.4292138" visible="true" />
  <node id="-1541" lat="48.7649894" lon="11.4292400" visible="true" />
  <node id="-1542" lat="48.7655474" lon="11.4268261" visible="true" />
  <node id="-1543" lat="48.7657658" lon="11.4267689" visible="true" />
  <node id="-1544" lat="48.7657518" lon="11.4266833" visible="true" />
  <node id="-1545" lat="48.7657448" lon="11.4266846" visible="true" />
  <node id="-1546" lat="48.7658509" lon="11.4259553" visible="true" />
  <node id="-1547" lat="48.7658763" lon="11.4259535" visible="true" />
  <node id="-1548" lat="48.7661412" lon="11.4263541" visible="true" />
  <node id="-1549" lat="48.7661215" lon="11.4263571" visible="true" />
  <node id="-1550" lat="48.7660597" lon="11.4263720" visible="true" />
  <node id="-1551" lat="48.7659934" lon="11.4263888" visible="true" />
  <node id="-1552" lat="48.7660222" lon="11.4266680" visible="true" />
  <node id="-1553" lat="48.7661605" lon="11.4265074" visible="true" />
  <node id="-1554" lat="48.7661482" lon="11.4264111" visible="true" />
  <node id="-1555" lat="48.7672975" lon="11.4271803" visible="true" />
  <node id="-1556" lat="48.7671884" lon="11.4271950" visible="true" />
  <node id="-1557" lat="48.7671960" lon="11.4273428" visible="true" />
  <node id="-1558" lat="48.7672018" lon="11.4274626" visible="true" />
  <node id="-1559" lat="48.7673110" lon="11.4274174" visible="true" />
  <node id="-1560" lat="48.7652645" lon="11.4288767" visible="true" />
  <node id="-1561" lat="48.7650750" lon="11.4289254" visible="true" />
  <node id="-1562" lat="48.7650818" lon="11.4289868" visible="true" />
  <node id="-1563" lat="48.7652714" lon="11.4289381" visible="true" />
  <node id="-1564" lat="48.7664625" lon="11.4272612" visible="true" />
  <node id="-1565" lat="48.7663760" lon="11.4273004" visible="true" />
  <node id="-1566" lat="48.7663570" lon="11.4272039" visible="true" />
  <node id="-1567" lat="48.7663263" lon="11.4272178" visible="true" />
  <node id="-1568" lat="48.7662992" lon="11.4270803" visible="true" />
  <node id="-1569" lat="48.7663128" lon="11.4270742" visible="true" />
  <node id="-1570" lat="48.7663322" lon="11.4270654" visible="true" />
  <node id="-1571" lat="48.7664164" lon="11.4270272" visible="true" />
  <node id="-1572" lat="48.7652075" lon="11.4254271" visible="true" />
  <node id="-1573" lat="48.7651997" lon="11.4253299" visible="true" />
  <node id="-1574" lat="48.7652040" lon="11.4253220" visible="true" />
  <node id="-1575" lat="48.7651979" lon="11.4252484" visible="true" />
  <node id="-1576" lat="48.7651499" lon="11.4252550" visible="true" />
  <node id="-1577" lat="48.7651655" lon="11.4254337" visible="true" />
  <node id="-1578" lat="48.7651860" lon="11.4254310" visible="true" />
  <node id="-1579" lat="48.7662906" lon="11.4269616" visible="true" />
  <node id="-1580" lat="48.7662444" lon="11.4269828" visible="true" />
  <node id="-1581" lat="48.7662642" lon="11.4270837" visible="true" />
  <node id="-1582" lat="48.7662665" lon="11.4270951" visible="true" />
  <node id="-1583" lat="48.7663069" lon="11.4270445" visible="true" />
  <node id="-1584" lat="48.7658383" lon="11.4258885" visible="true" />
  <node id="-1585" lat="48.7658134" lon="11.4257958" visible="true" />
  <node id="-1586" lat="48.7658279" lon="11.4257972" visible="true" />
  <node id="-1587" lat="48.7656336" lon="11.4292133" visible="true" />
  <node id="-1588" lat="48.7656606" lon="11.4293468" visible="true" />
  <node id="-1589" lat="48.7662120" lon="11.4270987" visible="true" />
  <node id="-1590" lat="48.7662380" lon="11.4270870" visible="true" />
  <node id="-1591" lat="48.7662395" lon="11.4270948" visible="true" />
  <node id="-1592" lat="48.7660908" lon="11.4260151" visible="true" />
  <node id="-1593" lat="48.7661871" lon="11.4259919" visible="true" />
  <node id="-1594" lat="48.7661892" lon="11.4260123" visible="true" />
  <node id="-1595" lat="48.7662048" lon="11.4261387" visible="true" />
  <node id="-1596" lat="48.7661260" lon="11.4261589" visible="true" />
  <node id="-1597" lat="48.7661294" lon="11.4261850" visible="true" />
  <node id="-1598" lat="48.7661041" lon="11.4261913" visible="true" />
  <node id="-1599" lat="48.7661035" lon="11.4261853" visible="true" />
  <node id="-1600" lat="48.7661014" lon="11.4261668" visible="true" />
  <node id="-1601" lat="48.7660833" lon="11.4260174" visible="true" />
  <node id="-1602" lat="48.7648874" lon="11.4291108" visible="true" />
  <node id="-1603" lat="48.7648025" lon="11.4291387" visible="true" />
  <node id="-1604" lat="48.7648314" lon="11.4293042" visible="true" />
  <node id="-1605" lat="48.7649683" lon="11.4292486" visible="true" />
  <node id="-1606" lat="48.7653799" lon="11.4254014" visible="true" />
  <node id="-1607" lat="48.7652545" lon="11.4254196" visible="true" />
  <node id="-1608" lat="48.7651914" lon="11.4255303" visible="true" />
  <node id="-1609" lat="48.7652596" lon="11.4255156" visible="true" />
  <node id="-1610" lat="48.7652623" lon="11.4255057" visible="true" />
  <node id="-1611" lat="48.7652797" lon="11.4255033" visible="true" />
  <node id="-1612" lat="48.7656094" lon="11.4291009" visible="true" />
  <node id="-1613" lat="48.7654750" lon="11.4291513" visible="true" />
  <node id="-1614" lat="48.7655704" lon="11.4288400" visible="true" />
  <node id="-1615" lat="48.7655941" lon="11.4290448" visible="true" />
  <node id="-1616" lat="48.7655189" lon="11.4290648" visible="true" />
  <node id="-1617" lat="48.7655039" lon="11.4289348" visible="true" />
  <node id="-1618" lat="48.7654952" lon="11.4288601" visible="true" />
  <node id="-1619" lat="48.7673220" lon="11.4259550" visible="true" />
  <node id="-1620" lat="48.7673128" lon="11.4260910" visible="true" />
  <node id="-1621" lat="48.7672696" lon="11.4260842" visible="true" />
  <node id="-1622" lat="48.7672662" lon="11.4261341" visible="true" />
  <node id="-1623" lat="48.7672133" lon="11.4261258" visible="true" />
  <node id="-1624" lat="48.7653701" lon="11.4252755" visible="true" />
  <node id="-1625" lat="48.7653694" lon="11.4252559" visible="true" />
  <node id="-1626" lat="48.7652439" lon="11.4252783" visible="true" />
  <node id="-1627" lat="48.7652094" lon="11.4256957" visible="true" />
  <node id="-1628" lat="48.7663942" lon="11.4269146" visible="true" />
  <node id="-1629" lat="48.7663263" lon="11.4270357" visible="true" />
  <node id="-1630" lat="48.7651968" lon="11.4266360" visible="true" />
  <node id="-1631" lat="48.7651112" lon="11.4266401" visible="true" />
  <node id="-1632" lat="48.7651285" lon="11.4267981" visible="true" />
  <node id="-1633" lat="48.7651961" lon="11.4267824" visible="true" />
  <node id="-1634" lat="48.7651973" lon="11.4267362" visible="true" />
  <node id="-1635" lat="48.7662949" lon="11.4261172" visible="true" />
  <node id="-1636" lat="48.7662986" lon="11.4261561" visible="true" />
  <node id="-1637" lat="48.7662556" lon="11.4261655" visible="true" />
  <node id="-1638" lat="48.7662522" lon="11.4261274" visible="true" />
  <node id="-1639" lat="48.7661709" lon="11.4258366" visible="true" />
  <node id="-1640" lat="48.7662657" lon="11.4258598" visible="true" />
  <node id="-1641" lat="48.7662835" lon="11.4259908" visible="true" />
  <node id="-1642" lat="48.7649972" lon="11.4264443" visible="true" />
  <node id="-1643" lat="48.7649951" lon="11.4263176" visible="true" />
  <node id="-1644" lat="48.7660154" lon="11.4258121" visible="true" />
  <node id="-1645" lat="48.7659635" lon="11.4258082" visible="true" />
  <node id="-1646" lat="48.7659831" lon="11.4259644" visible="true" />
  <node id="-1647" lat="48.7659740" lon="11.4259671" visible="true" />
  <node id="-1648" lat="48.7659726" lon="11.4260502" visible="true" />
  <node id="-1649" lat="48.7659726" lon="11.4260689" visible="true" />
  <node id="-1650" lat="48.7660083" lon="11.4260684" visible="true" />
  <node id="-1651" lat="48.7660110" lon="11.4260360" visible="true" />
  <node id="-1652" lat="48.7660268" lon="11.4260351" visible="true" />
  <node id="-1653" lat="48.7660139" lon="11.4259382" visible="true" />
  <node id="-1654" lat="48.7655136" lon="11.4260192" visible="true" />
  <node id="-1655" lat="48.7655059" lon="11.4260064" visible="true" />
  <node id="-1656" lat="48.7655125" lon="11.4259972" visible="true" />
  <node id="-1657" lat="48.7655181" lon="11.4260067" visible="true" />
  <node id="-1658" lat="48.7655542" lon="11.4260032" visible="true" />
  <node id="-1659" lat="48.7655523" lon="11.4259669" visible="true" />
  <node id="-1660" lat="48.7655461" lon="11.4259574" visible="true" />
  <node id="-1661" lat="48.7655518" lon="11.4259494" visible="true" />
  <node id="-1662" lat="48.7655576" lon="11.4259564" visible="true" />
  <node id="-1663" lat="48.7655761" lon="11.4259540" visible="true" />
  <node id="-1664" lat="48.7655946" lon="11.4259515" visible="true" />
  <node id="-1665" lat="48.7656016" lon="11.4259410" visible="true" />
  <node id="-1666" lat="48.7656072" lon="11.4259487" visible="true" />
  <node id="-1667" lat="48.7656017" lon="11.4259592" visible="true" />
  <node id="-1668" lat="48.7656043" lon="11.4259928" visible="true" />
  <node id="-1669" lat="48.7656396" lon="11.4259876" visible="true" />
  <node id="-1670" lat="48.7656463" lon="11.4259787" visible="true" />
  <node id="-1671" lat="48.7656530" lon="11.4259862" visible="true" />
  <node id="-1672" lat="48.7656477" lon="11.4259967" visible="true" />
  <node id="-1673" lat="48.7656510" lon="11.4260612" visible="true" />
  <node id="-1674" lat="48.7656603" lon="11.4260623" visible="true" />
  <node id="-1675" lat="48.7656610" lon="11.4260746" visible="true" />
  <node id="-1676" lat="48.7656524" lon="11.4260761" visible="true" />
  <node id="-1677" lat="48.7656546" lon="11.4261119" visible="true" />
  <node id="-1678" lat="48.7656645" lon="11.4261172" visible="true" />
  <node id="-1679" lat="48.7656649" lon="11.4261262" visible="true" />
  <node id="-1680" lat="48.7656555" lon="11.4261318" visible="true" />
  <node id="-1681" lat="48.7656577" lon="11.4261616" visible="true" />
  <node id="-1682" lat="48.7656659" lon="11.4261653" visible="true" />
  <node id="-1683" lat="48.7656666" lon="11.4261766" visible="true" />
  <node id="-1684" lat="48.7656593" lon="11.4261807" visible="true" />
  <node id="-1685" lat="48.7656604" lon="11.4262104" visible="true" />
  <node id="-1686" lat="48.7656689" lon="11.4262159" visible="true" />
  <node id="-1687" lat="48.7656696" lon="11.4262280" visible="true" />
  <node id="-1688" lat="48.7656623" lon="11.4262310" visible="true" />
  <node id="-1689" lat="48.7656645" lon="11.4262712" visible="true" />
  <node id="-1690" lat="48.7656836" lon="11.4262708" visible="true" />
  <node id="-1691" lat="48.7656894" lon="11.4263669" visible="true" />
  <node id="-1692" lat="48.7656535" lon="11.4263725" visible="true" />
  <node id="-1693" lat="48.7656517" lon="11.4263815" visible="true" />
  <node id="-1694" lat="48.7656429" lon="11.4263825" visible="true" />
  <node id="-1695" lat="48.7656276" lon="11.4264101" visible="true" />
  <node id="-1696" lat="48.7656298" lon="11.4264200" visible="true" />
  <node id="-1697" lat="48.7656252" lon="11.4264258" visible="true" />
  <node id="-1698" lat="48.7656184" lon="11.4264165" visible="true" />
  <node id="-1699" lat="48.7655949" lon="11.4264200" visible="true" />
  <node id="-1700" lat="48.7655900" lon="11.4264315" visible="true" />
  <node id="-1701" lat="48.7655836" lon="11.4264259" visible="true" />
  <node id="-1702" lat="48.7655854" lon="11.4264182" visible="true" />
  <node id="-1703" lat="48.7655655" lon="11.4263910" visible="true" />
  <node id="-1704" lat="48.7655589" lon="11.4263971" visible="true" />
  <node id="-1705" lat="48.7655545" lon="11.4263871" visible="true" />
  <node id="-1706" lat="48.7655614" lon="11.4263787" visible="true" />
  <node id="-1707" lat="48.7655592" lon="11.4263479" visible="true" />
  <node id="-1708" lat="48.7655515" lon="11.4263486" visible="true" />
  <node id="-1709" lat="48.7655500" lon="11.4263341" visible="true" />
  <node id="-1710" lat="48.7655567" lon="11.4263327" visible="true" />
  <node id="-1711" lat="48.7655559" lon="11.4263200" visible="true" />
  <node id="-1712" lat="48.7655384" lon="11.4263222" visible="true" />
  <node id="-1713" lat="48.7655328" lon="11.4263332" visible="true" />
  <node id="-1714" lat="48.7655259" lon="11.4263253" visible="true" />
  <node id="-1715" lat="48.7655311" lon="11.4263165" visible="true" />
  <node id="-1716" lat="48.7655276" lon="11.4262498" visible="true" />
  <node id="-1717" lat="48.7655206" lon="11.4262500" visible="true" />
  <node id="-1718" lat="48.7655192" lon="11.4262383" visible="true" />
  <node id="-1719" lat="48.7655272" lon="11.4262348" visible="true" />
  <node id="-1720" lat="48.7655242" lon="11.4261989" visible="true" />
  <node id="-1721" lat="48.7655167" lon="11.4261997" visible="true" />
  <node id="-1722" lat="48.7655157" lon="11.4261859" visible="true" />
  <node id="-1723" lat="48.7655241" lon="11.4261838" visible="true" />
  <node id="-1724" lat="48.7655212" lon="11.4261482" visible="true" />
  <node id="-1725" lat="48.7655132" lon="11.4261498" visible="true" />
  <node id="-1726" lat="48.7655123" lon="11.4261351" visible="true" />
  <node id="-1727" lat="48.7655199" lon="11.4261337" visible="true" />
  <node id="-1728" lat="48.7655180" lon="11.4260973" visible="true" />
  <node id="-1729" lat="48.7655103" lon="11.4260973" visible="true" />
  <node id="-1730" lat="48.7655095" lon="11.4260840" visible="true" />
  <node id="-1731" lat="48.7655171" lon="11.4260829" visible="true" />
  <node id="-1732" lat="48.7661004" lon="11.4258186" visible="true" />
  <node id="-1733" lat="48.7660830" lon="11.4259387" visible="true" />
  <node id="-1734" lat="48.7661077" lon="11.4259311" visible="true" />
  <node id="-1735" lat="48.7653733" lon="11.4289889" visible="true" />
  <node id="-1736" lat="48.7653080" lon="11.4289991" visible="true" />
  <node id="-1737" lat="48.7652875" lon="11.4290036" visible="true" />
  <node id="-1738" lat="48.7652942" lon="11.4290520" visible="true" />
  <node id="-1739" lat="48.7653068" lon="11.4290490" visible="true" />
  <node id="-1740" lat="48.7653168" lon="11.4291210" visible="true" />
  <node id="-1741" lat="48.7654163" lon="11.4290922" visible="true" />
  <node id="-1742" lat="48.7654034" lon="11.4289812" visible="true" />
  <node id="-1743" lat="48.7649964" lon="11.4265795" visible="true" />
  <node id="-1744" lat="48.7655466" lon="11.4269713" visible="true" />
  <node id="-1745" lat="48.7655643" lon="11.4270767" visible="true" />
  <node id="-1746" lat="48.7656977" lon="11.4270251" visible="true" />
  <node id="-1747" lat="48.7656799" lon="11.4269197" visible="true" />
  <node id="-1748" lat="48.7656619" lon="11.4269267" visible="true" />
  <node id="-1749" lat="48.7649988" lon="11.4266633" visible="true" />
  <node id="-1750" lat="48.7650346" lon="11.4268627" visible="true" />
  <node id="-1751" lat="48.7650412" lon="11.4269121" visible="true" />
  <node id="-1752" lat="48.7673613" lon="11.4261851" visible="true" />
  <node id="-1753" lat="48.7673155" lon="11.4261723" visible="true" />
  <node id="-1754" lat="48.7673213" lon="11.4261036" visible="true" />
  <node id="-1755" lat="48.7648526" lon="11.4288446" visible="true" />
  <node id="-1756" lat="48.7648260" lon="11.4288518" visible="true" />
  <node id="-1757" lat="48.7647597" lon="11.4289329" visible="true" />
  <node id="-1758" lat="48.7648601" lon="11.4289079" visible="true" />
  <node id="-1759" lat="48.7652355" lon="11.4256282" visible="true" />
  <node id="-1760" lat="48.7652619" lon="11.4256240" visible="true" />
  <node id="-1761" lat="48.7655538" lon="11.4272480" visible="true" />
  <node id="-1762" lat="48.7655296" lon="11.4271142" visible="true" />
  <node id="-1763" lat="48.7656460" lon="11.4270657" visible="true" />
  <node id="-1764" lat="48.7656627" lon="11.4271581" visible="true" />
  <node id="-1765" lat="48.7656738" lon="11.4272676" visible="true" />
  <node id="-1766" lat="48.7656850" lon="11.4273325" visible="true" />
  <node id="-1767" lat="48.7656378" lon="11.4273358" visible="true" />
  <node id="-1768" lat="48.7656172" lon="11.4272216" visible="true" />
  <node id="-1769" lat="48.7659602" lon="11.4270515" visible="true" />
  <node id="-1770" lat="48.7659457" lon="11.4270572" visible="true" />
  <node id="-1771" lat="48.7658768" lon="11.4270845" visible="true" />
  <node id="-1772" lat="48.7658877" lon="11.4271479" visible="true" />
  <node id="-1773" lat="48.7657922" lon="11.4271858" visible="true" />
  <node id="-1774" lat="48.7657978" lon="11.4272185" visible="true" />
  <node id="-1775" lat="48.7657318" lon="11.4273132" visible="true" />
  <node id="-1776" lat="48.7658707" lon="11.4272588" visible="true" />
  <node id="-1777" lat="48.7660417" lon="11.4262002" visible="true" />
  <node id="-1778" lat="48.7654255" lon="11.4291613" visible="true" />
  <node id="-1779" lat="48.7653268" lon="11.4291933" visible="true" />
  <node id="-1780" lat="48.7653450" lon="11.4293212" visible="true" />
  <node id="-1781" lat="48.7649942" lon="11.4262340" visible="true" />
  <node id="-1782" lat="48.7663022" lon="11.4261984" visible="true" />
  <node id="-1783" lat="48.7663062" lon="11.4262883" visible="true" />
  <node id="-1784" lat="48.7662262" lon="11.4263119" visible="true" />
  <node id="-1785" lat="48.7661471" lon="11.4263227" visible="true" />
  <node id="-1786" lat="48.7661393" lon="11.4262587" visible="true" />
  <node id="-1787" lat="48.7662089" lon="11.4262452" visible="true" />
  <node id="-1788" lat="48.7662612" lon="11.4262352" visible="true" />
  <node id="-1789" lat="48.7662593" lon="11.4262064" visible="true" />
  <node id="-1790" lat="48.7660803" lon="11.4269747" visible="true" />
  <node id="-1791" lat="48.7660019" lon="11.4270121" visible="true" />
  <node id="-1792" lat="48.7659822" lon="11.4269174" visible="true" />
  <node id="-1793" lat="48.7660026" lon="11.4269076" visible="true" />
  <node id="-1794" lat="48.7659845" lon="11.4268205" visible="true" />
  <node id="-1795" lat="48.7660425" lon="11.4267928" visible="true" />
  <node id="-1796" lat="48.7660556" lon="11.4268558" visible="true" />
  <node id="-1797" lat="48.7649065" lon="11.4289982" visible="true" />
  <node id="-1798" lat="48.7647812" lon="11.4290373" visible="true" />
  <node id="-1799" lat="48.7648948" lon="11.4288985" visible="true" />
  <node id="-1800" lat="48.7673225" lon="11.4260948" visible="true" />
  <node id="-1801" lat="48.7662495" lon="11.4264812" visible="true" />
  <node id="-1802" lat="48.7662356" lon="11.4263853" visible="true" />
  <node id="-1803" lat="48.7654164" lon="11.4262097" visible="true" />
  <node id="-1804" lat="48.7653005" lon="11.4266600" visible="true" />
  <node id="-1805" lat="48.7653024" lon="11.4267310" visible="true" />
  <node id="-1806" lat="48.7658933" lon="11.4268231" visible="true" />
  <node id="-1807" lat="48.7658818" lon="11.4267120" visible="true" />
  <node id="-1808" lat="48.7658185" lon="11.4267254" visible="true" />
  <node id="-1809" lat="48.7658097" lon="11.4266268" visible="true" />
  <node id="-1810" lat="48.7657891" lon="11.4268564" visible="true" />
  <node id="-1811" lat="48.7658558" lon="11.4268294" visible="true" />
  <node id="-1812" lat="48.7669079" lon="11.4274601" visible="true" />
  <node id="-1813" lat="48.7669042" lon="11.4274376" visible="true" />
  <node id="-1814" lat="48.7668764" lon="11.4274481" visible="true" />
  <node id="-1815" lat="48.7668803" lon="11.4274718" visible="true" />
  <node id="-1816" lat="48.7668479" lon="11.4274841" visible="true" />
  <node id="-1817" lat="48.7668667" lon="11.4275984" visible="true" />
  <node id="-1818" lat="48.7669745" lon="11.4275577" visible="true" />
  <node id="-1819" lat="48.7669555" lon="11.4274421" visible="true" />
  <node id="-1820" lat="48.7668864" lon="11.4291289" visible="true" />
  <node id="-1821" lat="48.7668239" lon="11.4288958" visible="true" />
  <node id="-1822" lat="48.7667603" lon="11.4289351" visible="true" />
  <node id="-1823" lat="48.7668228" lon="11.4291682" visible="true" />
  <node id="-1824" lat="48.7649958" lon="11.4256101" visible="true" />
  <node id="-1825" lat="48.7649902" lon="11.4254432" visible="true" />
  <node id="-1826" lat="48.7650224" lon="11.4254400" visible="true" />
  <node id="-1827" lat="48.7651107" lon="11.4254320" visible="true" />
  <node id="-1828" lat="48.7651146" lon="11.4255788" visible="true" />
  <node id="-1829" lat="48.7651054" lon="11.4255788" visible="true" />
  <node id="-1830" lat="48.7651059" lon="11.4256001" visible="true" />
  <node id="-1831" lat="48.7654848" lon="11.4290739" visible="true" />
  <node id="-1832" lat="48.7654697" lon="11.4289439" visible="true" />
  <node id="-1833" lat="48.7649339" lon="11.4270616" visible="true" />
  <node id="-1834" lat="48.7648694" lon="11.4266853" visible="true" />
  <node id="-1835" lat="48.7649324" lon="11.4266756" visible="true" />
  <node id="-1836" lat="48.7654012" lon="11.4289622" visible="true" />
  <node id="-1837" lat="48.7650179" lon="11.4253044" visible="true" />
  <node id="-1838" lat="48.7650634" lon="11.4252979" visible="true" />
  <node id="-1839" lat="48.7651016" lon="11.4252939" visible="true" />
  <node id="-1840" lat="48.7652986" lon="11.4265295" visible="true" />
  <node id="-1841" lat="48.7653393" lon="11.4265205" visible="true" />
  <node id="-1842" lat="48.7654244" lon="11.4265054" visible="true" />
  <node id="-1843" lat="48.7654193" lon="11.4263104" visible="true" />
  <node id="-1844" lat="48.7652895" lon="11.4263791" visible="true" />
  <node id="-1845" lat="48.7652921" lon="11.4264140" visible="true" />
  <node id="-1846" lat="48.7652885" lon="11.4271940" visible="true" />
  <node id="-1847" lat="48.7651054" lon="11.4256248" visible="true" />
  <node id="-1848" lat="48.7660389" lon="11.4261812" visible="true" />
  <node id="-1849" lat="48.7660242" lon="11.4260564" visible="true" />
  <node id="-1850" lat="48.7673579" lon="11.4278938" visible="true" />
  <node id="-1851" lat="48.7672692" lon="11.4279278" visible="true" />
  <node id="-1852" lat="48.7652544" lon="11.4265351" visible="true" />
  <node id="-1853" lat="48.7658750" lon="11.4269387" visible="true" />
  <node id="-1854" lat="48.7657941" lon="11.4269715" visible="true" />
  <node id="-1855" lat="48.7657748" lon="11.4268622" visible="true" />
  <node id="-1856" lat="48.7661888" lon="11.4267028" visible="true" />
  <node id="-1857" lat="48.7660398" lon="11.4267629" visible="true" />
  <node id="-1858" lat="48.7660916" lon="11.4267423" visible="true" />
  <node id="-1859" lat="48.7661096" lon="11.4268294" visible="true" />
  <node id="-1860" lat="48.7662815" lon="11.4268808" visible="true" />
  <node id="-1861" lat="48.7662572" lon="11.4267619" visible="true" />
  <node id="-1862" lat="48.7661715" lon="11.4268013" visible="true" />
  <node id="-1863" lat="48.7661539" lon="11.4267181" visible="true" />
  <node id="-1864" lat="48.7650005" lon="11.4268725" visible="true" />
  <node id="-1865" lat="48.7663785" lon="11.4268402" visible="true" />
  <node id="-1866" lat="48.7662814" lon="11.4267508" visible="true" />
  <node id="-1867" lat="48.7662764" lon="11.4267167" visible="true" />
  <node id="-1868" lat="48.7662667" lon="11.4267210" visible="true" />
  <node id="-1869" lat="48.7651170" lon="11.4269289" visible="true" />
  <node id="-1870" lat="48.7650462" lon="11.4269494" visible="true" />
  <node id="-1871" lat="48.7657353" lon="11.4263951" visible="true" />
  <node id="-1872" lat="48.7659431" lon="11.4263305" visible="true" />
  <node id="-1873" lat="48.7659643" lon="11.4264826" visible="true" />
  <node id="-1874" lat="48.7653660" lon="11.4288720" visible="true" />
  <node id="-1875" lat="48.7652831" lon="11.4288842" visible="true" />
  <node id="-1876" lat="48.7652875" lon="11.4289374" visible="true" />
  <node id="-1877" lat="48.7652989" lon="11.4289369" visible="true" />
  <node id="-1878" lat="48.7659281" lon="11.4259509" visible="true" />
  <node id="-1879" lat="48.7659129" lon="11.4258054" visible="true" />
  <node id="-1880" lat="48.7648585" lon="11.4270937" visible="true" />
  <node id="-1881" lat="48.7648437" lon="11.4270019" visible="true" />
  <node id="-1882" lat="48.7648682" lon="11.4269928" visible="true" />
  <node id="-1883" lat="48.7648495" lon="11.4268774" visible="true" />
  <node id="-1884" lat="48.7648063" lon="11.4268935" visible="true" />
  <node id="-1885" lat="48.7647906" lon="11.4267969" visible="true" />
  <node id="-1886" lat="48.7647774" lon="11.4267156" visible="true" />
  <node id="-1887" lat="48.7651423" lon="11.4256221" visible="true" />
  <node id="-1888" lat="48.7670951" lon="11.4279971" visible="true" />
  <node id="-1889" lat="48.7671258" lon="11.4281868" visible="true" />
  <node id="-1890" lat="48.7671857" lon="11.4281339" visible="true" />
  <node id="-1891" lat="48.7671703" lon="11.4280396" visible="true" />
  <node id="-1892" lat="48.7671908" lon="11.4280329" visible="true" />
  <node id="-1893" lat="48.7672025" lon="11.4281082" visible="true" />
  <node id="-1894" lat="48.7652260" lon="11.4268508" visible="true" />
  <node id="-1895" lat="48.7651990" lon="11.4268533" visible="true" />
  <node id="-1896" lat="48.7651984" lon="11.4268625" visible="true" />
  <node id="-1897" lat="48.7651131" lon="11.4268767" visible="true" />
  <node id="-1898" lat="48.7651417" lon="11.4256141" visible="true" />
  <node id="-1899" lat="48.7651644" lon="11.4256116" visible="true" />
  <node id="-1900" lat="48.7651617" lon="11.4255492" visible="true" />
  <node id="-1901" lat="48.7652142" lon="11.4255427" visible="true" />
  <node id="-1902" lat="48.7649281" lon="11.4289924" visible="true" />
  <node id="-1903" lat="48.7649355" lon="11.4290550" visible="true" />
  <node id="-1904" lat="48.7648831" lon="11.4290693" visible="true" />
  <node id="-1905" lat="48.7657733" lon="11.4268510" visible="true" />
  <node id="-1906" lat="48.7656553" lon="11.4268814" visible="true" />
  <node id="-1907" lat="48.7655449" lon="11.4269501" visible="true" />
  <node id="-1908" lat="48.7651091" lon="11.4290043" visible="true" />
  <node id="-1909" lat="48.7650472" lon="11.4290245" visible="true" />
  <node id="-1910" lat="48.7652822" lon="11.4289646" visible="true" />
  <node id="-1911" lat="48.7652103" lon="11.4289874" visible="true" />
  <node id="-1912" lat="48.7651115" lon="11.4290187" visible="true" />
  <node id="-1913" lat="48.7647863" lon="11.4301622" visible="true" />
  <node id="-1914" lat="48.7647810" lon="11.4301338" visible="true" />
  <node id="-1915" lat="48.7647693" lon="11.4300702" visible="true" />
  <node id="-1916" lat="48.7647295" lon="11.4300892" visible="true" />
  <node id="-1917" lat="48.7646888" lon="11.4301073" visible="true" />
  <node id="-1918" lat="48.7647473" lon="11.4301809" visible="true" />
  <node id="-1919" lat="48.7659345" lon="11.4269456" visible="true" />
  <node id="-1920" lat="48.7661585" lon="11.4290601" visible="true" />
  <node id="-1921" lat="48.7661408" lon="11.4289743" visible="true" />
  <node id="-1922" lat="48.7661241" lon="11.4289834" visible="true" />
  <node id="-1923" lat="48.7661393" lon="11.4290719" visible="true" />
  <node id="-1924" lat="48.7651918" lon="11.4274636" visible="true" />
  <node id="-1925" lat="48.7651312" lon="11.4274949" visible="true" />
  <node id="-1926" lat="48.7651033" lon="11.4273819" visible="true" />
  <node id="-1927" lat="48.7651638" lon="11.4273506" visible="true" />
  <node id="-1928" lat="48.7668081" lon="11.4277155" visible="true" />
  <node id="-1929" lat="48.7668003" lon="11.4276737" visible="true" />
  <node id="-1930" lat="48.7667947" lon="11.4276433" visible="true" />
  <node id="-1931" lat="48.7655900" lon="11.4300210" visible="true" />
  <node id="-1932" lat="48.7656071" lon="11.4300816" visible="true" />
  <node id="-1933" lat="48.7657016" lon="11.4300346" visible="true" />
  <node id="-1934" lat="48.7656950" lon="11.4300050" visible="true" />
  <node id="-1935" lat="48.7656861" lon="11.4299656" visible="true" />
  <node id="-1936" lat="48.7661290" lon="11.4299254" visible="true" />
  <node id="-1937" lat="48.7661132" lon="11.4298501" visible="true" />
  <node id="-1938" lat="48.7660823" lon="11.4298558" visible="true" />
  <node id="-1939" lat="48.7660848" lon="11.4298957" visible="true" />
  <node id="-1940" lat="48.7660906" lon="11.4299552" visible="true" />
  <node id="-1941" lat="48.7665038" lon="11.4296851" visible="true" />
  <node id="-1942" lat="48.7665430" lon="11.4296418" visible="true" />
  <node id="-1943" lat="48.7665434" lon="11.4296159" visible="true" />
  <node id="-1944" lat="48.7664962" lon="11.4295247" visible="true" />
  <node id="-1945" lat="48.7664429" lon="11.4295827" visible="true" />
  <node id="-1946" lat="48.7664328" lon="11.4295937" visible="true" />
  <node id="-1947" lat="48.7664554" lon="11.4296380" visible="true" />
  <node id="-1948" lat="48.7664717" lon="11.4296222" visible="true" />
  <node id="-1949" lat="48.7657238" lon="11.4301171" visible="true" />
  <node id="-1950" lat="48.7657475" lon="11.4301029" visible="true" />
  <node id="-1951" lat="48.7658226" lon="11.4300569" visible="true" />
  <node id="-1952" lat="48.7658459" lon="11.4301583" visible="true" />
  <node id="-1953" lat="48.7657757" lon="11.4301937" visible="true" />
  <node id="-1954" lat="48.7657481" lon="11.4302077" visible="true" />
  <node id="-1955" lat="48.7657397" lon="11.4301802" visible="true" />
  <node id="-1956" lat="48.7659783" lon="11.4290489" visible="true" />
  <node id="-1957" lat="48.7660460" lon="11.4292771" visible="true" />
  <node id="-1958" lat="48.7661437" lon="11.4292104" visible="true" />
  <node id="-1959" lat="48.7661775" lon="11.4293244" visible="true" />
  <node id="-1960" lat="48.7660067" lon="11.4294409" visible="true" />
  <node id="-1961" lat="48.7659603" lon="11.4292845" visible="true" />
  <node id="-1962" lat="48.7659092" lon="11.4291030" visible="true" />
  <node id="-1963" lat="48.7659512" lon="11.4290674" visible="true" />
  <node id="-1964" lat="48.7664512" lon="11.4294177" visible="true" />
  <node id="-1965" lat="48.7664040" lon="11.4293076" visible="true" />
  <node id="-1966" lat="48.7663460" lon="11.4293607" visible="true" />
  <node id="-1967" lat="48.7663819" lon="11.4294411" visible="true" />
  <node id="-1968" lat="48.7663360" lon="11.4294804" visible="true" />
  <node id="-1969" lat="48.7663452" lon="11.4295146" visible="true" />
  <node id="-1970" lat="48.7663731" lon="11.4294892" visible="true" />
  <node id="-1971" lat="48.7664600" lon="11.4282769" visible="true" />
  <node id="-1972" lat="48.7664918" lon="11.4284452" visible="true" />
  <node id="-1973" lat="48.7663414" lon="11.4285106" visible="true" />
  <node id="-1974" lat="48.7663096" lon="11.4283423" visible="true" />
  <node id="-1975" lat="48.7658746" lon="11.4272816" visible="true" />
  <node id="-1976" lat="48.7660830" lon="11.4271946" visible="true" />
  <node id="-1977" lat="48.7661729" lon="11.4276776" visible="true" />
  <node id="-1978" lat="48.7660874" lon="11.4277119" visible="true" />
  <node id="-1979" lat="48.7659627" lon="11.4277650" visible="true" />
  <node id="-1980" lat="48.7659170" lon="11.4275302" visible="true" />
  <node id="-1981" lat="48.7650607" lon="11.4273376" visible="true" />
  <node id="-1982" lat="48.7650354" lon="11.4273624" visible="true" />
  <node id="-1983" lat="48.7649876" lon="11.4273744" visible="true" />
  <node id="-1984" lat="48.7650257" lon="11.4275482" visible="true" />
  <node id="-1985" lat="48.7648934" lon="11.4276192" visible="true" />
  <node id="-1986" lat="48.7648338" lon="11.4273577" visible="true" />
  <node id="-1987" lat="48.7648707" lon="11.4273364" visible="true" />
  <node id="-1988" lat="48.7648562" lon="11.4272181" visible="true" />
  <node id="-1989" lat="48.7659330" lon="11.4293923" visible="true" />
  <node id="-1990" lat="48.7658434" lon="11.4294485" visible="true" />
  <node id="-1991" lat="48.7658855" lon="11.4296246" visible="true" />
  <node id="-1992" lat="48.7659818" lon="11.4295694" visible="true" />
  <node id="-1993" lat="48.7662328" lon="11.4298167" visible="true" />
  <node id="-1994" lat="48.7663051" lon="11.4297399" visible="true" />
  <node id="-1995" lat="48.7663654" lon="11.4298588" visible="true" />
  <node id="-1996" lat="48.7662925" lon="11.4299398" visible="true" />
  <node id="-1997" lat="48.7662694" lon="11.4293819" visible="true" />
  <node id="-1998" lat="48.7662424" lon="11.4293033" visible="true" />
  <node id="-1999" lat="48.7660483" lon="11.4294566" visible="true" />
  <node id="-2000" lat="48.7660753" lon="11.4295352" visible="true" />
  <node id="-2001" lat="48.7661628" lon="11.4299007" visible="true" />
  <node id="-2002" lat="48.7661858" lon="11.4298710" visible="true" />
  <node id="-2003" lat="48.7662247" lon="11.4300238" visible="true" />
  <node id="-2004" lat="48.7661820" lon="11.4300584" visible="true" />
  <node id="-2005" lat="48.7660898" lon="11.4301438" visible="true" />
  <node id="-2006" lat="48.7660228" lon="11.4301823" visible="true" />
  <node id="-2007" lat="48.7659903" lon="11.4300521" visible="true" />
  <node id="-2008" lat="48.7659863" lon="11.4300362" visible="true" />
  <node id="-2009" lat="48.7660543" lon="11.4299932" visible="true" />
  <node id="-2010" lat="48.7660598" lon="11.4300052" visible="true" />
  <node id="-2011" lat="48.7660894" lon="11.4299837" visible="true" />
  <node id="-2012" lat="48.7660812" lon="11.4299625" visible="true" />
  <node id="-2013" lat="48.7656037" lon="11.4294202" visible="true" />
  <node id="-2014" lat="48.7655650" lon="11.4294412" visible="true" />
  <node id="-2015" lat="48.7659159" lon="11.4289564" visible="true" />
  <node id="-2016" lat="48.7659363" lon="11.4290234" visible="true" />
  <node id="-2017" lat="48.7657791" lon="11.4292003" visible="true" />
  <node id="-2018" lat="48.7657508" lon="11.4290754" visible="true" />
  <node id="-2019" lat="48.7663651" lon="11.4292169" visible="true" />
  <node id="-2020" lat="48.7663337" lon="11.4291389" visible="true" />
  <node id="-2021" lat="48.7662596" lon="11.4292017" visible="true" />
  <node id="-2022" lat="48.7662720" lon="11.4292341" visible="true" />
  <node id="-2023" lat="48.7662930" lon="11.4292159" visible="true" />
  <node id="-2024" lat="48.7663142" lon="11.4292664" visible="true" />
  <node id="-2025" lat="48.7660643" lon="11.4297057" visible="true" />
  <node id="-2026" lat="48.7660482" lon="11.4296320" visible="true" />
  <node id="-2027" lat="48.7661311" lon="11.4295848" visible="true" />
  <node id="-2028" lat="48.7661626" lon="11.4296823" visible="true" />
  <node id="-2029" lat="48.7662011" lon="11.4297573" visible="true" />
  <node id="-2030" lat="48.7661189" lon="11.4297430" visible="true" />
  <node id="-2031" lat="48.7660974" lon="11.4296854" visible="true" />
  <node id="-2032" lat="48.7657883" lon="11.4299172" visible="true" />
  <node id="-2033" lat="48.7657325" lon="11.4296608" visible="true" />
  <node id="-2034" lat="48.7656324" lon="11.4297125" visible="true" />
  <node id="-2035" lat="48.7656560" lon="11.4298071" visible="true" />
  <node id="-2036" lat="48.7656951" lon="11.4299604" visible="true" />
  <node id="-2037" lat="48.7659378" lon="11.4298350" visible="true" />
  <node id="-2038" lat="48.7660522" lon="11.4299849" visible="true" />
  <node id="-2039" lat="48.7660389" lon="11.4299229" visible="true" />
  <node id="-2040" lat="48.7660105" lon="11.4298165" visible="true" />
  <node id="-2041" lat="48.7660222" lon="11.4298070" visible="true" />
  <node id="-2042" lat="48.7660067" lon="11.4297498" visible="true" />
  <node id="-2043" lat="48.7659780" lon="11.4297663" visible="true" />
  <node id="-2044" lat="48.7659879" lon="11.4298063" visible="true" />
  <node id="-2045" lat="48.7650416" lon="11.4273959" visible="true" />
  <node id="-2046" lat="48.7650754" lon="11.4273855" visible="true" />
  <node id="-2047" lat="48.7651065" lon="11.4275104" visible="true" />
  <node id="-2048" lat="48.7663873" lon="11.4296450" visible="true" />
  <node id="-2049" lat="48.7664436" lon="11.4297613" visible="true" />
  <node id="-2050" lat="48.7660912" lon="11.4289814" visible="true" />
  <node id="-2051" lat="48.7660467" lon="11.4288494" visible="true" />
  <node id="-2052" lat="48.7659676" lon="11.4289108" visible="true" />
  <node id="-2053" lat="48.7659912" lon="11.4289807" visible="true" />
  <node id="-2054" lat="48.7660061" lon="11.4290249" visible="true" />
  <node id="-2055" lat="48.7660122" lon="11.4290428" visible="true" />
  <node id="-2056" lat="48.7667356" lon="11.4276974" visible="true" />
  <node id="-2057" lat="48.7667661" lon="11.4276526" visible="true" />
  <node id="-2058" lat="48.7655500" lon="11.4298628" visible="true" />
  <node id="-2059" lat="48.7659862" lon="11.4296675" visible="true" />
  <node id="-2060" lat="48.7660368" lon="11.4295862" visible="true" />
  <node id="-2061" lat="48.7660060" lon="11.4296038" visible="true" />
  <node id="-2062" lat="48.7659955" lon="11.4295616" visible="true" />
  <node id="-2063" lat="48.7661196" lon="11.4278856" visible="true" />
  <node id="-2064" lat="48.7661588" lon="11.4278689" visible="true" />
  <node id="-2065" lat="48.7661790" lon="11.4279781" visible="true" />
  <node id="-2066" lat="48.7661408" lon="11.4279944" visible="true" />
  <node id="-2067" lat="48.7662021" lon="11.4283255" visible="true" />
  <node id="-2068" lat="48.7660762" lon="11.4283780" visible="true" />
  <node id="-2069" lat="48.7657065" lon="11.4301978" visible="true" />
  <node id="-2070" lat="48.7657399" lon="11.4303314" visible="true" />
  <node id="-2071" lat="48.7657725" lon="11.4303091" visible="true" />
  <node id="-2072" lat="48.7657905" lon="11.4303759" visible="true" />
  <node id="-2073" lat="48.7656967" lon="11.4304414" visible="true" />
  <node id="-2074" lat="48.7656332" lon="11.4301694" visible="true" />
  <node id="-2075" lat="48.7662192" lon="11.4291075" visible="true" />
  <node id="-2076" lat="48.7661338" lon="11.4291880" visible="true" />
  <node id="-2077" lat="48.7661228" lon="11.4290822" visible="true" />
  <node id="-2078" lat="48.7661865" lon="11.4290427" visible="true" />
  <node id="-2079" lat="48.7661933" lon="11.4290369" visible="true" />
  <node id="-2080" lat="48.7668426" lon="11.4275490" visible="true" />
  <node id="-2081" lat="48.7667545" lon="11.4275822" visible="true" />
  <node id="-2082" lat="48.7662950" lon="11.4290356" visible="true" />
  <node id="-2083" lat="48.7662366" lon="11.4288933" visible="true" />
  <node id="-2084" lat="48.7661885" lon="11.4289368" visible="true" />
  <node id="-2085" lat="48.7662005" lon="11.4289723" visible="true" />
  <node id="-2086" lat="48.7661718" lon="11.4289971" visible="true" />
  <node id="-2087" lat="48.7662176" lon="11.4290158" visible="true" />
  <node id="-2088" lat="48.7662459" lon="11.4290832" visible="true" />
  <node id="-2089" lat="48.7664046" lon="11.4296262" visible="true" />
  <node id="-2090" lat="48.7664285" lon="11.4296186" visible="true" />
  <node id="-2091" lat="48.7664445" lon="11.4296519" visible="true" />
  <node id="-2092" lat="48.7652744" lon="11.4272910" visible="true" />
  <node id="-2093" lat="48.7651853" lon="11.4272663" visible="true" />
  <node id="-2094" lat="48.7662833" lon="11.4292964" visible="true" />
  <node id="-2095" lat="48.7662974" lon="11.4293465" visible="true" />
  <node id="-2096" lat="48.7663271" lon="11.4293157" visible="true" />
  <node id="-2097" lat="48.7659133" lon="11.4293183" visible="true" />
  <node id="-2098" lat="48.7658236" lon="11.4293658" visible="true" />
  <node id="-2099" lat="48.7659246" lon="11.4283938" visible="true" />
  <node id="-2100" lat="48.7659397" lon="11.4284724" visible="true" />
  <node id="-2101" lat="48.7659782" lon="11.4284553" visible="true" />
  <node id="-2102" lat="48.7659979" lon="11.4285577" visible="true" />
  <node id="-2103" lat="48.7659574" lon="11.4285757" visible="true" />
  <node id="-2104" lat="48.7659778" lon="11.4286813" visible="true" />
  <node id="-2105" lat="48.7662854" lon="11.4296974" visible="true" />
  <node id="-2106" lat="48.7662600" lon="11.4296149" visible="true" />
  <node id="-2107" lat="48.7661757" lon="11.4296748" visible="true" />
  <node id="-2108" lat="48.7663944" lon="11.4295380" visible="true" />
  <node id="-2109" lat="48.7664153" lon="11.4295209" visible="true" />
  <node id="-2110" lat="48.7657889" lon="11.4302503" visible="true" />
  <node id="-2111" lat="48.7657711" lon="11.4302630" visible="true" />
  <node id="-2112" lat="48.7657810" lon="11.4303018" visible="true" />
  <node id="-2113" lat="48.7658754" lon="11.4303215" visible="true" />
  <node id="-2114" lat="48.7658817" lon="11.4302978" visible="true" />
  <node id="-2115" lat="48.7663004" lon="11.4290523" visible="true" />
  <node id="-2116" lat="48.7662496" lon="11.4290984" visible="true" />
  <node id="-2117" lat="48.7662760" lon="11.4291678" visible="true" />
  <node id="-2118" lat="48.7662546" lon="11.4291870" visible="true" />
  <node id="-2119" lat="48.7667466" lon="11.4277469" visible="true" />
  <node id="-2120" lat="48.7666655" lon="11.4277854" visible="true" />
  <node id="-2121" lat="48.7652590" lon="11.4274254" visible="true" />
  <node id="-2122" lat="48.7652219" lon="11.4273175" visible="true" />
  <node id="-2123" lat="48.7652264" lon="11.4272784" visible="true" />
  <node id="-2124" lat="48.7657080" lon="11.4299979" visible="true" />
  <node id="-2125" lat="48.7657132" lon="11.4300311" visible="true" />
  <node id="-2126" lat="48.7657289" lon="11.4300248" visible="true" />
  <node id="-2127" lat="48.7659726" lon="11.4284213" visible="true" />
  <node id="-2128" lat="48.7662528" lon="11.4283043" visible="true" />
  <node id="-2129" lat="48.7662833" lon="11.4284726" visible="true" />
  <node id="-2130" lat="48.7660029" lon="11.4285884" visible="true" />
  <node id="-2131" lat="48.7643728" lon="11.4223536" visible="true" />
  <node id="-2132" lat="48.7643607" lon="11.4223586" visible="true" />
  <node id="-2133" lat="48.7643577" lon="11.4223400" visible="true" />
  <node id="-2134" lat="48.7643702" lon="11.4223352" visible="true" />
  <node id="-2135" lat="48.7643437" lon="11.4224026" visible="true" />
  <node id="-2136" lat="48.7643550" lon="11.4224711" visible="true" />
  <node id="-2137" lat="48.7643907" lon="11.4224582" visible="true" />
  <node id="-2138" lat="48.7646709" lon="11.4225635" visible="true" />
  <node id="-2139" lat="48.7645232" lon="11.4226100" visible="true" />
  <node id="-2140" lat="48.7645281" lon="11.4226528" visible="true" />
  <node id="-2141" lat="48.7645389" lon="11.4227503" visible="true" />
  <node id="-2142" lat="48.7646890" lon="11.4227240" visible="true" />
  <node id="-2143" lat="48.7645197" lon="11.4224073" visible="true" />
  <node id="-2144" lat="48.7645018" lon="11.4223027" visible="true" />
  <node id="-2145" lat="48.7647272" lon="11.4231374" visible="true" />
  <node id="-2146" lat="48.7647180" lon="11.4230234" visible="true" />
  <node id="-2147" lat="48.7646076" lon="11.4230444" visible="true" />
  <node id="-2148" lat="48.7646198" lon="11.4231545" visible="true" />
  <node id="-2149" lat="48.7641053" lon="11.4227409" visible="true" />
  <node id="-2150" lat="48.7642508" lon="11.4226938" visible="true" />
  <node id="-2151" lat="48.7646480" lon="11.4223987" visible="true" />
  <node id="-2152" lat="48.7646320" lon="11.4223052" visible="true" />
  <node id="-2153" lat="48.7645495" lon="11.4223378" visible="true" />
  <node id="-2154" lat="48.7645656" lon="11.4224313" visible="true" />
  <node id="-2155" lat="48.7647108" lon="11.4229215" visible="true" />
  <node id="-2156" lat="48.7645983" lon="11.4229451" visible="true" />
  <node id="-2157" lat="48.7642637" lon="11.4226897" visible="true" />
  <node id="-2158" lat="48.7647422" lon="11.4234535" visible="true" />
  <node id="-2159" lat="48.7647480" lon="11.4234430" visible="true" />
  <node id="-2160" lat="48.7647545" lon="11.4234317" visible="true" />
  <node id="-2161" lat="48.7647373" lon="11.4232540" visible="true" />
  <node id="-2162" lat="48.7646369" lon="11.4232756" visible="true" />
  <node id="-2163" lat="48.7646592" lon="11.4234737" visible="true" />
  <node id="-2164" lat="48.7646344" lon="11.4234797" visible="true" />
  <node id="-2165" lat="48.7646940" lon="11.4227514" visible="true" />
  <node id="-2166" lat="48.7645677" lon="11.4227756" visible="true" />
  <node id="-2167" lat="48.7645840" lon="11.4229482" visible="true" />
  <node id="-2168" lat="48.7645828" lon="11.4231603" visible="true" />
  <node id="-2169" lat="48.7645950" lon="11.4232845" visible="true" />
  <node id="-2170" lat="48.7644770" lon="11.4224667" visible="true" />
  <node id="-2171" lat="48.7645034" lon="11.4226151" visible="true" />
  <node id="-2172" lat="48.7646135" lon="11.4222037" visible="true" />
  <node id="-2173" lat="48.7645237" lon="11.4222417" visible="true" />
  <node id="-2174" lat="48.7645117" lon="11.4222467" visible="true" />
  <node id="-2175" lat="48.7645216" lon="11.4223001" visible="true" />
  <node id="-2176" lat="48.7645417" lon="11.4222916" visible="true" />
  <node id="-2177" lat="48.7644786" lon="11.4310924" visible="true" />
  <node id="-2178" lat="48.7643888" lon="11.4302588" visible="true" />
  <node id="-2179" lat="48.7643352" lon="11.4304062" visible="true" />
  <node id="-2180" lat="48.7643105" lon="11.4303013" visible="true" />
  <node id="-2181" lat="48.7643376" lon="11.4302866" visible="true" />
  <node id="-2182" lat="48.7648446" lon="11.4309604" visible="true" />
  <node id="-2183" lat="48.7649951" lon="11.4313579" visible="true" />
  <node id="-2184" lat="48.7649457" lon="11.4314508" visible="true" />
  <node id="-2185" lat="48.7648750" lon="11.4314014" visible="true" />
  <node id="-2186" lat="48.7649755" lon="11.4312358" visible="true" />
  <node id="-2187" lat="48.7641812" lon="11.4291487" visible="true" />
  <node id="-2188" lat="48.7642092" lon="11.4292327" visible="true" />
  <node id="-2189" lat="48.7641128" lon="11.4293046" visible="true" />
  <node id="-2190" lat="48.7640905" lon="11.4292358" visible="true" />
  <node id="-2191" lat="48.7640882" lon="11.4292286" visible="true" />
  <node id="-2192" lat="48.7718441" lon="11.4329331" visible="true" />
  <node id="-2193" lat="48.7718898" lon="11.4328869" visible="true" />
  <node id="-2194" lat="48.7718731" lon="11.4328488" visible="true" />
  <node id="-2195" lat="48.7719581" lon="11.4327630" visible="true" />
  <node id="-2196" lat="48.7720231" lon="11.4329111" visible="true" />
  <node id="-2197" lat="48.7719837" lon="11.4329501" visible="true" />
  <node id="-2198" lat="48.7719823" lon="11.4329646" visible="true" />
  <node id="-2199" lat="48.7719561" lon="11.4329898" visible="true" />
  <node id="-2200" lat="48.7719482" lon="11.4329869" visible="true" />
  <node id="-2201" lat="48.7718924" lon="11.4330432" visible="true" />
  <node id="-2202" lat="48.7713777" lon="11.4325783" visible="true" />
  <node id="-2203" lat="48.7713524" lon="11.4325723" visible="true" />
  <node id="-2204" lat="48.7713383" lon="11.4325315" visible="true" />
  <node id="-2205" lat="48.7713306" lon="11.4325275" visible="true" />
  <node id="-2206" lat="48.7713373" lon="11.4324822" visible="true" />
  <node id="-2207" lat="48.7713452" lon="11.4324850" visible="true" />
  <node id="-2208" lat="48.7713785" lon="11.4324536" visible="true" />
  <node id="-2209" lat="48.7713793" lon="11.4324428" visible="true" />
  <node id="-2210" lat="48.7714118" lon="11.4324531" visible="true" />
  <node id="-2211" lat="48.7714090" lon="11.4324670" visible="true" />
  <node id="-2212" lat="48.7714251" lon="11.4325047" visible="true" />
  <node id="-2213" lat="48.7714178" lon="11.4325460" visible="true" />
  <node id="-2214" lat="48.7710072" lon="11.4329742" visible="true" />
  <node id="-2215" lat="48.7710401" lon="11.4329423" visible="true" />
  <node id="-2216" lat="48.7710723" lon="11.4329103" visible="true" />
  <node id="-2217" lat="48.7711571" lon="11.4331249" visible="true" />
  <node id="-2218" lat="48.7710881" lon="11.4331900" visible="true" />
  <node id="-2219" lat="48.7682727" lon="11.4285715" visible="true" />
  <node id="-2220" lat="48.7681393" lon="11.4283355" visible="true" />
  <node id="-2221" lat="48.7680408" lon="11.4284637" visible="true" />
  <node id="-2222" lat="48.7681742" lon="11.4286997" visible="true" />
  <node id="-2223" lat="48.7680276" lon="11.4288824" visible="true" />
  <node id="-2224" lat="48.7678942" lon="11.4286464" visible="true" />
  <node id="-2225" lat="48.7677957" lon="11.4287747" visible="true" />
  <node id="-2226" lat="48.7679291" lon="11.4290106" visible="true" />
  <node id="-2227" lat="48.7677809" lon="11.4292009" visible="true" />
  <node id="-2228" lat="48.7676474" lon="11.4289650" visible="true" />
  <node id="-2229" lat="48.7675489" lon="11.4290932" visible="true" />
  <node id="-2230" lat="48.7676823" lon="11.4293291" visible="true" />
  <node id="-2231" lat="48.7644068" lon="11.4290880" visible="true" />
  <node id="-2232" lat="48.7644521" lon="11.4292920" visible="true" />
  <node id="-2233" lat="48.7644142" lon="11.4293134" visible="true" />
  <node id="-2234" lat="48.7643996" lon="11.4292715" visible="true" />
  <node id="-2235" lat="48.7643117" lon="11.4293196" visible="true" />
  <node id="-2236" lat="48.7642669" lon="11.4291692" visible="true" />
  <node id="-2237" lat="48.7642335" lon="11.4290648" visible="true" />
  <node id="-2238" lat="48.7642032" lon="11.4289652" visible="true" />
  <node id="-2239" lat="48.7644384" lon="11.4288569" visible="true" />
  <node id="-2240" lat="48.7644480" lon="11.4288954" visible="true" />
  <node id="-2241" lat="48.7644588" lon="11.4289388" visible="true" />
  <node id="-2242" lat="48.7644953" lon="11.4290454" visible="true" />
  <node id="-2243" lat="48.7644677" lon="11.4289352" visible="true" />
  <node id="-2244" lat="48.7646849" lon="11.4291834" visible="true" />
  <node id="-2245" lat="48.7646004" lon="11.4292245" visible="true" />
  <node id="-2246" lat="48.7645576" lon="11.4292462" visible="true" />
  <node id="-2247" lat="48.7645141" lon="11.4290545" visible="true" />
  <node id="-2248" lat="48.7645333" lon="11.4290448" visible="true" />
  <node id="-2249" lat="48.7646422" lon="11.4289948" visible="true" />
  <node id="-2250" lat="48.7645106" lon="11.4290381" visible="true" />
  <node id="-2251" lat="48.7644746" lon="11.4294409" visible="true" />
  <node id="-2252" lat="48.7643636" lon="11.4294919" visible="true" />
  <node id="-2253" lat="48.7645813" lon="11.4293880" visible="true" />
  <node id="-2254" lat="48.7645662" lon="11.4293200" visible="true" />
  <node id="-2255" lat="48.7645804" lon="11.4293840" visible="true" />
  <node id="-2256" lat="48.7644950" lon="11.4288716" visible="true" />
  <node id="-2257" lat="48.7645958" lon="11.4287765" visible="true" />
  <node id="-2258" lat="48.7647114" lon="11.4293172" visible="true" />
  <node id="-2259" lat="48.7646118" lon="11.4293679" visible="true" />
  <node id="-2260" lat="48.7646127" lon="11.4292962" visible="true" />
  <node id="-2261" lat="48.7648052" lon="11.4265859" visible="true" />
  <node id="-2262" lat="48.7648892" lon="11.4265647" visible="true" />
  <node id="-2263" lat="48.7648865" lon="11.4263709" visible="true" />
  <node id="-2264" lat="48.7648036" lon="11.4263764" visible="true" />
  <node id="-2265" lat="48.7647387" lon="11.4255576" visible="true" />
  <node id="-2266" lat="48.7646049" lon="11.4255804" visible="true" />
  <node id="-2267" lat="48.7647698" lon="11.4262523" visible="true" />
  <node id="-2268" lat="48.7648864" lon="11.4262525" visible="true" />
  <node id="-2269" lat="48.7646144" lon="11.4257284" visible="true" />
  <node id="-2270" lat="48.7647775" lon="11.4263775" visible="true" />
  <node id="-2271" lat="48.7647438" lon="11.4266002" visible="true" />
  <node id="-2272" lat="48.7647342" lon="11.4263852" visible="true" />
  <node id="-2273" lat="48.7648239" lon="11.4276490" visible="true" />
  <node id="-2274" lat="48.7647659" lon="11.4276861" visible="true" />
  <node id="-2275" lat="48.7647299" lon="11.4275280" visible="true" />
  <node id="-2276" lat="48.7647982" lon="11.4274921" visible="true" />
  <node id="-2277" lat="48.7647746" lon="11.4273887" visible="true" />
  <node id="-2278" lat="48.7644247" lon="11.4267760" visible="true" />
  <node id="-2279" lat="48.7645819" lon="11.4267406" visible="true" />
  <node id="-2280" lat="48.7645905" lon="11.4268283" visible="true" />
  <node id="-2281" lat="48.7645380" lon="11.4268401" visible="true" />
  <node id="-2282" lat="48.7645404" lon="11.4268643" visible="true" />
  <node id="-2283" lat="48.7645226" lon="11.4268683" visible="true" />
  <node id="-2284" lat="48.7644357" lon="11.4268879" visible="true" />
  <node id="-2285" lat="48.7644597" lon="11.4270950" visible="true" />
  <node id="-2286" lat="48.7644449" lon="11.4269726" visible="true" />
  <node id="-2287" lat="48.7645309" lon="11.4269487" visible="true" />
  <node id="-2288" lat="48.7645382" lon="11.4270094" visible="true" />
  <node id="-2289" lat="48.7646009" lon="11.4269919" visible="true" />
  <node id="-2290" lat="48.7646026" lon="11.4270061" visible="true" />
  <node id="-2291" lat="48.7646083" lon="11.4270537" visible="true" />
  <node id="-2292" lat="48.7646530" lon="11.4268228" visible="true" />
  <node id="-2293" lat="48.7646659" lon="11.4269067" visible="true" />
  <node id="-2294" lat="48.7647640" lon="11.4268696" visible="true" />
  <node id="-2295" lat="48.7647544" lon="11.4268020" visible="true" />
  <node id="-2296" lat="48.7644373" lon="11.4269024" visible="true" />
  <node id="-2297" lat="48.7643303" lon="11.4260526" visible="true" />
  <node id="-2298" lat="48.7645117" lon="11.4260137" visible="true" />
  <node id="-2299" lat="48.7645657" lon="11.4277640" visible="true" />
  <node id="-2300" lat="48.7645241" lon="11.4274991" visible="true" />
  <node id="-2301" lat="48.7646250" lon="11.4274567" visible="true" />
  <node id="-2302" lat="48.7646444" lon="11.4275652" visible="true" />
  <node id="-2303" lat="48.7666818" lon="11.4321540" visible="true" />
  <node id="-2304" lat="48.7665242" lon="11.4322316" visible="true" />
  <node id="-2305" lat="48.7665334" lon="11.4322839" visible="true" />
  <node id="-2306" lat="48.7665244" lon="11.4322872" visible="true" />
  <node id="-2307" lat="48.7664490" lon="11.4323138" visible="true" />
  <node id="-2308" lat="48.7663426" lon="11.4323650" visible="true" />
  <node id="-2309" lat="48.7663362" lon="11.4323678" visible="true" />
  <node id="-2310" lat="48.7662161" lon="11.4324195" visible="true" />
  <node id="-2311" lat="48.7661805" lon="11.4322474" visible="true" />
  <node id="-2312" lat="48.7661507" lon="11.4321011" visible="true" />
  <node id="-2313" lat="48.7666175" lon="11.4318330" visible="true" />
  <node id="-2314" lat="48.7666115" lon="11.4318030" visible="true" />
  <node id="-2315" lat="48.7670330" lon="11.4315624" visible="true" />
  <node id="-2316" lat="48.7670388" lon="11.4315858" visible="true" />
  <node id="-2317" lat="48.7670421" lon="11.4315840" visible="true" />
  <node id="-2318" lat="48.7670437" lon="11.4315894" visible="true" />
  <node id="-2319" lat="48.7670652" lon="11.4315769" visible="true" />
  <node id="-2320" lat="48.7671165" lon="11.4317845" visible="true" />
  <node id="-2321" lat="48.7670890" lon="11.4318054" visible="true" />
  <node id="-2322" lat="48.7670961" lon="11.4318425" visible="true" />
  <node id="-2323" lat="48.7671021" lon="11.4318660" visible="true" />
  <node id="-2324" lat="48.7671226" lon="11.4319472" visible="true" />
  <node id="-2325" lat="48.7670580" lon="11.4319787" visible="true" />
  <node id="-2326" lat="48.7669287" lon="11.4320415" visible="true" />
  <node id="-2327" lat="48.7667879" lon="11.4321059" visible="true" />
  <node id="-2328" lat="48.7667856" lon="11.4321069" visible="true" />
  <node id="-2329" lat="48.7671758" lon="11.4244556" visible="true" />
  <node id="-2330" lat="48.7672824" lon="11.4244429" visible="true" />
  <node id="-2331" lat="48.7672943" lon="11.4246934" visible="true" />
  <node id="-2332" lat="48.7671712" lon="11.4246914" visible="true" />
  <node id="-2333" lat="48.7671787" lon="11.4246118" visible="true" />
  <node id="-2334" lat="48.7663066" lon="11.4300541" visible="true" />
  <node id="-2335" lat="48.7662999" lon="11.4300512" visible="true" />
  <node id="-2336" lat="48.7662859" lon="11.4300658" visible="true" />
  <node id="-2337" lat="48.7662849" lon="11.4300765" visible="true" />
  <node id="-2338" lat="48.7662797" lon="11.4300826" visible="true" />
  <node id="-2339" lat="48.7662729" lon="11.4300818" visible="true" />
  <node id="-2340" lat="48.7662368" lon="11.4301180" visible="true" />
  <node id="-2341" lat="48.7662407" lon="11.4301270" visible="true" />
  <node id="-2342" lat="48.7662706" lon="11.4301992" visible="true" />
  <node id="-2343" lat="48.7663428" lon="11.4301353" visible="true" />
  <node id="-2344" lat="48.7672734" lon="11.4288532" visible="true" />
  <node id="-2345" lat="48.7672790" lon="11.4288565" visible="true" />
  <node id="-2346" lat="48.7672856" lon="11.4288581" visible="true" />
  <node id="-2347" lat="48.7672899" lon="11.4288576" visible="true" />
  <node id="-2348" lat="48.7672955" lon="11.4288550" visible="true" />
  <node id="-2349" lat="48.7673013" lon="11.4288492" visible="true" />
  <node id="-2350" lat="48.7673062" lon="11.4288396" visible="true" />
  <node id="-2351" lat="48.7673084" lon="11.4288302" visible="true" />
  <node id="-2352" lat="48.7673085" lon="11.4288164" visible="true" />
  <node id="-2353" lat="48.7673058" lon="11.4288056" visible="true" />
  <node id="-2354" lat="48.7672582" lon="11.4287326" visible="true" />
  <node id="-2355" lat="48.7672261" lon="11.4287807" visible="true" />
  <node id="-2356" lat="48.7675368" lon="11.4282458" visible="true" />
  <node id="-2357" lat="48.7674911" lon="11.4283337" visible="true" />
  <node id="-2358" lat="48.7675461" lon="11.4283864" visible="true" />
  <node id="-2359" lat="48.7675618" lon="11.4283550" visible="true" />
  <node id="-2360" lat="48.7675673" lon="11.4283579" visible="true" />
  <node id="-2361" lat="48.7675739" lon="11.4283581" visible="true" />
  <node id="-2362" lat="48.7675782" lon="11.4283567" visible="true" />
  <node id="-2363" lat="48.7675835" lon="11.4283530" visible="true" />
  <node id="-2364" lat="48.7675887" lon="11.4283460" visible="true" />
  <node id="-2365" lat="48.7675927" lon="11.4283355" visible="true" />
  <node id="-2366" lat="48.7675940" lon="11.4283257" visible="true" />
  <node id="-2367" lat="48.7675928" lon="11.4283120" visible="true" />
  <node id="-2368" lat="48.7675883" lon="11.4283036" visible="true" />
  <node id="-2369" lat="48.7666590" lon="11.4297471" visible="true" />
  <node id="-2370" lat="48.7666641" lon="11.4297511" visible="true" />
  <node id="-2371" lat="48.7666707" lon="11.4297527" visible="true" />
  <node id="-2372" lat="48.7666750" lon="11.4297522" visible="true" />
  <node id="-2373" lat="48.7666806" lon="11.4297496" visible="true" />
  <node id="-2374" lat="48.7666864" lon="11.4297438" visible="true" />
  <node id="-2375" lat="48.7666913" lon="11.4297342" visible="true" />
  <node id="-2376" lat="48.7666935" lon="11.4297248" visible="true" />
  <node id="-2377" lat="48.7666936" lon="11.4297110" visible="true" />
  <node id="-2378" lat="48.7666899" lon="11.4297017" visible="true" />
  <node id="-2379" lat="48.7666540" lon="11.4296447" visible="true" />
  <node id="-2380" lat="48.7666370" lon="11.4296682" visible="true" />
  <node id="-2381" lat="48.7666280" lon="11.4296533" visible="true" />
  <node id="-2382" lat="48.7666129" lon="11.4296723" visible="true" />
  <node id="-2383" lat="48.7674115" lon="11.4284805" visible="true" />
  <node id="-2384" lat="48.7673716" lon="11.4285537" visible="true" />
  <node id="-2385" lat="48.7674214" lon="11.4286237" visible="true" />
  <node id="-2386" lat="48.7674275" lon="11.4286140" visible="true" />
  <node id="-2387" lat="48.7674327" lon="11.4286175" visible="true" />
  <node id="-2388" lat="48.7674394" lon="11.4286185" visible="true" />
  <node id="-2389" lat="48.7674436" lon="11.4286176" visible="true" />
  <node id="-2390" lat="48.7674491" lon="11.4286144" visible="true" />
  <node id="-2391" lat="48.7674547" lon="11.4286081" visible="true" />
  <node id="-2392" lat="48.7674592" lon="11.4285981" visible="true" />
  <node id="-2393" lat="48.7674610" lon="11.4285885" visible="true" />
  <node id="-2394" lat="48.7674605" lon="11.4285747" visible="true" />
  <node id="-2395" lat="48.7674564" lon="11.4285658" visible="true" />
  <node id="-2396" lat="48.7674665" lon="11.4285455" visible="true" />
  <node id="-2397" lat="48.7671307" lon="11.4289234" visible="true" />
  <node id="-2398" lat="48.7670004" lon="11.4291231" visible="true" />
  <node id="-2399" lat="48.7670441" lon="11.4291936" visible="true" />
  <node id="-2400" lat="48.7671191" lon="11.4290894" visible="true" />
  <node id="-2401" lat="48.7671242" lon="11.4290934" visible="true" />
  <node id="-2402" lat="48.7671308" lon="11.4290950" visible="true" />
  <node id="-2403" lat="48.7671351" lon="11.4290945" visible="true" />
  <node id="-2404" lat="48.7671407" lon="11.4290919" visible="true" />
  <node id="-2405" lat="48.7671465" lon="11.4290861" visible="true" />
  <node id="-2406" lat="48.7671514" lon="11.4290765" visible="true" />
  <node id="-2407" lat="48.7671536" lon="11.4290671" visible="true" />
  <node id="-2408" lat="48.7671522" lon="11.4290516" visible="true" />
  <node id="-2409" lat="48.7671482" lon="11.4290424" visible="true" />
  <node id="-2410" lat="48.7671773" lon="11.4289982" visible="true" />
  <node id="-2411" lat="48.7680812" lon="11.4258885" visible="true" />
  <node id="-2412" lat="48.7680917" lon="11.4258932" visible="true" />
  <node id="-2413" lat="48.7680987" lon="11.4259019" visible="true" />
  <node id="-2414" lat="48.7681022" lon="11.4259104" visible="true" />
  <node id="-2415" lat="48.7681041" lon="11.4259222" visible="true" />
  <node id="-2416" lat="48.7681034" lon="11.4259327" visible="true" />
  <node id="-2417" lat="48.7681013" lon="11.4259410" visible="true" />
  <node id="-2418" lat="48.7680988" lon="11.4259464" visible="true" />
  <node id="-2419" lat="48.7680939" lon="11.4259532" visible="true" />
  <node id="-2420" lat="48.7680845" lon="11.4259584" visible="true" />
  <node id="-2421" lat="48.7680855" lon="11.4260075" visible="true" />
  <node id="-2422" lat="48.7680856" lon="11.4260201" visible="true" />
  <node id="-2423" lat="48.7680688" lon="11.4260205" visible="true" />
  <node id="-2424" lat="48.7680020" lon="11.4260228" visible="true" />
  <node id="-2425" lat="48.7680014" lon="11.4260071" visible="true" />
  <node id="-2426" lat="48.7679945" lon="11.4258260" visible="true" />
  <node id="-2427" lat="48.7680781" lon="11.4258190" visible="true" />
  <node id="-2428" lat="48.7664895" lon="11.4298314" visible="true" />
  <node id="-2429" lat="48.7664686" lon="11.4298589" visible="true" />
  <node id="-2430" lat="48.7664660" lon="11.4298536" visible="true" />
  <node id="-2431" lat="48.7664199" lon="11.4299066" visible="true" />
  <node id="-2432" lat="48.7664656" lon="11.4299992" visible="true" />
  <node id="-2433" lat="48.7665052" lon="11.4299536" visible="true" />
  <node id="-2434" lat="48.7665098" lon="11.4299570" visible="true" />
  <node id="-2435" lat="48.7665163" lon="11.4299589" visible="true" />
  <node id="-2436" lat="48.7665207" lon="11.4299586" visible="true" />
  <node id="-2437" lat="48.7665263" lon="11.4299562" visible="true" />
  <node id="-2438" lat="48.7665323" lon="11.4299507" visible="true" />
  <node id="-2439" lat="48.7665374" lon="11.4299413" visible="true" />
  <node id="-2440" lat="48.7665398" lon="11.4299320" visible="true" />
  <node id="-2441" lat="48.7665401" lon="11.4299183" visible="true" />
  <node id="-2442" lat="48.7665383" lon="11.4299120" visible="true" />
  <node id="-2443" lat="48.7661757" lon="11.4301871" visible="true" />
  <node id="-2444" lat="48.7661454" lon="11.4302151" visible="true" />
  <node id="-2445" lat="48.7660950" lon="11.4302520" visible="true" />
  <node id="-2446" lat="48.7661214" lon="11.4303303" visible="true" />
  <node id="-2447" lat="48.7661671" lon="11.4302971" visible="true" />
  <node id="-2448" lat="48.7661708" lon="11.4303022" visible="true" />
  <node id="-2449" lat="48.7661748" lon="11.4303059" visible="true" />
  <node id="-2450" lat="48.7661806" lon="11.4303085" visible="true" />
  <node id="-2451" lat="48.7661846" lon="11.4303088" visible="true" />
  <node id="-2452" lat="48.7661898" lon="11.4303074" visible="true" />
  <node id="-2453" lat="48.7661955" lon="11.4303032" visible="true" />
  <node id="-2454" lat="48.7662007" lon="11.4302954" visible="true" />
  <node id="-2455" lat="48.7662034" lon="11.4302873" visible="true" />
  <node id="-2456" lat="48.7662045" lon="11.4302749" visible="true" />
  <node id="-2457" lat="48.7662034" lon="11.4302668" visible="true" />
  <node id="-2458" lat="48.7662014" lon="11.4302603" visible="true" />
  <node id="-2459" lat="48.7669612" lon="11.4293150" visible="true" />
  <node id="-2460" lat="48.7669663" lon="11.4293190" visible="true" />
  <node id="-2461" lat="48.7669729" lon="11.4293206" visible="true" />
  <node id="-2462" lat="48.7669772" lon="11.4293201" visible="true" />
  <node id="-2463" lat="48.7669828" lon="11.4293175" visible="true" />
  <node id="-2464" lat="48.7669886" lon="11.4293117" visible="true" />
  <node id="-2465" lat="48.7669935" lon="11.4293021" visible="true" />
  <node id="-2466" lat="48.7669957" lon="11.4292927" visible="true" />
  <node id="-2467" lat="48.7669958" lon="11.4292789" visible="true" />
  <node id="-2468" lat="48.7669921" lon="11.4292696" visible="true" />
  <node id="-2469" lat="48.7670019" lon="11.4292540" visible="true" />
  <node id="-2470" lat="48.7669854" lon="11.4292275" visible="true" />
  <node id="-2471" lat="48.7669516" lon="11.4292796" visible="true" />
  <node id="-2472" lat="48.7669231" lon="11.4292346" visible="true" />
  <node id="-2473" lat="48.7668601" lon="11.4293160" visible="true" />
  <node id="-2474" lat="48.7669072" lon="11.4293950" visible="true" />
  <node id="-2475" lat="48.7663746" lon="11.4299587" visible="true" />
  <node id="-2476" lat="48.7663094" lon="11.4300338" visible="true" />
  <node id="-2477" lat="48.7663475" lon="11.4301451" visible="true" />
  <node id="-2478" lat="48.7663519" lon="11.4301492" visible="true" />
  <node id="-2479" lat="48.7663583" lon="11.4301521" visible="true" />
  <node id="-2480" lat="48.7663627" lon="11.4301524" visible="true" />
  <node id="-2481" lat="48.7663684" lon="11.4301509" visible="true" />
  <node id="-2482" lat="48.7663746" lon="11.4301462" visible="true" />
  <node id="-2483" lat="48.7663804" lon="11.4301377" visible="true" />
  <node id="-2484" lat="48.7663833" lon="11.4301288" visible="true" />
  <node id="-2485" lat="48.7663845" lon="11.4301151" visible="true" />
  <node id="-2486" lat="48.7663821" lon="11.4301039" visible="true" />
  <node id="-2487" lat="48.7663796" lon="11.4300982" visible="true" />
  <node id="-2488" lat="48.7664207" lon="11.4300509" visible="true" />
  <node id="-2489" lat="48.7667599" lon="11.4294472" visible="true" />
  <node id="-2490" lat="48.7666589" lon="11.4295794" visible="true" />
  <node id="-2491" lat="48.7666550" lon="11.4296014" visible="true" />
  <node id="-2492" lat="48.7666545" lon="11.4296228" visible="true" />
  <node id="-2493" lat="48.7667029" lon="11.4296831" visible="true" />
  <node id="-2494" lat="48.7668119" lon="11.4295365" visible="true" />
  <node id="-2495" lat="48.7668176" lon="11.4295390" visible="true" />
  <node id="-2496" lat="48.7668242" lon="11.4295406" visible="true" />
  <node id="-2497" lat="48.7668285" lon="11.4295401" visible="true" />
  <node id="-2498" lat="48.7668341" lon="11.4295375" visible="true" />
  <node id="-2499" lat="48.7668399" lon="11.4295317" visible="true" />
  <node id="-2500" lat="48.7668448" lon="11.4295221" visible="true" />
  <node id="-2501" lat="48.7668470" lon="11.4295127" visible="true" />
  <node id="-2502" lat="48.7668471" lon="11.4294989" visible="true" />
  <node id="-2503" lat="48.7668434" lon="11.4294896" visible="true" />
  <node id="-2504" lat="48.7660396" lon="11.4303896" visible="true" />
  <node id="-2505" lat="48.7660105" lon="11.4303174" visible="true" />
  <node id="-2506" lat="48.7673567" lon="11.4287254" visible="true" />
  <node id="-2507" lat="48.7673102" lon="11.4286578" visible="true" />
  <node id="-2508" lat="48.7665738" lon="11.4298649" visible="true" />
  <node id="-2509" lat="48.7665219" lon="11.4297886" visible="true" />
  <node id="-2510" lat="48.7674596" lon="11.4283939" visible="true" />
  <node id="-2511" lat="48.7675152" lon="11.4284482" visible="true" />
  <node id="-2512" lat="48.7679067" lon="11.4273729" visible="true" />
  <node id="-2513" lat="48.7671671" lon="11.4288688" visible="true" />
  <node id="-2514" lat="48.7672173" lon="11.4289399" visible="true" />
  <node id="-2515" lat="48.7676662" lon="11.4275240" visible="true" />
  <node id="-2516" lat="48.7676415" lon="11.4274870" visible="true" />
  <node id="-2517" lat="48.7676461" lon="11.4274420" visible="true" />
  <node id="-2518" lat="48.7669581" lon="11.4291835" visible="true" />
  <node id="-2519" lat="48.7675182" lon="11.4276200" visible="true" />
  <node id="-2520" lat="48.7675529" lon="11.4276128" visible="true" />
  <node id="-2521" lat="48.7672262" lon="11.4283213" visible="true" />
  <node id="-2522" lat="48.7672722" lon="11.4283063" visible="true" />
  <node id="-2523" lat="48.7672936" lon="11.4282659" visible="true" />
  <node id="-2524" lat="48.7672864" lon="11.4282199" visible="true" />
  <node id="-2525" lat="48.7673054" lon="11.4282139" visible="true" />
  <node id="-2526" lat="48.7673952" lon="11.4283299" visible="true" />
  <node id="-2527" lat="48.7673565" lon="11.4283960" visible="true" />
  <node id="-2528" lat="48.7684809" lon="11.4264353" visible="true" />
  <node id="-2529" lat="48.7683810" lon="11.4264252" visible="true" />
  <node id="-2530" lat="48.7683879" lon="11.4262685" visible="true" />
  <node id="-2531" lat="48.7684878" lon="11.4262786" visible="true" />
  <node id="-2532" lat="48.7659313" lon="11.4304090" visible="true" />
  <node id="-2533" lat="48.7659523" lon="11.4304648" visible="true" />
  <node id="-2534" lat="48.7658468" lon="11.4305630" visible="true" />
  <node id="-2535" lat="48.7658485" lon="11.4305691" visible="true" />
  <node id="-2536" lat="48.7658493" lon="11.4305765" visible="true" />
  <node id="-2537" lat="48.7658481" lon="11.4305878" visible="true" />
  <node id="-2538" lat="48.7658454" lon="11.4305950" visible="true" />
  <node id="-2539" lat="48.7658404" lon="11.4306018" visible="true" />
  <node id="-2540" lat="48.7658352" lon="11.4306054" visible="true" />
  <node id="-2541" lat="48.7658304" lon="11.4306063" visible="true" />
  <node id="-2542" lat="48.7658268" lon="11.4306059" visible="true" />
  <node id="-2543" lat="48.7658216" lon="11.4306032" visible="true" />
  <node id="-2544" lat="48.7658179" lon="11.4305996" visible="true" />
  <node id="-2545" lat="48.7658147" lon="11.4305946" visible="true" />
  <node id="-2546" lat="48.7657405" lon="11.4306592" visible="true" />
  <node id="-2547" lat="48.7657203" lon="11.4306011" visible="true" />
  <node id="-2548" lat="48.7659282" lon="11.4304003" visible="true" />
  <node id="-2549" lat="48.7659845" lon="11.4304349" visible="true" />
  <node id="-2550" lat="48.7659885" lon="11.4304415" visible="true" />
  <node id="-2551" lat="48.7659928" lon="11.4304464" visible="true" />
  <node id="-2552" lat="48.7659991" lon="11.4304503" visible="true" />
  <node id="-2553" lat="48.7660035" lon="11.4304513" visible="true" />
  <node id="-2554" lat="48.7660094" lon="11.4304507" visible="true" />
  <node id="-2555" lat="48.7660161" lon="11.4304470" visible="true" />
  <node id="-2556" lat="48.7660225" lon="11.4304392" visible="true" />
  <node id="-2557" lat="48.7660262" lon="11.4304306" visible="true" />
  <node id="-2558" lat="48.7660283" lon="11.4304169" visible="true" />
  <node id="-2559" lat="48.7660278" lon="11.4304077" visible="true" />
  <node id="-2560" lat="48.7660257" lon="11.4303997" visible="true" />
  <node id="-2561" lat="48.7656862" lon="11.4307065" visible="true" />
  <node id="-2562" lat="48.7656678" lon="11.4306489" visible="true" />
  <node id="-2563" lat="48.7679444" lon="11.4248197" visible="true" />
  <node id="-2564" lat="48.7680169" lon="11.4248119" visible="true" />
  <node id="-2565" lat="48.7680264" lon="11.4249881" visible="true" />
  <node id="-2566" lat="48.7679569" lon="11.4249970" visible="true" />
  <node id="-2567" lat="48.7679647" lon="11.4251620" visible="true" />
  <node id="-2568" lat="48.7680357" lon="11.4251548" visible="true" />
  <node id="-2569" lat="48.7675678" lon="11.4263186" visible="true" />
  <node id="-2570" lat="48.7676063" lon="11.4263154" visible="true" />
  <node id="-2571" lat="48.7676966" lon="11.4271681" visible="true" />
  <node id="-2572" lat="48.7678875" lon="11.4240155" visible="true" />
  <node id="-2573" lat="48.7679624" lon="11.4240148" visible="true" />
  <node id="-2574" lat="48.7679257" lon="11.4245779" visible="true" />
  <node id="-2575" lat="48.7679951" lon="11.4245716" visible="true" />
  <node id="-2576" lat="48.7680457" lon="11.4253365" visible="true" />
  <node id="-2577" lat="48.7679753" lon="11.4253419" visible="true" />
  <node id="-2578" lat="48.7678826" lon="11.4238937" visible="true" />
  <node id="-2579" lat="48.7679540" lon="11.4238864" visible="true" />
  <node id="-2580" lat="48.7679819" lon="11.4254524" visible="true" />
  <node id="-2581" lat="48.7680515" lon="11.4254418" visible="true" />
  <node id="-2582" lat="48.7680583" lon="11.4255656" visible="true" />
  <node id="-2583" lat="48.7679888" lon="11.4255700" visible="true" />
  <node id="-2584" lat="48.7679464" lon="11.4237705" visible="true" />
  <node id="-2585" lat="48.7678814" lon="11.4237732" visible="true" />
  <node id="-2586" lat="48.7679934" lon="11.4257005" visible="true" />
  <node id="-2587" lat="48.7680715" lon="11.4256939" visible="true" />
  <node id="-2588" lat="48.7679957" lon="11.4257676" visible="true" />
  <node id="-2589" lat="48.7680484" lon="11.4253852" visible="true" />
  <node id="-2590" lat="48.7674228" lon="11.4282828" visible="true" />
  <node id="-2591" lat="48.7674109" lon="11.4282096" visible="true" />
  <node id="-2592" lat="48.7672991" lon="11.4281631" visible="true" />
  <node id="-2593" lat="48.7652955" lon="11.4243616" visible="true" />
  <node id="-2594" lat="48.7653429" lon="11.4248775" visible="true" />
  <node id="-2595" lat="48.7652508" lon="11.4249002" visible="true" />
  <node id="-2596" lat="48.7651954" lon="11.4243867" visible="true" />
  <node id="-2597" lat="48.7650552" lon="11.4251599" visible="true" />
  <node id="-2598" lat="48.7650098" lon="11.4251668" visible="true" />
  <node id="-2599" lat="48.7653569" lon="11.4250481" visible="true" />
  <node id="-2600" lat="48.7652472" lon="11.4250723" visible="true" />
  <node id="-2601" lat="48.7650614" lon="11.4244527" visible="true" />
  <node id="-2602" lat="48.7650723" lon="11.4245535" visible="true" />
  <node id="-2603" lat="48.7649612" lon="11.4245810" visible="true" />
  <node id="-2604" lat="48.7649543" lon="11.4244779" visible="true" />
  <node id="-2605" lat="48.7649982" lon="11.4250030" visible="true" />
  <node id="-2606" lat="48.7651092" lon="11.4251480" visible="true" />
  <node id="-2607" lat="48.7650923" lon="11.4249803" visible="true" />
  <node id="-2608" lat="48.7652305" lon="11.4249058" visible="true" />
  <node id="-2609" lat="48.7650110" lon="11.4239441" visible="true" />
  <node id="-2610" lat="48.7649064" lon="11.4239655" visible="true" />
  <node id="-2611" lat="48.7649424" lon="11.4243383" visible="true" />
  <node id="-2612" lat="48.7650462" lon="11.4243155" visible="true" />
  <node id="-2613" lat="48.7650197" lon="11.4240857" visible="true" />
  <node id="-2614" lat="48.7650686" lon="11.4243100" visible="true" />
  <node id="-2615" lat="48.7650834" lon="11.4244473" visible="true" />
  <node id="-2616" lat="48.7652758" lon="11.4241650" visible="true" />
  <node id="-2617" lat="48.7651827" lon="11.4241976" visible="true" />
  <node id="-2618" lat="48.7651006" lon="11.4242178" visible="true" />
  <node id="-2619" lat="48.7651208" lon="11.4244051" visible="true" />
  <node id="-2620" lat="48.7651177" lon="11.4249740" visible="true" />
  <node id="-2621" lat="48.7650034" lon="11.4238789" visible="true" />
  <node id="-2622" lat="48.7652351" lon="11.4237873" visible="true" />
  <node id="-2623" lat="48.7652386" lon="11.4238194" visible="true" />
  <node id="-2624" lat="48.7651653" lon="11.4240473" visible="true" />
  <node id="-2625" lat="48.7650553" lon="11.4240763" visible="true" />
  <node id="-2626" lat="48.7650071" lon="11.4239103" visible="true" />
  <node id="-2627" lat="48.7699933" lon="11.4225033" visible="true" />
  <node id="-2628" lat="48.7699517" lon="11.4225069" visible="true" />
  <node id="-2629" lat="48.7699523" lon="11.4225227" visible="true" />
  <node id="-2630" lat="48.7699548" lon="11.4225875" visible="true" />
  <node id="-2631" lat="48.7699964" lon="11.4225839" visible="true" />
  <node id="-2632" lat="48.7688933" lon="11.4269398" visible="true" />
  <node id="-2633" lat="48.7690666" lon="11.4269665" visible="true" />
  <node id="-2634" lat="48.7690576" lon="11.4271017" visible="true" />
  <node id="-2635" lat="48.7689682" lon="11.4270879" visible="true" />
  <node id="-2636" lat="48.7688842" lon="11.4270750" visible="true" />
  <node id="-2637" lat="48.7692400" lon="11.4269931" visible="true" />
  <node id="-2638" lat="48.7692310" lon="11.4271283" visible="true" />
  <node id="-2639" lat="48.7694134" lon="11.4270198" visible="true" />
  <node id="-2640" lat="48.7694044" lon="11.4271550" visible="true" />
  <node id="-2641" lat="48.7689375" lon="11.4264174" visible="true" />
  <node id="-2642" lat="48.7691024" lon="11.4264398" visible="true" />
  <node id="-2643" lat="48.7690948" lon="11.4265684" visible="true" />
  <node id="-2644" lat="48.7689299" lon="11.4265460" visible="true" />
  <node id="-2645" lat="48.7692674" lon="11.4264622" visible="true" />
  <node id="-2646" lat="48.7692598" lon="11.4265908" visible="true" />
  <node id="-2647" lat="48.7694323" lon="11.4264846" visible="true" />
  <node id="-2648" lat="48.7694247" lon="11.4266132" visible="true" />
  <node id="-2649" lat="48.7645508" lon="11.4258060" visible="true" />
  <node id="-2650" lat="48.7645558" lon="11.4259092" visible="true" />
  <node id="-2651" lat="48.7644997" lon="11.4258116" visible="true" />
  <node id="-2652" lat="48.7647376" lon="11.4257357" visible="true" />
  <node id="-2653" lat="48.7647436" lon="11.4258902" visible="true" />
  <node id="-2654" lat="48.7646874" lon="11.4258952" visible="true" />
  <node id="-2655" lat="48.7646809" lon="11.4257412" visible="true" />
  <node id="-2656" lat="48.7645538" lon="11.4257513" visible="true" />
  <node id="-2657" lat="48.7663526" lon="11.4220124" visible="true" />
  <node id="-2658" lat="48.7663649" lon="11.4220798" visible="true" />
  <node id="-2659" lat="48.7663872" lon="11.4222016" visible="true" />
  <node id="-2660" lat="48.7663917" lon="11.4222266" visible="true" />
  <node id="-2661" lat="48.7664110" lon="11.4223391" visible="true" />
  <node id="-2662" lat="48.7664033" lon="11.4223442" visible="true" />
  <node id="-2663" lat="48.7664207" lon="11.4224365" visible="true" />
  <node id="-2664" lat="48.7661817" lon="11.4222012" visible="true" />
  <node id="-2665" lat="48.7661605" lon="11.4221220" visible="true" />
  <node id="-2666" lat="48.7662202" lon="11.4220917" visible="true" />
  <node id="-2667" lat="48.7638825" lon="11.4252838" visible="true" />
  <node id="-2668" lat="48.7638110" lon="11.4253783" visible="true" />
  <node id="-2669" lat="48.7637792" lon="11.4253467" visible="true" />
  <node id="-2670" lat="48.7637748" lon="11.4252206" visible="true" />
  <node id="-2671" lat="48.7638723" lon="11.4250746" visible="true" />
  <node id="-2672" lat="48.7640923" lon="11.4250499" visible="true" />
  <node id="-2673" lat="48.7641112" lon="11.4252573" visible="true" />
  <node id="-2674" lat="48.7641151" lon="11.4253243" visible="true" />
  <node id="-2675" lat="48.7639963" lon="11.4253488" visible="true" />
  <node id="-2676" lat="48.7639871" lon="11.4252717" visible="true" />
  <node id="-2677" lat="48.7641573" lon="11.4260288" visible="true" />
  <node id="-2678" lat="48.7640391" lon="11.4260419" visible="true" />
  <node id="-2679" lat="48.7637362" lon="11.4260760" visible="true" />
  <node id="-2680" lat="48.7637458" lon="11.4261259" visible="true" />
  <node id="-2681" lat="48.7637611" lon="11.4261194" visible="true" />
  <node id="-2682" lat="48.7637965" lon="11.4262062" visible="true" />
  <node id="-2683" lat="48.7636278" lon="11.4262572" visible="true" />
  <node id="-2684" lat="48.7636084" lon="11.4261242" visible="true" />
  <node id="-2685" lat="48.7639409" lon="11.4260992" visible="true" />
  <node id="-2686" lat="48.7639541" lon="11.4262372" visible="true" />
  <node id="-2687" lat="48.7638935" lon="11.4262461" visible="true" />
  <node id="-2688" lat="48.7638912" lon="11.4262163" visible="true" />
  <node id="-2689" lat="48.7638811" lon="11.4261127" visible="true" />
  <node id="-2690" lat="48.7637381" lon="11.4258928" visible="true" />
  <node id="-2691" lat="48.7637951" lon="11.4258719" visible="true" />
  <node id="-2692" lat="48.7638111" lon="11.4258622" visible="true" />
  <node id="-2693" lat="48.7638337" lon="11.4260345" visible="true" />
  <node id="-2694" lat="48.7637594" lon="11.4260575" visible="true" />
  <node id="-2695" lat="48.7641444" lon="11.4257602" visible="true" />
  <node id="-2696" lat="48.7640213" lon="11.4257734" visible="true" />
  <node id="-2697" lat="48.7639221" lon="11.4263904" visible="true" />
  <node id="-2698" lat="48.7641335" lon="11.4254994" visible="true" />
  <node id="-2699" lat="48.7640138" lon="11.4255158" visible="true" />
  <node id="-2700" lat="48.7636662" lon="11.4257194" visible="true" />
  <node id="-2701" lat="48.7637583" lon="11.4256780" visible="true" />
  <node id="-2702" lat="48.7637031" lon="11.4259077" visible="true" />
  <node id="-2703" lat="48.7636933" lon="11.4258866" visible="true" />
  <node id="-2704" lat="48.7637225" lon="11.4264912" visible="true" />
  <node id="-2705" lat="48.7636892" lon="11.4263580" visible="true" />
  <node id="-2706" lat="48.7636737" lon="11.4262959" visible="true" />
  <node id="-2707" lat="48.7637332" lon="11.4262618" visible="true" />
  <node id="-2708" lat="48.7638012" lon="11.4264400" visible="true" />
  <node id="-2709" lat="48.7638645" lon="11.4263845" visible="true" />
  <node id="-2710" lat="48.7640110" lon="11.4254564" visible="true" />
  <node id="-2711" lat="48.7639163" lon="11.4254814" visible="true" />
  <node id="-2712" lat="48.7638986" lon="11.4253761" visible="true" />
  <node id="-2713" lat="48.7639223" lon="11.4256694" visible="true" />
  <node id="-2714" lat="48.7640167" lon="11.4256663" visible="true" />
  <node id="-2715" lat="48.7639397" lon="11.4257761" visible="true" />
  <node id="-2716" lat="48.7639438" lon="11.4258007" visible="true" />
  <node id="-2717" lat="48.7638491" lon="11.4258328" visible="true" />
  <node id="-2718" lat="48.7638146" lon="11.4256209" visible="true" />
  <node id="-2719" lat="48.7639111" lon="11.4256009" visible="true" />
  <node id="-2720" lat="48.7640789" lon="11.4284312" visible="true" />
  <node id="-2721" lat="48.7641807" lon="11.4283505" visible="true" />
  <node id="-2722" lat="48.7642395" lon="11.4283098" visible="true" />
  <node id="-2723" lat="48.7641939" lon="11.4281215" visible="true" />
  <node id="-2724" lat="48.7640169" lon="11.4282105" visible="true" />
  <node id="-2725" lat="48.7640726" lon="11.4284358" visible="true" />
  <node id="-2726" lat="48.7641062" lon="11.4289283" visible="true" />
  <node id="-2727" lat="48.7641450" lon="11.4290446" visible="true" />
  <node id="-2728" lat="48.7641118" lon="11.4290700" visible="true" />
  <node id="-2729" lat="48.7640751" lon="11.4290982" visible="true" />
  <node id="-2730" lat="48.7640363" lon="11.4289819" visible="true" />
  <node id="-2731" lat="48.7640184" lon="11.4286196" visible="true" />
  <node id="-2732" lat="48.7641003" lon="11.4289034" visible="true" />
  <node id="-2733" lat="48.7640195" lon="11.4289571" visible="true" />
  <node id="-2734" lat="48.7639376" lon="11.4286733" visible="true" />
  <node id="-2735" lat="48.7641142" lon="11.4280056" visible="true" />
  <node id="-2736" lat="48.7638482" lon="11.4281383" visible="true" />
  <node id="-2737" lat="48.7637909" lon="11.4278740" visible="true" />
  <node id="-2738" lat="48.7639184" lon="11.4278061" visible="true" />
  <node id="-2739" lat="48.7640561" lon="11.4277402" visible="true" />
  <node id="-2740" lat="48.7640807" lon="11.4278524" visible="true" />
  <node id="-2741" lat="48.7641129" lon="11.4279996" visible="true" />
  <node id="-2742" lat="48.7639332" lon="11.4281825" visible="true" />
  <node id="-2743" lat="48.7640314" lon="11.4285411" visible="true" />
  <node id="-2744" lat="48.7639375" lon="11.4286003" visible="true" />
  <node id="-2745" lat="48.7638393" lon="11.4282418" visible="true" />
  <node id="-2746" lat="48.7643868" lon="11.4276902" visible="true" />
  <node id="-2747" lat="48.7644196" lon="11.4278698" visible="true" />
  <node id="-2748" lat="48.7641618" lon="11.4279828" visible="true" />
  <node id="-2749" lat="48.7641601" lon="11.4279770" visible="true" />
  <node id="-2750" lat="48.7641169" lon="11.4278343" visible="true" />
  <node id="-2751" lat="48.7641115" lon="11.4278164" visible="true" />
  <node id="-2752" lat="48.7642578" lon="11.4277473" visible="true" />
  <node id="-2753" lat="48.7642672" lon="11.4268746" visible="true" />
  <node id="-2754" lat="48.7641532" lon="11.4269087" visible="true" />
  <node id="-2755" lat="48.7642605" lon="11.4288523" visible="true" />
  <node id="-2756" lat="48.7641678" lon="11.4289187" visible="true" />
  <node id="-2757" lat="48.7641306" lon="11.4287963" visible="true" />
  <node id="-2758" lat="48.7642233" lon="11.4287299" visible="true" />
  <node id="-2759" lat="48.7640880" lon="11.4269325" visible="true" />
  <node id="-2760" lat="48.7643018" lon="11.4270930" visible="true" />
  <node id="-2761" lat="48.7641229" lon="11.4271388" visible="true" />
  <node id="-2762" lat="48.7639895" lon="11.4271889" visible="true" />
  <node id="-2763" lat="48.7639563" lon="11.4270308" visible="true" />
  <node id="-2764" lat="48.7639502" lon="11.4270001" visible="true" />
  <node id="-2765" lat="48.7643741" lon="11.4284310" visible="true" />
  <node id="-2766" lat="48.7643499" lon="11.4283080" visible="true" />
  <node id="-2767" lat="48.7642522" lon="11.4283638" visible="true" />
  <node id="-2768" lat="48.7642075" lon="11.4285030" visible="true" />
  <node id="-2769" lat="48.7681899" lon="11.4257284" visible="true" />
  <node id="-2770" lat="48.7681914" lon="11.4257742" visible="true" />
  <node id="-2771" lat="48.7680848" lon="11.4257822" visible="true" />
  <node id="-2772" lat="48.7680833" lon="11.4257365" visible="true" />
  <node id="-2773" lat="48.7681951" lon="11.4257942" visible="true" />
  <node id="-2774" lat="48.7681987" lon="11.4259041" visible="true" />
  <node id="-2775" lat="48.7681505" lon="11.4259078" visible="true" />
  <node id="-2776" lat="48.7681469" lon="11.4257979" visible="true" />
  <node id="-2777" lat="48.7681573" lon="11.4244319" visible="true" />
  <node id="-2778" lat="48.7681611" lon="11.4245466" visible="true" />
  <node id="-2779" lat="48.7680969" lon="11.4245515" visible="true" />
  <node id="-2780" lat="48.7680931" lon="11.4244368" visible="true" />
  <node id="-2781" lat="48.7681597" lon="11.4247778" visible="true" />
  <node id="-2782" lat="48.7681623" lon="11.4248585" visible="true" />
  <node id="-2783" lat="48.7680838" lon="11.4248644" visible="true" />
  <node id="-2784" lat="48.7680811" lon="11.4247838" visible="true" />
  <node id="-2785" lat="48.7681573" lon="11.4247069" visible="true" />
  <node id="-2786" lat="48.7680693" lon="11.4247847" visible="true" />
  <node id="-2787" lat="48.7680670" lon="11.4247138" visible="true" />
  <node id="-2788" lat="48.7681705" lon="11.4249521" visible="true" />
  <node id="-2789" lat="48.7681732" lon="11.4250336" visible="true" />
  <node id="-2790" lat="48.7681179" lon="11.4250378" visible="true" />
  <node id="-2791" lat="48.7681153" lon="11.4249563" visible="true" />
  <node id="-2792" lat="48.7665817" lon="11.4262017" visible="true" />
  <node id="-2793" lat="48.7666288" lon="11.4262054" visible="true" />
  <node id="-2794" lat="48.7666454" lon="11.4264511" visible="true" />
  <node id="-2795" lat="48.7665985" lon="11.4264584" visible="true" />
  <node id="-2796" lat="48.7661292" lon="11.4287859" visible="true" />
  <node id="-2797" lat="48.7661773" lon="11.4287424" visible="true" />
  <node id="-2798" lat="48.7681754" lon="11.4252840" visible="true" />
  <node id="-2799" lat="48.7681829" lon="11.4255110" visible="true" />
  <node id="-2800" lat="48.7681281" lon="11.4255152" visible="true" />
  <node id="-2801" lat="48.7681207" lon="11.4252881" visible="true" />
  <node id="-2802" lat="48.7638915" lon="11.4285749" visible="true" />
  <node id="-2803" lat="48.7639032" lon="11.4286162" visible="true" />
  <node id="-2804" lat="48.7638499" lon="11.4286510" visible="true" />
  <node id="-2805" lat="48.7638382" lon="11.4286097" visible="true" />
  <node id="-2806" lat="48.7639210" lon="11.4288078" visible="true" />
  <node id="-2807" lat="48.7639316" lon="11.4288496" visible="true" />
  <node id="-2808" lat="48.7639027" lon="11.4288665" visible="true" />
  <node id="-2809" lat="48.7638921" lon="11.4288247" visible="true" />
  <node id="-2810" lat="48.7637203" lon="11.4283567" visible="true" />
  <node id="-2811" lat="48.7637510" lon="11.4283379" visible="true" />
  <node id="-2812" lat="48.7637742" lon="11.4284246" visible="true" />
  <node id="-2813" lat="48.7637435" lon="11.4284434" visible="true" />
  <node id="-2814" lat="48.7638170" lon="11.4284186" visible="true" />
  <node id="-2815" lat="48.7638379" lon="11.4284982" visible="true" />
  <node id="-2816" lat="48.7638058" lon="11.4285176" visible="true" />
  <node id="-2817" lat="48.7637849" lon="11.4284380" visible="true" />
  <node id="-2818" lat="48.7658780" lon="11.4225474" visible="true" />
  <node id="-2819" lat="48.7657983" lon="11.4225620" visible="true" />
  <node id="-2820" lat="48.7657841" lon="11.4223830" visible="true" />
  <node id="-2821" lat="48.7657225" lon="11.4223943" visible="true" />
  <node id="-2822" lat="48.7657145" lon="11.4222940" visible="true" />
  <node id="-2823" lat="48.7658558" lon="11.4222681" visible="true" />
  <node id="-2824" lat="48.7639225" lon="11.4272195" visible="true" />
  <node id="-2825" lat="48.7639319" lon="11.4272667" visible="true" />
  <node id="-2826" lat="48.7639946" lon="11.4275828" visible="true" />
  <node id="-2827" lat="48.7639033" lon="11.4276245" visible="true" />
  <node id="-2828" lat="48.7638412" lon="11.4273104" visible="true" />
  <node id="-2829" lat="48.7638298" lon="11.4272534" visible="true" />
  <node id="-2830" lat="48.7638146" lon="11.4272603" visible="true" />
  <node id="-2831" lat="48.7637844" lon="11.4271077" visible="true" />
  <node id="-2832" lat="48.7644505" lon="11.4287944" visible="true" />
  <node id="-2833" lat="48.7643287" lon="11.4288577" visible="true" />
  <node id="-2834" lat="48.7643126" lon="11.4287956" visible="true" />
  <node id="-2835" lat="48.7643017" lon="11.4288036" visible="true" />
  <node id="-2836" lat="48.7642843" lon="11.4287331" visible="true" />
  <node id="-2837" lat="48.7643117" lon="11.4287160" visible="true" />
  <node id="-2838" lat="48.7643061" lon="11.4286933" visible="true" />
  <node id="-2839" lat="48.7642698" lon="11.4287148" visible="true" />
  <node id="-2840" lat="48.7642585" lon="11.4286731" visible="true" />
  <node id="-2841" lat="48.7643424" lon="11.4286247" visible="true" />
  <node id="-2842" lat="48.7643739" lon="11.4287325" visible="true" />
  <node id="-2843" lat="48.7644319" lon="11.4287046" visible="true" />
  <node id="-2844" lat="48.7637087" lon="11.4270795" visible="true" />
  <node id="-2845" lat="48.7636580" lon="11.4271060" visible="true" />
  <node id="-2846" lat="48.7637979" lon="11.4267661" visible="true" />
  <node id="-2847" lat="48.7638251" lon="11.4268774" visible="true" />
  <node id="-2848" lat="48.7641204" lon="11.4286472" visible="true" />
  <node id="-2849" lat="48.7642238" lon="11.4285959" visible="true" />
  <node id="-2850" lat="48.7642310" lon="11.4275960" visible="true" />
  <node id="-2851" lat="48.7643605" lon="11.4275433" visible="true" />
  <node id="-2852" lat="48.7642686" lon="11.4280854" visible="true" />
  <node id="-2853" lat="48.7642996" lon="11.4282387" visible="true" />
  <node id="-2854" lat="48.7643329" lon="11.4282223" visible="true" />
  <node id="-2855" lat="48.7644704" lon="11.4281598" visible="true" />
  <node id="-2856" lat="48.7644396" lon="11.4280056" visible="true" />
  <node id="-2857" lat="48.7643984" lon="11.4285540" visible="true" />
  <node id="-2858" lat="48.7645359" lon="11.4284916" visible="true" />
  <node id="-2859" lat="48.7645849" lon="11.4287303" visible="true" />
  <node id="-2860" lat="48.7637421" lon="11.4269256" visible="true" />
  <node id="-2861" lat="48.7636894" lon="11.4267171" visible="true" />
  <node id="-2862" lat="48.7637724" lon="11.4266689" visible="true" />
  <node id="-2863" lat="48.7637760" lon="11.4266831" visible="true" />
  <node id="-2864" lat="48.7641749" lon="11.4291342" visible="true" />
  <node id="-2865" lat="48.7641060" lon="11.4291871" visible="true" />
  <node id="-2866" lat="48.7640883" lon="11.4291340" visible="true" />
  <node id="-2867" lat="48.7641241" lon="11.4291066" visible="true" />
  <node id="-2868" lat="48.7636307" lon="11.4271203" visible="true" />
  <node id="-2869" lat="48.7636819" lon="11.4273455" visible="true" />
  <node id="-2870" lat="48.7637899" lon="11.4272890" visible="true" />
  <node id="-2871" lat="48.7637863" lon="11.4272731" visible="true" />
  <node id="-2872" lat="48.7637387" lon="11.4270638" visible="true" />
  <node id="-2873" lat="48.7638581" lon="11.4266385" visible="true" />
  <node id="-2874" lat="48.7638434" lon="11.4266041" visible="true" />
  <node id="-2875" lat="48.7639313" lon="11.4265381" visible="true" />
  <node id="-2876" lat="48.7642804" lon="11.4282480" visible="true" />
  <node id="-2877" lat="48.7642691" lon="11.4282045" visible="true" />
  <node id="-2878" lat="48.7642505" lon="11.4282150" visible="true" />
  <node id="-2879" lat="48.7642703" lon="11.4282946" visible="true" />
  <node id="-2880" lat="48.7665247" lon="11.4305047" visible="true" />
  <node id="-2881" lat="48.7663876" lon="11.4306247" visible="true" />
  <node id="-2882" lat="48.7665428" lon="11.4310051" visible="true" />
  <node id="-2883" lat="48.7666681" lon="11.4308487" visible="true" />
  <node id="-2884" lat="48.7708416" lon="11.4280743" visible="true" />
  <node id="-2885" lat="48.7708356" lon="11.4280780" visible="true" />
  <node id="-2886" lat="48.7708017" lon="11.4281212" visible="true" />
  <node id="-2887" lat="48.7708283" lon="11.4281896" visible="true" />
  <node id="-2888" lat="48.7706541" lon="11.4283779" visible="true" />
  <node id="-2889" lat="48.7706465" lon="11.4283482" visible="true" />
  <node id="-2890" lat="48.7706018" lon="11.4283598" visible="true" />
  <node id="-2891" lat="48.7706062" lon="11.4284589" visible="true" />
  <node id="-2892" lat="48.7705855" lon="11.4284622" visible="true" />
  <node id="-2893" lat="48.7705790" lon="11.4283631" visible="true" />
  <node id="-2894" lat="48.7705605" lon="11.4283647" visible="true" />
  <node id="-2895" lat="48.7705605" lon="11.4282045" visible="true" />
  <node id="-2896" lat="48.7705463" lon="11.4282202" visible="true" />
  <node id="-2897" lat="48.7705193" lon="11.4281875" visible="true" />
  <node id="-2898" lat="48.7705778" lon="11.4281203" visible="true" />
  <node id="-2899" lat="48.7708007" lon="11.4279451" visible="true" />
  <node id="-2900" lat="48.7708473" lon="11.4279130" visible="true" />
  <node id="-2901" lat="48.7707884" lon="11.4278657" visible="true" />
  <node id="-2902" lat="48.7707895" lon="11.4278166" visible="true" />
  <node id="-2903" lat="48.7708788" lon="11.4278863" visible="true" />
  <node id="-2904" lat="48.7709349" lon="11.4278748" visible="true" />
  <node id="-2905" lat="48.7709880" lon="11.4279362" visible="true" />
  <node id="-2906" lat="48.7709913" lon="11.4279740" visible="true" />
  <node id="-2907" lat="48.7710232" lon="11.4279988" visible="true" />
  <node id="-2908" lat="48.7710193" lon="11.4280502" visible="true" />
  <node id="-2909" lat="48.7709965" lon="11.4280326" visible="true" />
  <node id="-2910" lat="48.7709969" lon="11.4280366" visible="true" />
  <node id="-2911" lat="48.7709564" lon="11.4281171" visible="true" />
  <node id="-2912" lat="48.7708903" lon="11.4281306" visible="true" />
  <node id="-2913" lat="48.7699373" lon="11.4226216" visible="true" />
  <node id="-2914" lat="48.7699477" lon="11.4226720" visible="true" />
  <node id="-2915" lat="48.7699201" lon="11.4226850" visible="true" />
  <node id="-2916" lat="48.7699098" lon="11.4226346" visible="true" />
  <node id="-2917" lat="48.7698859" lon="11.4224624" visible="true" />
  <node id="-2918" lat="48.7699015" lon="11.4224605" visible="true" />
  <node id="-2919" lat="48.7699041" lon="11.4225096" visible="true" />
  <node id="-2920" lat="48.7698885" lon="11.4225115" visible="true" />
  <node id="-2921" lat="48.7683349" lon="11.4270266" visible="true" />
  <node id="-2922" lat="48.7686274" lon="11.4271699" visible="true" />
  <node id="-2923" lat="48.7685437" lon="11.4275627" visible="true" />
  <node id="-2924" lat="48.7674436" lon="11.4321243" visible="true" />
  <node id="-2925" lat="48.7675044" lon="11.4323799" visible="true" />
  <node id="-2926" lat="48.7675233" lon="11.4323696" visible="true" />
  <node id="-2927" lat="48.7675764" lon="11.4323405" visible="true" />
  <node id="-2928" lat="48.7676011" lon="11.4323270" visible="true" />
  <node id="-2929" lat="48.7682820" lon="11.4315770" visible="true" />
  <node id="-2930" lat="48.7683355" lon="11.4315057" visible="true" />
  <node id="-2931" lat="48.7683855" lon="11.4314370" visible="true" />
  <node id="-2932" lat="48.7687080" lon="11.4310089" visible="true" />
  <node id="-2933" lat="48.7688186" lon="11.4312047" visible="true" />
  <node id="-2934" lat="48.7689447" lon="11.4312817" visible="true" />
  <node id="-2935" lat="48.7689627" lon="11.4312107" visible="true" />
  <node id="-2936" lat="48.7690180" lon="11.4312449" visible="true" />
  <node id="-2937" lat="48.7690791" lon="11.4310293" visible="true" />
  <node id="-2938" lat="48.7690649" lon="11.4310228" visible="true" />
  <node id="-2939" lat="48.7690514" lon="11.4310102" visible="true" />
  <node id="-2940" lat="48.7690420" lon="11.4309926" visible="true" />
  <node id="-2941" lat="48.7690387" lon="11.4309674" visible="true" />
  <node id="-2942" lat="48.7690414" lon="11.4309502" visible="true" />
  <node id="-2943" lat="48.7690503" lon="11.4309281" visible="true" />
  <node id="-2944" lat="48.7690599" lon="11.4309176" visible="true" />
  <node id="-2945" lat="48.7690746" lon="11.4309094" visible="true" />
  <node id="-2946" lat="48.7690959" lon="11.4309109" visible="true" />
  <node id="-2947" lat="48.7691571" lon="11.4309621" visible="true" />
  <node id="-2948" lat="48.7691875" lon="11.4310137" visible="true" />
  <node id="-2949" lat="48.7692125" lon="11.4310883" visible="true" />
  <node id="-2950" lat="48.7692187" lon="11.4311608" visible="true" />
  <node id="-2951" lat="48.7692164" lon="11.4312248" visible="true" />
  <node id="-2952" lat="48.7691971" lon="11.4313039" visible="true" />
  <node id="-2953" lat="48.7690968" lon="11.4316697" visible="true" />
  <node id="-2954" lat="48.7686693" lon="11.4314059" visible="true" />
  <node id="-2955" lat="48.7684986" lon="11.4316322" visible="true" />
  <node id="-2956" lat="48.7684487" lon="11.4317016" visible="true" />
  <node id="-2957" lat="48.7683944" lon="11.4317744" visible="true" />
  <node id="-2958" lat="48.7682527" lon="11.4319596" visible="true" />
  <node id="-2959" lat="48.7683744" lon="11.4326381" visible="true" />
  <node id="-2960" lat="48.7681625" lon="11.4327228" visible="true" />
  <node id="-2961" lat="48.7680926" lon="11.4327527" visible="true" />
  <node id="-2962" lat="48.7680438" lon="11.4327574" visible="true" />
  <node id="-2963" lat="48.7680064" lon="11.4327471" visible="true" />
  <node id="-2964" lat="48.7679622" lon="11.4327180" visible="true" />
  <node id="-2965" lat="48.7679334" lon="11.4326848" visible="true" />
  <node id="-2966" lat="48.7679111" lon="11.4326510" visible="true" />
  <node id="-2967" lat="48.7678865" lon="11.4325916" visible="true" />
  <node id="-2968" lat="48.7678740" lon="11.4325483" visible="true" />
  <node id="-2969" lat="48.7678693" lon="11.4325254" visible="true" />
  <node id="-2970" lat="48.7678706" lon="11.4325076" visible="true" />
  <node id="-2971" lat="48.7678767" lon="11.4324906" visible="true" />
  <node id="-2972" lat="48.7678876" lon="11.4324716" visible="true" />
  <node id="-2973" lat="48.7679049" lon="11.4324648" visible="true" />
  <node id="-2974" lat="48.7679211" lon="11.4324700" visible="true" />
  <node id="-2975" lat="48.7679325" lon="11.4324829" visible="true" />
  <node id="-2976" lat="48.7679405" lon="11.4325039" visible="true" />
  <node id="-2977" lat="48.7679419" lon="11.4325220" visible="true" />
  <node id="-2978" lat="48.7680952" lon="11.4324585" visible="true" />
  <node id="-2979" lat="48.7680822" lon="11.4323865" visible="true" />
  <node id="-2980" lat="48.7681381" lon="11.4323633" visible="true" />
  <node id="-2981" lat="48.7681014" lon="11.4321592" visible="true" />
  <node id="-2982" lat="48.7679897" lon="11.4319667" visible="true" />
  <node id="-2983" lat="48.7670167" lon="11.4239939" visible="true" />
  <node id="-2984" lat="48.7669205" lon="11.4239683" visible="true" />
  <node id="-2985" lat="48.7669119" lon="11.4238333" visible="true" />
  <node id="-2986" lat="48.7670371" lon="11.4242902" visible="true" />
  <node id="-2987" lat="48.7669437" lon="11.4243051" visible="true" />
  <node id="-2988" lat="48.7671701" lon="11.4244383" visible="true" />
  <node id="-2989" lat="48.7669563" lon="11.4246074" visible="true" />
  <node id="-2990" lat="48.7669457" lon="11.4244326" visible="true" />
  <node id="-2991" lat="48.7665734" lon="11.4278104" visible="true" />
  <node id="-2992" lat="48.7666974" lon="11.4284228" visible="true" />
  <node id="-2993" lat="48.7667681" lon="11.4287718" visible="true" />
  <node id="-2994" lat="48.7666506" lon="11.4288266" visible="true" />
  <node id="-2995" lat="48.7665795" lon="11.4284757" visible="true" />
  <node id="-2996" lat="48.7664558" lon="11.4278652" visible="true" />
  <node id="-2997" lat="48.7664948" lon="11.4273390" visible="true" />
  <node id="-2998" lat="48.7665736" lon="11.4277424" visible="true" />
  <node id="-2999" lat="48.7664625" lon="11.4277923" visible="true" />
  <node id="-3000" lat="48.7663838" lon="11.4273889" visible="true" />
  <node id="-3001" lat="48.7648012" lon="11.4302489" visible="true" />
  <node id="-3002" lat="48.7648886" lon="11.4302163" visible="true" />
  <node id="-3003" lat="48.7648737" lon="11.4301205" visible="true" />
  <node id="-3004" lat="48.7648678" lon="11.4301221" visible="true" />
  <node id="-3005" lat="48.7648616" lon="11.4301204" visible="true" />
  <node id="-3006" lat="48.7648580" lon="11.4301132" visible="true" />
  <node id="-3007" lat="48.7648561" lon="11.4301027" visible="true" />
  <node id="-3008" lat="48.7667145" lon="11.4235998" visible="true" />
  <node id="-3009" lat="48.7667225" lon="11.4237222" visible="true" />
  <node id="-3010" lat="48.7668068" lon="11.4237096" visible="true" />
  <node id="-3011" lat="48.7667987" lon="11.4235872" visible="true" />
  <node id="-3012" lat="48.7669155" lon="11.4231128" visible="true" />
  <node id="-3013" lat="48.7669400" lon="11.4234241" visible="true" />
  <node id="-3014" lat="48.7670385" lon="11.4234389" visible="true" />
  <node id="-3015" lat="48.7671342" lon="11.4234180" visible="true" />
  <node id="-3016" lat="48.7671146" lon="11.4231651" visible="true" />
  <node id="-3017" lat="48.7670182" lon="11.4231831" visible="true" />
  <node id="-3018" lat="48.7670092" lon="11.4230949" visible="true" />
  <node id="-3019" lat="48.7677530" lon="11.4231015" visible="true" />
  <node id="-3020" lat="48.7677878" lon="11.4235817" visible="true" />
  <node id="-3021" lat="48.7677039" lon="11.4235965" visible="true" />
  <node id="-3022" lat="48.7672666" lon="11.4235241" visible="true" />
  <node id="-3023" lat="48.7672362" lon="11.4232267" visible="true" />
  <node id="-3024" lat="48.7673411" lon="11.4231997" visible="true" />
  <node id="-3025" lat="48.7673588" lon="11.4233305" visible="true" />
  <node id="-3026" lat="48.7676450" lon="11.4233729" visible="true" />
  <node id="-3027" lat="48.7676256" lon="11.4231366" visible="true" />
  <node id="-3028" lat="48.7665324" lon="11.4286216" visible="true" />
  <node id="-3029" lat="48.7662591" lon="11.4287492" visible="true" />
  <node id="-3030" lat="48.7663246" lon="11.4288875" visible="true" />
  <node id="-3031" lat="48.7665651" lon="11.4287826" visible="true" />
  <node id="-3032" lat="48.7661804" lon="11.4273937" visible="true" />
  <node id="-3033" lat="48.7661632" lon="11.4273049" visible="true" />
  <node id="-3034" lat="48.7662790" lon="11.4272532" visible="true" />
  <node id="-3035" lat="48.7662963" lon="11.4273420" visible="true" />
  <node id="-3036" lat="48.7666756" lon="11.4264223" visible="true" />
  <node id="-3037" lat="48.7666774" lon="11.4263044" visible="true" />
  <node id="-3038" lat="48.7667896" lon="11.4263083" visible="true" />
  <node id="-3039" lat="48.7667878" lon="11.4264262" visible="true" />
  <node id="-3040" lat="48.7670581" lon="11.4263177" visible="true" />
  <node id="-3041" lat="48.7670562" lon="11.4264458" visible="true" />
  <node id="-3042" lat="48.7667883" lon="11.4264365" visible="true" />
  <node id="-3043" lat="48.7667903" lon="11.4263083" visible="true" />
  <node id="-3044" lat="48.7667765" lon="11.4264373" visible="true" />
  <node id="-3045" lat="48.7666852" lon="11.4264461" visible="true" />
  <node id="-3046" lat="48.7666980" lon="11.4267507" visible="true" />
  <node id="-3047" lat="48.7667893" lon="11.4267419" visible="true" />
  <node id="-3048" lat="48.7670538" lon="11.4265603" visible="true" />
  <node id="-3049" lat="48.7670591" lon="11.4266885" visible="true" />
  <node id="-3050" lat="48.7667925" lon="11.4267142" visible="true" />
  <node id="-3051" lat="48.7667813" lon="11.4264479" visible="true" />
  <node id="-3052" lat="48.7668470" lon="11.4264415" visible="true" />
  <node id="-3053" lat="48.7668527" lon="11.4265797" visible="true" />
  <node id="-3054" lat="48.7651232" lon="11.4312901" visible="true" />
  <node id="-3055" lat="48.7652029" lon="11.4312469" visible="true" />
  <node id="-3056" lat="48.7651649" lon="11.4312676" visible="true" />
  <node id="-3057" lat="48.7656624" lon="11.4273845" visible="true" />
  <node id="-3058" lat="48.7657129" lon="11.4277045" visible="true" />
  <node id="-3059" lat="48.7656146" lon="11.4277400" visible="true" />
  <node id="-3060" lat="48.7655641" lon="11.4274201" visible="true" />
  <node id="-3061" lat="48.7664832" lon="11.4230483" visible="true" />
  <node id="-3062" lat="48.7665349" lon="11.4230163" visible="true" />
  <node id="-3063" lat="48.7665740" lon="11.4231468" visible="true" />
  <node id="-3064" lat="48.7665939" lon="11.4232055" visible="true" />
  <node id="-3065" lat="48.7665463" lon="11.4230091" visible="true" />
  <node id="-3066" lat="48.7666078" lon="11.4229696" visible="true" />
  <node id="-3067" lat="48.7666659" lon="11.4231571" visible="true" />
  <node id="-3068" lat="48.7666849" lon="11.4232186" visible="true" />
  <node id="-3069" lat="48.7666981" lon="11.4232695" visible="true" />
  <node id="-3070" lat="48.7666281" lon="11.4233172" visible="true" />
  <node id="-3071" lat="48.7666149" lon="11.4232733" visible="true" />
  <node id="-3072" lat="48.7666423" lon="11.4229492" visible="true" />
  <node id="-3073" lat="48.7666612" lon="11.4229380" visible="true" />
  <node id="-3074" lat="48.7667029" lon="11.4230818" visible="true" />
  <node id="-3075" lat="48.7666813" lon="11.4230957" visible="true" />
  <node id="-3076" lat="48.7666939" lon="11.4231423" visible="true" />
  <node id="-3077" lat="48.7667474" lon="11.4228903" visible="true" />
  <node id="-3078" lat="48.7667737" lon="11.4230453" visible="true" />
  <node id="-3079" lat="48.7644235" lon="11.4228419" visible="true" />
  <node id="-3080" lat="48.7644179" lon="11.4228044" visible="true" />
  <node id="-3081" lat="48.7643492" lon="11.4228250" visible="true" />
  <node id="-3082" lat="48.7643537" lon="11.4228603" visible="true" />
  <node id="-3083" lat="48.7644659" lon="11.4228885" visible="true" />
  <node id="-3084" lat="48.7644580" lon="11.4228329" visible="true" />
  <node id="-3085" lat="48.7643211" lon="11.4229725" visible="true" />
  <node id="-3086" lat="48.7644712" lon="11.4229286" visible="true" />
  <node id="-3087" lat="48.7645255" lon="11.4228704" visible="true" />
  <node id="-3088" lat="48.7645407" lon="11.4229847" visible="true" />
  <node id="-3089" lat="48.7645541" lon="11.4230862" visible="true" />
  <node id="-3090" lat="48.7644945" lon="11.4231043" visible="true" />
  <node id="-3091" lat="48.7644824" lon="11.4228835" visible="true" />
  <node id="-3092" lat="48.7644719" lon="11.4228017" visible="true" />
  <node id="-3093" lat="48.7644523" lon="11.4227664" visible="true" />
  <node id="-3094" lat="48.7643876" lon="11.4227824" visible="true" />
  <node id="-3095" lat="48.7643626" lon="11.4227604" visible="true" />
  <node id="-3096" lat="48.7643023" lon="11.4227773" visible="true" />
  <node id="-3097" lat="48.7642786" lon="11.4226649" visible="true" />
  <node id="-3098" lat="48.7643134" lon="11.4226514" visible="true" />
  <node id="-3099" lat="48.7644246" lon="11.4226084" visible="true" />
  <node id="-3100" lat="48.7644360" lon="11.4226757" visible="true" />
  <node id="-3101" lat="48.7642934" lon="11.4225370" visible="true" />
  <node id="-3102" lat="48.7643602" lon="11.4225102" visible="true" />
  <node id="-3103" lat="48.7644036" lon="11.4224928" visible="true" />
  <node id="-3104" lat="48.7659273" lon="11.4223058" visible="true" />
  <node id="-3105" lat="48.7659844" lon="11.4222920" visible="true" />
  <node id="-3106" lat="48.7664644" lon="11.4223134" visible="true" />
  <node id="-3107" lat="48.7665011" lon="11.4224445" visible="true" />
  <node id="-3108" lat="48.7664854" lon="11.4224511" visible="true" />
  <node id="-3109" lat="48.7664783" lon="11.4224124" visible="true" />
  <node id="-3110" lat="48.7661928" lon="11.4236255" visible="true" />
  <node id="-3111" lat="48.7661568" lon="11.4235043" visible="true" />
  <node id="-3112" lat="48.7661298" lon="11.4234135" visible="true" />
  <node id="-3113" lat="48.7660954" lon="11.4232974" visible="true" />
  <node id="-3114" lat="48.7665885" lon="11.4237533" visible="true" />
  <node id="-3115" lat="48.7664860" lon="11.4238105" visible="true" />
  <node id="-3116" lat="48.7664264" lon="11.4235895" visible="true" />
  <node id="-3117" lat="48.7660898" lon="11.4236999" visible="true" />
  <node id="-3118" lat="48.7659914" lon="11.4233696" visible="true" />
  <node id="-3119" lat="48.7661089" lon="11.4234277" visible="true" />
  <node id="-3120" lat="48.7661358" lon="11.4235185" visible="true" />
  <node id="-3121" lat="48.7659763" lon="11.4237769" visible="true" />
  <node id="-3122" lat="48.7659355" lon="11.4236538" visible="true" />
  <node id="-3123" lat="48.7658356" lon="11.4237182" visible="true" />
  <node id="-3124" lat="48.7657701" lon="11.4235119" visible="true" />
  <node id="-3125" lat="48.7638866" lon="11.4235152" visible="true" />
  <node id="-3126" lat="48.7640269" lon="11.4234704" visible="true" />
  <node id="-3127" lat="48.7640445" lon="11.4236118" visible="true" />
  <node id="-3128" lat="48.7640531" lon="11.4236815" visible="true" />
  <node id="-3129" lat="48.7640691" lon="11.4238107" visible="true" />
  <node id="-3130" lat="48.7639278" lon="11.4238511" visible="true" />
  <node id="-3131" lat="48.7639247" lon="11.4238264" visible="true" />
  <node id="-3132" lat="48.7639125" lon="11.4237280" visible="true" />
  <node id="-3133" lat="48.7638944" lon="11.4237309" visible="true" />
  <node id="-3134" lat="48.7637774" lon="11.4237501" visible="true" />
  <node id="-3135" lat="48.7637704" lon="11.4236726" visible="true" />
  <node id="-3136" lat="48.7638146" lon="11.4236604" visible="true" />
  <node id="-3137" lat="48.7639012" lon="11.4236365" visible="true" />
  <node id="-3138" lat="48.7717334" lon="11.4323390" visible="true" />
  <node id="-3139" lat="48.7717316" lon="11.4323605" visible="true" />
  <node id="-3140" lat="48.7716980" lon="11.4324034" visible="true" />
  <node id="-3141" lat="48.7715354" lon="11.4322478" visible="true" />
  <node id="-3142" lat="48.7719035" lon="11.4318683" visible="true" />
  <node id="-3143" lat="48.7720247" lon="11.4317379" visible="true" />
  <node id="-3144" lat="48.7720509" lon="11.4317902" visible="true" />
  <node id="-3145" lat="48.7720706" lon="11.4318295" visible="true" />
  <node id="-3146" lat="48.7721452" lon="11.4317583" visible="true" />
  <node id="-3147" lat="48.7722919" lon="11.4321137" visible="true" />
  <node id="-3148" lat="48.7721553" lon="11.4322500" visible="true" />
  <node id="-3149" lat="48.7720636" lon="11.4320285" visible="true" />
  <node id="-3150" lat="48.7719945" lon="11.4321052" visible="true" />
  <node id="-3151" lat="48.7719552" lon="11.4321166" visible="true" />
  <node id="-3152" lat="48.7718966" lon="11.4321719" visible="true" />
  <node id="-3153" lat="48.7718955" lon="11.4322001" visible="true" />
  <node id="-3154" lat="48.7718339" lon="11.4322615" visible="true" />
  <node id="-3155" lat="48.7718034" lon="11.4322621" visible="true" />
  <node id="-3156" lat="48.7720561" lon="11.4322606" visible="true" />
  <node id="-3157" lat="48.7719219" lon="11.4324060" visible="true" />
  <node id="-3158" lat="48.7719385" lon="11.4324483" visible="true" />
  <node id="-3159" lat="48.7719663" lon="11.4324682" visible="true" />
  <node id="-3160" lat="48.7720003" lon="11.4324787" visible="true" />
  <node id="-3161" lat="48.7720299" lon="11.4324814" visible="true" />
  <node id="-3162" lat="48.7720543" lon="11.4324721" visible="true" />
  <node id="-3163" lat="48.7721231" lon="11.4324021" visible="true" />
  <node id="-3164" lat="48.7720956" lon="11.4323441" visible="true" />
  <node id="-3165" lat="48.7657379" lon="11.4231395" visible="true" />
  <node id="-3166" lat="48.7657148" lon="11.4225018" visible="true" />
  <node id="-3167" lat="48.7657504" lon="11.4224896" visible="true" />
  <node id="-3168" lat="48.7672110" lon="11.4306824" visible="true" />
  <node id="-3169" lat="48.7676474" lon="11.4301077" visible="true" />
  <node id="-3170" lat="48.7676214" lon="11.4300626" visible="true" />
  <node id="-3171" lat="48.7676492" lon="11.4300260" visible="true" />
  <node id="-3172" lat="48.7675855" lon="11.4299153" visible="true" />
  <node id="-3173" lat="48.7675702" lon="11.4299354" visible="true" />
  <node id="-3174" lat="48.7675535" lon="11.4299064" visible="true" />
  <node id="-3175" lat="48.7675353" lon="11.4299304" visible="true" />
  <node id="-3176" lat="48.7675269" lon="11.4299159" visible="true" />
  <node id="-3177" lat="48.7671243" lon="11.4304462" visible="true" />
  <node id="-3178" lat="48.7671325" lon="11.4304604" visible="true" />
  <node id="-3179" lat="48.7671045" lon="11.4304973" visible="true" />
  <node id="-3180" lat="48.7674596" lon="11.4310096" visible="true" />
  <node id="-3181" lat="48.7678871" lon="11.4304359" visible="true" />
  <node id="-3182" lat="48.7677700" lon="11.4302362" visible="true" />
  <node id="-3183" lat="48.7673425" lon="11.4308100" visible="true" />
  <node id="-3184" lat="48.7680897" lon="11.4261286" visible="true" />
  <node id="-3185" lat="48.7680730" lon="11.4261290" visible="true" />
  <node id="-3186" lat="48.7680874" lon="11.4260590" visible="true" />
  <node id="-3187" lat="48.7680704" lon="11.4260599" visible="true" />
  <node id="-3188" lat="48.7680886" lon="11.4261015" visible="true" />
  <node id="-3189" lat="48.7680718" lon="11.4260988" visible="true" />
  <node id="-3190" lat="48.7677564" lon="11.4230264" visible="true" />
  <node id="-3191" lat="48.7677611" lon="11.4230655" visible="true" />
  <node id="-3192" lat="48.7677650" lon="11.4230982" visible="true" />
  <node id="-3193" lat="48.7674087" lon="11.4231965" visible="true" />
  <node id="-3194" lat="48.7674001" lon="11.4231246" visible="true" />
  <node id="-3195" lat="48.7675061" lon="11.4230954" visible="true" />
  <node id="-3196" lat="48.7667902" lon="11.4231372" visible="true" />
  <node id="-3197" lat="48.7668031" lon="11.4232092" visible="true" />
  <node id="-3198" lat="48.7667497" lon="11.4232339" visible="true" />
  <node id="-3199" lat="48.7667236" lon="11.4231935" visible="true" />
  <node id="-3200" lat="48.7667184" lon="11.4231657" visible="true" />
  <node id="-3201" lat="48.7667730" lon="11.4224759" visible="true" />
  <node id="-3202" lat="48.7667611" lon="11.4223395" visible="true" />
  <node id="-3203" lat="48.7667531" lon="11.4223429" visible="true" />
  <node id="-3204" lat="48.7676656" lon="11.4224011" visible="true" />
  <node id="-3205" lat="48.7674021" lon="11.4224943" visible="true" />
  <node id="-3206" lat="48.7673862" lon="11.4224998" visible="true" />
  <node id="-3207" lat="48.7673379" lon="11.4225164" visible="true" />
  <node id="-3208" lat="48.7672896" lon="11.4225330" visible="true" />
  <node id="-3209" lat="48.7672292" lon="11.4225537" visible="true" />
  <node id="-3210" lat="48.7671816" lon="11.4231800" visible="true" />
  <node id="-3211" lat="48.7660707" lon="11.4247001" visible="true" />
  <node id="-3212" lat="48.7661583" lon="11.4246643" visible="true" />
  <node id="-3213" lat="48.7660641" lon="11.4241755" visible="true" />
  <node id="-3214" lat="48.7663228" lon="11.4240647" visible="true" />
  <node id="-3215" lat="48.7663086" lon="11.4239940" visible="true" />
  <node id="-3216" lat="48.7663019" lon="11.4239610" visible="true" />
  <node id="-3217" lat="48.7662979" lon="11.4239412" visible="true" />
  <node id="-3218" lat="48.7659632" lon="11.4240894" visible="true" />
  <node id="-3219" lat="48.7659304" lon="11.4241718" visible="true" />
  <node id="-3220" lat="48.7646417" lon="11.4269933" visible="true" />
  <node id="-3221" lat="48.7646285" lon="11.4269204" visible="true" />
  <node id="-3222" lat="48.7647969" lon="11.4268587" visible="true" />
  <node id="-3223" lat="48.7648375" lon="11.4271013" visible="true" />
  <node id="-3224" lat="48.7641856" lon="11.4276269" visible="true" />
  <node id="-3225" lat="48.7640589" lon="11.4276789" visible="true" />
  <node id="-3226" lat="48.7640227" lon="11.4273568" visible="true" />
  <node id="-3227" lat="48.7640542" lon="11.4273513" visible="true" />
  <node id="-3228" lat="48.7640334" lon="11.4272361" visible="true" />
  <node id="-3229" lat="48.7643036" lon="11.4271515" visible="true" />
  <node id="-3230" lat="48.7643520" lon="11.4274902" visible="true" />
  <node id="-3231" lat="48.7641758" lon="11.4275516" visible="true" />
  <node id="-3232" lat="48.7659047" lon="11.4262741" visible="true" />
  <node id="-3233" lat="48.7658822" lon="11.4262826" visible="true" />
  <node id="-3234" lat="48.7658791" lon="11.4262641" visible="true" />
  <node id="-3235" lat="48.7657993" lon="11.4262953" visible="true" />
  <way id="-1000000000" visible="true">
    <nd ref="-1" />
    <nd ref="-2" />
    <nd ref="-3" />
    <nd ref="-4" />
    <nd ref="-5" />
    <nd ref="-6" />
    <nd ref="-7" />
    <nd ref="-8" />
    <nd ref="-9" />
    <nd ref="-10" />
    <nd ref="-11" />
    <nd ref="-12" />
    <nd ref="-13" />
    <nd ref="-14" />
    <nd ref="-15" />
    <nd ref="-16" />
    <nd ref="-17" />
    <nd ref="-18" />
    <nd ref="-19" />
    <nd ref="-20" />
    <nd ref="-21" />
    <nd ref="-22" />
    <nd ref="-23" />
    <nd ref="-24" />
    <nd ref="-25" />
    <nd ref="-26" />
    <nd ref="-27" />
    <nd ref="-28" />
    <nd ref="-29" />
    <nd ref="-30" />
    <nd ref="-31" />
    <nd ref="-32" />
    <nd ref="-33" />
    <nd ref="-34" />
    <nd ref="-35" />
    <nd ref="-36" />
    <nd ref="-37" />
    <nd ref="-38" />
    <nd ref="-39" />
    <nd ref="-40" />
    <nd ref="-41" />
    <nd ref="-42" />
    <nd ref="-43" />
    <nd ref="-44" />
    <nd ref="-45" />
    <nd ref="-1" />
    <tag k="addr:city" v="Ingolstadt" />
    <tag k="addr:housenumber" v="20" />
    <tag k="addr:street" v="Elbrachtstraße" />
    <tag k="building" v="public" />
    <tag k="name" v="Kavalier Elbracht" />
  </way>
  <way id="-1000000001" visible="true">
    <nd ref="-46" />
    <nd ref="-47" />
    <nd ref="-48" />
    <nd ref="-49" />
    <nd ref="-50" />
    <nd ref="-46" />
    <tag k="addr:city" v="Ingolstadt" />
    <tag k="addr:country" v="DE" />
    <tag k="addr:housenumber" v="38" />
    <tag k="addr:postcode" v="85049" />
    <tag k="addr:street" v="Esplanade" />
    <tag k="building" v="yes" />
    <tag k="government" v="tax" />
    <tag k="level" v="4" />
    <tag k="name" v="Finanzamt" />
    <tag k="office" v="government" />
    <tag k="operator" v="Freistaat Bayern" />
    <tag k="ref:bufa" v="9124" />
    <tag k="source" v="HiRes aerial imagery" />
    <tag k="toilets:wheelchair" v="yes" />
    <tag k="wheelchair" v="limited" />
  </way>
  <way id="-1000000002" visible="true">
    <nd ref="-51" />
    <nd ref="-52" />
    <nd ref="-53" />
    <nd ref="-54" />
    <nd ref="-55" />
    <nd ref="-56" />
    <nd ref="-57" />
    <nd ref="-58" />
    <nd ref="-51" />
    <tag k="addr:city" v="Ingolstadt" />
    <tag k="addr:country" v="DE" />
    <tag k="addr:housenumber" v="8" />
    <tag k="addr:postcode" v="85049" />
    <tag k="addr:street" v="Adolf-Kolping-Straße" />
    <tag k="amenity" v="townhall" />
    <tag k="building" v="yes" />
    <tag k="building:levels" v="4" />
    <tag k="name" v="Soziales Rathaus" />
    <tag k="source" v="HiRes aerial imagery" />
  </way>
  <way id="-1000000003" visible="true">
    <nd ref="-59" />
    <nd ref="-60" />
    <nd ref="-61" />
    <nd ref="-62" />
    <nd ref="-59" />
    <tag k="building" v="apartments" />
    <tag k="building:levels" v="2" />
    <tag k="roof:levels" v="1" />
  </way>
  <way id="-1000000004" visible="true">
    <nd ref="-63" />
    <nd ref="-64" />
    <nd ref="-65" />
    <nd ref="-66" />
    <nd ref="-63" />
    <tag k="building" v="apartments" />
    <tag k="building:levels" v="2" />
    <tag k="roof:levels" v="1" />
    <tag k="source" v="HiRes aerial imagery" />
  </way>
  <way id="-1000000005" visible="true">
    <nd ref="-67" />
    <nd ref="-68" />
    <nd ref="-69" />
    <nd ref="-70" />
    <nd ref="-71" />
    <nd ref="-67" />
    <tag k="building" v="yes" />
    <tag k="name" v="Elisa Seniorenstift" />
    <tag k="source" v="HiRes aerial imagery" />
  </way>
  <way id="-1000000006" visible="true">
    <nd ref="-70" />
    <nd ref="-69" />
    <nd ref="-72" />
    <nd ref="-73" />
    <nd ref="-74" />
    <nd ref="-75" />
    <nd ref="-70" />
    <tag k="building" v="apartments" />
    <tag k="source" v="HiRes aerial imagery" />
  </way>
  <way id="-1000000007" visible="true">
    <nd ref="-76" />
    <nd ref="-77" />
    <nd ref="-78" />
    <nd ref="-79" />
    <nd ref="-80" />
    <nd ref="-81" />
    <nd ref="-76" />
    <tag k="addr:city" v="Ingolstadt" />
    <tag k="addr:country" v="DE" />
    <tag k="addr:housenumber" v="1" />
    <tag k="addr:postcode" v="85049" />
    <tag k="addr:street" v="Proviantstraße" />
    <tag k="building" v="yes" />
    <tag k="building:levels" v="3" />
    <tag k="height" v="12" />
    <tag k="source" v="HiRes aerial imagery" />
  </way>
  <way id="-1000000008" visible="true">
    <nd ref="-82" />
    <nd ref="-83" />
    <nd ref="-84" />
    <nd ref="-85" />
    <nd ref="-86" />
    <nd ref="-87" />
    <nd ref="-88" />
    <nd ref="-89" />
    <nd ref="-90" />
    <nd ref="-91" />
    <nd ref="-92" />
    <nd ref="-93" />
    <nd ref="-94" />
    <nd ref="-95" />
    <nd ref="-96" />
    <nd ref="-97" />
    <nd ref="-98" />
    <nd ref="-99" />
    <nd ref="-100" />
    <nd ref="-101" />
    <nd ref="-102" />
    <nd ref="-103" />
    <nd ref="-82" />
    <tag k="amenity" v="police" />
    <tag k="building" v="public" />
    <tag k="level" v="4" />
    <tag k="source" v="HiRes aerial imagery" />
    <tag k="wheelchair" v="limited" />
  </way>
  <way id="-1000000009" visible="true">
    <nd ref="-104" />
    <nd ref="-105" />
    <nd ref="-106" />
    <nd ref="-107" />
    <nd ref="-104" />
    <tag k="addr:city" v="Ingolstadt" />
    <tag k="addr:country" v="DE" />
    <tag k="addr:housenumber" v="9" />
    <tag k="addr:postcode" v="85049" />
    <tag k="addr:street" v="Esplanade" />
    <tag k="building" v="yes" />
    <tag k="name" v="Lechner-Museum" />
    <tag k="source" v="HiRes aerial imagery" />
    <tag k="tourism" v="museum" />
    <tag k="website" v="https://www.lechner-museum.de/" />
    <tag k="wikidata" v="Q17066668" />
    <tag k="wikipedia" v="de:Lechner Museum" />
  </way>
  <way id="-1000000010" visible="true">
    <nd ref="-108" />
    <nd ref="-109" />
    <nd ref="-110" />
    <nd ref="-111" />
    <nd ref="-112" />
    <nd ref="-113" />
    <nd ref="-114" />
    <nd ref="-115" />
    <nd ref="-116" />
    <nd ref="-117" />
    <nd ref="-118" />
    <nd ref="-119" />
    <nd ref="-108" />
    <tag k="building" v="retail" />
  </way>
  <way id="-1000000011" visible="true">
    <nd ref="-120" />
    <nd ref="-121" />
    <nd ref="-122" />
    <nd ref="-123" />
    <nd ref="-124" />
    <nd ref="-125" />
    <nd ref="-126" />
    <nd ref="-127" />
    <nd ref="-128" />
    <nd ref="-129" />
    <nd ref="-130" />
    <nd ref="-131" />
    <nd ref="-132" />
    <nd ref="-133" />
    <nd ref="-134" />
    <nd ref="-135" />
    <nd ref="-136" />
    <nd ref="-137" />
    <nd ref="-138" />
    <nd ref="-139" />
    <nd ref="-120" />
    <tag k="building" v="yes" />
    <tag k="historic" v="yes" />
    <tag k="source" v="HiRes aerial imagery" />
  </way>
  <way id="-1000000012" visible="true">
    <nd ref="-140" />
    <nd ref="-141" />
    <nd ref="-142" />
    <nd ref="-143" />
    <nd ref="-144" />
    <nd ref="-145" />
    <nd ref="-146" />
    <nd ref="-147" />
    <nd ref="-148" />
    <nd ref="-149" />
    <nd ref="-150" />
    <nd ref="-151" />
    <nd ref="-152" />
    <nd ref="-153" />
    <nd ref="-154" />
    <nd ref="-140" />
    <tag k="building" v="yes" />
    <tag k="source" v="HiRes aerial imagery" />
  </way>
  <way id="-1000000013" visible="true">
    <nd ref="-155" />
    <nd ref="-156" />
    <nd ref="-157" />
    <nd ref="-158" />
    <nd ref="-159" />
    <nd ref="-160" />
    <nd ref="-161" />
    <nd ref="-162" />
    <nd ref="-163" />
    <nd ref="-164" />
    <nd ref="-165" />
    <nd ref="-166" />
    <nd ref="-167" />
    <nd ref="-168" />
    <nd ref="-169" />
    <nd ref="-170" />
    <nd ref="-171" />
    <nd ref="-172" />
    <nd ref="-173" />
    <nd ref="-174" />
    <nd ref="-175" />
    <nd ref="-155" />
    <tag k="building" v="yes" />
    <tag k="historic" v="castle" />
    <tag k="name" v="Neues Schloss" />
    <tag k="name:be" v="Новы замак" />
    <tag k="source" v="HiRes aerial imagery" />
    <tag k="wikidata" v="Q82878" />
    <tag k="wikimedia_commons" v="Category:Neues Schloss (Ingolstadt)" />
    <tag k="wikipedia" v="de:Neues Schloss (Ingolstadt)" />
  </way>
  <way id="-1000000014" visible="true">
    <nd ref="-176" />
    <nd ref="-177" />
    <nd ref="-178" />
    <nd ref="-179" />
    <nd ref="-180" />
    <nd ref="-181" />
    <nd ref="-176" />
    <tag k="building" v="yes" />
    <tag k="name" v="Rossmühle" />
    <tag k="source" v="HiRes aerial imagery" />
  </way>
  <way id="-1000000015" visible="true">
    <nd ref="-182" />
    <nd ref="-183" />
    <nd ref="-184" />
    <nd ref="-185" />
    <nd ref="-182" />
    <tag k="addr:city" v="Ingolstadt" />
    <tag k="addr:country" v="DE" />
    <tag k="addr:housenumber" v="17" />
    <tag k="addr:postcode" v="85049" />
    <tag k="addr:street" v="Esplanade" />
    <tag k="building" v="yes" />
    <tag k="source" v="HiRes aerial imagery" />
  </way>
  <way id="-1000000016" visible="true">
    <nd ref="-186" />
    <nd ref="-187" />
    <nd ref="-188" />
    <nd ref="-189" />
    <nd ref="-190" />
    <nd ref="-191" />
    <nd ref="-186" />
    <tag k="building" v="university" />
    <tag k="building:levels" v="4" />
    <tag k="ref" v="B" />
    <tag k="source" v="HiRes aerial imagery" />
  </way>
  <way id="-1000000017" visible="true">
    <nd ref="-192" />
    <nd ref="-193" />
    <nd ref="-194" />
    <nd ref="-195" />
    <nd ref="-196" />
    <nd ref="-197" />
    <nd ref="-192" />
    <tag k="building" v="yes" />
    <tag k="name" v="Gasdruckregelstation" />
    <tag k="source" v="HiRes aerial imagery" />
  </way>
  <way id="-1000000018" visible="true">
    <nd ref="-198" />
    <nd ref="-199" />
    <nd ref="-200" />
    <nd ref="-201" />
    <nd ref="-202" />
    <nd ref="-203" />
    <nd ref="-204" />
    <nd ref="-205" />
    <nd ref="-206" />
    <nd ref="-207" />
    <nd ref="-208" />
    <nd ref="-209" />
    <nd ref="-210" />
    <nd ref="-211" />
    <nd ref="-212" />
    <nd ref="-213" />
    <nd ref="-214" />
    <nd ref="-215" />
    <nd ref="-216" />
    <nd ref="-198" />
    <tag k="addr:city" v="Ingolstadt" />
    <tag k="addr:postcode" v="85049" />
    <tag k="addr:street" v="Adolf-Kolping-Straße" />
    <tag k="building" v="school" />
    <tag k="building:levels" v="5" />
    <tag k="level" v="-1_-_3" />
    <tag k="name" v="Berufsschule 1 Ingolstadt" />
  </way>
  <way id="-1000000019" visible="true">
    <nd ref="-217" />
    <nd ref="-218" />
    <nd ref="-219" />
    <nd ref="-220" />
    <nd ref="-217" />
    <tag k="building" v="detached" />
    <tag k="building:levels" v="3" />
    <tag k="roof:levels" v="0" />
    <tag k="source" v="HiRes aerial imagery" />
  </way>
  <way id="-1000000020" visible="true">
    <nd ref="-221" />
    <nd ref="-222" />
    <nd ref="-223" />
    <nd ref="-224" />
    <nd ref="-221" />
    <tag k="building" v="garages" />
  </way>
  <way id="-1000000021" visible="true">
    <nd ref="-225" />
    <nd ref="-226" />
    <nd ref="-227" />
    <nd ref="-228" />
    <nd ref="-229" />
    <nd ref="-230" />
    <nd ref="-231" />
    <nd ref="-232" />
    <nd ref="-233" />
    <nd ref="-234" />
    <nd ref="-235" />
    <nd ref="-236" />
    <nd ref="-237" />
    <nd ref="-238" />
    <nd ref="-239" />
    <nd ref="-240" />
    <nd ref="-225" />
    <tag k="addr:city" v="Ingolstadt" />
    <tag k="addr:country" v="DE" />
    <tag k="addr:housenumber" v="11" />
    <tag k="addr:postcode" v="85049" />
    <tag k="addr:street" v="Dreizehnerstraße" />
    <tag k="amenity" v="place_of_worship" />
    <tag k="building" v="church" />
    <tag k="denomination" v="orthodox" />
    <tag k="name" v="St. Nikolaus" />
    <tag k="religion" v="christian" />
  </way>
  <way id="-1000000022" visible="true">
    <nd ref="-241" />
    <nd ref="-242" />
    <nd ref="-243" />
    <nd ref="-244" />
    <nd ref="-245" />
    <nd ref="-246" />
    <nd ref="-247" />
    <nd ref="-248" />
    <nd ref="-249" />
    <nd ref="-241" />
    <tag k="addr:city" v="Ingolstadt" />
    <tag k="addr:country" v="DE" />
    <tag k="addr:housenumber" v="26b" />
    <tag k="addr:postcode" v="85049" />
    <tag k="addr:street" v="Unterer Graben" />
    <tag k="amenity" v="social_facility" />
    <tag k="building" v="yes" />
    <tag k="check_date" v="2024-12-09" />
    <tag k="contact:email" v="franz.hartinger@hospiz-ingolstadt.de" />
    <tag k="contact:phone" v="+49 841 880-5000" />
    <tag k="contact:website" v="http://www.hospiz-ingolstadt.de" />
    <tag k="name" v="Elisabeth Hospiz" />
    <tag k="source" v="HiRes aerial imagery" />
  </way>
  <way id="-1000000023" visible="true">
    <nd ref="-250" />
    <nd ref="-251" />
    <nd ref="-252" />
    <nd ref="-253" />
    <nd ref="-254" />
    <nd ref="-255" />
    <nd ref="-256" />
    <nd ref="-257" />
    <nd ref="-258" />
    <nd ref="-259" />
    <nd ref="-260" />
    <nd ref="-261" />
    <nd ref="-262" />
    <nd ref="-263" />
    <nd ref="-264" />
    <nd ref="-265" />
    <nd ref="-250" />
    <tag k="building" v="yes" />
    <tag k="historic" v="yes" />
    <tag k="note" v="Reste der Hauptumwallung" />
  </way>
  <way id="-1000000024" visible="true">
    <nd ref="-266" />
    <nd ref="-267" />
    <nd ref="-268" />
    <nd ref="-269" />
    <nd ref="-270" />
    <nd ref="-271" />
    <nd ref="-272" />
    <nd ref="-273" />
    <nd ref="-266" />
    <tag k="addr:city" v="Ingolstadt" />
    <tag k="addr:country" v="DE" />
    <tag k="addr:housenumber" v="1" />
    <tag k="addr:postcode" v="85049" />
    <tag k="addr:street" v="Heydeckplatz" />
    <tag k="brand" v="Agentur für Arbeit" />
    <tag k="brand:wikidata" v="Q1478016" />
    <tag k="brand:wikipedia" v="de:Bundesagentur für Arbeit" />
    <tag k="building" v="yes" />
    <tag k="fax" v="+49 841 933 8999" />
    <tag k="name" v="Agentur für Arbeit" />
    <tag k="office" v="employment_agency" />
    <tag k="opening_hours" v="Mo - Th 07:30-12:00; Th 13:30-18:00; Fr 07:30-12:00" />
    <tag k="phone" v="0800 4555500" />
    <tag k="website" v="https://www.arbeitsagentur.de/web/content/DE/dienststellen/rdby/ingolstadt/Agentur/index.htm" />
  </way>
  <way id="-1000000025" visible="true">
    <nd ref="-274" />
    <nd ref="-275" />
    <nd ref="-276" />
    <nd ref="-277" />
    <nd ref="-274" />
    <tag k="addr:city" v="Ingolstadt" />
    <tag k="addr:country" v="DE" />
    <tag k="addr:housenumber" v="36" />
    <tag k="addr:postcode" v="85049" />
    <tag k="addr:street" v="Esplanade" />
    <tag k="amenity" v="language_school" />
    <tag k="building" v="yes" />
    <tag k="contact:email" v="info@euro-ingolstadt.de" />
    <tag k="contact:fax" v="+49 841 17193" />
    <tag k="contact:phone" v="+49 841 17001" />
    <tag k="contact:website" v="http://www.euro-ingolstadt.de/index.php" />
    <tag k="name" v="EURO Sprachen - Institut" />
    <tag k="opening_hours" v="Mo-Th 08:00-14:30; Fr 08:00-13:00" />
  </way>
  <way id="-1000000026" visible="true">
    <nd ref="-278" />
    <nd ref="-279" />
    <nd ref="-280" />
    <nd ref="-281" />
    <nd ref="-282" />
    <nd ref="-278" />
    <tag k="addr:city" v="Ingolstadt" />
    <tag k="addr:country" v="DE" />
    <tag k="addr:housenumber" v="3" />
    <tag k="addr:postcode" v="85049" />
    <tag k="addr:street" v="Schrannenstraße" />
    <tag k="amenity" v="courthouse" />
    <tag k="building" v="yes" />
    <tag k="building:levels" v="3" />
    <tag k="height" v="10" />
    <tag k="historic" v="building" />
    <tag k="name" v="Insolvenzgericht" />
    <tag k="note" v="Ehemaliges Proviantamt der Festung IN, erbaut 1865" />
  </way>
  <way id="-1000000027" visible="true">
    <nd ref="-283" />
    <nd ref="-284" />
    <nd ref="-285" />
    <nd ref="-286" />
    <nd ref="-287" />
    <nd ref="-288" />
    <nd ref="-289" />
    <nd ref="-290" />
    <nd ref="-291" />
    <nd ref="-292" />
    <nd ref="-293" />
    <nd ref="-294" />
    <nd ref="-295" />
    <nd ref="-296" />
    <nd ref="-297" />
    <nd ref="-298" />
    <nd ref="-299" />
    <nd ref="-300" />
    <nd ref="-301" />
    <nd ref="-302" />
    <nd ref="-303" />
    <nd ref="-304" />
    <nd ref="-283" />
    <tag k="addr:city" v="Ingolstadt" />
    <tag k="addr:country" v="DE" />
    <tag k="addr:housenumber" v="2" />
    <tag k="addr:postcode" v="85049" />
    <tag k="addr:street" v="Harderstraße" />
    <tag k="amenity" v="place_of_worship" />
    <tag k="basilica" v="minor" />
    <tag k="building" v="church" />
    <tag k="building:architecture" v="gothic" />
    <tag k="by:religious_title" v="Paul VI." />
    <tag k="date:religious_title" v="1964" />
    <tag k="denomination" v="roman_catholic" />
    <tag k="diocese" v="Bistum Eichstätt" />
    <tag k="heritage" v="4" />
    <tag k="heritage:operator" v="BLfD" />
    <tag k="name" v="Franziskanerkirche" />
    <tag k="ref:BLfD" v="D-1-61-000-160" />
    <tag k="religion" v="christian" />
    <tag k="religious_title" v="Basilica minor" />
    <tag k="source" v="HiRes aerial imagery" />
    <tag k="start_date" v="1275" />
    <tag k="wheelchair" v="limited" />
    <tag k="wikidata" v="Q833221" />
    <tag k="wikipedia" v="de:Franziskanerkirche (Ingolstadt)" />
  </way>
  <way id="-1000000028" visible="true">
    <nd ref="-305" />
    <nd ref="-306" />
    <nd ref="-307" />
    <nd ref="-308" />
    <nd ref="-309" />
    <nd ref="-310" />
    <nd ref="-311" />
    <nd ref="-312" />
    <nd ref="-305" />
    <tag k="addr:city" v="Ingolstadt" />
    <tag k="addr:country" v="DE" />
    <tag k="addr:housenumber" v="21" />
    <tag k="addr:postcode" v="85049" />
    <tag k="addr:street" v="Sebastianstraße" />
    <tag k="building" v="yes" />
    <tag k="source" v="HiRes aerial imagery" />
  </way>
  <way id="-1000000029" visible="true">
    <nd ref="-313" />
    <nd ref="-314" />
    <nd ref="-315" />
    <nd ref="-316" />
    <nd ref="-317" />
    <nd ref="-318" />
    <nd ref="-319" />
    <nd ref="-320" />
    <nd ref="-321" />
    <nd ref="-322" />
    <nd ref="-323" />
    <nd ref="-324" />
    <nd ref="-325" />
    <nd ref="-326" />
    <nd ref="-313" />
    <tag k="building" v="yes" />
    <tag k="building:levels" v="3" />
    <tag k="source" v="HiRes aerial imagery" />
  </way>
  <way id="-1000000030" visible="true">
    <nd ref="-327" />
    <nd ref="-328" />
    <nd ref="-329" />
    <nd ref="-330" />
    <nd ref="-331" />
    <nd ref="-332" />
    <nd ref="-333" />
    <nd ref="-334" />
    <nd ref="-335" />
    <nd ref="-336" />
    <nd ref="-337" />
    <nd ref="-338" />
    <nd ref="-339" />
    <nd ref="-340" />
    <nd ref="-341" />
    <nd ref="-342" />
    <nd ref="-343" />
    <nd ref="-344" />
    <nd ref="-345" />
    <nd ref="-346" />
    <nd ref="-327" />
    <tag k="building" v="yes" />
  </way>
  <way id="-1000000031" visible="true">
    <nd ref="-347" />
    <nd ref="-348" />
    <nd ref="-349" />
    <nd ref="-350" />
    <nd ref="-351" />
    <nd ref="-347" />
    <tag k="addr:city" v="Ingolstadt" />
    <tag k="addr:country" v="DE" />
    <tag k="addr:housenumber" v="3" />
    <tag k="addr:postcode" v="85049" />
    <tag k="addr:street" v="Harderstraße" />
    <tag k="building" v="hotel" />
  </way>
  <way id="-1000000032" visible="true">
    <nd ref="-352" />
    <nd ref="-353" />
    <nd ref="-354" />
    <nd ref="-355" />
    <nd ref="-356" />
    <nd ref="-352" />
    <tag k="building" v="yes" />
  </way>
  <way id="-1000000033" visible="true">
    <nd ref="-357" />
    <nd ref="-358" />
    <nd ref="-359" />
    <nd ref="-360" />
    <nd ref="-361" />
    <nd ref="-362" />
    <nd ref="-363" />
    <nd ref="-364" />
    <nd ref="-365" />
    <nd ref="-366" />
    <nd ref="-367" />
    <nd ref="-368" />
    <nd ref="-369" />
    <nd ref="-370" />
    <nd ref="-371" />
    <nd ref="-372" />
    <nd ref="-373" />
    <nd ref="-374" />
    <nd ref="-375" />
    <nd ref="-376" />
    <nd ref="-377" />
    <nd ref="-378" />
    <nd ref="-379" />
    <nd ref="-380" />
    <nd ref="-357" />
    <tag k="addr:city" v="Ingolstadt" />
    <tag k="addr:country" v="DE" />
    <tag k="addr:housenumber" v="4" />
    <tag k="addr:postcode" v="85049" />
    <tag k="addr:street" v="Östliche Ringstraße" />
    <tag k="building" v="yes" />
    <tag k="building:levels" v="3" />
    <tag k="roof:levels" v="1" />
    <tag k="source" v="HiRes aerial imagery" />
  </way>
  <way id="-1000000034" visible="true">
    <nd ref="-381" />
    <nd ref="-382" />
    <nd ref="-383" />
    <nd ref="-384" />
    <nd ref="-385" />
    <nd ref="-386" />
    <nd ref="-387" />
    <nd ref="-388" />
    <nd ref="-389" />
    <nd ref="-390" />
    <nd ref="-391" />
    <nd ref="-392" />
    <nd ref="-393" />
    <nd ref="-394" />
    <nd ref="-395" />
    <nd ref="-396" />
    <nd ref="-397" />
    <nd ref="-398" />
    <nd ref="-399" />
    <nd ref="-400" />
    <nd ref="-381" />
    <tag k="building" v="fire_station" />
    <tag k="building:levels" v="4" />
    <tag k="roof:levels" v="0" />
    <tag k="roof:shape" v="flat" />
  </way>
  <way id="-1000000035" visible="true">
    <nd ref="-401" />
    <nd ref="-402" />
    <nd ref="-403" />
    <nd ref="-404" />
    <nd ref="-405" />
    <nd ref="-406" />
    <nd ref="-407" />
    <nd ref="-408" />
    <nd ref="-409" />
    <nd ref="-410" />
    <nd ref="-411" />
    <nd ref="-412" />
    <nd ref="-413" />
    <nd ref="-414" />
    <nd ref="-415" />
    <nd ref="-416" />
    <nd ref="-401" />
    <tag k="addr:city" v="Ingolstadt" />
    <tag k="addr:country" v="DE" />
    <tag k="addr:housenumber" v="8" />
    <tag k="addr:postcode" v="85049" />
    <tag k="addr:street" v="Rechbergstraße" />
    <tag k="building" v="public" />
    <tag k="building:colour" v="white" />
    <tag k="government" v="cadaster" />
    <tag k="name" v="Amt für Digitalisierung, Breitband und Vermessung" />
    <tag k="office" v="government" />
    <tag k="roof:colour" v="red" />
    <tag k="roof:material" v="roof_tiles" />
    <tag k="roof:shape" v="hipped" />
    <tag k="source" v="HiRes aerial imagery" />
  </way>
  <way id="-1000000036" visible="true">
    <nd ref="-417" />
    <nd ref="-418" />
    <nd ref="-419" />
    <nd ref="-420" />
    <nd ref="-417" />
    <tag k="building" v="yes" />
    <tag k="source" v="HiRes aerial imagery" />
  </way>
  <way id="-1000000037" visible="true">
    <nd ref="-421" />
    <nd ref="-422" />
    <nd ref="-423" />
    <nd ref="-424" />
    <nd ref="-421" />
    <tag k="building" v="yes" />
    <tag k="source" v="HiRes aerial imagery" />
  </way>
  <way id="-1000000038" visible="true">
    <nd ref="-425" />
    <nd ref="-426" />
    <nd ref="-427" />
    <nd ref="-428" />
    <nd ref="-429" />
    <nd ref="-430" />
    <nd ref="-431" />
    <nd ref="-432" />
    <nd ref="-425" />
    <tag k="building" v="apartments" />
    <tag k="building:levels" v="4" />
    <tag k="roof:levels" v="1" />
    <tag k="source" v="HiRes aerial imagery" />
  </way>
  <way id="-1000000039" visible="true">
    <nd ref="-433" />
    <nd ref="-434" />
    <nd ref="-435" />
    <nd ref="-436" />
    <nd ref="-437" />
    <nd ref="-438" />
    <nd ref="-439" />
    <nd ref="-440" />
    <nd ref="-441" />
    <nd ref="-442" />
    <nd ref="-443" />
    <nd ref="-444" />
    <nd ref="-445" />
    <nd ref="-446" />
    <nd ref="-433" />
    <tag k="building" v="yes" />
  </way>
  <way id="-1000000040" visible="true">
    <nd ref="-447" />
    <nd ref="-448" />
    <nd ref="-449" />
    <nd ref="-450" />
    <nd ref="-447" />
    <tag k="addr:city" v="Ingolstadt" />
    <tag k="addr:country" v="DE" />
    <tag k="addr:housenumber" v="29" />
    <tag k="addr:postcode" v="85049" />
    <tag k="addr:street" v="Esplanade" />
    <tag k="building" v="public" />
    <tag k="government" v="healthcare" />
    <tag k="name" v="Gesundheitsamt Ingolstadt" />
    <tag k="office" v="government" />
    <tag k="roof:colour" v="black" />
    <tag k="roof:material" v="roof_tiles" />
    <tag k="roof:shape" v="hipped" />
    <tag k="wheelchair" v="limited" />
  </way>
  <way id="-1000000041" visible="true">
    <nd ref="-451" />
    <nd ref="-452" />
    <nd ref="-453" />
    <nd ref="-454" />
    <nd ref="-451" />
    <tag k="addr:city" v="Ingolstadt" />
    <tag k="addr:country" v="DE" />
    <tag k="addr:housenumber" v="27" />
    <tag k="addr:postcode" v="85049" />
    <tag k="addr:street" v="Esplanade" />
    <tag k="building" v="yes" />
  </way>
  <way id="-1000000042" visible="true">
    <nd ref="-455" />
    <nd ref="-456" />
    <nd ref="-457" />
    <nd ref="-458" />
    <nd ref="-459" />
    <nd ref="-460" />
    <nd ref="-461" />
    <nd ref="-462" />
    <nd ref="-463" />
    <nd ref="-464" />
    <nd ref="-455" />
    <tag k="building" v="yes" />
    <tag k="building:levels" v="4" />
    <tag k="roof:shape" v="flat" />
  </way>
  <way id="-1000000043" visible="true">
    <nd ref="-465" />
    <nd ref="-466" />
    <nd ref="-467" />
    <nd ref="-468" />
    <nd ref="-469" />
    <nd ref="-470" />
    <nd ref="-471" />
    <nd ref="-465" />
    <tag k="addr:city" v="Ingolstadt" />
    <tag k="addr:country" v="DE" />
    <tag k="addr:housenumber" v="13" />
    <tag k="addr:postcode" v="85049" />
    <tag k="addr:street" v="Harderstraße" />
    <tag k="building" v="yes" />
  </way>
  <way id="-1000000044" visible="true">
    <nd ref="-470" />
    <nd ref="-472" />
    <nd ref="-473" />
    <nd ref="-474" />
    <nd ref="-475" />
    <nd ref="-469" />
    <nd ref="-470" />
    <tag k="addr:city" v="Ingolstadt" />
    <tag k="addr:country" v="DE" />
    <tag k="addr:housenumber" v="11" />
    <tag k="addr:postcode" v="85049" />
    <tag k="addr:street" v="Harderstraße" />
    <tag k="building" v="yes" />
  </way>
  <way id="-1000000045" visible="true">
    <nd ref="-476" />
    <nd ref="-477" />
    <nd ref="-478" />
    <nd ref="-479" />
    <nd ref="-480" />
    <nd ref="-481" />
    <nd ref="-482" />
    <nd ref="-476" />
    <tag k="addr:city" v="Ingolstadt" />
    <tag k="addr:country" v="DE" />
    <tag k="addr:housenumber" v="9" />
    <tag k="addr:postcode" v="85049" />
    <tag k="addr:street" v="Harderstraße" />
    <tag k="building" v="yes" />
  </way>
  <way id="-1000000046" visible="true">
    <nd ref="-478" />
    <nd ref="-483" />
    <nd ref="-484" />
    <nd ref="-485" />
    <nd ref="-486" />
    <nd ref="-479" />
    <nd ref="-478" />
    <tag k="addr:city" v="Ingolstadt" />
    <tag k="addr:country" v="DE" />
    <tag k="addr:housenumber" v="7" />
    <tag k="addr:postcode" v="85049" />
    <tag k="addr:street" v="Harderstraße" />
    <tag k="building" v="yes" />
  </way>
  <way id="-1000000047" visible="true">
    <nd ref="-487" />
    <nd ref="-488" />
    <nd ref="-489" />
    <nd ref="-490" />
    <nd ref="-491" />
    <nd ref="-487" />
    <tag k="building" v="yes" />
  </way>
  <way id="-1000000048" visible="true">
    <nd ref="-492" />
    <nd ref="-493" />
    <nd ref="-494" />
    <nd ref="-495" />
    <nd ref="-496" />
    <nd ref="-497" />
    <nd ref="-498" />
    <nd ref="-499" />
    <nd ref="-500" />
    <nd ref="-492" />
    <tag k="building" v="yes" />
  </way>
  <way id="-1000000049" visible="true">
    <nd ref="-501" />
    <nd ref="-502" />
    <nd ref="-503" />
    <nd ref="-504" />
    <nd ref="-505" />
    <nd ref="-506" />
    <nd ref="-501" />
    <tag k="building" v="yes" />
  </way>
  <way id="-1000000050" visible="true">
    <nd ref="-491" />
    <nd ref="-507" />
    <nd ref="-505" />
    <nd ref="-506" />
    <nd ref="-508" />
    <nd ref="-490" />
    <nd ref="-491" />
    <tag k="building" v="yes" />
    <tag k="layer" v="1" />
  </way>
  <way id="-1000000051" visible="true">
    <nd ref="-509" />
    <nd ref="-510" />
    <nd ref="-511" />
    <nd ref="-512" />
    <nd ref="-513" />
    <nd ref="-509" />
    <tag k="building" v="yes" />
    <tag k="source" v="HiRes aerial imagery" />
  </way>
  <way id="-1000000052" visible="true">
    <nd ref="-514" />
    <nd ref="-515" />
    <nd ref="-516" />
    <nd ref="-517" />
    <nd ref="-518" />
    <nd ref="-519" />
    <nd ref="-520" />
    <nd ref="-521" />
    <nd ref="-514" />
    <tag k="building" v="yes" />
    <tag k="source" v="HiRes aerial imagery" />
  </way>
  <way id="-1000000053" visible="true">
    <nd ref="-460" />
    <nd ref="-459" />
    <nd ref="-522" />
    <nd ref="-523" />
    <nd ref="-524" />
    <nd ref="-466" />
    <nd ref="-465" />
    <nd ref="-525" />
    <nd ref="-460" />
    <tag k="addr:city" v="Ingolstadt" />
    <tag k="addr:country" v="DE" />
    <tag k="addr:housenumber" v="15" />
    <tag k="addr:postcode" v="85049" />
    <tag k="addr:street" v="Harderstraße" />
    <tag k="building" v="yes" />
    <tag k="building:levels" v="4" />
    <tag k="roof:levels" v="0.5" />
    <tag k="roof:orientation" v="across" />
    <tag k="roof:shape" v="gabled" />
  </way>
  <way id="-1000000054" visible="true">
    <nd ref="-526" />
    <nd ref="-527" />
    <nd ref="-528" />
    <nd ref="-529" />
    <nd ref="-530" />
    <nd ref="-531" />
    <nd ref="-532" />
    <nd ref="-533" />
    <nd ref="-534" />
    <nd ref="-535" />
    <nd ref="-536" />
    <nd ref="-537" />
    <nd ref="-538" />
    <nd ref="-539" />
    <nd ref="-540" />
    <nd ref="-541" />
    <nd ref="-542" />
    <nd ref="-543" />
    <nd ref="-544" />
    <nd ref="-545" />
    <nd ref="-546" />
    <nd ref="-547" />
    <nd ref="-526" />
    <tag k="addr:city" v="Ingolstadt" />
    <tag k="addr:postcode" v="85049" />
    <tag k="addr:street" v="Adolf-Kolping-Straße" />
    <tag k="building" v="school" />
    <tag k="building:levels" v="4" />
    <tag k="level" v="-1_-_3" />
    <tag k="name" v="Berufsschule 1 Ingolstadt" />
  </way>
  <way id="-1000000055" visible="true">
    <nd ref="-436" />
    <nd ref="-435" />
    <nd ref="-548" />
    <nd ref="-549" />
    <nd ref="-550" />
    <nd ref="-436" />
    <tag k="addr:city" v="Ingolstadt" />
    <tag k="addr:country" v="DE" />
    <tag k="addr:housenumber" v="3" />
    <tag k="addr:postcode" v="85049" />
    <tag k="addr:street" v="Gymnasiumstraße" />
    <tag k="building" v="yes" />
  </way>
  <way id="-1000000056" visible="true">
    <nd ref="-551" />
    <nd ref="-552" />
    <nd ref="-553" />
    <nd ref="-554" />
    <nd ref="-555" />
    <nd ref="-556" />
    <nd ref="-557" />
    <nd ref="-558" />
    <nd ref="-559" />
    <nd ref="-560" />
    <nd ref="-561" />
    <nd ref="-562" />
    <nd ref="-563" />
    <nd ref="-551" />
    <tag k="amenity" v="place_of_worship" />
    <tag k="building" v="church" />
    <tag k="denomination" v="catholic" />
    <tag k="name" v="St. Sebastian" />
    <tag k="religion" v="christian" />
    <tag k="source" v="HiRes aerial imagery" />
    <tag k="wikidata" v="Q2263324" />
  </way>
  <way id="-1000000057" visible="true">
    <nd ref="-564" />
    <nd ref="-565" />
    <nd ref="-566" />
    <nd ref="-567" />
    <nd ref="-564" />
    <tag k="addr:city" v="Ingolstadt" />
    <tag k="addr:country" v="DE" />
    <tag k="addr:housenumber" v="1" />
    <tag k="addr:postcode" v="85049" />
    <tag k="addr:street" v="Schrannenstraße" />
    <tag k="air_conditioning" v="yes" />
    <tag k="amenity" v="cafe" />
    <tag k="building" v="yes" />
    <tag k="check_date:opening_hours" v="2026-06-18" />
    <tag k="contact:phone" v="+49 841 32261" />
    <tag k="diet:vegan" v="yes" />
    <tag k="diet:vegetarian" v="yes" />
    <tag k="indoor_seating" v="yes" />
    <tag k="name" v="Le Café" />
    <tag k="opening_hours" v="Mo-We 07:30-01:00, Th-Fr 07:30-02:00, Sa-Su 09:00-02:00" />
    <tag k="outdoor_seating" v="yes" />
    <tag k="restaurant" v="yes" />
    <tag k="source" v="HiRes aerial imagery" />
    <tag k="wheelchair" v="limited" />
  </way>
  <way id="-1000000058" visible="true">
    <nd ref="-568" />
    <nd ref="-569" />
    <nd ref="-570" />
    <nd ref="-571" />
    <nd ref="-572" />
    <nd ref="-568" />
    <tag k="addr:city" v="Ingolstadt" />
    <tag k="addr:country" v="DE" />
    <tag k="addr:housenumber" v="22" />
    <tag k="addr:postcode" v="85049" />
    <tag k="addr:street" v="Harderstraße" />
    <tag k="building" v="yes" />
    <tag k="source" v="HiRes aerial imagery" />
  </way>
  <way id="-1000000059" visible="true">
    <nd ref="-569" />
    <nd ref="-573" />
    <nd ref="-574" />
    <nd ref="-575" />
    <nd ref="-576" />
    <nd ref="-570" />
    <nd ref="-569" />
    <tag k="addr:city" v="Ingolstadt" />
    <tag k="addr:country" v="DE" />
    <tag k="addr:housenumber" v="20" />
    <tag k="addr:postcode" v="85049" />
    <tag k="addr:street" v="Harderstraße" />
    <tag k="building" v="yes" />
    <tag k="source" v="HiRes aerial imagery" />
  </way>
  <way id="-1000000060" visible="true">
    <nd ref="-577" />
    <nd ref="-578" />
    <nd ref="-579" />
    <nd ref="-580" />
    <nd ref="-581" />
    <nd ref="-582" />
    <nd ref="-583" />
    <nd ref="-584" />
    <nd ref="-585" />
    <nd ref="-577" />
    <tag k="addr:city" v="Ingolstadt" />
    <tag k="addr:country" v="DE" />
    <tag k="addr:housenumber" v="4" />
    <tag k="addr:postcode" v="85049" />
    <tag k="addr:street" v="Ludwigstraße" />
    <tag k="building" v="yes" />
    <tag k="building:levels" v="3" />
    <tag k="contact:instagram" v="xavermayer1794" />
    <tag k="email" v="info@xaver-mayr.de" />
    <tag k="level" v="0" />
    <tag k="name" v="Xaver Mayr" />
    <tag k="opening_hours" v="Mo-Fr 10:00-19:00; Sa 10:00-18:00" />
    <tag k="phone" v="+49 841 1484" />
    <tag k="shop" v="clothes" />
    <tag k="source" v="HiRes aerial imagery" />
    <tag k="website" v="https://www.xaver-mayr.de/" />
    <tag k="wheelchair" v="yes" />
  </way>
  <way id="-1000000061" visible="true">
    <nd ref="-586" />
    <nd ref="-587" />
    <nd ref="-588" />
    <nd ref="-589" />
    <nd ref="-590" />
    <nd ref="-591" />
    <nd ref="-586" />
    <tag k="addr:city" v="Ingolstadt" />
    <tag k="addr:country" v="DE" />
    <tag k="addr:housenumber" v="2" />
    <tag k="addr:postcode" v="85049" />
    <tag k="addr:street" v="Theresienstraße" />
    <tag k="amenity" v="pharmacy" />
    <tag k="building" v="yes" />
    <tag k="building:levels" v="4" />
    <tag k="contact:phone" v="+49 841 33316" />
    <tag k="contact:website" v="http://www.obere-apo.de/" />
    <tag k="healthcare" v="pharmacy" />
    <tag k="name" v="Obere Apotheke" />
    <tag k="opening_hours" v="Mo-Fr 08:30-18:30; Sa 09:00-16:00; PH off" />
    <tag k="operator" v="Anton Brandl" />
    <tag k="source" v="HiRes aerial imagery" />
    <tag k="wheelchair" v="yes" />
  </way>
  <way id="-1000000062" visible="true">
    <nd ref="-592" />
    <nd ref="-593" />
    <nd ref="-594" />
    <nd ref="-595" />
    <nd ref="-596" />
    <nd ref="-592" />
    <tag k="addr:city" v="Ingolstadt" />
    <tag k="addr:country" v="DE" />
    <tag k="addr:housenumber" v="1" />
    <tag k="addr:postcode" v="85049" />
    <tag k="addr:street" v="Theresienstraße" />
    <tag k="amenity" v="cafe" />
    <tag k="brand" v="Segafredo" />
    <tag k="brand:wikidata" v="Q21282762" />
    <tag k="brand:wikipedia" v="it:Segafredo Zanetti" />
    <tag k="building" v="yes" />
    <tag k="cuisine" v="coffee_shop" />
    <tag k="name" v="Segafredo" />
    <tag k="source" v="HiRes aerial imagery" />
    <tag k="takeaway" v="yes" />
    <tag k="wheelchair" v="yes" />
  </way>
  <way id="-1000000063" visible="true">
    <nd ref="-595" />
    <nd ref="-594" />
    <nd ref="-597" />
    <nd ref="-598" />
    <nd ref="-599" />
    <nd ref="-595" />
    <tag k="addr:city" v="Ingolstadt" />
    <tag k="addr:country" v="DE" />
    <tag k="addr:housenumber" v="3" />
    <tag k="addr:postcode" v="85049" />
    <tag k="addr:street" v="Theresienstraße" />
    <tag k="amenity" v="restaurant" />
    <tag k="building" v="yes" />
    <tag k="cuisine" v="asian" />
    <tag k="name" v="Somi Street Food" />
    <tag k="source" v="HiRes aerial imagery" />
    <tag k="website" v="https://somi-ingolstadt.de/" />
  </way>
  <way id="-1000000064" visible="true">
    <nd ref="-598" />
    <nd ref="-600" />
    <nd ref="-601" />
    <nd ref="-602" />
    <nd ref="-599" />
    <nd ref="-598" />
    <tag k="addr:city" v="Ingolstadt" />
    <tag k="addr:country" v="DE" />
    <tag k="addr:housenumber" v="5" />
    <tag k="addr:postcode" v="85049" />
    <tag k="addr:street" v="Theresienstraße" />
    <tag k="building" v="yes" />
    <tag k="contact:email" v="in-theresienstr@abele-optik.de" />
    <tag k="contact:phone" v="+49 841 17809" />
    <tag k="contact:website" v="http://abele-optik.de/kontakt/filialen/abele-optik-ingolstadt-theresienstrasse.html" />
    <tag k="name" v="Abele Optik" />
    <tag k="opening_hours" v="Mo-Fr 09:00-18:30; Sa 14:00-17:00" />
    <tag k="shop" v="optician" />
    <tag k="source" v="HiRes aerial imagery" />
    <tag k="wheelchair" v="no" />
  </way>
  <way id="-1000000065" visible="true">
    <nd ref="-602" />
    <nd ref="-603" />
    <nd ref="-604" />
    <nd ref="-605" />
    <nd ref="-601" />
    <nd ref="-602" />
    <tag k="addr:city" v="Ingolstadt" />
    <tag k="addr:country" v="DE" />
    <tag k="addr:housenumber" v="7" />
    <tag k="addr:postcode" v="85049" />
    <tag k="addr:street" v="Theresienstraße" />
    <tag k="building" v="yes" />
    <tag k="source" v="HiRes aerial imagery" />
  </way>
  <way id="-1000000066" visible="true">
    <nd ref="-606" />
    <nd ref="-607" />
    <nd ref="-608" />
    <nd ref="-609" />
    <nd ref="-610" />
    <nd ref="-611" />
    <nd ref="-612" />
    <nd ref="-606" />
    <tag k="addr:city" v="Ingolstadt" />
    <tag k="addr:country" v="DE" />
    <tag k="addr:housenumber" v="13" />
    <tag k="addr:postcode" v="85049" />
    <tag k="addr:street" v="Theresienstraße" />
    <tag k="building" v="yes" />
    <tag k="source" v="HiRes aerial imagery" />
  </way>
  <way id="-1000000067" visible="true">
    <nd ref="-611" />
    <nd ref="-613" />
    <nd ref="-614" />
    <nd ref="-615" />
    <nd ref="-616" />
    <nd ref="-617" />
    <nd ref="-612" />
    <nd ref="-611" />
    <tag k="addr:city" v="Ingolstadt" />
    <tag k="addr:country" v="DE" />
    <tag k="addr:housenumber" v="15" />
    <tag k="addr:postcode" v="85049" />
    <tag k="addr:street" v="Theresienstraße" />
    <tag k="building" v="yes" />
    <tag k="source" v="HiRes aerial imagery" />
  </way>
  <way id="-1000000068" visible="true">
    <nd ref="-618" />
    <nd ref="-619" />
    <nd ref="-620" />
    <nd ref="-621" />
    <nd ref="-622" />
    <nd ref="-623" />
    <nd ref="-624" />
    <nd ref="-618" />
    <tag k="addr:city" v="Ingolstadt" />
    <tag k="addr:country" v="DE" />
    <tag k="addr:housenumber" v="21" />
    <tag k="addr:postcode" v="85049" />
    <tag k="addr:street" v="Theresienstraße" />
    <tag k="building" v="yes" />
    <tag k="source" v="HiRes aerial imagery" />
  </way>
  <way id="-1000000069" visible="true">
    <nd ref="-625" />
    <nd ref="-626" />
    <nd ref="-627" />
    <nd ref="-628" />
    <nd ref="-629" />
    <nd ref="-630" />
    <nd ref="-631" />
    <nd ref="-632" />
    <nd ref="-633" />
    <nd ref="-634" />
    <nd ref="-625" />
    <tag k="addr:city" v="Ingolstadt" />
    <tag k="addr:country" v="DE" />
    <tag k="addr:housenumber" v="25" />
    <tag k="addr:postcode" v="85049" />
    <tag k="addr:street" v="Theresienstraße" />
    <tag k="building" v="yes" />
    <tag k="source" v="HiRes aerial imagery" />
  </way>
  <way id="-1000000070" visible="true">
    <nd ref="-605" />
    <nd ref="-604" />
    <nd ref="-635" />
    <nd ref="-636" />
    <nd ref="-637" />
    <nd ref="-605" />
    <tag k="addr:city" v="Ingolstadt" />
    <tag k="addr:country" v="DE" />
    <tag k="addr:housenumber" v="9" />
    <tag k="addr:postcode" v="85049" />
    <tag k="addr:street" v="Theresienstraße" />
    <tag k="building" v="yes" />
    <tag k="source" v="HiRes aerial imagery" />
  </way>
  <way id="-1000000071" visible="true">
    <nd ref="-635" />
    <nd ref="-606" />
    <nd ref="-607" />
    <nd ref="-638" />
    <nd ref="-639" />
    <nd ref="-640" />
    <nd ref="-636" />
    <nd ref="-635" />
    <tag k="addr:city" v="Ingolstadt" />
    <tag k="addr:housenumber" v="11" />
    <tag k="addr:postcode" v="85049" />
    <tag k="addr:street" v="Theresienstraße" />
    <tag k="building" v="yes" />
    <tag k="wheelchair" v="limited" />
  </way>
  <way id="-1000000072" visible="true">
    <nd ref="-618" />
    <nd ref="-624" />
    <nd ref="-641" />
    <nd ref="-642" />
    <nd ref="-643" />
    <nd ref="-644" />
    <nd ref="-645" />
    <nd ref="-625" />
    <nd ref="-634" />
    <nd ref="-618" />
    <tag k="addr:city" v="Ingolstadt" />
    <tag k="addr:country" v="DE" />
    <tag k="addr:housenumber" v="23" />
    <tag k="addr:postcode" v="85049" />
    <tag k="addr:street" v="Theresienstraße" />
    <tag k="building" v="yes" />
    <tag k="source" v="HiRes aerial imagery" />
  </way>
  <way id="-1000000073" visible="true">
    <nd ref="-646" />
    <nd ref="-647" />
    <nd ref="-648" />
    <nd ref="-649" />
    <nd ref="-650" />
    <nd ref="-651" />
    <nd ref="-652" />
    <nd ref="-653" />
    <nd ref="-654" />
    <nd ref="-655" />
    <nd ref="-646" />
    <tag k="addr:city" v="Ingolstadt" />
    <tag k="addr:country" v="DE" />
    <tag k="addr:housenumber" v="1" />
    <tag k="addr:postcode" v="85049" />
    <tag k="addr:street" v="Ludwigstraße" />
    <tag k="building" v="yes" />
    <tag k="email" v="ertl-ingolstadt@t-online.de" />
    <tag k="level" v="0" />
    <tag k="name" v="Ertl" />
    <tag k="opening_hours" v="Mo-Fr 10:00-19:00; Sa 10:00-18:00" />
    <tag k="phone" v="+49 841 34794" />
    <tag k="shop" v="clothes" />
    <tag k="source" v="HiRes aerial imagery" />
    <tag k="website" v="http://www.ertl-in.de/" />
    <tag k="wheelchair" v="no" />
  </way>
  <way id="-1000000074" visible="true">
    <nd ref="-654" />
    <nd ref="-655" />
    <nd ref="-646" />
    <nd ref="-656" />
    <nd ref="-654" />
    <tag k="addr:city" v="Ingolstadt" />
    <tag k="addr:country" v="DE" />
    <tag k="addr:housenumber" v="2" />
    <tag k="addr:postcode" v="85049" />
    <tag k="addr:street" v="Am Stein" />
    <tag k="amenity" v="pharmacy" />
    <tag k="building" v="yes" />
    <tag k="check_date:opening_hours" v="2026-06-10" />
    <tag k="contact:fax" v="+49 841 17381" />
    <tag k="contact:phone" v="+49 841 17380" />
    <tag k="contact:website" v="http://www.stadt-apotheke-ingolstadt.de/" />
    <tag k="healthcare" v="pharmacy" />
    <tag k="name" v="Stadtapotheke" />
    <tag k="opening_hours" v="Mo-Fr 08:30-18:30; Sa 08:30-14:00" />
    <tag k="operator" v="Stephan Kurzeder" />
    <tag k="source" v="HiRes aerial imagery" />
    <tag k="wheelchair" v="no" />
  </way>
  <way id="-1000000075" visible="true">
    <nd ref="-657" />
    <nd ref="-658" />
    <nd ref="-659" />
    <nd ref="-660" />
    <nd ref="-661" />
    <nd ref="-662" />
    <nd ref="-663" />
    <nd ref="-657" />
    <tag k="addr:city" v="Ingolstadt" />
    <tag k="addr:country" v="DE" />
    <tag k="addr:housenumber" v="8" />
    <tag k="addr:postcode" v="85049" />
    <tag k="addr:street" v="Am Stein" />
    <tag k="amenity" v="post_office" />
    <tag k="building" v="yes" />
    <tag k="check_date" v="2026-05-07" />
    <tag k="check_date:opening_hours" v="2026-05-07" />
    <tag k="name" v="Postfiliale" />
    <tag k="opening_hours" v="Mo, We 10:00-13:00, 14:00-17:00; Tu, Th 10:00-15:00; Fr 10:00-13:00" />
    <tag k="operator" v="Deutsche Post" />
    <tag k="operator:wikidata" v="Q157645" />
    <tag k="phone" v="+49 228 55005536" />
    <tag k="source" v="HiRes aerial imagery" />
    <tag k="website" v="https://postbank.de/" />
    <tag k="wheelchair" v="yes" />
  </way>
  <way id="-1000000076" visible="true">
    <nd ref="-664" />
    <nd ref="-665" />
    <nd ref="-666" />
    <nd ref="-667" />
    <nd ref="-668" />
    <nd ref="-669" />
    <nd ref="-670" />
    <nd ref="-671" />
    <nd ref="-672" />
    <nd ref="-664" />
    <tag k="addr:city" v="Ingolstadt" />
    <tag k="addr:country" v="DE" />
    <tag k="addr:housenumber" v="4" />
    <tag k="addr:postcode" v="85049" />
    <tag k="addr:street" v="Milchstraße" />
    <tag k="building" v="yes" />
  </way>
  <way id="-1000000077" visible="true">
    <nd ref="-673" />
    <nd ref="-674" />
    <nd ref="-675" />
    <nd ref="-676" />
    <nd ref="-658" />
    <nd ref="-657" />
    <nd ref="-677" />
    <nd ref="-673" />
    <tag k="addr:city" v="Ingolstadt" />
    <tag k="addr:country" v="DE" />
    <tag k="addr:housenumber" v="6" />
    <tag k="addr:postcode" v="85049" />
    <tag k="addr:street" v="Am Stein" />
    <tag k="amenity" v="fast_food" />
    <tag k="building" v="yes" />
    <tag k="fixme" v="shop-klassifikation: textilien, wolle, stoffe" />
    <tag k="name" v="Pizza Bar DiSaLe" />
    <tag k="source" v="HiRes aerial imagery" />
  </way>
  <way id="-1000000078" visible="true">
    <nd ref="-650" />
    <nd ref="-678" />
    <nd ref="-679" />
    <nd ref="-649" />
    <nd ref="-650" />
    <tag k="addr:city" v="Ingolstadt" />
    <tag k="addr:country" v="DE" />
    <tag k="addr:housenumber" v="3" />
    <tag k="addr:postcode" v="85049" />
    <tag k="addr:street" v="Ludwigstraße" />
    <tag k="building" v="yes" />
    <tag k="name" v="Rechtsanwalt Friedrich Ritzer, Rechtsanwältin Elisabeth Ritzer-Reber" />
    <tag k="source" v="HiRes aerial imagery" />
  </way>
  <way id="-1000000079" visible="true">
    <nd ref="-679" />
    <nd ref="-678" />
    <nd ref="-680" />
    <nd ref="-681" />
    <nd ref="-682" />
    <nd ref="-671" />
    <nd ref="-670" />
    <nd ref="-669" />
    <nd ref="-683" />
    <nd ref="-684" />
    <nd ref="-685" />
    <nd ref="-679" />
    <tag k="addr:city" v="Ingolstadt" />
    <tag k="addr:country" v="DE" />
    <tag k="addr:housename" v="Ickstatthaus" />
    <tag k="addr:housenumber" v="5" />
    <tag k="addr:postcode" v="85049" />
    <tag k="addr:street" v="Ludwigstraße" />
    <tag k="building" v="yes" />
    <tag k="source" v="HiRes aerial imagery" />
    <tag k="wheelchair" v="yes" />
    <tag k="wikidata" v="Q41263683" />
  </way>
  <way id="-1000000080" visible="true">
    <nd ref="-680" />
    <nd ref="-681" />
    <nd ref="-686" />
    <nd ref="-651" />
    <nd ref="-650" />
    <nd ref="-678" />
    <nd ref="-680" />
    <tag k="building" v="yes" />
    <tag k="source" v="HiRes aerial imagery" />
  </way>
  <way id="-1000000081" visible="true">
    <nd ref="-656" />
    <nd ref="-654" />
    <nd ref="-653" />
    <nd ref="-652" />
    <nd ref="-673" />
    <nd ref="-677" />
    <nd ref="-656" />
    <tag k="addr:city" v="Ingolstadt" />
    <tag k="addr:country" v="DE" />
    <tag k="addr:housenumber" v="4" />
    <tag k="addr:postcode" v="85049" />
    <tag k="addr:street" v="Am Stein" />
    <tag k="building" v="yes" />
    <tag k="disused:amenity" v="cafe" />
    <tag k="source" v="HiRes aerial imagery" />
  </way>
  <way id="-1000000082" visible="true">
    <nd ref="-687" />
    <nd ref="-688" />
    <nd ref="-590" />
    <nd ref="-589" />
    <nd ref="-689" />
    <nd ref="-687" />
    <tag k="addr:city" v="Ingolstadt" />
    <tag k="addr:country" v="DE" />
    <tag k="addr:housenumber" v="1" />
    <tag k="addr:postcode" v="85049" />
    <tag k="addr:street" v="Moritzstraße" />
    <tag k="brand" v="Backhaus Hackner" />
    <tag k="brand:wikidata" v="Q122761485" />
    <tag k="building" v="yes" />
    <tag k="building:levels" v="4" />
    <tag k="name" v="Backhaus Hackner" />
    <tag k="opening_hours" v="Mo-Fr 07:00-18:00; Sa 07:30-17:00; Su,PH off" />
    <tag k="operator" v="Backhaus Hackner" />
    <tag k="phone" v="+49 841 32023" />
    <tag k="shop" v="bakery" />
    <tag k="source" v="HiRes aerial imagery" />
    <tag k="website" v="https://www.backhaus-hackner.de" />
    <tag k="wheelchair" v="yes" />
  </way>
  <way id="-1000000083" visible="true">
    <nd ref="-666" />
    <nd ref="-690" />
    <nd ref="-691" />
    <nd ref="-667" />
    <nd ref="-666" />
    <tag k="addr:city" v="Ingolstadt" />
    <tag k="addr:country" v="DE" />
    <tag k="addr:housenumber" v="6" />
    <tag k="addr:postcode" v="85049" />
    <tag k="addr:street" v="Milchstraße" />
    <tag k="building" v="apartments" />
  </way>
  <way id="-1000000084" visible="true">
    <nd ref="-683" />
    <nd ref="-692" />
    <nd ref="-693" />
    <nd ref="-684" />
    <nd ref="-683" />
    <tag k="addr:city" v="Ingolstadt" />
    <tag k="addr:country" v="DE" />
    <tag k="addr:housenumber" v="7" />
    <tag k="addr:postcode" v="85049" />
    <tag k="addr:street" v="Ludwigstraße" />
    <tag k="building" v="yes" />
  </way>
  <way id="-1000000085" visible="true">
    <nd ref="-692" />
    <nd ref="-694" />
    <nd ref="-695" />
    <nd ref="-696" />
    <nd ref="-697" />
    <nd ref="-698" />
    <nd ref="-699" />
    <nd ref="-700" />
    <nd ref="-701" />
    <nd ref="-693" />
    <nd ref="-692" />
    <tag k="addr:city" v="Ingolstadt" />
    <tag k="addr:country" v="DE" />
    <tag k="addr:housenumber" v="9" />
    <tag k="addr:postcode" v="85049" />
    <tag k="addr:street" v="Ludwigstraße" />
    <tag k="building" v="yes" />
    <tag k="source" v="HiRes aerial imagery" />
  </way>
  <way id="-1000000086" visible="true">
    <nd ref="-702" />
    <nd ref="-703" />
    <nd ref="-704" />
    <nd ref="-705" />
    <nd ref="-702" />
    <tag k="addr:city" v="Ingolstadt" />
    <tag k="addr:country" v="DE" />
    <tag k="addr:housenumber" v="1" />
    <tag k="addr:postcode" v="85049" />
    <tag k="addr:street" v="Mauthstraße" />
    <tag k="brand" v="Vinzenzmurr" />
    <tag k="brand:wikidata" v="Q2527361" />
    <tag k="brand:wikipedia" v="de:Vinzenzmurr" />
    <tag k="building" v="yes" />
    <tag k="name" v="Vinzenzmurr" />
    <tag k="opening_hours" v="Mo-Fr 09:00-18:00; Sa 08:00-18:00" />
    <tag k="shop" v="butcher" />
  </way>
  <way id="-1000000087" visible="true">
    <nd ref="-706" />
    <nd ref="-707" />
    <nd ref="-708" />
    <nd ref="-709" />
    <nd ref="-706" />
    <tag k="building" v="yes" />
    <tag k="source" v="HiRes aerial imagery" />
  </way>
  <way id="-1000000088" visible="true">
    <nd ref="-710" />
    <nd ref="-711" />
    <nd ref="-712" />
    <nd ref="-713" />
    <nd ref="-710" />
    <tag k="addr:city" v="Ingolstadt" />
    <tag k="addr:country" v="DE" />
    <tag k="addr:housenumber" v="17" />
    <tag k="addr:postcode" v="85049" />
    <tag k="addr:street" v="Ludwigstraße" />
    <tag k="building" v="yes" />
  </way>
  <way id="-1000000089" visible="true">
    <nd ref="-712" />
    <nd ref="-711" />
    <nd ref="-710" />
    <nd ref="-714" />
    <nd ref="-715" />
    <nd ref="-716" />
    <nd ref="-717" />
    <nd ref="-718" />
    <nd ref="-712" />
    <tag k="addr:city" v="Ingolstadt" />
    <tag k="addr:country" v="DE" />
    <tag k="addr:housenumber" v="19" />
    <tag k="addr:postcode" v="85049" />
    <tag k="addr:street" v="Ludwigstraße" />
    <tag k="building" v="retail" />
    <tag k="building:levels" v="4" />
    <tag k="roof:levels" v="1" />
    <tag k="source" v="HiRes aerial imagery" />
  </way>
  <way id="-1000000090" visible="true">
    <nd ref="-719" />
    <nd ref="-720" />
    <nd ref="-721" />
    <nd ref="-722" />
    <nd ref="-719" />
    <tag k="addr:city" v="Ingolstadt" />
    <tag k="addr:country" v="DE" />
    <tag k="addr:housenumber" v="2" />
    <tag k="addr:postcode" v="85049" />
    <tag k="addr:street" v="Mauthstraße" />
    <tag k="brand" v="Christ" />
    <tag k="brand:wikidata" v="Q1077957" />
    <tag k="brand:wikipedia" v="de:Christ (Juwelier)" />
    <tag k="building" v="house" />
    <tag k="name" v="Christ" />
    <tag k="shop" v="jewelry" />
    <tag k="source" v="HiRes aerial imagery" />
  </way>
  <way id="-1000000091" visible="true">
    <nd ref="-722" />
    <nd ref="-719" />
    <nd ref="-723" />
    <nd ref="-724" />
    <nd ref="-722" />
    <tag k="building" v="house" />
    <tag k="building:levels" v="4" />
    <tag k="roof:levels" v="2" />
    <tag k="source" v="HiRes aerial imagery" />
  </way>
  <way id="-1000000092" visible="true">
    <nd ref="-725" />
    <nd ref="-726" />
    <nd ref="-727" />
    <nd ref="-728" />
    <nd ref="-725" />
    <tag k="addr:city" v="Ingolstadt" />
    <tag k="addr:country" v="DE" />
    <tag k="addr:housenumber" v="13" />
    <tag k="addr:postcode" v="85049" />
    <tag k="addr:street" v="Ludwigstraße" />
    <tag k="amenity" v="cafe" />
    <tag k="building" v="yes" />
    <tag k="name" v="Cafe Fingerlos" />
    <tag k="source" v="HiRes aerial imagery" />
  </way>
  <way id="-1000000093" visible="true">
    <nd ref="-698" />
    <nd ref="-729" />
    <nd ref="-730" />
    <nd ref="-731" />
    <nd ref="-732" />
    <nd ref="-699" />
    <nd ref="-698" />
    <tag k="addr:city" v="Ingolstadt" />
    <tag k="addr:country" v="DE" />
    <tag k="addr:housenumber" v="11" />
    <tag k="addr:postcode" v="85049" />
    <tag k="addr:street" v="Ludwigstraße" />
    <tag k="building" v="yes" />
    <tag k="source" v="HiRes aerial imagery" />
  </way>
  <way id="-1000000094" visible="true">
    <nd ref="-733" />
    <nd ref="-734" />
    <nd ref="-735" />
    <nd ref="-736" />
    <nd ref="-737" />
    <nd ref="-738" />
    <nd ref="-739" />
    <nd ref="-740" />
    <nd ref="-733" />
    <tag k="addr:city" v="Ingolstadt" />
    <tag k="addr:country" v="DE" />
    <tag k="addr:housenumber" v="1" />
    <tag k="addr:postcode" v="85049" />
    <tag k="addr:street" v="Schmalzingergasse" />
    <tag k="building" v="yes" />
    <tag k="source" v="HiRes aerial imagery" />
  </way>
  <way id="-1000000095" visible="true">
    <nd ref="-741" />
    <nd ref="-742" />
    <nd ref="-743" />
    <nd ref="-744" />
    <nd ref="-745" />
    <nd ref="-741" />
    <tag k="addr:city" v="Ingolstadt" />
    <tag k="addr:country" v="DE" />
    <tag k="addr:housenumber" v="15" />
    <tag k="addr:postcode" v="85049" />
    <tag k="addr:street" v="Schmalzingergasse" />
    <tag k="building" v="yes" />
    <tag k="building:levels" v="3" />
    <tag k="roof:levels" v="1" />
    <tag k="roof:orientation" v="along" />
    <tag k="roof:shape" v="gabled" />
  </way>
  <way id="-1000000096" visible="true">
    <nd ref="-690" />
    <nd ref="-746" />
    <nd ref="-747" />
    <nd ref="-748" />
    <nd ref="-691" />
    <nd ref="-690" />
    <tag k="addr:city" v="Ingolstadt" />
    <tag k="addr:country" v="DE" />
    <tag k="addr:housenumber" v="8" />
    <tag k="addr:postcode" v="85049" />
    <tag k="addr:street" v="Milchstraße" />
    <tag k="building" v="yes" />
  </way>
  <way id="-1000000097" visible="true">
    <nd ref="-746" />
    <nd ref="-749" />
    <nd ref="-750" />
    <nd ref="-747" />
    <nd ref="-746" />
    <tag k="addr:city" v="Ingolstadt" />
    <tag k="addr:country" v="DE" />
    <tag k="addr:housenumber" v="10" />
    <tag k="addr:postcode" v="85049" />
    <tag k="addr:street" v="Milchstraße" />
    <tag k="building" v="yes" />
  </way>
  <way id="-1000000098" visible="true">
    <nd ref="-749" />
    <nd ref="-751" />
    <nd ref="-752" />
    <nd ref="-750" />
    <nd ref="-749" />
    <tag k="addr:city" v="Ingolstadt" />
    <tag k="addr:country" v="DE" />
    <tag k="addr:housenumber" v="12" />
    <tag k="addr:postcode" v="85049" />
    <tag k="addr:street" v="Milchstraße" />
    <tag k="building" v="yes" />
  </way>
  <way id="-1000000099" visible="true">
    <nd ref="-751" />
    <nd ref="-753" />
    <nd ref="-754" />
    <nd ref="-755" />
    <nd ref="-752" />
    <nd ref="-751" />
    <tag k="addr:city" v="Ingolstadt" />
    <tag k="addr:country" v="DE" />
    <tag k="addr:housenumber" v="11" />
    <tag k="addr:postcode" v="85049" />
    <tag k="addr:street" v="Schmalzingergasse" />
    <tag k="building" v="yes" />
  </way>
  <way id="-1000000100" visible="true">
    <nd ref="-756" />
    <nd ref="-757" />
    <nd ref="-758" />
    <nd ref="-759" />
    <nd ref="-760" />
    <nd ref="-761" />
    <nd ref="-756" />
    <tag k="addr:city" v="Ingolstadt" />
    <tag k="addr:country" v="DE" />
    <tag k="addr:housenumber" v="7" />
    <tag k="addr:postcode" v="85049" />
    <tag k="addr:street" v="Beckerstraße" />
    <tag k="building" v="apartments" />
    <tag k="source" v="HiRes aerial imagery" />
  </way>
  <way id="-1000000101" visible="true">
    <nd ref="-762" />
    <nd ref="-763" />
    <nd ref="-764" />
    <nd ref="-765" />
    <nd ref="-766" />
    <nd ref="-767" />
    <nd ref="-768" />
    <nd ref="-769" />
    <nd ref="-770" />
    <nd ref="-771" />
    <nd ref="-762" />
    <tag k="addr:city" v="Ingolstadt" />
    <tag k="addr:country" v="DE" />
    <tag k="addr:housenumber" v="2" />
    <tag k="addr:postcode" v="85049" />
    <tag k="addr:street" v="Schmalzingergasse" />
    <tag k="building" v="yes" />
  </way>
  <way id="-1000000102" visible="true">
    <nd ref="-772" />
    <nd ref="-773" />
    <nd ref="-774" />
    <nd ref="-775" />
    <nd ref="-776" />
    <nd ref="-777" />
    <nd ref="-772" />
    <tag k="addr:city" v="Ingolstadt" />
    <tag k="addr:country" v="DE" />
    <tag k="addr:housenumber" v="23" />
    <tag k="addr:postcode" v="85049" />
    <tag k="addr:street" v="Milchstraße" />
    <tag k="building" v="yes" />
  </way>
  <way id="-1000000103" visible="true">
    <nd ref="-778" />
    <nd ref="-779" />
    <nd ref="-780" />
    <nd ref="-781" />
    <nd ref="-782" />
    <nd ref="-778" />
    <tag k="addr:city" v="Ingolstadt" />
    <tag k="addr:country" v="DE" />
    <tag k="addr:housenumber" v="21" />
    <tag k="addr:postcode" v="85049" />
    <tag k="addr:street" v="Milchstraße" />
    <tag k="branch" v="Brot &amp; Kaffee" />
    <tag k="brand" v="Sipl" />
    <tag k="brand:wikidata" v="Q122771409" />
    <tag k="building" v="yes" />
    <tag k="check_date:opening_hours" v="2026-06-10" />
    <tag k="name" v="Sipl" />
    <tag k="opening_hours" v="Mo-Fr 06:00-18:00; Sa 06:00-16:00; Su,PH 07:30-16:00" />
    <tag k="phone" v="+49 841 95676939" />
    <tag k="shop" v="bakery" />
    <tag k="website" v="https://sipl.de" />
    <tag k="wheelchair" v="yes" />
  </way>
  <way id="-1000000104" visible="true">
    <nd ref="-783" />
    <nd ref="-784" />
    <nd ref="-785" />
    <nd ref="-786" />
    <nd ref="-787" />
    <nd ref="-788" />
    <nd ref="-789" />
    <nd ref="-790" />
    <nd ref="-783" />
    <tag k="building" v="yes" />
    <tag k="source" v="HiRes aerial imagery" />
  </way>
  <way id="-1000000105" visible="true">
    <nd ref="-791" />
    <nd ref="-792" />
    <nd ref="-793" />
    <nd ref="-794" />
    <nd ref="-795" />
    <nd ref="-796" />
    <nd ref="-797" />
    <nd ref="-798" />
    <nd ref="-799" />
    <nd ref="-791" />
    <tag k="addr:city" v="Ingolstadt" />
    <tag k="addr:country" v="DE" />
    <tag k="addr:housenumber" v="4" />
    <tag k="addr:postcode" v="85049" />
    <tag k="addr:street" v="Hallstraße" />
    <tag k="building" v="apartments" />
    <tag k="source" v="HiRes aerial imagery" />
  </way>
  <way id="-1000000106" visible="true">
    <nd ref="-800" />
    <nd ref="-801" />
    <nd ref="-802" />
    <nd ref="-803" />
    <nd ref="-804" />
    <nd ref="-805" />
    <nd ref="-806" />
    <nd ref="-807" />
    <nd ref="-808" />
    <nd ref="-809" />
    <nd ref="-810" />
    <nd ref="-811" />
    <nd ref="-800" />
    <tag k="building" v="yes" />
    <tag k="name" v="Galerie 35" />
    <tag k="opening_hours" v="Mo-Sa 10:00-19:30" />
    <tag k="shop" v="mall" />
    <tag k="source" v="HiRes aerial imagery" />
  </way>
  <way id="-1000000107" visible="true">
    <nd ref="-812" />
    <nd ref="-813" />
    <nd ref="-814" />
    <nd ref="-815" />
    <nd ref="-816" />
    <nd ref="-817" />
    <nd ref="-818" />
    <nd ref="-819" />
    <nd ref="-820" />
    <nd ref="-821" />
    <nd ref="-822" />
    <nd ref="-823" />
    <nd ref="-824" />
    <nd ref="-812" />
    <tag k="building" v="yes" />
    <tag k="source" v="HiRes aerial imagery" />
  </way>
  <way id="-1000000108" visible="true">
    <nd ref="-825" />
    <nd ref="-826" />
    <nd ref="-800" />
    <nd ref="-811" />
    <nd ref="-810" />
    <nd ref="-827" />
    <nd ref="-828" />
    <nd ref="-829" />
    <nd ref="-830" />
    <nd ref="-831" />
    <nd ref="-832" />
    <nd ref="-825" />
    <tag k="addr:city" v="Ingolstadt" />
    <tag k="addr:country" v="DE" />
    <tag k="addr:housenumber" v="29" />
    <tag k="addr:postcode" v="85049" />
    <tag k="addr:street" v="Ludwigstraße" />
    <tag k="building" v="yes" />
    <tag k="source" v="HiRes aerial imagery" />
    <tag k="toilets:wheelchair" v="yes" />
    <tag k="wheelchair" v="yes" />
  </way>
  <way id="-1000000109" visible="true">
    <nd ref="-833" />
    <nd ref="-834" />
    <nd ref="-835" />
    <nd ref="-836" />
    <nd ref="-837" />
    <nd ref="-838" />
    <nd ref="-839" />
    <nd ref="-833" />
    <tag k="building" v="yes" />
    <tag k="source" v="HiRes aerial imagery" />
  </way>
  <way id="-1000000110" visible="true">
    <nd ref="-840" />
    <nd ref="-841" />
    <nd ref="-161" />
    <nd ref="-162" />
    <nd ref="-842" />
    <nd ref="-843" />
    <nd ref="-844" />
    <nd ref="-845" />
    <nd ref="-846" />
    <nd ref="-847" />
    <nd ref="-848" />
    <nd ref="-849" />
    <nd ref="-850" />
    <nd ref="-851" />
    <nd ref="-852" />
    <nd ref="-853" />
    <nd ref="-854" />
    <nd ref="-855" />
    <nd ref="-856" />
    <nd ref="-840" />
    <tag k="building" v="yes" />
    <tag k="source" v="HiRes aerial imagery" />
  </way>
  <way id="-1000000111" visible="true">
    <nd ref="-857" />
    <nd ref="-137" />
    <nd ref="-138" />
    <nd ref="-858" />
    <nd ref="-859" />
    <nd ref="-857" />
    <tag k="building" v="yes" />
    <tag k="historic" v="yes" />
    <tag k="source" v="HiRes aerial imagery" />
  </way>
  <way id="-1000000112" visible="true">
    <nd ref="-860" />
    <nd ref="-861" />
    <nd ref="-862" />
    <nd ref="-863" />
    <nd ref="-860" />
    <tag k="building" v="yes" />
    <tag k="source" v="HiRes aerial imagery" />
  </way>
  <way id="-1000000113" visible="true">
    <nd ref="-864" />
    <nd ref="-865" />
    <nd ref="-866" />
    <nd ref="-867" />
    <nd ref="-864" />
    <tag k="building" v="yes" />
    <tag k="source" v="HiRes aerial imagery" />
  </way>
  <way id="-1000000114" visible="true">
    <nd ref="-868" />
    <nd ref="-356" />
    <nd ref="-355" />
    <nd ref="-869" />
    <nd ref="-870" />
    <nd ref="-871" />
    <nd ref="-350" />
    <nd ref="-351" />
    <nd ref="-868" />
    <tag k="addr:city" v="Ingolstadt" />
    <tag k="addr:country" v="DE" />
    <tag k="addr:housenumber" v="7" />
    <tag k="addr:postcode" v="85049" />
    <tag k="addr:street" v="Kupferstraße" />
    <tag k="building" v="yes" />
  </way>
  <way id="-1000000115" visible="true">
    <nd ref="-872" />
    <nd ref="-873" />
    <nd ref="-874" />
    <nd ref="-875" />
    <nd ref="-872" />
    <tag k="amenity" v="place_of_worship" />
    <tag k="building" v="church" />
    <tag k="denomination" v="catholic" />
    <tag k="name" v="Klosterkirche St. Johann im Gnadenthal" />
    <tag k="religion" v="christian" />
    <tag k="wikipedia" v="de:St. Johann im Gnadenthal" />
  </way>
  <way id="-1000000116" visible="true">
    <nd ref="-876" />
    <nd ref="-877" />
    <nd ref="-878" />
    <nd ref="-879" />
    <nd ref="-876" />
    <tag k="addr:city" v="Ingolstadt" />
    <tag k="addr:country" v="DE" />
    <tag k="addr:housenumber" v="1" />
    <tag k="addr:postcode" v="85049" />
    <tag k="addr:street" v="Kupferstraße" />
    <tag k="building" v="apartments" />
    <tag k="building:levels" v="3" />
    <tag k="roof:levels" v="1" />
  </way>
  <way id="-1000000117" visible="true">
    <nd ref="-348" />
    <nd ref="-876" />
    <nd ref="-877" />
    <nd ref="-349" />
    <nd ref="-348" />
    <tag k="addr:city" v="Ingolstadt" />
    <tag k="addr:country" v="DE" />
    <tag k="addr:housenumber" v="1" />
    <tag k="addr:postcode" v="85049" />
    <tag k="addr:street" v="Harderstraße" />
    <tag k="building" v="apartments" />
  </way>
  <way id="-1000000118" visible="true">
    <nd ref="-880" />
    <nd ref="-881" />
    <nd ref="-882" />
    <nd ref="-883" />
    <nd ref="-884" />
    <nd ref="-880" />
    <tag k="building" v="yes" />
    <tag k="source" v="HiRes aerial imagery" />
  </way>
  <way id="-1000000119" visible="true">
    <nd ref="-878" />
    <nd ref="-885" />
    <nd ref="-886" />
    <nd ref="-870" />
    <nd ref="-871" />
    <nd ref="-877" />
    <nd ref="-878" />
    <tag k="building" v="yes" />
  </way>
  <way id="-1000000120" visible="true">
    <nd ref="-887" />
    <nd ref="-888" />
    <nd ref="-889" />
    <nd ref="-890" />
    <nd ref="-887" />
    <tag k="addr:city" v="Ingolstadt" />
    <tag k="addr:country" v="DE" />
    <tag k="addr:housenumber" v="15" />
    <tag k="addr:postcode" v="85049" />
    <tag k="addr:street" v="Kupferstraße" />
    <tag k="building" v="retail" />
    <tag k="name" v="K.U.K. Kochen und Kreatives" />
    <tag k="website" v="https://kuk--in.de" />
  </way>
  <way id="-1000000121" visible="true">
    <nd ref="-891" />
    <nd ref="-892" />
    <nd ref="-893" />
    <nd ref="-894" />
    <nd ref="-895" />
    <nd ref="-896" />
    <nd ref="-897" />
    <nd ref="-898" />
    <nd ref="-891" />
    <tag k="building" v="yes" />
    <tag k="source" v="HiRes aerial imagery" />
  </way>
  <way id="-1000000122" visible="true">
    <nd ref="-899" />
    <nd ref="-900" />
    <nd ref="-901" />
    <nd ref="-902" />
    <nd ref="-903" />
    <nd ref="-904" />
    <nd ref="-905" />
    <nd ref="-906" />
    <nd ref="-907" />
    <nd ref="-908" />
    <nd ref="-899" />
    <tag k="addr:city" v="Ingolstadt" />
    <tag k="addr:country" v="DE" />
    <tag k="addr:housenumber" v="22" />
    <tag k="addr:postcode" v="85049" />
    <tag k="addr:street" v="Kupferstraße" />
    <tag k="amenity" v="restaurant" />
    <tag k="building" v="yes" />
    <tag k="building:use" v="commercial" />
    <tag k="cuisine" v="steak_house" />
    <tag k="name" v="Schanzer Steakhouse" />
    <tag k="opening_hours" v="We-Mo 17:30-24:00, Fr-Mo,We 11:00-14:00" />
    <tag k="smoking" v="no" />
    <tag k="source" v="HiRes aerial imagery" />
    <tag k="wheelchair" v="limited" />
    <tag k="wheelchair:description" v="kein WC" />
  </way>
  <way id="-1000000123" visible="true">
    <nd ref="-901" />
    <nd ref="-909" />
    <nd ref="-910" />
    <nd ref="-902" />
    <nd ref="-901" />
    <tag k="building" v="yes" />
    <tag k="layer" v="1" />
  </way>
  <way id="-1000000124" visible="true">
    <nd ref="-909" />
    <nd ref="-911" />
    <nd ref="-912" />
    <nd ref="-913" />
    <nd ref="-914" />
    <nd ref="-915" />
    <nd ref="-916" />
    <nd ref="-917" />
    <nd ref="-918" />
    <nd ref="-910" />
    <nd ref="-909" />
    <tag k="addr:city" v="Ingolstadt" />
    <tag k="addr:country" v="DE" />
    <tag k="addr:housenumber" v="18" />
    <tag k="addr:postcode" v="85049" />
    <tag k="addr:street" v="Kupferstraße" />
    <tag k="building" v="yes" />
  </way>
  <way id="-1000000125" visible="true">
    <nd ref="-911" />
    <nd ref="-891" />
    <nd ref="-898" />
    <nd ref="-919" />
    <nd ref="-920" />
    <nd ref="-921" />
    <nd ref="-912" />
    <nd ref="-911" />
    <tag k="addr:city" v="Ingolstadt" />
    <tag k="addr:country" v="DE" />
    <tag k="addr:housenumber" v="16" />
    <tag k="addr:postcode" v="85049" />
    <tag k="addr:street" v="Kupferstraße" />
    <tag k="building" v="yes" />
    <tag k="source" v="HiRes aerial imagery" />
  </way>
  <way id="-1000000126" visible="true">
    <nd ref="-922" />
    <nd ref="-923" />
    <nd ref="-924" />
    <nd ref="-925" />
    <nd ref="-926" />
    <nd ref="-927" />
    <nd ref="-928" />
    <nd ref="-922" />
    <tag k="addr:city" v="Ingolstadt" />
    <tag k="addr:country" v="DE" />
    <tag k="addr:housenumber" v="6" />
    <tag k="addr:postcode" v="85049" />
    <tag k="addr:street" v="Kupferstraße" />
    <tag k="building" v="yes" />
    <tag k="source" v="HiRes aerial imagery" />
  </way>
  <way id="-1000000127" visible="true">
    <nd ref="-929" />
    <nd ref="-930" />
    <nd ref="-931" />
    <nd ref="-932" />
    <nd ref="-929" />
    <tag k="addr:city" v="Ingolstadt" />
    <tag k="addr:country" v="DE" />
    <tag k="addr:housenumber" v="9" />
    <tag k="addr:postcode" v="85049" />
    <tag k="addr:street" v="Am Stein" />
    <tag k="building" v="yes" />
    <tag k="building:use" v="commercial" />
    <tag k="source" v="HiRes aerial imagery" />
  </way>
  <way id="-1000000128" visible="true">
    <nd ref="-892" />
    <nd ref="-922" />
    <nd ref="-928" />
    <nd ref="-893" />
    <nd ref="-892" />
    <tag k="addr:city" v="Ingolstadt" />
    <tag k="addr:country" v="DE" />
    <tag k="addr:housenumber" v="10" />
    <tag k="addr:postcode" v="85049" />
    <tag k="addr:street" v="Kupferstraße" />
    <tag k="building" v="yes" />
    <tag k="source" v="HiRes aerial imagery" />
  </way>
  <way id="-1000000129" visible="true">
    <nd ref="-923" />
    <nd ref="-933" />
    <nd ref="-929" />
    <nd ref="-932" />
    <nd ref="-934" />
    <nd ref="-935" />
    <nd ref="-924" />
    <nd ref="-923" />
    <tag k="addr:city" v="Ingolstadt" />
    <tag k="addr:country" v="DE" />
    <tag k="addr:housenumber" v="4" />
    <tag k="addr:postcode" v="85049" />
    <tag k="addr:street" v="Kupferstraße" />
    <tag k="building" v="yes" />
    <tag k="building:use" v="commercial" />
    <tag k="source" v="HiRes aerial imagery" />
  </way>
  <way id="-1000000130" visible="true">
    <nd ref="-936" />
    <nd ref="-937" />
    <nd ref="-938" />
    <nd ref="-939" />
    <nd ref="-940" />
    <nd ref="-941" />
    <nd ref="-942" />
    <nd ref="-936" />
    <tag k="addr:city" v="Ingolstadt" />
    <tag k="addr:country" v="DE" />
    <tag k="addr:housenumber" v="3" />
    <tag k="addr:postcode" v="85049" />
    <tag k="addr:street" v="Schulstraße" />
    <tag k="building" v="yes" />
    <tag k="source" v="HiRes aerial imagery" />
  </way>
  <way id="-1000000131" visible="true">
    <nd ref="-937" />
    <nd ref="-943" />
    <nd ref="-944" />
    <nd ref="-938" />
    <nd ref="-937" />
    <tag k="addr:city" v="Ingolstadt" />
    <tag k="addr:country" v="DE" />
    <tag k="addr:housenumber" v="5" />
    <tag k="addr:postcode" v="85049" />
    <tag k="addr:street" v="Schulstraße" />
    <tag k="building" v="yes" />
    <tag k="source" v="HiRes aerial imagery" />
  </way>
  <way id="-1000000132" visible="true">
    <nd ref="-945" />
    <nd ref="-946" />
    <nd ref="-947" />
    <nd ref="-948" />
    <nd ref="-945" />
    <tag k="addr:city" v="Ingolstadt" />
    <tag k="addr:country" v="DE" />
    <tag k="addr:housenumber" v="9" />
    <tag k="addr:postcode" v="85049" />
    <tag k="addr:street" v="Schulstraße" />
    <tag k="building" v="yes" />
    <tag k="source" v="HiRes aerial imagery" />
  </way>
  <way id="-1000000133" visible="true">
    <nd ref="-946" />
    <nd ref="-949" />
    <nd ref="-950" />
    <nd ref="-947" />
    <nd ref="-946" />
    <tag k="addr:city" v="Ingolstadt" />
    <tag k="addr:country" v="DE" />
    <tag k="addr:housenumber" v="11" />
    <tag k="addr:postcode" v="85049" />
    <tag k="addr:street" v="Schulstraße" />
    <tag k="building" v="yes" />
    <tag k="layer" v="1" />
    <tag k="source" v="HiRes aerial imagery" />
  </way>
  <way id="-1000000134" visible="true">
    <nd ref="-949" />
    <nd ref="-951" />
    <nd ref="-952" />
    <nd ref="-953" />
    <nd ref="-950" />
    <nd ref="-949" />
    <tag k="addr:city" v="Ingolstadt" />
    <tag k="addr:country" v="DE" />
    <tag k="addr:housenumber" v="13" />
    <tag k="addr:postcode" v="85049" />
    <tag k="addr:street" v="Schulstraße" />
    <tag k="building" v="yes" />
    <tag k="source" v="HiRes aerial imagery" />
  </way>
  <way id="-1000000135" visible="true">
    <nd ref="-954" />
    <nd ref="-936" />
    <nd ref="-942" />
    <nd ref="-955" />
    <nd ref="-954" />
    <tag k="addr:city" v="Ingolstadt" />
    <tag k="addr:country" v="DE" />
    <tag k="addr:housename" v="Hans Hagn Schäfflermeister" />
    <tag k="addr:housenumber" v="1" />
    <tag k="addr:postcode" v="85049" />
    <tag k="addr:street" v="Schulstraße" />
    <tag k="building" v="apartments" />
    <tag k="building:levels" v="3" />
    <tag k="roof:levels" v="1" />
    <tag k="source" v="HiRes aerial imagery" />
  </way>
  <way id="-1000000136" visible="true">
    <nd ref="-956" />
    <nd ref="-954" />
    <nd ref="-955" />
    <nd ref="-957" />
    <nd ref="-956" />
    <tag k="addr:city" v="Ingolstadt" />
    <tag k="addr:country" v="DE" />
    <tag k="addr:housenumber" v="1 1/2" />
    <tag k="addr:postcode" v="85049" />
    <tag k="addr:street" v="Schulstraße" />
    <tag k="building" v="apartments" />
    <tag k="building:levels" v="2" />
    <tag k="roof:levels" v="1" />
    <tag k="source" v="HiRes aerial imagery" />
  </way>
  <way id="-1000000137" visible="true">
    <nd ref="-592" />
    <nd ref="-958" />
    <nd ref="-959" />
    <nd ref="-960" />
    <nd ref="-961" />
    <nd ref="-597" />
    <nd ref="-594" />
    <nd ref="-593" />
    <nd ref="-592" />
    <tag k="addr:city" v="Ingolstadt" />
    <tag k="addr:country" v="DE" />
    <tag k="addr:housenumber" v="1" />
    <tag k="addr:postcode" v="85049" />
    <tag k="addr:street" v="Am Stein" />
    <tag k="building" v="yes" />
    <tag k="source" v="HiRes aerial imagery" />
  </way>
  <way id="-1000000138" visible="true">
    <nd ref="-957" />
    <nd ref="-962" />
    <nd ref="-925" />
    <nd ref="-924" />
    <nd ref="-935" />
    <nd ref="-934" />
    <nd ref="-932" />
    <nd ref="-931" />
    <nd ref="-963" />
    <nd ref="-964" />
    <nd ref="-956" />
    <nd ref="-957" />
    <tag k="building" v="yes" />
    <tag k="source" v="HiRes aerial imagery" />
  </way>
  <way id="-1000000139" visible="true">
    <nd ref="-965" />
    <nd ref="-966" />
    <nd ref="-967" />
    <nd ref="-968" />
    <nd ref="-969" />
    <nd ref="-970" />
    <nd ref="-965" />
    <tag k="addr:city" v="Ingolstadt" />
    <tag k="addr:country" v="DE" />
    <tag k="addr:housenumber" v="7" />
    <tag k="addr:postcode" v="85049" />
    <tag k="addr:street" v="Am Stein" />
    <tag k="building" v="apartments" />
    <tag k="building:levels" v="3" />
    <tag k="roof:levels" v="2" />
    <tag k="source" v="HiRes aerial imagery" />
  </way>
  <way id="-1000000140" visible="true">
    <nd ref="-971" />
    <nd ref="-972" />
    <nd ref="-965" />
    <nd ref="-970" />
    <nd ref="-973" />
    <nd ref="-974" />
    <nd ref="-971" />
    <tag k="addr:city" v="Ingolstadt" />
    <tag k="addr:country" v="DE" />
    <tag k="addr:housenumber" v="5" />
    <tag k="addr:postcode" v="85049" />
    <tag k="addr:street" v="Am Stein" />
    <tag k="building" v="yes" />
    <tag k="source" v="HiRes aerial imagery" />
  </way>
  <way id="-1000000141" visible="true">
    <nd ref="-959" />
    <nd ref="-975" />
    <nd ref="-971" />
    <nd ref="-974" />
    <nd ref="-960" />
    <nd ref="-959" />
    <tag k="addr:city" v="Ingolstadt" />
    <tag k="addr:country" v="DE" />
    <tag k="addr:housenumber" v="3" />
    <tag k="addr:postcode" v="85049" />
    <tag k="addr:street" v="Am Stein" />
    <tag k="building" v="yes" />
    <tag k="source" v="HiRes aerial imagery" />
    <tag k="wikimedia_commons" v="File:Am stein 3 Ingolstadt 2022-09-12 2.jpg" />
  </way>
  <way id="-1000000142" visible="true">
    <nd ref="-976" />
    <nd ref="-977" />
    <nd ref="-978" />
    <nd ref="-979" />
    <nd ref="-980" />
    <nd ref="-981" />
    <nd ref="-982" />
    <nd ref="-983" />
    <nd ref="-984" />
    <nd ref="-985" />
    <nd ref="-986" />
    <nd ref="-987" />
    <nd ref="-988" />
    <nd ref="-976" />
    <tag k="addr:city" v="Ingolstadt" />
    <tag k="addr:country" v="DE" />
    <tag k="addr:housenumber" v="3" />
    <tag k="addr:postcode" v="85049" />
    <tag k="addr:street" v="Johannesstraße" />
    <tag k="building" v="yes" />
  </way>
  <way id="-1000000143" visible="true">
    <nd ref="-989" />
    <nd ref="-990" />
    <nd ref="-991" />
    <nd ref="-992" />
    <nd ref="-993" />
    <nd ref="-994" />
    <nd ref="-985" />
    <nd ref="-984" />
    <nd ref="-983" />
    <nd ref="-995" />
    <nd ref="-989" />
    <tag k="addr:city" v="Ingolstadt" />
    <tag k="addr:country" v="DE" />
    <tag k="addr:housenumber" v="5" />
    <tag k="addr:postcode" v="85049" />
    <tag k="addr:street" v="Johannesstraße" />
    <tag k="building" v="yes" />
  </way>
  <way id="-1000000144" visible="true">
    <nd ref="-486" />
    <nd ref="-976" />
    <nd ref="-988" />
    <nd ref="-996" />
    <nd ref="-997" />
    <nd ref="-998" />
    <nd ref="-480" />
    <nd ref="-479" />
    <nd ref="-486" />
    <tag k="addr:city" v="Ingolstadt" />
    <tag k="addr:country" v="DE" />
    <tag k="addr:housenumber" v="1" />
    <tag k="addr:postcode" v="85049" />
    <tag k="addr:street" v="Johannesstraße" />
    <tag k="building" v="yes" />
  </way>
  <way id="-1000000145" visible="true">
    <nd ref="-999" />
    <nd ref="-1000" />
    <nd ref="-1001" />
    <nd ref="-1002" />
    <nd ref="-1003" />
    <nd ref="-1004" />
    <nd ref="-1005" />
    <nd ref="-1006" />
    <nd ref="-1007" />
    <nd ref="-1008" />
    <nd ref="-1009" />
    <nd ref="-1010" />
    <nd ref="-1011" />
    <nd ref="-999" />
    <tag k="building" v="yes" />
    <tag k="building:levels" v="4" />
  </way>
  <way id="-1000000146" visible="true">
    <nd ref="-1012" />
    <nd ref="-1013" />
    <nd ref="-1014" />
    <nd ref="-1015" />
    <nd ref="-1016" />
    <nd ref="-1017" />
    <nd ref="-1018" />
    <nd ref="-1019" />
    <nd ref="-1020" />
    <nd ref="-1012" />
    <tag k="building" v="yes" />
    <tag k="building:levels" v="4" />
    <tag k="source" v="HiRes aerial imagery" />
  </way>
  <way id="-1000000147" visible="true">
    <nd ref="-1013" />
    <nd ref="-1021" />
    <nd ref="-1022" />
    <nd ref="-1023" />
    <nd ref="-1012" />
    <nd ref="-1013" />
    <tag k="addr:city" v="Ingolstadt" />
    <tag k="addr:housenumber" v="6C" />
    <tag k="addr:postcode" v="85049" />
    <tag k="addr:street" v="Adolf-Kolping-Straße" />
    <tag k="building" v="yes" />
    <tag k="building:levels" v="4" />
    <tag k="source" v="HiRes aerial imagery" />
  </way>
  <way id="-1000000148" visible="true">
    <nd ref="-1024" />
    <nd ref="-1025" />
    <nd ref="-1026" />
    <nd ref="-1027" />
    <nd ref="-1024" />
    <tag k="building" v="yes" />
  </way>
  <way id="-1000000149" visible="true">
    <nd ref="-1028" />
    <nd ref="-1029" />
    <nd ref="-1030" />
    <nd ref="-1031" />
    <nd ref="-1028" />
    <tag k="building" v="yes" />
    <tag k="source" v="HiRes aerial imagery" />
  </way>
  <way id="-1000000150" visible="true">
    <nd ref="-1032" />
    <nd ref="-1033" />
    <nd ref="-1034" />
    <nd ref="-1035" />
    <nd ref="-1032" />
    <tag k="building" v="apartments" />
    <tag k="source" v="HiRes aerial imagery" />
  </way>
  <way id="-1000000151" visible="true">
    <nd ref="-1036" />
    <nd ref="-1037" />
    <nd ref="-1038" />
    <nd ref="-1039" />
    <nd ref="-1040" />
    <nd ref="-1036" />
    <tag k="building" v="yes" />
    <tag k="source" v="HiRes aerial imagery" />
  </way>
  <way id="-1000000152" visible="true">
    <nd ref="-1041" />
    <nd ref="-1042" />
    <nd ref="-1043" />
    <nd ref="-1039" />
    <nd ref="-1038" />
    <nd ref="-1041" />
    <tag k="building" v="yes" />
    <tag k="source" v="HiRes aerial imagery" />
  </way>
  <way id="-1000000153" visible="true">
    <nd ref="-1044" />
    <nd ref="-1045" />
    <nd ref="-1046" />
    <nd ref="-1047" />
    <nd ref="-1044" />
    <tag k="building" v="garages" />
    <tag k="source" v="HiRes aerial imagery" />
  </way>
  <way id="-1000000154" visible="true">
    <nd ref="-1048" />
    <nd ref="-1049" />
    <nd ref="-1050" />
    <nd ref="-1051" />
    <nd ref="-1048" />
    <tag k="building" v="garage" />
    <tag k="building:use" v="garage" />
    <tag k="source" v="HiRes aerial imagery" />
  </way>
  <way id="-1000000155" visible="true">
    <nd ref="-1052" />
    <nd ref="-1053" />
    <nd ref="-1054" />
    <nd ref="-1055" />
    <nd ref="-1056" />
    <nd ref="-1057" />
    <nd ref="-1052" />
    <tag k="building" v="yes" />
    <tag k="historic" v="city_gate" />
    <tag k="name" v="Tor Heydeck" />
    <tag k="source" v="HiRes aerial imagery" />
  </way>
  <way id="-1000000156" visible="true">
    <nd ref="-1058" />
    <nd ref="-1059" />
    <nd ref="-1060" />
    <nd ref="-1061" />
    <nd ref="-1062" />
    <nd ref="-1063" />
    <nd ref="-1058" />
    <tag k="building" v="yes" />
    <tag k="source" v="HiRes aerial imagery" />
  </way>
  <way id="-1000000157" visible="true">
    <nd ref="-1064" />
    <nd ref="-1065" />
    <nd ref="-1066" />
    <nd ref="-1067" />
    <nd ref="-1068" />
    <nd ref="-1069" />
    <nd ref="-1070" />
    <nd ref="-1064" />
    <tag k="building" v="yes" />
    <tag k="source" v="HiRes aerial imagery" />
  </way>
  <way id="-1000000158" visible="true">
    <nd ref="-1071" />
    <nd ref="-1072" />
    <nd ref="-1073" />
    <nd ref="-1074" />
    <nd ref="-1075" />
    <nd ref="-1071" />
    <tag k="addr:city" v="Ingolstadt" />
    <tag k="addr:postcode" v="85049" />
    <tag k="addr:street" v="Adolf-Kolping-Straße" />
    <tag k="building" v="school" />
    <tag k="building:levels" v="2" />
    <tag k="level" v="-1_-_3" />
    <tag k="name" v="Berufsschule 1 Ingolstadt" />
    <tag k="note" v="Baukontainer" />
  </way>
  <way id="-1000000159" visible="true">
    <nd ref="-1076" />
    <nd ref="-1077" />
    <nd ref="-1078" />
    <nd ref="-1079" />
    <nd ref="-1080" />
    <nd ref="-1081" />
    <nd ref="-1076" />
    <tag k="addr:city" v="Ingolstadt" />
    <tag k="addr:postcode" v="85049" />
    <tag k="addr:street" v="Adolf-Kolping-Straße" />
    <tag k="building" v="school" />
    <tag k="building:levels" v="2" />
    <tag k="level" v="-1_-_3" />
    <tag k="name" v="Berufsschule 1 Ingolstadt" />
    <tag k="note" v="Baukontainer" />
  </way>
  <way id="-1000000160" visible="true">
    <nd ref="-1082" />
    <nd ref="-1083" />
    <nd ref="-1084" />
    <nd ref="-1085" />
    <nd ref="-1082" />
    <tag k="building" v="yes" />
  </way>
  <way id="-1000000161" visible="true">
    <nd ref="-1086" />
    <nd ref="-1087" />
    <nd ref="-1088" />
    <nd ref="-1089" />
    <nd ref="-1086" />
    <tag k="addr:city" v="Ingolstadt" />
    <tag k="addr:country" v="DE" />
    <tag k="addr:housenumber" v="17b" />
    <tag k="addr:postcode" v="85049" />
    <tag k="addr:street" v="Esplanade" />
    <tag k="building" v="yes" />
    <tag k="source" v="HiRes aerial imagery" />
  </way>
  <way id="-1000000162" visible="true">
    <nd ref="-1090" />
    <nd ref="-1091" />
    <nd ref="-1083" />
    <nd ref="-1084" />
    <nd ref="-1092" />
    <nd ref="-1093" />
    <nd ref="-1090" />
    <tag k="building" v="yes" />
  </way>
  <way id="-1000000163" visible="true">
    <nd ref="-1094" />
    <nd ref="-1095" />
    <nd ref="-1096" />
    <nd ref="-1097" />
    <nd ref="-1094" />
    <tag k="addr:city" v="Ingolstadt" />
    <tag k="addr:country" v="DE" />
    <tag k="addr:housenumber" v="17a" />
    <tag k="addr:postcode" v="85049" />
    <tag k="addr:street" v="Esplanade" />
    <tag k="building" v="yes" />
    <tag k="source" v="HiRes aerial imagery" />
  </way>
  <way id="-1000000164" visible="true">
    <nd ref="-1098" />
    <nd ref="-1099" />
    <nd ref="-1100" />
    <nd ref="-1101" />
    <nd ref="-1098" />
    <tag k="building" v="yes" />
    <tag k="source" v="HiRes aerial imagery" />
  </way>
  <way id="-1000000165" visible="true">
    <nd ref="-1102" />
    <nd ref="-1103" />
    <nd ref="-1104" />
    <nd ref="-1105" />
    <nd ref="-1102" />
    <tag k="building" v="office" />
    <tag k="source" v="HiRes aerial imagery" />
  </way>
  <way id="-1000000166" visible="true">
    <nd ref="-1106" />
    <nd ref="-1107" />
    <nd ref="-1108" />
    <nd ref="-1109" />
    <nd ref="-1106" />
    <tag k="addr:city" v="Ingolstadt" />
    <tag k="addr:country" v="DE" />
    <tag k="addr:housenumber" v="19" />
    <tag k="addr:postcode" v="85049" />
    <tag k="addr:street" v="Esplanade" />
    <tag k="building" v="yes" />
    <tag k="source" v="HiRes aerial imagery" />
  </way>
  <way id="-1000000167" visible="true">
    <nd ref="-1110" />
    <nd ref="-1111" />
    <nd ref="-1112" />
    <nd ref="-1113" />
    <nd ref="-1110" />
    <tag k="building" v="yes" />
    <tag k="source" v="HiRes aerial imagery" />
  </way>
  <way id="-1000000168" visible="true">
    <nd ref="-1114" />
    <nd ref="-1115" />
    <nd ref="-1116" />
    <nd ref="-1117" />
    <nd ref="-1114" />
    <tag k="addr:city" v="Ingolstadt" />
    <tag k="addr:country" v="DE" />
    <tag k="addr:housenumber" v="25" />
    <tag k="addr:postcode" v="85049" />
    <tag k="addr:street" v="Esplanade" />
    <tag k="building" v="yes" />
  </way>
  <way id="-1000000169" visible="true">
    <nd ref="-1118" />
    <nd ref="-1119" />
    <nd ref="-1120" />
    <nd ref="-1121" />
    <nd ref="-1118" />
    <tag k="building" v="warehouse" />
    <tag k="source" v="HiRes aerial imagery" />
  </way>
  <way id="-1000000170" visible="true">
    <nd ref="-1122" />
    <nd ref="-1123" />
    <nd ref="-1124" />
    <nd ref="-1125" />
    <nd ref="-1126" />
    <nd ref="-1122" />
    <tag k="addr:city" v="Ingolstadt" />
    <tag k="addr:country" v="DE" />
    <tag k="addr:housenumber" v="20" />
    <tag k="addr:postcode" v="85049" />
    <tag k="addr:street" v="Unterer Graben" />
    <tag k="building" v="yes" />
    <tag k="source" v="HiRes aerial imagery" />
  </way>
  <way id="-1000000171" visible="true">
    <nd ref="-1127" />
    <nd ref="-1128" />
    <nd ref="-1129" />
    <nd ref="-1130" />
    <nd ref="-1131" />
    <nd ref="-1132" />
    <nd ref="-1133" />
    <nd ref="-1134" />
    <nd ref="-1135" />
    <nd ref="-1136" />
    <nd ref="-866" />
    <nd ref="-865" />
    <nd ref="-1137" />
    <nd ref="-884" />
    <nd ref="-883" />
    <nd ref="-1127" />
    <tag k="building" v="yes" />
    <tag k="source" v="HiRes aerial imagery" />
  </way>
  <way id="-1000000172" visible="true">
    <nd ref="-1138" />
    <nd ref="-1139" />
    <nd ref="-1140" />
    <nd ref="-1141" />
    <nd ref="-1138" />
    <tag k="addr:city" v="Ingolstadt" />
    <tag k="addr:country" v="DE" />
    <tag k="addr:housenumber" v="12" />
    <tag k="addr:postcode" v="85049" />
    <tag k="addr:street" v="Unterer Graben" />
    <tag k="building" v="yes" />
    <tag k="source" v="HiRes aerial imagery" />
  </way>
  <way id="-1000000173" visible="true">
    <nd ref="-1142" />
    <nd ref="-1143" />
    <nd ref="-1144" />
    <nd ref="-1145" />
    <nd ref="-1146" />
    <nd ref="-1142" />
    <tag k="building" v="yes" />
    <tag k="source" v="HiRes aerial imagery" />
  </way>
  <way id="-1000000174" visible="true">
    <nd ref="-1147" />
    <nd ref="-1148" />
    <nd ref="-1149" />
    <nd ref="-1150" />
    <nd ref="-1151" />
    <nd ref="-1147" />
    <tag k="building" v="yes" />
  </way>
  <way id="-1000000175" visible="true">
    <nd ref="-1152" />
    <nd ref="-1153" />
    <nd ref="-1111" />
    <nd ref="-1110" />
    <nd ref="-1152" />
    <tag k="building" v="yes" />
    <tag k="source" v="HiRes aerial imagery" />
  </way>
  <way id="-1000000176" visible="true">
    <nd ref="-1154" />
    <nd ref="-1155" />
    <nd ref="-1156" />
    <nd ref="-1157" />
    <nd ref="-1158" />
    <nd ref="-1159" />
    <nd ref="-1160" />
    <nd ref="-1154" />
    <tag k="building" v="house" />
  </way>
  <way id="-1000000177" visible="true">
    <nd ref="-1161" />
    <nd ref="-1162" />
    <nd ref="-1163" />
    <nd ref="-1164" />
    <nd ref="-1161" />
    <tag k="building" v="yes" />
    <tag k="source" v="HiRes aerial imagery" />
  </way>
  <way id="-1000000178" visible="true">
    <nd ref="-1137" />
    <nd ref="-884" />
    <nd ref="-880" />
    <nd ref="-1165" />
    <nd ref="-1166" />
    <nd ref="-1167" />
    <nd ref="-1137" />
    <tag k="building" v="yes" />
    <tag k="source" v="HiRes aerial imagery" />
  </way>
  <way id="-1000000179" visible="true">
    <nd ref="-1168" />
    <nd ref="-1169" />
    <nd ref="-1141" />
    <nd ref="-1140" />
    <nd ref="-1170" />
    <nd ref="-1171" />
    <nd ref="-1168" />
    <tag k="addr:city" v="Ingolstadt" />
    <tag k="addr:country" v="DE" />
    <tag k="addr:housenumber" v="10" />
    <tag k="addr:postcode" v="85049" />
    <tag k="addr:street" v="Unterer Graben" />
    <tag k="building" v="yes" />
    <tag k="source" v="HiRes aerial imagery" />
  </way>
  <way id="-1000000180" visible="true">
    <nd ref="-1172" />
    <nd ref="-1173" />
    <nd ref="-1174" />
    <nd ref="-1175" />
    <nd ref="-1176" />
    <nd ref="-1177" />
    <nd ref="-1172" />
    <tag k="building" v="yes" />
    <tag k="source" v="HiRes aerial imagery" />
  </way>
  <way id="-1000000181" visible="true">
    <nd ref="-1178" />
    <nd ref="-1179" />
    <nd ref="-1180" />
    <nd ref="-1181" />
    <nd ref="-1182" />
    <nd ref="-1178" />
    <tag k="addr:city" v="Ingolstadt" />
    <tag k="addr:country" v="DE" />
    <tag k="addr:housenumber" v="14" />
    <tag k="addr:postcode" v="85049" />
    <tag k="addr:street" v="Unterer Graben" />
    <tag k="building" v="yes" />
    <tag k="source" v="HiRes aerial imagery" />
  </way>
  <way id="-1000000182" visible="true">
    <nd ref="-1183" />
    <nd ref="-1184" />
    <nd ref="-1185" />
    <nd ref="-1186" />
    <nd ref="-1183" />
    <tag k="building" v="yes" />
    <tag k="source" v="HiRes aerial imagery" />
  </way>
  <way id="-1000000183" visible="true">
    <nd ref="-1187" />
    <nd ref="-1188" />
    <nd ref="-1189" />
    <nd ref="-1190" />
    <nd ref="-1187" />
    <tag k="building" v="yes" />
  </way>
  <way id="-1000000184" visible="true">
    <nd ref="-1191" />
    <nd ref="-1192" />
    <nd ref="-1193" />
    <nd ref="-1194" />
    <nd ref="-1195" />
    <nd ref="-1196" />
    <nd ref="-1191" />
    <tag k="addr:city" v="Ingolstadt" />
    <tag k="addr:country" v="DE" />
    <tag k="addr:housenumber" v="4" />
    <tag k="addr:postcode" v="85049" />
    <tag k="addr:street" v="Unterer Graben" />
    <tag k="building" v="yes" />
    <tag k="source" v="HiRes aerial imagery" />
  </way>
  <way id="-1000000185" visible="true">
    <nd ref="-1197" />
    <nd ref="-1198" />
    <nd ref="-1199" />
    <nd ref="-1200" />
    <nd ref="-1201" />
    <nd ref="-1197" />
    <tag k="building" v="yes" />
    <tag k="source" v="HiRes aerial imagery" />
  </way>
  <way id="-1000000186" visible="true">
    <nd ref="-1202" />
    <nd ref="-1203" />
    <nd ref="-1204" />
    <nd ref="-1180" />
    <nd ref="-1179" />
    <nd ref="-1202" />
    <tag k="addr:city" v="Ingolstadt" />
    <tag k="addr:country" v="DE" />
    <tag k="addr:housenumber" v="16" />
    <tag k="addr:postcode" v="85049" />
    <tag k="addr:street" v="Unterer Graben" />
    <tag k="building" v="yes" />
    <tag k="source" v="HiRes aerial imagery" />
  </way>
  <way id="-1000000187" visible="true">
    <nd ref="-1205" />
    <nd ref="-1206" />
    <nd ref="-1207" />
    <nd ref="-1208" />
    <nd ref="-1205" />
    <tag k="building" v="yes" />
    <tag k="source" v="HiRes aerial imagery" />
  </way>
  <way id="-1000000188" visible="true">
    <nd ref="-1209" />
    <nd ref="-1210" />
    <nd ref="-1211" />
    <nd ref="-1212" />
    <nd ref="-1213" />
    <nd ref="-1209" />
    <tag k="building" v="warehouse" />
  </way>
  <way id="-1000000189" visible="true">
    <nd ref="-1214" />
    <nd ref="-1215" />
    <nd ref="-1216" />
    <nd ref="-1217" />
    <nd ref="-1218" />
    <nd ref="-1219" />
    <nd ref="-1220" />
    <nd ref="-1221" />
    <nd ref="-1222" />
    <nd ref="-1223" />
    <nd ref="-1214" />
    <tag k="building" v="yes" />
    <tag k="source" v="HiRes aerial imagery" />
  </way>
  <way id="-1000000190" visible="true">
    <nd ref="-1224" />
    <nd ref="-1225" />
    <nd ref="-1226" />
    <nd ref="-1227" />
    <nd ref="-1228" />
    <nd ref="-1229" />
    <nd ref="-1230" />
    <nd ref="-1224" />
    <tag k="building" v="yes" />
    <tag k="source" v="HiRes aerial imagery" />
  </way>
  <way id="-1000000191" visible="true">
    <nd ref="-1192" />
    <nd ref="-1231" />
    <nd ref="-1232" />
    <nd ref="-1193" />
    <nd ref="-1192" />
    <tag k="addr:city" v="Ingolstadt" />
    <tag k="addr:country" v="DE" />
    <tag k="addr:housenumber" v="6" />
    <tag k="addr:postcode" v="85049" />
    <tag k="addr:street" v="Unterer Graben" />
    <tag k="building" v="yes" />
    <tag k="source" v="HiRes aerial imagery" />
  </way>
  <way id="-1000000192" visible="true">
    <nd ref="-1233" />
    <nd ref="-1234" />
    <nd ref="-1235" />
    <nd ref="-1236" />
    <nd ref="-1237" />
    <nd ref="-1238" />
    <nd ref="-1233" />
    <tag k="building" v="yes" />
    <tag k="source" v="HiRes aerial imagery" />
  </way>
  <way id="-1000000193" visible="true">
    <nd ref="-1239" />
    <nd ref="-1240" />
    <nd ref="-1241" />
    <nd ref="-1242" />
    <nd ref="-1239" />
    <tag k="building" v="yes" />
    <tag k="source" v="HiRes aerial imagery" />
  </way>
  <way id="-1000000194" visible="true">
    <nd ref="-1243" />
    <nd ref="-1244" />
    <nd ref="-1245" />
    <nd ref="-1246" />
    <nd ref="-1243" />
    <tag k="building" v="yes" />
  </way>
  <way id="-1000000195" visible="true">
    <nd ref="-1247" />
    <nd ref="-1248" />
    <nd ref="-1249" />
    <nd ref="-1250" />
    <nd ref="-1247" />
    <tag k="building" v="yes" />
  </way>
  <way id="-1000000196" visible="true">
    <nd ref="-1251" />
    <nd ref="-1252" />
    <nd ref="-1253" />
    <nd ref="-1254" />
    <nd ref="-1255" />
    <nd ref="-1251" />
    <tag k="building" v="yes" />
    <tag k="source" v="HiRes aerial imagery" />
  </way>
  <way id="-1000000197" visible="true">
    <nd ref="-1256" />
    <nd ref="-1257" />
    <nd ref="-1258" />
    <nd ref="-1259" />
    <nd ref="-1260" />
    <nd ref="-1261" />
    <nd ref="-1262" />
    <nd ref="-1256" />
    <tag k="building" v="yes" />
  </way>
  <way id="-1000000198" visible="true">
    <nd ref="-1263" />
    <nd ref="-1264" />
    <nd ref="-1265" />
    <nd ref="-1266" />
    <nd ref="-1267" />
    <nd ref="-1268" />
    <nd ref="-1269" />
    <nd ref="-1270" />
    <nd ref="-1271" />
    <nd ref="-1272" />
    <nd ref="-1263" />
    <tag k="building" v="yes" />
    <tag k="source" v="HiRes aerial imagery" />
  </way>
  <way id="-1000000199" visible="true">
    <nd ref="-1273" />
    <nd ref="-1274" />
    <nd ref="-1275" />
    <nd ref="-1276" />
    <nd ref="-1277" />
    <nd ref="-1278" />
    <nd ref="-1279" />
    <nd ref="-1280" />
    <nd ref="-1281" />
    <nd ref="-1282" />
    <nd ref="-1146" />
    <nd ref="-1145" />
    <nd ref="-1283" />
    <nd ref="-1284" />
    <nd ref="-1273" />
    <tag k="building" v="yes" />
    <tag k="source" v="HiRes aerial imagery" />
  </way>
  <way id="-1000000200" visible="true">
    <nd ref="-1253" />
    <nd ref="-1191" />
    <nd ref="-1196" />
    <nd ref="-1285" />
    <nd ref="-1254" />
    <nd ref="-1253" />
    <tag k="addr:city" v="Ingolstadt" />
    <tag k="addr:country" v="DE" />
    <tag k="addr:housenumber" v="2" />
    <tag k="addr:postcode" v="85049" />
    <tag k="addr:street" v="Unterer Graben" />
    <tag k="building" v="yes" />
    <tag k="source" v="HiRes aerial imagery" />
  </way>
  <way id="-1000000201" visible="true">
    <nd ref="-1286" />
    <nd ref="-1287" />
    <nd ref="-1288" />
    <nd ref="-1289" />
    <nd ref="-1286" />
    <tag k="building" v="warehouse" />
    <tag k="source" v="HiRes aerial imagery" />
  </way>
  <way id="-1000000202" visible="true">
    <nd ref="-1290" />
    <nd ref="-1291" />
    <nd ref="-1292" />
    <nd ref="-1293" />
    <nd ref="-1294" />
    <nd ref="-1295" />
    <nd ref="-1296" />
    <nd ref="-1297" />
    <nd ref="-1298" />
    <nd ref="-1290" />
    <tag k="building" v="apartments" />
    <tag k="source" v="HiRes aerial imagery" />
  </way>
  <way id="-1000000203" visible="true">
    <nd ref="-1165" />
    <nd ref="-1166" />
    <nd ref="-1299" />
    <nd ref="-1300" />
    <nd ref="-1301" />
    <nd ref="-1302" />
    <nd ref="-1303" />
    <nd ref="-1165" />
    <tag k="building" v="yes" />
    <tag k="source" v="HiRes aerial imagery" />
  </way>
  <way id="-1000000204" visible="true">
    <nd ref="-1304" />
    <nd ref="-1305" />
    <nd ref="-1306" />
    <nd ref="-1307" />
    <nd ref="-1308" />
    <nd ref="-1309" />
    <nd ref="-1304" />
    <tag k="addr:city" v="Ingolstadt" />
    <tag k="addr:country" v="DE" />
    <tag k="addr:housenumber" v="30" />
    <tag k="addr:postcode" v="85049" />
    <tag k="addr:street" v="Proviantstraße" />
    <tag k="building" v="yes" />
    <tag k="source" v="HiRes aerial imagery" />
  </way>
  <way id="-1000000205" visible="true">
    <nd ref="-867" />
    <nd ref="-864" />
    <nd ref="-1310" />
    <nd ref="-1311" />
    <nd ref="-1312" />
    <nd ref="-1313" />
    <nd ref="-1314" />
    <nd ref="-867" />
    <tag k="building" v="yes" />
    <tag k="source" v="HiRes aerial imagery" />
  </way>
  <way id="-1000000206" visible="true">
    <nd ref="-1315" />
    <nd ref="-1316" />
    <nd ref="-1317" />
    <nd ref="-1265" />
    <nd ref="-1264" />
    <nd ref="-1315" />
    <tag k="building" v="yes" />
    <tag k="source" v="HiRes aerial imagery" />
  </way>
  <way id="-1000000207" visible="true">
    <nd ref="-1318" />
    <nd ref="-1112" />
    <nd ref="-1113" />
    <nd ref="-1319" />
    <nd ref="-1320" />
    <nd ref="-1321" />
    <nd ref="-1322" />
    <nd ref="-1323" />
    <nd ref="-1324" />
    <nd ref="-1325" />
    <nd ref="-1326" />
    <nd ref="-1327" />
    <nd ref="-1328" />
    <nd ref="-1329" />
    <nd ref="-1330" />
    <nd ref="-1318" />
    <tag k="building" v="yes" />
    <tag k="source" v="HiRes aerial imagery" />
  </way>
  <way id="-1000000208" visible="true">
    <nd ref="-1331" />
    <nd ref="-1332" />
    <nd ref="-1333" />
    <nd ref="-1334" />
    <nd ref="-1335" />
    <nd ref="-1336" />
    <nd ref="-1337" />
    <nd ref="-1338" />
    <nd ref="-1339" />
    <nd ref="-1232" />
    <nd ref="-1231" />
    <nd ref="-1340" />
    <nd ref="-1341" />
    <nd ref="-1168" />
    <nd ref="-1171" />
    <nd ref="-1331" />
    <tag k="addr:city" v="Ingolstadt" />
    <tag k="addr:country" v="DE" />
    <tag k="addr:housenumber" v="8" />
    <tag k="addr:postcode" v="85049" />
    <tag k="addr:street" v="Unterer Graben" />
    <tag k="building" v="yes" />
    <tag k="source" v="HiRes aerial imagery" />
  </way>
  <way id="-1000000209" visible="true">
    <nd ref="-1342" />
    <nd ref="-1343" />
    <nd ref="-1344" />
    <nd ref="-1345" />
    <nd ref="-1346" />
    <nd ref="-1347" />
    <nd ref="-1150" />
    <nd ref="-1149" />
    <nd ref="-1348" />
    <nd ref="-1342" />
    <tag k="building" v="yes" />
  </way>
  <way id="-1000000210" visible="true">
    <nd ref="-1349" />
    <nd ref="-1339" />
    <nd ref="-1338" />
    <nd ref="-1350" />
    <nd ref="-1351" />
    <nd ref="-1352" />
    <nd ref="-1349" />
    <tag k="building" v="yes" />
    <tag k="source" v="HiRes aerial imagery" />
  </way>
  <way id="-1000000211" visible="true">
    <nd ref="-1353" />
    <nd ref="-1354" />
    <nd ref="-1355" />
    <nd ref="-1356" />
    <nd ref="-1353" />
    <tag k="addr:city" v="Ingolstadt" />
    <tag k="addr:country" v="DE" />
    <tag k="addr:housenumber" v="26" />
    <tag k="addr:postcode" v="85049" />
    <tag k="addr:street" v="Proviantstraße" />
    <tag k="building" v="yes" />
    <tag k="source" v="HiRes aerial imagery" />
  </way>
  <way id="-1000000212" visible="true">
    <nd ref="-1357" />
    <nd ref="-1358" />
    <nd ref="-1359" />
    <nd ref="-1360" />
    <nd ref="-1361" />
    <nd ref="-1357" />
    <tag k="building" v="yes" />
    <tag k="source" v="HiRes aerial imagery" />
  </way>
  <way id="-1000000213" visible="true">
    <nd ref="-1362" />
    <nd ref="-1363" />
    <nd ref="-1259" />
    <nd ref="-1258" />
    <nd ref="-1364" />
    <nd ref="-1362" />
    <tag k="building" v="yes" />
  </way>
  <way id="-1000000214" visible="true">
    <nd ref="-1199" />
    <nd ref="-1365" />
    <nd ref="-1271" />
    <nd ref="-1270" />
    <nd ref="-1366" />
    <nd ref="-1367" />
    <nd ref="-1200" />
    <nd ref="-1199" />
    <tag k="building" v="retail" />
    <tag k="source" v="HiRes aerial imagery" />
  </way>
  <way id="-1000000215" visible="true">
    <nd ref="-1368" />
    <nd ref="-1369" />
    <nd ref="-1370" />
    <nd ref="-1371" />
    <nd ref="-1368" />
    <tag k="building" v="yes" />
    <tag k="source" v="HiRes aerial imagery" />
  </way>
  <way id="-1000000216" visible="true">
    <nd ref="-288" />
    <nd ref="-289" />
    <nd ref="-1372" />
    <nd ref="-1373" />
    <nd ref="-288" />
    <tag k="building" v="church" />
    <tag k="source" v="HiRes aerial imagery" />
  </way>
  <way id="-1000000217" visible="true">
    <nd ref="-1374" />
    <nd ref="-1354" />
    <nd ref="-1353" />
    <nd ref="-1375" />
    <nd ref="-1376" />
    <nd ref="-1377" />
    <nd ref="-1374" />
    <tag k="building" v="yes" />
    <tag k="source" v="HiRes aerial imagery" />
  </way>
  <way id="-1000000218" visible="true">
    <nd ref="-1378" />
    <nd ref="-1379" />
    <nd ref="-1380" />
    <nd ref="-1381" />
    <nd ref="-1378" />
    <tag k="building" v="yes" />
    <tag k="source" v="HiRes aerial imagery" />
  </way>
  <way id="-1000000219" visible="true">
    <nd ref="-1382" />
    <nd ref="-1383" />
    <nd ref="-1384" />
    <nd ref="-1385" />
    <nd ref="-1382" />
    <tag k="building" v="yes" />
  </way>
  <way id="-1000000220" visible="true">
    <nd ref="-1386" />
    <nd ref="-1387" />
    <nd ref="-1388" />
    <nd ref="-1389" />
    <nd ref="-1390" />
    <nd ref="-1391" />
    <nd ref="-1392" />
    <nd ref="-1393" />
    <nd ref="-1394" />
    <nd ref="-1395" />
    <nd ref="-1396" />
    <nd ref="-1397" />
    <nd ref="-1398" />
    <nd ref="-1399" />
    <nd ref="-1400" />
    <nd ref="-1401" />
    <nd ref="-1402" />
    <nd ref="-1403" />
    <nd ref="-1404" />
    <nd ref="-1405" />
    <nd ref="-1386" />
    <tag k="building" v="yes" />
  </way>
  <way id="-1000000221" visible="true">
    <nd ref="-1406" />
    <nd ref="-1407" />
    <nd ref="-1408" />
    <nd ref="-1409" />
    <nd ref="-1406" />
    <tag k="building" v="garage" />
    <tag k="building:use" v="garage" />
    <tag k="source" v="HiRes aerial imagery" />
  </way>
  <way id="-1000000222" visible="true">
    <nd ref="-1410" />
    <nd ref="-1411" />
    <nd ref="-1412" />
    <nd ref="-1413" />
    <nd ref="-1414" />
    <nd ref="-1415" />
    <nd ref="-1416" />
    <nd ref="-1417" />
    <nd ref="-1410" />
    <tag k="building" v="retail" />
  </way>
  <way id="-1000000223" visible="true">
    <nd ref="-1418" />
    <nd ref="-1419" />
    <nd ref="-1420" />
    <nd ref="-1421" />
    <nd ref="-1418" />
    <tag k="building" v="yes" />
  </way>
  <way id="-1000000224" visible="true">
    <nd ref="-1422" />
    <nd ref="-1423" />
    <nd ref="-1424" />
    <nd ref="-1425" />
    <nd ref="-1426" />
    <nd ref="-1422" />
    <tag k="addr:city" v="Ingolstadt" />
    <tag k="addr:country" v="DE" />
    <tag k="addr:housenumber" v="2" />
    <tag k="addr:postcode" v="85049" />
    <tag k="addr:street" v="Paradeplatz" />
    <tag k="building" v="government" />
    <tag k="name" v="Staatliches Bauamt" />
    <tag k="website" v="https://www.stbain.bayern.de/" />
  </way>
  <way id="-1000000225" visible="true">
    <nd ref="-1427" />
    <nd ref="-1428" />
    <nd ref="-1429" />
    <nd ref="-1430" />
    <nd ref="-1427" />
    <tag k="building" v="yes" />
  </way>
  <way id="-1000000226" visible="true">
    <nd ref="-1431" />
    <nd ref="-1432" />
    <nd ref="-1433" />
    <nd ref="-1434" />
    <nd ref="-1435" />
    <nd ref="-1436" />
    <nd ref="-1431" />
    <tag k="building" v="house" />
    <tag k="building:levels" v="3" />
    <tag k="roof:levels" v="1" />
    <tag k="roof:shape" v="gabled" />
    <tag k="source" v="HiRes aerial imagery" />
    <tag k="wikimedia_commons" v="File:Mauthstraße 8 Ingolstadt 2022-09-12 2.jpg" />
  </way>
  <way id="-1000000227" visible="true">
    <nd ref="-1437" />
    <nd ref="-1438" />
    <nd ref="-1439" />
    <nd ref="-1440" />
    <nd ref="-1441" />
    <nd ref="-1442" />
    <nd ref="-1437" />
    <tag k="building" v="yes" />
    <tag k="source" v="HiRes aerial imagery" />
  </way>
  <way id="-1000000228" visible="true">
    <nd ref="-1443" />
    <nd ref="-1197" />
    <nd ref="-1201" />
    <nd ref="-1444" />
    <nd ref="-1445" />
    <nd ref="-1446" />
    <nd ref="-1447" />
    <nd ref="-1448" />
    <nd ref="-1449" />
    <nd ref="-1443" />
    <tag k="building" v="yes" />
    <tag k="source" v="HiRes aerial imagery" />
  </way>
  <way id="-1000000229" visible="true">
    <nd ref="-1450" />
    <nd ref="-1451" />
    <nd ref="-1452" />
    <nd ref="-1453" />
    <nd ref="-1450" />
    <tag k="building" v="yes" />
    <tag k="source" v="HiRes aerial imagery" />
  </way>
  <way id="-1000000230" visible="true">
    <nd ref="-1348" />
    <nd ref="-1342" />
    <nd ref="-1454" />
    <nd ref="-1455" />
    <nd ref="-1348" />
    <tag k="building" v="yes" />
  </way>
  <way id="-1000000231" visible="true">
    <nd ref="-1456" />
    <nd ref="-1457" />
    <nd ref="-1458" />
    <nd ref="-1459" />
    <nd ref="-1460" />
    <nd ref="-1461" />
    <nd ref="-1456" />
    <tag k="building" v="yes" />
  </way>
  <way id="-1000000232" visible="true">
    <nd ref="-1462" />
    <nd ref="-1463" />
    <nd ref="-1464" />
    <nd ref="-1465" />
    <nd ref="-1466" />
    <nd ref="-1467" />
    <nd ref="-1468" />
    <nd ref="-1469" />
    <nd ref="-1470" />
    <nd ref="-1471" />
    <nd ref="-1472" />
    <nd ref="-1462" />
    <tag k="building" v="yes" />
    <tag k="source" v="HiRes aerial imagery" />
  </way>
  <way id="-1000000233" visible="true">
    <nd ref="-1473" />
    <nd ref="-1474" />
    <nd ref="-1475" />
    <nd ref="-1476" />
    <nd ref="-1477" />
    <nd ref="-1478" />
    <nd ref="-1473" />
    <tag k="building" v="yes" />
  </way>
  <way id="-1000000234" visible="true">
    <nd ref="-1479" />
    <nd ref="-772" />
    <nd ref="-773" />
    <nd ref="-769" />
    <nd ref="-768" />
    <nd ref="-1479" />
    <tag k="building" v="yes" />
  </way>
  <way id="-1000000235" visible="true">
    <nd ref="-1480" />
    <nd ref="-1481" />
    <nd ref="-1482" />
    <nd ref="-1483" />
    <nd ref="-1484" />
    <nd ref="-1485" />
    <nd ref="-1486" />
    <nd ref="-1487" />
    <nd ref="-1480" />
    <tag k="building" v="yes" />
    <tag k="source" v="HiRes aerial imagery" />
  </way>
  <way id="-1000000236" visible="true">
    <nd ref="-1488" />
    <nd ref="-1489" />
    <nd ref="-1490" />
    <nd ref="-1491" />
    <nd ref="-1492" />
    <nd ref="-1493" />
    <nd ref="-1494" />
    <nd ref="-1495" />
    <nd ref="-1496" />
    <nd ref="-1497" />
    <nd ref="-1498" />
    <nd ref="-1499" />
    <nd ref="-1500" />
    <nd ref="-1501" />
    <nd ref="-1488" />
    <tag k="building" v="yes" />
    <tag k="source" v="HiRes aerial imagery" />
  </way>
  <way id="-1000000237" visible="true">
    <nd ref="-1502" />
    <nd ref="-1503" />
    <nd ref="-1504" />
    <nd ref="-1505" />
    <nd ref="-1506" />
    <nd ref="-1507" />
    <nd ref="-1502" />
    <tag k="building" v="yes" />
    <tag k="source" v="HiRes aerial imagery" />
  </way>
  <way id="-1000000238" visible="true">
    <nd ref="-1508" />
    <nd ref="-1509" />
    <nd ref="-1510" />
    <nd ref="-1511" />
    <nd ref="-1512" />
    <nd ref="-1513" />
    <nd ref="-1508" />
    <tag k="building" v="yes" />
    <tag k="source" v="HiRes aerial imagery" />
  </way>
  <way id="-1000000239" visible="true">
    <nd ref="-1514" />
    <nd ref="-1515" />
    <nd ref="-1465" />
    <nd ref="-1466" />
    <nd ref="-1467" />
    <nd ref="-1468" />
    <nd ref="-1469" />
    <nd ref="-1514" />
    <tag k="building" v="yes" />
    <tag k="source" v="HiRes aerial imagery" />
  </way>
  <way id="-1000000240" visible="true">
    <nd ref="-1315" />
    <nd ref="-1516" />
    <nd ref="-1517" />
    <nd ref="-1176" />
    <nd ref="-1175" />
    <nd ref="-1518" />
    <nd ref="-1316" />
    <nd ref="-1315" />
    <tag k="building" v="yes" />
    <tag k="note" v="Einfahrt" />
    <tag k="source" v="HiRes aerial imagery" />
  </way>
  <way id="-1000000241" visible="true">
    <nd ref="-1519" />
    <nd ref="-1520" />
    <nd ref="-1521" />
    <nd ref="-1522" />
    <nd ref="-1523" />
    <nd ref="-1524" />
    <nd ref="-1525" />
    <nd ref="-1526" />
    <nd ref="-1519" />
    <tag k="building" v="yes" />
  </way>
  <way id="-1000000242" visible="true">
    <nd ref="-1527" />
    <nd ref="-1528" />
    <nd ref="-1525" />
    <nd ref="-1524" />
    <nd ref="-1523" />
    <nd ref="-1529" />
    <nd ref="-1530" />
    <nd ref="-1531" />
    <nd ref="-1532" />
    <nd ref="-1533" />
    <nd ref="-1534" />
    <nd ref="-1535" />
    <nd ref="-1527" />
    <tag k="building" v="yes" />
  </way>
  <way id="-1000000243" visible="true">
    <nd ref="-1536" />
    <nd ref="-1537" />
    <nd ref="-1538" />
    <nd ref="-1539" />
    <nd ref="-1540" />
    <nd ref="-1541" />
    <nd ref="-1536" />
    <tag k="building" v="office" />
    <tag k="building:levels" v="4" />
    <tag k="roof:levels" v="2" />
    <tag k="roof:orientation" v="across" />
    <tag k="roof:shape" v="gabled" />
    <tag k="source" v="HiRes aerial imagery" />
  </way>
  <way id="-1000000244" visible="true">
    <nd ref="-785" />
    <nd ref="-1542" />
    <nd ref="-1543" />
    <nd ref="-1544" />
    <nd ref="-1545" />
    <nd ref="-787" />
    <nd ref="-786" />
    <nd ref="-785" />
    <tag k="building" v="yes" />
    <tag k="source" v="HiRes aerial imagery" />
  </way>
  <way id="-1000000245" visible="true">
    <nd ref="-1546" />
    <nd ref="-1547" />
    <nd ref="-1438" />
    <nd ref="-1437" />
    <nd ref="-1546" />
    <tag k="building" v="yes" />
    <tag k="source" v="HiRes aerial imagery" />
  </way>
  <way id="-1000000246" visible="true">
    <nd ref="-1548" />
    <nd ref="-1549" />
    <nd ref="-1550" />
    <nd ref="-1551" />
    <nd ref="-1552" />
    <nd ref="-1486" />
    <nd ref="-1485" />
    <nd ref="-1553" />
    <nd ref="-1554" />
    <nd ref="-1548" />
    <tag k="building" v="yes" />
    <tag k="source" v="HiRes aerial imagery" />
  </way>
  <way id="-1000000247" visible="true">
    <nd ref="-1555" />
    <nd ref="-1556" />
    <nd ref="-1557" />
    <nd ref="-1558" />
    <nd ref="-1559" />
    <nd ref="-1555" />
    <tag k="building" v="yes" />
    <tag k="source" v="HiRes aerial imagery" />
  </way>
  <way id="-1000000248" visible="true">
    <nd ref="-1560" />
    <nd ref="-1561" />
    <nd ref="-1562" />
    <nd ref="-1563" />
    <nd ref="-1560" />
    <tag k="building" v="yes" />
    <tag k="building:use" v="garage" />
    <tag k="source" v="HiRes aerial imagery" />
  </way>
  <way id="-1000000249" visible="true">
    <nd ref="-1564" />
    <nd ref="-1565" />
    <nd ref="-1566" />
    <nd ref="-1567" />
    <nd ref="-1568" />
    <nd ref="-1569" />
    <nd ref="-1570" />
    <nd ref="-1571" />
    <nd ref="-1564" />
    <tag k="building" v="yes" />
    <tag k="source" v="HiRes aerial imagery" />
  </way>
  <way id="-1000000250" visible="true">
    <nd ref="-1572" />
    <nd ref="-1573" />
    <nd ref="-1574" />
    <nd ref="-1575" />
    <nd ref="-1576" />
    <nd ref="-1577" />
    <nd ref="-1578" />
    <nd ref="-1572" />
    <tag k="building" v="yes" />
  </way>
  <way id="-1000000251" visible="true">
    <nd ref="-1579" />
    <nd ref="-1580" />
    <nd ref="-1581" />
    <nd ref="-1582" />
    <nd ref="-1568" />
    <nd ref="-1569" />
    <nd ref="-1583" />
    <nd ref="-1579" />
    <tag k="building" v="yes" />
    <tag k="source" v="HiRes aerial imagery" />
  </way>
  <way id="-1000000252" visible="true">
    <nd ref="-1584" />
    <nd ref="-1065" />
    <nd ref="-1064" />
    <nd ref="-1585" />
    <nd ref="-1586" />
    <nd ref="-1584" />
    <tag k="building" v="yes" />
    <tag k="source" v="HiRes aerial imagery" />
  </way>
  <way id="-1000000253" visible="true">
    <nd ref="-1587" />
    <nd ref="-1588" />
    <nd ref="-1514" />
    <nd ref="-1469" />
    <nd ref="-1470" />
    <nd ref="-1587" />
    <tag k="building" v="yes" />
    <tag k="source" v="HiRes aerial imagery" />
  </way>
  <way id="-1000000254" visible="true">
    <nd ref="-1580" />
    <nd ref="-1509" />
    <nd ref="-1510" />
    <nd ref="-1589" />
    <nd ref="-1590" />
    <nd ref="-1591" />
    <nd ref="-1581" />
    <nd ref="-1580" />
    <tag k="building" v="yes" />
    <tag k="source" v="HiRes aerial imagery" />
  </way>
  <way id="-1000000255" visible="true">
    <nd ref="-1592" />
    <nd ref="-1593" />
    <nd ref="-1594" />
    <nd ref="-1595" />
    <nd ref="-1596" />
    <nd ref="-1597" />
    <nd ref="-1598" />
    <nd ref="-1599" />
    <nd ref="-1600" />
    <nd ref="-1601" />
    <nd ref="-1592" />
    <tag k="building" v="yes" />
    <tag k="source" v="HiRes aerial imagery" />
  </way>
  <way id="-1000000256" visible="true">
    <nd ref="-1541" />
    <nd ref="-1536" />
    <nd ref="-1602" />
    <nd ref="-1603" />
    <nd ref="-1604" />
    <nd ref="-1605" />
    <nd ref="-1541" />
    <tag k="building" v="yes" />
    <tag k="source" v="HiRes aerial imagery" />
  </way>
  <way id="-1000000257" visible="true">
    <nd ref="-1456" />
    <nd ref="-1606" />
    <nd ref="-1607" />
    <nd ref="-1572" />
    <nd ref="-1578" />
    <nd ref="-1608" />
    <nd ref="-1609" />
    <nd ref="-1610" />
    <nd ref="-1611" />
    <nd ref="-1461" />
    <nd ref="-1456" />
    <tag k="addr:city" v="Ingolstadt" />
    <tag k="addr:housenumber" v="26" />
    <tag k="addr:postcode" v="85049" />
    <tag k="addr:street" v="Schrannenstraße" />
    <tag k="building" v="geschäfts-_und_wohngebäude" />
  </way>
  <way id="-1000000258" visible="true">
    <nd ref="-1612" />
    <nd ref="-1613" />
    <nd ref="-1471" />
    <nd ref="-1470" />
    <nd ref="-1587" />
    <nd ref="-1612" />
    <tag k="building" v="yes" />
    <tag k="source" v="HiRes aerial imagery" />
  </way>
  <way id="-1000000259" visible="true">
    <nd ref="-1614" />
    <nd ref="-1615" />
    <nd ref="-1616" />
    <nd ref="-1617" />
    <nd ref="-1618" />
    <nd ref="-1614" />
    <tag k="building" v="yes" />
    <tag k="source" v="HiRes aerial imagery" />
  </way>
  <way id="-1000000260" visible="true">
    <nd ref="-1177" />
    <nd ref="-1619" />
    <nd ref="-1620" />
    <nd ref="-1621" />
    <nd ref="-1622" />
    <nd ref="-1623" />
    <nd ref="-1172" />
    <nd ref="-1177" />
    <tag k="building" v="yes" />
    <tag k="source" v="HiRes aerial imagery" />
  </way>
  <way id="-1000000261" visible="true">
    <nd ref="-1606" />
    <nd ref="-1624" />
    <nd ref="-1625" />
    <nd ref="-1626" />
    <nd ref="-1607" />
    <nd ref="-1606" />
    <tag k="building" v="yes" />
    <tag k="building:levels" v="4" />
    <tag k="roof:levels" v="2" />
    <tag k="roof:orientation" v="across" />
    <tag k="roof:shape" v="gabled" />
  </way>
  <way id="-1000000262" visible="true">
    <nd ref="-1243" />
    <nd ref="-1244" />
    <nd ref="-1454" />
    <nd ref="-1455" />
    <nd ref="-1243" />
    <tag k="building" v="yes" />
  </way>
  <way id="-1000000263" visible="true">
    <nd ref="-769" />
    <nd ref="-773" />
    <nd ref="-774" />
    <nd ref="-775" />
    <nd ref="-1528" />
    <nd ref="-1525" />
    <nd ref="-1526" />
    <nd ref="-770" />
    <nd ref="-769" />
    <tag k="building" v="yes" />
  </way>
  <way id="-1000000264" visible="true">
    <nd ref="-745" />
    <nd ref="-1473" />
    <nd ref="-1478" />
    <nd ref="-1627" />
    <nd ref="-744" />
    <nd ref="-745" />
    <tag k="building" v="yes" />
  </way>
  <way id="-1000000265" visible="true">
    <nd ref="-1628" />
    <nd ref="-1571" />
    <nd ref="-1570" />
    <nd ref="-1629" />
    <nd ref="-1583" />
    <nd ref="-1579" />
    <nd ref="-1628" />
    <tag k="building" v="yes" />
    <tag k="source" v="HiRes aerial imagery" />
  </way>
  <way id="-1000000266" visible="true">
    <nd ref="-1630" />
    <nd ref="-1631" />
    <nd ref="-1632" />
    <nd ref="-1633" />
    <nd ref="-1634" />
    <nd ref="-1630" />
    <tag k="building" v="yes" />
    <tag k="source" v="HiRes aerial imagery" />
  </way>
  <way id="-1000000267" visible="true">
    <nd ref="-1635" />
    <nd ref="-1636" />
    <nd ref="-1637" />
    <nd ref="-1638" />
    <nd ref="-1635" />
    <tag k="building" v="yes" />
    <tag k="source" v="HiRes aerial imagery" />
  </way>
  <way id="-1000000268" visible="true">
    <nd ref="-1639" />
    <nd ref="-1640" />
    <nd ref="-1641" />
    <nd ref="-1594" />
    <nd ref="-1593" />
    <nd ref="-1639" />
    <tag k="building" v="yes" />
    <tag k="source" v="HiRes aerial imagery" />
  </way>
  <way id="-1000000269" visible="true">
    <nd ref="-1535" />
    <nd ref="-1534" />
    <nd ref="-1533" />
    <nd ref="-1642" />
    <nd ref="-1643" />
    <nd ref="-1535" />
    <tag k="building" v="yes" />
  </way>
  <way id="-1000000270" visible="true">
    <nd ref="-778" />
    <nd ref="-1475" />
    <nd ref="-1476" />
    <nd ref="-779" />
    <nd ref="-778" />
    <tag k="building" v="yes" />
  </way>
  <way id="-1000000271" visible="true">
    <nd ref="-1644" />
    <nd ref="-1645" />
    <nd ref="-1646" />
    <nd ref="-1647" />
    <nd ref="-1648" />
    <nd ref="-1649" />
    <nd ref="-1650" />
    <nd ref="-1651" />
    <nd ref="-1652" />
    <nd ref="-1653" />
    <nd ref="-1644" />
    <tag k="building" v="yes" />
    <tag k="source" v="HiRes aerial imagery" />
  </way>
  <way id="-1000000272" visible="true">
    <nd ref="-1654" />
    <nd ref="-1655" />
    <nd ref="-1656" />
    <nd ref="-1657" />
    <nd ref="-1658" />
    <nd ref="-1659" />
    <nd ref="-1660" />
    <nd ref="-1661" />
    <nd ref="-1662" />
    <nd ref="-1663" />
    <nd ref="-1664" />
    <nd ref="-1665" />
    <nd ref="-1666" />
    <nd ref="-1667" />
    <nd ref="-1668" />
    <nd ref="-1669" />
    <nd ref="-1670" />
    <nd ref="-1671" />
    <nd ref="-1672" />
    <nd ref="-1673" />
    <nd ref="-1674" />
    <nd ref="-1675" />
    <nd ref="-1676" />
    <nd ref="-1677" />
    <nd ref="-1678" />
    <nd ref="-1679" />
    <nd ref="-1680" />
    <nd ref="-1681" />
    <nd ref="-1682" />
    <nd ref="-1683" />
    <nd ref="-1684" />
    <nd ref="-1685" />
    <nd ref="-1686" />
    <nd ref="-1687" />
    <nd ref="-1688" />
    <nd ref="-1689" />
    <nd ref="-1690" />
    <nd ref="-1691" />
    <nd ref="-1692" />
    <nd ref="-1693" />
    <nd ref="-1694" />
    <nd ref="-1695" />
    <nd ref="-1696" />
    <nd ref="-1697" />
    <nd ref="-1698" />
    <nd ref="-1699" />
    <nd ref="-1700" />
    <nd ref="-1701" />
    <nd ref="-1702" />
    <nd ref="-1703" />
    <nd ref="-1704" />
    <nd ref="-1705" />
    <nd ref="-1706" />
    <nd ref="-1707" />
    <nd ref="-1708" />
    <nd ref="-1709" />
    <nd ref="-1710" />
    <nd ref="-1711" />
    <nd ref="-1712" />
    <nd ref="-1713" />
    <nd ref="-1714" />
    <nd ref="-1715" />
    <nd ref="-1716" />
    <nd ref="-1717" />
    <nd ref="-1718" />
    <nd ref="-1719" />
    <nd ref="-1720" />
    <nd ref="-1721" />
    <nd ref="-1722" />
    <nd ref="-1723" />
    <nd ref="-1724" />
    <nd ref="-1725" />
    <nd ref="-1726" />
    <nd ref="-1727" />
    <nd ref="-1728" />
    <nd ref="-1729" />
    <nd ref="-1730" />
    <nd ref="-1731" />
    <nd ref="-1654" />
    <tag k="addr:city" v="Ingolstadt" />
    <tag k="addr:country" v="DE" />
    <tag k="addr:housenumber" v="11" />
    <tag k="addr:postcode" v="85049" />
    <tag k="addr:street" v="Schrannenstraße" />
    <tag k="amenity" v="place_of_worship" />
    <tag k="building" v="church" />
    <tag k="check_date" v="2024-11-07" />
    <tag k="denomination" v="protestant" />
    <tag k="name" v="St. Matthäus" />
    <tag k="name:en" v="St. Matthew Munich" />
    <tag k="religion" v="christian" />
    <tag k="source" v="HiRes aerial imagery" />
  </way>
  <way id="-1000000273" visible="true">
    <nd ref="-1732" />
    <nd ref="-1639" />
    <nd ref="-1593" />
    <nd ref="-1592" />
    <nd ref="-1733" />
    <nd ref="-1734" />
    <nd ref="-1732" />
    <tag k="building" v="yes" />
    <tag k="source" v="HiRes aerial imagery" />
  </way>
  <way id="-1000000274" visible="true">
    <nd ref="-1735" />
    <nd ref="-1736" />
    <nd ref="-1737" />
    <nd ref="-1738" />
    <nd ref="-1739" />
    <nd ref="-1740" />
    <nd ref="-1741" />
    <nd ref="-1742" />
    <nd ref="-1735" />
    <tag k="building" v="apartments" />
    <tag k="source" v="HiRes aerial imagery" />
  </way>
  <way id="-1000000275" visible="true">
    <nd ref="-1532" />
    <nd ref="-1743" />
    <nd ref="-1642" />
    <nd ref="-1533" />
    <nd ref="-1532" />
    <tag k="building" v="yes" />
  </way>
  <way id="-1000000276" visible="true">
    <nd ref="-1744" />
    <nd ref="-1745" />
    <nd ref="-1746" />
    <nd ref="-1747" />
    <nd ref="-1748" />
    <nd ref="-1744" />
    <tag k="addr:city" v="Ingolstadt" />
    <tag k="addr:housenumber" v="7" />
    <tag k="addr:postcode" v="85049" />
    <tag k="addr:street" v="Holzmarkt" />
    <tag k="building" v="yes" />
  </way>
  <way id="-1000000277" visible="true">
    <nd ref="-1631" />
    <nd ref="-1749" />
    <nd ref="-1750" />
    <nd ref="-1751" />
    <nd ref="-1632" />
    <nd ref="-1631" />
    <tag k="building" v="yes" />
    <tag k="source" v="HiRes aerial imagery" />
  </way>
  <way id="-1000000278" visible="true">
    <nd ref="-1205" />
    <nd ref="-1752" />
    <nd ref="-1753" />
    <nd ref="-1754" />
    <nd ref="-1205" />
    <tag k="building" v="yes" />
    <tag k="source" v="HiRes aerial imagery" />
  </way>
  <way id="-1000000279" visible="true">
    <nd ref="-1755" />
    <nd ref="-1756" />
    <nd ref="-804" />
    <nd ref="-803" />
    <nd ref="-1757" />
    <nd ref="-1758" />
    <nd ref="-1755" />
    <tag k="building" v="yes" />
    <tag k="source" v="HiRes aerial imagery" />
  </way>
  <way id="-1000000280" visible="true">
    <nd ref="-742" />
    <nd ref="-743" />
    <nd ref="-1759" />
    <nd ref="-1760" />
    <nd ref="-1459" />
    <nd ref="-1458" />
    <nd ref="-1457" />
    <nd ref="-742" />
    <tag k="building" v="yes" />
  </way>
  <way id="-1000000281" visible="true">
    <nd ref="-1761" />
    <nd ref="-1762" />
    <nd ref="-1763" />
    <nd ref="-1764" />
    <nd ref="-1765" />
    <nd ref="-1766" />
    <nd ref="-1767" />
    <nd ref="-1768" />
    <nd ref="-1761" />
    <tag k="addr:city" v="Ingolstadt" />
    <tag k="addr:housenumber" v="9" />
    <tag k="addr:postcode" v="85049" />
    <tag k="addr:street" v="Holzmarkt" />
    <tag k="building" v="yes" />
  </way>
  <way id="-1000000282" visible="true">
    <nd ref="-1769" />
    <nd ref="-1770" />
    <nd ref="-1771" />
    <nd ref="-1772" />
    <nd ref="-1773" />
    <nd ref="-1774" />
    <nd ref="-1765" />
    <nd ref="-1766" />
    <nd ref="-1775" />
    <nd ref="-1776" />
    <nd ref="-1513" />
    <nd ref="-1508" />
    <nd ref="-1769" />
    <tag k="building" v="yes" />
    <tag k="source" v="HiRes aerial imagery" />
  </way>
  <way id="-1000000283" visible="true">
    <nd ref="-1598" />
    <nd ref="-1549" />
    <nd ref="-1550" />
    <nd ref="-1777" />
    <nd ref="-1599" />
    <nd ref="-1598" />
    <tag k="building" v="yes" />
    <tag k="source" v="HiRes aerial imagery" />
  </way>
  <way id="-1000000284" visible="true">
    <nd ref="-1613" />
    <nd ref="-1778" />
    <nd ref="-1779" />
    <nd ref="-1780" />
    <nd ref="-1472" />
    <nd ref="-1471" />
    <nd ref="-1613" />
    <tag k="building" v="apartments" />
    <tag k="source" v="HiRes aerial imagery" />
  </way>
  <way id="-1000000285" visible="true">
    <nd ref="-1781" />
    <nd ref="-1527" />
    <nd ref="-1535" />
    <nd ref="-1643" />
    <nd ref="-1781" />
    <tag k="building" v="yes" />
  </way>
  <way id="-1000000286" visible="true">
    <nd ref="-1782" />
    <nd ref="-1783" />
    <nd ref="-1784" />
    <nd ref="-1785" />
    <nd ref="-1786" />
    <nd ref="-1787" />
    <nd ref="-1788" />
    <nd ref="-1789" />
    <nd ref="-1782" />
    <tag k="building" v="apartments" />
    <tag k="source" v="HiRes aerial imagery" />
  </way>
  <way id="-1000000287" visible="true">
    <nd ref="-1790" />
    <nd ref="-1791" />
    <nd ref="-1792" />
    <nd ref="-1793" />
    <nd ref="-1794" />
    <nd ref="-1795" />
    <nd ref="-1796" />
    <nd ref="-1790" />
    <tag k="building" v="yes" />
    <tag k="source" v="HiRes aerial imagery" />
  </way>
  <way id="-1000000288" visible="true">
    <nd ref="-1797" />
    <nd ref="-1798" />
    <nd ref="-1757" />
    <nd ref="-1758" />
    <nd ref="-1799" />
    <nd ref="-1797" />
    <tag k="building" v="yes" />
    <tag k="source" v="HiRes aerial imagery" />
  </way>
  <way id="-1000000289" visible="true">
    <nd ref="-1205" />
    <nd ref="-1206" />
    <nd ref="-1619" />
    <nd ref="-1620" />
    <nd ref="-1800" />
    <nd ref="-1754" />
    <nd ref="-1205" />
    <tag k="building" v="yes" />
    <tag k="source" v="HiRes aerial imagery" />
  </way>
  <way id="-1000000290" visible="true">
    <nd ref="-1783" />
    <nd ref="-1482" />
    <nd ref="-1483" />
    <nd ref="-1801" />
    <nd ref="-1553" />
    <nd ref="-1554" />
    <nd ref="-1802" />
    <nd ref="-1784" />
    <nd ref="-1783" />
    <tag k="building" v="apartments" />
    <tag k="source" v="HiRes aerial imagery" />
  </way>
  <way id="-1000000291" visible="true">
    <nd ref="-1526" />
    <nd ref="-1519" />
    <nd ref="-1803" />
    <nd ref="-771" />
    <nd ref="-770" />
    <nd ref="-1526" />
    <tag k="building" v="yes" />
  </way>
  <way id="-1000000292" visible="true">
    <nd ref="-1804" />
    <nd ref="-1805" />
    <nd ref="-1634" />
    <nd ref="-1630" />
    <nd ref="-1804" />
    <tag k="addr:city" v="Ingolstadt" />
    <tag k="addr:country" v="DE" />
    <tag k="addr:housenumber" v="14" />
    <tag k="addr:postcode" v="85049" />
    <tag k="addr:street" v="Ziegelbräustraße" />
    <tag k="building" v="yes" />
    <tag k="source" v="HiRes aerial imagery" />
  </way>
  <way id="-1000000293" visible="true">
    <nd ref="-1806" />
    <nd ref="-1807" />
    <nd ref="-1808" />
    <nd ref="-1809" />
    <nd ref="-788" />
    <nd ref="-787" />
    <nd ref="-1545" />
    <nd ref="-1544" />
    <nd ref="-1543" />
    <nd ref="-1810" />
    <nd ref="-1811" />
    <nd ref="-1806" />
    <tag k="building" v="yes" />
    <tag k="source" v="HiRes aerial imagery" />
  </way>
  <way id="-1000000294" visible="true">
    <nd ref="-1812" />
    <nd ref="-1813" />
    <nd ref="-1814" />
    <nd ref="-1815" />
    <nd ref="-1816" />
    <nd ref="-1817" />
    <nd ref="-1818" />
    <nd ref="-1819" />
    <nd ref="-1812" />
    <tag k="building" v="house" />
    <tag k="source" v="HiRes aerial imagery" />
  </way>
  <way id="-1000000295" visible="true">
    <nd ref="-1820" />
    <nd ref="-1821" />
    <nd ref="-1822" />
    <nd ref="-1823" />
    <nd ref="-1820" />
    <tag k="building" v="yes" />
    <tag k="source" v="HiRes aerial imagery" />
  </way>
  <way id="-1000000296" visible="true">
    <nd ref="-1824" />
    <nd ref="-1825" />
    <nd ref="-1826" />
    <nd ref="-1827" />
    <nd ref="-1828" />
    <nd ref="-1829" />
    <nd ref="-1830" />
    <nd ref="-1824" />
    <tag k="building" v="yes" />
  </way>
  <way id="-1000000297" visible="true">
    <nd ref="-1616" />
    <nd ref="-1831" />
    <nd ref="-1832" />
    <nd ref="-1617" />
    <nd ref="-1616" />
    <tag k="building" v="yes" />
    <tag k="source" v="HiRes aerial imagery" />
  </way>
  <way id="-1000000298" visible="true">
    <nd ref="-1493" />
    <nd ref="-1492" />
    <nd ref="-1833" />
    <nd ref="-1834" />
    <nd ref="-1835" />
    <nd ref="-1493" />
    <tag k="addr:city" v="Ingolstadt" />
    <tag k="addr:housenumber" v="4" />
    <tag k="addr:postcode" v="85049" />
    <tag k="addr:street" v="Ziegelbräustraße" />
    <tag k="building" v="yes" />
    <tag k="source" v="HiRes aerial imagery" />
  </way>
  <way id="-1000000299" visible="true">
    <nd ref="-1832" />
    <nd ref="-1836" />
    <nd ref="-1742" />
    <nd ref="-1741" />
    <nd ref="-1831" />
    <nd ref="-1832" />
    <tag k="building" v="yes" />
    <tag k="source" v="HiRes aerial imagery" />
  </way>
  <way id="-1000000300" visible="true">
    <nd ref="-1837" />
    <nd ref="-1838" />
    <nd ref="-1839" />
    <nd ref="-1827" />
    <nd ref="-1826" />
    <nd ref="-1837" />
    <tag k="building" v="yes" />
  </way>
  <way id="-1000000301" visible="true">
    <nd ref="-1840" />
    <nd ref="-1841" />
    <nd ref="-1842" />
    <nd ref="-1843" />
    <nd ref="-1520" />
    <nd ref="-1521" />
    <nd ref="-1522" />
    <nd ref="-1844" />
    <nd ref="-1845" />
    <nd ref="-1840" />
    <tag k="building" v="yes" />
  </way>
  <way id="-1000000302" visible="true">
    <nd ref="-1503" />
    <nd ref="-1846" />
    <nd ref="-1501" />
    <nd ref="-1500" />
    <nd ref="-1504" />
    <nd ref="-1503" />
    <tag k="building" v="yes" />
    <tag k="source" v="HiRes aerial imagery" />
  </way>
  <way id="-1000000303" visible="true">
    <nd ref="-1230" />
    <nd ref="-1443" />
    <nd ref="-1449" />
    <nd ref="-1224" />
    <nd ref="-1230" />
    <tag k="building" v="yes" />
    <tag k="note" v="Einfahrt" />
    <tag k="source" v="HiRes aerial imagery" />
  </way>
  <way id="-1000000304" visible="true">
    <nd ref="-781" />
    <nd ref="-1824" />
    <nd ref="-1830" />
    <nd ref="-1847" />
    <nd ref="-780" />
    <nd ref="-781" />
    <tag k="building" v="yes" />
  </way>
  <way id="-1000000305" visible="true">
    <nd ref="-1600" />
    <nd ref="-1848" />
    <nd ref="-1849" />
    <nd ref="-1652" />
    <nd ref="-1601" />
    <nd ref="-1600" />
    <tag k="building" v="yes" />
    <tag k="source" v="HiRes aerial imagery" />
  </way>
  <way id="-1000000306" visible="true">
    <nd ref="-1361" />
    <nd ref="-1850" />
    <nd ref="-1851" />
    <nd ref="-1360" />
    <nd ref="-1361" />
    <tag k="building" v="yes" />
    <tag k="source" v="HiRes aerial imagery" />
  </way>
  <way id="-1000000307" visible="true">
    <nd ref="-1531" />
    <nd ref="-1852" />
    <nd ref="-1840" />
    <nd ref="-1845" />
    <nd ref="-1530" />
    <nd ref="-1531" />
    <tag k="building" v="yes" />
  </way>
  <way id="-1000000308" visible="true">
    <nd ref="-1811" />
    <nd ref="-1853" />
    <nd ref="-1854" />
    <nd ref="-1855" />
    <nd ref="-1810" />
    <nd ref="-1811" />
    <tag k="building" v="yes" />
    <tag k="source" v="HiRes aerial imagery" />
  </way>
  <way id="-1000000309" visible="true">
    <nd ref="-1644" />
    <nd ref="-1732" />
    <nd ref="-1734" />
    <nd ref="-1733" />
    <nd ref="-1592" />
    <nd ref="-1601" />
    <nd ref="-1652" />
    <nd ref="-1653" />
    <nd ref="-1644" />
    <tag k="building" v="yes" />
    <tag k="source" v="HiRes aerial imagery" />
  </way>
  <way id="-1000000310" visible="true">
    <nd ref="-1856" />
    <nd ref="-1487" />
    <nd ref="-1486" />
    <nd ref="-1552" />
    <nd ref="-1857" />
    <nd ref="-1858" />
    <nd ref="-1859" />
    <nd ref="-1796" />
    <nd ref="-1790" />
    <nd ref="-1860" />
    <nd ref="-1861" />
    <nd ref="-1862" />
    <nd ref="-1863" />
    <nd ref="-1856" />
    <tag k="building" v="yes" />
    <tag k="source" v="HiRes aerial imagery" />
  </way>
  <way id="-1000000311" visible="true">
    <nd ref="-1749" />
    <nd ref="-1835" />
    <nd ref="-1493" />
    <nd ref="-1494" />
    <nd ref="-1495" />
    <nd ref="-1864" />
    <nd ref="-1750" />
    <nd ref="-1749" />
    <tag k="building" v="yes" />
    <tag k="source" v="HiRes aerial imagery" />
  </way>
  <way id="-1000000312" visible="true">
    <nd ref="-1843" />
    <nd ref="-1803" />
    <nd ref="-1519" />
    <nd ref="-1520" />
    <nd ref="-1843" />
    <tag k="building" v="yes" />
  </way>
  <way id="-1000000313" visible="true">
    <nd ref="-1481" />
    <nd ref="-1865" />
    <nd ref="-1860" />
    <nd ref="-1861" />
    <nd ref="-1866" />
    <nd ref="-1867" />
    <nd ref="-1868" />
    <nd ref="-1480" />
    <nd ref="-1481" />
    <tag k="building" v="yes" />
    <tag k="source" v="HiRes aerial imagery" />
  </way>
  <way id="-1000000314" visible="true">
    <nd ref="-1496" />
    <nd ref="-1869" />
    <nd ref="-1870" />
    <nd ref="-1751" />
    <nd ref="-1750" />
    <nd ref="-1864" />
    <nd ref="-1495" />
    <nd ref="-1496" />
    <tag k="building" v="yes" />
    <tag k="source" v="HiRes aerial imagery" />
  </way>
  <way id="-1000000315" visible="true">
    <nd ref="-789" />
    <nd ref="-790" />
    <nd ref="-1871" />
    <nd ref="-1872" />
    <nd ref="-1873" />
    <nd ref="-789" />
    <tag k="building" v="yes" />
    <tag k="source" v="HiRes aerial imagery" />
  </way>
  <way id="-1000000316" visible="true">
    <nd ref="-1874" />
    <nd ref="-1875" />
    <nd ref="-1876" />
    <nd ref="-1877" />
    <nd ref="-1736" />
    <nd ref="-1735" />
    <nd ref="-1874" />
    <tag k="building" v="yes" />
    <tag k="source" v="HiRes aerial imagery" />
  </way>
  <way id="-1000000317" visible="true">
    <nd ref="-1645" />
    <nd ref="-1646" />
    <nd ref="-1647" />
    <nd ref="-1648" />
    <nd ref="-1440" />
    <nd ref="-1439" />
    <nd ref="-1878" />
    <nd ref="-1879" />
    <nd ref="-1645" />
    <tag k="building" v="yes" />
    <tag k="source" v="HiRes aerial imagery" />
  </way>
  <way id="-1000000318" visible="true">
    <nd ref="-1833" />
    <nd ref="-1880" />
    <nd ref="-1881" />
    <nd ref="-1882" />
    <nd ref="-1883" />
    <nd ref="-1884" />
    <nd ref="-1885" />
    <nd ref="-1886" />
    <nd ref="-1834" />
    <nd ref="-1833" />
    <tag k="building" v="yes" />
    <tag k="source" v="HiRes aerial imagery" />
  </way>
  <way id="-1000000319" visible="true">
    <nd ref="-780" />
    <nd ref="-1847" />
    <nd ref="-1887" />
    <nd ref="-1477" />
    <nd ref="-1476" />
    <nd ref="-779" />
    <nd ref="-780" />
    <tag k="building" v="yes" />
  </way>
  <way id="-1000000320" visible="true">
    <nd ref="-1851" />
    <nd ref="-1888" />
    <nd ref="-1889" />
    <nd ref="-1890" />
    <nd ref="-1891" />
    <nd ref="-1892" />
    <nd ref="-1893" />
    <nd ref="-1359" />
    <nd ref="-1360" />
    <nd ref="-1851" />
    <tag k="building" v="yes" />
    <tag k="source" v="HiRes aerial imagery" />
  </way>
  <way id="-1000000321" visible="true">
    <nd ref="-1805" />
    <nd ref="-1502" />
    <nd ref="-1507" />
    <nd ref="-1894" />
    <nd ref="-1895" />
    <nd ref="-1896" />
    <nd ref="-1897" />
    <nd ref="-1869" />
    <nd ref="-1870" />
    <nd ref="-1751" />
    <nd ref="-1632" />
    <nd ref="-1633" />
    <nd ref="-1634" />
    <nd ref="-1805" />
    <tag k="building" v="yes" />
    <tag k="source" v="HiRes aerial imagery" />
  </way>
  <way id="-1000000322" visible="true">
    <nd ref="-1530" />
    <nd ref="-1845" />
    <nd ref="-1844" />
    <nd ref="-1522" />
    <nd ref="-1523" />
    <nd ref="-1529" />
    <nd ref="-1530" />
    <tag k="building" v="yes" />
  </way>
  <way id="-1000000323" visible="true">
    <nd ref="-1477" />
    <nd ref="-1887" />
    <nd ref="-1898" />
    <nd ref="-1899" />
    <nd ref="-1900" />
    <nd ref="-1901" />
    <nd ref="-1627" />
    <nd ref="-1478" />
    <nd ref="-1477" />
    <tag k="building" v="yes" />
  </way>
  <way id="-1000000324" visible="true">
    <nd ref="-1603" />
    <nd ref="-1798" />
    <nd ref="-1797" />
    <nd ref="-1902" />
    <nd ref="-1903" />
    <nd ref="-1904" />
    <nd ref="-1602" />
    <nd ref="-1603" />
    <tag k="building" v="yes" />
    <tag k="source" v="HiRes aerial imagery" />
  </way>
  <way id="-1000000325" visible="true">
    <nd ref="-1584" />
    <nd ref="-1546" />
    <nd ref="-1547" />
    <nd ref="-1878" />
    <nd ref="-1879" />
    <nd ref="-1586" />
    <nd ref="-1584" />
    <tag k="building" v="yes" />
    <tag k="source" v="HiRes aerial imagery" />
  </way>
  <way id="-1000000326" visible="true">
    <nd ref="-1542" />
    <nd ref="-1543" />
    <nd ref="-1810" />
    <nd ref="-1855" />
    <nd ref="-1905" />
    <nd ref="-1906" />
    <nd ref="-1748" />
    <nd ref="-1744" />
    <nd ref="-1907" />
    <nd ref="-1542" />
    <tag k="addr:city" v="Ingolstadt" />
    <tag k="addr:housenumber" v="5" />
    <tag k="addr:postcode" v="85049" />
    <tag k="addr:street" v="Holzmarkt" />
    <tag k="building" v="yes" />
  </way>
  <way id="-1000000327" visible="true">
    <nd ref="-1908" />
    <nd ref="-1909" />
    <nd ref="-1538" />
    <nd ref="-1539" />
    <nd ref="-1740" />
    <nd ref="-1739" />
    <nd ref="-1738" />
    <nd ref="-1737" />
    <nd ref="-1910" />
    <nd ref="-1911" />
    <nd ref="-1912" />
    <nd ref="-1908" />
    <tag k="addr:city" v="Ingolstadt" />
    <tag k="addr:country" v="DE" />
    <tag k="addr:housenumber" v="9" />
    <tag k="addr:postcode" v="85049" />
    <tag k="addr:street" v="Paradeplatz" />
    <tag k="building" v="office" />
    <tag k="name" v="Gewerkschaftshaus" />
    <tag k="office" v="ngo" />
    <tag k="owner" v="Treuhandverwaltung IGEMET GmbH" />
    <tag k="source" v="HiRes aerial imagery" />
  </way>
  <way id="-1000000328" visible="true">
    <nd ref="-1913" />
    <nd ref="-1914" />
    <nd ref="-1915" />
    <nd ref="-1916" />
    <nd ref="-1917" />
    <nd ref="-152" />
    <nd ref="-151" />
    <nd ref="-1918" />
    <nd ref="-1913" />
    <tag k="building" v="yes" />
    <tag k="historic" v="yes" />
    <tag k="image" v="https://commons.wikimedia.org/wiki/File:Uhrturm_Neues_Schloss_Ingolstadt.jpg" />
    <tag k="man_made" v="tower" />
    <tag k="name" v="Uhrturm" />
    <tag k="source" v="HiRes aerial imagery" />
  </way>
  <way id="-1000000329" visible="true">
    <nd ref="-1635" />
    <nd ref="-1638" />
    <nd ref="-1595" />
    <nd ref="-1594" />
    <nd ref="-1641" />
    <nd ref="-1635" />
    <tag k="building" v="yes" />
    <tag k="source" v="HiRes aerial imagery" />
  </way>
  <way id="-1000000330" visible="true">
    <nd ref="-1770" />
    <nd ref="-1919" />
    <nd ref="-1763" />
    <nd ref="-1764" />
    <nd ref="-1771" />
    <nd ref="-1770" />
    <tag k="building" v="yes" />
    <tag k="source" v="HiRes aerial imagery" />
  </way>
  <way id="-1000000331" visible="true">
    <nd ref="-1920" />
    <nd ref="-1921" />
    <nd ref="-1922" />
    <nd ref="-1923" />
    <nd ref="-1920" />
    <tag k="building" v="yes" />
    <tag k="source" v="HiRes aerial imagery" />
  </way>
  <way id="-1000000332" visible="true">
    <nd ref="-1924" />
    <nd ref="-1925" />
    <nd ref="-1926" />
    <nd ref="-1927" />
    <nd ref="-1924" />
    <tag k="building" v="yes" />
    <tag k="source" v="HiRes aerial imagery" />
  </way>
  <way id="-1000000333" visible="true">
    <nd ref="-1260" />
    <nd ref="-1928" />
    <nd ref="-1929" />
    <nd ref="-1930" />
    <nd ref="-1261" />
    <nd ref="-1260" />
    <tag k="building" v="yes" />
  </way>
  <way id="-1000000334" visible="true">
    <nd ref="-1931" />
    <nd ref="-1932" />
    <nd ref="-1933" />
    <nd ref="-1934" />
    <nd ref="-1935" />
    <nd ref="-1931" />
    <tag k="building" v="yes" />
    <tag k="source" v="HiRes aerial imagery" />
  </way>
  <way id="-1000000335" visible="true">
    <nd ref="-1936" />
    <nd ref="-1937" />
    <nd ref="-1938" />
    <nd ref="-1939" />
    <nd ref="-1940" />
    <nd ref="-1936" />
    <tag k="building" v="yes" />
    <tag k="source" v="HiRes aerial imagery" />
  </way>
  <way id="-1000000336" visible="true">
    <nd ref="-1941" />
    <nd ref="-1942" />
    <nd ref="-1943" />
    <nd ref="-1944" />
    <nd ref="-1945" />
    <nd ref="-1946" />
    <nd ref="-1947" />
    <nd ref="-1948" />
    <nd ref="-1941" />
    <tag k="addr:city" v="Ingolstadt" />
    <tag k="addr:country" v="DE" />
    <tag k="addr:housenumber" v="28" />
    <tag k="addr:postcode" v="85049" />
    <tag k="addr:street" v="Unterer Graben" />
    <tag k="building" v="yes" />
    <tag k="source" v="HiRes aerial imagery" />
  </way>
  <way id="-1000000337" visible="true">
    <nd ref="-1949" />
    <nd ref="-1950" />
    <nd ref="-1951" />
    <nd ref="-1952" />
    <nd ref="-1953" />
    <nd ref="-1954" />
    <nd ref="-1955" />
    <nd ref="-1949" />
    <tag k="building" v="yes" />
    <tag k="source" v="HiRes aerial imagery" />
  </way>
  <way id="-1000000338" visible="true">
    <nd ref="-1956" />
    <nd ref="-1957" />
    <nd ref="-1958" />
    <nd ref="-1959" />
    <nd ref="-1960" />
    <nd ref="-1961" />
    <nd ref="-1962" />
    <nd ref="-1963" />
    <nd ref="-1956" />
    <tag k="building" v="yes" />
    <tag k="source" v="HiRes aerial imagery" />
  </way>
  <way id="-1000000339" visible="true">
    <nd ref="-1964" />
    <nd ref="-1965" />
    <nd ref="-1966" />
    <nd ref="-1967" />
    <nd ref="-1968" />
    <nd ref="-1969" />
    <nd ref="-1970" />
    <nd ref="-1964" />
    <tag k="building" v="apartments" />
    <tag k="source" v="HiRes aerial imagery" />
  </way>
  <way id="-1000000340" visible="true">
    <nd ref="-1971" />
    <nd ref="-1972" />
    <nd ref="-1973" />
    <nd ref="-1974" />
    <nd ref="-1971" />
    <tag k="building" v="yes" />
    <tag k="source" v="HiRes aerial imagery" />
  </way>
  <way id="-1000000341" visible="true">
    <nd ref="-1975" />
    <nd ref="-1976" />
    <nd ref="-1977" />
    <nd ref="-1978" />
    <nd ref="-1979" />
    <nd ref="-1980" />
    <nd ref="-1975" />
    <tag k="building" v="yes" />
    <tag k="source" v="HiRes aerial imagery" />
  </way>
  <way id="-1000000342" visible="true">
    <nd ref="-1491" />
    <nd ref="-1490" />
    <nd ref="-1489" />
    <nd ref="-1981" />
    <nd ref="-1982" />
    <nd ref="-1983" />
    <nd ref="-1984" />
    <nd ref="-1985" />
    <nd ref="-1986" />
    <nd ref="-1987" />
    <nd ref="-1988" />
    <nd ref="-1491" />
    <tag k="building" v="yes" />
    <tag k="source" v="HiRes aerial imagery" />
  </way>
  <way id="-1000000343" visible="true">
    <nd ref="-1989" />
    <nd ref="-1990" />
    <nd ref="-1991" />
    <nd ref="-1992" />
    <nd ref="-1989" />
    <tag k="addr:city" v="Ingolstadt" />
    <tag k="addr:country" v="DE" />
    <tag k="addr:housename" v="Studentenwohnheim Beckerstraße" />
    <tag k="addr:housenumber" v="15" />
    <tag k="addr:postcode" v="85049" />
    <tag k="addr:street" v="Beckerstraße" />
    <tag k="building" v="yes" />
    <tag k="name" v="Studentenwohnheim Beckerstraße" />
    <tag k="source" v="HiRes aerial imagery" />
  </way>
  <way id="-1000000344" visible="true">
    <nd ref="-1993" />
    <nd ref="-1994" />
    <nd ref="-1995" />
    <nd ref="-1996" />
    <nd ref="-1993" />
    <tag k="addr:city" v="Ingolstadt" />
    <tag k="addr:country" v="DE" />
    <tag k="addr:housenumber" v="32" />
    <tag k="addr:postcode" v="85049" />
    <tag k="addr:street" v="Unterer Graben" />
    <tag k="building" v="yes" />
    <tag k="source" v="HiRes aerial imagery" />
  </way>
  <way id="-1000000345" visible="true">
    <nd ref="-1997" />
    <nd ref="-1998" />
    <nd ref="-1999" />
    <nd ref="-2000" />
    <nd ref="-1997" />
    <tag k="addr:city" v="Ingolstadt" />
    <tag k="addr:country" v="DE" />
    <tag k="addr:housename" v="Studentenwohnheim Beckerstraße" />
    <tag k="addr:housenumber" v="17" />
    <tag k="addr:postcode" v="85049" />
    <tag k="addr:street" v="Beckerstraße" />
    <tag k="building" v="apartments" />
    <tag k="name" v="Studentenwohnheim Beckerstraße" />
    <tag k="source" v="HiRes aerial imagery" />
  </way>
  <way id="-1000000346" visible="true">
    <nd ref="-2001" />
    <nd ref="-2002" />
    <nd ref="-1993" />
    <nd ref="-1996" />
    <nd ref="-2003" />
    <nd ref="-2001" />
    <tag k="addr:city" v="Ingolstadt" />
    <tag k="addr:country" v="DE" />
    <tag k="addr:housenumber" v="34" />
    <tag k="addr:postcode" v="85049" />
    <tag k="addr:street" v="Unterer Graben" />
    <tag k="building" v="yes" />
    <tag k="source" v="HiRes aerial imagery" />
  </way>
  <way id="-1000000347" visible="true">
    <nd ref="-1940" />
    <nd ref="-1936" />
    <nd ref="-2004" />
    <nd ref="-2005" />
    <nd ref="-2006" />
    <nd ref="-2007" />
    <nd ref="-2008" />
    <nd ref="-2009" />
    <nd ref="-2010" />
    <nd ref="-2011" />
    <nd ref="-2012" />
    <nd ref="-1940" />
    <tag k="addr:city" v="Ingolstadt" />
    <tag k="addr:country" v="DE" />
    <tag k="addr:housenumber" v="27" />
    <tag k="addr:postcode" v="85049" />
    <tag k="addr:street" v="Beckerstraße" />
    <tag k="building" v="yes" />
    <tag k="source" v="HiRes aerial imagery" />
  </way>
  <way id="-1000000348" visible="true">
    <nd ref="-1514" />
    <nd ref="-2013" />
    <nd ref="-2014" />
    <nd ref="-1515" />
    <nd ref="-1514" />
    <tag k="building" v="yes" />
    <tag k="source" v="HiRes aerial imagery" />
  </way>
  <way id="-1000000349" visible="true">
    <nd ref="-2015" />
    <nd ref="-2016" />
    <nd ref="-1963" />
    <nd ref="-1962" />
    <nd ref="-2017" />
    <nd ref="-2018" />
    <nd ref="-2015" />
    <tag k="addr:city" v="Ingolstadt" />
    <tag k="addr:country" v="DE" />
    <tag k="addr:housenumber" v="9" />
    <tag k="addr:postcode" v="85049" />
    <tag k="addr:street" v="Beckerstraße" />
    <tag k="building" v="apartments" />
    <tag k="source" v="HiRes aerial imagery" />
  </way>
  <way id="-1000000350" visible="true">
    <nd ref="-2019" />
    <nd ref="-2020" />
    <nd ref="-2021" />
    <nd ref="-2022" />
    <nd ref="-2023" />
    <nd ref="-2024" />
    <nd ref="-2019" />
    <tag k="building" v="yes" />
    <tag k="source" v="HiRes aerial imagery" />
  </way>
  <way id="-1000000351" visible="true">
    <nd ref="-2025" />
    <nd ref="-2026" />
    <nd ref="-2027" />
    <nd ref="-2028" />
    <nd ref="-2029" />
    <nd ref="-1993" />
    <nd ref="-2002" />
    <nd ref="-2030" />
    <nd ref="-2031" />
    <nd ref="-2025" />
    <tag k="building" v="yes" />
    <tag k="source" v="HiRes aerial imagery" />
  </way>
  <way id="-1000000352" visible="true">
    <nd ref="-2032" />
    <nd ref="-2033" />
    <nd ref="-2034" />
    <nd ref="-2035" />
    <nd ref="-2036" />
    <nd ref="-2032" />
    <tag k="building" v="yes" />
    <tag k="source" v="HiRes aerial imagery" />
  </way>
  <way id="-1000000353" visible="true">
    <nd ref="-2037" />
    <nd ref="-2008" />
    <nd ref="-2009" />
    <nd ref="-2038" />
    <nd ref="-2012" />
    <nd ref="-1940" />
    <nd ref="-1939" />
    <nd ref="-2039" />
    <nd ref="-2040" />
    <nd ref="-2041" />
    <nd ref="-2042" />
    <nd ref="-2043" />
    <nd ref="-2044" />
    <nd ref="-2037" />
    <tag k="addr:city" v="Ingolstadt" />
    <tag k="addr:country" v="DE" />
    <tag k="addr:housenumber" v="25" />
    <tag k="addr:postcode" v="85049" />
    <tag k="addr:street" v="Beckerstraße" />
    <tag k="building" v="yes" />
    <tag k="source" v="HiRes aerial imagery" />
  </way>
  <way id="-1000000354" visible="true">
    <nd ref="-1982" />
    <nd ref="-2045" />
    <nd ref="-2046" />
    <nd ref="-2047" />
    <nd ref="-1984" />
    <nd ref="-1983" />
    <nd ref="-1982" />
    <tag k="building" v="yes" />
    <tag k="source" v="HiRes aerial imagery" />
  </way>
  <way id="-1000000355" visible="true">
    <nd ref="-1994" />
    <nd ref="-2048" />
    <nd ref="-2049" />
    <nd ref="-1995" />
    <nd ref="-1994" />
    <tag k="addr:city" v="Ingolstadt" />
    <tag k="addr:country" v="DE" />
    <tag k="addr:housenumber" v="32" />
    <tag k="addr:postcode" v="85049" />
    <tag k="addr:street" v="Unterer Graben" />
    <tag k="building" v="yes" />
    <tag k="source" v="HiRes aerial imagery" />
  </way>
  <way id="-1000000356" visible="true">
    <nd ref="-2050" />
    <nd ref="-2051" />
    <nd ref="-2052" />
    <nd ref="-2053" />
    <nd ref="-2054" />
    <nd ref="-2055" />
    <nd ref="-2050" />
    <tag k="building" v="yes" />
    <tag k="source" v="HiRes aerial imagery" />
  </way>
  <way id="-1000000357" visible="true">
    <nd ref="-1929" />
    <nd ref="-2056" />
    <nd ref="-1155" />
    <nd ref="-1154" />
    <nd ref="-2057" />
    <nd ref="-1930" />
    <nd ref="-1929" />
    <tag k="building" v="yes" />
  </way>
  <way id="-1000000358" visible="true">
    <nd ref="-2058" />
    <nd ref="-1931" />
    <nd ref="-1935" />
    <nd ref="-2036" />
    <nd ref="-2035" />
    <nd ref="-2058" />
    <tag k="building" v="yes" />
    <tag k="source" v="HiRes aerial imagery" />
  </way>
  <way id="-1000000359" visible="true">
    <nd ref="-1991" />
    <nd ref="-2037" />
    <nd ref="-2044" />
    <nd ref="-2043" />
    <nd ref="-2042" />
    <nd ref="-2059" />
    <nd ref="-2026" />
    <nd ref="-2060" />
    <nd ref="-2061" />
    <nd ref="-2062" />
    <nd ref="-1992" />
    <nd ref="-1991" />
    <tag k="addr:city" v="Ingolstadt" />
    <tag k="addr:country" v="DE" />
    <tag k="addr:housenumber" v="19" />
    <tag k="addr:postcode" v="85049" />
    <tag k="addr:street" v="Beckerstraße" />
    <tag k="building" v="yes" />
    <tag k="source" v="HiRes aerial imagery" />
  </way>
  <way id="-1000000360" visible="true">
    <nd ref="-1978" />
    <nd ref="-2063" />
    <nd ref="-2064" />
    <nd ref="-2065" />
    <nd ref="-2066" />
    <nd ref="-2067" />
    <nd ref="-2068" />
    <nd ref="-1979" />
    <nd ref="-1978" />
    <tag k="building" v="yes" />
    <tag k="source" v="HiRes aerial imagery" />
  </way>
  <way id="-1000000361" visible="true">
    <nd ref="-1955" />
    <nd ref="-2069" />
    <nd ref="-2070" />
    <nd ref="-2071" />
    <nd ref="-2072" />
    <nd ref="-2073" />
    <nd ref="-2074" />
    <nd ref="-1949" />
    <nd ref="-1955" />
    <tag k="building" v="yes" />
    <tag k="source" v="HiRes aerial imagery" />
  </way>
  <way id="-1000000362" visible="true">
    <nd ref="-2053" />
    <nd ref="-2016" />
    <nd ref="-1963" />
    <nd ref="-1956" />
    <nd ref="-2054" />
    <nd ref="-2053" />
    <tag k="building" v="apartments" />
    <tag k="source" v="HiRes aerial imagery" />
  </way>
  <way id="-1000000363" visible="true">
    <nd ref="-2075" />
    <nd ref="-2076" />
    <nd ref="-2077" />
    <nd ref="-1923" />
    <nd ref="-1920" />
    <nd ref="-2078" />
    <nd ref="-2079" />
    <nd ref="-2075" />
    <tag k="building" v="yes" />
    <tag k="source" v="HiRes aerial imagery" />
  </way>
  <way id="-1000000364" visible="true">
    <nd ref="-1262" />
    <nd ref="-2080" />
    <nd ref="-2081" />
    <nd ref="-2057" />
    <nd ref="-1930" />
    <nd ref="-1261" />
    <nd ref="-1262" />
    <tag k="building" v="yes" />
  </way>
  <way id="-1000000365" visible="true">
    <nd ref="-2082" />
    <nd ref="-2083" />
    <nd ref="-2084" />
    <nd ref="-2085" />
    <nd ref="-2086" />
    <nd ref="-2078" />
    <nd ref="-2079" />
    <nd ref="-2087" />
    <nd ref="-2088" />
    <nd ref="-2082" />
    <tag k="building" v="yes" />
    <tag k="source" v="HiRes aerial imagery" />
  </way>
  <way id="-1000000366" visible="true">
    <nd ref="-2048" />
    <nd ref="-2089" />
    <nd ref="-2090" />
    <nd ref="-2091" />
    <nd ref="-1947" />
    <nd ref="-1948" />
    <nd ref="-1941" />
    <nd ref="-2049" />
    <nd ref="-2048" />
    <tag k="addr:city" v="Ingolstadt" />
    <tag k="addr:country" v="DE" />
    <tag k="addr:housenumber" v="28" />
    <tag k="addr:postcode" v="85049" />
    <tag k="addr:street" v="Unterer Graben" />
    <tag k="building" v="yes" />
    <tag k="source" v="HiRes aerial imagery" />
  </way>
  <way id="-1000000367" visible="true">
    <nd ref="-1501" />
    <nd ref="-1846" />
    <nd ref="-2092" />
    <nd ref="-2093" />
    <nd ref="-1981" />
    <nd ref="-1489" />
    <nd ref="-1488" />
    <nd ref="-1501" />
    <tag k="building" v="yes" />
    <tag k="source" v="HiRes aerial imagery" />
  </way>
  <way id="-1000000368" visible="true">
    <nd ref="-1965" />
    <nd ref="-2019" />
    <nd ref="-2024" />
    <nd ref="-2094" />
    <nd ref="-2095" />
    <nd ref="-2096" />
    <nd ref="-1966" />
    <nd ref="-1965" />
    <tag k="building" v="yes" />
    <tag k="source" v="HiRes aerial imagery" />
  </way>
  <way id="-1000000369" visible="true">
    <nd ref="-1464" />
    <nd ref="-2058" />
    <nd ref="-2035" />
    <nd ref="-2034" />
    <nd ref="-2014" />
    <nd ref="-1515" />
    <nd ref="-1465" />
    <nd ref="-1464" />
    <tag k="building" v="yes" />
    <tag k="source" v="HiRes aerial imagery" />
  </way>
  <way id="-1000000370" visible="true">
    <nd ref="-2097" />
    <nd ref="-2098" />
    <nd ref="-1990" />
    <nd ref="-1989" />
    <nd ref="-2097" />
    <tag k="addr:city" v="Ingolstadt" />
    <tag k="addr:country" v="DE" />
    <tag k="addr:housenumber" v="13" />
    <tag k="addr:postcode" v="85049" />
    <tag k="addr:street" v="Beckerstraße" />
    <tag k="building" v="yes" />
    <tag k="source" v="HiRes aerial imagery" />
  </way>
  <way id="-1000000371" visible="true">
    <nd ref="-2099" />
    <nd ref="-2100" />
    <nd ref="-2101" />
    <nd ref="-2102" />
    <nd ref="-2103" />
    <nd ref="-2104" />
    <nd ref="-760" />
    <nd ref="-761" />
    <nd ref="-2099" />
    <tag k="addr:city" v="Ingolstadt" />
    <tag k="addr:country" v="DE" />
    <tag k="addr:housenumber" v="1" />
    <tag k="addr:postcode" v="85049" />
    <tag k="addr:street" v="Große Rosengasse" />
    <tag k="amenity" v="school" />
    <tag k="building" v="yes" />
    <tag k="name" v="Berufsfachschule" />
    <tag k="source" v="HiRes aerial imagery" />
  </way>
  <way id="-1000000372" visible="true">
    <nd ref="-2105" />
    <nd ref="-2106" />
    <nd ref="-2107" />
    <nd ref="-2029" />
    <nd ref="-2105" />
    <tag k="building" v="yes" />
    <tag k="source" v="HiRes aerial imagery" />
  </way>
  <way id="-1000000373" visible="true">
    <nd ref="-1933" />
    <nd ref="-1949" />
    <nd ref="-2074" />
    <nd ref="-1932" />
    <nd ref="-1933" />
    <tag k="building" v="yes" />
    <tag k="source" v="HiRes aerial imagery" />
  </way>
  <way id="-1000000374" visible="true">
    <nd ref="-1944" />
    <nd ref="-1964" />
    <nd ref="-1970" />
    <nd ref="-2108" />
    <nd ref="-2109" />
    <nd ref="-1945" />
    <nd ref="-1944" />
    <tag k="building" v="yes" />
    <tag k="source" v="HiRes aerial imagery" />
  </way>
  <way id="-1000000375" visible="true">
    <nd ref="-1953" />
    <nd ref="-2110" />
    <nd ref="-2111" />
    <nd ref="-2112" />
    <nd ref="-2071" />
    <nd ref="-2072" />
    <nd ref="-2113" />
    <nd ref="-2114" />
    <nd ref="-1952" />
    <nd ref="-1953" />
    <tag k="building" v="yes" />
    <tag k="source" v="HiRes aerial imagery" />
  </way>
  <way id="-1000000376" visible="true">
    <nd ref="-2020" />
    <nd ref="-2115" />
    <nd ref="-2116" />
    <nd ref="-2117" />
    <nd ref="-2118" />
    <nd ref="-2021" />
    <nd ref="-2020" />
    <tag k="building" v="yes" />
    <tag k="source" v="HiRes aerial imagery" />
  </way>
  <way id="-1000000377" visible="true">
    <nd ref="-1962" />
    <nd ref="-1961" />
    <nd ref="-2097" />
    <nd ref="-2098" />
    <nd ref="-2017" />
    <nd ref="-1962" />
    <tag k="building" v="yes" />
    <tag k="source" v="HiRes aerial imagery" />
  </way>
  <way id="-1000000378" visible="true">
    <nd ref="-1155" />
    <nd ref="-2056" />
    <nd ref="-2119" />
    <nd ref="-2120" />
    <nd ref="-1156" />
    <nd ref="-1155" />
    <tag k="building" v="house" />
  </way>
  <way id="-1000000379" visible="true">
    <nd ref="-2092" />
    <nd ref="-2121" />
    <nd ref="-1924" />
    <nd ref="-1927" />
    <nd ref="-2122" />
    <nd ref="-2123" />
    <nd ref="-2092" />
    <tag k="addr:city" v="Ingolstadt" />
    <tag k="addr:country" v="DE" />
    <tag k="addr:housenumber" v="8" />
    <tag k="addr:postcode" v="85049" />
    <tag k="addr:street" v="Georg-Oberhäußer-Straße" />
    <tag k="amenity" v="cafe" />
    <tag k="building" v="yes" />
    <tag k="cuisine" v="italian" />
    <tag k="name" v="L'Angelo" />
    <tag k="source" v="HiRes aerial imagery" />
  </way>
  <way id="-1000000380" visible="true">
    <nd ref="-1951" />
    <nd ref="-2032" />
    <nd ref="-2036" />
    <nd ref="-1935" />
    <nd ref="-1934" />
    <nd ref="-2124" />
    <nd ref="-2125" />
    <nd ref="-2126" />
    <nd ref="-1950" />
    <nd ref="-1951" />
    <tag k="building" v="yes" />
    <tag k="source" v="HiRes aerial imagery" />
  </way>
  <way id="-1000000381" visible="true">
    <nd ref="-2102" />
    <nd ref="-2101" />
    <nd ref="-2127" />
    <nd ref="-2068" />
    <nd ref="-2067" />
    <nd ref="-2128" />
    <nd ref="-2129" />
    <nd ref="-2130" />
    <nd ref="-2102" />
    <tag k="building" v="yes" />
    <tag k="source" v="HiRes aerial imagery" />
  </way>
  <way id="-1000000382" visible="true">
    <nd ref="-2131" />
    <nd ref="-2132" />
    <nd ref="-2133" />
    <nd ref="-2134" />
    <nd ref="-626" />
    <nd ref="-625" />
    <nd ref="-645" />
    <nd ref="-644" />
    <nd ref="-643" />
    <nd ref="-2135" />
    <nd ref="-2136" />
    <nd ref="-2137" />
    <nd ref="-2131" />
    <tag k="building" v="yes" />
    <tag k="source" v="HiRes aerial imagery" />
  </way>
  <way id="-1000000383" visible="true">
    <nd ref="-2138" />
    <nd ref="-2139" />
    <nd ref="-2140" />
    <nd ref="-2141" />
    <nd ref="-2142" />
    <nd ref="-2138" />
    <tag k="building" v="yes" />
    <tag k="source" v="HiRes aerial imagery" />
  </way>
  <way id="-1000000384" visible="true">
    <nd ref="-2143" />
    <nd ref="-2144" />
    <nd ref="-2131" />
    <nd ref="-2137" />
    <nd ref="-2143" />
    <tag k="building" v="yes" />
    <tag k="source" v="HiRes aerial imagery" />
  </way>
  <way id="-1000000385" visible="true">
    <nd ref="-2145" />
    <nd ref="-2146" />
    <nd ref="-2147" />
    <nd ref="-2148" />
    <nd ref="-2145" />
    <tag k="building" v="apartments" />
    <tag k="source" v="HiRes aerial imagery" />
  </way>
  <way id="-1000000386" visible="true">
    <nd ref="-617" />
    <nd ref="-2149" />
    <nd ref="-2150" />
    <nd ref="-616" />
    <nd ref="-617" />
    <tag k="addr:city" v="Ingolstadt" />
    <tag k="addr:country" v="DE" />
    <tag k="addr:housenumber" v="17" />
    <tag k="addr:postcode" v="85049" />
    <tag k="addr:street" v="Theresienstraße" />
    <tag k="building" v="yes" />
    <tag k="source" v="HiRes aerial imagery" />
  </way>
  <way id="-1000000387" visible="true">
    <nd ref="-2151" />
    <nd ref="-2152" />
    <nd ref="-2153" />
    <nd ref="-2154" />
    <nd ref="-2151" />
    <tag k="building" v="yes" />
    <tag k="source" v="HiRes aerial imagery" />
  </way>
  <way id="-1000000388" visible="true">
    <nd ref="-2146" />
    <nd ref="-2155" />
    <nd ref="-2156" />
    <nd ref="-2147" />
    <nd ref="-2146" />
    <tag k="building" v="apartments" />
    <tag k="source" v="HiRes aerial imagery" />
  </way>
  <way id="-1000000389" visible="true">
    <nd ref="-2150" />
    <nd ref="-2149" />
    <nd ref="-620" />
    <nd ref="-621" />
    <nd ref="-2157" />
    <nd ref="-2150" />
    <tag k="addr:city" v="Ingolstadt" />
    <tag k="addr:country" v="DE" />
    <tag k="addr:housenumber" v="19" />
    <tag k="addr:postcode" v="85049" />
    <tag k="addr:street" v="Theresienstraße" />
    <tag k="building" v="yes" />
    <tag k="source" v="HiRes aerial imagery" />
  </way>
  <way id="-1000000390" visible="true">
    <nd ref="-2158" />
    <nd ref="-2159" />
    <nd ref="-2160" />
    <nd ref="-2161" />
    <nd ref="-2162" />
    <nd ref="-2163" />
    <nd ref="-2158" />
    <tag k="building" v="apartments" />
    <tag k="source" v="HiRes aerial imagery" />
  </way>
  <way id="-1000000391" visible="true">
    <nd ref="-967" />
    <nd ref="-2158" />
    <nd ref="-2163" />
    <nd ref="-2164" />
    <nd ref="-968" />
    <nd ref="-967" />
    <tag k="building" v="yes" />
    <tag k="source" v="HiRes aerial imagery" />
  </way>
  <way id="-1000000392" visible="true">
    <nd ref="-2155" />
    <nd ref="-2165" />
    <nd ref="-2166" />
    <nd ref="-2167" />
    <nd ref="-2156" />
    <nd ref="-2155" />
    <tag k="building" v="apartments" />
    <tag k="source" v="HiRes aerial imagery" />
  </way>
  <way id="-1000000393" visible="true">
    <nd ref="-2161" />
    <nd ref="-2145" />
    <nd ref="-2148" />
    <nd ref="-2168" />
    <nd ref="-2169" />
    <nd ref="-2162" />
    <nd ref="-2161" />
    <tag k="building" v="apartments" />
    <tag k="source" v="HiRes aerial imagery" />
  </way>
  <way id="-1000000394" visible="true">
    <nd ref="-2138" />
    <nd ref="-2151" />
    <nd ref="-2154" />
    <nd ref="-2170" />
    <nd ref="-2171" />
    <nd ref="-2139" />
    <nd ref="-2138" />
    <tag k="building" v="yes" />
    <tag k="source" v="HiRes aerial imagery" />
  </way>
  <way id="-1000000395" visible="true">
    <nd ref="-2152" />
    <nd ref="-2172" />
    <nd ref="-2173" />
    <nd ref="-2174" />
    <nd ref="-2175" />
    <nd ref="-2176" />
    <nd ref="-2153" />
    <nd ref="-2152" />
    <tag k="building" v="yes" />
    <tag k="source" v="HiRes aerial imagery" />
  </way>
  <way id="-1000000396" visible="true">
    <nd ref="-145" />
    <nd ref="-2177" />
    <nd ref="-166" />
    <nd ref="-167" />
    <nd ref="-168" />
    <nd ref="-144" />
    <nd ref="-145" />
    <tag k="building" v="yes" />
    <tag k="source" v="HiRes aerial imagery" />
  </way>
  <way id="-1000000397" visible="true">
    <nd ref="-2178" />
    <nd ref="-153" />
    <nd ref="-154" />
    <nd ref="-140" />
    <nd ref="-2179" />
    <nd ref="-2180" />
    <nd ref="-2181" />
    <nd ref="-2178" />
    <tag k="building" v="yes" />
    <tag k="source" v="HiRes aerial imagery" />
  </way>
  <way id="-1000000398" visible="true">
    <nd ref="-842" />
    <nd ref="-162" />
    <nd ref="-163" />
    <nd ref="-164" />
    <nd ref="-2182" />
    <nd ref="-842" />
    <tag k="building" v="yes" />
    <tag k="source" v="HiRes aerial imagery" />
  </way>
  <way id="-1000000399" visible="true">
    <nd ref="-2183" />
    <nd ref="-2184" />
    <nd ref="-2185" />
    <nd ref="-156" />
    <nd ref="-157" />
    <nd ref="-158" />
    <nd ref="-2186" />
    <nd ref="-2183" />
    <tag k="building" v="yes" />
    <tag k="source" v="HiRes aerial imagery" />
  </way>
  <way id="-1000000400" visible="true">
    <nd ref="-2187" />
    <nd ref="-2188" />
    <nd ref="-2189" />
    <nd ref="-2190" />
    <nd ref="-2191" />
    <nd ref="-2187" />
    <tag k="building" v="yes" />
  </way>
  <way id="-1000000401" visible="true">
    <nd ref="-2192" />
    <nd ref="-2193" />
    <nd ref="-2194" />
    <nd ref="-2195" />
    <nd ref="-2196" />
    <nd ref="-2197" />
    <nd ref="-2198" />
    <nd ref="-2199" />
    <nd ref="-2200" />
    <nd ref="-2201" />
    <nd ref="-2192" />
    <tag k="building" v="apartments" />
    <tag k="source" v="HiRes aerial imagery" />
  </way>
  <way id="-1000000402" visible="true">
    <nd ref="-374" />
    <nd ref="-373" />
    <nd ref="-2202" />
    <nd ref="-2203" />
    <nd ref="-2204" />
    <nd ref="-2205" />
    <nd ref="-2206" />
    <nd ref="-2207" />
    <nd ref="-2208" />
    <nd ref="-2209" />
    <nd ref="-2210" />
    <nd ref="-2211" />
    <nd ref="-2212" />
    <nd ref="-2213" />
    <nd ref="-374" />
    <tag k="building" v="hospital" />
    <tag k="source" v="HiRes aerial imagery" />
  </way>
  <way id="-1000000403" visible="true">
    <nd ref="-2214" />
    <nd ref="-2215" />
    <nd ref="-2216" />
    <nd ref="-2217" />
    <nd ref="-2218" />
    <nd ref="-2214" />
    <tag k="building" v="detached" />
    <tag k="building:levels" v="2" />
    <tag k="roof:levels" v="1" />
    <tag k="source" v="HiRes aerial imagery" />
  </way>
  <way id="-1000000404" visible="true">
    <nd ref="-1819" />
    <nd ref="-1557" />
    <nd ref="-1558" />
    <nd ref="-1818" />
    <nd ref="-1819" />
    <tag k="building" v="garages" />
  </way>
  <way id="-1000000405" visible="true">
    <nd ref="-2219" />
    <nd ref="-2220" />
    <nd ref="-2221" />
    <nd ref="-2222" />
    <nd ref="-2219" />
    <tag k="addr:city" v="Ingolstadt" />
    <tag k="addr:country" v="DE" />
    <tag k="addr:housenumber" v="19a" />
    <tag k="addr:postcode" v="85049" />
    <tag k="addr:street" v="Esplanade" />
    <tag k="building" v="yes" />
    <tag k="source" v="HiRes aerial imagery" />
  </way>
  <way id="-1000000406" visible="true">
    <nd ref="-2223" />
    <nd ref="-2224" />
    <nd ref="-2225" />
    <nd ref="-2226" />
    <nd ref="-2223" />
    <tag k="addr:city" v="Ingolstadt" />
    <tag k="addr:country" v="DE" />
    <tag k="addr:housenumber" v="19b" />
    <tag k="addr:postcode" v="85049" />
    <tag k="addr:street" v="Esplanade" />
    <tag k="building" v="yes" />
    <tag k="source" v="HiRes aerial imagery" />
  </way>
  <way id="-1000000407" visible="true">
    <nd ref="-2227" />
    <nd ref="-2228" />
    <nd ref="-2229" />
    <nd ref="-2230" />
    <nd ref="-2227" />
    <tag k="addr:city" v="Ingolstadt" />
    <tag k="addr:country" v="DE" />
    <tag k="addr:housenumber" v="19c" />
    <tag k="addr:postcode" v="85049" />
    <tag k="addr:street" v="Esplanade" />
    <tag k="building" v="yes" />
    <tag k="source" v="HiRes aerial imagery" />
  </way>
  <way id="-1000000408" visible="true">
    <nd ref="-2231" />
    <nd ref="-2232" />
    <nd ref="-2233" />
    <nd ref="-2234" />
    <nd ref="-2235" />
    <nd ref="-2236" />
    <nd ref="-2231" />
    <tag k="building" v="house" />
    <tag k="source" v="HiRes aerial imagery" />
  </way>
  <way id="-1000000409" visible="true">
    <nd ref="-2237" />
    <nd ref="-2238" />
    <nd ref="-2239" />
    <nd ref="-2240" />
    <nd ref="-2241" />
    <nd ref="-2237" />
    <tag k="building" v="house" />
    <tag k="source" v="HiRes aerial imagery" />
  </way>
  <way id="-1000000410" visible="true">
    <nd ref="-2242" />
    <nd ref="-2231" />
    <nd ref="-2236" />
    <nd ref="-2237" />
    <nd ref="-2241" />
    <nd ref="-2243" />
    <nd ref="-2242" />
    <tag k="building" v="house" />
    <tag k="source" v="HiRes aerial imagery" />
  </way>
  <way id="-1000000411" visible="true">
    <nd ref="-2244" />
    <nd ref="-2245" />
    <nd ref="-2246" />
    <nd ref="-2247" />
    <nd ref="-2248" />
    <nd ref="-2249" />
    <nd ref="-2244" />
    <tag k="addr:city" v="Ingolstadt" />
    <tag k="addr:country" v="DE" />
    <tag k="addr:housenumber" v="40" />
    <tag k="addr:postcode" v="85049" />
    <tag k="addr:street" v="Ludwigstraße" />
    <tag k="building" v="house" />
    <tag k="building:levels" v="4" />
    <tag k="roof:levels" v="2" />
    <tag k="roof:shape" v="gabled" />
    <tag k="source" v="HiRes aerial imagery" />
  </way>
  <way id="-1000000412" visible="true">
    <nd ref="-2231" />
    <nd ref="-2242" />
    <nd ref="-2250" />
    <nd ref="-2247" />
    <nd ref="-2246" />
    <nd ref="-2232" />
    <nd ref="-2231" />
    <tag k="building" v="house" />
    <tag k="source" v="HiRes aerial imagery" />
  </way>
  <way id="-1000000413" visible="true">
    <nd ref="-2251" />
    <nd ref="-2252" />
    <nd ref="-2235" />
    <nd ref="-2234" />
    <nd ref="-2233" />
    <nd ref="-2232" />
    <nd ref="-2251" />
    <tag k="addr:city" v="Ingolstadt" />
    <tag k="addr:country" v="DE" />
    <tag k="addr:housenumber" v="1" />
    <tag k="addr:postcode" v="85049" />
    <tag k="addr:street" v="Paradeplatz" />
    <tag k="building" v="house" />
    <tag k="source" v="HiRes aerial imagery" />
  </way>
  <way id="-1000000414" visible="true">
    <nd ref="-2253" />
    <nd ref="-2251" />
    <nd ref="-2232" />
    <nd ref="-2246" />
    <nd ref="-2254" />
    <nd ref="-2255" />
    <nd ref="-2253" />
    <tag k="addr:city" v="Ingolstadt" />
    <tag k="addr:country" v="DE" />
    <tag k="addr:housenumber" v="3" />
    <tag k="addr:postcode" v="85049" />
    <tag k="addr:street" v="Paradeplatz" />
    <tag k="building" v="house" />
    <tag k="source" v="HiRes aerial imagery" />
  </way>
  <way id="-1000000415" visible="true">
    <nd ref="-2249" />
    <nd ref="-2248" />
    <nd ref="-2256" />
    <nd ref="-2240" />
    <nd ref="-2239" />
    <nd ref="-2257" />
    <nd ref="-2249" />
    <tag k="addr:city" v="Ingolstadt" />
    <tag k="addr:country" v="DE" />
    <tag k="addr:housenumber" v="38" />
    <tag k="addr:postcode" v="85049" />
    <tag k="addr:street" v="Ludwigstraße" />
    <tag k="building" v="house" />
    <tag k="building:levels" v="2" />
    <tag k="roof:levels" v="2" />
    <tag k="source" v="HiRes aerial imagery" />
  </way>
  <way id="-1000000416" visible="true">
    <nd ref="-2244" />
    <nd ref="-2258" />
    <nd ref="-2259" />
    <nd ref="-2255" />
    <nd ref="-2254" />
    <nd ref="-2260" />
    <nd ref="-2245" />
    <nd ref="-2244" />
    <tag k="addr:city" v="Ingolstadt" />
    <tag k="addr:country" v="DE" />
    <tag k="addr:housenumber" v="5" />
    <tag k="addr:postcode" v="85049" />
    <tag k="addr:street" v="Paradeplatz" />
    <tag k="building" v="house" />
    <tag k="building:levels" v="4" />
    <tag k="roof:levels" v="2" />
    <tag k="roof:shape" v="gabled" />
    <tag k="source" v="HiRes aerial imagery" />
  </way>
  <way id="-1000000417" visible="true">
    <nd ref="-2261" />
    <nd ref="-2262" />
    <nd ref="-2263" />
    <nd ref="-2264" />
    <nd ref="-2261" />
    <tag k="building" v="yes" />
    <tag k="source" v="HiRes aerial imagery" />
  </way>
  <way id="-1000000418" visible="true">
    <nd ref="-697" />
    <nd ref="-2265" />
    <nd ref="-2266" />
    <nd ref="-729" />
    <nd ref="-698" />
    <nd ref="-697" />
    <tag k="addr:city" v="Ingolstadt" />
    <tag k="addr:country" v="DE" />
    <tag k="addr:housenumber" v="11 1/2" />
    <tag k="addr:postcode" v="85049" />
    <tag k="addr:street" v="Ludwigstraße" />
    <tag k="building" v="yes" />
    <tag k="source" v="HiRes aerial imagery" />
  </way>
  <way id="-1000000419" visible="true">
    <nd ref="-709" />
    <nd ref="-2267" />
    <nd ref="-2268" />
    <nd ref="-706" />
    <nd ref="-709" />
    <tag k="building" v="yes" />
    <tag k="source" v="HiRes aerial imagery" />
  </way>
  <way id="-1000000420" visible="true">
    <nd ref="-662" />
    <nd ref="-664" />
    <nd ref="-672" />
    <nd ref="-661" />
    <nd ref="-662" />
    <tag k="building" v="yes" />
  </way>
  <way id="-1000000421" visible="true">
    <nd ref="-726" />
    <nd ref="-725" />
    <nd ref="-2266" />
    <nd ref="-2269" />
    <nd ref="-726" />
    <tag k="addr:city" v="Ingolstadt" />
    <tag k="addr:country" v="DE" />
    <tag k="addr:housenumber" v="11 1/3" />
    <tag k="addr:postcode" v="85049" />
    <tag k="addr:street" v="Ludwigstraße" />
    <tag k="building" v="yes" />
    <tag k="source" v="HiRes aerial imagery" />
  </way>
  <way id="-1000000422" visible="true">
    <nd ref="-2268" />
    <nd ref="-2263" />
    <nd ref="-2264" />
    <nd ref="-2270" />
    <nd ref="-2267" />
    <nd ref="-2268" />
    <tag k="building" v="yes" />
    <tag k="source" v="HiRes aerial imagery" />
  </way>
  <way id="-1000000423" visible="true">
    <nd ref="-2261" />
    <nd ref="-2271" />
    <nd ref="-2272" />
    <nd ref="-2270" />
    <nd ref="-2264" />
    <nd ref="-2261" />
    <tag k="building" v="yes" />
    <tag k="source" v="HiRes aerial imagery" />
  </way>
  <way id="-1000000424" visible="true">
    <nd ref="-1985" />
    <nd ref="-2273" />
    <nd ref="-2274" />
    <nd ref="-2275" />
    <nd ref="-2276" />
    <nd ref="-2277" />
    <nd ref="-1986" />
    <nd ref="-1985" />
    <tag k="building" v="yes" />
    <tag k="source" v="HiRes aerial imagery" />
  </way>
  <way id="-1000000425" visible="true">
    <nd ref="-2278" />
    <nd ref="-2279" />
    <nd ref="-2280" />
    <nd ref="-2281" />
    <nd ref="-2282" />
    <nd ref="-2283" />
    <nd ref="-2284" />
    <nd ref="-2278" />
    <tag k="addr:city" v="Ingolstadt" />
    <tag k="addr:country" v="DE" />
    <tag k="addr:housenumber" v="2" />
    <tag k="addr:postcode" v="85049" />
    <tag k="addr:street" v="Ziegelbräustraße" />
    <tag k="building" v="yes" />
    <tag k="source" v="HiRes aerial imagery" />
  </way>
  <way id="-1000000426" visible="true">
    <nd ref="-2285" />
    <nd ref="-2286" />
    <nd ref="-2287" />
    <nd ref="-2288" />
    <nd ref="-2289" />
    <nd ref="-2290" />
    <nd ref="-2291" />
    <nd ref="-2285" />
    <tag k="addr:city" v="Ingolstadt" />
    <tag k="addr:country" v="DE" />
    <tag k="addr:housenumber" v="23" />
    <tag k="addr:postcode" v="85049" />
    <tag k="addr:street" v="Ludwigstraße" />
    <tag k="building" v="yes" />
    <tag k="source" v="HiRes aerial imagery" />
  </way>
  <way id="-1000000427" visible="true">
    <nd ref="-1886" />
    <nd ref="-2279" />
    <nd ref="-2280" />
    <nd ref="-2292" />
    <nd ref="-2293" />
    <nd ref="-2294" />
    <nd ref="-2295" />
    <nd ref="-1885" />
    <nd ref="-1886" />
    <tag k="addr:city" v="Ingolstadt" />
    <tag k="addr:country" v="DE" />
    <tag k="addr:postcode" v="85049" />
    <tag k="building" v="yes" />
    <tag k="source" v="HiRes aerial imagery" />
  </way>
  <way id="-1000000428" visible="true">
    <nd ref="-2283" />
    <nd ref="-2287" />
    <nd ref="-2286" />
    <nd ref="-2296" />
    <nd ref="-2284" />
    <nd ref="-2283" />
    <tag k="addr:city" v="Ingolstadt" />
    <tag k="addr:country" v="DE" />
    <tag k="addr:housenumber" v="21" />
    <tag k="addr:postcode" v="85049" />
    <tag k="addr:street" v="Ludwigstraße" />
    <tag k="building" v="yes" />
    <tag k="source" v="HiRes aerial imagery" />
  </way>
  <way id="-1000000429" visible="true">
    <nd ref="-2297" />
    <nd ref="-713" />
    <nd ref="-710" />
    <nd ref="-714" />
    <nd ref="-2267" />
    <nd ref="-709" />
    <nd ref="-708" />
    <nd ref="-2298" />
    <nd ref="-2297" />
    <tag k="addr:city" v="Ingolstadt" />
    <tag k="addr:country" v="DE" />
    <tag k="addr:housenumber" v="15" />
    <tag k="addr:postcode" v="85049" />
    <tag k="addr:street" v="Ludwigstraße" />
    <tag k="building" v="retail" />
    <tag k="building:levels" v="3" />
    <tag k="roof:levels" v="2" />
    <tag k="source" v="HiRes aerial imagery" />
    <tag k="wheelchair" v="yes" />
  </way>
  <way id="-1000000430" visible="true">
    <nd ref="-2274" />
    <nd ref="-2299" />
    <nd ref="-2300" />
    <nd ref="-2301" />
    <nd ref="-2302" />
    <nd ref="-2275" />
    <nd ref="-2274" />
    <tag k="addr:city" v="Ingolstadt" />
    <tag k="addr:country" v="DE" />
    <tag k="addr:housenumber" v="27" />
    <tag k="addr:postcode" v="85049" />
    <tag k="addr:street" v="Ludwigstraße" />
    <tag k="building" v="yes" />
    <tag k="source" v="HiRes aerial imagery" />
  </way>
  <way id="-1000000431" visible="true">
    <nd ref="-2303" />
    <nd ref="-2304" />
    <nd ref="-2305" />
    <nd ref="-2306" />
    <nd ref="-2307" />
    <nd ref="-2308" />
    <nd ref="-2309" />
    <nd ref="-2310" />
    <nd ref="-2311" />
    <nd ref="-2312" />
    <nd ref="-2313" />
    <nd ref="-2314" />
    <nd ref="-2315" />
    <nd ref="-2316" />
    <nd ref="-2317" />
    <nd ref="-2318" />
    <nd ref="-2319" />
    <nd ref="-2320" />
    <nd ref="-2321" />
    <nd ref="-2322" />
    <nd ref="-2323" />
    <nd ref="-2324" />
    <nd ref="-2325" />
    <nd ref="-2326" />
    <nd ref="-2327" />
    <nd ref="-2328" />
    <nd ref="-2303" />
    <tag k="building" v="university" />
    <tag k="building:levels" v="1" />
    <tag k="height" v="4" />
    <tag k="ref" v="A" />
    <tag k="source" v="HiRes aerial imagery" />
    <tag k="wheelchair" v="yes" />
  </way>
  <way id="-1000000432" visible="true">
    <nd ref="-2329" />
    <nd ref="-2330" />
    <nd ref="-2331" />
    <nd ref="-2332" />
    <nd ref="-2333" />
    <nd ref="-2329" />
    <tag k="addr:city" v="Ingolstadt" />
    <tag k="addr:country" v="DE" />
    <tag k="addr:housenumber" v="9" />
    <tag k="addr:postcode" v="85049" />
    <tag k="addr:street" v="Adolf-Kolping-Straße" />
    <tag k="building" v="school" />
    <tag k="building:levels" v="4" />
    <tag k="name" v="Technikerschule" />
  </way>
  <way id="-1000000433" visible="true">
    <nd ref="-2334" />
    <nd ref="-2335" />
    <nd ref="-2336" />
    <nd ref="-2337" />
    <nd ref="-2338" />
    <nd ref="-2339" />
    <nd ref="-2340" />
    <nd ref="-2341" />
    <nd ref="-2342" />
    <nd ref="-2343" />
    <nd ref="-2334" />
    <tag k="building" v="yes" />
    <tag k="source" v="HiRes aerial imagery" />
  </way>
  <way id="-1000000434" visible="true">
    <nd ref="-2344" />
    <nd ref="-2345" />
    <nd ref="-2346" />
    <nd ref="-2347" />
    <nd ref="-2348" />
    <nd ref="-2349" />
    <nd ref="-2350" />
    <nd ref="-2351" />
    <nd ref="-2352" />
    <nd ref="-2353" />
    <nd ref="-2354" />
    <nd ref="-2355" />
    <nd ref="-2344" />
    <tag k="building" v="yes" />
    <tag k="source" v="HiRes aerial imagery" />
  </way>
  <way id="-1000000435" visible="true">
    <nd ref="-2356" />
    <nd ref="-2357" />
    <nd ref="-2358" />
    <nd ref="-2359" />
    <nd ref="-2360" />
    <nd ref="-2361" />
    <nd ref="-2362" />
    <nd ref="-2363" />
    <nd ref="-2364" />
    <nd ref="-2365" />
    <nd ref="-2366" />
    <nd ref="-2367" />
    <nd ref="-2368" />
    <nd ref="-2356" />
    <tag k="building" v="yes" />
    <tag k="source" v="HiRes aerial imagery" />
  </way>
  <way id="-1000000436" visible="true">
    <nd ref="-2369" />
    <nd ref="-2370" />
    <nd ref="-2371" />
    <nd ref="-2372" />
    <nd ref="-2373" />
    <nd ref="-2374" />
    <nd ref="-2375" />
    <nd ref="-2376" />
    <nd ref="-2377" />
    <nd ref="-2378" />
    <nd ref="-2379" />
    <nd ref="-2380" />
    <nd ref="-2381" />
    <nd ref="-2382" />
    <nd ref="-2369" />
    <tag k="building" v="yes" />
    <tag k="source" v="HiRes aerial imagery" />
  </way>
  <way id="-1000000437" visible="true">
    <nd ref="-2383" />
    <nd ref="-2384" />
    <nd ref="-2385" />
    <nd ref="-2386" />
    <nd ref="-2387" />
    <nd ref="-2388" />
    <nd ref="-2389" />
    <nd ref="-2390" />
    <nd ref="-2391" />
    <nd ref="-2392" />
    <nd ref="-2393" />
    <nd ref="-2394" />
    <nd ref="-2395" />
    <nd ref="-2396" />
    <nd ref="-2383" />
    <tag k="building" v="yes" />
    <tag k="source" v="HiRes aerial imagery" />
  </way>
  <way id="-1000000438" visible="true">
    <nd ref="-2397" />
    <nd ref="-2398" />
    <nd ref="-2399" />
    <nd ref="-2400" />
    <nd ref="-2401" />
    <nd ref="-2402" />
    <nd ref="-2403" />
    <nd ref="-2404" />
    <nd ref="-2405" />
    <nd ref="-2406" />
    <nd ref="-2407" />
    <nd ref="-2408" />
    <nd ref="-2409" />
    <nd ref="-2410" />
    <nd ref="-2397" />
    <tag k="building" v="yes" />
    <tag k="source" v="HiRes aerial imagery" />
  </way>
  <way id="-1000000439" visible="true">
    <nd ref="-2411" />
    <nd ref="-2412" />
    <nd ref="-2413" />
    <nd ref="-2414" />
    <nd ref="-2415" />
    <nd ref="-2416" />
    <nd ref="-2417" />
    <nd ref="-2418" />
    <nd ref="-2419" />
    <nd ref="-2420" />
    <nd ref="-2421" />
    <nd ref="-2422" />
    <nd ref="-2423" />
    <nd ref="-2424" />
    <nd ref="-2425" />
    <nd ref="-2426" />
    <nd ref="-2427" />
    <nd ref="-2411" />
    <tag k="building" v="yes" />
    <tag k="source" v="HiRes aerial imagery" />
  </way>
  <way id="-1000000440" visible="true">
    <nd ref="-2428" />
    <nd ref="-2429" />
    <nd ref="-2430" />
    <nd ref="-2431" />
    <nd ref="-2432" />
    <nd ref="-2433" />
    <nd ref="-2434" />
    <nd ref="-2435" />
    <nd ref="-2436" />
    <nd ref="-2437" />
    <nd ref="-2438" />
    <nd ref="-2439" />
    <nd ref="-2440" />
    <nd ref="-2441" />
    <nd ref="-2442" />
    <nd ref="-2428" />
    <tag k="building" v="yes" />
    <tag k="source" v="HiRes aerial imagery" />
  </way>
  <way id="-1000000441" visible="true">
    <nd ref="-2443" />
    <nd ref="-2444" />
    <nd ref="-2445" />
    <nd ref="-2446" />
    <nd ref="-2447" />
    <nd ref="-2448" />
    <nd ref="-2449" />
    <nd ref="-2450" />
    <nd ref="-2451" />
    <nd ref="-2452" />
    <nd ref="-2453" />
    <nd ref="-2454" />
    <nd ref="-2455" />
    <nd ref="-2456" />
    <nd ref="-2457" />
    <nd ref="-2458" />
    <nd ref="-2443" />
    <tag k="building" v="yes" />
    <tag k="source" v="HiRes aerial imagery" />
  </way>
  <way id="-1000000442" visible="true">
    <nd ref="-2459" />
    <nd ref="-2460" />
    <nd ref="-2461" />
    <nd ref="-2462" />
    <nd ref="-2463" />
    <nd ref="-2464" />
    <nd ref="-2465" />
    <nd ref="-2466" />
    <nd ref="-2467" />
    <nd ref="-2468" />
    <nd ref="-2469" />
    <nd ref="-2470" />
    <nd ref="-2471" />
    <nd ref="-2472" />
    <nd ref="-2473" />
    <nd ref="-2474" />
    <nd ref="-2459" />
    <tag k="building" v="yes" />
    <tag k="source" v="HiRes aerial imagery" />
  </way>
  <way id="-1000000443" visible="true">
    <nd ref="-2475" />
    <nd ref="-2476" />
    <nd ref="-2334" />
    <nd ref="-2343" />
    <nd ref="-2477" />
    <nd ref="-2478" />
    <nd ref="-2479" />
    <nd ref="-2480" />
    <nd ref="-2481" />
    <nd ref="-2482" />
    <nd ref="-2483" />
    <nd ref="-2484" />
    <nd ref="-2485" />
    <nd ref="-2486" />
    <nd ref="-2487" />
    <nd ref="-2488" />
    <nd ref="-2475" />
    <tag k="building" v="yes" />
    <tag k="source" v="HiRes aerial imagery" />
  </way>
  <way id="-1000000444" visible="true">
    <nd ref="-2473" />
    <nd ref="-2489" />
    <nd ref="-2490" />
    <nd ref="-2491" />
    <nd ref="-2492" />
    <nd ref="-2379" />
    <nd ref="-2378" />
    <nd ref="-2493" />
    <nd ref="-2494" />
    <nd ref="-2495" />
    <nd ref="-2496" />
    <nd ref="-2497" />
    <nd ref="-2498" />
    <nd ref="-2499" />
    <nd ref="-2500" />
    <nd ref="-2501" />
    <nd ref="-2502" />
    <nd ref="-2503" />
    <nd ref="-2474" />
    <nd ref="-2473" />
    <tag k="building" v="yes" />
    <tag k="source" v="HiRes aerial imagery" />
  </way>
  <way id="-1000000445" visible="true">
    <nd ref="-2504" />
    <nd ref="-2505" />
    <nd ref="-2445" />
    <nd ref="-2446" />
    <nd ref="-2504" />
    <tag k="building" v="yes" />
    <tag k="source" v="HiRes aerial imagery" />
  </way>
  <way id="-1000000446" visible="true">
    <nd ref="-2384" />
    <nd ref="-2385" />
    <nd ref="-2506" />
    <nd ref="-2507" />
    <nd ref="-2384" />
    <tag k="building" v="yes" />
    <tag k="source" v="HiRes aerial imagery" />
  </way>
  <way id="-1000000447" visible="true">
    <nd ref="-2382" />
    <nd ref="-2369" />
    <nd ref="-2508" />
    <nd ref="-2509" />
    <nd ref="-2382" />
    <tag k="building" v="yes" />
    <tag k="source" v="HiRes aerial imagery" />
  </way>
  <way id="-1000000448" visible="true">
    <nd ref="-2341" />
    <nd ref="-2443" />
    <nd ref="-2458" />
    <nd ref="-2342" />
    <nd ref="-2341" />
    <tag k="building" v="yes" />
    <tag k="source" v="HiRes aerial imagery" />
  </way>
  <way id="-1000000449" visible="true">
    <nd ref="-2431" />
    <nd ref="-2475" />
    <nd ref="-2488" />
    <nd ref="-2432" />
    <nd ref="-2431" />
    <tag k="building" v="yes" />
    <tag k="source" v="HiRes aerial imagery" />
  </way>
  <way id="-1000000450" visible="true">
    <nd ref="-2396" />
    <nd ref="-2383" />
    <nd ref="-2510" />
    <nd ref="-2511" />
    <nd ref="-2396" />
    <tag k="building" v="yes" />
    <tag k="source" v="HiRes aerial imagery" />
  </way>
  <way id="-1000000451" visible="true">
    <nd ref="-2357" />
    <nd ref="-2510" />
    <nd ref="-2511" />
    <nd ref="-2358" />
    <nd ref="-2357" />
    <tag k="building" v="yes" />
    <tag k="source" v="HiRes aerial imagery" />
  </way>
  <way id="-1000000452" visible="true">
    <nd ref="-2354" />
    <nd ref="-2353" />
    <nd ref="-2506" />
    <nd ref="-2507" />
    <nd ref="-2354" />
    <tag k="building" v="yes" />
    <tag k="source" v="HiRes aerial imagery" />
  </way>
  <way id="-1000000453" visible="true">
    <nd ref="-2428" />
    <nd ref="-2509" />
    <nd ref="-2508" />
    <nd ref="-2442" />
    <nd ref="-2428" />
    <tag k="building" v="yes" />
    <tag k="source" v="HiRes aerial imagery" />
  </way>
  <way id="-1000000454" visible="true">
    <nd ref="-1202" />
    <nd ref="-1203" />
    <nd ref="-1126" />
    <nd ref="-1122" />
    <nd ref="-1202" />
    <tag k="addr:city" v="Ingolstadt" />
    <tag k="addr:country" v="DE" />
    <tag k="addr:housenumber" v="18" />
    <tag k="addr:postcode" v="85049" />
    <tag k="addr:street" v="Unterer Graben" />
    <tag k="building" v="yes" />
    <tag k="source" v="HiRes aerial imagery" />
  </way>
  <way id="-1000000455" visible="true">
    <nd ref="-1152" />
    <nd ref="-2512" />
    <nd ref="-862" />
    <nd ref="-1153" />
    <nd ref="-1152" />
    <tag k="building" v="yes" />
    <tag k="source" v="HiRes aerial imagery" />
  </way>
  <way id="-1000000456" visible="true">
    <nd ref="-2355" />
    <nd ref="-2513" />
    <nd ref="-2514" />
    <nd ref="-2344" />
    <nd ref="-2355" />
    <tag k="building" v="yes" />
    <tag k="source" v="HiRes aerial imagery" />
  </way>
  <way id="-1000000457" visible="true">
    <nd ref="-2397" />
    <nd ref="-2410" />
    <nd ref="-2514" />
    <nd ref="-2513" />
    <nd ref="-2397" />
    <tag k="building" v="yes" />
    <tag k="source" v="HiRes aerial imagery" />
  </way>
  <way id="-1000000458" visible="true">
    <nd ref="-1142" />
    <nd ref="-1143" />
    <nd ref="-1320" />
    <nd ref="-1321" />
    <nd ref="-1142" />
    <tag k="building" v="yes" />
    <tag k="source" v="HiRes aerial imagery" />
  </way>
  <way id="-1000000459" visible="true">
    <nd ref="-1284" />
    <nd ref="-1283" />
    <nd ref="-2356" />
    <nd ref="-2368" />
    <nd ref="-1284" />
    <tag k="building" v="yes" />
    <tag k="source" v="HiRes aerial imagery" />
  </way>
  <way id="-1000000460" visible="true">
    <nd ref="-1139" />
    <nd ref="-2515" />
    <nd ref="-2516" />
    <nd ref="-2517" />
    <nd ref="-1140" />
    <nd ref="-1139" />
    <tag k="building" v="yes" />
    <tag k="source" v="HiRes aerial imagery" />
  </way>
  <way id="-1000000461" visible="true">
    <nd ref="-2398" />
    <nd ref="-2518" />
    <nd ref="-2470" />
    <nd ref="-2469" />
    <nd ref="-2399" />
    <nd ref="-2398" />
    <tag k="building" v="yes" />
    <tag k="source" v="HiRes aerial imagery" />
  </way>
  <way id="-1000000462" visible="true">
    <nd ref="-1182" />
    <nd ref="-1291" />
    <nd ref="-1292" />
    <nd ref="-2519" />
    <nd ref="-2520" />
    <nd ref="-1181" />
    <nd ref="-1182" />
    <tag k="building" v="yes" />
    <tag k="source" v="HiRes aerial imagery" />
  </way>
  <way id="-1000000463" visible="true">
    <nd ref="-1222" />
    <nd ref="-1221" />
    <nd ref="-2521" />
    <nd ref="-2522" />
    <nd ref="-2523" />
    <nd ref="-2524" />
    <nd ref="-2525" />
    <nd ref="-2526" />
    <nd ref="-2527" />
    <nd ref="-1222" />
    <tag k="building" v="yes" />
    <tag k="source" v="HiRes aerial imagery" />
  </way>
  <way id="-1000000464" visible="true">
    <nd ref="-2528" />
    <nd ref="-2529" />
    <nd ref="-2530" />
    <nd ref="-2531" />
    <nd ref="-2528" />
    <tag k="building" v="yes" />
    <tag k="source" v="HiRes aerial imagery" />
  </way>
  <way id="-1000000465" visible="true">
    <nd ref="-2532" />
    <nd ref="-2533" />
    <nd ref="-2534" />
    <nd ref="-2535" />
    <nd ref="-2536" />
    <nd ref="-2537" />
    <nd ref="-2538" />
    <nd ref="-2539" />
    <nd ref="-2540" />
    <nd ref="-2541" />
    <nd ref="-2542" />
    <nd ref="-2543" />
    <nd ref="-2544" />
    <nd ref="-2545" />
    <nd ref="-2546" />
    <nd ref="-2547" />
    <nd ref="-2532" />
    <tag k="addr:housenumber" v="83-87" />
    <tag k="addr:street" v="Unterer Graben" />
    <tag k="building" v="office" />
    <tag k="source" v="HiRes aerial imagery" />
  </way>
  <way id="-1000000466" visible="true">
    <nd ref="-2504" />
    <nd ref="-2505" />
    <nd ref="-2548" />
    <nd ref="-2532" />
    <nd ref="-2533" />
    <nd ref="-2549" />
    <nd ref="-2550" />
    <nd ref="-2551" />
    <nd ref="-2552" />
    <nd ref="-2553" />
    <nd ref="-2554" />
    <nd ref="-2555" />
    <nd ref="-2556" />
    <nd ref="-2557" />
    <nd ref="-2558" />
    <nd ref="-2559" />
    <nd ref="-2560" />
    <nd ref="-2504" />
    <tag k="building" v="yes" />
    <tag k="source" v="HiRes aerial imagery" />
  </way>
  <way id="-1000000467" visible="true">
    <nd ref="-2547" />
    <nd ref="-2546" />
    <nd ref="-2561" />
    <nd ref="-2562" />
    <nd ref="-2547" />
    <tag k="building" v="yes" />
    <tag k="source" v="HiRes aerial imagery" />
  </way>
  <way id="-1000000468" visible="true">
    <nd ref="-2563" />
    <nd ref="-2564" />
    <nd ref="-2565" />
    <nd ref="-2566" />
    <nd ref="-2563" />
    <tag k="building" v="yes" />
    <tag k="source" v="HiRes aerial imagery" />
  </way>
  <way id="-1000000469" visible="true">
    <nd ref="-2565" />
    <nd ref="-2566" />
    <nd ref="-2567" />
    <nd ref="-2568" />
    <nd ref="-2565" />
    <tag k="building" v="yes" />
    <tag k="source" v="HiRes aerial imagery" />
  </way>
  <way id="-1000000470" visible="true">
    <nd ref="-1355" />
    <nd ref="-2569" />
    <nd ref="-2570" />
    <nd ref="-1354" />
    <nd ref="-1355" />
    <tag k="building" v="yes" />
    <tag k="source" v="HiRes aerial imagery" />
  </way>
  <way id="-1000000471" visible="true">
    <nd ref="-1171" />
    <nd ref="-1331" />
    <nd ref="-2571" />
    <nd ref="-1170" />
    <nd ref="-1171" />
    <tag k="building" v="yes" />
    <tag k="source" v="HiRes aerial imagery" />
  </way>
  <way id="-1000000472" visible="true">
    <nd ref="-2572" />
    <nd ref="-509" />
    <nd ref="-510" />
    <nd ref="-2573" />
    <nd ref="-2572" />
    <tag k="building" v="yes" />
    <tag k="source" v="HiRes aerial imagery" />
  </way>
  <way id="-1000000473" visible="true">
    <nd ref="-2574" />
    <nd ref="-2563" />
    <nd ref="-2564" />
    <nd ref="-2575" />
    <nd ref="-2574" />
    <tag k="building" v="yes" />
    <tag k="source" v="HiRes aerial imagery" />
  </way>
  <way id="-1000000474" visible="true">
    <nd ref="-2567" />
    <nd ref="-2568" />
    <nd ref="-2576" />
    <nd ref="-2577" />
    <nd ref="-2567" />
    <tag k="building" v="yes" />
    <tag k="source" v="HiRes aerial imagery" />
  </way>
  <way id="-1000000475" visible="true">
    <nd ref="-2578" />
    <nd ref="-2579" />
    <nd ref="-2573" />
    <nd ref="-2572" />
    <nd ref="-2578" />
    <tag k="building" v="yes" />
    <tag k="source" v="HiRes aerial imagery" />
  </way>
  <way id="-1000000476" visible="true">
    <nd ref="-2580" />
    <nd ref="-2581" />
    <nd ref="-2582" />
    <nd ref="-2583" />
    <nd ref="-2580" />
    <tag k="building" v="yes" />
    <tag k="source" v="HiRes aerial imagery" />
  </way>
  <way id="-1000000477" visible="true">
    <nd ref="-513" />
    <nd ref="-512" />
    <nd ref="-2575" />
    <nd ref="-2574" />
    <nd ref="-513" />
    <tag k="building" v="yes" />
    <tag k="source" v="HiRes aerial imagery" />
  </way>
  <way id="-1000000478" visible="true">
    <nd ref="-2579" />
    <nd ref="-2584" />
    <nd ref="-2585" />
    <nd ref="-2578" />
    <nd ref="-2579" />
    <tag k="building" v="yes" />
    <tag k="source" v="HiRes aerial imagery" />
  </way>
  <way id="-1000000479" visible="true">
    <nd ref="-2582" />
    <nd ref="-2583" />
    <nd ref="-2586" />
    <nd ref="-2587" />
    <nd ref="-2582" />
    <tag k="building" v="yes" />
    <tag k="source" v="HiRes aerial imagery" />
  </way>
  <way id="-1000000480" visible="true">
    <nd ref="-2586" />
    <nd ref="-2587" />
    <nd ref="-2427" />
    <nd ref="-2426" />
    <nd ref="-2588" />
    <nd ref="-2586" />
    <tag k="building" v="yes" />
    <tag k="source" v="HiRes aerial imagery" />
  </way>
  <way id="-1000000481" visible="true">
    <nd ref="-2576" />
    <nd ref="-2577" />
    <nd ref="-2580" />
    <nd ref="-2581" />
    <nd ref="-2589" />
    <nd ref="-2576" />
    <tag k="building" v="yes" />
    <tag k="source" v="HiRes aerial imagery" />
  </way>
  <way id="-1000000482" visible="true">
    <nd ref="-2526" />
    <nd ref="-2590" />
    <nd ref="-2591" />
    <nd ref="-1357" />
    <nd ref="-1358" />
    <nd ref="-2592" />
    <nd ref="-2525" />
    <nd ref="-2526" />
    <tag k="building" v="yes" />
    <tag k="source" v="HiRes aerial imagery" />
  </way>
  <way id="-1000000483" visible="true">
    <nd ref="-2593" />
    <nd ref="-2594" />
    <nd ref="-2595" />
    <nd ref="-2596" />
    <nd ref="-2593" />
    <tag k="building" v="apartments" />
    <tag k="building:levels" v="3" />
    <tag k="roof:levels" v="1" />
  </way>
  <way id="-1000000484" visible="true">
    <nd ref="-2597" />
    <nd ref="-1838" />
    <nd ref="-1837" />
    <nd ref="-2598" />
    <nd ref="-2597" />
    <tag k="building" v="yes" />
  </way>
  <way id="-1000000485" visible="true">
    <nd ref="-2599" />
    <nd ref="-1625" />
    <nd ref="-1626" />
    <nd ref="-2600" />
    <nd ref="-2599" />
    <tag k="building" v="apartments" />
  </way>
  <way id="-1000000486" visible="true">
    <nd ref="-2601" />
    <nd ref="-2602" />
    <nd ref="-2603" />
    <nd ref="-2604" />
    <nd ref="-2601" />
    <tag k="building" v="yes" />
  </way>
  <way id="-1000000487" visible="true">
    <nd ref="-2605" />
    <nd ref="-2598" />
    <nd ref="-2597" />
    <nd ref="-2606" />
    <nd ref="-2607" />
    <nd ref="-2605" />
    <tag k="building" v="apartments" />
    <tag k="building:levels" v="3" />
    <tag k="roof:levels" v="1" />
  </way>
  <way id="-1000000488" visible="true">
    <nd ref="-2594" />
    <nd ref="-2599" />
    <nd ref="-2600" />
    <nd ref="-2608" />
    <nd ref="-2595" />
    <nd ref="-2594" />
    <tag k="building" v="yes" />
  </way>
  <way id="-1000000489" visible="true">
    <nd ref="-2609" />
    <nd ref="-2610" />
    <nd ref="-2611" />
    <nd ref="-2612" />
    <nd ref="-2613" />
    <nd ref="-2609" />
    <tag k="building" v="apartments" />
  </way>
  <way id="-1000000490" visible="true">
    <nd ref="-2614" />
    <nd ref="-2612" />
    <nd ref="-2611" />
    <nd ref="-2604" />
    <nd ref="-2601" />
    <nd ref="-2615" />
    <nd ref="-2614" />
    <tag k="building" v="yes" />
  </way>
  <way id="-1000000491" visible="true">
    <nd ref="-2616" />
    <nd ref="-2617" />
    <nd ref="-2618" />
    <nd ref="-2619" />
    <nd ref="-2596" />
    <nd ref="-2593" />
    <nd ref="-2616" />
    <tag k="building" v="apartments" />
    <tag k="building:levels" v="3" />
    <tag k="roof:levels" v="2" />
  </way>
  <way id="-1000000492" visible="true">
    <nd ref="-2602" />
    <nd ref="-2620" />
    <nd ref="-2607" />
    <nd ref="-2605" />
    <nd ref="-2603" />
    <nd ref="-2602" />
    <tag k="building" v="yes" />
  </way>
  <way id="-1000000493" visible="true">
    <nd ref="-2621" />
    <nd ref="-2622" />
    <nd ref="-2623" />
    <nd ref="-2616" />
    <nd ref="-2617" />
    <nd ref="-2624" />
    <nd ref="-2625" />
    <nd ref="-2613" />
    <nd ref="-2609" />
    <nd ref="-2626" />
    <nd ref="-2621" />
    <tag k="building" v="apartments" />
  </way>
  <way id="-1000000494" visible="true">
    <nd ref="-2627" />
    <nd ref="-2628" />
    <nd ref="-2629" />
    <nd ref="-2630" />
    <nd ref="-2631" />
    <nd ref="-2627" />
    <tag k="building" v="toilets" />
    <tag k="opening_hours" v="06:00-22:00" />
  </way>
  <way id="-1000000495" visible="true">
    <nd ref="-2632" />
    <nd ref="-2633" />
    <nd ref="-2634" />
    <nd ref="-2635" />
    <nd ref="-2636" />
    <nd ref="-2632" />
    <tag k="addr:city" v="Ingolstadt" />
    <tag k="addr:country" v="DE" />
    <tag k="addr:housenumber" v="24" />
    <tag k="addr:postcode" v="85049" />
    <tag k="addr:street" v="Esplanade" />
    <tag k="building" v="yes" />
    <tag k="source" v="HiRes aerial imagery" />
  </way>
  <way id="-1000000496" visible="true">
    <nd ref="-2633" />
    <nd ref="-2637" />
    <nd ref="-2638" />
    <nd ref="-2634" />
    <nd ref="-2633" />
    <tag k="addr:city" v="Ingolstadt" />
    <tag k="addr:country" v="DE" />
    <tag k="addr:housenumber" v="26" />
    <tag k="addr:postcode" v="85049" />
    <tag k="addr:street" v="Esplanade" />
    <tag k="building" v="yes" />
    <tag k="source" v="HiRes aerial imagery" />
  </way>
  <way id="-1000000497" visible="true">
    <nd ref="-2637" />
    <nd ref="-2639" />
    <nd ref="-2640" />
    <nd ref="-2638" />
    <nd ref="-2637" />
    <tag k="addr:city" v="Ingolstadt" />
    <tag k="addr:country" v="DE" />
    <tag k="addr:housenumber" v="28" />
    <tag k="addr:postcode" v="85049" />
    <tag k="addr:street" v="Esplanade" />
    <tag k="building" v="yes" />
    <tag k="source" v="HiRes aerial imagery" />
  </way>
  <way id="-1000000498" visible="true">
    <nd ref="-2641" />
    <nd ref="-2642" />
    <nd ref="-2643" />
    <nd ref="-2644" />
    <nd ref="-2641" />
    <tag k="addr:city" v="Ingolstadt" />
    <tag k="addr:country" v="DE" />
    <tag k="addr:housenumber" v="30" />
    <tag k="addr:postcode" v="85049" />
    <tag k="addr:street" v="Esplanade" />
    <tag k="building" v="yes" />
    <tag k="source" v="HiRes aerial imagery" />
  </way>
  <way id="-1000000499" visible="true">
    <nd ref="-2642" />
    <nd ref="-2645" />
    <nd ref="-2646" />
    <nd ref="-2643" />
    <nd ref="-2642" />
    <tag k="addr:city" v="Ingolstadt" />
    <tag k="addr:country" v="DE" />
    <tag k="addr:housenumber" v="32" />
    <tag k="addr:postcode" v="85049" />
    <tag k="addr:street" v="Esplanade" />
    <tag k="building" v="yes" />
    <tag k="source" v="HiRes aerial imagery" />
  </way>
  <way id="-1000000500" visible="true">
    <nd ref="-2645" />
    <nd ref="-2647" />
    <nd ref="-2648" />
    <nd ref="-2646" />
    <nd ref="-2645" />
    <tag k="addr:city" v="Ingolstadt" />
    <tag k="addr:country" v="DE" />
    <tag k="addr:housenumber" v="34" />
    <tag k="addr:postcode" v="85049" />
    <tag k="addr:street" v="Esplanade" />
    <tag k="building" v="yes" />
    <tag k="source" v="HiRes aerial imagery" />
  </way>
  <way id="-1000000501" visible="true">
    <nd ref="-2649" />
    <nd ref="-2650" />
    <nd ref="-736" />
    <nd ref="-735" />
    <nd ref="-2651" />
    <nd ref="-2649" />
    <tag k="building" v="yes" />
  </way>
  <way id="-1000000502" visible="true">
    <nd ref="-2652" />
    <nd ref="-2653" />
    <nd ref="-2654" />
    <nd ref="-2655" />
    <nd ref="-2652" />
    <tag k="building" v="yes" />
  </way>
  <way id="-1000000503" visible="true">
    <nd ref="-754" />
    <nd ref="-2653" />
    <nd ref="-2652" />
    <nd ref="-755" />
    <nd ref="-754" />
    <tag k="building" v="yes" />
  </way>
  <way id="-1000000504" visible="true">
    <nd ref="-2655" />
    <nd ref="-2654" />
    <nd ref="-2650" />
    <nd ref="-2649" />
    <nd ref="-2656" />
    <nd ref="-2655" />
    <tag k="building" v="yes" />
  </way>
  <way id="-1000000505" visible="true">
    <nd ref="-986" />
    <nd ref="-482" />
    <nd ref="-481" />
    <nd ref="-480" />
    <nd ref="-987" />
    <nd ref="-986" />
    <tag k="building" v="yes" />
  </way>
  <way id="-1000000506" visible="true">
    <nd ref="-2657" />
    <nd ref="-2658" />
    <nd ref="-2659" />
    <nd ref="-2660" />
    <nd ref="-2661" />
    <nd ref="-2662" />
    <nd ref="-2663" />
    <nd ref="-467" />
    <nd ref="-468" />
    <nd ref="-469" />
    <nd ref="-475" />
    <nd ref="-2664" />
    <nd ref="-2665" />
    <nd ref="-2666" />
    <nd ref="-2657" />
    <tag k="building" v="yes" />
  </way>
  <way id="-1000000507" visible="true">
    <nd ref="-2667" />
    <nd ref="-2668" />
    <nd ref="-2669" />
    <nd ref="-2670" />
    <nd ref="-2671" />
    <nd ref="-2672" />
    <nd ref="-2673" />
    <nd ref="-2674" />
    <nd ref="-2675" />
    <nd ref="-2676" />
    <nd ref="-2667" />
    <tag k="building" v="yes" />
  </way>
  <way id="-1000000508" visible="true">
    <nd ref="-948" />
    <nd ref="-944" />
    <nd ref="-943" />
    <nd ref="-945" />
    <nd ref="-948" />
    <tag k="addr:city" v="Ingolstadt" />
    <tag k="addr:country" v="DE" />
    <tag k="addr:housenumber" v="7" />
    <tag k="addr:postcode" v="85049" />
    <tag k="addr:street" v="Schulstraße" />
    <tag k="building" v="yes" />
    <tag k="source" v="HiRes aerial imagery" />
  </way>
  <way id="-1000000509" visible="true">
    <nd ref="-2677" />
    <nd ref="-703" />
    <nd ref="-704" />
    <nd ref="-2678" />
    <nd ref="-2677" />
    <tag k="addr:city" v="Ingolstadt" />
    <tag k="addr:country" v="DE" />
    <tag k="addr:housenumber" v="16" />
    <tag k="addr:postcode" v="85049" />
    <tag k="addr:street" v="Ludwigstraße" />
    <tag k="building" v="yes" />
  </way>
  <way id="-1000000510" visible="true">
    <nd ref="-2679" />
    <nd ref="-2680" />
    <nd ref="-2681" />
    <nd ref="-2682" />
    <nd ref="-2683" />
    <nd ref="-2684" />
    <nd ref="-2679" />
    <tag k="building" v="yes" />
  </way>
  <way id="-1000000511" visible="true">
    <nd ref="-2685" />
    <nd ref="-2686" />
    <nd ref="-2687" />
    <nd ref="-2688" />
    <nd ref="-2689" />
    <nd ref="-2685" />
    <tag k="building" v="yes" />
  </way>
  <way id="-1000000512" visible="true">
    <nd ref="-2690" />
    <nd ref="-2691" />
    <nd ref="-2692" />
    <nd ref="-2693" />
    <nd ref="-2694" />
    <nd ref="-2690" />
    <tag k="building" v="yes" />
  </way>
  <way id="-1000000513" visible="true">
    <nd ref="-2695" />
    <nd ref="-2677" />
    <nd ref="-2678" />
    <nd ref="-2696" />
    <nd ref="-2695" />
    <tag k="building" v="yes" />
  </way>
  <way id="-1000000514" visible="true">
    <nd ref="-705" />
    <nd ref="-2697" />
    <nd ref="-2687" />
    <nd ref="-2686" />
    <nd ref="-704" />
    <nd ref="-705" />
    <tag k="building" v="yes" />
  </way>
  <way id="-1000000515" visible="true">
    <nd ref="-2698" />
    <nd ref="-2695" />
    <nd ref="-2696" />
    <nd ref="-2699" />
    <nd ref="-2698" />
    <tag k="building" v="yes" />
  </way>
  <way id="-1000000516" visible="true">
    <nd ref="-2700" />
    <nd ref="-2701" />
    <nd ref="-2691" />
    <nd ref="-2690" />
    <nd ref="-2702" />
    <nd ref="-2703" />
    <nd ref="-2700" />
    <tag k="building" v="yes" />
  </way>
  <way id="-1000000517" visible="true">
    <nd ref="-2704" />
    <nd ref="-2705" />
    <nd ref="-2706" />
    <nd ref="-2707" />
    <nd ref="-2708" />
    <nd ref="-2704" />
    <tag k="building" v="yes" />
  </way>
  <way id="-1000000518" visible="true">
    <nd ref="-2708" />
    <nd ref="-2707" />
    <nd ref="-2682" />
    <nd ref="-2709" />
    <nd ref="-2708" />
    <tag k="building" v="yes" />
  </way>
  <way id="-1000000519" visible="true">
    <nd ref="-2710" />
    <nd ref="-2711" />
    <nd ref="-2712" />
    <nd ref="-2675" />
    <nd ref="-2674" />
    <nd ref="-2698" />
    <nd ref="-2699" />
    <nd ref="-2710" />
    <tag k="addr:city" v="Ingolstadt" />
    <tag k="addr:housenumber" v="10" />
    <tag k="addr:postcode" v="85049" />
    <tag k="addr:street" v="Ludwigstraße" />
    <tag k="building" v="yes" />
    <tag k="wikimedia_commons" v="File:Ludwigstraße 10 ingolstadt 2022-09-12 2.jpg" />
  </way>
  <way id="-1000000520" visible="true">
    <nd ref="-2713" />
    <nd ref="-2714" />
    <nd ref="-2696" />
    <nd ref="-2715" />
    <nd ref="-2716" />
    <nd ref="-2717" />
    <nd ref="-2718" />
    <nd ref="-2719" />
    <nd ref="-2713" />
    <tag k="building" v="yes" />
  </way>
  <way id="-1000000521" visible="true">
    <nd ref="-2720" />
    <nd ref="-2721" />
    <nd ref="-2722" />
    <nd ref="-2723" />
    <nd ref="-2724" />
    <nd ref="-2725" />
    <nd ref="-2720" />
    <tag k="building" v="house" />
    <tag k="source" v="HiRes aerial imagery" />
  </way>
  <way id="-1000000522" visible="true">
    <nd ref="-2726" />
    <nd ref="-2727" />
    <nd ref="-2728" />
    <nd ref="-2729" />
    <nd ref="-2730" />
    <nd ref="-2726" />
    <tag k="building" v="house" />
    <tag k="source" v="HiRes aerial imagery" />
  </way>
  <way id="-1000000523" visible="true">
    <nd ref="-2731" />
    <nd ref="-2732" />
    <nd ref="-2733" />
    <nd ref="-2734" />
    <nd ref="-2731" />
    <tag k="building" v="house" />
    <tag k="source" v="HiRes aerial imagery" />
  </way>
  <way id="-1000000524" visible="true">
    <nd ref="-2735" />
    <nd ref="-2736" />
    <nd ref="-2737" />
    <nd ref="-2738" />
    <nd ref="-2739" />
    <nd ref="-2740" />
    <nd ref="-2741" />
    <nd ref="-2735" />
    <tag k="amenity" v="college" />
    <tag k="building" v="yes" />
    <tag k="college" v="adult_education" />
    <tag k="name" v="Volkshochschule" />
    <tag k="source" v="HiRes aerial imagery" />
    <tag k="toilets:wheelchair" v="yes" />
    <tag k="wheelchair" v="yes" />
  </way>
  <way id="-1000000525" visible="true">
    <nd ref="-2742" />
    <nd ref="-2743" />
    <nd ref="-2744" />
    <nd ref="-2745" />
    <nd ref="-2742" />
    <tag k="addr:city" v="Ingolstadt" />
    <tag k="addr:country" v="DE" />
    <tag k="addr:housenumber" v="2" />
    <tag k="addr:postcode" v="85049" />
    <tag k="addr:street" v="Reiterkasernstraße" />
    <tag k="building" v="house" />
    <tag k="building:levels" v="2" />
    <tag k="source" v="HiRes aerial imagery" />
  </way>
  <way id="-1000000526" visible="true">
    <nd ref="-2746" />
    <nd ref="-2747" />
    <nd ref="-2748" />
    <nd ref="-2749" />
    <nd ref="-2750" />
    <nd ref="-2751" />
    <nd ref="-2752" />
    <nd ref="-2746" />
    <tag k="building" v="house" />
    <tag k="source" v="HiRes aerial imagery" />
  </way>
  <way id="-1000000527" visible="true">
    <nd ref="-723" />
    <nd ref="-2753" />
    <nd ref="-2754" />
    <nd ref="-724" />
    <nd ref="-723" />
    <tag k="building" v="house" />
    <tag k="building:levels" v="4" />
    <tag k="roof:levels" v="2" />
    <tag k="source" v="HiRes aerial imagery" />
  </way>
  <way id="-1000000528" visible="true">
    <nd ref="-2755" />
    <nd ref="-2756" />
    <nd ref="-2757" />
    <nd ref="-2758" />
    <nd ref="-2755" />
    <tag k="building" v="house" />
    <tag k="source" v="HiRes aerial imagery" />
  </way>
  <way id="-1000000529" visible="true">
    <nd ref="-2759" />
    <nd ref="-2754" />
    <nd ref="-2753" />
    <nd ref="-2760" />
    <nd ref="-2761" />
    <nd ref="-2762" />
    <nd ref="-2763" />
    <nd ref="-2764" />
    <nd ref="-2759" />
    <tag k="addr:housenumber" v="22" />
    <tag k="addr:street" v="Ludwigstraße" />
    <tag k="building" v="yes" />
    <tag k="source" v="HiRes aerial imagery" />
  </way>
  <way id="-1000000530" visible="true">
    <nd ref="-2765" />
    <nd ref="-2766" />
    <nd ref="-2767" />
    <nd ref="-2722" />
    <nd ref="-2721" />
    <nd ref="-2768" />
    <nd ref="-2765" />
    <tag k="building" v="house" />
    <tag k="source" v="HiRes aerial imagery" />
  </way>
  <way id="-1000000531" visible="true">
    <nd ref="-2769" />
    <nd ref="-2770" />
    <nd ref="-2771" />
    <nd ref="-2772" />
    <nd ref="-2769" />
    <tag k="building" v="yes" />
  </way>
  <way id="-1000000532" visible="true">
    <nd ref="-2773" />
    <nd ref="-2774" />
    <nd ref="-2775" />
    <nd ref="-2776" />
    <nd ref="-2773" />
    <tag k="building" v="yes" />
  </way>
  <way id="-1000000533" visible="true">
    <nd ref="-2777" />
    <nd ref="-2778" />
    <nd ref="-2779" />
    <nd ref="-2780" />
    <nd ref="-2777" />
    <tag k="building" v="garage" />
  </way>
  <way id="-1000000534" visible="true">
    <nd ref="-2781" />
    <nd ref="-2782" />
    <nd ref="-2783" />
    <nd ref="-2784" />
    <nd ref="-2781" />
    <tag k="building" v="garage" />
  </way>
  <way id="-1000000535" visible="true">
    <nd ref="-2785" />
    <nd ref="-2781" />
    <nd ref="-2784" />
    <nd ref="-2786" />
    <nd ref="-2787" />
    <nd ref="-2785" />
    <tag k="building" v="garage" />
  </way>
  <way id="-1000000536" visible="true">
    <nd ref="-2788" />
    <nd ref="-2789" />
    <nd ref="-2790" />
    <nd ref="-2791" />
    <nd ref="-2788" />
    <tag k="building" v="garage" />
  </way>
  <way id="-1000000537" visible="true">
    <nd ref="-2792" />
    <nd ref="-2793" />
    <nd ref="-2794" />
    <nd ref="-2795" />
    <nd ref="-2792" />
    <tag k="building" v="yes" />
  </way>
  <way id="-1000000538" visible="true">
    <nd ref="-2084" />
    <nd ref="-2796" />
    <nd ref="-2797" />
    <nd ref="-2083" />
    <nd ref="-2084" />
    <tag k="building" v="yes" />
  </way>
  <way id="-1000000539" visible="true">
    <nd ref="-2798" />
    <nd ref="-2799" />
    <nd ref="-2800" />
    <nd ref="-2801" />
    <nd ref="-2798" />
    <tag k="building" v="yes" />
  </way>
  <way id="-1000000540" visible="true">
    <nd ref="-2802" />
    <nd ref="-2803" />
    <nd ref="-2804" />
    <nd ref="-2805" />
    <nd ref="-2802" />
    <tag k="building" v="yes" />
    <tag k="building:levels" v="1" />
    <tag k="source" v="HiRes aerial imagery" />
  </way>
  <way id="-1000000541" visible="true">
    <nd ref="-2806" />
    <nd ref="-2807" />
    <nd ref="-2808" />
    <nd ref="-2809" />
    <nd ref="-2806" />
    <tag k="building" v="yes" />
    <tag k="building:levels" v="1" />
    <tag k="source" v="HiRes aerial imagery" />
  </way>
  <way id="-1000000542" visible="true">
    <nd ref="-2810" />
    <nd ref="-2811" />
    <nd ref="-2812" />
    <nd ref="-2813" />
    <nd ref="-2810" />
    <tag k="building" v="yes" />
    <tag k="building:levels" v="1" />
    <tag k="source" v="HiRes aerial imagery" />
  </way>
  <way id="-1000000543" visible="true">
    <nd ref="-2814" />
    <nd ref="-2815" />
    <nd ref="-2816" />
    <nd ref="-2817" />
    <nd ref="-2814" />
    <tag k="building" v="yes" />
    <tag k="building:levels" v="1" />
    <tag k="source" v="HiRes aerial imagery" />
  </way>
  <way id="-1000000544" visible="true">
    <nd ref="-2818" />
    <nd ref="-2819" />
    <nd ref="-2820" />
    <nd ref="-2821" />
    <nd ref="-2822" />
    <nd ref="-2823" />
    <nd ref="-2818" />
    <tag k="building" v="yes" />
  </way>
  <way id="-1000000545" visible="true">
    <nd ref="-2762" />
    <nd ref="-2824" />
    <nd ref="-2825" />
    <nd ref="-2826" />
    <nd ref="-2827" />
    <nd ref="-2828" />
    <nd ref="-2829" />
    <nd ref="-2830" />
    <nd ref="-2831" />
    <nd ref="-2763" />
    <nd ref="-2762" />
    <tag k="building" v="house" />
    <tag k="source" v="HiRes aerial imagery" />
  </way>
  <way id="-1000000546" visible="true">
    <nd ref="-2832" />
    <nd ref="-2833" />
    <nd ref="-2834" />
    <nd ref="-2835" />
    <nd ref="-2836" />
    <nd ref="-2837" />
    <nd ref="-2838" />
    <nd ref="-2839" />
    <nd ref="-2840" />
    <nd ref="-2841" />
    <nd ref="-2842" />
    <nd ref="-2843" />
    <nd ref="-2832" />
    <tag k="building" v="house" />
    <tag k="source" v="HiRes aerial imagery" />
  </way>
  <way id="-1000000547" visible="true">
    <nd ref="-1436" />
    <nd ref="-2844" />
    <nd ref="-2845" />
    <nd ref="-1435" />
    <nd ref="-1436" />
    <tag k="building" v="yes" />
    <tag k="source" v="HiRes aerial imagery" />
  </way>
  <way id="-1000000548" visible="true">
    <nd ref="-2741" />
    <nd ref="-2749" />
    <nd ref="-2750" />
    <nd ref="-2740" />
    <nd ref="-2741" />
    <tag k="building" v="house" />
    <tag k="source" v="HiRes aerial imagery" />
  </way>
  <way id="-1000000549" visible="true">
    <nd ref="-724" />
    <nd ref="-722" />
    <nd ref="-2846" />
    <nd ref="-2847" />
    <nd ref="-724" />
    <tag k="building" v="house" />
    <tag k="source" v="HiRes aerial imagery" />
  </way>
  <way id="-1000000550" visible="true">
    <nd ref="-2848" />
    <nd ref="-2720" />
    <nd ref="-2721" />
    <nd ref="-2768" />
    <nd ref="-2849" />
    <nd ref="-2848" />
    <tag k="building" v="house" />
    <tag k="building:levels" v="3" />
    <tag k="roof:levels" v="1" />
    <tag k="source" v="HiRes aerial imagery" />
  </way>
  <way id="-1000000551" visible="true">
    <nd ref="-2850" />
    <nd ref="-2851" />
    <nd ref="-2746" />
    <nd ref="-2752" />
    <nd ref="-2850" />
    <tag k="addr:housenumber" v="28" />
    <tag k="addr:street" v="Ludwigstraße" />
    <tag k="building" v="house" />
    <tag k="source" v="HiRes aerial imagery" />
  </way>
  <way id="-1000000552" visible="true">
    <nd ref="-2852" />
    <nd ref="-2853" />
    <nd ref="-2854" />
    <nd ref="-2855" />
    <nd ref="-2856" />
    <nd ref="-2852" />
    <tag k="building" v="house" />
    <tag k="building:levels" v="3" />
    <tag k="roof:levels" v="2" />
    <tag k="source" v="HiRes aerial imagery" />
  </way>
  <way id="-1000000553" visible="true">
    <nd ref="-2832" />
    <nd ref="-2843" />
    <nd ref="-2857" />
    <nd ref="-2858" />
    <nd ref="-2859" />
    <nd ref="-2832" />
    <tag k="building" v="house" />
    <tag k="layer" v="1" />
    <tag k="source" v="HiRes aerial imagery" />
  </way>
  <way id="-1000000554" visible="true">
    <nd ref="-2847" />
    <nd ref="-2860" />
    <nd ref="-2861" />
    <nd ref="-2862" />
    <nd ref="-2863" />
    <nd ref="-2846" />
    <nd ref="-2847" />
    <tag k="building" v="house" />
    <tag k="source" v="HiRes aerial imagery" />
  </way>
  <way id="-1000000555" visible="true">
    <nd ref="-2855" />
    <nd ref="-2858" />
    <nd ref="-2857" />
    <nd ref="-2765" />
    <nd ref="-2766" />
    <nd ref="-2854" />
    <nd ref="-2855" />
    <tag k="building" v="house" />
    <tag k="source" v="HiRes aerial imagery" />
  </way>
  <way id="-1000000556" visible="true">
    <nd ref="-2727" />
    <nd ref="-2864" />
    <nd ref="-2865" />
    <nd ref="-2866" />
    <nd ref="-2867" />
    <nd ref="-2728" />
    <nd ref="-2727" />
    <tag k="building" v="yes" />
    <tag k="source" v="HiRes aerial imagery" />
  </way>
  <way id="-1000000557" visible="true">
    <nd ref="-2868" />
    <nd ref="-2869" />
    <nd ref="-2870" />
    <nd ref="-2871" />
    <nd ref="-2872" />
    <nd ref="-2844" />
    <nd ref="-2845" />
    <nd ref="-2868" />
    <tag k="addr:housenumber" v="8" />
    <tag k="addr:street" v="Mauthstraße" />
    <tag k="building" v="house" />
    <tag k="source" v="HiRes aerial imagery" />
  </way>
  <way id="-1000000558" visible="true">
    <nd ref="-2873" />
    <nd ref="-2874" />
    <nd ref="-2875" />
    <nd ref="-721" />
    <nd ref="-722" />
    <nd ref="-2846" />
    <nd ref="-2863" />
    <nd ref="-2873" />
    <tag k="building" v="house" />
    <tag k="source" v="HiRes aerial imagery" />
  </way>
  <way id="-1000000559" visible="true">
    <nd ref="-2831" />
    <nd ref="-2860" />
    <nd ref="-2847" />
    <nd ref="-724" />
    <nd ref="-2754" />
    <nd ref="-2759" />
    <nd ref="-2764" />
    <nd ref="-2763" />
    <nd ref="-2831" />
    <tag k="building" v="house" />
    <tag k="source" v="HiRes aerial imagery" />
  </way>
  <way id="-1000000560" visible="true">
    <nd ref="-2723" />
    <nd ref="-2852" />
    <nd ref="-2853" />
    <nd ref="-2876" />
    <nd ref="-2877" />
    <nd ref="-2878" />
    <nd ref="-2879" />
    <nd ref="-2722" />
    <nd ref="-2723" />
    <tag k="building" v="house" />
    <tag k="source" v="HiRes aerial imagery" />
  </way>
  <way id="-1000000561" visible="true">
    <nd ref="-2880" />
    <nd ref="-2881" />
    <nd ref="-2882" />
    <nd ref="-2883" />
    <nd ref="-2880" />
    <tag k="amenity" v="kindergarten" />
    <tag k="building" v="yes" />
    <tag k="name" v="Kindertageseinrichtung" />
  </way>
  <way id="-1000000562" visible="true">
    <nd ref="-2884" />
    <nd ref="-2885" />
    <nd ref="-2886" />
    <nd ref="-2887" />
    <nd ref="-2888" />
    <nd ref="-2889" />
    <nd ref="-2890" />
    <nd ref="-2891" />
    <nd ref="-2892" />
    <nd ref="-2893" />
    <nd ref="-2894" />
    <nd ref="-2895" />
    <nd ref="-2896" />
    <nd ref="-2897" />
    <nd ref="-2898" />
    <nd ref="-2899" />
    <nd ref="-2900" />
    <nd ref="-2901" />
    <nd ref="-2902" />
    <nd ref="-2903" />
    <nd ref="-2904" />
    <nd ref="-2905" />
    <nd ref="-2906" />
    <nd ref="-2907" />
    <nd ref="-2908" />
    <nd ref="-2909" />
    <nd ref="-2910" />
    <nd ref="-2911" />
    <nd ref="-2912" />
    <nd ref="-2884" />
    <tag k="building" v="yes" />
  </way>
  <way id="-1000000563" visible="true">
    <nd ref="-2913" />
    <nd ref="-2914" />
    <nd ref="-2915" />
    <nd ref="-2916" />
    <nd ref="-2913" />
    <tag k="building" v="service" />
  </way>
  <way id="-1000000564" visible="true">
    <nd ref="-2917" />
    <nd ref="-2918" />
    <nd ref="-2919" />
    <nd ref="-2920" />
    <nd ref="-2917" />
    <tag k="building" v="toilets" />
  </way>
  <way id="-1000000565" visible="true">
    <nd ref="-860" />
    <nd ref="-2921" />
    <nd ref="-2922" />
    <nd ref="-2923" />
    <nd ref="-860" />
    <tag k="addr:city" v="Ingolstadt" />
    <tag k="addr:country" v="DE" />
    <tag k="addr:housenumber" v="37" />
    <tag k="addr:postcode" v="85049" />
    <tag k="addr:street" v="Unterer Graben" />
    <tag k="alt_name" v="Ziegelbastei" />
    <tag k="building" v="yes" />
    <tag k="name" v="Wunderlkasematte" />
  </way>
  <way id="-1000000566" visible="true">
    <nd ref="-191" />
    <nd ref="-2924" />
    <nd ref="-2925" />
    <nd ref="-2926" />
    <nd ref="-2927" />
    <nd ref="-2928" />
    <nd ref="-186" />
    <nd ref="-191" />
    <tag k="building" v="university" />
    <tag k="building:levels" v="2" />
    <tag k="nohousenumber" v="yes" />
    <tag k="ref" v="M" />
    <tag k="source" v="HiRes aerial imagery" />
  </way>
  <way id="-1000000567" visible="true">
    <nd ref="-2929" />
    <nd ref="-2930" />
    <nd ref="-2931" />
    <nd ref="-2932" />
    <nd ref="-2933" />
    <nd ref="-2934" />
    <nd ref="-2935" />
    <nd ref="-2936" />
    <nd ref="-2937" />
    <nd ref="-2938" />
    <nd ref="-2939" />
    <nd ref="-2940" />
    <nd ref="-2941" />
    <nd ref="-2942" />
    <nd ref="-2943" />
    <nd ref="-2944" />
    <nd ref="-2945" />
    <nd ref="-2946" />
    <nd ref="-2947" />
    <nd ref="-2948" />
    <nd ref="-2949" />
    <nd ref="-2950" />
    <nd ref="-2951" />
    <nd ref="-2952" />
    <nd ref="-2953" />
    <nd ref="-2954" />
    <nd ref="-2955" />
    <nd ref="-2956" />
    <nd ref="-2957" />
    <nd ref="-2958" />
    <nd ref="-2959" />
    <nd ref="-2960" />
    <nd ref="-2961" />
    <nd ref="-2962" />
    <nd ref="-2963" />
    <nd ref="-2964" />
    <nd ref="-2965" />
    <nd ref="-2966" />
    <nd ref="-2967" />
    <nd ref="-2968" />
    <nd ref="-2969" />
    <nd ref="-2970" />
    <nd ref="-2971" />
    <nd ref="-2972" />
    <nd ref="-2973" />
    <nd ref="-2974" />
    <nd ref="-2975" />
    <nd ref="-2976" />
    <nd ref="-2977" />
    <nd ref="-2978" />
    <nd ref="-2979" />
    <nd ref="-2980" />
    <nd ref="-2981" />
    <nd ref="-2982" />
    <nd ref="-2929" />
    <tag k="addr:city" v="Ingolstadt" />
    <tag k="addr:country" v="DE" />
    <tag k="addr:housename" v="Z" />
    <tag k="addr:housenumber" v="1" />
    <tag k="addr:postcode" v="85049" />
    <tag k="addr:street" v="Heydeckstraße" />
    <tag k="amenity" v="public_building" />
    <tag k="building" v="yes" />
    <tag k="layer" v="1" />
    <tag k="name" v="Kavalier Heydeck" />
    <tag k="ref" v="Z" />
    <tag k="source" v="HiRes aerial imagery" />
  </way>
  <way id="-1000000568" visible="true">
    <nd ref="-1059" />
    <nd ref="-2983" />
    <nd ref="-2984" />
    <nd ref="-2985" />
    <nd ref="-1060" />
    <nd ref="-1059" />
    <tag k="building" v="yes" />
    <tag k="source" v="HiRes aerial imagery" />
  </way>
  <way id="-1000000569" visible="true">
    <nd ref="-1062" />
    <nd ref="-1161" />
    <nd ref="-1162" />
    <nd ref="-1061" />
    <nd ref="-1062" />
    <tag k="building" v="yes" />
    <tag k="source" v="HiRes aerial imagery" />
  </way>
  <way id="-1000000570" visible="true">
    <nd ref="-2983" />
    <nd ref="-2986" />
    <nd ref="-2987" />
    <nd ref="-2984" />
    <nd ref="-2983" />
    <tag k="addr:city" v="Ingolstadt" />
    <tag k="addr:country" v="DE" />
    <tag k="addr:housenumber" v="7" />
    <tag k="addr:postcode" v="85049" />
    <tag k="addr:street" v="Adolf-Kolping-Straße" />
    <tag k="building" v="yes" />
    <tag k="source" v="HiRes aerial imagery" />
  </way>
  <way id="-1000000571" visible="true">
    <nd ref="-2988" />
    <nd ref="-1059" />
    <nd ref="-1058" />
    <nd ref="-2330" />
    <nd ref="-2329" />
    <nd ref="-2988" />
    <tag k="addr:city" v="Ingolstadt" />
    <tag k="addr:country" v="DE" />
    <tag k="addr:housenumber" v="7a" />
    <tag k="addr:postcode" v="85049" />
    <tag k="addr:street" v="Adolf-Kolping-Straße" />
    <tag k="building" v="yes" />
    <tag k="source" v="HiRes aerial imagery" />
  </way>
  <way id="-1000000572" visible="true">
    <nd ref="-2988" />
    <nd ref="-2329" />
    <nd ref="-2333" />
    <nd ref="-2989" />
    <nd ref="-2990" />
    <nd ref="-2988" />
    <tag k="addr:city" v="Ingolstadt" />
    <tag k="addr:country" v="DE" />
    <tag k="addr:housenumber" v="7b" />
    <tag k="addr:postcode" v="85049" />
    <tag k="addr:street" v="Adolf-Kolping-Straße" />
    <tag k="building" v="yes" />
    <tag k="source" v="HiRes aerial imagery" />
  </way>
  <way id="-1000000573" visible="true">
    <nd ref="-2991" />
    <nd ref="-2992" />
    <nd ref="-2993" />
    <nd ref="-2994" />
    <nd ref="-2995" />
    <nd ref="-2996" />
    <nd ref="-2991" />
    <tag k="building" v="yes" />
  </way>
  <way id="-1000000574" visible="true">
    <nd ref="-2997" />
    <nd ref="-2998" />
    <nd ref="-2999" />
    <nd ref="-3000" />
    <nd ref="-2997" />
    <tag k="building" v="yes" />
  </way>
  <way id="-1000000575" visible="true">
    <nd ref="-3001" />
    <nd ref="-3002" />
    <nd ref="-3003" />
    <nd ref="-3004" />
    <nd ref="-3005" />
    <nd ref="-3006" />
    <nd ref="-3007" />
    <nd ref="-1914" />
    <nd ref="-1913" />
    <nd ref="-3001" />
    <tag k="building" v="yes" />
    <tag k="historic" v="yes" />
    <tag k="source" v="HiRes aerial imagery" />
  </way>
  <way id="-1000000576" visible="true">
    <nd ref="-3008" />
    <nd ref="-3009" />
    <nd ref="-3010" />
    <nd ref="-3011" />
    <nd ref="-3008" />
    <tag k="building" v="yes" />
  </way>
  <way id="-1000000577" visible="true">
    <nd ref="-3012" />
    <nd ref="-3013" />
    <nd ref="-3014" />
    <nd ref="-3015" />
    <nd ref="-3016" />
    <nd ref="-3017" />
    <nd ref="-3018" />
    <nd ref="-3012" />
    <tag k="building" v="yes" />
  </way>
  <way id="-1000000578" visible="true">
    <nd ref="-3019" />
    <nd ref="-3020" />
    <nd ref="-3021" />
    <nd ref="-3022" />
    <nd ref="-3023" />
    <nd ref="-3024" />
    <nd ref="-3025" />
    <nd ref="-3026" />
    <nd ref="-3027" />
    <nd ref="-3019" />
    <tag k="building" v="yes" />
  </way>
  <way id="-1000000579" visible="true">
    <nd ref="-3028" />
    <nd ref="-3029" />
    <nd ref="-3030" />
    <nd ref="-3031" />
    <nd ref="-3028" />
    <tag k="building" v="yes" />
    <tag k="source" v="HiRes aerial imagery" />
  </way>
  <way id="-1000000580" visible="true">
    <nd ref="-3032" />
    <nd ref="-3033" />
    <nd ref="-3034" />
    <nd ref="-3035" />
    <nd ref="-3032" />
    <tag k="building" v="yes" />
    <tag k="source" v="HiRes aerial imagery" />
  </way>
  <way id="-1000000581" visible="true">
    <nd ref="-3036" />
    <nd ref="-3037" />
    <nd ref="-3038" />
    <nd ref="-3039" />
    <nd ref="-3036" />
    <tag k="building" v="yes" />
  </way>
  <way id="-1000000582" visible="true">
    <nd ref="-3040" />
    <nd ref="-3041" />
    <nd ref="-3042" />
    <nd ref="-3043" />
    <nd ref="-3040" />
    <tag k="building" v="yes" />
  </way>
  <way id="-1000000583" visible="true">
    <nd ref="-3044" />
    <nd ref="-3045" />
    <nd ref="-3046" />
    <nd ref="-3047" />
    <nd ref="-3044" />
    <tag k="building" v="yes" />
  </way>
  <way id="-1000000584" visible="true">
    <nd ref="-3048" />
    <nd ref="-3049" />
    <nd ref="-3050" />
    <nd ref="-3051" />
    <nd ref="-3052" />
    <nd ref="-3053" />
    <nd ref="-3048" />
    <tag k="building" v="yes" />
  </way>
  <way id="-1000000585" visible="true">
    <nd ref="-3054" />
    <nd ref="-852" />
    <nd ref="-851" />
    <nd ref="-850" />
    <nd ref="-849" />
    <nd ref="-3055" />
    <nd ref="-3056" />
    <nd ref="-3054" />
    <tag k="building" v="yes" />
    <tag k="name" v="Altes Feldkirchner Tor" />
  </way>
  <way id="-1000000586" visible="true">
    <nd ref="-3057" />
    <nd ref="-3058" />
    <nd ref="-3059" />
    <nd ref="-3060" />
    <nd ref="-3057" />
    <tag k="building" v="construction" />
    <tag k="building:levels" v="3" />
    <tag k="roof:levels" v="1" />
  </way>
  <way id="-1000000587" visible="true">
    <nd ref="-1002" />
    <nd ref="-1001" />
    <nd ref="-3061" />
    <nd ref="-3062" />
    <nd ref="-3063" />
    <nd ref="-3064" />
    <nd ref="-1002" />
    <tag k="addr:city" v="Ingolstadt" />
    <tag k="addr:housenumber" v="14" />
    <tag k="addr:postcode" v="85049" />
    <tag k="addr:street" v="Harderstraße" />
    <tag k="building" v="yes" />
    <tag k="building:levels" v="4" />
    <tag k="name" v="Friseur Ecker" />
    <tag k="shop" v="hairdresser" />
  </way>
  <way id="-1000000588" visible="true">
    <nd ref="-3062" />
    <nd ref="-3065" />
    <nd ref="-3066" />
    <nd ref="-3067" />
    <nd ref="-3068" />
    <nd ref="-3069" />
    <nd ref="-3070" />
    <nd ref="-3071" />
    <nd ref="-3064" />
    <nd ref="-3063" />
    <nd ref="-3062" />
    <tag k="addr:city" v="Ingolstadt" />
    <tag k="addr:country" v="DE" />
    <tag k="addr:housenumber" v="16" />
    <tag k="addr:postcode" v="85049" />
    <tag k="addr:street" v="Harderstraße" />
    <tag k="building" v="yes" />
    <tag k="building:levels" v="3" />
    <tag k="height" v="10" />
  </way>
  <way id="-1000000589" visible="true">
    <nd ref="-3066" />
    <nd ref="-3072" />
    <nd ref="-3073" />
    <nd ref="-3074" />
    <nd ref="-3075" />
    <nd ref="-3076" />
    <nd ref="-3067" />
    <nd ref="-3066" />
    <tag k="addr:city" v="Ingolstadt" />
    <tag k="addr:country" v="DE" />
    <tag k="addr:housenumber" v="18" />
    <tag k="addr:postcode" v="85049" />
    <tag k="addr:street" v="Harderstraße" />
    <tag k="building" v="yes" />
    <tag k="building:levels" v="3" />
    <tag k="roof:levels" v="1" />
    <tag k="roof:orientation" v="along" />
    <tag k="roof:shape" v="gabled" />
  </way>
  <way id="-1000000590" visible="true">
    <nd ref="-3073" />
    <nd ref="-3077" />
    <nd ref="-3078" />
    <nd ref="-3074" />
    <nd ref="-3073" />
    <tag k="building" v="yes" />
  </way>
  <way id="-1000000591" visible="true">
    <nd ref="-3079" />
    <nd ref="-3080" />
    <nd ref="-3081" />
    <nd ref="-3082" />
    <nd ref="-3079" />
    <tag k="building" v="yes" />
  </way>
  <way id="-1000000592" visible="true">
    <nd ref="-3083" />
    <nd ref="-3084" />
    <nd ref="-3079" />
    <nd ref="-3082" />
    <nd ref="-614" />
    <nd ref="-613" />
    <nd ref="-3085" />
    <nd ref="-3086" />
    <nd ref="-3083" />
    <tag k="building" v="yes" />
  </way>
  <way id="-1000000593" visible="true">
    <nd ref="-3087" />
    <nd ref="-3088" />
    <nd ref="-3089" />
    <nd ref="-3090" />
    <nd ref="-3086" />
    <nd ref="-3083" />
    <nd ref="-3091" />
    <nd ref="-3087" />
    <tag k="building" v="yes" />
  </way>
  <way id="-1000000594" visible="true">
    <nd ref="-2166" />
    <nd ref="-3092" />
    <nd ref="-3091" />
    <nd ref="-3087" />
    <nd ref="-3088" />
    <nd ref="-2167" />
    <nd ref="-2166" />
    <tag k="building" v="yes" />
  </way>
  <way id="-1000000595" visible="true">
    <nd ref="-3093" />
    <nd ref="-3094" />
    <nd ref="-3095" />
    <nd ref="-3096" />
    <nd ref="-3097" />
    <nd ref="-3098" />
    <nd ref="-3099" />
    <nd ref="-3100" />
    <nd ref="-3093" />
    <tag k="building" v="yes" />
  </way>
  <way id="-1000000596" visible="true">
    <nd ref="-2140" />
    <nd ref="-3100" />
    <nd ref="-3093" />
    <nd ref="-2141" />
    <nd ref="-2140" />
    <tag k="building" v="yes" />
  </way>
  <way id="-1000000597" visible="true">
    <nd ref="-641" />
    <nd ref="-3101" />
    <nd ref="-3102" />
    <nd ref="-2136" />
    <nd ref="-2135" />
    <nd ref="-643" />
    <nd ref="-642" />
    <nd ref="-641" />
    <tag k="building" v="yes" />
  </way>
  <way id="-1000000598" visible="true">
    <nd ref="-3103" />
    <nd ref="-3099" />
    <nd ref="-3098" />
    <nd ref="-3101" />
    <nd ref="-3102" />
    <nd ref="-3103" />
    <tag k="building" v="yes" />
  </way>
  <way id="-1000000599" visible="true">
    <nd ref="-981" />
    <nd ref="-3104" />
    <nd ref="-3105" />
    <nd ref="-982" />
    <nd ref="-981" />
    <tag k="building" v="yes" />
  </way>
  <way id="-1000000600" visible="true">
    <nd ref="-2662" />
    <nd ref="-2661" />
    <nd ref="-3106" />
    <nd ref="-457" />
    <nd ref="-458" />
    <nd ref="-459" />
    <nd ref="-522" />
    <nd ref="-3107" />
    <nd ref="-3108" />
    <nd ref="-3109" />
    <nd ref="-2663" />
    <nd ref="-2662" />
    <tag k="building" v="yes" />
  </way>
  <way id="-1000000601" visible="true">
    <nd ref="-1009" />
    <nd ref="-3110" />
    <nd ref="-3111" />
    <nd ref="-3112" />
    <nd ref="-3113" />
    <nd ref="-999" />
    <nd ref="-1011" />
    <nd ref="-1010" />
    <nd ref="-1009" />
    <tag k="building" v="yes" />
    <tag k="building:levels" v="5" />
    <tag k="height" v="17" />
  </way>
  <way id="-1000000602" visible="true">
    <nd ref="-1008" />
    <nd ref="-3114" />
    <nd ref="-3115" />
    <nd ref="-3116" />
    <nd ref="-1022" />
    <nd ref="-1021" />
    <nd ref="-3110" />
    <nd ref="-1009" />
    <nd ref="-1008" />
    <tag k="addr:city" v="Ingolstadt" />
    <tag k="addr:housenumber" v="6 A B" />
    <tag k="addr:postcode" v="85049" />
    <tag k="addr:street" v="Adolf-Kolping-Straße" />
    <tag k="building" v="yes" />
    <tag k="building:levels" v="4" />
  </way>
  <way id="-1000000603" visible="true">
    <nd ref="-3110" />
    <nd ref="-3117" />
    <nd ref="-3118" />
    <nd ref="-3113" />
    <nd ref="-3112" />
    <nd ref="-3119" />
    <nd ref="-3120" />
    <nd ref="-3111" />
    <nd ref="-3110" />
    <tag k="building" v="yes" />
    <tag k="building:levels" v="5" />
  </way>
  <way id="-1000000604" visible="true">
    <nd ref="-3117" />
    <nd ref="-3121" />
    <nd ref="-3122" />
    <nd ref="-3123" />
    <nd ref="-3124" />
    <nd ref="-3118" />
    <nd ref="-3117" />
    <tag k="building" v="yes" />
    <tag k="building:levels" v="5" />
    <tag k="height" v="17" />
  </way>
  <way id="-1000000605" visible="true">
    <nd ref="-3125" />
    <nd ref="-3126" />
    <nd ref="-3127" />
    <nd ref="-3128" />
    <nd ref="-3129" />
    <nd ref="-3130" />
    <nd ref="-3131" />
    <nd ref="-3132" />
    <nd ref="-3133" />
    <nd ref="-3134" />
    <nd ref="-3135" />
    <nd ref="-3136" />
    <nd ref="-3137" />
    <nd ref="-3125" />
    <tag k="building" v="yes" />
  </way>
  <way id="-1000000606" visible="true">
    <nd ref="-3138" />
    <nd ref="-3139" />
    <nd ref="-3140" />
    <nd ref="-3141" />
    <nd ref="-3142" />
    <nd ref="-3143" />
    <nd ref="-3144" />
    <nd ref="-3145" />
    <nd ref="-3146" />
    <nd ref="-3147" />
    <nd ref="-3148" />
    <nd ref="-3149" />
    <nd ref="-3150" />
    <nd ref="-3151" />
    <nd ref="-3152" />
    <nd ref="-3153" />
    <nd ref="-3154" />
    <nd ref="-3155" />
    <nd ref="-3138" />
    <tag k="building" v="apartments" />
    <tag k="name" v="IN Tower" />
  </way>
  <way id="-1000000607" visible="true">
    <nd ref="-3156" />
    <nd ref="-3157" />
    <nd ref="-3158" />
    <nd ref="-3159" />
    <nd ref="-3160" />
    <nd ref="-3161" />
    <nd ref="-3162" />
    <nd ref="-3163" />
    <nd ref="-3164" />
    <nd ref="-3156" />
    <tag k="building" v="yes" />
  </way>
  <way id="-1000000608" visible="true">
    <nd ref="-872" />
    <nd ref="-3165" />
    <nd ref="-347" />
    <nd ref="-351" />
    <nd ref="-868" />
    <nd ref="-3166" />
    <nd ref="-3167" />
    <nd ref="-875" />
    <nd ref="-872" />
    <tag k="building" v="yes" />
    <tag k="note" v="Daten in Relation" />
  </way>
  <way id="-1000000609" visible="true">
    <nd ref="-3168" />
    <nd ref="-3169" />
    <nd ref="-3170" />
    <nd ref="-3171" />
    <nd ref="-3172" />
    <nd ref="-3173" />
    <nd ref="-3174" />
    <nd ref="-3175" />
    <nd ref="-3176" />
    <nd ref="-3177" />
    <nd ref="-3178" />
    <nd ref="-3179" />
    <nd ref="-3168" />
    <tag k="building" v="yes" />
    <tag k="name" v="Körnermagazin" />
    <tag k="source" v="HiRes aerial imagery" />
  </way>
  <way id="-1000000610" visible="true">
    <nd ref="-3180" />
    <nd ref="-3181" />
    <nd ref="-3182" />
    <nd ref="-3183" />
    <nd ref="-3180" />
    <tag k="abandoned" v="yes" />
    <tag k="building" v="yes" />
    <tag k="name" v="Körnermagazin" />
    <tag k="source" v="HiRes aerial imagery" />
  </way>
  <way id="-1000000611" visible="true">
    <nd ref="-3184" />
    <nd ref="-3185" />
    <nd ref="-1313" />
    <nd ref="-1314" />
    <nd ref="-3184" />
    <tag k="building" v="yes" />
    <tag k="building:levels" v="2" />
    <tag k="historic" v="city_gate" />
    <tag k="note" v="Stadttor" />
  </way>
  <way id="-1000000612" visible="true">
    <nd ref="-3186" />
    <nd ref="-3187" />
    <nd ref="-2423" />
    <nd ref="-2422" />
    <nd ref="-3186" />
    <tag k="building" v="yes" />
    <tag k="building:levels" v="2" />
    <tag k="historic" v="city_gate" />
    <tag k="note" v="Stadttor" />
  </way>
  <way id="-1000000613" visible="true">
    <nd ref="-3186" />
    <nd ref="-3188" />
    <nd ref="-3184" />
    <nd ref="-3185" />
    <nd ref="-3189" />
    <nd ref="-3187" />
    <nd ref="-3186" />
    <tag k="building" v="yes" />
    <tag k="building:levels" v="2" />
    <tag k="building:min_level" v="1" />
    <tag k="historic" v="city_gate" />
    <tag k="min_height" v="3.8" />
    <tag k="note" v="Stadttor" />
  </way>
  <way id="-1000000614" visible="true">
    <nd ref="-3190" />
    <nd ref="-3191" />
    <nd ref="-3192" />
    <nd ref="-3019" />
    <nd ref="-3027" />
    <nd ref="-3193" />
    <nd ref="-3194" />
    <nd ref="-3195" />
    <nd ref="-3190" />
    <tag k="amenity" v="parking" />
    <tag k="building" v="yes" />
    <tag k="layer" v="-1" />
    <tag k="parking" v="underground" />
  </way>
  <way id="-1000000615" visible="true">
    <nd ref="-3071" />
    <nd ref="-3070" />
    <nd ref="-1004" />
    <nd ref="-1003" />
    <nd ref="-3071" />
    <tag k="building" v="yes" />
  </way>
  <way id="-1000000616" visible="true">
    <nd ref="-3196" />
    <nd ref="-3197" />
    <nd ref="-3198" />
    <nd ref="-3069" />
    <nd ref="-3068" />
    <nd ref="-3199" />
    <nd ref="-3200" />
    <nd ref="-3196" />
    <tag k="building" v="yes" />
  </way>
  <way id="-1000000617" visible="true">
    <nd ref="-3078" />
    <nd ref="-3196" />
    <nd ref="-3200" />
    <nd ref="-3074" />
    <nd ref="-3078" />
    <tag k="building" v="yes" />
  </way>
  <way id="-1000000618" visible="true">
    <nd ref="-872" />
    <nd ref="-3165" />
    <nd ref="-347" />
    <nd ref="-351" />
    <nd ref="-868" />
    <nd ref="-3166" />
    <nd ref="-3167" />
    <nd ref="-875" />
    <nd ref="-872" />
    <tag k="amenity" v="monastery" />
    <tag k="building" v="yes" />
    <tag k="denomination" v="catholic" />
    <tag k="name" v="Kloster Gnadenthal" />
    <tag k="religion" v="christian" />
    <tag k="type" v="multipolygon" />
    <tag k="wheelchair" v="no" />
    <tag k="wikidata" v="Q1775272" />
    <tag k="wikipedia" v="de:Kloster Gnadenthal (Bayern)" />
  </way>
  <way id="-1000000619" visible="true">
    <nd ref="-3201" />
    <nd ref="-437" />
    <nd ref="-436" />
    <nd ref="-550" />
    <nd ref="-3202" />
    <nd ref="-3203" />
    <nd ref="-3201" />
    <tag k="addr:city" v="Ingolstadt" />
    <tag k="addr:country" v="DE" />
    <tag k="addr:housenumber" v="1" />
    <tag k="addr:postcode" v="85049" />
    <tag k="addr:street" v="Gymnasiumstraße" />
    <tag k="building" v="yes" />
    <tag k="type" v="multipolygon" />
  </way>
  <way id="-1000000620" visible="true">
    <nd ref="-3190" />
    <nd ref="-3204" />
    <nd ref="-3205" />
    <nd ref="-3206" />
    <nd ref="-3207" />
    <nd ref="-3208" />
    <nd ref="-3209" />
    <nd ref="-568" />
    <nd ref="-572" />
    <nd ref="-3210" />
    <nd ref="-3194" />
    <nd ref="-3195" />
    <nd ref="-3190" />
    <tag k="addr:city" v="Ingolstadt" />
    <tag k="addr:country" v="DE" />
    <tag k="addr:housenumber" v="24" />
    <tag k="addr:postcode" v="85049" />
    <tag k="addr:street" v="Harderstraße" />
    <tag k="building" v="yes" />
    <tag k="type" v="multipolygon" />
  </way>
  <way id="-1000000621" visible="true">
    <nd ref="-287" />
    <nd ref="-3211" />
    <nd ref="-3212" />
    <nd ref="-3213" />
    <nd ref="-3214" />
    <nd ref="-3215" />
    <nd ref="-324" />
    <nd ref="-323" />
    <nd ref="-3216" />
    <nd ref="-3217" />
    <nd ref="-3218" />
    <nd ref="-1020" />
    <nd ref="-1019" />
    <nd ref="-3219" />
    <nd ref="-1373" />
    <nd ref="-288" />
    <nd ref="-287" />
    <tag k="building" v="yes" />
    <tag k="type" v="multipolygon" />
  </way>
  <way id="-1000000622" visible="true">
    <nd ref="-2285" />
    <nd ref="-2291" />
    <nd ref="-2290" />
    <nd ref="-3220" />
    <nd ref="-3221" />
    <nd ref="-2293" />
    <nd ref="-2294" />
    <nd ref="-3222" />
    <nd ref="-3223" />
    <nd ref="-1988" />
    <nd ref="-1987" />
    <nd ref="-1986" />
    <nd ref="-2277" />
    <nd ref="-2301" />
    <nd ref="-2300" />
    <nd ref="-2285" />
    <tag k="addr:city" v="Ingolstadt" />
    <tag k="addr:country" v="DE" />
    <tag k="addr:housenumber" v="25" />
    <tag k="addr:postcode" v="85049" />
    <tag k="addr:street" v="Ludwigstraße" />
    <tag k="building" v="yes" />
    <tag k="description" v="Gebäude steht leer, ckol_19-04-2015" />
    <tag k="name" v="City Arcaden" />
    <tag k="type" v="multipolygon" />
  </way>
  <way id="-1000000623" visible="true">
    <nd ref="-3224" />
    <nd ref="-3225" />
    <nd ref="-3226" />
    <nd ref="-3227" />
    <nd ref="-3228" />
    <nd ref="-3229" />
    <nd ref="-3230" />
    <nd ref="-3231" />
    <nd ref="-3224" />
    <tag k="building" v="house" />
    <tag k="building:levels" v="5" />
    <tag k="roof:levels" v="0" />
    <tag k="type" v="multipolygon" />
  </way>
  <way id="-1000000624" visible="true">
    <nd ref="-3232" />
    <nd ref="-3233" />
    <nd ref="-3234" />
    <nd ref="-3235" />
    <nd ref="-1067" />
    <nd ref="-1546" />
    <nd ref="-1442" />
    <nd ref="-3232" />
    <tag k="building" v="yes" />
    <tag k="type" v="multipolygon" />
  </way>
  <way id="-1000000625" visible="true">
    <nd ref="-3054" />
    <nd ref="-852" />
    <nd ref="-851" />
    <nd ref="-850" />
    <nd ref="-849" />
    <nd ref="-3055" />
    <nd ref="-3056" />
    <nd ref="-3054" />
    <tag k="addr:city" v="Ingolstadt" />
    <tag k="addr:country" v="DE" />
    <tag k="addr:housenumber" v="4" />
    <tag k="addr:postcode" v="85049" />
    <tag k="addr:street" v="Paradeplatz" />
    <tag k="building" v="yes" />
    <tag k="castle_type" v="stately" />
    <tag k="historic" v="castle" />
    <tag k="name" v="Neues Schloss" />
    <tag k="source" v="HiRes aerial imagery" />
    <tag k="type" v="site" />
    <tag k="wikidata" v="Q82878" />
    <tag k="wikipedia" v="de:Neues Schloss (Ingolstadt)" />
  </way>
  <way id="-1000000626" visible="true">
    <nd ref="-842" />
    <nd ref="-162" />
    <nd ref="-163" />
    <nd ref="-164" />
    <nd ref="-2182" />
    <nd ref="-842" />
    <tag k="addr:city" v="Ingolstadt" />
    <tag k="addr:country" v="DE" />
    <tag k="addr:housenumber" v="4" />
    <tag k="addr:postcode" v="85049" />
    <tag k="addr:street" v="Paradeplatz" />
    <tag k="building" v="yes" />
    <tag k="castle_type" v="stately" />
    <tag k="historic" v="castle" />
    <tag k="name" v="Neues Schloss" />
    <tag k="source" v="HiRes aerial imagery" />
    <tag k="type" v="site" />
    <tag k="wikidata" v="Q82878" />
    <tag k="wikipedia" v="de:Neues Schloss (Ingolstadt)" />
  </way>
  <way id="-1000000627" visible="true">
    <nd ref="-145" />
    <nd ref="-2177" />
    <nd ref="-166" />
    <nd ref="-167" />
    <nd ref="-168" />
    <nd ref="-144" />
    <nd ref="-145" />
    <tag k="addr:city" v="Ingolstadt" />
    <tag k="addr:country" v="DE" />
    <tag k="addr:housenumber" v="4" />
    <tag k="addr:postcode" v="85049" />
    <tag k="addr:street" v="Paradeplatz" />
    <tag k="building" v="yes" />
    <tag k="castle_type" v="stately" />
    <tag k="historic" v="castle" />
    <tag k="name" v="Neues Schloss" />
    <tag k="source" v="HiRes aerial imagery" />
    <tag k="type" v="site" />
    <tag k="wikidata" v="Q82878" />
    <tag k="wikipedia" v="de:Neues Schloss (Ingolstadt)" />
  </way>
  <way id="-1000000628" visible="true">
    <nd ref="-2183" />
    <nd ref="-2184" />
    <nd ref="-2185" />
    <nd ref="-156" />
    <nd ref="-157" />
    <nd ref="-158" />
    <nd ref="-2186" />
    <nd ref="-2183" />
    <tag k="addr:city" v="Ingolstadt" />
    <tag k="addr:country" v="DE" />
    <tag k="addr:housenumber" v="4" />
    <tag k="addr:postcode" v="85049" />
    <tag k="addr:street" v="Paradeplatz" />
    <tag k="building" v="yes" />
    <tag k="castle_type" v="stately" />
    <tag k="historic" v="castle" />
    <tag k="name" v="Neues Schloss" />
    <tag k="source" v="HiRes aerial imagery" />
    <tag k="type" v="site" />
    <tag k="wikidata" v="Q82878" />
    <tag k="wikipedia" v="de:Neues Schloss (Ingolstadt)" />
  </way>
  <way id="-1000000629" visible="true">
    <nd ref="-840" />
    <nd ref="-841" />
    <nd ref="-161" />
    <nd ref="-162" />
    <nd ref="-842" />
    <nd ref="-843" />
    <nd ref="-844" />
    <nd ref="-845" />
    <nd ref="-846" />
    <nd ref="-847" />
    <nd ref="-848" />
    <nd ref="-849" />
    <nd ref="-850" />
    <nd ref="-851" />
    <nd ref="-852" />
    <nd ref="-853" />
    <nd ref="-854" />
    <nd ref="-855" />
    <nd ref="-856" />
    <nd ref="-840" />
    <tag k="addr:city" v="Ingolstadt" />
    <tag k="addr:country" v="DE" />
    <tag k="addr:housenumber" v="4" />
    <tag k="addr:postcode" v="85049" />
    <tag k="addr:street" v="Paradeplatz" />
    <tag k="building" v="yes" />
    <tag k="castle_type" v="stately" />
    <tag k="historic" v="castle" />
    <tag k="name" v="Neues Schloss" />
    <tag k="source" v="HiRes aerial imagery" />
    <tag k="type" v="site" />
    <tag k="wikidata" v="Q82878" />
    <tag k="wikipedia" v="de:Neues Schloss (Ingolstadt)" />
  </way>
  <way id="-1000000630" visible="true">
    <nd ref="-857" />
    <nd ref="-137" />
    <nd ref="-138" />
    <nd ref="-858" />
    <nd ref="-859" />
    <nd ref="-857" />
    <tag k="addr:city" v="Ingolstadt" />
    <tag k="addr:country" v="DE" />
    <tag k="addr:housenumber" v="4" />
    <tag k="addr:postcode" v="85049" />
    <tag k="addr:street" v="Paradeplatz" />
    <tag k="building" v="yes" />
    <tag k="castle_type" v="stately" />
    <tag k="historic" v="castle" />
    <tag k="name" v="Neues Schloss" />
    <tag k="source" v="HiRes aerial imagery" />
    <tag k="type" v="site" />
    <tag k="wikidata" v="Q82878" />
    <tag k="wikipedia" v="de:Neues Schloss (Ingolstadt)" />
  </way>
  <way id="-1000000631" visible="true">
    <nd ref="-120" />
    <nd ref="-121" />
    <nd ref="-122" />
    <nd ref="-123" />
    <nd ref="-124" />
    <nd ref="-125" />
    <nd ref="-126" />
    <nd ref="-127" />
    <nd ref="-128" />
    <nd ref="-129" />
    <nd ref="-130" />
    <nd ref="-131" />
    <nd ref="-132" />
    <nd ref="-133" />
    <nd ref="-134" />
    <nd ref="-135" />
    <nd ref="-136" />
    <nd ref="-137" />
    <nd ref="-138" />
    <nd ref="-139" />
    <nd ref="-120" />
    <tag k="addr:city" v="Ingolstadt" />
    <tag k="addr:country" v="DE" />
    <tag k="addr:housenumber" v="4" />
    <tag k="addr:postcode" v="85049" />
    <tag k="addr:street" v="Paradeplatz" />
    <tag k="building" v="yes" />
    <tag k="castle_type" v="stately" />
    <tag k="historic" v="castle" />
    <tag k="name" v="Neues Schloss" />
    <tag k="source" v="HiRes aerial imagery" />
    <tag k="type" v="site" />
    <tag k="wikidata" v="Q82878" />
    <tag k="wikipedia" v="de:Neues Schloss (Ingolstadt)" />
  </way>
  <way id="-1000000632" visible="true">
    <nd ref="-1913" />
    <nd ref="-1914" />
    <nd ref="-1915" />
    <nd ref="-1916" />
    <nd ref="-1917" />
    <nd ref="-152" />
    <nd ref="-151" />
    <nd ref="-1918" />
    <nd ref="-1913" />
    <tag k="addr:city" v="Ingolstadt" />
    <tag k="addr:country" v="DE" />
    <tag k="addr:housenumber" v="4" />
    <tag k="addr:postcode" v="85049" />
    <tag k="addr:street" v="Paradeplatz" />
    <tag k="building" v="yes" />
    <tag k="castle_type" v="stately" />
    <tag k="historic" v="castle" />
    <tag k="name" v="Neues Schloss" />
    <tag k="source" v="HiRes aerial imagery" />
    <tag k="type" v="site" />
    <tag k="wikidata" v="Q82878" />
    <tag k="wikipedia" v="de:Neues Schloss (Ingolstadt)" />
  </way>
  <way id="-1000000633" visible="true">
    <nd ref="-2178" />
    <nd ref="-153" />
    <nd ref="-154" />
    <nd ref="-140" />
    <nd ref="-2179" />
    <nd ref="-2180" />
    <nd ref="-2181" />
    <nd ref="-2178" />
    <tag k="addr:city" v="Ingolstadt" />
    <tag k="addr:country" v="DE" />
    <tag k="addr:housenumber" v="4" />
    <tag k="addr:postcode" v="85049" />
    <tag k="addr:street" v="Paradeplatz" />
    <tag k="building" v="yes" />
    <tag k="castle_type" v="stately" />
    <tag k="historic" v="castle" />
    <tag k="name" v="Neues Schloss" />
    <tag k="source" v="HiRes aerial imagery" />
    <tag k="type" v="site" />
    <tag k="wikidata" v="Q82878" />
    <tag k="wikipedia" v="de:Neues Schloss (Ingolstadt)" />
  </way>
  <way id="-1000000634" visible="true">
    <nd ref="-140" />
    <nd ref="-141" />
    <nd ref="-142" />
    <nd ref="-143" />
    <nd ref="-144" />
    <nd ref="-145" />
    <nd ref="-146" />
    <nd ref="-147" />
    <nd ref="-148" />
    <nd ref="-149" />
    <nd ref="-150" />
    <nd ref="-151" />
    <nd ref="-152" />
    <nd ref="-153" />
    <nd ref="-154" />
    <nd ref="-140" />
    <tag k="addr:city" v="Ingolstadt" />
    <tag k="addr:country" v="DE" />
    <tag k="addr:housenumber" v="4" />
    <tag k="addr:postcode" v="85049" />
    <tag k="addr:street" v="Paradeplatz" />
    <tag k="building" v="yes" />
    <tag k="castle_type" v="stately" />
    <tag k="historic" v="castle" />
    <tag k="name" v="Neues Schloss" />
    <tag k="source" v="HiRes aerial imagery" />
    <tag k="type" v="site" />
    <tag k="wikidata" v="Q82878" />
    <tag k="wikipedia" v="de:Neues Schloss (Ingolstadt)" />
  </way>
  <way id="-1000000635" visible="true">
    <nd ref="-155" />
    <nd ref="-156" />
    <nd ref="-157" />
    <nd ref="-158" />
    <nd ref="-159" />
    <nd ref="-160" />
    <nd ref="-161" />
    <nd ref="-162" />
    <nd ref="-163" />
    <nd ref="-164" />
    <nd ref="-165" />
    <nd ref="-166" />
    <nd ref="-167" />
    <nd ref="-168" />
    <nd ref="-169" />
    <nd ref="-170" />
    <nd ref="-171" />
    <nd ref="-172" />
    <nd ref="-173" />
    <nd ref="-174" />
    <nd ref="-175" />
    <nd ref="-155" />
    <tag k="addr:city" v="Ingolstadt" />
    <tag k="addr:country" v="DE" />
    <tag k="addr:housenumber" v="4" />
    <tag k="addr:postcode" v="85049" />
    <tag k="addr:street" v="Paradeplatz" />
    <tag k="building" v="yes" />
    <tag k="castle_type" v="stately" />
    <tag k="historic" v="castle" />
    <tag k="name" v="Neues Schloss" />
    <tag k="source" v="HiRes aerial imagery" />
    <tag k="type" v="site" />
    <tag k="wikidata" v="Q82878" />
    <tag k="wikipedia" v="de:Neues Schloss (Ingolstadt)" />
  </way>
</osm>