<?xml version='1.0' encoding='UTF-8'?>
<osm version="0.6" generator="tile_fbx_generator.py">
  <node id="-1" lat="48.7498359" lon="11.4389488" visible="true" />
  <node id="-2" lat="48.7514865" lon="11.4379898" visible="true" />
  <node id="-3" lat="48.7515765" lon="11.4379376" visible="true" />
  <node id="-4" lat="48.7515200" lon="11.4377141" visible="true" />
  <node id="-5" lat="48.7516276" lon="11.4376516" visible="true" />
  <node id="-6" lat="48.7513384" lon="11.4365077" visible="true" />
  <node id="-7" lat="48.7514427" lon="11.4364471" visible="true" />
  <node id="-8" lat="48.7512276" lon="11.4355963" visible="true" />
  <node id="-9" lat="48.7509223" lon="11.4357739" visible="true" />
  <node id="-10" lat="48.7509802" lon="11.4360028" visible="true" />
  <node id="-11" lat="48.7507040" lon="11.4361634" visible="true" />
  <node id="-12" lat="48.7507820" lon="11.4364718" visible="true" />
  <node id="-13" lat="48.7505331" lon="11.4366165" visible="true" />
  <node id="-14" lat="48.7505630" lon="11.4367351" visible="true" />
  <node id="-15" lat="48.7504281" lon="11.4368135" visible="true" />
  <node id="-16" lat="48.7504739" lon="11.4369950" visible="true" />
  <node id="-17" lat="48.7503484" lon="11.4370680" visible="true" />
  <node id="-18" lat="48.7503887" lon="11.4372276" visible="true" />
  <node id="-19" lat="48.7502670" lon="11.4372982" visible="true" />
  <node id="-20" lat="48.7503094" lon="11.4374659" visible="true" />
  <node id="-21" lat="48.7501931" lon="11.4375334" visible="true" />
  <node id="-22" lat="48.7502002" lon="11.4375617" visible="true" />
  <node id="-23" lat="48.7502340" lon="11.4376956" visible="true" />
  <node id="-24" lat="48.7501064" lon="11.4377697" visible="true" />
  <node id="-25" lat="48.7501420" lon="11.4379110" visible="true" />
  <node id="-26" lat="48.7500098" lon="11.4379877" visible="true" />
  <node id="-27" lat="48.7500473" lon="11.4381363" visible="true" />
  <node id="-28" lat="48.7499253" lon="11.4382072" visible="true" />
  <node id="-29" lat="48.7499621" lon="11.4383531" visible="true" />
  <node id="-30" lat="48.7497209" lon="11.4384932" visible="true" />
  <node id="-31" lat="48.7498221" lon="11.4388941" visible="true" />
  <node id="-32" lat="48.7477863" lon="11.4420752" visible="true" />
  <node id="-33" lat="48.7475605" lon="11.4412512" visible="true" />
  <node id="-34" lat="48.7484288" lon="11.4407039" visible="true" />
  <node id="-35" lat="48.7484066" lon="11.4406232" visible="true" />
  <node id="-36" lat="48.7483944" lon="11.4405786" visible="true" />
  <node id="-37" lat="48.7486287" lon="11.4404309" visible="true" />
  <node id="-38" lat="48.7486377" lon="11.4404639" visible="true" />
  <node id="-39" lat="48.7486549" lon="11.4405267" visible="true" />
  <node id="-40" lat="48.7486683" lon="11.4405754" visible="true" />
  <node id="-41" lat="48.7495564" lon="11.4400154" visible="true" />
  <node id="-42" lat="48.7494784" lon="11.4397306" visible="true" />
  <node id="-43" lat="48.7504714" lon="11.4391047" visible="true" />
  <node id="-44" lat="48.7508665" lon="11.4405467" visible="true" />
  <node id="-45" lat="48.7503528" lon="11.4408705" visible="true" />
  <node id="-46" lat="48.7503076" lon="11.4407056" visible="true" />
  <node id="-47" lat="48.7499411" lon="11.4409365" visible="true" />
  <node id="-48" lat="48.7498899" lon="11.4407494" visible="true" />
  <node id="-49" lat="48.7497752" lon="11.4408217" visible="true" />
  <node id="-50" lat="48.7521450" lon="11.4310632" visible="true" />
  <node id="-51" lat="48.7522529" lon="11.4308881" visible="true" />
  <node id="-52" lat="48.7524006" lon="11.4310975" visible="true" />
  <node id="-53" lat="48.7522926" lon="11.4312726" visible="true" />
  <node id="-54" lat="48.7499829" lon="11.4418655" visible="true" />
  <node id="-55" lat="48.7500458" lon="11.4419234" visible="true" />
  <node id="-56" lat="48.7499783" lon="11.4420922" visible="true" />
  <node id="-57" lat="48.7499154" lon="11.4420344" visible="true" />
  <node id="-58" lat="48.7497678" lon="11.4419536" visible="true" />
  <node id="-59" lat="48.7496494" lon="11.4418446" visible="true" />
  <node id="-60" lat="48.7496966" lon="11.4417267" visible="true" />
  <node id="-61" lat="48.7498150" lon="11.4418357" visible="true" />
  <node id="-62" lat="48.7499084" lon="11.4418540" visible="true" />
  <node id="-63" lat="48.7497984" lon="11.4417528" visible="true" />
  <node id="-64" lat="48.7498373" lon="11.4416556" visible="true" />
  <node id="-65" lat="48.7499473" lon="11.4417569" visible="true" />
  <node id="-66" lat="48.7495705" lon="11.4420321" visible="true" />
  <node id="-67" lat="48.7494606" lon="11.4419296" visible="true" />
  <node id="-68" lat="48.7495142" lon="11.4417975" visible="true" />
  <node id="-69" lat="48.7496241" lon="11.4419000" visible="true" />
  <node id="-70" lat="48.7502356" lon="11.4415265" visible="true" />
  <node id="-71" lat="48.7501822" lon="11.4414774" visible="true" />
  <node id="-72" lat="48.7501533" lon="11.4415498" visible="true" />
  <node id="-73" lat="48.7501096" lon="11.4415097" visible="true" />
  <node id="-74" lat="48.7500273" lon="11.4417154" visible="true" />
  <node id="-75" lat="48.7501244" lon="11.4418047" visible="true" />
  <node id="-76" lat="48.7505438" lon="11.4417707" visible="true" />
  <node id="-77" lat="48.7506004" lon="11.4417494" visible="true" />
  <node id="-78" lat="48.7505613" lon="11.4415105" visible="true" />
  <node id="-79" lat="48.7505991" lon="11.4414963" visible="true" />
  <node id="-80" lat="48.7505781" lon="11.4413677" visible="true" />
  <node id="-81" lat="48.7504837" lon="11.4414032" visible="true" />
  <node id="-82" lat="48.7510391" lon="11.4421689" visible="true" />
  <node id="-83" lat="48.7510854" lon="11.4423712" visible="true" />
  <node id="-84" lat="48.7509933" lon="11.4424196" visible="true" />
  <node id="-85" lat="48.7509470" lon="11.4422174" visible="true" />
  <node id="-86" lat="48.7507399" lon="11.4422974" visible="true" />
  <node id="-87" lat="48.7507714" lon="11.4424351" visible="true" />
  <node id="-88" lat="48.7506878" lon="11.4424790" visible="true" />
  <node id="-89" lat="48.7506563" lon="11.4423413" visible="true" />
  <node id="-90" lat="48.7502651" lon="11.4422782" visible="true" />
  <node id="-91" lat="48.7502962" lon="11.4421914" visible="true" />
  <node id="-92" lat="48.7503685" lon="11.4422510" visible="true" />
  <node id="-93" lat="48.7503373" lon="11.4423378" visible="true" />
  <node id="-94" lat="48.7508750" lon="11.4412416" visible="true" />
  <node id="-95" lat="48.7508996" lon="11.4413917" visible="true" />
  <node id="-96" lat="48.7508094" lon="11.4414257" visible="true" />
  <node id="-97" lat="48.7507848" lon="11.4412756" visible="true" />
  <node id="-98" lat="48.7502204" lon="11.4422521" visible="true" />
  <node id="-99" lat="48.7501379" lon="11.4421840" visible="true" />
  <node id="-100" lat="48.7501696" lon="11.4420958" visible="true" />
  <node id="-101" lat="48.7502520" lon="11.4421639" visible="true" />
  <node id="-102" lat="48.7507271" lon="11.4412579" visible="true" />
  <node id="-103" lat="48.7507550" lon="11.4414281" visible="true" />
  <node id="-104" lat="48.7506462" lon="11.4414690" visible="true" />
  <node id="-105" lat="48.7506184" lon="11.4412988" visible="true" />
  <node id="-106" lat="48.7510935" lon="11.4417307" visible="true" />
  <node id="-107" lat="48.7511323" lon="11.4419007" visible="true" />
  <node id="-108" lat="48.7510570" lon="11.4419403" visible="true" />
  <node id="-109" lat="48.7510182" lon="11.4417704" visible="true" />
  <node id="-110" lat="48.7507905" lon="11.4417010" visible="true" />
  <node id="-111" lat="48.7508400" lon="11.4419177" visible="true" />
  <node id="-112" lat="48.7507372" lon="11.4419718" visible="true" />
  <node id="-113" lat="48.7506876" lon="11.4417551" visible="true" />
  <node id="-114" lat="48.7507854" lon="11.4420929" visible="true" />
  <node id="-115" lat="48.7507295" lon="11.4421223" visible="true" />
  <node id="-116" lat="48.7507039" lon="11.4420101" visible="true" />
  <node id="-117" lat="48.7507598" lon="11.4419807" visible="true" />
  <node id="-118" lat="48.7502981" lon="11.4417894" visible="true" />
  <node id="-119" lat="48.7503525" lon="11.4416435" visible="true" />
  <node id="-120" lat="48.7504158" lon="11.4416978" visible="true" />
  <node id="-121" lat="48.7503946" lon="11.4417548" visible="true" />
  <node id="-122" lat="48.7504951" lon="11.4418409" visible="true" />
  <node id="-123" lat="48.7504608" lon="11.4419329" visible="true" />
  <node id="-124" lat="48.7504769" lon="11.4419468" visible="true" />
  <node id="-125" lat="48.7503970" lon="11.4421612" visible="true" />
  <node id="-126" lat="48.7503454" lon="11.4421170" visible="true" />
  <node id="-127" lat="48.7504265" lon="11.4418994" visible="true" />
  <node id="-128" lat="48.7511960" lon="11.4421555" visible="true" />
  <node id="-129" lat="48.7512425" lon="11.4423587" visible="true" />
  <node id="-130" lat="48.7511466" lon="11.4424091" visible="true" />
  <node id="-131" lat="48.7511001" lon="11.4422060" visible="true" />
  <node id="-132" lat="48.7509111" lon="11.4422518" visible="true" />
  <node id="-133" lat="48.7509542" lon="11.4424401" visible="true" />
  <node id="-134" lat="48.7508581" lon="11.4424906" visible="true" />
  <node id="-135" lat="48.7508151" lon="11.4423024" visible="true" />
  <node id="-136" lat="48.7502608" lon="11.4418347" visible="true" />
  <node id="-137" lat="48.7503357" lon="11.4418988" visible="true" />
  <node id="-138" lat="48.7502642" lon="11.4420908" visible="true" />
  <node id="-139" lat="48.7501893" lon="11.4420266" visible="true" />
  <node id="-140" lat="48.7509738" lon="11.4411992" visible="true" />
  <node id="-141" lat="48.7509988" lon="11.4413517" visible="true" />
  <node id="-142" lat="48.7509172" lon="11.4413824" visible="true" />
  <node id="-143" lat="48.7508923" lon="11.4412299" visible="true" />
  <node id="-144" lat="48.7519276" lon="11.4417415" visible="true" />
  <node id="-145" lat="48.7519453" lon="11.4419057" visible="true" />
  <node id="-146" lat="48.7519700" lon="11.4418996" visible="true" />
  <node id="-147" lat="48.7519792" lon="11.4419858" visible="true" />
  <node id="-148" lat="48.7520278" lon="11.4419738" visible="true" />
  <node id="-149" lat="48.7520008" lon="11.4417234" visible="true" />
  <node id="-150" lat="48.7513961" lon="11.4423562" visible="true" />
  <node id="-151" lat="48.7514554" lon="11.4423261" visible="true" />
  <node id="-152" lat="48.7514787" lon="11.4424316" visible="true" />
  <node id="-153" lat="48.7514194" lon="11.4424617" visible="true" />
  <node id="-154" lat="48.7523665" lon="11.4413114" visible="true" />
  <node id="-155" lat="48.7523494" lon="11.4412167" visible="true" />
  <node id="-156" lat="48.7522969" lon="11.4412386" visible="true" />
  <node id="-157" lat="48.7522930" lon="11.4412169" visible="true" />
  <node id="-158" lat="48.7522184" lon="11.4412480" visible="true" />
  <node id="-159" lat="48.7522394" lon="11.4413643" visible="true" />
  <node id="-160" lat="48.7521246" lon="11.4418086" visible="true" />
  <node id="-161" lat="48.7520715" lon="11.4417133" visible="true" />
  <node id="-162" lat="48.7521178" lon="11.4416538" visible="true" />
  <node id="-163" lat="48.7521710" lon="11.4417491" visible="true" />
  <node id="-164" lat="48.7518048" lon="11.4418630" visible="true" />
  <node id="-165" lat="48.7518902" lon="11.4418371" visible="true" />
  <node id="-166" lat="48.7519241" lon="11.4420936" visible="true" />
  <node id="-167" lat="48.7518386" lon="11.4421195" visible="true" />
  <node id="-168" lat="48.7512451" lon="11.4411181" visible="true" />
  <node id="-169" lat="48.7513250" lon="11.4410855" visible="true" />
  <node id="-170" lat="48.7513601" lon="11.4412828" visible="true" />
  <node id="-171" lat="48.7512801" lon="11.4413155" visible="true" />
  <node id="-172" lat="48.7523828" lon="11.4415188" visible="true" />
  <node id="-173" lat="48.7522528" lon="11.4415729" visible="true" />
  <node id="-174" lat="48.7522369" lon="11.4414848" visible="true" />
  <node id="-175" lat="48.7522909" lon="11.4414623" visible="true" />
  <node id="-176" lat="48.7522822" lon="11.4414143" visible="true" />
  <node id="-177" lat="48.7523582" lon="11.4413827" visible="true" />
  <node id="-178" lat="48.7513080" lon="11.4416402" visible="true" />
  <node id="-179" lat="48.7513373" lon="11.4417729" visible="true" />
  <node id="-180" lat="48.7512475" lon="11.4418185" visible="true" />
  <node id="-181" lat="48.7512182" lon="11.4416858" visible="true" />
  <node id="-182" lat="48.7522614" lon="11.4407098" visible="true" />
  <node id="-183" lat="48.7522858" lon="11.4408470" visible="true" />
  <node id="-184" lat="48.7521377" lon="11.4409076" visible="true" />
  <node id="-185" lat="48.7521133" lon="11.4407703" visible="true" />
  <node id="-186" lat="48.7514973" lon="11.4416879" visible="true" />
  <node id="-187" lat="48.7514732" lon="11.4415787" visible="true" />
  <node id="-188" lat="48.7515866" lon="11.4415212" visible="true" />
  <node id="-189" lat="48.7516107" lon="11.4416304" visible="true" />
  <node id="-190" lat="48.7515564" lon="11.4416579" visible="true" />
  <node id="-191" lat="48.7510926" lon="11.4411655" visible="true" />
  <node id="-192" lat="48.7511534" lon="11.4411407" visible="true" />
  <node id="-193" lat="48.7511811" lon="11.4412968" visible="true" />
  <node id="-194" lat="48.7511204" lon="11.4413216" visible="true" />
  <node id="-195" lat="48.7520536" lon="11.4407834" visible="true" />
  <node id="-196" lat="48.7520742" lon="11.4409233" visible="true" />
  <node id="-197" lat="48.7520079" lon="11.4409457" visible="true" />
  <node id="-198" lat="48.7520289" lon="11.4410888" visible="true" />
  <node id="-199" lat="48.7519698" lon="11.4411088" visible="true" />
  <node id="-200" lat="48.7519483" lon="11.4409628" visible="true" />
  <node id="-201" lat="48.7519845" lon="11.4409506" visible="true" />
  <node id="-202" lat="48.7519643" lon="11.4408137" visible="true" />
  <node id="-203" lat="48.7513897" lon="11.4410856" visible="true" />
  <node id="-204" lat="48.7514429" lon="11.4410638" visible="true" />
  <node id="-205" lat="48.7514756" lon="11.4412475" visible="true" />
  <node id="-206" lat="48.7514224" lon="11.4412693" visible="true" />
  <node id="-207" lat="48.7516888" lon="11.4422734" visible="true" />
  <node id="-208" lat="48.7515825" lon="11.4423394" visible="true" />
  <node id="-209" lat="48.7515593" lon="11.4422535" visible="true" />
  <node id="-210" lat="48.7516656" lon="11.4421875" visible="true" />
  <node id="-211" lat="48.7520308" lon="11.4413368" visible="true" />
  <node id="-212" lat="48.7521214" lon="11.4413137" visible="true" />
  <node id="-213" lat="48.7521439" lon="11.4415524" visible="true" />
  <node id="-214" lat="48.7520552" lon="11.4415671" visible="true" />
  <node id="-215" lat="48.7516576" lon="11.4409837" visible="true" />
  <node id="-216" lat="48.7516975" lon="11.4412084" visible="true" />
  <node id="-217" lat="48.7516029" lon="11.4412470" visible="true" />
  <node id="-218" lat="48.7515630" lon="11.4410223" visible="true" />
  <node id="-219" lat="48.7513892" lon="11.4419655" visible="true" />
  <node id="-220" lat="48.7513023" lon="11.4420097" visible="true" />
  <node id="-221" lat="48.7512800" lon="11.4419086" visible="true" />
  <node id="-222" lat="48.7513669" lon="11.4418644" visible="true" />
  <node id="-223" lat="48.7513569" lon="11.4420940" visible="true" />
  <node id="-224" lat="48.7514362" lon="11.4420538" visible="true" />
  <node id="-225" lat="48.7514706" lon="11.4422098" visible="true" />
  <node id="-226" lat="48.7513914" lon="11.4422501" visible="true" />
  <node id="-227" lat="48.7512971" lon="11.4415419" visible="true" />
  <node id="-228" lat="48.7512000" lon="11.4415912" visible="true" />
  <node id="-229" lat="48.7511717" lon="11.4414633" visible="true" />
  <node id="-230" lat="48.7512688" lon="11.4414140" visible="true" />
  <node id="-231" lat="48.7517081" lon="11.4420682" visible="true" />
  <node id="-232" lat="48.7517667" lon="11.4420505" visible="true" />
  <node id="-233" lat="48.7517956" lon="11.4422703" visible="true" />
  <node id="-234" lat="48.7517371" lon="11.4422881" visible="true" />
  <node id="-235" lat="48.7515202" lon="11.4412849" visible="true" />
  <node id="-236" lat="48.7515501" lon="11.4414529" visible="true" />
  <node id="-237" lat="48.7514007" lon="11.4415139" visible="true" />
  <node id="-238" lat="48.7513709" lon="11.4413459" visible="true" />
  <node id="-239" lat="48.7517059" lon="11.4412843" visible="true" />
  <node id="-240" lat="48.7517458" lon="11.4415090" visible="true" />
  <node id="-241" lat="48.7516574" lon="11.4415452" visible="true" />
  <node id="-242" lat="48.7516175" lon="11.4413205" visible="true" />
  <node id="-243" lat="48.7517295" lon="11.4409390" visible="true" />
  <node id="-244" lat="48.7518424" lon="11.4408929" visible="true" />
  <node id="-245" lat="48.7519045" lon="11.4412429" visible="true" />
  <node id="-246" lat="48.7519324" lon="11.4412315" visible="true" />
  <node id="-247" lat="48.7519555" lon="11.4413616" visible="true" />
  <node id="-248" lat="48.7518638" lon="11.4413991" visible="true" />
  <node id="-249" lat="48.7518226" lon="11.4411672" visible="true" />
  <node id="-250" lat="48.7517779" lon="11.4411855" visible="true" />
  <node id="-251" lat="48.7517549" lon="11.4410560" visible="true" />
  <node id="-252" lat="48.7517506" lon="11.4410577" visible="true" />
  <node id="-253" lat="48.7529881" lon="11.4407298" visible="true" />
  <node id="-254" lat="48.7533402" lon="11.4410274" visible="true" />
  <node id="-255" lat="48.7532897" lon="11.4411647" visible="true" />
  <node id="-256" lat="48.7529376" lon="11.4408672" visible="true" />
  <node id="-257" lat="48.7483042" lon="11.4384206" visible="true" />
  <node id="-258" lat="48.7486448" lon="11.4397000" visible="true" />
  <node id="-259" lat="48.7491518" lon="11.4393754" visible="true" />
  <node id="-260" lat="48.7490430" lon="11.4389623" visible="true" />
  <node id="-261" lat="48.7490325" lon="11.4389221" visible="true" />
  <node id="-262" lat="48.7490185" lon="11.4388691" visible="true" />
  <node id="-263" lat="48.7492271" lon="11.4387414" visible="true" />
  <node id="-264" lat="48.7491933" lon="11.4386135" visible="true" />
  <node id="-265" lat="48.7495246" lon="11.4384074" visible="true" />
  <node id="-266" lat="48.7494965" lon="11.4382920" visible="true" />
  <node id="-267" lat="48.7497179" lon="11.4381063" visible="true" />
  <node id="-268" lat="48.7497293" lon="11.4380869" visible="true" />
  <node id="-269" lat="48.7497295" lon="11.4380213" visible="true" />
  <node id="-270" lat="48.7497170" lon="11.4379829" visible="true" />
  <node id="-271" lat="48.7497016" lon="11.4379357" visible="true" />
  <node id="-272" lat="48.7494416" lon="11.4380892" visible="true" />
  <node id="-273" lat="48.7493908" lon="11.4378964" visible="true" />
  <node id="-274" lat="48.7488446" lon="11.4382342" visible="true" />
  <node id="-275" lat="48.7488095" lon="11.4381068" visible="true" />
  <node id="-276" lat="48.7528661" lon="11.4411854" visible="true" />
  <node id="-277" lat="48.7529372" lon="11.4412567" visible="true" />
  <node id="-278" lat="48.7528816" lon="11.4413841" visible="true" />
  <node id="-279" lat="48.7528106" lon="11.4413128" visible="true" />
  <node id="-280" lat="48.7526814" lon="11.4415450" visible="true" />
  <node id="-281" lat="48.7527806" lon="11.4416354" visible="true" />
  <node id="-282" lat="48.7527985" lon="11.4417511" visible="true" />
  <node id="-283" lat="48.7526203" lon="11.4418337" visible="true" />
  <node id="-284" lat="48.7525768" lon="11.4415876" visible="true" />
  <node id="-285" lat="48.7529990" lon="11.4414204" visible="true" />
  <node id="-286" lat="48.7530831" lon="11.4415047" visible="true" />
  <node id="-287" lat="48.7529822" lon="11.4417362" visible="true" />
  <node id="-288" lat="48.7528981" lon="11.4416518" visible="true" />
  <node id="-289" lat="48.7526975" lon="11.4413185" visible="true" />
  <node id="-290" lat="48.7528407" lon="11.4414570" visible="true" />
  <node id="-291" lat="48.7528269" lon="11.4414897" visible="true" />
  <node id="-292" lat="48.7528852" lon="11.4415462" visible="true" />
  <node id="-293" lat="48.7528496" lon="11.4416308" visible="true" />
  <node id="-294" lat="48.7528178" lon="11.4416001" visible="true" />
  <node id="-295" lat="48.7528035" lon="11.4416341" visible="true" />
  <node id="-296" lat="48.7527252" lon="11.4415583" visible="true" />
  <node id="-297" lat="48.7527396" lon="11.4415242" visible="true" />
  <node id="-298" lat="48.7526482" lon="11.4414358" visible="true" />
  <node id="-299" lat="48.7529697" lon="11.4428697" visible="true" />
  <node id="-300" lat="48.7528205" lon="11.4429304" visible="true" />
  <node id="-301" lat="48.7528005" lon="11.4428176" visible="true" />
  <node id="-302" lat="48.7529498" lon="11.4427569" visible="true" />
  <node id="-303" lat="48.7525360" lon="11.4421934" visible="true" />
  <node id="-304" lat="48.7523501" lon="11.4422672" visible="true" />
  <node id="-305" lat="48.7523092" lon="11.4421222" visible="true" />
  <node id="-306" lat="48.7524011" lon="11.4420096" visible="true" />
  <node id="-307" lat="48.7524362" lon="11.4421686" visible="true" />
  <node id="-308" lat="48.7525274" lon="11.4421248" visible="true" />
  <node id="-309" lat="48.7530540" lon="11.4421837" visible="true" />
  <node id="-310" lat="48.7529565" lon="11.4422234" visible="true" />
  <node id="-311" lat="48.7529260" lon="11.4420511" visible="true" />
  <node id="-312" lat="48.7530234" lon="11.4420114" visible="true" />
  <node id="-313" lat="48.7525611" lon="11.4424007" visible="true" />
  <node id="-314" lat="48.7524355" lon="11.4424519" visible="true" />
  <node id="-315" lat="48.7524132" lon="11.4423264" visible="true" />
  <node id="-316" lat="48.7525389" lon="11.4422752" visible="true" />
  <node id="-317" lat="48.7527974" lon="11.4419439" visible="true" />
  <node id="-318" lat="48.7526336" lon="11.4420107" visible="true" />
  <node id="-319" lat="48.7526167" lon="11.4419151" visible="true" />
  <node id="-320" lat="48.7527805" lon="11.4418484" visible="true" />
  <node id="-321" lat="48.7522136" lon="11.4425710" visible="true" />
  <node id="-322" lat="48.7521859" lon="11.4426247" visible="true" />
  <node id="-323" lat="48.7521113" lon="11.4425364" visible="true" />
  <node id="-324" lat="48.7521389" lon="11.4424827" visible="true" />
  <node id="-325" lat="48.7521498" lon="11.4421234" visible="true" />
  <node id="-326" lat="48.7522310" lon="11.4420135" visible="true" />
  <node id="-327" lat="48.7523203" lon="11.4421653" visible="true" />
  <node id="-328" lat="48.7522391" lon="11.4422752" visible="true" />
  <node id="-329" lat="48.7525883" lon="11.4426101" visible="true" />
  <node id="-330" lat="48.7524186" lon="11.4426792" visible="true" />
  <node id="-331" lat="48.7523967" lon="11.4425554" visible="true" />
  <node id="-332" lat="48.7525664" lon="11.4424863" visible="true" />
  <node id="-333" lat="48.7524076" lon="11.4418175" visible="true" />
  <node id="-334" lat="48.7524633" lon="11.4419329" visible="true" />
  <node id="-335" lat="48.7523482" lon="11.4420605" visible="true" />
  <node id="-336" lat="48.7522925" lon="11.4419450" visible="true" />
  <node id="-337" lat="48.7527871" lon="11.4421329" visible="true" />
  <node id="-338" lat="48.7528114" lon="11.4422701" visible="true" />
  <node id="-339" lat="48.7526961" lon="11.4423170" visible="true" />
  <node id="-340" lat="48.7526794" lon="11.4422224" visible="true" />
  <node id="-341" lat="48.7526669" lon="11.4422274" visible="true" />
  <node id="-342" lat="48.7526473" lon="11.4421169" visible="true" />
  <node id="-343" lat="48.7527155" lon="11.4420892" visible="true" />
  <node id="-344" lat="48.7527275" lon="11.4421572" visible="true" />
  <node id="-345" lat="48.7528827" lon="11.4424843" visible="true" />
  <node id="-346" lat="48.7527507" lon="11.4425332" visible="true" />
  <node id="-347" lat="48.7527289" lon="11.4423982" visible="true" />
  <node id="-348" lat="48.7528609" lon="11.4423493" visible="true" />
  <node id="-349" lat="48.7519420" lon="11.4424882" visible="true" />
  <node id="-350" lat="48.7520017" lon="11.4424074" visible="true" />
  <node id="-351" lat="48.7521042" lon="11.4425816" visible="true" />
  <node id="-352" lat="48.7520445" lon="11.4426624" visible="true" />
  <node id="-353" lat="48.7520598" lon="11.4423494" visible="true" />
  <node id="-354" lat="48.7521130" lon="11.4422219" visible="true" />
  <node id="-355" lat="48.7522028" lon="11.4423316" visible="true" />
  <node id="-356" lat="48.7521553" lon="11.4424391" visible="true" />
  <node id="-357" lat="48.7533598" lon="11.4382846" visible="true" />
  <node id="-358" lat="48.7533630" lon="11.4384843" visible="true" />
  <node id="-359" lat="48.7532715" lon="11.4384878" visible="true" />
  <node id="-360" lat="48.7532682" lon="11.4382880" visible="true" />
  <node id="-361" lat="48.7533286" lon="11.4377632" visible="true" />
  <node id="-362" lat="48.7528979" lon="11.4375808" visible="true" />
  <node id="-363" lat="48.7529262" lon="11.4374284" visible="true" />
  <node id="-364" lat="48.7533569" lon="11.4376109" visible="true" />
  <node id="-365" lat="48.7531799" lon="11.4398520" visible="true" />
  <node id="-366" lat="48.7532083" lon="11.4400089" visible="true" />
  <node id="-367" lat="48.7531182" lon="11.4400463" visible="true" />
  <node id="-368" lat="48.7530898" lon="11.4398894" visible="true" />
  <node id="-369" lat="48.7531083" lon="11.4393880" visible="true" />
  <node id="-370" lat="48.7530049" lon="11.4394336" visible="true" />
  <node id="-371" lat="48.7529804" lon="11.4393062" visible="true" />
  <node id="-372" lat="48.7530838" lon="11.4392606" visible="true" />
  <node id="-373" lat="48.7530168" lon="11.4389862" visible="true" />
  <node id="-374" lat="48.7529341" lon="11.4390171" visible="true" />
  <node id="-375" lat="48.7529158" lon="11.4389046" visible="true" />
  <node id="-376" lat="48.7529985" lon="11.4388736" visible="true" />
  <node id="-377" lat="48.7531203" lon="11.4385102" visible="true" />
  <node id="-378" lat="48.7531028" lon="11.4383250" visible="true" />
  <node id="-379" lat="48.7531828" lon="11.4383076" visible="true" />
  <node id="-380" lat="48.7532003" lon="11.4384928" visible="true" />
  <node id="-381" lat="48.7530295" lon="11.4391607" visible="true" />
  <node id="-382" lat="48.7529741" lon="11.4391825" visible="true" />
  <node id="-383" lat="48.7529858" lon="11.4392504" visible="true" />
  <node id="-384" lat="48.7530412" lon="11.4392286" visible="true" />
  <node id="-385" lat="48.7533863" lon="11.4372645" visible="true" />
  <node id="-386" lat="48.7529549" lon="11.4372011" visible="true" />
  <node id="-387" lat="48.7529633" lon="11.4370711" visible="true" />
  <node id="-388" lat="48.7533947" lon="11.4371345" visible="true" />
  <node id="-389" lat="48.7531515" lon="11.4379667" visible="true" />
  <node id="-390" lat="48.7531479" lon="11.4381157" visible="true" />
  <node id="-391" lat="48.7528447" lon="11.4380987" visible="true" />
  <node id="-392" lat="48.7528483" lon="11.4379497" visible="true" />
  <node id="-393" lat="48.7529655" lon="11.4383451" visible="true" />
  <node id="-394" lat="48.7529992" lon="11.4385166" visible="true" />
  <node id="-395" lat="48.7528554" lon="11.4385815" visible="true" />
  <node id="-396" lat="48.7528217" lon="11.4384100" visible="true" />
  <node id="-397" lat="48.7528826" lon="11.4387933" visible="true" />
  <node id="-398" lat="48.7528614" lon="11.4386653" visible="true" />
  <node id="-399" lat="48.7529460" lon="11.4386330" visible="true" />
  <node id="-400" lat="48.7529672" lon="11.4387611" visible="true" />
  <node id="-401" lat="48.7533841" lon="11.4368872" visible="true" />
  <node id="-402" lat="48.7529903" lon="11.4367869" visible="true" />
  <node id="-403" lat="48.7530047" lon="11.4366575" visible="true" />
  <node id="-404" lat="48.7533985" lon="11.4367577" visible="true" />
  <node id="-405" lat="48.7530456" lon="11.4395160" visible="true" />
  <node id="-406" lat="48.7531228" lon="11.4394844" visible="true" />
  <node id="-407" lat="48.7531551" lon="11.4396659" visible="true" />
  <node id="-408" lat="48.7530779" lon="11.4396975" visible="true" />
  <node id="-409" lat="48.7531566" lon="11.4389984" visible="true" />
  <node id="-410" lat="48.7531815" lon="11.4391357" visible="true" />
  <node id="-411" lat="48.7530513" lon="11.4391897" visible="true" />
  <node id="-412" lat="48.7530264" lon="11.4390524" visible="true" />
  <node id="-413" lat="48.7535968" lon="11.4356118" visible="true" />
  <node id="-414" lat="48.7535748" lon="11.4357580" visible="true" />
  <node id="-415" lat="48.7531475" lon="11.4356108" visible="true" />
  <node id="-416" lat="48.7531695" lon="11.4354646" visible="true" />
  <node id="-417" lat="48.7532558" lon="11.4348951" visible="true" />
  <node id="-418" lat="48.7533486" lon="11.4349282" visible="true" />
  <node id="-419" lat="48.7532822" lon="11.4353541" visible="true" />
  <node id="-420" lat="48.7531894" lon="11.4353210" visible="true" />
  <node id="-421" lat="48.7534689" lon="11.4349675" visible="true" />
  <node id="-422" lat="48.7534099" lon="11.4353605" visible="true" />
  <node id="-423" lat="48.7533602" lon="11.4353434" visible="true" />
  <node id="-424" lat="48.7534192" lon="11.4349503" visible="true" />
  <node id="-425" lat="48.7536358" lon="11.4348826" visible="true" />
  <node id="-426" lat="48.7532887" lon="11.4347741" visible="true" />
  <node id="-427" lat="48.7533103" lon="11.4346148" visible="true" />
  <node id="-428" lat="48.7536574" lon="11.4347233" visible="true" />
  <node id="-429" lat="48.7527958" lon="11.4360302" visible="true" />
  <node id="-430" lat="48.7529351" lon="11.4360701" visible="true" />
  <node id="-431" lat="48.7529056" lon="11.4363053" visible="true" />
  <node id="-432" lat="48.7527664" lon="11.4362654" visible="true" />
  <node id="-433" lat="48.7521798" lon="11.4361602" visible="true" />
  <node id="-434" lat="48.7522616" lon="11.4361804" visible="true" />
  <node id="-435" lat="48.7522264" lon="11.4365069" visible="true" />
  <node id="-436" lat="48.7521446" lon="11.4364867" visible="true" />
  <node id="-437" lat="48.7525165" lon="11.4349497" visible="true" />
  <node id="-438" lat="48.7524867" lon="11.4347060" visible="true" />
  <node id="-439" lat="48.7525626" lon="11.4346847" visible="true" />
  <node id="-440" lat="48.7525923" lon="11.4349284" visible="true" />
  <node id="-441" lat="48.7526950" lon="11.4348775" visible="true" />
  <node id="-442" lat="48.7526771" lon="11.4346880" visible="true" />
  <node id="-443" lat="48.7527663" lon="11.4346687" visible="true" />
  <node id="-444" lat="48.7527841" lon="11.4348582" visible="true" />
  <node id="-445" lat="48.7528031" lon="11.4365366" visible="true" />
  <node id="-446" lat="48.7528778" lon="11.4365551" visible="true" />
  <node id="-447" lat="48.7528583" lon="11.4367364" visible="true" />
  <node id="-448" lat="48.7527836" lon="11.4367179" visible="true" />
  <node id="-449" lat="48.7520345" lon="11.4349226" visible="true" />
  <node id="-450" lat="48.7521212" lon="11.4349000" visible="true" />
  <node id="-451" lat="48.7521509" lon="11.4351617" visible="true" />
  <node id="-452" lat="48.7520642" lon="11.4351844" visible="true" />
  <node id="-453" lat="48.7524043" lon="11.4363481" visible="true" />
  <node id="-454" lat="48.7524806" lon="11.4363670" visible="true" />
  <node id="-455" lat="48.7524612" lon="11.4365472" visible="true" />
  <node id="-456" lat="48.7523849" lon="11.4365282" visible="true" />
  <node id="-457" lat="48.7516321" lon="11.4351543" visible="true" />
  <node id="-458" lat="48.7517989" lon="11.4351347" visible="true" />
  <node id="-459" lat="48.7518450" lon="11.4360391" visible="true" />
  <node id="-460" lat="48.7518589" lon="11.4363110" visible="true" />
  <node id="-461" lat="48.7516921" lon="11.4363305" visible="true" />
  <node id="-462" lat="48.7528437" lon="11.4347963" visible="true" />
  <node id="-463" lat="48.7528497" lon="11.4346158" visible="true" />
  <node id="-464" lat="48.7529334" lon="11.4346221" visible="true" />
  <node id="-465" lat="48.7529274" lon="11.4348026" visible="true" />
  <node id="-466" lat="48.7527311" lon="11.4375597" visible="true" />
  <node id="-467" lat="48.7526429" lon="11.4375343" visible="true" />
  <node id="-468" lat="48.7526579" lon="11.4374150" visible="true" />
  <node id="-469" lat="48.7527460" lon="11.4374404" visible="true" />
  <node id="-470" lat="48.7526971" lon="11.4364424" visible="true" />
  <node id="-471" lat="48.7525839" lon="11.4364144" visible="true" />
  <node id="-472" lat="48.7525706" lon="11.4365382" visible="true" />
  <node id="-473" lat="48.7526121" lon="11.4365485" visible="true" />
  <node id="-474" lat="48.7525977" lon="11.4366829" visible="true" />
  <node id="-475" lat="48.7526693" lon="11.4367006" visible="true" />
  <node id="-476" lat="48.7525391" lon="11.4371434" visible="true" />
  <node id="-477" lat="48.7525213" lon="11.4373086" visible="true" />
  <node id="-478" lat="48.7524246" lon="11.4372846" visible="true" />
  <node id="-479" lat="48.7524424" lon="11.4371194" visible="true" />
  <node id="-480" lat="48.7520898" lon="11.4381111" visible="true" />
  <node id="-481" lat="48.7521491" lon="11.4380896" visible="true" />
  <node id="-482" lat="48.7521674" lon="11.4382053" visible="true" />
  <node id="-483" lat="48.7521081" lon="11.4382268" visible="true" />
  <node id="-484" lat="48.7522176" lon="11.4349907" visible="true" />
  <node id="-485" lat="48.7522972" lon="11.4349677" visible="true" />
  <node id="-486" lat="48.7523163" lon="11.4351194" visible="true" />
  <node id="-487" lat="48.7522367" lon="11.4351424" visible="true" />
  <node id="-488" lat="48.7528591" lon="11.4354192" visible="true" />
  <node id="-489" lat="48.7527511" lon="11.4353819" visible="true" />
  <node id="-490" lat="48.7527716" lon="11.4352455" visible="true" />
  <node id="-491" lat="48.7528259" lon="11.4352643" visible="true" />
  <node id="-492" lat="48.7528394" lon="11.4351740" visible="true" />
  <node id="-493" lat="48.7528931" lon="11.4351925" visible="true" />
  <node id="-494" lat="48.7523318" lon="11.4376686" visible="true" />
  <node id="-495" lat="48.7524306" lon="11.4376930" visible="true" />
  <node id="-496" lat="48.7524088" lon="11.4378957" visible="true" />
  <node id="-497" lat="48.7523100" lon="11.4378712" visible="true" />
  <node id="-498" lat="48.7530600" lon="11.4346125" visible="true" />
  <node id="-499" lat="48.7531531" lon="11.4346447" visible="true" />
  <node id="-500" lat="48.7531060" lon="11.4349586" visible="true" />
  <node id="-501" lat="48.7530129" lon="11.4349265" visible="true" />
  <node id="-502" lat="48.7520634" lon="11.4379509" visible="true" />
  <node id="-503" lat="48.7519444" lon="11.4379870" visible="true" />
  <node id="-504" lat="48.7519385" lon="11.4378426" visible="true" />
  <node id="-505" lat="48.7518823" lon="11.4378401" visible="true" />
  <node id="-506" lat="48.7518920" lon="11.4377514" visible="true" />
  <node id="-507" lat="48.7519785" lon="11.4377645" visible="true" />
  <node id="-508" lat="48.7519755" lon="11.4378200" visible="true" />
  <node id="-509" lat="48.7520486" lon="11.4377969" visible="true" />
  <node id="-510" lat="48.7528170" lon="11.4358206" visible="true" />
  <node id="-511" lat="48.7525671" lon="11.4357418" visible="true" />
  <node id="-512" lat="48.7525755" lon="11.4356809" visible="true" />
  <node id="-513" lat="48.7525073" lon="11.4356594" visible="true" />
  <node id="-514" lat="48.7524553" lon="11.4360382" visible="true" />
  <node id="-515" lat="48.7523018" lon="11.4359898" visible="true" />
  <node id="-516" lat="48.7522794" lon="11.4361533" visible="true" />
  <node id="-517" lat="48.7526912" lon="11.4362832" visible="true" />
  <node id="-518" lat="48.7527198" lon="11.4360747" visible="true" />
  <node id="-519" lat="48.7526936" lon="11.4360664" visible="true" />
  <node id="-520" lat="48.7526982" lon="11.4360325" visible="true" />
  <node id="-521" lat="48.7525613" lon="11.4359893" visible="true" />
  <node id="-522" lat="48.7525800" lon="11.4358531" visible="true" />
  <node id="-523" lat="48.7526411" lon="11.4358724" visible="true" />
  <node id="-524" lat="48.7526444" lon="11.4358487" visible="true" />
  <node id="-525" lat="48.7528061" lon="11.4358997" visible="true" />
  <node id="-526" lat="48.7526397" lon="11.4379435" visible="true" />
  <node id="-527" lat="48.7525202" lon="11.4379090" visible="true" />
  <node id="-528" lat="48.7525404" lon="11.4377488" visible="true" />
  <node id="-529" lat="48.7526598" lon="11.4377833" visible="true" />
  <node id="-530" lat="48.7521835" lon="11.4384228" visible="true" />
  <node id="-531" lat="48.7520233" lon="11.4384810" visible="true" />
  <node id="-532" lat="48.7520066" lon="11.4383749" visible="true" />
  <node id="-533" lat="48.7521668" lon="11.4383167" visible="true" />
  <node id="-534" lat="48.7524561" lon="11.4383436" visible="true" />
  <node id="-535" lat="48.7523506" lon="11.4383819" visible="true" />
  <node id="-536" lat="48.7523344" lon="11.4382797" visible="true" />
  <node id="-537" lat="48.7524399" lon="11.4382414" visible="true" />
  <node id="-538" lat="48.7522967" lon="11.4384550" visible="true" />
  <node id="-539" lat="48.7522141" lon="11.4384850" visible="true" />
  <node id="-540" lat="48.7522020" lon="11.4384085" visible="true" />
  <node id="-541" lat="48.7522846" lon="11.4383785" visible="true" />
  <node id="-542" lat="48.7525592" lon="11.4354996" visible="true" />
  <node id="-543" lat="48.7524592" lon="11.4354651" visible="true" />
  <node id="-544" lat="48.7524789" lon="11.4353337" visible="true" />
  <node id="-545" lat="48.7525789" lon="11.4353682" visible="true" />
  <node id="-546" lat="48.7526717" lon="11.4382553" visible="true" />
  <node id="-547" lat="48.7525134" lon="11.4383128" visible="true" />
  <node id="-548" lat="48.7524919" lon="11.4381767" visible="true" />
  <node id="-549" lat="48.7526502" lon="11.4381192" visible="true" />
  <node id="-550" lat="48.7527266" lon="11.4352921" visible="true" />
  <node id="-551" lat="48.7527073" lon="11.4354204" visible="true" />
  <node id="-552" lat="48.7526110" lon="11.4353871" visible="true" />
  <node id="-553" lat="48.7526303" lon="11.4352589" visible="true" />
  <node id="-554" lat="48.7523716" lon="11.4352906" visible="true" />
  <node id="-555" lat="48.7523527" lon="11.4354165" visible="true" />
  <node id="-556" lat="48.7522730" lon="11.4353890" visible="true" />
  <node id="-557" lat="48.7522919" lon="11.4352631" visible="true" />
  <node id="-558" lat="48.7526263" lon="11.4350768" visible="true" />
  <node id="-559" lat="48.7527101" lon="11.4351057" visible="true" />
  <node id="-560" lat="48.7526891" lon="11.4352462" visible="true" />
  <node id="-561" lat="48.7526052" lon="11.4352172" visible="true" />
  <node id="-562" lat="48.7520203" lon="11.4369910" visible="true" />
  <node id="-563" lat="48.7520912" lon="11.4370102" visible="true" />
  <node id="-564" lat="48.7520754" lon="11.4371444" visible="true" />
  <node id="-565" lat="48.7520045" lon="11.4371252" visible="true" />
  <node id="-566" lat="48.7526803" lon="11.4355773" visible="true" />
  <node id="-567" lat="48.7526978" lon="11.4354609" visible="true" />
  <node id="-568" lat="48.7527586" lon="11.4354819" visible="true" />
  <node id="-569" lat="48.7527412" lon="11.4355983" visible="true" />
  <node id="-570" lat="48.7519307" lon="11.4374781" visible="true" />
  <node id="-571" lat="48.7520096" lon="11.4374995" visible="true" />
  <node id="-572" lat="48.7519910" lon="11.4376571" visible="true" />
  <node id="-573" lat="48.7519122" lon="11.4376357" visible="true" />
  <node id="-574" lat="48.7520022" lon="11.4372338" visible="true" />
  <node id="-575" lat="48.7521449" lon="11.4372771" visible="true" />
  <node id="-576" lat="48.7521214" lon="11.4374548" visible="true" />
  <node id="-577" lat="48.7519787" lon="11.4374115" visible="true" />
  <node id="-578" lat="48.7527456" lon="11.4369286" visible="true" />
  <node id="-579" lat="48.7528308" lon="11.4369532" visible="true" />
  <node id="-580" lat="48.7528102" lon="11.4371174" visible="true" />
  <node id="-581" lat="48.7527250" lon="11.4370928" visible="true" />
  <node id="-582" lat="48.7521569" lon="11.4352420" visible="true" />
  <node id="-583" lat="48.7522470" lon="11.4352731" visible="true" />
  <node id="-584" lat="48.7522309" lon="11.4353807" visible="true" />
  <node id="-585" lat="48.7521408" lon="11.4353496" visible="true" />
  <node id="-586" lat="48.7531091" lon="11.4350100" visible="true" />
  <node id="-587" lat="48.7530306" lon="11.4355331" visible="true" />
  <node id="-588" lat="48.7529438" lon="11.4355032" visible="true" />
  <node id="-589" lat="48.7529941" lon="11.4351681" visible="true" />
  <node id="-590" lat="48.7528524" lon="11.4351192" visible="true" />
  <node id="-591" lat="48.7528728" lon="11.4349833" visible="true" />
  <node id="-592" lat="48.7530173" lon="11.4350332" visible="true" />
  <node id="-593" lat="48.7530251" lon="11.4349810" visible="true" />
  <node id="-594" lat="48.7519944" lon="11.4351959" visible="true" />
  <node id="-595" lat="48.7520458" lon="11.4352136" visible="true" />
  <node id="-596" lat="48.7520322" lon="11.4353044" visible="true" />
  <node id="-597" lat="48.7519808" lon="11.4352867" visible="true" />
  <node id="-598" lat="48.7525005" lon="11.4351822" visible="true" />
  <node id="-599" lat="48.7524802" lon="11.4353173" visible="true" />
  <node id="-600" lat="48.7524051" lon="11.4352913" visible="true" />
  <node id="-601" lat="48.7524254" lon="11.4351562" visible="true" />
  <node id="-602" lat="48.7523080" lon="11.4367660" visible="true" />
  <node id="-603" lat="48.7524025" lon="11.4367894" visible="true" />
  <node id="-604" lat="48.7523807" lon="11.4369920" visible="true" />
  <node id="-605" lat="48.7522862" lon="11.4369686" visible="true" />
  <node id="-606" lat="48.7520559" lon="11.4367048" visible="true" />
  <node id="-607" lat="48.7521360" lon="11.4367265" visible="true" />
  <node id="-608" lat="48.7521149" lon="11.4369052" visible="true" />
  <node id="-609" lat="48.7520348" lon="11.4368835" visible="true" />
  <node id="-610" lat="48.7525568" lon="11.4368448" visible="true" />
  <node id="-611" lat="48.7525374" lon="11.4370253" visible="true" />
  <node id="-612" lat="48.7524478" lon="11.4370031" visible="true" />
  <node id="-613" lat="48.7524672" lon="11.4368226" visible="true" />
  <node id="-614" lat="48.7520563" lon="11.4387117" visible="true" />
  <node id="-615" lat="48.7521349" lon="11.4386832" visible="true" />
  <node id="-616" lat="48.7521568" lon="11.4388220" visible="true" />
  <node id="-617" lat="48.7520782" lon="11.4388506" visible="true" />
  <node id="-618" lat="48.7522873" lon="11.4397282" visible="true" />
  <node id="-619" lat="48.7522394" lon="11.4397511" visible="true" />
  <node id="-620" lat="48.7522288" lon="11.4396997" visible="true" />
  <node id="-621" lat="48.7522767" lon="11.4396769" visible="true" />
  <node id="-622" lat="48.7523249" lon="11.4394233" visible="true" />
  <node id="-623" lat="48.7523597" lon="11.4395913" visible="true" />
  <node id="-624" lat="48.7522414" lon="11.4396477" visible="true" />
  <node id="-625" lat="48.7522066" lon="11.4394797" visible="true" />
  <node id="-626" lat="48.7522540" lon="11.4392734" visible="true" />
  <node id="-627" lat="48.7522780" lon="11.4393894" visible="true" />
  <node id="-628" lat="48.7521823" lon="11.4394350" visible="true" />
  <node id="-629" lat="48.7521582" lon="11.4393191" visible="true" />
  <node id="-630" lat="48.7526625" lon="11.4384624" visible="true" />
  <node id="-631" lat="48.7526902" lon="11.4386183" visible="true" />
  <node id="-632" lat="48.7525615" lon="11.4386710" visible="true" />
  <node id="-633" lat="48.7525338" lon="11.4385151" visible="true" />
  <node id="-634" lat="48.7522722" lon="11.4399165" visible="true" />
  <node id="-635" lat="48.7522497" lon="11.4398077" visible="true" />
  <node id="-636" lat="48.7523273" lon="11.4397706" visible="true" />
  <node id="-637" lat="48.7523498" lon="11.4398795" visible="true" />
  <node id="-638" lat="48.7527722" lon="11.4391313" visible="true" />
  <node id="-639" lat="48.7527953" lon="11.4392607" visible="true" />
  <node id="-640" lat="48.7527257" lon="11.4392892" visible="true" />
  <node id="-641" lat="48.7527026" lon="11.4391598" visible="true" />
  <node id="-642" lat="48.7527869" lon="11.4401566" visible="true" />
  <node id="-643" lat="48.7526869" lon="11.4401937" visible="true" />
  <node id="-644" lat="48.7526656" lon="11.4400617" visible="true" />
  <node id="-645" lat="48.7527656" lon="11.4400246" visible="true" />
  <node id="-646" lat="48.7524210" lon="11.4400400" visible="true" />
  <node id="-647" lat="48.7524490" lon="11.4402135" visible="true" />
  <node id="-648" lat="48.7523583" lon="11.4402472" visible="true" />
  <node id="-649" lat="48.7523303" lon="11.4400737" visible="true" />
  <node id="-650" lat="48.7527155" lon="11.4394980" visible="true" />
  <node id="-651" lat="48.7525915" lon="11.4395487" visible="true" />
  <node id="-652" lat="48.7525638" lon="11.4393930" visible="true" />
  <node id="-653" lat="48.7525490" lon="11.4393991" visible="true" />
  <node id="-654" lat="48.7525290" lon="11.4392871" visible="true" />
  <node id="-655" lat="48.7525090" lon="11.4392953" visible="true" />
  <node id="-656" lat="48.7524792" lon="11.4391283" visible="true" />
  <node id="-657" lat="48.7526315" lon="11.4390660" visible="true" />
  <node id="-658" lat="48.7526637" lon="11.4392474" visible="true" />
  <node id="-659" lat="48.7526036" lon="11.4392720" visible="true" />
  <node id="-660" lat="48.7526177" lon="11.4393513" visible="true" />
  <node id="-661" lat="48.7526845" lon="11.4393239" visible="true" />
  <node id="-662" lat="48.7521085" lon="11.4390040" visible="true" />
  <node id="-663" lat="48.7521884" lon="11.4389659" visible="true" />
  <node id="-664" lat="48.7522162" lon="11.4390999" visible="true" />
  <node id="-665" lat="48.7521362" lon="11.4391380" visible="true" />
  <node id="-666" lat="48.7524492" lon="11.4385397" visible="true" />
  <node id="-667" lat="48.7524711" lon="11.4386784" visible="true" />
  <node id="-668" lat="48.7523777" lon="11.4387124" visible="true" />
  <node id="-669" lat="48.7523558" lon="11.4385736" visible="true" />
  <node id="-670" lat="48.7526227" lon="11.4399157" visible="true" />
  <node id="-671" lat="48.7526596" lon="11.4401440" visible="true" />
  <node id="-672" lat="48.7525540" lon="11.4401832" visible="true" />
  <node id="-673" lat="48.7525171" lon="11.4399550" visible="true" />
  <node id="-674" lat="48.7527832" lon="11.4399076" visible="true" />
  <node id="-675" lat="48.7527994" lon="11.4400082" visible="true" />
  <node id="-676" lat="48.7527777" lon="11.4400162" visible="true" />
  <node id="-677" lat="48.7527615" lon="11.4399157" visible="true" />
  <node id="-678" lat="48.7529648" lon="11.4400692" visible="true" />
  <node id="-679" lat="48.7528604" lon="11.4401120" visible="true" />
  <node id="-680" lat="48.7527674" lon="11.4395899" visible="true" />
  <node id="-681" lat="48.7528718" lon="11.4395472" visible="true" />
  <node id="-682" lat="48.7539019" lon="11.4317734" visible="true" />
  <node id="-683" lat="48.7539325" lon="11.4318973" visible="true" />
  <node id="-684" lat="48.7538263" lon="11.4319043" visible="true" />
  <node id="-685" lat="48.7538096" lon="11.4318270" visible="true" />
  <node id="-686" lat="48.7537726" lon="11.4318486" visible="true" />
  <node id="-687" lat="48.7537193" lon="11.4316033" visible="true" />
  <node id="-688" lat="48.7541058" lon="11.4314300" visible="true" />
  <node id="-689" lat="48.7541377" lon="11.4315935" visible="true" />
  <node id="-690" lat="48.7539888" lon="11.4316602" visible="true" />
  <node id="-691" lat="48.7540026" lon="11.4317149" visible="true" />
  <node id="-692" lat="48.7542557" lon="11.4295321" visible="true" />
  <node id="-693" lat="48.7542532" lon="11.4296006" visible="true" />
  <node id="-694" lat="48.7541412" lon="11.4295945" visible="true" />
  <node id="-695" lat="48.7541418" lon="11.4295609" visible="true" />
  <node id="-696" lat="48.7541424" lon="11.4295273" visible="true" />
  <node id="-697" lat="48.7492822" lon="11.4289581" visible="true" />
  <node id="-698" lat="48.7493684" lon="11.4289301" visible="true" />
  <node id="-699" lat="48.7493877" lon="11.4290664" visible="true" />
  <node id="-700" lat="48.7493015" lon="11.4290944" visible="true" />
  <node id="-701" lat="48.7496932" lon="11.4287682" visible="true" />
  <node id="-702" lat="48.7498826" lon="11.4287000" visible="true" />
  <node id="-703" lat="48.7499071" lon="11.4288567" visible="true" />
  <node id="-704" lat="48.7497177" lon="11.4289249" visible="true" />
  <node id="-705" lat="48.7494733" lon="11.4288728" visible="true" />
  <node id="-706" lat="48.7494617" lon="11.4288112" visible="true" />
  <node id="-707" lat="48.7495137" lon="11.4287937" visible="true" />
  <node id="-708" lat="48.7495405" lon="11.4290030" visible="true" />
  <node id="-709" lat="48.7494360" lon="11.4290400" visible="true" />
  <node id="-710" lat="48.7494135" lon="11.4288940" visible="true" />
  <node id="-711" lat="48.7510675" lon="11.4288945" visible="true" />
  <node id="-712" lat="48.7510830" lon="11.4289591" visible="true" />
  <node id="-713" lat="48.7510070" lon="11.4290010" visible="true" />
  <node id="-714" lat="48.7509915" lon="11.4289364" visible="true" />
  <node id="-715" lat="48.7509838" lon="11.4289407" visible="true" />
  <node id="-716" lat="48.7509316" lon="11.4287226" visible="true" />
  <node id="-717" lat="48.7509882" lon="11.4286995" visible="true" />
  <node id="-718" lat="48.7510347" lon="11.4287314" visible="true" />
  <node id="-719" lat="48.7510557" lon="11.4287458" visible="true" />
  <node id="-720" lat="48.7510797" lon="11.4288878" visible="true" />
  <node id="-721" lat="48.7508386" lon="11.4311847" visible="true" />
  <node id="-722" lat="48.7509248" lon="11.4311186" visible="true" />
  <node id="-723" lat="48.7510250" lon="11.4314192" visible="true" />
  <node id="-724" lat="48.7509388" lon="11.4314853" visible="true" />
  <node id="-725" lat="48.7506935" lon="11.4306929" visible="true" />
  <node id="-726" lat="48.7507807" lon="11.4306269" visible="true" />
  <node id="-727" lat="48.7508896" lon="11.4309572" visible="true" />
  <node id="-728" lat="48.7508024" lon="11.4310233" visible="true" />
  <node id="-729" lat="48.7504869" lon="11.4289133" visible="true" />
  <node id="-730" lat="48.7505707" lon="11.4288897" visible="true" />
  <node id="-731" lat="48.7505881" lon="11.4290318" visible="true" />
  <node id="-732" lat="48.7505044" lon="11.4290554" visible="true" />
  <node id="-733" lat="48.7509196" lon="11.4288233" visible="true" />
  <node id="-734" lat="48.7509505" lon="11.4290156" visible="true" />
  <node id="-735" lat="48.7507632" lon="11.4290850" visible="true" />
  <node id="-736" lat="48.7507322" lon="11.4288926" visible="true" />
  <node id="-737" lat="48.7501116" lon="11.4296176" visible="true" />
  <node id="-738" lat="48.7502125" lon="11.4304381" visible="true" />
  <node id="-739" lat="48.7501176" lon="11.4304650" visible="true" />
  <node id="-740" lat="48.7500167" lon="11.4296444" visible="true" />
  <node id="-741" lat="48.7516663" lon="11.4298123" visible="true" />
  <node id="-742" lat="48.7517619" lon="11.4297658" visible="true" />
  <node id="-743" lat="48.7517989" lon="11.4299409" visible="true" />
  <node id="-744" lat="48.7517033" lon="11.4299874" visible="true" />
  <node id="-745" lat="48.7513789" lon="11.4304983" visible="true" />
  <node id="-746" lat="48.7514281" lon="11.4306805" visible="true" />
  <node id="-747" lat="48.7512952" lon="11.4307631" visible="true" />
  <node id="-748" lat="48.7512460" lon="11.4305809" visible="true" />
  <node id="-749" lat="48.7493734" lon="11.4294215" visible="true" />
  <node id="-750" lat="48.7493663" lon="11.4293820" visible="true" />
  <node id="-751" lat="48.7495254" lon="11.4293159" visible="true" />
  <node id="-752" lat="48.7495556" lon="11.4294836" visible="true" />
  <node id="-753" lat="48.7493966" lon="11.4295497" visible="true" />
  <node id="-754" lat="48.7493925" lon="11.4295272" visible="true" />
  <node id="-755" lat="48.7493044" lon="11.4295637" visible="true" />
  <node id="-756" lat="48.7493143" lon="11.4296173" visible="true" />
  <node id="-757" lat="48.7491770" lon="11.4296807" visible="true" />
  <node id="-758" lat="48.7491170" lon="11.4296760" visible="true" />
  <node id="-759" lat="48.7490600" lon="11.4295989" visible="true" />
  <node id="-760" lat="48.7490292" lon="11.4294891" visible="true" />
  <node id="-761" lat="48.7490954" lon="11.4294541" visible="true" />
  <node id="-762" lat="48.7491200" lon="11.4295055" visible="true" />
  <node id="-763" lat="48.7491570" lon="11.4295195" visible="true" />
  <node id="-764" lat="48.7491817" lon="11.4294961" visible="true" />
  <node id="-765" lat="48.7491909" lon="11.4294588" visible="true" />
  <node id="-766" lat="48.7491740" lon="11.4293980" visible="true" />
  <node id="-767" lat="48.7492507" lon="11.4293681" visible="true" />
  <node id="-768" lat="48.7492645" lon="11.4294597" visible="true" />
  <node id="-769" lat="48.7492850" lon="11.4294581" visible="true" />
  <node id="-770" lat="48.7508260" lon="11.4293453" visible="true" />
  <node id="-771" lat="48.7508467" lon="11.4295151" visible="true" />
  <node id="-772" lat="48.7504590" lon="11.4296241" visible="true" />
  <node id="-773" lat="48.7504383" lon="11.4294544" visible="true" />
  <node id="-774" lat="48.7514444" lon="11.4296161" visible="true" />
  <node id="-775" lat="48.7515371" lon="11.4295832" visible="true" />
  <node id="-776" lat="48.7515611" lon="11.4297385" visible="true" />
  <node id="-777" lat="48.7514683" lon="11.4297714" visible="true" />
  <node id="-778" lat="48.7502636" lon="11.4304535" visible="true" />
  <node id="-779" lat="48.7502735" lon="11.4305711" visible="true" />
  <node id="-780" lat="48.7504369" lon="11.4305253" visible="true" />
  <node id="-781" lat="48.7504470" lon="11.4306149" visible="true" />
  <node id="-782" lat="48.7502254" lon="11.4306726" visible="true" />
  <node id="-783" lat="48.7502027" lon="11.4304670" visible="true" />
  <node id="-784" lat="48.7509385" lon="11.4308246" visible="true" />
  <node id="-785" lat="48.7509886" lon="11.4309997" visible="true" />
  <node id="-786" lat="48.7509330" lon="11.4310363" visible="true" />
  <node id="-787" lat="48.7508829" lon="11.4308612" visible="true" />
  <node id="-788" lat="48.7497324" lon="11.4291782" visible="true" />
  <node id="-789" lat="48.7497436" lon="11.4292502" visible="true" />
  <node id="-790" lat="48.7497669" lon="11.4294003" visible="true" />
  <node id="-791" lat="48.7496890" lon="11.4294268" visible="true" />
  <node id="-792" lat="48.7496769" lon="11.4293454" visible="true" />
  <node id="-793" lat="48.7496532" lon="11.4293535" visible="true" />
  <node id="-794" lat="48.7496389" lon="11.4292571" visible="true" />
  <node id="-795" lat="48.7496654" lon="11.4292481" visible="true" />
  <node id="-796" lat="48.7496588" lon="11.4292033" visible="true" />
  <node id="-797" lat="48.7514293" lon="11.4302730" visible="true" />
  <node id="-798" lat="48.7514517" lon="11.4304057" visible="true" />
  <node id="-799" lat="48.7512905" lon="11.4304685" visible="true" />
  <node id="-800" lat="48.7512681" lon="11.4303357" visible="true" />
  <node id="-801" lat="48.7508975" lon="11.4297532" visible="true" />
  <node id="-802" lat="48.7509173" lon="11.4299051" visible="true" />
  <node id="-803" lat="48.7505318" lon="11.4300207" visible="true" />
  <node id="-804" lat="48.7505120" lon="11.4298688" visible="true" />
  <node id="-805" lat="48.7513978" lon="11.4290909" visible="true" />
  <node id="-806" lat="48.7514907" lon="11.4290570" visible="true" />
  <node id="-807" lat="48.7515212" lon="11.4292486" visible="true" />
  <node id="-808" lat="48.7514283" lon="11.4292826" visible="true" />
  <node id="-809" lat="48.7511481" lon="11.4295958" visible="true" />
  <node id="-810" lat="48.7512370" lon="11.4295359" visible="true" />
  <node id="-811" lat="48.7512719" lon="11.4296548" visible="true" />
  <node id="-812" lat="48.7511830" lon="11.4297147" visible="true" />
  <node id="-813" lat="48.7515100" lon="11.4308681" visible="true" />
  <node id="-814" lat="48.7515935" lon="11.4309251" visible="true" />
  <node id="-815" lat="48.7515543" lon="11.4310573" visible="true" />
  <node id="-816" lat="48.7514708" lon="11.4310003" visible="true" />
  <node id="-817" lat="48.7496263" lon="11.4286653" visible="true" />
  <node id="-818" lat="48.7497180" lon="11.4286334" visible="true" />
  <node id="-819" lat="48.7497350" lon="11.4287455" visible="true" />
  <node id="-820" lat="48.7496432" lon="11.4287774" visible="true" />
  <node id="-821" lat="48.7507602" lon="11.4291455" visible="true" />
  <node id="-822" lat="48.7507778" lon="11.4292644" visible="true" />
  <node id="-823" lat="48.7507204" lon="11.4292856" visible="true" />
  <node id="-824" lat="48.7507028" lon="11.4291667" visible="true" />
  <node id="-825" lat="48.7506590" lon="11.4287773" visible="true" />
  <node id="-826" lat="48.7506715" lon="11.4288527" visible="true" />
  <node id="-827" lat="48.7505756" lon="11.4288890" visible="true" />
  <node id="-828" lat="48.7505632" lon="11.4288136" visible="true" />
  <node id="-829" lat="48.7497748" lon="11.4297029" visible="true" />
  <node id="-830" lat="48.7498696" lon="11.4304720" visible="true" />
  <node id="-831" lat="48.7497734" lon="11.4304992" visible="true" />
  <node id="-832" lat="48.7496787" lon="11.4297301" visible="true" />
  <node id="-833" lat="48.7513317" lon="11.4313272" visible="true" />
  <node id="-834" lat="48.7514378" lon="11.4314029" visible="true" />
  <node id="-835" lat="48.7513507" lon="11.4316837" visible="true" />
  <node id="-836" lat="48.7512446" lon="11.4316080" visible="true" />
  <node id="-837" lat="48.7512921" lon="11.4300814" visible="true" />
  <node id="-838" lat="48.7513729" lon="11.4300234" visible="true" />
  <node id="-839" lat="48.7514121" lon="11.4301489" visible="true" />
  <node id="-840" lat="48.7513313" lon="11.4302070" visible="true" />
  <node id="-841" lat="48.7513095" lon="11.4297627" visible="true" />
  <node id="-842" lat="48.7513445" lon="11.4298800" visible="true" />
  <node id="-843" lat="48.7512530" lon="11.4299427" visible="true" />
  <node id="-844" lat="48.7512180" lon="11.4298255" visible="true" />
  <node id="-845" lat="48.7510871" lon="11.4292872" visible="true" />
  <node id="-846" lat="48.7511606" lon="11.4292437" visible="true" />
  <node id="-847" lat="48.7511954" lon="11.4293791" visible="true" />
  <node id="-848" lat="48.7511220" lon="11.4294226" visible="true" />
  <node id="-849" lat="48.7509363" lon="11.4306249" visible="true" />
  <node id="-850" lat="48.7510720" lon="11.4305435" visible="true" />
  <node id="-851" lat="48.7511548" lon="11.4308606" visible="true" />
  <node id="-852" lat="48.7510191" lon="11.4309421" visible="true" />
  <node id="-853" lat="48.7505610" lon="11.4291016" visible="true" />
  <node id="-854" lat="48.7506895" lon="11.4290686" visible="true" />
  <node id="-855" lat="48.7507082" lon="11.4292356" visible="true" />
  <node id="-856" lat="48.7505797" lon="11.4292686" visible="true" />
  <node id="-857" lat="48.7503018" lon="11.4290091" visible="true" />
  <node id="-858" lat="48.7504066" lon="11.4289729" visible="true" />
  <node id="-859" lat="48.7504632" lon="11.4293495" visible="true" />
  <node id="-860" lat="48.7503584" lon="11.4293858" visible="true" />
  <node id="-861" lat="48.7517013" lon="11.4295390" visible="true" />
  <node id="-862" lat="48.7517993" lon="11.4294928" visible="true" />
  <node id="-863" lat="48.7518319" lon="11.4296518" visible="true" />
  <node id="-864" lat="48.7517339" lon="11.4296981" visible="true" />
  <node id="-865" lat="48.7514468" lon="11.4310862" visible="true" />
  <node id="-866" lat="48.7515277" lon="11.4311655" visible="true" />
  <node id="-867" lat="48.7514798" lon="11.4312778" visible="true" />
  <node id="-868" lat="48.7513989" lon="11.4311985" visible="true" />
  <node id="-869" lat="48.7513622" lon="11.4311026" visible="true" />
  <node id="-870" lat="48.7511528" lon="11.4312478" visible="true" />
  <node id="-871" lat="48.7510863" lon="11.4310358" visible="true" />
  <node id="-872" lat="48.7512958" lon="11.4308906" visible="true" />
  <node id="-873" lat="48.7510993" lon="11.4290721" visible="true" />
  <node id="-874" lat="48.7510923" lon="11.4290477" visible="true" />
  <node id="-875" lat="48.7511594" lon="11.4290033" visible="true" />
  <node id="-876" lat="48.7511965" lon="11.4291321" visible="true" />
  <node id="-877" lat="48.7511294" lon="11.4291765" visible="true" />
  <node id="-878" lat="48.7511118" lon="11.4291154" visible="true" />
  <node id="-879" lat="48.7510827" lon="11.4291278" visible="true" />
  <node id="-880" lat="48.7510912" lon="11.4291677" visible="true" />
  <node id="-881" lat="48.7510153" lon="11.4292049" visible="true" />
  <node id="-882" lat="48.7509911" lon="11.4290918" visible="true" />
  <node id="-883" lat="48.7510671" lon="11.4290545" visible="true" />
  <node id="-884" lat="48.7510732" lon="11.4290832" visible="true" />
  <node id="-885" lat="48.7494330" lon="11.4297872" visible="true" />
  <node id="-886" lat="48.7494988" lon="11.4303172" visible="true" />
  <node id="-887" lat="48.7494080" lon="11.4303431" visible="true" />
  <node id="-888" lat="48.7493422" lon="11.4298131" visible="true" />
  <node id="-889" lat="48.7517156" lon="11.4292435" visible="true" />
  <node id="-890" lat="48.7517941" lon="11.4292207" visible="true" />
  <node id="-891" lat="48.7518137" lon="11.4293760" visible="true" />
  <node id="-892" lat="48.7517352" lon="11.4293988" visible="true" />
  <node id="-893" lat="48.7514260" lon="11.4293704" visible="true" />
  <node id="-894" lat="48.7515044" lon="11.4293419" visible="true" />
  <node id="-895" lat="48.7515306" lon="11.4295071" visible="true" />
  <node id="-896" lat="48.7514522" lon="11.4295356" visible="true" />
  <node id="-897" lat="48.7498633" lon="11.4294411" visible="true" />
  <node id="-898" lat="48.7498223" lon="11.4291917" visible="true" />
  <node id="-899" lat="48.7499032" lon="11.4291614" visible="true" />
  <node id="-900" lat="48.7499441" lon="11.4294107" visible="true" />
  <node id="-901" lat="48.7500484" lon="11.4293936" visible="true" />
  <node id="-902" lat="48.7500588" lon="11.4294990" visible="true" />
  <node id="-903" lat="48.7499850" lon="11.4295158" visible="true" />
  <node id="-904" lat="48.7499719" lon="11.4293837" visible="true" />
  <node id="-905" lat="48.7500025" lon="11.4293767" visible="true" />
  <node id="-906" lat="48.7499826" lon="11.4292281" visible="true" />
  <node id="-907" lat="48.7500671" lon="11.4292020" visible="true" />
  <node id="-908" lat="48.7500911" lon="11.4293804" visible="true" />
  <node id="-909" lat="48.7505723" lon="11.4303970" visible="true" />
  <node id="-910" lat="48.7505541" lon="11.4302404" visible="true" />
  <node id="-911" lat="48.7509506" lon="11.4301347" visible="true" />
  <node id="-912" lat="48.7509687" lon="11.4302913" visible="true" />
  <node id="-913" lat="48.7523058" lon="11.4316530" visible="true" />
  <node id="-914" lat="48.7523981" lon="11.4316197" visible="true" />
  <node id="-915" lat="48.7524289" lon="11.4318159" visible="true" />
  <node id="-916" lat="48.7523366" lon="11.4318493" visible="true" />
  <node id="-917" lat="48.7521237" lon="11.4315106" visible="true" />
  <node id="-918" lat="48.7520682" lon="11.4315854" visible="true" />
  <node id="-919" lat="48.7520172" lon="11.4314984" visible="true" />
  <node id="-920" lat="48.7520727" lon="11.4314236" visible="true" />
  <node id="-921" lat="48.7536732" lon="11.4305661" visible="true" />
  <node id="-922" lat="48.7535942" lon="11.4307862" visible="true" />
  <node id="-923" lat="48.7535475" lon="11.4307270" visible="true" />
  <node id="-924" lat="48.7534544" lon="11.4306131" visible="true" />
  <node id="-925" lat="48.7533569" lon="11.4304943" visible="true" />
  <node id="-926" lat="48.7532960" lon="11.4304196" visible="true" />
  <node id="-927" lat="48.7532679" lon="11.4303850" visible="true" />
  <node id="-928" lat="48.7532509" lon="11.4304113" visible="true" />
  <node id="-929" lat="48.7531729" lon="11.4305396" visible="true" />
  <node id="-930" lat="48.7530885" lon="11.4306785" visible="true" />
  <node id="-931" lat="48.7530025" lon="11.4308153" visible="true" />
  <node id="-932" lat="48.7529555" lon="11.4308900" visible="true" />
  <node id="-933" lat="48.7528488" lon="11.4307335" visible="true" />
  <node id="-934" lat="48.7533121" lon="11.4300348" visible="true" />
  <node id="-935" lat="48.7534137" lon="11.4302050" visible="true" />
  <node id="-936" lat="48.7533921" lon="11.4302454" visible="true" />
  <node id="-937" lat="48.7520471" lon="11.4317462" visible="true" />
  <node id="-938" lat="48.7522534" lon="11.4316715" visible="true" />
  <node id="-939" lat="48.7522856" lon="11.4318756" visible="true" />
  <node id="-940" lat="48.7520792" lon="11.4319504" visible="true" />
  <node id="-941" lat="48.7529706" lon="11.4302696" visible="true" />
  <node id="-942" lat="48.7528637" lon="11.4304300" visible="true" />
  <node id="-943" lat="48.7527723" lon="11.4302899" visible="true" />
  <node id="-944" lat="48.7528791" lon="11.4301295" visible="true" />
  <node id="-945" lat="48.7531799" lon="11.4299938" visible="true" />
  <node id="-946" lat="48.7530731" lon="11.4301542" visible="true" />
  <node id="-947" lat="48.7529771" lon="11.4300071" visible="true" />
  <node id="-948" lat="48.7530839" lon="11.4298467" visible="true" />
  <node id="-949" lat="48.7532318" lon="11.4312885" visible="true" />
  <node id="-950" lat="48.7535897" lon="11.4311410" visible="true" />
  <node id="-951" lat="48.7536169" lon="11.4312833" visible="true" />
  <node id="-952" lat="48.7534563" lon="11.4313496" visible="true" />
  <node id="-953" lat="48.7534464" lon="11.4313537" visible="true" />
  <node id="-954" lat="48.7533343" lon="11.4314000" visible="true" />
  <node id="-955" lat="48.7532567" lon="11.4314318" visible="true" />
  <node id="-956" lat="48.7527364" lon="11.4305966" visible="true" />
  <node id="-957" lat="48.7526458" lon="11.4304577" visible="true" />
  <node id="-958" lat="48.7527510" lon="11.4302998" visible="true" />
  <node id="-959" lat="48.7528416" lon="11.4304387" visible="true" />
  <node id="-960" lat="48.7527076" lon="11.4311076" visible="true" />
  <node id="-961" lat="48.7524323" lon="11.4307221" visible="true" />
  <node id="-962" lat="48.7525351" lon="11.4305316" visible="true" />
  <node id="-963" lat="48.7528420" lon="11.4310072" visible="true" />
  <node id="-964" lat="48.7529503" lon="11.4315739" visible="true" />
  <node id="-965" lat="48.7527920" lon="11.4316366" visible="true" />
  <node id="-966" lat="48.7527547" lon="11.4314184" visible="true" />
  <node id="-967" lat="48.7527880" lon="11.4314021" visible="true" />
  <node id="-968" lat="48.7527397" lon="11.4311972" visible="true" />
  <node id="-969" lat="48.7524527" lon="11.4313139" visible="true" />
  <node id="-970" lat="48.7524201" lon="11.4311311" visible="true" />
  <node id="-971" lat="48.7526022" lon="11.4310563" visible="true" />
  <node id="-972" lat="48.7526175" lon="11.4311418" visible="true" />
  <node id="-973" lat="48.7529456" lon="11.4313861" visible="true" />
  <node id="-974" lat="48.7531954" lon="11.4312821" visible="true" />
  <node id="-975" lat="48.7532261" lon="11.4314541" visible="true" />
  <node id="-976" lat="48.7531624" lon="11.4314803" visible="true" />
  <node id="-977" lat="48.7530324" lon="11.4315338" visible="true" />
  <node id="-978" lat="48.7529764" lon="11.4315554" visible="true" />
  <node id="-979" lat="48.7532078" lon="11.4293892" visible="true" />
  <node id="-980" lat="48.7532003" lon="11.4295710" visible="true" />
  <node id="-981" lat="48.7530525" lon="11.4295569" visible="true" />
  <node id="-982" lat="48.7530600" lon="11.4293752" visible="true" />
  <node id="-983" lat="48.7530150" lon="11.4292922" visible="true" />
  <node id="-984" lat="48.7530036" lon="11.4294886" visible="true" />
  <node id="-985" lat="48.7528999" lon="11.4294747" visible="true" />
  <node id="-986" lat="48.7529113" lon="11.4292784" visible="true" />
  <node id="-987" lat="48.7524453" lon="11.4292715" visible="true" />
  <node id="-988" lat="48.7524763" lon="11.4294081" visible="true" />
  <node id="-989" lat="48.7523870" lon="11.4294548" visible="true" />
  <node id="-990" lat="48.7523559" lon="11.4293182" visible="true" />
  <node id="-991" lat="48.7520088" lon="11.4296028" visible="true" />
  <node id="-992" lat="48.7520005" lon="11.4293861" visible="true" />
  <node id="-993" lat="48.7521283" lon="11.4293696" visible="true" />
  <node id="-994" lat="48.7521357" lon="11.4295014" visible="true" />
  <node id="-995" lat="48.7521407" lon="11.4295892" visible="true" />
  <node id="-996" lat="48.7520788" lon="11.4295956" visible="true" />
  <node id="-997" lat="48.7525271" lon="11.4294703" visible="true" />
  <node id="-998" lat="48.7525503" lon="11.4296179" visible="true" />
  <node id="-999" lat="48.7522792" lon="11.4297160" visible="true" />
  <node id="-1000" lat="48.7522560" lon="11.4295684" visible="true" />
  <node id="-1001" lat="48.7498763" lon="11.4308958" visible="true" />
  <node id="-1002" lat="48.7498525" lon="11.4310860" visible="true" />
  <node id="-1003" lat="48.7499006" lon="11.4310999" visible="true" />
  <node id="-1004" lat="48.7498858" lon="11.4312174" visible="true" />
  <node id="-1005" lat="48.7498773" lon="11.4312150" visible="true" />
  <node id="-1006" lat="48.7498630" lon="11.4313289" visible="true" />
  <node id="-1007" lat="48.7497883" lon="11.4313074" visible="true" />
  <node id="-1008" lat="48.7497813" lon="11.4313638" visible="true" />
  <node id="-1009" lat="48.7496172" lon="11.4313165" visible="true" />
  <node id="-1010" lat="48.7496376" lon="11.4311536" visible="true" />
  <node id="-1011" lat="48.7496939" lon="11.4311698" visible="true" />
  <node id="-1012" lat="48.7497094" lon="11.4310462" visible="true" />
  <node id="-1013" lat="48.7497454" lon="11.4310565" visible="true" />
  <node id="-1014" lat="48.7497694" lon="11.4308650" visible="true" />
  <node id="-1015" lat="48.7513532" lon="11.4339265" visible="true" />
  <node id="-1016" lat="48.7513601" lon="11.4339904" visible="true" />
  <node id="-1017" lat="48.7513346" lon="11.4340661" visible="true" />
  <node id="-1018" lat="48.7513758" lon="11.4343268" visible="true" />
  <node id="-1019" lat="48.7513337" lon="11.4344168" visible="true" />
  <node id="-1020" lat="48.7512382" lon="11.4344475" visible="true" />
  <node id="-1021" lat="48.7511656" lon="11.4344722" visible="true" />
  <node id="-1022" lat="48.7506787" lon="11.4346580" visible="true" />
  <node id="-1023" lat="48.7506322" lon="11.4343692" visible="true" />
  <node id="-1024" lat="48.7511256" lon="11.4341896" visible="true" />
  <node id="-1025" lat="48.7510983" lon="11.4340058" visible="true" />
  <node id="-1026" lat="48.7511397" lon="11.4339067" visible="true" />
  <node id="-1027" lat="48.7512791" lon="11.4338505" visible="true" />
  <node id="-1028" lat="48.7505169" lon="11.4314365" visible="true" />
  <node id="-1029" lat="48.7504429" lon="11.4316467" visible="true" />
  <node id="-1030" lat="48.7503001" lon="11.4315312" visible="true" />
  <node id="-1031" lat="48.7503607" lon="11.4313589" visible="true" />
  <node id="-1032" lat="48.7502851" lon="11.4313393" visible="true" />
  <node id="-1033" lat="48.7503135" lon="11.4310884" visible="true" />
  <node id="-1034" lat="48.7504194" lon="11.4311798" visible="true" />
  <node id="-1035" lat="48.7504660" lon="11.4310604" visible="true" />
  <node id="-1036" lat="48.7507309" lon="11.4313337" visible="true" />
  <node id="-1037" lat="48.7506758" lon="11.4314567" visible="true" />
  <node id="-1038" lat="48.7504499" lon="11.4312407" visible="true" />
  <node id="-1039" lat="48.7504093" lon="11.4313495" visible="true" />
  <node id="-1040" lat="48.7505400" lon="11.4307076" visible="true" />
  <node id="-1041" lat="48.7505734" lon="11.4309131" visible="true" />
  <node id="-1042" lat="48.7504564" lon="11.4309599" visible="true" />
  <node id="-1043" lat="48.7504229" lon="11.4307544" visible="true" />
  <node id="-1044" lat="48.7493812" lon="11.4315221" visible="true" />
  <node id="-1045" lat="48.7495075" lon="11.4315266" visible="true" />
  <node id="-1046" lat="48.7495044" lon="11.4317252" visible="true" />
  <node id="-1047" lat="48.7493781" lon="11.4317207" visible="true" />
  <node id="-1048" lat="48.7531647" lon="11.4333213" visible="true" />
  <node id="-1049" lat="48.7532895" lon="11.4333259" visible="true" />
  <node id="-1050" lat="48.7532873" lon="11.4334596" visible="true" />
  <node id="-1051" lat="48.7531626" lon="11.4334550" visible="true" />
  <node id="-1052" lat="48.7503799" lon="11.4321300" visible="true" />
  <node id="-1053" lat="48.7502581" lon="11.4319680" visible="true" />
  <node id="-1054" lat="48.7503327" lon="11.4318397" visible="true" />
  <node id="-1055" lat="48.7504545" lon="11.4320017" visible="true" />
  <node id="-1056" lat="48.7526914" lon="11.4327365" visible="true" />
  <node id="-1057" lat="48.7527796" lon="11.4326994" visible="true" />
  <node id="-1058" lat="48.7528292" lon="11.4329711" visible="true" />
  <node id="-1059" lat="48.7527411" lon="11.4330082" visible="true" />
  <node id="-1060" lat="48.7492656" lon="11.4319870" visible="true" />
  <node id="-1061" lat="48.7493319" lon="11.4319497" visible="true" />
  <node id="-1062" lat="48.7493591" lon="11.4320609" visible="true" />
  <node id="-1063" lat="48.7492929" lon="11.4320983" visible="true" />
  <node id="-1064" lat="48.7497067" lon="11.4327742" visible="true" />
  <node id="-1065" lat="48.7497303" lon="11.4329337" visible="true" />
  <node id="-1066" lat="48.7496204" lon="11.4329707" visible="true" />
  <node id="-1067" lat="48.7495969" lon="11.4328113" visible="true" />
  <node id="-1068" lat="48.7528809" lon="11.4337772" visible="true" />
  <node id="-1069" lat="48.7529713" lon="11.4337751" visible="true" />
  <node id="-1070" lat="48.7529727" lon="11.4339139" visible="true" />
  <node id="-1071" lat="48.7528822" lon="11.4339159" visible="true" />
  <node id="-1072" lat="48.7494181" lon="11.4328840" visible="true" />
  <node id="-1073" lat="48.7495155" lon="11.4328412" visible="true" />
  <node id="-1074" lat="48.7495463" lon="11.4330024" visible="true" />
  <node id="-1075" lat="48.7494489" lon="11.4330452" visible="true" />
  <node id="-1076" lat="48.7500204" lon="11.4312190" visible="true" />
  <node id="-1077" lat="48.7500021" lon="11.4313662" visible="true" />
  <node id="-1078" lat="48.7498969" lon="11.4313362" visible="true" />
  <node id="-1079" lat="48.7499152" lon="11.4311890" visible="true" />
  <node id="-1080" lat="48.7531597" lon="11.4325515" visible="true" />
  <node id="-1081" lat="48.7531639" lon="11.4329806" visible="true" />
  <node id="-1082" lat="48.7530229" lon="11.4329837" visible="true" />
  <node id="-1083" lat="48.7530187" lon="11.4325547" visible="true" />
  <node id="-1084" lat="48.7525259" lon="11.4339490" visible="true" />
  <node id="-1085" lat="48.7525246" lon="11.4338141" visible="true" />
  <node id="-1086" lat="48.7527118" lon="11.4338099" visible="true" />
  <node id="-1087" lat="48.7527131" lon="11.4339448" visible="true" />
  <node id="-1088" lat="48.7506555" lon="11.4320314" visible="true" />
  <node id="-1089" lat="48.7507832" lon="11.4319562" visible="true" />
  <node id="-1090" lat="48.7508253" lon="11.4321205" visible="true" />
  <node id="-1091" lat="48.7506976" lon="11.4321956" visible="true" />
  <node id="-1092" lat="48.7506654" lon="11.4320695" visible="true" />
  <node id="-1093" lat="48.7522521" lon="11.4335778" visible="true" />
  <node id="-1094" lat="48.7522697" lon="11.4337447" visible="true" />
  <node id="-1095" lat="48.7521721" lon="11.4337684" visible="true" />
  <node id="-1096" lat="48.7521545" lon="11.4336015" visible="true" />
  <node id="-1097" lat="48.7505660" lon="11.4324686" visible="true" />
  <node id="-1098" lat="48.7505935" lon="11.4326235" visible="true" />
  <node id="-1099" lat="48.7504423" lon="11.4326849" visible="true" />
  <node id="-1100" lat="48.7504148" lon="11.4325300" visible="true" />
  <node id="-1101" lat="48.7527676" lon="11.4325086" visible="true" />
  <node id="-1102" lat="48.7528207" lon="11.4324862" visible="true" />
  <node id="-1103" lat="48.7528590" lon="11.4326957" visible="true" />
  <node id="-1104" lat="48.7528059" lon="11.4327180" visible="true" />
  <node id="-1105" lat="48.7521077" lon="11.4339655" visible="true" />
  <node id="-1106" lat="48.7522039" lon="11.4339633" visible="true" />
  <node id="-1107" lat="48.7522057" lon="11.4341514" visible="true" />
  <node id="-1108" lat="48.7521095" lon="11.4341536" visible="true" />
  <node id="-1109" lat="48.7500597" lon="11.4326739" visible="true" />
  <node id="-1110" lat="48.7501783" lon="11.4326365" visible="true" />
  <node id="-1111" lat="48.7501972" lon="11.4327742" visible="true" />
  <node id="-1112" lat="48.7500786" lon="11.4328116" visible="true" />
  <node id="-1113" lat="48.7505768" lon="11.4314762" visible="true" />
  <node id="-1114" lat="48.7506354" lon="11.4315603" visible="true" />
  <node id="-1115" lat="48.7505909" lon="11.4316315" visible="true" />
  <node id="-1116" lat="48.7505324" lon="11.4315474" visible="true" />
  <node id="-1117" lat="48.7497051" lon="11.4323989" visible="true" />
  <node id="-1118" lat="48.7497452" lon="11.4326092" visible="true" />
  <node id="-1119" lat="48.7496905" lon="11.4326331" visible="true" />
  <node id="-1120" lat="48.7496505" lon="11.4324229" visible="true" />
  <node id="-1121" lat="48.7532268" lon="11.4328203" visible="true" />
  <node id="-1122" lat="48.7532307" lon="11.4327350" visible="true" />
  <node id="-1123" lat="48.7533244" lon="11.4327449" visible="true" />
  <node id="-1124" lat="48.7533204" lon="11.4328302" visible="true" />
  <node id="-1125" lat="48.7500394" lon="11.4316805" visible="true" />
  <node id="-1126" lat="48.7500262" lon="11.4318513" visible="true" />
  <node id="-1127" lat="48.7498691" lon="11.4318232" visible="true" />
  <node id="-1128" lat="48.7498823" lon="11.4316524" visible="true" />
  <node id="-1129" lat="48.7499141" lon="11.4316581" visible="true" />
  <node id="-1130" lat="48.7529571" lon="11.4327861" visible="true" />
  <node id="-1131" lat="48.7529594" lon="11.4330205" visible="true" />
  <node id="-1132" lat="48.7528570" lon="11.4330228" visible="true" />
  <node id="-1133" lat="48.7528547" lon="11.4327884" visible="true" />
  <node id="-1134" lat="48.7493888" lon="11.4318398" visible="true" />
  <node id="-1135" lat="48.7494999" lon="11.4317964" visible="true" />
  <node id="-1136" lat="48.7495369" lon="11.4320136" visible="true" />
  <node id="-1137" lat="48.7494258" lon="11.4320571" visible="true" />
  <node id="-1138" lat="48.7533634" lon="11.4328986" visible="true" />
  <node id="-1139" lat="48.7533269" lon="11.4331962" visible="true" />
  <node id="-1140" lat="48.7531898" lon="11.4331633" visible="true" />
  <node id="-1141" lat="48.7532001" lon="11.4330872" visible="true" />
  <node id="-1142" lat="48.7532571" lon="11.4331001" visible="true" />
  <node id="-1143" lat="48.7532761" lon="11.4328900" visible="true" />
  <node id="-1144" lat="48.7532403" lon="11.4337772" visible="true" />
  <node id="-1145" lat="48.7533283" lon="11.4337715" visible="true" />
  <node id="-1146" lat="48.7533342" lon="11.4339795" visible="true" />
  <node id="-1147" lat="48.7532461" lon="11.4339852" visible="true" />
  <node id="-1148" lat="48.7505214" lon="11.4321709" visible="true" />
  <node id="-1149" lat="48.7505535" lon="11.4323518" visible="true" />
  <node id="-1150" lat="48.7504661" lon="11.4323872" visible="true" />
  <node id="-1151" lat="48.7504340" lon="11.4322063" visible="true" />
  <node id="-1152" lat="48.7499054" lon="11.4324140" visible="true" />
  <node id="-1153" lat="48.7499577" lon="11.4323728" visible="true" />
  <node id="-1154" lat="48.7500208" lon="11.4325574" visible="true" />
  <node id="-1155" lat="48.7499686" lon="11.4325985" visible="true" />
  <node id="-1156" lat="48.7524014" lon="11.4322358" visible="true" />
  <node id="-1157" lat="48.7525207" lon="11.4321857" visible="true" />
  <node id="-1158" lat="48.7525463" lon="11.4323255" visible="true" />
  <node id="-1159" lat="48.7524270" lon="11.4323756" visible="true" />
  <node id="-1160" lat="48.7497431" lon="11.4327664" visible="true" />
  <node id="-1161" lat="48.7499018" lon="11.4327057" visible="true" />
  <node id="-1162" lat="48.7499294" lon="11.4328715" visible="true" />
  <node id="-1163" lat="48.7497708" lon="11.4329323" visible="true" />
  <node id="-1164" lat="48.7527698" lon="11.4337970" visible="true" />
  <node id="-1165" lat="48.7528383" lon="11.4337955" visible="true" />
  <node id="-1166" lat="48.7528396" lon="11.4339309" visible="true" />
  <node id="-1167" lat="48.7527711" lon="11.4339324" visible="true" />
  <node id="-1168" lat="48.7521382" lon="11.4337970" visible="true" />
  <node id="-1169" lat="48.7519988" lon="11.4338333" visible="true" />
  <node id="-1170" lat="48.7519832" lon="11.4336963" visible="true" />
  <node id="-1171" lat="48.7521226" lon="11.4336600" visible="true" />
  <node id="-1172" lat="48.7501593" lon="11.4313335" visible="true" />
  <node id="-1173" lat="48.7501790" lon="11.4311456" visible="true" />
  <node id="-1174" lat="48.7502258" lon="11.4311569" visible="true" />
  <node id="-1175" lat="48.7502070" lon="11.4313363" visible="true" />
  <node id="-1176" lat="48.7502427" lon="11.4313384" visible="true" />
  <node id="-1177" lat="48.7502382" lon="11.4315164" visible="true" />
  <node id="-1178" lat="48.7500670" lon="11.4314855" visible="true" />
  <node id="-1179" lat="48.7500716" lon="11.4313075" visible="true" />
  <node id="-1180" lat="48.7528137" lon="11.4320690" visible="true" />
  <node id="-1181" lat="48.7529520" lon="11.4320108" visible="true" />
  <node id="-1182" lat="48.7529793" lon="11.4321602" visible="true" />
  <node id="-1183" lat="48.7528410" lon="11.4322183" visible="true" />
  <node id="-1184" lat="48.7522732" lon="11.4340051" visible="true" />
  <node id="-1185" lat="48.7522587" lon="11.4338634" visible="true" />
  <node id="-1186" lat="48.7524417" lon="11.4338204" visible="true" />
  <node id="-1187" lat="48.7524562" lon="11.4339622" visible="true" />
  <node id="-1188" lat="48.7496235" lon="11.4308618" visible="true" />
  <node id="-1189" lat="48.7495704" lon="11.4312187" visible="true" />
  <node id="-1190" lat="48.7494673" lon="11.4311834" visible="true" />
  <node id="-1191" lat="48.7495204" lon="11.4308265" visible="true" />
  <node id="-1192" lat="48.7505232" lon="11.4317482" visible="true" />
  <node id="-1193" lat="48.7506054" lon="11.4316570" visible="true" />
  <node id="-1194" lat="48.7506624" lon="11.4317752" visible="true" />
  <node id="-1195" lat="48.7506740" lon="11.4317624" visible="true" />
  <node id="-1196" lat="48.7507208" lon="11.4318595" visible="true" />
  <node id="-1197" lat="48.7506583" lon="11.4319287" visible="true" />
  <node id="-1198" lat="48.7506515" lon="11.4319145" visible="true" />
  <node id="-1199" lat="48.7506201" lon="11.4319493" visible="true" />
  <node id="-1200" lat="48.7500409" lon="11.4319632" visible="true" />
  <node id="-1201" lat="48.7500986" lon="11.4320829" visible="true" />
  <node id="-1202" lat="48.7500185" lon="11.4321717" visible="true" />
  <node id="-1203" lat="48.7499608" lon="11.4320519" visible="true" />
  <node id="-1204" lat="48.7495169" lon="11.4321908" visible="true" />
  <node id="-1205" lat="48.7496844" lon="11.4321280" visible="true" />
  <node id="-1206" lat="48.7497034" lon="11.4322434" visible="true" />
  <node id="-1207" lat="48.7496582" lon="11.4322603" visible="true" />
  <node id="-1208" lat="48.7496348" lon="11.4322691" visible="true" />
  <node id="-1209" lat="48.7496519" lon="11.4323733" visible="true" />
  <node id="-1210" lat="48.7495529" lon="11.4324104" visible="true" />
  <node id="-1211" lat="48.7525812" lon="11.4321581" visible="true" />
  <node id="-1212" lat="48.7527555" lon="11.4320847" visible="true" />
  <node id="-1213" lat="48.7528143" lon="11.4324046" visible="true" />
  <node id="-1214" lat="48.7527249" lon="11.4324422" visible="true" />
  <node id="-1215" lat="48.7526942" lon="11.4322745" visible="true" />
  <node id="-1216" lat="48.7526090" lon="11.4323103" visible="true" />
  <node id="-1217" lat="48.7496907" lon="11.4317153" visible="true" />
  <node id="-1218" lat="48.7496848" lon="11.4317848" visible="true" />
  <node id="-1219" lat="48.7496416" lon="11.4317738" visible="true" />
  <node id="-1220" lat="48.7496543" lon="11.4316057" visible="true" />
  <node id="-1221" lat="48.7497652" lon="11.4316290" visible="true" />
  <node id="-1222" lat="48.7497600" lon="11.4317229" visible="true" />
  <node id="-1223" lat="48.7519033" lon="11.4331617" visible="true" />
  <node id="-1224" lat="48.7519681" lon="11.4331806" visible="true" />
  <node id="-1225" lat="48.7519903" lon="11.4330057" visible="true" />
  <node id="-1226" lat="48.7522205" lon="11.4330728" visible="true" />
  <node id="-1227" lat="48.7522338" lon="11.4329675" visible="true" />
  <node id="-1228" lat="48.7523275" lon="11.4329948" visible="true" />
  <node id="-1229" lat="48.7522670" lon="11.4333810" visible="true" />
  <node id="-1230" lat="48.7522301" lon="11.4333713" visible="true" />
  <node id="-1231" lat="48.7521052" lon="11.4333405" visible="true" />
  <node id="-1232" lat="48.7520121" lon="11.4333111" visible="true" />
  <node id="-1233" lat="48.7519995" lon="11.4334110" visible="true" />
  <node id="-1234" lat="48.7518762" lon="11.4333751" visible="true" />
  <node id="-1235" lat="48.7493353" lon="11.4308896" visible="true" />
  <node id="-1236" lat="48.7493623" lon="11.4307027" visible="true" />
  <node id="-1237" lat="48.7494349" lon="11.4307269" visible="true" />
  <node id="-1238" lat="48.7494059" lon="11.4309280" visible="true" />
  <node id="-1239" lat="48.7493739" lon="11.4309174" visible="true" />
  <node id="-1240" lat="48.7493519" lon="11.4310703" visible="true" />
  <node id="-1241" lat="48.7492745" lon="11.4310446" visible="true" />
  <node id="-1242" lat="48.7492986" lon="11.4308774" visible="true" />
  <node id="-1243" lat="48.7508118" lon="11.4314855" visible="true" />
  <node id="-1244" lat="48.7508541" lon="11.4315720" visible="true" />
  <node id="-1245" lat="48.7508066" lon="11.4316252" visible="true" />
  <node id="-1246" lat="48.7508647" lon="11.4317439" visible="true" />
  <node id="-1247" lat="48.7508055" lon="11.4318102" visible="true" />
  <node id="-1248" lat="48.7506780" lon="11.4315498" visible="true" />
  <node id="-1249" lat="48.7507422" lon="11.4314780" visible="true" />
  <node id="-1250" lat="48.7507692" lon="11.4315332" visible="true" />
  <node id="-1251" lat="48.7502935" lon="11.4322318" visible="true" />
  <node id="-1252" lat="48.7503309" lon="11.4323086" visible="true" />
  <node id="-1253" lat="48.7501873" lon="11.4324584" visible="true" />
  <node id="-1254" lat="48.7501056" lon="11.4322692" visible="true" />
  <node id="-1255" lat="48.7501629" lon="11.4322123" visible="true" />
  <node id="-1256" lat="48.7502111" lon="11.4323240" visible="true" />
  <node id="-1257" lat="48.7533421" lon="11.4325251" visible="true" />
  <node id="-1258" lat="48.7533159" lon="11.4325275" visible="true" />
  <node id="-1259" lat="48.7533151" lon="11.4324483" visible="true" />
  <node id="-1260" lat="48.7532481" lon="11.4324365" visible="true" />
  <node id="-1261" lat="48.7532634" lon="11.4322283" visible="true" />
  <node id="-1262" lat="48.7533788" lon="11.4320962" visible="true" />
  <node id="-1263" lat="48.7518854" lon="11.4328802" visible="true" />
  <node id="-1264" lat="48.7518518" lon="11.4331232" visible="true" />
  <node id="-1265" lat="48.7517502" lon="11.4330908" visible="true" />
  <node id="-1266" lat="48.7517839" lon="11.4328478" visible="true" />
  <node id="-1267" lat="48.7501233" lon="11.4332984" visible="true" />
  <node id="-1268" lat="48.7503388" lon="11.4332495" visible="true" />
  <node id="-1269" lat="48.7503343" lon="11.4332180" visible="true" />
  <node id="-1270" lat="48.7504713" lon="11.4331800" visible="true" />
  <node id="-1271" lat="48.7504808" lon="11.4332452" visible="true" />
  <node id="-1272" lat="48.7504671" lon="11.4332479" visible="true" />
  <node id="-1273" lat="48.7504736" lon="11.4333229" visible="true" />
  <node id="-1274" lat="48.7504085" lon="11.4333474" visible="true" />
  <node id="-1275" lat="48.7504075" lon="11.4334742" visible="true" />
  <node id="-1276" lat="48.7501729" lon="11.4336046" visible="true" />
  <node id="-1277" lat="48.7501580" lon="11.4335718" visible="true" />
  <node id="-1278" lat="48.7501315" lon="11.4335960" visible="true" />
  <node id="-1279" lat="48.7501066" lon="11.4334695" visible="true" />
  <node id="-1280" lat="48.7537538" lon="11.4335689" visible="true" />
  <node id="-1281" lat="48.7537589" lon="11.4337490" visible="true" />
  <node id="-1282" lat="48.7537061" lon="11.4337525" visible="true" />
  <node id="-1283" lat="48.7537097" lon="11.4338777" visible="true" />
  <node id="-1284" lat="48.7537713" lon="11.4338737" visible="true" />
  <node id="-1285" lat="48.7537752" lon="11.4340103" visible="true" />
  <node id="-1286" lat="48.7535819" lon="11.4340230" visible="true" />
  <node id="-1287" lat="48.7535780" lon="11.4338864" visible="true" />
  <node id="-1288" lat="48.7536350" lon="11.4338826" visible="true" />
  <node id="-1289" lat="48.7536300" lon="11.4337071" visible="true" />
  <node id="-1290" lat="48.7536618" lon="11.4337050" visible="true" />
  <node id="-1291" lat="48.7536581" lon="11.4335752" visible="true" />
  <node id="-1292" lat="48.7540089" lon="11.4325596" visible="true" />
  <node id="-1293" lat="48.7539856" lon="11.4327393" visible="true" />
  <node id="-1294" lat="48.7535746" lon="11.4326491" visible="true" />
  <node id="-1295" lat="48.7535980" lon="11.4324695" visible="true" />
  <node id="-1296" lat="48.7538408" lon="11.4299108" visible="true" />
  <node id="-1297" lat="48.7537530" lon="11.4301741" visible="true" />
  <node id="-1298" lat="48.7536684" lon="11.4301092" visible="true" />
  <node id="-1299" lat="48.7537561" lon="11.4298459" visible="true" />
  <node id="-1300" lat="48.7539468" lon="11.4305235" visible="true" />
  <node id="-1301" lat="48.7540011" lon="11.4305006" visible="true" />
  <node id="-1302" lat="48.7539857" lon="11.4304168" visible="true" />
  <node id="-1303" lat="48.7540354" lon="11.4303960" visible="true" />
  <node id="-1304" lat="48.7540521" lon="11.4304871" visible="true" />
  <node id="-1305" lat="48.7540339" lon="11.4304947" visible="true" />
  <node id="-1306" lat="48.7540643" lon="11.4306598" visible="true" />
  <node id="-1307" lat="48.7539784" lon="11.4306959" visible="true" />
  <node id="-1308" lat="48.7535489" lon="11.4329556" visible="true" />
  <node id="-1309" lat="48.7536652" lon="11.4329789" visible="true" />
  <node id="-1310" lat="48.7536419" lon="11.4332455" visible="true" />
  <node id="-1311" lat="48.7535256" lon="11.4332221" visible="true" />
  <node id="-1312" lat="48.7539218" lon="11.4331965" visible="true" />
  <node id="-1313" lat="48.7539254" lon="11.4333244" visible="true" />
  <node id="-1314" lat="48.7538247" lon="11.4333310" visible="true" />
  <node id="-1315" lat="48.7538211" lon="11.4332031" visible="true" />
  <node id="-1316" lat="48.7535138" lon="11.4302204" visible="true" />
  <node id="-1317" lat="48.7535974" lon="11.4300912" visible="true" />
  <node id="-1318" lat="48.7537085" lon="11.4302190" visible="true" />
  <node id="-1319" lat="48.7536438" lon="11.4303765" visible="true" />
  <node id="-1320" lat="48.7534798" lon="11.4336630" visible="true" />
  <node id="-1321" lat="48.7535378" lon="11.4336591" visible="true" />
  <node id="-1322" lat="48.7535444" lon="11.4338896" visible="true" />
  <node id="-1323" lat="48.7534864" lon="11.4338935" visible="true" />
  <node id="-1324" lat="48.7538939" lon="11.4308154" visible="true" />
  <node id="-1325" lat="48.7539654" lon="11.4307855" visible="true" />
  <node id="-1326" lat="48.7539903" lon="11.4309224" visible="true" />
  <node id="-1327" lat="48.7539137" lon="11.4309543" visible="true" />
  <node id="-1328" lat="48.7539295" lon="11.4310389" visible="true" />
  <node id="-1329" lat="48.7539448" lon="11.4311109" visible="true" />
  <node id="-1330" lat="48.7537561" lon="11.4311971" visible="true" />
  <node id="-1331" lat="48.7537409" lon="11.4311280" visible="true" />
  <node id="-1332" lat="48.7537064" lon="11.4309473" visible="true" />
  <node id="-1333" lat="48.7537578" lon="11.4309238" visible="true" />
  <node id="-1334" lat="48.7537406" lon="11.4308326" visible="true" />
  <node id="-1335" lat="48.7538853" lon="11.4307698" visible="true" />
  <node id="-1336" lat="48.7505557" lon="11.4389686" visible="true" />
  <node id="-1337" lat="48.7512882" lon="11.4385077" visible="true" />
  <node id="-1338" lat="48.7513100" lon="11.4385873" visible="true" />
  <node id="-1339" lat="48.7515991" lon="11.4384054" visible="true" />
  <node id="-1340" lat="48.7518054" lon="11.4391598" visible="true" />
  <node id="-1341" lat="48.7517709" lon="11.4391815" visible="true" />
  <node id="-1342" lat="48.7518420" lon="11.4394674" visible="true" />
  <node id="-1343" lat="48.7518601" lon="11.4395394" visible="true" />
  <node id="-1344" lat="48.7518653" lon="11.4395717" visible="true" />
  <node id="-1345" lat="48.7518613" lon="11.4396039" visible="true" />
  <node id="-1346" lat="48.7518473" lon="11.4396307" visible="true" />
  <node id="-1347" lat="48.7518269" lon="11.4396470" visible="true" />
  <node id="-1348" lat="48.7518645" lon="11.4397842" visible="true" />
  <node id="-1349" lat="48.7518045" lon="11.4398219" visible="true" />
  <node id="-1350" lat="48.7518269" lon="11.4399038" visible="true" />
  <node id="-1351" lat="48.7516713" lon="11.4400017" visible="true" />
  <node id="-1352" lat="48.7517233" lon="11.4401919" visible="true" />
  <node id="-1353" lat="48.7510127" lon="11.4406391" visible="true" />
  <node id="-1354" lat="48.7498267" lon="11.4410080" visible="true" />
  <node id="-1355" lat="48.7496752" lon="11.4320713" visible="true" />
  <node id="-1356" lat="48.7497205" lon="11.4323479" visible="true" />
  <node id="-1357" lat="48.7498456" lon="11.4323009" visible="true" />
  <node id="-1358" lat="48.7498261" lon="11.4321817" visible="true" />
  <node id="-1359" lat="48.7497767" lon="11.4322002" visible="true" />
  <node id="-1360" lat="48.7497509" lon="11.4320429" visible="true" />
  <node id="-1361" lat="48.7509173" lon="11.4303285" visible="true" />
  <node id="-1362" lat="48.7508713" lon="11.4303410" visible="true" />
  <node id="-1363" lat="48.7508846" lon="11.4304529" visible="true" />
  <node id="-1364" lat="48.7506556" lon="11.4305152" visible="true" />
  <node id="-1365" lat="48.7506643" lon="11.4305889" visible="true" />
  <node id="-1366" lat="48.7509393" lon="11.4305141" visible="true" />
  <node id="-1367" lat="48.7532429" lon="11.4392198" visible="true" />
  <node id="-1368" lat="48.7531696" lon="11.4392459" visible="true" />
  <node id="-1369" lat="48.7531858" lon="11.4393512" visible="true" />
  <node id="-1370" lat="48.7532591" lon="11.4393252" visible="true" />
  <node id="-1371" lat="48.7531120" lon="11.4398220" visible="true" />
  <node id="-1372" lat="48.7530649" lon="11.4398419" visible="true" />
  <node id="-1373" lat="48.7530424" lon="11.4397199" visible="true" />
  <node id="-1374" lat="48.7530895" lon="11.4397000" visible="true" />
  <node id="-1375" lat="48.7531095" lon="11.4387630" visible="true" />
  <node id="-1376" lat="48.7530644" lon="11.4387803" visible="true" />
  <node id="-1377" lat="48.7530916" lon="11.4389419" visible="true" />
  <node id="-1378" lat="48.7531367" lon="11.4389246" visible="true" />
  <node id="-1379" lat="48.7532950" lon="11.4390659" visible="true" />
  <node id="-1380" lat="48.7532343" lon="11.4390921" visible="true" />
  <node id="-1381" lat="48.7532438" lon="11.4391428" visible="true" />
  <node id="-1382" lat="48.7533045" lon="11.4391167" visible="true" />
  <node id="-1383" lat="48.7532523" lon="11.4398833" visible="true" />
  <node id="-1384" lat="48.7532344" lon="11.4398922" visible="true" />
  <node id="-1385" lat="48.7532423" lon="11.4399285" visible="true" />
  <node id="-1386" lat="48.7532294" lon="11.4399348" visible="true" />
  <node id="-1387" lat="48.7532381" lon="11.4399749" visible="true" />
  <node id="-1388" lat="48.7532689" lon="11.4399597" visible="true" />
  <node id="-1389" lat="48.7532255" lon="11.4394207" visible="true" />
  <node id="-1390" lat="48.7531335" lon="11.4394610" visible="true" />
  <node id="-1391" lat="48.7531715" lon="11.4396596" visible="true" />
  <node id="-1392" lat="48.7532498" lon="11.4396253" visible="true" />
  <node id="-1393" lat="48.7532266" lon="11.4395043" visible="true" />
  <node id="-1394" lat="48.7532403" lon="11.4394982" visible="true" />
  <node id="-1395" lat="48.7523039" lon="11.4327318" visible="true" />
  <node id="-1396" lat="48.7521643" lon="11.4327906" visible="true" />
  <node id="-1397" lat="48.7521400" lon="11.4326577" visible="true" />
  <node id="-1398" lat="48.7522796" lon="11.4325989" visible="true" />
  <node id="-1399" lat="48.7523659" lon="11.4324104" visible="true" />
  <node id="-1400" lat="48.7524256" lon="11.4327366" visible="true" />
  <node id="-1401" lat="48.7523135" lon="11.4327839" visible="true" />
  <node id="-1402" lat="48.7522537" lon="11.4324577" visible="true" />
  <node id="-1403" lat="48.7533326" lon="11.4318260" visible="true" />
  <node id="-1404" lat="48.7534614" lon="11.4317470" visible="true" />
  <node id="-1405" lat="48.7535036" lon="11.4319127" visible="true" />
  <node id="-1406" lat="48.7533755" lon="11.4319871" visible="true" />
  <node id="-1407" lat="48.7531694" lon="11.4319203" visible="true" />
  <node id="-1408" lat="48.7531993" lon="11.4320934" visible="true" />
  <node id="-1409" lat="48.7530623" lon="11.4319716" visible="true" />
  <node id="-1410" lat="48.7530865" lon="11.4321363" visible="true" />
  <node id="-1411" lat="48.7522236" lon="11.4322929" visible="true" />
  <node id="-1412" lat="48.7523357" lon="11.4322457" visible="true" />
  <node id="-1413" lat="48.7521236" lon="11.4325125" visible="true" />
  <node id="-1414" lat="48.7520935" lon="11.4323478" visible="true" />
  <node id="-1415" lat="48.7502807" lon="11.4338068" visible="true" />
  <node id="-1416" lat="48.7502593" lon="11.4338137" visible="true" />
  <node id="-1417" lat="48.7502681" lon="11.4338764" visible="true" />
  <node id="-1418" lat="48.7501511" lon="11.4339143" visible="true" />
  <node id="-1419" lat="48.7501422" lon="11.4338517" visible="true" />
  <node id="-1420" lat="48.7501317" lon="11.4337768" visible="true" />
  <node id="-1421" lat="48.7502487" lon="11.4337388" visible="true" />
  <node id="-1422" lat="48.7502702" lon="11.4337319" visible="true" />
  <node id="-1423" lat="48.7502636" lon="11.4336857" visible="true" />
  <node id="-1424" lat="48.7503558" lon="11.4336558" visible="true" />
  <node id="-1425" lat="48.7503744" lon="11.4337872" visible="true" />
  <node id="-1426" lat="48.7502822" lon="11.4338171" visible="true" />
  <node id="-1427" lat="48.7500279" lon="11.4337151" visible="true" />
  <node id="-1428" lat="48.7500864" lon="11.4336921" visible="true" />
  <node id="-1429" lat="48.7501039" lon="11.4337946" visible="true" />
  <node id="-1430" lat="48.7500454" lon="11.4338176" visible="true" />
  <node id="-1431" lat="48.7504112" lon="11.4294404" visible="true" />
  <node id="-1432" lat="48.7504237" lon="11.4295259" visible="true" />
  <node id="-1433" lat="48.7503151" lon="11.4295624" visible="true" />
  <node id="-1434" lat="48.7503026" lon="11.4294768" visible="true" />
  <node id="-1435" lat="48.7517616" lon="11.4326474" visible="true" />
  <node id="-1436" lat="48.7517481" lon="11.4327022" visible="true" />
  <node id="-1437" lat="48.7517423" lon="11.4327258" visible="true" />
  <node id="-1438" lat="48.7516744" lon="11.4326874" visible="true" />
  <node id="-1439" lat="48.7516833" lon="11.4326511" visible="true" />
  <node id="-1440" lat="48.7516936" lon="11.4326090" visible="true" />
  <node id="-1441" lat="48.7495197" lon="11.4286571" visible="true" />
  <node id="-1442" lat="48.7495384" lon="11.4287689" visible="true" />
  <node id="-1443" lat="48.7494915" lon="11.4287870" visible="true" />
  <node id="-1444" lat="48.7494727" lon="11.4286752" visible="true" />
  <node id="-1445" lat="48.7495840" lon="11.4292407" visible="true" />
  <node id="-1446" lat="48.7496016" lon="11.4293418" visible="true" />
  <node id="-1447" lat="48.7495433" lon="11.4293651" visible="true" />
  <node id="-1448" lat="48.7495258" lon="11.4292640" visible="true" />
  <node id="-1449" lat="48.7516067" lon="11.4302419" visible="true" />
  <node id="-1450" lat="48.7517179" lon="11.4302138" visible="true" />
  <node id="-1451" lat="48.7517336" lon="11.4303561" visible="true" />
  <node id="-1452" lat="48.7516223" lon="11.4303843" visible="true" />
  <node id="-1453" lat="48.7504125" lon="11.4303262" visible="true" />
  <node id="-1454" lat="48.7504222" lon="11.4304026" visible="true" />
  <node id="-1455" lat="48.7502602" lon="11.4304502" visible="true" />
  <node id="-1456" lat="48.7502504" lon="11.4303739" visible="true" />
  <node id="-1457" lat="48.7508368" lon="11.4291574" visible="true" />
  <node id="-1458" lat="48.7508573" lon="11.4292701" visible="true" />
  <node id="-1459" lat="48.7507913" lon="11.4292978" visible="true" />
  <node id="-1460" lat="48.7507707" lon="11.4291851" visible="true" />
  <node id="-1461" lat="48.7524458" lon="11.4316168" visible="true" />
  <node id="-1462" lat="48.7524082" lon="11.4316391" visible="true" />
  <node id="-1463" lat="48.7523718" lon="11.4314977" visible="true" />
  <node id="-1464" lat="48.7524094" lon="11.4314754" visible="true" />
  <node id="-1465" lat="48.7517526" lon="11.4288806" visible="true" />
  <node id="-1466" lat="48.7518029" lon="11.4290907" visible="true" />
  <node id="-1467" lat="48.7516992" lon="11.4291478" visible="true" />
  <node id="-1468" lat="48.7516490" lon="11.4289376" visible="true" />
  <node id="-1469" lat="48.7520767" lon="11.4292912" visible="true" />
  <node id="-1470" lat="48.7520790" lon="11.4293390" visible="true" />
  <node id="-1471" lat="48.7520332" lon="11.4293441" visible="true" />
  <node id="-1472" lat="48.7520309" lon="11.4292963" visible="true" />
  <node id="-1473" lat="48.7520878" lon="11.4297640" visible="true" />
  <node id="-1474" lat="48.7520979" lon="11.4296691" visible="true" />
  <node id="-1475" lat="48.7521358" lon="11.4296783" visible="true" />
  <node id="-1476" lat="48.7521257" lon="11.4297732" visible="true" />
  <node id="-1477" lat="48.7517549" lon="11.4320596" visible="true" />
  <node id="-1478" lat="48.7517423" lon="11.4319871" visible="true" />
  <node id="-1479" lat="48.7518027" lon="11.4319593" visible="true" />
  <node id="-1480" lat="48.7517961" lon="11.4319220" visible="true" />
  <node id="-1481" lat="48.7518711" lon="11.4318915" visible="true" />
  <node id="-1482" lat="48.7518906" lon="11.4320021" visible="true" />
  <node id="-1483" lat="48.7487998" lon="11.4324666" visible="true" />
  <node id="-1484" lat="48.7491538" lon="11.4323316" visible="true" />
  <node id="-1485" lat="48.7491496" lon="11.4323064" visible="true" />
  <node id="-1486" lat="48.7492137" lon="11.4322820" visible="true" />
  <node id="-1487" lat="48.7492465" lon="11.4324796" visible="true" />
  <node id="-1488" lat="48.7488713" lon="11.4326228" visible="true" />
  <node id="-1489" lat="48.7488938" lon="11.4327584" visible="true" />
  <node id="-1490" lat="48.7489788" lon="11.4327259" visible="true" />
  <node id="-1491" lat="48.7492843" lon="11.4326093" visible="true" />
  <node id="-1492" lat="48.7492999" lon="11.4327032" visible="true" />
  <node id="-1493" lat="48.7493177" lon="11.4328105" visible="true" />
  <node id="-1494" lat="48.7490121" lon="11.4329271" visible="true" />
  <node id="-1495" lat="48.7490233" lon="11.4329945" visible="true" />
  <node id="-1496" lat="48.7493415" lon="11.4328731" visible="true" />
  <node id="-1497" lat="48.7493738" lon="11.4330681" visible="true" />
  <node id="-1498" lat="48.7490135" lon="11.4332054" visible="true" />
  <node id="-1499" lat="48.7489277" lon="11.4332381" visible="true" />
  <node id="-1500" lat="48.7488931" lon="11.4330295" visible="true" />
  <node id="-1501" lat="48.7488531" lon="11.4327863" visible="true" />
  <node id="-1502" lat="48.7494822" lon="11.4325937" visible="true" />
  <node id="-1503" lat="48.7495095" lon="11.4325810" visible="true" />
  <node id="-1504" lat="48.7495405" lon="11.4327351" visible="true" />
  <node id="-1505" lat="48.7495131" lon="11.4327477" visible="true" />
  <node id="-1506" lat="48.7498125" lon="11.4318305" visible="true" />
  <node id="-1507" lat="48.7497909" lon="11.4320270" visible="true" />
  <node id="-1508" lat="48.7497078" lon="11.4320060" visible="true" />
  <node id="-1509" lat="48.7497294" lon="11.4318095" visible="true" />
  <node id="-1510" lat="48.7506337" lon="11.4320885" visible="true" />
  <node id="-1511" lat="48.7506169" lon="11.4320243" visible="true" />
  <node id="-1512" lat="48.7506487" lon="11.4320053" visible="true" />
  <node id="-1513" lat="48.7498279" lon="11.4316481" visible="true" />
  <node id="-1514" lat="48.7498156" lon="11.4317650" visible="true" />
  <node id="-1515" lat="48.7497727" lon="11.4317546" visible="true" />
  <node id="-1516" lat="48.7497851" lon="11.4316377" visible="true" />
  <node id="-1517" lat="48.7508589" lon="11.4318510" visible="true" />
  <node id="-1518" lat="48.7507987" lon="11.4319235" visible="true" />
  <node id="-1519" lat="48.7507707" lon="11.4318701" visible="true" />
  <node id="-1520" lat="48.7508308" lon="11.4317976" visible="true" />
  <node id="-1521" lat="48.7494536" lon="11.4311666" visible="true" />
  <node id="-1522" lat="48.7494359" lon="11.4312798" visible="true" />
  <node id="-1523" lat="48.7493893" lon="11.4312631" visible="true" />
  <node id="-1524" lat="48.7494070" lon="11.4311499" visible="true" />
  <node id="-1525" lat="48.7497932" lon="11.4291286" visible="true" />
  <node id="-1526" lat="48.7498076" lon="11.4292281" visible="true" />
  <node id="-1527" lat="48.7497283" lon="11.4291502" visible="true" />
  <node id="-1528" lat="48.7505827" lon="11.4310395" visible="true" />
  <node id="-1529" lat="48.7506554" lon="11.4310104" visible="true" />
  <node id="-1530" lat="48.7506634" lon="11.4310560" visible="true" />
  <node id="-1531" lat="48.7505906" lon="11.4310851" visible="true" />
  <node id="-1532" lat="48.7500868" lon="11.4317112" visible="true" />
  <node id="-1533" lat="48.7501359" lon="11.4317202" visible="true" />
  <node id="-1534" lat="48.7501205" lon="11.4319143" visible="true" />
  <node id="-1535" lat="48.7500714" lon="11.4319053" visible="true" />
  <node id="-1536" lat="48.7495702" lon="11.4319362" visible="true" />
  <node id="-1537" lat="48.7495794" lon="11.4319947" visible="true" />
  <node id="-1538" lat="48.7495364" lon="11.4320103" visible="true" />
  <node id="-1539" lat="48.7495272" lon="11.4319519" visible="true" />
  <node id="-1540" lat="48.7508820" lon="11.4315563" visible="true" />
  <node id="-1541" lat="48.7508615" lon="11.4314979" visible="true" />
  <node id="-1542" lat="48.7509109" lon="11.4314581" visible="true" />
  <node id="-1543" lat="48.7509313" lon="11.4315166" visible="true" />
  <node id="-1544" lat="48.7502314" lon="11.4320863" visible="true" />
  <node id="-1545" lat="48.7502010" lon="11.4321065" visible="true" />
  <node id="-1546" lat="48.7501902" lon="11.4320691" visible="true" />
  <node id="-1547" lat="48.7502433" lon="11.4320337" visible="true" />
  <node id="-1548" lat="48.7502873" lon="11.4321767" visible="true" />
  <node id="-1549" lat="48.7502642" lon="11.4321930" visible="true" />
  <node id="-1550" lat="48.7510276" lon="11.4310428" visible="true" />
  <node id="-1551" lat="48.7511126" lon="11.4313603" visible="true" />
  <node id="-1552" lat="48.7510687" lon="11.4313874" visible="true" />
  <node id="-1553" lat="48.7510077" lon="11.4311596" visible="true" />
  <node id="-1554" lat="48.7509579" lon="11.4311877" visible="true" />
  <node id="-1555" lat="48.7509356" lon="11.4310965" visible="true" />
  <node id="-1556" lat="48.7526121" lon="11.4295447" visible="true" />
  <node id="-1557" lat="48.7526252" lon="11.4296344" visible="true" />
  <node id="-1558" lat="48.7525684" lon="11.4296535" visible="true" />
  <node id="-1559" lat="48.7525553" lon="11.4295638" visible="true" />
  <node id="-1560" lat="48.7528246" lon="11.4293574" visible="true" />
  <node id="-1561" lat="48.7528106" lon="11.4294017" visible="true" />
  <node id="-1562" lat="48.7527679" lon="11.4293707" visible="true" />
  <node id="-1563" lat="48.7527818" lon="11.4293264" visible="true" />
  <node id="-1564" lat="48.7523043" lon="11.4293341" visible="true" />
  <node id="-1565" lat="48.7523387" lon="11.4294948" visible="true" />
  <node id="-1566" lat="48.7522554" lon="11.4295358" visible="true" />
  <node id="-1567" lat="48.7522210" lon="11.4293752" visible="true" />
  <node id="-1568" lat="48.7537229" lon="11.4320867" visible="true" />
  <node id="-1569" lat="48.7537149" lon="11.4322060" visible="true" />
  <node id="-1570" lat="48.7536392" lon="11.4321943" visible="true" />
  <node id="-1571" lat="48.7536472" lon="11.4320750" visible="true" />
  <node id="-1572" lat="48.7529744" lon="11.4322304" visible="true" />
  <node id="-1573" lat="48.7529584" lon="11.4327152" visible="true" />
  <node id="-1574" lat="48.7529082" lon="11.4327114" visible="true" />
  <node id="-1575" lat="48.7529242" lon="11.4322266" visible="true" />
  <node id="-1576" lat="48.7518128" lon="11.4341598" visible="true" />
  <node id="-1577" lat="48.7518288" lon="11.4343480" visible="true" />
  <node id="-1578" lat="48.7517488" lon="11.4343636" visible="true" />
  <node id="-1579" lat="48.7517328" lon="11.4341754" visible="true" />
  <node id="-1580" lat="48.7539691" lon="11.4329118" visible="true" />
  <node id="-1581" lat="48.7535581" lon="11.4328216" visible="true" />
  <node id="-1582" lat="48.7522348" lon="11.4376333" visible="true" />
  <node id="-1583" lat="48.7522284" lon="11.4377689" visible="true" />
  <node id="-1584" lat="48.7521229" lon="11.4377575" visible="true" />
  <node id="-1585" lat="48.7521293" lon="11.4376219" visible="true" />
  <node id="-1586" lat="48.7530873" lon="11.4338017" visible="true" />
  <node id="-1587" lat="48.7530913" lon="11.4340111" visible="true" />
  <node id="-1588" lat="48.7530055" lon="11.4340149" visible="true" />
  <node id="-1589" lat="48.7530015" lon="11.4338055" visible="true" />
  <node id="-1590" lat="48.7523930" lon="11.4381504" visible="true" />
  <node id="-1591" lat="48.7522913" lon="11.4382018" visible="true" />
  <node id="-1592" lat="48.7522625" lon="11.4380707" visible="true" />
  <node id="-1593" lat="48.7524185" lon="11.4379927" visible="true" />
  <node id="-1594" lat="48.7524344" lon="11.4380676" visible="true" />
  <node id="-1595" lat="48.7523806" lon="11.4380939" visible="true" />
  <node id="-1596" lat="48.7527835" lon="11.4372055" visible="true" />
  <node id="-1597" lat="48.7527638" lon="11.4373578" visible="true" />
  <node id="-1598" lat="48.7526750" lon="11.4373313" visible="true" />
  <node id="-1599" lat="48.7526947" lon="11.4371791" visible="true" />
  <node id="-1600" lat="48.7518732" lon="11.4324332" visible="true" />
  <node id="-1601" lat="48.7520414" lon="11.4323624" visible="true" />
  <node id="-1602" lat="48.7520700" lon="11.4325187" visible="true" />
  <node id="-1603" lat="48.7518964" lon="11.4325918" visible="true" />
  <node id="-1604" lat="48.7530863" lon="11.4424049" visible="true" />
  <node id="-1605" lat="48.7529543" lon="11.4424539" visible="true" />
  <node id="-1606" lat="48.7529326" lon="11.4423189" visible="true" />
  <node id="-1607" lat="48.7530646" lon="11.4422699" visible="true" />
  <node id="-1608" lat="48.7524365" lon="11.4334255" visible="true" />
  <node id="-1609" lat="48.7523393" lon="11.4334000" visible="true" />
  <node id="-1610" lat="48.7523720" lon="11.4331694" visible="true" />
  <node id="-1611" lat="48.7524690" lon="11.4332018" visible="true" />
  <node id="-1612" lat="48.7524356" lon="11.4335040" visible="true" />
  <node id="-1613" lat="48.7523295" lon="11.4335214" visible="true" />
  <node id="-1614" lat="48.7523322" lon="11.4335590" visible="true" />
  <node id="-1615" lat="48.7522353" lon="11.4334170" visible="true" />
  <node id="-1616" lat="48.7521372" lon="11.4334411" visible="true" />
  <node id="-1617" lat="48.7521457" lon="11.4335199" visible="true" />
  <node id="-1618" lat="48.7521221" lon="11.4335243" visible="true" />
  <node id="-1619" lat="48.7515713" lon="11.4417259" visible="true" />
  <node id="-1620" lat="48.7515123" lon="11.4417559" visible="true" />
  <node id="-1621" lat="48.7516255" lon="11.4416984" visible="true" />
  <node id="-1622" lat="48.7516492" lon="11.4418056" visible="true" />
  <node id="-1623" lat="48.7515359" lon="11.4418631" visible="true" />
  <node id="-1624" lat="48.7502225" lon="11.4325818" visible="true" />
  <node id="-1625" lat="48.7503612" lon="11.4325251" visible="true" />
  <node id="-1626" lat="48.7503900" lon="11.4326871" visible="true" />
  <node id="-1627" lat="48.7502513" lon="11.4327438" visible="true" />
  <node id="-1628" lat="48.7494600" lon="11.4284532" visible="true" />
  <node id="-1629" lat="48.7494898" lon="11.4286093" visible="true" />
  <node id="-1630" lat="48.7493805" lon="11.4286572" visible="true" />
  <node id="-1631" lat="48.7493507" lon="11.4285011" visible="true" />
  <node id="-1632" lat="48.7505146" lon="11.4332384" visible="true" />
  <node id="-1633" lat="48.7505212" lon="11.4333134" visible="true" />
  <node id="-1634" lat="48.7512409" lon="11.4299736" visible="true" />
  <node id="-1635" lat="48.7512463" lon="11.4300188" visible="true" />
  <node id="-1636" lat="48.7512967" lon="11.4302007" visible="true" />
  <node id="-1637" lat="48.7512599" lon="11.4302242" visible="true" />
  <node id="-1638" lat="48.7512425" lon="11.4301618" visible="true" />
  <node id="-1639" lat="48.7512174" lon="11.4301753" visible="true" />
  <node id="-1640" lat="48.7511848" lon="11.4300358" visible="true" />
  <node id="-1641" lat="48.7511794" lon="11.4299906" visible="true" />
  <way id="-1000000000" visible="true">
    <nd ref="-1" />
    <nd ref="-2" />
    <nd ref="-3" />
    <nd ref="-4" />
    <nd ref="-5" />
    <nd ref="-6" />
    <nd ref="-7" />
    <nd ref="-8" />
    <nd ref="-9" />
    <nd ref="-10" />
    <nd ref="-11" />
    <nd ref="-12" />
    <nd ref="-13" />
    <nd ref="-14" />
    <nd ref="-15" />
    <nd ref="-16" />
    <nd ref="-17" />
    <nd ref="-18" />
    <nd ref="-19" />
    <nd ref="-20" />
    <nd ref="-21" />
    <nd ref="-22" />
    <nd ref="-23" />
    <nd ref="-24" />
    <nd ref="-25" />
    <nd ref="-26" />
    <nd ref="-27" />
    <nd ref="-28" />
    <nd ref="-29" />
    <nd ref="-30" />
    <nd ref="-31" />
    <nd ref="-1" />
    <tag k="building" v="yes" />
  </way>
  <way id="-1000000001" visible="true">
    <nd ref="-32" />
    <nd ref="-33" />
    <nd ref="-34" />
    <nd ref="-35" />
    <nd ref="-36" />
    <nd ref="-37" />
    <nd ref="-38" />
    <nd ref="-39" />
    <nd ref="-40" />
    <nd ref="-41" />
    <nd ref="-42" />
    <nd ref="-43" />
    <nd ref="-44" />
    <nd ref="-45" />
    <nd ref="-46" />
    <nd ref="-47" />
    <nd ref="-48" />
    <nd ref="-49" />
    <nd ref="-32" />
    <tag k="building" v="yes" />
    <tag k="name" v="Staudinger" />
  </way>
  <way id="-1000000002" visible="true">
    <nd ref="-50" />
    <nd ref="-51" />
    <nd ref="-52" />
    <nd ref="-53" />
    <nd ref="-50" />
    <tag k="building" v="yes" />
  </way>
  <way id="-1000000003" visible="true">
    <nd ref="-54" />
    <nd ref="-55" />
    <nd ref="-56" />
    <nd ref="-57" />
    <nd ref="-54" />
    <tag k="building" v="yes" />
  </way>
  <way id="-1000000004" visible="true">
    <nd ref="-58" />
    <nd ref="-59" />
    <nd ref="-60" />
    <nd ref="-61" />
    <nd ref="-58" />
    <tag k="building" v="yes" />
  </way>
  <way id="-1000000005" visible="true">
    <nd ref="-62" />
    <nd ref="-63" />
    <nd ref="-64" />
    <nd ref="-65" />
    <nd ref="-62" />
    <tag k="building" v="yes" />
  </way>
  <way id="-1000000006" visible="true">
    <nd ref="-66" />
    <nd ref="-67" />
    <nd ref="-68" />
    <nd ref="-69" />
    <nd ref="-66" />
    <tag k="building" v="yes" />
  </way>
  <way id="-1000000007" visible="true">
    <nd ref="-70" />
    <nd ref="-71" />
    <nd ref="-72" />
    <nd ref="-73" />
    <nd ref="-74" />
    <nd ref="-75" />
    <nd ref="-70" />
    <tag k="building" v="yes" />
  </way>
  <way id="-1000000008" visible="true">
    <nd ref="-76" />
    <nd ref="-77" />
    <nd ref="-78" />
    <nd ref="-79" />
    <nd ref="-80" />
    <nd ref="-81" />
    <nd ref="-76" />
    <tag k="building" v="yes" />
  </way>
  <way id="-1000000009" visible="true">
    <nd ref="-82" />
    <nd ref="-83" />
    <nd ref="-84" />
    <nd ref="-85" />
    <nd ref="-82" />
    <tag k="building" v="yes" />
  </way>
  <way id="-1000000010" visible="true">
    <nd ref="-86" />
    <nd ref="-87" />
    <nd ref="-88" />
    <nd ref="-89" />
    <nd ref="-86" />
    <tag k="building" v="yes" />
  </way>
  <way id="-1000000011" visible="true">
    <nd ref="-90" />
    <nd ref="-91" />
    <nd ref="-92" />
    <nd ref="-93" />
    <nd ref="-90" />
    <tag k="building" v="yes" />
  </way>
  <way id="-1000000012" visible="true">
    <nd ref="-94" />
    <nd ref="-95" />
    <nd ref="-96" />
    <nd ref="-97" />
    <nd ref="-94" />
    <tag k="building" v="yes" />
  </way>
  <way id="-1000000013" visible="true">
    <nd ref="-98" />
    <nd ref="-99" />
    <nd ref="-100" />
    <nd ref="-101" />
    <nd ref="-98" />
    <tag k="building" v="yes" />
  </way>
  <way id="-1000000014" visible="true">
    <nd ref="-102" />
    <nd ref="-103" />
    <nd ref="-104" />
    <nd ref="-105" />
    <nd ref="-102" />
    <tag k="building" v="yes" />
  </way>
  <way id="-1000000015" visible="true">
    <nd ref="-106" />
    <nd ref="-107" />
    <nd ref="-108" />
    <nd ref="-109" />
    <nd ref="-106" />
    <tag k="building" v="yes" />
  </way>
  <way id="-1000000016" visible="true">
    <nd ref="-110" />
    <nd ref="-111" />
    <nd ref="-112" />
    <nd ref="-113" />
    <nd ref="-110" />
    <tag k="building" v="yes" />
  </way>
  <way id="-1000000017" visible="true">
    <nd ref="-114" />
    <nd ref="-115" />
    <nd ref="-116" />
    <nd ref="-117" />
    <nd ref="-114" />
    <tag k="building" v="yes" />
  </way>
  <way id="-1000000018" visible="true">
    <nd ref="-118" />
    <nd ref="-119" />
    <nd ref="-120" />
    <nd ref="-121" />
    <nd ref="-122" />
    <nd ref="-123" />
    <nd ref="-124" />
    <nd ref="-125" />
    <nd ref="-126" />
    <nd ref="-127" />
    <nd ref="-118" />
    <tag k="building" v="yes" />
  </way>
  <way id="-1000000019" visible="true">
    <nd ref="-128" />
    <nd ref="-129" />
    <nd ref="-130" />
    <nd ref="-131" />
    <nd ref="-128" />
    <tag k="building" v="yes" />
  </way>
  <way id="-1000000020" visible="true">
    <nd ref="-132" />
    <nd ref="-133" />
    <nd ref="-134" />
    <nd ref="-135" />
    <nd ref="-132" />
    <tag k="building" v="yes" />
  </way>
  <way id="-1000000021" visible="true">
    <nd ref="-136" />
    <nd ref="-137" />
    <nd ref="-138" />
    <nd ref="-139" />
    <nd ref="-136" />
    <tag k="building" v="yes" />
  </way>
  <way id="-1000000022" visible="true">
    <nd ref="-140" />
    <nd ref="-141" />
    <nd ref="-142" />
    <nd ref="-143" />
    <nd ref="-140" />
    <tag k="building" v="yes" />
  </way>
  <way id="-1000000023" visible="true">
    <nd ref="-144" />
    <nd ref="-145" />
    <nd ref="-146" />
    <nd ref="-147" />
    <nd ref="-148" />
    <nd ref="-149" />
    <nd ref="-144" />
    <tag k="building" v="yes" />
  </way>
  <way id="-1000000024" visible="true">
    <nd ref="-150" />
    <nd ref="-151" />
    <nd ref="-152" />
    <nd ref="-153" />
    <nd ref="-150" />
    <tag k="building" v="yes" />
  </way>
  <way id="-1000000025" visible="true">
    <nd ref="-154" />
    <nd ref="-155" />
    <nd ref="-156" />
    <nd ref="-157" />
    <nd ref="-158" />
    <nd ref="-159" />
    <nd ref="-154" />
    <tag k="building" v="yes" />
  </way>
  <way id="-1000000026" visible="true">
    <nd ref="-160" />
    <nd ref="-161" />
    <nd ref="-162" />
    <nd ref="-163" />
    <nd ref="-160" />
    <tag k="building" v="yes" />
  </way>
  <way id="-1000000027" visible="true">
    <nd ref="-164" />
    <nd ref="-165" />
    <nd ref="-166" />
    <nd ref="-167" />
    <nd ref="-164" />
    <tag k="building" v="yes" />
  </way>
  <way id="-1000000028" visible="true">
    <nd ref="-168" />
    <nd ref="-169" />
    <nd ref="-170" />
    <nd ref="-171" />
    <nd ref="-168" />
    <tag k="building" v="yes" />
  </way>
  <way id="-1000000029" visible="true">
    <nd ref="-172" />
    <nd ref="-173" />
    <nd ref="-174" />
    <nd ref="-175" />
    <nd ref="-176" />
    <nd ref="-177" />
    <nd ref="-172" />
    <tag k="building" v="yes" />
  </way>
  <way id="-1000000030" visible="true">
    <nd ref="-178" />
    <nd ref="-179" />
    <nd ref="-180" />
    <nd ref="-181" />
    <nd ref="-178" />
    <tag k="building" v="yes" />
  </way>
  <way id="-1000000031" visible="true">
    <nd ref="-182" />
    <nd ref="-183" />
    <nd ref="-184" />
    <nd ref="-185" />
    <nd ref="-182" />
    <tag k="building" v="yes" />
  </way>
  <way id="-1000000032" visible="true">
    <nd ref="-186" />
    <nd ref="-187" />
    <nd ref="-188" />
    <nd ref="-189" />
    <nd ref="-190" />
    <nd ref="-186" />
    <tag k="building" v="yes" />
  </way>
  <way id="-1000000033" visible="true">
    <nd ref="-191" />
    <nd ref="-192" />
    <nd ref="-193" />
    <nd ref="-194" />
    <nd ref="-191" />
    <tag k="building" v="yes" />
  </way>
  <way id="-1000000034" visible="true">
    <nd ref="-195" />
    <nd ref="-196" />
    <nd ref="-197" />
    <nd ref="-198" />
    <nd ref="-199" />
    <nd ref="-200" />
    <nd ref="-201" />
    <nd ref="-202" />
    <nd ref="-195" />
    <tag k="building" v="yes" />
  </way>
  <way id="-1000000035" visible="true">
    <nd ref="-203" />
    <nd ref="-204" />
    <nd ref="-205" />
    <nd ref="-206" />
    <nd ref="-203" />
    <tag k="building" v="yes" />
  </way>
  <way id="-1000000036" visible="true">
    <nd ref="-207" />
    <nd ref="-208" />
    <nd ref="-209" />
    <nd ref="-210" />
    <nd ref="-207" />
    <tag k="building" v="yes" />
  </way>
  <way id="-1000000037" visible="true">
    <nd ref="-211" />
    <nd ref="-212" />
    <nd ref="-213" />
    <nd ref="-214" />
    <nd ref="-211" />
    <tag k="building" v="yes" />
  </way>
  <way id="-1000000038" visible="true">
    <nd ref="-215" />
    <nd ref="-216" />
    <nd ref="-217" />
    <nd ref="-218" />
    <nd ref="-215" />
    <tag k="building" v="yes" />
  </way>
  <way id="-1000000039" visible="true">
    <nd ref="-219" />
    <nd ref="-220" />
    <nd ref="-221" />
    <nd ref="-222" />
    <nd ref="-219" />
    <tag k="building" v="yes" />
  </way>
  <way id="-1000000040" visible="true">
    <nd ref="-223" />
    <nd ref="-224" />
    <nd ref="-225" />
    <nd ref="-226" />
    <nd ref="-223" />
    <tag k="building" v="yes" />
  </way>
  <way id="-1000000041" visible="true">
    <nd ref="-227" />
    <nd ref="-228" />
    <nd ref="-229" />
    <nd ref="-230" />
    <nd ref="-227" />
    <tag k="building" v="yes" />
  </way>
  <way id="-1000000042" visible="true">
    <nd ref="-231" />
    <nd ref="-232" />
    <nd ref="-233" />
    <nd ref="-234" />
    <nd ref="-231" />
    <tag k="building" v="yes" />
  </way>
  <way id="-1000000043" visible="true">
    <nd ref="-235" />
    <nd ref="-236" />
    <nd ref="-237" />
    <nd ref="-238" />
    <nd ref="-235" />
    <tag k="building" v="yes" />
  </way>
  <way id="-1000000044" visible="true">
    <nd ref="-239" />
    <nd ref="-240" />
    <nd ref="-241" />
    <nd ref="-242" />
    <nd ref="-239" />
    <tag k="building" v="yes" />
  </way>
  <way id="-1000000045" visible="true">
    <nd ref="-243" />
    <nd ref="-244" />
    <nd ref="-245" />
    <nd ref="-246" />
    <nd ref="-247" />
    <nd ref="-248" />
    <nd ref="-249" />
    <nd ref="-250" />
    <nd ref="-251" />
    <nd ref="-252" />
    <nd ref="-243" />
    <tag k="building" v="yes" />
  </way>
  <way id="-1000000046" visible="true">
    <nd ref="-253" />
    <nd ref="-254" />
    <nd ref="-255" />
    <nd ref="-256" />
    <nd ref="-253" />
    <tag k="building" v="yes" />
  </way>
  <way id="-1000000047" visible="true">
    <nd ref="-257" />
    <nd ref="-258" />
    <nd ref="-259" />
    <nd ref="-260" />
    <nd ref="-261" />
    <nd ref="-262" />
    <nd ref="-263" />
    <nd ref="-264" />
    <nd ref="-265" />
    <nd ref="-266" />
    <nd ref="-267" />
    <nd ref="-268" />
    <nd ref="-269" />
    <nd ref="-270" />
    <nd ref="-271" />
    <nd ref="-272" />
    <nd ref="-273" />
    <nd ref="-274" />
    <nd ref="-275" />
    <nd ref="-257" />
    <tag k="building" v="yes" />
    <tag k="source" v="HiRes aerial imagery" />
  </way>
  <way id="-1000000048" visible="true">
    <nd ref="-276" />
    <nd ref="-277" />
    <nd ref="-278" />
    <nd ref="-279" />
    <nd ref="-276" />
    <tag k="building" v="yes" />
  </way>
  <way id="-1000000049" visible="true">
    <nd ref="-280" />
    <nd ref="-281" />
    <nd ref="-282" />
    <nd ref="-283" />
    <nd ref="-284" />
    <nd ref="-280" />
    <tag k="addr:housenumber" v="2" />
    <tag k="addr:street" v="Hölzlstraße" />
    <tag k="building" v="hotel" />
    <tag k="building:levels" v="2" />
    <tag k="name" v="Hotel Bauer Garni Guesthouse" />
    <tag k="roof:levels" v="1" />
    <tag k="roof:shape" v="gabled" />
  </way>
  <way id="-1000000050" visible="true">
    <nd ref="-285" />
    <nd ref="-286" />
    <nd ref="-287" />
    <nd ref="-288" />
    <nd ref="-285" />
    <tag k="building" v="yes" />
  </way>
  <way id="-1000000051" visible="true">
    <nd ref="-289" />
    <nd ref="-290" />
    <nd ref="-291" />
    <nd ref="-292" />
    <nd ref="-293" />
    <nd ref="-294" />
    <nd ref="-295" />
    <nd ref="-296" />
    <nd ref="-297" />
    <nd ref="-298" />
    <nd ref="-289" />
    <tag k="building" v="yes" />
  </way>
  <way id="-1000000052" visible="true">
    <nd ref="-299" />
    <nd ref="-300" />
    <nd ref="-301" />
    <nd ref="-302" />
    <nd ref="-299" />
    <tag k="building" v="yes" />
  </way>
  <way id="-1000000053" visible="true">
    <nd ref="-303" />
    <nd ref="-304" />
    <nd ref="-305" />
    <nd ref="-306" />
    <nd ref="-307" />
    <nd ref="-308" />
    <nd ref="-303" />
    <tag k="building" v="yes" />
  </way>
  <way id="-1000000054" visible="true">
    <nd ref="-309" />
    <nd ref="-310" />
    <nd ref="-311" />
    <nd ref="-312" />
    <nd ref="-309" />
    <tag k="building" v="yes" />
  </way>
  <way id="-1000000055" visible="true">
    <nd ref="-313" />
    <nd ref="-314" />
    <nd ref="-315" />
    <nd ref="-316" />
    <nd ref="-313" />
    <tag k="building" v="yes" />
  </way>
  <way id="-1000000056" visible="true">
    <nd ref="-317" />
    <nd ref="-318" />
    <nd ref="-319" />
    <nd ref="-320" />
    <nd ref="-317" />
    <tag k="building" v="detached" />
    <tag k="building:levels" v="1" />
    <tag k="roof:levels" v="1" />
    <tag k="roof:shape" v="gabled" />
  </way>
  <way id="-1000000057" visible="true">
    <nd ref="-321" />
    <nd ref="-322" />
    <nd ref="-323" />
    <nd ref="-324" />
    <nd ref="-321" />
    <tag k="building" v="yes" />
  </way>
  <way id="-1000000058" visible="true">
    <nd ref="-325" />
    <nd ref="-326" />
    <nd ref="-327" />
    <nd ref="-328" />
    <nd ref="-325" />
    <tag k="building" v="yes" />
  </way>
  <way id="-1000000059" visible="true">
    <nd ref="-329" />
    <nd ref="-330" />
    <nd ref="-331" />
    <nd ref="-332" />
    <nd ref="-329" />
    <tag k="building" v="yes" />
  </way>
  <way id="-1000000060" visible="true">
    <nd ref="-333" />
    <nd ref="-334" />
    <nd ref="-335" />
    <nd ref="-336" />
    <nd ref="-333" />
    <tag k="building" v="yes" />
  </way>
  <way id="-1000000061" visible="true">
    <nd ref="-337" />
    <nd ref="-338" />
    <nd ref="-339" />
    <nd ref="-340" />
    <nd ref="-341" />
    <nd ref="-342" />
    <nd ref="-343" />
    <nd ref="-344" />
    <nd ref="-337" />
    <tag k="building" v="detached" />
    <tag k="building:levels" v="1" />
    <tag k="roof:levels" v="1" />
    <tag k="roof:shape" v="gabled" />
  </way>
  <way id="-1000000062" visible="true">
    <nd ref="-345" />
    <nd ref="-346" />
    <nd ref="-347" />
    <nd ref="-348" />
    <nd ref="-345" />
    <tag k="building" v="yes" />
  </way>
  <way id="-1000000063" visible="true">
    <nd ref="-349" />
    <nd ref="-350" />
    <nd ref="-351" />
    <nd ref="-352" />
    <nd ref="-349" />
    <tag k="building" v="yes" />
  </way>
  <way id="-1000000064" visible="true">
    <nd ref="-353" />
    <nd ref="-354" />
    <nd ref="-355" />
    <nd ref="-356" />
    <nd ref="-353" />
    <tag k="building" v="yes" />
  </way>
  <way id="-1000000065" visible="true">
    <nd ref="-357" />
    <nd ref="-358" />
    <nd ref="-359" />
    <nd ref="-360" />
    <nd ref="-357" />
    <tag k="building" v="yes" />
  </way>
  <way id="-1000000066" visible="true">
    <nd ref="-361" />
    <nd ref="-362" />
    <nd ref="-363" />
    <nd ref="-364" />
    <nd ref="-361" />
    <tag k="building" v="yes" />
  </way>
  <way id="-1000000067" visible="true">
    <nd ref="-365" />
    <nd ref="-366" />
    <nd ref="-367" />
    <nd ref="-368" />
    <nd ref="-365" />
    <tag k="building" v="yes" />
  </way>
  <way id="-1000000068" visible="true">
    <nd ref="-369" />
    <nd ref="-370" />
    <nd ref="-371" />
    <nd ref="-372" />
    <nd ref="-369" />
    <tag k="building" v="yes" />
  </way>
  <way id="-1000000069" visible="true">
    <nd ref="-373" />
    <nd ref="-374" />
    <nd ref="-375" />
    <nd ref="-376" />
    <nd ref="-373" />
    <tag k="building" v="yes" />
  </way>
  <way id="-1000000070" visible="true">
    <nd ref="-377" />
    <nd ref="-378" />
    <nd ref="-379" />
    <nd ref="-380" />
    <nd ref="-377" />
    <tag k="building" v="yes" />
  </way>
  <way id="-1000000071" visible="true">
    <nd ref="-381" />
    <nd ref="-382" />
    <nd ref="-383" />
    <nd ref="-384" />
    <nd ref="-381" />
    <tag k="building" v="yes" />
  </way>
  <way id="-1000000072" visible="true">
    <nd ref="-385" />
    <nd ref="-386" />
    <nd ref="-387" />
    <nd ref="-388" />
    <nd ref="-385" />
    <tag k="building" v="apartments" />
    <tag k="building:levels" v="3" />
    <tag k="roof:shape" v="gabled" />
  </way>
  <way id="-1000000073" visible="true">
    <nd ref="-389" />
    <nd ref="-390" />
    <nd ref="-391" />
    <nd ref="-392" />
    <nd ref="-389" />
    <tag k="building" v="yes" />
  </way>
  <way id="-1000000074" visible="true">
    <nd ref="-393" />
    <nd ref="-394" />
    <nd ref="-395" />
    <nd ref="-396" />
    <nd ref="-393" />
    <tag k="building" v="yes" />
  </way>
  <way id="-1000000075" visible="true">
    <nd ref="-397" />
    <nd ref="-398" />
    <nd ref="-399" />
    <nd ref="-400" />
    <nd ref="-397" />
    <tag k="building" v="yes" />
  </way>
  <way id="-1000000076" visible="true">
    <nd ref="-401" />
    <nd ref="-402" />
    <nd ref="-403" />
    <nd ref="-404" />
    <nd ref="-401" />
    <tag k="building" v="apartments" />
    <tag k="building:levels" v="3" />
    <tag k="roof:shape" v="gabled" />
  </way>
  <way id="-1000000077" visible="true">
    <nd ref="-405" />
    <nd ref="-406" />
    <nd ref="-407" />
    <nd ref="-408" />
    <nd ref="-405" />
    <tag k="building" v="yes" />
  </way>
  <way id="-1000000078" visible="true">
    <nd ref="-409" />
    <nd ref="-410" />
    <nd ref="-411" />
    <nd ref="-412" />
    <nd ref="-409" />
    <tag k="building" v="yes" />
  </way>
  <way id="-1000000079" visible="true">
    <nd ref="-413" />
    <nd ref="-414" />
    <nd ref="-415" />
    <nd ref="-416" />
    <nd ref="-413" />
    <tag k="building" v="apartments" />
    <tag k="building:levels" v="3" />
  </way>
  <way id="-1000000080" visible="true">
    <nd ref="-417" />
    <nd ref="-418" />
    <nd ref="-419" />
    <nd ref="-420" />
    <nd ref="-417" />
    <tag k="building" v="apartments" />
    <tag k="building:levels" v="3" />
  </way>
  <way id="-1000000081" visible="true">
    <nd ref="-421" />
    <nd ref="-422" />
    <nd ref="-423" />
    <nd ref="-424" />
    <nd ref="-421" />
    <tag k="building" v="yes" />
  </way>
  <way id="-1000000082" visible="true">
    <nd ref="-425" />
    <nd ref="-426" />
    <nd ref="-427" />
    <nd ref="-428" />
    <nd ref="-425" />
    <tag k="building" v="yes" />
  </way>
  <way id="-1000000083" visible="true">
    <nd ref="-429" />
    <nd ref="-430" />
    <nd ref="-431" />
    <nd ref="-432" />
    <nd ref="-429" />
    <tag k="building" v="yes" />
  </way>
  <way id="-1000000084" visible="true">
    <nd ref="-433" />
    <nd ref="-434" />
    <nd ref="-435" />
    <nd ref="-436" />
    <nd ref="-433" />
    <tag k="building" v="yes" />
  </way>
  <way id="-1000000085" visible="true">
    <nd ref="-437" />
    <nd ref="-438" />
    <nd ref="-439" />
    <nd ref="-440" />
    <nd ref="-437" />
    <tag k="building" v="yes" />
  </way>
  <way id="-1000000086" visible="true">
    <nd ref="-441" />
    <nd ref="-442" />
    <nd ref="-443" />
    <nd ref="-444" />
    <nd ref="-441" />
    <tag k="building" v="yes" />
  </way>
  <way id="-1000000087" visible="true">
    <nd ref="-445" />
    <nd ref="-446" />
    <nd ref="-447" />
    <nd ref="-448" />
    <nd ref="-445" />
    <tag k="building" v="yes" />
  </way>
  <way id="-1000000088" visible="true">
    <nd ref="-449" />
    <nd ref="-450" />
    <nd ref="-451" />
    <nd ref="-452" />
    <nd ref="-449" />
    <tag k="building" v="yes" />
  </way>
  <way id="-1000000089" visible="true">
    <nd ref="-453" />
    <nd ref="-454" />
    <nd ref="-455" />
    <nd ref="-456" />
    <nd ref="-453" />
    <tag k="building" v="yes" />
  </way>
  <way id="-1000000090" visible="true">
    <nd ref="-457" />
    <nd ref="-458" />
    <nd ref="-459" />
    <nd ref="-460" />
    <nd ref="-461" />
    <nd ref="-457" />
    <tag k="building" v="yes" />
    <tag k="source" v="HiRes aerial imagery" />
  </way>
  <way id="-1000000091" visible="true">
    <nd ref="-462" />
    <nd ref="-463" />
    <nd ref="-464" />
    <nd ref="-465" />
    <nd ref="-462" />
    <tag k="building" v="yes" />
  </way>
  <way id="-1000000092" visible="true">
    <nd ref="-466" />
    <nd ref="-467" />
    <nd ref="-468" />
    <nd ref="-469" />
    <nd ref="-466" />
    <tag k="building" v="yes" />
  </way>
  <way id="-1000000093" visible="true">
    <nd ref="-470" />
    <nd ref="-471" />
    <nd ref="-472" />
    <nd ref="-473" />
    <nd ref="-474" />
    <nd ref="-475" />
    <nd ref="-470" />
    <tag k="building" v="yes" />
  </way>
  <way id="-1000000094" visible="true">
    <nd ref="-476" />
    <nd ref="-477" />
    <nd ref="-478" />
    <nd ref="-479" />
    <nd ref="-476" />
    <tag k="building" v="yes" />
  </way>
  <way id="-1000000095" visible="true">
    <nd ref="-480" />
    <nd ref="-481" />
    <nd ref="-482" />
    <nd ref="-483" />
    <nd ref="-480" />
    <tag k="building" v="yes" />
  </way>
  <way id="-1000000096" visible="true">
    <nd ref="-484" />
    <nd ref="-485" />
    <nd ref="-486" />
    <nd ref="-487" />
    <nd ref="-484" />
    <tag k="building" v="yes" />
  </way>
  <way id="-1000000097" visible="true">
    <nd ref="-488" />
    <nd ref="-489" />
    <nd ref="-490" />
    <nd ref="-491" />
    <nd ref="-492" />
    <nd ref="-493" />
    <nd ref="-488" />
    <tag k="building" v="yes" />
  </way>
  <way id="-1000000098" visible="true">
    <nd ref="-494" />
    <nd ref="-495" />
    <nd ref="-496" />
    <nd ref="-497" />
    <nd ref="-494" />
    <tag k="building" v="yes" />
  </way>
  <way id="-1000000099" visible="true">
    <nd ref="-498" />
    <nd ref="-499" />
    <nd ref="-500" />
    <nd ref="-501" />
    <nd ref="-498" />
    <tag k="building" v="yes" />
  </way>
  <way id="-1000000100" visible="true">
    <nd ref="-502" />
    <nd ref="-503" />
    <nd ref="-504" />
    <nd ref="-505" />
    <nd ref="-506" />
    <nd ref="-507" />
    <nd ref="-508" />
    <nd ref="-509" />
    <nd ref="-502" />
    <tag k="building" v="yes" />
  </way>
  <way id="-1000000101" visible="true">
    <nd ref="-510" />
    <nd ref="-511" />
    <nd ref="-512" />
    <nd ref="-513" />
    <nd ref="-514" />
    <nd ref="-515" />
    <nd ref="-516" />
    <nd ref="-517" />
    <nd ref="-518" />
    <nd ref="-519" />
    <nd ref="-520" />
    <nd ref="-521" />
    <nd ref="-522" />
    <nd ref="-523" />
    <nd ref="-524" />
    <nd ref="-525" />
    <nd ref="-510" />
    <tag k="building" v="yes" />
  </way>
  <way id="-1000000102" visible="true">
    <nd ref="-526" />
    <nd ref="-527" />
    <nd ref="-528" />
    <nd ref="-529" />
    <nd ref="-526" />
    <tag k="building" v="yes" />
  </way>
  <way id="-1000000103" visible="true">
    <nd ref="-530" />
    <nd ref="-531" />
    <nd ref="-532" />
    <nd ref="-533" />
    <nd ref="-530" />
    <tag k="building" v="yes" />
  </way>
  <way id="-1000000104" visible="true">
    <nd ref="-534" />
    <nd ref="-535" />
    <nd ref="-536" />
    <nd ref="-537" />
    <nd ref="-534" />
    <tag k="building" v="yes" />
  </way>
  <way id="-1000000105" visible="true">
    <nd ref="-538" />
    <nd ref="-539" />
    <nd ref="-540" />
    <nd ref="-541" />
    <nd ref="-538" />
    <tag k="building" v="yes" />
  </way>
  <way id="-1000000106" visible="true">
    <nd ref="-542" />
    <nd ref="-543" />
    <nd ref="-544" />
    <nd ref="-545" />
    <nd ref="-542" />
    <tag k="building" v="yes" />
  </way>
  <way id="-1000000107" visible="true">
    <nd ref="-546" />
    <nd ref="-547" />
    <nd ref="-548" />
    <nd ref="-549" />
    <nd ref="-546" />
    <tag k="building" v="yes" />
  </way>
  <way id="-1000000108" visible="true">
    <nd ref="-550" />
    <nd ref="-551" />
    <nd ref="-552" />
    <nd ref="-553" />
    <nd ref="-550" />
    <tag k="building" v="yes" />
  </way>
  <way id="-1000000109" visible="true">
    <nd ref="-554" />
    <nd ref="-555" />
    <nd ref="-556" />
    <nd ref="-557" />
    <nd ref="-554" />
    <tag k="building" v="yes" />
  </way>
  <way id="-1000000110" visible="true">
    <nd ref="-558" />
    <nd ref="-559" />
    <nd ref="-560" />
    <nd ref="-561" />
    <nd ref="-558" />
    <tag k="building" v="yes" />
  </way>
  <way id="-1000000111" visible="true">
    <nd ref="-562" />
    <nd ref="-563" />
    <nd ref="-564" />
    <nd ref="-565" />
    <nd ref="-562" />
    <tag k="building" v="yes" />
  </way>
  <way id="-1000000112" visible="true">
    <nd ref="-566" />
    <nd ref="-567" />
    <nd ref="-568" />
    <nd ref="-569" />
    <nd ref="-566" />
    <tag k="building" v="yes" />
  </way>
  <way id="-1000000113" visible="true">
    <nd ref="-570" />
    <nd ref="-571" />
    <nd ref="-572" />
    <nd ref="-573" />
    <nd ref="-570" />
    <tag k="building" v="yes" />
  </way>
  <way id="-1000000114" visible="true">
    <nd ref="-574" />
    <nd ref="-575" />
    <nd ref="-576" />
    <nd ref="-577" />
    <nd ref="-574" />
    <tag k="building" v="yes" />
  </way>
  <way id="-1000000115" visible="true">
    <nd ref="-578" />
    <nd ref="-579" />
    <nd ref="-580" />
    <nd ref="-581" />
    <nd ref="-578" />
    <tag k="building" v="yes" />
  </way>
  <way id="-1000000116" visible="true">
    <nd ref="-582" />
    <nd ref="-583" />
    <nd ref="-584" />
    <nd ref="-585" />
    <nd ref="-582" />
    <tag k="building" v="yes" />
  </way>
  <way id="-1000000117" visible="true">
    <nd ref="-586" />
    <nd ref="-587" />
    <nd ref="-588" />
    <nd ref="-589" />
    <nd ref="-590" />
    <nd ref="-591" />
    <nd ref="-592" />
    <nd ref="-593" />
    <nd ref="-586" />
    <tag k="building" v="apartments" />
    <tag k="building:levels" v="6" />
  </way>
  <way id="-1000000118" visible="true">
    <nd ref="-594" />
    <nd ref="-595" />
    <nd ref="-596" />
    <nd ref="-597" />
    <nd ref="-594" />
    <tag k="building" v="yes" />
  </way>
  <way id="-1000000119" visible="true">
    <nd ref="-598" />
    <nd ref="-599" />
    <nd ref="-600" />
    <nd ref="-601" />
    <nd ref="-598" />
    <tag k="building" v="yes" />
  </way>
  <way id="-1000000120" visible="true">
    <nd ref="-602" />
    <nd ref="-603" />
    <nd ref="-604" />
    <nd ref="-605" />
    <nd ref="-602" />
    <tag k="building" v="yes" />
  </way>
  <way id="-1000000121" visible="true">
    <nd ref="-606" />
    <nd ref="-607" />
    <nd ref="-608" />
    <nd ref="-609" />
    <nd ref="-606" />
    <tag k="building" v="yes" />
  </way>
  <way id="-1000000122" visible="true">
    <nd ref="-610" />
    <nd ref="-611" />
    <nd ref="-612" />
    <nd ref="-613" />
    <nd ref="-610" />
    <tag k="building" v="yes" />
  </way>
  <way id="-1000000123" visible="true">
    <nd ref="-614" />
    <nd ref="-615" />
    <nd ref="-616" />
    <nd ref="-617" />
    <nd ref="-614" />
    <tag k="building" v="yes" />
  </way>
  <way id="-1000000124" visible="true">
    <nd ref="-618" />
    <nd ref="-619" />
    <nd ref="-620" />
    <nd ref="-621" />
    <nd ref="-618" />
    <tag k="building" v="yes" />
  </way>
  <way id="-1000000125" visible="true">
    <nd ref="-622" />
    <nd ref="-623" />
    <nd ref="-624" />
    <nd ref="-625" />
    <nd ref="-622" />
    <tag k="building" v="yes" />
  </way>
  <way id="-1000000126" visible="true">
    <nd ref="-626" />
    <nd ref="-627" />
    <nd ref="-628" />
    <nd ref="-629" />
    <nd ref="-626" />
    <tag k="building" v="yes" />
  </way>
  <way id="-1000000127" visible="true">
    <nd ref="-630" />
    <nd ref="-631" />
    <nd ref="-632" />
    <nd ref="-633" />
    <nd ref="-630" />
    <tag k="building" v="yes" />
  </way>
  <way id="-1000000128" visible="true">
    <nd ref="-634" />
    <nd ref="-635" />
    <nd ref="-636" />
    <nd ref="-637" />
    <nd ref="-634" />
    <tag k="building" v="yes" />
  </way>
  <way id="-1000000129" visible="true">
    <nd ref="-638" />
    <nd ref="-639" />
    <nd ref="-640" />
    <nd ref="-641" />
    <nd ref="-638" />
    <tag k="building" v="yes" />
  </way>
  <way id="-1000000130" visible="true">
    <nd ref="-642" />
    <nd ref="-643" />
    <nd ref="-644" />
    <nd ref="-645" />
    <nd ref="-642" />
    <tag k="building" v="yes" />
  </way>
  <way id="-1000000131" visible="true">
    <nd ref="-646" />
    <nd ref="-647" />
    <nd ref="-648" />
    <nd ref="-649" />
    <nd ref="-646" />
    <tag k="building" v="yes" />
  </way>
  <way id="-1000000132" visible="true">
    <nd ref="-650" />
    <nd ref="-651" />
    <nd ref="-652" />
    <nd ref="-653" />
    <nd ref="-654" />
    <nd ref="-655" />
    <nd ref="-656" />
    <nd ref="-657" />
    <nd ref="-658" />
    <nd ref="-659" />
    <nd ref="-660" />
    <nd ref="-661" />
    <nd ref="-650" />
    <tag k="building" v="yes" />
  </way>
  <way id="-1000000133" visible="true">
    <nd ref="-662" />
    <nd ref="-663" />
    <nd ref="-664" />
    <nd ref="-665" />
    <nd ref="-662" />
    <tag k="building" v="yes" />
  </way>
  <way id="-1000000134" visible="true">
    <nd ref="-666" />
    <nd ref="-667" />
    <nd ref="-668" />
    <nd ref="-669" />
    <nd ref="-666" />
    <tag k="building" v="yes" />
  </way>
  <way id="-1000000135" visible="true">
    <nd ref="-670" />
    <nd ref="-671" />
    <nd ref="-672" />
    <nd ref="-673" />
    <nd ref="-670" />
    <tag k="building" v="yes" />
  </way>
  <way id="-1000000136" visible="true">
    <nd ref="-674" />
    <nd ref="-675" />
    <nd ref="-676" />
    <nd ref="-677" />
    <nd ref="-674" />
    <tag k="building" v="yes" />
  </way>
  <way id="-1000000137" visible="true">
    <nd ref="-678" />
    <nd ref="-679" />
    <nd ref="-680" />
    <nd ref="-681" />
    <nd ref="-678" />
    <tag k="building" v="yes" />
  </way>
  <way id="-1000000138" visible="true">
    <nd ref="-682" />
    <nd ref="-683" />
    <nd ref="-684" />
    <nd ref="-685" />
    <nd ref="-686" />
    <nd ref="-687" />
    <nd ref="-688" />
    <nd ref="-689" />
    <nd ref="-690" />
    <nd ref="-691" />
    <nd ref="-682" />
    <tag k="addr:city" v="Ingolstadt" />
    <tag k="addr:country" v="DE" />
    <tag k="addr:housenumber" v="10" />
    <tag k="addr:postcode" v="85051" />
    <tag k="addr:street" v="Münchener Straße" />
    <tag k="amenity" v="restaurant" />
    <tag k="building" v="yes" />
    <tag k="name" v="Donauhotel" />
    <tag k="tourism" v="hotel" />
    <tag k="website" v="https://www.donauhotel.de/" />
    <tag k="wheelchair" v="no" />
  </way>
  <way id="-1000000139" visible="true">
    <nd ref="-692" />
    <nd ref="-693" />
    <nd ref="-694" />
    <nd ref="-695" />
    <nd ref="-696" />
    <nd ref="-692" />
    <tag k="addr:city" v="Ingolstadt" />
    <tag k="addr:housenumber" v="8" />
    <tag k="addr:postcode" v="85051" />
    <tag k="addr:street" v="Haunwöhrer Straße" />
    <tag k="brand" v="Backhaus Hackner" />
    <tag k="brand:wikidata" v="Q122761485" />
    <tag k="building" v="yes" />
    <tag k="name" v="Backhaus Hackner" />
    <tag k="opening_hours" v="Mo-Fr 07:30-18:00; Sa 07:30-13:00; Su,PH closed" />
    <tag k="operator" v="Backhaus Hackner" />
    <tag k="phone" v="+49 841 8819631" />
    <tag k="shop" v="bakery" />
    <tag k="source" v="HiRes aerial imagery" />
    <tag k="website" v="https://www.backhaus-hackner.de" />
    <tag k="wheelchair" v="yes" />
  </way>
  <way id="-1000000140" visible="true">
    <nd ref="-697" />
    <nd ref="-698" />
    <nd ref="-699" />
    <nd ref="-700" />
    <nd ref="-697" />
    <tag k="building" v="yes" />
  </way>
  <way id="-1000000141" visible="true">
    <nd ref="-701" />
    <nd ref="-702" />
    <nd ref="-703" />
    <nd ref="-704" />
    <nd ref="-701" />
    <tag k="building" v="yes" />
  </way>
  <way id="-1000000142" visible="true">
    <nd ref="-705" />
    <nd ref="-706" />
    <nd ref="-707" />
    <nd ref="-708" />
    <nd ref="-709" />
    <nd ref="-710" />
    <nd ref="-705" />
    <tag k="building" v="yes" />
  </way>
  <way id="-1000000143" visible="true">
    <nd ref="-711" />
    <nd ref="-712" />
    <nd ref="-713" />
    <nd ref="-714" />
    <nd ref="-715" />
    <nd ref="-716" />
    <nd ref="-717" />
    <nd ref="-718" />
    <nd ref="-719" />
    <nd ref="-720" />
    <nd ref="-711" />
    <tag k="addr:city" v="Ingolstadt" />
    <tag k="addr:country" v="DE" />
    <tag k="addr:housenumber" v="4" />
    <tag k="addr:postcode" v="85051" />
    <tag k="addr:street" v="Eigenheimstraße" />
    <tag k="building" v="yes" />
    <tag k="disused:shop" v="yes" />
    <tag k="wheelchair" v="yes" />
  </way>
  <way id="-1000000144" visible="true">
    <nd ref="-721" />
    <nd ref="-722" />
    <nd ref="-723" />
    <nd ref="-724" />
    <nd ref="-721" />
    <tag k="building" v="yes" />
  </way>
  <way id="-1000000145" visible="true">
    <nd ref="-725" />
    <nd ref="-726" />
    <nd ref="-727" />
    <nd ref="-728" />
    <nd ref="-725" />
    <tag k="building" v="yes" />
  </way>
  <way id="-1000000146" visible="true">
    <nd ref="-729" />
    <nd ref="-730" />
    <nd ref="-731" />
    <nd ref="-732" />
    <nd ref="-729" />
    <tag k="building" v="yes" />
  </way>
  <way id="-1000000147" visible="true">
    <nd ref="-733" />
    <nd ref="-734" />
    <nd ref="-735" />
    <nd ref="-736" />
    <nd ref="-733" />
    <tag k="building" v="yes" />
  </way>
  <way id="-1000000148" visible="true">
    <nd ref="-737" />
    <nd ref="-738" />
    <nd ref="-739" />
    <nd ref="-740" />
    <nd ref="-737" />
    <tag k="building" v="yes" />
  </way>
  <way id="-1000000149" visible="true">
    <nd ref="-741" />
    <nd ref="-742" />
    <nd ref="-743" />
    <nd ref="-744" />
    <nd ref="-741" />
    <tag k="building" v="yes" />
  </way>
  <way id="-1000000150" visible="true">
    <nd ref="-745" />
    <nd ref="-746" />
    <nd ref="-747" />
    <nd ref="-748" />
    <nd ref="-745" />
    <tag k="building" v="apartments" />
    <tag k="building:levels" v="2" />
    <tag k="roof:levels" v="2" />
    <tag k="roof:shape" v="gabled" />
  </way>
  <way id="-1000000151" visible="true">
    <nd ref="-749" />
    <nd ref="-750" />
    <nd ref="-751" />
    <nd ref="-752" />
    <nd ref="-753" />
    <nd ref="-754" />
    <nd ref="-755" />
    <nd ref="-756" />
    <nd ref="-757" />
    <nd ref="-758" />
    <nd ref="-759" />
    <nd ref="-760" />
    <nd ref="-761" />
    <nd ref="-762" />
    <nd ref="-763" />
    <nd ref="-764" />
    <nd ref="-765" />
    <nd ref="-766" />
    <nd ref="-767" />
    <nd ref="-768" />
    <nd ref="-769" />
    <nd ref="-749" />
    <tag k="building" v="church" />
  </way>
  <way id="-1000000152" visible="true">
    <nd ref="-770" />
    <nd ref="-771" />
    <nd ref="-772" />
    <nd ref="-773" />
    <nd ref="-770" />
    <tag k="building" v="yes" />
  </way>
  <way id="-1000000153" visible="true">
    <nd ref="-774" />
    <nd ref="-775" />
    <nd ref="-776" />
    <nd ref="-777" />
    <nd ref="-774" />
    <tag k="addr:housenumber" v="4" />
    <tag k="addr:street" v="Auenstraße" />
    <tag k="building" v="detached" />
  </way>
  <way id="-1000000154" visible="true">
    <nd ref="-778" />
    <nd ref="-779" />
    <nd ref="-780" />
    <nd ref="-781" />
    <nd ref="-782" />
    <nd ref="-783" />
    <nd ref="-778" />
    <tag k="building" v="garage" />
  </way>
  <way id="-1000000155" visible="true">
    <nd ref="-784" />
    <nd ref="-785" />
    <nd ref="-786" />
    <nd ref="-787" />
    <nd ref="-784" />
    <tag k="building" v="garage" />
  </way>
  <way id="-1000000156" visible="true">
    <nd ref="-788" />
    <nd ref="-789" />
    <nd ref="-790" />
    <nd ref="-791" />
    <nd ref="-792" />
    <nd ref="-793" />
    <nd ref="-794" />
    <nd ref="-795" />
    <nd ref="-796" />
    <nd ref="-788" />
    <tag k="building" v="yes" />
  </way>
  <way id="-1000000157" visible="true">
    <nd ref="-797" />
    <nd ref="-798" />
    <nd ref="-799" />
    <nd ref="-800" />
    <nd ref="-797" />
    <tag k="addr:housenumber" v="13,5" />
    <tag k="addr:street" v="Auenstraße" />
    <tag k="building" v="detached" />
    <tag k="building:levels" v="2" />
    <tag k="roof:levels" v="0" />
    <tag k="roof:shape" v="pyramidal" />
  </way>
  <way id="-1000000158" visible="true">
    <nd ref="-801" />
    <nd ref="-802" />
    <nd ref="-803" />
    <nd ref="-804" />
    <nd ref="-801" />
    <tag k="building" v="yes" />
  </way>
  <way id="-1000000159" visible="true">
    <nd ref="-805" />
    <nd ref="-806" />
    <nd ref="-807" />
    <nd ref="-808" />
    <nd ref="-805" />
    <tag k="amenity" v="dentist" />
    <tag k="building" v="yes" />
    <tag k="healthcare" v="dentist" />
    <tag k="name" v="Wittmann" />
  </way>
  <way id="-1000000160" visible="true">
    <nd ref="-809" />
    <nd ref="-810" />
    <nd ref="-811" />
    <nd ref="-812" />
    <nd ref="-809" />
    <tag k="building" v="detached" />
  </way>
  <way id="-1000000161" visible="true">
    <nd ref="-813" />
    <nd ref="-814" />
    <nd ref="-815" />
    <nd ref="-816" />
    <nd ref="-813" />
    <tag k="addr:housenumber" v="11" />
    <tag k="addr:street" v="Apianstraße" />
    <tag k="building" v="detached" />
    <tag k="building:levels" v="2" />
    <tag k="roof:levels" v="1" />
    <tag k="roof:shape" v="hipped" />
  </way>
  <way id="-1000000162" visible="true">
    <nd ref="-817" />
    <nd ref="-818" />
    <nd ref="-819" />
    <nd ref="-820" />
    <nd ref="-817" />
    <tag k="building" v="garage" />
  </way>
  <way id="-1000000163" visible="true">
    <nd ref="-821" />
    <nd ref="-822" />
    <nd ref="-823" />
    <nd ref="-824" />
    <nd ref="-821" />
    <tag k="building" v="garage" />
  </way>
  <way id="-1000000164" visible="true">
    <nd ref="-825" />
    <nd ref="-826" />
    <nd ref="-827" />
    <nd ref="-828" />
    <nd ref="-825" />
    <tag k="building" v="garage" />
  </way>
  <way id="-1000000165" visible="true">
    <nd ref="-829" />
    <nd ref="-830" />
    <nd ref="-831" />
    <nd ref="-832" />
    <nd ref="-829" />
    <tag k="building" v="yes" />
  </way>
  <way id="-1000000166" visible="true">
    <nd ref="-833" />
    <nd ref="-834" />
    <nd ref="-835" />
    <nd ref="-836" />
    <nd ref="-833" />
    <tag k="building" v="apartments" />
    <tag k="building:levels" v="2" />
    <tag k="roof:levels" v="2" />
    <tag k="roof:shape" v="gabled" />
  </way>
  <way id="-1000000167" visible="true">
    <nd ref="-837" />
    <nd ref="-838" />
    <nd ref="-839" />
    <nd ref="-840" />
    <nd ref="-837" />
    <tag k="addr:housenumber" v="15" />
    <tag k="addr:street" v="Auenstraße" />
    <tag k="building" v="detached" />
    <tag k="building:levels" v="2" />
    <tag k="roof:levels" v="1" />
    <tag k="roof:shape" v="pyramidal" />
  </way>
  <way id="-1000000168" visible="true">
    <nd ref="-841" />
    <nd ref="-842" />
    <nd ref="-843" />
    <nd ref="-844" />
    <nd ref="-841" />
    <tag k="building" v="detached" />
    <tag k="building:levels" v="2" />
    <tag k="roof:levels" v="1" />
    <tag k="roof:shape" v="pyramidal" />
  </way>
  <way id="-1000000169" visible="true">
    <nd ref="-845" />
    <nd ref="-846" />
    <nd ref="-847" />
    <nd ref="-848" />
    <nd ref="-845" />
    <tag k="building" v="detached" />
  </way>
  <way id="-1000000170" visible="true">
    <nd ref="-849" />
    <nd ref="-850" />
    <nd ref="-851" />
    <nd ref="-852" />
    <nd ref="-849" />
    <tag k="building" v="yes" />
  </way>
  <way id="-1000000171" visible="true">
    <nd ref="-853" />
    <nd ref="-854" />
    <nd ref="-855" />
    <nd ref="-856" />
    <nd ref="-853" />
    <tag k="building" v="yes" />
  </way>
  <way id="-1000000172" visible="true">
    <nd ref="-857" />
    <nd ref="-858" />
    <nd ref="-859" />
    <nd ref="-860" />
    <nd ref="-857" />
    <tag k="building" v="yes" />
  </way>
  <way id="-1000000173" visible="true">
    <nd ref="-861" />
    <nd ref="-862" />
    <nd ref="-863" />
    <nd ref="-864" />
    <nd ref="-861" />
    <tag k="building" v="yes" />
  </way>
  <way id="-1000000174" visible="true">
    <nd ref="-865" />
    <nd ref="-866" />
    <nd ref="-867" />
    <nd ref="-868" />
    <nd ref="-865" />
    <tag k="addr:housenumber" v="9" />
    <tag k="addr:street" v="Apianstraße" />
    <tag k="building" v="detached" />
    <tag k="building:levels" v="2" />
    <tag k="roof:levels" v="1" />
    <tag k="roof:shape" v="pyramidal" />
  </way>
  <way id="-1000000175" visible="true">
    <nd ref="-869" />
    <nd ref="-870" />
    <nd ref="-871" />
    <nd ref="-872" />
    <nd ref="-869" />
    <tag k="building" v="yes" />
  </way>
  <way id="-1000000176" visible="true">
    <nd ref="-873" />
    <nd ref="-874" />
    <nd ref="-875" />
    <nd ref="-876" />
    <nd ref="-877" />
    <nd ref="-878" />
    <nd ref="-879" />
    <nd ref="-880" />
    <nd ref="-881" />
    <nd ref="-882" />
    <nd ref="-883" />
    <nd ref="-884" />
    <nd ref="-873" />
    <tag k="building" v="yes" />
  </way>
  <way id="-1000000177" visible="true">
    <nd ref="-885" />
    <nd ref="-886" />
    <nd ref="-887" />
    <nd ref="-888" />
    <nd ref="-885" />
    <tag k="building" v="yes" />
  </way>
  <way id="-1000000178" visible="true">
    <nd ref="-889" />
    <nd ref="-890" />
    <nd ref="-891" />
    <nd ref="-892" />
    <nd ref="-889" />
    <tag k="building" v="yes" />
  </way>
  <way id="-1000000179" visible="true">
    <nd ref="-893" />
    <nd ref="-894" />
    <nd ref="-895" />
    <nd ref="-896" />
    <nd ref="-893" />
    <tag k="building" v="detached" />
  </way>
  <way id="-1000000180" visible="true">
    <nd ref="-897" />
    <nd ref="-898" />
    <nd ref="-899" />
    <nd ref="-900" />
    <nd ref="-897" />
    <tag k="building" v="yes" />
  </way>
  <way id="-1000000181" visible="true">
    <nd ref="-901" />
    <nd ref="-902" />
    <nd ref="-903" />
    <nd ref="-904" />
    <nd ref="-905" />
    <nd ref="-906" />
    <nd ref="-907" />
    <nd ref="-908" />
    <nd ref="-901" />
    <tag k="building" v="yes" />
  </way>
  <way id="-1000000182" visible="true">
    <nd ref="-909" />
    <nd ref="-910" />
    <nd ref="-911" />
    <nd ref="-912" />
    <nd ref="-909" />
    <tag k="building" v="yes" />
  </way>
  <way id="-1000000183" visible="true">
    <nd ref="-913" />
    <nd ref="-914" />
    <nd ref="-915" />
    <nd ref="-916" />
    <nd ref="-913" />
    <tag k="addr:housenumber" v="23 1/2" />
    <tag k="addr:postcode" v="85051" />
    <tag k="addr:street" v="Münchener Straße" />
    <tag k="building" v="apartments" />
    <tag k="building:levels" v="3" />
    <tag k="roof:levels" v="2" />
    <tag k="roof:shape" v="gabled" />
  </way>
  <way id="-1000000184" visible="true">
    <nd ref="-917" />
    <nd ref="-918" />
    <nd ref="-919" />
    <nd ref="-920" />
    <nd ref="-917" />
    <tag k="building" v="yes" />
  </way>
  <way id="-1000000185" visible="true">
    <nd ref="-921" />
    <nd ref="-922" />
    <nd ref="-923" />
    <nd ref="-924" />
    <nd ref="-925" />
    <nd ref="-926" />
    <nd ref="-927" />
    <nd ref="-928" />
    <nd ref="-929" />
    <nd ref="-930" />
    <nd ref="-931" />
    <nd ref="-932" />
    <nd ref="-933" />
    <nd ref="-934" />
    <nd ref="-935" />
    <nd ref="-936" />
    <nd ref="-921" />
    <tag k="building" v="yes" />
  </way>
  <way id="-1000000186" visible="true">
    <nd ref="-937" />
    <nd ref="-938" />
    <nd ref="-939" />
    <nd ref="-940" />
    <nd ref="-937" />
    <tag k="building" v="apartments" />
  </way>
  <way id="-1000000187" visible="true">
    <nd ref="-941" />
    <nd ref="-942" />
    <nd ref="-943" />
    <nd ref="-944" />
    <nd ref="-941" />
    <tag k="building" v="yes" />
  </way>
  <way id="-1000000188" visible="true">
    <nd ref="-945" />
    <nd ref="-946" />
    <nd ref="-947" />
    <nd ref="-948" />
    <nd ref="-945" />
    <tag k="building" v="yes" />
  </way>
  <way id="-1000000189" visible="true">
    <nd ref="-949" />
    <nd ref="-950" />
    <nd ref="-951" />
    <nd ref="-952" />
    <nd ref="-953" />
    <nd ref="-954" />
    <nd ref="-955" />
    <nd ref="-949" />
    <tag k="building" v="yes" />
  </way>
  <way id="-1000000190" visible="true">
    <nd ref="-956" />
    <nd ref="-957" />
    <nd ref="-958" />
    <nd ref="-959" />
    <nd ref="-956" />
    <tag k="building" v="yes" />
  </way>
  <way id="-1000000191" visible="true">
    <nd ref="-960" />
    <nd ref="-961" />
    <nd ref="-962" />
    <nd ref="-963" />
    <nd ref="-964" />
    <nd ref="-965" />
    <nd ref="-966" />
    <nd ref="-967" />
    <nd ref="-968" />
    <nd ref="-969" />
    <nd ref="-970" />
    <nd ref="-971" />
    <nd ref="-972" />
    <nd ref="-960" />
    <tag k="building" v="apartments" />
    <tag k="building:levels" v="5" />
    <tag k="roof:levels" v="0" />
  </way>
  <way id="-1000000192" visible="true">
    <nd ref="-973" />
    <nd ref="-974" />
    <nd ref="-975" />
    <nd ref="-976" />
    <nd ref="-977" />
    <nd ref="-978" />
    <nd ref="-973" />
    <tag k="building" v="apartments" />
  </way>
  <way id="-1000000193" visible="true">
    <nd ref="-979" />
    <nd ref="-980" />
    <nd ref="-981" />
    <nd ref="-982" />
    <nd ref="-979" />
    <tag k="building" v="house" />
  </way>
  <way id="-1000000194" visible="true">
    <nd ref="-983" />
    <nd ref="-984" />
    <nd ref="-985" />
    <nd ref="-986" />
    <nd ref="-983" />
    <tag k="building" v="yes" />
  </way>
  <way id="-1000000195" visible="true">
    <nd ref="-987" />
    <nd ref="-988" />
    <nd ref="-989" />
    <nd ref="-990" />
    <nd ref="-987" />
    <tag k="building" v="yes" />
  </way>
  <way id="-1000000196" visible="true">
    <nd ref="-991" />
    <nd ref="-992" />
    <nd ref="-993" />
    <nd ref="-994" />
    <nd ref="-995" />
    <nd ref="-996" />
    <nd ref="-991" />
    <tag k="addr:city" v="Ingolstadt" />
    <tag k="addr:housenumber" v="14" />
    <tag k="addr:street" v="Apianstraße" />
    <tag k="amenity" v="doctors" />
    <tag k="building" v="yes" />
    <tag k="healthcare" v="doctor" />
    <tag k="name" v="Dr. Bauer" />
    <tag k="opening_hours" v="Mo,We-Fr 09:00-12:00; Tu 17:00-20:00; PH off" />
  </way>
  <way id="-1000000197" visible="true">
    <nd ref="-997" />
    <nd ref="-998" />
    <nd ref="-999" />
    <nd ref="-1000" />
    <nd ref="-997" />
    <tag k="building" v="yes" />
  </way>
  <way id="-1000000198" visible="true">
    <nd ref="-1001" />
    <nd ref="-1002" />
    <nd ref="-1003" />
    <nd ref="-1004" />
    <nd ref="-1005" />
    <nd ref="-1006" />
    <nd ref="-1007" />
    <nd ref="-1008" />
    <nd ref="-1009" />
    <nd ref="-1010" />
    <nd ref="-1011" />
    <nd ref="-1012" />
    <nd ref="-1013" />
    <nd ref="-1014" />
    <nd ref="-1001" />
    <tag k="building" v="yes" />
  </way>
  <way id="-1000000199" visible="true">
    <nd ref="-1015" />
    <nd ref="-1016" />
    <nd ref="-1017" />
    <nd ref="-1018" />
    <nd ref="-1019" />
    <nd ref="-1020" />
    <nd ref="-1021" />
    <nd ref="-1022" />
    <nd ref="-1023" />
    <nd ref="-1024" />
    <nd ref="-1025" />
    <nd ref="-1026" />
    <nd ref="-1027" />
    <nd ref="-1015" />
    <tag k="building" v="industrial" />
  </way>
  <way id="-1000000200" visible="true">
    <nd ref="-1028" />
    <nd ref="-1029" />
    <nd ref="-1030" />
    <nd ref="-1031" />
    <nd ref="-1032" />
    <nd ref="-1033" />
    <nd ref="-1034" />
    <nd ref="-1035" />
    <nd ref="-1036" />
    <nd ref="-1037" />
    <nd ref="-1038" />
    <nd ref="-1039" />
    <nd ref="-1028" />
    <tag k="building" v="yes" />
  </way>
  <way id="-1000000201" visible="true">
    <nd ref="-1040" />
    <nd ref="-1041" />
    <nd ref="-1042" />
    <nd ref="-1043" />
    <nd ref="-1040" />
    <tag k="building" v="yes" />
  </way>
  <way id="-1000000202" visible="true">
    <nd ref="-1044" />
    <nd ref="-1045" />
    <nd ref="-1046" />
    <nd ref="-1047" />
    <nd ref="-1044" />
    <tag k="building" v="yes" />
  </way>
  <way id="-1000000203" visible="true">
    <nd ref="-1048" />
    <nd ref="-1049" />
    <nd ref="-1050" />
    <nd ref="-1051" />
    <nd ref="-1048" />
    <tag k="building" v="yes" />
  </way>
  <way id="-1000000204" visible="true">
    <nd ref="-1052" />
    <nd ref="-1053" />
    <nd ref="-1054" />
    <nd ref="-1055" />
    <nd ref="-1052" />
    <tag k="building" v="yes" />
  </way>
  <way id="-1000000205" visible="true">
    <nd ref="-1056" />
    <nd ref="-1057" />
    <nd ref="-1058" />
    <nd ref="-1059" />
    <nd ref="-1056" />
    <tag k="building" v="yes" />
  </way>
  <way id="-1000000206" visible="true">
    <nd ref="-1060" />
    <nd ref="-1061" />
    <nd ref="-1062" />
    <nd ref="-1063" />
    <nd ref="-1060" />
    <tag k="building" v="yes" />
  </way>
  <way id="-1000000207" visible="true">
    <nd ref="-1064" />
    <nd ref="-1065" />
    <nd ref="-1066" />
    <nd ref="-1067" />
    <nd ref="-1064" />
    <tag k="building" v="yes" />
  </way>
  <way id="-1000000208" visible="true">
    <nd ref="-1068" />
    <nd ref="-1069" />
    <nd ref="-1070" />
    <nd ref="-1071" />
    <nd ref="-1068" />
    <tag k="building" v="yes" />
  </way>
  <way id="-1000000209" visible="true">
    <nd ref="-1072" />
    <nd ref="-1073" />
    <nd ref="-1074" />
    <nd ref="-1075" />
    <nd ref="-1072" />
    <tag k="building" v="yes" />
  </way>
  <way id="-1000000210" visible="true">
    <nd ref="-1076" />
    <nd ref="-1077" />
    <nd ref="-1078" />
    <nd ref="-1079" />
    <nd ref="-1076" />
    <tag k="building" v="yes" />
  </way>
  <way id="-1000000211" visible="true">
    <nd ref="-1080" />
    <nd ref="-1081" />
    <nd ref="-1082" />
    <nd ref="-1083" />
    <nd ref="-1080" />
    <tag k="building" v="yes" />
  </way>
  <way id="-1000000212" visible="true">
    <nd ref="-1084" />
    <nd ref="-1085" />
    <nd ref="-1086" />
    <nd ref="-1087" />
    <nd ref="-1084" />
    <tag k="building" v="apartments" />
    <tag k="building:levels" v="2" />
    <tag k="roof:levels" v="1" />
    <tag k="roof:shape" v="gabled" />
  </way>
  <way id="-1000000213" visible="true">
    <nd ref="-1088" />
    <nd ref="-1089" />
    <nd ref="-1090" />
    <nd ref="-1091" />
    <nd ref="-1092" />
    <nd ref="-1088" />
    <tag k="building" v="yes" />
  </way>
  <way id="-1000000214" visible="true">
    <nd ref="-1093" />
    <nd ref="-1094" />
    <nd ref="-1095" />
    <nd ref="-1096" />
    <nd ref="-1093" />
    <tag k="building" v="yes" />
  </way>
  <way id="-1000000215" visible="true">
    <nd ref="-1097" />
    <nd ref="-1098" />
    <nd ref="-1099" />
    <nd ref="-1100" />
    <nd ref="-1097" />
    <tag k="building" v="yes" />
  </way>
  <way id="-1000000216" visible="true">
    <nd ref="-1101" />
    <nd ref="-1102" />
    <nd ref="-1103" />
    <nd ref="-1104" />
    <nd ref="-1101" />
    <tag k="building" v="yes" />
  </way>
  <way id="-1000000217" visible="true">
    <nd ref="-1105" />
    <nd ref="-1106" />
    <nd ref="-1107" />
    <nd ref="-1108" />
    <nd ref="-1105" />
    <tag k="building" v="yes" />
  </way>
  <way id="-1000000218" visible="true">
    <nd ref="-1109" />
    <nd ref="-1110" />
    <nd ref="-1111" />
    <nd ref="-1112" />
    <nd ref="-1109" />
    <tag k="building" v="yes" />
  </way>
  <way id="-1000000219" visible="true">
    <nd ref="-1113" />
    <nd ref="-1114" />
    <nd ref="-1115" />
    <nd ref="-1116" />
    <nd ref="-1113" />
    <tag k="building" v="yes" />
  </way>
  <way id="-1000000220" visible="true">
    <nd ref="-1117" />
    <nd ref="-1118" />
    <nd ref="-1119" />
    <nd ref="-1120" />
    <nd ref="-1117" />
    <tag k="building" v="garage" />
  </way>
  <way id="-1000000221" visible="true">
    <nd ref="-1121" />
    <nd ref="-1122" />
    <nd ref="-1123" />
    <nd ref="-1124" />
    <nd ref="-1121" />
    <tag k="building" v="yes" />
  </way>
  <way id="-1000000222" visible="true">
    <nd ref="-1125" />
    <nd ref="-1126" />
    <nd ref="-1127" />
    <nd ref="-1128" />
    <nd ref="-1129" />
    <nd ref="-1125" />
    <tag k="building" v="yes" />
  </way>
  <way id="-1000000223" visible="true">
    <nd ref="-1130" />
    <nd ref="-1131" />
    <nd ref="-1132" />
    <nd ref="-1133" />
    <nd ref="-1130" />
    <tag k="building" v="yes" />
  </way>
  <way id="-1000000224" visible="true">
    <nd ref="-1134" />
    <nd ref="-1135" />
    <nd ref="-1136" />
    <nd ref="-1137" />
    <nd ref="-1134" />
    <tag k="building" v="yes" />
  </way>
  <way id="-1000000225" visible="true">
    <nd ref="-1138" />
    <nd ref="-1139" />
    <nd ref="-1140" />
    <nd ref="-1141" />
    <nd ref="-1142" />
    <nd ref="-1143" />
    <nd ref="-1138" />
    <tag k="building" v="garage" />
  </way>
  <way id="-1000000226" visible="true">
    <nd ref="-1144" />
    <nd ref="-1145" />
    <nd ref="-1146" />
    <nd ref="-1147" />
    <nd ref="-1144" />
    <tag k="building" v="yes" />
  </way>
  <way id="-1000000227" visible="true">
    <nd ref="-1148" />
    <nd ref="-1149" />
    <nd ref="-1150" />
    <nd ref="-1151" />
    <nd ref="-1148" />
    <tag k="building" v="yes" />
  </way>
  <way id="-1000000228" visible="true">
    <nd ref="-1152" />
    <nd ref="-1153" />
    <nd ref="-1154" />
    <nd ref="-1155" />
    <nd ref="-1152" />
    <tag k="building" v="garage" />
  </way>
  <way id="-1000000229" visible="true">
    <nd ref="-1156" />
    <nd ref="-1157" />
    <nd ref="-1158" />
    <nd ref="-1159" />
    <nd ref="-1156" />
    <tag k="addr:city" v="Ingolstadt" />
    <tag k="addr:country" v="DE" />
    <tag k="addr:housenumber" v="26" />
    <tag k="addr:postcode" v="85051" />
    <tag k="addr:street" v="Münchener Straße" />
    <tag k="building" v="yes" />
  </way>
  <way id="-1000000230" visible="true">
    <nd ref="-1160" />
    <nd ref="-1161" />
    <nd ref="-1162" />
    <nd ref="-1163" />
    <nd ref="-1160" />
    <tag k="building" v="yes" />
  </way>
  <way id="-1000000231" visible="true">
    <nd ref="-1164" />
    <nd ref="-1165" />
    <nd ref="-1166" />
    <nd ref="-1167" />
    <nd ref="-1164" />
    <tag k="building" v="apartments" />
    <tag k="building:levels" v="2" />
    <tag k="roof:levels" v="1" />
    <tag k="roof:shape" v="gabled" />
  </way>
  <way id="-1000000232" visible="true">
    <nd ref="-1168" />
    <nd ref="-1169" />
    <nd ref="-1170" />
    <nd ref="-1171" />
    <nd ref="-1168" />
    <tag k="building" v="yes" />
  </way>
  <way id="-1000000233" visible="true">
    <nd ref="-1172" />
    <nd ref="-1173" />
    <nd ref="-1174" />
    <nd ref="-1175" />
    <nd ref="-1176" />
    <nd ref="-1177" />
    <nd ref="-1178" />
    <nd ref="-1179" />
    <nd ref="-1172" />
    <tag k="building" v="yes" />
  </way>
  <way id="-1000000234" visible="true">
    <nd ref="-1180" />
    <nd ref="-1181" />
    <nd ref="-1182" />
    <nd ref="-1183" />
    <nd ref="-1180" />
    <tag k="addr:city" v="Ingolstadt" />
    <tag k="addr:country" v="DE" />
    <tag k="addr:housenumber" v="22" />
    <tag k="addr:postcode" v="85051" />
    <tag k="addr:street" v="Münchener Straße" />
    <tag k="building" v="yes" />
    <tag k="name" v="SZI Schrankzentrum Ingolstadt" />
    <tag k="shop" v="furniture" />
  </way>
  <way id="-1000000235" visible="true">
    <nd ref="-1184" />
    <nd ref="-1185" />
    <nd ref="-1186" />
    <nd ref="-1187" />
    <nd ref="-1184" />
    <tag k="building" v="apartments" />
    <tag k="building:levels" v="2" />
    <tag k="roof:levels" v="1" />
    <tag k="roof:shape" v="gabled" />
  </way>
  <way id="-1000000236" visible="true">
    <nd ref="-1188" />
    <nd ref="-1189" />
    <nd ref="-1190" />
    <nd ref="-1191" />
    <nd ref="-1188" />
    <tag k="building" v="yes" />
  </way>
  <way id="-1000000237" visible="true">
    <nd ref="-1192" />
    <nd ref="-1193" />
    <nd ref="-1194" />
    <nd ref="-1195" />
    <nd ref="-1196" />
    <nd ref="-1197" />
    <nd ref="-1198" />
    <nd ref="-1199" />
    <nd ref="-1192" />
    <tag k="building" v="yes" />
  </way>
  <way id="-1000000238" visible="true">
    <nd ref="-1200" />
    <nd ref="-1201" />
    <nd ref="-1202" />
    <nd ref="-1203" />
    <nd ref="-1200" />
    <tag k="building" v="yes" />
  </way>
  <way id="-1000000239" visible="true">
    <nd ref="-1204" />
    <nd ref="-1205" />
    <nd ref="-1206" />
    <nd ref="-1207" />
    <nd ref="-1208" />
    <nd ref="-1209" />
    <nd ref="-1210" />
    <nd ref="-1204" />
    <tag k="building" v="yes" />
  </way>
  <way id="-1000000240" visible="true">
    <nd ref="-1211" />
    <nd ref="-1212" />
    <nd ref="-1213" />
    <nd ref="-1214" />
    <nd ref="-1215" />
    <nd ref="-1216" />
    <nd ref="-1211" />
    <tag k="addr:city" v="Ingolstadt" />
    <tag k="addr:country" v="DE" />
    <tag k="addr:housenumber" v="22" />
    <tag k="addr:postcode" v="85051" />
    <tag k="addr:street" v="Münchener Straße" />
    <tag k="building" v="yes" />
  </way>
  <way id="-1000000241" visible="true">
    <nd ref="-1217" />
    <nd ref="-1218" />
    <nd ref="-1219" />
    <nd ref="-1220" />
    <nd ref="-1221" />
    <nd ref="-1222" />
    <nd ref="-1217" />
    <tag k="building" v="yes" />
  </way>
  <way id="-1000000242" visible="true">
    <nd ref="-1223" />
    <nd ref="-1224" />
    <nd ref="-1225" />
    <nd ref="-1226" />
    <nd ref="-1227" />
    <nd ref="-1228" />
    <nd ref="-1229" />
    <nd ref="-1230" />
    <nd ref="-1231" />
    <nd ref="-1232" />
    <nd ref="-1233" />
    <nd ref="-1234" />
    <nd ref="-1223" />
    <tag k="building" v="yes" />
  </way>
  <way id="-1000000243" visible="true">
    <nd ref="-1235" />
    <nd ref="-1236" />
    <nd ref="-1237" />
    <nd ref="-1238" />
    <nd ref="-1239" />
    <nd ref="-1240" />
    <nd ref="-1241" />
    <nd ref="-1242" />
    <nd ref="-1235" />
    <tag k="building" v="yes" />
  </way>
  <way id="-1000000244" visible="true">
    <nd ref="-1243" />
    <nd ref="-1244" />
    <nd ref="-1245" />
    <nd ref="-1246" />
    <nd ref="-1247" />
    <nd ref="-1248" />
    <nd ref="-1249" />
    <nd ref="-1250" />
    <nd ref="-1243" />
    <tag k="building" v="yes" />
  </way>
  <way id="-1000000245" visible="true">
    <nd ref="-1251" />
    <nd ref="-1252" />
    <nd ref="-1253" />
    <nd ref="-1254" />
    <nd ref="-1255" />
    <nd ref="-1256" />
    <nd ref="-1251" />
    <tag k="building" v="yes" />
  </way>
  <way id="-1000000246" visible="true">
    <nd ref="-1257" />
    <nd ref="-1258" />
    <nd ref="-1259" />
    <nd ref="-1260" />
    <nd ref="-1261" />
    <nd ref="-1262" />
    <nd ref="-1257" />
    <tag k="building" v="yes" />
  </way>
  <way id="-1000000247" visible="true">
    <nd ref="-1263" />
    <nd ref="-1264" />
    <nd ref="-1265" />
    <nd ref="-1266" />
    <nd ref="-1263" />
    <tag k="addr:city" v="Ingolstadt" />
    <tag k="addr:housenumber" v="34" />
    <tag k="addr:street" v="Münchener Straße" />
    <tag k="amenity" v="restaurant" />
    <tag k="building" v="yes" />
    <tag k="name" v="Restaurant Hermes" />
    <tag k="opening_hours" v="We-Su,PH 11:00-14:00,17:00-22:00; Mo,Tu off" />
    <tag k="website" v="https://www.hermes-in.com/" />
    <tag k="wheelchair" v="no" />
  </way>
  <way id="-1000000248" visible="true">
    <nd ref="-1267" />
    <nd ref="-1268" />
    <nd ref="-1269" />
    <nd ref="-1270" />
    <nd ref="-1271" />
    <nd ref="-1272" />
    <nd ref="-1273" />
    <nd ref="-1274" />
    <nd ref="-1275" />
    <nd ref="-1276" />
    <nd ref="-1277" />
    <nd ref="-1278" />
    <nd ref="-1279" />
    <nd ref="-1267" />
    <tag k="addr:city" v="Ingolstadt" />
    <tag k="addr:country" v="DE" />
    <tag k="addr:housenumber" v="36" />
    <tag k="addr:postcode" v="85051" />
    <tag k="addr:street" v="Münchener Straße" />
    <tag k="amenity" v="place_of_worship" />
    <tag k="building" v="church" />
    <tag k="check_date" v="2026-06-20" />
    <tag k="denomination" v="protestant" />
    <tag k="email" v="pfarramt@markus-ingolstadt.de" />
    <tag k="name" v="St. Markus" />
    <tag k="phone" v="+49 841 940907" />
    <tag k="religion" v="christian" />
    <tag k="website" v="https://www.markus-ingolstadt.de/" />
    <tag k="wikidata" v="Q41263749" />
  </way>
  <way id="-1000000249" visible="true">
    <nd ref="-1280" />
    <nd ref="-1281" />
    <nd ref="-1282" />
    <nd ref="-1283" />
    <nd ref="-1284" />
    <nd ref="-1285" />
    <nd ref="-1286" />
    <nd ref="-1287" />
    <nd ref="-1288" />
    <nd ref="-1289" />
    <nd ref="-1290" />
    <nd ref="-1291" />
    <nd ref="-1280" />
    <tag k="building" v="apartments" />
    <tag k="building:levels" v="2" />
    <tag k="roof:levels" v="1" />
    <tag k="roof:shape" v="gabled" />
  </way>
  <way id="-1000000250" visible="true">
    <nd ref="-1292" />
    <nd ref="-1293" />
    <nd ref="-1294" />
    <nd ref="-1295" />
    <nd ref="-1292" />
    <tag k="addr:city" v="Ingolstadt" />
    <tag k="addr:country" v="DE" />
    <tag k="addr:housenumber" v="5" />
    <tag k="addr:postcode" v="85053" />
    <tag k="addr:street" v="Zainerstraße" />
    <tag k="building" v="yes" />
    <tag k="name" v="Hillenbrand" />
    <tag k="shop" v="stationery" />
    <tag k="toilets:wheelchair" v="no" />
    <tag k="wheelchair" v="yes" />
  </way>
  <way id="-1000000251" visible="true">
    <nd ref="-1296" />
    <nd ref="-1297" />
    <nd ref="-1298" />
    <nd ref="-1299" />
    <nd ref="-1296" />
    <tag k="addr:city" v="Ingolstadt" />
    <tag k="addr:country" v="DE" />
    <tag k="addr:housenumber" v="7" />
    <tag k="addr:postcode" v="85051" />
    <tag k="addr:street" v="Haunwöhrer Straße" />
    <tag k="amenity" v="restaurant" />
    <tag k="building" v="yes" />
    <tag k="contact:phone" v="+49 841 940377" />
    <tag k="contact:website" v="https://sorrento-in.de/" />
    <tag k="cuisine" v="italian;pizza" />
    <tag k="name" v="Ristorante Pizzeria Sorrento da Vincenzo" />
    <tag k="opening_hours" v="PH,We-Mo 11:30-14:00,17:00-22:00; Tu off" />
    <tag k="takeaway" v="yes" />
    <tag k="wheelchair" v="no" />
  </way>
  <way id="-1000000252" visible="true">
    <nd ref="-1300" />
    <nd ref="-1301" />
    <nd ref="-1302" />
    <nd ref="-1303" />
    <nd ref="-1304" />
    <nd ref="-1305" />
    <nd ref="-1306" />
    <nd ref="-1307" />
    <nd ref="-1300" />
    <tag k="building" v="yes" />
  </way>
  <way id="-1000000253" visible="true">
    <nd ref="-1308" />
    <nd ref="-1309" />
    <nd ref="-1310" />
    <nd ref="-1311" />
    <nd ref="-1308" />
    <tag k="building" v="apartments" />
    <tag k="building:levels" v="3" />
    <tag k="roof:levels" v="1" />
    <tag k="roof:shape" v="gabled" />
  </way>
  <way id="-1000000254" visible="true">
    <nd ref="-1312" />
    <nd ref="-1313" />
    <nd ref="-1314" />
    <nd ref="-1315" />
    <nd ref="-1312" />
    <tag k="building" v="apartments" />
    <tag k="building:levels" v="2" />
    <tag k="roof:shape" v="gabled" />
  </way>
  <way id="-1000000255" visible="true">
    <nd ref="-1316" />
    <nd ref="-1317" />
    <nd ref="-1318" />
    <nd ref="-1319" />
    <nd ref="-1316" />
    <tag k="building" v="yes" />
  </way>
  <way id="-1000000256" visible="true">
    <nd ref="-1320" />
    <nd ref="-1321" />
    <nd ref="-1322" />
    <nd ref="-1323" />
    <nd ref="-1320" />
    <tag k="building" v="apartments" />
    <tag k="building:levels" v="2" />
    <tag k="roof:shape" v="flat" />
  </way>
  <way id="-1000000257" visible="true">
    <nd ref="-1324" />
    <nd ref="-1325" />
    <nd ref="-1326" />
    <nd ref="-1327" />
    <nd ref="-1328" />
    <nd ref="-1329" />
    <nd ref="-1330" />
    <nd ref="-1331" />
    <nd ref="-1332" />
    <nd ref="-1333" />
    <nd ref="-1334" />
    <nd ref="-1335" />
    <nd ref="-1324" />
    <tag k="addr:city" v="Ingolstadt" />
    <tag k="addr:housenumber" v="15a" />
    <tag k="addr:postcode" v="85051" />
    <tag k="addr:street" v="Münchener Straße" />
    <tag k="amenity" v="fuel" />
    <tag k="brand" v="Shell" />
    <tag k="brand:wikidata" v="Q110716465" />
    <tag k="brand:wikipedia" v="en:Royal Dutch Shell" />
    <tag k="building" v="yes" />
    <tag k="name" v="Shell" />
    <tag k="operator" v="Shell" />
    <tag k="website" v="http://www.shell-select.de/stationsfinder/station_details_view.asp?site_id=D00456&amp;adac=1" />
    <tag k="wheelchair" v="yes" />
  </way>
  <way id="-1000000258" visible="true">
    <nd ref="-1336" />
    <nd ref="-1337" />
    <nd ref="-1338" />
    <nd ref="-1339" />
    <nd ref="-1340" />
    <nd ref="-1341" />
    <nd ref="-1342" />
    <nd ref="-1343" />
    <nd ref="-1344" />
    <nd ref="-1345" />
    <nd ref="-1346" />
    <nd ref="-1347" />
    <nd ref="-1348" />
    <nd ref="-1349" />
    <nd ref="-1350" />
    <nd ref="-1351" />
    <nd ref="-1352" />
    <nd ref="-1353" />
    <nd ref="-1336" />
    <tag k="building" v="warehouse" />
  </way>
  <way id="-1000000259" visible="true">
    <nd ref="-48" />
    <nd ref="-47" />
    <nd ref="-1354" />
    <nd ref="-49" />
    <nd ref="-48" />
    <tag k="building" v="yes" />
    <tag k="name" v="Staudinger Büro / Office" />
  </way>
  <way id="-1000000260" visible="true">
    <nd ref="-1355" />
    <nd ref="-1205" />
    <nd ref="-1206" />
    <nd ref="-1356" />
    <nd ref="-1357" />
    <nd ref="-1358" />
    <nd ref="-1359" />
    <nd ref="-1360" />
    <nd ref="-1355" />
    <tag k="building" v="yes" />
  </way>
  <way id="-1000000261" visible="true">
    <nd ref="-1361" />
    <nd ref="-1362" />
    <nd ref="-1363" />
    <nd ref="-1364" />
    <nd ref="-1365" />
    <nd ref="-1366" />
    <nd ref="-1361" />
    <tag k="building" v="yes" />
  </way>
  <way id="-1000000262" visible="true">
    <nd ref="-1367" />
    <nd ref="-1368" />
    <nd ref="-1369" />
    <nd ref="-1370" />
    <nd ref="-1367" />
    <tag k="building" v="yes" />
  </way>
  <way id="-1000000263" visible="true">
    <nd ref="-1371" />
    <nd ref="-1372" />
    <nd ref="-1373" />
    <nd ref="-1374" />
    <nd ref="-1371" />
    <tag k="building" v="yes" />
  </way>
  <way id="-1000000264" visible="true">
    <nd ref="-1375" />
    <nd ref="-1376" />
    <nd ref="-1377" />
    <nd ref="-1378" />
    <nd ref="-1375" />
    <tag k="building" v="yes" />
  </way>
  <way id="-1000000265" visible="true">
    <nd ref="-1379" />
    <nd ref="-1380" />
    <nd ref="-1381" />
    <nd ref="-1382" />
    <nd ref="-1379" />
    <tag k="building" v="yes" />
  </way>
  <way id="-1000000266" visible="true">
    <nd ref="-1383" />
    <nd ref="-1384" />
    <nd ref="-1385" />
    <nd ref="-1386" />
    <nd ref="-1387" />
    <nd ref="-1388" />
    <nd ref="-1383" />
    <tag k="building" v="yes" />
  </way>
  <way id="-1000000267" visible="true">
    <nd ref="-1389" />
    <nd ref="-1390" />
    <nd ref="-1391" />
    <nd ref="-1392" />
    <nd ref="-1393" />
    <nd ref="-1394" />
    <nd ref="-1389" />
    <tag k="building" v="yes" />
  </way>
  <way id="-1000000268" visible="true">
    <nd ref="-1395" />
    <nd ref="-1396" />
    <nd ref="-1397" />
    <nd ref="-1398" />
    <nd ref="-1395" />
    <tag k="building" v="yes" />
  </way>
  <way id="-1000000269" visible="true">
    <nd ref="-1399" />
    <nd ref="-1400" />
    <nd ref="-1401" />
    <nd ref="-1395" />
    <nd ref="-1398" />
    <nd ref="-1402" />
    <nd ref="-1399" />
    <tag k="building" v="yes" />
  </way>
  <way id="-1000000270" visible="true">
    <nd ref="-1403" />
    <nd ref="-1404" />
    <nd ref="-1405" />
    <nd ref="-1406" />
    <nd ref="-1403" />
    <tag k="addr:city" v="Ingolstadt" />
    <tag k="addr:country" v="DE" />
    <tag k="addr:housenumber" v="16" />
    <tag k="addr:postcode" v="85051" />
    <tag k="addr:street" v="Münchener Straße" />
    <tag k="building" v="yes" />
  </way>
  <way id="-1000000271" visible="true">
    <nd ref="-1407" />
    <nd ref="-1403" />
    <nd ref="-1406" />
    <nd ref="-1408" />
    <nd ref="-1407" />
    <tag k="addr:city" v="Ingolstadt" />
    <tag k="addr:country" v="DE" />
    <tag k="addr:housenumber" v="18" />
    <tag k="addr:postcode" v="85051" />
    <tag k="addr:street" v="Münchener Straße" />
    <tag k="building" v="yes" />
  </way>
  <way id="-1000000272" visible="true">
    <nd ref="-1409" />
    <nd ref="-1407" />
    <nd ref="-1408" />
    <nd ref="-1410" />
    <nd ref="-1409" />
    <tag k="addr:city" v="Ingolstadt" />
    <tag k="addr:country" v="DE" />
    <tag k="addr:housenumber" v="20" />
    <tag k="addr:postcode" v="85051" />
    <tag k="addr:street" v="Münchener Straße" />
    <tag k="building" v="yes" />
  </way>
  <way id="-1000000273" visible="true">
    <nd ref="-1399" />
    <nd ref="-1402" />
    <nd ref="-1411" />
    <nd ref="-1412" />
    <nd ref="-1399" />
    <tag k="addr:city" v="Ingolstadt" />
    <tag k="addr:country" v="DE" />
    <tag k="addr:housenumber" v="28" />
    <tag k="addr:postcode" v="85051" />
    <tag k="addr:street" v="Münchener Straße" />
    <tag k="building" v="yes" />
  </way>
  <way id="-1000000274" visible="true">
    <nd ref="-1402" />
    <nd ref="-1413" />
    <nd ref="-1414" />
    <nd ref="-1411" />
    <nd ref="-1402" />
    <tag k="addr:city" v="Ingolstadt" />
    <tag k="addr:country" v="DE" />
    <tag k="addr:housenumber" v="30" />
    <tag k="addr:postcode" v="85051" />
    <tag k="addr:street" v="Münchener Straße" />
    <tag k="building" v="yes" />
  </way>
  <way id="-1000000275" visible="true">
    <nd ref="-1415" />
    <nd ref="-1416" />
    <nd ref="-1417" />
    <nd ref="-1418" />
    <nd ref="-1419" />
    <nd ref="-1420" />
    <nd ref="-1421" />
    <nd ref="-1422" />
    <nd ref="-1423" />
    <nd ref="-1424" />
    <nd ref="-1425" />
    <nd ref="-1426" />
    <nd ref="-1415" />
    <tag k="building" v="yes" />
  </way>
  <way id="-1000000276" visible="true">
    <nd ref="-1427" />
    <nd ref="-1428" />
    <nd ref="-1429" />
    <nd ref="-1430" />
    <nd ref="-1427" />
    <tag k="building" v="yes" />
  </way>
  <way id="-1000000277" visible="true">
    <nd ref="-1431" />
    <nd ref="-1432" />
    <nd ref="-1433" />
    <nd ref="-1434" />
    <nd ref="-1431" />
    <tag k="building" v="yes" />
  </way>
  <way id="-1000000278" visible="true">
    <nd ref="-1435" />
    <nd ref="-1436" />
    <nd ref="-1437" />
    <nd ref="-1438" />
    <nd ref="-1439" />
    <nd ref="-1440" />
    <nd ref="-1435" />
    <tag k="building" v="garage" />
  </way>
  <way id="-1000000279" visible="true">
    <nd ref="-1441" />
    <nd ref="-1442" />
    <nd ref="-1443" />
    <nd ref="-1444" />
    <nd ref="-1441" />
    <tag k="building" v="garage" />
  </way>
  <way id="-1000000280" visible="true">
    <nd ref="-1445" />
    <nd ref="-1446" />
    <nd ref="-1447" />
    <nd ref="-1448" />
    <nd ref="-1445" />
    <tag k="building" v="garage" />
  </way>
  <way id="-1000000281" visible="true">
    <nd ref="-1449" />
    <nd ref="-1450" />
    <nd ref="-1451" />
    <nd ref="-1452" />
    <nd ref="-1449" />
    <tag k="building" v="detached" />
    <tag k="building:levels" v="2" />
    <tag k="roof:levels" v="1" />
    <tag k="roof:shape" v="hipped" />
  </way>
  <way id="-1000000282" visible="true">
    <nd ref="-1453" />
    <nd ref="-1454" />
    <nd ref="-1455" />
    <nd ref="-1456" />
    <nd ref="-1453" />
    <tag k="building" v="garage" />
  </way>
  <way id="-1000000283" visible="true">
    <nd ref="-1457" />
    <nd ref="-1458" />
    <nd ref="-1459" />
    <nd ref="-1460" />
    <nd ref="-1457" />
    <tag k="building" v="yes" />
  </way>
  <way id="-1000000284" visible="true">
    <nd ref="-1461" />
    <nd ref="-1462" />
    <nd ref="-1463" />
    <nd ref="-1464" />
    <nd ref="-1461" />
    <tag k="building" v="yes" />
  </way>
  <way id="-1000000285" visible="true">
    <nd ref="-1465" />
    <nd ref="-1466" />
    <nd ref="-1467" />
    <nd ref="-1468" />
    <nd ref="-1465" />
    <tag k="building" v="yes" />
  </way>
  <way id="-1000000286" visible="true">
    <nd ref="-1469" />
    <nd ref="-1470" />
    <nd ref="-1471" />
    <nd ref="-1472" />
    <nd ref="-1469" />
    <tag k="building" v="garage" />
  </way>
  <way id="-1000000287" visible="true">
    <nd ref="-1473" />
    <nd ref="-1474" />
    <nd ref="-1475" />
    <nd ref="-1476" />
    <nd ref="-1473" />
    <tag k="building" v="garage" />
  </way>
  <way id="-1000000288" visible="true">
    <nd ref="-1477" />
    <nd ref="-1478" />
    <nd ref="-1479" />
    <nd ref="-1480" />
    <nd ref="-1481" />
    <nd ref="-1482" />
    <nd ref="-1477" />
    <tag k="building" v="industrial" />
  </way>
  <way id="-1000000289" visible="true">
    <nd ref="-1483" />
    <nd ref="-1484" />
    <nd ref="-1485" />
    <nd ref="-1486" />
    <nd ref="-1487" />
    <nd ref="-1488" />
    <nd ref="-1489" />
    <nd ref="-1490" />
    <nd ref="-1491" />
    <nd ref="-1492" />
    <nd ref="-1493" />
    <nd ref="-1494" />
    <nd ref="-1495" />
    <nd ref="-1496" />
    <nd ref="-1497" />
    <nd ref="-1498" />
    <nd ref="-1499" />
    <nd ref="-1500" />
    <nd ref="-1501" />
    <nd ref="-1483" />
    <tag k="building" v="yes" />
  </way>
  <way id="-1000000290" visible="true">
    <nd ref="-1502" />
    <nd ref="-1503" />
    <nd ref="-1504" />
    <nd ref="-1505" />
    <nd ref="-1502" />
    <tag k="building" v="garage" />
  </way>
  <way id="-1000000291" visible="true">
    <nd ref="-1506" />
    <nd ref="-1507" />
    <nd ref="-1508" />
    <nd ref="-1509" />
    <nd ref="-1506" />
    <tag k="building" v="yes" />
  </way>
  <way id="-1000000292" visible="true">
    <nd ref="-1088" />
    <nd ref="-1092" />
    <nd ref="-1510" />
    <nd ref="-1511" />
    <nd ref="-1512" />
    <nd ref="-1088" />
    <tag k="building" v="yes" />
  </way>
  <way id="-1000000293" visible="true">
    <nd ref="-1513" />
    <nd ref="-1514" />
    <nd ref="-1515" />
    <nd ref="-1516" />
    <nd ref="-1513" />
    <tag k="building" v="garage" />
  </way>
  <way id="-1000000294" visible="true">
    <nd ref="-1517" />
    <nd ref="-1518" />
    <nd ref="-1519" />
    <nd ref="-1520" />
    <nd ref="-1517" />
    <tag k="building" v="garage" />
  </way>
  <way id="-1000000295" visible="true">
    <nd ref="-1521" />
    <nd ref="-1522" />
    <nd ref="-1523" />
    <nd ref="-1524" />
    <nd ref="-1521" />
    <tag k="building" v="garage" />
  </way>
  <way id="-1000000296" visible="true">
    <nd ref="-1525" />
    <nd ref="-1526" />
    <nd ref="-789" />
    <nd ref="-788" />
    <nd ref="-1527" />
    <nd ref="-1525" />
    <tag k="building" v="garage" />
  </way>
  <way id="-1000000297" visible="true">
    <nd ref="-1528" />
    <nd ref="-1529" />
    <nd ref="-1530" />
    <nd ref="-1531" />
    <nd ref="-1528" />
    <tag k="building" v="garage" />
  </way>
  <way id="-1000000298" visible="true">
    <nd ref="-1532" />
    <nd ref="-1533" />
    <nd ref="-1534" />
    <nd ref="-1535" />
    <nd ref="-1532" />
    <tag k="building" v="yes" />
  </way>
  <way id="-1000000299" visible="true">
    <nd ref="-1536" />
    <nd ref="-1537" />
    <nd ref="-1538" />
    <nd ref="-1539" />
    <nd ref="-1536" />
    <tag k="building" v="garage" />
  </way>
  <way id="-1000000300" visible="true">
    <nd ref="-1540" />
    <nd ref="-1541" />
    <nd ref="-1542" />
    <nd ref="-1543" />
    <nd ref="-1540" />
    <tag k="building" v="garage" />
  </way>
  <way id="-1000000301" visible="true">
    <nd ref="-1544" />
    <nd ref="-1545" />
    <nd ref="-1546" />
    <nd ref="-1547" />
    <nd ref="-1548" />
    <nd ref="-1549" />
    <nd ref="-1544" />
    <tag k="building" v="yes" />
  </way>
  <way id="-1000000302" visible="true">
    <nd ref="-1550" />
    <nd ref="-1551" />
    <nd ref="-1552" />
    <nd ref="-1553" />
    <nd ref="-1554" />
    <nd ref="-1555" />
    <nd ref="-1550" />
    <tag k="building" v="garage" />
  </way>
  <way id="-1000000303" visible="true">
    <nd ref="-1556" />
    <nd ref="-1557" />
    <nd ref="-1558" />
    <nd ref="-1559" />
    <nd ref="-1556" />
    <tag k="building" v="garage" />
  </way>
  <way id="-1000000304" visible="true">
    <nd ref="-1560" />
    <nd ref="-1561" />
    <nd ref="-1562" />
    <nd ref="-1563" />
    <nd ref="-1560" />
    <tag k="building" v="garage" />
  </way>
  <way id="-1000000305" visible="true">
    <nd ref="-1564" />
    <nd ref="-1565" />
    <nd ref="-1566" />
    <nd ref="-1567" />
    <nd ref="-1564" />
    <tag k="building" v="yes" />
  </way>
  <way id="-1000000306" visible="true">
    <nd ref="-1568" />
    <nd ref="-1569" />
    <nd ref="-1570" />
    <nd ref="-1571" />
    <nd ref="-1568" />
    <tag k="building" v="garage" />
  </way>
  <way id="-1000000307" visible="true">
    <nd ref="-1572" />
    <nd ref="-1573" />
    <nd ref="-1574" />
    <nd ref="-1575" />
    <nd ref="-1572" />
    <tag k="building" v="garage" />
  </way>
  <way id="-1000000308" visible="true">
    <nd ref="-1576" />
    <nd ref="-1577" />
    <nd ref="-1578" />
    <nd ref="-1579" />
    <nd ref="-1576" />
    <tag k="building" v="service" />
  </way>
  <way id="-1000000309" visible="true">
    <nd ref="-1293" />
    <nd ref="-1580" />
    <nd ref="-1581" />
    <nd ref="-1294" />
    <nd ref="-1293" />
    <tag k="building" v="yes" />
  </way>
  <way id="-1000000310" visible="true">
    <nd ref="-1582" />
    <nd ref="-1583" />
    <nd ref="-1584" />
    <nd ref="-1585" />
    <nd ref="-1582" />
    <tag k="building" v="yes" />
  </way>
  <way id="-1000000311" visible="true">
    <nd ref="-1586" />
    <nd ref="-1587" />
    <nd ref="-1588" />
    <nd ref="-1589" />
    <nd ref="-1586" />
    <tag k="building" v="yes" />
  </way>
  <way id="-1000000312" visible="true">
    <nd ref="-1590" />
    <nd ref="-1591" />
    <nd ref="-1592" />
    <nd ref="-1593" />
    <nd ref="-1594" />
    <nd ref="-1595" />
    <nd ref="-1590" />
    <tag k="building" v="yes" />
  </way>
  <way id="-1000000313" visible="true">
    <nd ref="-1596" />
    <nd ref="-1597" />
    <nd ref="-1598" />
    <nd ref="-1599" />
    <nd ref="-1596" />
    <tag k="addr:housenumber" v="18" />
    <tag k="addr:street" v="Sambergerstraße" />
    <tag k="building" v="house" />
    <tag k="building:levels" v="2" />
    <tag k="roof:levels" v="1" />
  </way>
  <way id="-1000000314" visible="true">
    <nd ref="-1600" />
    <nd ref="-1601" />
    <nd ref="-1602" />
    <nd ref="-1603" />
    <nd ref="-1600" />
    <tag k="addr:housenumber" v="32" />
    <tag k="addr:street" v="Münchener Straße" />
    <tag k="building" v="yes" />
  </way>
  <way id="-1000000315" visible="true">
    <nd ref="-1604" />
    <nd ref="-1605" />
    <nd ref="-1606" />
    <nd ref="-1607" />
    <nd ref="-1604" />
    <tag k="building" v="yes" />
  </way>
  <way id="-1000000316" visible="true">
    <nd ref="-1608" />
    <nd ref="-1609" />
    <nd ref="-1610" />
    <nd ref="-1611" />
    <nd ref="-1608" />
    <tag k="building" v="yes" />
  </way>
  <way id="-1000000317" visible="true">
    <nd ref="-1608" />
    <nd ref="-1612" />
    <nd ref="-1613" />
    <nd ref="-1614" />
    <nd ref="-1093" />
    <nd ref="-1615" />
    <nd ref="-1230" />
    <nd ref="-1229" />
    <nd ref="-1609" />
    <nd ref="-1608" />
    <tag k="building" v="yes" />
  </way>
  <way id="-1000000318" visible="true">
    <nd ref="-1615" />
    <nd ref="-1616" />
    <nd ref="-1617" />
    <nd ref="-1096" />
    <nd ref="-1093" />
    <nd ref="-1615" />
    <tag k="building" v="yes" />
  </way>
  <way id="-1000000319" visible="true">
    <nd ref="-1617" />
    <nd ref="-1618" />
    <nd ref="-1231" />
    <nd ref="-1230" />
    <nd ref="-1615" />
    <nd ref="-1616" />
    <nd ref="-1617" />
    <tag k="building" v="yes" />
  </way>
  <way id="-1000000320" visible="true">
    <nd ref="-190" />
    <nd ref="-1619" />
    <nd ref="-1620" />
    <nd ref="-186" />
    <nd ref="-190" />
    <tag k="building" v="yes" />
  </way>
  <way id="-1000000321" visible="true">
    <nd ref="-1619" />
    <nd ref="-1621" />
    <nd ref="-1622" />
    <nd ref="-1623" />
    <nd ref="-1620" />
    <nd ref="-1619" />
    <tag k="building" v="yes" />
  </way>
  <way id="-1000000322" visible="true">
    <nd ref="-1624" />
    <nd ref="-1625" />
    <nd ref="-1626" />
    <nd ref="-1627" />
    <nd ref="-1624" />
    <tag k="building" v="yes" />
  </way>
  <way id="-1000000323" visible="true">
    <nd ref="-1628" />
    <nd ref="-1629" />
    <nd ref="-1630" />
    <nd ref="-1631" />
    <nd ref="-1628" />
    <tag k="building" v="apartments" />
  </way>
  <way id="-1000000324" visible="true">
    <nd ref="-1632" />
    <nd ref="-1271" />
    <nd ref="-1272" />
    <nd ref="-1273" />
    <nd ref="-1633" />
    <nd ref="-1632" />
    <tag k="building" v="yes" />
    <tag k="man_made" v="tower" />
    <tag k="tower:type" v="bell_tower" />
  </way>
  <way id="-1000000325" visible="true">
    <nd ref="-1634" />
    <nd ref="-1635" />
    <nd ref="-1636" />
    <nd ref="-1637" />
    <nd ref="-1638" />
    <nd ref="-1639" />
    <nd ref="-1640" />
    <nd ref="-1641" />
    <nd ref="-1634" />
    <tag k="building" v="garage" />
    <tag k="type" v="multipolygon" />
  </way>
</osm>