<?xml version='1.0' encoding='UTF-8'?>
<osm version="0.6" generator="tile_fbx_generator.py">
  <node id="-1" lat="48.7690439" lon="11.4740829" visible="true" />
  <node id="-2" lat="48.7688859" lon="11.4740173" visible="true" />
  <node id="-3" lat="48.7688666" lon="11.4741243" visible="true" />
  <node id="-4" lat="48.7690246" lon="11.4741899" visible="true" />
  <node id="-5" lat="48.7689754" lon="11.4743727" visible="true" />
  <node id="-6" lat="48.7688839" lon="11.4743342" visible="true" />
  <node id="-7" lat="48.7689165" lon="11.4741560" visible="true" />
  <node id="-8" lat="48.7690080" lon="11.4741945" visible="true" />
  <node id="-9" lat="48.7688873" lon="11.4746445" visible="true" />
  <node id="-10" lat="48.7687691" lon="11.4746000" visible="true" />
  <node id="-11" lat="48.7687237" lon="11.4748777" visible="true" />
  <node id="-12" lat="48.7688420" lon="11.4749222" visible="true" />
  <node id="-13" lat="48.7687696" lon="11.4750070" visible="true" />
  <node id="-14" lat="48.7685775" lon="11.4749278" visible="true" />
  <node id="-15" lat="48.7685600" lon="11.4750255" visible="true" />
  <node id="-16" lat="48.7687521" lon="11.4751047" visible="true" />
  <node id="-17" lat="48.7690687" lon="11.4740031" visible="true" />
  <node id="-18" lat="48.7690047" lon="11.4739740" visible="true" />
  <node id="-19" lat="48.7689914" lon="11.4740414" visible="true" />
  <node id="-20" lat="48.7690554" lon="11.4740705" visible="true" />
  <node id="-21" lat="48.7687174" lon="11.4752266" visible="true" />
  <node id="-22" lat="48.7686314" lon="11.4751888" visible="true" />
  <node id="-23" lat="48.7686547" lon="11.4750666" visible="true" />
  <node id="-24" lat="48.7687407" lon="11.4751044" visible="true" />
  <node id="-25" lat="48.7687294" lon="11.4751638" visible="true" />
  <node id="-26" lat="48.7695020" lon="11.4739057" visible="true" />
  <node id="-27" lat="48.7695044" lon="11.4739855" visible="true" />
  <node id="-28" lat="48.7695456" lon="11.4740790" visible="true" />
  <node id="-29" lat="48.7694707" lon="11.4741163" visible="true" />
  <node id="-30" lat="48.7695081" lon="11.4741956" visible="true" />
  <node id="-31" lat="48.7694341" lon="11.4742309" visible="true" />
  <node id="-32" lat="48.7694738" lon="11.4743138" visible="true" />
  <node id="-33" lat="48.7695472" lon="11.4742787" visible="true" />
  <node id="-34" lat="48.7696654" lon="11.4742230" visible="true" />
  <node id="-35" lat="48.7695889" lon="11.4740606" visible="true" />
  <node id="-36" lat="48.7695554" lon="11.4739826" visible="true" />
  <node id="-37" lat="48.7696116" lon="11.4739822" visible="true" />
  <node id="-38" lat="48.7696092" lon="11.4739024" visible="true" />
  <node id="-39" lat="48.7703512" lon="11.4741803" visible="true" />
  <node id="-40" lat="48.7702461" lon="11.4741824" visible="true" />
  <node id="-41" lat="48.7702454" lon="11.4744162" visible="true" />
  <node id="-42" lat="48.7703505" lon="11.4744141" visible="true" />
  <node id="-43" lat="48.7703248" lon="11.4746006" visible="true" />
  <node id="-44" lat="48.7702420" lon="11.4746037" visible="true" />
  <node id="-45" lat="48.7702446" lon="11.4747632" visible="true" />
  <node id="-46" lat="48.7703273" lon="11.4747601" visible="true" />
  <node id="-47" lat="48.7701245" lon="11.4752834" visible="true" />
  <node id="-48" lat="48.7699802" lon="11.4752823" visible="true" />
  <node id="-49" lat="48.7699809" lon="11.4750694" visible="true" />
  <node id="-50" lat="48.7701253" lon="11.4750705" visible="true" />
  <node id="-51" lat="48.7701554" lon="11.4744681" visible="true" />
  <node id="-52" lat="48.7700324" lon="11.4744336" visible="true" />
  <node id="-53" lat="48.7699914" lon="11.4746867" visible="true" />
  <node id="-54" lat="48.7701236" lon="11.4747260" visible="true" />
  <node id="-55" lat="48.7700868" lon="11.4748268" visible="true" />
  <node id="-56" lat="48.7699475" lon="11.4748160" visible="true" />
  <node id="-57" lat="48.7699401" lon="11.4749127" visible="true" />
  <node id="-58" lat="48.7698928" lon="11.4749156" visible="true" />
  <node id="-59" lat="48.7698932" lon="11.4750187" visible="true" />
  <node id="-60" lat="48.7700859" lon="11.4750275" visible="true" />
  <node id="-61" lat="48.7704665" lon="11.4748877" visible="true" />
  <node id="-62" lat="48.7703203" lon="11.4748935" visible="true" />
  <node id="-63" lat="48.7703189" lon="11.4750253" visible="true" />
  <node id="-64" lat="48.7704652" lon="11.4750195" visible="true" />
  <node id="-65" lat="48.7706083" lon="11.4752493" visible="true" />
  <node id="-66" lat="48.7704989" lon="11.4752514" visible="true" />
  <node id="-67" lat="48.7704999" lon="11.4753452" visible="true" />
  <node id="-68" lat="48.7705030" lon="11.4754735" visible="true" />
  <node id="-69" lat="48.7706122" lon="11.4754719" visible="true" />
  <node id="-70" lat="48.7700503" lon="11.4755473" visible="true" />
  <node id="-71" lat="48.7698896" lon="11.4755444" visible="true" />
  <node id="-72" lat="48.7698882" lon="11.4757134" visible="true" />
  <node id="-73" lat="48.7700489" lon="11.4757164" visible="true" />
  <node id="-74" lat="48.7704860" lon="11.4747841" visible="true" />
  <node id="-75" lat="48.7703577" lon="11.4747931" visible="true" />
  <node id="-76" lat="48.7703546" lon="11.4746889" visible="true" />
  <node id="-77" lat="48.7704829" lon="11.4746799" visible="true" />
  <node id="-78" lat="48.7701321" lon="11.4747303" visible="true" />
  <node id="-79" lat="48.7700451" lon="11.4747049" visible="true" />
  <node id="-80" lat="48.7700390" lon="11.4748065" visible="true" />
  <node id="-81" lat="48.7701241" lon="11.4748216" visible="true" />
  <node id="-82" lat="48.7698921" lon="11.4752741" visible="true" />
  <node id="-83" lat="48.7698086" lon="11.4752697" visible="true" />
  <node id="-84" lat="48.7698072" lon="11.4753306" visible="true" />
  <node id="-85" lat="48.7698907" lon="11.4753350" visible="true" />
  <node id="-86" lat="48.7698616" lon="11.4757018" visible="true" />
  <node id="-87" lat="48.7697976" lon="11.4757025" visible="true" />
  <node id="-88" lat="48.7697978" lon="11.4757473" visible="true" />
  <node id="-89" lat="48.7698619" lon="11.4757467" visible="true" />
  <node id="-90" lat="48.7704341" lon="11.4753461" visible="true" />
  <node id="-91" lat="48.7704115" lon="11.4753501" visible="true" />
  <node id="-92" lat="48.7704171" lon="11.4754752" visible="true" />
  <node id="-93" lat="48.7704320" lon="11.4752649" visible="true" />
  <node id="-94" lat="48.7702292" lon="11.4752700" visible="true" />
  <node id="-95" lat="48.7702313" lon="11.4753512" visible="true" />
  <node id="-96" lat="48.7704325" lon="11.4752527" visible="true" />
  <node id="-97" lat="48.7707117" lon="11.4757083" visible="true" />
  <node id="-98" lat="48.7706075" lon="11.4757137" visible="true" />
  <node id="-99" lat="48.7706078" lon="11.4758510" visible="true" />
  <node id="-100" lat="48.7707120" lon="11.4758456" visible="true" />
  <node id="-101" lat="48.7706410" lon="11.4755306" visible="true" />
  <node id="-102" lat="48.7705511" lon="11.4755341" visible="true" />
  <node id="-103" lat="48.7705539" lon="11.4756713" visible="true" />
  <node id="-104" lat="48.7706438" lon="11.4756679" visible="true" />
  <node id="-105" lat="48.7702311" lon="11.4757655" visible="true" />
  <node id="-106" lat="48.7701277" lon="11.4757641" visible="true" />
  <node id="-107" lat="48.7701254" lon="11.4759361" visible="true" />
  <node id="-108" lat="48.7702288" lon="11.4759375" visible="true" />
  <node id="-109" lat="48.7699788" lon="11.4757589" visible="true" />
  <node id="-110" lat="48.7698690" lon="11.4757575" visible="true" />
  <node id="-111" lat="48.7698667" lon="11.4759295" visible="true" />
  <node id="-112" lat="48.7699765" lon="11.4759309" visible="true" />
  <node id="-113" lat="48.7699771" lon="11.4760182" visible="true" />
  <node id="-114" lat="48.7698672" lon="11.4760168" visible="true" />
  <node id="-115" lat="48.7698649" lon="11.4761888" visible="true" />
  <node id="-116" lat="48.7699748" lon="11.4761902" visible="true" />
  <node id="-117" lat="48.7702234" lon="11.4760156" visible="true" />
  <node id="-118" lat="48.7701200" lon="11.4760142" visible="true" />
  <node id="-119" lat="48.7701177" lon="11.4761862" visible="true" />
  <node id="-120" lat="48.7702211" lon="11.4761876" visible="true" />
  <node id="-121" lat="48.7705890" lon="11.4762460" visible="true" />
  <node id="-122" lat="48.7705305" lon="11.4762446" visible="true" />
  <node id="-123" lat="48.7705291" lon="11.4763745" visible="true" />
  <node id="-124" lat="48.7705876" lon="11.4763759" visible="true" />
  <node id="-125" lat="48.7705893" lon="11.4762457" visible="true" />
  <node id="-126" lat="48.7705888" lon="11.4763010" visible="true" />
  <node id="-127" lat="48.7706742" lon="11.4763025" visible="true" />
  <node id="-128" lat="48.7706747" lon="11.4762472" visible="true" />
  <node id="-129" lat="48.7707890" lon="11.4762408" visible="true" />
  <node id="-130" lat="48.7707119" lon="11.4762433" visible="true" />
  <node id="-131" lat="48.7707135" lon="11.4763604" visible="true" />
  <node id="-132" lat="48.7707906" lon="11.4763580" visible="true" />
  <node id="-133" lat="48.7708322" lon="11.4764713" visible="true" />
  <node id="-134" lat="48.7707679" lon="11.4764685" visible="true" />
  <node id="-135" lat="48.7707673" lon="11.4765459" visible="true" />
  <node id="-136" lat="48.7708316" lon="11.4765488" visible="true" />
  <node id="-137" lat="48.7706468" lon="11.4764994" visible="true" />
  <node id="-138" lat="48.7706472" lon="11.4766627" visible="true" />
  <node id="-139" lat="48.7707505" lon="11.4766613" visible="true" />
  <node id="-140" lat="48.7707501" lon="11.4764979" visible="true" />
  <node id="-141" lat="48.7703678" lon="11.4763998" visible="true" />
  <node id="-142" lat="48.7702381" lon="11.4764016" visible="true" />
  <node id="-143" lat="48.7702394" lon="11.4766153" visible="true" />
  <node id="-144" lat="48.7703691" lon="11.4766134" visible="true" />
  <node id="-145" lat="48.7699662" lon="11.4763422" visible="true" />
  <node id="-146" lat="48.7698407" lon="11.4763431" visible="true" />
  <node id="-147" lat="48.7698410" lon="11.4764627" visible="true" />
  <node id="-148" lat="48.7699665" lon="11.4764619" visible="true" />
  <node id="-149" lat="48.7699723" lon="11.4765411" visible="true" />
  <node id="-150" lat="48.7698938" lon="11.4765417" visible="true" />
  <node id="-151" lat="48.7698942" lon="11.4766740" visible="true" />
  <node id="-152" lat="48.7699727" lon="11.4766734" visible="true" />
  <node id="-153" lat="48.7701965" lon="11.4764435" visible="true" />
  <node id="-154" lat="48.7700828" lon="11.4764515" visible="true" />
  <node id="-155" lat="48.7700885" lon="11.4766372" visible="true" />
  <node id="-156" lat="48.7702023" lon="11.4766292" visible="true" />
  <node id="-157" lat="48.7705622" lon="11.4767069" visible="true" />
  <node id="-158" lat="48.7705626" lon="11.4766296" visible="true" />
  <node id="-159" lat="48.7705395" lon="11.4766292" visible="true" />
  <node id="-160" lat="48.7705405" lon="11.4764604" visible="true" />
  <node id="-161" lat="48.7704283" lon="11.4764589" visible="true" />
  <node id="-162" lat="48.7704272" lon="11.4766377" visible="true" />
  <node id="-163" lat="48.7704872" lon="11.4766385" visible="true" />
  <node id="-164" lat="48.7704867" lon="11.4767058" visible="true" />
  <node id="-165" lat="48.7709466" lon="11.4770208" visible="true" />
  <node id="-166" lat="48.7708485" lon="11.4770216" visible="true" />
  <node id="-167" lat="48.7708489" lon="11.4771648" visible="true" />
  <node id="-168" lat="48.7709471" lon="11.4771641" visible="true" />
  <node id="-169" lat="48.7709796" lon="11.4773360" visible="true" />
  <node id="-170" lat="48.7708778" lon="11.4773382" visible="true" />
  <node id="-171" lat="48.7708791" lon="11.4774712" visible="true" />
  <node id="-172" lat="48.7709808" lon="11.4774690" visible="true" />
  <node id="-173" lat="48.7710321" lon="11.4775789" visible="true" />
  <node id="-174" lat="48.7709252" lon="11.4775756" visible="true" />
  <node id="-175" lat="48.7709235" lon="11.4777022" visible="true" />
  <node id="-176" lat="48.7710305" lon="11.4777055" visible="true" />
  <node id="-177" lat="48.7707973" lon="11.4771607" visible="true" />
  <node id="-178" lat="48.7707411" lon="11.4771603" visible="true" />
  <node id="-179" lat="48.7707408" lon="11.4772573" visible="true" />
  <node id="-180" lat="48.7707855" lon="11.4772576" visible="true" />
  <node id="-181" lat="48.7707970" lon="11.4772577" visible="true" />
  <node id="-182" lat="48.7707852" lon="11.4773260" visible="true" />
  <node id="-183" lat="48.7707406" lon="11.4773257" visible="true" />
  <node id="-184" lat="48.7704640" lon="11.4771666" visible="true" />
  <node id="-185" lat="48.7703533" lon="11.4771694" visible="true" />
  <node id="-186" lat="48.7703584" lon="11.4773682" visible="true" />
  <node id="-187" lat="48.7704691" lon="11.4773654" visible="true" />
  <node id="-188" lat="48.7704966" lon="11.4776036" visible="true" />
  <node id="-189" lat="48.7703975" lon="11.4776123" visible="true" />
  <node id="-190" lat="48.7704042" lon="11.4777883" visible="true" />
  <node id="-191" lat="48.7705033" lon="11.4777796" visible="true" />
  <node id="-192" lat="48.7703515" lon="11.4776468" visible="true" />
  <node id="-193" lat="48.7702645" lon="11.4776526" visible="true" />
  <node id="-194" lat="48.7702682" lon="11.4777803" visible="true" />
  <node id="-195" lat="48.7703552" lon="11.4777745" visible="true" />
  <node id="-196" lat="48.7702018" lon="11.4776386" visible="true" />
  <node id="-197" lat="48.7700920" lon="11.4776453" visible="true" />
  <node id="-198" lat="48.7700964" lon="11.4778144" visible="true" />
  <node id="-199" lat="48.7702062" lon="11.4778077" visible="true" />
  <node id="-200" lat="48.7700595" lon="11.4776330" visible="true" />
  <node id="-201" lat="48.7699607" lon="11.4776350" visible="true" />
  <node id="-202" lat="48.7699618" lon="11.4777542" visible="true" />
  <node id="-203" lat="48.7700606" lon="11.4777522" visible="true" />
  <node id="-204" lat="48.7699095" lon="11.4773721" visible="true" />
  <node id="-205" lat="48.7698332" lon="11.4773728" visible="true" />
  <node id="-206" lat="48.7698348" lon="11.4775551" visible="true" />
  <node id="-207" lat="48.7699111" lon="11.4775544" visible="true" />
  <node id="-208" lat="48.7706312" lon="11.4774842" visible="true" />
  <node id="-209" lat="48.7705463" lon="11.4774899" visible="true" />
  <node id="-210" lat="48.7705507" lon="11.4776410" visible="true" />
  <node id="-211" lat="48.7706356" lon="11.4776353" visible="true" />
  <node id="-212" lat="48.7704931" lon="11.4774708" visible="true" />
  <node id="-213" lat="48.7704382" lon="11.4774731" visible="true" />
  <node id="-214" lat="48.7704394" lon="11.4775404" visible="true" />
  <node id="-215" lat="48.7704943" lon="11.4775381" visible="true" />
  <node id="-216" lat="48.7703605" lon="11.4774781" visible="true" />
  <node id="-217" lat="48.7702131" lon="11.4774863" visible="true" />
  <node id="-218" lat="48.7702153" lon="11.4775798" visible="true" />
  <node id="-219" lat="48.7703627" lon="11.4775716" visible="true" />
  <node id="-220" lat="48.7699009" lon="11.4771166" visible="true" />
  <node id="-221" lat="48.7698175" lon="11.4771184" visible="true" />
  <node id="-222" lat="48.7698212" lon="11.4772848" visible="true" />
  <node id="-223" lat="48.7699045" lon="11.4772829" visible="true" />
  <node id="-224" lat="48.7700920" lon="11.4772747" visible="true" />
  <node id="-225" lat="48.7700088" lon="11.4772755" visible="true" />
  <node id="-226" lat="48.7700133" lon="11.4774231" visible="true" />
  <node id="-227" lat="48.7700965" lon="11.4774223" visible="true" />
  <node id="-228" lat="48.7699774" lon="11.4771267" visible="true" />
  <node id="-229" lat="48.7699022" lon="11.4771279" visible="true" />
  <node id="-230" lat="48.7699037" lon="11.4772227" visible="true" />
  <node id="-231" lat="48.7699788" lon="11.4772216" visible="true" />
  <node id="-232" lat="48.7711187" lon="11.4778314" visible="true" />
  <node id="-233" lat="48.7710123" lon="11.4778738" visible="true" />
  <node id="-234" lat="48.7710294" lon="11.4779726" visible="true" />
  <node id="-235" lat="48.7711358" lon="11.4779303" visible="true" />
  <node id="-236" lat="48.7711671" lon="11.4779687" visible="true" />
  <node id="-237" lat="48.7709674" lon="11.4780301" visible="true" />
  <node id="-238" lat="48.7709838" lon="11.4781528" visible="true" />
  <node id="-239" lat="48.7711835" lon="11.4780914" visible="true" />
  <node id="-240" lat="48.7711884" lon="11.4781577" visible="true" />
  <node id="-241" lat="48.7710462" lon="11.4781982" visible="true" />
  <node id="-242" lat="48.7710558" lon="11.4782841" visible="true" />
  <node id="-243" lat="48.7711980" lon="11.4782436" visible="true" />
  <node id="-244" lat="48.7708147" lon="11.4782038" visible="true" />
  <node id="-245" lat="48.7707381" lon="11.4782158" visible="true" />
  <node id="-246" lat="48.7707507" lon="11.4783850" visible="true" />
  <node id="-247" lat="48.7708273" lon="11.4783730" visible="true" />
  <node id="-248" lat="48.7709606" lon="11.4779235" visible="true" />
  <node id="-249" lat="48.7709047" lon="11.4779268" visible="true" />
  <node id="-250" lat="48.7709067" lon="11.4780023" visible="true" />
  <node id="-251" lat="48.7709625" lon="11.4779990" visible="true" />
  <node id="-252" lat="48.7707210" lon="11.4782328" visible="true" />
  <node id="-253" lat="48.7706428" lon="11.4782472" visible="true" />
  <node id="-254" lat="48.7706474" lon="11.4783170" visible="true" />
  <node id="-255" lat="48.7707256" lon="11.4783026" visible="true" />
  <node id="-256" lat="48.7705435" lon="11.4783075" visible="true" />
  <node id="-257" lat="48.7704238" lon="11.4783325" visible="true" />
  <node id="-258" lat="48.7704363" lon="11.4784508" visible="true" />
  <node id="-259" lat="48.7705560" lon="11.4784258" visible="true" />
  <node id="-260" lat="48.7705614" lon="11.4779195" visible="true" />
  <node id="-261" lat="48.7704788" lon="11.4779518" visible="true" />
  <node id="-262" lat="48.7705059" lon="11.4781113" visible="true" />
  <node id="-263" lat="48.7705885" lon="11.4780790" visible="true" />
  <node id="-264" lat="48.7702757" lon="11.4780332" visible="true" />
  <node id="-265" lat="48.7701334" lon="11.4780373" visible="true" />
  <node id="-266" lat="48.7701362" lon="11.4782607" visible="true" />
  <node id="-267" lat="48.7702785" lon="11.4782567" visible="true" />
  <node id="-268" lat="48.7706344" lon="11.4782551" visible="true" />
  <node id="-269" lat="48.7705698" lon="11.4782696" visible="true" />
  <node id="-270" lat="48.7705785" lon="11.4783712" visible="true" />
  <node id="-271" lat="48.7706431" lon="11.4783567" visible="true" />
  <node id="-272" lat="48.7700945" lon="11.4780759" visible="true" />
  <node id="-273" lat="48.7699665" lon="11.4780813" visible="true" />
  <node id="-274" lat="48.7699692" lon="11.4782307" visible="true" />
  <node id="-275" lat="48.7700972" lon="11.4782253" visible="true" />
  <node id="-276" lat="48.7703068" lon="11.4783993" visible="true" />
  <node id="-277" lat="48.7701497" lon="11.4784296" visible="true" />
  <node id="-278" lat="48.7701577" lon="11.4785165" visible="true" />
  <node id="-279" lat="48.7703147" lon="11.4784862" visible="true" />
  <node id="-280" lat="48.7699897" lon="11.4783054" visible="true" />
  <node id="-281" lat="48.7698995" lon="11.4783189" visible="true" />
  <node id="-282" lat="48.7699080" lon="11.4784510" visible="true" />
  <node id="-283" lat="48.7698657" lon="11.4784579" visible="true" />
  <node id="-284" lat="48.7698727" lon="11.4785820" visible="true" />
  <node id="-285" lat="48.7699726" lon="11.4785676" visible="true" />
  <node id="-286" lat="48.7699657" lon="11.4784447" visible="true" />
  <node id="-287" lat="48.7699984" lon="11.4784398" visible="true" />
  <node id="-288" lat="48.7699256" lon="11.4780826" visible="true" />
  <node id="-289" lat="48.7698932" lon="11.4780833" visible="true" />
  <node id="-290" lat="48.7698948" lon="11.4781525" visible="true" />
  <node id="-291" lat="48.7699272" lon="11.4781518" visible="true" />
  <node id="-292" lat="48.7696563" lon="11.4782608" visible="true" />
  <node id="-293" lat="48.7695627" lon="11.4782925" visible="true" />
  <node id="-294" lat="48.7695875" lon="11.4784610" visible="true" />
  <node id="-295" lat="48.7696811" lon="11.4784293" visible="true" />
  <node id="-296" lat="48.7696901" lon="11.4785470" visible="true" />
  <node id="-297" lat="48.7695810" lon="11.4786009" visible="true" />
  <node id="-298" lat="48.7696143" lon="11.4787557" visible="true" />
  <node id="-299" lat="48.7697234" lon="11.4787018" visible="true" />
  <node id="-300" lat="48.7694158" lon="11.4783399" visible="true" />
  <node id="-301" lat="48.7693222" lon="11.4783914" visible="true" />
  <node id="-302" lat="48.7693564" lon="11.4785344" visible="true" />
  <node id="-303" lat="48.7694500" lon="11.4784829" visible="true" />
  <node id="-304" lat="48.7694812" lon="11.4786117" visible="true" />
  <node id="-305" lat="48.7693995" lon="11.4786591" visible="true" />
  <node id="-306" lat="48.7694354" lon="11.4788019" visible="true" />
  <node id="-307" lat="48.7695172" lon="11.4787545" visible="true" />
  <node id="-308" lat="48.7695513" lon="11.4782434" visible="true" />
  <node id="-309" lat="48.7694760" lon="11.4782614" visible="true" />
  <node id="-310" lat="48.7694797" lon="11.4782971" visible="true" />
  <node id="-311" lat="48.7695550" lon="11.4782791" visible="true" />
  <node id="-312" lat="48.7694150" lon="11.4785113" visible="true" />
  <node id="-313" lat="48.7693434" lon="11.4785429" visible="true" />
  <node id="-314" lat="48.7693502" lon="11.4785786" visible="true" />
  <node id="-315" lat="48.7694218" lon="11.4785470" visible="true" />
  <node id="-316" lat="48.7695444" lon="11.4788349" visible="true" />
  <node id="-317" lat="48.7695238" lon="11.4787591" visible="true" />
  <node id="-318" lat="48.7694923" lon="11.4787787" visible="true" />
  <node id="-319" lat="48.7695129" lon="11.4788545" visible="true" />
  <node id="-320" lat="48.7700933" lon="11.4787828" visible="true" />
  <node id="-321" lat="48.7699649" lon="11.4788023" visible="true" />
  <node id="-322" lat="48.7699787" lon="11.4790106" visible="true" />
  <node id="-323" lat="48.7700821" lon="11.4789949" visible="true" />
  <node id="-324" lat="48.7700863" lon="11.4790577" visible="true" />
  <node id="-325" lat="48.7701447" lon="11.4790488" visible="true" />
  <node id="-326" lat="48.7701387" lon="11.4789578" visible="true" />
  <node id="-327" lat="48.7701052" lon="11.4789629" visible="true" />
  <node id="-328" lat="48.7703516" lon="11.4787191" visible="true" />
  <node id="-329" lat="48.7702542" lon="11.4787231" visible="true" />
  <node id="-330" lat="48.7702562" lon="11.4788375" visible="true" />
  <node id="-331" lat="48.7703536" lon="11.4788335" visible="true" />
  <node id="-332" lat="48.7706242" lon="11.4786841" visible="true" />
  <node id="-333" lat="48.7705188" lon="11.4786865" visible="true" />
  <node id="-334" lat="48.7705208" lon="11.4788856" visible="true" />
  <node id="-335" lat="48.7706262" lon="11.4788832" visible="true" />
  <node id="-336" lat="48.7710820" lon="11.4786379" visible="true" />
  <node id="-337" lat="48.7710571" lon="11.4786445" visible="true" />
  <node id="-338" lat="48.7710436" lon="11.4785277" visible="true" />
  <node id="-339" lat="48.7711004" lon="11.4785126" visible="true" />
  <node id="-340" lat="48.7711132" lon="11.4786230" visible="true" />
  <node id="-341" lat="48.7711599" lon="11.4786148" visible="true" />
  <node id="-342" lat="48.7711702" lon="11.4787504" visible="true" />
  <node id="-343" lat="48.7710916" lon="11.4787642" visible="true" />
  <node id="-344" lat="48.7712593" lon="11.4784705" visible="true" />
  <node id="-345" lat="48.7711657" lon="11.4784976" visible="true" />
  <node id="-346" lat="48.7711804" lon="11.4786145" visible="true" />
  <node id="-347" lat="48.7712740" lon="11.4785874" visible="true" />
  <node id="-348" lat="48.7708662" lon="11.4787207" visible="true" />
  <node id="-349" lat="48.7708703" lon="11.4788147" visible="true" />
  <node id="-350" lat="48.7709432" lon="11.4788074" visible="true" />
  <node id="-351" lat="48.7709391" lon="11.4787134" visible="true" />
  <node id="-352" lat="48.7712856" lon="11.4787066" visible="true" />
  <node id="-353" lat="48.7711868" lon="11.4787118" visible="true" />
  <node id="-354" lat="48.7711909" lon="11.4788278" visible="true" />
  <node id="-355" lat="48.7712858" lon="11.4788285" visible="true" />
  <node id="-356" lat="48.7713946" lon="11.4788036" visible="true" />
  <node id="-357" lat="48.7713274" lon="11.4788286" visible="true" />
  <node id="-358" lat="48.7713632" lon="11.4790004" visible="true" />
  <node id="-359" lat="48.7714305" lon="11.4789754" visible="true" />
  <node id="-360" lat="48.7691536" lon="11.4769203" visible="true" />
  <node id="-361" lat="48.7690430" lon="11.4769190" visible="true" />
  <node id="-362" lat="48.7690422" lon="11.4770894" visible="true" />
  <node id="-363" lat="48.7691527" lon="11.4770906" visible="true" />
  <node id="-364" lat="48.7691568" lon="11.4772269" visible="true" />
  <node id="-365" lat="48.7690583" lon="11.4772245" visible="true" />
  <node id="-366" lat="48.7690566" lon="11.4773817" visible="true" />
  <node id="-367" lat="48.7691552" lon="11.4773841" visible="true" />
  <node id="-368" lat="48.7691533" lon="11.4775841" visible="true" />
  <node id="-369" lat="48.7690517" lon="11.4775812" visible="true" />
  <node id="-370" lat="48.7690500" lon="11.4777164" visible="true" />
  <node id="-371" lat="48.7691515" lon="11.4777194" visible="true" />
  <node id="-372" lat="48.7691330" lon="11.4778891" visible="true" />
  <node id="-373" lat="48.7690467" lon="11.4778905" visible="true" />
  <node id="-374" lat="48.7690477" lon="11.4780490" visible="true" />
  <node id="-375" lat="48.7691340" lon="11.4780476" visible="true" />
  <node id="-376" lat="48.7691249" lon="11.4782009" visible="true" />
  <node id="-377" lat="48.7690216" lon="11.4781979" visible="true" />
  <node id="-378" lat="48.7690197" lon="11.4783525" visible="true" />
  <node id="-379" lat="48.7691230" lon="11.4783555" visible="true" />
  <node id="-380" lat="48.7691509" lon="11.4770969" visible="true" />
  <node id="-381" lat="48.7690745" lon="11.4770953" visible="true" />
  <node id="-382" lat="48.7690740" lon="11.4771400" visible="true" />
  <node id="-383" lat="48.7691499" lon="11.4771429" visible="true" />
  <node id="-384" lat="48.7690731" lon="11.4771859" visible="true" />
  <node id="-385" lat="48.7691495" lon="11.4771876" visible="true" />
  <node id="-386" lat="48.7691726" lon="11.4777255" visible="true" />
  <node id="-387" lat="48.7690967" lon="11.4777234" visible="true" />
  <node id="-388" lat="48.7690952" lon="11.4778503" visible="true" />
  <node id="-389" lat="48.7691711" lon="11.4778524" visible="true" />
  <node id="-390" lat="48.7691719" lon="11.4773927" visible="true" />
  <node id="-391" lat="48.7690935" lon="11.4773907" visible="true" />
  <node id="-392" lat="48.7690922" lon="11.4775107" visible="true" />
  <node id="-393" lat="48.7691706" lon="11.4775127" visible="true" />
  <node id="-394" lat="48.7691540" lon="11.4780502" visible="true" />
  <node id="-395" lat="48.7690880" lon="11.4780503" visible="true" />
  <node id="-396" lat="48.7690881" lon="11.4781132" visible="true" />
  <node id="-397" lat="48.7691541" lon="11.4781131" visible="true" />
  <node id="-398" lat="48.7691692" lon="11.4782639" visible="true" />
  <node id="-399" lat="48.7691702" lon="11.4781875" visible="true" />
  <node id="-400" lat="48.7691255" lon="11.4781861" visible="true" />
  <node id="-401" lat="48.7691245" lon="11.4782625" visible="true" />
  <node id="-402" lat="48.7691285" lon="11.4783401" visible="true" />
  <node id="-403" lat="48.7691274" lon="11.4784726" visible="true" />
  <node id="-404" lat="48.7691746" lon="11.4784736" visible="true" />
  <node id="-405" lat="48.7691758" lon="11.4783410" visible="true" />
  <node id="-406" lat="48.7679471" lon="11.4776142" visible="true" />
  <node id="-407" lat="48.7678036" lon="11.4776118" visible="true" />
  <node id="-408" lat="48.7677912" lon="11.4778370" visible="true" />
  <node id="-409" lat="48.7678820" lon="11.4778355" visible="true" />
  <node id="-410" lat="48.7679450" lon="11.4777353" visible="true" />
  <node id="-411" lat="48.7679159" lon="11.4779325" visible="true" />
  <node id="-412" lat="48.7678476" lon="11.4779322" visible="true" />
  <node id="-413" lat="48.7678050" lon="11.4779321" visible="true" />
  <node id="-414" lat="48.7678047" lon="11.4781299" visible="true" />
  <node id="-415" lat="48.7679156" lon="11.4781303" visible="true" />
  <node id="-416" lat="48.7678832" lon="11.4783132" visible="true" />
  <node id="-417" lat="48.7677967" lon="11.4783121" visible="true" />
  <node id="-418" lat="48.7677955" lon="11.4785029" visible="true" />
  <node id="-419" lat="48.7678821" lon="11.4785041" visible="true" />
  <node id="-420" lat="48.7678814" lon="11.4786282" visible="true" />
  <node id="-421" lat="48.7678097" lon="11.4786273" visible="true" />
  <node id="-422" lat="48.7677611" lon="11.4786266" visible="true" />
  <node id="-423" lat="48.7677599" lon="11.4788236" visible="true" />
  <node id="-424" lat="48.7678802" lon="11.4788252" visible="true" />
  <node id="-425" lat="48.7682931" lon="11.4777443" visible="true" />
  <node id="-426" lat="48.7681655" lon="11.4777436" visible="true" />
  <node id="-427" lat="48.7681651" lon="11.4779412" visible="true" />
  <node id="-428" lat="48.7682926" lon="11.4779420" visible="true" />
  <node id="-429" lat="48.7682927" lon="11.4778744" visible="true" />
  <node id="-430" lat="48.7682791" lon="11.4780032" visible="true" />
  <node id="-431" lat="48.7681666" lon="11.4780011" visible="true" />
  <node id="-432" lat="48.7681652" lon="11.4781720" visible="true" />
  <node id="-433" lat="48.7682256" lon="11.4781731" visible="true" />
  <node id="-434" lat="48.7682777" lon="11.4781741" visible="true" />
  <node id="-435" lat="48.7682919" lon="11.4782964" visible="true" />
  <node id="-436" lat="48.7682246" lon="11.4782951" visible="true" />
  <node id="-437" lat="48.7681614" lon="11.4782939" visible="true" />
  <node id="-438" lat="48.7681585" lon="11.4786339" visible="true" />
  <node id="-439" lat="48.7682165" lon="11.4786350" visible="true" />
  <node id="-440" lat="48.7682891" lon="11.4786364" visible="true" />
  <node id="-441" lat="48.7685184" lon="11.4790367" visible="true" />
  <node id="-442" lat="48.7683866" lon="11.4790332" visible="true" />
  <node id="-443" lat="48.7683890" lon="11.4788194" visible="true" />
  <node id="-444" lat="48.7685209" lon="11.4788229" visible="true" />
  <node id="-445" lat="48.7685147" lon="11.4787583" visible="true" />
  <node id="-446" lat="48.7683906" lon="11.4787525" visible="true" />
  <node id="-447" lat="48.7683951" lon="11.4785313" visible="true" />
  <node id="-448" lat="48.7685192" lon="11.4785371" visible="true" />
  <node id="-449" lat="48.7685012" lon="11.4782723" visible="true" />
  <node id="-450" lat="48.7683666" lon="11.4782628" visible="true" />
  <node id="-451" lat="48.7683748" lon="11.4779961" visible="true" />
  <node id="-452" lat="48.7685094" lon="11.4780056" visible="true" />
  <node id="-453" lat="48.7687540" lon="11.4782067" visible="true" />
  <node id="-454" lat="48.7686576" lon="11.4782057" visible="true" />
  <node id="-455" lat="48.7686566" lon="11.4784348" visible="true" />
  <node id="-456" lat="48.7687530" lon="11.4784358" visible="true" />
  <node id="-457" lat="48.7687770" lon="11.4785319" visible="true" />
  <node id="-458" lat="48.7686434" lon="11.4785285" visible="true" />
  <node id="-459" lat="48.7686405" lon="11.4787906" visible="true" />
  <node id="-460" lat="48.7686874" lon="11.4787917" visible="true" />
  <node id="-461" lat="48.7687565" lon="11.4787935" visible="true" />
  <node id="-462" lat="48.7687741" lon="11.4787939" visible="true" />
  <node id="-463" lat="48.7678477" lon="11.4778708" visible="true" />
  <node id="-464" lat="48.7679161" lon="11.4778711" visible="true" />
  <node id="-465" lat="48.7678817" lon="11.4785666" visible="true" />
  <node id="-466" lat="48.7678100" lon="11.4785657" visible="true" />
  <node id="-467" lat="48.7677811" lon="11.4785653" visible="true" />
  <node id="-468" lat="48.7677815" lon="11.4785027" visible="true" />
  <node id="-469" lat="48.7682886" lon="11.4786985" visible="true" />
  <node id="-470" lat="48.7682160" lon="11.4786971" visible="true" />
  <node id="-471" lat="48.7682251" lon="11.4782343" visible="true" />
  <node id="-472" lat="48.7682924" lon="11.4782356" visible="true" />
  <node id="-473" lat="48.7682929" lon="11.4781744" visible="true" />
  <node id="-474" lat="48.7683344" lon="11.4778746" visible="true" />
  <node id="-475" lat="48.7683343" lon="11.4779422" visible="true" />
  <node id="-476" lat="48.7686319" lon="11.4782167" visible="true" />
  <node id="-477" lat="48.7685579" lon="11.4782182" visible="true" />
  <node id="-478" lat="48.7685572" lon="11.4781340" visible="true" />
  <node id="-479" lat="48.7686312" lon="11.4781325" visible="true" />
  <node id="-480" lat="48.7687556" lon="11.4788763" visible="true" />
  <node id="-481" lat="48.7686865" lon="11.4788745" visible="true" />
  <node id="-482" lat="48.7690563" lon="11.4788662" visible="true" />
  <node id="-483" lat="48.7689120" lon="11.4788656" visible="true" />
  <node id="-484" lat="48.7689125" lon="11.4786213" visible="true" />
  <node id="-485" lat="48.7690567" lon="11.4786219" visible="true" />
  <node id="-486" lat="48.7690564" lon="11.4787952" visible="true" />
  <node id="-487" lat="48.7691288" lon="11.4787955" visible="true" />
  <node id="-488" lat="48.7690562" lon="11.4789113" visible="true" />
  <node id="-489" lat="48.7691286" lon="11.4789115" visible="true" />
  <node id="-490" lat="48.7691287" lon="11.4788693" visible="true" />
  <node id="-491" lat="48.7739307" lon="11.4753386" visible="true" />
  <node id="-492" lat="48.7738713" lon="11.4756534" visible="true" />
  <node id="-493" lat="48.7737518" lon="11.4756016" visible="true" />
  <node id="-494" lat="48.7738111" lon="11.4752868" visible="true" />
  <node id="-495" lat="48.7714029" lon="11.4750799" visible="true" />
  <node id="-496" lat="48.7713951" lon="11.4753096" visible="true" />
  <node id="-497" lat="48.7712882" lon="11.4753012" visible="true" />
  <node id="-498" lat="48.7712960" lon="11.4750715" visible="true" />
  <node id="-499" lat="48.7709148" lon="11.4752746" visible="true" />
  <node id="-500" lat="48.7708519" lon="11.4752690" visible="true" />
  <node id="-501" lat="48.7708550" lon="11.4751868" visible="true" />
  <node id="-502" lat="48.7707943" lon="11.4751893" visible="true" />
  <node id="-503" lat="48.7707915" lon="11.4750330" visible="true" />
  <node id="-504" lat="48.7709242" lon="11.4750274" visible="true" />
  <node id="-505" lat="48.7711334" lon="11.4751138" visible="true" />
  <node id="-506" lat="48.7711288" lon="11.4752328" visible="true" />
  <node id="-507" lat="48.7710661" lon="11.4752272" visible="true" />
  <node id="-508" lat="48.7710708" lon="11.4751082" visible="true" />
  <node id="-509" lat="48.7713013" lon="11.4753699" visible="true" />
  <node id="-510" lat="48.7712860" lon="11.4756622" visible="true" />
  <node id="-511" lat="48.7708977" lon="11.4756154" visible="true" />
  <node id="-512" lat="48.7709130" lon="11.4753229" visible="true" />
  <node id="-513" lat="48.7720398" lon="11.4750087" visible="true" />
  <node id="-514" lat="48.7721388" lon="11.4750534" visible="true" />
  <node id="-515" lat="48.7720983" lon="11.4752604" visible="true" />
  <node id="-516" lat="48.7719992" lon="11.4752158" visible="true" />
  <node id="-517" lat="48.7722407" lon="11.4750814" visible="true" />
  <node id="-518" lat="48.7723343" lon="11.4751366" visible="true" />
  <node id="-519" lat="48.7722826" lon="11.4753380" visible="true" />
  <node id="-520" lat="48.7721891" lon="11.4752828" visible="true" />
  <node id="-521" lat="48.7727557" lon="11.4750780" visible="true" />
  <node id="-522" lat="48.7727188" lon="11.4752655" visible="true" />
  <node id="-523" lat="48.7726217" lon="11.4752215" visible="true" />
  <node id="-524" lat="48.7726586" lon="11.4750340" visible="true" />
  <node id="-525" lat="48.7729787" lon="11.4750530" visible="true" />
  <node id="-526" lat="48.7729548" lon="11.4751677" visible="true" />
  <node id="-527" lat="48.7728469" lon="11.4751158" visible="true" />
  <node id="-528" lat="48.7728708" lon="11.4750011" visible="true" />
  <node id="-529" lat="48.7725437" lon="11.4751032" visible="true" />
  <node id="-530" lat="48.7725894" lon="11.4751270" visible="true" />
  <node id="-531" lat="48.7725673" lon="11.4752249" visible="true" />
  <node id="-532" lat="48.7725216" lon="11.4752011" visible="true" />
  <node id="-533" lat="48.7729044" lon="11.4752553" visible="true" />
  <node id="-534" lat="48.7728287" lon="11.4752186" visible="true" />
  <node id="-535" lat="48.7728477" lon="11.4751286" visible="true" />
  <node id="-536" lat="48.7729233" lon="11.4751653" visible="true" />
  <node id="-537" lat="48.7735211" lon="11.4752320" visible="true" />
  <node id="-538" lat="48.7734701" lon="11.4754446" visible="true" />
  <node id="-539" lat="48.7733458" lon="11.4753760" visible="true" />
  <node id="-540" lat="48.7733969" lon="11.4751633" visible="true" />
  <node id="-541" lat="48.7707460" lon="11.4743688" visible="true" />
  <node id="-542" lat="48.7708177" lon="11.4743717" visible="true" />
  <node id="-543" lat="48.7708140" lon="11.4745843" visible="true" />
  <node id="-544" lat="48.7707423" lon="11.4745814" visible="true" />
  <node id="-545" lat="48.7718222" lon="11.4746758" visible="true" />
  <node id="-546" lat="48.7717923" lon="11.4748347" visible="true" />
  <node id="-547" lat="48.7717149" lon="11.4748011" visible="true" />
  <node id="-548" lat="48.7717448" lon="11.4746422" visible="true" />
  <node id="-549" lat="48.7718724" lon="11.4748403" visible="true" />
  <node id="-550" lat="48.7718606" lon="11.4749139" visible="true" />
  <node id="-551" lat="48.7718132" lon="11.4748965" visible="true" />
  <node id="-552" lat="48.7718250" lon="11.4748229" visible="true" />
  <node id="-553" lat="48.7721006" lon="11.4747485" visible="true" />
  <node id="-554" lat="48.7721914" lon="11.4747857" visible="true" />
  <node id="-555" lat="48.7721545" lon="11.4749927" visible="true" />
  <node id="-556" lat="48.7720637" lon="11.4749555" visible="true" />
  <node id="-557" lat="48.7723348" lon="11.4747317" visible="true" />
  <node id="-558" lat="48.7724276" lon="11.4747717" visible="true" />
  <node id="-559" lat="48.7723852" lon="11.4749983" visible="true" />
  <node id="-560" lat="48.7722923" lon="11.4749583" visible="true" />
  <node id="-561" lat="48.7720404" lon="11.4748865" visible="true" />
  <node id="-562" lat="48.7720192" lon="11.4749962" visible="true" />
  <node id="-563" lat="48.7719801" lon="11.4749788" visible="true" />
  <node id="-564" lat="48.7720014" lon="11.4748691" visible="true" />
  <node id="-565" lat="48.7731821" lon="11.4749926" visible="true" />
  <node id="-566" lat="48.7732681" lon="11.4750489" visible="true" />
  <node id="-567" lat="48.7732220" lon="11.4752112" visible="true" />
  <node id="-568" lat="48.7731360" lon="11.4751549" visible="true" />
  <node id="-569" lat="48.7733728" lon="11.4750162" visible="true" />
  <node id="-570" lat="48.7733431" lon="11.4751269" visible="true" />
  <node id="-571" lat="48.7732832" lon="11.4750898" visible="true" />
  <node id="-572" lat="48.7733129" lon="11.4749791" visible="true" />
  <node id="-573" lat="48.7725805" lon="11.4759033" visible="true" />
  <node id="-574" lat="48.7725418" lon="11.4761048" visible="true" />
  <node id="-575" lat="48.7724310" lon="11.4760557" visible="true" />
  <node id="-576" lat="48.7724697" lon="11.4758543" visible="true" />
  <node id="-577" lat="48.7719900" lon="11.4753556" visible="true" />
  <node id="-578" lat="48.7720722" lon="11.4753937" visible="true" />
  <node id="-579" lat="48.7720446" lon="11.4755308" visible="true" />
  <node id="-580" lat="48.7719624" lon="11.4754927" visible="true" />
  <node id="-581" lat="48.7719440" lon="11.4755793" visible="true" />
  <node id="-582" lat="48.7720288" lon="11.4756150" visible="true" />
  <node id="-583" lat="48.7719937" lon="11.4758328" visible="true" />
  <node id="-584" lat="48.7719090" lon="11.4757971" visible="true" />
  <node id="-585" lat="48.7721522" lon="11.4754786" visible="true" />
  <node id="-586" lat="48.7722490" lon="11.4755246" visible="true" />
  <node id="-587" lat="48.7722103" lon="11.4757121" visible="true" />
  <node id="-588" lat="48.7721135" lon="11.4756660" visible="true" />
  <node id="-589" lat="48.7728441" lon="11.4757160" visible="true" />
  <node id="-590" lat="48.7727851" lon="11.4759650" visible="true" />
  <node id="-591" lat="48.7726832" lon="11.4759094" visible="true" />
  <node id="-592" lat="48.7727422" lon="11.4756604" visible="true" />
  <node id="-593" lat="48.7727612" lon="11.4760712" visible="true" />
  <node id="-594" lat="48.7727225" lon="11.4762754" visible="true" />
  <node id="-595" lat="48.7726217" lon="11.4762314" visible="true" />
  <node id="-596" lat="48.7726604" lon="11.4760272" visible="true" />
  <node id="-597" lat="48.7729160" lon="11.4754025" visible="true" />
  <node id="-598" lat="48.7728718" lon="11.4755928" visible="true" />
  <node id="-599" lat="48.7727643" lon="11.4755352" visible="true" />
  <node id="-600" lat="48.7728086" lon="11.4753450" visible="true" />
  <node id="-601" lat="48.7726931" lon="11.4753663" visible="true" />
  <node id="-602" lat="48.7726636" lon="11.4755145" visible="true" />
  <node id="-603" lat="48.7725474" lon="11.4754613" visible="true" />
  <node id="-604" lat="48.7725769" lon="11.4753130" visible="true" />
  <node id="-605" lat="48.7737500" lon="11.4760949" visible="true" />
  <node id="-606" lat="48.7736946" lon="11.4764167" visible="true" />
  <node id="-607" lat="48.7735611" lon="11.4763638" visible="true" />
  <node id="-608" lat="48.7736164" lon="11.4760421" visible="true" />
  <node id="-609" lat="48.7735379" lon="11.4761285" visible="true" />
  <node id="-610" lat="48.7735084" lon="11.4763188" visible="true" />
  <node id="-611" lat="48.7733617" lon="11.4762664" visible="true" />
  <node id="-612" lat="48.7733912" lon="11.4760761" visible="true" />
  <node id="-613" lat="48.7734863" lon="11.4765398" visible="true" />
  <node id="-614" lat="48.7734531" lon="11.4767692" visible="true" />
  <node id="-615" lat="48.7733069" lon="11.4767205" visible="true" />
  <node id="-616" lat="48.7733401" lon="11.4764911" visible="true" />
  <node id="-617" lat="48.7732484" lon="11.4766685" visible="true" />
  <node id="-618" lat="48.7731259" lon="11.4766304" visible="true" />
  <node id="-619" lat="48.7731572" lon="11.4763982" visible="true" />
  <node id="-620" lat="48.7732798" lon="11.4764363" visible="true" />
  <node id="-621" lat="48.7730253" lon="11.4756445" visible="true" />
  <node id="-622" lat="48.7732392" lon="11.4757424" visible="true" />
  <node id="-623" lat="48.7732008" lon="11.4759359" visible="true" />
  <node id="-624" lat="48.7729869" lon="11.4758379" visible="true" />
  <node id="-625" lat="48.7728281" lon="11.4764363" visible="true" />
  <node id="-626" lat="48.7729239" lon="11.4764754" visible="true" />
  <node id="-627" lat="48.7729020" lon="11.4765990" visible="true" />
  <node id="-628" lat="48.7728061" lon="11.4765598" visible="true" />
  <node id="-629" lat="48.7730548" lon="11.4759411" visible="true" />
  <node id="-630" lat="48.7730240" lon="11.4760812" visible="true" />
  <node id="-631" lat="48.7729134" lon="11.4760253" visible="true" />
  <node id="-632" lat="48.7729442" lon="11.4758851" visible="true" />
  <node id="-633" lat="48.7733561" lon="11.4759769" visible="true" />
  <node id="-634" lat="48.7733166" lon="11.4761983" visible="true" />
  <node id="-635" lat="48.7731993" lon="11.4761502" visible="true" />
  <node id="-636" lat="48.7732388" lon="11.4759287" visible="true" />
  <node id="-637" lat="48.7729764" lon="11.4761877" visible="true" />
  <node id="-638" lat="48.7729412" lon="11.4763681" visible="true" />
  <node id="-639" lat="48.7728480" lon="11.4763262" visible="true" />
  <node id="-640" lat="48.7728832" lon="11.4761458" visible="true" />
  <node id="-641" lat="48.7734402" lon="11.4758124" visible="true" />
  <node id="-642" lat="48.7734219" lon="11.4758891" visible="true" />
  <node id="-643" lat="48.7733556" lon="11.4758527" visible="true" />
  <node id="-644" lat="48.7733738" lon="11.4757760" visible="true" />
  <node id="-645" lat="48.7736188" lon="11.4755643" visible="true" />
  <node id="-646" lat="48.7735870" lon="11.4757076" visible="true" />
  <node id="-647" lat="48.7735284" lon="11.4756776" visible="true" />
  <node id="-648" lat="48.7735603" lon="11.4755343" visible="true" />
  <node id="-649" lat="48.7741479" lon="11.4755287" visible="true" />
  <node id="-650" lat="48.7741108" lon="11.4757489" visible="true" />
  <node id="-651" lat="48.7739596" lon="11.4756902" visible="true" />
  <node id="-652" lat="48.7739968" lon="11.4754699" visible="true" />
  <node id="-653" lat="48.7738528" lon="11.4771235" visible="true" />
  <node id="-654" lat="48.7738124" lon="11.4773506" visible="true" />
  <node id="-655" lat="48.7737036" lon="11.4773060" visible="true" />
  <node id="-656" lat="48.7737439" lon="11.4770790" visible="true" />
  <node id="-657" lat="48.7711684" lon="11.4758273" visible="true" />
  <node id="-658" lat="48.7710319" lon="11.4758161" visible="true" />
  <node id="-659" lat="48.7710367" lon="11.4756837" visible="true" />
  <node id="-660" lat="48.7711731" lon="11.4756949" visible="true" />
  <node id="-661" lat="48.7709648" lon="11.4760172" visible="true" />
  <node id="-662" lat="48.7710497" lon="11.4760213" visible="true" />
  <node id="-663" lat="48.7710461" lon="11.4761975" visible="true" />
  <node id="-664" lat="48.7709611" lon="11.4761934" visible="true" />
  <node id="-665" lat="48.7709798" lon="11.4756915" visible="true" />
  <node id="-666" lat="48.7709863" lon="11.4758817" visible="true" />
  <node id="-667" lat="48.7708787" lon="11.4758901" visible="true" />
  <node id="-668" lat="48.7708723" lon="11.4756998" visible="true" />
  <node id="-669" lat="48.7724895" lon="11.4764659" visible="true" />
  <node id="-670" lat="48.7724379" lon="11.4767289" visible="true" />
  <node id="-671" lat="48.7723016" lon="11.4766673" visible="true" />
  <node id="-672" lat="48.7723532" lon="11.4764043" visible="true" />
  <node id="-673" lat="48.7718892" lon="11.4765045" visible="true" />
  <node id="-674" lat="48.7718736" lon="11.4766399" visible="true" />
  <node id="-675" lat="48.7717645" lon="11.4766110" visible="true" />
  <node id="-676" lat="48.7717801" lon="11.4764755" visible="true" />
  <node id="-677" lat="48.7713684" lon="11.4764507" visible="true" />
  <node id="-678" lat="48.7713656" lon="11.4765731" visible="true" />
  <node id="-679" lat="48.7713121" lon="11.4765703" visible="true" />
  <node id="-680" lat="48.7713149" lon="11.4764479" visible="true" />
  <node id="-681" lat="48.7715989" lon="11.4762083" visible="true" />
  <node id="-682" lat="48.7715989" lon="11.4765020" visible="true" />
  <node id="-683" lat="48.7714772" lon="11.4765020" visible="true" />
  <node id="-684" lat="48.7714772" lon="11.4762083" visible="true" />
  <node id="-685" lat="48.7711718" lon="11.4758770" visible="true" />
  <node id="-686" lat="48.7711699" lon="11.4760308" visible="true" />
  <node id="-687" lat="48.7710980" lon="11.4760350" visible="true" />
  <node id="-688" lat="48.7710998" lon="11.4758811" visible="true" />
  <node id="-689" lat="48.7713454" lon="11.4757882" visible="true" />
  <node id="-690" lat="48.7711924" lon="11.4757770" visible="true" />
  <node id="-691" lat="48.7711945" lon="11.4757096" visible="true" />
  <node id="-692" lat="48.7713475" lon="11.4757208" visible="true" />
  <node id="-693" lat="48.7713196" lon="11.4758441" visible="true" />
  <node id="-694" lat="48.7713179" lon="11.4759029" visible="true" />
  <node id="-695" lat="48.7711889" lon="11.4758945" visible="true" />
  <node id="-696" lat="48.7711905" lon="11.4758357" visible="true" />
  <node id="-697" lat="48.7712592" lon="11.4764188" visible="true" />
  <node id="-698" lat="48.7711523" lon="11.4764216" visible="true" />
  <node id="-699" lat="48.7711510" lon="11.4763098" visible="true" />
  <node id="-700" lat="48.7712580" lon="11.4763070" visible="true" />
  <node id="-701" lat="48.7712654" lon="11.4761423" visible="true" />
  <node id="-702" lat="48.7712636" lon="11.4762626" visible="true" />
  <node id="-703" lat="48.7712041" lon="11.4762605" visible="true" />
  <node id="-704" lat="48.7712059" lon="11.4761402" visible="true" />
  <node id="-705" lat="48.7712714" lon="11.4764695" visible="true" />
  <node id="-706" lat="48.7711240" lon="11.4764737" visible="true" />
  <node id="-707" lat="48.7711268" lon="11.4766993" visible="true" />
  <node id="-708" lat="48.7712027" lon="11.4766971" visible="true" />
  <node id="-709" lat="48.7712011" lon="11.4765649" visible="true" />
  <node id="-710" lat="48.7712726" lon="11.4765629" visible="true" />
  <node id="-711" lat="48.7719323" lon="11.4763317" visible="true" />
  <node id="-712" lat="48.7719115" lon="11.4765100" visible="true" />
  <node id="-713" lat="48.7717842" lon="11.4764760" visible="true" />
  <node id="-714" lat="48.7718050" lon="11.4762976" visible="true" />
  <node id="-715" lat="48.7722423" lon="11.4757442" visible="true" />
  <node id="-716" lat="48.7722089" lon="11.4758865" visible="true" />
  <node id="-717" lat="48.7721410" lon="11.4758564" visible="true" />
  <node id="-718" lat="48.7721760" lon="11.4757081" visible="true" />
  <node id="-719" lat="48.7722312" lon="11.4759011" visible="true" />
  <node id="-720" lat="48.7721814" lon="11.4761893" visible="true" />
  <node id="-721" lat="48.7720557" lon="11.4761393" visible="true" />
  <node id="-722" lat="48.7721055" lon="11.4758511" visible="true" />
  <node id="-723" lat="48.7716578" lon="11.4772437" visible="true" />
  <node id="-724" lat="48.7716522" lon="11.4774087" visible="true" />
  <node id="-725" lat="48.7715422" lon="11.4774003" visible="true" />
  <node id="-726" lat="48.7715478" lon="11.4772352" visible="true" />
  <node id="-727" lat="48.7714138" lon="11.4771774" visible="true" />
  <node id="-728" lat="48.7714120" lon="11.4774348" visible="true" />
  <node id="-729" lat="48.7713138" lon="11.4774332" visible="true" />
  <node id="-730" lat="48.7713157" lon="11.4771758" visible="true" />
  <node id="-731" lat="48.7713788" lon="11.4771253" visible="true" />
  <node id="-732" lat="48.7712645" lon="11.4771253" visible="true" />
  <node id="-733" lat="48.7712645" lon="11.4769882" visible="true" />
  <node id="-734" lat="48.7713788" lon="11.4769882" visible="true" />
  <node id="-735" lat="48.7715451" lon="11.4767682" visible="true" />
  <node id="-736" lat="48.7716399" lon="11.4767751" visible="true" />
  <node id="-737" lat="48.7716343" lon="11.4769486" visible="true" />
  <node id="-738" lat="48.7715396" lon="11.4769416" visible="true" />
  <node id="-739" lat="48.7712646" lon="11.4767689" visible="true" />
  <node id="-740" lat="48.7712636" lon="11.4768861" visible="true" />
  <node id="-741" lat="48.7711289" lon="11.4768833" visible="true" />
  <node id="-742" lat="48.7711300" lon="11.4767661" visible="true" />
  <node id="-743" lat="48.7713791" lon="11.4768590" visible="true" />
  <node id="-744" lat="48.7713769" lon="11.4769625" visible="true" />
  <node id="-745" lat="48.7713198" lon="11.4769597" visible="true" />
  <node id="-746" lat="48.7713220" lon="11.4768562" visible="true" />
  <node id="-747" lat="48.7716450" lon="11.4774913" visible="true" />
  <node id="-748" lat="48.7716439" lon="11.4776505" visible="true" />
  <node id="-749" lat="48.7715476" lon="11.4776477" visible="true" />
  <node id="-750" lat="48.7715487" lon="11.4774885" visible="true" />
  <node id="-751" lat="48.7716597" lon="11.4770926" visible="true" />
  <node id="-752" lat="48.7716625" lon="11.4772156" visible="true" />
  <node id="-753" lat="48.7716090" lon="11.4772184" visible="true" />
  <node id="-754" lat="48.7716062" lon="11.4770954" visible="true" />
  <node id="-755" lat="48.7723912" lon="11.4775870" visible="true" />
  <node id="-756" lat="48.7722234" lon="11.4775758" visible="true" />
  <node id="-757" lat="48.7722279" lon="11.4774223" visible="true" />
  <node id="-758" lat="48.7723956" lon="11.4774335" visible="true" />
  <node id="-759" lat="48.7720943" lon="11.4775730" visible="true" />
  <node id="-760" lat="48.7719431" lon="11.4775758" visible="true" />
  <node id="-761" lat="48.7719418" lon="11.4774109" visible="true" />
  <node id="-762" lat="48.7720930" lon="11.4774081" visible="true" />
  <node id="-763" lat="48.7718565" lon="11.4774694" visible="true" />
  <node id="-764" lat="48.7718583" lon="11.4776121" visible="true" />
  <node id="-765" lat="48.7717701" lon="11.4776148" visible="true" />
  <node id="-766" lat="48.7717683" lon="11.4774721" visible="true" />
  <node id="-767" lat="48.7719339" lon="11.4773072" visible="true" />
  <node id="-768" lat="48.7717588" lon="11.4772988" visible="true" />
  <node id="-769" lat="48.7717636" lon="11.4770663" visible="true" />
  <node id="-770" lat="48.7719388" lon="11.4770747" visible="true" />
  <node id="-771" lat="48.7722009" lon="11.4771145" visible="true" />
  <node id="-772" lat="48.7721985" lon="11.4772463" visible="true" />
  <node id="-773" lat="48.7720676" lon="11.4772407" visible="true" />
  <node id="-774" lat="48.7720700" lon="11.4771089" visible="true" />
  <node id="-775" lat="48.7722473" lon="11.4767789" visible="true" />
  <node id="-776" lat="48.7722430" lon="11.4769290" visible="true" />
  <node id="-777" lat="48.7721158" lon="11.4769206" visible="true" />
  <node id="-778" lat="48.7721201" lon="11.4767705" visible="true" />
  <node id="-779" lat="48.7722797" lon="11.4769361" visible="true" />
  <node id="-780" lat="48.7722791" lon="11.4770452" visible="true" />
  <node id="-781" lat="48.7722470" lon="11.4770448" visible="true" />
  <node id="-782" lat="48.7722476" lon="11.4769357" visible="true" />
  <node id="-783" lat="48.7718781" lon="11.4767708" visible="true" />
  <node id="-784" lat="48.7718735" lon="11.4769422" visible="true" />
  <node id="-785" lat="48.7717806" lon="11.4769365" visible="true" />
  <node id="-786" lat="48.7717852" lon="11.4767651" visible="true" />
  <node id="-787" lat="48.7731634" lon="11.4773528" visible="true" />
  <node id="-788" lat="48.7731339" lon="11.4776689" visible="true" />
  <node id="-789" lat="48.7730165" lon="11.4776437" visible="true" />
  <node id="-790" lat="48.7730460" lon="11.4773276" visible="true" />
  <node id="-791" lat="48.7731957" lon="11.4769480" visible="true" />
  <node id="-792" lat="48.7731776" lon="11.4771138" visible="true" />
  <node id="-793" lat="48.7730695" lon="11.4770867" visible="true" />
  <node id="-794" lat="48.7730875" lon="11.4769209" visible="true" />
  <node id="-795" lat="48.7729618" lon="11.4768600" visible="true" />
  <node id="-796" lat="48.7729509" lon="11.4771055" visible="true" />
  <node id="-797" lat="48.7728559" lon="11.4770958" visible="true" />
  <node id="-798" lat="48.7728669" lon="11.4768503" visible="true" />
  <node id="-799" lat="48.7729015" lon="11.4774479" visible="true" />
  <node id="-800" lat="48.7728942" lon="11.4776018" visible="true" />
  <node id="-801" lat="48.7728322" lon="11.4775949" visible="true" />
  <node id="-802" lat="48.7728395" lon="11.4774411" visible="true" />
  <node id="-803" lat="48.7729168" lon="11.4771144" visible="true" />
  <node id="-804" lat="48.7729082" lon="11.4773818" visible="true" />
  <node id="-805" lat="48.7728441" lon="11.4773771" visible="true" />
  <node id="-806" lat="48.7728494" lon="11.4772137" visible="true" />
  <node id="-807" lat="48.7727695" lon="11.4772078" visible="true" />
  <node id="-808" lat="48.7727729" lon="11.4771038" visible="true" />
  <node id="-809" lat="48.7726548" lon="11.4768572" visible="true" />
  <node id="-810" lat="48.7726419" lon="11.4770223" visible="true" />
  <node id="-811" lat="48.7725215" lon="11.4770006" visible="true" />
  <node id="-812" lat="48.7725345" lon="11.4768355" visible="true" />
  <node id="-813" lat="48.7726088" lon="11.4772121" visible="true" />
  <node id="-814" lat="48.7725996" lon="11.4773771" visible="true" />
  <node id="-815" lat="48.7724820" lon="11.4773620" visible="true" />
  <node id="-816" lat="48.7724912" lon="11.4771969" visible="true" />
  <node id="-817" lat="48.7725737" lon="11.4776037" visible="true" />
  <node id="-818" lat="48.7724336" lon="11.4775981" visible="true" />
  <node id="-819" lat="48.7724358" lon="11.4774724" visible="true" />
  <node id="-820" lat="48.7725759" lon="11.4774780" visible="true" />
  <node id="-821" lat="48.7737954" lon="11.4774931" visible="true" />
  <node id="-822" lat="48.7737523" lon="11.4777874" visible="true" />
  <node id="-823" lat="48.7736338" lon="11.4777474" visible="true" />
  <node id="-824" lat="48.7736769" lon="11.4774532" visible="true" />
  <node id="-825" lat="48.7736077" lon="11.4771150" visible="true" />
  <node id="-826" lat="48.7735653" lon="11.4773556" visible="true" />
  <node id="-827" lat="48.7734228" lon="11.4772977" visible="true" />
  <node id="-828" lat="48.7734652" lon="11.4770571" visible="true" />
  <node id="-829" lat="48.7733994" lon="11.4774339" visible="true" />
  <node id="-830" lat="48.7733643" lon="11.4777445" visible="true" />
  <node id="-831" lat="48.7731843" lon="11.4776977" visible="true" />
  <node id="-832" lat="48.7732193" lon="11.4773871" visible="true" />
  <node id="-833" lat="48.7734043" lon="11.4770082" visible="true" />
  <node id="-834" lat="48.7733803" lon="11.4772505" visible="true" />
  <node id="-835" lat="48.7732459" lon="11.4772198" visible="true" />
  <node id="-836" lat="48.7732699" lon="11.4769776" visible="true" />
  <node id="-837" lat="48.7740602" lon="11.4775813" visible="true" />
  <node id="-838" lat="48.7740491" lon="11.4776558" visible="true" />
  <node id="-839" lat="48.7739603" lon="11.4776253" visible="true" />
  <node id="-840" lat="48.7739367" lon="11.4776172" visible="true" />
  <node id="-841" lat="48.7739479" lon="11.4775426" visible="true" />
  <node id="-842" lat="48.7713397" lon="11.4778117" visible="true" />
  <node id="-843" lat="48.7714420" lon="11.4777741" visible="true" />
  <node id="-844" lat="48.7714789" lon="11.4780049" visible="true" />
  <node id="-845" lat="48.7713766" lon="11.4780425" visible="true" />
  <node id="-846" lat="48.7717349" lon="11.4780053" visible="true" />
  <node id="-847" lat="48.7716450" lon="11.4780018" visible="true" />
  <node id="-848" lat="48.7716473" lon="11.4778658" visible="true" />
  <node id="-849" lat="48.7717371" lon="11.4778693" visible="true" />
  <node id="-850" lat="48.7718291" lon="11.4777406" visible="true" />
  <node id="-851" lat="48.7718291" lon="11.4778700" visible="true" />
  <node id="-852" lat="48.7717382" lon="11.4778719" visible="true" />
  <node id="-853" lat="48.7717382" lon="11.4777425" visible="true" />
  <node id="-854" lat="48.7720153" lon="11.4779156" visible="true" />
  <node id="-855" lat="48.7718847" lon="11.4779217" visible="true" />
  <node id="-856" lat="48.7718849" lon="11.4777085" visible="true" />
  <node id="-857" lat="48.7720090" lon="11.4777106" visible="true" />
  <node id="-858" lat="48.7717936" lon="11.4784032" visible="true" />
  <node id="-859" lat="48.7717824" lon="11.4785393" visible="true" />
  <node id="-860" lat="48.7717188" lon="11.4785317" visible="true" />
  <node id="-861" lat="48.7717257" lon="11.4783988" visible="true" />
  <node id="-862" lat="48.7716865" lon="11.4783162" visible="true" />
  <node id="-863" lat="48.7716848" lon="11.4784873" visible="true" />
  <node id="-864" lat="48.7715667" lon="11.4784871" visible="true" />
  <node id="-865" lat="48.7715684" lon="11.4783160" visible="true" />
  <node id="-866" lat="48.7717609" lon="11.4785993" visible="true" />
  <node id="-867" lat="48.7717580" lon="11.4787449" visible="true" />
  <node id="-868" lat="48.7716058" lon="11.4787379" visible="true" />
  <node id="-869" lat="48.7716087" lon="11.4785923" visible="true" />
  <node id="-870" lat="48.7716406" lon="11.4780332" visible="true" />
  <node id="-871" lat="48.7716437" lon="11.4781756" visible="true" />
  <node id="-872" lat="48.7715261" lon="11.4781921" visible="true" />
  <node id="-873" lat="48.7715230" lon="11.4780432" visible="true" />
  <node id="-874" lat="48.7721638" lon="11.4787783" visible="true" />
  <node id="-875" lat="48.7721800" lon="11.4785545" visible="true" />
  <node id="-876" lat="48.7723042" lon="11.4785751" visible="true" />
  <node id="-877" lat="48.7722881" lon="11.4787990" visible="true" />
  <node id="-878" lat="48.7723211" lon="11.4783210" visible="true" />
  <node id="-879" lat="48.7723710" lon="11.4783251" visible="true" />
  <node id="-880" lat="48.7723674" lon="11.4784257" visible="true" />
  <node id="-881" lat="48.7723175" lon="11.4784216" visible="true" />
  <node id="-882" lat="48.7723171" lon="11.4784326" visible="true" />
  <node id="-883" lat="48.7722155" lon="11.4784242" visible="true" />
  <node id="-884" lat="48.7722224" lon="11.4782319" visible="true" />
  <node id="-885" lat="48.7723240" lon="11.4782403" visible="true" />
  <node id="-886" lat="48.7720981" lon="11.4782132" visible="true" />
  <node id="-887" lat="48.7720935" lon="11.4784999" visible="true" />
  <node id="-888" lat="48.7719661" lon="11.4784899" visible="true" />
  <node id="-889" lat="48.7719707" lon="11.4782031" visible="true" />
  <node id="-890" lat="48.7723383" lon="11.4781814" visible="true" />
  <node id="-891" lat="48.7721905" lon="11.4781730" visible="true" />
  <node id="-892" lat="48.7721960" lon="11.4779969" visible="true" />
  <node id="-893" lat="48.7723438" lon="11.4780053" visible="true" />
  <node id="-894" lat="48.7739703" lon="11.4781109" visible="true" />
  <node id="-895" lat="48.7739255" lon="11.4782915" visible="true" />
  <node id="-896" lat="48.7737970" lon="11.4782181" visible="true" />
  <node id="-897" lat="48.7738417" lon="11.4780376" visible="true" />
  <node id="-898" lat="48.7738927" lon="11.4784192" visible="true" />
  <node id="-899" lat="48.7738577" lon="11.4785762" visible="true" />
  <node id="-900" lat="48.7737555" lon="11.4785237" visible="true" />
  <node id="-901" lat="48.7737905" lon="11.4783667" visible="true" />
  <node id="-902" lat="48.7738913" lon="11.4786487" visible="true" />
  <node id="-903" lat="48.7738644" lon="11.4787739" visible="true" />
  <node id="-904" lat="48.7737944" lon="11.4787392" visible="true" />
  <node id="-905" lat="48.7738213" lon="11.4786141" visible="true" />
  <node id="-906" lat="48.7738235" lon="11.4788431" visible="true" />
  <node id="-907" lat="48.7737946" lon="11.4790100" visible="true" />
  <node id="-908" lat="48.7736746" lon="11.4789622" visible="true" />
  <node id="-909" lat="48.7737035" lon="11.4787953" visible="true" />
  <node id="-910" lat="48.7727912" lon="11.4777343" visible="true" />
  <node id="-911" lat="48.7727837" lon="11.4779650" visible="true" />
  <node id="-912" lat="48.7726909" lon="11.4779580" visible="true" />
  <node id="-913" lat="48.7726984" lon="11.4777274" visible="true" />
  <node id="-914" lat="48.7726147" lon="11.4779447" visible="true" />
  <node id="-915" lat="48.7726117" lon="11.4780048" visible="true" />
  <node id="-916" lat="48.7725581" lon="11.4779985" visible="true" />
  <node id="-917" lat="48.7725612" lon="11.4779384" visible="true" />
  <node id="-918" lat="48.7730720" lon="11.4778234" visible="true" />
  <node id="-919" lat="48.7730720" lon="11.4779620" visible="true" />
  <node id="-920" lat="48.7729754" lon="11.4779648" visible="true" />
  <node id="-921" lat="48.7729754" lon="11.4778262" visible="true" />
  <node id="-922" lat="48.7734961" lon="11.4779747" visible="true" />
  <node id="-923" lat="48.7734550" lon="11.4781664" visible="true" />
  <node id="-924" lat="48.7733183" lon="11.4780990" visible="true" />
  <node id="-925" lat="48.7733594" lon="11.4779073" visible="true" />
  <node id="-926" lat="48.7732312" lon="11.4783419" visible="true" />
  <node id="-927" lat="48.7732069" lon="11.4785290" visible="true" />
  <node id="-928" lat="48.7730906" lon="11.4784942" visible="true" />
  <node id="-929" lat="48.7731150" lon="11.4783071" visible="true" />
  <node id="-930" lat="48.7730301" lon="11.4788748" visible="true" />
  <node id="-931" lat="48.7729890" lon="11.4790688" visible="true" />
  <node id="-932" lat="48.7728708" lon="11.4790111" visible="true" />
  <node id="-933" lat="48.7729119" lon="11.4788171" visible="true" />
  <node id="-934" lat="48.7727012" lon="11.4787303" visible="true" />
  <node id="-935" lat="48.7726723" lon="11.4789104" visible="true" />
  <node id="-936" lat="48.7725083" lon="11.4788498" visible="true" />
  <node id="-937" lat="48.7725372" lon="11.4786697" visible="true" />
  <node id="-938" lat="48.7728699" lon="11.4787949" visible="true" />
  <node id="-939" lat="48.7728334" lon="11.4789890" visible="true" />
  <node id="-940" lat="48.7727172" lon="11.4789386" visible="true" />
  <node id="-941" lat="48.7727537" lon="11.4787446" visible="true" />
  <node id="-942" lat="48.7727031" lon="11.4783547" visible="true" />
  <node id="-943" lat="48.7726808" lon="11.4784960" visible="true" />
  <node id="-944" lat="48.7725869" lon="11.4784619" visible="true" />
  <node id="-945" lat="48.7726093" lon="11.4783206" visible="true" />
  <node id="-946" lat="48.7730075" lon="11.4785198" visible="true" />
  <node id="-947" lat="48.7730014" lon="11.4786584" visible="true" />
  <node id="-948" lat="48.7729026" lon="11.4786484" visible="true" />
  <node id="-949" lat="48.7729087" lon="11.4785098" visible="true" />
  <node id="-950" lat="48.7729009" lon="11.4783396" visible="true" />
  <node id="-951" lat="48.7728720" lon="11.4785059" visible="true" />
  <node id="-952" lat="48.7727971" lon="11.4784759" visible="true" />
  <node id="-953" lat="48.7728260" lon="11.4783096" visible="true" />
  <node id="-954" lat="48.7727304" lon="11.4782195" visible="true" />
  <node id="-955" lat="48.7727183" lon="11.4783235" visible="true" />
  <node id="-956" lat="48.7726243" lon="11.4782981" visible="true" />
  <node id="-957" lat="48.7726365" lon="11.4781942" visible="true" />
  <node id="-958" lat="48.7726452" lon="11.4780948" visible="true" />
  <node id="-959" lat="48.7725460" lon="11.4782796" visible="true" />
  <node id="-960" lat="48.7725669" lon="11.4780763" visible="true" />
  <node id="-961" lat="48.7733606" lon="11.4786099" visible="true" />
  <node id="-962" lat="48.7733362" lon="11.4787669" visible="true" />
  <node id="-963" lat="48.7732202" lon="11.4787255" visible="true" />
  <node id="-964" lat="48.7732445" lon="11.4785684" visible="true" />
  <node id="-965" lat="48.7734839" lon="11.4786353" visible="true" />
  <node id="-966" lat="48.7734527" lon="11.4788104" visible="true" />
  <node id="-967" lat="48.7733401" lon="11.4787642" visible="true" />
  <node id="-968" lat="48.7733712" lon="11.4785891" visible="true" />
  <node id="-969" lat="48.7735935" lon="11.4787161" visible="true" />
  <node id="-970" lat="48.7735691" lon="11.4788731" visible="true" />
  <node id="-971" lat="48.7734705" lon="11.4788379" visible="true" />
  <node id="-972" lat="48.7734948" lon="11.4786809" visible="true" />
  <node id="-973" lat="48.7736909" lon="11.4784066" visible="true" />
  <node id="-974" lat="48.7736574" lon="11.4785775" visible="true" />
  <node id="-975" lat="48.7735512" lon="11.4785296" visible="true" />
  <node id="-976" lat="48.7735847" lon="11.4783587" visible="true" />
  <node id="-977" lat="48.7736990" lon="11.4780595" visible="true" />
  <node id="-978" lat="48.7736596" lon="11.4782255" visible="true" />
  <node id="-979" lat="48.7735438" lon="11.4781623" visible="true" />
  <node id="-980" lat="48.7735832" lon="11.4779962" visible="true" />
  <node id="-981" lat="48.7741338" lon="11.4785254" visible="true" />
  <node id="-982" lat="48.7740949" lon="11.4786928" visible="true" />
  <node id="-983" lat="48.7740140" lon="11.4786495" visible="true" />
  <node id="-984" lat="48.7740530" lon="11.4784821" visible="true" />
  <node id="-985" lat="48.7742096" lon="11.4785698" visible="true" />
  <node id="-986" lat="48.7741944" lon="11.4786506" visible="true" />
  <node id="-987" lat="48.7741203" lon="11.4786185" visible="true" />
  <node id="-988" lat="48.7741355" lon="11.4785376" visible="true" />
  <node id="-989" lat="48.7708602" lon="11.4786332" visible="true" />
  <node id="-990" lat="48.7707349" lon="11.4786481" visible="true" />
  <node id="-991" lat="48.7707443" lon="11.4788295" visible="true" />
  <node id="-992" lat="48.7708695" lon="11.4788149" visible="true" />
  <node id="-993" lat="48.7709902" lon="11.4782518" visible="true" />
  <node id="-994" lat="48.7709940" lon="11.4783064" visible="true" />
  <node id="-995" lat="48.7709391" lon="11.4783154" visible="true" />
  <node id="-996" lat="48.7709352" lon="11.4782607" visible="true" />
  <node id="-997" lat="48.7703545" lon="11.4779673" visible="true" />
  <node id="-998" lat="48.7703609" lon="11.4780582" visible="true" />
  <node id="-999" lat="48.7703043" lon="11.4780674" visible="true" />
  <node id="-1000" lat="48.7702979" lon="11.4779766" visible="true" />
  <node id="-1001" lat="48.7708885" lon="11.4782907" visible="true" />
  <node id="-1002" lat="48.7708902" lon="11.4783848" visible="true" />
  <node id="-1003" lat="48.7708577" lon="11.4783862" visible="true" />
  <node id="-1004" lat="48.7708560" lon="11.4782921" visible="true" />
  <node id="-1005" lat="48.7699046" lon="11.4777076" visible="true" />
  <node id="-1006" lat="48.7699560" lon="11.4777061" visible="true" />
  <node id="-1007" lat="48.7699571" lon="11.4777941" visible="true" />
  <node id="-1008" lat="48.7699057" lon="11.4777956" visible="true" />
  <node id="-1009" lat="48.7704830" lon="11.4751361" visible="true" />
  <node id="-1010" lat="48.7704010" lon="11.4751431" visible="true" />
  <node id="-1011" lat="48.7703985" lon="11.4750775" visible="true" />
  <node id="-1012" lat="48.7704805" lon="11.4750704" visible="true" />
  <node id="-1013" lat="48.7697929" lon="11.4770218" visible="true" />
  <node id="-1014" lat="48.7698210" lon="11.4770198" visible="true" />
  <node id="-1015" lat="48.7698228" lon="11.4770806" visible="true" />
  <node id="-1016" lat="48.7697948" lon="11.4770825" visible="true" />
  <node id="-1017" lat="48.7710278" lon="11.4748308" visible="true" />
  <node id="-1018" lat="48.7710990" lon="11.4748355" visible="true" />
  <node id="-1019" lat="48.7710962" lon="11.4749330" visible="true" />
  <node id="-1020" lat="48.7710250" lon="11.4749283" visible="true" />
  <node id="-1021" lat="48.7710433" lon="11.4743846" visible="true" />
  <node id="-1022" lat="48.7710324" lon="11.4746054" visible="true" />
  <node id="-1023" lat="48.7709291" lon="11.4745937" visible="true" />
  <node id="-1024" lat="48.7709400" lon="11.4743730" visible="true" />
  <node id="-1025" lat="48.7709798" lon="11.4746970" visible="true" />
  <node id="-1026" lat="48.7709717" lon="11.4748245" visible="true" />
  <node id="-1027" lat="48.7708879" lon="11.4748127" visible="true" />
  <node id="-1028" lat="48.7708993" lon="11.4746852" visible="true" />
  <node id="-1029" lat="48.7708900" lon="11.4747087" visible="true" />
  <node id="-1030" lat="48.7708824" lon="11.4748379" visible="true" />
  <node id="-1031" lat="48.7707617" lon="11.4748215" visible="true" />
  <node id="-1032" lat="48.7707653" lon="11.4747484" visible="true" />
  <node id="-1033" lat="48.7707693" lon="11.4746923" visible="true" />
  <node id="-1034" lat="48.7711284" lon="11.4746171" visible="true" />
  <node id="-1035" lat="48.7711229" lon="11.4747198" visible="true" />
  <node id="-1036" lat="48.7710270" lon="11.4747081" visible="true" />
  <node id="-1037" lat="48.7711439" lon="11.4747580" visible="true" />
  <node id="-1038" lat="48.7712692" lon="11.4747885" visible="true" />
  <node id="-1039" lat="48.7712569" lon="11.4749051" visible="true" />
  <node id="-1040" lat="48.7711315" lon="11.4748746" visible="true" />
  <node id="-1041" lat="48.7705473" lon="11.4758024" visible="true" />
  <node id="-1042" lat="48.7705964" lon="11.4758021" visible="true" />
  <node id="-1043" lat="48.7705965" lon="11.4758605" visible="true" />
  <node id="-1044" lat="48.7705474" lon="11.4758607" visible="true" />
  <node id="-1045" lat="48.7707421" lon="11.4759767" visible="true" />
  <node id="-1046" lat="48.7707424" lon="11.4761142" visible="true" />
  <node id="-1047" lat="48.7706698" lon="11.4761145" visible="true" />
  <node id="-1048" lat="48.7706695" lon="11.4759771" visible="true" />
  <node id="-1049" lat="48.7713683" lon="11.4748050" visible="true" />
  <node id="-1050" lat="48.7713651" lon="11.4748801" visible="true" />
  <node id="-1051" lat="48.7713171" lon="11.4748754" visible="true" />
  <node id="-1052" lat="48.7713203" lon="11.4748003" visible="true" />
  <node id="-1053" lat="48.7698336" lon="11.4740798" visible="true" />
  <node id="-1054" lat="48.7699137" lon="11.4740762" visible="true" />
  <node id="-1055" lat="48.7699181" lon="11.4743003" visible="true" />
  <node id="-1056" lat="48.7698379" lon="11.4743039" visible="true" />
  <node id="-1057" lat="48.7705265" lon="11.4748891" visible="true" />
  <node id="-1058" lat="48.7705243" lon="11.4750120" visible="true" />
  <node id="-1059" lat="48.7704749" lon="11.4750099" visible="true" />
  <node id="-1060" lat="48.7704770" lon="11.4748871" visible="true" />
  <node id="-1061" lat="48.7713306" lon="11.4775475" visible="true" />
  <node id="-1062" lat="48.7713576" lon="11.4776951" visible="true" />
  <node id="-1063" lat="48.7713045" lon="11.4777175" visible="true" />
  <node id="-1064" lat="48.7712732" lon="11.4775468" visible="true" />
  <node id="-1065" lat="48.7712738" lon="11.4774547" visible="true" />
  <node id="-1066" lat="48.7714154" lon="11.4774566" visible="true" />
  <node id="-1067" lat="48.7714149" lon="11.4775487" visible="true" />
  <node id="-1068" lat="48.7742641" lon="11.4782739" visible="true" />
  <node id="-1069" lat="48.7742293" lon="11.4784477" visible="true" />
  <node id="-1070" lat="48.7741168" lon="11.4783958" visible="true" />
  <node id="-1071" lat="48.7741516" lon="11.4782220" visible="true" />
  <node id="-1072" lat="48.7719700" lon="11.4759001" visible="true" />
  <node id="-1073" lat="48.7719444" lon="11.4760447" visible="true" />
  <node id="-1074" lat="48.7718551" lon="11.4760082" visible="true" />
  <node id="-1075" lat="48.7718807" lon="11.4758636" visible="true" />
  <node id="-1076" lat="48.7719760" lon="11.4766763" visible="true" />
  <node id="-1077" lat="48.7719699" lon="11.4767442" visible="true" />
  <node id="-1078" lat="48.7719022" lon="11.4767303" visible="true" />
  <node id="-1079" lat="48.7719082" lon="11.4766624" visible="true" />
  <node id="-1080" lat="48.7721324" lon="11.4776947" visible="true" />
  <node id="-1081" lat="48.7721379" lon="11.4778476" visible="true" />
  <node id="-1082" lat="48.7720632" lon="11.4778538" visible="true" />
  <node id="-1083" lat="48.7720577" lon="11.4777009" visible="true" />
  <node id="-1084" lat="48.7729001" lon="11.4780506" visible="true" />
  <node id="-1085" lat="48.7728933" lon="11.4781042" visible="true" />
  <node id="-1086" lat="48.7727229" lon="11.4780541" visible="true" />
  <node id="-1087" lat="48.7727297" lon="11.4780005" visible="true" />
  <node id="-1088" lat="48.7713095" lon="11.4767302" visible="true" />
  <node id="-1089" lat="48.7713112" lon="11.4768057" visible="true" />
  <node id="-1090" lat="48.7712739" lon="11.4768077" visible="true" />
  <node id="-1091" lat="48.7712721" lon="11.4767322" visible="true" />
  <node id="-1092" lat="48.7716659" lon="11.4757722" visible="true" />
  <node id="-1093" lat="48.7716622" lon="11.4758862" visible="true" />
  <node id="-1094" lat="48.7715516" lon="11.4758780" visible="true" />
  <node id="-1095" lat="48.7715552" lon="11.4757640" visible="true" />
  <node id="-1096" lat="48.7727737" lon="11.4784314" visible="true" />
  <node id="-1097" lat="48.7727561" lon="11.4785277" visible="true" />
  <node id="-1098" lat="48.7726901" lon="11.4784999" visible="true" />
  <node id="-1099" lat="48.7727077" lon="11.4784036" visible="true" />
  <node id="-1100" lat="48.7723502" lon="11.4763465" visible="true" />
  <node id="-1101" lat="48.7723334" lon="11.4764310" visible="true" />
  <node id="-1102" lat="48.7722842" lon="11.4764084" visible="true" />
  <node id="-1103" lat="48.7723011" lon="11.4763239" visible="true" />
  <node id="-1104" lat="48.7743200" lon="11.4780098" visible="true" />
  <node id="-1105" lat="48.7742898" lon="11.4781683" visible="true" />
  <node id="-1106" lat="48.7741781" lon="11.4781193" visible="true" />
  <node id="-1107" lat="48.7742084" lon="11.4779608" visible="true" />
  <node id="-1108" lat="48.7726315" lon="11.4756582" visible="true" />
  <node id="-1109" lat="48.7725930" lon="11.4758278" visible="true" />
  <node id="-1110" lat="48.7724939" lon="11.4757760" visible="true" />
  <node id="-1111" lat="48.7725323" lon="11.4756065" visible="true" />
  <node id="-1112" lat="48.7719609" lon="11.4760641" visible="true" />
  <node id="-1113" lat="48.7719444" lon="11.4761531" visible="true" />
  <node id="-1114" lat="48.7718773" lon="11.4761245" visible="true" />
  <node id="-1115" lat="48.7718938" lon="11.4760355" visible="true" />
  <node id="-1116" lat="48.7716089" lon="11.4777728" visible="true" />
  <node id="-1117" lat="48.7716116" lon="11.4778657" visible="true" />
  <node id="-1118" lat="48.7714966" lon="11.4778732" visible="true" />
  <node id="-1119" lat="48.7714939" lon="11.4777804" visible="true" />
  <node id="-1120" lat="48.7729093" lon="11.4777503" visible="true" />
  <node id="-1121" lat="48.7728964" lon="11.4778754" visible="true" />
  <node id="-1122" lat="48.7728419" lon="11.4778626" visible="true" />
  <node id="-1123" lat="48.7728548" lon="11.4777375" visible="true" />
  <node id="-1124" lat="48.7716714" lon="11.4759140" visible="true" />
  <node id="-1125" lat="48.7716677" lon="11.4759585" visible="true" />
  <node id="-1126" lat="48.7716077" lon="11.4759471" visible="true" />
  <node id="-1127" lat="48.7716114" lon="11.4759026" visible="true" />
  <node id="-1128" lat="48.7743823" lon="11.4776874" visible="true" />
  <node id="-1129" lat="48.7743392" lon="11.4779250" visible="true" />
  <node id="-1130" lat="48.7742159" lon="11.4778736" visible="true" />
  <node id="-1131" lat="48.7742590" lon="11.4776359" visible="true" />
  <node id="-1132" lat="48.7723473" lon="11.4778282" visible="true" />
  <node id="-1133" lat="48.7723428" lon="11.4778932" visible="true" />
  <node id="-1134" lat="48.7722201" lon="11.4778738" visible="true" />
  <node id="-1135" lat="48.7722295" lon="11.4777364" visible="true" />
  <node id="-1136" lat="48.7723358" lon="11.4777533" visible="true" />
  <node id="-1137" lat="48.7723358" lon="11.4777058" visible="true" />
  <node id="-1138" lat="48.7724311" lon="11.4777058" visible="true" />
  <node id="-1139" lat="48.7724311" lon="11.4778282" visible="true" />
  <node id="-1140" lat="48.7722537" lon="11.4764859" visible="true" />
  <node id="-1141" lat="48.7722641" lon="11.4764173" visible="true" />
  <node id="-1142" lat="48.7723036" lon="11.4764310" visible="true" />
  <node id="-1143" lat="48.7722894" lon="11.4765254" visible="true" />
  <node id="-1144" lat="48.7722643" lon="11.4765167" visible="true" />
  <node id="-1145" lat="48.7722401" lon="11.4766551" visible="true" />
  <node id="-1146" lat="48.7721549" lon="11.4766208" visible="true" />
  <node id="-1147" lat="48.7721834" lon="11.4764577" visible="true" />
  <node id="-1148" lat="48.7718579" lon="11.4786161" visible="true" />
  <node id="-1149" lat="48.7718600" lon="11.4787851" visible="true" />
  <node id="-1150" lat="48.7718045" lon="11.4787868" visible="true" />
  <node id="-1151" lat="48.7718023" lon="11.4786178" visible="true" />
  <node id="-1152" lat="48.7704296" lon="11.4757984" visible="true" />
  <node id="-1153" lat="48.7704267" lon="11.4756671" visible="true" />
  <node id="-1154" lat="48.7705058" lon="11.4756630" visible="true" />
  <node id="-1155" lat="48.7705088" lon="11.4757944" visible="true" />
  <node id="-1156" lat="48.7718729" lon="11.4781222" visible="true" />
  <node id="-1157" lat="48.7717851" lon="11.4781417" visible="true" />
  <node id="-1158" lat="48.7717727" lon="11.4780135" visible="true" />
  <node id="-1159" lat="48.7718605" lon="11.4779940" visible="true" />
  <node id="-1160" lat="48.7717187" lon="11.4781189" visible="true" />
  <node id="-1161" lat="48.7717294" lon="11.4782587" visible="true" />
  <node id="-1162" lat="48.7716846" lon="11.4782666" visible="true" />
  <node id="-1163" lat="48.7716739" lon="11.4781268" visible="true" />
  <node id="-1164" lat="48.7737144" lon="11.4752038" visible="true" />
  <node id="-1165" lat="48.7736696" lon="11.4754057" visible="true" />
  <node id="-1166" lat="48.7735636" lon="11.4753515" visible="true" />
  <node id="-1167" lat="48.7736084" lon="11.4751497" visible="true" />
  <node id="-1168" lat="48.7679507" lon="11.4768756" visible="true" />
  <node id="-1169" lat="48.7679326" lon="11.4769348" visible="true" />
  <node id="-1170" lat="48.7678991" lon="11.4769112" visible="true" />
  <node id="-1171" lat="48.7679172" lon="11.4768521" visible="true" />
  <node id="-1172" lat="48.7689136" lon="11.4768156" visible="true" />
  <node id="-1173" lat="48.7689043" lon="11.4769391" visible="true" />
  <node id="-1174" lat="48.7688762" lon="11.4769342" visible="true" />
  <node id="-1175" lat="48.7688709" lon="11.4770038" visible="true" />
  <node id="-1176" lat="48.7687650" lon="11.4769853" visible="true" />
  <node id="-1177" lat="48.7687797" lon="11.4767922" visible="true" />
  <node id="-1178" lat="48.7685941" lon="11.4766719" visible="true" />
  <node id="-1179" lat="48.7685074" lon="11.4766144" visible="true" />
  <node id="-1180" lat="48.7684575" lon="11.4767878" visible="true" />
  <node id="-1181" lat="48.7685442" lon="11.4768453" visible="true" />
  <node id="-1182" lat="48.7684940" lon="11.4769612" visible="true" />
  <node id="-1183" lat="48.7684416" lon="11.4771487" visible="true" />
  <node id="-1184" lat="48.7683447" lon="11.4770863" visible="true" />
  <node id="-1185" lat="48.7683971" lon="11.4768989" visible="true" />
  <node id="-1186" lat="48.7683826" lon="11.4772542" visible="true" />
  <node id="-1187" lat="48.7683336" lon="11.4774420" visible="true" />
  <node id="-1188" lat="48.7682474" lon="11.4773903" visible="true" />
  <node id="-1189" lat="48.7682964" lon="11.4772025" visible="true" />
  <node id="-1190" lat="48.7688493" lon="11.4774676" visible="true" />
  <node id="-1191" lat="48.7687586" lon="11.4774499" visible="true" />
  <node id="-1192" lat="48.7687424" lon="11.4776056" visible="true" />
  <node id="-1193" lat="48.7688411" lon="11.4776222" visible="true" />
  <node id="-1194" lat="48.7688564" lon="11.4773835" visible="true" />
  <node id="-1195" lat="48.7687657" lon="11.4773658" visible="true" />
  <node id="-1196" lat="48.7688268" lon="11.4777494" visible="true" />
  <node id="-1197" lat="48.7688206" lon="11.4779451" visible="true" />
  <node id="-1198" lat="48.7687238" lon="11.4779368" visible="true" />
  <node id="-1199" lat="48.7687310" lon="11.4777427" visible="true" />
  <node id="-1200" lat="48.7687525" lon="11.4777456" visible="true" />
  <node id="-1201" lat="48.7688288" lon="11.4776588" visible="true" />
  <node id="-1202" lat="48.7687545" lon="11.4776551" visible="true" />
  <node id="-1203" lat="48.7707361" lon="11.4778805" visible="true" />
  <node id="-1204" lat="48.7708374" lon="11.4778682" visible="true" />
  <node id="-1205" lat="48.7708480" lon="11.4780693" visible="true" />
  <node id="-1206" lat="48.7707467" lon="11.4780816" visible="true" />
  <node id="-1207" lat="48.7740419" lon="11.4778098" visible="true" />
  <node id="-1208" lat="48.7740307" lon="11.4778842" visible="true" />
  <node id="-1209" lat="48.7739270" lon="11.4778485" visible="true" />
  <node id="-1210" lat="48.7739381" lon="11.4777741" visible="true" />
  <node id="-1211" lat="48.7740530" lon="11.4777354" visible="true" />
  <node id="-1212" lat="48.7739492" lon="11.4776997" visible="true" />
  <node id="-1213" lat="48.7739590" lon="11.4774681" visible="true" />
  <node id="-1214" lat="48.7740714" lon="11.4775067" visible="true" />
  <node id="-1215" lat="48.7740641" lon="11.4776610" visible="true" />
  <node id="-1216" lat="48.7744483" lon="11.4787012" visible="true" />
  <node id="-1217" lat="48.7744288" lon="11.4787877" visible="true" />
  <node id="-1218" lat="48.7743746" lon="11.4787596" visible="true" />
  <node id="-1219" lat="48.7743940" lon="11.4786731" visible="true" />
  <node id="-1220" lat="48.7743246" lon="11.4785993" visible="true" />
  <node id="-1221" lat="48.7744017" lon="11.4786393" visible="true" />
  <node id="-1222" lat="48.7743663" lon="11.4787962" visible="true" />
  <node id="-1223" lat="48.7742892" lon="11.4787562" visible="true" />
  <node id="-1224" lat="48.7716064" lon="11.4750320" visible="true" />
  <node id="-1225" lat="48.7716188" lon="11.4748880" visible="true" />
  <node id="-1226" lat="48.7717295" lon="11.4749068" visible="true" />
  <node id="-1227" lat="48.7717238" lon="11.4749865" visible="true" />
  <node id="-1228" lat="48.7717190" lon="11.4750544" visible="true" />
  <node id="-1229" lat="48.7718022" lon="11.4749187" visible="true" />
  <node id="-1230" lat="48.7717965" lon="11.4749985" visible="true" />
  <node id="-1231" lat="48.7688367" lon="11.4738273" visible="true" />
  <node id="-1232" lat="48.7687537" lon="11.4738273" visible="true" />
  <node id="-1233" lat="48.7687492" lon="11.4740332" visible="true" />
  <node id="-1234" lat="48.7688046" lon="11.4740359" visible="true" />
  <node id="-1235" lat="48.7738467" lon="11.4756880" visible="true" />
  <node id="-1236" lat="48.7738318" lon="11.4757660" visible="true" />
  <node id="-1237" lat="48.7736812" lon="11.4756996" visible="true" />
  <node id="-1238" lat="48.7736962" lon="11.4756216" visible="true" />
  <way id="-1000000000" visible="true">
    <nd ref="-1" />
    <nd ref="-2" />
    <nd ref="-3" />
    <nd ref="-4" />
    <nd ref="-1" />
    <tag k="building" v="yes" />
  </way>
  <way id="-1000000001" visible="true">
    <nd ref="-5" />
    <nd ref="-6" />
    <nd ref="-7" />
    <nd ref="-8" />
    <nd ref="-5" />
    <tag k="building" v="yes" />
  </way>
  <way id="-1000000002" visible="true">
    <nd ref="-9" />
    <nd ref="-10" />
    <nd ref="-11" />
    <nd ref="-12" />
    <nd ref="-9" />
    <tag k="building" v="yes" />
  </way>
  <way id="-1000000003" visible="true">
    <nd ref="-13" />
    <nd ref="-14" />
    <nd ref="-15" />
    <nd ref="-16" />
    <nd ref="-13" />
    <tag k="building" v="yes" />
  </way>
  <way id="-1000000004" visible="true">
    <nd ref="-17" />
    <nd ref="-18" />
    <nd ref="-19" />
    <nd ref="-20" />
    <nd ref="-17" />
    <tag k="building" v="yes" />
  </way>
  <way id="-1000000005" visible="true">
    <nd ref="-21" />
    <nd ref="-22" />
    <nd ref="-23" />
    <nd ref="-24" />
    <nd ref="-25" />
    <nd ref="-21" />
    <tag k="building" v="yes" />
  </way>
  <way id="-1000000006" visible="true">
    <nd ref="-26" />
    <nd ref="-27" />
    <nd ref="-28" />
    <nd ref="-29" />
    <nd ref="-30" />
    <nd ref="-31" />
    <nd ref="-32" />
    <nd ref="-33" />
    <nd ref="-34" />
    <nd ref="-35" />
    <nd ref="-36" />
    <nd ref="-37" />
    <nd ref="-38" />
    <nd ref="-26" />
    <tag k="building" v="yes" />
  </way>
  <way id="-1000000007" visible="true">
    <nd ref="-39" />
    <nd ref="-40" />
    <nd ref="-41" />
    <nd ref="-42" />
    <nd ref="-39" />
    <tag k="building" v="yes" />
  </way>
  <way id="-1000000008" visible="true">
    <nd ref="-43" />
    <nd ref="-44" />
    <nd ref="-45" />
    <nd ref="-46" />
    <nd ref="-43" />
    <tag k="building" v="yes" />
  </way>
  <way id="-1000000009" visible="true">
    <nd ref="-47" />
    <nd ref="-48" />
    <nd ref="-49" />
    <nd ref="-50" />
    <nd ref="-47" />
    <tag k="building" v="yes" />
  </way>
  <way id="-1000000010" visible="true">
    <nd ref="-51" />
    <nd ref="-52" />
    <nd ref="-53" />
    <nd ref="-54" />
    <nd ref="-51" />
    <tag k="building" v="yes" />
  </way>
  <way id="-1000000011" visible="true">
    <nd ref="-55" />
    <nd ref="-56" />
    <nd ref="-57" />
    <nd ref="-58" />
    <nd ref="-59" />
    <nd ref="-60" />
    <nd ref="-55" />
    <tag k="building" v="yes" />
  </way>
  <way id="-1000000012" visible="true">
    <nd ref="-61" />
    <nd ref="-62" />
    <nd ref="-63" />
    <nd ref="-64" />
    <nd ref="-61" />
    <tag k="building" v="yes" />
  </way>
  <way id="-1000000013" visible="true">
    <nd ref="-65" />
    <nd ref="-66" />
    <nd ref="-67" />
    <nd ref="-68" />
    <nd ref="-69" />
    <nd ref="-65" />
    <tag k="building" v="yes" />
  </way>
  <way id="-1000000014" visible="true">
    <nd ref="-70" />
    <nd ref="-71" />
    <nd ref="-72" />
    <nd ref="-73" />
    <nd ref="-70" />
    <tag k="building" v="yes" />
  </way>
  <way id="-1000000015" visible="true">
    <nd ref="-74" />
    <nd ref="-75" />
    <nd ref="-76" />
    <nd ref="-77" />
    <nd ref="-74" />
    <tag k="building" v="yes" />
  </way>
  <way id="-1000000016" visible="true">
    <nd ref="-78" />
    <nd ref="-79" />
    <nd ref="-80" />
    <nd ref="-81" />
    <nd ref="-78" />
    <tag k="building" v="garage" />
  </way>
  <way id="-1000000017" visible="true">
    <nd ref="-82" />
    <nd ref="-83" />
    <nd ref="-84" />
    <nd ref="-85" />
    <nd ref="-82" />
    <tag k="building" v="garage" />
  </way>
  <way id="-1000000018" visible="true">
    <nd ref="-86" />
    <nd ref="-87" />
    <nd ref="-88" />
    <nd ref="-89" />
    <nd ref="-86" />
    <tag k="building" v="garage" />
  </way>
  <way id="-1000000019" visible="true">
    <nd ref="-67" />
    <nd ref="-90" />
    <nd ref="-91" />
    <nd ref="-92" />
    <nd ref="-68" />
    <nd ref="-67" />
    <tag k="building" v="yes" />
  </way>
  <way id="-1000000020" visible="true">
    <nd ref="-93" />
    <nd ref="-94" />
    <nd ref="-95" />
    <nd ref="-90" />
    <nd ref="-93" />
    <tag k="building" v="yes" />
  </way>
  <way id="-1000000021" visible="true">
    <nd ref="-67" />
    <nd ref="-66" />
    <nd ref="-96" />
    <nd ref="-90" />
    <nd ref="-67" />
    <tag k="building" v="yes" />
  </way>
  <way id="-1000000022" visible="true">
    <nd ref="-97" />
    <nd ref="-98" />
    <nd ref="-99" />
    <nd ref="-100" />
    <nd ref="-97" />
    <tag k="building" v="yes" />
  </way>
  <way id="-1000000023" visible="true">
    <nd ref="-101" />
    <nd ref="-102" />
    <nd ref="-103" />
    <nd ref="-104" />
    <nd ref="-101" />
    <tag k="building" v="yes" />
  </way>
  <way id="-1000000024" visible="true">
    <nd ref="-105" />
    <nd ref="-106" />
    <nd ref="-107" />
    <nd ref="-108" />
    <nd ref="-105" />
    <tag k="building" v="yes" />
  </way>
  <way id="-1000000025" visible="true">
    <nd ref="-109" />
    <nd ref="-110" />
    <nd ref="-111" />
    <nd ref="-112" />
    <nd ref="-109" />
    <tag k="building" v="yes" />
  </way>
  <way id="-1000000026" visible="true">
    <nd ref="-113" />
    <nd ref="-114" />
    <nd ref="-115" />
    <nd ref="-116" />
    <nd ref="-113" />
    <tag k="building" v="yes" />
  </way>
  <way id="-1000000027" visible="true">
    <nd ref="-117" />
    <nd ref="-118" />
    <nd ref="-119" />
    <nd ref="-120" />
    <nd ref="-117" />
    <tag k="building" v="yes" />
  </way>
  <way id="-1000000028" visible="true">
    <nd ref="-121" />
    <nd ref="-122" />
    <nd ref="-123" />
    <nd ref="-124" />
    <nd ref="-121" />
    <tag k="building" v="yes" />
  </way>
  <way id="-1000000029" visible="true">
    <nd ref="-125" />
    <nd ref="-126" />
    <nd ref="-127" />
    <nd ref="-128" />
    <nd ref="-125" />
    <tag k="building" v="yes" />
  </way>
  <way id="-1000000030" visible="true">
    <nd ref="-129" />
    <nd ref="-130" />
    <nd ref="-131" />
    <nd ref="-132" />
    <nd ref="-129" />
    <tag k="building" v="yes" />
  </way>
  <way id="-1000000031" visible="true">
    <nd ref="-133" />
    <nd ref="-134" />
    <nd ref="-135" />
    <nd ref="-136" />
    <nd ref="-133" />
    <tag k="building" v="garage" />
  </way>
  <way id="-1000000032" visible="true">
    <nd ref="-137" />
    <nd ref="-138" />
    <nd ref="-139" />
    <nd ref="-140" />
    <nd ref="-137" />
    <tag k="building" v="yes" />
  </way>
  <way id="-1000000033" visible="true">
    <nd ref="-141" />
    <nd ref="-142" />
    <nd ref="-143" />
    <nd ref="-144" />
    <nd ref="-141" />
    <tag k="building" v="yes" />
  </way>
  <way id="-1000000034" visible="true">
    <nd ref="-145" />
    <nd ref="-146" />
    <nd ref="-147" />
    <nd ref="-148" />
    <nd ref="-145" />
    <tag k="building" v="yes" />
  </way>
  <way id="-1000000035" visible="true">
    <nd ref="-149" />
    <nd ref="-150" />
    <nd ref="-151" />
    <nd ref="-152" />
    <nd ref="-149" />
    <tag k="building" v="yes" />
  </way>
  <way id="-1000000036" visible="true">
    <nd ref="-153" />
    <nd ref="-154" />
    <nd ref="-155" />
    <nd ref="-156" />
    <nd ref="-153" />
    <tag k="building" v="yes" />
  </way>
  <way id="-1000000037" visible="true">
    <nd ref="-157" />
    <nd ref="-158" />
    <nd ref="-159" />
    <nd ref="-160" />
    <nd ref="-161" />
    <nd ref="-162" />
    <nd ref="-163" />
    <nd ref="-164" />
    <nd ref="-157" />
    <tag k="building" v="yes" />
  </way>
  <way id="-1000000038" visible="true">
    <nd ref="-165" />
    <nd ref="-166" />
    <nd ref="-167" />
    <nd ref="-168" />
    <nd ref="-165" />
    <tag k="building" v="yes" />
  </way>
  <way id="-1000000039" visible="true">
    <nd ref="-169" />
    <nd ref="-170" />
    <nd ref="-171" />
    <nd ref="-172" />
    <nd ref="-169" />
    <tag k="building" v="yes" />
  </way>
  <way id="-1000000040" visible="true">
    <nd ref="-173" />
    <nd ref="-174" />
    <nd ref="-175" />
    <nd ref="-176" />
    <nd ref="-173" />
    <tag k="building" v="yes" />
  </way>
  <way id="-1000000041" visible="true">
    <nd ref="-177" />
    <nd ref="-178" />
    <nd ref="-179" />
    <nd ref="-180" />
    <nd ref="-181" />
    <nd ref="-177" />
    <tag k="building" v="yes" />
  </way>
  <way id="-1000000042" visible="true">
    <nd ref="-182" />
    <nd ref="-183" />
    <nd ref="-179" />
    <nd ref="-180" />
    <nd ref="-182" />
    <tag k="building" v="yes" />
  </way>
  <way id="-1000000043" visible="true">
    <nd ref="-184" />
    <nd ref="-185" />
    <nd ref="-186" />
    <nd ref="-187" />
    <nd ref="-184" />
    <tag k="building" v="yes" />
  </way>
  <way id="-1000000044" visible="true">
    <nd ref="-188" />
    <nd ref="-189" />
    <nd ref="-190" />
    <nd ref="-191" />
    <nd ref="-188" />
    <tag k="building" v="yes" />
  </way>
  <way id="-1000000045" visible="true">
    <nd ref="-192" />
    <nd ref="-193" />
    <nd ref="-194" />
    <nd ref="-195" />
    <nd ref="-192" />
    <tag k="building" v="yes" />
  </way>
  <way id="-1000000046" visible="true">
    <nd ref="-196" />
    <nd ref="-197" />
    <nd ref="-198" />
    <nd ref="-199" />
    <nd ref="-196" />
    <tag k="building" v="yes" />
  </way>
  <way id="-1000000047" visible="true">
    <nd ref="-200" />
    <nd ref="-201" />
    <nd ref="-202" />
    <nd ref="-203" />
    <nd ref="-200" />
    <tag k="building" v="yes" />
  </way>
  <way id="-1000000048" visible="true">
    <nd ref="-204" />
    <nd ref="-205" />
    <nd ref="-206" />
    <nd ref="-207" />
    <nd ref="-204" />
    <tag k="building" v="yes" />
  </way>
  <way id="-1000000049" visible="true">
    <nd ref="-208" />
    <nd ref="-209" />
    <nd ref="-210" />
    <nd ref="-211" />
    <nd ref="-208" />
    <tag k="building" v="yes" />
  </way>
  <way id="-1000000050" visible="true">
    <nd ref="-212" />
    <nd ref="-213" />
    <nd ref="-214" />
    <nd ref="-215" />
    <nd ref="-212" />
    <tag k="building" v="garage" />
  </way>
  <way id="-1000000051" visible="true">
    <nd ref="-216" />
    <nd ref="-217" />
    <nd ref="-218" />
    <nd ref="-219" />
    <nd ref="-216" />
    <tag k="building" v="yes" />
  </way>
  <way id="-1000000052" visible="true">
    <nd ref="-220" />
    <nd ref="-221" />
    <nd ref="-222" />
    <nd ref="-223" />
    <nd ref="-220" />
    <tag k="building" v="yes" />
  </way>
  <way id="-1000000053" visible="true">
    <nd ref="-224" />
    <nd ref="-225" />
    <nd ref="-226" />
    <nd ref="-227" />
    <nd ref="-224" />
    <tag k="building" v="yes" />
  </way>
  <way id="-1000000054" visible="true">
    <nd ref="-228" />
    <nd ref="-229" />
    <nd ref="-230" />
    <nd ref="-231" />
    <nd ref="-228" />
    <tag k="building" v="yes" />
  </way>
  <way id="-1000000055" visible="true">
    <nd ref="-232" />
    <nd ref="-233" />
    <nd ref="-234" />
    <nd ref="-235" />
    <nd ref="-232" />
    <tag k="building" v="yes" />
  </way>
  <way id="-1000000056" visible="true">
    <nd ref="-236" />
    <nd ref="-237" />
    <nd ref="-238" />
    <nd ref="-239" />
    <nd ref="-236" />
    <tag k="building" v="yes" />
  </way>
  <way id="-1000000057" visible="true">
    <nd ref="-240" />
    <nd ref="-241" />
    <nd ref="-242" />
    <nd ref="-243" />
    <nd ref="-240" />
    <tag k="building" v="yes" />
  </way>
  <way id="-1000000058" visible="true">
    <nd ref="-244" />
    <nd ref="-245" />
    <nd ref="-246" />
    <nd ref="-247" />
    <nd ref="-244" />
    <tag k="building" v="yes" />
  </way>
  <way id="-1000000059" visible="true">
    <nd ref="-248" />
    <nd ref="-249" />
    <nd ref="-250" />
    <nd ref="-251" />
    <nd ref="-248" />
    <tag k="building" v="garage" />
  </way>
  <way id="-1000000060" visible="true">
    <nd ref="-252" />
    <nd ref="-253" />
    <nd ref="-254" />
    <nd ref="-255" />
    <nd ref="-252" />
    <tag k="building" v="yes" />
  </way>
  <way id="-1000000061" visible="true">
    <nd ref="-256" />
    <nd ref="-257" />
    <nd ref="-258" />
    <nd ref="-259" />
    <nd ref="-256" />
    <tag k="building" v="yes" />
  </way>
  <way id="-1000000062" visible="true">
    <nd ref="-260" />
    <nd ref="-261" />
    <nd ref="-262" />
    <nd ref="-263" />
    <nd ref="-260" />
    <tag k="building" v="yes" />
  </way>
  <way id="-1000000063" visible="true">
    <nd ref="-264" />
    <nd ref="-265" />
    <nd ref="-266" />
    <nd ref="-267" />
    <nd ref="-264" />
    <tag k="building" v="yes" />
  </way>
  <way id="-1000000064" visible="true">
    <nd ref="-268" />
    <nd ref="-269" />
    <nd ref="-270" />
    <nd ref="-271" />
    <nd ref="-268" />
    <tag k="building" v="yes" />
  </way>
  <way id="-1000000065" visible="true">
    <nd ref="-272" />
    <nd ref="-273" />
    <nd ref="-274" />
    <nd ref="-275" />
    <nd ref="-272" />
    <tag k="building" v="yes" />
  </way>
  <way id="-1000000066" visible="true">
    <nd ref="-276" />
    <nd ref="-277" />
    <nd ref="-278" />
    <nd ref="-279" />
    <nd ref="-276" />
    <tag k="building" v="yes" />
  </way>
  <way id="-1000000067" visible="true">
    <nd ref="-280" />
    <nd ref="-281" />
    <nd ref="-282" />
    <nd ref="-283" />
    <nd ref="-284" />
    <nd ref="-285" />
    <nd ref="-286" />
    <nd ref="-287" />
    <nd ref="-280" />
    <tag k="building" v="yes" />
  </way>
  <way id="-1000000068" visible="true">
    <nd ref="-288" />
    <nd ref="-289" />
    <nd ref="-290" />
    <nd ref="-291" />
    <nd ref="-288" />
    <tag k="building" v="yes" />
  </way>
  <way id="-1000000069" visible="true">
    <nd ref="-292" />
    <nd ref="-293" />
    <nd ref="-294" />
    <nd ref="-295" />
    <nd ref="-292" />
    <tag k="building" v="yes" />
  </way>
  <way id="-1000000070" visible="true">
    <nd ref="-296" />
    <nd ref="-297" />
    <nd ref="-298" />
    <nd ref="-299" />
    <nd ref="-296" />
    <tag k="building" v="yes" />
  </way>
  <way id="-1000000071" visible="true">
    <nd ref="-300" />
    <nd ref="-301" />
    <nd ref="-302" />
    <nd ref="-303" />
    <nd ref="-300" />
    <tag k="building" v="yes" />
  </way>
  <way id="-1000000072" visible="true">
    <nd ref="-304" />
    <nd ref="-305" />
    <nd ref="-306" />
    <nd ref="-307" />
    <nd ref="-304" />
    <tag k="building" v="yes" />
  </way>
  <way id="-1000000073" visible="true">
    <nd ref="-308" />
    <nd ref="-309" />
    <nd ref="-310" />
    <nd ref="-311" />
    <nd ref="-308" />
    <tag k="building" v="yes" />
  </way>
  <way id="-1000000074" visible="true">
    <nd ref="-312" />
    <nd ref="-313" />
    <nd ref="-314" />
    <nd ref="-315" />
    <nd ref="-312" />
    <tag k="building" v="yes" />
  </way>
  <way id="-1000000075" visible="true">
    <nd ref="-316" />
    <nd ref="-317" />
    <nd ref="-318" />
    <nd ref="-319" />
    <nd ref="-316" />
    <tag k="building" v="yes" />
  </way>
  <way id="-1000000076" visible="true">
    <nd ref="-320" />
    <nd ref="-321" />
    <nd ref="-322" />
    <nd ref="-323" />
    <nd ref="-324" />
    <nd ref="-325" />
    <nd ref="-326" />
    <nd ref="-327" />
    <nd ref="-320" />
    <tag k="building" v="yes" />
  </way>
  <way id="-1000000077" visible="true">
    <nd ref="-328" />
    <nd ref="-329" />
    <nd ref="-330" />
    <nd ref="-331" />
    <nd ref="-328" />
    <tag k="building" v="yes" />
  </way>
  <way id="-1000000078" visible="true">
    <nd ref="-332" />
    <nd ref="-333" />
    <nd ref="-334" />
    <nd ref="-335" />
    <nd ref="-332" />
    <tag k="building" v="yes" />
  </way>
  <way id="-1000000079" visible="true">
    <nd ref="-336" />
    <nd ref="-337" />
    <nd ref="-338" />
    <nd ref="-339" />
    <nd ref="-340" />
    <nd ref="-341" />
    <nd ref="-342" />
    <nd ref="-343" />
    <nd ref="-336" />
    <tag k="building" v="yes" />
  </way>
  <way id="-1000000080" visible="true">
    <nd ref="-344" />
    <nd ref="-345" />
    <nd ref="-346" />
    <nd ref="-347" />
    <nd ref="-344" />
    <tag k="building" v="yes" />
  </way>
  <way id="-1000000081" visible="true">
    <nd ref="-348" />
    <nd ref="-349" />
    <nd ref="-350" />
    <nd ref="-351" />
    <nd ref="-348" />
    <tag k="building" v="garage" />
  </way>
  <way id="-1000000082" visible="true">
    <nd ref="-352" />
    <nd ref="-353" />
    <nd ref="-354" />
    <nd ref="-355" />
    <nd ref="-352" />
    <tag k="building" v="yes" />
  </way>
  <way id="-1000000083" visible="true">
    <nd ref="-356" />
    <nd ref="-357" />
    <nd ref="-358" />
    <nd ref="-359" />
    <nd ref="-356" />
    <tag k="building" v="yes" />
  </way>
  <way id="-1000000084" visible="true">
    <nd ref="-360" />
    <nd ref="-361" />
    <nd ref="-362" />
    <nd ref="-363" />
    <nd ref="-360" />
    <tag k="building" v="apartments" />
  </way>
  <way id="-1000000085" visible="true">
    <nd ref="-364" />
    <nd ref="-365" />
    <nd ref="-366" />
    <nd ref="-367" />
    <nd ref="-364" />
    <tag k="addr:housenumber" v="6" />
    <tag k="addr:street" v="Tannenstraße" />
    <tag k="building" v="apartments" />
  </way>
  <way id="-1000000086" visible="true">
    <nd ref="-368" />
    <nd ref="-369" />
    <nd ref="-370" />
    <nd ref="-371" />
    <nd ref="-368" />
    <tag k="addr:housenumber" v="4" />
    <tag k="addr:street" v="Tannenstraße" />
    <tag k="building" v="house" />
  </way>
  <way id="-1000000087" visible="true">
    <nd ref="-372" />
    <nd ref="-373" />
    <nd ref="-374" />
    <nd ref="-375" />
    <nd ref="-372" />
    <tag k="building" v="house" />
  </way>
  <way id="-1000000088" visible="true">
    <nd ref="-376" />
    <nd ref="-377" />
    <nd ref="-378" />
    <nd ref="-379" />
    <nd ref="-376" />
    <tag k="building" v="yes" />
  </way>
  <way id="-1000000089" visible="true">
    <nd ref="-380" />
    <nd ref="-381" />
    <nd ref="-382" />
    <nd ref="-383" />
    <nd ref="-380" />
    <tag k="building" v="garage" />
  </way>
  <way id="-1000000090" visible="true">
    <nd ref="-383" />
    <nd ref="-382" />
    <nd ref="-384" />
    <nd ref="-385" />
    <nd ref="-383" />
    <tag k="building" v="garage" />
  </way>
  <way id="-1000000091" visible="true">
    <nd ref="-386" />
    <nd ref="-387" />
    <nd ref="-388" />
    <nd ref="-389" />
    <nd ref="-386" />
    <tag k="building" v="garage" />
  </way>
  <way id="-1000000092" visible="true">
    <nd ref="-390" />
    <nd ref="-391" />
    <nd ref="-392" />
    <nd ref="-393" />
    <nd ref="-390" />
    <tag k="building" v="garage" />
  </way>
  <way id="-1000000093" visible="true">
    <nd ref="-394" />
    <nd ref="-395" />
    <nd ref="-396" />
    <nd ref="-397" />
    <nd ref="-394" />
    <tag k="building" v="garage" />
  </way>
  <way id="-1000000094" visible="true">
    <nd ref="-398" />
    <nd ref="-399" />
    <nd ref="-400" />
    <nd ref="-401" />
    <nd ref="-398" />
    <tag k="building" v="garage" />
  </way>
  <way id="-1000000095" visible="true">
    <nd ref="-402" />
    <nd ref="-403" />
    <nd ref="-404" />
    <nd ref="-405" />
    <nd ref="-402" />
    <tag k="building" v="garage" />
  </way>
  <way id="-1000000096" visible="true">
    <nd ref="-406" />
    <nd ref="-407" />
    <nd ref="-408" />
    <nd ref="-409" />
    <nd ref="-410" />
    <nd ref="-406" />
    <tag k="building" v="yes" />
  </way>
  <way id="-1000000097" visible="true">
    <nd ref="-411" />
    <nd ref="-412" />
    <nd ref="-413" />
    <nd ref="-414" />
    <nd ref="-415" />
    <nd ref="-411" />
    <tag k="building" v="yes" />
  </way>
  <way id="-1000000098" visible="true">
    <nd ref="-416" />
    <nd ref="-417" />
    <nd ref="-418" />
    <nd ref="-419" />
    <nd ref="-416" />
    <tag k="building" v="yes" />
  </way>
  <way id="-1000000099" visible="true">
    <nd ref="-420" />
    <nd ref="-421" />
    <nd ref="-422" />
    <nd ref="-423" />
    <nd ref="-424" />
    <nd ref="-420" />
    <tag k="building" v="yes" />
  </way>
  <way id="-1000000100" visible="true">
    <nd ref="-425" />
    <nd ref="-426" />
    <nd ref="-427" />
    <nd ref="-428" />
    <nd ref="-429" />
    <nd ref="-425" />
    <tag k="building" v="yes" />
  </way>
  <way id="-1000000101" visible="true">
    <nd ref="-430" />
    <nd ref="-431" />
    <nd ref="-432" />
    <nd ref="-433" />
    <nd ref="-434" />
    <nd ref="-430" />
    <tag k="building" v="yes" />
  </way>
  <way id="-1000000102" visible="true">
    <nd ref="-435" />
    <nd ref="-436" />
    <nd ref="-437" />
    <nd ref="-438" />
    <nd ref="-439" />
    <nd ref="-440" />
    <nd ref="-435" />
    <tag k="building" v="yes" />
  </way>
  <way id="-1000000103" visible="true">
    <nd ref="-441" />
    <nd ref="-442" />
    <nd ref="-443" />
    <nd ref="-444" />
    <nd ref="-441" />
    <tag k="building" v="yes" />
  </way>
  <way id="-1000000104" visible="true">
    <nd ref="-445" />
    <nd ref="-446" />
    <nd ref="-447" />
    <nd ref="-448" />
    <nd ref="-445" />
    <tag k="building" v="yes" />
  </way>
  <way id="-1000000105" visible="true">
    <nd ref="-449" />
    <nd ref="-450" />
    <nd ref="-451" />
    <nd ref="-452" />
    <nd ref="-449" />
    <tag k="building" v="yes" />
  </way>
  <way id="-1000000106" visible="true">
    <nd ref="-453" />
    <nd ref="-454" />
    <nd ref="-455" />
    <nd ref="-456" />
    <nd ref="-453" />
    <tag k="building" v="yes" />
  </way>
  <way id="-1000000107" visible="true">
    <nd ref="-457" />
    <nd ref="-458" />
    <nd ref="-459" />
    <nd ref="-460" />
    <nd ref="-461" />
    <nd ref="-462" />
    <nd ref="-457" />
    <tag k="building" v="yes" />
  </way>
  <way id="-1000000108" visible="true">
    <nd ref="-411" />
    <nd ref="-412" />
    <nd ref="-463" />
    <nd ref="-464" />
    <nd ref="-411" />
    <tag k="building" v="yes" />
  </way>
  <way id="-1000000109" visible="true">
    <nd ref="-465" />
    <nd ref="-466" />
    <nd ref="-467" />
    <nd ref="-468" />
    <nd ref="-418" />
    <nd ref="-419" />
    <nd ref="-465" />
    <tag k="building" v="yes" />
  </way>
  <way id="-1000000110" visible="true">
    <nd ref="-469" />
    <nd ref="-470" />
    <nd ref="-439" />
    <nd ref="-440" />
    <nd ref="-469" />
    <tag k="building" v="garage" />
  </way>
  <way id="-1000000111" visible="true">
    <nd ref="-435" />
    <nd ref="-436" />
    <nd ref="-471" />
    <nd ref="-472" />
    <nd ref="-435" />
    <tag k="building" v="garage" />
  </way>
  <way id="-1000000112" visible="true">
    <nd ref="-472" />
    <nd ref="-471" />
    <nd ref="-433" />
    <nd ref="-434" />
    <nd ref="-473" />
    <nd ref="-472" />
    <tag k="building" v="garage" />
  </way>
  <way id="-1000000113" visible="true">
    <nd ref="-474" />
    <nd ref="-475" />
    <nd ref="-428" />
    <nd ref="-429" />
    <nd ref="-474" />
    <tag k="building" v="garage" />
  </way>
  <way id="-1000000114" visible="true">
    <nd ref="-476" />
    <nd ref="-477" />
    <nd ref="-478" />
    <nd ref="-479" />
    <nd ref="-476" />
    <tag k="building" v="garage" />
  </way>
  <way id="-1000000115" visible="true">
    <nd ref="-480" />
    <nd ref="-481" />
    <nd ref="-460" />
    <nd ref="-461" />
    <nd ref="-480" />
    <tag k="building" v="garage" />
  </way>
  <way id="-1000000116" visible="true">
    <nd ref="-482" />
    <nd ref="-483" />
    <nd ref="-484" />
    <nd ref="-485" />
    <nd ref="-486" />
    <nd ref="-482" />
    <tag k="building" v="yes" />
  </way>
  <way id="-1000000117" visible="true">
    <nd ref="-487" />
    <nd ref="-486" />
    <nd ref="-482" />
    <nd ref="-488" />
    <nd ref="-489" />
    <nd ref="-490" />
    <nd ref="-487" />
    <tag k="building" v="garage" />
  </way>
  <way id="-1000000118" visible="true">
    <nd ref="-491" />
    <nd ref="-492" />
    <nd ref="-493" />
    <nd ref="-494" />
    <nd ref="-491" />
    <tag k="building" v="yes" />
  </way>
  <way id="-1000000119" visible="true">
    <nd ref="-495" />
    <nd ref="-496" />
    <nd ref="-497" />
    <nd ref="-498" />
    <nd ref="-495" />
    <tag k="building" v="yes" />
  </way>
  <way id="-1000000120" visible="true">
    <nd ref="-499" />
    <nd ref="-500" />
    <nd ref="-501" />
    <nd ref="-502" />
    <nd ref="-503" />
    <nd ref="-504" />
    <nd ref="-499" />
    <tag k="building" v="yes" />
  </way>
  <way id="-1000000121" visible="true">
    <nd ref="-505" />
    <nd ref="-506" />
    <nd ref="-507" />
    <nd ref="-508" />
    <nd ref="-505" />
    <tag k="building" v="garage" />
  </way>
  <way id="-1000000122" visible="true">
    <nd ref="-509" />
    <nd ref="-510" />
    <nd ref="-511" />
    <nd ref="-512" />
    <nd ref="-509" />
    <tag k="addr:city" v="Ingolstadt" />
    <tag k="addr:country" v="DE" />
    <tag k="addr:housenumber" v="205" />
    <tag k="addr:postcode" v="85055" />
    <tag k="addr:street" v="Regensburger Straße" />
    <tag k="amenity" v="kindergarten" />
    <tag k="building" v="yes" />
    <tag k="education" v="kindergarten" />
    <tag k="email" v="kita-am-blumenviertel@ingolstadt.de" />
    <tag k="name" v="Kita Am Blumenviertel" />
    <tag k="operator" v="Stadt Ingolstadt" />
    <tag k="phone" v="+49 841 885085 10" />
    <tag k="website" v="https://ingolstadt.de/Leben/Kinder-Jugend-Familie/Kinderbetreuung/Kitas-der-Stadt-Ingolstadt/Kita-Am-Blumenviertel/" />
  </way>
  <way id="-1000000123" visible="true">
    <nd ref="-513" />
    <nd ref="-514" />
    <nd ref="-515" />
    <nd ref="-516" />
    <nd ref="-513" />
    <tag k="building" v="yes" />
  </way>
  <way id="-1000000124" visible="true">
    <nd ref="-517" />
    <nd ref="-518" />
    <nd ref="-519" />
    <nd ref="-520" />
    <nd ref="-517" />
    <tag k="building" v="yes" />
  </way>
  <way id="-1000000125" visible="true">
    <nd ref="-521" />
    <nd ref="-522" />
    <nd ref="-523" />
    <nd ref="-524" />
    <nd ref="-521" />
    <tag k="building" v="yes" />
  </way>
  <way id="-1000000126" visible="true">
    <nd ref="-525" />
    <nd ref="-526" />
    <nd ref="-527" />
    <nd ref="-528" />
    <nd ref="-525" />
    <tag k="building" v="yes" />
  </way>
  <way id="-1000000127" visible="true">
    <nd ref="-529" />
    <nd ref="-530" />
    <nd ref="-531" />
    <nd ref="-532" />
    <nd ref="-529" />
    <tag k="building" v="yes" />
  </way>
  <way id="-1000000128" visible="true">
    <nd ref="-533" />
    <nd ref="-534" />
    <nd ref="-535" />
    <nd ref="-536" />
    <nd ref="-533" />
    <tag k="building" v="yes" />
  </way>
  <way id="-1000000129" visible="true">
    <nd ref="-537" />
    <nd ref="-538" />
    <nd ref="-539" />
    <nd ref="-540" />
    <nd ref="-537" />
    <tag k="building" v="yes" />
  </way>
  <way id="-1000000130" visible="true">
    <nd ref="-541" />
    <nd ref="-542" />
    <nd ref="-543" />
    <nd ref="-544" />
    <nd ref="-541" />
    <tag k="building" v="yes" />
  </way>
  <way id="-1000000131" visible="true">
    <nd ref="-545" />
    <nd ref="-546" />
    <nd ref="-547" />
    <nd ref="-548" />
    <nd ref="-545" />
    <tag k="building" v="yes" />
  </way>
  <way id="-1000000132" visible="true">
    <nd ref="-549" />
    <nd ref="-550" />
    <nd ref="-551" />
    <nd ref="-552" />
    <nd ref="-549" />
    <tag k="building" v="yes" />
  </way>
  <way id="-1000000133" visible="true">
    <nd ref="-553" />
    <nd ref="-554" />
    <nd ref="-555" />
    <nd ref="-556" />
    <nd ref="-553" />
    <tag k="building" v="yes" />
  </way>
  <way id="-1000000134" visible="true">
    <nd ref="-557" />
    <nd ref="-558" />
    <nd ref="-559" />
    <nd ref="-560" />
    <nd ref="-557" />
    <tag k="building" v="yes" />
  </way>
  <way id="-1000000135" visible="true">
    <nd ref="-561" />
    <nd ref="-562" />
    <nd ref="-563" />
    <nd ref="-564" />
    <nd ref="-561" />
    <tag k="building" v="yes" />
  </way>
  <way id="-1000000136" visible="true">
    <nd ref="-565" />
    <nd ref="-566" />
    <nd ref="-567" />
    <nd ref="-568" />
    <nd ref="-565" />
    <tag k="building" v="yes" />
  </way>
  <way id="-1000000137" visible="true">
    <nd ref="-569" />
    <nd ref="-570" />
    <nd ref="-571" />
    <nd ref="-572" />
    <nd ref="-569" />
    <tag k="building" v="garage" />
  </way>
  <way id="-1000000138" visible="true">
    <nd ref="-573" />
    <nd ref="-574" />
    <nd ref="-575" />
    <nd ref="-576" />
    <nd ref="-573" />
    <tag k="building" v="yes" />
  </way>
  <way id="-1000000139" visible="true">
    <nd ref="-577" />
    <nd ref="-578" />
    <nd ref="-579" />
    <nd ref="-580" />
    <nd ref="-577" />
    <tag k="building" v="yes" />
  </way>
  <way id="-1000000140" visible="true">
    <nd ref="-581" />
    <nd ref="-582" />
    <nd ref="-583" />
    <nd ref="-584" />
    <nd ref="-581" />
    <tag k="building" v="yes" />
  </way>
  <way id="-1000000141" visible="true">
    <nd ref="-585" />
    <nd ref="-586" />
    <nd ref="-587" />
    <nd ref="-588" />
    <nd ref="-585" />
    <tag k="building" v="yes" />
  </way>
  <way id="-1000000142" visible="true">
    <nd ref="-589" />
    <nd ref="-590" />
    <nd ref="-591" />
    <nd ref="-592" />
    <nd ref="-589" />
    <tag k="building" v="yes" />
  </way>
  <way id="-1000000143" visible="true">
    <nd ref="-593" />
    <nd ref="-594" />
    <nd ref="-595" />
    <nd ref="-596" />
    <nd ref="-593" />
    <tag k="building" v="yes" />
  </way>
  <way id="-1000000144" visible="true">
    <nd ref="-597" />
    <nd ref="-598" />
    <nd ref="-599" />
    <nd ref="-600" />
    <nd ref="-597" />
    <tag k="building" v="yes" />
  </way>
  <way id="-1000000145" visible="true">
    <nd ref="-601" />
    <nd ref="-602" />
    <nd ref="-603" />
    <nd ref="-604" />
    <nd ref="-601" />
    <tag k="building" v="yes" />
  </way>
  <way id="-1000000146" visible="true">
    <nd ref="-605" />
    <nd ref="-606" />
    <nd ref="-607" />
    <nd ref="-608" />
    <nd ref="-605" />
    <tag k="building" v="yes" />
  </way>
  <way id="-1000000147" visible="true">
    <nd ref="-609" />
    <nd ref="-610" />
    <nd ref="-611" />
    <nd ref="-612" />
    <nd ref="-609" />
    <tag k="building" v="yes" />
  </way>
  <way id="-1000000148" visible="true">
    <nd ref="-613" />
    <nd ref="-614" />
    <nd ref="-615" />
    <nd ref="-616" />
    <nd ref="-613" />
    <tag k="building" v="yes" />
  </way>
  <way id="-1000000149" visible="true">
    <nd ref="-617" />
    <nd ref="-618" />
    <nd ref="-619" />
    <nd ref="-620" />
    <nd ref="-617" />
    <tag k="building" v="yes" />
  </way>
  <way id="-1000000150" visible="true">
    <nd ref="-621" />
    <nd ref="-622" />
    <nd ref="-623" />
    <nd ref="-624" />
    <nd ref="-621" />
    <tag k="building" v="yes" />
  </way>
  <way id="-1000000151" visible="true">
    <nd ref="-625" />
    <nd ref="-626" />
    <nd ref="-627" />
    <nd ref="-628" />
    <nd ref="-625" />
    <tag k="building" v="yes" />
  </way>
  <way id="-1000000152" visible="true">
    <nd ref="-629" />
    <nd ref="-630" />
    <nd ref="-631" />
    <nd ref="-632" />
    <nd ref="-629" />
    <tag k="building" v="yes" />
  </way>
  <way id="-1000000153" visible="true">
    <nd ref="-633" />
    <nd ref="-634" />
    <nd ref="-635" />
    <nd ref="-636" />
    <nd ref="-633" />
    <tag k="building" v="yes" />
  </way>
  <way id="-1000000154" visible="true">
    <nd ref="-637" />
    <nd ref="-638" />
    <nd ref="-639" />
    <nd ref="-640" />
    <nd ref="-637" />
    <tag k="building" v="yes" />
  </way>
  <way id="-1000000155" visible="true">
    <nd ref="-641" />
    <nd ref="-642" />
    <nd ref="-643" />
    <nd ref="-644" />
    <nd ref="-641" />
    <tag k="building" v="garage" />
  </way>
  <way id="-1000000156" visible="true">
    <nd ref="-645" />
    <nd ref="-646" />
    <nd ref="-647" />
    <nd ref="-648" />
    <nd ref="-645" />
    <tag k="building" v="garage" />
  </way>
  <way id="-1000000157" visible="true">
    <nd ref="-649" />
    <nd ref="-650" />
    <nd ref="-651" />
    <nd ref="-652" />
    <nd ref="-649" />
    <tag k="building" v="yes" />
  </way>
  <way id="-1000000158" visible="true">
    <nd ref="-653" />
    <nd ref="-654" />
    <nd ref="-655" />
    <nd ref="-656" />
    <nd ref="-653" />
    <tag k="building" v="yes" />
  </way>
  <way id="-1000000159" visible="true">
    <nd ref="-657" />
    <nd ref="-658" />
    <nd ref="-659" />
    <nd ref="-660" />
    <nd ref="-657" />
    <tag k="building" v="yes" />
  </way>
  <way id="-1000000160" visible="true">
    <nd ref="-661" />
    <nd ref="-662" />
    <nd ref="-663" />
    <nd ref="-664" />
    <nd ref="-661" />
    <tag k="building" v="yes" />
  </way>
  <way id="-1000000161" visible="true">
    <nd ref="-665" />
    <nd ref="-666" />
    <nd ref="-667" />
    <nd ref="-668" />
    <nd ref="-665" />
    <tag k="building" v="yes" />
  </way>
  <way id="-1000000162" visible="true">
    <nd ref="-669" />
    <nd ref="-670" />
    <nd ref="-671" />
    <nd ref="-672" />
    <nd ref="-669" />
    <tag k="building" v="yes" />
  </way>
  <way id="-1000000163" visible="true">
    <nd ref="-673" />
    <nd ref="-674" />
    <nd ref="-675" />
    <nd ref="-676" />
    <nd ref="-673" />
    <tag k="building" v="yes" />
  </way>
  <way id="-1000000164" visible="true">
    <nd ref="-677" />
    <nd ref="-678" />
    <nd ref="-679" />
    <nd ref="-680" />
    <nd ref="-677" />
    <tag k="building" v="yes" />
  </way>
  <way id="-1000000165" visible="true">
    <nd ref="-681" />
    <nd ref="-682" />
    <nd ref="-683" />
    <nd ref="-684" />
    <nd ref="-681" />
    <tag k="building" v="yes" />
  </way>
  <way id="-1000000166" visible="true">
    <nd ref="-685" />
    <nd ref="-686" />
    <nd ref="-687" />
    <nd ref="-688" />
    <nd ref="-685" />
    <tag k="building" v="yes" />
  </way>
  <way id="-1000000167" visible="true">
    <nd ref="-689" />
    <nd ref="-690" />
    <nd ref="-691" />
    <nd ref="-692" />
    <nd ref="-689" />
    <tag k="building" v="yes" />
  </way>
  <way id="-1000000168" visible="true">
    <nd ref="-693" />
    <nd ref="-694" />
    <nd ref="-695" />
    <nd ref="-696" />
    <nd ref="-693" />
    <tag k="building" v="yes" />
  </way>
  <way id="-1000000169" visible="true">
    <nd ref="-697" />
    <nd ref="-698" />
    <nd ref="-699" />
    <nd ref="-700" />
    <nd ref="-697" />
    <tag k="building" v="yes" />
  </way>
  <way id="-1000000170" visible="true">
    <nd ref="-701" />
    <nd ref="-702" />
    <nd ref="-703" />
    <nd ref="-704" />
    <nd ref="-701" />
    <tag k="building" v="yes" />
  </way>
  <way id="-1000000171" visible="true">
    <nd ref="-705" />
    <nd ref="-706" />
    <nd ref="-707" />
    <nd ref="-708" />
    <nd ref="-709" />
    <nd ref="-710" />
    <nd ref="-705" />
    <tag k="building" v="yes" />
  </way>
  <way id="-1000000172" visible="true">
    <nd ref="-711" />
    <nd ref="-712" />
    <nd ref="-713" />
    <nd ref="-714" />
    <nd ref="-711" />
    <tag k="building" v="yes" />
  </way>
  <way id="-1000000173" visible="true">
    <nd ref="-715" />
    <nd ref="-716" />
    <nd ref="-717" />
    <nd ref="-718" />
    <nd ref="-715" />
    <tag k="building" v="garage" />
  </way>
  <way id="-1000000174" visible="true">
    <nd ref="-719" />
    <nd ref="-720" />
    <nd ref="-721" />
    <nd ref="-722" />
    <nd ref="-719" />
    <tag k="building" v="yes" />
  </way>
  <way id="-1000000175" visible="true">
    <nd ref="-723" />
    <nd ref="-724" />
    <nd ref="-725" />
    <nd ref="-726" />
    <nd ref="-723" />
    <tag k="building" v="yes" />
  </way>
  <way id="-1000000176" visible="true">
    <nd ref="-727" />
    <nd ref="-728" />
    <nd ref="-729" />
    <nd ref="-730" />
    <nd ref="-727" />
    <tag k="building" v="yes" />
  </way>
  <way id="-1000000177" visible="true">
    <nd ref="-731" />
    <nd ref="-732" />
    <nd ref="-733" />
    <nd ref="-734" />
    <nd ref="-731" />
    <tag k="building" v="yes" />
  </way>
  <way id="-1000000178" visible="true">
    <nd ref="-735" />
    <nd ref="-736" />
    <nd ref="-737" />
    <nd ref="-738" />
    <nd ref="-735" />
    <tag k="building" v="yes" />
  </way>
  <way id="-1000000179" visible="true">
    <nd ref="-739" />
    <nd ref="-740" />
    <nd ref="-741" />
    <nd ref="-742" />
    <nd ref="-739" />
    <tag k="building" v="yes" />
  </way>
  <way id="-1000000180" visible="true">
    <nd ref="-743" />
    <nd ref="-744" />
    <nd ref="-745" />
    <nd ref="-746" />
    <nd ref="-743" />
    <tag k="building" v="yes" />
  </way>
  <way id="-1000000181" visible="true">
    <nd ref="-747" />
    <nd ref="-748" />
    <nd ref="-749" />
    <nd ref="-750" />
    <nd ref="-747" />
    <tag k="building" v="yes" />
  </way>
  <way id="-1000000182" visible="true">
    <nd ref="-751" />
    <nd ref="-752" />
    <nd ref="-753" />
    <nd ref="-754" />
    <nd ref="-751" />
    <tag k="building" v="yes" />
  </way>
  <way id="-1000000183" visible="true">
    <nd ref="-755" />
    <nd ref="-756" />
    <nd ref="-757" />
    <nd ref="-758" />
    <nd ref="-755" />
    <tag k="building" v="yes" />
  </way>
  <way id="-1000000184" visible="true">
    <nd ref="-759" />
    <nd ref="-760" />
    <nd ref="-761" />
    <nd ref="-762" />
    <nd ref="-759" />
    <tag k="building" v="yes" />
  </way>
  <way id="-1000000185" visible="true">
    <nd ref="-763" />
    <nd ref="-764" />
    <nd ref="-765" />
    <nd ref="-766" />
    <nd ref="-763" />
    <tag k="building" v="yes" />
  </way>
  <way id="-1000000186" visible="true">
    <nd ref="-767" />
    <nd ref="-768" />
    <nd ref="-769" />
    <nd ref="-770" />
    <nd ref="-767" />
    <tag k="building" v="yes" />
  </way>
  <way id="-1000000187" visible="true">
    <nd ref="-771" />
    <nd ref="-772" />
    <nd ref="-773" />
    <nd ref="-774" />
    <nd ref="-771" />
    <tag k="building" v="yes" />
  </way>
  <way id="-1000000188" visible="true">
    <nd ref="-775" />
    <nd ref="-776" />
    <nd ref="-777" />
    <nd ref="-778" />
    <nd ref="-775" />
    <tag k="building" v="yes" />
  </way>
  <way id="-1000000189" visible="true">
    <nd ref="-779" />
    <nd ref="-780" />
    <nd ref="-781" />
    <nd ref="-782" />
    <nd ref="-779" />
    <tag k="building" v="yes" />
  </way>
  <way id="-1000000190" visible="true">
    <nd ref="-783" />
    <nd ref="-784" />
    <nd ref="-785" />
    <nd ref="-786" />
    <nd ref="-783" />
    <tag k="building" v="yes" />
  </way>
  <way id="-1000000191" visible="true">
    <nd ref="-787" />
    <nd ref="-788" />
    <nd ref="-789" />
    <nd ref="-790" />
    <nd ref="-787" />
    <tag k="building" v="yes" />
  </way>
  <way id="-1000000192" visible="true">
    <nd ref="-791" />
    <nd ref="-792" />
    <nd ref="-793" />
    <nd ref="-794" />
    <nd ref="-791" />
    <tag k="building" v="yes" />
  </way>
  <way id="-1000000193" visible="true">
    <nd ref="-795" />
    <nd ref="-796" />
    <nd ref="-797" />
    <nd ref="-798" />
    <nd ref="-795" />
    <tag k="building" v="yes" />
  </way>
  <way id="-1000000194" visible="true">
    <nd ref="-799" />
    <nd ref="-800" />
    <nd ref="-801" />
    <nd ref="-802" />
    <nd ref="-799" />
    <tag k="building" v="yes" />
  </way>
  <way id="-1000000195" visible="true">
    <nd ref="-803" />
    <nd ref="-804" />
    <nd ref="-805" />
    <nd ref="-806" />
    <nd ref="-807" />
    <nd ref="-808" />
    <nd ref="-803" />
    <tag k="building" v="yes" />
  </way>
  <way id="-1000000196" visible="true">
    <nd ref="-809" />
    <nd ref="-810" />
    <nd ref="-811" />
    <nd ref="-812" />
    <nd ref="-809" />
    <tag k="building" v="yes" />
  </way>
  <way id="-1000000197" visible="true">
    <nd ref="-813" />
    <nd ref="-814" />
    <nd ref="-815" />
    <nd ref="-816" />
    <nd ref="-813" />
    <tag k="building" v="yes" />
  </way>
  <way id="-1000000198" visible="true">
    <nd ref="-817" />
    <nd ref="-818" />
    <nd ref="-819" />
    <nd ref="-820" />
    <nd ref="-817" />
    <tag k="building" v="yes" />
  </way>
  <way id="-1000000199" visible="true">
    <nd ref="-821" />
    <nd ref="-822" />
    <nd ref="-823" />
    <nd ref="-824" />
    <nd ref="-821" />
    <tag k="building" v="yes" />
  </way>
  <way id="-1000000200" visible="true">
    <nd ref="-825" />
    <nd ref="-826" />
    <nd ref="-827" />
    <nd ref="-828" />
    <nd ref="-825" />
    <tag k="building" v="yes" />
  </way>
  <way id="-1000000201" visible="true">
    <nd ref="-829" />
    <nd ref="-830" />
    <nd ref="-831" />
    <nd ref="-832" />
    <nd ref="-829" />
    <tag k="building" v="yes" />
  </way>
  <way id="-1000000202" visible="true">
    <nd ref="-833" />
    <nd ref="-834" />
    <nd ref="-835" />
    <nd ref="-836" />
    <nd ref="-833" />
    <tag k="building" v="yes" />
  </way>
  <way id="-1000000203" visible="true">
    <nd ref="-837" />
    <nd ref="-838" />
    <nd ref="-839" />
    <nd ref="-840" />
    <nd ref="-841" />
    <nd ref="-837" />
    <tag k="building" v="yes" />
  </way>
  <way id="-1000000204" visible="true">
    <nd ref="-842" />
    <nd ref="-843" />
    <nd ref="-844" />
    <nd ref="-845" />
    <nd ref="-842" />
    <tag k="building" v="yes" />
  </way>
  <way id="-1000000205" visible="true">
    <nd ref="-846" />
    <nd ref="-847" />
    <nd ref="-848" />
    <nd ref="-849" />
    <nd ref="-846" />
    <tag k="building" v="yes" />
  </way>
  <way id="-1000000206" visible="true">
    <nd ref="-850" />
    <nd ref="-851" />
    <nd ref="-852" />
    <nd ref="-853" />
    <nd ref="-850" />
    <tag k="building" v="yes" />
  </way>
  <way id="-1000000207" visible="true">
    <nd ref="-854" />
    <nd ref="-855" />
    <nd ref="-856" />
    <nd ref="-857" />
    <nd ref="-854" />
    <tag k="building" v="yes" />
  </way>
  <way id="-1000000208" visible="true">
    <nd ref="-858" />
    <nd ref="-859" />
    <nd ref="-860" />
    <nd ref="-861" />
    <nd ref="-858" />
    <tag k="building" v="garage" />
  </way>
  <way id="-1000000209" visible="true">
    <nd ref="-862" />
    <nd ref="-863" />
    <nd ref="-864" />
    <nd ref="-865" />
    <nd ref="-862" />
    <tag k="building" v="yes" />
  </way>
  <way id="-1000000210" visible="true">
    <nd ref="-866" />
    <nd ref="-867" />
    <nd ref="-868" />
    <nd ref="-869" />
    <nd ref="-866" />
    <tag k="building" v="yes" />
  </way>
  <way id="-1000000211" visible="true">
    <nd ref="-870" />
    <nd ref="-871" />
    <nd ref="-872" />
    <nd ref="-873" />
    <nd ref="-870" />
    <tag k="building" v="yes" />
  </way>
  <way id="-1000000212" visible="true">
    <nd ref="-874" />
    <nd ref="-875" />
    <nd ref="-876" />
    <nd ref="-877" />
    <nd ref="-874" />
    <tag k="building" v="yes" />
  </way>
  <way id="-1000000213" visible="true">
    <nd ref="-878" />
    <nd ref="-879" />
    <nd ref="-880" />
    <nd ref="-881" />
    <nd ref="-882" />
    <nd ref="-883" />
    <nd ref="-884" />
    <nd ref="-885" />
    <nd ref="-878" />
    <tag k="building" v="yes" />
  </way>
  <way id="-1000000214" visible="true">
    <nd ref="-886" />
    <nd ref="-887" />
    <nd ref="-888" />
    <nd ref="-889" />
    <nd ref="-886" />
    <tag k="building" v="yes" />
  </way>
  <way id="-1000000215" visible="true">
    <nd ref="-890" />
    <nd ref="-891" />
    <nd ref="-892" />
    <nd ref="-893" />
    <nd ref="-890" />
    <tag k="building" v="yes" />
  </way>
  <way id="-1000000216" visible="true">
    <nd ref="-894" />
    <nd ref="-895" />
    <nd ref="-896" />
    <nd ref="-897" />
    <nd ref="-894" />
    <tag k="building" v="yes" />
  </way>
  <way id="-1000000217" visible="true">
    <nd ref="-898" />
    <nd ref="-899" />
    <nd ref="-900" />
    <nd ref="-901" />
    <nd ref="-898" />
    <tag k="building" v="yes" />
  </way>
  <way id="-1000000218" visible="true">
    <nd ref="-902" />
    <nd ref="-903" />
    <nd ref="-904" />
    <nd ref="-905" />
    <nd ref="-902" />
    <tag k="building" v="garage" />
  </way>
  <way id="-1000000219" visible="true">
    <nd ref="-906" />
    <nd ref="-907" />
    <nd ref="-908" />
    <nd ref="-909" />
    <nd ref="-906" />
    <tag k="building" v="yes" />
  </way>
  <way id="-1000000220" visible="true">
    <nd ref="-910" />
    <nd ref="-911" />
    <nd ref="-912" />
    <nd ref="-913" />
    <nd ref="-910" />
    <tag k="building" v="yes" />
  </way>
  <way id="-1000000221" visible="true">
    <nd ref="-914" />
    <nd ref="-915" />
    <nd ref="-916" />
    <nd ref="-917" />
    <nd ref="-914" />
    <tag k="building" v="yes" />
  </way>
  <way id="-1000000222" visible="true">
    <nd ref="-918" />
    <nd ref="-919" />
    <nd ref="-920" />
    <nd ref="-921" />
    <nd ref="-918" />
    <tag k="building" v="yes" />
  </way>
  <way id="-1000000223" visible="true">
    <nd ref="-922" />
    <nd ref="-923" />
    <nd ref="-924" />
    <nd ref="-925" />
    <nd ref="-922" />
    <tag k="building" v="yes" />
  </way>
  <way id="-1000000224" visible="true">
    <nd ref="-926" />
    <nd ref="-927" />
    <nd ref="-928" />
    <nd ref="-929" />
    <nd ref="-926" />
    <tag k="building" v="yes" />
  </way>
  <way id="-1000000225" visible="true">
    <nd ref="-930" />
    <nd ref="-931" />
    <nd ref="-932" />
    <nd ref="-933" />
    <nd ref="-930" />
    <tag k="building" v="yes" />
  </way>
  <way id="-1000000226" visible="true">
    <nd ref="-934" />
    <nd ref="-935" />
    <nd ref="-936" />
    <nd ref="-937" />
    <nd ref="-934" />
    <tag k="building" v="yes" />
  </way>
  <way id="-1000000227" visible="true">
    <nd ref="-938" />
    <nd ref="-939" />
    <nd ref="-940" />
    <nd ref="-941" />
    <nd ref="-938" />
    <tag k="building" v="yes" />
  </way>
  <way id="-1000000228" visible="true">
    <nd ref="-942" />
    <nd ref="-943" />
    <nd ref="-944" />
    <nd ref="-945" />
    <nd ref="-942" />
    <tag k="building" v="yes" />
    <tag k="source" v="HiRes aerial imagery" />
  </way>
  <way id="-1000000229" visible="true">
    <nd ref="-946" />
    <nd ref="-947" />
    <nd ref="-948" />
    <nd ref="-949" />
    <nd ref="-946" />
    <tag k="building" v="yes" />
  </way>
  <way id="-1000000230" visible="true">
    <nd ref="-950" />
    <nd ref="-951" />
    <nd ref="-952" />
    <nd ref="-953" />
    <nd ref="-950" />
    <tag k="building" v="yes" />
  </way>
  <way id="-1000000231" visible="true">
    <nd ref="-954" />
    <nd ref="-955" />
    <nd ref="-956" />
    <nd ref="-957" />
    <nd ref="-954" />
    <tag k="building" v="yes" />
  </way>
  <way id="-1000000232" visible="true">
    <nd ref="-958" />
    <nd ref="-957" />
    <nd ref="-956" />
    <nd ref="-959" />
    <nd ref="-960" />
    <nd ref="-958" />
    <tag k="building" v="yes" />
  </way>
  <way id="-1000000233" visible="true">
    <nd ref="-961" />
    <nd ref="-962" />
    <nd ref="-963" />
    <nd ref="-964" />
    <nd ref="-961" />
    <tag k="building" v="yes" />
  </way>
  <way id="-1000000234" visible="true">
    <nd ref="-965" />
    <nd ref="-966" />
    <nd ref="-967" />
    <nd ref="-968" />
    <nd ref="-965" />
    <tag k="building" v="yes" />
  </way>
  <way id="-1000000235" visible="true">
    <nd ref="-969" />
    <nd ref="-970" />
    <nd ref="-971" />
    <nd ref="-972" />
    <nd ref="-969" />
    <tag k="building" v="yes" />
  </way>
  <way id="-1000000236" visible="true">
    <nd ref="-973" />
    <nd ref="-974" />
    <nd ref="-975" />
    <nd ref="-976" />
    <nd ref="-973" />
    <tag k="building" v="yes" />
  </way>
  <way id="-1000000237" visible="true">
    <nd ref="-977" />
    <nd ref="-978" />
    <nd ref="-979" />
    <nd ref="-980" />
    <nd ref="-977" />
    <tag k="building" v="yes" />
  </way>
  <way id="-1000000238" visible="true">
    <nd ref="-981" />
    <nd ref="-982" />
    <nd ref="-983" />
    <nd ref="-984" />
    <nd ref="-981" />
    <tag k="building" v="yes" />
  </way>
  <way id="-1000000239" visible="true">
    <nd ref="-985" />
    <nd ref="-986" />
    <nd ref="-987" />
    <nd ref="-988" />
    <nd ref="-985" />
    <tag k="building" v="yes" />
  </way>
  <way id="-1000000240" visible="true">
    <nd ref="-989" />
    <nd ref="-990" />
    <nd ref="-991" />
    <nd ref="-992" />
    <nd ref="-989" />
    <tag k="building" v="yes" />
  </way>
  <way id="-1000000241" visible="true">
    <nd ref="-420" />
    <nd ref="-421" />
    <nd ref="-466" />
    <nd ref="-465" />
    <nd ref="-420" />
    <tag k="building" v="yes" />
  </way>
  <way id="-1000000242" visible="true">
    <nd ref="-993" />
    <nd ref="-994" />
    <nd ref="-995" />
    <nd ref="-996" />
    <nd ref="-993" />
    <tag k="building" v="garage" />
  </way>
  <way id="-1000000243" visible="true">
    <nd ref="-997" />
    <nd ref="-998" />
    <nd ref="-999" />
    <nd ref="-1000" />
    <nd ref="-997" />
    <tag k="building" v="garage" />
  </way>
  <way id="-1000000244" visible="true">
    <nd ref="-1001" />
    <nd ref="-1002" />
    <nd ref="-1003" />
    <nd ref="-1004" />
    <nd ref="-1001" />
    <tag k="building" v="garage" />
  </way>
  <way id="-1000000245" visible="true">
    <nd ref="-1005" />
    <nd ref="-1006" />
    <nd ref="-1007" />
    <nd ref="-1008" />
    <nd ref="-1005" />
    <tag k="building" v="yes" />
  </way>
  <way id="-1000000246" visible="true">
    <nd ref="-1009" />
    <nd ref="-1010" />
    <nd ref="-1011" />
    <nd ref="-1012" />
    <nd ref="-1009" />
    <tag k="building" v="yes" />
  </way>
  <way id="-1000000247" visible="true">
    <nd ref="-1013" />
    <nd ref="-1014" />
    <nd ref="-1015" />
    <nd ref="-1016" />
    <nd ref="-1013" />
    <tag k="building" v="yes" />
    <tag k="power" v="substation" />
  </way>
  <way id="-1000000248" visible="true">
    <nd ref="-1017" />
    <nd ref="-1018" />
    <nd ref="-1019" />
    <nd ref="-1020" />
    <nd ref="-1017" />
    <tag k="building" v="yes" />
  </way>
  <way id="-1000000249" visible="true">
    <nd ref="-1021" />
    <nd ref="-1022" />
    <nd ref="-1023" />
    <nd ref="-1024" />
    <nd ref="-1021" />
    <tag k="building" v="yes" />
  </way>
  <way id="-1000000250" visible="true">
    <nd ref="-1025" />
    <nd ref="-1026" />
    <nd ref="-1027" />
    <nd ref="-1028" />
    <nd ref="-1025" />
    <tag k="building" v="garage" />
  </way>
  <way id="-1000000251" visible="true">
    <nd ref="-1029" />
    <nd ref="-1030" />
    <nd ref="-1031" />
    <nd ref="-1032" />
    <nd ref="-1033" />
    <nd ref="-1029" />
    <tag k="building" v="yes" />
  </way>
  <way id="-1000000252" visible="true">
    <nd ref="-1034" />
    <nd ref="-1035" />
    <nd ref="-1036" />
    <nd ref="-1022" />
    <nd ref="-1034" />
    <tag k="building" v="garage" />
  </way>
  <way id="-1000000253" visible="true">
    <nd ref="-1037" />
    <nd ref="-1038" />
    <nd ref="-1039" />
    <nd ref="-1040" />
    <nd ref="-1037" />
    <tag k="building" v="yes" />
  </way>
  <way id="-1000000254" visible="true">
    <nd ref="-1041" />
    <nd ref="-1042" />
    <nd ref="-1043" />
    <nd ref="-1044" />
    <nd ref="-1041" />
    <tag k="building" v="garage" />
  </way>
  <way id="-1000000255" visible="true">
    <nd ref="-1045" />
    <nd ref="-1046" />
    <nd ref="-1047" />
    <nd ref="-1048" />
    <nd ref="-1045" />
    <tag k="building" v="yes" />
  </way>
  <way id="-1000000256" visible="true">
    <nd ref="-1049" />
    <nd ref="-1050" />
    <nd ref="-1051" />
    <nd ref="-1052" />
    <nd ref="-1049" />
    <tag k="building" v="yes" />
  </way>
  <way id="-1000000257" visible="true">
    <nd ref="-1053" />
    <nd ref="-1054" />
    <nd ref="-1055" />
    <nd ref="-1056" />
    <nd ref="-1053" />
    <tag k="building" v="yes" />
  </way>
  <way id="-1000000258" visible="true">
    <nd ref="-1057" />
    <nd ref="-1058" />
    <nd ref="-1059" />
    <nd ref="-1060" />
    <nd ref="-1057" />
    <tag k="building" v="garage" />
  </way>
  <way id="-1000000259" visible="true">
    <nd ref="-1061" />
    <nd ref="-1062" />
    <nd ref="-1063" />
    <nd ref="-1064" />
    <nd ref="-1065" />
    <nd ref="-1066" />
    <nd ref="-1067" />
    <nd ref="-1061" />
    <tag k="amenity" v="veterinary" />
    <tag k="building" v="yes" />
    <tag k="name" v="Dr. Mladen Bocicevic" />
    <tag k="opening_hours" v="Mo,We 08:00-10:00,15:00-18:00, Tu,Th,Fr 08:00-12:00, Th 15:00-18:30" />
  </way>
  <way id="-1000000260" visible="true">
    <nd ref="-1068" />
    <nd ref="-1069" />
    <nd ref="-1070" />
    <nd ref="-1071" />
    <nd ref="-1068" />
    <tag k="building" v="yes" />
  </way>
  <way id="-1000000261" visible="true">
    <nd ref="-1072" />
    <nd ref="-1073" />
    <nd ref="-1074" />
    <nd ref="-1075" />
    <nd ref="-1072" />
    <tag k="building" v="yes" />
  </way>
  <way id="-1000000262" visible="true">
    <nd ref="-1076" />
    <nd ref="-1077" />
    <nd ref="-1078" />
    <nd ref="-1079" />
    <nd ref="-1076" />
    <tag k="building" v="yes" />
  </way>
  <way id="-1000000263" visible="true">
    <nd ref="-1080" />
    <nd ref="-1081" />
    <nd ref="-1082" />
    <nd ref="-1083" />
    <nd ref="-1080" />
    <tag k="building" v="yes" />
  </way>
  <way id="-1000000264" visible="true">
    <nd ref="-1084" />
    <nd ref="-1085" />
    <nd ref="-1086" />
    <nd ref="-1087" />
    <nd ref="-1084" />
    <tag k="building" v="yes" />
  </way>
  <way id="-1000000265" visible="true">
    <nd ref="-1088" />
    <nd ref="-1089" />
    <nd ref="-1090" />
    <nd ref="-1091" />
    <nd ref="-1088" />
    <tag k="building" v="yes" />
  </way>
  <way id="-1000000266" visible="true">
    <nd ref="-1092" />
    <nd ref="-1093" />
    <nd ref="-1094" />
    <nd ref="-1095" />
    <nd ref="-1092" />
    <tag k="building" v="yes" />
  </way>
  <way id="-1000000267" visible="true">
    <nd ref="-1096" />
    <nd ref="-1097" />
    <nd ref="-1098" />
    <nd ref="-1099" />
    <nd ref="-1096" />
    <tag k="building" v="yes" />
  </way>
  <way id="-1000000268" visible="true">
    <nd ref="-1100" />
    <nd ref="-1101" />
    <nd ref="-1102" />
    <nd ref="-1103" />
    <nd ref="-1100" />
    <tag k="building" v="yes" />
  </way>
  <way id="-1000000269" visible="true">
    <nd ref="-1104" />
    <nd ref="-1105" />
    <nd ref="-1106" />
    <nd ref="-1107" />
    <nd ref="-1104" />
    <tag k="building" v="yes" />
  </way>
  <way id="-1000000270" visible="true">
    <nd ref="-1108" />
    <nd ref="-1109" />
    <nd ref="-1110" />
    <nd ref="-1111" />
    <nd ref="-1108" />
    <tag k="building" v="yes" />
  </way>
  <way id="-1000000271" visible="true">
    <nd ref="-1112" />
    <nd ref="-1113" />
    <nd ref="-1114" />
    <nd ref="-1115" />
    <nd ref="-1112" />
    <tag k="building" v="yes" />
  </way>
  <way id="-1000000272" visible="true">
    <nd ref="-1116" />
    <nd ref="-1117" />
    <nd ref="-1118" />
    <nd ref="-1119" />
    <nd ref="-1116" />
    <tag k="building" v="yes" />
  </way>
  <way id="-1000000273" visible="true">
    <nd ref="-1120" />
    <nd ref="-1121" />
    <nd ref="-1122" />
    <nd ref="-1123" />
    <nd ref="-1120" />
    <tag k="building" v="yes" />
  </way>
  <way id="-1000000274" visible="true">
    <nd ref="-1124" />
    <nd ref="-1125" />
    <nd ref="-1126" />
    <nd ref="-1127" />
    <nd ref="-1124" />
    <tag k="building" v="yes" />
  </way>
  <way id="-1000000275" visible="true">
    <nd ref="-1128" />
    <nd ref="-1129" />
    <nd ref="-1130" />
    <nd ref="-1131" />
    <nd ref="-1128" />
    <tag k="building" v="yes" />
  </way>
  <way id="-1000000276" visible="true">
    <nd ref="-1132" />
    <nd ref="-1133" />
    <nd ref="-1134" />
    <nd ref="-1135" />
    <nd ref="-1136" />
    <nd ref="-1137" />
    <nd ref="-1138" />
    <nd ref="-1139" />
    <nd ref="-1132" />
    <tag k="building" v="yes" />
  </way>
  <way id="-1000000277" visible="true">
    <nd ref="-1140" />
    <nd ref="-1141" />
    <nd ref="-1142" />
    <nd ref="-1143" />
    <nd ref="-1144" />
    <nd ref="-1145" />
    <nd ref="-1146" />
    <nd ref="-1147" />
    <nd ref="-1140" />
    <tag k="building" v="yes" />
  </way>
  <way id="-1000000278" visible="true">
    <nd ref="-1148" />
    <nd ref="-1149" />
    <nd ref="-1150" />
    <nd ref="-1151" />
    <nd ref="-1148" />
    <tag k="building" v="garage" />
  </way>
  <way id="-1000000279" visible="true">
    <nd ref="-1152" />
    <nd ref="-1153" />
    <nd ref="-1154" />
    <nd ref="-1155" />
    <nd ref="-1152" />
    <tag k="building" v="yes" />
  </way>
  <way id="-1000000280" visible="true">
    <nd ref="-1156" />
    <nd ref="-1157" />
    <nd ref="-1158" />
    <nd ref="-1159" />
    <nd ref="-1156" />
    <tag k="building" v="yes" />
  </way>
  <way id="-1000000281" visible="true">
    <nd ref="-1160" />
    <nd ref="-1161" />
    <nd ref="-1162" />
    <nd ref="-1163" />
    <nd ref="-1160" />
    <tag k="building" v="garage" />
  </way>
  <way id="-1000000282" visible="true">
    <nd ref="-1164" />
    <nd ref="-1165" />
    <nd ref="-1166" />
    <nd ref="-1167" />
    <nd ref="-1164" />
    <tag k="building" v="yes" />
  </way>
  <way id="-1000000283" visible="true">
    <nd ref="-1168" />
    <nd ref="-1169" />
    <nd ref="-1170" />
    <nd ref="-1171" />
    <nd ref="-1168" />
    <tag k="building" v="roof" />
    <tag k="shelter_type" v="roof" />
  </way>
  <way id="-1000000284" visible="true">
    <nd ref="-1172" />
    <nd ref="-1173" />
    <nd ref="-1174" />
    <nd ref="-1175" />
    <nd ref="-1176" />
    <nd ref="-1177" />
    <nd ref="-1172" />
    <tag k="addr:housenumber" v="7" />
    <tag k="addr:street" v="Tannenstraße" />
    <tag k="building" v="house" />
  </way>
  <way id="-1000000285" visible="true">
    <nd ref="-1178" />
    <nd ref="-1179" />
    <nd ref="-1180" />
    <nd ref="-1181" />
    <nd ref="-1178" />
    <tag k="building" v="yes" />
  </way>
  <way id="-1000000286" visible="true">
    <nd ref="-1182" />
    <nd ref="-1183" />
    <nd ref="-1184" />
    <nd ref="-1185" />
    <nd ref="-1182" />
    <tag k="building" v="yes" />
  </way>
  <way id="-1000000287" visible="true">
    <nd ref="-1186" />
    <nd ref="-1187" />
    <nd ref="-1188" />
    <nd ref="-1189" />
    <nd ref="-1186" />
    <tag k="building" v="yes" />
  </way>
  <way id="-1000000288" visible="true">
    <nd ref="-1190" />
    <nd ref="-1191" />
    <nd ref="-1192" />
    <nd ref="-1193" />
    <nd ref="-1190" />
    <tag k="addr:housenumber" v="3" />
    <tag k="addr:street" v="Tannenstraße" />
    <tag k="building" v="house" />
  </way>
  <way id="-1000000289" visible="true">
    <nd ref="-1190" />
    <nd ref="-1194" />
    <nd ref="-1195" />
    <nd ref="-1191" />
    <nd ref="-1190" />
    <tag k="building" v="garage" />
  </way>
  <way id="-1000000290" visible="true">
    <nd ref="-1196" />
    <nd ref="-1197" />
    <nd ref="-1198" />
    <nd ref="-1199" />
    <nd ref="-1200" />
    <nd ref="-1196" />
    <tag k="addr:housenumber" v="1" />
    <tag k="addr:street" v="Tannenstraße" />
    <tag k="building" v="house" />
  </way>
  <way id="-1000000291" visible="true">
    <nd ref="-1201" />
    <nd ref="-1196" />
    <nd ref="-1200" />
    <nd ref="-1202" />
    <nd ref="-1201" />
    <tag k="building" v="garage" />
  </way>
  <way id="-1000000292" visible="true">
    <nd ref="-1203" />
    <nd ref="-1204" />
    <nd ref="-1205" />
    <nd ref="-1206" />
    <nd ref="-1203" />
    <tag k="building" v="yes" />
  </way>
  <way id="-1000000293" visible="true">
    <nd ref="-1207" />
    <nd ref="-1208" />
    <nd ref="-1209" />
    <nd ref="-1210" />
    <nd ref="-1207" />
    <tag k="building" v="yes" />
  </way>
  <way id="-1000000294" visible="true">
    <nd ref="-1211" />
    <nd ref="-1207" />
    <nd ref="-1210" />
    <nd ref="-1212" />
    <nd ref="-1211" />
    <tag k="building" v="yes" />
  </way>
  <way id="-1000000295" visible="true">
    <nd ref="-841" />
    <nd ref="-1213" />
    <nd ref="-1214" />
    <nd ref="-837" />
    <nd ref="-841" />
    <tag k="building" v="yes" />
  </way>
  <way id="-1000000296" visible="true">
    <nd ref="-1215" />
    <nd ref="-1211" />
    <nd ref="-1212" />
    <nd ref="-839" />
    <nd ref="-838" />
    <nd ref="-1215" />
    <tag k="building" v="yes" />
  </way>
  <way id="-1000000297" visible="true">
    <nd ref="-1216" />
    <nd ref="-1217" />
    <nd ref="-1218" />
    <nd ref="-1219" />
    <nd ref="-1216" />
    <tag k="building" v="yes" />
  </way>
  <way id="-1000000298" visible="true">
    <nd ref="-1220" />
    <nd ref="-1221" />
    <nd ref="-1219" />
    <nd ref="-1218" />
    <nd ref="-1222" />
    <nd ref="-1223" />
    <nd ref="-1220" />
    <tag k="building" v="yes" />
  </way>
  <way id="-1000000299" visible="true">
    <nd ref="-1224" />
    <nd ref="-1225" />
    <nd ref="-1226" />
    <nd ref="-1227" />
    <nd ref="-1228" />
    <nd ref="-1224" />
    <tag k="addr:city" v="Ingolstadt" />
    <tag k="addr:housenumber" v="17" />
    <tag k="addr:postcode" v="85055" />
    <tag k="addr:street" v="Enzianstraße" />
    <tag k="building" v="house" />
  </way>
  <way id="-1000000300" visible="true">
    <nd ref="-1229" />
    <nd ref="-1230" />
    <nd ref="-1227" />
    <nd ref="-1226" />
    <nd ref="-1229" />
    <tag k="building" v="garage" />
  </way>
  <way id="-1000000301" visible="true">
    <nd ref="-1231" />
    <nd ref="-1232" />
    <nd ref="-1233" />
    <nd ref="-1234" />
    <nd ref="-1231" />
    <tag k="building" v="yes" />
  </way>
  <way id="-1000000302" visible="true">
    <nd ref="-1235" />
    <nd ref="-1236" />
    <nd ref="-1237" />
    <nd ref="-1238" />
    <nd ref="-1235" />
    <tag k="building" v="garages" />
  </way>
</osm>