<?xml version='1.0' encoding='UTF-8'?>
<osm version="0.6" generator="tile_fbx_generator.py">
  <node id="-1" lat="48.7690090" lon="11.4647855" visible="true" />
  <node id="-2" lat="48.7688942" lon="11.4648053" visible="true" />
  <node id="-3" lat="48.7689058" lon="11.4649601" visible="true" />
  <node id="-4" lat="48.7690206" lon="11.4649403" visible="true" />
  <node id="-5" lat="48.7688753" lon="11.4646624" visible="true" />
  <node id="-6" lat="48.7687972" lon="11.4646650" visible="true" />
  <node id="-7" lat="48.7687978" lon="11.4647077" visible="true" />
  <node id="-8" lat="48.7688760" lon="11.4647051" visible="true" />
  <node id="-9" lat="48.7689552" lon="11.4644770" visible="true" />
  <node id="-10" lat="48.7688652" lon="11.4644823" visible="true" />
  <node id="-11" lat="48.7688679" lon="11.4645873" visible="true" />
  <node id="-12" lat="48.7689579" lon="11.4645820" visible="true" />
  <node id="-13" lat="48.7690358" lon="11.4650285" visible="true" />
  <node id="-14" lat="48.7689695" lon="11.4650375" visible="true" />
  <node id="-15" lat="48.7689873" lon="11.4652212" visible="true" />
  <node id="-16" lat="48.7690536" lon="11.4652122" visible="true" />
  <node id="-17" lat="48.7689638" lon="11.4650013" visible="true" />
  <node id="-18" lat="48.7688237" lon="11.4650186" visible="true" />
  <node id="-19" lat="48.7688320" lon="11.4651738" visible="true" />
  <node id="-20" lat="48.7689721" lon="11.4651565" visible="true" />
  <node id="-21" lat="48.7693383" lon="11.4616808" visible="true" />
  <node id="-22" lat="48.7691963" lon="11.4616866" visible="true" />
  <node id="-23" lat="48.7691988" lon="11.4618293" visible="true" />
  <node id="-24" lat="48.7693408" lon="11.4618235" visible="true" />
  <node id="-25" lat="48.7693285" lon="11.4619013" visible="true" />
  <node id="-26" lat="48.7692105" lon="11.4619092" visible="true" />
  <node id="-27" lat="48.7692157" lon="11.4620883" visible="true" />
  <node id="-28" lat="48.7693337" lon="11.4620805" visible="true" />
  <node id="-29" lat="48.7695674" lon="11.4621822" visible="true" />
  <node id="-30" lat="48.7694642" lon="11.4621943" visible="true" />
  <node id="-31" lat="48.7694736" lon="11.4623805" visible="true" />
  <node id="-32" lat="48.7695768" lon="11.4623684" visible="true" />
  <node id="-33" lat="48.7694151" lon="11.4620685" visible="true" />
  <node id="-34" lat="48.7693475" lon="11.4620695" visible="true" />
  <node id="-35" lat="48.7693479" lon="11.4621323" visible="true" />
  <node id="-36" lat="48.7694154" lon="11.4621313" visible="true" />
  <node id="-37" lat="48.7694020" lon="11.4624478" visible="true" />
  <node id="-38" lat="48.7691607" lon="11.4624735" visible="true" />
  <node id="-39" lat="48.7691660" lon="11.4625897" visible="true" />
  <node id="-40" lat="48.7694073" lon="11.4625640" visible="true" />
  <node id="-41" lat="48.7697249" lon="11.4626659" visible="true" />
  <node id="-42" lat="48.7693497" lon="11.4627031" visible="true" />
  <node id="-43" lat="48.7693532" lon="11.4628388" visible="true" />
  <node id="-44" lat="48.7697284" lon="11.4628121" visible="true" />
  <node id="-45" lat="48.7686136" lon="11.4679563" visible="true" />
  <node id="-46" lat="48.7684827" lon="11.4679613" visible="true" />
  <node id="-47" lat="48.7684858" lon="11.4681466" visible="true" />
  <node id="-48" lat="48.7686167" lon="11.4681416" visible="true" />
  <node id="-49" lat="48.7685527" lon="11.4683107" visible="true" />
  <node id="-50" lat="48.7683926" lon="11.4683210" visible="true" />
  <node id="-51" lat="48.7683893" lon="11.4681856" visible="true" />
  <node id="-52" lat="48.7685494" lon="11.4681753" visible="true" />
  <node id="-53" lat="48.7685632" lon="11.4685874" visible="true" />
  <node id="-54" lat="48.7684320" lon="11.4685675" visible="true" />
  <node id="-55" lat="48.7684207" lon="11.4687392" visible="true" />
  <node id="-56" lat="48.7685519" lon="11.4687591" visible="true" />
  <node id="-57" lat="48.7685797" lon="11.4688314" visible="true" />
  <node id="-58" lat="48.7685793" lon="11.4689416" visible="true" />
  <node id="-59" lat="48.7684790" lon="11.4689407" visible="true" />
  <node id="-60" lat="48.7684794" lon="11.4688305" visible="true" />
  <node id="-61" lat="48.7686169" lon="11.4683171" visible="true" />
  <node id="-62" lat="48.7685705" lon="11.4683204" visible="true" />
  <node id="-63" lat="48.7685722" lon="11.4683745" visible="true" />
  <node id="-64" lat="48.7686186" lon="11.4683712" visible="true" />
  <node id="-65" lat="48.7686625" lon="11.4684895" visible="true" />
  <node id="-66" lat="48.7686081" lon="11.4684823" visible="true" />
  <node id="-67" lat="48.7686031" lon="11.4685687" visible="true" />
  <node id="-68" lat="48.7686575" lon="11.4685759" visible="true" />
  <node id="-69" lat="48.7689936" lon="11.4655716" visible="true" />
  <node id="-70" lat="48.7688679" lon="11.4655764" visible="true" />
  <node id="-71" lat="48.7688702" lon="11.4657190" visible="true" />
  <node id="-72" lat="48.7689959" lon="11.4657142" visible="true" />
  <node id="-73" lat="48.7690788" lon="11.4657223" visible="true" />
  <node id="-74" lat="48.7689851" lon="11.4657217" visible="true" />
  <node id="-75" lat="48.7689848" lon="11.4658636" visible="true" />
  <node id="-76" lat="48.7690785" lon="11.4658641" visible="true" />
  <node id="-77" lat="48.7687981" lon="11.4657817" visible="true" />
  <node id="-78" lat="48.7687027" lon="11.4657894" visible="true" />
  <node id="-79" lat="48.7686947" lon="11.4655632" visible="true" />
  <node id="-80" lat="48.7687901" lon="11.4655555" visible="true" />
  <node id="-81" lat="48.7687613" lon="11.4661785" visible="true" />
  <node id="-82" lat="48.7686208" lon="11.4661759" visible="true" />
  <node id="-83" lat="48.7686195" lon="11.4663395" visible="true" />
  <node id="-84" lat="48.7687600" lon="11.4663421" visible="true" />
  <node id="-85" lat="48.7690132" lon="11.4661851" visible="true" />
  <node id="-86" lat="48.7689010" lon="11.4661784" visible="true" />
  <node id="-87" lat="48.7688977" lon="11.4663074" visible="true" />
  <node id="-88" lat="48.7690099" lon="11.4663141" visible="true" />
  <node id="-89" lat="48.7689949" lon="11.4663567" visible="true" />
  <node id="-90" lat="48.7689014" lon="11.4663471" visible="true" />
  <node id="-91" lat="48.7688860" lon="11.4664985" visible="true" />
  <node id="-92" lat="48.7689794" lon="11.4665080" visible="true" />
  <node id="-93" lat="48.7690047" lon="11.4660422" visible="true" />
  <node id="-94" lat="48.7688489" lon="11.4660409" visible="true" />
  <node id="-95" lat="48.7688495" lon="11.4658781" visible="true" />
  <node id="-96" lat="48.7690054" lon="11.4658794" visible="true" />
  <node id="-97" lat="48.7687263" lon="11.4666601" visible="true" />
  <node id="-98" lat="48.7686501" lon="11.4666633" visible="true" />
  <node id="-99" lat="48.7686510" lon="11.4667140" visible="true" />
  <node id="-100" lat="48.7687272" lon="11.4667108" visible="true" />
  <node id="-101" lat="48.7686919" lon="11.4668396" visible="true" />
  <node id="-102" lat="48.7685904" lon="11.4668435" visible="true" />
  <node id="-103" lat="48.7685981" lon="11.4670587" visible="true" />
  <node id="-104" lat="48.7686996" lon="11.4670548" visible="true" />
  <node id="-105" lat="48.7688653" lon="11.4676334" visible="true" />
  <node id="-106" lat="48.7687471" lon="11.4676098" visible="true" />
  <node id="-107" lat="48.7687157" lon="11.4679722" visible="true" />
  <node id="-108" lat="48.7688339" lon="11.4679958" visible="true" />
  <node id="-109" lat="48.7688257" lon="11.4675691" visible="true" />
  <node id="-110" lat="48.7687088" lon="11.4675739" visible="true" />
  <node id="-111" lat="48.7687069" lon="11.4674691" visible="true" />
  <node id="-112" lat="48.7688238" lon="11.4674643" visible="true" />
  <node id="-113" lat="48.7689130" lon="11.4673374" visible="true" />
  <node id="-114" lat="48.7688171" lon="11.4673124" visible="true" />
  <node id="-115" lat="48.7688038" lon="11.4674298" visible="true" />
  <node id="-116" lat="48.7688996" lon="11.4674548" visible="true" />
  <node id="-117" lat="48.7689320" lon="11.4669246" visible="true" />
  <node id="-118" lat="48.7688320" lon="11.4669150" visible="true" />
  <node id="-119" lat="48.7688255" lon="11.4670704" visible="true" />
  <node id="-120" lat="48.7689255" lon="11.4670800" visible="true" />
  <node id="-121" lat="48.7687475" lon="11.4674178" visible="true" />
  <node id="-122" lat="48.7687421" lon="11.4671755" visible="true" />
  <node id="-123" lat="48.7686535" lon="11.4671789" visible="true" />
  <node id="-124" lat="48.7685787" lon="11.4672759" visible="true" />
  <node id="-125" lat="48.7685808" lon="11.4674215" visible="true" />
  <node id="-126" lat="48.7689686" lon="11.4666358" visible="true" />
  <node id="-127" lat="48.7688688" lon="11.4666243" visible="true" />
  <node id="-128" lat="48.7688610" lon="11.4667797" visible="true" />
  <node id="-129" lat="48.7689608" lon="11.4667912" visible="true" />
  <node id="-130" lat="48.7688867" lon="11.4670851" visible="true" />
  <node id="-131" lat="48.7688105" lon="11.4670832" visible="true" />
  <node id="-132" lat="48.7688099" lon="11.4671410" visible="true" />
  <node id="-133" lat="48.7688861" lon="11.4671429" visible="true" />
  <node id="-134" lat="48.7689041" lon="11.4667928" visible="true" />
  <node id="-135" lat="48.7688286" lon="11.4667963" visible="true" />
  <node id="-136" lat="48.7688300" lon="11.4668691" visible="true" />
  <node id="-137" lat="48.7689055" lon="11.4668656" visible="true" />
  <node id="-138" lat="48.7688788" lon="11.4666167" visible="true" />
  <node id="-139" lat="48.7687988" lon="11.4666080" visible="true" />
  <node id="-140" lat="48.7688034" lon="11.4665092" visible="true" />
  <node id="-141" lat="48.7688834" lon="11.4665179" visible="true" />
  <node id="-142" lat="48.7693603" lon="11.4635399" visible="true" />
  <node id="-143" lat="48.7692464" lon="11.4635414" visible="true" />
  <node id="-144" lat="48.7692476" lon="11.4637456" visible="true" />
  <node id="-145" lat="48.7693615" lon="11.4637441" visible="true" />
  <node id="-146" lat="48.7692951" lon="11.4639688" visible="true" />
  <node id="-147" lat="48.7691833" lon="11.4639736" visible="true" />
  <node id="-148" lat="48.7691863" lon="11.4641322" visible="true" />
  <node id="-149" lat="48.7692981" lon="11.4641274" visible="true" />
  <node id="-150" lat="48.7693940" lon="11.4641279" visible="true" />
  <node id="-151" lat="48.7693256" lon="11.4641274" visible="true" />
  <node id="-152" lat="48.7693252" lon="11.4643000" visible="true" />
  <node id="-153" lat="48.7693936" lon="11.4643005" visible="true" />
  <node id="-154" lat="48.7695764" lon="11.4644111" visible="true" />
  <node id="-155" lat="48.7694603" lon="11.4644093" visible="true" />
  <node id="-156" lat="48.7694584" lon="11.4646934" visible="true" />
  <node id="-157" lat="48.7695745" lon="11.4646952" visible="true" />
  <node id="-158" lat="48.7693872" lon="11.4644151" visible="true" />
  <node id="-159" lat="48.7693052" lon="11.4644165" visible="true" />
  <node id="-160" lat="48.7693063" lon="11.4645685" visible="true" />
  <node id="-161" lat="48.7693882" lon="11.4645671" visible="true" />
  <node id="-162" lat="48.7693921" lon="11.4646602" visible="true" />
  <node id="-163" lat="48.7692928" lon="11.4646705" visible="true" />
  <node id="-164" lat="48.7693035" lon="11.4649058" visible="true" />
  <node id="-165" lat="48.7694028" lon="11.4648955" visible="true" />
  <node id="-166" lat="48.7698558" lon="11.4647752" visible="true" />
  <node id="-167" lat="48.7697600" lon="11.4647743" visible="true" />
  <node id="-168" lat="48.7697593" lon="11.4649529" visible="true" />
  <node id="-169" lat="48.7698550" lon="11.4649538" visible="true" />
  <node id="-170" lat="48.7699385" lon="11.4652449" visible="true" />
  <node id="-171" lat="48.7699383" lon="11.4651591" visible="true" />
  <node id="-172" lat="48.7698463" lon="11.4651576" visible="true" />
  <node id="-173" lat="48.7698453" lon="11.4650364" visible="true" />
  <node id="-174" lat="48.7697238" lon="11.4650385" visible="true" />
  <node id="-175" lat="48.7697254" lon="11.4652469" visible="true" />
  <node id="-176" lat="48.7693921" lon="11.4650927" visible="true" />
  <node id="-177" lat="48.7692876" lon="11.4650970" visible="true" />
  <node id="-178" lat="48.7692911" lon="11.4652954" visible="true" />
  <node id="-179" lat="48.7693956" lon="11.4652911" visible="true" />
  <node id="-180" lat="48.7694883" lon="11.4657269" visible="true" />
  <node id="-181" lat="48.7694058" lon="11.4657269" visible="true" />
  <node id="-182" lat="48.7694058" lon="11.4658735" visible="true" />
  <node id="-183" lat="48.7694883" lon="11.4658735" visible="true" />
  <node id="-184" lat="48.7695828" lon="11.4660208" visible="true" />
  <node id="-185" lat="48.7694792" lon="11.4660199" visible="true" />
  <node id="-186" lat="48.7694787" lon="11.4661687" visible="true" />
  <node id="-187" lat="48.7695823" lon="11.4661696" visible="true" />
  <node id="-188" lat="48.7699054" lon="11.4658589" visible="true" />
  <node id="-189" lat="48.7697737" lon="11.4658503" visible="true" />
  <node id="-190" lat="48.7697692" lon="11.4660098" visible="true" />
  <node id="-191" lat="48.7697933" lon="11.4660114" visible="true" />
  <node id="-192" lat="48.7697907" lon="11.4660815" visible="true" />
  <node id="-193" lat="48.7698682" lon="11.4660864" visible="true" />
  <node id="-194" lat="48.7698647" lon="11.4660160" visible="true" />
  <node id="-195" lat="48.7699009" lon="11.4660184" visible="true" />
  <node id="-196" lat="48.7695160" lon="11.4637904" visible="true" />
  <node id="-197" lat="48.7694391" lon="11.4637899" visible="true" />
  <node id="-198" lat="48.7694390" lon="11.4638690" visible="true" />
  <node id="-199" lat="48.7695159" lon="11.4638694" visible="true" />
  <node id="-200" lat="48.7692497" lon="11.4642930" visible="true" />
  <node id="-201" lat="48.7691735" lon="11.4642962" visible="true" />
  <node id="-202" lat="48.7691744" lon="11.4643469" visible="true" />
  <node id="-203" lat="48.7692506" lon="11.4643437" visible="true" />
  <node id="-204" lat="48.7692322" lon="11.4648557" visible="true" />
  <node id="-205" lat="48.7692357" lon="11.4649319" visible="true" />
  <node id="-206" lat="48.7692861" lon="11.4649266" visible="true" />
  <node id="-207" lat="48.7692826" lon="11.4648504" visible="true" />
  <node id="-208" lat="48.7695104" lon="11.4647136" visible="true" />
  <node id="-209" lat="48.7694662" lon="11.4647152" visible="true" />
  <node id="-210" lat="48.7694696" lon="11.4649310" visible="true" />
  <node id="-211" lat="48.7695138" lon="11.4649294" visible="true" />
  <node id="-212" lat="48.7701957" lon="11.4649688" visible="true" />
  <node id="-213" lat="48.7700609" lon="11.4649682" visible="true" />
  <node id="-214" lat="48.7700613" lon="11.4647680" visible="true" />
  <node id="-215" lat="48.7701961" lon="11.4647687" visible="true" />
  <node id="-216" lat="48.7703934" lon="11.4647844" visible="true" />
  <node id="-217" lat="48.7702434" lon="11.4647826" visible="true" />
  <node id="-218" lat="48.7702423" lon="11.4649941" visible="true" />
  <node id="-219" lat="48.7703923" lon="11.4649958" visible="true" />
  <node id="-220" lat="48.7703559" lon="11.4652509" visible="true" />
  <node id="-221" lat="48.7703471" lon="11.4652509" visible="true" />
  <node id="-222" lat="48.7703480" lon="11.4651474" visible="true" />
  <node id="-223" lat="48.7702799" lon="11.4651483" visible="true" />
  <node id="-224" lat="48.7702784" lon="11.4652512" visible="true" />
  <node id="-225" lat="48.7702489" lon="11.4652514" visible="true" />
  <node id="-226" lat="48.7702493" lon="11.4654402" visible="true" />
  <node id="-227" lat="48.7703563" lon="11.4654396" visible="true" />
  <node id="-228" lat="48.7701584" lon="11.4654767" visible="true" />
  <node id="-229" lat="48.7700535" lon="11.4654732" visible="true" />
  <node id="-230" lat="48.7700510" lon="11.4656449" visible="true" />
  <node id="-231" lat="48.7701559" lon="11.4656484" visible="true" />
  <node id="-232" lat="48.7701517" lon="11.4657165" visible="true" />
  <node id="-233" lat="48.7700285" lon="11.4657200" visible="true" />
  <node id="-234" lat="48.7700305" lon="11.4658765" visible="true" />
  <node id="-235" lat="48.7701537" lon="11.4658730" visible="true" />
  <node id="-236" lat="48.7703112" lon="11.4656577" visible="true" />
  <node id="-237" lat="48.7702210" lon="11.4656535" visible="true" />
  <node id="-238" lat="48.7702168" lon="11.4658613" visible="true" />
  <node id="-239" lat="48.7703069" lon="11.4658655" visible="true" />
  <node id="-240" lat="48.7702889" lon="11.4658959" visible="true" />
  <node id="-241" lat="48.7702286" lon="11.4658973" visible="true" />
  <node id="-242" lat="48.7702303" lon="11.4660610" visible="true" />
  <node id="-243" lat="48.7702907" lon="11.4660596" visible="true" />
  <node id="-244" lat="48.7702937" lon="11.4661137" visible="true" />
  <node id="-245" lat="48.7701842" lon="11.4660827" visible="true" />
  <node id="-246" lat="48.7701536" lon="11.4663326" visible="true" />
  <node id="-247" lat="48.7702631" lon="11.4663636" visible="true" />
  <node id="-248" lat="48.7699686" lon="11.4649178" visible="true" />
  <node id="-249" lat="48.7699021" lon="11.4649207" visible="true" />
  <node id="-250" lat="48.7699035" lon="11.4649921" visible="true" />
  <node id="-251" lat="48.7699699" lon="11.4649892" visible="true" />
  <node id="-252" lat="48.7703550" lon="11.4650349" visible="true" />
  <node id="-253" lat="48.7702886" lon="11.4650378" visible="true" />
  <node id="-254" lat="48.7702900" lon="11.4651093" visible="true" />
  <node id="-255" lat="48.7703564" lon="11.4651064" visible="true" />
  <node id="-256" lat="48.7701498" lon="11.4660301" visible="true" />
  <node id="-257" lat="48.7700192" lon="11.4660173" visible="true" />
  <node id="-258" lat="48.7700153" lon="11.4661087" visible="true" />
  <node id="-259" lat="48.7700810" lon="11.4661139" visible="true" />
  <node id="-260" lat="48.7701459" lon="11.4661215" visible="true" />
  <node id="-261" lat="48.7700719" lon="11.4662610" visible="true" />
  <node id="-262" lat="48.7701355" lon="11.4662687" visible="true" />
  <node id="-263" lat="48.7700029" lon="11.4662568" visible="true" />
  <node id="-264" lat="48.7699994" lon="11.4663482" visible="true" />
  <node id="-265" lat="48.7701300" lon="11.4663597" visible="true" />
  <node id="-266" lat="48.7702171" lon="11.4664701" visible="true" />
  <node id="-267" lat="48.7701604" lon="11.4664728" visible="true" />
  <node id="-268" lat="48.7701625" lon="11.4665797" visible="true" />
  <node id="-269" lat="48.7702192" lon="11.4665771" visible="true" />
  <node id="-270" lat="48.7698922" lon="11.4667489" visible="true" />
  <node id="-271" lat="48.7698890" lon="11.4665138" visible="true" />
  <node id="-272" lat="48.7697762" lon="11.4665174" visible="true" />
  <node id="-273" lat="48.7697794" lon="11.4667524" visible="true" />
  <node id="-274" lat="48.7697717" lon="11.4667330" visible="true" />
  <node id="-275" lat="48.7697070" lon="11.4667366" visible="true" />
  <node id="-276" lat="48.7697053" lon="11.4668275" visible="true" />
  <node id="-277" lat="48.7697719" lon="11.4668292" visible="true" />
  <node id="-278" lat="48.7702092" lon="11.4667216" visible="true" />
  <node id="-279" lat="48.7702100" lon="11.4666376" visible="true" />
  <node id="-280" lat="48.7701496" lon="11.4666364" visible="true" />
  <node id="-281" lat="48.7701502" lon="11.4665778" visible="true" />
  <node id="-282" lat="48.7700296" lon="11.4665752" visible="true" />
  <node id="-283" lat="48.7700280" lon="11.4667562" visible="true" />
  <node id="-284" lat="48.7701475" lon="11.4667587" visible="true" />
  <node id="-285" lat="48.7701479" lon="11.4667203" visible="true" />
  <node id="-286" lat="48.7696619" lon="11.4667540" visible="true" />
  <node id="-287" lat="48.7695809" lon="11.4667544" visible="true" />
  <node id="-288" lat="48.7695811" lon="11.4668455" visible="true" />
  <node id="-289" lat="48.7696620" lon="11.4668451" visible="true" />
  <node id="-290" lat="48.7694504" lon="11.4655492" visible="true" />
  <node id="-291" lat="48.7693282" lon="11.4655608" visible="true" />
  <node id="-292" lat="48.7693224" lon="11.4653840" visible="true" />
  <node id="-293" lat="48.7694446" lon="11.4653724" visible="true" />
  <node id="-294" lat="48.7696364" lon="11.4654140" visible="true" />
  <node id="-295" lat="48.7695461" lon="11.4654129" visible="true" />
  <node id="-296" lat="48.7695467" lon="11.4653162" visible="true" />
  <node id="-297" lat="48.7696370" lon="11.4653173" visible="true" />
  <node id="-298" lat="48.7707073" lon="11.4630097" visible="true" />
  <node id="-299" lat="48.7706871" lon="11.4625093" visible="true" />
  <node id="-300" lat="48.7704585" lon="11.4625305" visible="true" />
  <node id="-301" lat="48.7704504" lon="11.4623311" visible="true" />
  <node id="-302" lat="48.7702065" lon="11.4623537" visible="true" />
  <node id="-303" lat="48.7702145" lon="11.4625524" visible="true" />
  <node id="-304" lat="48.7697610" lon="11.4625945" visible="true" />
  <node id="-305" lat="48.7697813" lon="11.4630957" visible="true" />
  <node id="-306" lat="48.7693150" lon="11.4665909" visible="true" />
  <node id="-307" lat="48.7691870" lon="11.4666207" visible="true" />
  <node id="-308" lat="48.7692029" lon="11.4667788" visible="true" />
  <node id="-309" lat="48.7693310" lon="11.4667490" visible="true" />
  <node id="-310" lat="48.7693789" lon="11.4672415" visible="true" />
  <node id="-311" lat="48.7692694" lon="11.4672439" visible="true" />
  <node id="-312" lat="48.7692715" lon="11.4674596" visible="true" />
  <node id="-313" lat="48.7693810" lon="11.4674572" visible="true" />
  <node id="-314" lat="48.7692752" lon="11.4664930" visible="true" />
  <node id="-315" lat="48.7691866" lon="11.4665197" visible="true" />
  <node id="-316" lat="48.7691679" lon="11.4663772" visible="true" />
  <node id="-317" lat="48.7692565" lon="11.4663504" visible="true" />
  <node id="-318" lat="48.7692325" lon="11.4660552" visible="true" />
  <node id="-319" lat="48.7691255" lon="11.4660858" visible="true" />
  <node id="-320" lat="48.7691517" lon="11.4662970" visible="true" />
  <node id="-321" lat="48.7692587" lon="11.4662664" visible="true" />
  <node id="-322" lat="48.7691394" lon="11.4670183" visible="true" />
  <node id="-323" lat="48.7690619" lon="11.4670189" visible="true" />
  <node id="-324" lat="48.7690625" lon="11.4671676" visible="true" />
  <node id="-325" lat="48.7691399" lon="11.4671670" visible="true" />
  <node id="-326" lat="48.7691935" lon="11.4663518" visible="true" />
  <node id="-327" lat="48.7691048" lon="11.4663711" visible="true" />
  <node id="-328" lat="48.7691007" lon="11.4663274" visible="true" />
  <node id="-329" lat="48.7691894" lon="11.4663081" visible="true" />
  <node id="-330" lat="48.7690660" lon="11.4674956" visible="true" />
  <node id="-331" lat="48.7689885" lon="11.4674962" visible="true" />
  <node id="-332" lat="48.7689890" lon="11.4676448" visible="true" />
  <node id="-333" lat="48.7690664" lon="11.4676443" visible="true" />
  <node id="-334" lat="48.7693257" lon="11.4676224" visible="true" />
  <node id="-335" lat="48.7693263" lon="11.4676434" visible="true" />
  <node id="-336" lat="48.7693695" lon="11.4676421" visible="true" />
  <node id="-337" lat="48.7693656" lon="11.4675637" visible="true" />
  <node id="-338" lat="48.7694259" lon="11.4675654" visible="true" />
  <node id="-339" lat="48.7694358" lon="11.4677662" visible="true" />
  <node id="-340" lat="48.7693755" lon="11.4677645" visible="true" />
  <node id="-341" lat="48.7693731" lon="11.4677155" visible="true" />
  <node id="-342" lat="48.7693283" lon="11.4677168" visible="true" />
  <node id="-343" lat="48.7693294" lon="11.4677555" visible="true" />
  <node id="-344" lat="48.7692577" lon="11.4677610" visible="true" />
  <node id="-345" lat="48.7692603" lon="11.4676230" visible="true" />
  <node id="-346" lat="48.7694403" lon="11.4679683" visible="true" />
  <node id="-347" lat="48.7693222" lon="11.4679873" visible="true" />
  <node id="-348" lat="48.7693327" lon="11.4681379" visible="true" />
  <node id="-349" lat="48.7694508" lon="11.4681189" visible="true" />
  <node id="-350" lat="48.7690157" lon="11.4672628" visible="true" />
  <node id="-351" lat="48.7690158" lon="11.4673073" visible="true" />
  <node id="-352" lat="48.7690886" lon="11.4673067" visible="true" />
  <node id="-353" lat="48.7690884" lon="11.4672623" visible="true" />
  <node id="-354" lat="48.7692574" lon="11.4675175" visible="true" />
  <node id="-355" lat="48.7692569" lon="11.4673688" visible="true" />
  <node id="-356" lat="48.7691794" lon="11.4673695" visible="true" />
  <node id="-357" lat="48.7691799" lon="11.4675181" visible="true" />
  <node id="-358" lat="48.7692065" lon="11.4675179" visible="true" />
  <node id="-359" lat="48.7692062" lon="11.4675902" visible="true" />
  <node id="-360" lat="48.7692507" lon="11.4675906" visible="true" />
  <node id="-361" lat="48.7689908" lon="11.4677150" visible="true" />
  <node id="-362" lat="48.7689909" lon="11.4677594" visible="true" />
  <node id="-363" lat="48.7690636" lon="11.4677588" visible="true" />
  <node id="-364" lat="48.7690635" lon="11.4677143" visible="true" />
  <node id="-365" lat="48.7694151" lon="11.4678419" visible="true" />
  <node id="-366" lat="48.7693216" lon="11.4678530" visible="true" />
  <node id="-367" lat="48.7693270" lon="11.4679573" visible="true" />
  <node id="-368" lat="48.7694204" lon="11.4679462" visible="true" />
  <node id="-369" lat="48.7694902" lon="11.4682455" visible="true" />
  <node id="-370" lat="48.7693757" lon="11.4682646" visible="true" />
  <node id="-371" lat="48.7693858" lon="11.4684027" visible="true" />
  <node id="-372" lat="48.7695002" lon="11.4683836" visible="true" />
  <node id="-373" lat="48.7694546" lon="11.4684234" visible="true" />
  <node id="-374" lat="48.7693553" lon="11.4684406" visible="true" />
  <node id="-375" lat="48.7693743" lon="11.4686933" visible="true" />
  <node id="-376" lat="48.7694736" lon="11.4686761" visible="true" />
  <node id="-377" lat="48.7695186" lon="11.4688524" visible="true" />
  <node id="-378" lat="48.7693989" lon="11.4688740" visible="true" />
  <node id="-379" lat="48.7694159" lon="11.4690916" visible="true" />
  <node id="-380" lat="48.7695356" lon="11.4690700" visible="true" />
  <node id="-381" lat="48.7696510" lon="11.4698524" visible="true" />
  <node id="-382" lat="48.7695714" lon="11.4698537" visible="true" />
  <node id="-383" lat="48.7695729" lon="11.4700714" visible="true" />
  <node id="-384" lat="48.7696524" lon="11.4700701" visible="true" />
  <node id="-385" lat="48.7696353" lon="11.4701676" visible="true" />
  <node id="-386" lat="48.7695642" lon="11.4701681" visible="true" />
  <node id="-387" lat="48.7695648" lon="11.4703158" visible="true" />
  <node id="-388" lat="48.7696365" lon="11.4703162" visible="true" />
  <node id="-389" lat="48.7695186" lon="11.4705121" visible="true" />
  <node id="-390" lat="48.7693544" lon="11.4705069" visible="true" />
  <node id="-391" lat="48.7693512" lon="11.4706088" visible="true" />
  <node id="-392" lat="48.7694283" lon="11.4706103" visible="true" />
  <node id="-393" lat="48.7695154" lon="11.4706139" visible="true" />
  <node id="-394" lat="48.7692024" lon="11.4702907" visible="true" />
  <node id="-395" lat="48.7691347" lon="11.4702913" visible="true" />
  <node id="-396" lat="48.7691363" lon="11.4704661" visible="true" />
  <node id="-397" lat="48.7692041" lon="11.4704654" visible="true" />
  <node id="-398" lat="48.7691503" lon="11.4700581" visible="true" />
  <node id="-399" lat="48.7690823" lon="11.4700600" visible="true" />
  <node id="-400" lat="48.7690794" lon="11.4698118" visible="true" />
  <node id="-401" lat="48.7691474" lon="11.4698099" visible="true" />
  <node id="-402" lat="48.7693530" lon="11.4697625" visible="true" />
  <node id="-403" lat="48.7692374" lon="11.4697718" visible="true" />
  <node id="-404" lat="48.7692459" lon="11.4700141" visible="true" />
  <node id="-405" lat="48.7693615" lon="11.4700048" visible="true" />
  <node id="-406" lat="48.7693921" lon="11.4702738" visible="true" />
  <node id="-407" lat="48.7692259" lon="11.4702817" visible="true" />
  <node id="-408" lat="48.7692240" lon="11.4704061" visible="true" />
  <node id="-409" lat="48.7693902" lon="11.4704086" visible="true" />
  <node id="-410" lat="48.7694842" lon="11.4703587" visible="true" />
  <node id="-411" lat="48.7694130" lon="11.4703590" visible="true" />
  <node id="-412" lat="48.7694137" lon="11.4705066" visible="true" />
  <node id="-413" lat="48.7694848" lon="11.4705063" visible="true" />
  <node id="-414" lat="48.7690839" lon="11.4702865" visible="true" />
  <node id="-415" lat="48.7691508" lon="11.4702856" visible="true" />
  <node id="-416" lat="48.7684801" lon="11.4704248" visible="true" />
  <node id="-417" lat="48.7683642" lon="11.4704254" visible="true" />
  <node id="-418" lat="48.7683655" lon="11.4706677" visible="true" />
  <node id="-419" lat="48.7684814" lon="11.4706671" visible="true" />
  <node id="-420" lat="48.7688011" lon="11.4703933" visible="true" />
  <node id="-421" lat="48.7687032" lon="11.4703947" visible="true" />
  <node id="-422" lat="48.7687047" lon="11.4706170" visible="true" />
  <node id="-423" lat="48.7688025" lon="11.4706156" visible="true" />
  <node id="-424" lat="48.7685625" lon="11.4709302" visible="true" />
  <node id="-425" lat="48.7684466" lon="11.4709306" visible="true" />
  <node id="-426" lat="48.7684470" lon="11.4711730" visible="true" />
  <node id="-427" lat="48.7685629" lon="11.4711726" visible="true" />
  <node id="-428" lat="48.7688730" lon="11.4700718" visible="true" />
  <node id="-429" lat="48.7688048" lon="11.4700721" visible="true" />
  <node id="-430" lat="48.7688052" lon="11.4701615" visible="true" />
  <node id="-431" lat="48.7688734" lon="11.4701612" visible="true" />
  <node id="-432" lat="48.7687239" lon="11.4698045" visible="true" />
  <node id="-433" lat="48.7685805" lon="11.4698050" visible="true" />
  <node id="-434" lat="48.7685798" lon="11.4696274" visible="true" />
  <node id="-435" lat="48.7687232" lon="11.4696269" visible="true" />
  <node id="-436" lat="48.7685558" lon="11.4689419" visible="true" />
  <node id="-437" lat="48.7684782" lon="11.4689410" visible="true" />
  <node id="-438" lat="48.7684779" lon="11.4690102" visible="true" />
  <node id="-439" lat="48.7685554" lon="11.4690110" visible="true" />
  <node id="-440" lat="48.7685641" lon="11.4692320" visible="true" />
  <node id="-441" lat="48.7684873" lon="11.4692142" visible="true" />
  <node id="-442" lat="48.7684794" lon="11.4692929" visible="true" />
  <node id="-443" lat="48.7685562" lon="11.4693107" visible="true" />
  <node id="-444" lat="48.7698104" lon="11.4694107" visible="true" />
  <node id="-445" lat="48.7697542" lon="11.4694119" visible="true" />
  <node id="-446" lat="48.7697523" lon="11.4691852" visible="true" />
  <node id="-447" lat="48.7698085" lon="11.4691840" visible="true" />
  <node id="-448" lat="48.7699798" lon="11.4693761" visible="true" />
  <node id="-449" lat="48.7698730" lon="11.4693747" visible="true" />
  <node id="-450" lat="48.7698717" lon="11.4695873" visible="true" />
  <node id="-451" lat="48.7699256" lon="11.4695880" visible="true" />
  <node id="-452" lat="48.7699785" lon="11.4695887" visible="true" />
  <node id="-453" lat="48.7701087" lon="11.4696567" visible="true" />
  <node id="-454" lat="48.7700552" lon="11.4696564" visible="true" />
  <node id="-455" lat="48.7700554" lon="11.4695898" visible="true" />
  <node id="-456" lat="48.7701088" lon="11.4695900" visible="true" />
  <node id="-457" lat="48.7700549" lon="11.4688012" visible="true" />
  <node id="-458" lat="48.7698675" lon="11.4688050" visible="true" />
  <node id="-459" lat="48.7698724" lon="11.4693738" visible="true" />
  <node id="-460" lat="48.7700598" lon="11.4693700" visible="true" />
  <node id="-461" lat="48.7702358" lon="11.4694009" visible="true" />
  <node id="-462" lat="48.7701173" lon="11.4693895" visible="true" />
  <node id="-463" lat="48.7701092" lon="11.4695818" visible="true" />
  <node id="-464" lat="48.7702277" lon="11.4695932" visible="true" />
  <node id="-465" lat="48.7704250" lon="11.4694651" visible="true" />
  <node id="-466" lat="48.7703126" lon="11.4693909" visible="true" />
  <node id="-467" lat="48.7702500" lon="11.4696093" visible="true" />
  <node id="-468" lat="48.7703624" lon="11.4696835" visible="true" />
  <node id="-469" lat="48.7705188" lon="11.4688713" visible="true" />
  <node id="-470" lat="48.7704408" lon="11.4688360" visible="true" />
  <node id="-471" lat="48.7704216" lon="11.4689340" visible="true" />
  <node id="-472" lat="48.7704996" lon="11.4689692" visible="true" />
  <node id="-473" lat="48.7698614" lon="11.4688871" visible="true" />
  <node id="-474" lat="48.7697304" lon="11.4688956" visible="true" />
  <node id="-475" lat="48.7697395" lon="11.4691681" visible="true" />
  <node id="-476" lat="48.7698635" lon="11.4691553" visible="true" />
  <node id="-477" lat="48.7703405" lon="11.4693244" visible="true" />
  <node id="-478" lat="48.7702877" lon="11.4693241" visible="true" />
  <node id="-479" lat="48.7702880" lon="11.4692198" visible="true" />
  <node id="-480" lat="48.7703408" lon="11.4692201" visible="true" />
  <node id="-481" lat="48.7703982" lon="11.4692245" visible="true" />
  <node id="-482" lat="48.7703621" lon="11.4693576" visible="true" />
  <node id="-483" lat="48.7704820" lon="11.4694325" visible="true" />
  <node id="-484" lat="48.7705262" lon="11.4692696" visible="true" />
  <node id="-485" lat="48.7705582" lon="11.4692896" visible="true" />
  <node id="-486" lat="48.7705908" lon="11.4691695" visible="true" />
  <node id="-487" lat="48.7704276" lon="11.4690676" visible="true" />
  <node id="-488" lat="48.7703870" lon="11.4692174" visible="true" />
  <node id="-489" lat="48.7706236" lon="11.4688344" visible="true" />
  <node id="-490" lat="48.7705384" lon="11.4687993" visible="true" />
  <node id="-491" lat="48.7705224" lon="11.4688882" visible="true" />
  <node id="-492" lat="48.7706077" lon="11.4689233" visible="true" />
  <node id="-493" lat="48.7705734" lon="11.4691351" visible="true" />
  <node id="-494" lat="48.7705244" lon="11.4691045" visible="true" />
  <node id="-495" lat="48.7705527" lon="11.4689998" visible="true" />
  <node id="-496" lat="48.7706017" lon="11.4690304" visible="true" />
  <node id="-497" lat="48.7704099" lon="11.4687514" visible="true" />
  <node id="-498" lat="48.7703586" lon="11.4687240" visible="true" />
  <node id="-499" lat="48.7703683" lon="11.4686822" visible="true" />
  <node id="-500" lat="48.7704196" lon="11.4687096" visible="true" />
  <node id="-501" lat="48.7706866" lon="11.4687761" visible="true" />
  <node id="-502" lat="48.7706766" lon="11.4688296" visible="true" />
  <node id="-503" lat="48.7706143" lon="11.4688026" visible="true" />
  <node id="-504" lat="48.7706243" lon="11.4687491" visible="true" />
  <node id="-505" lat="48.7719253" lon="11.4643253" visible="true" />
  <node id="-506" lat="48.7718067" lon="11.4643189" visible="true" />
  <node id="-507" lat="48.7717899" lon="11.4650323" visible="true" />
  <node id="-508" lat="48.7719085" lon="11.4650386" visible="true" />
  <node id="-509" lat="48.7716525" lon="11.4651024" visible="true" />
  <node id="-510" lat="48.7715299" lon="11.4651010" visible="true" />
  <node id="-511" lat="48.7715262" lon="11.4658341" visible="true" />
  <node id="-512" lat="48.7716488" lon="11.4658355" visible="true" />
  <node id="-513" lat="48.7714765" lon="11.4659379" visible="true" />
  <node id="-514" lat="48.7713557" lon="11.4659334" visible="true" />
  <node id="-515" lat="48.7713437" lon="11.4666664" visible="true" />
  <node id="-516" lat="48.7714645" lon="11.4666709" visible="true" />
  <node id="-517" lat="48.7715574" lon="11.4650087" visible="true" />
  <node id="-518" lat="48.7715015" lon="11.4650001" visible="true" />
  <node id="-519" lat="48.7715702" lon="11.4642481" visible="true" />
  <node id="-520" lat="48.7717694" lon="11.4642471" visible="true" />
  <node id="-521" lat="48.7717687" lon="11.4643346" visible="true" />
  <node id="-522" lat="48.7716161" lon="11.4643349" visible="true" />
  <node id="-523" lat="48.7723384" lon="11.4667744" visible="true" />
  <node id="-524" lat="48.7722315" lon="11.4667935" visible="true" />
  <node id="-525" lat="48.7722433" lon="11.4669457" visible="true" />
  <node id="-526" lat="48.7723502" lon="11.4669266" visible="true" />
  <node id="-527" lat="48.7724221" lon="11.4672201" visible="true" />
  <node id="-528" lat="48.7723303" lon="11.4672422" visible="true" />
  <node id="-529" lat="48.7723441" lon="11.4673741" visible="true" />
  <node id="-530" lat="48.7724359" lon="11.4673520" visible="true" />
  <node id="-531" lat="48.7724827" lon="11.4675733" visible="true" />
  <node id="-532" lat="48.7723779" lon="11.4675947" visible="true" />
  <node id="-533" lat="48.7724028" lon="11.4678751" visible="true" />
  <node id="-534" lat="48.7725076" lon="11.4678536" visible="true" />
  <node id="-535" lat="48.7720554" lon="11.4668889" visible="true" />
  <node id="-536" lat="48.7719754" lon="11.4669119" visible="true" />
  <node id="-537" lat="48.7719927" lon="11.4670499" visible="true" />
  <node id="-538" lat="48.7720727" lon="11.4670269" visible="true" />
  <node id="-539" lat="48.7721035" lon="11.4671405" visible="true" />
  <node id="-540" lat="48.7720147" lon="11.4671616" visible="true" />
  <node id="-541" lat="48.7720258" lon="11.4672695" visible="true" />
  <node id="-542" lat="48.7721146" lon="11.4672484" visible="true" />
  <node id="-543" lat="48.7721240" lon="11.4674002" visible="true" />
  <node id="-544" lat="48.7720365" lon="11.4674366" visible="true" />
  <node id="-545" lat="48.7720683" lon="11.4676127" visible="true" />
  <node id="-546" lat="48.7721558" lon="11.4675763" visible="true" />
  <node id="-547" lat="48.7721887" lon="11.4678046" visible="true" />
  <node id="-548" lat="48.7721067" lon="11.4678417" visible="true" />
  <node id="-549" lat="48.7721325" lon="11.4679730" visible="true" />
  <node id="-550" lat="48.7722145" lon="11.4679359" visible="true" />
  <node id="-551" lat="48.7720535" lon="11.4679363" visible="true" />
  <node id="-552" lat="48.7719061" lon="11.4680231" visible="true" />
  <node id="-553" lat="48.7719423" lon="11.4681647" visible="true" />
  <node id="-554" lat="48.7720897" lon="11.4680778" visible="true" />
  <node id="-555" lat="48.7716374" lon="11.4670264" visible="true" />
  <node id="-556" lat="48.7715652" lon="11.4669844" visible="true" />
  <node id="-557" lat="48.7715334" lon="11.4671101" visible="true" />
  <node id="-558" lat="48.7716056" lon="11.4671521" visible="true" />
  <node id="-559" lat="48.7717233" lon="11.4673263" visible="true" />
  <node id="-560" lat="48.7716332" lon="11.4672690" visible="true" />
  <node id="-561" lat="48.7715632" lon="11.4675223" visible="true" />
  <node id="-562" lat="48.7716533" lon="11.4675796" visible="true" />
  <node id="-563" lat="48.7718400" lon="11.4675674" visible="true" />
  <node id="-564" lat="48.7717382" lon="11.4675716" visible="true" />
  <node id="-565" lat="48.7717404" lon="11.4676942" visible="true" />
  <node id="-566" lat="48.7718422" lon="11.4676900" visible="true" />
  <node id="-567" lat="48.7716493" lon="11.4678180" visible="true" />
  <node id="-568" lat="48.7716771" lon="11.4679824" visible="true" />
  <node id="-569" lat="48.7715879" lon="11.4680171" visible="true" />
  <node id="-570" lat="48.7715601" lon="11.4678527" visible="true" />
  <node id="-571" lat="48.7716494" lon="11.4681543" visible="true" />
  <node id="-572" lat="48.7715515" lon="11.4681998" visible="true" />
  <node id="-573" lat="48.7715899" lon="11.4683899" visible="true" />
  <node id="-574" lat="48.7716877" lon="11.4683444" visible="true" />
  <node id="-575" lat="48.7714801" lon="11.4682501" visible="true" />
  <node id="-576" lat="48.7713828" lon="11.4682831" visible="true" />
  <node id="-577" lat="48.7713582" lon="11.4681168" visible="true" />
  <node id="-578" lat="48.7714555" lon="11.4680838" visible="true" />
  <node id="-579" lat="48.7713995" lon="11.4676942" visible="true" />
  <node id="-580" lat="48.7713328" lon="11.4676515" visible="true" />
  <node id="-581" lat="48.7713693" lon="11.4675202" visible="true" />
  <node id="-582" lat="48.7714360" lon="11.4675629" visible="true" />
  <node id="-583" lat="48.7719730" lon="11.4671277" visible="true" />
  <node id="-584" lat="48.7719088" lon="11.4671484" visible="true" />
  <node id="-585" lat="48.7719200" lon="11.4672282" visible="true" />
  <node id="-586" lat="48.7719842" lon="11.4672075" visible="true" />
  <node id="-587" lat="48.7717101" lon="11.4670073" visible="true" />
  <node id="-588" lat="48.7716596" lon="11.4669805" visible="true" />
  <node id="-589" lat="48.7716514" lon="11.4670159" visible="true" />
  <node id="-590" lat="48.7717019" lon="11.4670427" visible="true" />
  <node id="-591" lat="48.7716845" lon="11.4671781" visible="true" />
  <node id="-592" lat="48.7716177" lon="11.4671520" visible="true" />
  <node id="-593" lat="48.7716063" lon="11.4672195" visible="true" />
  <node id="-594" lat="48.7716731" lon="11.4672456" visible="true" />
  <node id="-595" lat="48.7718536" lon="11.4672508" visible="true" />
  <node id="-596" lat="48.7717985" lon="11.4672319" visible="true" />
  <node id="-597" lat="48.7717885" lon="11.4672988" visible="true" />
  <node id="-598" lat="48.7718436" lon="11.4673176" visible="true" />
  <node id="-599" lat="48.7718802" lon="11.4677821" visible="true" />
  <node id="-600" lat="48.7718089" lon="11.4677278" visible="true" />
  <node id="-601" lat="48.7717948" lon="11.4677705" visible="true" />
  <node id="-602" lat="48.7718661" lon="11.4678248" visible="true" />
  <node id="-603" lat="48.7712570" lon="11.4681110" visible="true" />
  <node id="-604" lat="48.7711614" lon="11.4680344" visible="true" />
  <node id="-605" lat="48.7710960" lon="11.4682219" visible="true" />
  <node id="-606" lat="48.7711916" lon="11.4682984" visible="true" />
  <node id="-607" lat="48.7725405" lon="11.4680575" visible="true" />
  <node id="-608" lat="48.7724198" lon="11.4680896" visible="true" />
  <node id="-609" lat="48.7724416" lon="11.4682774" visible="true" />
  <node id="-610" lat="48.7725622" lon="11.4682453" visible="true" />
  <node id="-611" lat="48.7726071" lon="11.4684068" visible="true" />
  <node id="-612" lat="48.7725269" lon="11.4684504" visible="true" />
  <node id="-613" lat="48.7725550" lon="11.4685692" visible="true" />
  <node id="-614" lat="48.7726352" lon="11.4685256" visible="true" />
  <node id="-615" lat="48.7726427" lon="11.4686353" visible="true" />
  <node id="-616" lat="48.7725625" lon="11.4686599" visible="true" />
  <node id="-617" lat="48.7725843" lon="11.4688236" visible="true" />
  <node id="-618" lat="48.7726645" lon="11.4687990" visible="true" />
  <node id="-619" lat="48.7726732" lon="11.4689790" visible="true" />
  <node id="-620" lat="48.7725985" lon="11.4690070" visible="true" />
  <node id="-621" lat="48.7726198" lon="11.4691377" visible="true" />
  <node id="-622" lat="48.7726945" lon="11.4691097" visible="true" />
  <node id="-623" lat="48.7727752" lon="11.4691806" visible="true" />
  <node id="-624" lat="48.7726224" lon="11.4692255" visible="true" />
  <node id="-625" lat="48.7726400" lon="11.4693628" visible="true" />
  <node id="-626" lat="48.7727928" lon="11.4693179" visible="true" />
  <node id="-627" lat="48.7727964" lon="11.4694176" visible="true" />
  <node id="-628" lat="48.7727122" lon="11.4694540" visible="true" />
  <node id="-629" lat="48.7727387" lon="11.4695957" visible="true" />
  <node id="-630" lat="48.7728229" lon="11.4695593" visible="true" />
  <node id="-631" lat="48.7728375" lon="11.4696427" visible="true" />
  <node id="-632" lat="48.7727497" lon="11.4696801" visible="true" />
  <node id="-633" lat="48.7727827" lon="11.4698584" visible="true" />
  <node id="-634" lat="48.7728705" lon="11.4698211" visible="true" />
  <node id="-635" lat="48.7728924" lon="11.4698940" visible="true" />
  <node id="-636" lat="48.7727983" lon="11.4699235" visible="true" />
  <node id="-637" lat="48.7728224" lon="11.4701009" visible="true" />
  <node id="-638" lat="48.7729166" lon="11.4700714" visible="true" />
  <node id="-639" lat="48.7729639" lon="11.4703276" visible="true" />
  <node id="-640" lat="48.7729440" lon="11.4701524" visible="true" />
  <node id="-641" lat="48.7728112" lon="11.4701872" visible="true" />
  <node id="-642" lat="48.7728311" lon="11.4703624" visible="true" />
  <node id="-643" lat="48.7725884" lon="11.4702950" visible="true" />
  <node id="-644" lat="48.7724479" lon="11.4703338" visible="true" />
  <node id="-645" lat="48.7724672" lon="11.4704946" visible="true" />
  <node id="-646" lat="48.7726077" lon="11.4704558" visible="true" />
  <node id="-647" lat="48.7726275" lon="11.4701843" visible="true" />
  <node id="-648" lat="48.7724851" lon="11.4702228" visible="true" />
  <node id="-649" lat="48.7724701" lon="11.4700947" visible="true" />
  <node id="-650" lat="48.7726124" lon="11.4700562" visible="true" />
  <node id="-651" lat="48.7723442" lon="11.4704619" visible="true" />
  <node id="-652" lat="48.7721731" lon="11.4704672" visible="true" />
  <node id="-653" lat="48.7721701" lon="11.4702391" visible="true" />
  <node id="-654" lat="48.7723411" lon="11.4702338" visible="true" />
  <node id="-655" lat="48.7720912" lon="11.4703793" visible="true" />
  <node id="-656" lat="48.7719695" lon="11.4703818" visible="true" />
  <node id="-657" lat="48.7719742" lon="11.4706061" visible="true" />
  <node id="-658" lat="48.7720959" lon="11.4706036" visible="true" />
  <node id="-659" lat="48.7721296" lon="11.4701419" visible="true" />
  <node id="-660" lat="48.7719981" lon="11.4701425" visible="true" />
  <node id="-661" lat="48.7719976" lon="11.4699185" visible="true" />
  <node id="-662" lat="48.7721291" lon="11.4699179" visible="true" />
  <node id="-663" lat="48.7721705" lon="11.4701617" visible="true" />
  <node id="-664" lat="48.7723166" lon="11.4701481" visible="true" />
  <node id="-665" lat="48.7723080" lon="11.4699351" visible="true" />
  <node id="-666" lat="48.7721619" lon="11.4699487" visible="true" />
  <node id="-667" lat="48.7724709" lon="11.4696458" visible="true" />
  <node id="-668" lat="48.7723610" lon="11.4696877" visible="true" />
  <node id="-669" lat="48.7723361" lon="11.4695367" visible="true" />
  <node id="-670" lat="48.7724459" lon="11.4694949" visible="true" />
  <node id="-671" lat="48.7722876" lon="11.4695348" visible="true" />
  <node id="-672" lat="48.7721753" lon="11.4695855" visible="true" />
  <node id="-673" lat="48.7722081" lon="11.4697527" visible="true" />
  <node id="-674" lat="48.7723204" lon="11.4697020" visible="true" />
  <node id="-675" lat="48.7724782" lon="11.4694504" visible="true" />
  <node id="-676" lat="48.7723927" lon="11.4694840" visible="true" />
  <node id="-677" lat="48.7723700" lon="11.4693507" visible="true" />
  <node id="-678" lat="48.7724555" lon="11.4693171" visible="true" />
  <node id="-679" lat="48.7724705" lon="11.4691791" visible="true" />
  <node id="-680" lat="48.7723802" lon="11.4692209" visible="true" />
  <node id="-681" lat="48.7723584" lon="11.4691127" visible="true" />
  <node id="-682" lat="48.7724487" lon="11.4690709" visible="true" />
  <node id="-683" lat="48.7720702" lon="11.4693253" visible="true" />
  <node id="-684" lat="48.7719633" lon="11.4693437" visible="true" />
  <node id="-685" lat="48.7719510" lon="11.4691798" visible="true" />
  <node id="-686" lat="48.7720579" lon="11.4691614" visible="true" />
  <node id="-687" lat="48.7722177" lon="11.4686797" visible="true" />
  <node id="-688" lat="48.7721317" lon="11.4687165" visible="true" />
  <node id="-689" lat="48.7720933" lon="11.4685095" visible="true" />
  <node id="-690" lat="48.7721793" lon="11.4684727" visible="true" />
  <node id="-691" lat="48.7723116" lon="11.4683702" visible="true" />
  <node id="-692" lat="48.7722675" lon="11.4683876" visible="true" />
  <node id="-693" lat="48.7722076" lon="11.4684112" visible="true" />
  <node id="-694" lat="48.7721864" lon="11.4682877" visible="true" />
  <node id="-695" lat="48.7722904" lon="11.4682466" visible="true" />
  <node id="-696" lat="48.7719373" lon="11.4683989" visible="true" />
  <node id="-697" lat="48.7718269" lon="11.4684337" visible="true" />
  <node id="-698" lat="48.7718567" lon="11.4686511" visible="true" />
  <node id="-699" lat="48.7719671" lon="11.4686163" visible="true" />
  <node id="-700" lat="48.7726699" lon="11.4679852" visible="true" />
  <node id="-701" lat="48.7725838" lon="11.4680098" visible="true" />
  <node id="-702" lat="48.7726101" lon="11.4682222" visible="true" />
  <node id="-703" lat="48.7726962" lon="11.4681977" visible="true" />
  <node id="-704" lat="48.7725549" lon="11.4682680" visible="true" />
  <node id="-705" lat="48.7724705" lon="11.4682953" visible="true" />
  <node id="-706" lat="48.7724791" lon="11.4683569" visible="true" />
  <node id="-707" lat="48.7725635" lon="11.4683296" visible="true" />
  <node id="-708" lat="48.7725687" lon="11.4683287" visible="true" />
  <node id="-709" lat="48.7724843" lon="11.4683560" visible="true" />
  <node id="-710" lat="48.7724929" lon="11.4684176" visible="true" />
  <node id="-711" lat="48.7725773" lon="11.4683903" visible="true" />
  <node id="-712" lat="48.7730515" lon="11.4703184" visible="true" />
  <node id="-713" lat="48.7730453" lon="11.4702498" visible="true" />
  <node id="-714" lat="48.7729611" lon="11.4702675" visible="true" />
  <node id="-715" lat="48.7729674" lon="11.4703361" visible="true" />
  <node id="-716" lat="48.7720783" lon="11.4702361" visible="true" />
  <node id="-717" lat="48.7720058" lon="11.4702359" visible="true" />
  <node id="-718" lat="48.7720060" lon="11.4701607" visible="true" />
  <node id="-719" lat="48.7720785" lon="11.4701609" visible="true" />
  <node id="-720" lat="48.7720242" lon="11.4706807" visible="true" />
  <node id="-721" lat="48.7719517" lon="11.4706819" visible="true" />
  <node id="-722" lat="48.7719505" lon="11.4706067" visible="true" />
  <node id="-723" lat="48.7720230" lon="11.4706056" visible="true" />
  <node id="-724" lat="48.7720877" lon="11.4703782" visible="true" />
  <node id="-725" lat="48.7720152" lon="11.4703780" visible="true" />
  <node id="-726" lat="48.7720154" lon="11.4703029" visible="true" />
  <node id="-727" lat="48.7720879" lon="11.4703030" visible="true" />
  <node id="-728" lat="48.7720906" lon="11.4683499" visible="true" />
  <node id="-729" lat="48.7721124" lon="11.4684364" visible="true" />
  <node id="-730" lat="48.7721495" lon="11.4684149" visible="true" />
  <node id="-731" lat="48.7721277" lon="11.4683284" visible="true" />
  <node id="-732" lat="48.7722159" lon="11.4684593" visible="true" />
  <node id="-733" lat="48.7722758" lon="11.4684356" visible="true" />
  <node id="-734" lat="48.7719857" lon="11.4683972" visible="true" />
  <node id="-735" lat="48.7720154" lon="11.4685066" visible="true" />
  <node id="-736" lat="48.7720544" lon="11.4684823" visible="true" />
  <node id="-737" lat="48.7720248" lon="11.4683728" visible="true" />
  <node id="-738" lat="48.7719911" lon="11.4686261" visible="true" />
  <node id="-739" lat="48.7719321" lon="11.4686455" visible="true" />
  <node id="-740" lat="48.7719385" lon="11.4686908" visible="true" />
  <node id="-741" lat="48.7719975" lon="11.4686714" visible="true" />
  <node id="-742" lat="48.7719332" lon="11.4694077" visible="true" />
  <node id="-743" lat="48.7719384" lon="11.4694690" visible="true" />
  <node id="-744" lat="48.7719830" lon="11.4694601" visible="true" />
  <node id="-745" lat="48.7719778" lon="11.4693988" visible="true" />
  <node id="-746" lat="48.7719975" lon="11.4689996" visible="true" />
  <node id="-747" lat="48.7719301" lon="11.4690191" visible="true" />
  <node id="-748" lat="48.7719079" lon="11.4688429" visible="true" />
  <node id="-749" lat="48.7719753" lon="11.4688234" visible="true" />
  <node id="-750" lat="48.7717295" lon="11.4685463" visible="true" />
  <node id="-751" lat="48.7716392" lon="11.4685547" visible="true" />
  <node id="-752" lat="48.7716466" lon="11.4687393" visible="true" />
  <node id="-753" lat="48.7717369" lon="11.4687309" visible="true" />
  <node id="-754" lat="48.7717645" lon="11.4689542" visible="true" />
  <node id="-755" lat="48.7716675" lon="11.4689688" visible="true" />
  <node id="-756" lat="48.7716798" lon="11.4691572" visible="true" />
  <node id="-757" lat="48.7717768" lon="11.4691426" visible="true" />
  <node id="-758" lat="48.7717858" lon="11.4692790" visible="true" />
  <node id="-759" lat="48.7716415" lon="11.4692833" visible="true" />
  <node id="-760" lat="48.7716441" lon="11.4694784" visible="true" />
  <node id="-761" lat="48.7717884" lon="11.4694741" visible="true" />
  <node id="-762" lat="48.7717891" lon="11.4695484" visible="true" />
  <node id="-763" lat="48.7716443" lon="11.4695413" visible="true" />
  <node id="-764" lat="48.7716394" lon="11.4697257" visible="true" />
  <node id="-765" lat="48.7717089" lon="11.4697311" visible="true" />
  <node id="-766" lat="48.7717855" lon="11.4697344" visible="true" />
  <node id="-767" lat="48.7716332" lon="11.4690163" visible="true" />
  <node id="-768" lat="48.7715720" lon="11.4690205" visible="true" />
  <node id="-769" lat="48.7715759" lon="11.4691548" visible="true" />
  <node id="-770" lat="48.7716371" lon="11.4691506" visible="true" />
  <node id="-771" lat="48.7715056" lon="11.4689571" visible="true" />
  <node id="-772" lat="48.7714509" lon="11.4689598" visible="true" />
  <node id="-773" lat="48.7714530" lon="11.4690575" visible="true" />
  <node id="-774" lat="48.7715077" lon="11.4690548" visible="true" />
  <node id="-775" lat="48.7714371" lon="11.4687662" visible="true" />
  <node id="-776" lat="48.7713632" lon="11.4687641" visible="true" />
  <node id="-777" lat="48.7713598" lon="11.4690273" visible="true" />
  <node id="-778" lat="48.7714337" lon="11.4690294" visible="true" />
  <node id="-779" lat="48.7712942" lon="11.4688645" visible="true" />
  <node id="-780" lat="48.7712103" lon="11.4688143" visible="true" />
  <node id="-781" lat="48.7711839" lon="11.4689159" visible="true" />
  <node id="-782" lat="48.7711597" lon="11.4690091" visible="true" />
  <node id="-783" lat="48.7711453" lon="11.4690642" visible="true" />
  <node id="-784" lat="48.7712292" lon="11.4691144" visible="true" />
  <node id="-785" lat="48.7709926" lon="11.4689518" visible="true" />
  <node id="-786" lat="48.7708790" lon="11.4688597" visible="true" />
  <node id="-787" lat="48.7708465" lon="11.4689520" visible="true" />
  <node id="-788" lat="48.7709601" lon="11.4690441" visible="true" />
  <node id="-789" lat="48.7710423" lon="11.4691550" visible="true" />
  <node id="-790" lat="48.7709142" lon="11.4690493" visible="true" />
  <node id="-791" lat="48.7708654" lon="11.4691854" visible="true" />
  <node id="-792" lat="48.7709935" lon="11.4692911" visible="true" />
  <node id="-793" lat="48.7714826" lon="11.4693460" visible="true" />
  <node id="-794" lat="48.7714066" lon="11.4693335" visible="true" />
  <node id="-795" lat="48.7713959" lon="11.4694831" visible="true" />
  <node id="-796" lat="48.7714719" lon="11.4694956" visible="true" />
  <node id="-797" lat="48.7716441" lon="11.4688830" visible="true" />
  <node id="-798" lat="48.7715784" lon="11.4688879" visible="true" />
  <node id="-799" lat="48.7715819" lon="11.4689974" visible="true" />
  <node id="-800" lat="48.7716476" lon="11.4689926" visible="true" />
  <node id="-801" lat="48.7715992" lon="11.4692260" visible="true" />
  <node id="-802" lat="48.7715995" lon="11.4692681" visible="true" />
  <node id="-803" lat="48.7717289" lon="11.4692655" visible="true" />
  <node id="-804" lat="48.7717286" lon="11.4692235" visible="true" />
  <node id="-805" lat="48.7717189" lon="11.4691613" visible="true" />
  <node id="-806" lat="48.7716542" lon="11.4691656" visible="true" />
  <node id="-807" lat="48.7716558" lon="11.4692234" visible="true" />
  <node id="-808" lat="48.7717206" lon="11.4692191" visible="true" />
  <node id="-809" lat="48.7716927" lon="11.4687680" visible="true" />
  <node id="-810" lat="48.7716270" lon="11.4687728" visible="true" />
  <node id="-811" lat="48.7716305" lon="11.4688823" visible="true" />
  <node id="-812" lat="48.7716963" lon="11.4688775" visible="true" />
  <node id="-813" lat="48.7710352" lon="11.4688591" visible="true" />
  <node id="-814" lat="48.7709717" lon="11.4690368" visible="true" />
  <node id="-815" lat="48.7710282" lon="11.4690834" visible="true" />
  <node id="-816" lat="48.7710917" lon="11.4689057" visible="true" />
  <node id="-817" lat="48.7711296" lon="11.4688834" visible="true" />
  <node id="-818" lat="48.7711054" lon="11.4689766" visible="true" />
  <node id="-819" lat="48.7708192" lon="11.4692716" visible="true" />
  <node id="-820" lat="48.7707372" lon="11.4692047" visible="true" />
  <node id="-821" lat="48.7706999" lon="11.4693098" visible="true" />
  <node id="-822" lat="48.7707819" lon="11.4693767" visible="true" />
  <node id="-823" lat="48.7708806" lon="11.4693620" visible="true" />
  <node id="-824" lat="48.7708461" lon="11.4693304" visible="true" />
  <node id="-825" lat="48.7708225" lon="11.4693896" visible="true" />
  <node id="-826" lat="48.7708570" lon="11.4694212" visible="true" />
  <node id="-827" lat="48.7712324" lon="11.4701627" visible="true" />
  <node id="-828" lat="48.7711179" lon="11.4701459" visible="true" />
  <node id="-829" lat="48.7711015" lon="11.4703761" visible="true" />
  <node id="-830" lat="48.7712110" lon="11.4703944" visible="true" />
  <node id="-831" lat="48.7710353" lon="11.4701642" visible="true" />
  <node id="-832" lat="48.7709110" lon="11.4701021" visible="true" />
  <node id="-833" lat="48.7708731" lon="11.4702764" visible="true" />
  <node id="-834" lat="48.7709974" lon="11.4703385" visible="true" />
  <node id="-835" lat="48.7710646" lon="11.4699160" visible="true" />
  <node id="-836" lat="48.7710305" lon="11.4698946" visible="true" />
  <node id="-837" lat="48.7710025" lon="11.4699969" visible="true" />
  <node id="-838" lat="48.7710365" lon="11.4700184" visible="true" />
  <node id="-839" lat="48.7712643" lon="11.4697825" visible="true" />
  <node id="-840" lat="48.7711982" lon="11.4697428" visible="true" />
  <node id="-841" lat="48.7711551" lon="11.4699084" visible="true" />
  <node id="-842" lat="48.7712212" lon="11.4699481" visible="true" />
  <node id="-843" lat="48.7710845" lon="11.4697784" visible="true" />
  <node id="-844" lat="48.7710131" lon="11.4697268" visible="true" />
  <node id="-845" lat="48.7709797" lon="11.4698333" visible="true" />
  <node id="-846" lat="48.7710511" lon="11.4698849" visible="true" />
  <node id="-847" lat="48.7709213" lon="11.4696987" visible="true" />
  <node id="-848" lat="48.7708437" lon="11.4696391" visible="true" />
  <node id="-849" lat="48.7707958" lon="11.4697824" visible="true" />
  <node id="-850" lat="48.7708734" lon="11.4698420" visible="true" />
  <node id="-851" lat="48.7707544" lon="11.4695858" visible="true" />
  <node id="-852" lat="48.7706541" lon="11.4695170" visible="true" />
  <node id="-853" lat="48.7706001" lon="11.4696982" visible="true" />
  <node id="-854" lat="48.7707005" lon="11.4697670" visible="true" />
  <node id="-855" lat="48.7706400" lon="11.4698988" visible="true" />
  <node id="-856" lat="48.7705649" lon="11.4698394" visible="true" />
  <node id="-857" lat="48.7705358" lon="11.4699241" visible="true" />
  <node id="-858" lat="48.7706109" lon="11.4699835" visible="true" />
  <node id="-859" lat="48.7709105" lon="11.4700285" visible="true" />
  <node id="-860" lat="48.7706974" lon="11.4699084" visible="true" />
  <node id="-861" lat="48.7706750" lon="11.4699999" visible="true" />
  <node id="-862" lat="48.7708881" lon="11.4701200" visible="true" />
  <node id="-863" lat="48.7708121" lon="11.4701119" visible="true" />
  <node id="-864" lat="48.7708082" lon="11.4700999" visible="true" />
  <node id="-865" lat="48.7708033" lon="11.4700922" visible="true" />
  <node id="-866" lat="48.7707947" lon="11.4700856" visible="true" />
  <node id="-867" lat="48.7707859" lon="11.4700844" visible="true" />
  <node id="-868" lat="48.7707803" lon="11.4700861" visible="true" />
  <node id="-869" lat="48.7707752" lon="11.4700896" visible="true" />
  <node id="-870" lat="48.7707693" lon="11.4700971" visible="true" />
  <node id="-871" lat="48.7707646" lon="11.4701088" visible="true" />
  <node id="-872" lat="48.7707634" lon="11.4701287" visible="true" />
  <node id="-873" lat="48.7707667" lon="11.4701420" visible="true" />
  <node id="-874" lat="48.7707728" lon="11.4701523" visible="true" />
  <node id="-875" lat="48.7707804" lon="11.4701583" visible="true" />
  <node id="-876" lat="48.7707869" lon="11.4701600" visible="true" />
  <node id="-877" lat="48.7707942" lon="11.4701589" visible="true" />
  <node id="-878" lat="48.7708008" lon="11.4701547" visible="true" />
  <node id="-879" lat="48.7708081" lon="11.4701447" visible="true" />
  <node id="-880" lat="48.7708117" lon="11.4701342" visible="true" />
  <node id="-881" lat="48.7708130" lon="11.4701220" visible="true" />
  <node id="-882" lat="48.7712368" lon="11.4700917" visible="true" />
  <node id="-883" lat="48.7711347" lon="11.4700771" visible="true" />
  <node id="-884" lat="48.7711298" lon="11.4701464" visible="true" />
  <node id="-885" lat="48.7710970" lon="11.4704471" visible="true" />
  <node id="-886" lat="48.7712055" lon="11.4704630" visible="true" />
  <node id="-887" lat="48.7706499" lon="11.4697637" visible="true" />
  <node id="-888" lat="48.7705768" lon="11.4697202" visible="true" />
  <node id="-889" lat="48.7705637" lon="11.4697707" visible="true" />
  <node id="-890" lat="48.7706368" lon="11.4698142" visible="true" />
  <node id="-891" lat="48.7707882" lon="11.4696966" visible="true" />
  <node id="-892" lat="48.7708123" lon="11.4696151" visible="true" />
  <node id="-893" lat="48.7707686" lon="11.4695854" visible="true" />
  <node id="-894" lat="48.7707445" lon="11.4696668" visible="true" />
  <node id="-895" lat="48.7710772" lon="11.4700560" visible="true" />
  <node id="-896" lat="48.7710268" lon="11.4700320" visible="true" />
  <node id="-897" lat="48.7710141" lon="11.4700934" visible="true" />
  <node id="-898" lat="48.7710645" lon="11.4701174" visible="true" />
  <node id="-899" lat="48.7742858" lon="11.4675430" visible="true" />
  <node id="-900" lat="48.7739286" lon="11.4676879" visible="true" />
  <node id="-901" lat="48.7740186" lon="11.4681988" visible="true" />
  <node id="-902" lat="48.7742698" lon="11.4680969" visible="true" />
  <node id="-903" lat="48.7743758" lon="11.4680540" visible="true" />
  <node id="-904" lat="48.7743376" lon="11.4682378" visible="true" />
  <node id="-905" lat="48.7742975" lon="11.4682541" visible="true" />
  <node id="-906" lat="48.7740463" lon="11.4683559" visible="true" />
  <node id="-907" lat="48.7741178" lon="11.4687620" visible="true" />
  <node id="-908" lat="48.7744092" lon="11.4686438" visible="true" />
  <node id="-909" lat="48.7739175" lon="11.4676247" visible="true" />
  <node id="-910" lat="48.7734154" lon="11.4678284" visible="true" />
  <node id="-911" lat="48.7736370" lon="11.4690863" visible="true" />
  <node id="-912" lat="48.7741391" lon="11.4688826" visible="true" />
  <node id="-913" lat="48.7746051" lon="11.4694669" visible="true" />
  <node id="-914" lat="48.7744600" lon="11.4692997" visible="true" />
  <node id="-915" lat="48.7742775" lon="11.4696643" visible="true" />
  <node id="-916" lat="48.7741265" lon="11.4699660" visible="true" />
  <node id="-917" lat="48.7742716" lon="11.4701331" visible="true" />
  <node id="-918" lat="48.7740392" lon="11.4699656" visible="true" />
  <node id="-919" lat="48.7738303" lon="11.4699705" visible="true" />
  <node id="-920" lat="48.7738325" lon="11.4702305" visible="true" />
  <node id="-921" lat="48.7740410" lon="11.4702273" visible="true" />
  <node id="-922" lat="48.7740884" lon="11.4691608" visible="true" />
  <node id="-923" lat="48.7739359" lon="11.4692654" visible="true" />
  <node id="-924" lat="48.7740803" lon="11.4697520" visible="true" />
  <node id="-925" lat="48.7742317" lon="11.4696489" visible="true" />
  <node id="-926" lat="48.7738976" lon="11.4692163" visible="true" />
  <node id="-927" lat="48.7737600" lon="11.4693113" visible="true" />
  <node id="-928" lat="48.7739033" lon="11.4697888" visible="true" />
  <node id="-929" lat="48.7740398" lon="11.4696949" visible="true" />
  <node id="-930" lat="48.7743066" lon="11.4691007" visible="true" />
  <node id="-931" lat="48.7741936" lon="11.4691393" visible="true" />
  <node id="-932" lat="48.7742213" lon="11.4693258" visible="true" />
  <node id="-933" lat="48.7743343" lon="11.4692871" visible="true" />
  <node id="-934" lat="48.7735888" lon="11.4693998" visible="true" />
  <node id="-935" lat="48.7734597" lon="11.4695261" visible="true" />
  <node id="-936" lat="48.7734333" lon="11.4694641" visible="true" />
  <node id="-937" lat="48.7735625" lon="11.4693378" visible="true" />
  <node id="-938" lat="48.7734252" lon="11.4695169" visible="true" />
  <node id="-939" lat="48.7733385" lon="11.4695678" visible="true" />
  <node id="-940" lat="48.7732687" lon="11.4692940" visible="true" />
  <node id="-941" lat="48.7733554" lon="11.4692431" visible="true" />
  <node id="-942" lat="48.7733663" lon="11.4692859" visible="true" />
  <node id="-943" lat="48.7733991" lon="11.4694145" visible="true" />
  <node id="-944" lat="48.7735511" lon="11.4693252" visible="true" />
  <node id="-945" lat="48.7735183" lon="11.4691967" visible="true" />
  <node id="-946" lat="48.7734209" lon="11.4691953" visible="true" />
  <node id="-947" lat="48.7733456" lon="11.4692307" visible="true" />
  <node id="-948" lat="48.7733264" lon="11.4691365" visible="true" />
  <node id="-949" lat="48.7734017" lon="11.4691011" visible="true" />
  <node id="-950" lat="48.7733554" lon="11.4691067" visible="true" />
  <node id="-951" lat="48.7732770" lon="11.4691475" visible="true" />
  <node id="-952" lat="48.7732390" lon="11.4689794" visible="true" />
  <node id="-953" lat="48.7733174" lon="11.4689386" visible="true" />
  <node id="-954" lat="48.7733345" lon="11.4687967" visible="true" />
  <node id="-955" lat="48.7732707" lon="11.4688239" visible="true" />
  <node id="-956" lat="48.7732563" lon="11.4687463" visible="true" />
  <node id="-957" lat="48.7733201" lon="11.4687191" visible="true" />
  <node id="-958" lat="48.7731834" lon="11.4680153" visible="true" />
  <node id="-959" lat="48.7730838" lon="11.4680604" visible="true" />
  <node id="-960" lat="48.7730337" lon="11.4678054" visible="true" />
  <node id="-961" lat="48.7731333" lon="11.4677603" visible="true" />
  <node id="-962" lat="48.7730242" lon="11.4677825" visible="true" />
  <node id="-963" lat="48.7729558" lon="11.4678047" visible="true" />
  <node id="-964" lat="48.7729473" lon="11.4677443" visible="true" />
  <node id="-965" lat="48.7730157" lon="11.4677221" visible="true" />
  <node id="-966" lat="48.7702161" lon="11.4705462" visible="true" />
  <node id="-967" lat="48.7702339" lon="11.4705561" visible="true" />
  <node id="-968" lat="48.7702691" lon="11.4704101" visible="true" />
  <node id="-969" lat="48.7700700" lon="11.4702997" visible="true" />
  <node id="-970" lat="48.7700348" lon="11.4704457" visible="true" />
  <node id="-971" lat="48.7701453" lon="11.4705069" visible="true" />
  <node id="-972" lat="48.7700785" lon="11.4707131" visible="true" />
  <node id="-973" lat="48.7700238" lon="11.4708955" visible="true" />
  <node id="-974" lat="48.7701166" lon="11.4709473" visible="true" />
  <node id="-975" lat="48.7701018" lon="11.4714861" visible="true" />
  <node id="-976" lat="48.7699839" lon="11.4713893" visible="true" />
  <node id="-977" lat="48.7699454" lon="11.4714973" visible="true" />
  <node id="-978" lat="48.7700619" lon="11.4715930" visible="true" />
  <node id="-979" lat="48.7700570" lon="11.4716054" visible="true" />
  <node id="-980" lat="48.7701608" lon="11.4716999" visible="true" />
  <node id="-981" lat="48.7702170" lon="11.4715577" visible="true" />
  <node id="-982" lat="48.7701132" lon="11.4714632" visible="true" />
  <node id="-983" lat="48.7700066" lon="11.4709824" visible="true" />
  <node id="-984" lat="48.7698949" lon="11.4709171" visible="true" />
  <node id="-985" lat="48.7698284" lon="11.4711788" visible="true" />
  <node id="-986" lat="48.7699401" lon="11.4712441" visible="true" />
  <node id="-987" lat="48.7700108" lon="11.4708658" visible="true" />
  <node id="-988" lat="48.7699292" lon="11.4707996" visible="true" />
  <node id="-989" lat="48.7700399" lon="11.4704849" visible="true" />
  <node id="-990" lat="48.7701216" lon="11.4705511" visible="true" />
  <node id="-991" lat="48.7700562" lon="11.4701615" visible="true" />
  <node id="-992" lat="48.7700168" lon="11.4703709" visible="true" />
  <node id="-993" lat="48.7697908" lon="11.4702730" visible="true" />
  <node id="-994" lat="48.7698302" lon="11.4700636" visible="true" />
  <node id="-995" lat="48.7698703" lon="11.4703368" visible="true" />
  <node id="-996" lat="48.7697976" lon="11.4703065" visible="true" />
  <node id="-997" lat="48.7697435" lon="11.4706048" visible="true" />
  <node id="-998" lat="48.7698162" lon="11.4706351" visible="true" />
  <node id="-999" lat="48.7698638" lon="11.4708744" visible="true" />
  <node id="-1000" lat="48.7696985" lon="11.4707851" visible="true" />
  <node id="-1001" lat="48.7696849" lon="11.4708429" visible="true" />
  <node id="-1002" lat="48.7698502" lon="11.4709322" visible="true" />
  <node id="-1003" lat="48.7699217" lon="11.4712346" visible="true" />
  <node id="-1004" lat="48.7698100" lon="11.4711693" visible="true" />
  <node id="-1005" lat="48.7697436" lon="11.4714309" visible="true" />
  <node id="-1006" lat="48.7698553" lon="11.4714962" visible="true" />
  <node id="-1007" lat="48.7697633" lon="11.4709774" visible="true" />
  <node id="-1008" lat="48.7696812" lon="11.4709535" visible="true" />
  <node id="-1009" lat="48.7696601" lon="11.4711203" visible="true" />
  <node id="-1010" lat="48.7697423" lon="11.4711442" visible="true" />
  <node id="-1011" lat="48.7697355" lon="11.4711945" visible="true" />
  <node id="-1012" lat="48.7696761" lon="11.4711958" visible="true" />
  <node id="-1013" lat="48.7696754" lon="11.4712927" visible="true" />
  <node id="-1014" lat="48.7697143" lon="11.4713794" visible="true" />
  <node id="-1015" lat="48.7697396" lon="11.4713813" visible="true" />
  <node id="-1016" lat="48.7693775" lon="11.4707076" visible="true" />
  <node id="-1017" lat="48.7692881" lon="11.4707106" visible="true" />
  <node id="-1018" lat="48.7692920" lon="11.4709793" visible="true" />
  <node id="-1019" lat="48.7693814" lon="11.4709762" visible="true" />
  <node id="-1020" lat="48.7692432" lon="11.4708823" visible="true" />
  <node id="-1021" lat="48.7689736" lon="11.4708845" visible="true" />
  <node id="-1022" lat="48.7689753" lon="11.4710935" visible="true" />
  <node id="-1023" lat="48.7692449" lon="11.4710913" visible="true" />
  <node id="-1024" lat="48.7689572" lon="11.4708067" visible="true" />
  <node id="-1025" lat="48.7687654" lon="11.4708043" visible="true" />
  <node id="-1026" lat="48.7687675" lon="11.4710449" visible="true" />
  <node id="-1027" lat="48.7689593" lon="11.4710473" visible="true" />
  <node id="-1028" lat="48.7688656" lon="11.4712398" visible="true" />
  <node id="-1029" lat="48.7687789" lon="11.4712423" visible="true" />
  <node id="-1030" lat="48.7687767" lon="11.4710674" visible="true" />
  <node id="-1031" lat="48.7688633" lon="11.4710649" visible="true" />
  <node id="-1032" lat="48.7691611" lon="11.4712405" visible="true" />
  <node id="-1033" lat="48.7689893" lon="11.4712329" visible="true" />
  <node id="-1034" lat="48.7689859" lon="11.4714099" visible="true" />
  <node id="-1035" lat="48.7689211" lon="11.4713978" visible="true" />
  <node id="-1036" lat="48.7689196" lon="11.4715060" visible="true" />
  <node id="-1037" lat="48.7689839" lon="11.4715098" visible="true" />
  <node id="-1038" lat="48.7689739" lon="11.4720286" visible="true" />
  <node id="-1039" lat="48.7691457" lon="11.4720362" visible="true" />
  <node id="-1040" lat="48.7685751" lon="11.4713254" visible="true" />
  <node id="-1041" lat="48.7684714" lon="11.4713148" visible="true" />
  <node id="-1042" lat="48.7684767" lon="11.4711943" visible="true" />
  <node id="-1043" lat="48.7685804" lon="11.4712049" visible="true" />
  <node id="-1044" lat="48.7692480" lon="11.4712397" visible="true" />
  <node id="-1045" lat="48.7691918" lon="11.4712426" visible="true" />
  <node id="-1046" lat="48.7691946" lon="11.4713670" visible="true" />
  <node id="-1047" lat="48.7692508" lon="11.4713641" visible="true" />
  <node id="-1048" lat="48.7694035" lon="11.4712240" visible="true" />
  <node id="-1049" lat="48.7693172" lon="11.4712273" visible="true" />
  <node id="-1050" lat="48.7693184" lon="11.4712983" visible="true" />
  <node id="-1051" lat="48.7694047" lon="11.4712950" visible="true" />
  <node id="-1052" lat="48.7693089" lon="11.4720317" visible="true" />
  <node id="-1053" lat="48.7692184" lon="11.4719960" visible="true" />
  <node id="-1054" lat="48.7692345" lon="11.4719018" visible="true" />
  <node id="-1055" lat="48.7693250" lon="11.4719375" visible="true" />
  <node id="-1056" lat="48.7693966" lon="11.4714705" visible="true" />
  <node id="-1057" lat="48.7693196" lon="11.4714365" visible="true" />
  <node id="-1058" lat="48.7692692" lon="11.4716999" visible="true" />
  <node id="-1059" lat="48.7693462" lon="11.4717338" visible="true" />
  <node id="-1060" lat="48.7694863" lon="11.4713355" visible="true" />
  <node id="-1061" lat="48.7694226" lon="11.4713122" visible="true" />
  <node id="-1062" lat="48.7693958" lon="11.4714806" visible="true" />
  <node id="-1063" lat="48.7694593" lon="11.4715039" visible="true" />
  <node id="-1064" lat="48.7694745" lon="11.4714115" visible="true" />
  <node id="-1065" lat="48.7694816" lon="11.4713650" visible="true" />
  <node id="-1066" lat="48.7695600" lon="11.4713566" visible="true" />
  <node id="-1067" lat="48.7694984" lon="11.4713295" visible="true" />
  <node id="-1068" lat="48.7694811" lon="11.4714195" visible="true" />
  <node id="-1069" lat="48.7695435" lon="11.4714431" visible="true" />
  <node id="-1070" lat="48.7694197" lon="11.4720059" visible="true" />
  <node id="-1071" lat="48.7694364" lon="11.4720671" visible="true" />
  <node id="-1072" lat="48.7694681" lon="11.4720858" visible="true" />
  <node id="-1073" lat="48.7694974" lon="11.4720585" visible="true" />
  <node id="-1074" lat="48.7695102" lon="11.4720086" visible="true" />
  <node id="-1075" lat="48.7695529" lon="11.4720270" visible="true" />
  <node id="-1076" lat="48.7695866" lon="11.4718599" visible="true" />
  <node id="-1077" lat="48.7695520" lon="11.4718446" visible="true" />
  <node id="-1078" lat="48.7695748" lon="11.4717474" visible="true" />
  <node id="-1079" lat="48.7694865" lon="11.4716982" visible="true" />
  <node id="-1080" lat="48.7700125" lon="11.4716970" visible="true" />
  <node id="-1081" lat="48.7698990" lon="11.4716570" visible="true" />
  <node id="-1082" lat="48.7698596" lon="11.4719152" visible="true" />
  <node id="-1083" lat="48.7699730" lon="11.4719552" visible="true" />
  <node id="-1084" lat="48.7702040" lon="11.4721719" visible="true" />
  <node id="-1085" lat="48.7700935" lon="11.4720601" visible="true" />
  <node id="-1086" lat="48.7700425" lon="11.4721762" visible="true" />
  <node id="-1087" lat="48.7701531" lon="11.4722880" visible="true" />
  <node id="-1088" lat="48.7704949" lon="11.4723672" visible="true" />
  <node id="-1089" lat="48.7703356" lon="11.4722428" visible="true" />
  <node id="-1090" lat="48.7702770" lon="11.4724154" visible="true" />
  <node id="-1091" lat="48.7704363" lon="11.4725398" visible="true" />
  <node id="-1092" lat="48.7706010" lon="11.4724367" visible="true" />
  <node id="-1093" lat="48.7705510" lon="11.4726330" visible="true" />
  <node id="-1094" lat="48.7706547" lon="11.4726937" visible="true" />
  <node id="-1095" lat="48.7707047" lon="11.4724974" visible="true" />
  <node id="-1096" lat="48.7708680" lon="11.4726898" visible="true" />
  <node id="-1097" lat="48.7707453" lon="11.4726348" visible="true" />
  <node id="-1098" lat="48.7707157" lon="11.4727869" visible="true" />
  <node id="-1099" lat="48.7708373" lon="11.4728472" visible="true" />
  <node id="-1100" lat="48.7707124" lon="11.4730871" visible="true" />
  <node id="-1101" lat="48.7705735" lon="11.4729811" visible="true" />
  <node id="-1102" lat="48.7705313" lon="11.4731084" visible="true" />
  <node id="-1103" lat="48.7706701" lon="11.4732144" visible="true" />
  <node id="-1104" lat="48.7704001" lon="11.4728109" visible="true" />
  <node id="-1105" lat="48.7703236" lon="11.4727265" visible="true" />
  <node id="-1106" lat="48.7702555" lon="11.4728688" visible="true" />
  <node id="-1107" lat="48.7703320" lon="11.4729532" visible="true" />
  <node id="-1108" lat="48.7702296" lon="11.4726544" visible="true" />
  <node id="-1109" lat="48.7701529" lon="11.4725624" visible="true" />
  <node id="-1110" lat="48.7700270" lon="11.4728041" visible="true" />
  <node id="-1111" lat="48.7701037" lon="11.4728961" visible="true" />
  <node id="-1112" lat="48.7700001" lon="11.4724442" visible="true" />
  <node id="-1113" lat="48.7699343" lon="11.4724881" visible="true" />
  <node id="-1114" lat="48.7699743" lon="11.4726261" visible="true" />
  <node id="-1115" lat="48.7700400" lon="11.4725822" visible="true" />
  <node id="-1116" lat="48.7702371" lon="11.4731093" visible="true" />
  <node id="-1117" lat="48.7702812" lon="11.4730790" visible="true" />
  <node id="-1118" lat="48.7702620" lon="11.4730096" visible="true" />
  <node id="-1119" lat="48.7702175" lon="11.4730441" visible="true" />
  <node id="-1120" lat="48.7702008" lon="11.4729884" visible="true" />
  <node id="-1121" lat="48.7701130" lon="11.4730490" visible="true" />
  <node id="-1122" lat="48.7701630" lon="11.4732157" visible="true" />
  <node id="-1123" lat="48.7702508" lon="11.4731551" visible="true" />
  <node id="-1124" lat="48.7702911" lon="11.4732685" visible="true" />
  <node id="-1125" lat="48.7701857" lon="11.4733642" visible="true" />
  <node id="-1126" lat="48.7702287" lon="11.4734732" visible="true" />
  <node id="-1127" lat="48.7703341" lon="11.4733775" visible="true" />
  <node id="-1128" lat="48.7704756" lon="11.4734430" visible="true" />
  <node id="-1129" lat="48.7703872" lon="11.4733989" visible="true" />
  <node id="-1130" lat="48.7703699" lon="11.4734792" visible="true" />
  <node id="-1131" lat="48.7704583" lon="11.4735233" visible="true" />
  <node id="-1132" lat="48.7704213" lon="11.4733000" visible="true" />
  <node id="-1133" lat="48.7703374" lon="11.4732078" visible="true" />
  <node id="-1134" lat="48.7703120" lon="11.4732610" visible="true" />
  <node id="-1135" lat="48.7703959" lon="11.4733532" visible="true" />
  <node id="-1136" lat="48.7700239" lon="11.4725951" visible="true" />
  <node id="-1137" lat="48.7699743" lon="11.4726274" visible="true" />
  <node id="-1138" lat="48.7700609" lon="11.4727332" visible="true" />
  <node id="-1139" lat="48.7709131" lon="11.4727569" visible="true" />
  <node id="-1140" lat="48.7708599" lon="11.4727333" visible="true" />
  <node id="-1141" lat="48.7708425" lon="11.4728234" visible="true" />
  <node id="-1142" lat="48.7708957" lon="11.4728471" visible="true" />
  <node id="-1143" lat="48.7707206" lon="11.4727139" visible="true" />
  <node id="-1144" lat="48.7706795" lon="11.4726965" visible="true" />
  <node id="-1145" lat="48.7706716" lon="11.4727397" visible="true" />
  <node id="-1146" lat="48.7707127" lon="11.4727571" visible="true" />
  <node id="-1147" lat="48.7703139" lon="11.4732150" visible="true" />
  <node id="-1148" lat="48.7703443" lon="11.4731481" visible="true" />
  <node id="-1149" lat="48.7703061" lon="11.4731081" visible="true" />
  <node id="-1150" lat="48.7702757" lon="11.4731751" visible="true" />
  <node id="-1151" lat="48.7697429" lon="11.4725438" visible="true" />
  <node id="-1152" lat="48.7696245" lon="11.4726011" visible="true" />
  <node id="-1153" lat="48.7696566" lon="11.4727536" visible="true" />
  <node id="-1154" lat="48.7697750" lon="11.4726963" visible="true" />
  <node id="-1155" lat="48.7695975" lon="11.4726174" visible="true" />
  <node id="-1156" lat="48.7695266" lon="11.4726714" visible="true" />
  <node id="-1157" lat="48.7695962" lon="11.4728818" visible="true" />
  <node id="-1158" lat="48.7696671" lon="11.4728278" visible="true" />
  <node id="-1159" lat="48.7695037" lon="11.4724563" visible="true" />
  <node id="-1160" lat="48.7694140" lon="11.4724414" visible="true" />
  <node id="-1161" lat="48.7694248" lon="11.4722910" visible="true" />
  <node id="-1162" lat="48.7695145" lon="11.4723059" visible="true" />
  <node id="-1163" lat="48.7697878" lon="11.4728083" visible="true" />
  <node id="-1164" lat="48.7697280" lon="11.4728419" visible="true" />
  <node id="-1165" lat="48.7697107" lon="11.4727709" visible="true" />
  <node id="-1166" lat="48.7697705" lon="11.4727373" visible="true" />
  <node id="-1167" lat="48.7694386" lon="11.4725840" visible="true" />
  <node id="-1168" lat="48.7694496" lon="11.4726208" visible="true" />
  <node id="-1169" lat="48.7693550" lon="11.4726857" visible="true" />
  <node id="-1170" lat="48.7693440" lon="11.4726489" visible="true" />
  <node id="-1171" lat="48.7692652" lon="11.4730436" visible="true" />
  <node id="-1172" lat="48.7693690" lon="11.4730177" visible="true" />
  <node id="-1173" lat="48.7693588" lon="11.4729226" visible="true" />
  <node id="-1174" lat="48.7693858" lon="11.4729159" visible="true" />
  <node id="-1175" lat="48.7693718" lon="11.4727867" visible="true" />
  <node id="-1176" lat="48.7692882" lon="11.4728075" visible="true" />
  <node id="-1177" lat="48.7692965" lon="11.4728843" visible="true" />
  <node id="-1178" lat="48.7692493" lon="11.4728961" visible="true" />
  <node id="-1179" lat="48.7695149" lon="11.4732234" visible="true" />
  <node id="-1180" lat="48.7694750" lon="11.4732581" visible="true" />
  <node id="-1181" lat="48.7694468" lon="11.4731837" visible="true" />
  <node id="-1182" lat="48.7694867" lon="11.4731490" visible="true" />
  <node id="-1183" lat="48.7692495" lon="11.4732634" visible="true" />
  <node id="-1184" lat="48.7691656" lon="11.4732131" visible="true" />
  <node id="-1185" lat="48.7691099" lon="11.4734269" visible="true" />
  <node id="-1186" lat="48.7691938" lon="11.4734772" visible="true" />
  <node id="-1187" lat="48.7688768" lon="11.4730069" visible="true" />
  <node id="-1188" lat="48.7687605" lon="11.4730055" visible="true" />
  <node id="-1189" lat="48.7687591" lon="11.4732697" visible="true" />
  <node id="-1190" lat="48.7687695" lon="11.4732702" visible="true" />
  <node id="-1191" lat="48.7688618" lon="11.4732704" visible="true" />
  <node id="-1192" lat="48.7688754" lon="11.4732710" visible="true" />
  <node id="-1193" lat="48.7687525" lon="11.4726434" visible="true" />
  <node id="-1194" lat="48.7686922" lon="11.4726456" visible="true" />
  <node id="-1195" lat="48.7686942" lon="11.4727677" visible="true" />
  <node id="-1196" lat="48.7687545" lon="11.4727654" visible="true" />
  <node id="-1197" lat="48.7689215" lon="11.4734120" visible="true" />
  <node id="-1198" lat="48.7687551" lon="11.4734169" visible="true" />
  <node id="-1199" lat="48.7687544" lon="11.4733620" visible="true" />
  <node id="-1200" lat="48.7689208" lon="11.4733571" visible="true" />
  <node id="-1201" lat="48.7688629" lon="11.4735325" visible="true" />
  <node id="-1202" lat="48.7687463" lon="11.4735252" visible="true" />
  <node id="-1203" lat="48.7687406" lon="11.4737350" visible="true" />
  <node id="-1204" lat="48.7687485" lon="11.4737369" visible="true" />
  <node id="-1205" lat="48.7688422" lon="11.4737415" visible="true" />
  <node id="-1206" lat="48.7688572" lon="11.4737423" visible="true" />
  <node id="-1207" lat="48.7691433" lon="11.4737321" visible="true" />
  <node id="-1208" lat="48.7690051" lon="11.4736752" visible="true" />
  <node id="-1209" lat="48.7689823" lon="11.4738029" visible="true" />
  <node id="-1210" lat="48.7691204" lon="11.4738598" visible="true" />
  <node id="-1211" lat="48.7687695" lon="11.4733427" visible="true" />
  <node id="-1212" lat="48.7688617" lon="11.4733429" visible="true" />
  <node id="-1213" lat="48.7687476" lon="11.4737814" visible="true" />
  <node id="-1214" lat="48.7688412" lon="11.4737860" visible="true" />
  <node id="-1215" lat="48.7688187" lon="11.4734464" visible="true" />
  <node id="-1216" lat="48.7687264" lon="11.4734460" visible="true" />
  <node id="-1217" lat="48.7687262" lon="11.4735185" visible="true" />
  <node id="-1218" lat="48.7688185" lon="11.4735189" visible="true" />
  <node id="-1219" lat="48.7689973" lon="11.4734346" visible="true" />
  <node id="-1220" lat="48.7690029" lon="11.4733423" visible="true" />
  <node id="-1221" lat="48.7689308" lon="11.4733323" visible="true" />
  <node id="-1222" lat="48.7689252" lon="11.4734246" visible="true" />
  <node id="-1223" lat="48.7699035" lon="11.4731137" visible="true" />
  <node id="-1224" lat="48.7698183" lon="11.4731763" visible="true" />
  <node id="-1225" lat="48.7698603" lon="11.4733080" visible="true" />
  <node id="-1226" lat="48.7699455" lon="11.4732454" visible="true" />
  <node id="-1227" lat="48.7697370" lon="11.4733191" visible="true" />
  <node id="-1228" lat="48.7696409" lon="11.4733198" visible="true" />
  <node id="-1229" lat="48.7696430" lon="11.4735763" visible="true" />
  <node id="-1230" lat="48.7697391" lon="11.4735755" visible="true" />
  <node id="-1231" lat="48.7698003" lon="11.4736815" visible="true" />
  <node id="-1232" lat="48.7696939" lon="11.4736811" visible="true" />
  <node id="-1233" lat="48.7696931" lon="11.4738681" visible="true" />
  <node id="-1234" lat="48.7697995" lon="11.4738685" visible="true" />
  <node id="-1235" lat="48.7700030" lon="11.4739281" visible="true" />
  <node id="-1236" lat="48.7698858" lon="11.4738598" visible="true" />
  <node id="-1237" lat="48.7698597" lon="11.4739744" visible="true" />
  <node id="-1238" lat="48.7699769" lon="11.4740427" visible="true" />
  <node id="-1239" lat="48.7700063" lon="11.4734632" visible="true" />
  <node id="-1240" lat="48.7699322" lon="11.4735308" visible="true" />
  <node id="-1241" lat="48.7699900" lon="11.4736763" visible="true" />
  <node id="-1242" lat="48.7700640" lon="11.4736087" visible="true" />
  <node id="-1243" lat="48.7695092" lon="11.4735671" visible="true" />
  <node id="-1244" lat="48.7693985" lon="11.4735739" visible="true" />
  <node id="-1245" lat="48.7694045" lon="11.4737995" visible="true" />
  <node id="-1246" lat="48.7695152" lon="11.4737928" visible="true" />
  <node id="-1247" lat="48.7697873" lon="11.4739960" visible="true" />
  <node id="-1248" lat="48.7697266" lon="11.4739960" visible="true" />
  <node id="-1249" lat="48.7697266" lon="11.4738690" visible="true" />
  <node id="-1250" lat="48.7697873" lon="11.4738690" visible="true" />
  <node id="-1251" lat="48.7699511" lon="11.4734059" visible="true" />
  <node id="-1252" lat="48.7699052" lon="11.4733827" visible="true" />
  <node id="-1253" lat="48.7699219" lon="11.4733066" visible="true" />
  <node id="-1254" lat="48.7699678" lon="11.4733298" visible="true" />
  <node id="-1255" lat="48.7698865" lon="11.4734821" visible="true" />
  <node id="-1256" lat="48.7698869" lon="11.4735838" visible="true" />
  <node id="-1257" lat="48.7698102" lon="11.4735843" visible="true" />
  <node id="-1258" lat="48.7698099" lon="11.4734827" visible="true" />
  <node id="-1259" lat="48.7698877" lon="11.4735844" visible="true" />
  <node id="-1260" lat="48.7698880" lon="11.4736290" visible="true" />
  <node id="-1261" lat="48.7697701" lon="11.4736297" visible="true" />
  <node id="-1262" lat="48.7697699" lon="11.4735851" visible="true" />
  <node id="-1263" lat="48.7693856" lon="11.4736951" visible="true" />
  <node id="-1264" lat="48.7693357" lon="11.4736965" visible="true" />
  <node id="-1265" lat="48.7693335" lon="11.4736198" visible="true" />
  <node id="-1266" lat="48.7693834" lon="11.4736185" visible="true" />
  <node id="-1267" lat="48.7695894" lon="11.4738045" visible="true" />
  <node id="-1268" lat="48.7695895" lon="11.4738746" visible="true" />
  <node id="-1269" lat="48.7695110" lon="11.4738751" visible="true" />
  <node id="-1270" lat="48.7695109" lon="11.4738050" visible="true" />
  <node id="-1271" lat="48.7701436" lon="11.4737273" visible="true" />
  <node id="-1272" lat="48.7700719" lon="11.4737090" visible="true" />
  <node id="-1273" lat="48.7700500" lon="11.4738798" visible="true" />
  <node id="-1274" lat="48.7701217" lon="11.4738981" visible="true" />
  <node id="-1275" lat="48.7702305" lon="11.4739390" visible="true" />
  <node id="-1276" lat="48.7700968" lon="11.4739169" visible="true" />
  <node id="-1277" lat="48.7700890" lon="11.4740878" visible="true" />
  <node id="-1278" lat="48.7702226" lon="11.4741099" visible="true" />
  <node id="-1279" lat="48.7742521" lon="11.4701623" visible="true" />
  <node id="-1280" lat="48.7741081" lon="11.4699964" visible="true" />
  <node id="-1281" lat="48.7710019" lon="11.4732625" visible="true" />
  <node id="-1282" lat="48.7710845" lon="11.4733565" visible="true" />
  <node id="-1283" lat="48.7710070" lon="11.4735132" visible="true" />
  <node id="-1284" lat="48.7709244" lon="11.4734192" visible="true" />
  <node id="-1285" lat="48.7705132" lon="11.4736039" visible="true" />
  <node id="-1286" lat="48.7705755" lon="11.4736050" visible="true" />
  <node id="-1287" lat="48.7705809" lon="11.4737840" visible="true" />
  <node id="-1288" lat="48.7705170" lon="11.4737876" visible="true" />
  <node id="-1289" lat="48.7709078" lon="11.4735731" visible="true" />
  <node id="-1290" lat="48.7709826" lon="11.4736592" visible="true" />
  <node id="-1291" lat="48.7709070" lon="11.4738103" visible="true" />
  <node id="-1292" lat="48.7708322" lon="11.4737241" visible="true" />
  <node id="-1293" lat="48.7708230" lon="11.4735927" visible="true" />
  <node id="-1294" lat="48.7707518" lon="11.4737517" visible="true" />
  <node id="-1295" lat="48.7706541" lon="11.4736510" visible="true" />
  <node id="-1296" lat="48.7707253" lon="11.4734919" visible="true" />
  <node id="-1297" lat="48.7709521" lon="11.4739452" visible="true" />
  <node id="-1298" lat="48.7710551" lon="11.4739758" visible="true" />
  <node id="-1299" lat="48.7710200" lon="11.4742472" visible="true" />
  <node id="-1300" lat="48.7709170" lon="11.4742165" visible="true" />
  <node id="-1301" lat="48.7706222" lon="11.4739522" visible="true" />
  <node id="-1302" lat="48.7706919" lon="11.4739561" visible="true" />
  <node id="-1303" lat="48.7706883" lon="11.4741072" visible="true" />
  <node id="-1304" lat="48.7706185" lon="11.4741033" visible="true" />
  <node id="-1305" lat="48.7707023" lon="11.4741327" visible="true" />
  <node id="-1306" lat="48.7707926" lon="11.4741299" visible="true" />
  <node id="-1307" lat="48.7707937" lon="11.4742107" visible="true" />
  <node id="-1308" lat="48.7707034" lon="11.4742135" visible="true" />
  <node id="-1309" lat="48.7723938" lon="11.4744801" visible="true" />
  <node id="-1310" lat="48.7724731" lon="11.4745063" visible="true" />
  <node id="-1311" lat="48.7724547" lon="11.4746350" visible="true" />
  <node id="-1312" lat="48.7723753" lon="11.4746088" visible="true" />
  <node id="-1313" lat="48.7724416" lon="11.4742697" visible="true" />
  <node id="-1314" lat="48.7725094" lon="11.4742977" visible="true" />
  <node id="-1315" lat="48.7724928" lon="11.4743900" visible="true" />
  <node id="-1316" lat="48.7724250" lon="11.4743620" visible="true" />
  <node id="-1317" lat="48.7724918" lon="11.4743950" visible="true" />
  <node id="-1318" lat="48.7724716" lon="11.4745041" visible="true" />
  <node id="-1319" lat="48.7724319" lon="11.4744872" visible="true" />
  <node id="-1320" lat="48.7724522" lon="11.4743781" visible="true" />
  <node id="-1321" lat="48.7713513" lon="11.4734791" visible="true" />
  <node id="-1322" lat="48.7714582" lon="11.4735602" visible="true" />
  <node id="-1323" lat="48.7713661" lon="11.4738400" visible="true" />
  <node id="-1324" lat="48.7712591" lon="11.4737589" visible="true" />
  <node id="-1325" lat="48.7712347" lon="11.4740026" visible="true" />
  <node id="-1326" lat="48.7713439" lon="11.4740314" visible="true" />
  <node id="-1327" lat="48.7713125" lon="11.4743056" visible="true" />
  <node id="-1328" lat="48.7712033" lon="11.4742768" visible="true" />
  <node id="-1329" lat="48.7711143" lon="11.4734640" visible="true" />
  <node id="-1330" lat="48.7711900" lon="11.4735195" visible="true" />
  <node id="-1331" lat="48.7711346" lon="11.4736929" visible="true" />
  <node id="-1332" lat="48.7710590" lon="11.4736374" visible="true" />
  <node id="-1333" lat="48.7712287" lon="11.4735423" visible="true" />
  <node id="-1334" lat="48.7712832" lon="11.4735806" visible="true" />
  <node id="-1335" lat="48.7712261" lon="11.4737681" visible="true" />
  <node id="-1336" lat="48.7711715" lon="11.4737297" visible="true" />
  <node id="-1337" lat="48.7715418" lon="11.4736085" visible="true" />
  <node id="-1338" lat="48.7716368" lon="11.4736606" visible="true" />
  <node id="-1339" lat="48.7715593" lon="11.4739852" visible="true" />
  <node id="-1340" lat="48.7714644" lon="11.4739330" visible="true" />
  <node id="-1341" lat="48.7716884" lon="11.4737341" visible="true" />
  <node id="-1342" lat="48.7718045" lon="11.4738042" visible="true" />
  <node id="-1343" lat="48.7717252" lon="11.4741064" visible="true" />
  <node id="-1344" lat="48.7716091" lon="11.4740362" visible="true" />
  <node id="-1345" lat="48.7716638" lon="11.4742649" visible="true" />
  <node id="-1346" lat="48.7716437" lon="11.4743996" visible="true" />
  <node id="-1347" lat="48.7714648" lon="11.4743380" visible="true" />
  <node id="-1348" lat="48.7714850" lon="11.4742033" visible="true" />
  <node id="-1349" lat="48.7718684" lon="11.4743206" visible="true" />
  <node id="-1350" lat="48.7718518" lon="11.4744453" visible="true" />
  <node id="-1351" lat="48.7716784" lon="11.4743922" visible="true" />
  <node id="-1352" lat="48.7716951" lon="11.4742674" visible="true" />
  <node id="-1353" lat="48.7722223" lon="11.4740913" visible="true" />
  <node id="-1354" lat="48.7723272" lon="11.4741562" visible="true" />
  <node id="-1355" lat="48.7722700" lon="11.4743688" visible="true" />
  <node id="-1356" lat="48.7721652" lon="11.4743039" visible="true" />
  <node id="-1357" lat="48.7721559" lon="11.4743989" visible="true" />
  <node id="-1358" lat="48.7722551" lon="11.4744506" visible="true" />
  <node id="-1359" lat="48.7722127" lon="11.4746380" visible="true" />
  <node id="-1360" lat="48.7721135" lon="11.4745864" visible="true" />
  <node id="-1361" lat="48.7721708" lon="11.4740574" visible="true" />
  <node id="-1362" lat="48.7721468" lon="11.4741637" visible="true" />
  <node id="-1363" lat="48.7720914" lon="11.4741350" visible="true" />
  <node id="-1364" lat="48.7721154" lon="11.4740287" visible="true" />
  <node id="-1365" lat="48.7728535" lon="11.4745242" visible="true" />
  <node id="-1366" lat="48.7728056" lon="11.4747481" visible="true" />
  <node id="-1367" lat="48.7726956" lon="11.4746938" visible="true" />
  <node id="-1368" lat="48.7727436" lon="11.4744700" visible="true" />
  <node id="-1369" lat="48.7726323" lon="11.4745770" visible="true" />
  <node id="-1370" lat="48.7726800" lon="11.4745951" visible="true" />
  <node id="-1371" lat="48.7726653" lon="11.4746847" visible="true" />
  <node id="-1372" lat="48.7726175" lon="11.4746666" visible="true" />
  <node id="-1373" lat="48.7696372" lon="11.4705351" visible="true" />
  <node id="-1374" lat="48.7695657" lon="11.4705355" visible="true" />
  <node id="-1375" lat="48.7703636" lon="11.4735305" visible="true" />
  <node id="-1376" lat="48.7703875" lon="11.4735525" visible="true" />
  <node id="-1377" lat="48.7703612" lon="11.4736183" visible="true" />
  <node id="-1378" lat="48.7703373" lon="11.4735963" visible="true" />
  <node id="-1379" lat="48.7698292" lon="11.4739984" visible="true" />
  <node id="-1380" lat="48.7698336" lon="11.4740798" visible="true" />
  <node id="-1381" lat="48.7697818" lon="11.4740862" visible="true" />
  <node id="-1382" lat="48.7697774" lon="11.4740048" visible="true" />
  <node id="-1383" lat="48.7694150" lon="11.4726679" visible="true" />
  <node id="-1384" lat="48.7694379" lon="11.4727447" visible="true" />
  <node id="-1385" lat="48.7693851" lon="11.4727809" visible="true" />
  <node id="-1386" lat="48.7693623" lon="11.4727041" visible="true" />
  <node id="-1387" lat="48.7694017" lon="11.4730456" visible="true" />
  <node id="-1388" lat="48.7694165" lon="11.4731950" visible="true" />
  <node id="-1389" lat="48.7693081" lon="11.4732197" visible="true" />
  <node id="-1390" lat="48.7692933" lon="11.4730703" visible="true" />
  <node id="-1391" lat="48.7703961" lon="11.4736057" visible="true" />
  <node id="-1392" lat="48.7705131" lon="11.4736077" visible="true" />
  <node id="-1393" lat="48.7705123" lon="11.4737191" visible="true" />
  <node id="-1394" lat="48.7703953" lon="11.4737171" visible="true" />
  <node id="-1395" lat="48.7706515" lon="11.4737395" visible="true" />
  <node id="-1396" lat="48.7706484" lon="11.4738593" visible="true" />
  <node id="-1397" lat="48.7705947" lon="11.4738561" visible="true" />
  <node id="-1398" lat="48.7705978" lon="11.4737363" visible="true" />
  <node id="-1399" lat="48.7684631" lon="11.4692866" visible="true" />
  <node id="-1400" lat="48.7684260" lon="11.4696149" visible="true" />
  <node id="-1401" lat="48.7683384" lon="11.4695921" visible="true" />
  <node id="-1402" lat="48.7683755" lon="11.4692638" visible="true" />
  <node id="-1403" lat="48.7683641" lon="11.4696900" visible="true" />
  <node id="-1404" lat="48.7683425" lon="11.4698494" visible="true" />
  <node id="-1405" lat="48.7682578" lon="11.4698229" visible="true" />
  <node id="-1406" lat="48.7682794" lon="11.4696635" visible="true" />
  <node id="-1407" lat="48.7704017" lon="11.4710176" visible="true" />
  <node id="-1408" lat="48.7702653" lon="11.4714673" visible="true" />
  <node id="-1409" lat="48.7701451" lon="11.4713871" visible="true" />
  <node id="-1410" lat="48.7702720" lon="11.4709492" visible="true" />
  <node id="-1411" lat="48.7698821" lon="11.4661218" visible="true" />
  <node id="-1412" lat="48.7698762" lon="11.4663381" visible="true" />
  <node id="-1413" lat="48.7697877" lon="11.4663325" visible="true" />
  <node id="-1414" lat="48.7697937" lon="11.4661162" visible="true" />
  <node id="-1415" lat="48.7699133" lon="11.4653253" visible="true" />
  <node id="-1416" lat="48.7699123" lon="11.4654594" visible="true" />
  <node id="-1417" lat="48.7698030" lon="11.4654576" visible="true" />
  <node id="-1418" lat="48.7698040" lon="11.4653234" visible="true" />
  <node id="-1419" lat="48.7694511" lon="11.4700997" visible="true" />
  <node id="-1420" lat="48.7694542" lon="11.4702513" visible="true" />
  <node id="-1421" lat="48.7694079" lon="11.4702535" visible="true" />
  <node id="-1422" lat="48.7694047" lon="11.4701020" visible="true" />
  <node id="-1423" lat="48.7730272" lon="11.4746769" visible="true" />
  <node id="-1424" lat="48.7729714" lon="11.4749461" visible="true" />
  <node id="-1425" lat="48.7728743" lon="11.4748998" visible="true" />
  <node id="-1426" lat="48.7729301" lon="11.4746305" visible="true" />
  <node id="-1427" lat="48.7693917" lon="11.4669335" visible="true" />
  <node id="-1428" lat="48.7694008" lon="11.4670204" visible="true" />
  <node id="-1429" lat="48.7693719" lon="11.4670273" visible="true" />
  <node id="-1430" lat="48.7693628" lon="11.4669404" visible="true" />
  <node id="-1431" lat="48.7694973" lon="11.4629056" visible="true" />
  <node id="-1432" lat="48.7696422" lon="11.4628827" visible="true" />
  <node id="-1433" lat="48.7696593" lon="11.4631329" visible="true" />
  <node id="-1434" lat="48.7695145" lon="11.4631558" visible="true" />
  <node id="-1435" lat="48.7694853" lon="11.4641157" visible="true" />
  <node id="-1436" lat="48.7694817" lon="11.4640254" visible="true" />
  <node id="-1437" lat="48.7695638" lon="11.4640178" visible="true" />
  <node id="-1438" lat="48.7695675" lon="11.4641081" visible="true" />
  <node id="-1439" lat="48.7691219" lon="11.4622350" visible="true" />
  <node id="-1440" lat="48.7692102" lon="11.4622242" visible="true" />
  <node id="-1441" lat="48.7692188" lon="11.4623858" visible="true" />
  <node id="-1442" lat="48.7691305" lon="11.4623966" visible="true" />
  <node id="-1443" lat="48.7688835" lon="11.4704648" visible="true" />
  <node id="-1444" lat="48.7688451" lon="11.4704655" visible="true" />
  <node id="-1445" lat="48.7688400" lon="11.4701621" visible="true" />
  <node id="-1446" lat="48.7689095" lon="11.4701609" visible="true" />
  <node id="-1447" lat="48.7689144" lon="11.4704436" visible="true" />
  <node id="-1448" lat="48.7690149" lon="11.4704397" visible="true" />
  <node id="-1449" lat="48.7690179" lon="11.4706128" visible="true" />
  <node id="-1450" lat="48.7688860" lon="11.4706179" visible="true" />
  <node id="-1451" lat="48.7693260" lon="11.4640014" visible="true" />
  <node id="-1452" lat="48.7693944" lon="11.4640019" visible="true" />
  <node id="-1453" lat="48.7698779" lon="11.4633489" visible="true" />
  <node id="-1454" lat="48.7698858" lon="11.4634388" visible="true" />
  <node id="-1455" lat="48.7696639" lon="11.4634837" visible="true" />
  <node id="-1456" lat="48.7696560" lon="11.4633937" visible="true" />
  <node id="-1457" lat="48.7699946" lon="11.4620438" visible="true" />
  <node id="-1458" lat="48.7699988" lon="11.4621805" visible="true" />
  <node id="-1459" lat="48.7700030" lon="11.4623137" visible="true" />
  <node id="-1460" lat="48.7698956" lon="11.4623213" visible="true" />
  <node id="-1461" lat="48.7698872" lon="11.4620515" visible="true" />
  <node id="-1462" lat="48.7715991" lon="11.4696131" visible="true" />
  <node id="-1463" lat="48.7715985" lon="11.4696962" visible="true" />
  <node id="-1464" lat="48.7715294" lon="11.4696959" visible="true" />
  <node id="-1465" lat="48.7715275" lon="11.4696140" visible="true" />
  <node id="-1466" lat="48.7724713" lon="11.4685645" visible="true" />
  <node id="-1467" lat="48.7725351" lon="11.4685475" visible="true" />
  <node id="-1468" lat="48.7725499" lon="11.4686753" visible="true" />
  <node id="-1469" lat="48.7724861" lon="11.4686923" visible="true" />
  <node id="-1470" lat="48.7717851" lon="11.4699466" visible="true" />
  <node id="-1471" lat="48.7718851" lon="11.4699549" visible="true" />
  <node id="-1472" lat="48.7718741" lon="11.4702605" visible="true" />
  <node id="-1473" lat="48.7717741" lon="11.4702522" visible="true" />
  <node id="-1474" lat="48.7716574" lon="11.4659690" visible="true" />
  <node id="-1475" lat="48.7716555" lon="11.4660487" visible="true" />
  <node id="-1476" lat="48.7714832" lon="11.4660390" visible="true" />
  <node id="-1477" lat="48.7714852" lon="11.4659593" visible="true" />
  <node id="-1478" lat="48.7725271" lon="11.4689650" visible="true" />
  <node id="-1479" lat="48.7725198" lon="11.4689017" visible="true" />
  <node id="-1480" lat="48.7725847" lon="11.4688844" visible="true" />
  <node id="-1481" lat="48.7725920" lon="11.4689477" visible="true" />
  <node id="-1482" lat="48.7717674" lon="11.4703730" visible="true" />
  <node id="-1483" lat="48.7718761" lon="11.4703850" visible="true" />
  <node id="-1484" lat="48.7718650" lon="11.4706167" visible="true" />
  <node id="-1485" lat="48.7717564" lon="11.4706047" visible="true" />
  <node id="-1486" lat="48.7725305" lon="11.4673547" visible="true" />
  <node id="-1487" lat="48.7725449" lon="11.4674309" visible="true" />
  <node id="-1488" lat="48.7722993" lon="11.4675383" visible="true" />
  <node id="-1489" lat="48.7722848" lon="11.4674621" visible="true" />
  <node id="-1490" lat="48.7716042" lon="11.4686416" visible="true" />
  <node id="-1491" lat="48.7716073" lon="11.4687769" visible="true" />
  <node id="-1492" lat="48.7715462" lon="11.4687801" visible="true" />
  <node id="-1493" lat="48.7715430" lon="11.4686448" visible="true" />
  <node id="-1494" lat="48.7728447" lon="11.4688257" visible="true" />
  <node id="-1495" lat="48.7728703" lon="11.4690472" visible="true" />
  <node id="-1496" lat="48.7728071" lon="11.4690640" visible="true" />
  <node id="-1497" lat="48.7727814" lon="11.4688425" visible="true" />
  <node id="-1498" lat="48.7719167" lon="11.4651865" visible="true" />
  <node id="-1499" lat="48.7719155" lon="11.4652811" visible="true" />
  <node id="-1500" lat="48.7716681" lon="11.4652740" visible="true" />
  <node id="-1501" lat="48.7716692" lon="11.4651794" visible="true" />
  <node id="-1502" lat="48.7740564" lon="11.4667544" visible="true" />
  <node id="-1503" lat="48.7741172" lon="11.4671369" visible="true" />
  <node id="-1504" lat="48.7735789" lon="11.4673606" visible="true" />
  <node id="-1505" lat="48.7735050" lon="11.4669650" visible="true" />
  <node id="-1506" lat="48.7697094" lon="11.4719657" visible="true" />
  <node id="-1507" lat="48.7696718" lon="11.4719806" visible="true" />
  <node id="-1508" lat="48.7696912" lon="11.4721389" visible="true" />
  <node id="-1509" lat="48.7697319" lon="11.4721285" visible="true" />
  <node id="-1510" lat="48.7689055" lon="11.4681762" visible="true" />
  <node id="-1511" lat="48.7690143" lon="11.4681699" visible="true" />
  <node id="-1512" lat="48.7690196" lon="11.4683801" visible="true" />
  <node id="-1513" lat="48.7689108" lon="11.4683864" visible="true" />
  <node id="-1514" lat="48.7688720" lon="11.4696287" visible="true" />
  <node id="-1515" lat="48.7690213" lon="11.4695710" visible="true" />
  <node id="-1516" lat="48.7690434" lon="11.4697027" visible="true" />
  <node id="-1517" lat="48.7688940" lon="11.4697604" visible="true" />
  <node id="-1518" lat="48.7691318" lon="11.4682353" visible="true" />
  <node id="-1519" lat="48.7692513" lon="11.4682283" visible="true" />
  <node id="-1520" lat="48.7692573" lon="11.4684673" visible="true" />
  <node id="-1521" lat="48.7691378" lon="11.4684742" visible="true" />
  <node id="-1522" lat="48.7691000" lon="11.4679268" visible="true" />
  <node id="-1523" lat="48.7692143" lon="11.4679202" visible="true" />
  <node id="-1524" lat="48.7692196" lon="11.4681307" visible="true" />
  <node id="-1525" lat="48.7691053" lon="11.4681374" visible="true" />
  <node id="-1526" lat="48.7696059" lon="11.4691981" visible="true" />
  <node id="-1527" lat="48.7694661" lon="11.4692152" visible="true" />
  <node id="-1528" lat="48.7694774" lon="11.4694280" visible="true" />
  <node id="-1529" lat="48.7696172" lon="11.4694108" visible="true" />
  <node id="-1530" lat="48.7696273" lon="11.4695559" visible="true" />
  <node id="-1531" lat="48.7694976" lon="11.4695786" visible="true" />
  <node id="-1532" lat="48.7695138" lon="11.4697916" visible="true" />
  <node id="-1533" lat="48.7696435" lon="11.4697689" visible="true" />
  <node id="-1534" lat="48.7693669" lon="11.4694707" visible="true" />
  <node id="-1535" lat="48.7692516" lon="11.4694760" visible="true" />
  <node id="-1536" lat="48.7692552" lon="11.4696551" visible="true" />
  <node id="-1537" lat="48.7693704" lon="11.4696498" visible="true" />
  <node id="-1538" lat="48.7693425" lon="11.4692071" visible="true" />
  <node id="-1539" lat="48.7692422" lon="11.4692185" visible="true" />
  <node id="-1540" lat="48.7692510" lon="11.4693957" visible="true" />
  <node id="-1541" lat="48.7693512" lon="11.4693843" visible="true" />
  <node id="-1542" lat="48.7691111" lon="11.4690305" visible="true" />
  <node id="-1543" lat="48.7691106" lon="11.4691742" visible="true" />
  <node id="-1544" lat="48.7689480" lon="11.4691729" visible="true" />
  <node id="-1545" lat="48.7689485" lon="11.4690292" visible="true" />
  <node id="-1546" lat="48.7692150" lon="11.4611389" visible="true" />
  <node id="-1547" lat="48.7692225" lon="11.4612735" visible="true" />
  <node id="-1548" lat="48.7693399" lon="11.4612585" visible="true" />
  <node id="-1549" lat="48.7693324" lon="11.4611238" visible="true" />
  <node id="-1550" lat="48.7695586" lon="11.4616861" visible="true" />
  <node id="-1551" lat="48.7695637" lon="11.4618022" visible="true" />
  <node id="-1552" lat="48.7694633" lon="11.4618123" visible="true" />
  <node id="-1553" lat="48.7694582" lon="11.4616963" visible="true" />
  <node id="-1554" lat="48.7692969" lon="11.4622056" visible="true" />
  <node id="-1555" lat="48.7693055" lon="11.4623647" visible="true" />
  <node id="-1556" lat="48.7692470" lon="11.4623720" visible="true" />
  <node id="-1557" lat="48.7692384" lon="11.4622128" visible="true" />
  <node id="-1558" lat="48.7696150" lon="11.4730345" visible="true" />
  <node id="-1559" lat="48.7695382" lon="11.4731487" visible="true" />
  <node id="-1560" lat="48.7694652" lon="11.4730356" visible="true" />
  <node id="-1561" lat="48.7695785" lon="11.4728671" visible="true" />
  <node id="-1562" lat="48.7696280" lon="11.4729437" visible="true" />
  <node id="-1563" lat="48.7695914" lon="11.4729980" visible="true" />
  <node id="-1564" lat="48.7723708" lon="11.4690439" visible="true" />
  <node id="-1565" lat="48.7723821" lon="11.4691014" visible="true" />
  <node id="-1566" lat="48.7722988" lon="11.4691392" visible="true" />
  <node id="-1567" lat="48.7722875" lon="11.4690817" visible="true" />
  <node id="-1568" lat="48.7724462" lon="11.4688417" visible="true" />
  <node id="-1569" lat="48.7724188" lon="11.4688541" visible="true" />
  <node id="-1570" lat="48.7724055" lon="11.4687862" visible="true" />
  <node id="-1571" lat="48.7724329" lon="11.4687738" visible="true" />
  <node id="-1572" lat="48.7722882" lon="11.4689143" visible="true" />
  <node id="-1573" lat="48.7722393" lon="11.4689362" visible="true" />
  <node id="-1574" lat="48.7722261" lon="11.4688683" visible="true" />
  <node id="-1575" lat="48.7722750" lon="11.4688464" visible="true" />
  <node id="-1576" lat="48.7721087" lon="11.4691725" visible="true" />
  <node id="-1577" lat="48.7721004" lon="11.4691328" visible="true" />
  <node id="-1578" lat="48.7721486" lon="11.4691096" visible="true" />
  <node id="-1579" lat="48.7721569" lon="11.4691493" visible="true" />
  <node id="-1580" lat="48.7721930" lon="11.4690475" visible="true" />
  <node id="-1581" lat="48.7721262" lon="11.4690803" visible="true" />
  <node id="-1582" lat="48.7720963" lon="11.4689306" visible="true" />
  <node id="-1583" lat="48.7721632" lon="11.4688978" visible="true" />
  <node id="-1584" lat="48.7722557" lon="11.4690187" visible="true" />
  <node id="-1585" lat="48.7722259" lon="11.4688690" visible="true" />
  <node id="-1586" lat="48.7723723" lon="11.4689647" visible="true" />
  <node id="-1587" lat="48.7723048" lon="11.4689957" visible="true" />
  <node id="-1588" lat="48.7722750" lon="11.4688460" visible="true" />
  <node id="-1589" lat="48.7723424" lon="11.4688150" visible="true" />
  <node id="-1590" lat="48.7724350" lon="11.4689359" visible="true" />
  <node id="-1591" lat="48.7724052" lon="11.4687862" visible="true" />
  <node id="-1592" lat="48.7723616" lon="11.4685641" visible="true" />
  <node id="-1593" lat="48.7723373" lon="11.4684702" visible="true" />
  <node id="-1594" lat="48.7722861" lon="11.4685007" visible="true" />
  <node id="-1595" lat="48.7722608" lon="11.4685158" visible="true" />
  <node id="-1596" lat="48.7722856" lon="11.4686116" visible="true" />
  <node id="-1597" lat="48.7723095" lon="11.4687040" visible="true" />
  <node id="-1598" lat="48.7723860" lon="11.4686584" visible="true" />
  <node id="-1599" lat="48.7723770" lon="11.4687134" visible="true" />
  <node id="-1600" lat="48.7723265" lon="11.4687427" visible="true" />
  <node id="-1601" lat="48.7723169" lon="11.4687046" visible="true" />
  <node id="-1602" lat="48.7723674" lon="11.4686753" visible="true" />
  <node id="-1603" lat="48.7722756" lon="11.4684628" visible="true" />
  <node id="-1604" lat="48.7723281" lon="11.4684330" visible="true" />
  <node id="-1605" lat="48.7713239" lon="11.4696045" visible="true" />
  <node id="-1606" lat="48.7712930" lon="11.4695965" visible="true" />
  <node id="-1607" lat="48.7713071" lon="11.4694709" visible="true" />
  <node id="-1608" lat="48.7713381" lon="11.4694789" visible="true" />
  <node id="-1609" lat="48.7718463" lon="11.4679912" visible="true" />
  <node id="-1610" lat="48.7718400" lon="11.4678930" visible="true" />
  <node id="-1611" lat="48.7719036" lon="11.4678836" visible="true" />
  <node id="-1612" lat="48.7719099" lon="11.4679818" visible="true" />
  <node id="-1613" lat="48.7717570" lon="11.4680059" visible="true" />
  <node id="-1614" lat="48.7717139" lon="11.4678617" visible="true" />
  <node id="-1615" lat="48.7717802" lon="11.4678161" visible="true" />
  <node id="-1616" lat="48.7718233" lon="11.4679603" visible="true" />
  <node id="-1617" lat="48.7718083" lon="11.4681843" visible="true" />
  <node id="-1618" lat="48.7717773" lon="11.4680944" visible="true" />
  <node id="-1619" lat="48.7718572" lon="11.4680311" visible="true" />
  <node id="-1620" lat="48.7718882" lon="11.4681210" visible="true" />
  <node id="-1621" lat="48.7714087" lon="11.4684867" visible="true" />
  <node id="-1622" lat="48.7713752" lon="11.4685001" visible="true" />
  <node id="-1623" lat="48.7713486" lon="11.4683468" visible="true" />
  <node id="-1624" lat="48.7713821" lon="11.4683334" visible="true" />
  <node id="-1625" lat="48.7712744" lon="11.4685518" visible="true" />
  <node id="-1626" lat="48.7712481" lon="11.4685338" visible="true" />
  <node id="-1627" lat="48.7712415" lon="11.4685560" visible="true" />
  <node id="-1628" lat="48.7711753" lon="11.4685108" visible="true" />
  <node id="-1629" lat="48.7711819" lon="11.4684885" visible="true" />
  <node id="-1630" lat="48.7711586" lon="11.4684726" visible="true" />
  <node id="-1631" lat="48.7712209" lon="11.4682629" visible="true" />
  <node id="-1632" lat="48.7712455" lon="11.4682797" visible="true" />
  <node id="-1633" lat="48.7712521" lon="11.4682575" visible="true" />
  <node id="-1634" lat="48.7713183" lon="11.4683027" visible="true" />
  <node id="-1635" lat="48.7713117" lon="11.4683250" visible="true" />
  <node id="-1636" lat="48.7713367" lon="11.4683420" visible="true" />
  <node id="-1637" lat="48.7711577" lon="11.4695683" visible="true" />
  <node id="-1638" lat="48.7710472" lon="11.4695053" visible="true" />
  <node id="-1639" lat="48.7710928" lon="11.4693215" visible="true" />
  <node id="-1640" lat="48.7712033" lon="11.4693845" visible="true" />
  <node id="-1641" lat="48.7713283" lon="11.4693886" visible="true" />
  <node id="-1642" lat="48.7712161" lon="11.4693578" visible="true" />
  <node id="-1643" lat="48.7712374" lon="11.4691787" visible="true" />
  <node id="-1644" lat="48.7713497" lon="11.4692095" visible="true" />
  <node id="-1645" lat="48.7720362" lon="11.4697217" visible="true" />
  <node id="-1646" lat="48.7719943" lon="11.4697252" visible="true" />
  <node id="-1647" lat="48.7719862" lon="11.4695069" visible="true" />
  <node id="-1648" lat="48.7720249" lon="11.4695036" visible="true" />
  <node id="-1649" lat="48.7720243" lon="11.4694859" visible="true" />
  <node id="-1650" lat="48.7720574" lon="11.4694831" visible="true" />
  <node id="-1651" lat="48.7720580" lon="11.4695008" visible="true" />
  <node id="-1652" lat="48.7720967" lon="11.4694975" visible="true" />
  <node id="-1653" lat="48.7721048" lon="11.4697158" visible="true" />
  <node id="-1654" lat="48.7720693" lon="11.4697189" visible="true" />
  <node id="-1655" lat="48.7720699" lon="11.4697363" visible="true" />
  <node id="-1656" lat="48.7720368" lon="11.4697390" visible="true" />
  <node id="-1657" lat="48.7723103" lon="11.4669625" visible="true" />
  <node id="-1658" lat="48.7723165" lon="11.4669947" visible="true" />
  <node id="-1659" lat="48.7722666" lon="11.4670168" visible="true" />
  <node id="-1660" lat="48.7722604" lon="11.4669846" visible="true" />
  <node id="-1661" lat="48.7724720" lon="11.4669210" visible="true" />
  <node id="-1662" lat="48.7725003" lon="11.4670725" visible="true" />
  <node id="-1663" lat="48.7723854" lon="11.4671219" visible="true" />
  <node id="-1664" lat="48.7723571" lon="11.4669703" visible="true" />
  <way id="-1000000000" visible="true">
    <nd ref="-1" />
    <nd ref="-2" />
    <nd ref="-3" />
    <nd ref="-4" />
    <nd ref="-1" />
    <tag k="building" v="yes" />
  </way>
  <way id="-1000000001" visible="true">
    <nd ref="-5" />
    <nd ref="-6" />
    <nd ref="-7" />
    <nd ref="-8" />
    <nd ref="-5" />
    <tag k="building" v="yes" />
  </way>
  <way id="-1000000002" visible="true">
    <nd ref="-9" />
    <nd ref="-10" />
    <nd ref="-11" />
    <nd ref="-12" />
    <nd ref="-9" />
    <tag k="building" v="yes" />
  </way>
  <way id="-1000000003" visible="true">
    <nd ref="-13" />
    <nd ref="-14" />
    <nd ref="-15" />
    <nd ref="-16" />
    <nd ref="-13" />
    <tag k="building" v="yes" />
  </way>
  <way id="-1000000004" visible="true">
    <nd ref="-17" />
    <nd ref="-18" />
    <nd ref="-19" />
    <nd ref="-20" />
    <nd ref="-17" />
    <tag k="building" v="yes" />
  </way>
  <way id="-1000000005" visible="true">
    <nd ref="-21" />
    <nd ref="-22" />
    <nd ref="-23" />
    <nd ref="-24" />
    <nd ref="-21" />
    <tag k="building" v="yes" />
  </way>
  <way id="-1000000006" visible="true">
    <nd ref="-25" />
    <nd ref="-26" />
    <nd ref="-27" />
    <nd ref="-28" />
    <nd ref="-25" />
    <tag k="building" v="yes" />
  </way>
  <way id="-1000000007" visible="true">
    <nd ref="-29" />
    <nd ref="-30" />
    <nd ref="-31" />
    <nd ref="-32" />
    <nd ref="-29" />
    <tag k="building" v="yes" />
  </way>
  <way id="-1000000008" visible="true">
    <nd ref="-33" />
    <nd ref="-34" />
    <nd ref="-35" />
    <nd ref="-36" />
    <nd ref="-33" />
    <tag k="building" v="yes" />
  </way>
  <way id="-1000000009" visible="true">
    <nd ref="-37" />
    <nd ref="-38" />
    <nd ref="-39" />
    <nd ref="-40" />
    <nd ref="-37" />
    <tag k="building" v="yes" />
  </way>
  <way id="-1000000010" visible="true">
    <nd ref="-41" />
    <nd ref="-42" />
    <nd ref="-43" />
    <nd ref="-44" />
    <nd ref="-41" />
    <tag k="building" v="yes" />
  </way>
  <way id="-1000000011" visible="true">
    <nd ref="-45" />
    <nd ref="-46" />
    <nd ref="-47" />
    <nd ref="-48" />
    <nd ref="-45" />
    <tag k="building" v="yes" />
  </way>
  <way id="-1000000012" visible="true">
    <nd ref="-49" />
    <nd ref="-50" />
    <nd ref="-51" />
    <nd ref="-52" />
    <nd ref="-49" />
    <tag k="building" v="yes" />
  </way>
  <way id="-1000000013" visible="true">
    <nd ref="-53" />
    <nd ref="-54" />
    <nd ref="-55" />
    <nd ref="-56" />
    <nd ref="-53" />
    <tag k="building" v="yes" />
  </way>
  <way id="-1000000014" visible="true">
    <nd ref="-57" />
    <nd ref="-58" />
    <nd ref="-59" />
    <nd ref="-60" />
    <nd ref="-57" />
    <tag k="building" v="yes" />
  </way>
  <way id="-1000000015" visible="true">
    <nd ref="-61" />
    <nd ref="-62" />
    <nd ref="-63" />
    <nd ref="-64" />
    <nd ref="-61" />
    <tag k="building" v="garage" />
  </way>
  <way id="-1000000016" visible="true">
    <nd ref="-65" />
    <nd ref="-66" />
    <nd ref="-67" />
    <nd ref="-68" />
    <nd ref="-65" />
    <tag k="building" v="garage" />
  </way>
  <way id="-1000000017" visible="true">
    <nd ref="-69" />
    <nd ref="-70" />
    <nd ref="-71" />
    <nd ref="-72" />
    <nd ref="-69" />
    <tag k="building" v="yes" />
  </way>
  <way id="-1000000018" visible="true">
    <nd ref="-73" />
    <nd ref="-74" />
    <nd ref="-75" />
    <nd ref="-76" />
    <nd ref="-73" />
    <tag k="building" v="garage" />
  </way>
  <way id="-1000000019" visible="true">
    <nd ref="-77" />
    <nd ref="-78" />
    <nd ref="-79" />
    <nd ref="-80" />
    <nd ref="-77" />
    <tag k="building" v="yes" />
  </way>
  <way id="-1000000020" visible="true">
    <nd ref="-81" />
    <nd ref="-82" />
    <nd ref="-83" />
    <nd ref="-84" />
    <nd ref="-81" />
    <tag k="building" v="yes" />
  </way>
  <way id="-1000000021" visible="true">
    <nd ref="-85" />
    <nd ref="-86" />
    <nd ref="-87" />
    <nd ref="-88" />
    <nd ref="-85" />
    <tag k="building" v="yes" />
  </way>
  <way id="-1000000022" visible="true">
    <nd ref="-89" />
    <nd ref="-90" />
    <nd ref="-91" />
    <nd ref="-92" />
    <nd ref="-89" />
    <tag k="building" v="yes" />
  </way>
  <way id="-1000000023" visible="true">
    <nd ref="-93" />
    <nd ref="-94" />
    <nd ref="-95" />
    <nd ref="-96" />
    <nd ref="-93" />
    <tag k="building" v="yes" />
  </way>
  <way id="-1000000024" visible="true">
    <nd ref="-97" />
    <nd ref="-98" />
    <nd ref="-99" />
    <nd ref="-100" />
    <nd ref="-97" />
    <tag k="building" v="yes" />
  </way>
  <way id="-1000000025" visible="true">
    <nd ref="-101" />
    <nd ref="-102" />
    <nd ref="-103" />
    <nd ref="-104" />
    <nd ref="-101" />
    <tag k="building" v="yes" />
  </way>
  <way id="-1000000026" visible="true">
    <nd ref="-105" />
    <nd ref="-106" />
    <nd ref="-107" />
    <nd ref="-108" />
    <nd ref="-105" />
    <tag k="building" v="yes" />
  </way>
  <way id="-1000000027" visible="true">
    <nd ref="-109" />
    <nd ref="-110" />
    <nd ref="-111" />
    <nd ref="-112" />
    <nd ref="-109" />
    <tag k="building" v="garage" />
  </way>
  <way id="-1000000028" visible="true">
    <nd ref="-113" />
    <nd ref="-114" />
    <nd ref="-115" />
    <nd ref="-116" />
    <nd ref="-113" />
    <tag k="building" v="yes" />
  </way>
  <way id="-1000000029" visible="true">
    <nd ref="-117" />
    <nd ref="-118" />
    <nd ref="-119" />
    <nd ref="-120" />
    <nd ref="-117" />
    <tag k="building" v="yes" />
  </way>
  <way id="-1000000030" visible="true">
    <nd ref="-121" />
    <nd ref="-122" />
    <nd ref="-123" />
    <nd ref="-124" />
    <nd ref="-125" />
    <nd ref="-121" />
    <tag k="building" v="yes" />
  </way>
  <way id="-1000000031" visible="true">
    <nd ref="-126" />
    <nd ref="-127" />
    <nd ref="-128" />
    <nd ref="-129" />
    <nd ref="-126" />
    <tag k="building" v="yes" />
  </way>
  <way id="-1000000032" visible="true">
    <nd ref="-130" />
    <nd ref="-131" />
    <nd ref="-132" />
    <nd ref="-133" />
    <nd ref="-130" />
    <tag k="building" v="garage" />
  </way>
  <way id="-1000000033" visible="true">
    <nd ref="-134" />
    <nd ref="-135" />
    <nd ref="-136" />
    <nd ref="-137" />
    <nd ref="-134" />
    <tag k="building" v="garage" />
  </way>
  <way id="-1000000034" visible="true">
    <nd ref="-138" />
    <nd ref="-139" />
    <nd ref="-140" />
    <nd ref="-141" />
    <nd ref="-138" />
    <tag k="building" v="garage" />
  </way>
  <way id="-1000000035" visible="true">
    <nd ref="-142" />
    <nd ref="-143" />
    <nd ref="-144" />
    <nd ref="-145" />
    <nd ref="-142" />
    <tag k="building" v="yes" />
  </way>
  <way id="-1000000036" visible="true">
    <nd ref="-146" />
    <nd ref="-147" />
    <nd ref="-148" />
    <nd ref="-149" />
    <nd ref="-146" />
    <tag k="addr:city" v="Ingolstadt" />
    <tag k="addr:housenumber" v="153" />
    <tag k="addr:postcode" v="85055" />
    <tag k="addr:street" v="Regensburger Straße" />
    <tag k="building" v="yes" />
    <tag k="name" v="Stöberecke" />
    <tag k="shop" v="second_hand" />
  </way>
  <way id="-1000000037" visible="true">
    <nd ref="-150" />
    <nd ref="-151" />
    <nd ref="-152" />
    <nd ref="-153" />
    <nd ref="-150" />
    <tag k="building" v="yes" />
  </way>
  <way id="-1000000038" visible="true">
    <nd ref="-154" />
    <nd ref="-155" />
    <nd ref="-156" />
    <nd ref="-157" />
    <nd ref="-154" />
    <tag k="building" v="yes" />
  </way>
  <way id="-1000000039" visible="true">
    <nd ref="-158" />
    <nd ref="-159" />
    <nd ref="-160" />
    <nd ref="-161" />
    <nd ref="-158" />
    <tag k="building" v="yes" />
  </way>
  <way id="-1000000040" visible="true">
    <nd ref="-162" />
    <nd ref="-163" />
    <nd ref="-164" />
    <nd ref="-165" />
    <nd ref="-162" />
    <tag k="building" v="yes" />
  </way>
  <way id="-1000000041" visible="true">
    <nd ref="-166" />
    <nd ref="-167" />
    <nd ref="-168" />
    <nd ref="-169" />
    <nd ref="-166" />
    <tag k="building" v="yes" />
  </way>
  <way id="-1000000042" visible="true">
    <nd ref="-170" />
    <nd ref="-171" />
    <nd ref="-172" />
    <nd ref="-173" />
    <nd ref="-174" />
    <nd ref="-175" />
    <nd ref="-170" />
    <tag k="building" v="yes" />
  </way>
  <way id="-1000000043" visible="true">
    <nd ref="-176" />
    <nd ref="-177" />
    <nd ref="-178" />
    <nd ref="-179" />
    <nd ref="-176" />
    <tag k="building" v="apartments" />
    <tag k="building:levels" v="3" />
    <tag k="roof:shape" v="gabled" />
  </way>
  <way id="-1000000044" visible="true">
    <nd ref="-180" />
    <nd ref="-181" />
    <nd ref="-182" />
    <nd ref="-183" />
    <nd ref="-180" />
    <tag k="building" v="yes" />
  </way>
  <way id="-1000000045" visible="true">
    <nd ref="-184" />
    <nd ref="-185" />
    <nd ref="-186" />
    <nd ref="-187" />
    <nd ref="-184" />
    <tag k="building" v="yes" />
  </way>
  <way id="-1000000046" visible="true">
    <nd ref="-188" />
    <nd ref="-189" />
    <nd ref="-190" />
    <nd ref="-191" />
    <nd ref="-192" />
    <nd ref="-193" />
    <nd ref="-194" />
    <nd ref="-195" />
    <nd ref="-188" />
    <tag k="building" v="yes" />
  </way>
  <way id="-1000000047" visible="true">
    <nd ref="-196" />
    <nd ref="-197" />
    <nd ref="-198" />
    <nd ref="-199" />
    <nd ref="-196" />
    <tag k="building" v="yes" />
  </way>
  <way id="-1000000048" visible="true">
    <nd ref="-200" />
    <nd ref="-201" />
    <nd ref="-202" />
    <nd ref="-203" />
    <nd ref="-200" />
    <tag k="building" v="garage" />
  </way>
  <way id="-1000000049" visible="true">
    <nd ref="-204" />
    <nd ref="-205" />
    <nd ref="-206" />
    <nd ref="-207" />
    <nd ref="-204" />
    <tag k="building" v="garage" />
  </way>
  <way id="-1000000050" visible="true">
    <nd ref="-208" />
    <nd ref="-209" />
    <nd ref="-210" />
    <nd ref="-211" />
    <nd ref="-208" />
    <tag k="building" v="yes" />
  </way>
  <way id="-1000000051" visible="true">
    <nd ref="-212" />
    <nd ref="-213" />
    <nd ref="-214" />
    <nd ref="-215" />
    <nd ref="-212" />
    <tag k="building" v="yes" />
  </way>
  <way id="-1000000052" visible="true">
    <nd ref="-216" />
    <nd ref="-217" />
    <nd ref="-218" />
    <nd ref="-219" />
    <nd ref="-216" />
    <tag k="building" v="yes" />
  </way>
  <way id="-1000000053" visible="true">
    <nd ref="-220" />
    <nd ref="-221" />
    <nd ref="-222" />
    <nd ref="-223" />
    <nd ref="-224" />
    <nd ref="-225" />
    <nd ref="-226" />
    <nd ref="-227" />
    <nd ref="-220" />
    <tag k="building" v="yes" />
  </way>
  <way id="-1000000054" visible="true">
    <nd ref="-228" />
    <nd ref="-229" />
    <nd ref="-230" />
    <nd ref="-231" />
    <nd ref="-228" />
    <tag k="building" v="yes" />
  </way>
  <way id="-1000000055" visible="true">
    <nd ref="-232" />
    <nd ref="-233" />
    <nd ref="-234" />
    <nd ref="-235" />
    <nd ref="-232" />
    <tag k="building" v="yes" />
  </way>
  <way id="-1000000056" visible="true">
    <nd ref="-236" />
    <nd ref="-237" />
    <nd ref="-238" />
    <nd ref="-239" />
    <nd ref="-236" />
    <tag k="building" v="yes" />
  </way>
  <way id="-1000000057" visible="true">
    <nd ref="-240" />
    <nd ref="-241" />
    <nd ref="-242" />
    <nd ref="-243" />
    <nd ref="-240" />
    <tag k="building" v="garage" />
  </way>
  <way id="-1000000058" visible="true">
    <nd ref="-244" />
    <nd ref="-245" />
    <nd ref="-246" />
    <nd ref="-247" />
    <nd ref="-244" />
    <tag k="building" v="yes" />
  </way>
  <way id="-1000000059" visible="true">
    <nd ref="-248" />
    <nd ref="-249" />
    <nd ref="-250" />
    <nd ref="-251" />
    <nd ref="-248" />
    <tag k="building" v="garage" />
  </way>
  <way id="-1000000060" visible="true">
    <nd ref="-252" />
    <nd ref="-253" />
    <nd ref="-254" />
    <nd ref="-255" />
    <nd ref="-252" />
    <tag k="building" v="garage" />
  </way>
  <way id="-1000000061" visible="true">
    <nd ref="-256" />
    <nd ref="-257" />
    <nd ref="-258" />
    <nd ref="-259" />
    <nd ref="-260" />
    <nd ref="-256" />
    <tag k="building" v="yes" />
  </way>
  <way id="-1000000062" visible="true">
    <nd ref="-260" />
    <nd ref="-259" />
    <nd ref="-261" />
    <nd ref="-262" />
    <nd ref="-260" />
    <tag k="building" v="yes" />
  </way>
  <way id="-1000000063" visible="true">
    <nd ref="-262" />
    <nd ref="-261" />
    <nd ref="-263" />
    <nd ref="-264" />
    <nd ref="-265" />
    <nd ref="-262" />
    <tag k="building" v="yes" />
  </way>
  <way id="-1000000064" visible="true">
    <nd ref="-266" />
    <nd ref="-267" />
    <nd ref="-268" />
    <nd ref="-269" />
    <nd ref="-266" />
    <tag k="building" v="garage" />
  </way>
  <way id="-1000000065" visible="true">
    <nd ref="-270" />
    <nd ref="-271" />
    <nd ref="-272" />
    <nd ref="-273" />
    <nd ref="-270" />
    <tag k="building" v="yes" />
  </way>
  <way id="-1000000066" visible="true">
    <nd ref="-274" />
    <nd ref="-275" />
    <nd ref="-276" />
    <nd ref="-277" />
    <nd ref="-274" />
    <tag k="building" v="yes" />
  </way>
  <way id="-1000000067" visible="true">
    <nd ref="-278" />
    <nd ref="-279" />
    <nd ref="-280" />
    <nd ref="-281" />
    <nd ref="-282" />
    <nd ref="-283" />
    <nd ref="-284" />
    <nd ref="-285" />
    <nd ref="-278" />
    <tag k="building" v="yes" />
  </way>
  <way id="-1000000068" visible="true">
    <nd ref="-286" />
    <nd ref="-287" />
    <nd ref="-288" />
    <nd ref="-289" />
    <nd ref="-286" />
    <tag k="building" v="yes" />
  </way>
  <way id="-1000000069" visible="true">
    <nd ref="-290" />
    <nd ref="-291" />
    <nd ref="-292" />
    <nd ref="-293" />
    <nd ref="-290" />
    <tag k="building" v="yes" />
  </way>
  <way id="-1000000070" visible="true">
    <nd ref="-294" />
    <nd ref="-295" />
    <nd ref="-296" />
    <nd ref="-297" />
    <nd ref="-294" />
    <tag k="building" v="yes" />
  </way>
  <way id="-1000000071" visible="true">
    <nd ref="-298" />
    <nd ref="-299" />
    <nd ref="-300" />
    <nd ref="-301" />
    <nd ref="-302" />
    <nd ref="-303" />
    <nd ref="-304" />
    <nd ref="-305" />
    <nd ref="-298" />
    <tag k="building" v="yes" />
  </way>
  <way id="-1000000072" visible="true">
    <nd ref="-306" />
    <nd ref="-307" />
    <nd ref="-308" />
    <nd ref="-309" />
    <nd ref="-306" />
    <tag k="addr:city" v="Ingolstadt" />
    <tag k="addr:country" v="DE" />
    <tag k="addr:housenumber" v="170" />
    <tag k="addr:postcode" v="85055" />
    <tag k="addr:street" v="Regensburger Straße" />
    <tag k="building" v="yes" />
  </way>
  <way id="-1000000073" visible="true">
    <nd ref="-310" />
    <nd ref="-311" />
    <nd ref="-312" />
    <nd ref="-313" />
    <nd ref="-310" />
    <tag k="addr:city" v="Ingolstadt" />
    <tag k="addr:country" v="DE" />
    <tag k="addr:housenumber" v="174" />
    <tag k="addr:postcode" v="85055" />
    <tag k="addr:street" v="Regensburger Straße" />
    <tag k="building" v="yes" />
  </way>
  <way id="-1000000074" visible="true">
    <nd ref="-314" />
    <nd ref="-315" />
    <nd ref="-316" />
    <nd ref="-317" />
    <nd ref="-314" />
    <tag k="addr:city" v="Ingolstadt" />
    <tag k="addr:country" v="DE" />
    <tag k="addr:housenumber" v="168" />
    <tag k="addr:postcode" v="85055" />
    <tag k="addr:street" v="Regensburger Straße" />
    <tag k="building" v="yes" />
  </way>
  <way id="-1000000075" visible="true">
    <nd ref="-318" />
    <nd ref="-319" />
    <nd ref="-320" />
    <nd ref="-321" />
    <nd ref="-318" />
    <tag k="building" v="yes" />
  </way>
  <way id="-1000000076" visible="true">
    <nd ref="-322" />
    <nd ref="-323" />
    <nd ref="-324" />
    <nd ref="-325" />
    <nd ref="-322" />
    <tag k="building" v="yes" />
  </way>
  <way id="-1000000077" visible="true">
    <nd ref="-326" />
    <nd ref="-327" />
    <nd ref="-328" />
    <nd ref="-329" />
    <nd ref="-326" />
    <tag k="building" v="yes" />
  </way>
  <way id="-1000000078" visible="true">
    <nd ref="-330" />
    <nd ref="-331" />
    <nd ref="-332" />
    <nd ref="-333" />
    <nd ref="-330" />
    <tag k="building" v="yes" />
  </way>
  <way id="-1000000079" visible="true">
    <nd ref="-334" />
    <nd ref="-335" />
    <nd ref="-336" />
    <nd ref="-337" />
    <nd ref="-338" />
    <nd ref="-339" />
    <nd ref="-340" />
    <nd ref="-341" />
    <nd ref="-342" />
    <nd ref="-343" />
    <nd ref="-344" />
    <nd ref="-345" />
    <nd ref="-334" />
    <tag k="addr:city" v="Ingolstadt" />
    <tag k="addr:country" v="DE" />
    <tag k="addr:housenumber" v="176" />
    <tag k="addr:postcode" v="85055" />
    <tag k="addr:street" v="Regensburger Straße" />
    <tag k="building" v="yes" />
  </way>
  <way id="-1000000080" visible="true">
    <nd ref="-346" />
    <nd ref="-347" />
    <nd ref="-348" />
    <nd ref="-349" />
    <nd ref="-346" />
    <tag k="addr:city" v="Ingolstadt" />
    <tag k="addr:country" v="DE" />
    <tag k="addr:housenumber" v="178" />
    <tag k="addr:postcode" v="85055" />
    <tag k="addr:street" v="Regensburger Straße" />
    <tag k="building" v="yes" />
  </way>
  <way id="-1000000081" visible="true">
    <nd ref="-350" />
    <nd ref="-351" />
    <nd ref="-352" />
    <nd ref="-353" />
    <nd ref="-350" />
    <tag k="building" v="garage" />
  </way>
  <way id="-1000000082" visible="true">
    <nd ref="-354" />
    <nd ref="-355" />
    <nd ref="-356" />
    <nd ref="-357" />
    <nd ref="-358" />
    <nd ref="-359" />
    <nd ref="-360" />
    <nd ref="-354" />
    <tag k="building" v="yes" />
  </way>
  <way id="-1000000083" visible="true">
    <nd ref="-361" />
    <nd ref="-362" />
    <nd ref="-363" />
    <nd ref="-364" />
    <nd ref="-361" />
    <tag k="building" v="garage" />
  </way>
  <way id="-1000000084" visible="true">
    <nd ref="-365" />
    <nd ref="-366" />
    <nd ref="-367" />
    <nd ref="-368" />
    <nd ref="-365" />
    <tag k="building" v="garage" />
  </way>
  <way id="-1000000085" visible="true">
    <nd ref="-369" />
    <nd ref="-370" />
    <nd ref="-371" />
    <nd ref="-372" />
    <nd ref="-369" />
    <tag k="building" v="garage" />
  </way>
  <way id="-1000000086" visible="true">
    <nd ref="-373" />
    <nd ref="-374" />
    <nd ref="-375" />
    <nd ref="-376" />
    <nd ref="-373" />
    <tag k="addr:city" v="Ingolstadt" />
    <tag k="addr:country" v="DE" />
    <tag k="addr:housenumber" v="180" />
    <tag k="addr:postcode" v="85055" />
    <tag k="addr:street" v="Regensburger Straße" />
    <tag k="building" v="retail" />
    <tag k="building:levels" v="1" />
  </way>
  <way id="-1000000087" visible="true">
    <nd ref="-377" />
    <nd ref="-378" />
    <nd ref="-379" />
    <nd ref="-380" />
    <nd ref="-377" />
    <tag k="building" v="yes" />
  </way>
  <way id="-1000000088" visible="true">
    <nd ref="-381" />
    <nd ref="-382" />
    <nd ref="-383" />
    <nd ref="-384" />
    <nd ref="-381" />
    <tag k="addr:city" v="Ingolstadt" />
    <tag k="addr:country" v="DE" />
    <tag k="addr:housenumber" v="188" />
    <tag k="addr:postcode" v="85055" />
    <tag k="addr:street" v="Regensburger Straße" />
    <tag k="building" v="yes" />
  </way>
  <way id="-1000000089" visible="true">
    <nd ref="-385" />
    <nd ref="-386" />
    <nd ref="-387" />
    <nd ref="-388" />
    <nd ref="-385" />
    <tag k="addr:city" v="Ingolstadt" />
    <tag k="addr:country" v="DE" />
    <tag k="addr:housenumber" v="190" />
    <tag k="addr:postcode" v="85055" />
    <tag k="addr:street" v="Regensburger Straße" />
    <tag k="building" v="yes" />
  </way>
  <way id="-1000000090" visible="true">
    <nd ref="-389" />
    <nd ref="-390" />
    <nd ref="-391" />
    <nd ref="-392" />
    <nd ref="-393" />
    <nd ref="-389" />
    <tag k="building" v="yes" />
  </way>
  <way id="-1000000091" visible="true">
    <nd ref="-394" />
    <nd ref="-395" />
    <nd ref="-396" />
    <nd ref="-397" />
    <nd ref="-394" />
    <tag k="building" v="yes" />
  </way>
  <way id="-1000000092" visible="true">
    <nd ref="-398" />
    <nd ref="-399" />
    <nd ref="-400" />
    <nd ref="-401" />
    <nd ref="-398" />
    <tag k="building" v="yes" />
  </way>
  <way id="-1000000093" visible="true">
    <nd ref="-402" />
    <nd ref="-403" />
    <nd ref="-404" />
    <nd ref="-405" />
    <nd ref="-402" />
    <tag k="building" v="yes" />
  </way>
  <way id="-1000000094" visible="true">
    <nd ref="-406" />
    <nd ref="-407" />
    <nd ref="-408" />
    <nd ref="-409" />
    <nd ref="-406" />
    <tag k="building" v="yes" />
  </way>
  <way id="-1000000095" visible="true">
    <nd ref="-410" />
    <nd ref="-411" />
    <nd ref="-412" />
    <nd ref="-413" />
    <nd ref="-410" />
    <tag k="building" v="yes" />
  </way>
  <way id="-1000000096" visible="true">
    <nd ref="-398" />
    <nd ref="-399" />
    <nd ref="-414" />
    <nd ref="-415" />
    <nd ref="-398" />
    <tag k="building" v="yes" />
  </way>
  <way id="-1000000097" visible="true">
    <nd ref="-416" />
    <nd ref="-417" />
    <nd ref="-418" />
    <nd ref="-419" />
    <nd ref="-416" />
    <tag k="addr:city" v="Ingolstadt" />
    <tag k="addr:country" v="DE" />
    <tag k="addr:housenumber" v="5" />
    <tag k="addr:postcode" v="85055" />
    <tag k="addr:street" v="Donaufeldstraße" />
    <tag k="building" v="yes" />
    <tag k="check_date" v="2025-09-16" />
    <tag k="name" v="Rupertstubn" />
    <tag k="tourism" v="guest_house" />
  </way>
  <way id="-1000000098" visible="true">
    <nd ref="-420" />
    <nd ref="-421" />
    <nd ref="-422" />
    <nd ref="-423" />
    <nd ref="-420" />
    <tag k="building" v="yes" />
  </way>
  <way id="-1000000099" visible="true">
    <nd ref="-424" />
    <nd ref="-425" />
    <nd ref="-426" />
    <nd ref="-427" />
    <nd ref="-424" />
    <tag k="building" v="yes" />
  </way>
  <way id="-1000000100" visible="true">
    <nd ref="-428" />
    <nd ref="-429" />
    <nd ref="-430" />
    <nd ref="-431" />
    <nd ref="-428" />
    <tag k="building" v="yes" />
  </way>
  <way id="-1000000101" visible="true">
    <nd ref="-432" />
    <nd ref="-433" />
    <nd ref="-434" />
    <nd ref="-435" />
    <nd ref="-432" />
    <tag k="building" v="yes" />
  </way>
  <way id="-1000000102" visible="true">
    <nd ref="-436" />
    <nd ref="-437" />
    <nd ref="-438" />
    <nd ref="-439" />
    <nd ref="-436" />
    <tag k="building" v="yes" />
  </way>
  <way id="-1000000103" visible="true">
    <nd ref="-440" />
    <nd ref="-441" />
    <nd ref="-442" />
    <nd ref="-443" />
    <nd ref="-440" />
    <tag k="building" v="yes" />
  </way>
  <way id="-1000000104" visible="true">
    <nd ref="-444" />
    <nd ref="-445" />
    <nd ref="-446" />
    <nd ref="-447" />
    <nd ref="-444" />
    <tag k="building" v="yes" />
  </way>
  <way id="-1000000105" visible="true">
    <nd ref="-448" />
    <nd ref="-449" />
    <nd ref="-450" />
    <nd ref="-451" />
    <nd ref="-452" />
    <nd ref="-448" />
    <tag k="building" v="yes" />
  </way>
  <way id="-1000000106" visible="true">
    <nd ref="-453" />
    <nd ref="-454" />
    <nd ref="-455" />
    <nd ref="-456" />
    <nd ref="-453" />
    <tag k="building" v="yes" />
  </way>
  <way id="-1000000107" visible="true">
    <nd ref="-457" />
    <nd ref="-458" />
    <nd ref="-459" />
    <nd ref="-460" />
    <nd ref="-457" />
    <tag k="building" v="barn" />
    <tag k="name" v="Schneider Xaver GmbH &amp; Co. KG" />
  </way>
  <way id="-1000000108" visible="true">
    <nd ref="-461" />
    <nd ref="-462" />
    <nd ref="-463" />
    <nd ref="-464" />
    <nd ref="-461" />
    <tag k="building" v="yes" />
  </way>
  <way id="-1000000109" visible="true">
    <nd ref="-465" />
    <nd ref="-466" />
    <nd ref="-467" />
    <nd ref="-468" />
    <nd ref="-465" />
    <tag k="building" v="yes" />
  </way>
  <way id="-1000000110" visible="true">
    <nd ref="-469" />
    <nd ref="-470" />
    <nd ref="-471" />
    <nd ref="-472" />
    <nd ref="-469" />
    <tag k="building" v="yes" />
  </way>
  <way id="-1000000111" visible="true">
    <nd ref="-473" />
    <nd ref="-474" />
    <nd ref="-475" />
    <nd ref="-476" />
    <nd ref="-473" />
    <tag k="building" v="yes" />
  </way>
  <way id="-1000000112" visible="true">
    <nd ref="-477" />
    <nd ref="-478" />
    <nd ref="-479" />
    <nd ref="-480" />
    <nd ref="-477" />
    <tag k="building" v="garage" />
  </way>
  <way id="-1000000113" visible="true">
    <nd ref="-481" />
    <nd ref="-482" />
    <nd ref="-483" />
    <nd ref="-484" />
    <nd ref="-485" />
    <nd ref="-486" />
    <nd ref="-487" />
    <nd ref="-488" />
    <nd ref="-481" />
    <tag k="building" v="yes" />
  </way>
  <way id="-1000000114" visible="true">
    <nd ref="-489" />
    <nd ref="-490" />
    <nd ref="-491" />
    <nd ref="-492" />
    <nd ref="-489" />
    <tag k="building" v="yes" />
  </way>
  <way id="-1000000115" visible="true">
    <nd ref="-493" />
    <nd ref="-494" />
    <nd ref="-495" />
    <nd ref="-496" />
    <nd ref="-493" />
    <tag k="building" v="garage" />
  </way>
  <way id="-1000000116" visible="true">
    <nd ref="-497" />
    <nd ref="-498" />
    <nd ref="-499" />
    <nd ref="-500" />
    <nd ref="-497" />
    <tag k="building" v="garage" />
  </way>
  <way id="-1000000117" visible="true">
    <nd ref="-501" />
    <nd ref="-502" />
    <nd ref="-503" />
    <nd ref="-504" />
    <nd ref="-501" />
    <tag k="building" v="garage" />
  </way>
  <way id="-1000000118" visible="true">
    <nd ref="-505" />
    <nd ref="-506" />
    <nd ref="-507" />
    <nd ref="-508" />
    <nd ref="-505" />
    <tag k="building" v="yes" />
  </way>
  <way id="-1000000119" visible="true">
    <nd ref="-509" />
    <nd ref="-510" />
    <nd ref="-511" />
    <nd ref="-512" />
    <nd ref="-509" />
    <tag k="building" v="yes" />
  </way>
  <way id="-1000000120" visible="true">
    <nd ref="-513" />
    <nd ref="-514" />
    <nd ref="-515" />
    <nd ref="-516" />
    <nd ref="-513" />
    <tag k="building" v="yes" />
  </way>
  <way id="-1000000121" visible="true">
    <nd ref="-517" />
    <nd ref="-518" />
    <nd ref="-519" />
    <nd ref="-520" />
    <nd ref="-521" />
    <nd ref="-522" />
    <nd ref="-517" />
    <tag k="building" v="garage" />
  </way>
  <way id="-1000000122" visible="true">
    <nd ref="-523" />
    <nd ref="-524" />
    <nd ref="-525" />
    <nd ref="-526" />
    <nd ref="-523" />
    <tag k="building" v="yes" />
  </way>
  <way id="-1000000123" visible="true">
    <nd ref="-527" />
    <nd ref="-528" />
    <nd ref="-529" />
    <nd ref="-530" />
    <nd ref="-527" />
    <tag k="building" v="yes" />
  </way>
  <way id="-1000000124" visible="true">
    <nd ref="-531" />
    <nd ref="-532" />
    <nd ref="-533" />
    <nd ref="-534" />
    <nd ref="-531" />
    <tag k="building" v="yes" />
  </way>
  <way id="-1000000125" visible="true">
    <nd ref="-535" />
    <nd ref="-536" />
    <nd ref="-537" />
    <nd ref="-538" />
    <nd ref="-535" />
    <tag k="building" v="yes" />
  </way>
  <way id="-1000000126" visible="true">
    <nd ref="-539" />
    <nd ref="-540" />
    <nd ref="-541" />
    <nd ref="-542" />
    <nd ref="-539" />
    <tag k="building" v="yes" />
  </way>
  <way id="-1000000127" visible="true">
    <nd ref="-543" />
    <nd ref="-544" />
    <nd ref="-545" />
    <nd ref="-546" />
    <nd ref="-543" />
    <tag k="building" v="yes" />
  </way>
  <way id="-1000000128" visible="true">
    <nd ref="-547" />
    <nd ref="-548" />
    <nd ref="-549" />
    <nd ref="-550" />
    <nd ref="-547" />
    <tag k="building" v="yes" />
  </way>
  <way id="-1000000129" visible="true">
    <nd ref="-551" />
    <nd ref="-552" />
    <nd ref="-553" />
    <nd ref="-554" />
    <nd ref="-551" />
    <tag k="building" v="yes" />
  </way>
  <way id="-1000000130" visible="true">
    <nd ref="-555" />
    <nd ref="-556" />
    <nd ref="-557" />
    <nd ref="-558" />
    <nd ref="-555" />
    <tag k="building" v="yes" />
  </way>
  <way id="-1000000131" visible="true">
    <nd ref="-559" />
    <nd ref="-560" />
    <nd ref="-561" />
    <nd ref="-562" />
    <nd ref="-559" />
    <tag k="building" v="yes" />
  </way>
  <way id="-1000000132" visible="true">
    <nd ref="-563" />
    <nd ref="-564" />
    <nd ref="-565" />
    <nd ref="-566" />
    <nd ref="-563" />
    <tag k="building" v="yes" />
  </way>
  <way id="-1000000133" visible="true">
    <nd ref="-567" />
    <nd ref="-568" />
    <nd ref="-569" />
    <nd ref="-570" />
    <nd ref="-567" />
    <tag k="building" v="yes" />
  </way>
  <way id="-1000000134" visible="true">
    <nd ref="-571" />
    <nd ref="-572" />
    <nd ref="-573" />
    <nd ref="-574" />
    <nd ref="-571" />
    <tag k="building" v="yes" />
  </way>
  <way id="-1000000135" visible="true">
    <nd ref="-575" />
    <nd ref="-576" />
    <nd ref="-577" />
    <nd ref="-578" />
    <nd ref="-575" />
    <tag k="building" v="yes" />
  </way>
  <way id="-1000000136" visible="true">
    <nd ref="-579" />
    <nd ref="-580" />
    <nd ref="-581" />
    <nd ref="-582" />
    <nd ref="-579" />
    <tag k="building" v="yes" />
  </way>
  <way id="-1000000137" visible="true">
    <nd ref="-583" />
    <nd ref="-584" />
    <nd ref="-585" />
    <nd ref="-586" />
    <nd ref="-583" />
    <tag k="building" v="garage" />
  </way>
  <way id="-1000000138" visible="true">
    <nd ref="-587" />
    <nd ref="-588" />
    <nd ref="-589" />
    <nd ref="-590" />
    <nd ref="-587" />
    <tag k="building" v="yes" />
  </way>
  <way id="-1000000139" visible="true">
    <nd ref="-591" />
    <nd ref="-592" />
    <nd ref="-593" />
    <nd ref="-594" />
    <nd ref="-591" />
    <tag k="building" v="yes" />
  </way>
  <way id="-1000000140" visible="true">
    <nd ref="-595" />
    <nd ref="-596" />
    <nd ref="-597" />
    <nd ref="-598" />
    <nd ref="-595" />
    <tag k="building" v="yes" />
  </way>
  <way id="-1000000141" visible="true">
    <nd ref="-599" />
    <nd ref="-600" />
    <nd ref="-601" />
    <nd ref="-602" />
    <nd ref="-599" />
    <tag k="building" v="garage" />
  </way>
  <way id="-1000000142" visible="true">
    <nd ref="-603" />
    <nd ref="-604" />
    <nd ref="-605" />
    <nd ref="-606" />
    <nd ref="-603" />
    <tag k="building" v="yes" />
  </way>
  <way id="-1000000143" visible="true">
    <nd ref="-607" />
    <nd ref="-608" />
    <nd ref="-609" />
    <nd ref="-610" />
    <nd ref="-607" />
    <tag k="building" v="yes" />
  </way>
  <way id="-1000000144" visible="true">
    <nd ref="-611" />
    <nd ref="-612" />
    <nd ref="-613" />
    <nd ref="-614" />
    <nd ref="-611" />
    <tag k="building" v="yes" />
  </way>
  <way id="-1000000145" visible="true">
    <nd ref="-615" />
    <nd ref="-616" />
    <nd ref="-617" />
    <nd ref="-618" />
    <nd ref="-615" />
    <tag k="building" v="yes" />
  </way>
  <way id="-1000000146" visible="true">
    <nd ref="-619" />
    <nd ref="-620" />
    <nd ref="-621" />
    <nd ref="-622" />
    <nd ref="-619" />
    <tag k="building" v="yes" />
  </way>
  <way id="-1000000147" visible="true">
    <nd ref="-623" />
    <nd ref="-624" />
    <nd ref="-625" />
    <nd ref="-626" />
    <nd ref="-623" />
    <tag k="building" v="yes" />
  </way>
  <way id="-1000000148" visible="true">
    <nd ref="-627" />
    <nd ref="-628" />
    <nd ref="-629" />
    <nd ref="-630" />
    <nd ref="-627" />
    <tag k="building" v="yes" />
  </way>
  <way id="-1000000149" visible="true">
    <nd ref="-631" />
    <nd ref="-632" />
    <nd ref="-633" />
    <nd ref="-634" />
    <nd ref="-631" />
    <tag k="building" v="yes" />
  </way>
  <way id="-1000000150" visible="true">
    <nd ref="-635" />
    <nd ref="-636" />
    <nd ref="-637" />
    <nd ref="-638" />
    <nd ref="-635" />
    <tag k="building" v="yes" />
  </way>
  <way id="-1000000151" visible="true">
    <nd ref="-639" />
    <nd ref="-640" />
    <nd ref="-641" />
    <nd ref="-642" />
    <nd ref="-639" />
    <tag k="building" v="yes" />
  </way>
  <way id="-1000000152" visible="true">
    <nd ref="-643" />
    <nd ref="-644" />
    <nd ref="-645" />
    <nd ref="-646" />
    <nd ref="-643" />
    <tag k="building" v="yes" />
  </way>
  <way id="-1000000153" visible="true">
    <nd ref="-647" />
    <nd ref="-648" />
    <nd ref="-649" />
    <nd ref="-650" />
    <nd ref="-647" />
    <tag k="building" v="yes" />
  </way>
  <way id="-1000000154" visible="true">
    <nd ref="-651" />
    <nd ref="-652" />
    <nd ref="-653" />
    <nd ref="-654" />
    <nd ref="-651" />
    <tag k="building" v="yes" />
  </way>
  <way id="-1000000155" visible="true">
    <nd ref="-655" />
    <nd ref="-656" />
    <nd ref="-657" />
    <nd ref="-658" />
    <nd ref="-655" />
    <tag k="building" v="yes" />
  </way>
  <way id="-1000000156" visible="true">
    <nd ref="-659" />
    <nd ref="-660" />
    <nd ref="-661" />
    <nd ref="-662" />
    <nd ref="-659" />
    <tag k="building" v="yes" />
  </way>
  <way id="-1000000157" visible="true">
    <nd ref="-663" />
    <nd ref="-664" />
    <nd ref="-665" />
    <nd ref="-666" />
    <nd ref="-663" />
    <tag k="building" v="yes" />
  </way>
  <way id="-1000000158" visible="true">
    <nd ref="-667" />
    <nd ref="-668" />
    <nd ref="-669" />
    <nd ref="-670" />
    <nd ref="-667" />
    <tag k="building" v="yes" />
  </way>
  <way id="-1000000159" visible="true">
    <nd ref="-671" />
    <nd ref="-672" />
    <nd ref="-673" />
    <nd ref="-674" />
    <nd ref="-671" />
    <tag k="building" v="yes" />
  </way>
  <way id="-1000000160" visible="true">
    <nd ref="-675" />
    <nd ref="-676" />
    <nd ref="-677" />
    <nd ref="-678" />
    <nd ref="-675" />
    <tag k="building" v="yes" />
  </way>
  <way id="-1000000161" visible="true">
    <nd ref="-679" />
    <nd ref="-680" />
    <nd ref="-681" />
    <nd ref="-682" />
    <nd ref="-679" />
    <tag k="building" v="yes" />
  </way>
  <way id="-1000000162" visible="true">
    <nd ref="-683" />
    <nd ref="-684" />
    <nd ref="-685" />
    <nd ref="-686" />
    <nd ref="-683" />
    <tag k="building" v="yes" />
  </way>
  <way id="-1000000163" visible="true">
    <nd ref="-687" />
    <nd ref="-688" />
    <nd ref="-689" />
    <nd ref="-690" />
    <nd ref="-687" />
    <tag k="building" v="yes" />
  </way>
  <way id="-1000000164" visible="true">
    <nd ref="-691" />
    <nd ref="-692" />
    <nd ref="-693" />
    <nd ref="-694" />
    <nd ref="-695" />
    <nd ref="-691" />
    <tag k="building" v="yes" />
  </way>
  <way id="-1000000165" visible="true">
    <nd ref="-696" />
    <nd ref="-697" />
    <nd ref="-698" />
    <nd ref="-699" />
    <nd ref="-696" />
    <tag k="building" v="yes" />
  </way>
  <way id="-1000000166" visible="true">
    <nd ref="-700" />
    <nd ref="-701" />
    <nd ref="-702" />
    <nd ref="-703" />
    <nd ref="-700" />
    <tag k="building" v="yes" />
  </way>
  <way id="-1000000167" visible="true">
    <nd ref="-704" />
    <nd ref="-705" />
    <nd ref="-706" />
    <nd ref="-707" />
    <nd ref="-704" />
    <tag k="building" v="garage" />
  </way>
  <way id="-1000000168" visible="true">
    <nd ref="-708" />
    <nd ref="-709" />
    <nd ref="-710" />
    <nd ref="-711" />
    <nd ref="-708" />
    <tag k="building" v="garage" />
  </way>
  <way id="-1000000169" visible="true">
    <nd ref="-712" />
    <nd ref="-713" />
    <nd ref="-714" />
    <nd ref="-715" />
    <nd ref="-712" />
    <tag k="building" v="yes" />
  </way>
  <way id="-1000000170" visible="true">
    <nd ref="-716" />
    <nd ref="-717" />
    <nd ref="-718" />
    <nd ref="-719" />
    <nd ref="-716" />
    <tag k="building" v="yes" />
  </way>
  <way id="-1000000171" visible="true">
    <nd ref="-720" />
    <nd ref="-721" />
    <nd ref="-722" />
    <nd ref="-723" />
    <nd ref="-720" />
    <tag k="building" v="yes" />
  </way>
  <way id="-1000000172" visible="true">
    <nd ref="-724" />
    <nd ref="-725" />
    <nd ref="-726" />
    <nd ref="-727" />
    <nd ref="-724" />
    <tag k="building" v="yes" />
  </way>
  <way id="-1000000173" visible="true">
    <nd ref="-728" />
    <nd ref="-729" />
    <nd ref="-730" />
    <nd ref="-731" />
    <nd ref="-728" />
    <tag k="building" v="garage" />
  </way>
  <way id="-1000000174" visible="true">
    <nd ref="-692" />
    <nd ref="-693" />
    <nd ref="-732" />
    <nd ref="-733" />
    <nd ref="-692" />
    <tag k="building" v="yes" />
  </way>
  <way id="-1000000175" visible="true">
    <nd ref="-734" />
    <nd ref="-735" />
    <nd ref="-736" />
    <nd ref="-737" />
    <nd ref="-734" />
    <tag k="building" v="garage" />
  </way>
  <way id="-1000000176" visible="true">
    <nd ref="-738" />
    <nd ref="-739" />
    <nd ref="-740" />
    <nd ref="-741" />
    <nd ref="-738" />
    <tag k="building" v="garage" />
  </way>
  <way id="-1000000177" visible="true">
    <nd ref="-742" />
    <nd ref="-743" />
    <nd ref="-744" />
    <nd ref="-745" />
    <nd ref="-742" />
    <tag k="building" v="yes" />
  </way>
  <way id="-1000000178" visible="true">
    <nd ref="-746" />
    <nd ref="-747" />
    <nd ref="-748" />
    <nd ref="-749" />
    <nd ref="-746" />
    <tag k="building" v="yes" />
  </way>
  <way id="-1000000179" visible="true">
    <nd ref="-750" />
    <nd ref="-751" />
    <nd ref="-752" />
    <nd ref="-753" />
    <nd ref="-750" />
    <tag k="building" v="yes" />
  </way>
  <way id="-1000000180" visible="true">
    <nd ref="-754" />
    <nd ref="-755" />
    <nd ref="-756" />
    <nd ref="-757" />
    <nd ref="-754" />
    <tag k="building" v="yes" />
  </way>
  <way id="-1000000181" visible="true">
    <nd ref="-758" />
    <nd ref="-759" />
    <nd ref="-760" />
    <nd ref="-761" />
    <nd ref="-758" />
    <tag k="building" v="yes" />
  </way>
  <way id="-1000000182" visible="true">
    <nd ref="-762" />
    <nd ref="-763" />
    <nd ref="-764" />
    <nd ref="-765" />
    <nd ref="-766" />
    <nd ref="-762" />
    <tag k="building" v="yes" />
  </way>
  <way id="-1000000183" visible="true">
    <nd ref="-767" />
    <nd ref="-768" />
    <nd ref="-769" />
    <nd ref="-770" />
    <nd ref="-767" />
    <tag k="building" v="garage" />
  </way>
  <way id="-1000000184" visible="true">
    <nd ref="-771" />
    <nd ref="-772" />
    <nd ref="-773" />
    <nd ref="-774" />
    <nd ref="-771" />
    <tag k="building" v="garage" />
  </way>
  <way id="-1000000185" visible="true">
    <nd ref="-775" />
    <nd ref="-776" />
    <nd ref="-777" />
    <nd ref="-778" />
    <nd ref="-775" />
    <tag k="building" v="yes" />
  </way>
  <way id="-1000000186" visible="true">
    <nd ref="-779" />
    <nd ref="-780" />
    <nd ref="-781" />
    <nd ref="-782" />
    <nd ref="-783" />
    <nd ref="-784" />
    <nd ref="-779" />
    <tag k="building" v="yes" />
  </way>
  <way id="-1000000187" visible="true">
    <nd ref="-785" />
    <nd ref="-786" />
    <nd ref="-787" />
    <nd ref="-788" />
    <nd ref="-785" />
    <tag k="building" v="yes" />
  </way>
  <way id="-1000000188" visible="true">
    <nd ref="-789" />
    <nd ref="-790" />
    <nd ref="-791" />
    <nd ref="-792" />
    <nd ref="-789" />
    <tag k="building" v="yes" />
  </way>
  <way id="-1000000189" visible="true">
    <nd ref="-793" />
    <nd ref="-794" />
    <nd ref="-795" />
    <nd ref="-796" />
    <nd ref="-793" />
    <tag k="building" v="yes" />
  </way>
  <way id="-1000000190" visible="true">
    <nd ref="-797" />
    <nd ref="-798" />
    <nd ref="-799" />
    <nd ref="-800" />
    <nd ref="-797" />
    <tag k="building" v="garage" />
  </way>
  <way id="-1000000191" visible="true">
    <nd ref="-801" />
    <nd ref="-802" />
    <nd ref="-803" />
    <nd ref="-804" />
    <nd ref="-801" />
    <tag k="building" v="garage" />
  </way>
  <way id="-1000000192" visible="true">
    <nd ref="-805" />
    <nd ref="-806" />
    <nd ref="-807" />
    <nd ref="-808" />
    <nd ref="-805" />
    <tag k="building" v="garage" />
  </way>
  <way id="-1000000193" visible="true">
    <nd ref="-809" />
    <nd ref="-810" />
    <nd ref="-811" />
    <nd ref="-812" />
    <nd ref="-809" />
    <tag k="building" v="garage" />
  </way>
  <way id="-1000000194" visible="true">
    <nd ref="-813" />
    <nd ref="-814" />
    <nd ref="-815" />
    <nd ref="-816" />
    <nd ref="-813" />
    <tag k="building" v="yes" />
  </way>
  <way id="-1000000195" visible="true">
    <nd ref="-781" />
    <nd ref="-817" />
    <nd ref="-818" />
    <nd ref="-782" />
    <nd ref="-781" />
    <tag k="building" v="yes" />
  </way>
  <way id="-1000000196" visible="true">
    <nd ref="-819" />
    <nd ref="-820" />
    <nd ref="-821" />
    <nd ref="-822" />
    <nd ref="-819" />
    <tag k="building" v="yes" />
  </way>
  <way id="-1000000197" visible="true">
    <nd ref="-823" />
    <nd ref="-824" />
    <nd ref="-825" />
    <nd ref="-826" />
    <nd ref="-823" />
    <tag k="building" v="garage" />
  </way>
  <way id="-1000000198" visible="true">
    <nd ref="-827" />
    <nd ref="-828" />
    <nd ref="-829" />
    <nd ref="-830" />
    <nd ref="-827" />
    <tag k="building" v="yes" />
  </way>
  <way id="-1000000199" visible="true">
    <nd ref="-831" />
    <nd ref="-832" />
    <nd ref="-833" />
    <nd ref="-834" />
    <nd ref="-831" />
    <tag k="building" v="yes" />
  </way>
  <way id="-1000000200" visible="true">
    <nd ref="-835" />
    <nd ref="-836" />
    <nd ref="-837" />
    <nd ref="-838" />
    <nd ref="-835" />
    <tag k="building" v="garage" />
  </way>
  <way id="-1000000201" visible="true">
    <nd ref="-839" />
    <nd ref="-840" />
    <nd ref="-841" />
    <nd ref="-842" />
    <nd ref="-839" />
    <tag k="building" v="yes" />
  </way>
  <way id="-1000000202" visible="true">
    <nd ref="-843" />
    <nd ref="-844" />
    <nd ref="-845" />
    <nd ref="-846" />
    <nd ref="-843" />
    <tag k="building" v="yes" />
  </way>
  <way id="-1000000203" visible="true">
    <nd ref="-847" />
    <nd ref="-848" />
    <nd ref="-849" />
    <nd ref="-850" />
    <nd ref="-847" />
    <tag k="building" v="yes" />
  </way>
  <way id="-1000000204" visible="true">
    <nd ref="-851" />
    <nd ref="-852" />
    <nd ref="-853" />
    <nd ref="-854" />
    <nd ref="-851" />
    <tag k="building" v="yes" />
  </way>
  <way id="-1000000205" visible="true">
    <nd ref="-855" />
    <nd ref="-856" />
    <nd ref="-857" />
    <nd ref="-858" />
    <nd ref="-855" />
    <tag k="building" v="yes" />
  </way>
  <way id="-1000000206" visible="true">
    <nd ref="-859" />
    <nd ref="-860" />
    <nd ref="-861" />
    <nd ref="-862" />
    <nd ref="-859" />
    <tag k="building" v="garage" />
  </way>
  <way id="-1000000207" visible="true">
    <nd ref="-863" />
    <nd ref="-864" />
    <nd ref="-865" />
    <nd ref="-866" />
    <nd ref="-867" />
    <nd ref="-868" />
    <nd ref="-869" />
    <nd ref="-870" />
    <nd ref="-871" />
    <nd ref="-872" />
    <nd ref="-873" />
    <nd ref="-874" />
    <nd ref="-875" />
    <nd ref="-876" />
    <nd ref="-877" />
    <nd ref="-878" />
    <nd ref="-879" />
    <nd ref="-880" />
    <nd ref="-881" />
    <nd ref="-863" />
    <tag k="building" v="yes" />
  </way>
  <way id="-1000000208" visible="true">
    <nd ref="-882" />
    <nd ref="-883" />
    <nd ref="-884" />
    <nd ref="-827" />
    <nd ref="-882" />
    <tag k="building" v="garage" />
  </way>
  <way id="-1000000209" visible="true">
    <nd ref="-830" />
    <nd ref="-829" />
    <nd ref="-885" />
    <nd ref="-886" />
    <nd ref="-830" />
    <tag k="building" v="garage" />
  </way>
  <way id="-1000000210" visible="true">
    <nd ref="-887" />
    <nd ref="-888" />
    <nd ref="-889" />
    <nd ref="-890" />
    <nd ref="-887" />
    <tag k="building" v="yes" />
  </way>
  <way id="-1000000211" visible="true">
    <nd ref="-891" />
    <nd ref="-892" />
    <nd ref="-893" />
    <nd ref="-894" />
    <nd ref="-891" />
    <tag k="building" v="garage" />
  </way>
  <way id="-1000000212" visible="true">
    <nd ref="-895" />
    <nd ref="-896" />
    <nd ref="-897" />
    <nd ref="-898" />
    <nd ref="-895" />
    <tag k="building" v="garage" />
  </way>
  <way id="-1000000213" visible="true">
    <nd ref="-899" />
    <nd ref="-900" />
    <nd ref="-901" />
    <nd ref="-902" />
    <nd ref="-903" />
    <nd ref="-899" />
    <tag k="building" v="yes" />
  </way>
  <way id="-1000000214" visible="true">
    <nd ref="-904" />
    <nd ref="-905" />
    <nd ref="-906" />
    <nd ref="-907" />
    <nd ref="-908" />
    <nd ref="-904" />
    <tag k="building" v="yes" />
  </way>
  <way id="-1000000215" visible="true">
    <nd ref="-909" />
    <nd ref="-910" />
    <nd ref="-911" />
    <nd ref="-912" />
    <nd ref="-907" />
    <nd ref="-906" />
    <nd ref="-901" />
    <nd ref="-900" />
    <nd ref="-909" />
    <tag k="building" v="yes" />
  </way>
  <way id="-1000000216" visible="true">
    <nd ref="-902" />
    <nd ref="-901" />
    <nd ref="-906" />
    <nd ref="-905" />
    <nd ref="-902" />
    <tag k="building" v="yes" />
  </way>
  <way id="-1000000217" visible="true">
    <nd ref="-913" />
    <nd ref="-914" />
    <nd ref="-915" />
    <nd ref="-916" />
    <nd ref="-917" />
    <nd ref="-913" />
    <tag k="building" v="yes" />
  </way>
  <way id="-1000000218" visible="true">
    <nd ref="-918" />
    <nd ref="-919" />
    <nd ref="-920" />
    <nd ref="-921" />
    <nd ref="-918" />
    <tag k="building" v="yes" />
  </way>
  <way id="-1000000219" visible="true">
    <nd ref="-922" />
    <nd ref="-923" />
    <nd ref="-924" />
    <nd ref="-925" />
    <nd ref="-922" />
    <tag k="building" v="yes" />
  </way>
  <way id="-1000000220" visible="true">
    <nd ref="-926" />
    <nd ref="-927" />
    <nd ref="-928" />
    <nd ref="-929" />
    <nd ref="-926" />
    <tag k="building" v="yes" />
  </way>
  <way id="-1000000221" visible="true">
    <nd ref="-930" />
    <nd ref="-931" />
    <nd ref="-932" />
    <nd ref="-933" />
    <nd ref="-930" />
    <tag k="addr:city" v="Ingolstadt" />
    <tag k="addr:country" v="DE" />
    <tag k="addr:housenumber" v="11" />
    <tag k="addr:postcode" v="85055" />
    <tag k="addr:street" v="Akeleistraße" />
    <tag k="building" v="yes" />
  </way>
  <way id="-1000000222" visible="true">
    <nd ref="-934" />
    <nd ref="-935" />
    <nd ref="-936" />
    <nd ref="-937" />
    <nd ref="-934" />
    <tag k="building" v="yes" />
  </way>
  <way id="-1000000223" visible="true">
    <nd ref="-938" />
    <nd ref="-939" />
    <nd ref="-940" />
    <nd ref="-941" />
    <nd ref="-942" />
    <nd ref="-943" />
    <nd ref="-938" />
    <tag k="addr:city" v="Ingolstadt" />
    <tag k="addr:country" v="DE" />
    <tag k="addr:housenumber" v="12" />
    <tag k="addr:postcode" v="85055" />
    <tag k="addr:street" v="Akeleistraße" />
    <tag k="amenity" v="restaurant" />
    <tag k="building" v="yes" />
    <tag k="name" v="Gasthof Zum Pauli" />
    <tag k="website" v="http://wirtshaus-zum-pauli.de/" />
  </way>
  <way id="-1000000224" visible="true">
    <nd ref="-944" />
    <nd ref="-943" />
    <nd ref="-942" />
    <nd ref="-945" />
    <nd ref="-944" />
    <tag k="building" v="yes" />
  </way>
  <way id="-1000000225" visible="true">
    <nd ref="-946" />
    <nd ref="-947" />
    <nd ref="-948" />
    <nd ref="-949" />
    <nd ref="-946" />
    <tag k="building" v="yes" />
  </way>
  <way id="-1000000226" visible="true">
    <nd ref="-950" />
    <nd ref="-951" />
    <nd ref="-952" />
    <nd ref="-953" />
    <nd ref="-950" />
    <tag k="building" v="yes" />
  </way>
  <way id="-1000000227" visible="true">
    <nd ref="-954" />
    <nd ref="-955" />
    <nd ref="-956" />
    <nd ref="-957" />
    <nd ref="-954" />
    <tag k="building" v="yes" />
  </way>
  <way id="-1000000228" visible="true">
    <nd ref="-958" />
    <nd ref="-959" />
    <nd ref="-960" />
    <nd ref="-961" />
    <nd ref="-958" />
    <tag k="building" v="yes" />
  </way>
  <way id="-1000000229" visible="true">
    <nd ref="-962" />
    <nd ref="-963" />
    <nd ref="-964" />
    <nd ref="-965" />
    <nd ref="-962" />
    <tag k="building" v="yes" />
  </way>
  <way id="-1000000230" visible="true">
    <nd ref="-966" />
    <nd ref="-967" />
    <nd ref="-968" />
    <nd ref="-969" />
    <nd ref="-970" />
    <nd ref="-971" />
    <nd ref="-972" />
    <nd ref="-973" />
    <nd ref="-974" />
    <nd ref="-966" />
    <tag k="building" v="yes" />
  </way>
  <way id="-1000000231" visible="true">
    <nd ref="-975" />
    <nd ref="-976" />
    <nd ref="-977" />
    <nd ref="-978" />
    <nd ref="-979" />
    <nd ref="-980" />
    <nd ref="-981" />
    <nd ref="-982" />
    <nd ref="-975" />
    <tag k="building" v="yes" />
  </way>
  <way id="-1000000232" visible="true">
    <nd ref="-983" />
    <nd ref="-984" />
    <nd ref="-985" />
    <nd ref="-986" />
    <nd ref="-983" />
    <tag k="addr:city" v="Ingolstadt" />
    <tag k="addr:country" v="DE" />
    <tag k="addr:housenumber" v="8" />
    <tag k="addr:postcode" v="85055" />
    <tag k="addr:street" v="Marienplatz" />
    <tag k="building" v="yes" />
  </way>
  <way id="-1000000233" visible="true">
    <nd ref="-987" />
    <nd ref="-988" />
    <nd ref="-989" />
    <nd ref="-990" />
    <nd ref="-987" />
    <tag k="building" v="yes" />
  </way>
  <way id="-1000000234" visible="true">
    <nd ref="-991" />
    <nd ref="-992" />
    <nd ref="-993" />
    <nd ref="-994" />
    <nd ref="-991" />
    <tag k="building" v="yes" />
  </way>
  <way id="-1000000235" visible="true">
    <nd ref="-995" />
    <nd ref="-996" />
    <nd ref="-997" />
    <nd ref="-998" />
    <nd ref="-995" />
    <tag k="building" v="yes" />
  </way>
  <way id="-1000000236" visible="true">
    <nd ref="-999" />
    <nd ref="-1000" />
    <nd ref="-1001" />
    <nd ref="-1002" />
    <nd ref="-999" />
    <tag k="building" v="yes" />
  </way>
  <way id="-1000000237" visible="true">
    <nd ref="-1003" />
    <nd ref="-1004" />
    <nd ref="-1005" />
    <nd ref="-1006" />
    <nd ref="-1003" />
    <tag k="building" v="yes" />
  </way>
  <way id="-1000000238" visible="true">
    <nd ref="-1007" />
    <nd ref="-1008" />
    <nd ref="-1009" />
    <nd ref="-1010" />
    <nd ref="-1007" />
    <tag k="building" v="yes" />
  </way>
  <way id="-1000000239" visible="true">
    <nd ref="-1011" />
    <nd ref="-1012" />
    <nd ref="-1013" />
    <nd ref="-1014" />
    <nd ref="-1015" />
    <nd ref="-1011" />
    <tag k="building" v="yes" />
  </way>
  <way id="-1000000240" visible="true">
    <nd ref="-1016" />
    <nd ref="-1017" />
    <nd ref="-1018" />
    <nd ref="-1019" />
    <nd ref="-1016" />
    <tag k="addr:city" v="Ingolstadt" />
    <tag k="addr:country" v="DE" />
    <tag k="addr:housenumber" v="4" />
    <tag k="addr:postcode" v="85055" />
    <tag k="addr:street" v="Marienplatz" />
    <tag k="amenity" v="restaurant" />
    <tag k="building" v="yes" />
    <tag k="cuisine" v="italian" />
    <tag k="name" v="La Piazzetta" />
    <tag k="phone" v="+49 841 370330" />
    <tag k="wheelchair" v="no" />
  </way>
  <way id="-1000000241" visible="true">
    <nd ref="-1020" />
    <nd ref="-1021" />
    <nd ref="-1022" />
    <nd ref="-1023" />
    <nd ref="-1020" />
    <tag k="building" v="yes" />
  </way>
  <way id="-1000000242" visible="true">
    <nd ref="-1024" />
    <nd ref="-1025" />
    <nd ref="-1026" />
    <nd ref="-1027" />
    <nd ref="-1024" />
    <tag k="building" v="yes" />
  </way>
  <way id="-1000000243" visible="true">
    <nd ref="-1028" />
    <nd ref="-1029" />
    <nd ref="-1030" />
    <nd ref="-1031" />
    <nd ref="-1028" />
    <tag k="building" v="yes" />
  </way>
  <way id="-1000000244" visible="true">
    <nd ref="-1032" />
    <nd ref="-1033" />
    <nd ref="-1034" />
    <nd ref="-1035" />
    <nd ref="-1036" />
    <nd ref="-1037" />
    <nd ref="-1038" />
    <nd ref="-1039" />
    <nd ref="-1032" />
    <tag k="building" v="yes" />
  </way>
  <way id="-1000000245" visible="true">
    <nd ref="-1040" />
    <nd ref="-1041" />
    <nd ref="-1042" />
    <nd ref="-1043" />
    <nd ref="-1040" />
    <tag k="building" v="yes" />
  </way>
  <way id="-1000000246" visible="true">
    <nd ref="-1044" />
    <nd ref="-1045" />
    <nd ref="-1046" />
    <nd ref="-1047" />
    <nd ref="-1044" />
    <tag k="building" v="garage" />
  </way>
  <way id="-1000000247" visible="true">
    <nd ref="-1048" />
    <nd ref="-1049" />
    <nd ref="-1050" />
    <nd ref="-1051" />
    <nd ref="-1048" />
    <tag k="building" v="garage" />
  </way>
  <way id="-1000000248" visible="true">
    <nd ref="-1052" />
    <nd ref="-1053" />
    <nd ref="-1054" />
    <nd ref="-1055" />
    <nd ref="-1052" />
    <tag k="building" v="yes" />
  </way>
  <way id="-1000000249" visible="true">
    <nd ref="-1056" />
    <nd ref="-1057" />
    <nd ref="-1058" />
    <nd ref="-1059" />
    <nd ref="-1056" />
    <tag k="addr:city" v="Ingolstadt" />
    <tag k="addr:country" v="DE" />
    <tag k="addr:housenumber" v="3" />
    <tag k="addr:postcode" v="85055" />
    <tag k="addr:street" v="Marienplatz" />
    <tag k="building" v="yes" />
  </way>
  <way id="-1000000250" visible="true">
    <nd ref="-1060" />
    <nd ref="-1061" />
    <nd ref="-1062" />
    <nd ref="-1063" />
    <nd ref="-1064" />
    <nd ref="-1065" />
    <nd ref="-1060" />
    <tag k="addr:city" v="Ingolstadt" />
    <tag k="addr:country" v="DE" />
    <tag k="addr:housenumber" v="2" />
    <tag k="addr:postcode" v="85055" />
    <tag k="addr:street" v="Marienplatz" />
    <tag k="building" v="yes" />
    <tag k="opening_hours" v="Mo-Fr 06:00-18:00, Sa 06:00-13:00" />
    <tag k="phone" v="+49 841 37553" />
    <tag k="website" v="https://www.backhaus-hackner.de/" />
  </way>
  <way id="-1000000251" visible="true">
    <nd ref="-1066" />
    <nd ref="-1067" />
    <nd ref="-1068" />
    <nd ref="-1069" />
    <nd ref="-1066" />
    <tag k="building" v="yes" />
    <tag k="shop" v="funeral_directors" />
  </way>
  <way id="-1000000252" visible="true">
    <nd ref="-1070" />
    <nd ref="-1071" />
    <nd ref="-1072" />
    <nd ref="-1073" />
    <nd ref="-1074" />
    <nd ref="-1075" />
    <nd ref="-1076" />
    <nd ref="-1077" />
    <nd ref="-1078" />
    <nd ref="-1079" />
    <nd ref="-1070" />
    <tag k="addr:city" v="Ingolstadt" />
    <tag k="addr:country" v="DE" />
    <tag k="addr:housename" v="Sankt Marien Kirche" />
    <tag k="addr:housenumber" v="1" />
    <tag k="addr:postcode" v="85055" />
    <tag k="addr:street" v="Marienplatz" />
    <tag k="alt_name" v="St. Maria" />
    <tag k="amenity" v="place_of_worship" />
    <tag k="building" v="church" />
    <tag k="denomination" v="roman_catholic" />
    <tag k="email" v="mailing@bistum-eichstaett.de" />
    <tag k="name" v="Marienkirche" />
    <tag k="religion" v="christian" />
    <tag k="website" v="https://www.bistum-eichstaett.de/pfarrei/mailing-feldkirchen" />
    <tag k="wikidata" v="Q41264467" />
    <tag k="wikipedia" v="de:St. Maria (Feldkirchen)" />
  </way>
  <way id="-1000000253" visible="true">
    <nd ref="-1080" />
    <nd ref="-1081" />
    <nd ref="-1082" />
    <nd ref="-1083" />
    <nd ref="-1080" />
    <tag k="addr:city" v="Ingolstadt" />
    <tag k="addr:country" v="DE" />
    <tag k="addr:housenumber" v="9" />
    <tag k="addr:postcode" v="85055" />
    <tag k="addr:street" v="Marienplatz" />
    <tag k="building" v="yes" />
  </way>
  <way id="-1000000254" visible="true">
    <nd ref="-1084" />
    <nd ref="-1085" />
    <nd ref="-1086" />
    <nd ref="-1087" />
    <nd ref="-1084" />
    <tag k="building" v="yes" />
  </way>
  <way id="-1000000255" visible="true">
    <nd ref="-1088" />
    <nd ref="-1089" />
    <nd ref="-1090" />
    <nd ref="-1091" />
    <nd ref="-1088" />
    <tag k="building" v="yes" />
  </way>
  <way id="-1000000256" visible="true">
    <nd ref="-1092" />
    <nd ref="-1093" />
    <nd ref="-1094" />
    <nd ref="-1095" />
    <nd ref="-1092" />
    <tag k="building" v="yes" />
  </way>
  <way id="-1000000257" visible="true">
    <nd ref="-1096" />
    <nd ref="-1097" />
    <nd ref="-1098" />
    <nd ref="-1099" />
    <nd ref="-1096" />
    <tag k="building" v="yes" />
  </way>
  <way id="-1000000258" visible="true">
    <nd ref="-1100" />
    <nd ref="-1101" />
    <nd ref="-1102" />
    <nd ref="-1103" />
    <nd ref="-1100" />
    <tag k="building" v="yes" />
  </way>
  <way id="-1000000259" visible="true">
    <nd ref="-1104" />
    <nd ref="-1105" />
    <nd ref="-1106" />
    <nd ref="-1107" />
    <nd ref="-1104" />
    <tag k="building" v="yes" />
  </way>
  <way id="-1000000260" visible="true">
    <nd ref="-1108" />
    <nd ref="-1109" />
    <nd ref="-1110" />
    <nd ref="-1111" />
    <nd ref="-1108" />
    <tag k="addr:city" v="Ingolstadt" />
    <tag k="addr:housenumber" v="2" />
    <tag k="addr:postcode" v="85055" />
    <tag k="addr:street" v="Stockermühlstraße" />
    <tag k="building" v="yes" />
  </way>
  <way id="-1000000261" visible="true">
    <nd ref="-1112" />
    <nd ref="-1113" />
    <nd ref="-1114" />
    <nd ref="-1115" />
    <nd ref="-1112" />
    <tag k="building" v="yes" />
  </way>
  <way id="-1000000262" visible="true">
    <nd ref="-1116" />
    <nd ref="-1117" />
    <nd ref="-1118" />
    <nd ref="-1119" />
    <nd ref="-1120" />
    <nd ref="-1121" />
    <nd ref="-1122" />
    <nd ref="-1123" />
    <nd ref="-1116" />
    <tag k="building" v="yes" />
  </way>
  <way id="-1000000263" visible="true">
    <nd ref="-1124" />
    <nd ref="-1125" />
    <nd ref="-1126" />
    <nd ref="-1127" />
    <nd ref="-1124" />
    <tag k="building" v="yes" />
  </way>
  <way id="-1000000264" visible="true">
    <nd ref="-1128" />
    <nd ref="-1129" />
    <nd ref="-1130" />
    <nd ref="-1131" />
    <nd ref="-1128" />
    <tag k="building" v="yes" />
  </way>
  <way id="-1000000265" visible="true">
    <nd ref="-1132" />
    <nd ref="-1133" />
    <nd ref="-1134" />
    <nd ref="-1135" />
    <nd ref="-1132" />
    <tag k="building" v="yes" />
  </way>
  <way id="-1000000266" visible="true">
    <nd ref="-1136" />
    <nd ref="-1137" />
    <nd ref="-1110" />
    <nd ref="-1138" />
    <nd ref="-1136" />
    <tag k="building" v="garage" />
  </way>
  <way id="-1000000267" visible="true">
    <nd ref="-1139" />
    <nd ref="-1140" />
    <nd ref="-1141" />
    <nd ref="-1142" />
    <nd ref="-1139" />
    <tag k="building" v="yes" />
  </way>
  <way id="-1000000268" visible="true">
    <nd ref="-1143" />
    <nd ref="-1144" />
    <nd ref="-1145" />
    <nd ref="-1146" />
    <nd ref="-1143" />
    <tag k="building" v="yes" />
  </way>
  <way id="-1000000269" visible="true">
    <nd ref="-1147" />
    <nd ref="-1148" />
    <nd ref="-1149" />
    <nd ref="-1150" />
    <nd ref="-1147" />
    <tag k="building" v="yes" />
  </way>
  <way id="-1000000270" visible="true">
    <nd ref="-1151" />
    <nd ref="-1152" />
    <nd ref="-1153" />
    <nd ref="-1154" />
    <nd ref="-1151" />
    <tag k="building" v="yes" />
  </way>
  <way id="-1000000271" visible="true">
    <nd ref="-1155" />
    <nd ref="-1156" />
    <nd ref="-1157" />
    <nd ref="-1158" />
    <nd ref="-1155" />
    <tag k="building" v="yes" />
  </way>
  <way id="-1000000272" visible="true">
    <nd ref="-1159" />
    <nd ref="-1160" />
    <nd ref="-1161" />
    <nd ref="-1162" />
    <nd ref="-1159" />
    <tag k="building" v="yes" />
  </way>
  <way id="-1000000273" visible="true">
    <nd ref="-1163" />
    <nd ref="-1164" />
    <nd ref="-1165" />
    <nd ref="-1166" />
    <nd ref="-1163" />
    <tag k="building" v="garage" />
  </way>
  <way id="-1000000274" visible="true">
    <nd ref="-1167" />
    <nd ref="-1168" />
    <nd ref="-1169" />
    <nd ref="-1170" />
    <nd ref="-1167" />
    <tag k="building" v="yes" />
  </way>
  <way id="-1000000275" visible="true">
    <nd ref="-1171" />
    <nd ref="-1172" />
    <nd ref="-1173" />
    <nd ref="-1174" />
    <nd ref="-1175" />
    <nd ref="-1176" />
    <nd ref="-1177" />
    <nd ref="-1178" />
    <nd ref="-1171" />
    <tag k="building" v="yes" />
  </way>
  <way id="-1000000276" visible="true">
    <nd ref="-1179" />
    <nd ref="-1180" />
    <nd ref="-1181" />
    <nd ref="-1182" />
    <nd ref="-1179" />
    <tag k="building" v="garage" />
  </way>
  <way id="-1000000277" visible="true">
    <nd ref="-1183" />
    <nd ref="-1184" />
    <nd ref="-1185" />
    <nd ref="-1186" />
    <nd ref="-1183" />
    <tag k="building" v="yes" />
    <tag k="craft" v="painter" />
    <tag k="name" v="Pemsl" />
    <tag k="shop" v="yes" />
  </way>
  <way id="-1000000278" visible="true">
    <nd ref="-1187" />
    <nd ref="-1188" />
    <nd ref="-1189" />
    <nd ref="-1190" />
    <nd ref="-1191" />
    <nd ref="-1192" />
    <nd ref="-1187" />
    <tag k="building" v="yes" />
  </way>
  <way id="-1000000279" visible="true">
    <nd ref="-1193" />
    <nd ref="-1194" />
    <nd ref="-1195" />
    <nd ref="-1196" />
    <nd ref="-1193" />
    <tag k="building" v="yes" />
  </way>
  <way id="-1000000280" visible="true">
    <nd ref="-1197" />
    <nd ref="-1198" />
    <nd ref="-1199" />
    <nd ref="-1200" />
    <nd ref="-1197" />
    <tag k="building" v="yes" />
  </way>
  <way id="-1000000281" visible="true">
    <nd ref="-1201" />
    <nd ref="-1202" />
    <nd ref="-1203" />
    <nd ref="-1204" />
    <nd ref="-1205" />
    <nd ref="-1206" />
    <nd ref="-1201" />
    <tag k="building" v="yes" />
  </way>
  <way id="-1000000282" visible="true">
    <nd ref="-1207" />
    <nd ref="-1208" />
    <nd ref="-1209" />
    <nd ref="-1210" />
    <nd ref="-1207" />
    <tag k="building" v="yes" />
  </way>
  <way id="-1000000283" visible="true">
    <nd ref="-1191" />
    <nd ref="-1190" />
    <nd ref="-1211" />
    <nd ref="-1212" />
    <nd ref="-1191" />
    <tag k="building" v="yes" />
  </way>
  <way id="-1000000284" visible="true">
    <nd ref="-1205" />
    <nd ref="-1204" />
    <nd ref="-1213" />
    <nd ref="-1214" />
    <nd ref="-1205" />
    <tag k="building" v="yes" />
  </way>
  <way id="-1000000285" visible="true">
    <nd ref="-1215" />
    <nd ref="-1216" />
    <nd ref="-1217" />
    <nd ref="-1218" />
    <nd ref="-1215" />
    <tag k="building" v="yes" />
  </way>
  <way id="-1000000286" visible="true">
    <nd ref="-1219" />
    <nd ref="-1220" />
    <nd ref="-1221" />
    <nd ref="-1222" />
    <nd ref="-1219" />
    <tag k="building" v="yes" />
  </way>
  <way id="-1000000287" visible="true">
    <nd ref="-1223" />
    <nd ref="-1224" />
    <nd ref="-1225" />
    <nd ref="-1226" />
    <nd ref="-1223" />
    <tag k="building" v="yes" />
  </way>
  <way id="-1000000288" visible="true">
    <nd ref="-1227" />
    <nd ref="-1228" />
    <nd ref="-1229" />
    <nd ref="-1230" />
    <nd ref="-1227" />
    <tag k="building" v="yes" />
  </way>
  <way id="-1000000289" visible="true">
    <nd ref="-1231" />
    <nd ref="-1232" />
    <nd ref="-1233" />
    <nd ref="-1234" />
    <nd ref="-1231" />
    <tag k="building" v="yes" />
  </way>
  <way id="-1000000290" visible="true">
    <nd ref="-1235" />
    <nd ref="-1236" />
    <nd ref="-1237" />
    <nd ref="-1238" />
    <nd ref="-1235" />
    <tag k="building" v="yes" />
  </way>
  <way id="-1000000291" visible="true">
    <nd ref="-1239" />
    <nd ref="-1240" />
    <nd ref="-1241" />
    <nd ref="-1242" />
    <nd ref="-1239" />
    <tag k="building" v="yes" />
  </way>
  <way id="-1000000292" visible="true">
    <nd ref="-1243" />
    <nd ref="-1244" />
    <nd ref="-1245" />
    <nd ref="-1246" />
    <nd ref="-1243" />
    <tag k="building" v="yes" />
  </way>
  <way id="-1000000293" visible="true">
    <nd ref="-1247" />
    <nd ref="-1248" />
    <nd ref="-1249" />
    <nd ref="-1250" />
    <nd ref="-1247" />
    <tag k="building" v="garage" />
  </way>
  <way id="-1000000294" visible="true">
    <nd ref="-1251" />
    <nd ref="-1252" />
    <nd ref="-1253" />
    <nd ref="-1254" />
    <nd ref="-1251" />
    <tag k="building" v="garage" />
  </way>
  <way id="-1000000295" visible="true">
    <nd ref="-1255" />
    <nd ref="-1256" />
    <nd ref="-1257" />
    <nd ref="-1258" />
    <nd ref="-1255" />
    <tag k="building" v="yes" />
  </way>
  <way id="-1000000296" visible="true">
    <nd ref="-1259" />
    <nd ref="-1260" />
    <nd ref="-1261" />
    <nd ref="-1262" />
    <nd ref="-1259" />
    <tag k="building" v="yes" />
  </way>
  <way id="-1000000297" visible="true">
    <nd ref="-1263" />
    <nd ref="-1264" />
    <nd ref="-1265" />
    <nd ref="-1266" />
    <nd ref="-1263" />
    <tag k="building" v="garage" />
  </way>
  <way id="-1000000298" visible="true">
    <nd ref="-1267" />
    <nd ref="-1268" />
    <nd ref="-1269" />
    <nd ref="-1270" />
    <nd ref="-1267" />
    <tag k="building" v="garage" />
  </way>
  <way id="-1000000299" visible="true">
    <nd ref="-1271" />
    <nd ref="-1272" />
    <nd ref="-1273" />
    <nd ref="-1274" />
    <nd ref="-1271" />
    <tag k="building" v="garage" />
  </way>
  <way id="-1000000300" visible="true">
    <nd ref="-1275" />
    <nd ref="-1276" />
    <nd ref="-1277" />
    <nd ref="-1278" />
    <nd ref="-1275" />
    <tag k="building" v="yes" />
  </way>
  <way id="-1000000301" visible="true">
    <nd ref="-925" />
    <nd ref="-924" />
    <nd ref="-929" />
    <nd ref="-928" />
    <nd ref="-919" />
    <nd ref="-918" />
    <nd ref="-921" />
    <nd ref="-1279" />
    <nd ref="-1280" />
    <nd ref="-916" />
    <nd ref="-915" />
    <nd ref="-925" />
    <tag k="building" v="yes" />
  </way>
  <way id="-1000000302" visible="true">
    <nd ref="-1281" />
    <nd ref="-1282" />
    <nd ref="-1283" />
    <nd ref="-1284" />
    <nd ref="-1281" />
    <tag k="building" v="yes" />
  </way>
  <way id="-1000000303" visible="true">
    <nd ref="-1285" />
    <nd ref="-1286" />
    <nd ref="-1287" />
    <nd ref="-1288" />
    <nd ref="-1285" />
    <tag k="building" v="yes" />
  </way>
  <way id="-1000000304" visible="true">
    <nd ref="-1289" />
    <nd ref="-1290" />
    <nd ref="-1291" />
    <nd ref="-1292" />
    <nd ref="-1289" />
    <tag k="building" v="yes" />
  </way>
  <way id="-1000000305" visible="true">
    <nd ref="-1293" />
    <nd ref="-1294" />
    <nd ref="-1295" />
    <nd ref="-1296" />
    <nd ref="-1293" />
    <tag k="building" v="yes" />
  </way>
  <way id="-1000000306" visible="true">
    <nd ref="-1297" />
    <nd ref="-1298" />
    <nd ref="-1299" />
    <nd ref="-1300" />
    <nd ref="-1297" />
    <tag k="building" v="yes" />
  </way>
  <way id="-1000000307" visible="true">
    <nd ref="-1301" />
    <nd ref="-1302" />
    <nd ref="-1303" />
    <nd ref="-1304" />
    <nd ref="-1301" />
    <tag k="building" v="yes" />
  </way>
  <way id="-1000000308" visible="true">
    <nd ref="-1305" />
    <nd ref="-1306" />
    <nd ref="-1307" />
    <nd ref="-1308" />
    <nd ref="-1305" />
    <tag k="building" v="garage" />
  </way>
  <way id="-1000000309" visible="true">
    <nd ref="-1309" />
    <nd ref="-1310" />
    <nd ref="-1311" />
    <nd ref="-1312" />
    <nd ref="-1309" />
    <tag k="building" v="yes" />
  </way>
  <way id="-1000000310" visible="true">
    <nd ref="-1313" />
    <nd ref="-1314" />
    <nd ref="-1315" />
    <nd ref="-1316" />
    <nd ref="-1313" />
    <tag k="building" v="yes" />
  </way>
  <way id="-1000000311" visible="true">
    <nd ref="-1317" />
    <nd ref="-1318" />
    <nd ref="-1319" />
    <nd ref="-1320" />
    <nd ref="-1317" />
    <tag k="building" v="yes" />
  </way>
  <way id="-1000000312" visible="true">
    <nd ref="-1321" />
    <nd ref="-1322" />
    <nd ref="-1323" />
    <nd ref="-1324" />
    <nd ref="-1321" />
    <tag k="building" v="yes" />
  </way>
  <way id="-1000000313" visible="true">
    <nd ref="-1325" />
    <nd ref="-1326" />
    <nd ref="-1327" />
    <nd ref="-1328" />
    <nd ref="-1325" />
    <tag k="building" v="yes" />
  </way>
  <way id="-1000000314" visible="true">
    <nd ref="-1329" />
    <nd ref="-1330" />
    <nd ref="-1331" />
    <nd ref="-1332" />
    <nd ref="-1329" />
    <tag k="building" v="yes" />
  </way>
  <way id="-1000000315" visible="true">
    <nd ref="-1333" />
    <nd ref="-1334" />
    <nd ref="-1335" />
    <nd ref="-1336" />
    <nd ref="-1333" />
    <tag k="building" v="yes" />
  </way>
  <way id="-1000000316" visible="true">
    <nd ref="-1337" />
    <nd ref="-1338" />
    <nd ref="-1339" />
    <nd ref="-1340" />
    <nd ref="-1337" />
    <tag k="building" v="yes" />
  </way>
  <way id="-1000000317" visible="true">
    <nd ref="-1341" />
    <nd ref="-1342" />
    <nd ref="-1343" />
    <nd ref="-1344" />
    <nd ref="-1341" />
    <tag k="building" v="yes" />
  </way>
  <way id="-1000000318" visible="true">
    <nd ref="-1345" />
    <nd ref="-1346" />
    <nd ref="-1347" />
    <nd ref="-1348" />
    <nd ref="-1345" />
    <tag k="building" v="yes" />
  </way>
  <way id="-1000000319" visible="true">
    <nd ref="-1349" />
    <nd ref="-1350" />
    <nd ref="-1351" />
    <nd ref="-1352" />
    <nd ref="-1349" />
    <tag k="building" v="yes" />
  </way>
  <way id="-1000000320" visible="true">
    <nd ref="-1353" />
    <nd ref="-1354" />
    <nd ref="-1355" />
    <nd ref="-1356" />
    <nd ref="-1353" />
    <tag k="building" v="yes" />
  </way>
  <way id="-1000000321" visible="true">
    <nd ref="-1357" />
    <nd ref="-1358" />
    <nd ref="-1359" />
    <nd ref="-1360" />
    <nd ref="-1357" />
    <tag k="building" v="yes" />
  </way>
  <way id="-1000000322" visible="true">
    <nd ref="-1361" />
    <nd ref="-1362" />
    <nd ref="-1363" />
    <nd ref="-1364" />
    <nd ref="-1361" />
    <tag k="building" v="garage" />
  </way>
  <way id="-1000000323" visible="true">
    <nd ref="-1365" />
    <nd ref="-1366" />
    <nd ref="-1367" />
    <nd ref="-1368" />
    <nd ref="-1365" />
    <tag k="building" v="yes" />
  </way>
  <way id="-1000000324" visible="true">
    <nd ref="-1369" />
    <nd ref="-1370" />
    <nd ref="-1371" />
    <nd ref="-1372" />
    <nd ref="-1369" />
    <tag k="building" v="garage" />
  </way>
  <way id="-1000000325" visible="true">
    <nd ref="-1373" />
    <nd ref="-1374" />
    <nd ref="-387" />
    <nd ref="-388" />
    <nd ref="-1373" />
    <tag k="addr:city" v="Ingolstadt" />
    <tag k="addr:country" v="DE" />
    <tag k="addr:housenumber" v="6" />
    <tag k="addr:postcode" v="85055" />
    <tag k="addr:street" v="Marienplatz" />
    <tag k="building" v="apartments" />
    <tag k="building:levels" v="2" />
    <tag k="email" v="wolfgang_mader@gmx.com" />
    <tag k="name" v="St. Martin Apotheke" />
    <tag k="phone" v="+49 841 37322" />
    <tag k="roof:levels" v="1" />
    <tag k="roof:shape" v="gabled" />
  </way>
  <way id="-1000000326" visible="true">
    <nd ref="-1375" />
    <nd ref="-1376" />
    <nd ref="-1377" />
    <nd ref="-1378" />
    <nd ref="-1375" />
    <tag k="building" v="garage" />
  </way>
  <way id="-1000000327" visible="true">
    <nd ref="-1379" />
    <nd ref="-1380" />
    <nd ref="-1381" />
    <nd ref="-1382" />
    <nd ref="-1379" />
    <tag k="building" v="garage" />
  </way>
  <way id="-1000000328" visible="true">
    <nd ref="-1383" />
    <nd ref="-1384" />
    <nd ref="-1385" />
    <nd ref="-1386" />
    <nd ref="-1383" />
    <tag k="building" v="yes" />
  </way>
  <way id="-1000000329" visible="true">
    <nd ref="-1387" />
    <nd ref="-1388" />
    <nd ref="-1389" />
    <nd ref="-1390" />
    <nd ref="-1387" />
    <tag k="building" v="yes" />
  </way>
  <way id="-1000000330" visible="true">
    <nd ref="-1391" />
    <nd ref="-1392" />
    <nd ref="-1393" />
    <nd ref="-1394" />
    <nd ref="-1391" />
    <tag k="building" v="yes" />
  </way>
  <way id="-1000000331" visible="true">
    <nd ref="-1395" />
    <nd ref="-1396" />
    <nd ref="-1397" />
    <nd ref="-1398" />
    <nd ref="-1395" />
    <tag k="building" v="garage" />
  </way>
  <way id="-1000000332" visible="true">
    <nd ref="-1399" />
    <nd ref="-1400" />
    <nd ref="-1401" />
    <nd ref="-1402" />
    <nd ref="-1399" />
    <tag k="building" v="yes" />
  </way>
  <way id="-1000000333" visible="true">
    <nd ref="-1403" />
    <nd ref="-1404" />
    <nd ref="-1405" />
    <nd ref="-1406" />
    <nd ref="-1403" />
    <tag k="building" v="yes" />
  </way>
  <way id="-1000000334" visible="true">
    <nd ref="-1407" />
    <nd ref="-1408" />
    <nd ref="-1409" />
    <nd ref="-1410" />
    <nd ref="-1407" />
    <tag k="building" v="yes" />
  </way>
  <way id="-1000000335" visible="true">
    <nd ref="-1411" />
    <nd ref="-1412" />
    <nd ref="-1413" />
    <nd ref="-1414" />
    <nd ref="-1411" />
    <tag k="building" v="yes" />
  </way>
  <way id="-1000000336" visible="true">
    <nd ref="-1415" />
    <nd ref="-1416" />
    <nd ref="-1417" />
    <nd ref="-1418" />
    <nd ref="-1415" />
    <tag k="building" v="yes" />
  </way>
  <way id="-1000000337" visible="true">
    <nd ref="-1419" />
    <nd ref="-1420" />
    <nd ref="-1421" />
    <nd ref="-1422" />
    <nd ref="-1419" />
    <tag k="building" v="yes" />
  </way>
  <way id="-1000000338" visible="true">
    <nd ref="-1423" />
    <nd ref="-1424" />
    <nd ref="-1425" />
    <nd ref="-1426" />
    <nd ref="-1423" />
    <tag k="building" v="yes" />
  </way>
  <way id="-1000000339" visible="true">
    <nd ref="-1427" />
    <nd ref="-1428" />
    <nd ref="-1429" />
    <nd ref="-1430" />
    <nd ref="-1427" />
    <tag k="building" v="garage" />
  </way>
  <way id="-1000000340" visible="true">
    <nd ref="-1431" />
    <nd ref="-1432" />
    <nd ref="-1433" />
    <nd ref="-1434" />
    <nd ref="-1431" />
    <tag k="building" v="yes" />
  </way>
  <way id="-1000000341" visible="true">
    <nd ref="-1435" />
    <nd ref="-1436" />
    <nd ref="-1437" />
    <nd ref="-1438" />
    <nd ref="-1435" />
    <tag k="building" v="yes" />
  </way>
  <way id="-1000000342" visible="true">
    <nd ref="-1439" />
    <nd ref="-1440" />
    <nd ref="-1441" />
    <nd ref="-1442" />
    <nd ref="-1439" />
    <tag k="building" v="yes" />
  </way>
  <way id="-1000000343" visible="true">
    <nd ref="-1443" />
    <nd ref="-1444" />
    <nd ref="-1445" />
    <nd ref="-1446" />
    <nd ref="-1447" />
    <nd ref="-1448" />
    <nd ref="-1449" />
    <nd ref="-1450" />
    <nd ref="-1443" />
    <tag k="building" v="yes" />
  </way>
  <way id="-1000000344" visible="true">
    <nd ref="-151" />
    <nd ref="-1451" />
    <nd ref="-1452" />
    <nd ref="-150" />
    <nd ref="-151" />
    <tag k="building" v="yes" />
  </way>
  <way id="-1000000345" visible="true">
    <nd ref="-1453" />
    <nd ref="-1454" />
    <nd ref="-1455" />
    <nd ref="-1456" />
    <nd ref="-1453" />
    <tag k="building" v="yes" />
  </way>
  <way id="-1000000346" visible="true">
    <nd ref="-1457" />
    <nd ref="-1458" />
    <nd ref="-1459" />
    <nd ref="-1460" />
    <nd ref="-1461" />
    <nd ref="-1457" />
    <tag k="building" v="garage" />
  </way>
  <way id="-1000000347" visible="true">
    <nd ref="-1462" />
    <nd ref="-1463" />
    <nd ref="-1464" />
    <nd ref="-1465" />
    <nd ref="-1462" />
    <tag k="building" v="garage" />
  </way>
  <way id="-1000000348" visible="true">
    <nd ref="-1466" />
    <nd ref="-1467" />
    <nd ref="-1468" />
    <nd ref="-1469" />
    <nd ref="-1466" />
    <tag k="building" v="garage" />
  </way>
  <way id="-1000000349" visible="true">
    <nd ref="-1470" />
    <nd ref="-1471" />
    <nd ref="-1472" />
    <nd ref="-1473" />
    <nd ref="-1470" />
    <tag k="building" v="yes" />
  </way>
  <way id="-1000000350" visible="true">
    <nd ref="-1474" />
    <nd ref="-1475" />
    <nd ref="-1476" />
    <nd ref="-1477" />
    <nd ref="-1474" />
    <tag k="building" v="garage" />
  </way>
  <way id="-1000000351" visible="true">
    <nd ref="-1478" />
    <nd ref="-1479" />
    <nd ref="-1480" />
    <nd ref="-1481" />
    <nd ref="-1478" />
    <tag k="building" v="garage" />
  </way>
  <way id="-1000000352" visible="true">
    <nd ref="-1482" />
    <nd ref="-1483" />
    <nd ref="-1484" />
    <nd ref="-1485" />
    <nd ref="-1482" />
    <tag k="building" v="yes" />
  </way>
  <way id="-1000000353" visible="true">
    <nd ref="-1486" />
    <nd ref="-1487" />
    <nd ref="-1488" />
    <nd ref="-1489" />
    <nd ref="-1486" />
    <tag k="building" v="garage" />
  </way>
  <way id="-1000000354" visible="true">
    <nd ref="-1490" />
    <nd ref="-1491" />
    <nd ref="-1492" />
    <nd ref="-1493" />
    <nd ref="-1490" />
    <tag k="building" v="yes" />
  </way>
  <way id="-1000000355" visible="true">
    <nd ref="-1494" />
    <nd ref="-1495" />
    <nd ref="-1496" />
    <nd ref="-1497" />
    <nd ref="-1494" />
    <tag k="building" v="yes" />
  </way>
  <way id="-1000000356" visible="true">
    <nd ref="-1498" />
    <nd ref="-1499" />
    <nd ref="-1500" />
    <nd ref="-1501" />
    <nd ref="-1498" />
    <tag k="building" v="garage" />
  </way>
  <way id="-1000000357" visible="true">
    <nd ref="-1502" />
    <nd ref="-1503" />
    <nd ref="-1504" />
    <nd ref="-1505" />
    <nd ref="-1502" />
    <tag k="building" v="yes" />
  </way>
  <way id="-1000000358" visible="true">
    <nd ref="-1506" />
    <nd ref="-1507" />
    <nd ref="-1508" />
    <nd ref="-1509" />
    <nd ref="-1506" />
    <tag k="building" v="yes" />
  </way>
  <way id="-1000000359" visible="true">
    <nd ref="-1510" />
    <nd ref="-1511" />
    <nd ref="-1512" />
    <nd ref="-1513" />
    <nd ref="-1510" />
    <tag k="addr:city" v="Ingolstadt" />
    <tag k="addr:housenumber" v="9" />
    <tag k="addr:postcode" v="85055" />
    <tag k="addr:street" v="Schellingstraße" />
    <tag k="building" v="yes" />
  </way>
  <way id="-1000000360" visible="true">
    <nd ref="-1514" />
    <nd ref="-1515" />
    <nd ref="-1516" />
    <nd ref="-1517" />
    <nd ref="-1514" />
    <tag k="building" v="yes" />
  </way>
  <way id="-1000000361" visible="true">
    <nd ref="-1518" />
    <nd ref="-1519" />
    <nd ref="-1520" />
    <nd ref="-1521" />
    <nd ref="-1518" />
    <tag k="addr:city" v="Ingolstadt" />
    <tag k="addr:housenumber" v="9b" />
    <tag k="addr:postcode" v="85055" />
    <tag k="addr:street" v="Schellingstraße" />
    <tag k="building" v="yes" />
  </way>
  <way id="-1000000362" visible="true">
    <nd ref="-1522" />
    <nd ref="-1523" />
    <nd ref="-1524" />
    <nd ref="-1525" />
    <nd ref="-1522" />
    <tag k="addr:city" v="Ingolstadt" />
    <tag k="addr:housenumber" v="9a" />
    <tag k="addr:postcode" v="85055" />
    <tag k="addr:street" v="Schellingstraße" />
    <tag k="building" v="yes" />
  </way>
  <way id="-1000000363" visible="true">
    <nd ref="-1526" />
    <nd ref="-1527" />
    <nd ref="-1528" />
    <nd ref="-1529" />
    <nd ref="-1526" />
    <tag k="addr:city" v="Ingolstadt" />
    <tag k="addr:housenumber" v="184" />
    <tag k="addr:postcode" v="85055" />
    <tag k="addr:street" v="Regensburger Straße" />
    <tag k="building" v="apartments" />
  </way>
  <way id="-1000000364" visible="true">
    <nd ref="-1530" />
    <nd ref="-1531" />
    <nd ref="-1532" />
    <nd ref="-1533" />
    <nd ref="-1530" />
    <tag k="addr:city" v="Ingolstadt" />
    <tag k="addr:housenumber" v="186" />
    <tag k="addr:postcode" v="85055" />
    <tag k="addr:street" v="Regensburger Straße" />
    <tag k="building" v="apartments" />
  </way>
  <way id="-1000000365" visible="true">
    <nd ref="-1534" />
    <nd ref="-1535" />
    <nd ref="-1536" />
    <nd ref="-1537" />
    <nd ref="-1534" />
    <tag k="addr:city" v="Ingolstadt" />
    <tag k="addr:housenumber" v="184 b" />
    <tag k="addr:postcode" v="85055" />
    <tag k="addr:street" v="Regensburger Straße" />
    <tag k="building" v="apartments" />
  </way>
  <way id="-1000000366" visible="true">
    <nd ref="-1538" />
    <nd ref="-1539" />
    <nd ref="-1540" />
    <nd ref="-1541" />
    <nd ref="-1538" />
    <tag k="addr:city" v="Ingolstadt" />
    <tag k="addr:housenumber" v="184 a" />
    <tag k="addr:postcode" v="85055" />
    <tag k="addr:street" v="Regensburger Straße" />
    <tag k="building" v="apartments" />
  </way>
  <way id="-1000000367" visible="true">
    <nd ref="-1542" />
    <nd ref="-1543" />
    <nd ref="-1544" />
    <nd ref="-1545" />
    <nd ref="-1542" />
    <tag k="building" v="yes" />
  </way>
  <way id="-1000000368" visible="true">
    <nd ref="-1546" />
    <nd ref="-1547" />
    <nd ref="-1548" />
    <nd ref="-1549" />
    <nd ref="-1546" />
    <tag k="building" v="yes" />
  </way>
  <way id="-1000000369" visible="true">
    <nd ref="-1550" />
    <nd ref="-1551" />
    <nd ref="-1552" />
    <nd ref="-1553" />
    <nd ref="-1550" />
    <tag k="building" v="yes" />
  </way>
  <way id="-1000000370" visible="true">
    <nd ref="-1554" />
    <nd ref="-1555" />
    <nd ref="-1556" />
    <nd ref="-1557" />
    <nd ref="-1554" />
    <tag k="building" v="yes" />
  </way>
  <way id="-1000000371" visible="true">
    <nd ref="-1558" />
    <nd ref="-1559" />
    <nd ref="-1560" />
    <nd ref="-1561" />
    <nd ref="-1562" />
    <nd ref="-1563" />
    <nd ref="-1558" />
    <tag k="building" v="yes" />
  </way>
  <way id="-1000000372" visible="true">
    <nd ref="-1564" />
    <nd ref="-1565" />
    <nd ref="-1566" />
    <nd ref="-1567" />
    <nd ref="-1564" />
    <tag k="building" v="yes" />
  </way>
  <way id="-1000000373" visible="true">
    <nd ref="-1568" />
    <nd ref="-1569" />
    <nd ref="-1570" />
    <nd ref="-1571" />
    <nd ref="-1568" />
    <tag k="building" v="garage" />
  </way>
  <way id="-1000000374" visible="true">
    <nd ref="-1572" />
    <nd ref="-1573" />
    <nd ref="-1574" />
    <nd ref="-1575" />
    <nd ref="-1572" />
    <tag k="building" v="garage" />
  </way>
  <way id="-1000000375" visible="true">
    <nd ref="-1576" />
    <nd ref="-1577" />
    <nd ref="-1578" />
    <nd ref="-1579" />
    <nd ref="-1576" />
    <tag k="building" v="garage" />
  </way>
  <way id="-1000000376" visible="true">
    <nd ref="-1580" />
    <nd ref="-1581" />
    <nd ref="-1582" />
    <nd ref="-1583" />
    <nd ref="-1580" />
    <tag k="building" v="yes" />
  </way>
  <way id="-1000000377" visible="true">
    <nd ref="-1584" />
    <nd ref="-1580" />
    <nd ref="-1583" />
    <nd ref="-1585" />
    <nd ref="-1573" />
    <nd ref="-1584" />
    <tag k="building" v="yes" />
  </way>
  <way id="-1000000378" visible="true">
    <nd ref="-1586" />
    <nd ref="-1587" />
    <nd ref="-1572" />
    <nd ref="-1588" />
    <nd ref="-1589" />
    <nd ref="-1586" />
    <tag k="building" v="yes" />
  </way>
  <way id="-1000000379" visible="true">
    <nd ref="-1590" />
    <nd ref="-1586" />
    <nd ref="-1589" />
    <nd ref="-1591" />
    <nd ref="-1590" />
    <tag k="building" v="yes" />
  </way>
  <way id="-1000000380" visible="true">
    <nd ref="-1592" />
    <nd ref="-1593" />
    <nd ref="-1594" />
    <nd ref="-1595" />
    <nd ref="-1596" />
    <nd ref="-1592" />
    <tag k="building" v="yes" />
  </way>
  <way id="-1000000381" visible="true">
    <nd ref="-1592" />
    <nd ref="-1596" />
    <nd ref="-1597" />
    <nd ref="-1598" />
    <nd ref="-1592" />
    <tag k="building" v="yes" />
  </way>
  <way id="-1000000382" visible="true">
    <nd ref="-1599" />
    <nd ref="-1600" />
    <nd ref="-1601" />
    <nd ref="-1602" />
    <nd ref="-1599" />
    <tag k="building" v="garage" />
  </way>
  <way id="-1000000383" visible="true">
    <nd ref="-1594" />
    <nd ref="-1603" />
    <nd ref="-1604" />
    <nd ref="-1593" />
    <nd ref="-1594" />
    <tag k="building" v="garage" />
  </way>
  <way id="-1000000384" visible="true">
    <nd ref="-1605" />
    <nd ref="-1606" />
    <nd ref="-1607" />
    <nd ref="-1608" />
    <nd ref="-1605" />
    <tag k="building" v="garage" />
  </way>
  <way id="-1000000385" visible="true">
    <nd ref="-1609" />
    <nd ref="-1610" />
    <nd ref="-1611" />
    <nd ref="-1612" />
    <nd ref="-1609" />
    <tag k="building" v="garage" />
  </way>
  <way id="-1000000386" visible="true">
    <nd ref="-1613" />
    <nd ref="-1614" />
    <nd ref="-1615" />
    <nd ref="-1616" />
    <nd ref="-1613" />
    <tag k="building" v="yes" />
  </way>
  <way id="-1000000387" visible="true">
    <nd ref="-1617" />
    <nd ref="-1618" />
    <nd ref="-1619" />
    <nd ref="-1620" />
    <nd ref="-1617" />
    <tag k="building" v="yes" />
  </way>
  <way id="-1000000388" visible="true">
    <nd ref="-1621" />
    <nd ref="-1622" />
    <nd ref="-1623" />
    <nd ref="-1624" />
    <nd ref="-1621" />
    <tag k="building" v="garage" />
  </way>
  <way id="-1000000389" visible="true">
    <nd ref="-1625" />
    <nd ref="-1626" />
    <nd ref="-1627" />
    <nd ref="-1628" />
    <nd ref="-1629" />
    <nd ref="-1630" />
    <nd ref="-1631" />
    <nd ref="-1632" />
    <nd ref="-1633" />
    <nd ref="-1634" />
    <nd ref="-1635" />
    <nd ref="-1636" />
    <nd ref="-1625" />
    <tag k="building" v="yes" />
  </way>
  <way id="-1000000390" visible="true">
    <nd ref="-1637" />
    <nd ref="-1638" />
    <nd ref="-1639" />
    <nd ref="-1640" />
    <nd ref="-1637" />
    <tag k="building" v="yes" />
  </way>
  <way id="-1000000391" visible="true">
    <nd ref="-1641" />
    <nd ref="-1642" />
    <nd ref="-1643" />
    <nd ref="-1644" />
    <nd ref="-1641" />
    <tag k="building" v="yes" />
  </way>
  <way id="-1000000392" visible="true">
    <nd ref="-1645" />
    <nd ref="-1646" />
    <nd ref="-1647" />
    <nd ref="-1648" />
    <nd ref="-1649" />
    <nd ref="-1650" />
    <nd ref="-1651" />
    <nd ref="-1652" />
    <nd ref="-1653" />
    <nd ref="-1654" />
    <nd ref="-1655" />
    <nd ref="-1656" />
    <nd ref="-1645" />
    <tag k="building" v="yes" />
  </way>
  <way id="-1000000393" visible="true">
    <nd ref="-1657" />
    <nd ref="-1658" />
    <nd ref="-1659" />
    <nd ref="-1660" />
    <nd ref="-1657" />
    <tag k="building" v="yes" />
  </way>
  <way id="-1000000394" visible="true">
    <nd ref="-1661" />
    <nd ref="-1662" />
    <nd ref="-1663" />
    <nd ref="-1664" />
    <nd ref="-1661" />
    <tag k="building" v="yes" />
  </way>
</osm>