<?xml version='1.0' encoding='UTF-8'?>
<osm version="0.6" generator="tile_fbx_generator.py">
  <node id="-1" lat="48.7511094" lon="11.4282432" visible="true" />
  <node id="-2" lat="48.7511356" lon="11.4283803" visible="true" />
  <node id="-3" lat="48.7513448" lon="11.4282884" visible="true" />
  <node id="-4" lat="48.7517383" lon="11.4281155" visible="true" />
  <node id="-5" lat="48.7517121" lon="11.4279784" visible="true" />
  <node id="-6" lat="48.7521748" lon="11.4273260" visible="true" />
  <node id="-7" lat="48.7521827" lon="11.4275467" visible="true" />
  <node id="-8" lat="48.7523014" lon="11.4275369" visible="true" />
  <node id="-9" lat="48.7522935" lon="11.4273163" visible="true" />
  <node id="-10" lat="48.7512021" lon="11.4229103" visible="true" />
  <node id="-11" lat="48.7512447" lon="11.4230598" visible="true" />
  <node id="-12" lat="48.7513753" lon="11.4229742" visible="true" />
  <node id="-13" lat="48.7513327" lon="11.4228247" visible="true" />
  <node id="-14" lat="48.7512247" lon="11.4286127" visible="true" />
  <node id="-15" lat="48.7512033" lon="11.4286805" visible="true" />
  <node id="-16" lat="48.7512700" lon="11.4289560" visible="true" />
  <node id="-17" lat="48.7513537" lon="11.4289157" visible="true" />
  <node id="-18" lat="48.7513202" lon="11.4287454" visible="true" />
  <node id="-19" lat="48.7514624" lon="11.4286728" visible="true" />
  <node id="-20" lat="48.7514171" lon="11.4284925" visible="true" />
  <node id="-21" lat="48.7516269" lon="11.4284196" visible="true" />
  <node id="-22" lat="48.7516613" lon="11.4287730" visible="true" />
  <node id="-23" lat="48.7517551" lon="11.4287484" visible="true" />
  <node id="-24" lat="48.7517162" lon="11.4283984" visible="true" />
  <node id="-25" lat="48.7507453" lon="11.4268211" visible="true" />
  <node id="-26" lat="48.7509788" lon="11.4277384" visible="true" />
  <node id="-27" lat="48.7509019" lon="11.4277834" visible="true" />
  <node id="-28" lat="48.7507552" lon="11.4272069" visible="true" />
  <node id="-29" lat="48.7506685" lon="11.4268661" visible="true" />
  <node id="-30" lat="48.7508178" lon="11.4257372" visible="true" />
  <node id="-31" lat="48.7507169" lon="11.4257982" visible="true" />
  <node id="-32" lat="48.7507719" lon="11.4260076" visible="true" />
  <node id="-33" lat="48.7508728" lon="11.4259466" visible="true" />
  <node id="-34" lat="48.7505444" lon="11.4256280" visible="true" />
  <node id="-35" lat="48.7504437" lon="11.4257039" visible="true" />
  <node id="-36" lat="48.7505006" lon="11.4258772" visible="true" />
  <node id="-37" lat="48.7506012" lon="11.4258013" visible="true" />
  <node id="-38" lat="48.7506813" lon="11.4252088" visible="true" />
  <node id="-39" lat="48.7505962" lon="11.4252615" visible="true" />
  <node id="-40" lat="48.7507029" lon="11.4256579" visible="true" />
  <node id="-41" lat="48.7507880" lon="11.4256052" visible="true" />
  <node id="-42" lat="48.7510118" lon="11.4261880" visible="true" />
  <node id="-43" lat="48.7508226" lon="11.4263106" visible="true" />
  <node id="-44" lat="48.7508828" lon="11.4265246" visible="true" />
  <node id="-45" lat="48.7510720" lon="11.4264021" visible="true" />
  <node id="-46" lat="48.7514213" lon="11.4258775" visible="true" />
  <node id="-47" lat="48.7513041" lon="11.4259626" visible="true" />
  <node id="-48" lat="48.7513803" lon="11.4262040" visible="true" />
  <node id="-49" lat="48.7514976" lon="11.4261189" visible="true" />
  <node id="-50" lat="48.7512900" lon="11.4261173" visible="true" />
  <node id="-51" lat="48.7512029" lon="11.4261725" visible="true" />
  <node id="-52" lat="48.7512252" lon="11.4262558" visible="true" />
  <node id="-53" lat="48.7511453" lon="11.4262822" visible="true" />
  <node id="-54" lat="48.7511691" lon="11.4264163" visible="true" />
  <node id="-55" lat="48.7513361" lon="11.4263438" visible="true" />
  <node id="-56" lat="48.7505789" lon="11.4265124" visible="true" />
  <node id="-57" lat="48.7506330" lon="11.4266963" visible="true" />
  <node id="-58" lat="48.7507036" lon="11.4266507" visible="true" />
  <node id="-59" lat="48.7506495" lon="11.4264667" visible="true" />
  <node id="-60" lat="48.7513722" lon="11.4256597" visible="true" />
  <node id="-61" lat="48.7512698" lon="11.4257297" visible="true" />
  <node id="-62" lat="48.7513111" lon="11.4258588" visible="true" />
  <node id="-63" lat="48.7514135" lon="11.4257888" visible="true" />
  <node id="-64" lat="48.7510281" lon="11.4255729" visible="true" />
  <node id="-65" lat="48.7509432" lon="11.4256372" visible="true" />
  <node id="-66" lat="48.7509996" lon="11.4258220" visible="true" />
  <node id="-67" lat="48.7510918" lon="11.4257552" visible="true" />
  <node id="-68" lat="48.7504882" lon="11.4249951" visible="true" />
  <node id="-69" lat="48.7504077" lon="11.4250534" visible="true" />
  <node id="-70" lat="48.7504720" lon="11.4252576" visible="true" />
  <node id="-71" lat="48.7505525" lon="11.4251993" visible="true" />
  <node id="-72" lat="48.7511515" lon="11.4258361" visible="true" />
  <node id="-73" lat="48.7510586" lon="11.4259057" visible="true" />
  <node id="-74" lat="48.7511195" lon="11.4260924" visible="true" />
  <node id="-75" lat="48.7512124" lon="11.4260228" visible="true" />
  <node id="-76" lat="48.7505919" lon="11.4249357" visible="true" />
  <node id="-77" lat="48.7506406" lon="11.4251164" visible="true" />
  <node id="-78" lat="48.7507322" lon="11.4250595" visible="true" />
  <node id="-79" lat="48.7506835" lon="11.4248788" visible="true" />
  <node id="-80" lat="48.7503209" lon="11.4251193" visible="true" />
  <node id="-81" lat="48.7502277" lon="11.4251847" visible="true" />
  <node id="-82" lat="48.7502773" lon="11.4253473" visible="true" />
  <node id="-83" lat="48.7503705" lon="11.4252819" visible="true" />
  <node id="-84" lat="48.7507273" lon="11.4260831" visible="true" />
  <node id="-85" lat="48.7505954" lon="11.4261770" visible="true" />
  <node id="-86" lat="48.7506445" lon="11.4263357" visible="true" />
  <node id="-87" lat="48.7507764" lon="11.4262418" visible="true" />
  <node id="-88" lat="48.7509087" lon="11.4252586" visible="true" />
  <node id="-89" lat="48.7508232" lon="11.4253155" visible="true" />
  <node id="-90" lat="48.7508741" lon="11.4254915" visible="true" />
  <node id="-91" lat="48.7509596" lon="11.4254346" visible="true" />
  <node id="-92" lat="48.7506600" lon="11.4260632" visible="true" />
  <node id="-93" lat="48.7505762" lon="11.4261250" visible="true" />
  <node id="-94" lat="48.7505251" lon="11.4259655" visible="true" />
  <node id="-95" lat="48.7506089" lon="11.4259037" visible="true" />
  <node id="-96" lat="48.7505081" lon="11.4253704" visible="true" />
  <node id="-97" lat="48.7503831" lon="11.4254347" visible="true" />
  <node id="-98" lat="48.7504169" lon="11.4255687" visible="true" />
  <node id="-99" lat="48.7505420" lon="11.4255045" visible="true" />
  <node id="-100" lat="48.7520635" lon="11.4273346" visible="true" />
  <node id="-101" lat="48.7520660" lon="11.4276175" visible="true" />
  <node id="-102" lat="48.7519440" lon="11.4276200" visible="true" />
  <node id="-103" lat="48.7519436" lon="11.4275727" visible="true" />
  <node id="-104" lat="48.7519428" lon="11.4274881" visible="true" />
  <node id="-105" lat="48.7519420" lon="11.4273892" visible="true" />
  <node id="-106" lat="48.7519415" lon="11.4273371" visible="true" />
  <node id="-107" lat="48.7542557" lon="11.4295321" visible="true" />
  <node id="-108" lat="48.7541424" lon="11.4295273" visible="true" />
  <node id="-109" lat="48.7540251" lon="11.4295224" visible="true" />
  <node id="-110" lat="48.7540259" lon="11.4294798" visible="true" />
  <node id="-111" lat="48.7540267" lon="11.4294372" visible="true" />
  <node id="-112" lat="48.7540294" lon="11.4292908" visible="true" />
  <node id="-113" lat="48.7539744" lon="11.4292877" visible="true" />
  <node id="-114" lat="48.7539759" lon="11.4291575" visible="true" />
  <node id="-115" lat="48.7539799" lon="11.4290119" visible="true" />
  <node id="-116" lat="48.7540333" lon="11.4290141" visible="true" />
  <node id="-117" lat="48.7540355" lon="11.4288908" visible="true" />
  <node id="-118" lat="48.7542673" lon="11.4289006" visible="true" />
  <node id="-119" lat="48.7494862" lon="11.4274085" visible="true" />
  <node id="-120" lat="48.7495010" lon="11.4275510" visible="true" />
  <node id="-121" lat="48.7493576" lon="11.4275853" visible="true" />
  <node id="-122" lat="48.7493428" lon="11.4274428" visible="true" />
  <node id="-123" lat="48.7494160" lon="11.4274280" visible="true" />
  <node id="-124" lat="48.7497860" lon="11.4243678" visible="true" />
  <node id="-125" lat="48.7498607" lon="11.4243314" visible="true" />
  <node id="-126" lat="48.7498927" lon="11.4244825" visible="true" />
  <node id="-127" lat="48.7498181" lon="11.4245189" visible="true" />
  <node id="-128" lat="48.7494106" lon="11.4249507" visible="true" />
  <node id="-129" lat="48.7495080" lon="11.4248893" visible="true" />
  <node id="-130" lat="48.7495472" lon="11.4250324" visible="true" />
  <node id="-131" lat="48.7494498" lon="11.4250937" visible="true" />
  <node id="-132" lat="48.7490130" lon="11.4270945" visible="true" />
  <node id="-133" lat="48.7493478" lon="11.4269162" visible="true" />
  <node id="-134" lat="48.7493835" lon="11.4270815" visible="true" />
  <node id="-135" lat="48.7490487" lon="11.4272598" visible="true" />
  <node id="-136" lat="48.7496266" lon="11.4237983" visible="true" />
  <node id="-137" lat="48.7497120" lon="11.4237482" visible="true" />
  <node id="-138" lat="48.7497547" lon="11.4239155" visible="true" />
  <node id="-139" lat="48.7496694" lon="11.4239657" visible="true" />
  <node id="-140" lat="48.7499033" lon="11.4246068" visible="true" />
  <node id="-141" lat="48.7499442" lon="11.4247444" visible="true" />
  <node id="-142" lat="48.7498453" lon="11.4248142" visible="true" />
  <node id="-143" lat="48.7498044" lon="11.4246765" visible="true" />
  <node id="-144" lat="48.7497049" lon="11.4240898" visible="true" />
  <node id="-145" lat="48.7497844" lon="11.4240473" visible="true" />
  <node id="-146" lat="48.7498271" lon="11.4242308" visible="true" />
  <node id="-147" lat="48.7497476" lon="11.4242733" visible="true" />
  <node id="-148" lat="48.7494124" lon="11.4272026" visible="true" />
  <node id="-149" lat="48.7494283" lon="11.4271948" visible="true" />
  <node id="-150" lat="48.7494514" lon="11.4273029" visible="true" />
  <node id="-151" lat="48.7493429" lon="11.4273593" visible="true" />
  <node id="-152" lat="48.7493199" lon="11.4272512" visible="true" />
  <node id="-153" lat="48.7493590" lon="11.4272288" visible="true" />
  <node id="-154" lat="48.7493545" lon="11.4272013" visible="true" />
  <node id="-155" lat="48.7493366" lon="11.4271386" visible="true" />
  <node id="-156" lat="48.7494172" lon="11.4270859" visible="true" />
  <node id="-157" lat="48.7494388" lon="11.4271618" visible="true" />
  <node id="-158" lat="48.7494089" lon="11.4271814" visible="true" />
  <node id="-159" lat="48.7492633" lon="11.4278941" visible="true" />
  <node id="-160" lat="48.7493551" lon="11.4278632" visible="true" />
  <node id="-161" lat="48.7493808" lon="11.4280385" visible="true" />
  <node id="-162" lat="48.7492890" lon="11.4280694" visible="true" />
  <node id="-163" lat="48.7494914" lon="11.4278571" visible="true" />
  <node id="-164" lat="48.7495827" lon="11.4277893" visible="true" />
  <node id="-165" lat="48.7498197" lon="11.4285300" visible="true" />
  <node id="-166" lat="48.7497285" lon="11.4285978" visible="true" />
  <node id="-167" lat="48.7493107" lon="11.4254606" visible="true" />
  <node id="-168" lat="48.7493939" lon="11.4254025" visible="true" />
  <node id="-169" lat="48.7494282" lon="11.4255156" visible="true" />
  <node id="-170" lat="48.7493521" lon="11.4255687" visible="true" />
  <node id="-171" lat="48.7493765" lon="11.4256437" visible="true" />
  <node id="-172" lat="48.7492349" lon="11.4257494" visible="true" />
  <node id="-173" lat="48.7491932" lon="11.4256208" visible="true" />
  <node id="-174" lat="48.7492686" lon="11.4255645" visible="true" />
  <node id="-175" lat="48.7492458" lon="11.4254884" visible="true" />
  <node id="-176" lat="48.7493065" lon="11.4254466" visible="true" />
  <node id="-177" lat="48.7522191" lon="11.4230354" visible="true" />
  <node id="-178" lat="48.7521807" lon="11.4232343" visible="true" />
  <node id="-179" lat="48.7520590" lon="11.4231802" visible="true" />
  <node id="-180" lat="48.7520973" lon="11.4229813" visible="true" />
  <node id="-181" lat="48.7516717" lon="11.4230443" visible="true" />
  <node id="-182" lat="48.7517023" lon="11.4228856" visible="true" />
  <node id="-183" lat="48.7518286" lon="11.4229417" visible="true" />
  <node id="-184" lat="48.7517980" lon="11.4231004" visible="true" />
  <node id="-185" lat="48.7514390" lon="11.4241627" visible="true" />
  <node id="-186" lat="48.7515237" lon="11.4241076" visible="true" />
  <node id="-187" lat="48.7515568" lon="11.4242393" visible="true" />
  <node id="-188" lat="48.7514721" lon="11.4242944" visible="true" />
  <node id="-189" lat="48.7519164" lon="11.4251251" visible="true" />
  <node id="-190" lat="48.7520045" lon="11.4250678" visible="true" />
  <node id="-191" lat="48.7520458" lon="11.4252139" visible="true" />
  <node id="-192" lat="48.7519577" lon="11.4252712" visible="true" />
  <node id="-193" lat="48.7515936" lon="11.4263801" visible="true" />
  <node id="-194" lat="48.7517374" lon="11.4272952" visible="true" />
  <node id="-195" lat="48.7516247" lon="11.4273359" visible="true" />
  <node id="-196" lat="48.7514809" lon="11.4264208" visible="true" />
  <node id="-197" lat="48.7518565" lon="11.4228574" visible="true" />
  <node id="-198" lat="48.7518871" lon="11.4226987" visible="true" />
  <node id="-199" lat="48.7520134" lon="11.4227548" visible="true" />
  <node id="-200" lat="48.7519828" lon="11.4229135" visible="true" />
  <node id="-201" lat="48.7494879" lon="11.4259723" visible="true" />
  <node id="-202" lat="48.7495380" lon="11.4261440" visible="true" />
  <node id="-203" lat="48.7494225" lon="11.4262215" visible="true" />
  <node id="-204" lat="48.7493724" lon="11.4260497" visible="true" />
  <node id="-205" lat="48.7517995" lon="11.4246070" visible="true" />
  <node id="-206" lat="48.7519036" lon="11.4245394" visible="true" />
  <node id="-207" lat="48.7519590" lon="11.4247356" visible="true" />
  <node id="-208" lat="48.7518549" lon="11.4248033" visible="true" />
  <node id="-209" lat="48.7516023" lon="11.4227223" visible="true" />
  <node id="-210" lat="48.7516329" lon="11.4225636" visible="true" />
  <node id="-211" lat="48.7517592" lon="11.4226197" visible="true" />
  <node id="-212" lat="48.7517286" lon="11.4227784" visible="true" />
  <node id="-213" lat="48.7516793" lon="11.4241024" visible="true" />
  <node id="-214" lat="48.7517834" lon="11.4240348" visible="true" />
  <node id="-215" lat="48.7518389" lon="11.4242310" visible="true" />
  <node id="-216" lat="48.7517348" lon="11.4242987" visible="true" />
  <node id="-217" lat="48.7514398" lon="11.4251565" visible="true" />
  <node id="-218" lat="48.7515246" lon="11.4251014" visible="true" />
  <node id="-219" lat="48.7515599" lon="11.4252266" visible="true" />
  <node id="-220" lat="48.7514752" lon="11.4252817" visible="true" />
  <node id="-221" lat="48.7500807" lon="11.4283117" visible="true" />
  <node id="-222" lat="48.7501254" lon="11.4285804" visible="true" />
  <node id="-223" lat="48.7500671" lon="11.4286027" visible="true" />
  <node id="-224" lat="48.7500224" lon="11.4283340" visible="true" />
  <node id="-225" lat="48.7506957" lon="11.4278010" visible="true" />
  <node id="-226" lat="48.7508436" lon="11.4283120" visible="true" />
  <node id="-227" lat="48.7507805" lon="11.4283484" visible="true" />
  <node id="-228" lat="48.7507640" lon="11.4283579" visible="true" />
  <node id="-229" lat="48.7506181" lon="11.4278525" visible="true" />
  <node id="-230" lat="48.7520797" lon="11.4237499" visible="true" />
  <node id="-231" lat="48.7520393" lon="11.4239594" visible="true" />
  <node id="-232" lat="48.7519042" lon="11.4238994" visible="true" />
  <node id="-233" lat="48.7519446" lon="11.4236899" visible="true" />
  <node id="-234" lat="48.7509031" lon="11.4267138" visible="true" />
  <node id="-235" lat="48.7510665" lon="11.4266246" visible="true" />
  <node id="-236" lat="48.7510996" lon="11.4267640" visible="true" />
  <node id="-237" lat="48.7509362" lon="11.4268532" visible="true" />
  <node id="-238" lat="48.7503009" lon="11.4265969" visible="true" />
  <node id="-239" lat="48.7502703" lon="11.4264665" visible="true" />
  <node id="-240" lat="48.7503683" lon="11.4264137" visible="true" />
  <node id="-241" lat="48.7503989" lon="11.4265441" visible="true" />
  <node id="-242" lat="48.7515468" lon="11.4235839" visible="true" />
  <node id="-243" lat="48.7516509" lon="11.4235162" visible="true" />
  <node id="-244" lat="48.7517063" lon="11.4237125" visible="true" />
  <node id="-245" lat="48.7516023" lon="11.4237801" visible="true" />
  <node id="-246" lat="48.7517932" lon="11.4264643" visible="true" />
  <node id="-247" lat="48.7519276" lon="11.4263771" visible="true" />
  <node id="-248" lat="48.7519827" lon="11.4265722" visible="true" />
  <node id="-249" lat="48.7519028" lon="11.4266241" visible="true" />
  <node id="-250" lat="48.7518848" lon="11.4265603" visible="true" />
  <node id="-251" lat="48.7518303" lon="11.4265957" visible="true" />
  <node id="-252" lat="48.7512765" lon="11.4244697" visible="true" />
  <node id="-253" lat="48.7513814" lon="11.4244015" visible="true" />
  <node id="-254" lat="48.7514244" lon="11.4245538" visible="true" />
  <node id="-255" lat="48.7513195" lon="11.4246219" visible="true" />
  <node id="-256" lat="48.7504695" lon="11.4275361" visible="true" />
  <node id="-257" lat="48.7504876" lon="11.4277006" visible="true" />
  <node id="-258" lat="48.7500824" lon="11.4278030" visible="true" />
  <node id="-259" lat="48.7500643" lon="11.4276385" visible="true" />
  <node id="-260" lat="48.7512095" lon="11.4240865" visible="true" />
  <node id="-261" lat="48.7512885" lon="11.4240519" visible="true" />
  <node id="-262" lat="48.7512638" lon="11.4239222" visible="true" />
  <node id="-263" lat="48.7513139" lon="11.4239003" visible="true" />
  <node id="-264" lat="48.7513534" lon="11.4241080" visible="true" />
  <node id="-265" lat="48.7513629" lon="11.4241038" visible="true" />
  <node id="-266" lat="48.7513808" lon="11.4241976" visible="true" />
  <node id="-267" lat="48.7512844" lon="11.4242398" visible="true" />
  <node id="-268" lat="48.7512769" lon="11.4242007" visible="true" />
  <node id="-269" lat="48.7512348" lon="11.4242191" visible="true" />
  <node id="-270" lat="48.7498661" lon="11.4254911" visible="true" />
  <node id="-271" lat="48.7499583" lon="11.4254282" visible="true" />
  <node id="-272" lat="48.7499975" lon="11.4255604" visible="true" />
  <node id="-273" lat="48.7499053" lon="11.4256233" visible="true" />
  <node id="-274" lat="48.7517013" lon="11.4249540" visible="true" />
  <node id="-275" lat="48.7517439" lon="11.4251035" visible="true" />
  <node id="-276" lat="48.7518745" lon="11.4250179" visible="true" />
  <node id="-277" lat="48.7518319" lon="11.4248684" visible="true" />
  <node id="-278" lat="48.7495093" lon="11.4222906" visible="true" />
  <node id="-279" lat="48.7496811" lon="11.4221729" visible="true" />
  <node id="-280" lat="48.7497181" lon="11.4223050" visible="true" />
  <node id="-281" lat="48.7495463" lon="11.4224227" visible="true" />
  <node id="-282" lat="48.7522746" lon="11.4269412" visible="true" />
  <node id="-283" lat="48.7522838" lon="11.4271094" visible="true" />
  <node id="-284" lat="48.7521734" lon="11.4271234" visible="true" />
  <node id="-285" lat="48.7521642" lon="11.4269552" visible="true" />
  <node id="-286" lat="48.7508632" lon="11.4223572" visible="true" />
  <node id="-287" lat="48.7509412" lon="11.4223215" visible="true" />
  <node id="-288" lat="48.7509962" lon="11.4225984" visible="true" />
  <node id="-289" lat="48.7509182" lon="11.4226340" visible="true" />
  <node id="-290" lat="48.7512255" lon="11.4265420" visible="true" />
  <node id="-291" lat="48.7513780" lon="11.4264594" visible="true" />
  <node id="-292" lat="48.7514117" lon="11.4266025" visible="true" />
  <node id="-293" lat="48.7512592" lon="11.4266851" visible="true" />
  <node id="-294" lat="48.7523177" lon="11.4225588" visible="true" />
  <node id="-295" lat="48.7522601" lon="11.4228102" visible="true" />
  <node id="-296" lat="48.7521146" lon="11.4227457" visible="true" />
  <node id="-297" lat="48.7521722" lon="11.4224942" visible="true" />
  <node id="-298" lat="48.7506075" lon="11.4284181" visible="true" />
  <node id="-299" lat="48.7506230" lon="11.4285622" visible="true" />
  <node id="-300" lat="48.7505433" lon="11.4285819" visible="true" />
  <node id="-301" lat="48.7504676" lon="11.4286007" visible="true" />
  <node id="-302" lat="48.7504700" lon="11.4286232" visible="true" />
  <node id="-303" lat="48.7503903" lon="11.4286430" visible="true" />
  <node id="-304" lat="48.7503126" lon="11.4286623" visible="true" />
  <node id="-305" lat="48.7503149" lon="11.4286841" visible="true" />
  <node id="-306" lat="48.7502347" lon="11.4287040" visible="true" />
  <node id="-307" lat="48.7501537" lon="11.4287241" visible="true" />
  <node id="-308" lat="48.7501381" lon="11.4285798" visible="true" />
  <node id="-309" lat="48.7502971" lon="11.4285403" visible="true" />
  <node id="-310" lat="48.7502945" lon="11.4285167" visible="true" />
  <node id="-311" lat="48.7504512" lon="11.4284778" visible="true" />
  <node id="-312" lat="48.7504490" lon="11.4284574" visible="true" />
  <node id="-313" lat="48.7500186" lon="11.4265318" visible="true" />
  <node id="-314" lat="48.7501538" lon="11.4264468" visible="true" />
  <node id="-315" lat="48.7502170" lon="11.4266781" visible="true" />
  <node id="-316" lat="48.7500818" lon="11.4267630" visible="true" />
  <node id="-317" lat="48.7496852" lon="11.4271996" visible="true" />
  <node id="-318" lat="48.7497923" lon="11.4271865" visible="true" />
  <node id="-319" lat="48.7498090" lon="11.4275009" visible="true" />
  <node id="-320" lat="48.7497019" lon="11.4275140" visible="true" />
  <node id="-321" lat="48.7512356" lon="11.4222970" visible="true" />
  <node id="-322" lat="48.7512729" lon="11.4224481" visible="true" />
  <node id="-323" lat="48.7511251" lon="11.4225322" visible="true" />
  <node id="-324" lat="48.7510877" lon="11.4223811" visible="true" />
  <node id="-325" lat="48.7519626" lon="11.4253213" visible="true" />
  <node id="-326" lat="48.7520530" lon="11.4252626" visible="true" />
  <node id="-327" lat="48.7520920" lon="11.4254008" visible="true" />
  <node id="-328" lat="48.7520017" lon="11.4254595" visible="true" />
  <node id="-329" lat="48.7500636" lon="11.4255367" visible="true" />
  <node id="-330" lat="48.7501338" lon="11.4254963" visible="true" />
  <node id="-331" lat="48.7501751" lon="11.4256614" visible="true" />
  <node id="-332" lat="48.7501050" lon="11.4257019" visible="true" />
  <node id="-333" lat="48.7497406" lon="11.4220895" visible="true" />
  <node id="-334" lat="48.7498253" lon="11.4220444" visible="true" />
  <node id="-335" lat="48.7498689" lon="11.4222327" visible="true" />
  <node id="-336" lat="48.7497842" lon="11.4222778" visible="true" />
  <node id="-337" lat="48.7502419" lon="11.4261823" visible="true" />
  <node id="-338" lat="48.7503104" lon="11.4261373" visible="true" />
  <node id="-339" lat="48.7503387" lon="11.4262364" visible="true" />
  <node id="-340" lat="48.7502702" lon="11.4262814" visible="true" />
  <node id="-341" lat="48.7514426" lon="11.4239402" visible="true" />
  <node id="-342" lat="48.7514852" lon="11.4240897" visible="true" />
  <node id="-343" lat="48.7516158" lon="11.4240041" visible="true" />
  <node id="-344" lat="48.7515732" lon="11.4238546" visible="true" />
  <node id="-345" lat="48.7522561" lon="11.4265114" visible="true" />
  <node id="-346" lat="48.7522623" lon="11.4266936" visible="true" />
  <node id="-347" lat="48.7521502" lon="11.4267023" visible="true" />
  <node id="-348" lat="48.7521440" lon="11.4265201" visible="true" />
  <node id="-349" lat="48.7515879" lon="11.4257140" visible="true" />
  <node id="-350" lat="48.7516571" lon="11.4256690" visible="true" />
  <node id="-351" lat="48.7516988" lon="11.4258168" visible="true" />
  <node id="-352" lat="48.7516297" lon="11.4258617" visible="true" />
  <node id="-353" lat="48.7513381" lon="11.4247407" visible="true" />
  <node id="-354" lat="48.7514289" lon="11.4246817" visible="true" />
  <node id="-355" lat="48.7514891" lon="11.4248948" visible="true" />
  <node id="-356" lat="48.7513984" lon="11.4249538" visible="true" />
  <node id="-357" lat="48.7523824" lon="11.4222131" visible="true" />
  <node id="-358" lat="48.7523604" lon="11.4223273" visible="true" />
  <node id="-359" lat="48.7522715" lon="11.4222878" visible="true" />
  <node id="-360" lat="48.7522935" lon="11.4221736" visible="true" />
  <node id="-361" lat="48.7514337" lon="11.4230686" visible="true" />
  <node id="-362" lat="48.7515378" lon="11.4230009" visible="true" />
  <node id="-363" lat="48.7515933" lon="11.4231971" visible="true" />
  <node id="-364" lat="48.7514892" lon="11.4232648" visible="true" />
  <node id="-365" lat="48.7512671" lon="11.4237990" visible="true" />
  <node id="-366" lat="48.7512879" lon="11.4239020" visible="true" />
  <node id="-367" lat="48.7512348" lon="11.4239266" visible="true" />
  <node id="-368" lat="48.7512141" lon="11.4238236" visible="true" />
  <node id="-369" lat="48.7521475" lon="11.4234228" visible="true" />
  <node id="-370" lat="48.7521057" lon="11.4236397" visible="true" />
  <node id="-371" lat="48.7519750" lon="11.4235817" visible="true" />
  <node id="-372" lat="48.7520169" lon="11.4233648" visible="true" />
  <node id="-373" lat="48.7495603" lon="11.4257485" visible="true" />
  <node id="-374" lat="48.7496080" lon="11.4257170" visible="true" />
  <node id="-375" lat="48.7496418" lon="11.4258349" visible="true" />
  <node id="-376" lat="48.7495942" lon="11.4258664" visible="true" />
  <node id="-377" lat="48.7510424" lon="11.4232316" visible="true" />
  <node id="-378" lat="48.7511078" lon="11.4231891" visible="true" />
  <node id="-379" lat="48.7511502" lon="11.4233390" visible="true" />
  <node id="-380" lat="48.7510848" lon="11.4233816" visible="true" />
  <node id="-381" lat="48.7495066" lon="11.4254578" visible="true" />
  <node id="-382" lat="48.7495765" lon="11.4254063" visible="true" />
  <node id="-383" lat="48.7496135" lon="11.4255219" visible="true" />
  <node id="-384" lat="48.7495436" lon="11.4255734" visible="true" />
  <node id="-385" lat="48.7517641" lon="11.4233527" visible="true" />
  <node id="-386" lat="48.7517947" lon="11.4231940" visible="true" />
  <node id="-387" lat="48.7519210" lon="11.4232500" visible="true" />
  <node id="-388" lat="48.7518904" lon="11.4234087" visible="true" />
  <node id="-389" lat="48.7515645" lon="11.4244579" visible="true" />
  <node id="-390" lat="48.7516071" lon="11.4246074" visible="true" />
  <node id="-391" lat="48.7517377" lon="11.4245218" visible="true" />
  <node id="-392" lat="48.7516951" lon="11.4243723" visible="true" />
  <node id="-393" lat="48.7520097" lon="11.4268851" visible="true" />
  <node id="-394" lat="48.7520097" lon="11.4270019" visible="true" />
  <node id="-395" lat="48.7519327" lon="11.4270019" visible="true" />
  <node id="-396" lat="48.7519327" lon="11.4268851" visible="true" />
  <node id="-397" lat="48.7509373" lon="11.4227637" visible="true" />
  <node id="-398" lat="48.7510144" lon="11.4227254" visible="true" />
  <node id="-399" lat="48.7510662" lon="11.4229657" visible="true" />
  <node id="-400" lat="48.7509890" lon="11.4230040" visible="true" />
  <node id="-401" lat="48.7500268" lon="11.4276693" visible="true" />
  <node id="-402" lat="48.7500379" lon="11.4277667" visible="true" />
  <node id="-403" lat="48.7498331" lon="11.4278204" visible="true" />
  <node id="-404" lat="48.7498220" lon="11.4277230" visible="true" />
  <node id="-405" lat="48.7500578" lon="11.4272123" visible="true" />
  <node id="-406" lat="48.7505566" lon="11.4270835" visible="true" />
  <node id="-407" lat="48.7505763" lon="11.4272586" visible="true" />
  <node id="-408" lat="48.7500775" lon="11.4273874" visible="true" />
  <node id="-409" lat="48.7513132" lon="11.4234402" visible="true" />
  <node id="-410" lat="48.7513558" lon="11.4235897" visible="true" />
  <node id="-411" lat="48.7514864" lon="11.4235041" visible="true" />
  <node id="-412" lat="48.7514438" lon="11.4233546" visible="true" />
  <node id="-413" lat="48.7515077" lon="11.4254403" visible="true" />
  <node id="-414" lat="48.7515987" lon="11.4253811" visible="true" />
  <node id="-415" lat="48.7516474" lon="11.4255534" visible="true" />
  <node id="-416" lat="48.7515564" lon="11.4256126" visible="true" />
  <node id="-417" lat="48.7511256" lon="11.4236334" visible="true" />
  <node id="-418" lat="48.7512025" lon="11.4235834" visible="true" />
  <node id="-419" lat="48.7512457" lon="11.4237362" visible="true" />
  <node id="-420" lat="48.7511688" lon="11.4237862" visible="true" />
  <node id="-421" lat="48.7513166" lon="11.4225541" visible="true" />
  <node id="-422" lat="48.7514207" lon="11.4224865" visible="true" />
  <node id="-423" lat="48.7514761" lon="11.4226827" visible="true" />
  <node id="-424" lat="48.7513720" lon="11.4227504" visible="true" />
  <node id="-425" lat="48.7518671" lon="11.4256017" visible="true" />
  <node id="-426" lat="48.7519831" lon="11.4255263" visible="true" />
  <node id="-427" lat="48.7520242" lon="11.4256717" visible="true" />
  <node id="-428" lat="48.7519082" lon="11.4257471" visible="true" />
  <node id="-429" lat="48.7497528" lon="11.4258843" visible="true" />
  <node id="-430" lat="48.7498814" lon="11.4263732" visible="true" />
  <node id="-431" lat="48.7497645" lon="11.4264439" visible="true" />
  <node id="-432" lat="48.7496360" lon="11.4259549" visible="true" />
  <node id="-433" lat="48.7515745" lon="11.4246719" visible="true" />
  <node id="-434" lat="48.7516700" lon="11.4246098" visible="true" />
  <node id="-435" lat="48.7517100" lon="11.4247513" visible="true" />
  <node id="-436" lat="48.7516145" lon="11.4248135" visible="true" />
  <node id="-437" lat="48.7517265" lon="11.4262247" visible="true" />
  <node id="-438" lat="48.7518094" lon="11.4261708" visible="true" />
  <node id="-439" lat="48.7518497" lon="11.4263134" visible="true" />
  <node id="-440" lat="48.7517668" lon="11.4263673" visible="true" />
  <node id="-441" lat="48.7497420" lon="11.4255969" visible="true" />
  <node id="-442" lat="48.7497214" lon="11.4255325" visible="true" />
  <node id="-443" lat="48.7496766" lon="11.4255605" visible="true" />
  <node id="-444" lat="48.7496461" lon="11.4254482" visible="true" />
  <node id="-445" lat="48.7496997" lon="11.4254147" visible="true" />
  <node id="-446" lat="48.7497147" lon="11.4254700" visible="true" />
  <node id="-447" lat="48.7497715" lon="11.4254283" visible="true" />
  <node id="-448" lat="48.7498095" lon="11.4255473" visible="true" />
  <node id="-449" lat="48.7502284" lon="11.4258565" visible="true" />
  <node id="-450" lat="48.7501413" lon="11.4259126" visible="true" />
  <node id="-451" lat="48.7501259" lon="11.4258576" visible="true" />
  <node id="-452" lat="48.7500978" lon="11.4258763" visible="true" />
  <node id="-453" lat="48.7500825" lon="11.4258234" visible="true" />
  <node id="-454" lat="48.7501110" lon="11.4258045" visible="true" />
  <node id="-455" lat="48.7501089" lon="11.4257968" visible="true" />
  <node id="-456" lat="48.7501960" lon="11.4257406" visible="true" />
  <node id="-457" lat="48.7498838" lon="11.4272511" visible="true" />
  <node id="-458" lat="48.7498361" lon="11.4272586" visible="true" />
  <node id="-459" lat="48.7498187" lon="11.4270042" visible="true" />
  <node id="-460" lat="48.7499341" lon="11.4269860" visible="true" />
  <node id="-461" lat="48.7499492" lon="11.4272069" visible="true" />
  <node id="-462" lat="48.7499732" lon="11.4272038" visible="true" />
  <node id="-463" lat="48.7499863" lon="11.4274350" visible="true" />
  <node id="-464" lat="48.7498949" lon="11.4274469" visible="true" />
  <node id="-465" lat="48.7522446" lon="11.4278171" visible="true" />
  <node id="-466" lat="48.7522438" lon="11.4277923" visible="true" />
  <node id="-467" lat="48.7522430" lon="11.4277674" visible="true" />
  <node id="-468" lat="48.7523092" lon="11.4277624" visible="true" />
  <node id="-469" lat="48.7523322" lon="11.4284663" visible="true" />
  <node id="-470" lat="48.7522687" lon="11.4284711" visible="true" />
  <node id="-471" lat="48.7522664" lon="11.4283996" visible="true" />
  <node id="-472" lat="48.7522641" lon="11.4283292" visible="true" />
  <node id="-473" lat="48.7522242" lon="11.4283322" visible="true" />
  <node id="-474" lat="48.7521668" lon="11.4283365" visible="true" />
  <node id="-475" lat="48.7521631" lon="11.4282229" visible="true" />
  <node id="-476" lat="48.7521560" lon="11.4280048" visible="true" />
  <node id="-477" lat="48.7521522" lon="11.4278901" visible="true" />
  <node id="-478" lat="48.7521501" lon="11.4278242" visible="true" />
  <node id="-479" lat="48.7527724" lon="11.4292619" visible="true" />
  <node id="-480" lat="48.7527824" lon="11.4291250" visible="true" />
  <node id="-481" lat="48.7528937" lon="11.4291437" visible="true" />
  <node id="-482" lat="48.7528836" lon="11.4292807" visible="true" />
  <node id="-483" lat="48.7501290" lon="11.4246958" visible="true" />
  <node id="-484" lat="48.7502006" lon="11.4246539" visible="true" />
  <node id="-485" lat="48.7502485" lon="11.4248422" visible="true" />
  <node id="-486" lat="48.7501769" lon="11.4248841" visible="true" />
  <node id="-487" lat="48.7499150" lon="11.4237887" visible="true" />
  <node id="-488" lat="48.7499777" lon="11.4237459" visible="true" />
  <node id="-489" lat="48.7500365" lon="11.4239441" visible="true" />
  <node id="-490" lat="48.7499738" lon="11.4239869" visible="true" />
  <node id="-491" lat="48.7501159" lon="11.4236519" visible="true" />
  <node id="-492" lat="48.7502182" lon="11.4235952" visible="true" />
  <node id="-493" lat="48.7502596" lon="11.4237670" visible="true" />
  <node id="-494" lat="48.7501573" lon="11.4238236" visible="true" />
  <node id="-495" lat="48.7529461" lon="11.4289964" visible="true" />
  <node id="-496" lat="48.7529505" lon="11.4288893" visible="true" />
  <node id="-497" lat="48.7530491" lon="11.4288987" visible="true" />
  <node id="-498" lat="48.7530447" lon="11.4290057" visible="true" />
  <node id="-499" lat="48.7503947" lon="11.4225848" visible="true" />
  <node id="-500" lat="48.7503642" lon="11.4224691" visible="true" />
  <node id="-501" lat="48.7504123" lon="11.4224400" visible="true" />
  <node id="-502" lat="48.7504428" lon="11.4225556" visible="true" />
  <node id="-503" lat="48.7503555" lon="11.4222874" visible="true" />
  <node id="-504" lat="48.7503969" lon="11.4224328" visible="true" />
  <node id="-505" lat="48.7502951" lon="11.4224995" visible="true" />
  <node id="-506" lat="48.7502537" lon="11.4223542" visible="true" />
  <node id="-507" lat="48.7507753" lon="11.4233282" visible="true" />
  <node id="-508" lat="48.7508555" lon="11.4232907" visible="true" />
  <node id="-509" lat="48.7508816" lon="11.4234196" visible="true" />
  <node id="-510" lat="48.7508014" lon="11.4234570" visible="true" />
  <node id="-511" lat="48.7531529" lon="11.4277224" visible="true" />
  <node id="-512" lat="48.7531559" lon="11.4279466" visible="true" />
  <node id="-513" lat="48.7530302" lon="11.4279506" visible="true" />
  <node id="-514" lat="48.7530275" lon="11.4277613" visible="true" />
  <node id="-515" lat="48.7529876" lon="11.4277379" visible="true" />
  <node id="-516" lat="48.7530313" lon="11.4275662" visible="true" />
  <node id="-517" lat="48.7530989" lon="11.4276058" visible="true" />
  <node id="-518" lat="48.7530685" lon="11.4277250" visible="true" />
  <node id="-519" lat="48.7505908" lon="11.4238831" visible="true" />
  <node id="-520" lat="48.7507003" lon="11.4238333" visible="true" />
  <node id="-521" lat="48.7507395" lon="11.4240315" visible="true" />
  <node id="-522" lat="48.7506300" lon="11.4240813" visible="true" />
  <node id="-523" lat="48.7504535" lon="11.4243522" visible="true" />
  <node id="-524" lat="48.7504940" lon="11.4245025" visible="true" />
  <node id="-525" lat="48.7503873" lon="11.4245686" visible="true" />
  <node id="-526" lat="48.7503468" lon="11.4244183" visible="true" />
  <node id="-527" lat="48.7527998" lon="11.4287883" visible="true" />
  <node id="-528" lat="48.7528983" lon="11.4287916" visible="true" />
  <node id="-529" lat="48.7528953" lon="11.4290065" visible="true" />
  <node id="-530" lat="48.7527967" lon="11.4290033" visible="true" />
  <node id="-531" lat="48.7504622" lon="11.4245471" visible="true" />
  <node id="-532" lat="48.7505036" lon="11.4246859" visible="true" />
  <node id="-533" lat="48.7504379" lon="11.4247310" visible="true" />
  <node id="-534" lat="48.7503966" lon="11.4245922" visible="true" />
  <node id="-535" lat="48.7506278" lon="11.4226608" visible="true" />
  <node id="-536" lat="48.7507212" lon="11.4226035" visible="true" />
  <node id="-537" lat="48.7507626" lon="11.4227588" visible="true" />
  <node id="-538" lat="48.7507206" lon="11.4227845" visible="true" />
  <node id="-539" lat="48.7506692" lon="11.4228160" visible="true" />
  <node id="-540" lat="48.7534789" lon="11.4287848" visible="true" />
  <node id="-541" lat="48.7534810" lon="11.4289830" visible="true" />
  <node id="-542" lat="48.7533438" lon="11.4289863" visible="true" />
  <node id="-543" lat="48.7533417" lon="11.4287881" visible="true" />
  <node id="-544" lat="48.7525965" lon="11.4283909" visible="true" />
  <node id="-545" lat="48.7526049" lon="11.4285393" visible="true" />
  <node id="-546" lat="48.7525100" lon="11.4285514" visible="true" />
  <node id="-547" lat="48.7525017" lon="11.4284030" visible="true" />
  <node id="-548" lat="48.7505399" lon="11.4226815" visible="true" />
  <node id="-549" lat="48.7505159" lon="11.4226138" visible="true" />
  <node id="-550" lat="48.7505725" lon="11.4225675" visible="true" />
  <node id="-551" lat="48.7505966" lon="11.4226352" visible="true" />
  <node id="-552" lat="48.7503424" lon="11.4232686" visible="true" />
  <node id="-553" lat="48.7504339" lon="11.4231959" visible="true" />
  <node id="-554" lat="48.7504852" lon="11.4233443" visible="true" />
  <node id="-555" lat="48.7503937" lon="11.4234170" visible="true" />
  <node id="-556" lat="48.7501228" lon="11.4231590" visible="true" />
  <node id="-557" lat="48.7502295" lon="11.4230467" visible="true" />
  <node id="-558" lat="48.7502996" lon="11.4231999" visible="true" />
  <node id="-559" lat="48.7501929" lon="11.4233123" visible="true" />
  <node id="-560" lat="48.7499199" lon="11.4227929" visible="true" />
  <node id="-561" lat="48.7500061" lon="11.4227455" visible="true" />
  <node id="-562" lat="48.7500606" lon="11.4229735" visible="true" />
  <node id="-563" lat="48.7499743" lon="11.4230209" visible="true" />
  <node id="-564" lat="48.7493722" lon="11.4224322" visible="true" />
  <node id="-565" lat="48.7491936" lon="11.4224784" visible="true" />
  <node id="-566" lat="48.7491792" lon="11.4223510" visible="true" />
  <node id="-567" lat="48.7493579" lon="11.4223047" visible="true" />
  <node id="-568" lat="48.7525660" lon="11.4273955" visible="true" />
  <node id="-569" lat="48.7524734" lon="11.4274074" visible="true" />
  <node id="-570" lat="48.7524652" lon="11.4272611" visible="true" />
  <node id="-571" lat="48.7525578" lon="11.4272491" visible="true" />
  <node id="-572" lat="48.7508143" lon="11.4236858" visible="true" />
  <node id="-573" lat="48.7509171" lon="11.4236360" visible="true" />
  <node id="-574" lat="48.7509498" lon="11.4237913" visible="true" />
  <node id="-575" lat="48.7508470" lon="11.4238410" visible="true" />
  <node id="-576" lat="48.7534747" lon="11.4280980" visible="true" />
  <node id="-577" lat="48.7535880" lon="11.4280960" visible="true" />
  <node id="-578" lat="48.7535902" lon="11.4283901" visible="true" />
  <node id="-579" lat="48.7534769" lon="11.4283920" visible="true" />
  <node id="-580" lat="48.7496214" lon="11.4227037" visible="true" />
  <node id="-581" lat="48.7497373" lon="11.4226382" visible="true" />
  <node id="-582" lat="48.7497787" lon="11.4228067" visible="true" />
  <node id="-583" lat="48.7496628" lon="11.4228722" visible="true" />
  <node id="-584" lat="48.7504143" lon="11.4239459" visible="true" />
  <node id="-585" lat="48.7504999" lon="11.4238823" visible="true" />
  <node id="-586" lat="48.7505521" lon="11.4240442" visible="true" />
  <node id="-587" lat="48.7504666" lon="11.4241078" visible="true" />
  <node id="-588" lat="48.7506886" lon="11.4229121" visible="true" />
  <node id="-589" lat="48.7507753" lon="11.4228872" visible="true" />
  <node id="-590" lat="48.7507992" lon="11.4230788" visible="true" />
  <node id="-591" lat="48.7507125" lon="11.4231037" visible="true" />
  <node id="-592" lat="48.7534336" lon="11.4284809" visible="true" />
  <node id="-593" lat="48.7535621" lon="11.4284809" visible="true" />
  <node id="-594" lat="48.7535621" lon="11.4287055" visible="true" />
  <node id="-595" lat="48.7534336" lon="11.4287055" visible="true" />
  <node id="-596" lat="48.7526153" lon="11.4280823" visible="true" />
  <node id="-597" lat="48.7526257" lon="11.4282686" visible="true" />
  <node id="-598" lat="48.7525129" lon="11.4282832" visible="true" />
  <node id="-599" lat="48.7525024" lon="11.4280969" visible="true" />
  <node id="-600" lat="48.7524828" lon="11.4277926" visible="true" />
  <node id="-601" lat="48.7525802" lon="11.4277801" visible="true" />
  <node id="-602" lat="48.7525907" lon="11.4279668" visible="true" />
  <node id="-603" lat="48.7524933" lon="11.4279794" visible="true" />
  <node id="-604" lat="48.7524057" lon="11.4265060" visible="true" />
  <node id="-605" lat="48.7524899" lon="11.4264952" visible="true" />
  <node id="-606" lat="48.7524983" lon="11.4266448" visible="true" />
  <node id="-607" lat="48.7524141" lon="11.4266556" visible="true" />
  <node id="-608" lat="48.7502583" lon="11.4236023" visible="true" />
  <node id="-609" lat="48.7503367" lon="11.4235461" visible="true" />
  <node id="-610" lat="48.7503676" lon="11.4236453" visible="true" />
  <node id="-611" lat="48.7502892" lon="11.4237015" visible="true" />
  <node id="-612" lat="48.7500898" lon="11.4245273" visible="true" />
  <node id="-613" lat="48.7500517" lon="11.4243846" visible="true" />
  <node id="-614" lat="48.7502346" lon="11.4242723" visible="true" />
  <node id="-615" lat="48.7502727" lon="11.4244150" visible="true" />
  <node id="-616" lat="48.7498066" lon="11.4234536" visible="true" />
  <node id="-617" lat="48.7499547" lon="11.4232885" visible="true" />
  <node id="-618" lat="48.7500219" lon="11.4234271" visible="true" />
  <node id="-619" lat="48.7498738" lon="11.4235923" visible="true" />
  <node id="-620" lat="48.7504775" lon="11.4232026" visible="true" />
  <node id="-621" lat="48.7504356" lon="11.4231097" visible="true" />
  <node id="-622" lat="48.7505598" lon="11.4229809" visible="true" />
  <node id="-623" lat="48.7506017" lon="11.4230737" visible="true" />
  <node id="-624" lat="48.7501464" lon="11.4227235" visible="true" />
  <node id="-625" lat="48.7501900" lon="11.4228986" visible="true" />
  <node id="-626" lat="48.7500972" lon="11.4229517" visible="true" />
  <node id="-627" lat="48.7500536" lon="11.4227766" visible="true" />
  <node id="-628" lat="48.7501224" lon="11.4224460" visible="true" />
  <node id="-629" lat="48.7502055" lon="11.4223916" visible="true" />
  <node id="-630" lat="48.7502752" lon="11.4226360" visible="true" />
  <node id="-631" lat="48.7501921" lon="11.4226905" visible="true" />
  <node id="-632" lat="48.7528941" lon="11.4276757" visible="true" />
  <node id="-633" lat="48.7528087" lon="11.4276407" visible="true" />
  <node id="-634" lat="48.7528312" lon="11.4275394" visible="true" />
  <node id="-635" lat="48.7528056" lon="11.4275126" visible="true" />
  <node id="-636" lat="48.7528545" lon="11.4273736" visible="true" />
  <node id="-637" lat="48.7529511" lon="11.4274447" visible="true" />
  <node id="-638" lat="48.7506104" lon="11.4243060" visible="true" />
  <node id="-639" lat="48.7506670" lon="11.4245273" visible="true" />
  <node id="-640" lat="48.7505676" lon="11.4245858" visible="true" />
  <node id="-641" lat="48.7505110" lon="11.4243645" visible="true" />
  <node id="-642" lat="48.7526708" lon="11.4271922" visible="true" />
  <node id="-643" lat="48.7527463" lon="11.4271191" visible="true" />
  <node id="-644" lat="48.7528172" lon="11.4272872" visible="true" />
  <node id="-645" lat="48.7527416" lon="11.4273604" visible="true" />
  <node id="-646" lat="48.7507912" lon="11.4243258" visible="true" />
  <node id="-647" lat="48.7508347" lon="11.4244877" visible="true" />
  <node id="-648" lat="48.7507617" lon="11.4245329" visible="true" />
  <node id="-649" lat="48.7507181" lon="11.4243710" visible="true" />
  <node id="-650" lat="48.7505102" lon="11.4234668" visible="true" />
  <node id="-651" lat="48.7505581" lon="11.4236452" visible="true" />
  <node id="-652" lat="48.7504448" lon="11.4237152" visible="true" />
  <node id="-653" lat="48.7503969" lon="11.4235368" visible="true" />
  <node id="-654" lat="48.7505705" lon="11.4234570" visible="true" />
  <node id="-655" lat="48.7506396" lon="11.4234121" visible="true" />
  <node id="-656" lat="48.7506723" lon="11.4235277" visible="true" />
  <node id="-657" lat="48.7506032" lon="11.4235726" visible="true" />
  <node id="-658" lat="48.7505345" lon="11.4224403" visible="true" />
  <node id="-659" lat="48.7506412" lon="11.4223577" visible="true" />
  <node id="-660" lat="48.7506820" lon="11.4224788" visible="true" />
  <node id="-661" lat="48.7505752" lon="11.4225614" visible="true" />
  <node id="-662" lat="48.7504194" lon="11.4222505" visible="true" />
  <node id="-663" lat="48.7505436" lon="11.4221513" visible="true" />
  <node id="-664" lat="48.7505953" lon="11.4223003" visible="true" />
  <node id="-665" lat="48.7504711" lon="11.4223994" visible="true" />
  <node id="-666" lat="48.7525475" lon="11.4286523" visible="true" />
  <node id="-667" lat="48.7526434" lon="11.4286010" visible="true" />
  <node id="-668" lat="48.7526803" lon="11.4287598" visible="true" />
  <node id="-669" lat="48.7525845" lon="11.4288111" visible="true" />
  <node id="-670" lat="48.7503991" lon="11.4228755" visible="true" />
  <node id="-671" lat="48.7505211" lon="11.4227566" visible="true" />
  <node id="-672" lat="48.7505882" lon="11.4229149" visible="true" />
  <node id="-673" lat="48.7504662" lon="11.4230338" visible="true" />
  <node id="-674" lat="48.7496803" lon="11.4229482" visible="true" />
  <node id="-675" lat="48.7497793" lon="11.4228859" visible="true" />
  <node id="-676" lat="48.7498163" lon="11.4230213" visible="true" />
  <node id="-677" lat="48.7497173" lon="11.4230836" visible="true" />
  <node id="-678" lat="48.7499058" lon="11.4230494" visible="true" />
  <node id="-679" lat="48.7498318" lon="11.4230890" visible="true" />
  <node id="-680" lat="48.7498162" lon="11.4230223" visible="true" />
  <node id="-681" lat="48.7498903" lon="11.4229827" visible="true" />
  <node id="-682" lat="48.7501682" lon="11.4241078" visible="true" />
  <node id="-683" lat="48.7503512" lon="11.4239921" visible="true" />
  <node id="-684" lat="48.7503902" lon="11.4241343" visible="true" />
  <node id="-685" lat="48.7502072" lon="11.4242499" visible="true" />
  <node id="-686" lat="48.7526091" lon="11.4269750" visible="true" />
  <node id="-687" lat="48.7526772" lon="11.4269089" visible="true" />
  <node id="-688" lat="48.7527265" lon="11.4270257" visible="true" />
  <node id="-689" lat="48.7526584" lon="11.4270918" visible="true" />
  <node id="-690" lat="48.7507585" lon="11.4239525" visible="true" />
  <node id="-691" lat="48.7508271" lon="11.4239193" visible="true" />
  <node id="-692" lat="48.7508598" lon="11.4240745" visible="true" />
  <node id="-693" lat="48.7507912" lon="11.4241078" visible="true" />
  <node id="-694" lat="48.7533318" lon="11.4279514" visible="true" />
  <node id="-695" lat="48.7533318" lon="11.4277697" visible="true" />
  <node id="-696" lat="48.7534211" lon="11.4277697" visible="true" />
  <node id="-697" lat="48.7534211" lon="11.4279514" visible="true" />
  <node id="-698" lat="48.7535045" lon="11.4278589" visible="true" />
  <node id="-699" lat="48.7535045" lon="11.4280208" visible="true" />
  <node id="-700" lat="48.7534283" lon="11.4280208" visible="true" />
  <node id="-701" lat="48.7534283" lon="11.4278589" visible="true" />
  <node id="-702" lat="48.7532006" lon="11.4290352" visible="true" />
  <node id="-703" lat="48.7532087" lon="11.4292443" visible="true" />
  <node id="-704" lat="48.7531636" lon="11.4292502" visible="true" />
  <node id="-705" lat="48.7531569" lon="11.4291305" visible="true" />
  <node id="-706" lat="48.7530883" lon="11.4291333" visible="true" />
  <node id="-707" lat="48.7530866" lon="11.4290399" visible="true" />
  <node id="-708" lat="48.7535201" lon="11.4296060" visible="true" />
  <node id="-709" lat="48.7535204" lon="11.4294410" visible="true" />
  <node id="-710" lat="48.7536234" lon="11.4294414" visible="true" />
  <node id="-711" lat="48.7536238" lon="11.4292529" visible="true" />
  <node id="-712" lat="48.7535183" lon="11.4292525" visible="true" />
  <node id="-713" lat="48.7535186" lon="11.4290591" visible="true" />
  <node id="-714" lat="48.7536624" lon="11.4290597" visible="true" />
  <node id="-715" lat="48.7536614" lon="11.4296066" visible="true" />
  <node id="-716" lat="48.7530753" lon="11.4288139" visible="true" />
  <node id="-717" lat="48.7530292" lon="11.4288162" visible="true" />
  <node id="-718" lat="48.7530265" lon="11.4287247" visible="true" />
  <node id="-719" lat="48.7530744" lon="11.4287234" visible="true" />
  <node id="-720" lat="48.7530729" lon="11.4285773" visible="true" />
  <node id="-721" lat="48.7531682" lon="11.4285752" visible="true" />
  <node id="-722" lat="48.7531713" lon="11.4288835" visible="true" />
  <node id="-723" lat="48.7530760" lon="11.4288857" visible="true" />
  <node id="-724" lat="48.7538537" lon="11.4282219" visible="true" />
  <node id="-725" lat="48.7539378" lon="11.4282219" visible="true" />
  <node id="-726" lat="48.7539378" lon="11.4284048" visible="true" />
  <node id="-727" lat="48.7538537" lon="11.4284048" visible="true" />
  <node id="-728" lat="48.7536418" lon="11.4280756" visible="true" />
  <node id="-729" lat="48.7537587" lon="11.4280783" visible="true" />
  <node id="-730" lat="48.7537551" lon="11.4284387" visible="true" />
  <node id="-731" lat="48.7536381" lon="11.4284359" visible="true" />
  <node id="-732" lat="48.7542191" lon="11.4284399" visible="true" />
  <node id="-733" lat="48.7542191" lon="11.4288861" visible="true" />
  <node id="-734" lat="48.7541204" lon="11.4288861" visible="true" />
  <node id="-735" lat="48.7541204" lon="11.4284399" visible="true" />
  <node id="-736" lat="48.7536335" lon="11.4285769" visible="true" />
  <node id="-737" lat="48.7537432" lon="11.4285825" visible="true" />
  <node id="-738" lat="48.7537403" lon="11.4287158" visible="true" />
  <node id="-739" lat="48.7536306" lon="11.4287102" visible="true" />
  <node id="-740" lat="48.7521292" lon="11.4223482" visible="true" />
  <node id="-741" lat="48.7520926" lon="11.4223261" visible="true" />
  <node id="-742" lat="48.7521343" lon="11.4221671" visible="true" />
  <node id="-743" lat="48.7522323" lon="11.4222283" visible="true" />
  <node id="-744" lat="48.7521042" lon="11.4224588" visible="true" />
  <node id="-745" lat="48.7498356" lon="11.4231566" visible="true" />
  <node id="-746" lat="48.7499023" lon="11.4231175" visible="true" />
  <node id="-747" lat="48.7499345" lon="11.4232438" visible="true" />
  <node id="-748" lat="48.7498679" lon="11.4232830" visible="true" />
  <node id="-749" lat="48.7509875" lon="11.4218930" visible="true" />
  <node id="-750" lat="48.7510707" lon="11.4222517" visible="true" />
  <node id="-751" lat="48.7510219" lon="11.4222778" visible="true" />
  <node id="-752" lat="48.7509968" lon="11.4221695" visible="true" />
  <node id="-753" lat="48.7509387" lon="11.4219190" visible="true" />
  <node id="-754" lat="48.7498141" lon="11.4228224" visible="true" />
  <node id="-755" lat="48.7497899" lon="11.4227205" visible="true" />
  <node id="-756" lat="48.7498420" lon="11.4226921" visible="true" />
  <node id="-757" lat="48.7498662" lon="11.4227940" visible="true" />
  <node id="-758" lat="48.7496283" lon="11.4266985" visible="true" />
  <node id="-759" lat="48.7497176" lon="11.4270370" visible="true" />
  <node id="-760" lat="48.7496060" lon="11.4271047" visible="true" />
  <node id="-761" lat="48.7495167" lon="11.4267662" visible="true" />
  <node id="-762" lat="48.7496990" lon="11.4266703" visible="true" />
  <node id="-763" lat="48.7499035" lon="11.4265574" visible="true" />
  <node id="-764" lat="48.7499425" lon="11.4267200" visible="true" />
  <node id="-765" lat="48.7497379" lon="11.4268329" visible="true" />
  <node id="-766" lat="48.7494956" lon="11.4281504" visible="true" />
  <node id="-767" lat="48.7495217" lon="11.4282802" visible="true" />
  <node id="-768" lat="48.7494767" lon="11.4283009" visible="true" />
  <node id="-769" lat="48.7494506" lon="11.4281712" visible="true" />
  <node id="-770" lat="48.7493233" lon="11.4282330" visible="true" />
  <node id="-771" lat="48.7494122" lon="11.4282038" visible="true" />
  <node id="-772" lat="48.7494420" lon="11.4283805" visible="true" />
  <node id="-773" lat="48.7493530" lon="11.4284079" visible="true" />
  <node id="-774" lat="48.7493865" lon="11.4259425" visible="true" />
  <node id="-775" lat="48.7493432" lon="11.4257812" visible="true" />
  <node id="-776" lat="48.7494436" lon="11.4257191" visible="true" />
  <node id="-777" lat="48.7494869" lon="11.4258804" visible="true" />
  <node id="-778" lat="48.7520803" lon="11.4257583" visible="true" />
  <node id="-779" lat="48.7521206" lon="11.4259384" visible="true" />
  <node id="-780" lat="48.7520067" lon="11.4259970" visible="true" />
  <node id="-781" lat="48.7519664" lon="11.4258169" visible="true" />
  <node id="-782" lat="48.7508431" lon="11.4249917" visible="true" />
  <node id="-783" lat="48.7508847" lon="11.4249655" visible="true" />
  <node id="-784" lat="48.7509396" lon="11.4251659" visible="true" />
  <node id="-785" lat="48.7508980" lon="11.4251921" visible="true" />
  <node id="-786" lat="48.7497291" lon="11.4249794" visible="true" />
  <node id="-787" lat="48.7497634" lon="11.4251034" visible="true" />
  <node id="-788" lat="48.7496759" lon="11.4251589" visible="true" />
  <node id="-789" lat="48.7496417" lon="11.4250349" visible="true" />
  <node id="-790" lat="48.7510570" lon="11.4250593" visible="true" />
  <node id="-791" lat="48.7510956" lon="11.4251950" visible="true" />
  <node id="-792" lat="48.7509857" lon="11.4252670" visible="true" />
  <node id="-793" lat="48.7509470" lon="11.4251313" visible="true" />
  <node id="-794" lat="48.7503288" lon="11.4255898" visible="true" />
  <node id="-795" lat="48.7503647" lon="11.4255675" visible="true" />
  <node id="-796" lat="48.7503830" lon="11.4256354" visible="true" />
  <node id="-797" lat="48.7503471" lon="11.4256577" visible="true" />
  <node id="-798" lat="48.7516247" lon="11.4234494" visible="true" />
  <node id="-799" lat="48.7516369" lon="11.4235006" visible="true" />
  <node id="-800" lat="48.7515414" lon="11.4235531" visible="true" />
  <node id="-801" lat="48.7515292" lon="11.4235018" visible="true" />
  <node id="-802" lat="48.7521565" lon="11.4256859" visible="true" />
  <node id="-803" lat="48.7521749" lon="11.4257634" visible="true" />
  <node id="-804" lat="48.7521098" lon="11.4257988" visible="true" />
  <node id="-805" lat="48.7520915" lon="11.4257213" visible="true" />
  <node id="-806" lat="48.7525834" lon="11.4268960" visible="true" />
  <node id="-807" lat="48.7525643" lon="11.4268593" visible="true" />
  <node id="-808" lat="48.7526213" lon="11.4267914" visible="true" />
  <node id="-809" lat="48.7526403" lon="11.4268281" visible="true" />
  <node id="-810" lat="48.7504996" lon="11.4262342" visible="true" />
  <node id="-811" lat="48.7505683" lon="11.4261876" visible="true" />
  <node id="-812" lat="48.7505882" lon="11.4262549" visible="true" />
  <node id="-813" lat="48.7505194" lon="11.4263015" visible="true" />
  <node id="-814" lat="48.7504223" lon="11.4259074" visible="true" />
  <node id="-815" lat="48.7504728" lon="11.4258702" visible="true" />
  <node id="-816" lat="48.7504996" lon="11.4259536" visible="true" />
  <node id="-817" lat="48.7504491" lon="11.4259909" visible="true" />
  <node id="-818" lat="48.7507724" lon="11.4251518" visible="true" />
  <node id="-819" lat="48.7508180" lon="11.4251238" visible="true" />
  <node id="-820" lat="48.7508444" lon="11.4252224" visible="true" />
  <node id="-821" lat="48.7507988" lon="11.4252505" visible="true" />
  <node id="-822" lat="48.7502882" lon="11.4254326" visible="true" />
  <node id="-823" lat="48.7503344" lon="11.4254021" visible="true" />
  <node id="-824" lat="48.7503547" lon="11.4254730" visible="true" />
  <node id="-825" lat="48.7503085" lon="11.4255035" visible="true" />
  <node id="-826" lat="48.7513797" lon="11.4224289" visible="true" />
  <node id="-827" lat="48.7513904" lon="11.4224758" visible="true" />
  <node id="-828" lat="48.7512989" lon="11.4225236" visible="true" />
  <node id="-829" lat="48.7512883" lon="11.4224767" visible="true" />
  <node id="-830" lat="48.7498775" lon="11.4249208" visible="true" />
  <node id="-831" lat="48.7499837" lon="11.4248564" visible="true" />
  <node id="-832" lat="48.7500284" lon="11.4250260" visible="true" />
  <node id="-833" lat="48.7499223" lon="11.4250904" visible="true" />
  <node id="-834" lat="48.7520193" lon="11.4262670" visible="true" />
  <node id="-835" lat="48.7520379" lon="11.4263362" visible="true" />
  <node id="-836" lat="48.7520038" lon="11.4263573" visible="true" />
  <node id="-837" lat="48.7519830" lon="11.4263701" visible="true" />
  <node id="-838" lat="48.7519644" lon="11.4263009" visible="true" />
  <node id="-839" lat="48.7519924" lon="11.4262836" visible="true" />
  <node id="-840" lat="48.7512257" lon="11.4251457" visible="true" />
  <node id="-841" lat="48.7511240" lon="11.4252073" visible="true" />
  <node id="-842" lat="48.7510802" lon="11.4250410" visible="true" />
  <node id="-843" lat="48.7511818" lon="11.4249793" visible="true" />
  <node id="-844" lat="48.7508167" lon="11.4267614" visible="true" />
  <node id="-845" lat="48.7508618" lon="11.4267386" visible="true" />
  <node id="-846" lat="48.7509024" lon="11.4269235" visible="true" />
  <node id="-847" lat="48.7508573" lon="11.4269463" visible="true" />
  <node id="-848" lat="48.7517599" lon="11.4239596" visible="true" />
  <node id="-849" lat="48.7517699" lon="11.4240019" visible="true" />
  <node id="-850" lat="48.7516856" lon="11.4240481" visible="true" />
  <node id="-851" lat="48.7516755" lon="11.4240059" visible="true" />
  <node id="-852" lat="48.7522205" lon="11.4258262" visible="true" />
  <node id="-853" lat="48.7522403" lon="11.4259089" visible="true" />
  <node id="-854" lat="48.7521478" lon="11.4259597" visible="true" />
  <node id="-855" lat="48.7521280" lon="11.4258770" visible="true" />
  <node id="-856" lat="48.7511240" lon="11.4247233" visible="true" />
  <node id="-857" lat="48.7509696" lon="11.4248281" visible="true" />
  <node id="-858" lat="48.7509316" lon="11.4246993" visible="true" />
  <node id="-859" lat="48.7510860" lon="11.4245945" visible="true" />
  <node id="-860" lat="48.7525224" lon="11.4266539" visible="true" />
  <node id="-861" lat="48.7525908" lon="11.4267806" visible="true" />
  <node id="-862" lat="48.7524617" lon="11.4269410" visible="true" />
  <node id="-863" lat="48.7523933" lon="11.4268143" visible="true" />
  <node id="-864" lat="48.7500727" lon="11.4252199" visible="true" />
  <node id="-865" lat="48.7501087" lon="11.4253632" visible="true" />
  <node id="-866" lat="48.7500221" lon="11.4254132" visible="true" />
  <node id="-867" lat="48.7499861" lon="11.4252699" visible="true" />
  <node id="-868" lat="48.7515048" lon="11.4229392" visible="true" />
  <node id="-869" lat="48.7515166" lon="11.4229894" visible="true" />
  <node id="-870" lat="48.7514231" lon="11.4230403" visible="true" />
  <node id="-871" lat="48.7514113" lon="11.4229900" visible="true" />
  <node id="-872" lat="48.7518173" lon="11.4260624" visible="true" />
  <node id="-873" lat="48.7518343" lon="11.4261160" visible="true" />
  <node id="-874" lat="48.7517975" lon="11.4261429" visible="true" />
  <node id="-875" lat="48.7517795" lon="11.4260863" visible="true" />
  <node id="-876" lat="48.7516960" lon="11.4261390" visible="true" />
  <node id="-877" lat="48.7516656" lon="11.4260281" visible="true" />
  <node id="-878" lat="48.7518414" lon="11.4259171" visible="true" />
  <node id="-879" lat="48.7518719" lon="11.4260280" visible="true" />
  <node id="-880" lat="48.7520005" lon="11.4279018" visible="true" />
  <node id="-881" lat="48.7519706" lon="11.4279019" visible="true" />
  <node id="-882" lat="48.7519774" lon="11.4281412" visible="true" />
  <node id="-883" lat="48.7520381" lon="11.4282310" visible="true" />
  <node id="-884" lat="48.7520582" lon="11.4282311" visible="true" />
  <node id="-885" lat="48.7496645" lon="11.4256935" visible="true" />
  <node id="-886" lat="48.7497109" lon="11.4256627" visible="true" />
  <node id="-887" lat="48.7497428" lon="11.4257730" visible="true" />
  <node id="-888" lat="48.7496963" lon="11.4258038" visible="true" />
  <node id="-889" lat="48.7495386" lon="11.4264222" visible="true" />
  <node id="-890" lat="48.7495039" lon="11.4262778" visible="true" />
  <node id="-891" lat="48.7495781" lon="11.4262368" visible="true" />
  <node id="-892" lat="48.7496395" lon="11.4264923" visible="true" />
  <node id="-893" lat="48.7495919" lon="11.4265186" visible="true" />
  <node id="-894" lat="48.7495977" lon="11.4265354" visible="true" />
  <node id="-895" lat="48.7495064" lon="11.4266083" visible="true" />
  <node id="-896" lat="48.7494628" lon="11.4264827" visible="true" />
  <node id="-897" lat="48.7516045" lon="11.4284512" visible="true" />
  <node id="-898" lat="48.7516119" lon="11.4285516" visible="true" />
  <node id="-899" lat="48.7515241" lon="11.4285664" visible="true" />
  <node id="-900" lat="48.7515167" lon="11.4284660" visible="true" />
  <node id="-901" lat="48.7506651" lon="11.4276092" visible="true" />
  <node id="-902" lat="48.7507175" lon="11.4277837" visible="true" />
  <node id="-903" lat="48.7506275" lon="11.4278460" visible="true" />
  <node id="-904" lat="48.7505750" lon="11.4276715" visible="true" />
  <node id="-905" lat="48.7493177" lon="11.4275939" visible="true" />
  <node id="-906" lat="48.7493535" lon="11.4275847" visible="true" />
  <node id="-907" lat="48.7493614" lon="11.4276554" visible="true" />
  <node id="-908" lat="48.7493256" lon="11.4276646" visible="true" />
  <node id="-909" lat="48.7498332" lon="11.4273463" visible="true" />
  <node id="-910" lat="48.7498455" lon="11.4274562" visible="true" />
  <node id="-911" lat="48.7498193" lon="11.4274630" visible="true" />
  <node id="-912" lat="48.7498069" lon="11.4273531" visible="true" />
  <node id="-913" lat="48.7498563" lon="11.4274890" visible="true" />
  <node id="-914" lat="48.7498517" lon="11.4274539" visible="true" />
  <node id="-915" lat="48.7498748" lon="11.4274469" visible="true" />
  <node id="-916" lat="48.7498794" lon="11.4274820" visible="true" />
  <node id="-917" lat="48.7499905" lon="11.4267171" visible="true" />
  <node id="-918" lat="48.7500077" lon="11.4267788" visible="true" />
  <node id="-919" lat="48.7499689" lon="11.4268037" visible="true" />
  <node id="-920" lat="48.7499517" lon="11.4267420" visible="true" />
  <node id="-921" lat="48.7510427" lon="11.4242007" visible="true" />
  <node id="-922" lat="48.7510804" lon="11.4243286" visible="true" />
  <node id="-923" lat="48.7509438" lon="11.4244213" visible="true" />
  <node id="-924" lat="48.7509061" lon="11.4242934" visible="true" />
  <node id="-925" lat="48.7508100" lon="11.4247865" visible="true" />
  <node id="-926" lat="48.7508507" lon="11.4247642" visible="true" />
  <node id="-927" lat="48.7508658" lon="11.4248277" visible="true" />
  <node id="-928" lat="48.7508252" lon="11.4248500" visible="true" />
  <node id="-929" lat="48.7523516" lon="11.4223956" visible="true" />
  <node id="-930" lat="48.7523187" lon="11.4225204" visible="true" />
  <node id="-931" lat="48.7522315" lon="11.4224674" visible="true" />
  <node id="-932" lat="48.7522644" lon="11.4223427" visible="true" />
  <node id="-933" lat="48.7520213" lon="11.4229885" visible="true" />
  <node id="-934" lat="48.7519747" lon="11.4231685" visible="true" />
  <node id="-935" lat="48.7519396" lon="11.4231476" visible="true" />
  <node id="-936" lat="48.7519862" lon="11.4229676" visible="true" />
  <node id="-937" lat="48.7520879" lon="11.4277688" visible="true" />
  <node id="-938" lat="48.7520861" lon="11.4276863" visible="true" />
  <node id="-939" lat="48.7521431" lon="11.4276834" visible="true" />
  <node id="-940" lat="48.7522835" lon="11.4276763" visible="true" />
  <node id="-941" lat="48.7522853" lon="11.4277588" visible="true" />
  <node id="-942" lat="48.7518279" lon="11.4266859" visible="true" />
  <node id="-943" lat="48.7518573" lon="11.4266692" visible="true" />
  <node id="-944" lat="48.7518721" lon="11.4267291" visible="true" />
  <node id="-945" lat="48.7518427" lon="11.4267458" visible="true" />
  <node id="-946" lat="48.7502658" lon="11.4245685" visible="true" />
  <node id="-947" lat="48.7503083" lon="11.4245450" visible="true" />
  <node id="-948" lat="48.7503306" lon="11.4246381" visible="true" />
  <node id="-949" lat="48.7502881" lon="11.4246615" visible="true" />
  <node id="-950" lat="48.7510246" lon="11.4225527" visible="true" />
  <node id="-951" lat="48.7510763" lon="11.4225241" visible="true" />
  <node id="-952" lat="48.7511150" lon="11.4226851" visible="true" />
  <node id="-953" lat="48.7510633" lon="11.4227137" visible="true" />
  <node id="-954" lat="48.7514184" lon="11.4228514" visible="true" />
  <node id="-955" lat="48.7514290" lon="11.4228992" visible="true" />
  <node id="-956" lat="48.7514018" lon="11.4229130" visible="true" />
  <node id="-957" lat="48.7513912" lon="11.4228651" visible="true" />
  <node id="-958" lat="48.7516742" lon="11.4238872" visible="true" />
  <node id="-959" lat="48.7516848" lon="11.4239351" visible="true" />
  <node id="-960" lat="48.7516576" lon="11.4239488" visible="true" />
  <node id="-961" lat="48.7516470" lon="11.4239010" visible="true" />
  <node id="-962" lat="48.7515240" lon="11.4233022" visible="true" />
  <node id="-963" lat="48.7515345" lon="11.4233501" visible="true" />
  <node id="-964" lat="48.7515073" lon="11.4233638" visible="true" />
  <node id="-965" lat="48.7514968" lon="11.4233160" visible="true" />
  <node id="-966" lat="48.7498756" lon="11.4225903" visible="true" />
  <node id="-967" lat="48.7498940" lon="11.4226601" visible="true" />
  <node id="-968" lat="48.7498419" lon="11.4226917" visible="true" />
  <node id="-969" lat="48.7498235" lon="11.4226219" visible="true" />
  <node id="-970" lat="48.7519318" lon="11.4243596" visible="true" />
  <node id="-971" lat="48.7519423" lon="11.4244074" visible="true" />
  <node id="-972" lat="48.7519151" lon="11.4244211" visible="true" />
  <node id="-973" lat="48.7519046" lon="11.4243733" visible="true" />
  <node id="-974" lat="48.7520533" lon="11.4255708" visible="true" />
  <node id="-975" lat="48.7520638" lon="11.4256186" visible="true" />
  <node id="-976" lat="48.7520366" lon="11.4256324" visible="true" />
  <node id="-977" lat="48.7520261" lon="11.4255845" visible="true" />
  <node id="-978" lat="48.7511538" lon="11.4228863" visible="true" />
  <node id="-979" lat="48.7511734" lon="11.4229358" visible="true" />
  <node id="-980" lat="48.7510858" lon="11.4230153" visible="true" />
  <node id="-981" lat="48.7502708" lon="11.4228392" visible="true" />
  <node id="-982" lat="48.7503176" lon="11.4228029" visible="true" />
  <node id="-983" lat="48.7503465" lon="11.4228706" visible="true" />
  <node id="-984" lat="48.7502997" lon="11.4229249" visible="true" />
  <node id="-985" lat="48.7514035" lon="11.4227885" visible="true" />
  <node id="-986" lat="48.7514140" lon="11.4228363" visible="true" />
  <node id="-987" lat="48.7513868" lon="11.4228501" visible="true" />
  <node id="-988" lat="48.7513763" lon="11.4228023" visible="true" />
  <node id="-989" lat="48.7509474" lon="11.4221957" visible="true" />
  <node id="-990" lat="48.7510295" lon="11.4223108" visible="true" />
  <node id="-991" lat="48.7509800" lon="11.4223371" visible="true" />
  <node id="-992" lat="48.7516593" lon="11.4238244" visible="true" />
  <node id="-993" lat="48.7516698" lon="11.4238722" visible="true" />
  <node id="-994" lat="48.7516426" lon="11.4238859" visible="true" />
  <node id="-995" lat="48.7516321" lon="11.4238381" visible="true" />
  <node id="-996" lat="48.7500596" lon="11.4232400" visible="true" />
  <node id="-997" lat="48.7501126" lon="11.4231745" visible="true" />
  <node id="-998" lat="48.7501415" lon="11.4232283" visible="true" />
  <node id="-999" lat="48.7500885" lon="11.4232938" visible="true" />
  <node id="-1000" lat="48.7519200" lon="11.4249256" visible="true" />
  <node id="-1001" lat="48.7519305" lon="11.4249734" visible="true" />
  <node id="-1002" lat="48.7519033" lon="11.4249871" visible="true" />
  <node id="-1003" lat="48.7518928" lon="11.4249393" visible="true" />
  <node id="-1004" lat="48.7519239" lon="11.4250106" visible="true" />
  <node id="-1005" lat="48.7519992" lon="11.4249725" visible="true" />
  <node id="-1006" lat="48.7520080" lon="11.4250126" visible="true" />
  <node id="-1007" lat="48.7519327" lon="11.4250507" visible="true" />
  <node id="-1008" lat="48.7527068" lon="11.4285853" visible="true" />
  <node id="-1009" lat="48.7527254" lon="11.4286642" visible="true" />
  <node id="-1010" lat="48.7526787" lon="11.4286895" visible="true" />
  <node id="-1011" lat="48.7526601" lon="11.4286106" visible="true" />
  <node id="-1012" lat="48.7520384" lon="11.4255079" visible="true" />
  <node id="-1013" lat="48.7520489" lon="11.4255557" visible="true" />
  <node id="-1014" lat="48.7520217" lon="11.4255695" visible="true" />
  <node id="-1015" lat="48.7520112" lon="11.4255216" visible="true" />
  <node id="-1016" lat="48.7499413" lon="11.4225465" visible="true" />
  <node id="-1017" lat="48.7499680" lon="11.4225319" visible="true" />
  <node id="-1018" lat="48.7499851" lon="11.4226036" visible="true" />
  <node id="-1019" lat="48.7499584" lon="11.4226182" visible="true" />
  <node id="-1020" lat="48.7503462" lon="11.4242946" visible="true" />
  <node id="-1021" lat="48.7503966" lon="11.4242564" visible="true" />
  <node id="-1022" lat="48.7504177" lon="11.4243202" visible="true" />
  <node id="-1023" lat="48.7503672" lon="11.4243584" visible="true" />
  <node id="-1024" lat="48.7519169" lon="11.4242967" visible="true" />
  <node id="-1025" lat="48.7519274" lon="11.4243445" visible="true" />
  <node id="-1026" lat="48.7519002" lon="11.4243583" visible="true" />
  <node id="-1027" lat="48.7518897" lon="11.4243104" visible="true" />
  <node id="-1028" lat="48.7503351" lon="11.4230504" visible="true" />
  <node id="-1029" lat="48.7502968" lon="11.4230962" visible="true" />
  <node id="-1030" lat="48.7502627" lon="11.4230305" visible="true" />
  <node id="-1031" lat="48.7503010" lon="11.4229847" visible="true" />
  <node id="-1032" lat="48.7505642" lon="11.4227101" visible="true" />
  <node id="-1033" lat="48.7505884" lon="11.4227693" visible="true" />
  <node id="-1034" lat="48.7505499" lon="11.4228055" visible="true" />
  <node id="-1035" lat="48.7505257" lon="11.4227463" visible="true" />
  <node id="-1036" lat="48.7498016" lon="11.4254006" visible="true" />
  <node id="-1037" lat="48.7498480" lon="11.4253712" visible="true" />
  <node id="-1038" lat="48.7498782" lon="11.4254808" visible="true" />
  <node id="-1039" lat="48.7498319" lon="11.4255102" visible="true" />
  <node id="-1040" lat="48.7512518" lon="11.4235303" visible="true" />
  <node id="-1041" lat="48.7512759" lon="11.4236346" visible="true" />
  <node id="-1042" lat="48.7512255" lon="11.4236614" visible="true" />
  <node id="-1043" lat="48.7512014" lon="11.4235571" visible="true" />
  <node id="-1044" lat="48.7519050" lon="11.4248627" visible="true" />
  <node id="-1045" lat="48.7519156" lon="11.4249105" visible="true" />
  <node id="-1046" lat="48.7518884" lon="11.4249243" visible="true" />
  <node id="-1047" lat="48.7518778" lon="11.4248764" visible="true" />
  <node id="-1048" lat="48.7501472" lon="11.4229588" visible="true" />
  <node id="-1049" lat="48.7501956" lon="11.4229321" visible="true" />
  <node id="-1050" lat="48.7502140" lon="11.4230039" visible="true" />
  <node id="-1051" lat="48.7501683" lon="11.4230464" visible="true" />
  <node id="-1052" lat="48.7521745" lon="11.4233213" visible="true" />
  <node id="-1053" lat="48.7521622" lon="11.4233718" visible="true" />
  <node id="-1054" lat="48.7520860" lon="11.4233291" visible="true" />
  <node id="-1055" lat="48.7520983" lon="11.4232786" visible="true" />
  <node id="-1056" lat="48.7503559" lon="11.4230949" visible="true" />
  <node id="-1057" lat="48.7503899" lon="11.4230625" visible="true" />
  <node id="-1058" lat="48.7504124" lon="11.4231168" visible="true" />
  <node id="-1059" lat="48.7503784" lon="11.4231492" visible="true" />
  <node id="-1060" lat="48.7515389" lon="11.4233651" visible="true" />
  <node id="-1061" lat="48.7515494" lon="11.4234129" visible="true" />
  <node id="-1062" lat="48.7515222" lon="11.4234267" visible="true" />
  <node id="-1063" lat="48.7515117" lon="11.4233789" visible="true" />
  <node id="-1064" lat="48.7499584" lon="11.4231444" visible="true" />
  <node id="-1065" lat="48.7499956" lon="11.4231209" visible="true" />
  <node id="-1066" lat="48.7500179" lon="11.4232027" visible="true" />
  <node id="-1067" lat="48.7499807" lon="11.4232261" visible="true" />
  <node id="-1068" lat="48.7499278" lon="11.4245576" visible="true" />
  <node id="-1069" lat="48.7498831" lon="11.4245815" visible="true" />
  <node id="-1070" lat="48.7498679" lon="11.4245161" visible="true" />
  <node id="-1071" lat="48.7499126" lon="11.4244922" visible="true" />
  <node id="-1072" lat="48.7518503" lon="11.4244944" visible="true" />
  <node id="-1073" lat="48.7519153" lon="11.4244616" visible="true" />
  <node id="-1074" lat="48.7519239" lon="11.4245004" visible="true" />
  <node id="-1075" lat="48.7518588" lon="11.4245333" visible="true" />
  <node id="-1076" lat="48.7502814" lon="11.4260786" visible="true" />
  <node id="-1077" lat="48.7501943" lon="11.4261347" visible="true" />
  <node id="-1078" lat="48.7501789" lon="11.4260797" visible="true" />
  <node id="-1079" lat="48.7501508" lon="11.4260984" visible="true" />
  <node id="-1080" lat="48.7501355" lon="11.4260455" visible="true" />
  <node id="-1081" lat="48.7501640" lon="11.4260266" visible="true" />
  <node id="-1082" lat="48.7501619" lon="11.4260189" visible="true" />
  <node id="-1083" lat="48.7502490" lon="11.4259627" visible="true" />
  <node id="-1084" lat="48.7534030" lon="11.4286679" visible="true" />
  <node id="-1085" lat="48.7534020" lon="11.4287447" visible="true" />
  <node id="-1086" lat="48.7533176" lon="11.4287423" visible="true" />
  <node id="-1087" lat="48.7533185" lon="11.4286656" visible="true" />
  <node id="-1088" lat="48.7537869" lon="11.4280949" visible="true" />
  <node id="-1089" lat="48.7538053" lon="11.4280940" visible="true" />
  <node id="-1090" lat="48.7538069" lon="11.4281686" visible="true" />
  <node id="-1091" lat="48.7537884" lon="11.4281694" visible="true" />
  <node id="-1092" lat="48.7538468" lon="11.4281135" visible="true" />
  <node id="-1093" lat="48.7538468" lon="11.4281741" visible="true" />
  <node id="-1094" lat="48.7538222" lon="11.4281741" visible="true" />
  <node id="-1095" lat="48.7538222" lon="11.4281135" visible="true" />
  <node id="-1096" lat="48.7534675" lon="11.4291058" visible="true" />
  <node id="-1097" lat="48.7534645" lon="11.4292081" visible="true" />
  <node id="-1098" lat="48.7533939" lon="11.4292034" visible="true" />
  <node id="-1099" lat="48.7533968" lon="11.4291012" visible="true" />
  <node id="-1100" lat="48.7531619" lon="11.4289428" visible="true" />
  <node id="-1101" lat="48.7531634" lon="11.4290282" visible="true" />
  <node id="-1102" lat="48.7530913" lon="11.4290312" visible="true" />
  <node id="-1103" lat="48.7530898" lon="11.4289457" visible="true" />
  <node id="-1104" lat="48.7532264" lon="11.4282743" visible="true" />
  <node id="-1105" lat="48.7532264" lon="11.4284839" visible="true" />
  <node id="-1106" lat="48.7531388" lon="11.4284839" visible="true" />
  <node id="-1107" lat="48.7531388" lon="11.4282743" visible="true" />
  <node id="-1108" lat="48.7538735" lon="11.4286819" visible="true" />
  <node id="-1109" lat="48.7538591" lon="11.4286819" visible="true" />
  <node id="-1110" lat="48.7538591" lon="11.4285258" visible="true" />
  <node id="-1111" lat="48.7539420" lon="11.4285258" visible="true" />
  <node id="-1112" lat="48.7539420" lon="11.4286819" visible="true" />
  <node id="-1113" lat="48.7539259" lon="11.4286819" visible="true" />
  <node id="-1114" lat="48.7539236" lon="11.4287587" visible="true" />
  <node id="-1115" lat="48.7538713" lon="11.4287551" visible="true" />
  <node id="-1116" lat="48.7534037" lon="11.4284886" visible="true" />
  <node id="-1117" lat="48.7534027" lon="11.4285654" visible="true" />
  <node id="-1118" lat="48.7533183" lon="11.4285630" visible="true" />
  <node id="-1119" lat="48.7533192" lon="11.4284863" visible="true" />
  <node id="-1120" lat="48.7496382" lon="11.4236411" visible="true" />
  <node id="-1121" lat="48.7495567" lon="11.4236901" visible="true" />
  <node id="-1122" lat="48.7495143" lon="11.4235280" visible="true" />
  <node id="-1123" lat="48.7495958" lon="11.4234789" visible="true" />
  <node id="-1124" lat="48.7493590" lon="11.4236124" visible="true" />
  <node id="-1125" lat="48.7492695" lon="11.4236639" visible="true" />
  <node id="-1126" lat="48.7493094" lon="11.4238230" visible="true" />
  <node id="-1127" lat="48.7493988" lon="11.4237715" visible="true" />
  <node id="-1128" lat="48.7495585" lon="11.4233320" visible="true" />
  <node id="-1129" lat="48.7494667" lon="11.4233865" visible="true" />
  <node id="-1130" lat="48.7494157" lon="11.4231886" visible="true" />
  <node id="-1131" lat="48.7495075" lon="11.4231341" visible="true" />
  <node id="-1132" lat="48.7494681" lon="11.4230380" visible="true" />
  <node id="-1133" lat="48.7493736" lon="11.4230875" visible="true" />
  <node id="-1134" lat="48.7493392" lon="11.4229362" visible="true" />
  <node id="-1135" lat="48.7494336" lon="11.4228867" visible="true" />
  <node id="-1136" lat="48.7543255" lon="11.4222108" visible="true" />
  <node id="-1137" lat="48.7543030" lon="11.4222420" visible="true" />
  <node id="-1138" lat="48.7543241" lon="11.4222771" visible="true" />
  <node id="-1139" lat="48.7543466" lon="11.4222460" visible="true" />
  <node id="-1140" lat="48.7539243" lon="11.4292864" visible="true" />
  <node id="-1141" lat="48.7539258" lon="11.4291562" visible="true" />
  <node id="-1142" lat="48.7526158" lon="11.4275327" visible="true" />
  <node id="-1143" lat="48.7527255" lon="11.4275300" visible="true" />
  <node id="-1144" lat="48.7527268" lon="11.4276519" visible="true" />
  <node id="-1145" lat="48.7526171" lon="11.4276546" visible="true" />
  <node id="-1146" lat="48.7525354" lon="11.4275233" visible="true" />
  <node id="-1147" lat="48.7525407" lon="11.4276963" visible="true" />
  <node id="-1148" lat="48.7524481" lon="11.4277029" visible="true" />
  <node id="-1149" lat="48.7524428" lon="11.4275299" visible="true" />
  <node id="-1150" lat="48.7521167" lon="11.4288443" visible="true" />
  <node id="-1151" lat="48.7521902" lon="11.4288426" visible="true" />
  <node id="-1152" lat="48.7522761" lon="11.4288405" visible="true" />
  <node id="-1153" lat="48.7522786" lon="11.4290825" visible="true" />
  <node id="-1154" lat="48.7521194" lon="11.4290867" visible="true" />
  <node id="-1155" lat="48.7521188" lon="11.4290385" visible="true" />
  <node id="-1156" lat="48.7521185" lon="11.4290209" visible="true" />
  <node id="-1157" lat="48.7530182" lon="11.4280032" visible="true" />
  <node id="-1158" lat="48.7531448" lon="11.4280041" visible="true" />
  <node id="-1159" lat="48.7531444" lon="11.4281479" visible="true" />
  <node id="-1160" lat="48.7530178" lon="11.4281470" visible="true" />
  <node id="-1161" lat="48.7517756" lon="11.4253485" visible="true" />
  <node id="-1162" lat="48.7518118" lon="11.4254766" visible="true" />
  <node id="-1163" lat="48.7517706" lon="11.4255034" visible="true" />
  <node id="-1164" lat="48.7517344" lon="11.4253754" visible="true" />
  <way id="-1000000000" visible="true">
    <nd ref="-1" />
    <nd ref="-2" />
    <nd ref="-3" />
    <nd ref="-4" />
    <nd ref="-5" />
    <nd ref="-1" />
    <tag k="building" v="yes" />
  </way>
  <way id="-1000000001" visible="true">
    <nd ref="-6" />
    <nd ref="-7" />
    <nd ref="-8" />
    <nd ref="-9" />
    <nd ref="-6" />
    <tag k="building" v="yes" />
  </way>
  <way id="-1000000002" visible="true">
    <nd ref="-10" />
    <nd ref="-11" />
    <nd ref="-12" />
    <nd ref="-13" />
    <nd ref="-10" />
    <tag k="building" v="apartments" />
  </way>
  <way id="-1000000003" visible="true">
    <nd ref="-14" />
    <nd ref="-15" />
    <nd ref="-16" />
    <nd ref="-17" />
    <nd ref="-18" />
    <nd ref="-19" />
    <nd ref="-20" />
    <nd ref="-14" />
    <tag k="building" v="yes" />
  </way>
  <way id="-1000000004" visible="true">
    <nd ref="-21" />
    <nd ref="-22" />
    <nd ref="-23" />
    <nd ref="-24" />
    <nd ref="-21" />
    <tag k="building" v="garage" />
  </way>
  <way id="-1000000005" visible="true">
    <nd ref="-25" />
    <nd ref="-26" />
    <nd ref="-27" />
    <nd ref="-28" />
    <nd ref="-29" />
    <nd ref="-25" />
    <tag k="building" v="yes" />
  </way>
  <way id="-1000000006" visible="true">
    <nd ref="-30" />
    <nd ref="-31" />
    <nd ref="-32" />
    <nd ref="-33" />
    <nd ref="-30" />
    <tag k="building" v="yes" />
  </way>
  <way id="-1000000007" visible="true">
    <nd ref="-34" />
    <nd ref="-35" />
    <nd ref="-36" />
    <nd ref="-37" />
    <nd ref="-34" />
    <tag k="building" v="yes" />
  </way>
  <way id="-1000000008" visible="true">
    <nd ref="-38" />
    <nd ref="-39" />
    <nd ref="-40" />
    <nd ref="-41" />
    <nd ref="-38" />
    <tag k="building" v="yes" />
  </way>
  <way id="-1000000009" visible="true">
    <nd ref="-42" />
    <nd ref="-43" />
    <nd ref="-44" />
    <nd ref="-45" />
    <nd ref="-42" />
    <tag k="building" v="yes" />
  </way>
  <way id="-1000000010" visible="true">
    <nd ref="-46" />
    <nd ref="-47" />
    <nd ref="-48" />
    <nd ref="-49" />
    <nd ref="-46" />
    <tag k="building" v="yes" />
  </way>
  <way id="-1000000011" visible="true">
    <nd ref="-50" />
    <nd ref="-51" />
    <nd ref="-52" />
    <nd ref="-53" />
    <nd ref="-54" />
    <nd ref="-55" />
    <nd ref="-50" />
    <tag k="building" v="yes" />
  </way>
  <way id="-1000000012" visible="true">
    <nd ref="-56" />
    <nd ref="-57" />
    <nd ref="-58" />
    <nd ref="-59" />
    <nd ref="-56" />
    <tag k="building" v="yes" />
  </way>
  <way id="-1000000013" visible="true">
    <nd ref="-60" />
    <nd ref="-61" />
    <nd ref="-62" />
    <nd ref="-63" />
    <nd ref="-60" />
    <tag k="building" v="yes" />
  </way>
  <way id="-1000000014" visible="true">
    <nd ref="-64" />
    <nd ref="-65" />
    <nd ref="-66" />
    <nd ref="-67" />
    <nd ref="-64" />
    <tag k="building" v="yes" />
  </way>
  <way id="-1000000015" visible="true">
    <nd ref="-68" />
    <nd ref="-69" />
    <nd ref="-70" />
    <nd ref="-71" />
    <nd ref="-68" />
    <tag k="building" v="yes" />
  </way>
  <way id="-1000000016" visible="true">
    <nd ref="-72" />
    <nd ref="-73" />
    <nd ref="-74" />
    <nd ref="-75" />
    <nd ref="-72" />
    <tag k="building" v="yes" />
  </way>
  <way id="-1000000017" visible="true">
    <nd ref="-76" />
    <nd ref="-77" />
    <nd ref="-78" />
    <nd ref="-79" />
    <nd ref="-76" />
    <tag k="building" v="yes" />
  </way>
  <way id="-1000000018" visible="true">
    <nd ref="-80" />
    <nd ref="-81" />
    <nd ref="-82" />
    <nd ref="-83" />
    <nd ref="-80" />
    <tag k="building" v="yes" />
  </way>
  <way id="-1000000019" visible="true">
    <nd ref="-84" />
    <nd ref="-85" />
    <nd ref="-86" />
    <nd ref="-87" />
    <nd ref="-84" />
    <tag k="building" v="yes" />
  </way>
  <way id="-1000000020" visible="true">
    <nd ref="-88" />
    <nd ref="-89" />
    <nd ref="-90" />
    <nd ref="-91" />
    <nd ref="-88" />
    <tag k="building" v="yes" />
  </way>
  <way id="-1000000021" visible="true">
    <nd ref="-92" />
    <nd ref="-93" />
    <nd ref="-94" />
    <nd ref="-95" />
    <nd ref="-92" />
    <tag k="building" v="yes" />
  </way>
  <way id="-1000000022" visible="true">
    <nd ref="-96" />
    <nd ref="-97" />
    <nd ref="-98" />
    <nd ref="-99" />
    <nd ref="-96" />
    <tag k="building" v="yes" />
  </way>
  <way id="-1000000023" visible="true">
    <nd ref="-100" />
    <nd ref="-101" />
    <nd ref="-102" />
    <nd ref="-103" />
    <nd ref="-104" />
    <nd ref="-105" />
    <nd ref="-106" />
    <nd ref="-100" />
    <tag k="building" v="retail" />
  </way>
  <way id="-1000000024" visible="true">
    <nd ref="-107" />
    <nd ref="-108" />
    <nd ref="-109" />
    <nd ref="-110" />
    <nd ref="-111" />
    <nd ref="-112" />
    <nd ref="-113" />
    <nd ref="-114" />
    <nd ref="-115" />
    <nd ref="-116" />
    <nd ref="-117" />
    <nd ref="-118" />
    <nd ref="-107" />
    <tag k="addr:city" v="Ingolstadt" />
    <tag k="addr:housenumber" v="6" />
    <tag k="addr:postcode" v="85051" />
    <tag k="addr:street" v="Haunwöhrer Straße" />
    <tag k="brand" v="Norma" />
    <tag k="brand:wikidata" v="Q450180" />
    <tag k="brand:wikipedia" v="de:Norma (Supermarkt)" />
    <tag k="building" v="yes" />
    <tag k="name" v="Norma" />
    <tag k="opening_hours" v="Mo-Sa 07:00-20:00; Su,PH closed" />
    <tag k="shop" v="supermarket" />
    <tag k="source" v="HiRes aerial imagery" />
    <tag k="website:official" v="http://www.norma-online.de" />
    <tag k="wheelchair" v="yes" />
  </way>
  <way id="-1000000025" visible="true">
    <nd ref="-119" />
    <nd ref="-120" />
    <nd ref="-121" />
    <nd ref="-122" />
    <nd ref="-123" />
    <nd ref="-119" />
    <tag k="building" v="yes" />
  </way>
  <way id="-1000000026" visible="true">
    <nd ref="-124" />
    <nd ref="-125" />
    <nd ref="-126" />
    <nd ref="-127" />
    <nd ref="-124" />
    <tag k="building" v="yes" />
  </way>
  <way id="-1000000027" visible="true">
    <nd ref="-128" />
    <nd ref="-129" />
    <nd ref="-130" />
    <nd ref="-131" />
    <nd ref="-128" />
    <tag k="building" v="yes" />
  </way>
  <way id="-1000000028" visible="true">
    <nd ref="-132" />
    <nd ref="-133" />
    <nd ref="-134" />
    <nd ref="-135" />
    <nd ref="-132" />
    <tag k="building" v="yes" />
  </way>
  <way id="-1000000029" visible="true">
    <nd ref="-136" />
    <nd ref="-137" />
    <nd ref="-138" />
    <nd ref="-139" />
    <nd ref="-136" />
    <tag k="building" v="yes" />
  </way>
  <way id="-1000000030" visible="true">
    <nd ref="-140" />
    <nd ref="-141" />
    <nd ref="-142" />
    <nd ref="-143" />
    <nd ref="-140" />
    <tag k="building" v="yes" />
  </way>
  <way id="-1000000031" visible="true">
    <nd ref="-144" />
    <nd ref="-145" />
    <nd ref="-146" />
    <nd ref="-147" />
    <nd ref="-144" />
    <tag k="building" v="yes" />
  </way>
  <way id="-1000000032" visible="true">
    <nd ref="-148" />
    <nd ref="-149" />
    <nd ref="-150" />
    <nd ref="-151" />
    <nd ref="-152" />
    <nd ref="-153" />
    <nd ref="-154" />
    <nd ref="-155" />
    <nd ref="-156" />
    <nd ref="-157" />
    <nd ref="-158" />
    <nd ref="-148" />
    <tag k="building" v="yes" />
  </way>
  <way id="-1000000033" visible="true">
    <nd ref="-159" />
    <nd ref="-160" />
    <nd ref="-161" />
    <nd ref="-162" />
    <nd ref="-159" />
    <tag k="building" v="yes" />
  </way>
  <way id="-1000000034" visible="true">
    <nd ref="-163" />
    <nd ref="-164" />
    <nd ref="-165" />
    <nd ref="-166" />
    <nd ref="-163" />
    <tag k="building" v="yes" />
  </way>
  <way id="-1000000035" visible="true">
    <nd ref="-167" />
    <nd ref="-168" />
    <nd ref="-169" />
    <nd ref="-170" />
    <nd ref="-171" />
    <nd ref="-172" />
    <nd ref="-173" />
    <nd ref="-174" />
    <nd ref="-175" />
    <nd ref="-176" />
    <nd ref="-167" />
    <tag k="building" v="yes" />
  </way>
  <way id="-1000000036" visible="true">
    <nd ref="-177" />
    <nd ref="-178" />
    <nd ref="-179" />
    <nd ref="-180" />
    <nd ref="-177" />
    <tag k="building" v="apartments" />
  </way>
  <way id="-1000000037" visible="true">
    <nd ref="-181" />
    <nd ref="-182" />
    <nd ref="-183" />
    <nd ref="-184" />
    <nd ref="-181" />
    <tag k="addr:housenumber" v="51a" />
    <tag k="addr:street" v="Rankestraße" />
    <tag k="building" v="apartments" />
  </way>
  <way id="-1000000038" visible="true">
    <nd ref="-185" />
    <nd ref="-186" />
    <nd ref="-187" />
    <nd ref="-188" />
    <nd ref="-185" />
    <tag k="building" v="yes" />
  </way>
  <way id="-1000000039" visible="true">
    <nd ref="-189" />
    <nd ref="-190" />
    <nd ref="-191" />
    <nd ref="-192" />
    <nd ref="-189" />
    <tag k="building" v="apartments" />
  </way>
  <way id="-1000000040" visible="true">
    <nd ref="-193" />
    <nd ref="-194" />
    <nd ref="-195" />
    <nd ref="-196" />
    <nd ref="-193" />
    <tag k="building" v="yes" />
  </way>
  <way id="-1000000041" visible="true">
    <nd ref="-197" />
    <nd ref="-198" />
    <nd ref="-199" />
    <nd ref="-200" />
    <nd ref="-197" />
    <tag k="addr:housenumber" v="51b" />
    <tag k="addr:street" v="Rankestraße" />
    <tag k="building" v="apartments" />
  </way>
  <way id="-1000000042" visible="true">
    <nd ref="-201" />
    <nd ref="-202" />
    <nd ref="-203" />
    <nd ref="-204" />
    <nd ref="-201" />
    <tag k="building" v="yes" />
  </way>
  <way id="-1000000043" visible="true">
    <nd ref="-205" />
    <nd ref="-206" />
    <nd ref="-207" />
    <nd ref="-208" />
    <nd ref="-205" />
    <tag k="building" v="yes" />
  </way>
  <way id="-1000000044" visible="true">
    <nd ref="-209" />
    <nd ref="-210" />
    <nd ref="-211" />
    <nd ref="-212" />
    <nd ref="-209" />
    <tag k="addr:housenumber" v="2" />
    <tag k="addr:street" v="Maria-Ward-Straße" />
    <tag k="building" v="apartments" />
  </way>
  <way id="-1000000045" visible="true">
    <nd ref="-213" />
    <nd ref="-214" />
    <nd ref="-215" />
    <nd ref="-216" />
    <nd ref="-213" />
    <tag k="building" v="apartments" />
  </way>
  <way id="-1000000046" visible="true">
    <nd ref="-217" />
    <nd ref="-218" />
    <nd ref="-219" />
    <nd ref="-220" />
    <nd ref="-217" />
    <tag k="building" v="yes" />
  </way>
  <way id="-1000000047" visible="true">
    <nd ref="-221" />
    <nd ref="-222" />
    <nd ref="-223" />
    <nd ref="-224" />
    <nd ref="-221" />
    <tag k="building" v="garage" />
  </way>
  <way id="-1000000048" visible="true">
    <nd ref="-225" />
    <nd ref="-226" />
    <nd ref="-227" />
    <nd ref="-228" />
    <nd ref="-229" />
    <nd ref="-225" />
    <tag k="building" v="yes" />
  </way>
  <way id="-1000000049" visible="true">
    <nd ref="-230" />
    <nd ref="-231" />
    <nd ref="-232" />
    <nd ref="-233" />
    <nd ref="-230" />
    <tag k="building" v="apartments" />
  </way>
  <way id="-1000000050" visible="true">
    <nd ref="-234" />
    <nd ref="-235" />
    <nd ref="-236" />
    <nd ref="-237" />
    <nd ref="-234" />
    <tag k="building" v="yes" />
  </way>
  <way id="-1000000051" visible="true">
    <nd ref="-238" />
    <nd ref="-239" />
    <nd ref="-240" />
    <nd ref="-241" />
    <nd ref="-238" />
    <tag k="building" v="yes" />
  </way>
  <way id="-1000000052" visible="true">
    <nd ref="-242" />
    <nd ref="-243" />
    <nd ref="-244" />
    <nd ref="-245" />
    <nd ref="-242" />
    <tag k="addr:housenumber" v="3" />
    <tag k="addr:street" v="Maria-Ward-Straße" />
    <tag k="building" v="apartments" />
  </way>
  <way id="-1000000053" visible="true">
    <nd ref="-246" />
    <nd ref="-247" />
    <nd ref="-248" />
    <nd ref="-249" />
    <nd ref="-250" />
    <nd ref="-251" />
    <nd ref="-246" />
    <tag k="building" v="yes" />
  </way>
  <way id="-1000000054" visible="true">
    <nd ref="-252" />
    <nd ref="-253" />
    <nd ref="-254" />
    <nd ref="-255" />
    <nd ref="-252" />
    <tag k="building" v="yes" />
  </way>
  <way id="-1000000055" visible="true">
    <nd ref="-256" />
    <nd ref="-257" />
    <nd ref="-258" />
    <nd ref="-259" />
    <nd ref="-256" />
    <tag k="building" v="yes" />
  </way>
  <way id="-1000000056" visible="true">
    <nd ref="-260" />
    <nd ref="-261" />
    <nd ref="-262" />
    <nd ref="-263" />
    <nd ref="-264" />
    <nd ref="-265" />
    <nd ref="-266" />
    <nd ref="-267" />
    <nd ref="-268" />
    <nd ref="-269" />
    <nd ref="-260" />
    <tag k="building" v="yes" />
  </way>
  <way id="-1000000057" visible="true">
    <nd ref="-270" />
    <nd ref="-271" />
    <nd ref="-272" />
    <nd ref="-273" />
    <nd ref="-270" />
    <tag k="building" v="yes" />
  </way>
  <way id="-1000000058" visible="true">
    <nd ref="-274" />
    <nd ref="-275" />
    <nd ref="-276" />
    <nd ref="-277" />
    <nd ref="-274" />
    <tag k="building" v="yes" />
  </way>
  <way id="-1000000059" visible="true">
    <nd ref="-278" />
    <nd ref="-279" />
    <nd ref="-280" />
    <nd ref="-281" />
    <nd ref="-278" />
    <tag k="building" v="yes" />
  </way>
  <way id="-1000000060" visible="true">
    <nd ref="-282" />
    <nd ref="-283" />
    <nd ref="-284" />
    <nd ref="-285" />
    <nd ref="-282" />
    <tag k="building" v="yes" />
  </way>
  <way id="-1000000061" visible="true">
    <nd ref="-286" />
    <nd ref="-287" />
    <nd ref="-288" />
    <nd ref="-289" />
    <nd ref="-286" />
    <tag k="building" v="apartments" />
  </way>
  <way id="-1000000062" visible="true">
    <nd ref="-290" />
    <nd ref="-291" />
    <nd ref="-292" />
    <nd ref="-293" />
    <nd ref="-290" />
    <tag k="building" v="yes" />
  </way>
  <way id="-1000000063" visible="true">
    <nd ref="-294" />
    <nd ref="-295" />
    <nd ref="-296" />
    <nd ref="-297" />
    <nd ref="-294" />
    <tag k="building" v="service" />
  </way>
  <way id="-1000000064" visible="true">
    <nd ref="-298" />
    <nd ref="-299" />
    <nd ref="-300" />
    <nd ref="-301" />
    <nd ref="-302" />
    <nd ref="-303" />
    <nd ref="-304" />
    <nd ref="-305" />
    <nd ref="-306" />
    <nd ref="-307" />
    <nd ref="-308" />
    <nd ref="-309" />
    <nd ref="-310" />
    <nd ref="-311" />
    <nd ref="-312" />
    <nd ref="-298" />
    <tag k="building" v="apartments" />
  </way>
  <way id="-1000000065" visible="true">
    <nd ref="-313" />
    <nd ref="-314" />
    <nd ref="-315" />
    <nd ref="-316" />
    <nd ref="-313" />
    <tag k="building" v="yes" />
  </way>
  <way id="-1000000066" visible="true">
    <nd ref="-317" />
    <nd ref="-318" />
    <nd ref="-319" />
    <nd ref="-320" />
    <nd ref="-317" />
    <tag k="building" v="yes" />
  </way>
  <way id="-1000000067" visible="true">
    <nd ref="-321" />
    <nd ref="-322" />
    <nd ref="-323" />
    <nd ref="-324" />
    <nd ref="-321" />
    <tag k="building" v="apartments" />
  </way>
  <way id="-1000000068" visible="true">
    <nd ref="-325" />
    <nd ref="-326" />
    <nd ref="-327" />
    <nd ref="-328" />
    <nd ref="-325" />
    <tag k="building" v="apartments" />
  </way>
  <way id="-1000000069" visible="true">
    <nd ref="-329" />
    <nd ref="-330" />
    <nd ref="-331" />
    <nd ref="-332" />
    <nd ref="-329" />
    <tag k="building" v="yes" />
  </way>
  <way id="-1000000070" visible="true">
    <nd ref="-333" />
    <nd ref="-334" />
    <nd ref="-335" />
    <nd ref="-336" />
    <nd ref="-333" />
    <tag k="building" v="yes" />
  </way>
  <way id="-1000000071" visible="true">
    <nd ref="-337" />
    <nd ref="-338" />
    <nd ref="-339" />
    <nd ref="-340" />
    <nd ref="-337" />
    <tag k="building" v="yes" />
  </way>
  <way id="-1000000072" visible="true">
    <nd ref="-341" />
    <nd ref="-342" />
    <nd ref="-343" />
    <nd ref="-344" />
    <nd ref="-341" />
    <tag k="building" v="apartments" />
  </way>
  <way id="-1000000073" visible="true">
    <nd ref="-345" />
    <nd ref="-346" />
    <nd ref="-347" />
    <nd ref="-348" />
    <nd ref="-345" />
    <tag k="building" v="yes" />
  </way>
  <way id="-1000000074" visible="true">
    <nd ref="-349" />
    <nd ref="-350" />
    <nd ref="-351" />
    <nd ref="-352" />
    <nd ref="-349" />
    <tag k="building" v="yes" />
  </way>
  <way id="-1000000075" visible="true">
    <nd ref="-353" />
    <nd ref="-354" />
    <nd ref="-355" />
    <nd ref="-356" />
    <nd ref="-353" />
    <tag k="building" v="yes" />
  </way>
  <way id="-1000000076" visible="true">
    <nd ref="-357" />
    <nd ref="-358" />
    <nd ref="-359" />
    <nd ref="-360" />
    <nd ref="-357" />
    <tag k="building" v="yes" />
  </way>
  <way id="-1000000077" visible="true">
    <nd ref="-361" />
    <nd ref="-362" />
    <nd ref="-363" />
    <nd ref="-364" />
    <nd ref="-361" />
    <tag k="addr:housenumber" v="5" />
    <tag k="addr:street" v="Maria-Ward-Straße" />
    <tag k="building" v="apartments" />
  </way>
  <way id="-1000000078" visible="true">
    <nd ref="-365" />
    <nd ref="-366" />
    <nd ref="-367" />
    <nd ref="-368" />
    <nd ref="-365" />
    <tag k="building" v="yes" />
  </way>
  <way id="-1000000079" visible="true">
    <nd ref="-369" />
    <nd ref="-370" />
    <nd ref="-371" />
    <nd ref="-372" />
    <nd ref="-369" />
    <tag k="addr:housenumber" v="49" />
    <tag k="addr:street" v="Rankestraße" />
    <tag k="building" v="apartments" />
  </way>
  <way id="-1000000080" visible="true">
    <nd ref="-373" />
    <nd ref="-374" />
    <nd ref="-375" />
    <nd ref="-376" />
    <nd ref="-373" />
    <tag k="building" v="garage" />
  </way>
  <way id="-1000000081" visible="true">
    <nd ref="-377" />
    <nd ref="-378" />
    <nd ref="-379" />
    <nd ref="-380" />
    <nd ref="-377" />
    <tag k="building" v="yes" />
  </way>
  <way id="-1000000082" visible="true">
    <nd ref="-381" />
    <nd ref="-382" />
    <nd ref="-383" />
    <nd ref="-384" />
    <nd ref="-381" />
    <tag k="building" v="yes" />
  </way>
  <way id="-1000000083" visible="true">
    <nd ref="-385" />
    <nd ref="-386" />
    <nd ref="-387" />
    <nd ref="-388" />
    <nd ref="-385" />
    <tag k="building" v="apartments" />
  </way>
  <way id="-1000000084" visible="true">
    <nd ref="-389" />
    <nd ref="-390" />
    <nd ref="-391" />
    <nd ref="-392" />
    <nd ref="-389" />
    <tag k="building" v="yes" />
  </way>
  <way id="-1000000085" visible="true">
    <nd ref="-393" />
    <nd ref="-394" />
    <nd ref="-395" />
    <nd ref="-396" />
    <nd ref="-393" />
    <tag k="building" v="yes" />
  </way>
  <way id="-1000000086" visible="true">
    <nd ref="-397" />
    <nd ref="-398" />
    <nd ref="-399" />
    <nd ref="-400" />
    <nd ref="-397" />
    <tag k="addr:housenumber" v="58" />
    <tag k="addr:street" v="Haunwöhrer Straße" />
    <tag k="building" v="apartments" />
  </way>
  <way id="-1000000087" visible="true">
    <nd ref="-401" />
    <nd ref="-402" />
    <nd ref="-403" />
    <nd ref="-404" />
    <nd ref="-401" />
    <tag k="building" v="garage" />
  </way>
  <way id="-1000000088" visible="true">
    <nd ref="-405" />
    <nd ref="-406" />
    <nd ref="-407" />
    <nd ref="-408" />
    <nd ref="-405" />
    <tag k="building" v="yes" />
  </way>
  <way id="-1000000089" visible="true">
    <nd ref="-409" />
    <nd ref="-410" />
    <nd ref="-411" />
    <nd ref="-412" />
    <nd ref="-409" />
    <tag k="addr:housenumber" v="5a" />
    <tag k="addr:street" v="Maria-Ward-Straße" />
    <tag k="building" v="apartments" />
  </way>
  <way id="-1000000090" visible="true">
    <nd ref="-413" />
    <nd ref="-414" />
    <nd ref="-415" />
    <nd ref="-416" />
    <nd ref="-413" />
    <tag k="building" v="yes" />
  </way>
  <way id="-1000000091" visible="true">
    <nd ref="-417" />
    <nd ref="-418" />
    <nd ref="-419" />
    <nd ref="-420" />
    <nd ref="-417" />
    <tag k="building" v="yes" />
  </way>
  <way id="-1000000092" visible="true">
    <nd ref="-421" />
    <nd ref="-422" />
    <nd ref="-423" />
    <nd ref="-424" />
    <nd ref="-421" />
    <tag k="building" v="apartments" />
  </way>
  <way id="-1000000093" visible="true">
    <nd ref="-425" />
    <nd ref="-426" />
    <nd ref="-427" />
    <nd ref="-428" />
    <nd ref="-425" />
    <tag k="addr:housenumber" v="43" />
    <tag k="addr:street" v="Rankestraße" />
    <tag k="building" v="apartments" />
  </way>
  <way id="-1000000094" visible="true">
    <nd ref="-429" />
    <nd ref="-430" />
    <nd ref="-431" />
    <nd ref="-432" />
    <nd ref="-429" />
    <tag k="building" v="yes" />
  </way>
  <way id="-1000000095" visible="true">
    <nd ref="-433" />
    <nd ref="-434" />
    <nd ref="-435" />
    <nd ref="-436" />
    <nd ref="-433" />
    <tag k="building" v="yes" />
  </way>
  <way id="-1000000096" visible="true">
    <nd ref="-437" />
    <nd ref="-438" />
    <nd ref="-439" />
    <nd ref="-440" />
    <nd ref="-437" />
    <tag k="building" v="yes" />
  </way>
  <way id="-1000000097" visible="true">
    <nd ref="-441" />
    <nd ref="-442" />
    <nd ref="-443" />
    <nd ref="-444" />
    <nd ref="-445" />
    <nd ref="-446" />
    <nd ref="-447" />
    <nd ref="-448" />
    <nd ref="-441" />
    <tag k="building" v="yes" />
  </way>
  <way id="-1000000098" visible="true">
    <nd ref="-449" />
    <nd ref="-450" />
    <nd ref="-451" />
    <nd ref="-452" />
    <nd ref="-453" />
    <nd ref="-454" />
    <nd ref="-455" />
    <nd ref="-456" />
    <nd ref="-449" />
    <tag k="building" v="yes" />
  </way>
  <way id="-1000000099" visible="true">
    <nd ref="-457" />
    <nd ref="-458" />
    <nd ref="-459" />
    <nd ref="-460" />
    <nd ref="-461" />
    <nd ref="-462" />
    <nd ref="-463" />
    <nd ref="-464" />
    <nd ref="-457" />
    <tag k="building" v="yes" />
  </way>
  <way id="-1000000100" visible="true">
    <nd ref="-465" />
    <nd ref="-466" />
    <nd ref="-467" />
    <nd ref="-468" />
    <nd ref="-469" />
    <nd ref="-470" />
    <nd ref="-471" />
    <nd ref="-472" />
    <nd ref="-473" />
    <nd ref="-474" />
    <nd ref="-475" />
    <nd ref="-476" />
    <nd ref="-477" />
    <nd ref="-478" />
    <nd ref="-465" />
    <tag k="addr:city" v="Ingolstadt" />
    <tag k="addr:housenumber" v="30" />
    <tag k="addr:postcode" v="85051" />
    <tag k="addr:street" v="Haunwöhrer Straße" />
    <tag k="amenity" v="fuel" />
    <tag k="building" v="yes" />
    <tag k="check_date:opening_hours" v="2026-06-01" />
    <tag k="compressed_air" v="yes" />
    <tag k="fuel:biodiesel" v="yes" />
    <tag k="fuel:diesel" v="yes" />
    <tag k="fuel:lpg" v="yes" />
    <tag k="fuel:octane_95" v="yes" />
    <tag k="fuel:octane_98" v="yes" />
    <tag k="name" v="Service Station Weigl" />
    <tag k="opening_hours" v="Mo-Fr 06:00-23:00; Sa 06:30-23:00; Su,PH 07:30-23:00" />
    <tag k="operator" v="Service Station Weigl GmbH" />
    <tag k="wheelchair" v="yes" />
  </way>
  <way id="-1000000101" visible="true">
    <nd ref="-479" />
    <nd ref="-480" />
    <nd ref="-481" />
    <nd ref="-482" />
    <nd ref="-479" />
    <tag k="building" v="yes" />
  </way>
  <way id="-1000000102" visible="true">
    <nd ref="-483" />
    <nd ref="-484" />
    <nd ref="-485" />
    <nd ref="-486" />
    <nd ref="-483" />
    <tag k="building" v="yes" />
  </way>
  <way id="-1000000103" visible="true">
    <nd ref="-487" />
    <nd ref="-488" />
    <nd ref="-489" />
    <nd ref="-490" />
    <nd ref="-487" />
    <tag k="building" v="yes" />
  </way>
  <way id="-1000000104" visible="true">
    <nd ref="-491" />
    <nd ref="-492" />
    <nd ref="-493" />
    <nd ref="-494" />
    <nd ref="-491" />
    <tag k="building" v="yes" />
  </way>
  <way id="-1000000105" visible="true">
    <nd ref="-495" />
    <nd ref="-496" />
    <nd ref="-497" />
    <nd ref="-498" />
    <nd ref="-495" />
    <tag k="building" v="yes" />
  </way>
  <way id="-1000000106" visible="true">
    <nd ref="-499" />
    <nd ref="-500" />
    <nd ref="-501" />
    <nd ref="-502" />
    <nd ref="-499" />
    <tag k="building" v="yes" />
  </way>
  <way id="-1000000107" visible="true">
    <nd ref="-503" />
    <nd ref="-504" />
    <nd ref="-505" />
    <nd ref="-506" />
    <nd ref="-503" />
    <tag k="building" v="yes" />
  </way>
  <way id="-1000000108" visible="true">
    <nd ref="-507" />
    <nd ref="-508" />
    <nd ref="-509" />
    <nd ref="-510" />
    <nd ref="-507" />
    <tag k="building" v="yes" />
  </way>
  <way id="-1000000109" visible="true">
    <nd ref="-511" />
    <nd ref="-512" />
    <nd ref="-513" />
    <nd ref="-514" />
    <nd ref="-515" />
    <nd ref="-516" />
    <nd ref="-517" />
    <nd ref="-518" />
    <nd ref="-511" />
    <tag k="building" v="detached" />
  </way>
  <way id="-1000000110" visible="true">
    <nd ref="-519" />
    <nd ref="-520" />
    <nd ref="-521" />
    <nd ref="-522" />
    <nd ref="-519" />
    <tag k="building" v="yes" />
  </way>
  <way id="-1000000111" visible="true">
    <nd ref="-523" />
    <nd ref="-524" />
    <nd ref="-525" />
    <nd ref="-526" />
    <nd ref="-523" />
    <tag k="building" v="yes" />
  </way>
  <way id="-1000000112" visible="true">
    <nd ref="-527" />
    <nd ref="-528" />
    <nd ref="-529" />
    <nd ref="-530" />
    <nd ref="-527" />
    <tag k="addr:city" v="Ingolstadt" />
    <tag k="addr:housenumber" v="16 Rg" />
    <tag k="addr:postcode" v="85051" />
    <tag k="addr:street" v="Haunwöhrer Straße" />
    <tag k="building" v="yes" />
    <tag k="name" v="Küche - gut und günstig" />
    <tag k="opening_hours" v="Sa 09:00-14:00" />
    <tag k="second_hand" v="yes" />
    <tag k="shop" v="kitchen" />
    <tag k="website" v="http://www.kueche-gut-und-guenstig.de" />
  </way>
  <way id="-1000000113" visible="true">
    <nd ref="-531" />
    <nd ref="-532" />
    <nd ref="-533" />
    <nd ref="-534" />
    <nd ref="-531" />
    <tag k="building" v="yes" />
  </way>
  <way id="-1000000114" visible="true">
    <nd ref="-535" />
    <nd ref="-536" />
    <nd ref="-537" />
    <nd ref="-538" />
    <nd ref="-539" />
    <nd ref="-535" />
    <tag k="building" v="yes" />
  </way>
  <way id="-1000000115" visible="true">
    <nd ref="-540" />
    <nd ref="-541" />
    <nd ref="-542" />
    <nd ref="-543" />
    <nd ref="-540" />
    <tag k="building" v="yes" />
  </way>
  <way id="-1000000116" visible="true">
    <nd ref="-544" />
    <nd ref="-545" />
    <nd ref="-546" />
    <nd ref="-547" />
    <nd ref="-544" />
    <tag k="building" v="yes" />
  </way>
  <way id="-1000000117" visible="true">
    <nd ref="-548" />
    <nd ref="-549" />
    <nd ref="-550" />
    <nd ref="-551" />
    <nd ref="-548" />
    <tag k="building" v="garage" />
  </way>
  <way id="-1000000118" visible="true">
    <nd ref="-552" />
    <nd ref="-553" />
    <nd ref="-554" />
    <nd ref="-555" />
    <nd ref="-552" />
    <tag k="building" v="yes" />
  </way>
  <way id="-1000000119" visible="true">
    <nd ref="-556" />
    <nd ref="-557" />
    <nd ref="-558" />
    <nd ref="-559" />
    <nd ref="-556" />
    <tag k="building" v="yes" />
  </way>
  <way id="-1000000120" visible="true">
    <nd ref="-560" />
    <nd ref="-561" />
    <nd ref="-562" />
    <nd ref="-563" />
    <nd ref="-560" />
    <tag k="building" v="yes" />
  </way>
  <way id="-1000000121" visible="true">
    <nd ref="-564" />
    <nd ref="-565" />
    <nd ref="-566" />
    <nd ref="-567" />
    <nd ref="-564" />
    <tag k="building" v="yes" />
  </way>
  <way id="-1000000122" visible="true">
    <nd ref="-568" />
    <nd ref="-569" />
    <nd ref="-570" />
    <nd ref="-571" />
    <nd ref="-568" />
    <tag k="building" v="yes" />
  </way>
  <way id="-1000000123" visible="true">
    <nd ref="-572" />
    <nd ref="-573" />
    <nd ref="-574" />
    <nd ref="-575" />
    <nd ref="-572" />
    <tag k="building" v="yes" />
  </way>
  <way id="-1000000124" visible="true">
    <nd ref="-576" />
    <nd ref="-577" />
    <nd ref="-578" />
    <nd ref="-579" />
    <nd ref="-576" />
    <tag k="building" v="yes" />
  </way>
  <way id="-1000000125" visible="true">
    <nd ref="-580" />
    <nd ref="-581" />
    <nd ref="-582" />
    <nd ref="-583" />
    <nd ref="-580" />
    <tag k="building" v="yes" />
  </way>
  <way id="-1000000126" visible="true">
    <nd ref="-584" />
    <nd ref="-585" />
    <nd ref="-586" />
    <nd ref="-587" />
    <nd ref="-584" />
    <tag k="building" v="yes" />
  </way>
  <way id="-1000000127" visible="true">
    <nd ref="-588" />
    <nd ref="-589" />
    <nd ref="-590" />
    <nd ref="-591" />
    <nd ref="-588" />
    <tag k="building" v="yes" />
  </way>
  <way id="-1000000128" visible="true">
    <nd ref="-592" />
    <nd ref="-593" />
    <nd ref="-594" />
    <nd ref="-595" />
    <nd ref="-592" />
    <tag k="building" v="yes" />
  </way>
  <way id="-1000000129" visible="true">
    <nd ref="-596" />
    <nd ref="-597" />
    <nd ref="-598" />
    <nd ref="-599" />
    <nd ref="-596" />
    <tag k="building" v="yes" />
  </way>
  <way id="-1000000130" visible="true">
    <nd ref="-600" />
    <nd ref="-601" />
    <nd ref="-602" />
    <nd ref="-603" />
    <nd ref="-600" />
    <tag k="building" v="yes" />
  </way>
  <way id="-1000000131" visible="true">
    <nd ref="-604" />
    <nd ref="-605" />
    <nd ref="-606" />
    <nd ref="-607" />
    <nd ref="-604" />
    <tag k="building" v="detached" />
  </way>
  <way id="-1000000132" visible="true">
    <nd ref="-608" />
    <nd ref="-609" />
    <nd ref="-610" />
    <nd ref="-611" />
    <nd ref="-608" />
    <tag k="building" v="yes" />
  </way>
  <way id="-1000000133" visible="true">
    <nd ref="-612" />
    <nd ref="-613" />
    <nd ref="-614" />
    <nd ref="-615" />
    <nd ref="-612" />
    <tag k="building" v="yes" />
  </way>
  <way id="-1000000134" visible="true">
    <nd ref="-616" />
    <nd ref="-617" />
    <nd ref="-618" />
    <nd ref="-619" />
    <nd ref="-616" />
    <tag k="building" v="yes" />
  </way>
  <way id="-1000000135" visible="true">
    <nd ref="-620" />
    <nd ref="-621" />
    <nd ref="-622" />
    <nd ref="-623" />
    <nd ref="-620" />
    <tag k="building" v="garage" />
  </way>
  <way id="-1000000136" visible="true">
    <nd ref="-624" />
    <nd ref="-625" />
    <nd ref="-626" />
    <nd ref="-627" />
    <nd ref="-624" />
    <tag k="building" v="yes" />
  </way>
  <way id="-1000000137" visible="true">
    <nd ref="-628" />
    <nd ref="-629" />
    <nd ref="-630" />
    <nd ref="-631" />
    <nd ref="-628" />
    <tag k="building" v="yes" />
  </way>
  <way id="-1000000138" visible="true">
    <nd ref="-632" />
    <nd ref="-633" />
    <nd ref="-634" />
    <nd ref="-635" />
    <nd ref="-636" />
    <nd ref="-637" />
    <nd ref="-632" />
    <tag k="addr:housenumber" v="29" />
    <tag k="addr:street" v="Rankestraße" />
    <tag k="building" v="detached" />
  </way>
  <way id="-1000000139" visible="true">
    <nd ref="-638" />
    <nd ref="-639" />
    <nd ref="-640" />
    <nd ref="-641" />
    <nd ref="-638" />
    <tag k="building" v="yes" />
  </way>
  <way id="-1000000140" visible="true">
    <nd ref="-642" />
    <nd ref="-643" />
    <nd ref="-644" />
    <nd ref="-645" />
    <nd ref="-642" />
    <tag k="building" v="detached" />
  </way>
  <way id="-1000000141" visible="true">
    <nd ref="-646" />
    <nd ref="-647" />
    <nd ref="-648" />
    <nd ref="-649" />
    <nd ref="-646" />
    <tag k="building" v="yes" />
  </way>
  <way id="-1000000142" visible="true">
    <nd ref="-650" />
    <nd ref="-651" />
    <nd ref="-652" />
    <nd ref="-653" />
    <nd ref="-650" />
    <tag k="building" v="yes" />
  </way>
  <way id="-1000000143" visible="true">
    <nd ref="-654" />
    <nd ref="-655" />
    <nd ref="-656" />
    <nd ref="-657" />
    <nd ref="-654" />
    <tag k="building" v="yes" />
  </way>
  <way id="-1000000144" visible="true">
    <nd ref="-658" />
    <nd ref="-659" />
    <nd ref="-660" />
    <nd ref="-661" />
    <nd ref="-658" />
    <tag k="building" v="yes" />
  </way>
  <way id="-1000000145" visible="true">
    <nd ref="-662" />
    <nd ref="-663" />
    <nd ref="-664" />
    <nd ref="-665" />
    <nd ref="-662" />
    <tag k="building" v="yes" />
  </way>
  <way id="-1000000146" visible="true">
    <nd ref="-666" />
    <nd ref="-667" />
    <nd ref="-668" />
    <nd ref="-669" />
    <nd ref="-666" />
    <tag k="building" v="yes" />
  </way>
  <way id="-1000000147" visible="true">
    <nd ref="-670" />
    <nd ref="-671" />
    <nd ref="-672" />
    <nd ref="-673" />
    <nd ref="-670" />
    <tag k="building" v="yes" />
  </way>
  <way id="-1000000148" visible="true">
    <nd ref="-674" />
    <nd ref="-675" />
    <nd ref="-676" />
    <nd ref="-677" />
    <nd ref="-674" />
    <tag k="building" v="yes" />
  </way>
  <way id="-1000000149" visible="true">
    <nd ref="-678" />
    <nd ref="-679" />
    <nd ref="-680" />
    <nd ref="-681" />
    <nd ref="-678" />
    <tag k="building" v="garage" />
  </way>
  <way id="-1000000150" visible="true">
    <nd ref="-682" />
    <nd ref="-683" />
    <nd ref="-684" />
    <nd ref="-685" />
    <nd ref="-682" />
    <tag k="building" v="yes" />
  </way>
  <way id="-1000000151" visible="true">
    <nd ref="-686" />
    <nd ref="-687" />
    <nd ref="-688" />
    <nd ref="-689" />
    <nd ref="-686" />
    <tag k="addr:housenumber" v="33" />
    <tag k="addr:street" v="Rankestraße" />
    <tag k="building" v="detached" />
  </way>
  <way id="-1000000152" visible="true">
    <nd ref="-690" />
    <nd ref="-691" />
    <nd ref="-692" />
    <nd ref="-693" />
    <nd ref="-690" />
    <tag k="building" v="yes" />
  </way>
  <way id="-1000000153" visible="true">
    <nd ref="-694" />
    <nd ref="-695" />
    <nd ref="-696" />
    <nd ref="-697" />
    <nd ref="-694" />
    <tag k="addr:housenumber" v="10" />
    <tag k="addr:street" v="Rotmarstraße" />
    <tag k="building" v="detached" />
  </way>
  <way id="-1000000154" visible="true">
    <nd ref="-698" />
    <nd ref="-699" />
    <nd ref="-700" />
    <nd ref="-701" />
    <nd ref="-698" />
    <tag k="building" v="yes" />
  </way>
  <way id="-1000000155" visible="true">
    <nd ref="-702" />
    <nd ref="-703" />
    <nd ref="-704" />
    <nd ref="-705" />
    <nd ref="-706" />
    <nd ref="-707" />
    <nd ref="-702" />
    <tag k="building" v="industrial" />
  </way>
  <way id="-1000000156" visible="true">
    <nd ref="-708" />
    <nd ref="-709" />
    <nd ref="-710" />
    <nd ref="-711" />
    <nd ref="-712" />
    <nd ref="-713" />
    <nd ref="-714" />
    <nd ref="-715" />
    <nd ref="-708" />
    <tag k="building" v="yes" />
    <tag k="disused:shop" v="variety_store" />
  </way>
  <way id="-1000000157" visible="true">
    <nd ref="-716" />
    <nd ref="-717" />
    <nd ref="-718" />
    <nd ref="-719" />
    <nd ref="-720" />
    <nd ref="-721" />
    <nd ref="-722" />
    <nd ref="-723" />
    <nd ref="-716" />
    <tag k="building" v="detached" />
  </way>
  <way id="-1000000158" visible="true">
    <nd ref="-724" />
    <nd ref="-725" />
    <nd ref="-726" />
    <nd ref="-727" />
    <nd ref="-724" />
    <tag k="building" v="yes" />
  </way>
  <way id="-1000000159" visible="true">
    <nd ref="-728" />
    <nd ref="-729" />
    <nd ref="-730" />
    <nd ref="-731" />
    <nd ref="-728" />
    <tag k="building" v="yes" />
  </way>
  <way id="-1000000160" visible="true">
    <nd ref="-732" />
    <nd ref="-733" />
    <nd ref="-734" />
    <nd ref="-735" />
    <nd ref="-732" />
    <tag k="building" v="yes" />
  </way>
  <way id="-1000000161" visible="true">
    <nd ref="-736" />
    <nd ref="-737" />
    <nd ref="-738" />
    <nd ref="-739" />
    <nd ref="-736" />
    <tag k="building" v="yes" />
  </way>
  <way id="-1000000162" visible="true">
    <nd ref="-740" />
    <nd ref="-741" />
    <nd ref="-742" />
    <nd ref="-743" />
    <nd ref="-297" />
    <nd ref="-744" />
    <nd ref="-740" />
    <tag k="building" v="yes" />
  </way>
  <way id="-1000000163" visible="true">
    <nd ref="-745" />
    <nd ref="-746" />
    <nd ref="-747" />
    <nd ref="-748" />
    <nd ref="-745" />
    <tag k="building" v="yes" />
  </way>
  <way id="-1000000164" visible="true">
    <nd ref="-749" />
    <nd ref="-750" />
    <nd ref="-751" />
    <nd ref="-752" />
    <nd ref="-753" />
    <nd ref="-749" />
    <tag k="building" v="garages" />
  </way>
  <way id="-1000000165" visible="true">
    <nd ref="-754" />
    <nd ref="-755" />
    <nd ref="-756" />
    <nd ref="-757" />
    <nd ref="-754" />
    <tag k="building" v="garage" />
  </way>
  <way id="-1000000166" visible="true">
    <nd ref="-758" />
    <nd ref="-759" />
    <nd ref="-760" />
    <nd ref="-761" />
    <nd ref="-758" />
    <tag k="building" v="yes" />
  </way>
  <way id="-1000000167" visible="true">
    <nd ref="-762" />
    <nd ref="-763" />
    <nd ref="-764" />
    <nd ref="-765" />
    <nd ref="-762" />
    <tag k="building" v="yes" />
  </way>
  <way id="-1000000168" visible="true">
    <nd ref="-766" />
    <nd ref="-767" />
    <nd ref="-768" />
    <nd ref="-769" />
    <nd ref="-766" />
    <tag k="building" v="garage" />
  </way>
  <way id="-1000000169" visible="true">
    <nd ref="-770" />
    <nd ref="-771" />
    <nd ref="-772" />
    <nd ref="-773" />
    <nd ref="-770" />
    <tag k="building" v="yes" />
  </way>
  <way id="-1000000170" visible="true">
    <nd ref="-774" />
    <nd ref="-775" />
    <nd ref="-776" />
    <nd ref="-777" />
    <nd ref="-774" />
    <tag k="building" v="yes" />
  </way>
  <way id="-1000000171" visible="true">
    <nd ref="-778" />
    <nd ref="-779" />
    <nd ref="-780" />
    <nd ref="-781" />
    <nd ref="-778" />
    <tag k="addr:housenumber" v="41" />
    <tag k="addr:street" v="Rankestraße" />
    <tag k="building" v="apartments" />
  </way>
  <way id="-1000000172" visible="true">
    <nd ref="-782" />
    <nd ref="-783" />
    <nd ref="-784" />
    <nd ref="-785" />
    <nd ref="-782" />
    <tag k="building" v="garage" />
  </way>
  <way id="-1000000173" visible="true">
    <nd ref="-786" />
    <nd ref="-787" />
    <nd ref="-788" />
    <nd ref="-789" />
    <nd ref="-786" />
    <tag k="building" v="yes" />
  </way>
  <way id="-1000000174" visible="true">
    <nd ref="-790" />
    <nd ref="-791" />
    <nd ref="-792" />
    <nd ref="-793" />
    <nd ref="-790" />
    <tag k="building" v="yes" />
  </way>
  <way id="-1000000175" visible="true">
    <nd ref="-794" />
    <nd ref="-795" />
    <nd ref="-796" />
    <nd ref="-797" />
    <nd ref="-794" />
    <tag k="building" v="garage" />
  </way>
  <way id="-1000000176" visible="true">
    <nd ref="-798" />
    <nd ref="-799" />
    <nd ref="-800" />
    <nd ref="-801" />
    <nd ref="-798" />
    <tag k="building" v="garage" />
  </way>
  <way id="-1000000177" visible="true">
    <nd ref="-802" />
    <nd ref="-803" />
    <nd ref="-804" />
    <nd ref="-805" />
    <nd ref="-802" />
    <tag k="building" v="garage" />
  </way>
  <way id="-1000000178" visible="true">
    <nd ref="-806" />
    <nd ref="-807" />
    <nd ref="-808" />
    <nd ref="-809" />
    <nd ref="-806" />
    <tag k="building" v="garage" />
  </way>
  <way id="-1000000179" visible="true">
    <nd ref="-810" />
    <nd ref="-811" />
    <nd ref="-812" />
    <nd ref="-813" />
    <nd ref="-810" />
    <tag k="building" v="garage" />
  </way>
  <way id="-1000000180" visible="true">
    <nd ref="-814" />
    <nd ref="-815" />
    <nd ref="-816" />
    <nd ref="-817" />
    <nd ref="-814" />
    <tag k="building" v="garage" />
  </way>
  <way id="-1000000181" visible="true">
    <nd ref="-818" />
    <nd ref="-819" />
    <nd ref="-820" />
    <nd ref="-821" />
    <nd ref="-818" />
    <tag k="building" v="garage" />
  </way>
  <way id="-1000000182" visible="true">
    <nd ref="-822" />
    <nd ref="-823" />
    <nd ref="-824" />
    <nd ref="-825" />
    <nd ref="-822" />
    <tag k="building" v="garage" />
  </way>
  <way id="-1000000183" visible="true">
    <nd ref="-826" />
    <nd ref="-827" />
    <nd ref="-828" />
    <nd ref="-829" />
    <nd ref="-826" />
    <tag k="building" v="garage" />
  </way>
  <way id="-1000000184" visible="true">
    <nd ref="-830" />
    <nd ref="-831" />
    <nd ref="-832" />
    <nd ref="-833" />
    <nd ref="-830" />
    <tag k="building" v="yes" />
  </way>
  <way id="-1000000185" visible="true">
    <nd ref="-834" />
    <nd ref="-835" />
    <nd ref="-836" />
    <nd ref="-837" />
    <nd ref="-838" />
    <nd ref="-839" />
    <nd ref="-834" />
    <tag k="building" v="garage" />
  </way>
  <way id="-1000000186" visible="true">
    <nd ref="-840" />
    <nd ref="-841" />
    <nd ref="-842" />
    <nd ref="-843" />
    <nd ref="-840" />
    <tag k="building" v="yes" />
  </way>
  <way id="-1000000187" visible="true">
    <nd ref="-844" />
    <nd ref="-845" />
    <nd ref="-846" />
    <nd ref="-847" />
    <nd ref="-844" />
    <tag k="building" v="yes" />
  </way>
  <way id="-1000000188" visible="true">
    <nd ref="-848" />
    <nd ref="-849" />
    <nd ref="-850" />
    <nd ref="-851" />
    <nd ref="-848" />
    <tag k="building" v="garage" />
  </way>
  <way id="-1000000189" visible="true">
    <nd ref="-852" />
    <nd ref="-853" />
    <nd ref="-854" />
    <nd ref="-855" />
    <nd ref="-852" />
    <tag k="building" v="garage" />
  </way>
  <way id="-1000000190" visible="true">
    <nd ref="-856" />
    <nd ref="-857" />
    <nd ref="-858" />
    <nd ref="-859" />
    <nd ref="-856" />
    <tag k="building" v="yes" />
  </way>
  <way id="-1000000191" visible="true">
    <nd ref="-860" />
    <nd ref="-861" />
    <nd ref="-862" />
    <nd ref="-863" />
    <nd ref="-860" />
    <tag k="building" v="detached" />
  </way>
  <way id="-1000000192" visible="true">
    <nd ref="-864" />
    <nd ref="-865" />
    <nd ref="-866" />
    <nd ref="-867" />
    <nd ref="-864" />
    <tag k="building" v="yes" />
  </way>
  <way id="-1000000193" visible="true">
    <nd ref="-868" />
    <nd ref="-869" />
    <nd ref="-870" />
    <nd ref="-871" />
    <nd ref="-868" />
    <tag k="building" v="garage" />
  </way>
  <way id="-1000000194" visible="true">
    <nd ref="-872" />
    <nd ref="-873" />
    <nd ref="-874" />
    <nd ref="-875" />
    <nd ref="-876" />
    <nd ref="-877" />
    <nd ref="-878" />
    <nd ref="-879" />
    <nd ref="-872" />
    <tag k="building" v="yes" />
  </way>
  <way id="-1000000195" visible="true">
    <nd ref="-477" />
    <nd ref="-880" />
    <nd ref="-881" />
    <nd ref="-882" />
    <nd ref="-883" />
    <nd ref="-884" />
    <nd ref="-475" />
    <nd ref="-476" />
    <nd ref="-477" />
    <tag k="building" v="roof" />
    <tag k="covered" v="yes" />
    <tag k="layer" v="1" />
  </way>
  <way id="-1000000196" visible="true">
    <nd ref="-885" />
    <nd ref="-886" />
    <nd ref="-887" />
    <nd ref="-888" />
    <nd ref="-885" />
    <tag k="building" v="garage" />
  </way>
  <way id="-1000000197" visible="true">
    <nd ref="-889" />
    <nd ref="-890" />
    <nd ref="-891" />
    <nd ref="-892" />
    <nd ref="-893" />
    <nd ref="-894" />
    <nd ref="-895" />
    <nd ref="-896" />
    <nd ref="-889" />
    <tag k="building" v="yes" />
  </way>
  <way id="-1000000198" visible="true">
    <nd ref="-897" />
    <nd ref="-898" />
    <nd ref="-899" />
    <nd ref="-900" />
    <nd ref="-897" />
    <tag k="building" v="garages" />
  </way>
  <way id="-1000000199" visible="true">
    <nd ref="-901" />
    <nd ref="-902" />
    <nd ref="-903" />
    <nd ref="-904" />
    <nd ref="-901" />
    <tag k="building" v="yes" />
  </way>
  <way id="-1000000200" visible="true">
    <nd ref="-905" />
    <nd ref="-906" />
    <nd ref="-907" />
    <nd ref="-908" />
    <nd ref="-905" />
    <tag k="building" v="yes" />
  </way>
  <way id="-1000000201" visible="true">
    <nd ref="-909" />
    <nd ref="-910" />
    <nd ref="-911" />
    <nd ref="-912" />
    <nd ref="-909" />
    <tag k="building" v="garage" />
  </way>
  <way id="-1000000202" visible="true">
    <nd ref="-913" />
    <nd ref="-914" />
    <nd ref="-915" />
    <nd ref="-916" />
    <nd ref="-913" />
    <tag k="building" v="garage" />
  </way>
  <way id="-1000000203" visible="true">
    <nd ref="-917" />
    <nd ref="-918" />
    <nd ref="-919" />
    <nd ref="-920" />
    <nd ref="-917" />
    <tag k="building" v="garage" />
  </way>
  <way id="-1000000204" visible="true">
    <nd ref="-921" />
    <nd ref="-922" />
    <nd ref="-923" />
    <nd ref="-924" />
    <nd ref="-921" />
    <tag k="building" v="yes" />
  </way>
  <way id="-1000000205" visible="true">
    <nd ref="-925" />
    <nd ref="-926" />
    <nd ref="-927" />
    <nd ref="-928" />
    <nd ref="-925" />
    <tag k="building" v="garage" />
  </way>
  <way id="-1000000206" visible="true">
    <nd ref="-929" />
    <nd ref="-930" />
    <nd ref="-931" />
    <nd ref="-932" />
    <nd ref="-929" />
    <tag k="building" v="yes" />
  </way>
  <way id="-1000000207" visible="true">
    <nd ref="-933" />
    <nd ref="-934" />
    <nd ref="-935" />
    <nd ref="-936" />
    <nd ref="-933" />
    <tag k="building" v="garage" />
  </way>
  <way id="-1000000208" visible="true">
    <nd ref="-937" />
    <nd ref="-938" />
    <nd ref="-939" />
    <nd ref="-940" />
    <nd ref="-941" />
    <nd ref="-937" />
    <tag k="building" v="garage" />
  </way>
  <way id="-1000000209" visible="true">
    <nd ref="-942" />
    <nd ref="-943" />
    <nd ref="-944" />
    <nd ref="-945" />
    <nd ref="-942" />
    <tag k="building" v="garage" />
  </way>
  <way id="-1000000210" visible="true">
    <nd ref="-946" />
    <nd ref="-947" />
    <nd ref="-948" />
    <nd ref="-949" />
    <nd ref="-946" />
    <tag k="building" v="garage" />
  </way>
  <way id="-1000000211" visible="true">
    <nd ref="-950" />
    <nd ref="-951" />
    <nd ref="-952" />
    <nd ref="-953" />
    <nd ref="-950" />
    <tag k="building" v="garage" />
  </way>
  <way id="-1000000212" visible="true">
    <nd ref="-954" />
    <nd ref="-955" />
    <nd ref="-956" />
    <nd ref="-957" />
    <nd ref="-954" />
    <tag k="building" v="yes" />
  </way>
  <way id="-1000000213" visible="true">
    <nd ref="-958" />
    <nd ref="-959" />
    <nd ref="-960" />
    <nd ref="-961" />
    <nd ref="-958" />
    <tag k="building" v="yes" />
  </way>
  <way id="-1000000214" visible="true">
    <nd ref="-962" />
    <nd ref="-963" />
    <nd ref="-964" />
    <nd ref="-965" />
    <nd ref="-962" />
    <tag k="building" v="yes" />
  </way>
  <way id="-1000000215" visible="true">
    <nd ref="-966" />
    <nd ref="-967" />
    <nd ref="-968" />
    <nd ref="-969" />
    <nd ref="-966" />
    <tag k="building" v="garage" />
  </way>
  <way id="-1000000216" visible="true">
    <nd ref="-970" />
    <nd ref="-971" />
    <nd ref="-972" />
    <nd ref="-973" />
    <nd ref="-970" />
    <tag k="building" v="yes" />
  </way>
  <way id="-1000000217" visible="true">
    <nd ref="-974" />
    <nd ref="-975" />
    <nd ref="-976" />
    <nd ref="-977" />
    <nd ref="-974" />
    <tag k="building" v="shed" />
  </way>
  <way id="-1000000218" visible="true">
    <nd ref="-978" />
    <nd ref="-979" />
    <nd ref="-980" />
    <nd ref="-399" />
    <nd ref="-978" />
    <tag k="building" v="garage" />
  </way>
  <way id="-1000000219" visible="true">
    <nd ref="-981" />
    <nd ref="-982" />
    <nd ref="-983" />
    <nd ref="-984" />
    <nd ref="-981" />
    <tag k="building" v="garage" />
  </way>
  <way id="-1000000220" visible="true">
    <nd ref="-985" />
    <nd ref="-986" />
    <nd ref="-987" />
    <nd ref="-988" />
    <nd ref="-985" />
    <tag k="building" v="yes" />
  </way>
  <way id="-1000000221" visible="true">
    <nd ref="-989" />
    <nd ref="-752" />
    <nd ref="-751" />
    <nd ref="-990" />
    <nd ref="-991" />
    <nd ref="-989" />
    <tag k="building" v="garage" />
  </way>
  <way id="-1000000222" visible="true">
    <nd ref="-992" />
    <nd ref="-993" />
    <nd ref="-994" />
    <nd ref="-995" />
    <nd ref="-992" />
    <tag k="building" v="yes" />
  </way>
  <way id="-1000000223" visible="true">
    <nd ref="-996" />
    <nd ref="-997" />
    <nd ref="-998" />
    <nd ref="-999" />
    <nd ref="-996" />
    <tag k="building" v="garage" />
  </way>
  <way id="-1000000224" visible="true">
    <nd ref="-1000" />
    <nd ref="-1001" />
    <nd ref="-1002" />
    <nd ref="-1003" />
    <nd ref="-1000" />
    <tag k="building" v="yes" />
  </way>
  <way id="-1000000225" visible="true">
    <nd ref="-1004" />
    <nd ref="-1005" />
    <nd ref="-1006" />
    <nd ref="-1007" />
    <nd ref="-1004" />
    <tag k="building" v="garage" />
  </way>
  <way id="-1000000226" visible="true">
    <nd ref="-1008" />
    <nd ref="-1009" />
    <nd ref="-1010" />
    <nd ref="-1011" />
    <nd ref="-1008" />
    <tag k="building" v="garage" />
  </way>
  <way id="-1000000227" visible="true">
    <nd ref="-1012" />
    <nd ref="-1013" />
    <nd ref="-1014" />
    <nd ref="-1015" />
    <nd ref="-1012" />
    <tag k="building" v="shed" />
  </way>
  <way id="-1000000228" visible="true">
    <nd ref="-1016" />
    <nd ref="-1017" />
    <nd ref="-1018" />
    <nd ref="-1019" />
    <nd ref="-1016" />
    <tag k="building" v="garage" />
  </way>
  <way id="-1000000229" visible="true">
    <nd ref="-1020" />
    <nd ref="-1021" />
    <nd ref="-1022" />
    <nd ref="-1023" />
    <nd ref="-1020" />
    <tag k="building" v="garage" />
  </way>
  <way id="-1000000230" visible="true">
    <nd ref="-1024" />
    <nd ref="-1025" />
    <nd ref="-1026" />
    <nd ref="-1027" />
    <nd ref="-1024" />
    <tag k="building" v="yes" />
  </way>
  <way id="-1000000231" visible="true">
    <nd ref="-1028" />
    <nd ref="-1029" />
    <nd ref="-1030" />
    <nd ref="-1031" />
    <nd ref="-1028" />
    <tag k="building" v="garage" />
  </way>
  <way id="-1000000232" visible="true">
    <nd ref="-1032" />
    <nd ref="-1033" />
    <nd ref="-1034" />
    <nd ref="-1035" />
    <nd ref="-1032" />
    <tag k="building" v="garage" />
  </way>
  <way id="-1000000233" visible="true">
    <nd ref="-1036" />
    <nd ref="-1037" />
    <nd ref="-1038" />
    <nd ref="-1039" />
    <nd ref="-1036" />
    <tag k="building" v="garage" />
  </way>
  <way id="-1000000234" visible="true">
    <nd ref="-1040" />
    <nd ref="-1041" />
    <nd ref="-1042" />
    <nd ref="-1043" />
    <nd ref="-1040" />
    <tag k="building" v="garage" />
  </way>
  <way id="-1000000235" visible="true">
    <nd ref="-1044" />
    <nd ref="-1045" />
    <nd ref="-1046" />
    <nd ref="-1047" />
    <nd ref="-1044" />
    <tag k="building" v="yes" />
  </way>
  <way id="-1000000236" visible="true">
    <nd ref="-1048" />
    <nd ref="-1049" />
    <nd ref="-1050" />
    <nd ref="-1051" />
    <nd ref="-1048" />
    <tag k="building" v="garage" />
  </way>
  <way id="-1000000237" visible="true">
    <nd ref="-1052" />
    <nd ref="-1053" />
    <nd ref="-1054" />
    <nd ref="-1055" />
    <nd ref="-1052" />
    <tag k="building" v="garage" />
  </way>
  <way id="-1000000238" visible="true">
    <nd ref="-1056" />
    <nd ref="-1057" />
    <nd ref="-1058" />
    <nd ref="-1059" />
    <nd ref="-1056" />
    <tag k="building" v="garage" />
  </way>
  <way id="-1000000239" visible="true">
    <nd ref="-1060" />
    <nd ref="-1061" />
    <nd ref="-1062" />
    <nd ref="-1063" />
    <nd ref="-1060" />
    <tag k="building" v="yes" />
  </way>
  <way id="-1000000240" visible="true">
    <nd ref="-1064" />
    <nd ref="-1065" />
    <nd ref="-1066" />
    <nd ref="-1067" />
    <nd ref="-1064" />
    <tag k="building" v="garage" />
  </way>
  <way id="-1000000241" visible="true">
    <nd ref="-1068" />
    <nd ref="-1069" />
    <nd ref="-1070" />
    <nd ref="-1071" />
    <nd ref="-1068" />
    <tag k="building" v="garage" />
  </way>
  <way id="-1000000242" visible="true">
    <nd ref="-1072" />
    <nd ref="-1073" />
    <nd ref="-1074" />
    <nd ref="-1075" />
    <nd ref="-1072" />
    <tag k="building" v="garage" />
  </way>
  <way id="-1000000243" visible="true">
    <nd ref="-1076" />
    <nd ref="-1077" />
    <nd ref="-1078" />
    <nd ref="-1079" />
    <nd ref="-1080" />
    <nd ref="-1081" />
    <nd ref="-1082" />
    <nd ref="-1083" />
    <nd ref="-1076" />
    <tag k="building" v="yes" />
  </way>
  <way id="-1000000244" visible="true">
    <nd ref="-1084" />
    <nd ref="-1085" />
    <nd ref="-1086" />
    <nd ref="-1087" />
    <nd ref="-1084" />
    <tag k="building" v="garage" />
  </way>
  <way id="-1000000245" visible="true">
    <nd ref="-1088" />
    <nd ref="-1089" />
    <nd ref="-1090" />
    <nd ref="-1091" />
    <nd ref="-1088" />
    <tag k="building" v="garage" />
  </way>
  <way id="-1000000246" visible="true">
    <nd ref="-1092" />
    <nd ref="-1093" />
    <nd ref="-1094" />
    <nd ref="-1095" />
    <nd ref="-1092" />
    <tag k="building" v="garage" />
  </way>
  <way id="-1000000247" visible="true">
    <nd ref="-1096" />
    <nd ref="-1097" />
    <nd ref="-1098" />
    <nd ref="-1099" />
    <nd ref="-1096" />
    <tag k="building" v="garage" />
  </way>
  <way id="-1000000248" visible="true">
    <nd ref="-1100" />
    <nd ref="-1101" />
    <nd ref="-1102" />
    <nd ref="-1103" />
    <nd ref="-1100" />
    <tag k="building" v="industrial" />
  </way>
  <way id="-1000000249" visible="true">
    <nd ref="-1104" />
    <nd ref="-1105" />
    <nd ref="-1106" />
    <nd ref="-1107" />
    <nd ref="-1104" />
    <tag k="addr:housenumber" v="3" />
    <tag k="addr:street" v="Rotmarstraße" />
    <tag k="building" v="detached" />
  </way>
  <way id="-1000000250" visible="true">
    <nd ref="-1108" />
    <nd ref="-1109" />
    <nd ref="-1110" />
    <nd ref="-1111" />
    <nd ref="-1112" />
    <nd ref="-1113" />
    <nd ref="-1114" />
    <nd ref="-1115" />
    <nd ref="-1108" />
    <tag k="building" v="yes" />
  </way>
  <way id="-1000000251" visible="true">
    <nd ref="-1116" />
    <nd ref="-1117" />
    <nd ref="-1118" />
    <nd ref="-1119" />
    <nd ref="-1116" />
    <tag k="building" v="garage" />
  </way>
  <way id="-1000000252" visible="true">
    <nd ref="-1120" />
    <nd ref="-1121" />
    <nd ref="-1122" />
    <nd ref="-1123" />
    <nd ref="-1120" />
    <tag k="addr:city" v="Ingolstadt" />
    <tag k="addr:housenumber" v="65" />
    <tag k="addr:postcode" v="85051" />
    <tag k="addr:street" v="Auenstraße" />
    <tag k="building" v="house" />
  </way>
  <way id="-1000000253" visible="true">
    <nd ref="-1124" />
    <nd ref="-1125" />
    <nd ref="-1126" />
    <nd ref="-1127" />
    <nd ref="-1124" />
    <tag k="addr:city" v="Ingolstadt" />
    <tag k="addr:housenumber" v="65a" />
    <tag k="addr:postcode" v="85051" />
    <tag k="addr:street" v="Auenstraße" />
    <tag k="building" v="yes" />
  </way>
  <way id="-1000000254" visible="true">
    <nd ref="-1128" />
    <nd ref="-1129" />
    <nd ref="-1130" />
    <nd ref="-1131" />
    <nd ref="-1128" />
    <tag k="addr:city" v="Ingolstadt" />
    <tag k="addr:housenumber" v="65b" />
    <tag k="addr:postcode" v="85051" />
    <tag k="addr:street" v="Auenstraße" />
    <tag k="building" v="yes" />
  </way>
  <way id="-1000000255" visible="true">
    <nd ref="-1132" />
    <nd ref="-1133" />
    <nd ref="-1134" />
    <nd ref="-1135" />
    <nd ref="-1132" />
    <tag k="addr:city" v="Ingolstadt" />
    <tag k="addr:housenumber" v="65d" />
    <tag k="addr:postcode" v="85051" />
    <tag k="addr:street" v="Auenstraße" />
    <tag k="building" v="yes" />
  </way>
  <way id="-1000000256" visible="true">
    <nd ref="-1136" />
    <nd ref="-1137" />
    <nd ref="-1138" />
    <nd ref="-1139" />
    <nd ref="-1136" />
    <tag k="building" v="yes" />
    <tag k="name" v="Altes Messpegelhaus" />
    <tag k="source" v="geoportal.bayern.de" />
  </way>
  <way id="-1000000257" visible="true">
    <nd ref="-113" />
    <nd ref="-1140" />
    <nd ref="-1141" />
    <nd ref="-114" />
    <nd ref="-113" />
    <tag k="building" v="yes" />
    <tag k="opening_hours" v="Mo-Fr 08:00-16:00; Sa 09:00-16:00; Su,PH off" />
    <tag k="shop" v="locksmith" />
  </way>
  <way id="-1000000258" visible="true">
    <nd ref="-1142" />
    <nd ref="-1143" />
    <nd ref="-1144" />
    <nd ref="-1145" />
    <nd ref="-1142" />
    <tag k="building" v="yes" />
  </way>
  <way id="-1000000259" visible="true">
    <nd ref="-1146" />
    <nd ref="-1147" />
    <nd ref="-1148" />
    <nd ref="-1149" />
    <nd ref="-1146" />
    <tag k="building" v="yes" />
  </way>
  <way id="-1000000260" visible="true">
    <nd ref="-1150" />
    <nd ref="-1151" />
    <nd ref="-1152" />
    <nd ref="-1153" />
    <nd ref="-1154" />
    <nd ref="-1155" />
    <nd ref="-1156" />
    <nd ref="-1150" />
    <tag k="addr:city" v="Ingolstadt" />
    <tag k="addr:housenumber" v="21" />
    <tag k="addr:postcode" v="85051" />
    <tag k="addr:street" v="Haunwöhrer Straße" />
    <tag k="building" v="yes" />
  </way>
  <way id="-1000000261" visible="true">
    <nd ref="-1157" />
    <nd ref="-1158" />
    <nd ref="-1159" />
    <nd ref="-1160" />
    <nd ref="-1157" />
    <tag k="addr:housenumber" v="5" />
    <tag k="addr:street" v="Rotmarstraße" />
    <tag k="building" v="detached" />
  </way>
  <way id="-1000000262" visible="true">
    <nd ref="-1161" />
    <nd ref="-1162" />
    <nd ref="-1163" />
    <nd ref="-1164" />
    <nd ref="-1161" />
    <tag k="building" v="yes" />
  </way>
</osm>