<?xml version='1.0' encoding='utf-8'?>
<osm version="0.6" generator="tile_fbx_generator.py">
  <node id="-1" lat="48.7694424" lon="11.4588962" visible="true" />
  <node id="-2" lat="48.7694526" lon="11.4590984" visible="true" />
  <node id="-3" lat="48.7698372" lon="11.4590538" visible="true" />
  <node id="-4" lat="48.7698270" lon="11.4588516" visible="true" />
  <node id="-5" lat="48.7699226" lon="11.4586301" visible="true" />
  <node id="-6" lat="48.7699335" lon="11.4588829" visible="true" />
  <node id="-7" lat="48.7704031" lon="11.4588446" visible="true" />
  <node id="-8" lat="48.7703922" lon="11.4585918" visible="true" />
  <node id="-9" lat="48.7714511" lon="11.4543806" visible="true" />
  <node id="-10" lat="48.7714613" lon="11.4548082" visible="true" />
  <node id="-11" lat="48.7719562" lon="11.4547810" visible="true" />
  <node id="-12" lat="48.7719429" lon="11.4542252" visible="true" />
  <node id="-13" lat="48.7719256" lon="11.4542261" visible="true" />
  <node id="-14" lat="48.7717138" lon="11.4542377" visible="true" />
  <node id="-15" lat="48.7717169" lon="11.4543660" visible="true" />
  <node id="-16" lat="48.7750236" lon="11.4577997" visible="true" />
  <node id="-17" lat="48.7750102" lon="11.4577704" visible="true" />
  <node id="-18" lat="48.7746444" lon="11.4576151" visible="true" />
  <node id="-19" lat="48.7746608" lon="11.4575262" visible="true" />
  <node id="-20" lat="48.7754312" lon="11.4578532" visible="true" />
  <node id="-21" lat="48.7754060" lon="11.4579900" visible="true" />
  <node id="-22" lat="48.7751617" lon="11.4578863" visible="true" />
  <node id="-23" lat="48.7751097" lon="11.4581685" visible="true" />
  <node id="-24" lat="48.7751335" lon="11.4581786" visible="true" />
  <node id="-25" lat="48.7751573" lon="11.4583211" visible="true" />
  <node id="-26" lat="48.7751112" lon="11.4583742" visible="true" />
  <node id="-27" lat="48.7750787" lon="11.4584373" visible="true" />
  <node id="-28" lat="48.7750684" lon="11.4585086" visible="true" />
  <node id="-29" lat="48.7753715" lon="11.4584046" visible="true" />
  <node id="-30" lat="48.7753880" lon="11.4583076" visible="true" />
  <node id="-31" lat="48.7754878" lon="11.4583466" visible="true" />
  <node id="-32" lat="48.7755073" lon="11.4582317" visible="true" />
  <node id="-33" lat="48.7755495" lon="11.4582482" visible="true" />
  <node id="-34" lat="48.7755844" lon="11.4580429" visible="true" />
  <node id="-35" lat="48.7755414" lon="11.4580261" visible="true" />
  <node id="-36" lat="48.7755616" lon="11.4579070" visible="true" />
  <node id="-37" lat="48.7756271" lon="11.4579326" visible="true" />
  <node id="-38" lat="48.7755044" lon="11.4575098" visible="true" />
  <node id="-39" lat="48.7745316" lon="11.4571093" visible="true" />
  <node id="-40" lat="48.7743287" lon="11.4582445" visible="true" />
  <node id="-41" lat="48.7744975" lon="11.4583140" visible="true" />
  <node id="-42" lat="48.7745252" lon="11.4581585" visible="true" />
  <node id="-43" lat="48.7747508" lon="11.4582513" visible="true" />
  <node id="-44" lat="48.7747386" lon="11.4583199" visible="true" />
  <node id="-45" lat="48.7748274" lon="11.4583565" visible="true" />
  <node id="-46" lat="48.7748368" lon="11.4583036" visible="true" />
  <node id="-47" lat="48.7749271" lon="11.4583406" visible="true" />
  <node id="-48" lat="48.7740916" lon="11.4574569" visible="true" />
  <node id="-49" lat="48.7743356" lon="11.4575665" visible="true" />
  <node id="-50" lat="48.7742076" lon="11.4582226" visible="true" />
  <node id="-51" lat="48.7739636" lon="11.4581130" visible="true" />
  <node id="-52" lat="48.7736921" lon="11.4575017" visible="true" />
  <node id="-53" lat="48.7738599" lon="11.4575885" visible="true" />
  <node id="-54" lat="48.7739367" lon="11.4572465" visible="true" />
  <node id="-55" lat="48.7737689" lon="11.4571597" visible="true" />
  <node id="-56" lat="48.7712133" lon="11.4575071" visible="true" />
  <node id="-57" lat="48.7710967" lon="11.4575291" visible="true" />
  <node id="-58" lat="48.7710500" lon="11.4569607" visible="true" />
  <node id="-59" lat="48.7711667" lon="11.4569387" visible="true" />
  <node id="-60" lat="48.7718479" lon="11.4569083" visible="true" />
  <node id="-61" lat="48.7718729" lon="11.4572670" visible="true" />
  <node id="-62" lat="48.7717576" lon="11.4572856" visible="true" />
  <node id="-63" lat="48.7717326" lon="11.4569269" visible="true" />
  <node id="-64" lat="48.7715092" lon="11.4569198" visible="true" />
  <node id="-65" lat="48.7715413" lon="11.4573871" visible="true" />
  <node id="-66" lat="48.7714207" lon="11.4574061" visible="true" />
  <node id="-67" lat="48.7713886" lon="11.4569388" visible="true" />
  <node id="-68" lat="48.7708277" lon="11.4569619" visible="true" />
  <node id="-69" lat="48.7708731" lon="11.4575632" visible="true" />
  <node id="-70" lat="48.7707612" lon="11.4575826" visible="true" />
  <node id="-71" lat="48.7707159" lon="11.4569814" visible="true" />
  <node id="-72" lat="48.7719289" lon="11.4554013" visible="true" />
  <node id="-73" lat="48.7719818" lon="11.4562605" visible="true" />
  <node id="-74" lat="48.7718471" lon="11.4562796" visible="true" />
  <node id="-75" lat="48.7717943" lon="11.4554204" visible="true" />
  <node id="-76" lat="48.7712118" lon="11.4564494" visible="true" />
  <node id="-77" lat="48.7712621" lon="11.4564322" visible="true" />
  <node id="-78" lat="48.7717265" lon="11.4562735" visible="true" />
  <node id="-79" lat="48.7717487" lon="11.4564228" visible="true" />
  <node id="-80" lat="48.7712340" lon="11.4565987" visible="true" />
  <node id="-81" lat="48.7712142" lon="11.4564657" visible="true" />
  <node id="-82" lat="48.7712300" lon="11.4558149" visible="true" />
  <node id="-83" lat="48.7711657" lon="11.4564713" visible="true" />
  <node id="-84" lat="48.7711321" lon="11.4558262" visible="true" />
  <node id="-85" lat="48.7716680" lon="11.4556718" visible="true" />
  <node id="-86" lat="48.7716682" lon="11.4558331" visible="true" />
  <node id="-87" lat="48.7713330" lon="11.4558341" visible="true" />
  <node id="-88" lat="48.7713328" lon="11.4556728" visible="true" />
  <node id="-89" lat="48.7719269" lon="11.4551110" visible="true" />
  <node id="-90" lat="48.7719269" lon="11.4552668" visible="true" />
  <node id="-91" lat="48.7714457" lon="11.4552668" visible="true" />
  <node id="-92" lat="48.7714457" lon="11.4551110" visible="true" />
  <node id="-93" lat="48.7712774" lon="11.4553425" visible="true" />
  <node id="-94" lat="48.7712774" lon="11.4551575" visible="true" />
  <node id="-95" lat="48.7714442" lon="11.4551575" visible="true" />
  <node id="-96" lat="48.7714442" lon="11.4553425" visible="true" />
  <node id="-97" lat="48.7709418" lon="11.4558981" visible="true" />
  <node id="-98" lat="48.7709053" lon="11.4565599" visible="true" />
  <node id="-99" lat="48.7708034" lon="11.4565470" visible="true" />
  <node id="-100" lat="48.7708399" lon="11.4558851" visible="true" />
  <node id="-101" lat="48.7700020" lon="11.4565616" visible="true" />
  <node id="-102" lat="48.7700148" lon="11.4564351" visible="true" />
  <node id="-103" lat="48.7704220" lon="11.4565322" visible="true" />
  <node id="-104" lat="48.7704145" lon="11.4566574" visible="true" />
  <node id="-105" lat="48.7706051" lon="11.4565130" visible="true" />
  <node id="-106" lat="48.7705987" lon="11.4566298" visible="true" />
  <node id="-107" lat="48.7704209" lon="11.4566073" visible="true" />
  <node id="-108" lat="48.7704273" lon="11.4564905" visible="true" />
  <node id="-109" lat="48.7701362" lon="11.4568842" visible="true" />
  <node id="-110" lat="48.7701362" lon="11.4571802" visible="true" />
  <node id="-111" lat="48.7700438" lon="11.4571802" visible="true" />
  <node id="-112" lat="48.7700438" lon="11.4568842" visible="true" />
  <node id="-113" lat="48.7700014" lon="11.4572491" visible="true" />
  <node id="-114" lat="48.7700033" lon="11.4574203" visible="true" />
  <node id="-115" lat="48.7698937" lon="11.4574282" visible="true" />
  <node id="-116" lat="48.7698852" lon="11.4572490" visible="true" />
  <node id="-117" lat="48.7699571" lon="11.4571321" visible="true" />
  <node id="-118" lat="48.7698903" lon="11.4571321" visible="true" />
  <node id="-119" lat="48.7698903" lon="11.4569296" visible="true" />
  <node id="-120" lat="48.7699214" lon="11.4569299" visible="true" />
  <node id="-121" lat="48.7699571" lon="11.4569296" visible="true" />
  <node id="-122" lat="48.7704721" lon="11.4569533" visible="true" />
  <node id="-123" lat="48.7704705" lon="11.4572392" visible="true" />
  <node id="-124" lat="48.7702181" lon="11.4572417" visible="true" />
  <node id="-125" lat="48.7702215" lon="11.4569329" visible="true" />
  <node id="-126" lat="48.7703056" lon="11.4569329" visible="true" />
  <node id="-127" lat="48.7703039" lon="11.4570886" visible="true" />
  <node id="-128" lat="48.7703998" lon="11.4570835" visible="true" />
  <node id="-129" lat="48.7703998" lon="11.4569559" visible="true" />
  <node id="-130" lat="48.7700207" lon="11.4577437" visible="true" />
  <node id="-131" lat="48.7700207" lon="11.4581877" visible="true" />
  <node id="-132" lat="48.7698564" lon="11.4581877" visible="true" />
  <node id="-133" lat="48.7698564" lon="11.4577437" visible="true" />
  <node id="-134" lat="48.7704191" lon="11.4590129" visible="true" />
  <node id="-135" lat="48.7704282" lon="11.4592952" visible="true" />
  <node id="-136" lat="48.7702124" lon="11.4593031" visible="true" />
  <node id="-137" lat="48.7702034" lon="11.4590315" visible="true" />
  <node id="-138" lat="48.7706288" lon="11.4552482" visible="true" />
  <node id="-139" lat="48.7706200" lon="11.4553811" visible="true" />
  <node id="-140" lat="48.7706046" lon="11.4556142" visible="true" />
  <node id="-141" lat="48.7705893" lon="11.4558460" visible="true" />
  <node id="-142" lat="48.7705742" lon="11.4560747" visible="true" />
  <node id="-143" lat="48.7705664" lon="11.4561930" visible="true" />
  <node id="-144" lat="48.7704649" lon="11.4561777" visible="true" />
  <node id="-145" lat="48.7705272" lon="11.4552328" visible="true" />
  <node id="-146" lat="48.7703082" lon="11.4560770" visible="true" />
  <node id="-147" lat="48.7702871" lon="11.4562531" visible="true" />
  <node id="-148" lat="48.7700612" lon="11.4561908" visible="true" />
  <node id="-149" lat="48.7700823" lon="11.4560147" visible="true" />
  <node id="-150" lat="48.7703646" lon="11.4552670" visible="true" />
  <node id="-151" lat="48.7703595" lon="11.4554461" visible="true" />
  <node id="-152" lat="48.7701541" lon="11.4554326" visible="true" />
  <node id="-153" lat="48.7701593" lon="11.4552534" visible="true" />
  <node id="-154" lat="48.7711069" lon="11.4542676" visible="true" />
  <node id="-155" lat="48.7711113" lon="11.4544049" visible="true" />
  <node id="-156" lat="48.7707361" lon="11.4544319" visible="true" />
  <node id="-157" lat="48.7707317" lon="11.4542946" visible="true" />
  <node id="-158" lat="48.7708237" lon="11.4542880" visible="true" />
  <node id="-159" lat="48.7710102" lon="11.4542746" visible="true" />
  <node id="-160" lat="48.7702788" lon="11.4542786" visible="true" />
  <node id="-161" lat="48.7703818" lon="11.4542731" visible="true" />
  <node id="-162" lat="48.7704700" lon="11.4542684" visible="true" />
  <node id="-163" lat="48.7704733" lon="11.4544065" visible="true" />
  <node id="-164" lat="48.7702820" lon="11.4544167" visible="true" />
  <node id="-165" lat="48.7708839" lon="11.4546786" visible="true" />
  <node id="-166" lat="48.7708985" lon="11.4547637" visible="true" />
  <node id="-167" lat="48.7709069" lon="11.4548122" visible="true" />
  <node id="-168" lat="48.7708146" lon="11.4548485" visible="true" />
  <node id="-169" lat="48.7706323" lon="11.4549201" visible="true" />
  <node id="-170" lat="48.7704528" lon="11.4549906" visible="true" />
  <node id="-171" lat="48.7703583" lon="11.4550277" visible="true" />
  <node id="-172" lat="48.7703353" lon="11.4548941" visible="true" />
  <node id="-173" lat="48.7710812" lon="11.4546919" visible="true" />
  <node id="-174" lat="48.7711044" lon="11.4548268" visible="true" />
  <node id="-175" lat="48.7710150" lon="11.4548619" visible="true" />
  <node id="-176" lat="48.7709217" lon="11.4548986" visible="true" />
  <node id="-177" lat="48.7710126" lon="11.4536037" visible="true" />
  <node id="-178" lat="48.7710378" lon="11.4537356" visible="true" />
  <node id="-179" lat="48.7709489" lon="11.4537746" visible="true" />
  <node id="-180" lat="48.7708555" lon="11.4538156" visible="true" />
  <node id="-181" lat="48.7708376" lon="11.4537217" visible="true" />
  <node id="-182" lat="48.7708303" lon="11.4536838" visible="true" />
  <node id="-183" lat="48.7704480" lon="11.4537480" visible="true" />
  <node id="-184" lat="48.7708121" lon="11.4535881" visible="true" />
  <node id="-185" lat="48.7707502" lon="11.4537600" visible="true" />
  <node id="-186" lat="48.7705672" lon="11.4538404" visible="true" />
  <node id="-187" lat="48.7704735" lon="11.4538815" visible="true" />
  <node id="-188" lat="48.7704701" lon="11.4538637" visible="true" />
  <node id="-189" lat="48.7701830" lon="11.4531442" visible="true" />
  <node id="-190" lat="48.7703723" lon="11.4531159" visible="true" />
  <node id="-191" lat="48.7703813" lon="11.4532532" visible="true" />
  <node id="-192" lat="48.7702886" lon="11.4532671" visible="true" />
  <node id="-193" lat="48.7701919" lon="11.4532815" visible="true" />
  <node id="-194" lat="48.7706336" lon="11.4531711" visible="true" />
  <node id="-195" lat="48.7708204" lon="11.4531414" visible="true" />
  <node id="-196" lat="48.7708297" lon="11.4532754" visible="true" />
  <node id="-197" lat="48.7707368" lon="11.4532901" visible="true" />
  <node id="-198" lat="48.7706429" lon="11.4533050" visible="true" />
  <node id="-199" lat="48.7702695" lon="11.4526563" visible="true" />
  <node id="-200" lat="48.7702754" lon="11.4526995" visible="true" />
  <node id="-201" lat="48.7702877" lon="11.4527887" visible="true" />
  <node id="-202" lat="48.7701026" lon="11.4528467" visible="true" />
  <node id="-203" lat="48.7700844" lon="11.4527143" visible="true" />
  <node id="-204" lat="48.7701812" lon="11.4526840" visible="true" />
  <node id="-205" lat="48.7702590" lon="11.4525796" visible="true" />
  <node id="-206" lat="48.7703350" lon="11.4525557" visible="true" />
  <node id="-207" lat="48.7704713" lon="11.4525130" visible="true" />
  <node id="-208" lat="48.7705912" lon="11.4524754" visible="true" />
  <node id="-209" lat="48.7707105" lon="11.4524380" visible="true" />
  <node id="-210" lat="48.7707689" lon="11.4524196" visible="true" />
  <node id="-211" lat="48.7707853" lon="11.4525395" visible="true" />
  <node id="-212" lat="48.7700158" lon="11.4533820" visible="true" />
  <node id="-213" lat="48.7700192" lon="11.4534935" visible="true" />
  <node id="-214" lat="48.7700309" lon="11.4534927" visible="true" />
  <node id="-215" lat="48.7700323" lon="11.4535383" visible="true" />
  <node id="-216" lat="48.7700206" lon="11.4535392" visible="true" />
  <node id="-217" lat="48.7700238" lon="11.4536414" visible="true" />
  <node id="-218" lat="48.7699316" lon="11.4536479" visible="true" />
  <node id="-219" lat="48.7699236" lon="11.4533885" visible="true" />
  <node id="-220" lat="48.7700688" lon="11.4540185" visible="true" />
  <node id="-221" lat="48.7700689" lon="11.4540650" visible="true" />
  <node id="-222" lat="48.7700556" lon="11.4540650" visible="true" />
  <node id="-223" lat="48.7700557" lon="11.4541748" visible="true" />
  <node id="-224" lat="48.7700306" lon="11.4541749" visible="true" />
  <node id="-225" lat="48.7699726" lon="11.4541750" visible="true" />
  <node id="-226" lat="48.7699625" lon="11.4541750" visible="true" />
  <node id="-227" lat="48.7699622" lon="11.4538992" visible="true" />
  <node id="-228" lat="48.7700144" lon="11.4538990" visible="true" />
  <node id="-229" lat="48.7700555" lon="11.4538990" visible="true" />
  <node id="-230" lat="48.7700556" lon="11.4540185" visible="true" />
  <node id="-231" lat="48.7700740" lon="11.4545449" visible="true" />
  <node id="-232" lat="48.7700711" lon="11.4545892" visible="true" />
  <node id="-233" lat="48.7700584" lon="11.4545873" visible="true" />
  <node id="-234" lat="48.7700508" lon="11.4547021" visible="true" />
  <node id="-235" lat="48.7699625" lon="11.4546888" visible="true" />
  <node id="-236" lat="48.7699558" lon="11.4546878" visible="true" />
  <node id="-237" lat="48.7699741" lon="11.4544101" visible="true" />
  <node id="-238" lat="48.7700692" lon="11.4544244" visible="true" />
  <node id="-239" lat="48.7700613" lon="11.4545430" visible="true" />
  <node id="-240" lat="48.7700166" lon="11.4552215" visible="true" />
  <node id="-241" lat="48.7700318" lon="11.4552256" visible="true" />
  <node id="-242" lat="48.7700271" lon="11.4552664" visible="true" />
  <node id="-243" lat="48.7700118" lon="11.4552623" visible="true" />
  <node id="-244" lat="48.7699993" lon="11.4553691" visible="true" />
  <node id="-245" lat="48.7699941" lon="11.4553677" visible="true" />
  <node id="-246" lat="48.7699044" lon="11.4553436" visible="true" />
  <node id="-247" lat="48.7699347" lon="11.4550852" visible="true" />
  <node id="-248" lat="48.7699911" lon="11.4551003" visible="true" />
  <node id="-249" lat="48.7700296" lon="11.4551107" visible="true" />
  <node id="-250" lat="48.7699460" lon="11.4558766" visible="true" />
  <node id="-251" lat="48.7699409" lon="11.4559200" visible="true" />
  <node id="-252" lat="48.7699296" lon="11.4559169" visible="true" />
  <node id="-253" lat="48.7699165" lon="11.4560280" visible="true" />
  <node id="-254" lat="48.7698207" lon="11.4560020" visible="true" />
  <node id="-255" lat="48.7698530" lon="11.4557299" visible="true" />
  <node id="-256" lat="48.7698730" lon="11.4557354" visible="true" />
  <node id="-257" lat="48.7699270" lon="11.4557500" visible="true" />
  <node id="-258" lat="48.7699487" lon="11.4557559" visible="true" />
  <node id="-259" lat="48.7699348" lon="11.4558735" visible="true" />
  <node id="-260" lat="48.7717702" lon="11.4527037" visible="true" />
  <node id="-261" lat="48.7717664" lon="11.4527363" visible="true" />
  <node id="-262" lat="48.7717542" lon="11.4527330" visible="true" />
  <node id="-263" lat="48.7717517" lon="11.4527532" visible="true" />
  <node id="-264" lat="48.7718156" lon="11.4527829" visible="true" />
  <node id="-265" lat="48.7717999" lon="11.4528922" visible="true" />
  <node id="-266" lat="48.7716695" lon="11.4528437" visible="true" />
  <node id="-267" lat="48.7716719" lon="11.4528206" visible="true" />
  <node id="-268" lat="48.7716476" lon="11.4528148" visible="true" />
  <node id="-269" lat="48.7716452" lon="11.4528379" visible="true" />
  <node id="-270" lat="48.7715530" lon="11.4528211" visible="true" />
  <node id="-271" lat="48.7715598" lon="11.4527060" visible="true" />
  <node id="-272" lat="48.7716320" lon="11.4527088" visible="true" />
  <node id="-273" lat="48.7716378" lon="11.4526595" visible="true" />
  <node id="-274" lat="48.7715681" lon="11.4526247" visible="true" />
  <node id="-275" lat="48.7715869" lon="11.4525136" visible="true" />
  <node id="-276" lat="48.7716759" lon="11.4525416" visible="true" />
  <node id="-277" lat="48.7716724" lon="11.4525654" visible="true" />
  <node id="-278" lat="48.7716986" lon="11.4525741" visible="true" />
  <node id="-279" lat="48.7717020" lon="11.4525504" visible="true" />
  <node id="-280" lat="48.7718360" lon="11.4525721" visible="true" />
  <node id="-281" lat="48.7718292" lon="11.4526751" visible="true" />
  <node id="-282" lat="48.7717610" lon="11.4526779" visible="true" />
  <node id="-283" lat="48.7717582" lon="11.4527005" visible="true" />
  <node id="-284" lat="48.7715504" lon="11.4537370" visible="true" />
  <node id="-285" lat="48.7715435" lon="11.4538401" visible="true" />
  <node id="-286" lat="48.7714754" lon="11.4538429" visible="true" />
  <node id="-287" lat="48.7714726" lon="11.4538654" visible="true" />
  <node id="-288" lat="48.7714846" lon="11.4538687" visible="true" />
  <node id="-289" lat="48.7714808" lon="11.4539012" visible="true" />
  <node id="-290" lat="48.7714686" lon="11.4538979" visible="true" />
  <node id="-291" lat="48.7714660" lon="11.4539181" visible="true" />
  <node id="-292" lat="48.7715299" lon="11.4539479" visible="true" />
  <node id="-293" lat="48.7715142" lon="11.4540572" visible="true" />
  <node id="-294" lat="48.7713839" lon="11.4540086" visible="true" />
  <node id="-295" lat="48.7713863" lon="11.4539855" visible="true" />
  <node id="-296" lat="48.7713620" lon="11.4539798" visible="true" />
  <node id="-297" lat="48.7713596" lon="11.4540029" visible="true" />
  <node id="-298" lat="48.7712674" lon="11.4539860" visible="true" />
  <node id="-299" lat="48.7712742" lon="11.4538709" visible="true" />
  <node id="-300" lat="48.7713463" lon="11.4538737" visible="true" />
  <node id="-301" lat="48.7713522" lon="11.4538244" visible="true" />
  <node id="-302" lat="48.7712825" lon="11.4537896" visible="true" />
  <node id="-303" lat="48.7713013" lon="11.4536786" visible="true" />
  <node id="-304" lat="48.7713903" lon="11.4537065" visible="true" />
  <node id="-305" lat="48.7713868" lon="11.4537303" visible="true" />
  <node id="-306" lat="48.7714129" lon="11.4537391" visible="true" />
  <node id="-307" lat="48.7714164" lon="11.4537153" visible="true" />
  <node id="-308" lat="48.7713917" lon="11.4495278" visible="true" />
  <node id="-309" lat="48.7713926" lon="11.4496379" visible="true" />
  <node id="-310" lat="48.7713947" lon="11.4499263" visible="true" />
  <node id="-311" lat="48.7713965" lon="11.4501771" visible="true" />
  <node id="-312" lat="48.7713973" lon="11.4502816" visible="true" />
  <node id="-313" lat="48.7713110" lon="11.4502830" visible="true" />
  <node id="-314" lat="48.7713054" lon="11.4495293" visible="true" />
  <node id="-315" lat="48.7713989" lon="11.4503794" visible="true" />
  <node id="-316" lat="48.7714002" lon="11.4505102" visible="true" />
  <node id="-317" lat="48.7714026" lon="11.4507742" visible="true" />
  <node id="-318" lat="48.7714049" lon="11.4510250" visible="true" />
  <node id="-319" lat="48.7714061" lon="11.4511502" visible="true" />
  <node id="-320" lat="48.7713222" lon="11.4511520" visible="true" />
  <node id="-321" lat="48.7713151" lon="11.4503812" visible="true" />
  <node id="-322" lat="48.7714057" lon="11.4512446" visible="true" />
  <node id="-323" lat="48.7714068" lon="11.4513499" visible="true" />
  <node id="-324" lat="48.7714096" lon="11.4516068" visible="true" />
  <node id="-325" lat="48.7714120" lon="11.4518323" visible="true" />
  <node id="-326" lat="48.7714140" lon="11.4520111" visible="true" />
  <node id="-327" lat="48.7713317" lon="11.4520131" visible="true" />
  <node id="-328" lat="48.7713235" lon="11.4512466" visible="true" />
  <node id="-329" lat="48.7710964" lon="11.4501443" visible="true" />
  <node id="-330" lat="48.7710996" lon="11.4503083" visible="true" />
  <node id="-331" lat="48.7711148" lon="11.4503077" visible="true" />
  <node id="-332" lat="48.7711155" lon="11.4503452" visible="true" />
  <node id="-333" lat="48.7711003" lon="11.4503458" visible="true" />
  <node id="-334" lat="48.7711035" lon="11.4505119" visible="true" />
  <node id="-335" lat="48.7711181" lon="11.4505112" visible="true" />
  <node id="-336" lat="48.7711188" lon="11.4505487" visible="true" />
  <node id="-337" lat="48.7711042" lon="11.4505494" visible="true" />
  <node id="-338" lat="48.7711058" lon="11.4506337" visible="true" />
  <node id="-339" lat="48.7710081" lon="11.4506380" visible="true" />
  <node id="-340" lat="48.7709926" lon="11.4498280" visible="true" />
  <node id="-341" lat="48.7710903" lon="11.4498237" visible="true" />
  <node id="-342" lat="48.7710918" lon="11.4499027" visible="true" />
  <node id="-343" lat="48.7711078" lon="11.4499020" visible="true" />
  <node id="-344" lat="48.7711085" lon="11.4499395" visible="true" />
  <node id="-345" lat="48.7710925" lon="11.4499402" visible="true" />
  <node id="-346" lat="48.7710957" lon="11.4501068" visible="true" />
  <node id="-347" lat="48.7711118" lon="11.4501061" visible="true" />
  <node id="-348" lat="48.7711125" lon="11.4501436" visible="true" />
  <node id="-349" lat="48.7707494" lon="11.4500104" visible="true" />
  <node id="-350" lat="48.7707545" lon="11.4507425" visible="true" />
  <node id="-351" lat="48.7706159" lon="11.4507447" visible="true" />
  <node id="-352" lat="48.7706108" lon="11.4500126" visible="true" />
  <node id="-353" lat="48.7704334" lon="11.4501428" visible="true" />
  <node id="-354" lat="48.7704405" lon="11.4508436" visible="true" />
  <node id="-355" lat="48.7703250" lon="11.4508520" visible="true" />
  <node id="-356" lat="48.7703223" lon="11.4501446" visible="true" />
  <node id="-357" lat="48.7711184" lon="11.4513917" visible="true" />
  <node id="-358" lat="48.7711193" lon="11.4514678" visible="true" />
  <node id="-359" lat="48.7711197" lon="11.4514957" visible="true" />
  <node id="-360" lat="48.7710391" lon="11.4514980" visible="true" />
  <node id="-361" lat="48.7710379" lon="11.4513940" visible="true" />
  <node id="-362" lat="48.7708620" lon="11.4514771" visible="true" />
  <node id="-363" lat="48.7708630" lon="11.4515600" visible="true" />
  <node id="-364" lat="48.7708632" lon="11.4515798" visible="true" />
  <node id="-365" lat="48.7707857" lon="11.4515819" visible="true" />
  <node id="-366" lat="48.7707845" lon="11.4514793" visible="true" />
  <node id="-367" lat="48.7706108" lon="11.4515632" visible="true" />
  <node id="-368" lat="48.7706120" lon="11.4516673" visible="true" />
  <node id="-369" lat="48.7706122" lon="11.4516882" visible="true" />
  <node id="-370" lat="48.7705324" lon="11.4516902" visible="true" />
  <node id="-371" lat="48.7705310" lon="11.4515652" visible="true" />
  <node id="-372" lat="48.7702818" lon="11.4520579" visible="true" />
  <node id="-373" lat="48.7702802" lon="11.4518972" visible="true" />
  <node id="-374" lat="48.7703599" lon="11.4518954" visible="true" />
  <node id="-375" lat="48.7703606" lon="11.4519666" visible="true" />
  <node id="-376" lat="48.7703615" lon="11.4520560" visible="true" />
  <node id="-377" lat="48.7703466" lon="11.4509742" visible="true" />
  <node id="-378" lat="48.7703557" lon="11.4514444" visible="true" />
  <node id="-379" lat="48.7702613" lon="11.4514486" visible="true" />
  <node id="-380" lat="48.7702523" lon="11.4509784" visible="true" />
  <node id="-381" lat="48.7708275" lon="11.4512938" visible="true" />
  <node id="-382" lat="48.7707996" lon="11.4512948" visible="true" />
  <node id="-383" lat="48.7707993" lon="11.4512804" visible="true" />
  <node id="-384" lat="48.7707187" lon="11.4512832" visible="true" />
  <node id="-385" lat="48.7707171" lon="11.4511821" visible="true" />
  <node id="-386" lat="48.7707162" lon="11.4511233" visible="true" />
  <node id="-387" lat="48.7709053" lon="11.4511167" visible="true" />
  <node id="-388" lat="48.7709077" lon="11.4512766" visible="true" />
  <node id="-389" lat="48.7708273" lon="11.4512794" visible="true" />
  <node id="-390" lat="48.7706367" lon="11.4513621" visible="true" />
  <node id="-391" lat="48.7706087" lon="11.4513631" visible="true" />
  <node id="-392" lat="48.7706085" lon="11.4513473" visible="true" />
  <node id="-393" lat="48.7705269" lon="11.4513502" visible="true" />
  <node id="-394" lat="48.7705244" lon="11.4511889" visible="true" />
  <node id="-395" lat="48.7707196" lon="11.4513434" visible="true" />
  <node id="-396" lat="48.7706364" lon="11.4513464" visible="true" />
  <node id="-397" lat="48.7709650" lon="11.4493094" visible="true" />
  <node id="-398" lat="48.7709735" lon="11.4495267" visible="true" />
  <node id="-399" lat="48.7704550" lon="11.4495735" visible="true" />
  <node id="-400" lat="48.7704465" lon="11.4493561" visible="true" />
  <node id="-401" lat="48.7704311" lon="11.4491692" visible="true" />
  <node id="-402" lat="48.7704619" lon="11.4497222" visible="true" />
  <node id="-403" lat="48.7703409" lon="11.4497377" visible="true" />
  <node id="-404" lat="48.7703101" lon="11.4491847" visible="true" />
  <node id="-405" lat="48.7719333" lon="11.4504129" visible="true" />
  <node id="-406" lat="48.7719521" lon="11.4513454" visible="true" />
  <node id="-407" lat="48.7718587" lon="11.4513497" visible="true" />
  <node id="-408" lat="48.7718400" lon="11.4504172" visible="true" />
  <node id="-409" lat="48.7719218" lon="11.4471553" visible="true" />
  <node id="-410" lat="48.7719345" lon="11.4478318" visible="true" />
  <node id="-411" lat="48.7719143" lon="11.4478327" visible="true" />
  <node id="-412" lat="48.7718818" lon="11.4478340" visible="true" />
  <node id="-413" lat="48.7718519" lon="11.4478353" visible="true" />
  <node id="-414" lat="48.7718392" lon="11.4471588" visible="true" />
  <node id="-415" lat="48.7719315" lon="11.4479348" visible="true" />
  <node id="-416" lat="48.7719457" lon="11.4486932" visible="true" />
  <node id="-417" lat="48.7719269" lon="11.4486940" visible="true" />
  <node id="-418" lat="48.7718959" lon="11.4486953" visible="true" />
  <node id="-419" lat="48.7718617" lon="11.4486968" visible="true" />
  <node id="-420" lat="48.7718475" lon="11.4479384" visible="true" />
  <node id="-421" lat="48.7718837" lon="11.4479368" visible="true" />
  <node id="-422" lat="48.7719163" lon="11.4479354" visible="true" />
  <node id="-423" lat="48.7719448" lon="11.4487799" visible="true" />
  <node id="-424" lat="48.7719582" lon="11.4494959" visible="true" />
  <node id="-425" lat="48.7718767" lon="11.4494994" visible="true" />
  <node id="-426" lat="48.7718634" lon="11.4487834" visible="true" />
  <node id="-427" lat="48.7718975" lon="11.4487819" visible="true" />
  <node id="-428" lat="48.7719285" lon="11.4487806" visible="true" />
  <node id="-429" lat="48.7716707" lon="11.4493367" visible="true" />
  <node id="-430" lat="48.7716721" lon="11.4494272" visible="true" />
  <node id="-431" lat="48.7716975" lon="11.4494264" visible="true" />
  <node id="-432" lat="48.7716985" lon="11.4494980" visible="true" />
  <node id="-433" lat="48.7716731" lon="11.4494988" visible="true" />
  <node id="-434" lat="48.7716733" lon="11.4495118" visible="true" />
  <node id="-435" lat="48.7715630" lon="11.4495155" visible="true" />
  <node id="-436" lat="48.7715605" lon="11.4493404" visible="true" />
  <node id="-437" lat="48.7716684" lon="11.4489098" visible="true" />
  <node id="-438" lat="48.7716695" lon="11.4490241" visible="true" />
  <node id="-439" lat="48.7716701" lon="11.4490836" visible="true" />
  <node id="-440" lat="48.7716010" lon="11.4490851" visible="true" />
  <node id="-441" lat="48.7715560" lon="11.4490861" visible="true" />
  <node id="-442" lat="48.7715543" lon="11.4489123" visible="true" />
  <node id="-443" lat="48.7716595" lon="11.4485829" visible="true" />
  <node id="-444" lat="48.7716848" lon="11.4485822" visible="true" />
  <node id="-445" lat="48.7716858" lon="11.4486558" visible="true" />
  <node id="-446" lat="48.7716605" lon="11.4486566" visible="true" />
  <node id="-447" lat="48.7716606" lon="11.4486667" visible="true" />
  <node id="-448" lat="48.7715507" lon="11.4486700" visible="true" />
  <node id="-449" lat="48.7715485" lon="11.4484982" visible="true" />
  <node id="-450" lat="48.7716584" lon="11.4484949" visible="true" />
  <node id="-451" lat="48.7716567" lon="11.4480908" visible="true" />
  <node id="-452" lat="48.7716585" lon="11.4482596" visible="true" />
  <node id="-453" lat="48.7715449" lon="11.4482625" visible="true" />
  <node id="-454" lat="48.7715430" lon="11.4480937" visible="true" />
  <node id="-455" lat="48.7716544" lon="11.4477706" visible="true" />
  <node id="-456" lat="48.7716806" lon="11.4477703" visible="true" />
  <node id="-457" lat="48.7716810" lon="11.4478444" visible="true" />
  <node id="-458" lat="48.7716547" lon="11.4478447" visible="true" />
  <node id="-459" lat="48.7716548" lon="11.4478553" visible="true" />
  <node id="-460" lat="48.7715425" lon="11.4478566" visible="true" />
  <node id="-461" lat="48.7715416" lon="11.4476828" visible="true" />
  <node id="-462" lat="48.7716539" lon="11.4476815" visible="true" />
  <node id="-463" lat="48.7716466" lon="11.4472748" visible="true" />
  <node id="-464" lat="48.7716478" lon="11.4474418" visible="true" />
  <node id="-465" lat="48.7715445" lon="11.4474435" visible="true" />
  <node id="-466" lat="48.7715434" lon="11.4472765" visible="true" />
  <node id="-467" lat="48.7719557" lon="11.4496866" visible="true" />
  <node id="-468" lat="48.7719574" lon="11.4498143" visible="true" />
  <node id="-469" lat="48.7715550" lon="11.4498268" visible="true" />
  <node id="-470" lat="48.7715533" lon="11.4496991" visible="true" />
  <node id="-471" lat="48.7726052" lon="11.4500210" visible="true" />
  <node id="-472" lat="48.7726074" lon="11.4501456" visible="true" />
  <node id="-473" lat="48.7722109" lon="11.4501611" visible="true" />
  <node id="-474" lat="48.7722082" lon="11.4500365" visible="true" />
  <node id="-475" lat="48.7725965" lon="11.4496733" visible="true" />
  <node id="-476" lat="48.7725983" lon="11.4497956" visible="true" />
  <node id="-477" lat="48.7722151" lon="11.4498089" visible="true" />
  <node id="-478" lat="48.7722132" lon="11.4496865" visible="true" />
  <node id="-479" lat="48.7719631" lon="11.4500378" visible="true" />
  <node id="-480" lat="48.7719650" lon="11.4501721" visible="true" />
  <node id="-481" lat="48.7715660" lon="11.4501849" visible="true" />
  <node id="-482" lat="48.7715641" lon="11.4500505" visible="true" />
  <node id="-483" lat="48.7722814" lon="11.4493754" visible="true" />
  <node id="-484" lat="48.7722857" lon="11.4496327" visible="true" />
  <node id="-485" lat="48.7722085" lon="11.4496357" visible="true" />
  <node id="-486" lat="48.7722042" lon="11.4493784" visible="true" />
  <node id="-487" lat="48.7722684" lon="11.4485276" visible="true" />
  <node id="-488" lat="48.7722693" lon="11.4486098" visible="true" />
  <node id="-489" lat="48.7721907" lon="11.4486119" visible="true" />
  <node id="-490" lat="48.7721897" lon="11.4485297" visible="true" />
  <node id="-491" lat="48.7722570" lon="11.4478229" visible="true" />
  <node id="-492" lat="48.7722583" lon="11.4479165" visible="true" />
  <node id="-493" lat="48.7721821" lon="11.4479189" visible="true" />
  <node id="-494" lat="48.7721808" lon="11.4478259" visible="true" />
  <node id="-495" lat="48.7722380" lon="11.4478239" visible="true" />
  <node id="-496" lat="48.7725992" lon="11.4478035" visible="true" />
  <node id="-497" lat="48.7726001" lon="11.4478732" visible="true" />
  <node id="-498" lat="48.7725081" lon="11.4478760" visible="true" />
  <node id="-499" lat="48.7724376" lon="11.4478776" visible="true" />
  <node id="-500" lat="48.7724367" lon="11.4478158" visible="true" />
  <node id="-501" lat="48.7724361" lon="11.4477789" visible="true" />
  <node id="-502" lat="48.7725125" lon="11.4477769" visible="true" />
  <node id="-503" lat="48.7725129" lon="11.4478057" visible="true" />
  <node id="-504" lat="48.7725769" lon="11.4481812" visible="true" />
  <node id="-505" lat="48.7725768" lon="11.4482351" visible="true" />
  <node id="-506" lat="48.7726061" lon="11.4482352" visible="true" />
  <node id="-507" lat="48.7726061" lon="11.4483089" visible="true" />
  <node id="-508" lat="48.7725156" lon="11.4483093" visible="true" />
  <node id="-509" lat="48.7725155" lon="11.4481810" visible="true" />
  <node id="-510" lat="48.7726088" lon="11.4485596" visible="true" />
  <node id="-511" lat="48.7726125" lon="11.4487297" visible="true" />
  <node id="-512" lat="48.7725177" lon="11.4487341" visible="true" />
  <node id="-513" lat="48.7725135" lon="11.4485652" visible="true" />
  <node id="-514" lat="48.7725945" lon="11.4493655" visible="true" />
  <node id="-515" lat="48.7725967" lon="11.4495903" visible="true" />
  <node id="-516" lat="48.7725226" lon="11.4495920" visible="true" />
  <node id="-517" lat="48.7725204" lon="11.4493671" visible="true" />
  <node id="-518" lat="48.7726211" lon="11.4490939" visible="true" />
  <node id="-519" lat="48.7726217" lon="11.4491620" visible="true" />
  <node id="-520" lat="48.7725314" lon="11.4491648" visible="true" />
  <node id="-521" lat="48.7725308" lon="11.4490966" visible="true" />
  <node id="-522" lat="48.7738324" lon="11.4578271" visible="true" />
  <node id="-523" lat="48.7737464" lon="11.4583430" visible="true" />
  <node id="-524" lat="48.7735702" lon="11.4582687" visible="true" />
  <node id="-525" lat="48.7736562" lon="11.4577528" visible="true" />
  <node id="-526" lat="48.7730023" lon="11.4558788" visible="true" />
  <node id="-527" lat="48.7730217" lon="11.4564972" visible="true" />
  <node id="-528" lat="48.7729036" lon="11.4565058" visible="true" />
  <node id="-529" lat="48.7728842" lon="11.4558873" visible="true" />
  <node id="-530" lat="48.7725012" lon="11.4537173" visible="true" />
  <node id="-531" lat="48.7725133" lon="11.4542918" visible="true" />
  <node id="-532" lat="48.7724110" lon="11.4542967" visible="true" />
  <node id="-533" lat="48.7723990" lon="11.4537222" visible="true" />
  <node id="-534" lat="48.7729195" lon="11.4542248" visible="true" />
  <node id="-535" lat="48.7729257" lon="11.4543914" visible="true" />
  <node id="-536" lat="48.7725663" lon="11.4544221" visible="true" />
  <node id="-537" lat="48.7725601" lon="11.4542555" visible="true" />
  <node id="-538" lat="48.7728691" lon="11.4534887" visible="true" />
  <node id="-539" lat="48.7728728" lon="11.4536270" visible="true" />
  <node id="-540" lat="48.7727835" lon="11.4536323" visible="true" />
  <node id="-541" lat="48.7727133" lon="11.4536366" visible="true" />
  <node id="-542" lat="48.7726598" lon="11.4536398" visible="true" />
  <node id="-543" lat="48.7725923" lon="11.4536439" visible="true" />
  <node id="-544" lat="48.7725908" lon="11.4535876" visible="true" />
  <node id="-545" lat="48.7725871" lon="11.4534462" visible="true" />
  <node id="-546" lat="48.7726592" lon="11.4534419" visible="true" />
  <node id="-547" lat="48.7726608" lon="11.4535013" visible="true" />
  <node id="-548" lat="48.7728389" lon="11.4534906" visible="true" />
  <node id="-549" lat="48.7724356" lon="11.4554781" visible="true" />
  <node id="-550" lat="48.7730150" lon="11.4554422" visible="true" />
  <node id="-551" lat="48.7730199" lon="11.4556209" visible="true" />
  <node id="-552" lat="48.7724404" lon="11.4556568" visible="true" />
  <node id="-553" lat="48.7725340" lon="11.4549999" visible="true" />
  <node id="-554" lat="48.7724503" lon="11.4550045" visible="true" />
  <node id="-555" lat="48.7723751" lon="11.4550086" visible="true" />
  <node id="-556" lat="48.7723717" lon="11.4548643" visible="true" />
  <node id="-557" lat="48.7724471" lon="11.4548601" visible="true" />
  <node id="-558" lat="48.7725270" lon="11.4548558" visible="true" />
  <node id="-559" lat="48.7725252" lon="11.4547789" visible="true" />
  <node id="-560" lat="48.7730291" lon="11.4547513" visible="true" />
  <node id="-561" lat="48.7730390" lon="11.4551674" visible="true" />
  <node id="-562" lat="48.7730091" lon="11.4551690" visible="true" />
  <node id="-563" lat="48.7730137" lon="11.4553640" visible="true" />
  <node id="-564" lat="48.7728325" lon="11.4553740" visible="true" />
  <node id="-565" lat="48.7728297" lon="11.4552577" visible="true" />
  <node id="-566" lat="48.7725828" lon="11.4552713" visible="true" />
  <node id="-567" lat="48.7725832" lon="11.4552897" visible="true" />
  <node id="-568" lat="48.7725409" lon="11.4552920" visible="true" />
  <node id="-569" lat="48.7728142" lon="11.4526485" visible="true" />
  <node id="-570" lat="48.7728322" lon="11.4532846" visible="true" />
  <node id="-571" lat="48.7726514" lon="11.4531496" visible="true" />
  <node id="-572" lat="48.7726384" lon="11.4526593" visible="true" />
  <node id="-573" lat="48.7723611" lon="11.4536261" visible="true" />
  <node id="-574" lat="48.7723489" lon="11.4531681" visible="true" />
  <node id="-575" lat="48.7724836" lon="11.4535942" visible="true" />
  <node id="-576" lat="48.7724843" lon="11.4536186" visible="true" />
  <node id="-577" lat="48.7728898" lon="11.4536259" visible="true" />
  <node id="-578" lat="48.7728986" lon="11.4539618" visible="true" />
  <node id="-579" lat="48.7727923" lon="11.4539682" visible="true" />
  <node id="-580" lat="48.7725376" lon="11.4518917" visible="true" />
  <node id="-581" lat="48.7725394" lon="11.4519703" visible="true" />
  <node id="-582" lat="48.7725692" lon="11.4519687" visible="true" />
  <node id="-583" lat="48.7725721" lon="11.4520929" visible="true" />
  <node id="-584" lat="48.7725384" lon="11.4520947" visible="true" />
  <node id="-585" lat="48.7725454" lon="11.4523938" visible="true" />
  <node id="-586" lat="48.7724828" lon="11.4523972" visible="true" />
  <node id="-587" lat="48.7724773" lon="11.4521617" visible="true" />
  <node id="-588" lat="48.7724656" lon="11.4521623" visible="true" />
  <node id="-589" lat="48.7724611" lon="11.4519676" visible="true" />
  <node id="-590" lat="48.7724397" lon="11.4519688" visible="true" />
  <node id="-591" lat="48.7724380" lon="11.4518970" visible="true" />
  <node id="-592" lat="48.7722414" lon="11.4521744" visible="true" />
  <node id="-593" lat="48.7724836" lon="11.4524302" visible="true" />
  <node id="-594" lat="48.7722477" lon="11.4524429" visible="true" />
  <node id="-595" lat="48.7736109" lon="11.4515582" visible="true" />
  <node id="-596" lat="48.7737479" lon="11.4515290" visible="true" />
  <node id="-597" lat="48.7737630" lon="11.4516926" visible="true" />
  <node id="-598" lat="48.7736260" lon="11.4517217" visible="true" />
  <node id="-599" lat="48.7736247" lon="11.4517084" visible="true" />
  <node id="-600" lat="48.7728828" lon="11.4505498" visible="true" />
  <node id="-601" lat="48.7728879" lon="11.4509860" visible="true" />
  <node id="-602" lat="48.7727747" lon="11.4509890" visible="true" />
  <node id="-603" lat="48.7727696" lon="11.4505529" visible="true" />
  <node id="-604" lat="48.7728623" lon="11.4494886" visible="true" />
  <node id="-605" lat="48.7728559" lon="11.4497223" visible="true" />
  <node id="-606" lat="48.7727475" lon="11.4497154" visible="true" />
  <node id="-607" lat="48.7727539" lon="11.4494818" visible="true" />
  <node id="-608" lat="48.7728559" lon="11.4498196" visible="true" />
  <node id="-609" lat="48.7728559" lon="11.4500630" visible="true" />
  <node id="-610" lat="48.7727596" lon="11.4500630" visible="true" />
  <node id="-611" lat="48.7727596" lon="11.4498196" visible="true" />
  <node id="-612" lat="48.7728623" lon="11.4501604" visible="true" />
  <node id="-613" lat="48.7728623" lon="11.4503746" visible="true" />
  <node id="-614" lat="48.7727725" lon="11.4503746" visible="true" />
  <node id="-615" lat="48.7727725" lon="11.4501604" visible="true" />
  <node id="-616" lat="48.7730483" lon="11.4498196" visible="true" />
  <node id="-617" lat="48.7730483" lon="11.4500436" visible="true" />
  <node id="-618" lat="48.7729649" lon="11.4500436" visible="true" />
  <node id="-619" lat="48.7729649" lon="11.4498196" visible="true" />
  <node id="-620" lat="48.7736335" lon="11.4493971" visible="true" />
  <node id="-621" lat="48.7736335" lon="11.4496463" visible="true" />
  <node id="-622" lat="48.7735360" lon="11.4496463" visible="true" />
  <node id="-623" lat="48.7735360" lon="11.4493971" visible="true" />
  <node id="-624" lat="48.7734692" lon="11.4494283" visible="true" />
  <node id="-625" lat="48.7734692" lon="11.4497710" visible="true" />
  <node id="-626" lat="48.7733101" lon="11.4497710" visible="true" />
  <node id="-627" lat="48.7733101" lon="11.4494283" visible="true" />
  <node id="-628" lat="48.7732177" lon="11.4494906" visible="true" />
  <node id="-629" lat="48.7732177" lon="11.4497320" visible="true" />
  <node id="-630" lat="48.7731048" lon="11.4497320" visible="true" />
  <node id="-631" lat="48.7731048" lon="11.4494906" visible="true" />
  <node id="-632" lat="48.7734799" lon="11.4501545" visible="true" />
  <node id="-633" lat="48.7734845" lon="11.4502609" visible="true" />
  <node id="-634" lat="48.7733887" lon="11.4502703" visible="true" />
  <node id="-635" lat="48.7733825" lon="11.4501249" visible="true" />
  <node id="-636" lat="48.7733961" lon="11.4501235" visible="true" />
  <node id="-637" lat="48.7733949" lon="11.4500957" visible="true" />
  <node id="-638" lat="48.7734640" lon="11.4500889" visible="true" />
  <node id="-639" lat="48.7734669" lon="11.4501558" visible="true" />
  <node id="-640" lat="48.7732862" lon="11.4501390" visible="true" />
  <node id="-641" lat="48.7732862" lon="11.4503384" visible="true" />
  <node id="-642" lat="48.7731252" lon="11.4503384" visible="true" />
  <node id="-643" lat="48.7731252" lon="11.4501390" visible="true" />
  <node id="-644" lat="48.7732952" lon="11.4505153" visible="true" />
  <node id="-645" lat="48.7732920" lon="11.4508369" visible="true" />
  <node id="-646" lat="48.7731244" lon="11.4508480" visible="true" />
  <node id="-647" lat="48.7731228" lon="11.4505153" visible="true" />
  <node id="-648" lat="48.7734941" lon="11.4505096" visible="true" />
  <node id="-649" lat="48.7734964" lon="11.4505717" visible="true" />
  <node id="-650" lat="48.7734980" lon="11.4506155" visible="true" />
  <node id="-651" lat="48.7734887" lon="11.4506163" visible="true" />
  <node id="-652" lat="48.7734909" lon="11.4506760" visible="true" />
  <node id="-653" lat="48.7733811" lon="11.4506853" visible="true" />
  <node id="-654" lat="48.7733779" lon="11.4505980" visible="true" />
  <node id="-655" lat="48.7734158" lon="11.4505948" visible="true" />
  <node id="-656" lat="48.7734129" lon="11.4505165" visible="true" />
  <node id="-657" lat="48.7697379" lon="11.4567769" visible="true" />
  <node id="-658" lat="48.7696585" lon="11.4572352" visible="true" />
  <node id="-659" lat="48.7695350" lon="11.4571859" visible="true" />
  <node id="-660" lat="48.7696144" lon="11.4567277" visible="true" />
  <node id="-661" lat="48.7710808" lon="11.4473475" visible="true" />
  <node id="-662" lat="48.7710703" lon="11.4472587" visible="true" />
  <node id="-663" lat="48.7711637" lon="11.4472336" visible="true" />
  <node id="-664" lat="48.7711741" lon="11.4473223" visible="true" />
  <node id="-665" lat="48.7712729" lon="11.4476184" visible="true" />
  <node id="-666" lat="48.7712605" lon="11.4476190" visible="true" />
  <node id="-667" lat="48.7712592" lon="11.4475675" visible="true" />
  <node id="-668" lat="48.7712802" lon="11.4475663" visible="true" />
  <node id="-669" lat="48.7712795" lon="11.4475372" visible="true" />
  <node id="-670" lat="48.7713710" lon="11.4475322" visible="true" />
  <node id="-671" lat="48.7713730" lon="11.4476128" visible="true" />
  <node id="-672" lat="48.7713542" lon="11.4479445" visible="true" />
  <node id="-673" lat="48.7713499" lon="11.4477660" visible="true" />
  <node id="-674" lat="48.7713767" lon="11.4477645" visible="true" />
  <node id="-675" lat="48.7714038" lon="11.4477630" visible="true" />
  <node id="-676" lat="48.7714082" lon="11.4479415" visible="true" />
  <node id="-677" lat="48.7706327" lon="11.4470191" visible="true" />
  <node id="-678" lat="48.7706625" lon="11.4471096" visible="true" />
  <node id="-679" lat="48.7705786" lon="11.4471733" visible="true" />
  <node id="-680" lat="48.7705487" lon="11.4470828" visible="true" />
  <node id="-681" lat="48.7707499" lon="11.4472294" visible="true" />
  <node id="-682" lat="48.7707941" lon="11.4473741" visible="true" />
  <node id="-683" lat="48.7706635" lon="11.4474660" visible="true" />
  <node id="-684" lat="48.7706193" lon="11.4473213" visible="true" />
  <node id="-685" lat="48.7708980" lon="11.4482342" visible="true" />
  <node id="-686" lat="48.7708783" lon="11.4481599" visible="true" />
  <node id="-687" lat="48.7709420" lon="11.4481213" visible="true" />
  <node id="-688" lat="48.7709429" lon="11.4481247" visible="true" />
  <node id="-689" lat="48.7710141" lon="11.4480816" visible="true" />
  <node id="-690" lat="48.7710016" lon="11.4480346" visible="true" />
  <node id="-691" lat="48.7710698" lon="11.4479933" visible="true" />
  <node id="-692" lat="48.7711011" lon="11.4481111" visible="true" />
  <node id="-693" lat="48.7710979" lon="11.4481130" visible="true" />
  <node id="-694" lat="48.7711759" lon="11.4491093" visible="true" />
  <node id="-695" lat="48.7712741" lon="11.4488800" visible="true" />
  <node id="-696" lat="48.7713624" lon="11.4489671" visible="true" />
  <node id="-697" lat="48.7712642" lon="11.4491964" visible="true" />
  <node id="-698" lat="48.7710195" lon="11.4485690" visible="true" />
  <node id="-699" lat="48.7711072" lon="11.4485152" visible="true" />
  <node id="-700" lat="48.7711579" lon="11.4487054" visible="true" />
  <node id="-701" lat="48.7710701" lon="11.4487592" visible="true" />
  <node id="-702" lat="48.7713194" lon="11.4479977" visible="true" />
  <node id="-703" lat="48.7713780" lon="11.4479941" visible="true" />
  <node id="-704" lat="48.7713802" lon="11.4480787" visible="true" />
  <node id="-705" lat="48.7712323" lon="11.4480876" visible="true" />
  <node id="-706" lat="48.7712304" lon="11.4480160" visible="true" />
  <node id="-707" lat="48.7712941" lon="11.4480121" visible="true" />
  <node id="-708" lat="48.7712937" lon="11.4479992" visible="true" />
  <node id="-709" lat="48.7713909" lon="11.4484039" visible="true" />
  <node id="-710" lat="48.7713908" lon="11.4485202" visible="true" />
  <node id="-711" lat="48.7712696" lon="11.4485200" visible="true" />
  <node id="-712" lat="48.7712697" lon="11.4484036" visible="true" />
  <node id="-713" lat="48.7712638" lon="11.4483074" visible="true" />
  <node id="-714" lat="48.7712661" lon="11.4484050" visible="true" />
  <node id="-715" lat="48.7711923" lon="11.4484147" visible="true" />
  <node id="-716" lat="48.7711808" lon="11.4483583" visible="true" />
  <node id="-717" lat="48.7711754" lon="11.4483110" visible="true" />
  <node id="-718" lat="48.7749873" lon="11.4506290" visible="true" />
  <node id="-719" lat="48.7748380" lon="11.4514347" visible="true" />
  <node id="-720" lat="48.7743087" lon="11.4512089" visible="true" />
  <node id="-721" lat="48.7743626" lon="11.4509183" visible="true" />
  <node id="-722" lat="48.7744056" lon="11.4506863" visible="true" />
  <node id="-723" lat="48.7744580" lon="11.4504032" visible="true" />
  <node id="-724" lat="48.7704340" lon="11.4581002" visible="true" />
  <node id="-725" lat="48.7704388" lon="11.4582434" visible="true" />
  <node id="-726" lat="48.7701325" lon="11.4582673" visible="true" />
  <node id="-727" lat="48.7701277" lon="11.4581240" visible="true" />
  <node id="-728" lat="48.7728760" lon="11.4481783" visible="true" />
  <node id="-729" lat="48.7728771" lon="11.4482719" visible="true" />
  <node id="-730" lat="48.7728537" lon="11.4482726" visible="true" />
  <node id="-731" lat="48.7727681" lon="11.4482750" visible="true" />
  <node id="-732" lat="48.7727669" lon="11.4481815" visible="true" />
  <node id="-733" lat="48.7728596" lon="11.4487440" visible="true" />
  <node id="-734" lat="48.7728603" lon="11.4488371" visible="true" />
  <node id="-735" lat="48.7727764" lon="11.4488384" visible="true" />
  <node id="-736" lat="48.7727757" lon="11.4487453" visible="true" />
  <node id="-737" lat="48.7732457" lon="11.4489651" visible="true" />
  <node id="-738" lat="48.7732457" lon="11.4491645" visible="true" />
  <node id="-739" lat="48.7730847" lon="11.4491645" visible="true" />
  <node id="-740" lat="48.7730847" lon="11.4489651" visible="true" />
  <node id="-741" lat="48.7739675" lon="11.4485251" visible="true" />
  <node id="-742" lat="48.7739611" lon="11.4487588" visible="true" />
  <node id="-743" lat="48.7738527" lon="11.4487519" visible="true" />
  <node id="-744" lat="48.7738591" lon="11.4485183" visible="true" />
  <node id="-745" lat="48.7728560" lon="11.4484598" visible="true" />
  <node id="-746" lat="48.7728563" lon="11.4485524" visible="true" />
  <node id="-747" lat="48.7727762" lon="11.4485552" visible="true" />
  <node id="-748" lat="48.7727750" lon="11.4484604" visible="true" />
  <node id="-749" lat="48.7728613" lon="11.4490354" visible="true" />
  <node id="-750" lat="48.7728610" lon="11.4490761" visible="true" />
  <node id="-751" lat="48.7728867" lon="11.4490766" visible="true" />
  <node id="-752" lat="48.7728868" lon="11.4491253" visible="true" />
  <node id="-753" lat="48.7727830" lon="11.4491275" visible="true" />
  <node id="-754" lat="48.7727815" lon="11.4490339" visible="true" />
  <node id="-755" lat="48.7732306" lon="11.4481392" visible="true" />
  <node id="-756" lat="48.7732306" lon="11.4482905" visible="true" />
  <node id="-757" lat="48.7730934" lon="11.4482905" visible="true" />
  <node id="-758" lat="48.7730934" lon="11.4481392" visible="true" />
  <node id="-759" lat="48.7734238" lon="11.4481430" visible="true" />
  <node id="-760" lat="48.7734238" lon="11.4483424" visible="true" />
  <node id="-761" lat="48.7732628" lon="11.4483424" visible="true" />
  <node id="-762" lat="48.7732628" lon="11.4481430" visible="true" />
  <node id="-763" lat="48.7737920" lon="11.4481240" visible="true" />
  <node id="-764" lat="48.7737920" lon="11.4483234" visible="true" />
  <node id="-765" lat="48.7736691" lon="11.4483234" visible="true" />
  <node id="-766" lat="48.7736691" lon="11.4481240" visible="true" />
  <node id="-767" lat="48.7736319" lon="11.4481316" visible="true" />
  <node id="-768" lat="48.7736319" lon="11.4483310" visible="true" />
  <node id="-769" lat="48.7734709" lon="11.4483310" visible="true" />
  <node id="-770" lat="48.7734709" lon="11.4481316" visible="true" />
  <node id="-771" lat="48.7738167" lon="11.4476093" visible="true" />
  <node id="-772" lat="48.7738189" lon="11.4478969" visible="true" />
  <node id="-773" lat="48.7737662" lon="11.4478978" visible="true" />
  <node id="-774" lat="48.7737641" lon="11.4476102" visible="true" />
  <node id="-775" lat="48.7728905" lon="11.4476346" visible="true" />
  <node id="-776" lat="48.7728906" lon="11.4477082" visible="true" />
  <node id="-777" lat="48.7727626" lon="11.4477085" visible="true" />
  <node id="-778" lat="48.7727638" lon="11.4476382" visible="true" />
  <node id="-779" lat="48.7734144" lon="11.4476463" visible="true" />
  <node id="-780" lat="48.7734187" lon="11.4479178" visible="true" />
  <node id="-781" lat="48.7733736" lon="11.4479194" visible="true" />
  <node id="-782" lat="48.7733698" lon="11.4476717" visible="true" />
  <node id="-783" lat="48.7733694" lon="11.4476479" visible="true" />
  <node id="-784" lat="48.7738777" lon="11.4489346" visible="true" />
  <node id="-785" lat="48.7738777" lon="11.4491340" visible="true" />
  <node id="-786" lat="48.7737167" lon="11.4491340" visible="true" />
  <node id="-787" lat="48.7737167" lon="11.4489346" visible="true" />
  <node id="-788" lat="48.7735746" lon="11.4477893" visible="true" />
  <node id="-789" lat="48.7735761" lon="11.4479095" visible="true" />
  <node id="-790" lat="48.7735070" lon="11.4479115" visible="true" />
  <node id="-791" lat="48.7735055" lon="11.4477913" visible="true" />
  <node id="-792" lat="48.7740082" lon="11.4481354" visible="true" />
  <node id="-793" lat="48.7740082" lon="11.4483348" visible="true" />
  <node id="-794" lat="48.7738694" lon="11.4483372" visible="true" />
  <node id="-795" lat="48.7738694" lon="11.4481378" visible="true" />
  <node id="-796" lat="48.7735374" lon="11.4490155" visible="true" />
  <node id="-797" lat="48.7735991" lon="11.4490129" visible="true" />
  <node id="-798" lat="48.7736015" lon="11.4491398" visible="true" />
  <node id="-799" lat="48.7735397" lon="11.4491424" visible="true" />
  <node id="-800" lat="48.7734664" lon="11.4489574" visible="true" />
  <node id="-801" lat="48.7734664" lon="11.4491568" visible="true" />
  <node id="-802" lat="48.7733054" lon="11.4491568" visible="true" />
  <node id="-803" lat="48.7733054" lon="11.4489574" visible="true" />
  <node id="-804" lat="48.7729243" lon="11.4571262" visible="true" />
  <node id="-805" lat="48.7729203" lon="11.4569812" visible="true" />
  <node id="-806" lat="48.7728856" lon="11.4569836" visible="true" />
  <node id="-807" lat="48.7728851" lon="11.4569670" visible="true" />
  <node id="-808" lat="48.7726300" lon="11.4569838" visible="true" />
  <node id="-809" lat="48.7726313" lon="11.4570288" visible="true" />
  <node id="-810" lat="48.7725956" lon="11.4570311" visible="true" />
  <node id="-811" lat="48.7725887" lon="11.4567792" visible="true" />
  <node id="-812" lat="48.7725861" lon="11.4566860" visible="true" />
  <node id="-813" lat="48.7725662" lon="11.4560014" visible="true" />
  <node id="-814" lat="48.7724509" lon="11.4560090" visible="true" />
  <node id="-815" lat="48.7724699" lon="11.4566950" visible="true" />
  <node id="-816" lat="48.7724726" lon="11.4567841" visible="true" />
  <node id="-817" lat="48.7724836" lon="11.4571552" visible="true" />
  <node id="-818" lat="48.7745708" lon="11.4502260" visible="true" />
  <node id="-819" lat="48.7745478" lon="11.4503495" visible="true" />
  <node id="-820" lat="48.7744249" lon="11.4502966" visible="true" />
  <node id="-821" lat="48.7744480" lon="11.4501732" visible="true" />
  <node id="-822" lat="48.7727199" lon="11.4538338" visible="true" />
  <node id="-823" lat="48.7726664" lon="11.4538379" visible="true" />
  <node id="-824" lat="48.7728992" lon="11.4532796" visible="true" />
  <node id="-825" lat="48.7729058" lon="11.4534850" visible="true" />
  <node id="-826" lat="48.7729542" lon="11.4582191" visible="true" />
  <node id="-827" lat="48.7730624" lon="11.4582122" visible="true" />
  <node id="-828" lat="48.7730277" lon="11.4569489" visible="true" />
  <node id="-829" lat="48.7729196" lon="11.4569557" visible="true" />
  <node id="-830" lat="48.7741533" lon="11.4515923" visible="true" />
  <node id="-831" lat="48.7741236" lon="11.4517500" visible="true" />
  <node id="-832" lat="48.7738958" lon="11.4516512" visible="true" />
  <node id="-833" lat="48.7739255" lon="11.4514935" visible="true" />
  <node id="-834" lat="48.7744943" lon="11.4525192" visible="true" />
  <node id="-835" lat="48.7744647" lon="11.4526770" visible="true" />
  <node id="-836" lat="48.7742011" lon="11.4525630" visible="true" />
  <node id="-837" lat="48.7742307" lon="11.4524053" visible="true" />
  <node id="-838" lat="48.7741755" lon="11.4523788" visible="true" />
  <node id="-839" lat="48.7741480" lon="11.4525273" visible="true" />
  <node id="-840" lat="48.7739587" lon="11.4524465" visible="true" />
  <node id="-841" lat="48.7739862" lon="11.4522981" visible="true" />
  <node id="-842" lat="48.7743946" lon="11.4516937" visible="true" />
  <node id="-843" lat="48.7743671" lon="11.4518421" visible="true" />
  <node id="-844" lat="48.7741778" lon="11.4517614" visible="true" />
  <node id="-845" lat="48.7742053" lon="11.4516129" visible="true" />
  <node id="-846" lat="48.7740615" lon="11.4521491" visible="true" />
  <node id="-847" lat="48.7739641" lon="11.4521048" visible="true" />
  <node id="-848" lat="48.7740136" lon="11.4518545" visible="true" />
  <node id="-849" lat="48.7741109" lon="11.4518988" visible="true" />
  <node id="-850" lat="48.7742854" lon="11.4522411" visible="true" />
  <node id="-851" lat="48.7741881" lon="11.4521968" visible="true" />
  <node id="-852" lat="48.7742375" lon="11.4519465" visible="true" />
  <node id="-853" lat="48.7743349" lon="11.4519908" visible="true" />
  <node id="-854" lat="48.7744500" lon="11.4528586" visible="true" />
  <node id="-855" lat="48.7744204" lon="11.4530163" visible="true" />
  <node id="-856" lat="48.7741567" lon="11.4529024" visible="true" />
  <node id="-857" lat="48.7741863" lon="11.4527447" visible="true" />
  <node id="-858" lat="48.7741505" lon="11.4529708" visible="true" />
  <node id="-859" lat="48.7741302" lon="11.4530791" visible="true" />
  <node id="-860" lat="48.7740209" lon="11.4530319" visible="true" />
  <node id="-861" lat="48.7740412" lon="11.4529236" visible="true" />
  <node id="-862" lat="48.7740298" lon="11.4534027" visible="true" />
  <node id="-863" lat="48.7740341" lon="11.4533794" visible="true" />
  <node id="-864" lat="48.7740070" lon="11.4533681" visible="true" />
  <node id="-865" lat="48.7740028" lon="11.4533911" visible="true" />
  <node id="-866" lat="48.7739376" lon="11.4533637" visible="true" />
  <node id="-867" lat="48.7739123" lon="11.4535027" visible="true" />
  <node id="-868" lat="48.7739427" lon="11.4535154" visible="true" />
  <node id="-869" lat="48.7739378" lon="11.4535423" visible="true" />
  <node id="-870" lat="48.7739589" lon="11.4535512" visible="true" />
  <node id="-871" lat="48.7739638" lon="11.4535244" visible="true" />
  <node id="-872" lat="48.7740151" lon="11.4535460" visible="true" />
  <node id="-873" lat="48.7740102" lon="11.4535727" visible="true" />
  <node id="-874" lat="48.7740302" lon="11.4535811" visible="true" />
  <node id="-875" lat="48.7740351" lon="11.4535546" visible="true" />
  <node id="-876" lat="48.7740696" lon="11.4535691" visible="true" />
  <node id="-877" lat="48.7740950" lon="11.4534300" visible="true" />
  <node id="-878" lat="48.7733896" lon="11.4553769" visible="true" />
  <node id="-879" lat="48.7734204" lon="11.4555140" visible="true" />
  <node id="-880" lat="48.7733623" lon="11.4555441" visible="true" />
  <node id="-881" lat="48.7734041" lon="11.4557548" visible="true" />
  <node id="-882" lat="48.7732442" lon="11.4558277" visible="true" />
  <node id="-883" lat="48.7731735" lon="11.4554888" visible="true" />
  <node id="-884" lat="48.7719541" lon="11.4564142" visible="true" />
  <node id="-885" lat="48.7719710" lon="11.4565604" visible="true" />
  <node id="-886" lat="48.7717720" lon="11.4566131" visible="true" />
  <node id="-887" lat="48.7717552" lon="11.4564669" visible="true" />
  <node id="-888" lat="48.7697048" lon="11.4558635" visible="true" />
  <node id="-889" lat="48.7696882" lon="11.4557148" visible="true" />
  <node id="-890" lat="48.7697818" lon="11.4556900" visible="true" />
  <node id="-891" lat="48.7697500" lon="11.4558520" visible="true" />
  <node id="-892" lat="48.7697524" lon="11.4550681" visible="true" />
  <node id="-893" lat="48.7698291" lon="11.4550245" visible="true" />
  <node id="-894" lat="48.7698370" lon="11.4552111" visible="true" />
  <node id="-895" lat="48.7697798" lon="11.4552178" visible="true" />
  <node id="-896" lat="48.7713778" lon="11.4470634" visible="true" />
  <node id="-897" lat="48.7713717" lon="11.4472216" visible="true" />
  <node id="-898" lat="48.7712675" lon="11.4472124" visible="true" />
  <node id="-899" lat="48.7712687" lon="11.4471800" visible="true" />
  <node id="-900" lat="48.7712429" lon="11.4471777" visible="true" />
  <node id="-901" lat="48.7712466" lon="11.4470813" visible="true" />
  <node id="-902" lat="48.7713016" lon="11.4470861" visible="true" />
  <node id="-903" lat="48.7713028" lon="11.4470568" visible="true" />
  <node id="-904" lat="48.7713637" lon="11.4554290" visible="true" />
  <node id="-905" lat="48.7713637" lon="11.4555984" visible="true" />
  <node id="-906" lat="48.7708765" lon="11.4555984" visible="true" />
  <node id="-907" lat="48.7708765" lon="11.4554290" visible="true" />
  <node id="-908" lat="48.7732617" lon="11.4477221" visible="true" />
  <node id="-909" lat="48.7732629" lon="11.4478322" visible="true" />
  <node id="-910" lat="48.7732407" lon="11.4478327" visible="true" />
  <node id="-911" lat="48.7732416" lon="11.4479210" visible="true" />
  <node id="-912" lat="48.7731985" lon="11.4479228" visible="true" />
  <node id="-913" lat="48.7731960" lon="11.4477325" visible="true" />
  <node id="-914" lat="48.7731959" lon="11.4477236" visible="true" />
  <node id="-915" lat="48.7729262" lon="11.4478193" visible="true" />
  <node id="-916" lat="48.7729273" lon="11.4478771" visible="true" />
  <node id="-917" lat="48.7727661" lon="11.4478795" visible="true" />
  <node id="-918" lat="48.7727647" lon="11.4478220" visible="true" />
  <node id="-919" lat="48.7729184" lon="11.4478197" visible="true" />
  <node id="-920" lat="48.7730788" lon="11.4510345" visible="true" />
  <node id="-921" lat="48.7730808" lon="11.4511272" visible="true" />
  <node id="-922" lat="48.7728111" lon="11.4511860" visible="true" />
  <node id="-923" lat="48.7728102" lon="11.4510755" visible="true" />
  <node id="-924" lat="48.7728099" lon="11.4510400" visible="true" />
  <node id="-925" lat="48.7734127" lon="11.4511840" visible="true" />
  <node id="-926" lat="48.7735180" lon="11.4511618" visible="true" />
  <node id="-927" lat="48.7735284" lon="11.4512755" visible="true" />
  <node id="-928" lat="48.7735109" lon="11.4512792" visible="true" />
  <node id="-929" lat="48.7734231" lon="11.4512977" visible="true" />
  <node id="-930" lat="48.7730645" lon="11.4478738" visible="true" />
  <node id="-931" lat="48.7730667" lon="11.4479882" visible="true" />
  <node id="-932" lat="48.7729669" lon="11.4479926" visible="true" />
  <node id="-933" lat="48.7729647" lon="11.4478781" visible="true" />
  <node id="-934" lat="48.7735980" lon="11.4576842" visible="true" />
  <node id="-935" lat="48.7734943" lon="11.4582839" visible="true" />
  <node id="-936" lat="48.7734392" lon="11.4582620" visible="true" />
  <node id="-937" lat="48.7735293" lon="11.4577415" visible="true" />
  <node id="-938" lat="48.7732527" lon="11.4576055" visible="true" />
  <node id="-939" lat="48.7732694" lon="11.4575277" visible="true" />
  <node id="-940" lat="48.7733925" lon="11.4581506" visible="true" />
  <node id="-941" lat="48.7733396" lon="11.4581287" visible="true" />
  <node id="-942" lat="48.7733889" lon="11.4578550" visible="true" />
  <node id="-943" lat="48.7732772" lon="11.4577957" visible="true" />
  <node id="-944" lat="48.7732967" lon="11.4577115" visible="true" />
  <node id="-945" lat="48.7734563" lon="11.4577963" visible="true" />
  <node id="-946" lat="48.7734384" lon="11.4518567" visible="true" />
  <node id="-947" lat="48.7735817" lon="11.4518181" visible="true" />
  <node id="-948" lat="48.7735991" lon="11.4519670" visible="true" />
  <node id="-949" lat="48.7735158" lon="11.4519894" visible="true" />
  <node id="-950" lat="48.7735309" lon="11.4521191" visible="true" />
  <node id="-951" lat="48.7735668" lon="11.4521095" visible="true" />
  <node id="-952" lat="48.7735778" lon="11.4522041" visible="true" />
  <node id="-953" lat="48.7735504" lon="11.4522115" visible="true" />
  <node id="-954" lat="48.7735585" lon="11.4522807" visible="true" />
  <node id="-955" lat="48.7734902" lon="11.4522991" visible="true" />
  <node id="-956" lat="48.7739904" lon="11.4476834" visible="true" />
  <node id="-957" lat="48.7739937" lon="11.4478227" visible="true" />
  <node id="-958" lat="48.7739743" lon="11.4478237" visible="true" />
  <node id="-959" lat="48.7739760" lon="11.4478967" visible="true" />
  <node id="-960" lat="48.7739403" lon="11.4479006" visible="true" />
  <node id="-961" lat="48.7739351" lon="11.4476864" visible="true" />
  <node id="-962" lat="48.7735782" lon="11.4545353" visible="true" />
  <node id="-963" lat="48.7736126" lon="11.4546557" visible="true" />
  <node id="-964" lat="48.7733857" lon="11.4548049" visible="true" />
  <node id="-965" lat="48.7733513" lon="11.4546846" visible="true" />
  <node id="-966" lat="48.7730581" lon="11.4481769" visible="true" />
  <node id="-967" lat="48.7730581" lon="11.4482756" visible="true" />
  <node id="-968" lat="48.7729930" lon="11.4482756" visible="true" />
  <node id="-969" lat="48.7729930" lon="11.4481769" visible="true" />
  <node id="-970" lat="48.7741271" lon="11.4528517" visible="true" />
  <node id="-971" lat="48.7740255" lon="11.4528095" visible="true" />
  <node id="-972" lat="48.7740410" lon="11.4527237" visible="true" />
  <node id="-973" lat="48.7741426" lon="11.4527659" visible="true" />
  <node id="-974" lat="48.7705653" lon="11.4576628" visible="true" />
  <node id="-975" lat="48.7705589" lon="11.4575521" visible="true" />
  <node id="-976" lat="48.7703066" lon="11.4575854" visible="true" />
  <node id="-977" lat="48.7703130" lon="11.4576961" visible="true" />
  <node id="-978" lat="48.7705867" lon="11.4588321" visible="true" />
  <node id="-979" lat="48.7705878" lon="11.4592612" visible="true" />
  <node id="-980" lat="48.7705478" lon="11.4592615" visible="true" />
  <node id="-981" lat="48.7705270" lon="11.4592616" visible="true" />
  <node id="-982" lat="48.7705259" lon="11.4588324" visible="true" />
  <node id="-983" lat="48.7704704" lon="11.4577403" visible="true" />
  <node id="-984" lat="48.7704722" lon="11.4578604" visible="true" />
  <node id="-985" lat="48.7701172" lon="11.4578727" visible="true" />
  <node id="-986" lat="48.7701154" lon="11.4577526" visible="true" />
  <node id="-987" lat="48.7736826" lon="11.4533219" visible="true" />
  <node id="-988" lat="48.7736752" lon="11.4531936" visible="true" />
  <node id="-989" lat="48.7737103" lon="11.4531301" visible="true" />
  <node id="-990" lat="48.7737383" lon="11.4531234" visible="true" />
  <node id="-991" lat="48.7738283" lon="11.4531115" visible="true" />
  <node id="-992" lat="48.7738399" lon="11.4531098" visible="true" />
  <node id="-993" lat="48.7738459" lon="11.4532493" visible="true" />
  <node id="-994" lat="48.7737890" lon="11.4532592" visible="true" />
  <node id="-995" lat="48.7737765" lon="11.4532816" visible="true" />
  <node id="-996" lat="48.7737825" lon="11.4534020" visible="true" />
  <node id="-997" lat="48.7737015" lon="11.4534136" visible="true" />
  <node id="-998" lat="48.7736966" lon="11.4533182" visible="true" />
  <node id="-999" lat="48.7738123" lon="11.4538401" visible="true" />
  <node id="-1000" lat="48.7738212" lon="11.4538600" visible="true" />
  <node id="-1001" lat="48.7738444" lon="11.4538360" visible="true" />
  <node id="-1002" lat="48.7738355" lon="11.4538163" visible="true" />
  <node id="-1003" lat="48.7738914" lon="11.4537584" visible="true" />
  <node id="-1004" lat="48.7738378" lon="11.4536393" visible="true" />
  <node id="-1005" lat="48.7738118" lon="11.4536663" visible="true" />
  <node id="-1006" lat="48.7738014" lon="11.4536433" visible="true" />
  <node id="-1007" lat="48.7737833" lon="11.4536620" visible="true" />
  <node id="-1008" lat="48.7737936" lon="11.4536849" visible="true" />
  <node id="-1009" lat="48.7737497" lon="11.4537305" visible="true" />
  <node id="-1010" lat="48.7737393" lon="11.4537075" visible="true" />
  <node id="-1011" lat="48.7737222" lon="11.4537253" visible="true" />
  <node id="-1012" lat="48.7737324" lon="11.4537481" visible="true" />
  <node id="-1013" lat="48.7737029" lon="11.4537787" visible="true" />
  <node id="-1014" lat="48.7737564" lon="11.4538979" visible="true" />
  <node id="-1015" lat="48.7738816" lon="11.4540124" visible="true" />
  <node id="-1016" lat="48.7738950" lon="11.4539994" visible="true" />
  <node id="-1017" lat="48.7738797" lon="11.4539636" visible="true" />
  <node id="-1018" lat="48.7738665" lon="11.4539766" visible="true" />
  <node id="-1019" lat="48.7738298" lon="11.4538904" visible="true" />
  <node id="-1020" lat="48.7737500" lon="11.4539686" visible="true" />
  <node id="-1021" lat="48.7737671" lon="11.4540088" visible="true" />
  <node id="-1022" lat="48.7737517" lon="11.4540239" visible="true" />
  <node id="-1023" lat="48.7737636" lon="11.4540518" visible="true" />
  <node id="-1024" lat="48.7737789" lon="11.4540368" visible="true" />
  <node id="-1025" lat="48.7738078" lon="11.4541046" visible="true" />
  <node id="-1026" lat="48.7737924" lon="11.4541197" visible="true" />
  <node id="-1027" lat="48.7738037" lon="11.4541462" visible="true" />
  <node id="-1028" lat="48.7738190" lon="11.4541312" visible="true" />
  <node id="-1029" lat="48.7738384" lon="11.4541769" visible="true" />
  <node id="-1030" lat="48.7739183" lon="11.4540986" visible="true" />
  <node id="-1031" lat="48.7741185" lon="11.4538054" visible="true" />
  <node id="-1032" lat="48.7741338" lon="11.4538118" visible="true" />
  <node id="-1033" lat="48.7741412" lon="11.4537707" visible="true" />
  <node id="-1034" lat="48.7741260" lon="11.4537644" visible="true" />
  <node id="-1035" lat="48.7741438" lon="11.4536654" visible="true" />
  <node id="-1036" lat="48.7740522" lon="11.4536275" visible="true" />
  <node id="-1037" lat="48.7740439" lon="11.4536736" visible="true" />
  <node id="-1038" lat="48.7740261" lon="11.4536663" visible="true" />
  <node id="-1039" lat="48.7740204" lon="11.4536984" visible="true" />
  <node id="-1040" lat="48.7740380" lon="11.4537057" visible="true" />
  <node id="-1041" lat="48.7740240" lon="11.4537836" visible="true" />
  <node id="-1042" lat="48.7740064" lon="11.4537763" visible="true" />
  <node id="-1043" lat="48.7740009" lon="11.4538068" visible="true" />
  <node id="-1044" lat="48.7740184" lon="11.4538140" visible="true" />
  <node id="-1045" lat="48.7740090" lon="11.4538664" visible="true" />
  <node id="-1046" lat="48.7741007" lon="11.4539044" visible="true" />
  <node id="-1047" lat="48.7728034" lon="11.4514395" visible="true" />
  <node id="-1048" lat="48.7729677" lon="11.4513972" visible="true" />
  <node id="-1049" lat="48.7729836" lon="11.4515398" visible="true" />
  <node id="-1050" lat="48.7728193" lon="11.4515821" visible="true" />
  <node id="-1051" lat="48.7734698" lon="11.4515882" visible="true" />
  <node id="-1052" lat="48.7734837" lon="11.4517383" visible="true" />
  <node id="-1053" lat="48.7731319" lon="11.4513548" visible="true" />
  <node id="-1054" lat="48.7731479" lon="11.4514974" visible="true" />
  <node id="-1055" lat="48.7733488" lon="11.4519987" visible="true" />
  <node id="-1056" lat="48.7733609" lon="11.4521563" visible="true" />
  <node id="-1057" lat="48.7733907" lon="11.4521511" visible="true" />
  <node id="-1058" lat="48.7733944" lon="11.4521990" visible="true" />
  <node id="-1059" lat="48.7733648" lon="11.4522042" visible="true" />
  <node id="-1060" lat="48.7733739" lon="11.4523378" visible="true" />
  <node id="-1061" lat="48.7732745" lon="11.4523556" visible="true" />
  <node id="-1062" lat="48.7732512" lon="11.4520150" visible="true" />
  <node id="-1063" lat="48.7732847" lon="11.4520091" visible="true" />
  <node id="-1064" lat="48.7732837" lon="11.4519943" visible="true" />
  <node id="-1065" lat="48.7733155" lon="11.4519887" visible="true" />
  <node id="-1066" lat="48.7733167" lon="11.4520044" visible="true" />
  <node id="-1067" lat="48.7738076" lon="11.4527504" visible="true" />
  <node id="-1068" lat="48.7738179" lon="11.4529310" visible="true" />
  <node id="-1069" lat="48.7737279" lon="11.4529428" visible="true" />
  <node id="-1070" lat="48.7737176" lon="11.4527622" visible="true" />
  <node id="-1071" lat="48.7732962" lon="11.4513125" visible="true" />
  <node id="-1072" lat="48.7733122" lon="11.4514551" visible="true" />
  <node id="-1073" lat="48.7733753" lon="11.4518582" visible="true" />
  <node id="-1074" lat="48.7733415" lon="11.4518720" visible="true" />
  <node id="-1075" lat="48.7732900" lon="11.4515808" visible="true" />
  <node id="-1076" lat="48.7733238" lon="11.4515671" visible="true" />
  <node id="-1077" lat="48.7733872" lon="11.4524806" visible="true" />
  <node id="-1078" lat="48.7734159" lon="11.4524754" visible="true" />
  <node id="-1079" lat="48.7734195" lon="11.4525218" visible="true" />
  <node id="-1080" lat="48.7733913" lon="11.4525269" visible="true" />
  <node id="-1081" lat="48.7734027" lon="11.4526734" visible="true" />
  <node id="-1082" lat="48.7733028" lon="11.4526913" visible="true" />
  <node id="-1083" lat="48.7734296" lon="11.4513688" visible="true" />
  <node id="-1084" lat="48.7735175" lon="11.4513503" visible="true" />
  <node id="-1085" lat="48.7728131" lon="11.4518542" visible="true" />
  <node id="-1086" lat="48.7730096" lon="11.4518231" visible="true" />
  <node id="-1087" lat="48.7730201" lon="11.4519754" visible="true" />
  <node id="-1088" lat="48.7729375" lon="11.4519885" visible="true" />
  <node id="-1089" lat="48.7729388" lon="11.4520080" visible="true" />
  <node id="-1090" lat="48.7729099" lon="11.4520126" visible="true" />
  <node id="-1091" lat="48.7729085" lon="11.4519925" visible="true" />
  <node id="-1092" lat="48.7728236" lon="11.4520060" visible="true" />
  <node id="-1093" lat="48.7731719" lon="11.4517970" visible="true" />
  <node id="-1094" lat="48.7731825" lon="11.4519494" visible="true" />
  <node id="-1095" lat="48.7731128" lon="11.4519605" visible="true" />
  <node id="-1096" lat="48.7731140" lon="11.4519780" visible="true" />
  <node id="-1097" lat="48.7730862" lon="11.4519824" visible="true" />
  <node id="-1098" lat="48.7730850" lon="11.4519654" visible="true" />
  <node id="-1099" lat="48.7723436" lon="11.4514678" visible="true" />
  <node id="-1100" lat="48.7724436" lon="11.4514622" visible="true" />
  <node id="-1101" lat="48.7724466" lon="11.4515851" visible="true" />
  <node id="-1102" lat="48.7723466" lon="11.4515907" visible="true" />
  <node id="-1103" lat="48.7723473" lon="11.4509575" visible="true" />
  <node id="-1104" lat="48.7723483" lon="11.4510515" visible="true" />
  <node id="-1105" lat="48.7723493" lon="11.4511428" visible="true" />
  <node id="-1106" lat="48.7722608" lon="11.4511438" visible="true" />
  <node id="-1107" lat="48.7722588" lon="11.4509585" visible="true" />
  <node id="-1108" lat="48.7726708" lon="11.4507569" visible="true" />
  <node id="-1109" lat="48.7726718" lon="11.4508494" visible="true" />
  <node id="-1110" lat="48.7726728" lon="11.4509422" visible="true" />
  <node id="-1111" lat="48.7725898" lon="11.4509443" visible="true" />
  <node id="-1112" lat="48.7725877" lon="11.4507590" visible="true" />
  <node id="-1113" lat="48.7725436" lon="11.4514566" visible="true" />
  <node id="-1114" lat="48.7725466" lon="11.4515795" visible="true" />
  <node id="-1115" lat="48.7723503" lon="11.4512358" visible="true" />
  <node id="-1116" lat="48.7723513" lon="11.4513282" visible="true" />
  <node id="-1117" lat="48.7722628" lon="11.4513291" visible="true" />
  <node id="-1118" lat="48.7726739" lon="11.4510362" visible="true" />
  <node id="-1119" lat="48.7726749" lon="11.4511275" visible="true" />
  <node id="-1120" lat="48.7725918" lon="11.4511296" visible="true" />
  <node id="-1121" lat="48.7726436" lon="11.4514510" visible="true" />
  <node id="-1122" lat="48.7726466" lon="11.4515739" visible="true" />
  <node id="-1123" lat="48.7723412" lon="11.4504016" visible="true" />
  <node id="-1124" lat="48.7723423" lon="11.4504979" visible="true" />
  <node id="-1125" lat="48.7723432" lon="11.4505869" visible="true" />
  <node id="-1126" lat="48.7722547" lon="11.4505878" visible="true" />
  <node id="-1127" lat="48.7722527" lon="11.4504017" visible="true" />
  <node id="-1128" lat="48.7726759" lon="11.4512204" visible="true" />
  <node id="-1129" lat="48.7726769" lon="11.4513128" visible="true" />
  <node id="-1130" lat="48.7725938" lon="11.4513149" visible="true" />
  <node id="-1131" lat="48.7723442" lon="11.4506780" visible="true" />
  <node id="-1132" lat="48.7723453" lon="11.4507722" visible="true" />
  <node id="-1133" lat="48.7722567" lon="11.4507731" visible="true" />
  <node id="-1134" lat="48.7726668" lon="11.4503863" visible="true" />
  <node id="-1135" lat="48.7726678" lon="11.4504825" visible="true" />
  <node id="-1136" lat="48.7726688" lon="11.4505716" visible="true" />
  <node id="-1137" lat="48.7725857" lon="11.4505737" visible="true" />
  <node id="-1138" lat="48.7725837" lon="11.4503884" visible="true" />
  <node id="-1139" lat="48.7723463" lon="11.4508648" visible="true" />
  <node id="-1140" lat="48.7726698" lon="11.4506627" visible="true" />
  <node id="-1141" lat="48.7722436" lon="11.4514734" visible="true" />
  <node id="-1142" lat="48.7722466" lon="11.4515963" visible="true" />
  <node id="-1143" lat="48.7711089" lon="11.4564196" visible="true" />
  <node id="-1144" lat="48.7709508" lon="11.4564233" visible="true" />
  <node id="-1145" lat="48.7709520" lon="11.4565344" visible="true" />
  <node id="-1146" lat="48.7711100" lon="11.4565307" visible="true" />
  <node id="-1147" lat="48.7717015" lon="11.4558297" visible="true" />
  <node id="-1148" lat="48.7717199" lon="11.4561611" visible="true" />
  <node id="-1149" lat="48.7716488" lon="11.4561702" visible="true" />
  <node id="-1150" lat="48.7716303" lon="11.4558388" visible="true" />
  <node id="-1151" lat="48.7708340" lon="11.4480152" visible="true" />
  <node id="-1152" lat="48.7708219" lon="11.4479724" visible="true" />
  <node id="-1153" lat="48.7708841" lon="11.4479322" visible="true" />
  <node id="-1154" lat="48.7708962" lon="11.4479749" visible="true" />
  <node id="-1155" lat="48.7708777" lon="11.4479869" visible="true" />
  <node id="-1156" lat="48.7709073" lon="11.4479677" visible="true" />
  <node id="-1157" lat="48.7709210" lon="11.4480163" visible="true" />
  <node id="-1158" lat="48.7708914" lon="11.4480355" visible="true" />
  <node id="-1159" lat="48.7708975" lon="11.4480572" visible="true" />
  <node id="-1160" lat="48.7708538" lon="11.4480856" visible="true" />
  <node id="-1161" lat="48.7711291" lon="11.4482309" visible="true" />
  <node id="-1162" lat="48.7710429" lon="11.4482832" visible="true" />
  <node id="-1163" lat="48.7710358" lon="11.4482566" visible="true" />
  <node id="-1164" lat="48.7710066" lon="11.4482743" visible="true" />
  <node id="-1165" lat="48.7710023" lon="11.4482581" visible="true" />
  <node id="-1166" lat="48.7709179" lon="11.4483093" visible="true" />
  <node id="-1167" lat="48.7711893" lon="11.4480184" visible="true" />
  <node id="-1168" lat="48.7711860" lon="11.4478922" visible="true" />
  <node id="-1169" lat="48.7713164" lon="11.4478844" visible="true" />
  <node id="-1170" lat="48.7713820" lon="11.4481491" visible="true" />
  <node id="-1171" lat="48.7713263" lon="11.4481524" visible="true" />
  <node id="-1172" lat="48.7713271" lon="11.4481804" visible="true" />
  <node id="-1173" lat="48.7712349" lon="11.4481859" visible="true" />
  <node id="-1174" lat="48.7712765" lon="11.4477700" visible="true" />
  <node id="-1175" lat="48.7711978" lon="11.4475381" visible="true" />
  <node id="-1176" lat="48.7712351" lon="11.4475370" visible="true" />
  <node id="-1177" lat="48.7712362" lon="11.4476237" visible="true" />
  <node id="-1178" lat="48.7711989" lon="11.4476248" visible="true" />
  <node id="-1179" lat="48.7712346" lon="11.4474949" visible="true" />
  <node id="-1180" lat="48.7711794" lon="11.4475387" visible="true" />
  <node id="-1181" lat="48.7711789" lon="11.4474966" visible="true" />
  <node id="-1182" lat="48.7711737" lon="11.4473392" visible="true" />
  <node id="-1183" lat="48.7711768" lon="11.4473782" visible="true" />
  <node id="-1184" lat="48.7711175" lon="11.4473890" visible="true" />
  <node id="-1185" lat="48.7711144" lon="11.4473500" visible="true" />
  <node id="-1186" lat="48.7710599" lon="11.4471699" visible="true" />
  <node id="-1187" lat="48.7710495" lon="11.4470812" visible="true" />
  <node id="-1188" lat="48.7711428" lon="11.4470561" visible="true" />
  <node id="-1189" lat="48.7711532" lon="11.4471448" visible="true" />
  <node id="-1190" lat="48.7719574" lon="11.4495155" visible="true" />
  <node id="-1191" lat="48.7719595" lon="11.4496241" visible="true" />
  <node id="-1192" lat="48.7719116" lon="11.4496262" visible="true" />
  <node id="-1193" lat="48.7719095" lon="11.4495176" visible="true" />
  <node id="-1194" lat="48.7712107" lon="11.4495932" visible="true" />
  <node id="-1195" lat="48.7712144" lon="11.4499557" visible="true" />
  <node id="-1196" lat="48.7711401" lon="11.4499575" visible="true" />
  <node id="-1197" lat="48.7711364" lon="11.4495950" visible="true" />
  <node id="-1198" lat="48.7698886" lon="11.4556023" visible="true" />
  <node id="-1199" lat="48.7699426" lon="11.4556168" visible="true" />
  <node id="-1200" lat="48.7699444" lon="11.4549631" visible="true" />
  <node id="-1201" lat="48.7700013" lon="11.4549717" visible="true" />
  <node id="-1202" lat="48.7699773" lon="11.4555110" visible="true" />
  <node id="-1203" lat="48.7699642" lon="11.4556226" visible="true" />
  <node id="-1204" lat="48.7698712" lon="11.4555976" visible="true" />
  <node id="-1205" lat="48.7699011" lon="11.4553427" visible="true" />
  <node id="-1206" lat="48.7699817" lon="11.4554732" visible="true" />
  <node id="-1207" lat="48.7699951" lon="11.4554769" visible="true" />
  <node id="-1208" lat="48.7699906" lon="11.4555146" visible="true" />
  <node id="-1209" lat="48.7700469" lon="11.4548600" visible="true" />
  <node id="-1210" lat="48.7700391" lon="11.4549774" visible="true" />
  <node id="-1211" lat="48.7700572" lon="11.4547031" visible="true" />
  <node id="-1212" lat="48.7700494" lon="11.4548224" visible="true" />
  <node id="-1213" lat="48.7700619" lon="11.4548243" visible="true" />
  <node id="-1214" lat="48.7700594" lon="11.4548619" visible="true" />
  <node id="-1215" lat="48.7707261" lon="11.4559646" visible="true" />
  <node id="-1216" lat="48.7707199" lon="11.4560583" visible="true" />
  <node id="-1217" lat="48.7706312" lon="11.4560449" visible="true" />
  <node id="-1218" lat="48.7706373" lon="11.4559512" visible="true" />
  <node id="-1219" lat="48.7707156" lon="11.4561516" visible="true" />
  <node id="-1220" lat="48.7706998" lon="11.4563911" visible="true" />
  <node id="-1221" lat="48.7706395" lon="11.4563819" visible="true" />
  <node id="-1222" lat="48.7706552" lon="11.4561425" visible="true" />
  <node id="-1223" lat="48.7707845" lon="11.4551008" visible="true" />
  <node id="-1224" lat="48.7707684" lon="11.4553450" visible="true" />
  <node id="-1225" lat="48.7707104" lon="11.4553362" visible="true" />
  <node id="-1226" lat="48.7707265" lon="11.4550920" visible="true" />
  <node id="-1227" lat="48.7706676" lon="11.4555073" visible="true" />
  <node id="-1228" lat="48.7706732" lon="11.4554214" visible="true" />
  <node id="-1229" lat="48.7707639" lon="11.4554352" visible="true" />
  <node id="-1230" lat="48.7707582" lon="11.4555210" visible="true" />
  <node id="-1231" lat="48.7702869" lon="11.4546841" visible="true" />
  <node id="-1232" lat="48.7702823" lon="11.4549732" visible="true" />
  <node id="-1233" lat="48.7701976" lon="11.4549700" visible="true" />
  <node id="-1234" lat="48.7701986" lon="11.4549043" visible="true" />
  <node id="-1235" lat="48.7702268" lon="11.4549053" visible="true" />
  <node id="-1236" lat="48.7702304" lon="11.4546820" visible="true" />
  <node id="-1237" lat="48.7702841" lon="11.4544762" visible="true" />
  <node id="-1238" lat="48.7702842" lon="11.4545746" visible="true" />
  <node id="-1239" lat="48.7702353" lon="11.4545747" visible="true" />
  <node id="-1240" lat="48.7702352" lon="11.4545393" visible="true" />
  <node id="-1241" lat="48.7702078" lon="11.4545393" visible="true" />
  <node id="-1242" lat="48.7702078" lon="11.4544763" visible="true" />
  <node id="-1243" lat="48.7705657" lon="11.4542633" visible="true" />
  <node id="-1244" lat="48.7706613" lon="11.4542582" visible="true" />
  <node id="-1245" lat="48.7706645" lon="11.4543964" visible="true" />
  <node id="-1246" lat="48.7711248" lon="11.4519116" visible="true" />
  <node id="-1247" lat="48.7711250" lon="11.4519318" visible="true" />
  <node id="-1248" lat="48.7711260" lon="11.4520155" visible="true" />
  <node id="-1249" lat="48.7710652" lon="11.4520172" visible="true" />
  <node id="-1250" lat="48.7710455" lon="11.4520178" visible="true" />
  <node id="-1251" lat="48.7710442" lon="11.4519138" visible="true" />
  <node id="-1252" lat="48.7711235" lon="11.4518076" visible="true" />
  <node id="-1253" lat="48.7711245" lon="11.4518892" visible="true" />
  <node id="-1254" lat="48.7710430" lon="11.4518099" visible="true" />
  <node id="-1255" lat="48.7711222" lon="11.4517036" visible="true" />
  <node id="-1256" lat="48.7711225" lon="11.4517267" visible="true" />
  <node id="-1257" lat="48.7710417" lon="11.4517059" visible="true" />
  <node id="-1258" lat="48.7711209" lon="11.4515997" visible="true" />
  <node id="-1259" lat="48.7711219" lon="11.4516820" visible="true" />
  <node id="-1260" lat="48.7710404" lon="11.4516019" visible="true" />
  <node id="-1261" lat="48.7711199" lon="11.4515146" visible="true" />
  <node id="-1262" lat="48.7708682" lon="11.4519904" visible="true" />
  <node id="-1263" lat="48.7708685" lon="11.4520118" visible="true" />
  <node id="-1264" lat="48.7708695" lon="11.4520930" visible="true" />
  <node id="-1265" lat="48.7708128" lon="11.4520946" visible="true" />
  <node id="-1266" lat="48.7707920" lon="11.4520952" visible="true" />
  <node id="-1267" lat="48.7707907" lon="11.4519926" visible="true" />
  <node id="-1268" lat="48.7708670" lon="11.4518877" visible="true" />
  <node id="-1269" lat="48.7708680" lon="11.4519722" visible="true" />
  <node id="-1270" lat="48.7707895" lon="11.4518899" visible="true" />
  <node id="-1271" lat="48.7708657" lon="11.4517851" visible="true" />
  <node id="-1272" lat="48.7708660" lon="11.4518047" visible="true" />
  <node id="-1273" lat="48.7707882" lon="11.4517872" visible="true" />
  <node id="-1274" lat="48.7708645" lon="11.4516824" visible="true" />
  <node id="-1275" lat="48.7708655" lon="11.4517661" visible="true" />
  <node id="-1276" lat="48.7707870" lon="11.4516846" visible="true" />
  <node id="-1277" lat="48.7708634" lon="11.4515975" visible="true" />
  <node id="-1278" lat="48.7701140" lon="11.4522512" visible="true" />
  <node id="-1279" lat="48.7701143" lon="11.4522698" visible="true" />
  <node id="-1280" lat="48.7701153" lon="11.4523489" visible="true" />
  <node id="-1281" lat="48.7700366" lon="11.4523514" visible="true" />
  <node id="-1282" lat="48.7700353" lon="11.4522536" visible="true" />
  <node id="-1283" lat="48.7701127" lon="11.4521535" visible="true" />
  <node id="-1284" lat="48.7701138" lon="11.4522343" visible="true" />
  <node id="-1285" lat="48.7700340" lon="11.4521559" visible="true" />
  <node id="-1286" lat="48.7706125" lon="11.4517110" visible="true" />
  <node id="-1287" lat="48.7706136" lon="11.4518133" visible="true" />
  <node id="-1288" lat="48.7705338" lon="11.4518153" visible="true" />
  <node id="-1289" lat="48.7702790" lon="11.4517733" visible="true" />
  <node id="-1290" lat="48.7702777" lon="11.4516493" visible="true" />
  <node id="-1291" lat="48.7703573" lon="11.4516475" visible="true" />
  <node id="-1292" lat="48.7703584" lon="11.4517543" visible="true" />
  <node id="-1293" lat="48.7703586" lon="11.4517714" visible="true" />
  <node id="-1294" lat="48.7703625" lon="11.4521599" visible="true" />
  <node id="-1295" lat="48.7703628" lon="11.4521828" visible="true" />
  <node id="-1296" lat="48.7703636" lon="11.4522638" visible="true" />
  <node id="-1297" lat="48.7703075" lon="11.4522651" visible="true" />
  <node id="-1298" lat="48.7702840" lon="11.4522657" visible="true" />
  <node id="-1299" lat="48.7702829" lon="11.4521618" visible="true" />
  <node id="-1300" lat="48.7703623" lon="11.4521402" visible="true" />
  <node id="-1301" lat="48.7703588" lon="11.4517899" visible="true" />
  <node id="-1302" lat="48.7706166" lon="11.4520813" visible="true" />
  <node id="-1303" lat="48.7706168" lon="11.4520978" visible="true" />
  <node id="-1304" lat="48.7706177" lon="11.4521825" visible="true" />
  <node id="-1305" lat="48.7705602" lon="11.4521840" visible="true" />
  <node id="-1306" lat="48.7705380" lon="11.4521846" visible="true" />
  <node id="-1307" lat="48.7705368" lon="11.4520834" visible="true" />
  <node id="-1308" lat="48.7719799" lon="11.4514285" visible="true" />
  <node id="-1309" lat="48.7719820" lon="11.4515598" visible="true" />
  <node id="-1310" lat="48.7715658" lon="11.4515750" visible="true" />
  <node id="-1311" lat="48.7715637" lon="11.4514436" visible="true" />
  <node id="-1312" lat="48.7700308" lon="11.4544078" visible="true" />
  <node id="-1313" lat="48.7699728" lon="11.4544079" visible="true" />
  <node id="-1314" lat="48.7699622" lon="11.4538643" visible="true" />
  <node id="-1315" lat="48.7700144" lon="11.4538642" visible="true" />
  <node id="-1316" lat="48.7699186" lon="11.4533310" visible="true" />
  <node id="-1317" lat="48.7699169" lon="11.4533112" visible="true" />
  <node id="-1318" lat="48.7700279" lon="11.4533034" visible="true" />
  <node id="-1319" lat="48.7700378" lon="11.4533805" visible="true" />
  <node id="-1320" lat="48.7701931" lon="11.4522669" visible="true" />
  <node id="-1321" lat="48.7701942" lon="11.4523821" visible="true" />
  <node id="-1322" lat="48.7701477" lon="11.4523832" visible="true" />
  <node id="-1323" lat="48.7701465" lon="11.4522680" visible="true" />
  <node id="-1324" lat="48.7703084" lon="11.4523474" visible="true" />
  <node id="-1325" lat="48.7702628" lon="11.4523484" visible="true" />
  <node id="-1326" lat="48.7702619" lon="11.4522662" visible="true" />
  <node id="-1327" lat="48.7704461" lon="11.4521865" visible="true" />
  <node id="-1328" lat="48.7704474" lon="11.4523056" visible="true" />
  <node id="-1329" lat="48.7704000" lon="11.4523068" visible="true" />
  <node id="-1330" lat="48.7703987" lon="11.4521877" visible="true" />
  <node id="-1331" lat="48.7705611" lon="11.4522619" visible="true" />
  <node id="-1332" lat="48.7705141" lon="11.4522631" visible="true" />
  <node id="-1333" lat="48.7705132" lon="11.4521852" visible="true" />
  <node id="-1334" lat="48.7706155" lon="11.4519801" visible="true" />
  <node id="-1335" lat="48.7706164" lon="11.4520643" visible="true" />
  <node id="-1336" lat="48.7705357" lon="11.4519822" visible="true" />
  <node id="-1337" lat="48.7706146" lon="11.4519029" visible="true" />
  <node id="-1338" lat="48.7706974" lon="11.4521025" visible="true" />
  <node id="-1339" lat="48.7706988" lon="11.4522164" visible="true" />
  <node id="-1340" lat="48.7706503" lon="11.4522178" visible="true" />
  <node id="-1341" lat="48.7706489" lon="11.4521039" visible="true" />
  <node id="-1342" lat="48.7708139" lon="11.4521814" visible="true" />
  <node id="-1343" lat="48.7707657" lon="11.4521828" visible="true" />
  <node id="-1344" lat="48.7707647" lon="11.4520960" visible="true" />
  <node id="-1345" lat="48.7709504" lon="11.4520272" visible="true" />
  <node id="-1346" lat="48.7709519" lon="11.4521446" visible="true" />
  <node id="-1347" lat="48.7709047" lon="11.4521460" visible="true" />
  <node id="-1348" lat="48.7709033" lon="11.4520285" visible="true" />
  <node id="-1349" lat="48.7710662" lon="11.4520982" visible="true" />
  <node id="-1350" lat="48.7710198" lon="11.4520995" visible="true" />
  <node id="-1351" lat="48.7710188" lon="11.4520185" visible="true" />
  <node id="-1352" lat="48.7712356" lon="11.4519946" visible="true" />
  <node id="-1353" lat="48.7712365" lon="11.4520725" visible="true" />
  <node id="-1354" lat="48.7711601" lon="11.4520746" visible="true" />
  <node id="-1355" lat="48.7711591" lon="11.4519968" visible="true" />
  <node id="-1356" lat="48.7712667" lon="11.4518968" visible="true" />
  <node id="-1357" lat="48.7711612" lon="11.4518998" visible="true" />
  <node id="-1358" lat="48.7711602" lon="11.4518238" visible="true" />
  <node id="-1359" lat="48.7712657" lon="11.4518208" visible="true" />
  <node id="-1360" lat="48.7710256" lon="11.4508971" visible="true" />
  <node id="-1361" lat="48.7710280" lon="11.4512464" visible="true" />
  <node id="-1362" lat="48.7709790" lon="11.4512472" visible="true" />
  <node id="-1363" lat="48.7709767" lon="11.4508979" visible="true" />
  <node id="-1364" lat="48.7703859" lon="11.4539007" visible="true" />
  <node id="-1365" lat="48.7702891" lon="11.4539432" visible="true" />
  <node id="-1366" lat="48.7702648" lon="11.4538161" visible="true" />
  <node id="-1367" lat="48.7704459" lon="11.4537366" visible="true" />
  <node id="-1368" lat="48.7710073" lon="11.4531118" visible="true" />
  <node id="-1369" lat="48.7710165" lon="11.4532457" visible="true" />
  <node id="-1370" lat="48.7709230" lon="11.4532606" visible="true" />
  <node id="-1371" lat="48.7705617" lon="11.4530877" visible="true" />
  <node id="-1372" lat="48.7705706" lon="11.4532249" visible="true" />
  <node id="-1373" lat="48.7704761" lon="11.4532391" visible="true" />
  <node id="-1374" lat="48.7730738" lon="11.4535249" visible="true" />
  <node id="-1375" lat="48.7730191" lon="11.4528315" visible="true" />
  <node id="-1376" lat="48.7731489" lon="11.4528079" visible="true" />
  <node id="-1377" lat="48.7731506" lon="11.4528290" visible="true" />
  <node id="-1378" lat="48.7732021" lon="11.4534825" visible="true" />
  <node id="-1379" lat="48.7732036" lon="11.4535014" visible="true" />
  <node id="-1380" lat="48.7702033" lon="11.4534272" visible="true" />
  <node id="-1381" lat="48.7705072" lon="11.4533769" visible="true" />
  <node id="-1382" lat="48.7705272" lon="11.4536550" visible="true" />
  <node id="-1383" lat="48.7702220" lon="11.4537056" visible="true" />
  <node id="-1384" lat="48.7702175" lon="11.4536426" visible="true" />
  <node id="-1385" lat="48.7704761" lon="11.4535998" visible="true" />
  <node id="-1386" lat="48.7704655" lon="11.4534530" visible="true" />
  <node id="-1387" lat="48.7702082" lon="11.4534957" visible="true" />
  <node id="-1388" lat="48.7702923" lon="11.4544784" visible="true" />
  <node id="-1389" lat="48.7705980" lon="11.4544780" visible="true" />
  <node id="-1390" lat="48.7705981" lon="11.4547578" visible="true" />
  <node id="-1391" lat="48.7702910" lon="11.4547580" visible="true" />
  <node id="-1392" lat="48.7702911" lon="11.4546948" visible="true" />
  <node id="-1393" lat="48.7705510" lon="11.4546944" visible="true" />
  <node id="-1394" lat="48.7705513" lon="11.4545468" visible="true" />
  <node id="-1395" lat="48.7702923" lon="11.4545476" visible="true" />
  <node id="-1396" lat="48.7706709" lon="11.4480484" visible="true" />
  <node id="-1397" lat="48.7707163" lon="11.4489820" visible="true" />
  <node id="-1398" lat="48.7703487" lon="11.4490230" visible="true" />
  <node id="-1399" lat="48.7703032" lon="11.4480894" visible="true" />
  <node id="-1400" lat="48.7698989" lon="11.4561768" visible="true" />
  <node id="-1401" lat="48.7697583" lon="11.4561329" visible="true" />
  <node id="-1402" lat="48.7696821" lon="11.4561269" visible="true" />
  <node id="-1403" lat="48.7696768" lon="11.4562485" visible="true" />
  <node id="-1404" lat="48.7697425" lon="11.4562605" visible="true" />
  <node id="-1405" lat="48.7697386" lon="11.4562944" visible="true" />
  <node id="-1406" lat="48.7698766" lon="11.4563203" visible="true" />
  <node id="-1407" lat="48.7709855" lon="11.4475104" visible="true" />
  <node id="-1408" lat="48.7708926" lon="11.4475645" visible="true" />
  <node id="-1409" lat="48.7709432" lon="11.4477645" visible="true" />
  <node id="-1410" lat="48.7709672" lon="11.4477388" visible="true" />
  <node id="-1411" lat="48.7709783" lon="11.4477825" visible="true" />
  <node id="-1412" lat="48.7710446" lon="11.4477439" visible="true" />
  <node id="-1413" lat="48.7708170" lon="11.4475374" visible="true" />
  <node id="-1414" lat="48.7707264" lon="11.4475948" visible="true" />
  <node id="-1415" lat="48.7708151" lon="11.4479176" visible="true" />
  <node id="-1416" lat="48.7708808" lon="11.4478760" visible="true" />
  <node id="-1417" lat="48.7708668" lon="11.4478251" visible="true" />
  <node id="-1418" lat="48.7708917" lon="11.4478093" visible="true" />
  <node id="-1419" lat="48.7736609" lon="11.4490103" visible="true" />
  <node id="-1420" lat="48.7736632" lon="11.4491372" visible="true" />
  <node id="-1421" lat="48.7735486" lon="11.4501753" visible="true" />
  <node id="-1422" lat="48.7735064" lon="11.4501794" visible="true" />
  <node id="-1423" lat="48.7734991" lon="11.4500083" visible="true" />
  <node id="-1424" lat="48.7735413" lon="11.4500042" visible="true" />
  <node id="-1425" lat="48.7735536" lon="11.4502939" visible="true" />
  <node id="-1426" lat="48.7734982" lon="11.4502993" visible="true" />
  <node id="-1427" lat="48.7734931" lon="11.4501807" visible="true" />
  <node id="-1428" lat="48.7735521" lon="11.4504717" visible="true" />
  <node id="-1429" lat="48.7735358" lon="11.4505683" visible="true" />
  <node id="-1430" lat="48.7734929" lon="11.4504767" visible="true" />
  <node id="-1431" lat="48.7735017" lon="11.4527281" visible="true" />
  <node id="-1432" lat="48.7736847" lon="11.4526275" visible="true" />
  <node id="-1433" lat="48.7737001" lon="11.4526922" visible="true" />
  <node id="-1434" lat="48.7735172" lon="11.4527928" visible="true" />
  <node id="-1435" lat="48.7734284" lon="11.4528877" visible="true" />
  <node id="-1436" lat="48.7735255" lon="11.4534233" visible="true" />
  <node id="-1437" lat="48.7735636" lon="11.4536333" visible="true" />
  <node id="-1438" lat="48.7732119" lon="11.4537810" visible="true" />
  <node id="-1439" lat="48.7732074" lon="11.4535560" visible="true" />
  <node id="-1440" lat="48.7734242" lon="11.4534646" visible="true" />
  <node id="-1441" lat="48.7733272" lon="11.4529299" visible="true" />
  <node id="-1442" lat="48.7714359" lon="11.4530575" visible="true" />
  <node id="-1443" lat="48.7714273" lon="11.4527759" visible="true" />
  <node id="-1444" lat="48.7714143" lon="11.4523550" visible="true" />
  <node id="-1445" lat="48.7714115" lon="11.4522497" visible="true" />
  <node id="-1446" lat="48.7710526" lon="11.4523036" visible="true" />
  <node id="-1447" lat="48.7710298" lon="11.4523255" visible="true" />
  <node id="-1448" lat="48.7710092" lon="11.4523612" visible="true" />
  <node id="-1449" lat="48.7710043" lon="11.4524057" visible="true" />
  <node id="-1450" lat="48.7710849" lon="11.4529035" visible="true" />
  <node id="-1451" lat="48.7711471" lon="11.4528889" visible="true" />
  <node id="-1452" lat="48.7711688" lon="11.4532927" visible="true" />
  <node id="-1453" lat="48.7711762" lon="11.4534030" visible="true" />
  <node id="-1454" lat="48.7712172" lon="11.4534000" visible="true" />
  <node id="-1455" lat="48.7712174" lon="11.4535090" visible="true" />
  <node id="-1456" lat="48.7716158" lon="11.4534758" visible="true" />
  <node id="-1457" lat="48.7716072" lon="11.4530490" visible="true" />
  <node id="-1458" lat="48.7729293" lon="11.4479337" visible="true" />
  <node id="-1459" lat="48.7727674" lon="11.4479370" visible="true" />
  <node id="-1460" lat="48.7729172" lon="11.4477599" visible="true" />
  <node id="-1461" lat="48.7729543" lon="11.4478758" visible="true" />
  <node id="-1462" lat="48.7729527" lon="11.4477978" visible="true" />
  <node id="-1463" lat="48.7730068" lon="11.4477953" visible="true" />
  <node id="-1464" lat="48.7730059" lon="11.4477547" visible="true" />
  <node id="-1465" lat="48.7729699" lon="11.4477571" visible="true" />
  <node id="-1466" lat="48.7729423" lon="11.4475444" visible="true" />
  <node id="-1467" lat="48.7729424" lon="11.4475541" visible="true" />
  <node id="-1468" lat="48.7729433" lon="11.4476331" visible="true" />
  <node id="-1469" lat="48.7727630" lon="11.4475721" visible="true" />
  <node id="-1470" lat="48.7728337" lon="11.4475701" visible="true" />
  <node id="-1471" lat="48.7728334" lon="11.4475477" visible="true" />
  <node id="-1472" lat="48.7729119" lon="11.4475450" visible="true" />
  <node id="-1473" lat="48.7729687" lon="11.4477043" visible="true" />
  <node id="-1474" lat="48.7729040" lon="11.4477079" visible="true" />
  <node id="-1475" lat="48.7729052" lon="11.4477606" visible="true" />
  <node id="-1476" lat="48.7729115" lon="11.4475037" visible="true" />
  <node id="-1477" lat="48.7729754" lon="11.4475534" visible="true" />
  <node id="-1478" lat="48.7729749" lon="11.4475025" visible="true" />
  <node id="-1479" lat="48.7729662" lon="11.4475026" visible="true" />
  <node id="-1480" lat="48.7739343" lon="11.4476545" visible="true" />
  <node id="-1481" lat="48.7738756" lon="11.4476578" visible="true" />
  <node id="-1482" lat="48.7738793" lon="11.4478116" visible="true" />
  <node id="-1483" lat="48.7738815" lon="11.4479039" visible="true" />
  <node id="-1484" lat="48.7738455" lon="11.4476593" visible="true" />
  <node id="-1485" lat="48.7738485" lon="11.4478112" visible="true" />
  <node id="-1486" lat="48.7737079" lon="11.4478979" visible="true" />
  <node id="-1487" lat="48.7737058" lon="11.4476103" visible="true" />
  <node id="-1488" lat="48.7735926" lon="11.4477316" visible="true" />
  <node id="-1489" lat="48.7735926" lon="11.4477602" visible="true" />
  <node id="-1490" lat="48.7736188" lon="11.4477601" visible="true" />
  <node id="-1491" lat="48.7736192" lon="11.4479092" visible="true" />
  <node id="-1492" lat="48.7735724" lon="11.4477323" visible="true" />
  <node id="-1493" lat="48.7736502" lon="11.4476025" visible="true" />
  <node id="-1494" lat="48.7735705" lon="11.4476053" visible="true" />
  <node id="-1495" lat="48.7736411" lon="11.4477299" visible="true" />
  <node id="-1496" lat="48.7736403" lon="11.4476774" visible="true" />
  <node id="-1497" lat="48.7736514" lon="11.4476771" visible="true" />
  <node id="-1498" lat="48.7734734" lon="11.4476170" visible="true" />
  <node id="-1499" lat="48.7734436" lon="11.4476191" visible="true" />
  <node id="-1500" lat="48.7734461" lon="11.4477280" visible="true" />
  <node id="-1501" lat="48.7734760" lon="11.4477260" visible="true" />
  <node id="-1502" lat="48.7735033" lon="11.4476149" visible="true" />
  <node id="-1503" lat="48.7735059" lon="11.4477239" visible="true" />
  <node id="-1504" lat="48.7733155" lon="11.4476716" visible="true" />
  <node id="-1505" lat="48.7733167" lon="11.4477996" visible="true" />
  <node id="-1506" lat="48.7733148" lon="11.4478172" visible="true" />
  <node id="-1507" lat="48.7733363" lon="11.4478339" visible="true" />
  <node id="-1508" lat="48.7733363" lon="11.4479188" visible="true" />
  <node id="-1509" lat="48.7732860" lon="11.4478003" visible="true" />
  <node id="-1510" lat="48.7732845" lon="11.4476414" visible="true" />
  <node id="-1511" lat="48.7733152" lon="11.4476408" visible="true" />
  <node id="-1512" lat="48.7731404" lon="11.4477342" visible="true" />
  <node id="-1513" lat="48.7731419" lon="11.4478486" visible="true" />
  <node id="-1514" lat="48.7731619" lon="11.4478480" visible="true" />
  <node id="-1515" lat="48.7731629" lon="11.4479239" visible="true" />
  <node id="-1516" lat="48.7725947" lon="11.4474408" visible="true" />
  <node id="-1517" lat="48.7725959" lon="11.4475270" visible="true" />
  <node id="-1518" lat="48.7725908" lon="11.4475266" visible="true" />
  <node id="-1519" lat="48.7725360" lon="11.4475282" visible="true" />
  <node id="-1520" lat="48.7724279" lon="11.4475321" visible="true" />
  <node id="-1521" lat="48.7724249" lon="11.4474471" visible="true" />
  <node id="-1522" lat="48.7724696" lon="11.4474452" visible="true" />
  <node id="-1523" lat="48.7724235" lon="11.4473713" visible="true" />
  <node id="-1524" lat="48.7724682" lon="11.4473694" visible="true" />
  <node id="-1525" lat="48.7725917" lon="11.4475970" visible="true" />
  <node id="-1526" lat="48.7725369" lon="11.4475986" visible="true" />
  <node id="-1527" lat="48.7726022" lon="11.4480286" visible="true" />
  <node id="-1528" lat="48.7725868" lon="11.4480284" visible="true" />
  <node id="-1529" lat="48.7725102" lon="11.4480315" visible="true" />
  <node id="-1530" lat="48.7725879" lon="11.4480923" visible="true" />
  <node id="-1531" lat="48.7725113" lon="11.4480954" visible="true" />
  <node id="-1532" lat="48.7725451" lon="11.4476547" visible="true" />
  <node id="-1533" lat="48.7724663" lon="11.4476573" visible="true" />
  <node id="-1534" lat="48.7724671" lon="11.4477124" visible="true" />
  <node id="-1535" lat="48.7725459" lon="11.4477097" visible="true" />
  <node id="-1536" lat="48.7724917" lon="11.4480990" visible="true" />
  <node id="-1537" lat="48.7724414" lon="11.4480970" visible="true" />
  <node id="-1538" lat="48.7724424" lon="11.4482195" visible="true" />
  <node id="-1539" lat="48.7724708" lon="11.4482197" visible="true" />
  <node id="-1540" lat="48.7724709" lon="11.4481741" visible="true" />
  <node id="-1541" lat="48.7724915" lon="11.4481742" visible="true" />
  <node id="-1542" lat="48.7726063" lon="11.4483821" visible="true" />
  <node id="-1543" lat="48.7725157" lon="11.4483825" visible="true" />
  <node id="-1544" lat="48.7725985" lon="11.4484387" visible="true" />
  <node id="-1545" lat="48.7725392" lon="11.4484401" visible="true" />
  <node id="-1546" lat="48.7725401" lon="11.4485253" visible="true" />
  <node id="-1547" lat="48.7725994" lon="11.4485239" visible="true" />
  <node id="-1548" lat="48.7726140" lon="11.4488041" visible="true" />
  <node id="-1549" lat="48.7725945" lon="11.4488050" visible="true" />
  <node id="-1550" lat="48.7725956" lon="11.4488621" visible="true" />
  <node id="-1551" lat="48.7725332" lon="11.4488651" visible="true" />
  <node id="-1552" lat="48.7725196" lon="11.4488657" visible="true" />
  <node id="-1553" lat="48.7725186" lon="11.4488201" visible="true" />
  <node id="-1554" lat="48.7724877" lon="11.4488215" visible="true" />
  <node id="-1555" lat="48.7724866" lon="11.4487658" visible="true" />
  <node id="-1556" lat="48.7725183" lon="11.4487643" visible="true" />
  <node id="-1557" lat="48.7724993" lon="11.4485227" visible="true" />
  <node id="-1558" lat="48.7724452" lon="11.4485238" visible="true" />
  <node id="-1559" lat="48.7724456" lon="11.4485692" visible="true" />
  <node id="-1560" lat="48.7724997" lon="11.4485680" visible="true" />
  <node id="-1561" lat="48.7724881" lon="11.4486509" visible="true" />
  <node id="-1562" lat="48.7724481" lon="11.4486539" visible="true" />
  <node id="-1563" lat="48.7724493" lon="11.4486912" visible="true" />
  <node id="-1564" lat="48.7724497" lon="11.4487077" visible="true" />
  <node id="-1565" lat="48.7724502" lon="11.4487373" visible="true" />
  <node id="-1566" lat="48.7724908" lon="11.4487341" visible="true" />
  <node id="-1567" lat="48.7725344" lon="11.4489502" visible="true" />
  <node id="-1568" lat="48.7724475" lon="11.4489506" visible="true" />
  <node id="-1569" lat="48.7724461" lon="11.4488689" visible="true" />
  <node id="-1570" lat="48.7726006" lon="11.4489475" visible="true" />
  <node id="-1571" lat="48.7725359" lon="11.4490333" visible="true" />
  <node id="-1572" lat="48.7726021" lon="11.4490306" visible="true" />
  <node id="-1573" lat="48.7726223" lon="11.4492296" visible="true" />
  <node id="-1574" lat="48.7725321" lon="11.4492313" visible="true" />
  <node id="-1575" lat="48.7724578" lon="11.4491665" visible="true" />
  <node id="-1576" lat="48.7724570" lon="11.4490991" visible="true" />
  <node id="-1577" lat="48.7724586" lon="11.4492456" visible="true" />
  <node id="-1578" lat="48.7724587" lon="11.4492600" visible="true" />
  <node id="-1579" lat="48.7725323" lon="11.4492582" visible="true" />
  <node id="-1580" lat="48.7728541" lon="11.4483661" visible="true" />
  <node id="-1581" lat="48.7727685" lon="11.4483673" visible="true" />
  <node id="-1582" lat="48.7728799" lon="11.4485516" visible="true" />
  <node id="-1583" lat="48.7728813" lon="11.4486405" visible="true" />
  <node id="-1584" lat="48.7728813" lon="11.4486512" visible="true" />
  <node id="-1585" lat="48.7727777" lon="11.4486513" visible="true" />
  <node id="-1586" lat="48.7728610" lon="11.4489303" visible="true" />
  <node id="-1587" lat="48.7727771" lon="11.4489316" visible="true" />
  <node id="-1588" lat="48.7728874" lon="11.4491819" visible="true" />
  <node id="-1589" lat="48.7728642" lon="11.4491824" visible="true" />
  <node id="-1590" lat="48.7728645" lon="11.4492141" visible="true" />
  <node id="-1591" lat="48.7727839" lon="11.4492158" visible="true" />
  <node id="-1592" lat="48.7729378" lon="11.4483600" visible="true" />
  <node id="-1593" lat="48.7728689" lon="11.4483616" visible="true" />
  <node id="-1594" lat="48.7728697" lon="11.4484138" visible="true" />
  <node id="-1595" lat="48.7729383" lon="11.4484118" visible="true" />
  <node id="-1596" lat="48.7729634" lon="11.4484111" visible="true" />
  <node id="-1597" lat="48.7729642" lon="11.4484745" visible="true" />
  <node id="-1598" lat="48.7728705" lon="11.4484772" visible="true" />
  <node id="-1599" lat="48.7729749" lon="11.4486398" visible="true" />
  <node id="-1600" lat="48.7728806" lon="11.4486873" visible="true" />
  <node id="-1601" lat="48.7729461" lon="11.4486886" visible="true" />
  <node id="-1602" lat="48.7729749" lon="11.4486865" visible="true" />
  <node id="-1603" lat="48.7729453" lon="11.4487482" visible="true" />
  <node id="-1604" lat="48.7729168" lon="11.4487477" visible="true" />
  <node id="-1605" lat="48.7728801" lon="11.4487463" visible="true" />
  <node id="-1606" lat="48.7729450" lon="11.4487803" visible="true" />
  <node id="-1607" lat="48.7729166" lon="11.4487798" visible="true" />
  <node id="-1608" lat="48.7729445" lon="11.4489205" visible="true" />
  <node id="-1609" lat="48.7728809" lon="11.4489199" visible="true" />
  <node id="-1610" lat="48.7728805" lon="11.4489791" visible="true" />
  <node id="-1611" lat="48.7729442" lon="11.4489796" visible="true" />
  <node id="-1612" lat="48.7729753" lon="11.4489798" visible="true" />
  <node id="-1613" lat="48.7729751" lon="11.4490419" visible="true" />
  <node id="-1614" lat="48.7728803" lon="11.4490412" visible="true" />
  <node id="-1615" lat="48.7722702" lon="11.4487126" visible="true" />
  <node id="-1616" lat="48.7721926" lon="11.4487152" visible="true" />
  <node id="-1617" lat="48.7722716" lon="11.4488165" visible="true" />
  <node id="-1618" lat="48.7721941" lon="11.4488189" visible="true" />
  <node id="-1619" lat="48.7722736" lon="11.4489649" visible="true" />
  <node id="-1620" lat="48.7721954" lon="11.4489663" visible="true" />
  <node id="-1621" lat="48.7722747" lon="11.4490610" visible="true" />
  <node id="-1622" lat="48.7721963" lon="11.4490633" visible="true" />
  <node id="-1623" lat="48.7722768" lon="11.4491646" visible="true" />
  <node id="-1624" lat="48.7721975" lon="11.4491658" visible="true" />
  <node id="-1625" lat="48.7722782" lon="11.4492478" visible="true" />
  <node id="-1626" lat="48.7721985" lon="11.4492500" visible="true" />
  <node id="-1627" lat="48.7723317" lon="11.4492575" visible="true" />
  <node id="-1628" lat="48.7723043" lon="11.4492582" visible="true" />
  <node id="-1629" lat="48.7722784" lon="11.4492592" visible="true" />
  <node id="-1630" lat="48.7722663" lon="11.4492591" visible="true" />
  <node id="-1631" lat="48.7722668" lon="11.4493134" visible="true" />
  <node id="-1632" lat="48.7723323" lon="11.4493119" visible="true" />
  <node id="-1633" lat="48.7723027" lon="11.4491636" visible="true" />
  <node id="-1634" lat="48.7724465" lon="11.4485985" visible="true" />
  <node id="-1635" lat="48.7724006" lon="11.4486001" visible="true" />
  <node id="-1636" lat="48.7724020" lon="11.4486930" visible="true" />
  <node id="-1637" lat="48.7724134" lon="11.4487092" visible="true" />
  <node id="-1638" lat="48.7724151" lon="11.4488013" visible="true" />
  <node id="-1639" lat="48.7724513" lon="11.4487999" visible="true" />
  <node id="-1640" lat="48.7724333" lon="11.4490582" visible="true" />
  <node id="-1641" lat="48.7723731" lon="11.4490575" visible="true" />
  <node id="-1642" lat="48.7723727" lon="11.4491179" visible="true" />
  <node id="-1643" lat="48.7723994" lon="11.4491182" visible="true" />
  <node id="-1644" lat="48.7723992" lon="11.4491539" visible="true" />
  <node id="-1645" lat="48.7724447" lon="11.4491545" visible="true" />
  <node id="-1646" lat="48.7724450" lon="11.4490929" visible="true" />
  <node id="-1647" lat="48.7724331" lon="11.4490927" visible="true" />
  <node id="-1648" lat="48.7724017" lon="11.4491671" visible="true" />
  <node id="-1649" lat="48.7724017" lon="11.4492472" visible="true" />
  <node id="-1650" lat="48.7722596" lon="11.4480096" visible="true" />
  <node id="-1651" lat="48.7721834" lon="11.4480120" visible="true" />
  <node id="-1652" lat="48.7722609" lon="11.4481059" visible="true" />
  <node id="-1653" lat="48.7721847" lon="11.4481082" visible="true" />
  <node id="-1654" lat="48.7722615" lon="11.4482030" visible="true" />
  <node id="-1655" lat="48.7721859" lon="11.4482044" visible="true" />
  <node id="-1656" lat="48.7722623" lon="11.4483077" visible="true" />
  <node id="-1657" lat="48.7721867" lon="11.4483090" visible="true" />
  <node id="-1658" lat="48.7723805" lon="11.4483053" visible="true" />
  <node id="-1659" lat="48.7723806" lon="11.4483137" visible="true" />
  <node id="-1660" lat="48.7723812" lon="11.4483872" visible="true" />
  <node id="-1661" lat="48.7721882" lon="11.4483914" visible="true" />
  <node id="-1662" lat="48.7724435" lon="11.4483124" visible="true" />
  <node id="-1663" lat="48.7724448" lon="11.4484497" visible="true" />
  <node id="-1664" lat="48.7724379" lon="11.4484491" visible="true" />
  <node id="-1665" lat="48.7723818" lon="11.4484516" visible="true" />
  <node id="-1666" lat="48.7723121" lon="11.4484547" visible="true" />
  <node id="-1667" lat="48.7722614" lon="11.4484567" visible="true" />
  <node id="-1668" lat="48.7722621" lon="11.4485108" visible="true" />
  <node id="-1669" lat="48.7723131" lon="11.4485094" visible="true" />
  <node id="-1670" lat="48.7723659" lon="11.4485071" visible="true" />
  <node id="-1671" lat="48.7723661" lon="11.4485179" visible="true" />
  <node id="-1672" lat="48.7724392" lon="11.4485146" visible="true" />
  <node id="-1673" lat="48.7722363" lon="11.4477538" visible="true" />
  <node id="-1674" lat="48.7723062" lon="11.4477498" visible="true" />
  <node id="-1675" lat="48.7723074" lon="11.4478209" visible="true" />
  <node id="-1676" lat="48.7724084" lon="11.4477442" visible="true" />
  <node id="-1677" lat="48.7724343" lon="11.4477430" visible="true" />
  <node id="-1678" lat="48.7724319" lon="11.4476299" visible="true" />
  <node id="-1679" lat="48.7724060" lon="11.4476312" visible="true" />
  <node id="-1680" lat="48.7724394" lon="11.4479975" visible="true" />
  <node id="-1681" lat="48.7723978" lon="11.4479995" visible="true" />
  <node id="-1682" lat="48.7723998" lon="11.4480989" visible="true" />
  <node id="-1683" lat="48.7738426" lon="11.4524930" visible="true" />
  <node id="-1684" lat="48.7737902" lon="11.4525211" visible="true" />
  <node id="-1685" lat="48.7737961" lon="11.4525772" visible="true" />
  <node id="-1686" lat="48.7737546" lon="11.4525868" visible="true" />
  <node id="-1687" lat="48.7737614" lon="11.4527073" visible="true" />
  <node id="-1688" lat="48.7738593" lon="11.4526902" visible="true" />
  <way id="-1000000000" visible="true">
    <nd ref="-1" />
    <nd ref="-2" />
    <nd ref="-3" />
    <nd ref="-4" />
    <nd ref="-1" />
    <tag k="building" v="yes" />
  </way>
  <way id="-1000000001" visible="true">
    <nd ref="-5" />
    <nd ref="-6" />
    <nd ref="-7" />
    <nd ref="-8" />
    <nd ref="-5" />
    <tag k="building" v="yes" />
  </way>
  <way id="-1000000002" visible="true">
    <nd ref="-9" />
    <nd ref="-10" />
    <nd ref="-11" />
    <nd ref="-12" />
    <nd ref="-13" />
    <nd ref="-14" />
    <nd ref="-15" />
    <nd ref="-9" />
    <tag k="brand" v="trinkgut" />
    <tag k="brand:wikidata" v="Q2453627" />
    <tag k="building" v="retail" />
    <tag k="building:levels" v="1" />
    <tag k="name" v="trinkgut" />
    <tag k="opening_hours" v="Mo-Sa 08:00-20:00" />
    <tag k="roof:shape" v="flat" />
    <tag k="shop" v="beverages" />
  </way>
  <way id="-1000000003" visible="true">
    <nd ref="-16" />
    <nd ref="-17" />
    <nd ref="-18" />
    <nd ref="-19" />
    <nd ref="-20" />
    <nd ref="-21" />
    <nd ref="-22" />
    <nd ref="-23" />
    <nd ref="-24" />
    <nd ref="-25" />
    <nd ref="-26" />
    <nd ref="-27" />
    <nd ref="-28" />
    <nd ref="-29" />
    <nd ref="-30" />
    <nd ref="-31" />
    <nd ref="-32" />
    <nd ref="-33" />
    <nd ref="-34" />
    <nd ref="-35" />
    <nd ref="-36" />
    <nd ref="-37" />
    <nd ref="-38" />
    <nd ref="-39" />
    <nd ref="-40" />
    <nd ref="-41" />
    <nd ref="-42" />
    <nd ref="-43" />
    <nd ref="-44" />
    <nd ref="-45" />
    <nd ref="-46" />
    <nd ref="-47" />
    <nd ref="-16" />
    <tag k="building" v="industrial" />
  </way>
  <way id="-1000000004" visible="true">
    <nd ref="-48" />
    <nd ref="-49" />
    <nd ref="-50" />
    <nd ref="-51" />
    <nd ref="-48" />
    <tag k="addr:city" v="Ingolstadt" />
    <tag k="addr:country" v="DE" />
    <tag k="addr:housenumber" v="63" />
    <tag k="addr:postcode" v="85055" />
    <tag k="addr:street" v="Hebbelstraße" />
    <tag k="building" v="yes" />
  </way>
  <way id="-1000000005" visible="true">
    <nd ref="-52" />
    <nd ref="-53" />
    <nd ref="-54" />
    <nd ref="-55" />
    <nd ref="-52" />
    <tag k="addr:city" v="Ingolstadt" />
    <tag k="addr:country" v="DE" />
    <tag k="addr:housenumber" v="57" />
    <tag k="addr:postcode" v="85055" />
    <tag k="addr:street" v="Hebbelstraße" />
    <tag k="building" v="industrial" />
    <tag k="name" v="Tengler Druck GmbH" />
  </way>
  <way id="-1000000006" visible="true">
    <nd ref="-56" />
    <nd ref="-57" />
    <nd ref="-58" />
    <nd ref="-59" />
    <nd ref="-56" />
    <tag k="building" v="yes" />
  </way>
  <way id="-1000000007" visible="true">
    <nd ref="-60" />
    <nd ref="-61" />
    <nd ref="-62" />
    <nd ref="-63" />
    <nd ref="-60" />
    <tag k="building" v="yes" />
  </way>
  <way id="-1000000008" visible="true">
    <nd ref="-64" />
    <nd ref="-65" />
    <nd ref="-66" />
    <nd ref="-67" />
    <nd ref="-64" />
    <tag k="building" v="yes" />
  </way>
  <way id="-1000000009" visible="true">
    <nd ref="-68" />
    <nd ref="-69" />
    <nd ref="-70" />
    <nd ref="-71" />
    <nd ref="-68" />
    <tag k="building" v="yes" />
  </way>
  <way id="-1000000010" visible="true">
    <nd ref="-72" />
    <nd ref="-73" />
    <nd ref="-74" />
    <nd ref="-75" />
    <nd ref="-72" />
    <tag k="building" v="yes" />
  </way>
  <way id="-1000000011" visible="true">
    <nd ref="-76" />
    <nd ref="-77" />
    <nd ref="-78" />
    <nd ref="-79" />
    <nd ref="-80" />
    <nd ref="-81" />
    <nd ref="-76" />
    <tag k="building" v="yes" />
  </way>
  <way id="-1000000012" visible="true">
    <nd ref="-82" />
    <nd ref="-77" />
    <nd ref="-76" />
    <nd ref="-81" />
    <nd ref="-83" />
    <nd ref="-84" />
    <nd ref="-82" />
    <tag k="building" v="yes" />
  </way>
  <way id="-1000000013" visible="true">
    <nd ref="-85" />
    <nd ref="-86" />
    <nd ref="-87" />
    <nd ref="-88" />
    <nd ref="-85" />
    <tag k="building" v="yes" />
  </way>
  <way id="-1000000014" visible="true">
    <nd ref="-89" />
    <nd ref="-90" />
    <nd ref="-91" />
    <nd ref="-92" />
    <nd ref="-89" />
    <tag k="building" v="yes" />
  </way>
  <way id="-1000000015" visible="true">
    <nd ref="-93" />
    <nd ref="-94" />
    <nd ref="-95" />
    <nd ref="-96" />
    <nd ref="-93" />
    <tag k="building" v="yes" />
  </way>
  <way id="-1000000016" visible="true">
    <nd ref="-97" />
    <nd ref="-98" />
    <nd ref="-99" />
    <nd ref="-100" />
    <nd ref="-97" />
    <tag k="building" v="yes" />
  </way>
  <way id="-1000000017" visible="true">
    <nd ref="-101" />
    <nd ref="-102" />
    <nd ref="-103" />
    <nd ref="-104" />
    <nd ref="-101" />
    <tag k="building" v="yes" />
  </way>
  <way id="-1000000018" visible="true">
    <nd ref="-105" />
    <nd ref="-106" />
    <nd ref="-107" />
    <nd ref="-108" />
    <nd ref="-105" />
    <tag k="building" v="yes" />
  </way>
  <way id="-1000000019" visible="true">
    <nd ref="-109" />
    <nd ref="-110" />
    <nd ref="-111" />
    <nd ref="-112" />
    <nd ref="-109" />
    <tag k="building" v="yes" />
  </way>
  <way id="-1000000020" visible="true">
    <nd ref="-113" />
    <nd ref="-114" />
    <nd ref="-115" />
    <nd ref="-116" />
    <nd ref="-113" />
    <tag k="building" v="yes" />
  </way>
  <way id="-1000000021" visible="true">
    <nd ref="-117" />
    <nd ref="-118" />
    <nd ref="-119" />
    <nd ref="-120" />
    <nd ref="-121" />
    <nd ref="-117" />
    <tag k="building" v="yes" />
  </way>
  <way id="-1000000022" visible="true">
    <nd ref="-122" />
    <nd ref="-123" />
    <nd ref="-124" />
    <nd ref="-125" />
    <nd ref="-126" />
    <nd ref="-127" />
    <nd ref="-128" />
    <nd ref="-129" />
    <nd ref="-122" />
    <tag k="building" v="yes" />
  </way>
  <way id="-1000000023" visible="true">
    <nd ref="-130" />
    <nd ref="-131" />
    <nd ref="-132" />
    <nd ref="-133" />
    <nd ref="-130" />
    <tag k="building" v="yes" />
  </way>
  <way id="-1000000024" visible="true">
    <nd ref="-134" />
    <nd ref="-135" />
    <nd ref="-136" />
    <nd ref="-137" />
    <nd ref="-134" />
    <tag k="building" v="yes" />
  </way>
  <way id="-1000000025" visible="true">
    <nd ref="-138" />
    <nd ref="-139" />
    <nd ref="-140" />
    <nd ref="-141" />
    <nd ref="-142" />
    <nd ref="-143" />
    <nd ref="-144" />
    <nd ref="-145" />
    <nd ref="-138" />
    <tag k="building" v="yes" />
    <tag k="building:levels" v="4" />
    <tag k="roof:levels" v="1" />
    <tag k="roof:orientation" v="along" />
    <tag k="roof:shape" v="gabled" />
  </way>
  <way id="-1000000026" visible="true">
    <nd ref="-146" />
    <nd ref="-147" />
    <nd ref="-148" />
    <nd ref="-149" />
    <nd ref="-146" />
    <tag k="building" v="yes" />
  </way>
  <way id="-1000000027" visible="true">
    <nd ref="-150" />
    <nd ref="-151" />
    <nd ref="-152" />
    <nd ref="-153" />
    <nd ref="-150" />
    <tag k="building" v="yes" />
  </way>
  <way id="-1000000028" visible="true">
    <nd ref="-154" />
    <nd ref="-155" />
    <nd ref="-156" />
    <nd ref="-157" />
    <nd ref="-158" />
    <nd ref="-159" />
    <nd ref="-154" />
    <tag k="building" v="yes" />
    <tag k="building:levels" v="3" />
    <tag k="roof:levels" v="1" />
    <tag k="roof:orientation" v="along" />
    <tag k="roof:shape" v="gabled" />
  </way>
  <way id="-1000000029" visible="true">
    <nd ref="-160" />
    <nd ref="-161" />
    <nd ref="-162" />
    <nd ref="-163" />
    <nd ref="-164" />
    <nd ref="-160" />
    <tag k="building" v="yes" />
    <tag k="building:levels" v="3" />
    <tag k="roof:levels" v="1" />
    <tag k="roof:orientation" v="along" />
    <tag k="roof:shape" v="gabled" />
  </way>
  <way id="-1000000030" visible="true">
    <nd ref="-165" />
    <nd ref="-166" />
    <nd ref="-167" />
    <nd ref="-168" />
    <nd ref="-169" />
    <nd ref="-170" />
    <nd ref="-171" />
    <nd ref="-172" />
    <nd ref="-165" />
    <tag k="building" v="yes" />
    <tag k="building:levels" v="3" />
    <tag k="roof:levels" v="1" />
    <tag k="roof:orientation" v="along" />
    <tag k="roof:shape" v="gabled" />
  </way>
  <way id="-1000000031" visible="true">
    <nd ref="-173" />
    <nd ref="-174" />
    <nd ref="-175" />
    <nd ref="-176" />
    <nd ref="-167" />
    <nd ref="-166" />
    <nd ref="-173" />
    <tag k="building" v="yes" />
    <tag k="building:levels" v="4" />
    <tag k="roof:levels" v="1" />
    <tag k="roof:orientation" v="along" />
    <tag k="roof:shape" v="gabled" />
  </way>
  <way id="-1000000032" visible="true">
    <nd ref="-177" />
    <nd ref="-178" />
    <nd ref="-179" />
    <nd ref="-180" />
    <nd ref="-181" />
    <nd ref="-182" />
    <nd ref="-177" />
    <tag k="building" v="yes" />
    <tag k="building:levels" v="4" />
    <tag k="roof:levels" v="1" />
    <tag k="roof:orientation" v="along" />
    <tag k="roof:shape" v="gabled" />
  </way>
  <way id="-1000000033" visible="true">
    <nd ref="-183" />
    <nd ref="-184" />
    <nd ref="-182" />
    <nd ref="-181" />
    <nd ref="-185" />
    <nd ref="-186" />
    <nd ref="-187" />
    <nd ref="-188" />
    <nd ref="-183" />
    <tag k="building" v="yes" />
    <tag k="building:levels" v="3" />
    <tag k="roof:levels" v="1" />
    <tag k="roof:orientation" v="along" />
    <tag k="roof:shape" v="gabled" />
  </way>
  <way id="-1000000034" visible="true">
    <nd ref="-189" />
    <nd ref="-190" />
    <nd ref="-191" />
    <nd ref="-192" />
    <nd ref="-193" />
    <nd ref="-189" />
    <tag k="building" v="apartments" />
    <tag k="building:levels" v="3" />
    <tag k="roof:levels" v="1" />
    <tag k="roof:orientation" v="along" />
    <tag k="roof:shape" v="gabled" />
  </way>
  <way id="-1000000035" visible="true">
    <nd ref="-194" />
    <nd ref="-195" />
    <nd ref="-196" />
    <nd ref="-197" />
    <nd ref="-198" />
    <nd ref="-194" />
    <tag k="building" v="yes" />
    <tag k="building:levels" v="3" />
    <tag k="roof:levels" v="1" />
    <tag k="roof:orientation" v="along" />
    <tag k="roof:shape" v="gabled" />
  </way>
  <way id="-1000000036" visible="true">
    <nd ref="-199" />
    <nd ref="-200" />
    <nd ref="-201" />
    <nd ref="-202" />
    <nd ref="-203" />
    <nd ref="-204" />
    <nd ref="-199" />
    <tag k="building" v="apartments" />
    <tag k="building:levels" v="4" />
    <tag k="roof:levels" v="1" />
    <tag k="roof:orientation" v="along" />
    <tag k="roof:shape" v="gabled" />
  </way>
  <way id="-1000000037" visible="true">
    <nd ref="-205" />
    <nd ref="-206" />
    <nd ref="-207" />
    <nd ref="-208" />
    <nd ref="-209" />
    <nd ref="-210" />
    <nd ref="-211" />
    <nd ref="-200" />
    <nd ref="-199" />
    <nd ref="-205" />
    <tag k="building" v="apartments" />
    <tag k="building:levels" v="3" />
    <tag k="roof:levels" v="1" />
    <tag k="roof:orientation" v="along" />
    <tag k="roof:shape" v="gabled" />
  </way>
  <way id="-1000000038" visible="true">
    <nd ref="-212" />
    <nd ref="-213" />
    <nd ref="-214" />
    <nd ref="-215" />
    <nd ref="-216" />
    <nd ref="-217" />
    <nd ref="-218" />
    <nd ref="-219" />
    <nd ref="-212" />
    <tag k="building" v="apartments" />
    <tag k="building:levels" v="3" />
    <tag k="roof:levels" v="1" />
    <tag k="roof:orientation" v="along" />
    <tag k="roof:shape" v="gabled" />
  </way>
  <way id="-1000000039" visible="true">
    <nd ref="-220" />
    <nd ref="-221" />
    <nd ref="-222" />
    <nd ref="-223" />
    <nd ref="-224" />
    <nd ref="-225" />
    <nd ref="-226" />
    <nd ref="-227" />
    <nd ref="-228" />
    <nd ref="-229" />
    <nd ref="-230" />
    <nd ref="-220" />
    <tag k="building" v="apartments" />
    <tag k="building:levels" v="3" />
    <tag k="roof:levels" v="1" />
    <tag k="roof:orientation" v="along" />
    <tag k="roof:shape" v="gabled" />
  </way>
  <way id="-1000000040" visible="true">
    <nd ref="-231" />
    <nd ref="-232" />
    <nd ref="-233" />
    <nd ref="-234" />
    <nd ref="-235" />
    <nd ref="-236" />
    <nd ref="-237" />
    <nd ref="-238" />
    <nd ref="-239" />
    <nd ref="-231" />
    <tag k="building" v="yes" />
    <tag k="building:levels" v="3" />
    <tag k="roof:levels" v="1" />
    <tag k="roof:orientation" v="along" />
    <tag k="roof:shape" v="gabled" />
  </way>
  <way id="-1000000041" visible="true">
    <nd ref="-240" />
    <nd ref="-241" />
    <nd ref="-242" />
    <nd ref="-243" />
    <nd ref="-244" />
    <nd ref="-245" />
    <nd ref="-246" />
    <nd ref="-247" />
    <nd ref="-248" />
    <nd ref="-249" />
    <nd ref="-240" />
    <tag k="building" v="yes" />
    <tag k="building:levels" v="3" />
    <tag k="roof:levels" v="1" />
    <tag k="roof:orientation" v="along" />
    <tag k="roof:shape" v="gabled" />
  </way>
  <way id="-1000000042" visible="true">
    <nd ref="-250" />
    <nd ref="-251" />
    <nd ref="-252" />
    <nd ref="-253" />
    <nd ref="-254" />
    <nd ref="-255" />
    <nd ref="-256" />
    <nd ref="-257" />
    <nd ref="-258" />
    <nd ref="-259" />
    <nd ref="-250" />
    <tag k="building" v="yes" />
    <tag k="building:levels" v="3" />
    <tag k="roof:levels" v="1" />
    <tag k="roof:orientation" v="along" />
    <tag k="roof:shape" v="gabled" />
  </way>
  <way id="-1000000043" visible="true">
    <nd ref="-260" />
    <nd ref="-261" />
    <nd ref="-262" />
    <nd ref="-263" />
    <nd ref="-264" />
    <nd ref="-265" />
    <nd ref="-266" />
    <nd ref="-267" />
    <nd ref="-268" />
    <nd ref="-269" />
    <nd ref="-270" />
    <nd ref="-271" />
    <nd ref="-272" />
    <nd ref="-273" />
    <nd ref="-274" />
    <nd ref="-275" />
    <nd ref="-276" />
    <nd ref="-277" />
    <nd ref="-278" />
    <nd ref="-279" />
    <nd ref="-280" />
    <nd ref="-281" />
    <nd ref="-282" />
    <nd ref="-283" />
    <nd ref="-260" />
    <tag k="addr:housenumber" v="140" />
    <tag k="addr:street" v="Goethestraße" />
    <tag k="building" v="apartments" />
  </way>
  <way id="-1000000044" visible="true">
    <nd ref="-284" />
    <nd ref="-285" />
    <nd ref="-286" />
    <nd ref="-287" />
    <nd ref="-288" />
    <nd ref="-289" />
    <nd ref="-290" />
    <nd ref="-291" />
    <nd ref="-292" />
    <nd ref="-293" />
    <nd ref="-294" />
    <nd ref="-295" />
    <nd ref="-296" />
    <nd ref="-297" />
    <nd ref="-298" />
    <nd ref="-299" />
    <nd ref="-300" />
    <nd ref="-301" />
    <nd ref="-302" />
    <nd ref="-303" />
    <nd ref="-304" />
    <nd ref="-305" />
    <nd ref="-306" />
    <nd ref="-307" />
    <nd ref="-284" />
    <tag k="addr:city" v="Ingolstadt" />
    <tag k="addr:housenumber" v="142" />
    <tag k="addr:postcode" v="85055" />
    <tag k="addr:street" v="Goethestraße" />
    <tag k="building" v="apartments" />
  </way>
  <way id="-1000000045" visible="true">
    <nd ref="-308" />
    <nd ref="-309" />
    <nd ref="-310" />
    <nd ref="-311" />
    <nd ref="-312" />
    <nd ref="-313" />
    <nd ref="-314" />
    <nd ref="-308" />
    <tag k="building" v="apartments" />
    <tag k="building:levels" v="3" />
    <tag k="roof:levels" v="1" />
    <tag k="roof:orientation" v="along" />
    <tag k="roof:shape" v="gabled" />
  </way>
  <way id="-1000000046" visible="true">
    <nd ref="-315" />
    <nd ref="-316" />
    <nd ref="-317" />
    <nd ref="-318" />
    <nd ref="-319" />
    <nd ref="-320" />
    <nd ref="-321" />
    <nd ref="-315" />
    <tag k="building" v="yes" />
    <tag k="building:levels" v="3" />
    <tag k="roof:levels" v="1" />
    <tag k="roof:orientation" v="along" />
    <tag k="roof:shape" v="gabled" />
  </way>
  <way id="-1000000047" visible="true">
    <nd ref="-322" />
    <nd ref="-323" />
    <nd ref="-324" />
    <nd ref="-325" />
    <nd ref="-326" />
    <nd ref="-327" />
    <nd ref="-328" />
    <nd ref="-322" />
    <tag k="building" v="apartments" />
    <tag k="building:levels" v="3" />
    <tag k="roof:levels" v="1" />
    <tag k="roof:orientation" v="along" />
    <tag k="roof:shape" v="gabled" />
  </way>
  <way id="-1000000048" visible="true">
    <nd ref="-329" />
    <nd ref="-330" />
    <nd ref="-331" />
    <nd ref="-332" />
    <nd ref="-333" />
    <nd ref="-334" />
    <nd ref="-335" />
    <nd ref="-336" />
    <nd ref="-337" />
    <nd ref="-338" />
    <nd ref="-339" />
    <nd ref="-340" />
    <nd ref="-341" />
    <nd ref="-342" />
    <nd ref="-343" />
    <nd ref="-344" />
    <nd ref="-345" />
    <nd ref="-346" />
    <nd ref="-347" />
    <nd ref="-348" />
    <nd ref="-329" />
    <tag k="building" v="apartments" />
  </way>
  <way id="-1000000049" visible="true">
    <nd ref="-349" />
    <nd ref="-350" />
    <nd ref="-351" />
    <nd ref="-352" />
    <nd ref="-349" />
    <tag k="building" v="apartments" />
  </way>
  <way id="-1000000050" visible="true">
    <nd ref="-353" />
    <nd ref="-354" />
    <nd ref="-355" />
    <nd ref="-356" />
    <nd ref="-353" />
    <tag k="building" v="apartments" />
  </way>
  <way id="-1000000051" visible="true">
    <nd ref="-357" />
    <nd ref="-358" />
    <nd ref="-359" />
    <nd ref="-360" />
    <nd ref="-361" />
    <nd ref="-357" />
    <tag k="building" v="house" />
    <tag k="building:levels" v="2" />
    <tag k="roof:levels" v="2" />
    <tag k="roof:orientation" v="across" />
    <tag k="roof:shape" v="gabled" />
  </way>
  <way id="-1000000052" visible="true">
    <nd ref="-362" />
    <nd ref="-363" />
    <nd ref="-364" />
    <nd ref="-365" />
    <nd ref="-366" />
    <nd ref="-362" />
    <tag k="building" v="house" />
    <tag k="building:levels" v="2" />
    <tag k="roof:levels" v="2" />
    <tag k="roof:orientation" v="across" />
    <tag k="roof:shape" v="gabled" />
  </way>
  <way id="-1000000053" visible="true">
    <nd ref="-367" />
    <nd ref="-368" />
    <nd ref="-369" />
    <nd ref="-370" />
    <nd ref="-371" />
    <nd ref="-367" />
    <tag k="building" v="house" />
    <tag k="building:levels" v="2" />
    <tag k="roof:levels" v="2" />
    <tag k="roof:orientation" v="along" />
    <tag k="roof:shape" v="gabled" />
  </way>
  <way id="-1000000054" visible="true">
    <nd ref="-372" />
    <nd ref="-373" />
    <nd ref="-374" />
    <nd ref="-375" />
    <nd ref="-376" />
    <nd ref="-372" />
    <tag k="building" v="house" />
    <tag k="building:levels" v="2" />
    <tag k="roof:levels" v="2" />
    <tag k="roof:orientation" v="along" />
    <tag k="roof:shape" v="gabled" />
  </way>
  <way id="-1000000055" visible="true">
    <nd ref="-377" />
    <nd ref="-378" />
    <nd ref="-379" />
    <nd ref="-380" />
    <nd ref="-377" />
    <tag k="building" v="apartments" />
  </way>
  <way id="-1000000056" visible="true">
    <nd ref="-381" />
    <nd ref="-382" />
    <nd ref="-383" />
    <nd ref="-384" />
    <nd ref="-385" />
    <nd ref="-386" />
    <nd ref="-387" />
    <nd ref="-388" />
    <nd ref="-389" />
    <nd ref="-381" />
    <tag k="building" v="apartments" />
    <tag k="building:levels" v="4" />
    <tag k="roof:levels" v="1" />
    <tag k="roof:orientation" v="along" />
    <tag k="roof:shape" v="gabled" />
  </way>
  <way id="-1000000057" visible="true">
    <nd ref="-390" />
    <nd ref="-391" />
    <nd ref="-392" />
    <nd ref="-393" />
    <nd ref="-394" />
    <nd ref="-385" />
    <nd ref="-384" />
    <nd ref="-395" />
    <nd ref="-396" />
    <nd ref="-390" />
    <tag k="building" v="apartments" />
    <tag k="building:levels" v="4" />
    <tag k="roof:levels" v="1" />
    <tag k="roof:orientation" v="along" />
    <tag k="roof:shape" v="gabled" />
  </way>
  <way id="-1000000058" visible="true">
    <nd ref="-397" />
    <nd ref="-398" />
    <nd ref="-399" />
    <nd ref="-400" />
    <nd ref="-397" />
    <tag k="addr:housenumber" v="2 1/2,2 1/3, 2 1/4" />
    <tag k="addr:street" v="Christoph-von-Schmid-Straße" />
    <tag k="building" v="apartments" />
  </way>
  <way id="-1000000059" visible="true">
    <nd ref="-401" />
    <nd ref="-402" />
    <nd ref="-403" />
    <nd ref="-404" />
    <nd ref="-401" />
    <tag k="building" v="garages" />
  </way>
  <way id="-1000000060" visible="true">
    <nd ref="-405" />
    <nd ref="-406" />
    <nd ref="-407" />
    <nd ref="-408" />
    <nd ref="-405" />
    <tag k="building" v="apartments" />
  </way>
  <way id="-1000000061" visible="true">
    <nd ref="-409" />
    <nd ref="-410" />
    <nd ref="-411" />
    <nd ref="-412" />
    <nd ref="-413" />
    <nd ref="-414" />
    <nd ref="-409" />
    <tag k="building" v="apartments" />
  </way>
  <way id="-1000000062" visible="true">
    <nd ref="-415" />
    <nd ref="-416" />
    <nd ref="-417" />
    <nd ref="-418" />
    <nd ref="-419" />
    <nd ref="-420" />
    <nd ref="-421" />
    <nd ref="-422" />
    <nd ref="-415" />
    <tag k="building" v="apartments" />
  </way>
  <way id="-1000000063" visible="true">
    <nd ref="-423" />
    <nd ref="-424" />
    <nd ref="-425" />
    <nd ref="-426" />
    <nd ref="-427" />
    <nd ref="-428" />
    <nd ref="-423" />
    <tag k="building" v="apartments" />
  </way>
  <way id="-1000000064" visible="true">
    <nd ref="-429" />
    <nd ref="-430" />
    <nd ref="-431" />
    <nd ref="-432" />
    <nd ref="-433" />
    <nd ref="-434" />
    <nd ref="-435" />
    <nd ref="-436" />
    <nd ref="-429" />
    <tag k="building" v="apartments" />
  </way>
  <way id="-1000000065" visible="true">
    <nd ref="-437" />
    <nd ref="-438" />
    <nd ref="-439" />
    <nd ref="-440" />
    <nd ref="-441" />
    <nd ref="-442" />
    <nd ref="-437" />
    <tag k="addr:housenumber" v="49" />
    <tag k="addr:street" v="Oberer Taubentalweg" />
    <tag k="building" v="apartments" />
  </way>
  <way id="-1000000066" visible="true">
    <nd ref="-443" />
    <nd ref="-444" />
    <nd ref="-445" />
    <nd ref="-446" />
    <nd ref="-447" />
    <nd ref="-448" />
    <nd ref="-449" />
    <nd ref="-450" />
    <nd ref="-443" />
    <tag k="addr:housenumber" v="47" />
    <tag k="addr:street" v="Oberer Taubentalweg" />
    <tag k="building" v="apartments" />
  </way>
  <way id="-1000000067" visible="true">
    <nd ref="-451" />
    <nd ref="-452" />
    <nd ref="-453" />
    <nd ref="-454" />
    <nd ref="-451" />
    <tag k="addr:housenumber" v="45" />
    <tag k="addr:street" v="Oberer Taubentalweg" />
    <tag k="building" v="apartments" />
  </way>
  <way id="-1000000068" visible="true">
    <nd ref="-455" />
    <nd ref="-456" />
    <nd ref="-457" />
    <nd ref="-458" />
    <nd ref="-459" />
    <nd ref="-460" />
    <nd ref="-461" />
    <nd ref="-462" />
    <nd ref="-455" />
    <tag k="addr:housenumber" v="43" />
    <tag k="addr:street" v="Oberer Taubentalweg" />
    <tag k="building" v="apartments" />
  </way>
  <way id="-1000000069" visible="true">
    <nd ref="-463" />
    <nd ref="-464" />
    <nd ref="-465" />
    <nd ref="-466" />
    <nd ref="-463" />
    <tag k="building" v="apartments" />
    <tag k="source" v="HiRes aerial imagery" />
  </way>
  <way id="-1000000070" visible="true">
    <nd ref="-467" />
    <nd ref="-468" />
    <nd ref="-469" />
    <nd ref="-470" />
    <nd ref="-467" />
    <tag k="building" v="apartments" />
  </way>
  <way id="-1000000071" visible="true">
    <nd ref="-471" />
    <nd ref="-472" />
    <nd ref="-473" />
    <nd ref="-474" />
    <nd ref="-471" />
    <tag k="building" v="apartments" />
    <tag k="source" v="HiRes aerial imagery" />
  </way>
  <way id="-1000000072" visible="true">
    <nd ref="-475" />
    <nd ref="-476" />
    <nd ref="-477" />
    <nd ref="-478" />
    <nd ref="-475" />
    <tag k="building" v="apartments" />
  </way>
  <way id="-1000000073" visible="true">
    <nd ref="-479" />
    <nd ref="-480" />
    <nd ref="-481" />
    <nd ref="-482" />
    <nd ref="-479" />
    <tag k="building" v="apartments" />
  </way>
  <way id="-1000000074" visible="true">
    <nd ref="-483" />
    <nd ref="-484" />
    <nd ref="-485" />
    <nd ref="-486" />
    <nd ref="-483" />
    <tag k="addr:city" v="Ingolstadt" />
    <tag k="addr:country" v="DE" />
    <tag k="addr:housenumber" v="111" />
    <tag k="addr:postcode" v="85055" />
    <tag k="addr:street" v="Goethestraße" />
    <tag k="building" v="apartments" />
  </way>
  <way id="-1000000075" visible="true">
    <nd ref="-487" />
    <nd ref="-488" />
    <nd ref="-489" />
    <nd ref="-490" />
    <nd ref="-487" />
    <tag k="addr:city" v="Ingolstadt" />
    <tag k="addr:country" v="DE" />
    <tag k="addr:housenumber" v="97" />
    <tag k="addr:postcode" v="85055" />
    <tag k="addr:street" v="Goethestraße" />
    <tag k="building" v="house" />
    <tag k="house" v="terraced" />
    <tag k="roof:orientation" v="across" />
    <tag k="roof:shape" v="gabled" />
  </way>
  <way id="-1000000076" visible="true">
    <nd ref="-491" />
    <nd ref="-492" />
    <nd ref="-493" />
    <nd ref="-494" />
    <nd ref="-495" />
    <nd ref="-491" />
    <tag k="addr:city" v="Ingolstadt" />
    <tag k="addr:country" v="DE" />
    <tag k="addr:housenumber" v="85" />
    <tag k="addr:postcode" v="85055" />
    <tag k="addr:street" v="Goethestraße" />
    <tag k="building" v="house" />
    <tag k="house" v="terraced" />
    <tag k="roof:orientation" v="across" />
    <tag k="roof:shape" v="gabled" />
  </way>
  <way id="-1000000077" visible="true">
    <nd ref="-496" />
    <nd ref="-497" />
    <nd ref="-498" />
    <nd ref="-499" />
    <nd ref="-500" />
    <nd ref="-501" />
    <nd ref="-502" />
    <nd ref="-503" />
    <nd ref="-496" />
    <tag k="addr:city" v="Ingolstadt" />
    <tag k="addr:country" v="DE" />
    <tag k="addr:housenumber" v="10" />
    <tag k="addr:postcode" v="85055" />
    <tag k="addr:street" v="Hebbelstraße" />
    <tag k="building" v="semidetached_house" />
  </way>
  <way id="-1000000078" visible="true">
    <nd ref="-504" />
    <nd ref="-505" />
    <nd ref="-506" />
    <nd ref="-507" />
    <nd ref="-508" />
    <nd ref="-509" />
    <nd ref="-504" />
    <tag k="addr:city" v="Ingolstadt" />
    <tag k="addr:country" v="DE" />
    <tag k="addr:housenumber" v="14" />
    <tag k="addr:postcode" v="85055" />
    <tag k="addr:street" v="Hebbelstraße" />
    <tag k="building" v="semidetached_house" />
  </way>
  <way id="-1000000079" visible="true">
    <nd ref="-510" />
    <nd ref="-511" />
    <nd ref="-512" />
    <nd ref="-513" />
    <nd ref="-510" />
    <tag k="addr:city" v="Ingolstadt" />
    <tag k="addr:country" v="DE" />
    <tag k="addr:housenumber" v="18" />
    <tag k="addr:postcode" v="85055" />
    <tag k="addr:street" v="Hebbelstraße" />
    <tag k="building" v="yes" />
  </way>
  <way id="-1000000080" visible="true">
    <nd ref="-514" />
    <nd ref="-515" />
    <nd ref="-516" />
    <nd ref="-517" />
    <nd ref="-514" />
    <tag k="addr:city" v="Ingolstadt" />
    <tag k="addr:country" v="DE" />
    <tag k="addr:housenumber" v="26" />
    <tag k="addr:postcode" v="85055" />
    <tag k="addr:street" v="Hebbelstraße" />
    <tag k="building" v="apartments" />
  </way>
  <way id="-1000000081" visible="true">
    <nd ref="-518" />
    <nd ref="-519" />
    <nd ref="-520" />
    <nd ref="-521" />
    <nd ref="-518" />
    <tag k="addr:city" v="Ingolstadt" />
    <tag k="addr:country" v="DE" />
    <tag k="addr:housenumber" v="22" />
    <tag k="addr:postcode" v="85055" />
    <tag k="addr:street" v="Hebbelstraße" />
    <tag k="building" v="house" />
  </way>
  <way id="-1000000082" visible="true">
    <nd ref="-522" />
    <nd ref="-523" />
    <nd ref="-524" />
    <nd ref="-525" />
    <nd ref="-522" />
    <tag k="addr:housenumber" v="61" />
    <tag k="addr:postcode" v="85055" />
    <tag k="addr:street" v="Hebbelstraße" />
    <tag k="brand" v="Toyota" />
    <tag k="brand:wikidata" v="Q53268" />
    <tag k="building" v="yes" />
    <tag k="name" v="Autohaus J. Reith GmbH" />
    <tag k="shop" v="car" />
  </way>
  <way id="-1000000083" visible="true">
    <nd ref="-526" />
    <nd ref="-527" />
    <nd ref="-528" />
    <nd ref="-529" />
    <nd ref="-526" />
    <tag k="building" v="yes" />
  </way>
  <way id="-1000000084" visible="true">
    <nd ref="-530" />
    <nd ref="-531" />
    <nd ref="-532" />
    <nd ref="-533" />
    <nd ref="-530" />
    <tag k="building" v="yes" />
  </way>
  <way id="-1000000085" visible="true">
    <nd ref="-534" />
    <nd ref="-535" />
    <nd ref="-536" />
    <nd ref="-537" />
    <nd ref="-534" />
    <tag k="building" v="yes" />
  </way>
  <way id="-1000000086" visible="true">
    <nd ref="-538" />
    <nd ref="-539" />
    <nd ref="-540" />
    <nd ref="-541" />
    <nd ref="-542" />
    <nd ref="-543" />
    <nd ref="-544" />
    <nd ref="-545" />
    <nd ref="-546" />
    <nd ref="-547" />
    <nd ref="-548" />
    <nd ref="-538" />
    <tag k="building" v="yes" />
    <tag k="source" v="HiRes aerial imagery" />
  </way>
  <way id="-1000000087" visible="true">
    <nd ref="-549" />
    <nd ref="-550" />
    <nd ref="-551" />
    <nd ref="-552" />
    <nd ref="-549" />
    <tag k="building" v="yes" />
  </way>
  <way id="-1000000088" visible="true">
    <nd ref="-553" />
    <nd ref="-554" />
    <nd ref="-555" />
    <nd ref="-556" />
    <nd ref="-557" />
    <nd ref="-558" />
    <nd ref="-559" />
    <nd ref="-560" />
    <nd ref="-561" />
    <nd ref="-562" />
    <nd ref="-563" />
    <nd ref="-564" />
    <nd ref="-565" />
    <nd ref="-566" />
    <nd ref="-567" />
    <nd ref="-568" />
    <nd ref="-553" />
    <tag k="addr:city" v="Ingolstadt" />
    <tag k="addr:country" v="DE" />
    <tag k="addr:housenumber" v="153" />
    <tag k="addr:postcode" v="85055" />
    <tag k="addr:street" v="Goethestraße" />
    <tag k="building" v="yes" />
    <tag k="contact:email" v="nhingolstadt@nh-hotels.com" />
    <tag k="contact:phone" v="+49 841 5030" />
    <tag k="contact:website" v="http://www.nh-hotels.com/hotel/nh-ingolstadt" />
    <tag k="name" v="Hotel NH Ingolstadt" />
    <tag k="tourism" v="hotel" />
  </way>
  <way id="-1000000089" visible="true">
    <nd ref="-569" />
    <nd ref="-570" />
    <nd ref="-548" />
    <nd ref="-547" />
    <nd ref="-546" />
    <nd ref="-571" />
    <nd ref="-572" />
    <nd ref="-569" />
    <tag k="building" v="yes" />
    <tag k="source" v="HiRes aerial imagery" />
  </way>
  <way id="-1000000090" visible="true">
    <nd ref="-573" />
    <nd ref="-574" />
    <nd ref="-571" />
    <nd ref="-546" />
    <nd ref="-545" />
    <nd ref="-544" />
    <nd ref="-575" />
    <nd ref="-576" />
    <nd ref="-573" />
    <tag k="building" v="yes" />
    <tag k="source" v="HiRes aerial imagery" />
  </way>
  <way id="-1000000091" visible="true">
    <nd ref="-577" />
    <nd ref="-578" />
    <nd ref="-579" />
    <nd ref="-540" />
    <nd ref="-539" />
    <nd ref="-577" />
    <tag k="building" v="yes" />
    <tag k="source" v="HiRes aerial imagery" />
  </way>
  <way id="-1000000092" visible="true">
    <nd ref="-580" />
    <nd ref="-581" />
    <nd ref="-582" />
    <nd ref="-583" />
    <nd ref="-584" />
    <nd ref="-585" />
    <nd ref="-586" />
    <nd ref="-587" />
    <nd ref="-588" />
    <nd ref="-589" />
    <nd ref="-590" />
    <nd ref="-591" />
    <nd ref="-580" />
    <tag k="building" v="yes" />
    <tag k="source" v="HiRes aerial imagery" />
  </way>
  <way id="-1000000093" visible="true">
    <nd ref="-592" />
    <nd ref="-588" />
    <nd ref="-587" />
    <nd ref="-586" />
    <nd ref="-593" />
    <nd ref="-594" />
    <nd ref="-592" />
    <tag k="addr:city" v="Ingolstadt" />
    <tag k="addr:country" v="DE" />
    <tag k="addr:housenumber" v="145" />
    <tag k="addr:postcode" v="85055" />
    <tag k="addr:street" v="Goethestraße" />
    <tag k="amenity" v="fuel" />
    <tag k="brand" v="Shell" />
    <tag k="brand:wikidata" v="Q110716465" />
    <tag k="building" v="roof" />
    <tag k="check_date" v="2026-04-19" />
    <tag k="compressed_air" v="yes" />
    <tag k="fuel:1_25" v="fixme" />
    <tag k="fuel:1_50" v="fixme" />
    <tag k="fuel:HGV_diesel" v="yes" />
    <tag k="fuel:LH2" v="no" />
    <tag k="fuel:adblue" v="no" />
    <tag k="fuel:biodiesel" v="no" />
    <tag k="fuel:biogas" v="no" />
    <tag k="fuel:cng" v="no" />
    <tag k="fuel:diesel" v="yes" />
    <tag k="fuel:e85" v="no" />
    <tag k="fuel:electricity" v="yes" />
    <tag k="fuel:ethanol" v="no" />
    <tag k="fuel:lpg" v="no" />
    <tag k="fuel:methanol" v="no" />
    <tag k="fuel:octane_100" v="yes" />
    <tag k="fuel:octane_91" v="yes" />
    <tag k="fuel:octane_95" v="yes" />
    <tag k="fuel:octane_98" v="yes" />
    <tag k="fuel:svo" v="no" />
    <tag k="kiosk" v="yes" />
    <tag k="layer" v="1" />
    <tag k="name" v="Shell" />
    <tag k="opening_hours" v="24/7" />
    <tag k="operator" v="Shell" />
    <tag k="service" v="carwash" />
    <tag k="source" v="HiRes aerial imagery" />
    <tag k="surveillance" v="yes" />
    <tag k="toilets:wheelchair" v="yes" />
    <tag k="website" v="http://www.shell-select.de/stationsfinder/station_details_view.asp?site_id=D00455&amp;adac=1" />
    <tag k="wheelchair" v="yes" />
  </way>
  <way id="-1000000094" visible="true">
    <nd ref="-595" />
    <nd ref="-596" />
    <nd ref="-597" />
    <nd ref="-598" />
    <nd ref="-599" />
    <nd ref="-595" />
    <tag k="building" v="apartments" />
    <tag k="height" v="3" />
    <tag k="source" v="HiRes aerial imagery" />
  </way>
  <way id="-1000000095" visible="true">
    <nd ref="-600" />
    <nd ref="-601" />
    <nd ref="-602" />
    <nd ref="-603" />
    <nd ref="-600" />
    <tag k="building" v="yes" />
  </way>
  <way id="-1000000096" visible="true">
    <nd ref="-604" />
    <nd ref="-605" />
    <nd ref="-606" />
    <nd ref="-607" />
    <nd ref="-604" />
    <tag k="building" v="yes" />
  </way>
  <way id="-1000000097" visible="true">
    <nd ref="-608" />
    <nd ref="-609" />
    <nd ref="-610" />
    <nd ref="-611" />
    <nd ref="-608" />
    <tag k="building" v="yes" />
  </way>
  <way id="-1000000098" visible="true">
    <nd ref="-612" />
    <nd ref="-613" />
    <nd ref="-614" />
    <nd ref="-615" />
    <nd ref="-612" />
    <tag k="building" v="yes" />
  </way>
  <way id="-1000000099" visible="true">
    <nd ref="-616" />
    <nd ref="-617" />
    <nd ref="-618" />
    <nd ref="-619" />
    <nd ref="-616" />
    <tag k="building" v="yes" />
  </way>
  <way id="-1000000100" visible="true">
    <nd ref="-620" />
    <nd ref="-621" />
    <nd ref="-622" />
    <nd ref="-623" />
    <nd ref="-620" />
    <tag k="building" v="yes" />
  </way>
  <way id="-1000000101" visible="true">
    <nd ref="-624" />
    <nd ref="-625" />
    <nd ref="-626" />
    <nd ref="-627" />
    <nd ref="-624" />
    <tag k="building" v="yes" />
  </way>
  <way id="-1000000102" visible="true">
    <nd ref="-628" />
    <nd ref="-629" />
    <nd ref="-630" />
    <nd ref="-631" />
    <nd ref="-628" />
    <tag k="building" v="yes" />
  </way>
  <way id="-1000000103" visible="true">
    <nd ref="-632" />
    <nd ref="-633" />
    <nd ref="-634" />
    <nd ref="-635" />
    <nd ref="-636" />
    <nd ref="-637" />
    <nd ref="-638" />
    <nd ref="-639" />
    <nd ref="-632" />
    <tag k="building" v="yes" />
  </way>
  <way id="-1000000104" visible="true">
    <nd ref="-640" />
    <nd ref="-641" />
    <nd ref="-642" />
    <nd ref="-643" />
    <nd ref="-640" />
    <tag k="building" v="yes" />
  </way>
  <way id="-1000000105" visible="true">
    <nd ref="-644" />
    <nd ref="-645" />
    <nd ref="-646" />
    <nd ref="-647" />
    <nd ref="-644" />
    <tag k="building" v="yes" />
  </way>
  <way id="-1000000106" visible="true">
    <nd ref="-648" />
    <nd ref="-649" />
    <nd ref="-650" />
    <nd ref="-651" />
    <nd ref="-652" />
    <nd ref="-653" />
    <nd ref="-654" />
    <nd ref="-655" />
    <nd ref="-656" />
    <nd ref="-648" />
    <tag k="building" v="yes" />
  </way>
  <way id="-1000000107" visible="true">
    <nd ref="-657" />
    <nd ref="-658" />
    <nd ref="-659" />
    <nd ref="-660" />
    <nd ref="-657" />
    <tag k="building" v="yes" />
  </way>
  <way id="-1000000108" visible="true">
    <nd ref="-661" />
    <nd ref="-662" />
    <nd ref="-663" />
    <nd ref="-664" />
    <nd ref="-661" />
    <tag k="building" v="house" />
  </way>
  <way id="-1000000109" visible="true">
    <nd ref="-665" />
    <nd ref="-666" />
    <nd ref="-667" />
    <nd ref="-668" />
    <nd ref="-669" />
    <nd ref="-670" />
    <nd ref="-671" />
    <nd ref="-665" />
    <tag k="building" v="house" />
  </way>
  <way id="-1000000110" visible="true">
    <nd ref="-672" />
    <nd ref="-673" />
    <nd ref="-674" />
    <nd ref="-675" />
    <nd ref="-676" />
    <nd ref="-672" />
    <tag k="building" v="garages" />
  </way>
  <way id="-1000000111" visible="true">
    <nd ref="-677" />
    <nd ref="-678" />
    <nd ref="-679" />
    <nd ref="-680" />
    <nd ref="-677" />
    <tag k="building" v="garage" />
  </way>
  <way id="-1000000112" visible="true">
    <nd ref="-681" />
    <nd ref="-682" />
    <nd ref="-683" />
    <nd ref="-684" />
    <nd ref="-681" />
    <tag k="building" v="semidetached_house" />
  </way>
  <way id="-1000000113" visible="true">
    <nd ref="-685" />
    <nd ref="-686" />
    <nd ref="-687" />
    <nd ref="-688" />
    <nd ref="-689" />
    <nd ref="-690" />
    <nd ref="-691" />
    <nd ref="-692" />
    <nd ref="-693" />
    <nd ref="-685" />
    <tag k="building" v="semidetached_house" />
  </way>
  <way id="-1000000114" visible="true">
    <nd ref="-694" />
    <nd ref="-695" />
    <nd ref="-696" />
    <nd ref="-697" />
    <nd ref="-694" />
    <tag k="building" v="detached" />
  </way>
  <way id="-1000000115" visible="true">
    <nd ref="-698" />
    <nd ref="-699" />
    <nd ref="-700" />
    <nd ref="-701" />
    <nd ref="-698" />
    <tag k="building" v="semidetached_house" />
  </way>
  <way id="-1000000116" visible="true">
    <nd ref="-702" />
    <nd ref="-703" />
    <nd ref="-704" />
    <nd ref="-705" />
    <nd ref="-706" />
    <nd ref="-707" />
    <nd ref="-708" />
    <nd ref="-702" />
    <tag k="building" v="semidetached_house" />
  </way>
  <way id="-1000000117" visible="true">
    <nd ref="-709" />
    <nd ref="-710" />
    <nd ref="-711" />
    <nd ref="-712" />
    <nd ref="-709" />
    <tag k="building" v="semidetached_house" />
  </way>
  <way id="-1000000118" visible="true">
    <nd ref="-713" />
    <nd ref="-714" />
    <nd ref="-715" />
    <nd ref="-716" />
    <nd ref="-717" />
    <nd ref="-713" />
    <tag k="building" v="garages" />
  </way>
  <way id="-1000000119" visible="true">
    <nd ref="-718" />
    <nd ref="-719" />
    <nd ref="-720" />
    <nd ref="-721" />
    <nd ref="-722" />
    <nd ref="-723" />
    <nd ref="-718" />
    <tag k="addr:housenumber" v="6" />
    <tag k="addr:postcode" v="85055" />
    <tag k="addr:street" v="Despag-Straße" />
    <tag k="building" v="yes" />
    <tag k="building:levels" v="5" />
  </way>
  <way id="-1000000120" visible="true">
    <nd ref="-724" />
    <nd ref="-725" />
    <nd ref="-726" />
    <nd ref="-727" />
    <nd ref="-724" />
    <tag k="building" v="yes" />
  </way>
  <way id="-1000000121" visible="true">
    <nd ref="-728" />
    <nd ref="-729" />
    <nd ref="-730" />
    <nd ref="-731" />
    <nd ref="-732" />
    <nd ref="-728" />
    <tag k="addr:city" v="Ingolstadt" />
    <tag k="addr:country" v="DE" />
    <tag k="addr:housenumber" v="13" />
    <tag k="addr:postcode" v="85055" />
    <tag k="addr:street" v="Hebbelstraße" />
    <tag k="building" v="semidetached_house" />
  </way>
  <way id="-1000000122" visible="true">
    <nd ref="-733" />
    <nd ref="-734" />
    <nd ref="-735" />
    <nd ref="-736" />
    <nd ref="-733" />
    <tag k="addr:city" v="Ingolstadt" />
    <tag k="addr:country" v="DE" />
    <tag k="addr:housenumber" v="21" />
    <tag k="addr:postcode" v="85055" />
    <tag k="addr:street" v="Hebbelstraße" />
    <tag k="building" v="semidetached_house" />
  </way>
  <way id="-1000000123" visible="true">
    <nd ref="-737" />
    <nd ref="-738" />
    <nd ref="-739" />
    <nd ref="-740" />
    <nd ref="-737" />
    <tag k="building" v="yes" />
  </way>
  <way id="-1000000124" visible="true">
    <nd ref="-741" />
    <nd ref="-742" />
    <nd ref="-743" />
    <nd ref="-744" />
    <nd ref="-741" />
    <tag k="building" v="yes" />
  </way>
  <way id="-1000000125" visible="true">
    <nd ref="-745" />
    <nd ref="-746" />
    <nd ref="-747" />
    <nd ref="-748" />
    <nd ref="-745" />
    <tag k="addr:city" v="Ingolstadt" />
    <tag k="addr:country" v="DE" />
    <tag k="addr:housenumber" v="17" />
    <tag k="addr:postcode" v="85055" />
    <tag k="addr:street" v="Hebbelstraße" />
    <tag k="building" v="semidetached_house" />
  </way>
  <way id="-1000000126" visible="true">
    <nd ref="-749" />
    <nd ref="-750" />
    <nd ref="-751" />
    <nd ref="-752" />
    <nd ref="-753" />
    <nd ref="-754" />
    <nd ref="-749" />
    <tag k="addr:city" v="Ingolstadt" />
    <tag k="addr:country" v="DE" />
    <tag k="addr:housenumber" v="25" />
    <tag k="addr:postcode" v="85055" />
    <tag k="addr:street" v="Hebbelstraße" />
    <tag k="building" v="semidetached_house" />
  </way>
  <way id="-1000000127" visible="true">
    <nd ref="-755" />
    <nd ref="-756" />
    <nd ref="-757" />
    <nd ref="-758" />
    <nd ref="-755" />
    <tag k="building" v="semidetached_house" />
  </way>
  <way id="-1000000128" visible="true">
    <nd ref="-759" />
    <nd ref="-760" />
    <nd ref="-761" />
    <nd ref="-762" />
    <nd ref="-759" />
    <tag k="building" v="semidetached_house" />
  </way>
  <way id="-1000000129" visible="true">
    <nd ref="-763" />
    <nd ref="-764" />
    <nd ref="-765" />
    <nd ref="-766" />
    <nd ref="-763" />
    <tag k="building" v="semidetached_house" />
  </way>
  <way id="-1000000130" visible="true">
    <nd ref="-767" />
    <nd ref="-768" />
    <nd ref="-769" />
    <nd ref="-770" />
    <nd ref="-767" />
    <tag k="building" v="semidetached_house" />
  </way>
  <way id="-1000000131" visible="true">
    <nd ref="-771" />
    <nd ref="-772" />
    <nd ref="-773" />
    <nd ref="-774" />
    <nd ref="-771" />
    <tag k="addr:city" v="Ingolstadt" />
    <tag k="addr:country" v="DE" />
    <tag k="addr:housenumber" v="15" />
    <tag k="addr:postcode" v="85055" />
    <tag k="addr:street" v="Roseggerstraße" />
    <tag k="building" v="semidetached_house" />
  </way>
  <way id="-1000000132" visible="true">
    <nd ref="-775" />
    <nd ref="-776" />
    <nd ref="-777" />
    <nd ref="-778" />
    <nd ref="-775" />
    <tag k="addr:city" v="Ingolstadt" />
    <tag k="addr:country" v="DE" />
    <tag k="addr:housenumber" v="7" />
    <tag k="addr:postcode" v="85055" />
    <tag k="addr:street" v="Hebbelstraße" />
    <tag k="building" v="semidetached_house" />
  </way>
  <way id="-1000000133" visible="true">
    <nd ref="-779" />
    <nd ref="-780" />
    <nd ref="-781" />
    <nd ref="-782" />
    <nd ref="-783" />
    <nd ref="-779" />
    <tag k="addr:city" v="Ingolstadt" />
    <tag k="addr:country" v="DE" />
    <tag k="addr:housenumber" v="7" />
    <tag k="addr:postcode" v="85055" />
    <tag k="addr:street" v="Roseggerstraße" />
    <tag k="building" v="semidetached_house" />
  </way>
  <way id="-1000000134" visible="true">
    <nd ref="-784" />
    <nd ref="-785" />
    <nd ref="-786" />
    <nd ref="-787" />
    <nd ref="-784" />
    <tag k="building" v="yes" />
  </way>
  <way id="-1000000135" visible="true">
    <nd ref="-788" />
    <nd ref="-789" />
    <nd ref="-790" />
    <nd ref="-791" />
    <nd ref="-788" />
    <tag k="addr:city" v="Ingolstadt" />
    <tag k="addr:country" v="DE" />
    <tag k="addr:housenumber" v="9" />
    <tag k="addr:postcode" v="85055" />
    <tag k="addr:street" v="Roseggerstraße" />
    <tag k="building" v="semidetached_house" />
  </way>
  <way id="-1000000136" visible="true">
    <nd ref="-792" />
    <nd ref="-793" />
    <nd ref="-794" />
    <nd ref="-795" />
    <nd ref="-792" />
    <tag k="building" v="semidetached_house" />
  </way>
  <way id="-1000000137" visible="true">
    <nd ref="-796" />
    <nd ref="-797" />
    <nd ref="-798" />
    <nd ref="-799" />
    <nd ref="-796" />
    <tag k="building" v="yes" />
  </way>
  <way id="-1000000138" visible="true">
    <nd ref="-800" />
    <nd ref="-801" />
    <nd ref="-802" />
    <nd ref="-803" />
    <nd ref="-800" />
    <tag k="building" v="yes" />
  </way>
  <way id="-1000000139" visible="true">
    <nd ref="-804" />
    <nd ref="-805" />
    <nd ref="-806" />
    <nd ref="-807" />
    <nd ref="-808" />
    <nd ref="-809" />
    <nd ref="-810" />
    <nd ref="-811" />
    <nd ref="-812" />
    <nd ref="-813" />
    <nd ref="-814" />
    <nd ref="-815" />
    <nd ref="-816" />
    <nd ref="-817" />
    <nd ref="-804" />
    <tag k="building" v="house" />
  </way>
  <way id="-1000000140" visible="true">
    <nd ref="-818" />
    <nd ref="-819" />
    <nd ref="-820" />
    <nd ref="-821" />
    <nd ref="-818" />
    <tag k="building" v="industrial" />
    <tag k="source" v="HiRes aerial imagery" />
  </way>
  <way id="-1000000141" visible="true">
    <nd ref="-822" />
    <nd ref="-823" />
    <nd ref="-542" />
    <nd ref="-541" />
    <nd ref="-822" />
    <tag k="building" v="yes" />
    <tag k="source" v="HiRes aerial imagery" />
  </way>
  <way id="-1000000142" visible="true">
    <nd ref="-570" />
    <nd ref="-824" />
    <nd ref="-825" />
    <nd ref="-538" />
    <nd ref="-548" />
    <nd ref="-570" />
    <tag k="building" v="yes" />
    <tag k="source" v="HiRes aerial imagery" />
  </way>
  <way id="-1000000143" visible="true">
    <nd ref="-826" />
    <nd ref="-827" />
    <nd ref="-828" />
    <nd ref="-829" />
    <nd ref="-805" />
    <nd ref="-804" />
    <nd ref="-826" />
    <tag k="building" v="house" />
  </way>
  <way id="-1000000144" visible="true">
    <nd ref="-830" />
    <nd ref="-831" />
    <nd ref="-832" />
    <nd ref="-833" />
    <nd ref="-830" />
    <tag k="building" v="house" />
    <tag k="building:levels" v="2" />
    <tag k="source" v="Bing(2012)" />
  </way>
  <way id="-1000000145" visible="true">
    <nd ref="-834" />
    <nd ref="-835" />
    <nd ref="-836" />
    <nd ref="-837" />
    <nd ref="-834" />
    <tag k="building" v="house" />
    <tag k="building:levels" v="2" />
    <tag k="source" v="Bing(2012)" />
  </way>
  <way id="-1000000146" visible="true">
    <nd ref="-838" />
    <nd ref="-839" />
    <nd ref="-840" />
    <nd ref="-841" />
    <nd ref="-838" />
    <tag k="building" v="house" />
    <tag k="building:levels" v="2" />
    <tag k="source" v="Bing(2012)" />
  </way>
  <way id="-1000000147" visible="true">
    <nd ref="-842" />
    <nd ref="-843" />
    <nd ref="-844" />
    <nd ref="-845" />
    <nd ref="-842" />
    <tag k="building" v="house" />
    <tag k="building:levels" v="2" />
    <tag k="source" v="Bing(2012)" />
  </way>
  <way id="-1000000148" visible="true">
    <nd ref="-846" />
    <nd ref="-847" />
    <nd ref="-848" />
    <nd ref="-849" />
    <nd ref="-846" />
    <tag k="building" v="house" />
    <tag k="building:levels" v="3" />
    <tag k="source" v="Bing(2012)" />
  </way>
  <way id="-1000000149" visible="true">
    <nd ref="-850" />
    <nd ref="-851" />
    <nd ref="-852" />
    <nd ref="-853" />
    <nd ref="-850" />
    <tag k="building" v="house" />
    <tag k="building:levels" v="3" />
    <tag k="source" v="Bing(2012)" />
  </way>
  <way id="-1000000150" visible="true">
    <nd ref="-854" />
    <nd ref="-855" />
    <nd ref="-856" />
    <nd ref="-857" />
    <nd ref="-854" />
    <tag k="building" v="house" />
    <tag k="building:levels" v="2" />
    <tag k="source" v="Bing(2012)" />
  </way>
  <way id="-1000000151" visible="true">
    <nd ref="-858" />
    <nd ref="-859" />
    <nd ref="-860" />
    <nd ref="-861" />
    <nd ref="-858" />
    <tag k="building" v="yes" />
    <tag k="source" v="HiRes aerial imagery" />
  </way>
  <way id="-1000000152" visible="true">
    <nd ref="-862" />
    <nd ref="-863" />
    <nd ref="-864" />
    <nd ref="-865" />
    <nd ref="-866" />
    <nd ref="-867" />
    <nd ref="-868" />
    <nd ref="-869" />
    <nd ref="-870" />
    <nd ref="-871" />
    <nd ref="-872" />
    <nd ref="-873" />
    <nd ref="-874" />
    <nd ref="-875" />
    <nd ref="-876" />
    <nd ref="-877" />
    <nd ref="-862" />
    <tag k="building" v="yes" />
    <tag k="source" v="HiRes aerial imagery" />
  </way>
  <way id="-1000000153" visible="true">
    <nd ref="-878" />
    <nd ref="-879" />
    <nd ref="-880" />
    <nd ref="-881" />
    <nd ref="-882" />
    <nd ref="-883" />
    <nd ref="-878" />
    <tag k="building" v="kindergarten" />
  </way>
  <way id="-1000000154" visible="true">
    <nd ref="-884" />
    <nd ref="-885" />
    <nd ref="-886" />
    <nd ref="-887" />
    <nd ref="-884" />
    <tag k="building" v="yes" />
  </way>
  <way id="-1000000155" visible="true">
    <nd ref="-888" />
    <nd ref="-889" />
    <nd ref="-890" />
    <nd ref="-891" />
    <nd ref="-888" />
    <tag k="building" v="garage" />
  </way>
  <way id="-1000000156" visible="true">
    <nd ref="-892" />
    <nd ref="-893" />
    <nd ref="-894" />
    <nd ref="-895" />
    <nd ref="-892" />
    <tag k="building" v="garage" />
  </way>
  <way id="-1000000157" visible="true">
    <nd ref="-896" />
    <nd ref="-897" />
    <nd ref="-898" />
    <nd ref="-899" />
    <nd ref="-900" />
    <nd ref="-901" />
    <nd ref="-902" />
    <nd ref="-903" />
    <nd ref="-896" />
    <tag k="building" v="semidetached_house" />
  </way>
  <way id="-1000000158" visible="true">
    <nd ref="-904" />
    <nd ref="-905" />
    <nd ref="-906" />
    <nd ref="-907" />
    <nd ref="-904" />
    <tag k="building" v="yes" />
  </way>
  <way id="-1000000159" visible="true">
    <nd ref="-908" />
    <nd ref="-909" />
    <nd ref="-910" />
    <nd ref="-911" />
    <nd ref="-912" />
    <nd ref="-913" />
    <nd ref="-914" />
    <nd ref="-908" />
    <tag k="addr:city" v="Ingolstadt" />
    <tag k="addr:country" v="DE" />
    <tag k="addr:housenumber" v="3" />
    <tag k="addr:postcode" v="85055" />
    <tag k="addr:street" v="Roseggerstraße" />
    <tag k="building" v="semidetached_house" />
  </way>
  <way id="-1000000160" visible="true">
    <nd ref="-915" />
    <nd ref="-916" />
    <nd ref="-917" />
    <nd ref="-918" />
    <nd ref="-919" />
    <nd ref="-915" />
    <tag k="addr:city" v="Ingolstadt" />
    <tag k="addr:country" v="DE" />
    <tag k="addr:housenumber" v="9" />
    <tag k="addr:postcode" v="85055" />
    <tag k="addr:street" v="Hebbelstraße" />
    <tag k="building" v="semidetached_house" />
  </way>
  <way id="-1000000161" visible="true">
    <nd ref="-920" />
    <nd ref="-921" />
    <nd ref="-922" />
    <nd ref="-923" />
    <nd ref="-924" />
    <nd ref="-920" />
    <tag k="building" v="garage" />
  </way>
  <way id="-1000000162" visible="true">
    <nd ref="-925" />
    <nd ref="-926" />
    <nd ref="-927" />
    <nd ref="-928" />
    <nd ref="-929" />
    <nd ref="-925" />
    <tag k="building" v="yes" />
  </way>
  <way id="-1000000163" visible="true">
    <nd ref="-930" />
    <nd ref="-931" />
    <nd ref="-932" />
    <nd ref="-933" />
    <nd ref="-930" />
    <tag k="addr:city" v="Ingolstadt" />
    <tag k="addr:country" v="DE" />
    <tag k="addr:housenumber" v="1a" />
    <tag k="addr:postcode" v="85055" />
    <tag k="addr:street" v="Roseggerstraße" />
    <tag k="building" v="detached" />
  </way>
  <way id="-1000000164" visible="true">
    <nd ref="-934" />
    <nd ref="-935" />
    <nd ref="-936" />
    <nd ref="-937" />
    <nd ref="-938" />
    <nd ref="-939" />
    <nd ref="-934" />
    <tag k="building" v="garage" />
    <tag k="building:use" v="garage" />
  </way>
  <way id="-1000000165" visible="true">
    <nd ref="-940" />
    <nd ref="-941" />
    <nd ref="-942" />
    <nd ref="-943" />
    <nd ref="-944" />
    <nd ref="-945" />
    <nd ref="-940" />
    <tag k="building" v="garage" />
    <tag k="building:use" v="garage" />
  </way>
  <way id="-1000000166" visible="true">
    <nd ref="-946" />
    <nd ref="-947" />
    <nd ref="-948" />
    <nd ref="-949" />
    <nd ref="-950" />
    <nd ref="-951" />
    <nd ref="-952" />
    <nd ref="-953" />
    <nd ref="-954" />
    <nd ref="-955" />
    <nd ref="-946" />
    <tag k="building" v="yes" />
    <tag k="building:levels" v="1" />
    <tag k="height" v="4" />
    <tag k="source" v="HiRes aerial imagery" />
  </way>
  <way id="-1000000167" visible="true">
    <nd ref="-956" />
    <nd ref="-957" />
    <nd ref="-958" />
    <nd ref="-959" />
    <nd ref="-960" />
    <nd ref="-961" />
    <nd ref="-956" />
    <tag k="addr:city" v="Ingolstadt" />
    <tag k="addr:country" v="DE" />
    <tag k="addr:housenumber" v="19" />
    <tag k="addr:postcode" v="85055" />
    <tag k="addr:street" v="Anzengruberstraße" />
    <tag k="building" v="semidetached_house" />
  </way>
  <way id="-1000000168" visible="true">
    <nd ref="-962" />
    <nd ref="-963" />
    <nd ref="-964" />
    <nd ref="-965" />
    <nd ref="-962" />
    <tag k="building" v="yes" />
  </way>
  <way id="-1000000169" visible="true">
    <nd ref="-966" />
    <nd ref="-967" />
    <nd ref="-968" />
    <nd ref="-969" />
    <nd ref="-966" />
    <tag k="building" v="garage" />
  </way>
  <way id="-1000000170" visible="true">
    <nd ref="-970" />
    <nd ref="-971" />
    <nd ref="-972" />
    <nd ref="-973" />
    <nd ref="-970" />
    <tag k="building" v="garages" />
  </way>
  <way id="-1000000171" visible="true">
    <nd ref="-974" />
    <nd ref="-975" />
    <nd ref="-976" />
    <nd ref="-977" />
    <nd ref="-974" />
    <tag k="building" v="yes" />
    <tag k="building:use" v="garage" />
  </way>
  <way id="-1000000172" visible="true">
    <nd ref="-978" />
    <nd ref="-979" />
    <nd ref="-980" />
    <nd ref="-981" />
    <nd ref="-982" />
    <nd ref="-978" />
    <tag k="building" v="yes" />
  </way>
  <way id="-1000000173" visible="true">
    <nd ref="-983" />
    <nd ref="-984" />
    <nd ref="-985" />
    <nd ref="-986" />
    <nd ref="-983" />
    <tag k="building" v="yes" />
  </way>
  <way id="-1000000174" visible="true">
    <nd ref="-987" />
    <nd ref="-988" />
    <nd ref="-989" />
    <nd ref="-990" />
    <nd ref="-991" />
    <nd ref="-992" />
    <nd ref="-993" />
    <nd ref="-994" />
    <nd ref="-995" />
    <nd ref="-996" />
    <nd ref="-997" />
    <nd ref="-998" />
    <nd ref="-987" />
    <tag k="building" v="apartments" />
    <tag k="height" v="5" />
    <tag k="source" v="HiRes aerial imagery" />
  </way>
  <way id="-1000000175" visible="true">
    <nd ref="-999" />
    <nd ref="-1000" />
    <nd ref="-1001" />
    <nd ref="-1002" />
    <nd ref="-1003" />
    <nd ref="-1004" />
    <nd ref="-1005" />
    <nd ref="-1006" />
    <nd ref="-1007" />
    <nd ref="-1008" />
    <nd ref="-1009" />
    <nd ref="-1010" />
    <nd ref="-1011" />
    <nd ref="-1012" />
    <nd ref="-1013" />
    <nd ref="-1014" />
    <nd ref="-999" />
    <tag k="building" v="yes" />
    <tag k="source" v="HiRes aerial imagery" />
  </way>
  <way id="-1000000176" visible="true">
    <nd ref="-1015" />
    <nd ref="-1016" />
    <nd ref="-1017" />
    <nd ref="-1018" />
    <nd ref="-1019" />
    <nd ref="-1020" />
    <nd ref="-1021" />
    <nd ref="-1022" />
    <nd ref="-1023" />
    <nd ref="-1024" />
    <nd ref="-1025" />
    <nd ref="-1026" />
    <nd ref="-1027" />
    <nd ref="-1028" />
    <nd ref="-1029" />
    <nd ref="-1030" />
    <nd ref="-1015" />
    <tag k="building" v="yes" />
    <tag k="source" v="HiRes aerial imagery" />
  </way>
  <way id="-1000000177" visible="true">
    <nd ref="-1031" />
    <nd ref="-1032" />
    <nd ref="-1033" />
    <nd ref="-1034" />
    <nd ref="-1035" />
    <nd ref="-1036" />
    <nd ref="-1037" />
    <nd ref="-1038" />
    <nd ref="-1039" />
    <nd ref="-1040" />
    <nd ref="-1041" />
    <nd ref="-1042" />
    <nd ref="-1043" />
    <nd ref="-1044" />
    <nd ref="-1045" />
    <nd ref="-1046" />
    <nd ref="-1031" />
    <tag k="building" v="yes" />
    <tag k="source" v="HiRes aerial imagery" />
  </way>
  <way id="-1000000178" visible="true">
    <nd ref="-1047" />
    <nd ref="-1048" />
    <nd ref="-1049" />
    <nd ref="-1050" />
    <nd ref="-1047" />
    <tag k="building" v="yes" />
  </way>
  <way id="-1000000179" visible="true">
    <nd ref="-599" />
    <nd ref="-595" />
    <nd ref="-1051" />
    <nd ref="-1052" />
    <nd ref="-599" />
    <tag k="building" v="apartments" />
    <tag k="height" v="3" />
    <tag k="source" v="HiRes aerial imagery" />
  </way>
  <way id="-1000000180" visible="true">
    <nd ref="-1048" />
    <nd ref="-1053" />
    <nd ref="-1054" />
    <nd ref="-1049" />
    <nd ref="-1048" />
    <tag k="building" v="yes" />
  </way>
  <way id="-1000000181" visible="true">
    <nd ref="-1055" />
    <nd ref="-1056" />
    <nd ref="-1057" />
    <nd ref="-1058" />
    <nd ref="-1059" />
    <nd ref="-1060" />
    <nd ref="-1061" />
    <nd ref="-1062" />
    <nd ref="-1063" />
    <nd ref="-1064" />
    <nd ref="-1065" />
    <nd ref="-1066" />
    <nd ref="-1055" />
    <tag k="building" v="apartments" />
    <tag k="building:levels" v="9" />
    <tag k="source" v="HiRes aerial imagery" />
  </way>
  <way id="-1000000182" visible="true">
    <nd ref="-1067" />
    <nd ref="-1068" />
    <nd ref="-1069" />
    <nd ref="-1070" />
    <nd ref="-1067" />
    <tag k="building" v="apartments" />
    <tag k="height" v="5" />
    <tag k="source" v="HiRes aerial imagery" />
  </way>
  <way id="-1000000183" visible="true">
    <nd ref="-1053" />
    <nd ref="-1071" />
    <nd ref="-1072" />
    <nd ref="-1054" />
    <nd ref="-1053" />
    <tag k="building" v="yes" />
  </way>
  <way id="-1000000184" visible="true">
    <nd ref="-1073" />
    <nd ref="-1074" />
    <nd ref="-1075" />
    <nd ref="-1076" />
    <nd ref="-1073" />
    <tag k="building" v="yes" />
    <tag k="building:levels" v="1" />
    <tag k="source" v="Bing(2012)" />
  </way>
  <way id="-1000000185" visible="true">
    <nd ref="-1060" />
    <nd ref="-1077" />
    <nd ref="-1078" />
    <nd ref="-1079" />
    <nd ref="-1080" />
    <nd ref="-1081" />
    <nd ref="-1082" />
    <nd ref="-1061" />
    <nd ref="-1060" />
    <tag k="building" v="apartments" />
    <tag k="building:levels" v="9" />
    <tag k="source" v="HiRes aerial imagery" />
  </way>
  <way id="-1000000186" visible="true">
    <nd ref="-1068" />
    <nd ref="-991" />
    <nd ref="-990" />
    <nd ref="-1069" />
    <nd ref="-1068" />
    <tag k="building" v="apartments" />
    <tag k="height" v="5" />
    <tag k="source" v="HiRes aerial imagery" />
  </way>
  <way id="-1000000187" visible="true">
    <nd ref="-929" />
    <nd ref="-1083" />
    <nd ref="-1084" />
    <nd ref="-928" />
    <nd ref="-929" />
    <tag k="building" v="yes" />
  </way>
  <way id="-1000000188" visible="true">
    <nd ref="-1085" />
    <nd ref="-1086" />
    <nd ref="-1087" />
    <nd ref="-1088" />
    <nd ref="-1089" />
    <nd ref="-1090" />
    <nd ref="-1091" />
    <nd ref="-1092" />
    <nd ref="-1085" />
    <tag k="building" v="apartments" />
    <tag k="building:levels" v="5" />
    <tag k="source" v="HiRes aerial imagery" />
  </way>
  <way id="-1000000189" visible="true">
    <nd ref="-1086" />
    <nd ref="-1093" />
    <nd ref="-1094" />
    <nd ref="-1095" />
    <nd ref="-1096" />
    <nd ref="-1097" />
    <nd ref="-1098" />
    <nd ref="-1087" />
    <nd ref="-1086" />
    <tag k="building" v="apartments" />
    <tag k="building:levels" v="5" />
    <tag k="source" v="HiRes aerial imagery" />
  </way>
  <way id="-1000000190" visible="true">
    <nd ref="-1099" />
    <nd ref="-1100" />
    <nd ref="-1101" />
    <nd ref="-1102" />
    <nd ref="-1099" />
    <tag k="building" v="apartments" />
    <tag k="source" v="Bing(2012)" />
  </way>
  <way id="-1000000191" visible="true">
    <nd ref="-1103" />
    <nd ref="-1104" />
    <nd ref="-1105" />
    <nd ref="-1106" />
    <nd ref="-1107" />
    <nd ref="-1103" />
    <tag k="building" v="apartments" />
    <tag k="source" v="HiRes aerial imagery" />
  </way>
  <way id="-1000000192" visible="true">
    <nd ref="-1108" />
    <nd ref="-1109" />
    <nd ref="-1110" />
    <nd ref="-1111" />
    <nd ref="-1112" />
    <nd ref="-1108" />
    <tag k="building" v="apartments" />
    <tag k="source" v="HiRes aerial imagery" />
  </way>
  <way id="-1000000193" visible="true">
    <nd ref="-1100" />
    <nd ref="-1113" />
    <nd ref="-1114" />
    <nd ref="-1101" />
    <nd ref="-1100" />
    <tag k="building" v="apartments" />
    <tag k="source" v="Bing(2012)" />
  </way>
  <way id="-1000000194" visible="true">
    <nd ref="-1105" />
    <nd ref="-1115" />
    <nd ref="-1116" />
    <nd ref="-1117" />
    <nd ref="-1106" />
    <nd ref="-1105" />
    <tag k="building" v="apartments" />
    <tag k="source" v="HiRes aerial imagery" />
  </way>
  <way id="-1000000195" visible="true">
    <nd ref="-1110" />
    <nd ref="-1118" />
    <nd ref="-1119" />
    <nd ref="-1120" />
    <nd ref="-1111" />
    <nd ref="-1110" />
    <tag k="building" v="apartments" />
    <tag k="source" v="HiRes aerial imagery" />
  </way>
  <way id="-1000000196" visible="true">
    <nd ref="-1113" />
    <nd ref="-1121" />
    <nd ref="-1122" />
    <nd ref="-1114" />
    <nd ref="-1113" />
    <tag k="building" v="apartments" />
    <tag k="source" v="Bing(2012)" />
  </way>
  <way id="-1000000197" visible="true">
    <nd ref="-1123" />
    <nd ref="-1124" />
    <nd ref="-1125" />
    <nd ref="-1126" />
    <nd ref="-1127" />
    <nd ref="-1123" />
    <tag k="building" v="apartments" />
    <tag k="source" v="HiRes aerial imagery" />
  </way>
  <way id="-1000000198" visible="true">
    <nd ref="-1119" />
    <nd ref="-1128" />
    <nd ref="-1129" />
    <nd ref="-1130" />
    <nd ref="-1120" />
    <nd ref="-1119" />
    <tag k="building" v="apartments" />
    <tag k="source" v="HiRes aerial imagery" />
  </way>
  <way id="-1000000199" visible="true">
    <nd ref="-1125" />
    <nd ref="-1131" />
    <nd ref="-1132" />
    <nd ref="-1133" />
    <nd ref="-1126" />
    <nd ref="-1125" />
    <tag k="building" v="apartments" />
    <tag k="source" v="HiRes aerial imagery" />
  </way>
  <way id="-1000000200" visible="true">
    <nd ref="-1134" />
    <nd ref="-1135" />
    <nd ref="-1136" />
    <nd ref="-1137" />
    <nd ref="-1138" />
    <nd ref="-1134" />
    <tag k="building" v="apartments" />
    <tag k="source" v="HiRes aerial imagery" />
  </way>
  <way id="-1000000201" visible="true">
    <nd ref="-1132" />
    <nd ref="-1139" />
    <nd ref="-1103" />
    <nd ref="-1107" />
    <nd ref="-1133" />
    <nd ref="-1132" />
    <tag k="building" v="apartments" />
    <tag k="source" v="HiRes aerial imagery" />
  </way>
  <way id="-1000000202" visible="true">
    <nd ref="-1136" />
    <nd ref="-1140" />
    <nd ref="-1108" />
    <nd ref="-1112" />
    <nd ref="-1137" />
    <nd ref="-1136" />
    <tag k="building" v="apartments" />
    <tag k="source" v="HiRes aerial imagery" />
  </way>
  <way id="-1000000203" visible="true">
    <nd ref="-1141" />
    <nd ref="-1099" />
    <nd ref="-1102" />
    <nd ref="-1142" />
    <nd ref="-1141" />
    <tag k="building" v="apartments" />
    <tag k="source" v="Bing(2012)" />
  </way>
  <way id="-1000000204" visible="true">
    <nd ref="-1143" />
    <nd ref="-1144" />
    <nd ref="-1145" />
    <nd ref="-1146" />
    <nd ref="-1143" />
    <tag k="building" v="garage" />
    <tag k="building:use" v="garage" />
  </way>
  <way id="-1000000205" visible="true">
    <nd ref="-1147" />
    <nd ref="-1148" />
    <nd ref="-1149" />
    <nd ref="-1150" />
    <nd ref="-1147" />
    <tag k="building" v="yes" />
    <tag k="building:use" v="garage" />
  </way>
  <way id="-1000000206" visible="true">
    <nd ref="-1151" />
    <nd ref="-1152" />
    <nd ref="-1153" />
    <nd ref="-1154" />
    <nd ref="-1155" />
    <nd ref="-1151" />
    <tag k="building" v="garage" />
  </way>
  <way id="-1000000207" visible="true">
    <nd ref="-1155" />
    <nd ref="-1154" />
    <nd ref="-1156" />
    <nd ref="-1157" />
    <nd ref="-1158" />
    <nd ref="-1155" />
    <tag k="building" v="shed" />
  </way>
  <way id="-1000000208" visible="true">
    <nd ref="-1151" />
    <nd ref="-1155" />
    <nd ref="-1158" />
    <nd ref="-1159" />
    <nd ref="-1160" />
    <nd ref="-1151" />
    <tag k="building" v="garage" />
  </way>
  <way id="-1000000209" visible="true">
    <nd ref="-693" />
    <nd ref="-1161" />
    <nd ref="-1162" />
    <nd ref="-1163" />
    <nd ref="-1164" />
    <nd ref="-1165" />
    <nd ref="-1166" />
    <nd ref="-685" />
    <nd ref="-693" />
    <tag k="addr:housenumber" v="37" />
    <tag k="addr:street" v="Unterer Taubentalweg" />
    <tag k="building" v="semidetached_house" />
  </way>
  <way id="-1000000210" visible="true">
    <nd ref="-706" />
    <nd ref="-1167" />
    <nd ref="-1168" />
    <nd ref="-1169" />
    <nd ref="-702" />
    <nd ref="-708" />
    <nd ref="-707" />
    <nd ref="-706" />
    <tag k="building" v="house" />
  </way>
  <way id="-1000000211" visible="true">
    <nd ref="-704" />
    <nd ref="-1170" />
    <nd ref="-1171" />
    <nd ref="-1172" />
    <nd ref="-1173" />
    <nd ref="-705" />
    <nd ref="-704" />
    <tag k="building" v="semidetached_house" />
  </way>
  <way id="-1000000212" visible="true">
    <nd ref="-671" />
    <nd ref="-674" />
    <nd ref="-673" />
    <nd ref="-1174" />
    <nd ref="-665" />
    <nd ref="-671" />
    <tag k="building" v="house" />
  </way>
  <way id="-1000000213" visible="true">
    <nd ref="-1175" />
    <nd ref="-1176" />
    <nd ref="-1177" />
    <nd ref="-1178" />
    <nd ref="-1175" />
    <tag k="building" v="shed" />
  </way>
  <way id="-1000000214" visible="true">
    <nd ref="-1179" />
    <nd ref="-1176" />
    <nd ref="-1175" />
    <nd ref="-1180" />
    <nd ref="-1181" />
    <nd ref="-1179" />
    <tag k="building" v="garage" />
  </way>
  <way id="-1000000215" visible="true">
    <nd ref="-1182" />
    <nd ref="-1183" />
    <nd ref="-1184" />
    <nd ref="-1185" />
    <nd ref="-1182" />
    <tag k="building" v="garage" />
  </way>
  <way id="-1000000216" visible="true">
    <nd ref="-1186" />
    <nd ref="-1187" />
    <nd ref="-1188" />
    <nd ref="-1189" />
    <nd ref="-1186" />
    <tag k="building" v="house" />
  </way>
  <way id="-1000000217" visible="true">
    <nd ref="-662" />
    <nd ref="-1186" />
    <nd ref="-1189" />
    <nd ref="-663" />
    <nd ref="-662" />
    <tag k="building" v="house" />
  </way>
  <way id="-1000000218" visible="true">
    <nd ref="-411" />
    <nd ref="-422" />
    <nd ref="-421" />
    <nd ref="-412" />
    <nd ref="-411" />
    <tag k="building" v="bridge" />
  </way>
  <way id="-1000000219" visible="true">
    <nd ref="-417" />
    <nd ref="-428" />
    <nd ref="-427" />
    <nd ref="-418" />
    <nd ref="-417" />
    <tag k="building" v="bridge" />
  </way>
  <way id="-1000000220" visible="true">
    <nd ref="-1190" />
    <nd ref="-1191" />
    <nd ref="-1192" />
    <nd ref="-1193" />
    <nd ref="-1190" />
    <tag k="building" v="shed" />
  </way>
  <way id="-1000000221" visible="true">
    <nd ref="-1194" />
    <nd ref="-1195" />
    <nd ref="-1196" />
    <nd ref="-1197" />
    <nd ref="-1194" />
    <tag k="building" v="roof" />
    <tag k="layer" v="1" />
    <tag k="roof:shape" v="skillion" />
  </way>
  <way id="-1000000222" visible="true">
    <nd ref="-1198" />
    <nd ref="-1199" />
    <nd ref="-257" />
    <nd ref="-256" />
    <nd ref="-1198" />
    <tag k="building" v="garages" />
    <tag k="building:levels" v="1" />
    <tag k="roof:shape" v="flat" />
  </way>
  <way id="-1000000223" visible="true">
    <nd ref="-1200" />
    <nd ref="-1201" />
    <nd ref="-248" />
    <nd ref="-247" />
    <nd ref="-1200" />
    <tag k="building" v="garages" />
    <tag k="building:levels" v="1" />
    <tag k="roof:shape" v="flat" />
  </way>
  <way id="-1000000224" visible="true">
    <nd ref="-1202" />
    <nd ref="-1203" />
    <nd ref="-1199" />
    <nd ref="-1198" />
    <nd ref="-1204" />
    <nd ref="-1205" />
    <nd ref="-246" />
    <nd ref="-245" />
    <nd ref="-1206" />
    <nd ref="-1207" />
    <nd ref="-1208" />
    <nd ref="-1202" />
    <tag k="building" v="yes" />
    <tag k="building:levels" v="3" />
    <tag k="roof:levels" v="1" />
    <tag k="roof:orientation" v="along" />
    <tag k="roof:shape" v="gabled" />
  </way>
  <way id="-1000000225" visible="true">
    <nd ref="-1209" />
    <nd ref="-1210" />
    <nd ref="-1201" />
    <nd ref="-1200" />
    <nd ref="-235" />
    <nd ref="-234" />
    <nd ref="-1211" />
    <nd ref="-1212" />
    <nd ref="-1213" />
    <nd ref="-1214" />
    <nd ref="-1209" />
    <tag k="building" v="yes" />
    <tag k="building:levels" v="3" />
    <tag k="roof:levels" v="1" />
    <tag k="roof:orientation" v="along" />
    <tag k="roof:shape" v="gabled" />
  </way>
  <way id="-1000000226" visible="true">
    <nd ref="-1215" />
    <nd ref="-1216" />
    <nd ref="-1217" />
    <nd ref="-1218" />
    <nd ref="-1215" />
    <tag k="building" v="garages" />
    <tag k="building:use" v="garage" />
  </way>
  <way id="-1000000227" visible="true">
    <nd ref="-1219" />
    <nd ref="-1220" />
    <nd ref="-1221" />
    <nd ref="-1222" />
    <nd ref="-1219" />
    <tag k="building" v="garages" />
    <tag k="building:use" v="garage" />
  </way>
  <way id="-1000000228" visible="true">
    <nd ref="-1223" />
    <nd ref="-1224" />
    <nd ref="-1225" />
    <nd ref="-1226" />
    <nd ref="-1223" />
    <tag k="building" v="garages" />
    <tag k="building:use" v="garage" />
  </way>
  <way id="-1000000229" visible="true">
    <nd ref="-1227" />
    <nd ref="-1228" />
    <nd ref="-1229" />
    <nd ref="-1230" />
    <nd ref="-1227" />
    <tag k="building" v="garages" />
    <tag k="building:use" v="garage" />
  </way>
  <way id="-1000000230" visible="true">
    <nd ref="-1231" />
    <nd ref="-1232" />
    <nd ref="-1233" />
    <nd ref="-1234" />
    <nd ref="-1235" />
    <nd ref="-1236" />
    <nd ref="-1231" />
    <tag k="building" v="yes" />
  </way>
  <way id="-1000000231" visible="true">
    <nd ref="-1237" />
    <nd ref="-1238" />
    <nd ref="-1239" />
    <nd ref="-1240" />
    <nd ref="-1241" />
    <nd ref="-1242" />
    <nd ref="-1237" />
    <tag k="building" v="yes" />
  </way>
  <way id="-1000000232" visible="true">
    <nd ref="-162" />
    <nd ref="-1243" />
    <nd ref="-1244" />
    <nd ref="-1245" />
    <nd ref="-163" />
    <nd ref="-162" />
    <tag k="building" v="yes" />
    <tag k="building:levels" v="3" />
    <tag k="roof:levels" v="1" />
    <tag k="roof:orientation" v="along" />
    <tag k="roof:shape" v="gabled" />
  </way>
  <way id="-1000000233" visible="true">
    <nd ref="-1246" />
    <nd ref="-1247" />
    <nd ref="-1248" />
    <nd ref="-1249" />
    <nd ref="-1250" />
    <nd ref="-1251" />
    <nd ref="-1246" />
    <tag k="building" v="house" />
    <tag k="building:levels" v="2" />
    <tag k="roof:levels" v="2" />
    <tag k="roof:orientation" v="across" />
    <tag k="roof:shape" v="gabled" />
  </way>
  <way id="-1000000234" visible="true">
    <nd ref="-1252" />
    <nd ref="-1253" />
    <nd ref="-1246" />
    <nd ref="-1251" />
    <nd ref="-1254" />
    <nd ref="-1252" />
    <tag k="building" v="house" />
    <tag k="building:levels" v="2" />
    <tag k="roof:levels" v="2" />
    <tag k="roof:orientation" v="across" />
    <tag k="roof:shape" v="gabled" />
  </way>
  <way id="-1000000235" visible="true">
    <nd ref="-1255" />
    <nd ref="-1256" />
    <nd ref="-1252" />
    <nd ref="-1254" />
    <nd ref="-1257" />
    <nd ref="-1255" />
    <tag k="building" v="house" />
    <tag k="building:levels" v="2" />
    <tag k="roof:levels" v="2" />
    <tag k="roof:orientation" v="across" />
    <tag k="roof:shape" v="gabled" />
  </way>
  <way id="-1000000236" visible="true">
    <nd ref="-1258" />
    <nd ref="-1259" />
    <nd ref="-1255" />
    <nd ref="-1257" />
    <nd ref="-1260" />
    <nd ref="-1258" />
    <tag k="building" v="house" />
    <tag k="building:levels" v="2" />
    <tag k="roof:levels" v="2" />
    <tag k="roof:orientation" v="across" />
    <tag k="roof:shape" v="gabled" />
  </way>
  <way id="-1000000237" visible="true">
    <nd ref="-359" />
    <nd ref="-1261" />
    <nd ref="-1258" />
    <nd ref="-1260" />
    <nd ref="-360" />
    <nd ref="-359" />
    <tag k="building" v="house" />
    <tag k="building:levels" v="2" />
    <tag k="roof:levels" v="2" />
    <tag k="roof:orientation" v="across" />
    <tag k="roof:shape" v="gabled" />
  </way>
  <way id="-1000000238" visible="true">
    <nd ref="-1262" />
    <nd ref="-1263" />
    <nd ref="-1264" />
    <nd ref="-1265" />
    <nd ref="-1266" />
    <nd ref="-1267" />
    <nd ref="-1262" />
    <tag k="building" v="house" />
    <tag k="building:levels" v="2" />
    <tag k="roof:levels" v="2" />
    <tag k="roof:orientation" v="across" />
    <tag k="roof:shape" v="gabled" />
  </way>
  <way id="-1000000239" visible="true">
    <nd ref="-1268" />
    <nd ref="-1269" />
    <nd ref="-1262" />
    <nd ref="-1267" />
    <nd ref="-1270" />
    <nd ref="-1268" />
    <tag k="building" v="house" />
    <tag k="building:levels" v="2" />
    <tag k="roof:levels" v="2" />
    <tag k="roof:orientation" v="across" />
    <tag k="roof:shape" v="gabled" />
  </way>
  <way id="-1000000240" visible="true">
    <nd ref="-1271" />
    <nd ref="-1272" />
    <nd ref="-1268" />
    <nd ref="-1270" />
    <nd ref="-1273" />
    <nd ref="-1271" />
    <tag k="building" v="house" />
    <tag k="building:levels" v="2" />
    <tag k="roof:levels" v="2" />
    <tag k="roof:orientation" v="across" />
    <tag k="roof:shape" v="gabled" />
  </way>
  <way id="-1000000241" visible="true">
    <nd ref="-1274" />
    <nd ref="-1275" />
    <nd ref="-1271" />
    <nd ref="-1273" />
    <nd ref="-1276" />
    <nd ref="-1274" />
    <tag k="building" v="house" />
    <tag k="building:levels" v="2" />
    <tag k="roof:levels" v="2" />
    <tag k="roof:orientation" v="across" />
    <tag k="roof:shape" v="gabled" />
  </way>
  <way id="-1000000242" visible="true">
    <nd ref="-364" />
    <nd ref="-1277" />
    <nd ref="-1274" />
    <nd ref="-1276" />
    <nd ref="-365" />
    <nd ref="-364" />
    <tag k="building" v="house" />
    <tag k="building:levels" v="2" />
    <tag k="roof:levels" v="2" />
    <tag k="roof:orientation" v="across" />
    <tag k="roof:shape" v="gabled" />
  </way>
  <way id="-1000000243" visible="true">
    <nd ref="-1278" />
    <nd ref="-1279" />
    <nd ref="-1280" />
    <nd ref="-1281" />
    <nd ref="-1282" />
    <nd ref="-1278" />
    <tag k="building" v="house" />
    <tag k="building:levels" v="2" />
    <tag k="roof:levels" v="2" />
    <tag k="roof:orientation" v="across" />
    <tag k="roof:shape" v="gabled" />
  </way>
  <way id="-1000000244" visible="true">
    <nd ref="-1283" />
    <nd ref="-1284" />
    <nd ref="-1278" />
    <nd ref="-1282" />
    <nd ref="-1285" />
    <nd ref="-1283" />
    <tag k="building" v="house" />
    <tag k="building:levels" v="2" />
    <tag k="roof:levels" v="2" />
    <tag k="roof:orientation" v="across" />
    <tag k="roof:shape" v="gabled" />
  </way>
  <way id="-1000000245" visible="true">
    <nd ref="-369" />
    <nd ref="-1286" />
    <nd ref="-1287" />
    <nd ref="-1288" />
    <nd ref="-370" />
    <nd ref="-369" />
    <tag k="building" v="house" />
    <tag k="building:levels" v="2" />
    <tag k="roof:levels" v="2" />
    <tag k="roof:orientation" v="along" />
    <tag k="roof:shape" v="gabled" />
  </way>
  <way id="-1000000246" visible="true">
    <nd ref="-1289" />
    <nd ref="-1290" />
    <nd ref="-1291" />
    <nd ref="-1292" />
    <nd ref="-1293" />
    <nd ref="-1289" />
    <tag k="building" v="house" />
    <tag k="building:levels" v="2" />
    <tag k="roof:levels" v="2" />
    <tag k="roof:orientation" v="along" />
    <tag k="roof:shape" v="gabled" />
  </way>
  <way id="-1000000247" visible="true">
    <nd ref="-1294" />
    <nd ref="-1295" />
    <nd ref="-1296" />
    <nd ref="-1297" />
    <nd ref="-1298" />
    <nd ref="-1299" />
    <nd ref="-1294" />
    <tag k="building" v="house" />
    <tag k="building:levels" v="2" />
    <tag k="roof:levels" v="2" />
    <tag k="roof:orientation" v="across" />
    <tag k="roof:shape" v="gabled" />
  </way>
  <way id="-1000000248" visible="true">
    <nd ref="-376" />
    <nd ref="-1300" />
    <nd ref="-1294" />
    <nd ref="-1299" />
    <nd ref="-372" />
    <nd ref="-376" />
    <tag k="building" v="house" />
    <tag k="building:levels" v="2" />
    <tag k="roof:levels" v="2" />
    <tag k="roof:orientation" v="across" />
    <tag k="roof:shape" v="gabled" />
  </way>
  <way id="-1000000249" visible="true">
    <nd ref="-373" />
    <nd ref="-1289" />
    <nd ref="-1293" />
    <nd ref="-1301" />
    <nd ref="-374" />
    <nd ref="-373" />
    <tag k="building" v="house" />
    <tag k="building:levels" v="2" />
    <tag k="roof:levels" v="2" />
    <tag k="roof:orientation" v="along" />
    <tag k="roof:shape" v="gabled" />
  </way>
  <way id="-1000000250" visible="true">
    <nd ref="-1302" />
    <nd ref="-1303" />
    <nd ref="-1304" />
    <nd ref="-1305" />
    <nd ref="-1306" />
    <nd ref="-1307" />
    <nd ref="-1302" />
    <tag k="building" v="house" />
    <tag k="building:levels" v="2" />
    <tag k="roof:levels" v="2" />
    <tag k="roof:orientation" v="across" />
    <tag k="roof:shape" v="gabled" />
  </way>
  <way id="-1000000251" visible="true">
    <nd ref="-1308" />
    <nd ref="-1309" />
    <nd ref="-1310" />
    <nd ref="-1311" />
    <nd ref="-1308" />
    <tag k="building" v="apartments" />
  </way>
  <way id="-1000000252" visible="true">
    <nd ref="-225" />
    <nd ref="-224" />
    <nd ref="-1312" />
    <nd ref="-1313" />
    <nd ref="-225" />
    <tag k="building" v="garages" />
    <tag k="building:levels" v="1" />
    <tag k="roof:shape" v="flat" />
  </way>
  <way id="-1000000253" visible="true">
    <nd ref="-227" />
    <nd ref="-1314" />
    <nd ref="-1315" />
    <nd ref="-228" />
    <nd ref="-227" />
    <tag k="building" v="garage" />
    <tag k="building:levels" v="1" />
    <tag k="roof:shape" v="flat" />
  </way>
  <way id="-1000000254" visible="true">
    <nd ref="-219" />
    <nd ref="-1316" />
    <nd ref="-1317" />
    <nd ref="-1318" />
    <nd ref="-1319" />
    <nd ref="-212" />
    <nd ref="-219" />
    <tag k="building" v="retail" />
    <tag k="building:levels" v="1" />
    <tag k="roof:shape" v="flat" />
  </way>
  <way id="-1000000255" visible="true">
    <nd ref="-1320" />
    <nd ref="-1321" />
    <nd ref="-1322" />
    <nd ref="-1323" />
    <nd ref="-1320" />
    <tag k="building" v="garages" />
    <tag k="building:levels" v="1" />
    <tag k="roof:shape" v="flat" />
  </way>
  <way id="-1000000256" visible="true">
    <nd ref="-1298" />
    <nd ref="-1297" />
    <nd ref="-1324" />
    <nd ref="-1325" />
    <nd ref="-1326" />
    <nd ref="-1298" />
    <tag k="building" v="garages" />
  </way>
  <way id="-1000000257" visible="true">
    <nd ref="-1327" />
    <nd ref="-1328" />
    <nd ref="-1329" />
    <nd ref="-1330" />
    <nd ref="-1327" />
    <tag k="building" v="garages" />
    <tag k="building:levels" v="1" />
    <tag k="building:use" v="garage" />
    <tag k="roof:shape" v="flat" />
  </way>
  <way id="-1000000258" visible="true">
    <nd ref="-1306" />
    <nd ref="-1305" />
    <nd ref="-1331" />
    <nd ref="-1332" />
    <nd ref="-1333" />
    <nd ref="-1306" />
    <tag k="building" v="garages" />
    <tag k="building:levels" v="1" />
    <tag k="roof:shape" v="flat" />
  </way>
  <way id="-1000000259" visible="true">
    <nd ref="-1334" />
    <nd ref="-1335" />
    <nd ref="-1302" />
    <nd ref="-1307" />
    <nd ref="-1336" />
    <nd ref="-1334" />
    <tag k="building" v="house" />
    <tag k="building:levels" v="2" />
    <tag k="roof:levels" v="2" />
    <tag k="roof:orientation" v="across" />
    <tag k="roof:shape" v="gabled" />
  </way>
  <way id="-1000000260" visible="true">
    <nd ref="-1287" />
    <nd ref="-1337" />
    <nd ref="-1334" />
    <nd ref="-1336" />
    <nd ref="-1288" />
    <nd ref="-1287" />
    <tag k="building" v="house" />
    <tag k="building:levels" v="2" />
    <tag k="roof:levels" v="2" />
    <tag k="roof:orientation" v="along" />
    <tag k="roof:shape" v="gabled" />
  </way>
  <way id="-1000000261" visible="true">
    <nd ref="-1338" />
    <nd ref="-1339" />
    <nd ref="-1340" />
    <nd ref="-1341" />
    <nd ref="-1338" />
    <tag k="building" v="garages" />
    <tag k="building:levels" v="1" />
    <tag k="roof:shape" v="flat" />
  </way>
  <way id="-1000000262" visible="true">
    <nd ref="-1266" />
    <nd ref="-1265" />
    <nd ref="-1342" />
    <nd ref="-1343" />
    <nd ref="-1344" />
    <nd ref="-1266" />
    <tag k="building" v="garages" />
    <tag k="building:levels" v="1" />
    <tag k="roof:shape" v="flat" />
  </way>
  <way id="-1000000263" visible="true">
    <nd ref="-1345" />
    <nd ref="-1346" />
    <nd ref="-1347" />
    <nd ref="-1348" />
    <nd ref="-1345" />
    <tag k="building" v="garages" />
    <tag k="building:levels" v="1" />
    <tag k="roof:shape" v="flat" />
  </way>
  <way id="-1000000264" visible="true">
    <nd ref="-1249" />
    <nd ref="-1349" />
    <nd ref="-1350" />
    <nd ref="-1351" />
    <nd ref="-1250" />
    <nd ref="-1249" />
    <tag k="building" v="garages" />
    <tag k="building:levels" v="1" />
    <tag k="roof:shape" v="flat" />
  </way>
  <way id="-1000000265" visible="true">
    <nd ref="-1352" />
    <nd ref="-1353" />
    <nd ref="-1354" />
    <nd ref="-1355" />
    <nd ref="-1352" />
    <tag k="building" v="garages" />
    <tag k="building:levels" v="1" />
    <tag k="building:use" v="garage" />
    <tag k="roof:shape" v="flat" />
  </way>
  <way id="-1000000266" visible="true">
    <nd ref="-1356" />
    <nd ref="-1357" />
    <nd ref="-1358" />
    <nd ref="-1359" />
    <nd ref="-1356" />
    <tag k="building" v="garages" />
    <tag k="building:levels" v="1" />
    <tag k="building:use" v="garage" />
    <tag k="roof:shape" v="flat" />
  </way>
  <way id="-1000000267" visible="true">
    <nd ref="-1360" />
    <nd ref="-1361" />
    <nd ref="-1362" />
    <nd ref="-1363" />
    <nd ref="-1360" />
    <tag k="building" v="garages" />
    <tag k="building:levels" v="1" />
    <tag k="building:use" v="garage" />
    <tag k="roof:shape" v="flat" />
  </way>
  <way id="-1000000268" visible="true">
    <nd ref="-188" />
    <nd ref="-1364" />
    <nd ref="-1365" />
    <nd ref="-1366" />
    <nd ref="-1367" />
    <nd ref="-183" />
    <nd ref="-188" />
    <tag k="building" v="yes" />
    <tag k="building:levels" v="3" />
    <tag k="roof:levels" v="1" />
    <tag k="roof:orientation" v="along" />
    <tag k="roof:shape" v="gabled" />
  </way>
  <way id="-1000000269" visible="true">
    <nd ref="-195" />
    <nd ref="-1368" />
    <nd ref="-1369" />
    <nd ref="-1370" />
    <nd ref="-196" />
    <nd ref="-195" />
    <tag k="building" v="yes" />
    <tag k="building:levels" v="3" />
    <tag k="roof:levels" v="1" />
    <tag k="roof:orientation" v="along" />
    <tag k="roof:shape" v="gabled" />
  </way>
  <way id="-1000000270" visible="true">
    <nd ref="-190" />
    <nd ref="-1371" />
    <nd ref="-1372" />
    <nd ref="-1373" />
    <nd ref="-191" />
    <nd ref="-190" />
    <tag k="building" v="apartments" />
    <tag k="building:levels" v="3" />
    <tag k="roof:levels" v="1" />
    <tag k="roof:orientation" v="along" />
    <tag k="roof:shape" v="gabled" />
  </way>
  <way id="-1000000271" visible="true">
    <nd ref="-1374" />
    <nd ref="-1375" />
    <nd ref="-1376" />
    <nd ref="-1377" />
    <nd ref="-1378" />
    <nd ref="-1379" />
    <nd ref="-1374" />
    <tag k="building" v="yes" />
    <tag k="building:levels" v="3" />
  </way>
  <way id="-1000000272" visible="true">
    <nd ref="-1380" />
    <nd ref="-1381" />
    <nd ref="-1382" />
    <nd ref="-1383" />
    <nd ref="-1384" />
    <nd ref="-1385" />
    <nd ref="-1386" />
    <nd ref="-1387" />
    <nd ref="-1380" />
    <tag k="building" v="yes" />
    <tag k="building:use" v="garage" />
  </way>
  <way id="-1000000273" visible="true">
    <nd ref="-1388" />
    <nd ref="-1389" />
    <nd ref="-1390" />
    <nd ref="-1391" />
    <nd ref="-1392" />
    <nd ref="-1393" />
    <nd ref="-1394" />
    <nd ref="-1395" />
    <nd ref="-1388" />
    <tag k="building" v="yes" />
    <tag k="building:use" v="garage" />
  </way>
  <way id="-1000000274" visible="true">
    <nd ref="-1396" />
    <nd ref="-1397" />
    <nd ref="-1398" />
    <nd ref="-1399" />
    <nd ref="-1396" />
    <tag k="building" v="school" />
    <tag k="source" v="HiRes aerial imagery" />
  </way>
  <way id="-1000000275" visible="true">
    <nd ref="-1400" />
    <nd ref="-1401" />
    <nd ref="-1402" />
    <nd ref="-1403" />
    <nd ref="-1404" />
    <nd ref="-1405" />
    <nd ref="-1406" />
    <nd ref="-1400" />
    <tag k="addr:city" v="Ingolstadt" />
    <tag k="addr:housenumber" v="11" />
    <tag k="addr:postcode" v="85055" />
    <tag k="addr:street" v="Gutenbergstraße" />
    <tag k="building" v="apartments" />
  </way>
  <way id="-1000000276" visible="true">
    <nd ref="-1407" />
    <nd ref="-1408" />
    <nd ref="-1409" />
    <nd ref="-1410" />
    <nd ref="-1411" />
    <nd ref="-1412" />
    <nd ref="-1407" />
    <tag k="addr:city" v="Ingolstadt" />
    <tag k="addr:housenumber" v="31a" />
    <tag k="addr:postcode" v="85055" />
    <tag k="addr:street" v="Unterer Taubentalweg" />
    <tag k="building" v="apartments" />
  </way>
  <way id="-1000000277" visible="true">
    <nd ref="-1413" />
    <nd ref="-1414" />
    <nd ref="-1415" />
    <nd ref="-1416" />
    <nd ref="-1417" />
    <nd ref="-1418" />
    <nd ref="-1413" />
    <tag k="addr:city" v="Ingolstadt" />
    <tag k="addr:housenumber" v="31" />
    <tag k="addr:postcode" v="85055" />
    <tag k="addr:street" v="Unterer Taubentalweg" />
    <tag k="building" v="apartments" />
  </way>
  <way id="-1000000278" visible="true">
    <nd ref="-797" />
    <nd ref="-1419" />
    <nd ref="-1420" />
    <nd ref="-798" />
    <nd ref="-797" />
    <tag k="building" v="yes" />
  </way>
  <way id="-1000000279" visible="true">
    <nd ref="-1421" />
    <nd ref="-1422" />
    <nd ref="-1423" />
    <nd ref="-1424" />
    <nd ref="-1421" />
    <tag k="building" v="yes" />
  </way>
  <way id="-1000000280" visible="true">
    <nd ref="-1421" />
    <nd ref="-1425" />
    <nd ref="-1426" />
    <nd ref="-1427" />
    <nd ref="-1422" />
    <nd ref="-1421" />
    <tag k="building" v="yes" />
  </way>
  <way id="-1000000281" visible="true">
    <nd ref="-1428" />
    <nd ref="-1429" />
    <nd ref="-649" />
    <nd ref="-648" />
    <nd ref="-1430" />
    <nd ref="-1428" />
    <tag k="building" v="yes" />
  </way>
  <way id="-1000000282" visible="true">
    <nd ref="-1431" />
    <nd ref="-1432" />
    <nd ref="-1433" />
    <nd ref="-1434" />
    <nd ref="-1431" />
    <tag k="building" v="yes" />
    <tag k="building:levels" v="1" />
  </way>
  <way id="-1000000283" visible="true">
    <nd ref="-1435" />
    <nd ref="-1436" />
    <nd ref="-1437" />
    <nd ref="-1438" />
    <nd ref="-1439" />
    <nd ref="-1440" />
    <nd ref="-1441" />
    <nd ref="-1435" />
    <tag k="building" v="yes" />
    <tag k="building:levels" v="3" />
  </way>
  <way id="-1000000284" visible="true">
    <nd ref="-1442" />
    <nd ref="-1443" />
    <nd ref="-1444" />
    <nd ref="-1445" />
    <nd ref="-1446" />
    <nd ref="-1447" />
    <nd ref="-1448" />
    <nd ref="-1449" />
    <nd ref="-1450" />
    <nd ref="-1451" />
    <nd ref="-1452" />
    <nd ref="-1453" />
    <nd ref="-1454" />
    <nd ref="-1455" />
    <nd ref="-1456" />
    <nd ref="-1457" />
    <nd ref="-1442" />
    <tag k="building" v="yes" />
    <tag k="building:levels" v="1" />
  </way>
  <way id="-1000000285" visible="true">
    <nd ref="-916" />
    <nd ref="-1458" />
    <nd ref="-1459" />
    <nd ref="-917" />
    <nd ref="-916" />
    <tag k="addr:city" v="Ingolstadt" />
    <tag k="addr:country" v="DE" />
    <tag k="addr:housenumber" v="11" />
    <tag k="addr:postcode" v="85055" />
    <tag k="addr:street" v="Hebbelstraße" />
    <tag k="building" v="semidetached_house" />
  </way>
  <way id="-1000000286" visible="true">
    <nd ref="-1460" />
    <nd ref="-919" />
    <nd ref="-915" />
    <nd ref="-916" />
    <nd ref="-1461" />
    <nd ref="-1462" />
    <nd ref="-1463" />
    <nd ref="-1464" />
    <nd ref="-1465" />
    <nd ref="-1460" />
    <tag k="building" v="yes" />
  </way>
  <way id="-1000000287" visible="true">
    <nd ref="-1466" />
    <nd ref="-1467" />
    <nd ref="-1468" />
    <nd ref="-775" />
    <nd ref="-778" />
    <nd ref="-1469" />
    <nd ref="-1470" />
    <nd ref="-1471" />
    <nd ref="-1472" />
    <nd ref="-1466" />
    <tag k="addr:city" v="Ingolstadt" />
    <tag k="addr:country" v="DE" />
    <tag k="addr:housenumber" v="5" />
    <tag k="addr:postcode" v="85055" />
    <tag k="addr:street" v="Hebbelstraße" />
    <tag k="building" v="semidetached_house" />
  </way>
  <way id="-1000000288" visible="true">
    <nd ref="-1465" />
    <nd ref="-1473" />
    <nd ref="-1474" />
    <nd ref="-1475" />
    <nd ref="-1460" />
    <nd ref="-1465" />
    <tag k="building" v="garage" />
  </way>
  <way id="-1000000289" visible="true">
    <nd ref="-1476" />
    <nd ref="-1472" />
    <nd ref="-1466" />
    <nd ref="-1467" />
    <nd ref="-1477" />
    <nd ref="-1478" />
    <nd ref="-1479" />
    <nd ref="-1476" />
    <tag k="building" v="garage" />
  </way>
  <way id="-1000000290" visible="true">
    <nd ref="-961" />
    <nd ref="-1480" />
    <nd ref="-1481" />
    <nd ref="-1482" />
    <nd ref="-1483" />
    <nd ref="-960" />
    <nd ref="-961" />
    <tag k="addr:city" v="Ingolstadt" />
    <tag k="addr:country" v="DE" />
    <tag k="addr:housenumber" v="17" />
    <tag k="addr:postcode" v="85055" />
    <tag k="addr:street" v="Anzengruberstraße" />
    <tag k="building" v="semidetached_house" />
  </way>
  <way id="-1000000291" visible="true">
    <nd ref="-1481" />
    <nd ref="-1484" />
    <nd ref="-1485" />
    <nd ref="-1482" />
    <nd ref="-1481" />
    <tag k="building" v="garage" />
  </way>
  <way id="-1000000292" visible="true">
    <nd ref="-774" />
    <nd ref="-773" />
    <nd ref="-1486" />
    <nd ref="-1487" />
    <nd ref="-774" />
    <tag k="addr:city" v="Ingolstadt" />
    <tag k="addr:country" v="DE" />
    <tag k="addr:housenumber" v="13" />
    <tag k="addr:postcode" v="85055" />
    <tag k="addr:street" v="Roseggerstraße" />
    <tag k="building" v="semidetached_house" />
  </way>
  <way id="-1000000293" visible="true">
    <nd ref="-1488" />
    <nd ref="-1489" />
    <nd ref="-1490" />
    <nd ref="-1491" />
    <nd ref="-789" />
    <nd ref="-788" />
    <nd ref="-1492" />
    <nd ref="-1488" />
    <tag k="addr:city" v="Ingolstadt" />
    <tag k="addr:country" v="DE" />
    <tag k="addr:housenumber" v="11" />
    <tag k="addr:postcode" v="85055" />
    <tag k="addr:street" v="Roseggerstraße" />
    <tag k="building" v="semidetached_house" />
  </way>
  <way id="-1000000294" visible="true">
    <nd ref="-1493" />
    <nd ref="-1494" />
    <nd ref="-1492" />
    <nd ref="-1488" />
    <nd ref="-1495" />
    <nd ref="-1496" />
    <nd ref="-1497" />
    <nd ref="-1493" />
    <tag k="building" v="yes" />
  </way>
  <way id="-1000000295" visible="true">
    <nd ref="-1498" />
    <nd ref="-1499" />
    <nd ref="-1500" />
    <nd ref="-1501" />
    <nd ref="-1498" />
    <tag k="building" v="garage" />
  </way>
  <way id="-1000000296" visible="true">
    <nd ref="-1502" />
    <nd ref="-1498" />
    <nd ref="-1501" />
    <nd ref="-1503" />
    <nd ref="-1502" />
    <tag k="building" v="garage" />
  </way>
  <way id="-1000000297" visible="true">
    <nd ref="-782" />
    <nd ref="-1504" />
    <nd ref="-1505" />
    <nd ref="-1506" />
    <nd ref="-1507" />
    <nd ref="-1508" />
    <nd ref="-781" />
    <nd ref="-782" />
    <tag k="addr:city" v="Ingolstadt" />
    <tag k="addr:country" v="DE" />
    <tag k="addr:housenumber" v="5" />
    <tag k="addr:postcode" v="85055" />
    <tag k="addr:street" v="Roseggerstraße" />
    <tag k="building" v="semidetached_house" />
  </way>
  <way id="-1000000298" visible="true">
    <nd ref="-1505" />
    <nd ref="-1509" />
    <nd ref="-1510" />
    <nd ref="-1511" />
    <nd ref="-1504" />
    <nd ref="-1505" />
    <tag k="building" v="garage" />
  </way>
  <way id="-1000000299" visible="true">
    <nd ref="-913" />
    <nd ref="-1512" />
    <nd ref="-1513" />
    <nd ref="-1514" />
    <nd ref="-1515" />
    <nd ref="-912" />
    <nd ref="-913" />
    <tag k="addr:city" v="Ingolstadt" />
    <tag k="addr:country" v="DE" />
    <tag k="addr:housenumber" v="1" />
    <tag k="addr:postcode" v="85055" />
    <tag k="addr:street" v="Roseggerstraße" />
    <tag k="building" v="semidetached_house" />
  </way>
  <way id="-1000000300" visible="true">
    <nd ref="-1516" />
    <nd ref="-1517" />
    <nd ref="-1518" />
    <nd ref="-1519" />
    <nd ref="-1520" />
    <nd ref="-1521" />
    <nd ref="-1522" />
    <nd ref="-1516" />
    <tag k="addr:city" v="Ingolstadt" />
    <tag k="addr:country" v="DE" />
    <tag k="addr:housenumber" v="8" />
    <tag k="addr:postcode" v="85055" />
    <tag k="addr:street" v="Hebbelstraße" />
    <tag k="building" v="semidetached_house" />
  </way>
  <way id="-1000000301" visible="true">
    <nd ref="-1523" />
    <nd ref="-1521" />
    <nd ref="-1522" />
    <nd ref="-1524" />
    <nd ref="-1523" />
    <tag k="building" v="yes" />
  </way>
  <way id="-1000000302" visible="true">
    <nd ref="-1518" />
    <nd ref="-1525" />
    <nd ref="-1526" />
    <nd ref="-1519" />
    <nd ref="-1518" />
    <tag k="building" v="garage" />
  </way>
  <way id="-1000000303" visible="true">
    <nd ref="-497" />
    <nd ref="-1527" />
    <nd ref="-1528" />
    <nd ref="-1529" />
    <nd ref="-498" />
    <nd ref="-497" />
    <tag k="addr:city" v="Ingolstadt" />
    <tag k="addr:country" v="DE" />
    <tag k="addr:housenumber" v="12" />
    <tag k="addr:postcode" v="85055" />
    <tag k="addr:street" v="Hebbelstraße" />
    <tag k="building" v="semidetached_house" />
  </way>
  <way id="-1000000304" visible="true">
    <nd ref="-1528" />
    <nd ref="-1530" />
    <nd ref="-1531" />
    <nd ref="-1529" />
    <nd ref="-1528" />
    <tag k="building" v="garage" />
  </way>
  <way id="-1000000305" visible="true">
    <nd ref="-1532" />
    <nd ref="-1533" />
    <nd ref="-1534" />
    <nd ref="-1535" />
    <nd ref="-1532" />
    <tag k="building" v="yes" />
  </way>
  <way id="-1000000306" visible="true">
    <nd ref="-1536" />
    <nd ref="-1537" />
    <nd ref="-1538" />
    <nd ref="-1539" />
    <nd ref="-1540" />
    <nd ref="-1541" />
    <nd ref="-1536" />
    <tag k="building" v="yes" />
  </way>
  <way id="-1000000307" visible="true">
    <nd ref="-507" />
    <nd ref="-1542" />
    <nd ref="-1543" />
    <nd ref="-508" />
    <nd ref="-507" />
    <tag k="addr:city" v="Ingolstadt" />
    <tag k="addr:country" v="DE" />
    <tag k="addr:housenumber" v="16" />
    <tag k="addr:postcode" v="85055" />
    <tag k="addr:street" v="Hebbelstraße" />
    <tag k="building" v="semidetached_house" />
  </way>
  <way id="-1000000308" visible="true">
    <nd ref="-1544" />
    <nd ref="-1545" />
    <nd ref="-1546" />
    <nd ref="-1547" />
    <nd ref="-1544" />
    <tag k="building" v="garage" />
  </way>
  <way id="-1000000309" visible="true">
    <nd ref="-511" />
    <nd ref="-1548" />
    <nd ref="-1549" />
    <nd ref="-1550" />
    <nd ref="-1551" />
    <nd ref="-1552" />
    <nd ref="-1553" />
    <nd ref="-1554" />
    <nd ref="-1555" />
    <nd ref="-1556" />
    <nd ref="-512" />
    <nd ref="-511" />
    <tag k="addr:city" v="Ingolstadt" />
    <tag k="addr:country" v="DE" />
    <tag k="addr:housenumber" v="20" />
    <tag k="addr:postcode" v="85055" />
    <tag k="addr:street" v="Hebbelstraße" />
    <tag k="building" v="semidetached_house" />
  </way>
  <way id="-1000000310" visible="true">
    <nd ref="-1557" />
    <nd ref="-1558" />
    <nd ref="-1559" />
    <nd ref="-1560" />
    <nd ref="-1557" />
    <tag k="building" v="yes" />
  </way>
  <way id="-1000000311" visible="true">
    <nd ref="-1561" />
    <nd ref="-1562" />
    <nd ref="-1563" />
    <nd ref="-1564" />
    <nd ref="-1565" />
    <nd ref="-1566" />
    <nd ref="-1561" />
    <tag k="building" v="yes" />
  </way>
  <way id="-1000000312" visible="true">
    <nd ref="-1551" />
    <nd ref="-1567" />
    <nd ref="-1568" />
    <nd ref="-1569" />
    <nd ref="-1552" />
    <nd ref="-1551" />
    <tag k="building" v="garage" />
  </way>
  <way id="-1000000313" visible="true">
    <nd ref="-1570" />
    <nd ref="-1567" />
    <nd ref="-1571" />
    <nd ref="-1572" />
    <nd ref="-1570" />
    <tag k="building" v="garage" />
  </way>
  <way id="-1000000314" visible="true">
    <nd ref="-519" />
    <nd ref="-1573" />
    <nd ref="-1574" />
    <nd ref="-520" />
    <nd ref="-519" />
    <tag k="addr:city" v="Ingolstadt" />
    <tag k="addr:country" v="DE" />
    <tag k="addr:housenumber" v="24" />
    <tag k="addr:postcode" v="85055" />
    <tag k="addr:street" v="Hebbelstraße" />
    <tag k="building" v="house" />
  </way>
  <way id="-1000000315" visible="true">
    <nd ref="-521" />
    <nd ref="-520" />
    <nd ref="-1575" />
    <nd ref="-1576" />
    <nd ref="-521" />
    <tag k="addr:city" v="Ingolstadt" />
    <tag k="addr:country" v="DE" />
    <tag k="addr:housenumber" v="22a" />
    <tag k="addr:postcode" v="85055" />
    <tag k="addr:street" v="Hebbelstraße" />
    <tag k="building" v="house" />
  </way>
  <way id="-1000000316" visible="true">
    <nd ref="-1575" />
    <nd ref="-1577" />
    <nd ref="-1578" />
    <nd ref="-1579" />
    <nd ref="-1574" />
    <nd ref="-520" />
    <nd ref="-1575" />
    <tag k="addr:city" v="Ingolstadt" />
    <tag k="addr:country" v="DE" />
    <tag k="addr:housenumber" v="24a" />
    <tag k="addr:postcode" v="85055" />
    <tag k="addr:street" v="Hebbelstraße" />
    <tag k="building" v="house" />
  </way>
  <way id="-1000000317" visible="true">
    <nd ref="-730" />
    <nd ref="-1580" />
    <nd ref="-1581" />
    <nd ref="-731" />
    <nd ref="-730" />
    <tag k="addr:city" v="Ingolstadt" />
    <tag k="addr:country" v="DE" />
    <tag k="addr:housenumber" v="15" />
    <tag k="addr:postcode" v="85055" />
    <tag k="addr:street" v="Hebbelstraße" />
    <tag k="building" v="semidetached_house" />
  </way>
  <way id="-1000000318" visible="true">
    <nd ref="-746" />
    <nd ref="-1582" />
    <nd ref="-1583" />
    <nd ref="-1584" />
    <nd ref="-1585" />
    <nd ref="-747" />
    <nd ref="-746" />
    <tag k="addr:city" v="Ingolstadt" />
    <tag k="addr:country" v="DE" />
    <tag k="addr:housenumber" v="19" />
    <tag k="addr:postcode" v="85055" />
    <tag k="addr:street" v="Hebbelstraße" />
    <tag k="building" v="semidetached_house" />
  </way>
  <way id="-1000000319" visible="true">
    <nd ref="-734" />
    <nd ref="-1586" />
    <nd ref="-1587" />
    <nd ref="-735" />
    <nd ref="-734" />
    <tag k="addr:city" v="Ingolstadt" />
    <tag k="addr:country" v="DE" />
    <tag k="addr:housenumber" v="23" />
    <tag k="addr:postcode" v="85055" />
    <tag k="addr:street" v="Hebbelstraße" />
    <tag k="building" v="semidetached_house" />
  </way>
  <way id="-1000000320" visible="true">
    <nd ref="-752" />
    <nd ref="-1588" />
    <nd ref="-1589" />
    <nd ref="-1590" />
    <nd ref="-1591" />
    <nd ref="-753" />
    <nd ref="-752" />
    <tag k="addr:city" v="Ingolstadt" />
    <tag k="addr:country" v="DE" />
    <tag k="addr:housenumber" v="27" />
    <tag k="addr:postcode" v="85055" />
    <tag k="addr:street" v="Hebbelstraße" />
    <tag k="building" v="semidetached_house" />
  </way>
  <way id="-1000000321" visible="true">
    <nd ref="-1592" />
    <nd ref="-1593" />
    <nd ref="-1594" />
    <nd ref="-1595" />
    <nd ref="-1592" />
    <tag k="building" v="garage" />
  </way>
  <way id="-1000000322" visible="true">
    <nd ref="-1595" />
    <nd ref="-1596" />
    <nd ref="-1597" />
    <nd ref="-1598" />
    <nd ref="-1594" />
    <nd ref="-1595" />
    <tag k="building" v="garage" />
  </way>
  <way id="-1000000323" visible="true">
    <nd ref="-1599" />
    <nd ref="-1583" />
    <nd ref="-1584" />
    <nd ref="-1600" />
    <nd ref="-1601" />
    <nd ref="-1602" />
    <nd ref="-1599" />
    <tag k="building" v="garage" />
  </way>
  <way id="-1000000324" visible="true">
    <nd ref="-1601" />
    <nd ref="-1603" />
    <nd ref="-1604" />
    <nd ref="-1605" />
    <nd ref="-1600" />
    <nd ref="-1601" />
    <tag k="building" v="garage" />
  </way>
  <way id="-1000000325" visible="true">
    <nd ref="-1603" />
    <nd ref="-1606" />
    <nd ref="-1607" />
    <nd ref="-1604" />
    <nd ref="-1603" />
    <tag k="building" v="yes" />
  </way>
  <way id="-1000000326" visible="true">
    <nd ref="-1608" />
    <nd ref="-1609" />
    <nd ref="-1610" />
    <nd ref="-1611" />
    <nd ref="-1608" />
    <tag k="building" v="garage" />
  </way>
  <way id="-1000000327" visible="true">
    <nd ref="-1612" />
    <nd ref="-1613" />
    <nd ref="-1614" />
    <nd ref="-1610" />
    <nd ref="-1611" />
    <nd ref="-1612" />
    <tag k="building" v="garage" />
  </way>
  <way id="-1000000328" visible="true">
    <nd ref="-488" />
    <nd ref="-1615" />
    <nd ref="-1616" />
    <nd ref="-489" />
    <nd ref="-488" />
    <tag k="addr:city" v="Ingolstadt" />
    <tag k="addr:country" v="DE" />
    <tag k="addr:housenumber" v="99" />
    <tag k="addr:postcode" v="85055" />
    <tag k="addr:street" v="Goethestraße" />
    <tag k="building" v="house" />
    <tag k="house" v="terraced" />
    <tag k="roof:orientation" v="across" />
    <tag k="roof:shape" v="gabled" />
  </way>
  <way id="-1000000329" visible="true">
    <nd ref="-1615" />
    <nd ref="-1617" />
    <nd ref="-1618" />
    <nd ref="-1616" />
    <nd ref="-1615" />
    <tag k="addr:city" v="Ingolstadt" />
    <tag k="addr:country" v="DE" />
    <tag k="addr:housenumber" v="101" />
    <tag k="addr:postcode" v="85055" />
    <tag k="addr:street" v="Goethestraße" />
    <tag k="building" v="house" />
    <tag k="house" v="terraced" />
    <tag k="roof:orientation" v="across" />
    <tag k="roof:shape" v="gabled" />
  </way>
  <way id="-1000000330" visible="true">
    <nd ref="-1617" />
    <nd ref="-1619" />
    <nd ref="-1620" />
    <nd ref="-1618" />
    <nd ref="-1617" />
    <tag k="addr:city" v="Ingolstadt" />
    <tag k="addr:country" v="DE" />
    <tag k="addr:housenumber" v="103" />
    <tag k="addr:postcode" v="85055" />
    <tag k="addr:street" v="Goethestraße" />
    <tag k="building" v="house" />
    <tag k="house" v="terraced" />
    <tag k="roof:orientation" v="across" />
    <tag k="roof:shape" v="gabled" />
  </way>
  <way id="-1000000331" visible="true">
    <nd ref="-1619" />
    <nd ref="-1621" />
    <nd ref="-1622" />
    <nd ref="-1620" />
    <nd ref="-1619" />
    <tag k="addr:city" v="Ingolstadt" />
    <tag k="addr:country" v="DE" />
    <tag k="addr:housenumber" v="105" />
    <tag k="addr:postcode" v="85055" />
    <tag k="addr:street" v="Goethestraße" />
    <tag k="building" v="house" />
    <tag k="house" v="terraced" />
    <tag k="roof:orientation" v="across" />
    <tag k="roof:shape" v="gabled" />
  </way>
  <way id="-1000000332" visible="true">
    <nd ref="-1621" />
    <nd ref="-1623" />
    <nd ref="-1624" />
    <nd ref="-1622" />
    <nd ref="-1621" />
    <tag k="addr:city" v="Ingolstadt" />
    <tag k="addr:country" v="DE" />
    <tag k="addr:housenumber" v="107" />
    <tag k="addr:postcode" v="85055" />
    <tag k="addr:street" v="Goethestraße" />
    <tag k="building" v="house" />
    <tag k="house" v="terraced" />
    <tag k="roof:orientation" v="across" />
    <tag k="roof:shape" v="gabled" />
  </way>
  <way id="-1000000333" visible="true">
    <nd ref="-1623" />
    <nd ref="-1625" />
    <nd ref="-1626" />
    <nd ref="-1624" />
    <nd ref="-1623" />
    <tag k="addr:city" v="Ingolstadt" />
    <tag k="addr:country" v="DE" />
    <tag k="addr:housenumber" v="109" />
    <tag k="addr:postcode" v="85055" />
    <tag k="addr:street" v="Goethestraße" />
    <tag k="building" v="house" />
    <tag k="house" v="terraced" />
    <tag k="roof:orientation" v="across" />
    <tag k="roof:shape" v="gabled" />
  </way>
  <way id="-1000000334" visible="true">
    <nd ref="-1627" />
    <nd ref="-1628" />
    <nd ref="-1629" />
    <nd ref="-1630" />
    <nd ref="-1631" />
    <nd ref="-1632" />
    <nd ref="-1627" />
    <tag k="building" v="garage" />
  </way>
  <way id="-1000000335" visible="true">
    <nd ref="-1628" />
    <nd ref="-1633" />
    <nd ref="-1623" />
    <nd ref="-1625" />
    <nd ref="-1629" />
    <nd ref="-1628" />
    <tag k="building" v="yes" />
  </way>
  <way id="-1000000336" visible="true">
    <nd ref="-1634" />
    <nd ref="-1635" />
    <nd ref="-1636" />
    <nd ref="-1563" />
    <nd ref="-1562" />
    <nd ref="-1634" />
    <tag k="building" v="yes" />
  </way>
  <way id="-1000000337" visible="true">
    <nd ref="-1564" />
    <nd ref="-1637" />
    <nd ref="-1638" />
    <nd ref="-1639" />
    <nd ref="-1565" />
    <nd ref="-1564" />
    <tag k="building" v="yes" />
  </way>
  <way id="-1000000338" visible="true">
    <nd ref="-1640" />
    <nd ref="-1641" />
    <nd ref="-1642" />
    <nd ref="-1643" />
    <nd ref="-1644" />
    <nd ref="-1645" />
    <nd ref="-1646" />
    <nd ref="-1647" />
    <nd ref="-1640" />
    <tag k="building" v="yes" />
  </way>
  <way id="-1000000339" visible="true">
    <nd ref="-1575" />
    <nd ref="-1648" />
    <nd ref="-1649" />
    <nd ref="-1577" />
    <nd ref="-1575" />
    <tag k="building" v="yes" />
  </way>
  <way id="-1000000340" visible="true">
    <nd ref="-492" />
    <nd ref="-1650" />
    <nd ref="-1651" />
    <nd ref="-493" />
    <nd ref="-492" />
    <tag k="addr:city" v="Ingolstadt" />
    <tag k="addr:country" v="DE" />
    <tag k="addr:housenumber" v="87" />
    <tag k="addr:postcode" v="85055" />
    <tag k="addr:street" v="Goethestraße" />
    <tag k="building" v="house" />
    <tag k="house" v="terraced" />
    <tag k="roof:orientation" v="across" />
    <tag k="roof:shape" v="gabled" />
  </way>
  <way id="-1000000341" visible="true">
    <nd ref="-1650" />
    <nd ref="-1652" />
    <nd ref="-1653" />
    <nd ref="-1651" />
    <nd ref="-1650" />
    <tag k="addr:city" v="Ingolstadt" />
    <tag k="addr:country" v="DE" />
    <tag k="addr:housenumber" v="89" />
    <tag k="addr:postcode" v="85055" />
    <tag k="addr:street" v="Goethestraße" />
    <tag k="building" v="house" />
    <tag k="house" v="terraced" />
    <tag k="roof:orientation" v="across" />
    <tag k="roof:shape" v="gabled" />
  </way>
  <way id="-1000000342" visible="true">
    <nd ref="-1652" />
    <nd ref="-1654" />
    <nd ref="-1655" />
    <nd ref="-1653" />
    <nd ref="-1652" />
    <tag k="addr:city" v="Ingolstadt" />
    <tag k="addr:country" v="DE" />
    <tag k="addr:housenumber" v="91" />
    <tag k="addr:postcode" v="85055" />
    <tag k="addr:street" v="Goethestraße" />
    <tag k="building" v="house" />
    <tag k="house" v="terraced" />
    <tag k="roof:orientation" v="across" />
    <tag k="roof:shape" v="gabled" />
  </way>
  <way id="-1000000343" visible="true">
    <nd ref="-1654" />
    <nd ref="-1656" />
    <nd ref="-1657" />
    <nd ref="-1655" />
    <nd ref="-1654" />
    <tag k="addr:city" v="Ingolstadt" />
    <tag k="addr:country" v="DE" />
    <tag k="addr:housenumber" v="93" />
    <tag k="addr:postcode" v="85055" />
    <tag k="addr:street" v="Goethestraße" />
    <tag k="building" v="house" />
    <tag k="house" v="terraced" />
    <tag k="roof:orientation" v="across" />
    <tag k="roof:shape" v="gabled" />
  </way>
  <way id="-1000000344" visible="true">
    <nd ref="-1656" />
    <nd ref="-1658" />
    <nd ref="-1659" />
    <nd ref="-1660" />
    <nd ref="-1661" />
    <nd ref="-1657" />
    <nd ref="-1656" />
    <tag k="addr:city" v="Ingolstadt" />
    <tag k="addr:country" v="DE" />
    <tag k="addr:housenumber" v="95" />
    <tag k="addr:postcode" v="85055" />
    <tag k="addr:street" v="Goethestraße" />
    <tag k="building" v="house" />
    <tag k="house" v="terraced" />
    <tag k="roof:orientation" v="across" />
    <tag k="roof:shape" v="gabled" />
  </way>
  <way id="-1000000345" visible="true">
    <nd ref="-1659" />
    <nd ref="-1662" />
    <nd ref="-1663" />
    <nd ref="-1664" />
    <nd ref="-1665" />
    <nd ref="-1660" />
    <nd ref="-1659" />
    <tag k="building" v="yes" />
  </way>
  <way id="-1000000346" visible="true">
    <nd ref="-1666" />
    <nd ref="-1667" />
    <nd ref="-1668" />
    <nd ref="-1669" />
    <nd ref="-1666" />
    <tag k="building" v="garage" />
  </way>
  <way id="-1000000347" visible="true">
    <nd ref="-1665" />
    <nd ref="-1666" />
    <nd ref="-1669" />
    <nd ref="-1670" />
    <nd ref="-1671" />
    <nd ref="-1672" />
    <nd ref="-1664" />
    <nd ref="-1665" />
    <tag k="building" v="yes" />
  </way>
  <way id="-1000000348" visible="true">
    <nd ref="-495" />
    <nd ref="-1673" />
    <nd ref="-1674" />
    <nd ref="-1675" />
    <nd ref="-491" />
    <nd ref="-495" />
    <tag k="building" v="garage" />
  </way>
  <way id="-1000000349" visible="true">
    <nd ref="-1674" />
    <nd ref="-1676" />
    <nd ref="-1677" />
    <nd ref="-501" />
    <nd ref="-500" />
    <nd ref="-1675" />
    <nd ref="-1674" />
    <tag k="building" v="yes" />
  </way>
  <way id="-1000000350" visible="true">
    <nd ref="-1678" />
    <nd ref="-1679" />
    <nd ref="-1676" />
    <nd ref="-1677" />
    <nd ref="-1678" />
    <tag k="building" v="yes" />
  </way>
  <way id="-1000000351" visible="true">
    <nd ref="-1680" />
    <nd ref="-1681" />
    <nd ref="-1682" />
    <nd ref="-1537" />
    <nd ref="-1680" />
    <tag k="building" v="yes" />
  </way>
  <way id="-1000000352" visible="true">
    <nd ref="-1683" />
    <nd ref="-1684" />
    <nd ref="-1685" />
    <nd ref="-1686" />
    <nd ref="-1687" />
    <nd ref="-1688" />
    <nd ref="-1683" />
    <tag k="building" v="yes" />
    <tag k="building:levels" v="1" />
  </way>
</osm>